"Date","Depth..m.","Temp...degC.","Sal.","Cond...mS.cm.","EC25..µS.cm.","Density..kg.m3.","SigmaT","Chl.Flu...ppb.","Chl.a..µg.l.","Turb...FTU.","pH","DO....","Weiss.DO..mg.l.","Quant...µmol..m2.s..","Mark","G.G.DO..mg.l.","B.K.DO..mg.l.","X","Station"
"5/23/2022 4:32:55 PM",0.899,30.218,51.645,82.405,73919.5,1034.197,34.193,0.211,0.211,0.248,8.942,96.609,5.474,159.13,0,5.486,5.49,NA,44
"5/23/2022 4:32:56 PM",0.975,30.218,52.406,83.454,74860.3,1034.773,34.769,0.203,0.203,0.189,8.942,96.649,5.454,166.862,0,5.466,5.47,NA,44
"5/23/2022 4:32:56 PM",1.038,30.218,52.407,83.456,74861.8,1034.775,34.77,0.125,0.125,0.218,8.943,96.506,5.446,165.587,0,5.458,5.461,NA,44
"5/23/2022 4:32:56 PM",1.067,30.217,52.41,83.459,74865.7,1034.777,34.773,0.234,0.234,0.204,8.942,96.529,5.447,157.601,0,5.459,5.462,NA,44
"5/23/2022 4:32:56 PM",1.166,30.216,52.42,83.471,74877.8,1034.785,34.78,0.101,0.101,0.175,8.942,96.566,5.449,144.602,0,5.46,5.464,NA,44
"5/23/2022 4:32:56 PM",1.267,30.217,52.423,83.477,74881.6,1034.788,34.782,0.086,0.086,0.146,8.943,96.517,5.447,151.314,0,5.458,5.462,NA,44
"5/23/2022 4:32:57 PM",1.342,30.218,52.422,83.476,74880.6,1034.787,34.782,0.125,0.125,0.116,8.938,96.601,5.451,150.634,0,5.463,5.467,NA,44
"5/23/2022 4:32:57 PM",1.394,30.217,52.423,83.475,74880.9,1034.788,34.782,0.187,0.187,0.204,8.934,96.658,5.454,141.799,0,5.466,5.47,NA,44
"5/23/2022 4:32:57 PM",1.423,30.217,52.426,83.479,74884.7,1034.791,34.785,0.273,0.273,0.175,8.93,96.627,5.453,141.969,0,5.464,5.468,NA,44
"5/23/2022 4:32:57 PM",1.437,30.217,52.422,83.475,74880.8,1034.788,34.782,0.164,0.164,0.116,8.929,96.734,5.459,152.334,0,5.47,5.474,NA,44
"5/23/2022 4:32:57 PM",1.43,30.216,52.427,83.479,74885.9,1034.792,34.785,0.117,0.117,0.102,8.928,96.603,5.451,130.924,0,5.463,5.467,NA,44
"5/23/2022 4:32:58 PM",1.39,30.216,52.427,83.48,74886.2,1034.792,34.786,0.086,0.086,0.146,8.928,96.759,5.46,115.886,0,5.472,5.475,NA,44
"5/23/2022 4:32:58 PM",1.328,30.215,52.428,83.48,74887.3,1034.792,34.786,0.109,0.109,0.058,8.928,96.776,5.461,124.722,0,5.473,5.476,NA,44
"5/23/2022 4:32:58 PM",1.288,30.216,52.426,83.478,74885.4,1034.791,34.785,0.14,0.14,0.116,8.927,96.659,5.454,125.826,0,5.466,5.47,NA,44
"5/23/2022 4:32:58 PM",1.225,30.215,52.421,83.471,74879.4,1034.787,34.782,0.078,0.078,0.116,8.926,96.593,5.45,128.035,0,5.462,5.466,NA,44
"5/23/2022 4:32:58 PM",1.114,30.214,52.422,83.47,74880.2,1034.787,34.782,0.125,0.125,0.087,8.926,96.656,5.454,130.159,0,5.466,5.469,NA,44
"5/23/2022 4:32:59 PM",0.991,30.214,52.416,83.462,74873,1034.782,34.778,0.156,0.156,0.16,8.926,96.582,5.449,158.026,0,5.461,5.465,NA,44
"5/23/2022 4:32:59 PM",0.859,30.214,52.414,83.458,74870,1034.78,34.777,0.218,0.218,0.102,8.928,96.574,5.449,153.438,0,5.461,5.464,NA,44
"5/23/2022 4:32:59 PM",0.755,30.213,52.413,83.456,74869.7,1034.78,34.777,0.117,0.117,0.116,8.928,96.562,5.449,176.462,0,5.46,5.464,NA,44
"5/23/2022 4:32:59 PM",0.668,30.213,52.406,83.446,74861,1034.774,34.771,0.078,0.078,0.175,8.928,96.512,5.446,182.24,0,5.458,5.462,NA,44
"5/23/2022 4:32:59 PM",0.599,30.213,52.407,83.447,74861.8,1034.774,34.772,0.094,0.094,0.277,8.928,96.624,5.452,172.044,0,5.464,5.467,NA,44
"5/23/2022 4:33:00 PM",0.555,30.213,52.405,83.444,74859.4,1034.773,34.77,0.094,0.094,0.218,8.929,96.658,5.454,202.97,0,5.466,5.47,NA,44
"5/23/2022 4:33:00 PM",0.531,30.213,52.402,83.44,74855.6,1034.77,34.768,0.452,0.452,0.146,8.93,96.557,5.449,237.634,0,5.461,5.464,NA,44
"5/23/2022 4:33:00 PM",0.508,30.212,52.393,83.427,74844.3,1034.763,34.761,0.32,0.32,0.335,8.928,96.707,5.458,243.241,0,5.47,5.473,NA,44
"5/23/2022 4:33:00 PM",0.481,30.212,52.397,83.433,74849.8,1034.767,34.765,0.296,0.296,0.335,8.927,96.598,5.451,196.853,0,5.463,5.467,NA,44
"5/23/2022 4:33:00 PM",0.401,30.212,52.391,83.423,74841.5,1034.761,34.76,0.109,0.109,0.175,8.927,96.666,5.455,161.934,0,5.467,5.471,NA,44
"5/23/2022 4:33:01 PM",0.356,30.212,52.394,83.428,74846.1,1034.764,34.762,0.055,0.055,0.189,8.927,96.746,5.459,207.898,0,5.471,5.475,NA,44
"5/23/2022 4:33:01 PM",0.323,30.211,52.393,83.425,74844.3,1034.763,34.762,0.117,0.117,0.204,8.928,96.51,5.446,224.465,0,5.458,5.462,NA,44
"5/23/2022 4:33:01 PM",0.286,30.212,52.383,83.412,74832.5,1034.756,34.754,0.148,0.148,0.32,8.929,96.617,5.453,234.915,0,5.465,5.468,NA,44
"5/23/2022 4:33:01 PM",0.241,30.212,52.386,83.416,74835.7,1034.757,34.756,0.413,0.413,0.364,8.928,96.597,5.452,258.874,0,5.463,5.467,NA,44
"5/23/2022 4:33:01 PM",0.177,30.211,52.384,83.414,74833.7,1034.756,34.755,0.187,0.187,0.422,8.927,96.593,5.451,208.407,0,5.463,5.467,NA,44
"5/23/2022 4:33:02 PM",0.062,30.212,52.38,83.408,74828.4,1034.752,34.752,0.187,0.187,0.466,8.928,96.643,5.454,203.735,0,5.466,5.47,NA,44
"5/23/2022 4:33:02 PM",0,30.214,52.375,83.404,74822.3,1034.747,34.748,0.733,0.733,0.728,8.929,96.705,5.458,214.694,0,5.47,5.474,NA,44
"5/23/2022 4:33:02 PM",0,30.214,52.317,83.324,74750.6,1034.703,34.704,0.265,0.265,0.539,8.928,96.504,5.448,279.009,0,5.46,5.464,NA,44
"5/23/2022 4:33:02 PM",0,30.214,52.374,83.403,74820.5,1034.746,34.746,0.101,0.101,0.248,8.928,96.576,5.451,346.298,0,5.462,5.466,NA,44
"5/23/2022 4:33:02 PM",0.036,30.214,52.355,83.378,74797,1034.732,34.732,0.039,0.039,0.335,8.927,96.474,5.446,247.744,0,5.457,5.461,NA,44
"5/23/2022 4:33:03 PM",0.168,30.215,52.244,83.226,74660.2,1034.648,34.648,0.164,0.164,0.524,8.928,96.717,5.462,335.848,0,5.474,5.478,NA,44
"5/23/2022 4:33:03 PM",0.255,30.215,52.369,83.397,74814,1034.743,34.742,0.156,0.156,0.335,8.929,96.731,5.459,248.254,0,5.471,5.475,NA,44
"5/23/2022 4:33:03 PM",0.349,30.214,52.371,83.399,74816.9,1034.745,34.744,0.148,0.148,0.204,8.928,96.533,5.448,208.577,0,5.459,5.463,NA,44
"5/23/2022 4:33:03 PM",0.449,30.215,52.368,83.396,74813.5,1034.744,34.742,0.187,0.187,0.291,8.929,96.504,5.446,217.073,0,5.458,5.462,NA,44
"5/23/2022 4:33:03 PM",0.541,30.214,52.371,83.4,74816.9,1034.746,34.744,0.14,0.14,0.233,8.928,96.419,5.442,227.608,0,5.453,5.457,NA,44
"5/23/2022 4:33:04 PM",0.625,30.216,52.368,83.397,74812.8,1034.744,34.741,0.429,0.429,0.189,8.928,96.429,5.442,199.911,0,5.454,5.457,NA,44
"5/23/2022 4:33:04 PM",0.724,30.215,52.371,83.401,74817,1034.747,34.744,0.172,0.172,0.218,8.927,96.591,5.451,148.001,0,5.463,5.467,NA,44
"5/23/2022 4:33:04 PM",0.795,30.216,52.373,83.405,74819.4,1034.748,34.745,0.172,0.172,0.16,8.929,96.524,5.448,168.901,0,5.459,5.463,NA,44
"5/23/2022 4:33:04 PM",0.845,30.216,52.374,83.407,74820.8,1034.749,34.746,0.109,0.109,0.146,8.93,96.645,5.455,168.816,0,5.466,5.47,NA,44
"5/23/2022 4:33:04 PM",0.892,30.216,52.372,83.404,74818.4,1034.748,34.744,0.078,0.078,0.116,8.929,96.626,5.453,214.27,0,5.465,5.469,NA,44
"5/23/2022 4:33:05 PM",0.899,30.216,52.373,83.406,74819.8,1034.749,34.745,0.281,0.281,0.189,8.928,96.63,5.453,196.768,0,5.465,5.469,NA,44
"5/23/2022 4:33:05 PM",0.883,30.216,52.372,83.404,74817.9,1034.747,34.744,0.187,0.187,0.233,8.929,96.773,5.461,156.497,0,5.473,5.477,NA,44
"5/23/2022 4:33:05 PM",0.894,30.216,52.374,83.407,74820.9,1034.75,34.746,0.101,0.101,0.175,8.93,96.678,5.456,170.6,0,5.468,5.471,NA,44
"5/23/2022 4:33:05 PM",0.897,30.215,52.374,83.405,74820.3,1034.749,34.745,0.109,0.109,0.175,8.93,96.682,5.456,168.901,0,5.468,5.472,NA,44
"5/23/2022 4:33:05 PM",0.941,30.215,52.372,83.402,74818,1034.748,34.744,0.172,0.172,0.16,8.929,96.597,5.451,188.357,0,5.463,5.467,NA,44
"5/23/2022 4:33:06 PM",0.963,30.216,52.368,83.398,74813.3,1034.745,34.741,0.101,0.101,0.146,8.929,96.684,5.457,172.809,0,5.468,5.472,NA,44
"5/23/2022 4:33:06 PM",1.008,30.216,52.374,83.407,74820.3,1034.749,34.745,0.062,0.062,0.116,8.929,96.669,5.455,178.331,0,5.467,5.471,NA,44
"5/23/2022 4:33:06 PM",1.053,30.216,52.377,83.411,74824.5,1034.752,34.748,0.101,0.101,0.218,8.93,96.683,5.456,151.569,0,5.468,5.472,NA,44
"5/23/2022 4:33:06 PM",1.074,30.217,52.215,83.189,74625,1034.63,34.625,0.14,0.14,0.175,8.931,96.649,5.459,164.738,0,5.471,5.474,NA,44
"5/23/2022 4:33:06 PM",1.079,30.216,52.368,83.398,74813.6,1034.746,34.741,0.234,0.234,0.408,8.93,96.722,5.459,189.206,0,5.47,5.474,NA,44
"5/23/2022 4:33:07 PM",1.104,30.216,52.32,83.331,74753.8,1034.709,34.705,0.218,0.218,0.175,8.929,96.674,5.457,192.945,0,5.469,5.473,NA,44
"5/23/2022 4:33:07 PM",1.154,30.215,52.376,83.409,74824,1034.753,34.748,0.109,0.109,0.16,8.929,96.731,5.459,153.863,0,5.471,5.474,NA,44
"5/23/2022 4:33:07 PM",1.232,30.215,52.375,83.407,74822.5,1034.752,34.747,0.273,0.273,0.146,8.929,96.734,5.459,151.144,0,5.47,5.474,NA,44
"5/23/2022 4:33:07 PM",1.267,30.215,52.376,83.408,74823.4,1034.753,34.747,1.513,1.513,0.16,8.929,96.693,5.457,159.64,0,5.468,5.472,NA,44
"5/23/2022 4:33:07 PM",1.272,30.215,52.373,83.404,74820.1,1034.751,34.745,0.491,0.491,0.131,8.929,96.712,5.458,166.097,0,5.469,5.473,NA,44
"5/23/2022 4:33:08 PM",1.253,30.214,52.377,83.408,74824.8,1034.754,34.748,0.211,0.211,0.233,8.93,96.749,5.459,143.838,0,5.471,5.475,NA,44
"5/23/2022 4:33:08 PM",1.191,30.214,52.377,83.408,74824.6,1034.753,34.748,0.289,0.289,0.218,8.93,96.737,5.458,134.492,0,5.47,5.474,NA,44
"5/23/2022 4:33:08 PM",1.106,30.214,52.377,83.408,74825.3,1034.754,34.749,0.484,0.484,0.189,8.93,96.797,5.462,118.095,0,5.474,5.478,NA,44
"5/23/2022 4:33:08 PM",1.059,30.215,52.374,83.405,74821.3,1034.751,34.746,0.312,0.312,0.131,8.931,96.8,5.462,114.356,0,5.474,5.478,NA,44
"5/23/2022 4:33:08 PM",1.007,30.215,52.372,83.403,74819,1034.749,34.745,0.133,0.133,0.131,8.931,96.712,5.457,104.926,0,5.469,5.473,NA,44
"5/23/2022 4:33:09 PM",1,30.215,52.37,83.4,74816.3,1034.747,34.743,0.101,0.101,0.116,8.932,96.702,5.457,95.58,0,5.468,5.472,NA,44
"5/23/2022 4:33:09 PM",0.972,30.216,52.37,83.4,74815.5,1034.747,34.742,0.086,0.086,0.16,8.931,96.696,5.457,93.966,0,5.468,5.472,NA,44
"5/23/2022 4:33:09 PM",0.951,30.215,52.367,83.395,74812.6,1034.745,34.741,0.07,0.07,0.16,8.93,96.541,5.448,114.866,0,5.46,5.463,NA,44
"5/23/2022 4:33:09 PM",0.902,30.215,52.366,83.395,74811.5,1034.744,34.74,0.148,0.148,0.131,8.93,96.743,5.46,141.969,0,5.471,5.475,NA,44
"5/23/2022 4:33:09 PM",0.88,30.215,52.365,83.393,74810.1,1034.743,34.739,0.078,0.078,0.044,8.929,96.737,5.459,189.716,0,5.471,5.475,NA,44
"5/23/2022 4:33:10 PM",0.88,30.214,52.363,83.389,74807.1,1034.741,34.738,0.086,0.086,0.058,8.928,96.659,5.455,169.411,0,5.466,5.47,NA,44
"5/23/2022 4:33:10 PM",0.856,30.214,52.363,83.389,74807.8,1034.742,34.738,0.086,0.086,0.058,8.929,96.794,5.462,177.652,0,5.474,5.478,NA,44
"5/23/2022 4:33:10 PM",0.875,30.214,52.363,83.388,74807.6,1034.742,34.738,0.109,0.109,0.146,8.93,96.715,5.458,172.214,0,5.47,5.473,NA,44
"5/23/2022 4:33:10 PM",0.934,30.214,52.36,83.385,74804.4,1034.74,34.736,0.094,0.094,0.087,8.932,96.675,5.456,177.652,0,5.467,5.471,NA,44
"5/23/2022 4:33:10 PM",0.986,30.215,52.362,83.388,74806,1034.741,34.737,0.07,0.07,0.073,8.93,96.717,5.458,200.336,0,5.469,5.473,NA,44
"5/23/2022 4:33:11 PM",1.033,30.214,52.361,83.385,74804.6,1034.741,34.736,0.078,0.078,0.044,8.93,96.656,5.454,201.356,0,5.466,5.47,NA,44
"5/23/2022 4:33:11 PM",1.071,30.214,52.36,83.385,74803.7,1034.74,34.736,0.062,0.062,0.087,8.931,96.526,5.447,185.893,0,5.459,5.463,NA,44
"5/23/2022 4:33:11 PM",1.1,30.215,52.36,83.385,74803.8,1034.74,34.736,0.086,0.086,0.044,8.932,96.666,5.455,182.155,0,5.467,5.47,NA,44
"5/23/2022 4:33:11 PM",1.125,30.215,52.361,83.387,74804.7,1034.741,34.736,0.07,0.07,0.102,8.932,96.676,5.456,212.57,0,5.467,5.471,NA,44
"5/23/2022 4:33:11 PM",1.145,30.215,52.355,83.379,74797.8,1034.737,34.732,0.094,0.094,0.116,8.93,96.77,5.461,189.886,0,5.473,5.476,NA,44
"5/23/2022 4:33:12 PM",1.144,30.214,52.36,83.385,74804.1,1034.741,34.736,0.078,0.078,0.073,8.93,96.721,5.458,185.298,0,5.469,5.473,NA,44
"5/23/2022 4:33:12 PM",1.107,30.214,52.359,83.384,74803,1034.74,34.735,0.078,0.078,0.102,8.93,96.762,5.46,196.598,0,5.472,5.475,NA,44
"5/23/2022 4:33:12 PM",1.053,30.214,52.358,83.382,74801.4,1034.739,34.734,0.062,0.062,0.102,8.931,96.692,5.456,177.652,0,5.468,5.471,NA,44
"5/23/2022 4:33:12 PM",0.991,30.214,52.356,83.38,74799.2,1034.737,34.733,0.07,0.07,0.087,8.932,96.748,5.459,181.9,0,5.471,5.475,NA,44
"5/23/2022 4:33:12 PM",0.878,30.214,52.355,83.377,74797.1,1034.735,34.732,0.086,0.086,0.116,8.931,96.794,5.462,151.059,0,5.473,5.477,NA,44
"5/23/2022 4:33:13 PM",0.802,30.214,52.352,83.373,74793.5,1034.733,34.729,0.07,0.07,0.102,8.93,96.676,5.455,167.542,0,5.467,5.471,NA,44
"5/23/2022 4:33:13 PM",0.741,30.215,52.348,83.369,74789.2,1034.73,34.727,0.078,0.078,0.087,8.931,96.679,5.455,181.9,0,5.467,5.471,NA,44
"5/23/2022 4:33:13 PM",0.715,30.215,52.35,83.371,74791,1034.731,34.728,0.07,0.07,0.087,8.931,96.625,5.452,262.187,0,5.464,5.468,NA,44
"5/23/2022 4:33:13 PM",0.727,30.215,52.35,83.372,74791.1,1034.731,34.728,0.094,0.094,0.073,8.929,96.651,5.454,221.321,0,5.466,5.47,NA,44
"5/23/2022 4:33:13 PM",0.76,30.215,52.346,83.366,74785.9,1034.728,34.725,0.086,0.086,0.058,8.929,96.593,5.451,223.785,0,5.462,5.466,NA,44
"5/23/2022 4:33:14 PM",0.826,30.214,52.332,83.345,74768.7,1034.718,34.714,0.094,0.094,0.102,8.929,96.769,5.462,231.686,0,5.473,5.477,NA,44
"5/23/2022 4:33:14 PM",0.861,30.214,52.345,83.364,74784.9,1034.728,34.724,0.101,0.101,0.16,8.93,96.628,5.453,203.82,0,5.464,5.468,NA,44
"5/23/2022 4:33:14 PM",0.847,30.215,52.344,83.364,74783.9,1034.727,34.723,0.101,0.101,0.058,8.93,96.657,5.454,211.636,0,5.466,5.47,NA,44
"5/23/2022 4:33:14 PM",0.826,30.214,52.347,83.367,74787,1034.729,34.725,0.14,0.14,0.116,8.929,96.633,5.453,208.068,0,5.464,5.468,NA,44
"5/23/2022 4:33:14 PM",0.803,30.214,52.344,83.362,74783.7,1034.727,34.723,0.078,0.078,0.087,8.928,96.593,5.451,188.867,0,5.462,5.466,NA,44
"5/23/2022 4:33:15 PM",0.76,30.214,52.343,83.361,74783.1,1034.726,34.723,0.133,0.133,0.102,8.929,96.588,5.451,197.532,0,5.462,5.466,NA,44
"5/23/2022 4:33:15 PM",0.725,30.214,52.343,83.36,74782.3,1034.726,34.723,0.07,0.07,0.073,8.929,96.627,5.453,188.272,0,5.464,5.468,NA,44
"5/23/2022 4:33:15 PM",0.729,30.214,52.34,83.356,74778.4,1034.723,34.72,0.14,0.14,0.204,8.928,96.513,5.446,229.902,0,5.458,5.462,NA,44
"5/23/2022 4:33:15 PM",0.783,30.214,52.341,83.358,74780.6,1034.725,34.722,0.14,0.14,0.277,8.928,96.678,5.456,225.23,0,5.468,5.471,NA,44
"5/23/2022 4:33:15 PM",0.854,30.213,52.341,83.357,74780.5,1034.725,34.722,0.109,0.109,0.175,8.928,96.618,5.452,211.381,0,5.464,5.468,NA,44
"5/23/2022 4:33:16 PM",0.923,30.213,52.339,83.353,74777.4,1034.724,34.72,0.062,0.062,0.087,8.929,96.615,5.452,199.487,0,5.464,5.468,NA,44
"5/23/2022 4:33:16 PM",1.022,30.212,52.339,83.353,74778.5,1034.725,34.721,0.07,0.07,0.102,8.93,96.538,5.448,199.232,0,5.46,5.464,NA,44
"5/23/2022 4:33:16 PM",1.073,30.212,52.34,83.354,74779.2,1034.726,34.721,0.062,0.062,0.102,8.93,96.571,5.45,182.834,0,5.461,5.465,NA,44
"5/23/2022 4:33:16 PM",1.126,30.212,52.338,83.35,74776.5,1034.724,34.72,0.062,0.062,0.102,8.93,96.622,5.453,166.437,0,5.464,5.468,NA,44
"5/23/2022 4:33:16 PM",1.184,30.212,52.339,83.352,74778.1,1034.726,34.721,0.062,0.062,0.087,8.93,96.576,5.45,165.672,0,5.462,5.465,NA,44
"5/23/2022 4:33:17 PM",1.309,30.212,52.34,83.354,74779.3,1034.727,34.721,0.07,0.07,0.058,8.931,96.63,5.453,186.828,0,5.465,5.468,NA,44
"5/23/2022 4:33:17 PM",1.486,30.215,52.34,83.359,74779,1034.726,34.72,0.078,0.078,0.102,8.931,96.636,5.453,183.174,0,5.465,5.468,NA,44
"5/23/2022 4:33:17 PM",1.602,30.215,52.349,83.37,74790,1034.734,34.727,0.055,0.055,0.044,8.931,96.833,5.464,155.052,0,5.475,5.479,NA,44
"5/23/2022 4:33:17 PM",1.758,30.216,52.351,83.375,74793.3,1034.736,34.729,0.047,0.047,0.058,8.931,96.68,5.455,165.757,0,5.467,5.471,NA,44
"5/23/2022 4:33:17 PM",1.93,30.213,52.365,83.391,74811.1,1034.748,34.74,0.07,0.07,0.029,8.93,96.613,5.451,158.026,0,5.462,5.466,NA,44
"5/23/2022 4:33:18 PM",2.112,30.211,52.374,83.4,74822.2,1034.757,34.748,0.07,0.07,0.073,8.93,96.663,5.453,139.675,0,5.465,5.468,NA,44
"5/23/2022 4:33:18 PM",2.291,30.211,52.366,83.388,74812,1034.751,34.741,0.062,0.062,0.029,8.93,96.636,5.452,136.616,0,5.464,5.467,NA,44
"5/23/2022 4:33:18 PM",2.567,30.209,52.373,83.396,74820.8,1034.758,34.747,0.086,0.086,0.029,8.931,96.648,5.452,127.61,0,5.464,5.468,NA,44
"5/23/2022 4:33:18 PM",2.744,30.21,52.384,83.412,74834.3,1034.767,34.755,0.055,0.055,0.029,8.931,96.672,5.453,124.467,0,5.465,5.468,NA,44
"5/23/2022 4:33:18 PM",2.928,30.21,52.392,83.424,74845,1034.774,34.762,0.055,0.055,0.524,8.931,96.683,5.454,126.081,0,5.466,5.469,NA,44
"5/23/2022 4:33:19 PM",3.109,30.21,52.406,83.443,74862.7,1034.786,34.773,0.07,0.07,0.218,8.932,96.728,5.456,129.309,0,5.467,5.471,NA,44
"5/23/2022 4:33:19 PM",3.284,30.21,52.41,83.449,74867.6,1034.789,34.775,0.062,0.062,0.116,8.932,96.581,5.447,122.683,0,5.459,5.463,NA,44
"5/23/2022 4:33:19 PM",3.574,30.215,52.414,83.461,74871.1,1034.791,34.776,0.109,0.109,0.116,8.931,96.536,5.444,104.586,0,5.456,5.46,NA,44
"5/23/2022 4:33:19 PM",3.772,30.216,52.408,83.455,74864.4,1034.787,34.771,0.086,0.086,0.116,8.931,96.717,5.455,101.952,0,5.467,5.471,NA,44
"5/23/2022 4:33:19 PM",3.968,30.215,52.402,83.446,74857.1,1034.784,34.767,0.086,0.086,0.102,8.931,96.66,5.452,91.757,0,5.463,5.467,NA,44
"5/23/2022 4:33:20 PM",4.135,30.216,52.406,83.452,74861.7,1034.787,34.77,0.086,0.086,2.259,8.931,96.708,5.454,97.279,0,5.466,5.47,NA,44
"5/23/2022 4:33:20 PM",4.275,30.216,52.413,83.462,74870.8,1034.793,34.775,0.062,0.062,0.714,8.934,96.789,5.459,102.802,0,5.47,5.474,NA,44
"5/23/2022 4:33:20 PM",4.463,30.217,52.405,83.453,74860.7,1034.788,34.769,0.062,0.062,0.175,8.934,96.643,5.451,110.533,0,5.462,5.466,NA,44
"5/23/2022 4:33:20 PM",4.543,30.217,52.41,83.459,74866.8,1034.792,34.772,0.101,0.101,0.073,8.935,96.729,5.455,86.999,0,5.467,5.47,NA,44
"5/23/2022 4:33:20 PM",4.615,30.218,52.404,83.453,74860.1,1034.788,34.768,0.257,0.257,0.116,8.937,96.711,5.454,76.549,0,5.466,5.47,NA,44
"5/23/2022 4:33:21 PM",4.732,30.217,52.4,83.446,74854.6,1034.785,34.765,0.109,0.109,0.087,8.937,96.721,5.455,79.013,0,5.467,5.471,NA,44
"5/23/2022 4:33:21 PM",4.886,30.217,52.403,83.45,74858,1034.788,34.767,0.078,0.078,0.044,8.936,96.725,5.455,82.666,0,5.467,5.47,NA,44
"5/23/2022 4:33:21 PM",5.063,30.217,52.406,83.454,74861.9,1034.791,34.769,0.055,0.055,0.073,8.936,96.677,5.452,78.248,0,5.464,5.468,NA,44
"5/23/2022 4:33:21 PM",5.377,30.217,52.41,83.46,74867.5,1034.795,34.773,0.07,0.07,0.073,8.934,96.727,5.455,87.254,0,5.467,5.47,NA,44
"5/23/2022 4:33:21 PM",5.586,30.217,52.412,83.463,74870.4,1034.798,34.774,0.062,0.062,0.073,8.934,96.866,5.462,92.607,0,5.474,5.478,NA,44
"5/23/2022 4:33:22 PM",5.803,30.217,52.418,83.47,74877,1034.803,34.778,0.062,0.062,0.102,8.934,96.746,5.455,97.789,0,5.467,5.471,NA,44
"5/23/2022 4:33:22 PM",6.018,30.217,52.422,83.477,74882.9,1034.807,34.782,0.047,0.047,0.102,8.932,96.731,5.455,95.835,0,5.466,5.47,NA,44
"5/23/2022 4:33:22 PM",6.231,30.218,52.422,83.479,74882.8,1034.808,34.782,0.07,0.07,0.146,8.932,96.822,5.46,97.11,0,5.471,5.475,NA,44
"5/23/2022 4:33:22 PM",6.483,30.218,52.424,83.482,74885.5,1034.811,34.783,0.062,0.062,0.102,8.934,96.917,5.465,90.992,0,5.476,5.48,NA,44
"5/23/2022 4:33:22 PM",6.643,30.218,52.423,83.479,74883.4,1034.81,34.782,0.055,0.055,0.058,8.934,96.645,5.449,86.489,0,5.461,5.465,NA,44
"5/23/2022 4:33:23 PM",6.806,30.217,52.425,83.481,74886.3,1034.813,34.784,0.062,0.062,0.087,8.934,96.683,5.452,85.3,0,5.463,5.467,NA,44
"5/23/2022 4:33:23 PM",6.983,30.215,52.426,83.48,74888.6,1034.815,34.786,0.062,0.062,0.102,8.935,96.688,5.452,84.79,0,5.463,5.467,NA,44
"5/23/2022 4:33:23 PM",7.165,30.214,52.428,83.482,74891.1,1034.818,34.787,0.047,0.047,0.087,8.933,96.715,5.453,89.208,0,5.465,5.468,NA,44
"5/23/2022 4:33:23 PM",7.302,30.213,52.429,83.482,74892.5,1034.819,34.788,0.047,0.047,0.058,8.933,96.667,5.451,90.822,0,5.462,5.466,NA,44
"5/23/2022 4:33:23 PM",7.429,30.213,52.43,83.484,74894.1,1034.821,34.789,0.047,0.047,0.029,8.932,96.732,5.454,89.973,0,5.466,5.47,NA,44
"5/23/2022 4:33:24 PM",7.473,30.213,52.43,83.483,74893.7,1034.821,34.789,0.062,0.062,0.029,8.932,96.866,5.462,88.019,0,5.474,5.477,NA,44
"5/23/2022 4:33:24 PM",7.523,30.213,52.43,83.482,74893.1,1034.821,34.789,0.055,0.055,0.044,8.932,96.848,5.461,90.143,0,5.473,5.476,NA,44
"5/23/2022 4:33:24 PM",7.629,30.213,52.429,83.482,74892.2,1034.821,34.788,0.047,0.047,0.073,8.932,96.83,5.46,88.189,0,5.472,5.476,NA,44
"5/23/2022 4:33:24 PM",7.781,30.212,52.431,83.483,74894.6,1034.823,34.79,0.062,0.062,0.073,8.93,96.79,5.458,85.13,0,5.469,5.473,NA,44
"5/23/2022 4:33:24 PM",8.045,30.205,52.427,83.467,74891.4,1034.824,34.79,0.047,0.047,0.058,8.932,96.623,5.448,88.529,0,5.46,5.464,NA,44
"5/23/2022 4:33:25 PM",8.233,30.203,52.431,83.47,74896.4,1034.828,34.794,0.086,0.086,0.044,8.932,96.698,5.453,90.143,0,5.464,5.468,NA,44
"5/23/2022 4:33:25 PM",8.406,30.205,52.429,83.471,74894.4,1034.827,34.792,0.078,0.078,0.058,8.935,96.679,5.452,90.568,0,5.463,5.467,NA,44
"5/23/2022 4:33:25 PM",8.582,30.199,52.419,83.448,74882.8,1034.823,34.786,0.062,0.062,0.102,8.936,96.665,5.451,88.019,0,5.463,5.467,NA,44
"5/23/2022 4:33:25 PM",8.745,30.18,52.429,83.433,74897.2,1034.837,34.8,0.055,0.055,0.058,8.934,96.612,5.448,83.346,0,5.46,5.464,NA,44
"5/23/2022 4:33:26 PM",8.925,30.169,52.428,83.414,74897.1,1034.841,34.803,0.062,0.062,0.058,8.933,96.769,5.458,77.484,0,5.469,5.473,NA,44
"5/23/2022 4:33:26 PM",9.189,30.16,52.429,83.403,74900.2,1034.847,34.808,0.062,0.062,0.058,8.934,96.663,5.452,74.765,0,5.464,5.467,NA,44
"5/23/2022 4:33:26 PM",9.378,30.155,52.428,83.393,74899.8,1034.849,34.809,0.062,0.062,0.058,8.934,96.559,5.447,75.02,0,5.458,5.462,NA,44
"5/23/2022 4:33:26 PM",9.564,30.149,52.433,83.391,74906.3,1034.855,34.815,0.062,0.062,0.087,8.934,96.6,5.449,74.085,0,5.461,5.465,NA,44
"5/23/2022 4:33:26 PM",9.752,30.147,52.433,83.388,74906.1,1034.856,34.815,0.062,0.062,0.073,8.936,96.588,5.449,70.007,0,5.46,5.464,NA,44
"5/23/2022 4:33:27 PM",9.937,30.145,52.433,83.384,74906.3,1034.858,34.816,0.055,0.055,0.029,8.936,96.587,5.449,69.582,0,5.461,5.465,NA,44
"5/23/2022 4:33:27 PM",10.227,30.144,52.43,83.38,74902.9,1034.857,34.814,0.062,0.062,0.044,8.936,96.601,5.45,70.517,0,5.462,5.466,NA,44
"5/23/2022 4:33:27 PM",10.423,30.132,52.432,83.364,74907.4,1034.864,34.82,0.055,0.055,0.029,8.935,96.578,5.449,69.752,0,5.461,5.465,NA,44
"5/23/2022 4:33:27 PM",10.614,30.126,52.435,83.361,74912.5,1034.87,34.825,0.055,0.055,0.058,8.934,96.496,5.444,68.478,0,5.456,5.46,NA,44
"5/23/2022 4:33:27 PM",10.805,30.127,52.439,83.366,74916.6,1034.873,34.827,0.062,0.062,0.102,8.934,96.574,5.449,70.517,0,5.461,5.465,NA,44
"5/23/2022 4:33:28 PM",10.986,30.127,52.438,83.367,74916.2,1034.873,34.826,0.055,0.055,0.058,8.933,96.692,5.456,71.961,0,5.467,5.471,NA,44
"5/23/2022 4:33:28 PM",11.145,30.124,52.435,83.357,74912.1,1034.872,34.825,0.062,0.062,0.073,8.933,96.555,5.449,73.406,0,5.46,5.464,NA,44
"5/23/2022 4:33:28 PM",11.163,30.121,52.438,83.357,74916.2,1034.876,34.828,0.047,0.047,0.058,8.93,96.475,5.444,71.452,0,5.456,5.459,NA,44
"5/23/2022 4:33:28 PM",11.057,30.122,52.439,83.36,74917.7,1034.876,34.829,0.047,0.047,0.058,8.931,96.556,5.449,71.961,0,5.46,5.464,NA,44
"5/23/2022 4:33:28 PM",10.92,30.122,52.459,83.388,74942.4,1034.89,34.844,0.055,0.055,0.044,8.932,96.661,5.454,71.876,0,5.466,5.469,NA,44
"5/23/2022 4:33:29 PM",10.788,30.124,52.457,83.388,74939.4,1034.887,34.842,0.07,0.07,0.058,8.933,96.696,5.457,67.034,0,5.468,5.472,NA,44
"5/23/2022 4:33:29 PM",10.644,30.126,52.456,83.389,74937.5,1034.885,34.84,0.055,0.055,0.029,8.932,96.543,5.448,63.295,0,5.459,5.463,NA,44
"5/23/2022 4:33:29 PM",10.425,30.128,52.454,83.388,74934.9,1034.882,34.838,0.055,0.055,0.029,8.932,96.677,5.456,59.812,0,5.467,5.471,NA,44
"5/23/2022 4:33:29 PM",10.279,30.129,52.452,83.387,74932.8,1034.88,34.837,0.07,0.07,0.073,8.932,96.468,5.443,55.649,0,5.455,5.459,NA,44
"5/23/2022 4:33:29 PM",10.159,30.128,52.453,83.388,74934.1,1034.881,34.838,0.055,0.055,0.044,8.932,96.538,5.447,53.44,0,5.459,5.463,NA,44
"5/23/2022 4:33:30 PM",10.04,30.129,52.452,83.388,74932.8,1034.879,34.837,0.07,0.07,0.058,8.932,96.693,5.456,53.355,0,5.468,5.471,NA,44
"5/23/2022 4:33:30 PM",9.903,30.13,52.45,83.387,74930.2,1034.877,34.835,0.07,0.07,0.015,8.933,96.573,5.45,54.205,0,5.461,5.465,NA,44
"5/23/2022 4:33:30 PM",9.743,30.136,52.449,83.394,74927.7,1034.873,34.832,0.055,0.055,0.044,8.933,96.596,5.451,54.799,0,5.462,5.466,NA,44
"5/23/2022 4:33:30 PM",9.62,30.139,52.448,83.397,74926.1,1034.87,34.83,0.055,0.055,0.044,8.933,96.577,5.45,56.923,0,5.461,5.465,NA,44
"5/23/2022 4:33:30 PM",9.476,30.14,52.445,83.395,74922.6,1034.867,34.827,0.055,0.055,0.073,8.934,96.628,5.452,60.237,0,5.464,5.468,NA,44
"5/23/2022 4:33:31 PM",9.292,30.141,52.453,83.407,74931.6,1034.872,34.833,0.055,0.055,0.087,8.933,96.657,5.454,66.269,0,5.465,5.469,NA,44
"5/23/2022 4:33:31 PM",9.095,30.143,52.451,83.407,74929.4,1034.869,34.831,0.055,0.055,0.029,8.933,96.511,5.446,71.706,0,5.457,5.461,NA,44
"5/23/2022 4:33:31 PM",8.953,30.149,52.446,83.408,74921.9,1034.863,34.825,0.047,0.047,0.029,8.933,96.49,5.444,75.785,0,5.456,5.46,NA,44
"5/23/2022 4:33:31 PM",8.781,30.153,52.442,83.409,74916.3,1034.857,34.82,0.062,0.062,0.058,8.933,96.556,5.448,76.719,0,5.46,5.464,NA,44
"5/23/2022 4:33:31 PM",8.688,30.154,52.441,83.409,74914.9,1034.856,34.819,0.062,0.062,0.073,8.933,96.631,5.452,74.17,0,5.463,5.467,NA,44
"5/23/2022 4:33:32 PM",8.596,30.154,52.439,83.407,74912.1,1034.854,34.817,0.07,0.07,0.058,8.934,96.614,5.451,71.452,0,5.463,5.466,NA,44
"5/23/2022 4:33:32 PM",8.517,30.154,52.442,83.41,74915.7,1034.856,34.819,0.07,0.07,0.029,8.934,96.465,5.442,70.857,0,5.454,5.458,NA,44
"5/23/2022 4:33:32 PM",8.42,30.156,52.441,83.411,74914.1,1034.854,34.818,0.062,0.062,0.058,8.934,96.559,5.448,72.811,0,5.459,5.463,NA,44
"5/23/2022 4:33:32 PM",8.217,30.16,52.468,83.455,74947.5,1034.872,34.837,0.047,0.047,0.058,8.936,96.546,5.446,78.248,0,5.458,5.461,NA,44
"5/23/2022 4:33:32 PM",8.047,30.172,52.455,83.456,74930.3,1034.857,34.823,0.047,0.047,0.044,8.934,96.547,5.446,82.157,0,5.457,5.461,NA,44
"5/23/2022 4:33:33 PM",7.874,30.184,52.44,83.453,74909.8,1034.841,34.807,0.039,0.039,0.044,8.934,96.609,5.449,88.019,0,5.461,5.465,NA,44
"5/23/2022 4:33:33 PM",7.74,30.192,52.439,83.464,74907.5,1034.836,34.803,0.062,0.062,0.058,8.934,96.688,5.453,91.927,0,5.465,5.469,NA,44
"5/23/2022 4:33:33 PM",7.624,30.2,52.438,83.474,74905.4,1034.833,34.8,0.055,0.055,0.015,8.936,96.689,5.453,88.868,0,5.465,5.469,NA,44
"5/23/2022 4:33:33 PM",7.48,30.206,52.429,83.471,74893.3,1034.823,34.791,0.062,0.062,0.044,8.937,96.733,5.456,83.176,0,5.468,5.471,NA,44
"5/23/2022 4:33:33 PM",7.299,30.208,52.428,83.473,74892,1034.821,34.79,0.055,0.055,0.044,8.937,96.766,5.457,82.072,0,5.469,5.473,NA,44
"5/23/2022 4:33:34 PM",7.184,30.212,52.423,83.471,74884.9,1034.815,34.784,0.062,0.062,0.073,8.936,96.741,5.456,83.091,0,5.467,5.471,NA,44
"5/23/2022 4:33:34 PM",7.037,30.212,52.411,83.455,74869.5,1034.805,34.775,0.055,0.055,0.102,8.937,96.569,5.446,84.111,0,5.458,5.461,NA,44
"5/23/2022 4:33:34 PM",6.875,30.201,52.409,83.435,74869,1034.807,34.778,0.062,0.062,0.102,8.938,96.695,5.453,85.385,0,5.465,5.469,NA,44
"5/23/2022 4:33:34 PM",6.737,30.194,52.418,83.438,74881.2,1034.816,34.787,0.047,0.047,0.058,8.938,96.624,5.449,88.019,0,5.461,5.465,NA,44
"5/23/2022 4:33:34 PM",6.57,30.203,52.416,83.447,74876.8,1034.81,34.782,0.055,0.055,0.073,8.939,96.804,5.459,86.574,0,5.471,5.474,NA,44
"5/23/2022 4:33:35 PM",6.461,30.205,52.411,83.445,74871,1034.805,34.778,0.062,0.062,0.073,8.938,96.637,5.45,84.875,0,5.461,5.465,NA,44
"5/23/2022 4:33:35 PM",6.355,30.206,52.408,83.442,74867.1,1034.802,34.775,0.047,0.047,0.044,8.937,96.826,5.46,88.868,0,5.472,5.476,NA,44
"5/23/2022 4:33:35 PM",6.264,30.209,52.412,83.452,74871.9,1034.804,34.777,0.047,0.047,0.073,8.937,96.665,5.451,90.313,0,5.463,5.467,NA,44
"5/23/2022 4:33:35 PM",6.169,30.211,52.409,83.45,74867.2,1034.8,34.774,0.055,0.055,0,8.937,96.654,5.451,87.254,0,5.463,5.466,NA,44
"5/23/2022 4:33:35 PM",6.042,30.212,52.406,83.447,74863.1,1034.797,34.771,0.062,0.062,0.058,8.937,96.673,5.452,83.346,0,5.463,5.467,NA,44
"5/23/2022 4:33:36 PM",5.803,30.213,52.405,83.448,74861.9,1034.795,34.77,0.078,0.078,0.044,8.938,96.658,5.451,74.17,0,5.462,5.466,NA,44
"5/23/2022 4:33:36 PM",5.666,30.214,52.402,83.446,74858.3,1034.792,34.768,0.07,0.07,0.029,8.938,96.543,5.444,72.981,0,5.456,5.459,NA,44
"5/23/2022 4:33:36 PM",5.561,30.215,52.394,83.435,74847.6,1034.785,34.761,0.078,0.078,0.073,8.938,96.633,5.449,69.412,0,5.461,5.465,NA,44
"5/23/2022 4:33:36 PM",5.487,30.215,52.383,83.42,74834.9,1034.777,34.753,0.055,0.055,0.058,8.938,96.618,5.449,68.308,0,5.46,5.464,NA,44
"5/23/2022 4:33:36 PM",5.393,30.215,52.381,83.416,74831.4,1034.774,34.751,0.047,0.047,0.015,8.938,96.641,5.45,68.308,0,5.462,5.465,NA,44
"5/23/2022 4:33:37 PM",5.246,30.215,52.379,83.413,74828.8,1034.772,34.75,0.062,0.062,0.146,8.938,96.54,5.445,73.236,0,5.456,5.46,NA,44
"5/23/2022 4:33:37 PM",5.121,30.215,52.375,83.409,74824.9,1034.769,34.747,0.055,0.055,0.058,8.937,96.708,5.454,84.535,0,5.465,5.469,NA,44
"5/23/2022 4:33:37 PM",4.961,30.214,52.376,83.409,74825.7,1034.769,34.748,0.062,0.062,0.044,8.938,96.65,5.451,94.646,0,5.462,5.466,NA,44
"5/23/2022 4:33:37 PM",4.76,30.215,52.374,83.407,74823,1034.766,34.746,0.055,0.055,0.116,8.938,96.721,5.454,104.926,0,5.466,5.47,NA,44
"5/23/2022 4:33:37 PM",4.582,30.215,52.376,83.409,74824.7,1034.767,34.747,0.031,0.031,0.131,8.937,96.519,5.443,88.359,0,5.455,5.458,NA,44
"5/23/2022 4:33:38 PM",4.393,30.221,52.372,83.414,74819.9,1034.761,34.743,0.133,0.133,0.728,8.938,96.589,5.447,74.765,0,5.459,5.462,NA,44
"5/23/2022 4:33:38 PM",4.308,30.224,52.359,83.4,74802.8,1034.749,34.731,0.187,0.187,0.728,8.937,96.681,5.452,82.836,0,5.464,5.468,NA,44
"5/23/2022 4:33:38 PM",4.237,30.224,52.363,83.405,74808.2,1034.753,34.735,0.374,0.374,0.568,8.938,96.539,5.444,107.22,0,5.456,5.46,NA,44
"5/23/2022 4:33:38 PM",4.171,30.224,52.363,83.405,74808.1,1034.752,34.735,0.468,0.468,1.413,8.938,96.638,5.449,127.95,0,5.461,5.465,NA,44
"5/23/2022 4:33:38 PM",4.083,30.224,52.362,83.404,74807.1,1034.751,34.734,0.218,0.218,0.772,8.938,96.603,5.447,130.074,0,5.459,5.463,NA,44
"5/23/2022 4:33:39 PM",3.853,30.223,52.359,83.398,74802.7,1034.748,34.732,2.52,2.52,0.568,8.939,96.664,5.451,111.468,0,5.463,5.467,NA,44
"5/23/2022 4:33:39 PM",3.682,30.222,52.352,83.387,74794.6,1034.743,34.727,0.749,0.749,0.888,8.94,96.697,5.453,106.54,0,5.465,5.469,NA,44
"5/23/2022 4:33:39 PM",3.577,30.221,52.252,83.248,74670.9,1034.666,34.651,0.296,0.296,0.451,8.938,96.653,5.454,115.886,0,5.465,5.469,NA,44
"5/23/2022 4:33:39 PM",3.506,30.22,52.348,83.378,74789.8,1034.74,34.725,0.133,0.133,0.233,8.938,96.775,5.458,112.317,0,5.469,5.473,NA,44
"5/23/2022 4:33:39 PM",3.451,30.22,52.355,83.389,74798.7,1034.745,34.73,0.094,0.094,0.175,8.939,96.7,5.453,105.011,0,5.465,5.469,NA,44
"5/23/2022 4:33:40 PM",3.31,30.22,52.347,83.377,74788.6,1034.738,34.724,0.133,0.133,0.291,8.938,96.689,5.453,105.436,0,5.465,5.468,NA,44
"5/23/2022 4:33:40 PM",3.199,30.216,52.314,83.327,74748.4,1034.714,34.7,0.117,0.117,0.189,8.939,96.667,5.453,100.083,0,5.465,5.468,NA,44
"5/23/2022 4:33:40 PM",3.055,30.215,52.358,83.385,74802.3,1034.747,34.734,0.117,0.117,0.204,8.938,96.718,5.454,99.658,0,5.466,5.47,NA,44
"5/23/2022 4:33:40 PM",2.888,30.217,52.36,83.39,74804.5,1034.747,34.735,0.125,0.125,0.291,8.939,96.765,5.457,104.246,0,5.469,5.473,NA,44
"5/23/2022 4:33:40 PM",2.598,30.219,52.355,83.386,74797.3,1034.741,34.73,0.117,0.117,0.233,8.939,96.637,5.45,109.174,0,5.461,5.465,NA,44
"5/23/2022 4:33:41 PM",2.439,30.219,52.347,83.374,74787.5,1034.734,34.724,0.094,0.094,0.175,8.938,96.744,5.456,100.933,0,5.468,5.471,NA,44
"5/23/2022 4:33:41 PM",2.302,30.218,52.345,83.37,74785,1034.732,34.723,0.335,0.335,0.714,8.941,96.608,5.448,103.821,0,5.46,5.464,NA,44
"5/23/2022 4:33:41 PM",2.154,30.218,52.343,83.368,74782.7,1034.73,34.721,0.211,0.211,0.306,8.94,96.691,5.453,104.076,0,5.465,5.468,NA,44
"5/23/2022 4:33:41 PM",1.963,30.219,52.33,83.351,74766.4,1034.719,34.711,0.125,0.125,0.16,8.94,96.659,5.452,99.318,0,5.464,5.467,NA,44
"5/23/2022 4:33:41 PM",1.862,30.219,52.309,83.322,74740.9,1034.703,34.695,0.14,0.14,0.262,8.939,96.571,5.447,102.037,0,5.459,5.463,NA,44
"5/23/2022 4:33:42 PM",1.73,30.22,52.325,83.345,74760,1034.714,34.707,0.094,0.094,0.16,8.938,96.543,5.445,120.983,0,5.457,5.461,NA,44
"5/23/2022 4:33:42 PM",1.581,30.219,52.328,83.348,74763.4,1034.716,34.709,0.226,0.226,1.384,8.938,96.727,5.455,141.374,0,5.467,5.471,NA,44
"5/23/2022 4:33:42 PM",1.414,30.22,52.31,83.325,74741.6,1034.702,34.696,0.991,0.991,2.609,8.938,96.718,5.455,156.752,0,5.467,5.471,NA,44
"5/23/2022 4:33:42 PM",1.239,30.219,52.163,83.12,74559.6,1034.59,34.584,0.257,0.257,0.583,8.937,96.712,5.46,169.581,0,5.471,5.475,NA,44
"5/23/2022 4:33:42 PM",1.147,30.217,52.291,83.294,74717.9,1034.687,34.682,0.125,0.125,0.364,8.938,96.811,5.462,187.592,0,5.473,5.477,NA,44
"5/23/2022 4:33:43 PM",1.064,30.217,52.282,83.281,74707.6,1034.68,34.676,0.094,0.094,0.175,8.938,96.632,5.451,202.46,0,5.463,5.467,NA,44
"5/23/2022 4:33:43 PM",0.984,30.217,52.276,83.273,74700,1034.675,34.671,0.125,0.125,0.175,8.938,96.683,5.455,180.625,0,5.467,5.47,NA,44
"5/23/2022 4:33:43 PM",0.842,30.216,52.275,83.27,74697.9,1034.674,34.67,0.14,0.14,0.175,8.938,96.69,5.455,170.855,0,5.467,5.471,NA,44
"5/23/2022 4:33:43 PM",0.708,30.215,52.271,83.263,74693.7,1034.671,34.668,0.25,0.25,0.218,8.938,96.661,5.454,196.513,0,5.465,5.469,NA,44
"5/23/2022 4:33:43 PM",0.567,30.214,52.264,83.252,74685.7,1034.666,34.664,0.335,0.335,0.583,8.938,96.7,5.456,223.36,0,5.468,5.472,NA,44
"5/23/2022 4:33:44 PM",0.449,30.213,52.261,83.246,74681.8,1034.663,34.661,0.031,0.031,0,8.939,96.608,5.451,224.295,0,5.463,5.466,NA,44
"5/23/2022 4:33:44 PM",0.375,30.212,52.247,83.226,74664.5,1034.653,34.651,0,0,0,8.941,96.653,5.454,187.592,0,5.466,5.469,NA,44
"5/23/2022 4:33:44 PM",0.291,30.211,52.211,83.174,74619.9,1034.625,34.624,0,0,0,8.94,96.605,5.453,211.891,0,5.464,5.468,NA,44
"5/23/2022 4:33:44 PM",0.246,30.212,52.174,83.124,74573.7,1034.596,34.595,0.047,0.047,0,8.939,96.698,5.459,232.536,0,5.471,5.474,NA,44
"5/23/2022 4:33:44 PM",0.185,30.213,52.226,83.198,74638.7,1034.636,34.635,0.398,0.398,0.597,8.941,96.484,5.445,226.759,0,5.457,5.46,NA,44
"5/23/2022 4:33:45 PM",0.09,30.213,52.223,83.194,74634.3,1034.633,34.632,0.359,0.359,0.655,8.941,96.63,5.453,243.751,0,5.465,5.469,NA,44
"5/23/2022 4:33:45 PM",0,30.212,52.205,83.167,74611.4,1034.618,34.619,0.101,0.101,0.146,8.94,96.707,5.458,266.01,0,5.47,5.474,NA,44
"5/23/2022 4:33:45 PM",0,30.22,52.176,83.14,74575.7,1034.593,34.594,0.172,0.172,0,8.94,96.53,5.449,215.544,0,5.461,5.464,NA,44
"5/23/2022 4:33:45 PM",0,30.229,52.185,83.166,74585.7,1034.597,34.598,0,0,0,8.94,96.596,5.452,272.892,0,5.464,5.467,NA,44
"5/23/2022 4:33:45 PM",0,30.251,52.17,83.177,74563.9,1034.577,34.578,0,0,0,8.939,96.687,5.457,282.323,0,5.469,5.473,NA,44
"5/23/2022 4:33:46 PM",0,30.246,6.829,13.251,11879.9,1000.66,0.661,0,0,0,8.939,96.781,7.004,307.301,0,7.025,7.025,NA,44
"5/23/2022 4:33:46 PM",0,30.364,1.377,2.964,2651,996.568,0,3.393,3.393,0,8.938,96.948,7.229,342.475,0,7.25,7.25,NA,44
"5/23/2022 4:33:46 PM",0,30.437,1.076,2.348,2097,996.32,0,298.597,298.597,82.259,8.936,96.641,7.217,419.873,0,7.238,7.238,NA,44
"5/23/2022 4:33:46 PM",0,30.652,0.922,2.034,1809.3,996.139,0,231.386,231.386,255.453,8.929,96.974,7.247,399.398,0,7.268,7.268,NA,44
"5/23/2022 4:33:47 PM",0,30.933,0.801,1.788,1581.8,995.961,0,98.352,98.352,102.598,8.92,96.883,7.244,436.526,0,7.265,7.265,NA,44
"5/23/2022 4:33:47 PM",0,31.296,0.68,1.539,1351.6,995.758,0,29.705,29.705,0,8.911,96.595,7.226,438.48,0,7.246,7.246,NA,44
"5/23/2022 4:33:47 PM",0,31.384,0.635,1.444,1266.2,995.697,0,32.1,32.1,7.756,8.906,96.64,7.229,480.45,0,7.25,7.25,NA,44
"5/23/2022 4:33:47 PM",0,31.22,0.607,1.378,1212.1,995.727,0,465.705,465.705,56.717,8.903,96.7,7.233,436.611,0,7.253,7.253,NA,44
"5/23/2022 4:33:47 PM",0,31.101,0.568,1.29,1137.2,995.735,0,181.726,181.726,29.512,8.898,96.549,7.221,333.214,0,7.242,7.242,NA,44
"5/23/2022 4:33:48 PM",0,31.031,0.562,1.275,1125.8,995.752,0,159.229,159.229,17.243,8.892,96.531,7.218,356.663,0,7.239,7.239,NA,44
"5/23/2022 4:33:48 PM",0,30.792,0.509,1.154,1023.5,995.787,0,31.328,31.328,2.113,8.884,96.514,7.218,399.738,0,7.239,7.239,NA,44
"5/23/2022 4:33:48 PM",0,30.604,0.48,1.087,967.4,995.823,0,16.928,16.928,9.985,8.877,96.465,7.215,374.844,0,7.236,7.236,NA,44
"5/23/2022 4:33:48 PM",0,31.011,0.462,1.055,931.4,995.684,0,180.377,180.377,64.393,8.869,96.394,7.21,359.806,0,7.231,7.231,NA,44
"5/23/2022 4:33:48 PM",0,32.205,0.444,1.038,895.9,995.293,0,70.191,70.191,42.292,8.862,96.96,7.253,334.573,0,7.274,7.274,NA,44
"5/23/2022 4:33:49 PM",0,32.651,0.418,0.988,845.4,995.129,0,58.482,58.482,25.523,8.854,97.194,7.271,372.89,0,7.292,7.292,NA,44
"5/23/2022 4:33:49 PM",0,32.415,0.411,0.967,831.1,995.2,0,9.22,9.22,0,8.849,96.984,7.255,346.638,0,7.276,7.276,NA,44
"5/23/2022 4:33:49 PM",0,32.248,0.409,0.96,828.3,995.253,0,0,0,0,8.839,96.916,7.25,370.002,0,7.27,7.27,NA,44
"5/23/2022 4:33:49 PM",0,32.286,0.398,0.936,806.7,995.233,0,22.357,22.357,0,8.83,96.917,7.249,354.369,0,7.269,7.269,NA,44
"5/23/2022 4:33:49 PM",0,31.833,0.382,0.89,774.1,995.365,0,8.83,8.83,0,8.822,96.772,7.236,365.414,0,7.257,7.257,NA,44
"5/23/2022 4:33:50 PM",0,32.072,0.367,0.861,744.8,995.278,0,6.007,6.007,0.67,8.813,96.888,7.244,385.21,0,7.265,7.265,NA,44
"5/23/2022 4:33:50 PM",0,32.398,0.359,0.847,728.3,995.167,0,13.144,13.144,1.894,8.804,97.115,7.26,376.289,0,7.281,7.281,NA,44
"5/23/2022 4:33:50 PM",0,32.593,0.372,0.88,754,995.114,0,33.879,33.879,2.799,8.795,96.932,7.243,337.887,0,7.264,7.264,NA,44
"5/23/2022 4:33:50 PM",0,32.69,0.353,0.838,717,995.068,0,54.34,54.34,0.349,8.787,96.738,7.227,303.648,0,7.248,7.248,NA,44
"5/23/2022 4:33:50 PM",0,32.347,0.334,0.79,680.1,995.165,0,18.316,18.316,0,8.768,96.873,7.233,350.716,0,7.254,7.254,NA,44
"5/23/2022 4:33:51 PM",0,32.094,0.327,0.771,666.7,995.241,0,19.205,19.205,0,8.759,96.69,7.216,384.445,0,7.237,7.237,NA,44
"5/23/2022 4:33:51 PM",0,31.829,0.324,0.759,659.5,995.323,0,38.645,38.645,11.909,8.75,96.586,7.206,386.484,0,7.227,7.227,NA,44
"5/23/2022 4:33:51 PM",0,31.642,0.319,0.746,650.9,995.379,0,19.783,19.783,10.646,8.743,96.33,7.185,358.447,0,7.206,7.206,NA,44
"5/23/2022 4:33:51 PM",0,31.375,0.313,0.729,639.4,995.459,0,13.597,13.597,7.389,8.734,96.098,7.167,213.08,0,7.188,7.188,NA,44
"5/23/2022 4:33:51 PM",0,31.167,0.309,0.716,630.5,995.521,0,19.751,19.751,14.868,8.728,95.974,7.158,286.741,0,7.178,7.178,NA,44
"5/23/2022 4:33:52 PM",0,30.93,0.301,0.694,614.2,995.588,0,6.857,6.857,7.36,8.723,95.911,7.153,288.695,0,7.174,7.174,NA,44
"5/23/2022 4:33:52 PM",0,30.709,0.301,0.692,614.5,995.657,0,7.645,7.645,2.74,8.717,95.74,7.141,230.582,0,7.161,7.161,NA,44
"5/23/2022 4:33:52 PM",0,30.424,0.298,0.683,610,995.743,0,31.382,31.382,78.884,8.712,95.431,7.119,241.882,0,7.139,7.139,NA,44
"5/23/2022 4:33:52 PM",0,30.229,0.294,0.669,600.3,995.799,0,56.524,56.524,88.659,8.709,95.039,7.091,338.651,0,7.111,7.111,NA,44
"5/23/2022 4:33:52 PM",0,29.99,0.289,0.656,590.7,995.867,0,107.081,107.081,115.496,8.704,95.065,7.093,441.538,0,7.114,7.114,NA,44
"5/23/2022 4:33:53 PM",0,29.796,0.289,0.653,590.4,995.926,0,54.59,54.59,108.457,8.702,94.712,7.068,455.981,0,7.089,7.089,NA,44
"5/23/2022 4:33:53 PM",0,29.585,0.287,0.647,587.8,995.988,0,25.181,25.181,46.514,8.698,94.317,7.04,438.14,0,7.06,7.06,NA,44
"5/23/2022 4:33:53 PM",0,29.25,0.284,0.635,580.7,996.085,0,26.647,26.647,128.216,8.695,93.951,7.015,309.425,0,7.036,7.036,NA,44
"5/23/2022 4:33:53 PM",0,29.17,0.346,0.771,705.8,996.155,0,8.214,8.214,41.223,8.692,93.823,7.005,295.067,0,7.025,7.025,NA,44
"5/23/2022 4:33:53 PM",0,29.167,0.409,0.905,829.4,996.203,0,13.987,13.987,26.862,8.686,93.895,7.009,236.869,0,7.029,7.029,NA,44
"5/23/2022 4:33:54 PM",0,29.222,0.435,0.963,881.2,996.207,0,14.837,14.837,16.741,8.672,93.724,6.998,242.222,0,7.018,7.018,NA,44
"5/23/2022 4:33:54 PM",0,29.54,52.55,82.626,75122.8,1035.122,35.123,4.805,4.805,7.258,8.672,93.578,5.265,434.402,0,5.276,5.28,NA,44
"5/23/2022 4:33:54 PM",0,29.612,52.497,82.661,75047.1,1035.055,35.056,2.73,2.73,6.818,8.684,93.558,5.274,338.057,0,5.286,5.289,NA,44
"5/23/2022 4:33:54 PM",0,29.63,52.482,82.669,75026.8,1035.038,35.039,2.426,2.426,6.365,8.697,93.6,5.284,432.447,0,5.295,5.299,NA,44
"5/23/2022 4:33:55 PM",0,29.635,52.489,82.685,75034.6,1035.041,35.042,2.145,2.145,6.672,8.707,93.721,5.295,479.94,0,5.306,5.31,NA,44
"5/23/2022 4:33:55 PM",0,29.637,52.495,82.696,75041.4,1035.045,35.046,1.794,1.794,6.613,8.724,93.811,5.304,513.924,0,5.316,5.319,NA,44
"5/23/2022 4:38:09 PM",0,30.211,52.249,83.227,74666.7,1034.652,34.653,0.133,0.133,0.131,8.818,96.522,5.452,258.874,0,5.463,5.467,NA,44
"5/23/2022 4:38:09 PM",0,30.211,52.249,83.227,74666.3,1034.652,34.652,0.094,0.094,0.102,8.818,96.537,5.452,146.556,0,5.464,5.468,NA,44
"5/23/2022 4:38:09 PM",0,30.211,52.251,83.229,74668.8,1034.654,34.654,0.086,0.086,0.116,8.819,96.495,5.45,133.897,0,5.462,5.466,NA,44
"5/23/2022 4:38:09 PM",0,30.211,52.254,83.233,74672.3,1034.656,34.656,0.07,0.07,0.058,8.819,96.617,5.457,121.153,0,5.469,5.472,NA,44
"5/23/2022 4:38:09 PM",0,30.211,52.254,83.234,74673.3,1034.657,34.657,0.062,0.062,0.058,8.819,96.56,5.454,98.724,0,5.466,5.469,NA,44
"5/23/2022 4:38:10 PM",0,30.211,52.256,83.236,74675.5,1034.658,34.658,0.062,0.062,0.058,8.819,96.591,5.455,153.013,0,5.467,5.471,NA,44
"5/23/2022 4:38:10 PM",0,30.212,52.253,83.233,74670.8,1034.654,34.655,0.062,0.062,0.058,8.821,96.61,5.457,222.766,0,5.468,5.472,NA,44
"5/23/2022 4:38:10 PM",0,30.213,52.251,83.231,74668.6,1034.652,34.654,0.086,0.086,0.087,8.82,96.519,5.451,259.638,0,5.463,5.467,NA,44
"5/23/2022 4:38:10 PM",0,30.213,52.25,83.231,74667.9,1034.652,34.653,0.078,0.078,0.044,8.819,96.605,5.456,265.076,0,5.468,5.472,NA,44
"5/23/2022 4:38:10 PM",0,30.213,52.246,83.225,74661.8,1034.648,34.649,0.062,0.062,0.044,8.819,96.561,5.454,264.736,0,5.466,5.469,NA,44
"5/23/2022 4:38:11 PM",0,30.211,52.248,83.226,74665.5,1034.651,34.652,0.421,0.421,0.437,8.821,96.616,5.456,276.036,0,5.468,5.472,NA,44
"5/23/2022 4:38:11 PM",0,30.213,52.249,83.23,74666.4,1034.651,34.652,1.342,1.342,3.018,8.821,96.485,5.449,291.074,0,5.461,5.464,NA,44
"5/23/2022 4:38:11 PM",0,30.215,52.208,83.175,74614.9,1034.619,34.62,1.451,1.451,1.442,8.821,96.517,5.452,293.368,0,5.464,5.467,NA,44
"5/23/2022 4:38:11 PM",0,30.214,52.245,83.226,74661.6,1034.648,34.649,0.64,0.64,0.495,8.82,96.479,5.448,285.126,0,5.46,5.464,NA,44
"5/23/2022 4:38:11 PM",0,30.215,52.247,83.229,74663.6,1034.65,34.65,0.25,0.25,0.204,8.821,96.637,5.457,250.463,0,5.469,5.473,NA,44
"5/23/2022 4:38:12 PM",0.105,30.215,52.249,83.232,74665.6,1034.651,34.651,0.101,0.101,0.131,8.822,96.52,5.451,118.35,0,5.463,5.466,NA,44
"5/23/2022 4:38:12 PM",0.218,30.214,52.254,83.239,74673.1,1034.657,34.656,0.086,0.086,0.116,8.82,96.557,5.453,105.266,0,5.465,5.468,NA,44
"5/23/2022 4:38:12 PM",0.319,30.215,52.257,83.243,74675.7,1034.658,34.657,0.07,0.07,0.073,8.821,96.607,5.456,86.405,0,5.467,5.471,NA,44
"5/23/2022 4:38:12 PM",0.397,30.216,52.259,83.249,74679.1,1034.66,34.659,0.062,0.062,0.058,8.822,96.486,5.449,75.19,0,5.46,5.464,NA,44
"5/23/2022 4:38:12 PM",0.461,30.22,52.262,83.257,74681.3,1034.661,34.659,0.086,0.086,0.087,8.823,96.618,5.456,89.973,0,5.468,5.472,NA,44
"5/23/2022 4:38:13 PM",0.478,30.218,52.266,83.261,74686.8,1034.665,34.663,0.078,0.078,0.087,8.823,96.53,5.451,93.201,0,5.463,5.466,NA,44
"5/23/2022 4:38:13 PM",0.506,30.218,52.267,83.263,74688.3,1034.666,34.664,0.07,0.07,0.073,8.823,96.554,5.452,82.921,0,5.464,5.468,NA,44
"5/23/2022 4:38:13 PM",0.534,30.219,52.271,83.27,74693.6,1034.669,34.667,0.07,0.07,0.029,8.823,96.587,5.454,87.679,0,5.466,5.47,NA,44
"5/23/2022 4:38:13 PM",0.523,30.219,52.28,83.281,74704.3,1034.676,34.673,0.062,0.062,0.073,8.824,96.584,5.454,103.227,0,5.465,5.469,NA,44
"5/23/2022 4:38:13 PM",0.482,30.219,52.281,83.282,74705.1,1034.676,34.674,0.047,0.047,0.029,8.824,96.64,5.457,110.108,0,5.468,5.472,NA,44
"5/23/2022 4:38:14 PM",0.482,30.216,52.284,83.283,74709.3,1034.679,34.677,0.055,0.055,0.073,8.824,96.585,5.453,94.901,0,5.465,5.469,NA,44
"5/23/2022 4:38:14 PM",0.457,30.215,52.289,83.287,74715.4,1034.683,34.681,0.07,0.07,0.044,8.825,96.512,5.449,105.945,0,5.461,5.464,NA,44
"5/23/2022 4:38:14 PM",0.426,30.214,52.291,83.289,74718.3,1034.685,34.683,0.055,0.055,0.029,8.824,96.661,5.457,108.154,0,5.469,5.473,NA,44
"5/23/2022 4:38:14 PM",0.397,30.214,52.291,83.289,74717.7,1034.685,34.683,0.055,0.055,0.029,8.825,96.604,5.454,126.336,0,5.466,5.47,NA,44
"5/23/2022 4:38:14 PM",0.428,30.214,52.292,83.291,74719.5,1034.686,34.684,0.047,0.047,0,8.824,96.519,5.449,137.466,0,5.461,5.465,NA,44
"5/23/2022 4:38:15 PM",0.489,30.215,52.293,83.293,74720.7,1034.687,34.685,0.062,0.062,0.073,8.824,96.59,5.453,135.851,0,5.465,5.469,NA,44
"5/23/2022 4:38:15 PM",0.558,30.217,52.295,83.299,74722.3,1034.687,34.685,0.07,0.07,0.073,8.824,96.538,5.451,108.069,0,5.462,5.466,NA,44
"5/23/2022 4:38:15 PM",0.615,30.216,52.295,83.297,74722.8,1034.688,34.686,0.055,0.055,0.073,8.824,96.572,5.452,96.26,0,5.464,5.468,NA,44
"5/23/2022 4:38:15 PM",0.69,30.216,52.297,83.3,74725.2,1034.69,34.687,0.047,0.047,0.029,8.823,96.418,5.444,104.671,0,5.455,5.459,NA,44
"5/23/2022 4:38:15 PM",0.721,30.216,52.295,83.298,74723.2,1034.689,34.686,0.047,0.047,0.087,8.824,96.498,5.448,123.362,0,5.46,5.464,NA,44
"5/23/2022 4:38:16 PM",0.751,30.215,52.293,83.293,74720.3,1034.687,34.684,0.055,0.055,0.058,8.824,96.603,5.454,120.898,0,5.466,5.47,NA,44
"5/23/2022 4:38:16 PM",0.794,30.214,52.295,83.294,74723.2,1034.69,34.686,0.055,0.055,0.044,8.822,96.699,5.46,104.331,0,5.471,5.475,NA,44
"5/23/2022 4:38:16 PM",0.898,30.215,52.298,83.3,74727,1034.692,34.688,0.055,0.055,0.058,8.823,96.642,5.456,89.633,0,5.468,5.472,NA,44
"5/23/2022 4:38:16 PM",0.99,30.213,52.297,83.296,74726.4,1034.693,34.689,0.055,0.055,0.058,8.822,96.561,5.451,83.261,0,5.463,5.467,NA,44
"5/23/2022 4:38:16 PM",1.055,30.21,52.301,83.296,74730.9,1034.697,34.692,0.062,0.062,0.044,8.823,96.45,5.445,76.719,0,5.457,5.461,NA,44
"5/23/2022 4:38:17 PM",1.127,30.21,52.302,83.3,74733.2,1034.698,34.693,0.062,0.062,0.044,8.822,96.564,5.452,73.236,0,5.463,5.467,NA,44
"5/23/2022 4:38:17 PM",1.204,30.21,52.304,83.301,74735.4,1034.7,34.695,0.047,0.047,0.044,8.821,96.577,5.452,83.431,0,5.464,5.468,NA,44
"5/23/2022 4:38:17 PM",1.263,30.21,52.303,83.3,74733.8,1034.699,34.694,0.047,0.047,0.058,8.822,96.534,5.45,86.065,0,5.462,5.466,NA,44
"5/23/2022 4:38:17 PM",1.235,30.209,52.305,83.301,74736.7,1034.701,34.696,0.055,0.055,0.073,8.822,96.532,5.45,89.123,0,5.462,5.465,NA,44
"5/23/2022 4:38:17 PM",1.181,30.208,52.308,83.304,74740.3,1034.703,34.698,0.062,0.062,0.044,8.822,96.47,5.446,94.136,0,5.458,5.462,NA,44
"5/23/2022 4:38:18 PM",1.129,30.209,52.305,83.301,74736.7,1034.701,34.696,0.062,0.062,0.058,8.824,96.598,5.453,98.129,0,5.465,5.469,NA,44
"5/23/2022 4:38:18 PM",1.049,30.21,52.302,83.299,74733.2,1034.698,34.694,0.07,0.07,0.087,8.826,96.541,5.45,96.26,0,5.462,5.465,NA,44
"5/23/2022 4:38:18 PM",0.931,30.212,52.297,83.295,74726.7,1034.693,34.689,0.055,0.055,0.044,8.828,96.639,5.456,86.32,0,5.468,5.471,NA,44
"5/23/2022 4:38:18 PM",0.851,30.213,52.295,83.292,74723,1034.69,34.687,0.062,0.062,0.029,8.829,96.575,5.452,84.535,0,5.464,5.468,NA,44
"5/23/2022 4:38:18 PM",0.779,30.213,52.29,83.286,74717.7,1034.687,34.683,0.047,0.047,0.029,8.829,96.576,5.452,88.359,0,5.464,5.468,NA,44
"5/23/2022 4:38:19 PM",0.713,30.212,52.29,83.285,74717.5,1034.686,34.683,0.055,0.055,0.073,8.83,96.586,5.453,100.848,0,5.465,5.469,NA,44
"5/23/2022 4:38:19 PM",0.678,30.212,52.287,83.281,74714,1034.684,34.681,0.055,0.055,0.058,8.829,96.517,5.449,113.337,0,5.461,5.465,NA,44
"5/23/2022 4:38:19 PM",0.683,30.212,52.286,83.278,74712,1034.683,34.68,0.055,0.055,0.029,8.829,96.641,5.456,101.867,0,5.468,5.472,NA,44
"5/23/2022 4:38:19 PM",0.716,30.212,52.283,83.274,74708.3,1034.681,34.678,0.055,0.055,0.073,8.83,96.614,5.455,90.143,0,5.467,5.47,NA,44
"5/23/2022 4:38:20 PM",0.765,30.212,52.284,83.277,74709.8,1034.682,34.679,0.07,0.07,0.058,8.83,96.533,5.45,96.94,0,5.462,5.466,NA,44
"5/23/2022 4:38:20 PM",0.82,30.212,52.286,83.279,74712.5,1034.684,34.68,0.055,0.055,0.029,8.831,96.598,5.453,99.573,0,5.465,5.469,NA,44
"5/23/2022 4:38:20 PM",0.923,30.211,52.285,83.277,74711.1,1034.684,34.68,0.062,0.062,0.073,8.832,96.468,5.446,93.966,0,5.458,5.462,NA,44
"5/23/2022 4:38:20 PM",1.002,30.211,52.285,83.277,74711.8,1034.684,34.68,0.078,0.078,0.058,8.831,96.618,5.455,83.941,0,5.467,5.47,NA,44
"5/23/2022 4:38:20 PM",1.053,30.212,52.287,83.281,74714.1,1034.686,34.681,0.062,0.062,0.058,8.831,96.651,5.456,86.914,0,5.468,5.472,NA,44
"5/23/2022 4:38:21 PM",1.101,30.212,52.287,83.28,74713.8,1034.686,34.681,0.039,0.039,0.058,8.83,96.561,5.451,98.299,0,5.463,5.467,NA,44
"5/23/2022 4:38:21 PM",1.136,30.211,52.288,83.281,74715.3,1034.687,34.682,0.031,0.031,0.029,8.829,96.467,5.446,94.221,0,5.458,5.461,NA,44
"5/23/2022 4:38:21 PM",1.18,30.211,52.291,83.285,74718.8,1034.689,34.684,0.07,0.07,0,8.828,96.649,5.456,106.115,0,5.468,5.472,NA,44
"5/23/2022 4:38:21 PM",1.185,30.211,52.293,83.289,74722,1034.691,34.686,0.07,0.07,0.029,8.826,96.541,5.45,99.318,0,5.461,5.465,NA,44
"5/23/2022 4:38:21 PM",1.18,30.213,52.292,83.29,74720.6,1034.69,34.685,0.047,0.047,0.015,8.826,96.629,5.455,92.946,0,5.466,5.47,NA,44
"5/23/2022 4:38:22 PM",1.159,30.215,52.289,83.287,74715.9,1034.686,34.682,0.062,0.062,0.029,8.826,96.549,5.45,88.529,0,5.462,5.466,NA,44
"5/23/2022 4:38:22 PM",1.122,30.216,52.288,83.287,74714.2,1034.685,34.68,0.055,0.055,0.029,8.827,96.53,5.449,83.856,0,5.461,5.465,NA,44
"5/23/2022 4:38:22 PM",1.086,30.215,52.287,83.286,74713.3,1034.684,34.68,0.039,0.039,0.015,8.826,96.576,5.452,97.704,0,5.464,5.467,NA,44
"5/23/2022 4:38:22 PM",1.053,30.215,52.286,83.284,74712.1,1034.683,34.679,0.047,0.047,0.058,8.826,96.471,5.446,105.436,0,5.458,5.461,NA,44
"5/23/2022 4:38:22 PM",1.006,30.216,52.281,83.279,74706.4,1034.68,34.675,0.062,0.062,0.029,8.827,96.555,5.451,107.815,0,5.463,5.467,NA,44
"5/23/2022 4:38:23 PM",0.97,30.216,52.281,83.278,74705.4,1034.679,34.675,0.055,0.055,0.015,8.827,96.483,5.447,107.984,0,5.459,5.463,NA,44
"5/23/2022 4:38:23 PM",0.9,30.215,52.279,83.275,74703.6,1034.678,34.674,0.047,0.047,0.015,8.829,96.622,5.455,95.665,0,5.467,5.47,NA,44
"5/23/2022 4:38:23 PM",0.862,30.215,52.276,83.27,74700.1,1034.675,34.672,0.055,0.055,0.015,8.829,96.493,5.448,98.724,0,5.46,5.463,NA,44
"5/23/2022 4:38:23 PM",0.806,30.215,52.275,83.268,74698.3,1034.674,34.671,0.055,0.055,0,8.83,96.619,5.455,94.986,0,5.466,5.47,NA,44
"5/23/2022 4:38:23 PM",0.787,30.214,52.276,83.27,74700.5,1034.676,34.672,0.062,0.062,0.044,8.83,96.512,5.449,98.809,0,5.46,5.464,NA,44
"5/23/2022 4:38:24 PM",0.761,30.215,52.273,83.265,74695.7,1034.672,34.669,0.047,0.047,0.044,8.832,96.653,5.457,112.402,0,5.468,5.472,NA,44
"5/23/2022 4:38:24 PM",0.744,30.215,52.272,83.266,74695.4,1034.672,34.669,0.047,0.047,0,8.833,96.538,5.45,116.226,0,5.462,5.466,NA,44
"5/23/2022 4:38:24 PM",0.735,30.215,52.27,83.262,74692.1,1034.67,34.667,0.07,0.07,0.015,8.832,96.467,5.446,120.898,0,5.458,5.462,NA,44
"5/23/2022 4:38:24 PM",0.73,30.214,52.269,83.259,74690.6,1034.669,34.666,0.047,0.047,0.029,8.832,96.518,5.449,124.467,0,5.461,5.464,NA,44
"5/23/2022 4:38:24 PM",0.759,30.21,52.27,83.255,74693.3,1034.672,34.669,0.055,0.055,0.029,8.832,96.508,5.448,130.499,0,5.46,5.464,NA,44
"5/23/2022 4:38:25 PM",0.775,30.209,52.271,83.253,74694.2,1034.673,34.67,0.055,0.055,0.044,8.833,96.411,5.443,112.742,0,5.454,5.458,NA,44
"5/23/2022 4:38:25 PM",0.772,30.209,52.271,83.255,74694.1,1034.673,34.67,0.671,0.671,0.116,8.832,96.549,5.45,100.763,0,5.462,5.466,NA,44
"5/23/2022 4:38:25 PM",0.763,30.21,52.267,83.25,74689.4,1034.67,34.667,0.359,0.359,0.16,8.832,96.608,5.454,107.815,0,5.465,5.469,NA,44
"5/23/2022 4:38:25 PM",0.733,30.21,52.268,83.251,74690.9,1034.671,34.668,0.25,0.25,0.131,8.832,96.573,5.452,118.01,0,5.463,5.467,NA,44
"5/23/2022 4:38:25 PM",0.72,30.21,52.268,83.251,74690.5,1034.671,34.668,0.328,0.328,0.087,8.834,96.574,5.452,118.519,0,5.464,5.467,NA,44
"5/23/2022 4:38:26 PM",0.747,30.21,52.264,83.245,74685.1,1034.667,34.664,0.125,0.125,0.029,8.835,96.619,5.455,102.207,0,5.466,5.47,NA,44
"5/23/2022 4:38:26 PM",0.815,30.211,52.266,83.249,74687.6,1034.669,34.665,0.086,0.086,0.044,8.835,96.551,5.451,115.461,0,5.462,5.466,NA,44
"5/23/2022 4:38:26 PM",0.907,30.21,52.265,83.248,74686.6,1034.669,34.665,0.047,0.047,0.029,8.835,96.586,5.453,114.017,0,5.465,5.468,NA,44
"5/23/2022 4:38:26 PM",1.018,30.21,52.263,83.246,74685.1,1034.668,34.664,0.047,0.047,0.044,8.835,96.568,5.452,114.441,0,5.463,5.467,NA,44
"5/23/2022 4:38:26 PM",1.15,30.212,52.267,83.253,74689.8,1034.671,34.666,0.07,0.07,0.058,8.835,96.602,5.453,130.074,0,5.465,5.469,NA,44
"5/23/2022 4:38:27 PM",1.183,30.212,52.267,83.254,74689.4,1034.671,34.666,0.086,0.086,0.102,8.835,96.55,5.451,128.63,0,5.462,5.466,NA,44
"5/23/2022 4:38:27 PM",1.147,30.212,52.27,83.258,74692.6,1034.673,34.668,0.062,0.062,0.102,8.835,96.49,5.447,133.812,0,5.459,5.463,NA,44
"5/23/2022 4:38:27 PM",1.119,30.212,52.271,83.259,74694.5,1034.674,34.669,0.047,0.047,0.044,8.835,96.493,5.447,149.785,0,5.459,5.462,NA,44
"5/23/2022 4:38:27 PM",1.079,30.212,52.269,83.257,74692.1,1034.672,34.668,0.055,0.055,0.029,8.834,96.542,5.45,178.331,0,5.462,5.466,NA,44
"5/23/2022 4:38:27 PM",1.063,30.212,52.266,83.253,74688.4,1034.67,34.665,0.055,0.055,0.058,8.834,96.574,5.452,183.429,0,5.464,5.467,NA,44
"5/23/2022 4:38:28 PM",1.091,30.213,52.267,83.254,74688.7,1034.67,34.665,0.062,0.062,0.058,8.835,96.546,5.45,148.765,0,5.462,5.465,NA,44
"5/23/2022 4:38:28 PM",1.138,30.213,52.267,83.255,74689.2,1034.67,34.666,0.078,0.078,0.044,8.834,96.571,5.451,98.299,0,5.463,5.467,NA,44
"5/23/2022 4:38:28 PM",1.235,30.213,52.266,83.254,74687.7,1034.67,34.665,0.062,0.062,0.029,8.834,96.586,5.452,68.223,0,5.464,5.468,NA,44
"5/23/2022 4:38:28 PM",1.388,30.214,52.264,83.251,74684.9,1034.669,34.663,0.055,0.055,0.073,8.835,96.507,5.448,90.738,0,5.459,5.463,NA,44
"5/23/2022 4:38:28 PM",1.511,30.213,52.266,83.255,74688.3,1034.671,34.665,0.047,0.047,0.073,8.836,96.542,5.45,98.469,0,5.461,5.465,NA,44
"5/23/2022 4:38:29 PM",1.638,30.213,52.273,83.264,74697.1,1034.677,34.67,0.055,0.055,0.073,8.836,96.575,5.451,86.659,0,5.463,5.467,NA,44
"5/23/2022 4:38:29 PM",1.772,30.213,52.285,83.28,74712.2,1034.687,34.68,0.062,0.062,0.073,8.836,96.548,5.449,99.318,0,5.461,5.465,NA,44
"5/23/2022 4:38:29 PM",2.002,30.213,52.288,83.283,74715.1,1034.69,34.681,0.039,0.039,0.044,8.837,96.482,5.445,97.11,0,5.457,5.461,NA,44
"5/23/2022 4:38:29 PM",2.167,30.212,52.304,83.305,74736,1034.704,34.694,0.055,0.055,0.029,8.837,96.56,5.449,103.227,0,5.461,5.465,NA,44
"5/23/2022 4:38:30 PM",2.28,30.212,52.3,83.3,74730.7,1034.701,34.691,0.07,0.07,0.087,8.837,96.517,5.447,110.958,0,5.459,5.462,NA,44
"5/23/2022 4:38:30 PM",2.407,30.212,52.304,83.304,74735.2,1034.704,34.694,0.062,0.062,0.102,8.837,96.675,5.456,97.025,0,5.468,5.471,NA,44
"5/23/2022 4:38:30 PM",2.594,30.209,52.309,83.308,74741.8,1034.709,34.698,0.055,0.055,0.029,8.837,96.678,5.456,86.999,0,5.468,5.471,NA,44
"5/23/2022 4:38:30 PM",2.697,30.21,52.31,83.31,74743.2,1034.711,34.699,0.047,0.047,0.029,8.837,96.482,5.445,77.654,0,5.456,5.46,NA,44
"5/23/2022 4:38:30 PM",2.81,30.209,52.317,83.318,74752.4,1034.717,34.705,0.055,0.055,0.044,8.837,96.628,5.453,74.85,0,5.465,5.468,NA,44
"5/23/2022 4:38:31 PM",2.936,30.208,52.318,83.319,74753.6,1034.718,34.706,0.047,0.047,0.044,8.836,96.536,5.448,67.883,0,5.46,5.463,NA,44
"5/23/2022 4:38:31 PM",3.08,30.207,52.319,83.319,74755,1034.72,34.707,0.047,0.047,0.044,8.836,96.548,5.448,68.053,0,5.46,5.464,NA,44
"5/23/2022 4:38:31 PM",3.306,30.207,52.324,83.326,74761.1,1034.725,34.711,0.031,0.031,0,8.836,96.55,5.448,68.053,0,5.46,5.464,NA,44
"5/23/2022 4:38:31 PM",3.461,30.206,52.325,83.326,74763,1034.727,34.712,0.047,0.047,0,8.836,96.426,5.441,72.641,0,5.453,5.457,NA,44
"5/23/2022 4:38:31 PM",3.617,30.208,52.326,83.33,74763.3,1034.727,34.712,0.047,0.047,0,8.836,96.471,5.444,66.694,0,5.455,5.459,NA,44
"5/23/2022 4:38:32 PM",3.78,30.209,52.329,83.335,74767.2,1034.73,34.714,0.031,0.031,0.029,8.836,96.637,5.453,56.838,0,5.465,5.468,NA,44
"5/23/2022 4:38:32 PM",3.992,30.209,52.337,83.346,74777.1,1034.737,34.72,0.078,0.078,0.131,8.834,96.505,5.445,43.245,0,5.457,5.461,NA,44
"5/23/2022 4:38:32 PM",4.079,30.208,52.342,83.352,74783.8,1034.742,34.724,0.101,0.101,0.131,8.834,96.412,5.44,52.93,0,5.452,5.455,NA,44
"5/23/2022 4:38:32 PM",4.179,30.207,52.345,83.355,74787.3,1034.744,34.727,0.062,0.062,0.073,8.834,96.544,5.447,65.844,0,5.459,5.463,NA,44
"5/23/2022 4:38:32 PM",4.315,30.208,52.345,83.357,74788,1034.745,34.727,0.062,0.062,0.058,8.834,96.512,5.446,67.373,0,5.457,5.461,NA,44
"5/23/2022 4:38:33 PM",4.455,30.208,52.353,83.368,74797.9,1034.752,34.733,0.039,0.039,0.044,8.834,96.536,5.447,61.511,0,5.458,5.462,NA,44
"5/23/2022 4:38:33 PM",4.669,30.207,52.355,83.369,74800.3,1034.754,34.735,0.062,0.062,0.058,8.834,96.438,5.441,62.191,0,5.453,5.456,NA,44
"5/23/2022 4:38:33 PM",4.813,30.207,52.352,83.366,74797.2,1034.753,34.732,0.062,0.062,0.044,8.835,96.468,5.443,59.047,0,5.454,5.458,NA,44
"5/23/2022 4:38:33 PM",4.955,30.203,52.352,83.359,74797.5,1034.755,34.734,0.047,0.047,0.029,8.834,96.477,5.443,60.322,0,5.455,5.459,NA,44
"5/23/2022 4:38:33 PM",5.091,30.201,52.355,83.359,74800.8,1034.758,34.736,0.047,0.047,0.029,8.834,96.734,5.458,65.844,0,5.47,5.473,NA,44
"5/23/2022 4:38:34 PM",5.235,30.2,52.343,83.342,74786.8,1034.75,34.728,0.07,0.07,0.058,8.834,96.608,5.451,70.517,0,5.463,5.466,NA,44
"5/23/2022 4:38:34 PM",5.466,30.2,52.35,83.352,74795.6,1034.756,34.733,0.055,0.055,0.029,8.834,96.557,5.448,61.851,0,5.459,5.463,NA,44
"5/23/2022 4:38:34 PM",5.615,30.2,52.354,83.356,74799.9,1034.76,34.736,0.055,0.055,0.058,8.834,96.586,5.449,51.401,0,5.461,5.465,NA,44
"5/23/2022 4:38:34 PM",5.768,30.199,52.358,83.361,74805.3,1034.764,34.74,0.047,0.047,0.029,8.833,96.613,5.451,42.48,0,5.463,5.466,NA,44
"5/23/2022 4:38:34 PM",5.924,30.201,52.357,83.363,74804.3,1034.763,34.738,0.047,0.047,0.029,8.832,96.56,5.448,39.591,0,5.459,5.463,NA,44
"5/23/2022 4:38:35 PM",6.143,30.2,52.36,83.366,74807.6,1034.766,34.74,0.055,0.055,0.044,8.833,96.497,5.444,40.781,0,5.456,5.459,NA,44
"5/23/2022 4:38:35 PM",6.269,30.201,52.359,83.367,74807.2,1034.767,34.74,0.07,0.07,0.073,8.833,96.534,5.446,46.473,0,5.458,5.462,NA,44
"5/23/2022 4:38:35 PM",6.408,30.201,52.362,83.372,74811,1034.769,34.742,0.062,0.062,0.087,8.833,96.603,5.45,46.728,0,5.462,5.465,NA,44
"5/23/2022 4:38:35 PM",6.566,30.202,52.36,83.37,74808.4,1034.768,34.74,0.047,0.047,0.029,8.831,96.619,5.451,45.114,0,5.462,5.466,NA,44
"5/23/2022 4:38:35 PM",6.726,30.202,52.362,83.373,74811.2,1034.77,34.742,0.047,0.047,0.044,8.831,96.496,5.444,48.937,0,5.456,5.46,NA,44
"5/23/2022 4:38:36 PM",6.927,30.202,52.365,83.377,74814.7,1034.773,34.744,0.039,0.039,0.044,8.831,96.552,5.447,58.792,0,5.459,5.462,NA,44
"5/23/2022 4:38:36 PM",7.073,30.2,52.368,83.379,74818.8,1034.777,34.747,0.047,0.047,0.058,8.831,96.561,5.447,61.511,0,5.459,5.463,NA,44
"5/23/2022 4:38:36 PM",7.229,30.2,52.369,83.379,74820,1034.778,34.748,0.055,0.055,0.044,8.831,96.528,5.445,58.962,0,5.457,5.461,NA,44
"5/23/2022 4:38:36 PM",7.349,30.199,52.368,83.377,74819.1,1034.779,34.747,0.055,0.055,0.058,8.831,96.53,5.446,55.989,0,5.457,5.461,NA,44
"5/23/2022 4:38:36 PM",7.476,30.199,52.371,83.381,74822.2,1034.781,34.749,0.062,0.062,0.087,8.831,96.633,5.451,53.355,0,5.463,5.467,NA,44
"5/23/2022 4:38:37 PM",7.693,30.2,52.374,83.386,74826.1,1034.784,34.751,0.047,0.047,0.015,8.833,96.523,5.445,53.695,0,5.457,5.461,NA,44
"5/23/2022 4:38:37 PM",7.837,30.201,52.371,83.384,74823,1034.782,34.749,0.062,0.062,0.058,8.833,96.486,5.443,53.015,0,5.455,5.458,NA,44
"5/23/2022 4:38:37 PM",7.983,30.198,52.366,83.372,74817.1,1034.78,34.746,0.047,0.047,0.029,8.833,96.582,5.449,52.505,0,5.46,5.464,NA,44
"5/23/2022 4:38:37 PM",8.13,30.182,52.371,83.356,74825.5,1034.791,34.756,0.055,0.055,0.015,8.833,96.541,5.446,55.224,0,5.458,5.462,NA,44
"5/23/2022 4:38:37 PM",8.349,30.177,52.385,83.366,74842.4,1034.803,34.768,0.055,0.055,0.029,8.833,96.477,5.442,57.688,0,5.454,5.458,NA,44
"5/23/2022 4:38:38 PM",8.498,30.177,52.379,83.359,74835.5,1034.8,34.763,0.055,0.055,0.044,8.832,96.483,5.443,54.12,0,5.455,5.459,NA,44
"5/23/2022 4:38:38 PM",8.653,30.175,52.379,83.356,74836.1,1034.801,34.764,0.055,0.055,0.058,8.831,96.442,5.441,51.656,0,5.453,5.457,NA,44
"5/23/2022 4:38:38 PM",8.798,30.177,52.384,83.366,74841.8,1034.805,34.767,0.062,0.062,0.029,8.83,96.688,5.455,51.996,0,5.466,5.47,NA,44
"5/23/2022 4:38:38 PM",9.031,30.177,52.382,83.362,74839.1,1034.804,34.766,0.062,0.062,0.029,8.83,96.525,5.446,55.734,0,5.458,5.461,NA,44
"5/23/2022 4:38:38 PM",9.185,30.177,52.384,83.366,74842.4,1034.807,34.768,0.062,0.062,0.015,8.83,96.517,5.445,59.557,0,5.457,5.461,NA,44
"5/23/2022 4:38:39 PM",9.338,30.183,52.384,83.375,74841.6,1034.805,34.765,0.055,0.055,0.015,8.831,96.591,5.45,57.603,0,5.461,5.465,NA,44
"5/23/2022 4:38:39 PM",9.496,30.182,52.382,83.372,74839.4,1034.804,34.764,0.031,0.031,0.015,8.83,96.648,5.453,58.368,0,5.464,5.468,NA,44
"5/23/2022 4:38:39 PM",9.642,30.183,52.38,83.369,74836.4,1034.803,34.762,0.047,0.047,0.044,8.83,96.639,5.452,62.191,0,5.464,5.468,NA,44
"5/23/2022 4:38:39 PM",9.868,30.177,52.375,83.353,74831.1,1034.802,34.76,0.07,0.07,0.058,8.829,96.663,5.454,63.38,0,5.465,5.469,NA,44
"5/23/2022 4:38:40 PM",10.026,30.167,52.375,83.34,74833.2,1034.807,34.764,0.055,0.055,0.044,8.829,96.581,5.449,64.4,0,5.461,5.465,NA,44
"5/23/2022 4:38:40 PM",10.177,30.159,52.376,83.328,74834.9,1034.811,34.768,0.039,0.039,0,8.829,96.515,5.446,61.851,0,5.457,5.461,NA,44
"5/23/2022 4:38:40 PM",10.328,30.146,52.374,83.307,74834.4,1034.815,34.771,0.062,0.062,0.073,8.828,96.626,5.452,60.067,0,5.464,5.468,NA,44
"5/23/2022 4:38:40 PM",10.444,30.124,52.388,83.293,74854.3,1034.834,34.79,0.078,0.078,0.131,8.828,96.628,5.452,72.811,0,5.464,5.468,NA,44
"5/23/2022 4:38:40 PM",10.407,30.122,52.388,83.289,74853.9,1034.834,34.79,0.07,0.07,0.058,8.828,96.484,5.445,68.563,0,5.457,5.461,NA,44
"5/23/2022 4:38:41 PM",10.308,30.122,52.391,83.293,74857.8,1034.836,34.792,0.062,0.062,0.058,8.829,96.405,5.441,61.341,0,5.453,5.457,NA,44
"5/23/2022 4:38:41 PM",10.184,30.122,52.414,83.325,74886.3,1034.853,34.81,0.062,0.062,0.058,8.829,96.492,5.445,61.171,0,5.457,5.461,NA,44
"5/23/2022 4:38:41 PM",9.956,30.136,52.406,83.335,74875.3,1034.842,34.799,0.039,0.039,0.073,8.829,96.527,5.448,63.89,0,5.459,5.463,NA,44
"5/23/2022 4:38:41 PM",9.803,30.143,52.415,83.359,74885.4,1034.845,34.803,0.055,0.055,0.073,8.83,96.682,5.456,67.288,0,5.468,5.471,NA,44
"5/23/2022 4:38:41 PM",9.635,30.158,52.404,83.365,74869.1,1034.83,34.789,0.055,0.055,0.044,8.83,96.537,5.448,70.517,0,5.46,5.463,NA,44
"5/23/2022 4:38:42 PM",9.472,30.168,52.398,83.371,74860.1,1034.821,34.781,0.07,0.07,0.058,8.831,96.612,5.452,76.804,0,5.464,5.468,NA,44
"5/23/2022 4:38:42 PM",9.29,30.174,52.395,83.377,74856.4,1034.816,34.777,0.062,0.062,0.073,8.829,96.665,5.455,80.457,0,5.466,5.47,NA,44
"5/23/2022 4:38:42 PM",9.026,30.177,52.396,83.383,74856.2,1034.814,34.776,0.031,0.031,0.044,8.829,96.584,5.45,80.542,0,5.461,5.465,NA,44
"5/23/2022 4:38:42 PM",8.864,30.182,52.395,83.388,74854.3,1034.811,34.773,0.055,0.055,0.044,8.829,96.607,5.451,77.059,0,5.463,5.466,NA,44
"5/23/2022 4:38:42 PM",8.703,30.184,52.393,83.389,74852.3,1034.809,34.772,0.055,0.055,0.029,8.829,96.624,5.451,83.516,0,5.463,5.467,NA,44
"5/23/2022 4:38:43 PM",8.569,30.187,52.388,83.386,74845.6,1034.803,34.767,0.055,0.055,0.044,8.829,96.544,5.447,92.607,0,5.459,5.462,NA,44
"5/23/2022 4:38:43 PM",8.418,30.185,52.389,83.385,74846.7,1034.804,34.768,0.047,0.047,0.044,8.828,96.565,5.448,103.312,0,5.459,5.463,NA,44
"5/23/2022 4:38:43 PM",8.361,30.184,52.388,83.383,74845.9,1034.803,34.768,0.055,0.055,0.029,8.828,96.624,5.451,106.2,0,5.463,5.467,NA,44
"5/23/2022 4:38:43 PM",8.302,30.184,52.388,83.383,74846.3,1034.803,34.768,0.047,0.047,0.044,8.829,96.657,5.453,107.135,0,5.464,5.468,NA,44
"5/23/2022 4:38:43 PM",8.215,30.185,52.392,83.39,74850.7,1034.805,34.77,0.055,0.055,0.029,8.829,96.634,5.451,112.402,0,5.463,5.466,NA,44
"5/23/2022 4:38:44 PM",8.111,30.189,52.387,83.388,74843.2,1034.799,34.765,0.062,0.062,0.029,8.829,96.563,5.447,124.467,0,5.459,5.463,NA,44
"5/23/2022 4:38:44 PM",7.965,30.192,52.388,83.394,74844.1,1034.798,34.765,0.062,0.062,0.058,8.83,96.57,5.448,107.815,0,5.459,5.463,NA,44
"5/23/2022 4:38:44 PM",7.939,30.196,52.386,83.396,74841.6,1034.796,34.762,0.07,0.07,0.044,8.83,96.701,5.455,91.332,0,5.467,5.47,NA,44
"5/23/2022 4:38:44 PM",7.963,30.198,52.384,83.397,74839,1034.794,34.76,0.062,0.062,0.044,8.83,96.577,5.448,80.033,0,5.46,5.463,NA,44
"5/23/2022 4:38:44 PM",8.019,30.199,52.382,83.396,74836.9,1034.792,34.758,0.062,0.062,0.044,8.83,96.579,5.448,71.367,0,5.459,5.463,NA,44
"5/23/2022 4:38:45 PM",8.052,30.198,52.381,83.393,74835.7,1034.792,34.758,0.07,0.07,0.044,8.83,96.553,5.446,68.988,0,5.458,5.462,NA,44
"5/23/2022 4:38:45 PM",7.976,30.197,52.384,83.395,74839.1,1034.794,34.76,0.07,0.07,0.044,8.83,96.568,5.447,72.641,0,5.459,5.462,NA,44
"5/23/2022 4:38:45 PM",7.894,30.198,52.379,83.391,74833,1034.79,34.756,0.062,0.062,0.044,8.829,96.523,5.444,83.856,0,5.456,5.46,NA,44
"5/23/2022 4:38:45 PM",7.785,30.198,52.379,83.389,74832.2,1034.789,34.756,0.055,0.055,0.044,8.828,96.55,5.446,88.868,0,5.458,5.461,NA,44
"5/23/2022 4:38:45 PM",7.663,30.196,52.378,83.386,74832,1034.789,34.756,0.047,0.047,0.029,8.829,96.619,5.45,89.718,0,5.462,5.465,NA,44
"5/23/2022 4:38:46 PM",7.453,30.194,52.377,83.381,74830.3,1034.787,34.756,0.047,0.047,0.044,8.829,96.524,5.445,93.796,0,5.456,5.46,NA,44
"5/23/2022 4:38:46 PM",7.309,30.192,52.38,83.382,74834.1,1034.79,34.759,0.055,0.055,0.029,8.828,96.654,5.452,87.254,0,5.464,5.467,NA,44
"5/23/2022 4:38:46 PM",7.188,30.192,52.375,83.375,74828.2,1034.786,34.755,0.07,0.07,0.044,8.828,96.531,5.445,81.477,0,5.457,5.461,NA,44
"5/23/2022 4:38:46 PM",7.052,30.19,52.374,83.371,74827.5,1034.785,34.755,0.055,0.055,0.058,8.829,96.602,5.449,78.758,0,5.461,5.465,NA,44
"5/23/2022 4:38:46 PM",6.906,30.189,52.374,83.369,74827.6,1034.785,34.756,0.055,0.055,0.073,8.829,96.634,5.451,79.863,0,5.463,5.466,NA,44
"5/23/2022 4:38:47 PM",6.649,30.189,52.373,83.367,74825.9,1034.783,34.755,0.055,0.055,0.058,8.83,96.647,5.452,74.765,0,5.464,5.467,NA,44
"5/23/2022 4:38:47 PM",6.474,30.191,52.375,83.373,74827.5,1034.783,34.755,0.055,0.055,0.029,8.831,96.626,5.451,80.033,0,5.462,5.466,NA,44
"5/23/2022 4:38:47 PM",6.313,30.196,52.368,83.371,74818.9,1034.775,34.749,0.047,0.047,0.058,8.831,96.57,5.448,83.516,0,5.459,5.463,NA,44
"5/23/2022 4:38:47 PM",6.174,30.196,52.359,83.359,74807.4,1034.768,34.741,0.062,0.062,0.044,8.832,96.524,5.445,93.711,0,5.457,5.461,NA,44
"5/23/2022 4:38:47 PM",6.035,30.192,52.359,83.353,74808.3,1034.769,34.743,0.055,0.055,0.029,8.832,96.551,5.447,95.75,0,5.458,5.462,NA,44
"5/23/2022 4:38:48 PM",5.966,30.19,52.361,83.352,74810.2,1034.77,34.745,0.055,0.055,0.029,8.832,96.618,5.45,97.619,0,5.462,5.466,NA,44
"5/23/2022 4:38:48 PM",5.884,30.191,52.362,83.354,74811.1,1034.77,34.745,0.055,0.055,0.044,8.833,96.561,5.447,117.075,0,5.459,5.463,NA,44
"5/23/2022 4:38:48 PM",5.795,30.192,52.361,83.354,74809.6,1034.769,34.744,0.047,0.047,0.029,8.833,96.693,5.455,122.598,0,5.467,5.47,NA,44
"5/23/2022 4:38:48 PM",5.716,30.195,52.36,83.359,74809,1034.767,34.743,0.062,0.062,0.015,8.832,96.592,5.449,107.73,0,5.461,5.464,NA,44
"5/23/2022 4:38:48 PM",5.641,30.199,52.355,83.358,74801.7,1034.761,34.737,0.109,0.109,0.029,8.832,96.63,5.451,113.422,0,5.463,5.467,NA,44
"5/23/2022 4:38:49 PM",5.589,30.201,52.356,83.362,74803,1034.761,34.738,0.429,0.429,0.146,8.832,96.619,5.451,132.793,0,5.462,5.466,NA,44
"5/23/2022 4:38:49 PM",5.532,30.202,52.353,83.359,74799.2,1034.758,34.735,0.211,0.211,0.087,8.831,96.574,5.448,136.786,0,5.46,5.464,NA,44
"5/23/2022 4:38:49 PM",5.469,30.203,52.351,83.357,74795.7,1034.756,34.733,0.109,0.109,0.029,8.831,96.574,5.448,135.172,0,5.46,5.464,NA,44
"5/23/2022 4:38:49 PM",5.342,30.203,52.352,83.358,74797.3,1034.756,34.734,0.062,0.062,0.058,8.831,96.613,5.45,123.447,0,5.462,5.466,NA,44
"5/23/2022 4:38:50 PM",5.238,30.204,52.348,83.355,74792.9,1034.753,34.731,0.07,0.07,0.044,8.831,96.611,5.45,104.841,0,5.462,5.465,NA,44
"5/23/2022 4:38:50 PM",5.118,30.203,52.348,83.353,74792.2,1034.752,34.73,0.055,0.055,0.058,8.831,96.574,5.448,89.038,0,5.46,5.463,NA,44
"5/23/2022 4:38:50 PM",4.973,30.202,52.347,83.35,74790.8,1034.751,34.73,0.055,0.055,0.044,8.833,96.616,5.45,79.608,0,5.462,5.466,NA,44
"5/23/2022 4:38:50 PM",4.813,30.203,52.342,83.345,74784.3,1034.746,34.726,0.039,0.039,0,8.833,96.518,5.445,76.549,0,5.456,5.46,NA,44
"5/23/2022 4:38:50 PM",4.615,30.204,52.33,83.33,74769.8,1034.736,34.717,0.055,0.055,0.029,8.833,96.577,5.448,127.016,0,5.46,5.464,NA,44
"5/23/2022 4:38:51 PM",4.48,30.204,52.326,83.323,74764.4,1034.732,34.713,0.055,0.055,0.015,8.833,96.68,5.454,128.12,0,5.466,5.47,NA,44
"5/23/2022 4:38:51 PM",4.341,30.203,52.321,83.317,74759.2,1034.729,34.71,0.062,0.062,0.044,8.834,96.618,5.451,94.731,0,5.463,5.466,NA,44
"5/23/2022 4:38:51 PM",4.207,30.203,52.315,83.308,74751.1,1034.723,34.705,0.047,0.047,0.044,8.833,96.43,5.44,105.86,0,5.452,5.456,NA,44
"5/23/2022 4:38:51 PM",4.099,30.204,52.303,83.292,74736.4,1034.714,34.696,0.047,0.047,0.044,8.835,96.56,5.448,122.343,0,5.46,5.463,NA,44
"5/23/2022 4:38:51 PM",3.943,30.203,52.296,83.282,74727.3,1034.708,34.691,0.062,0.062,0.058,8.834,96.509,5.445,166.352,0,5.457,5.461,NA,44
"5/23/2022 4:38:52 PM",3.856,30.204,52.294,83.28,74724.3,1034.705,34.689,0.062,0.062,0.058,8.834,96.518,5.446,119.114,0,5.458,5.461,NA,44
"5/23/2022 4:38:52 PM",3.773,30.205,52.292,83.278,74722.1,1034.703,34.687,0.047,0.047,0.029,8.833,96.623,5.452,110.193,0,5.464,5.467,NA,44
"5/23/2022 4:38:52 PM",3.695,30.205,52.292,83.278,74721.8,1034.703,34.687,0.047,0.047,0.044,8.833,96.594,5.45,103.736,0,5.462,5.466,NA,44
"5/23/2022 4:38:52 PM",3.549,30.205,52.288,83.273,74717.2,1034.699,34.684,0.047,0.047,0,8.832,96.639,5.453,115.971,0,5.465,5.468,NA,44
"5/23/2022 4:38:52 PM",3.462,30.205,52.285,83.269,74713.2,1034.697,34.682,0.047,0.047,0.029,8.832,96.548,5.448,139.165,0,5.459,5.463,NA,44
"5/23/2022 4:38:53 PM",3.362,30.205,52.284,83.267,74712,1034.695,34.681,0.055,0.055,0.044,8.831,96.472,5.444,139.08,0,5.455,5.459,NA,44
"5/23/2022 4:38:53 PM",3.271,30.205,52.282,83.265,74709.7,1034.694,34.68,0.047,0.047,0.044,8.831,96.486,5.444,138.57,0,5.456,5.46,NA,44
"5/23/2022 4:38:53 PM",3.124,30.206,52.275,83.257,74700.7,1034.687,34.674,0.047,0.047,0.015,8.831,96.617,5.452,125.061,0,5.464,5.467,NA,44
"5/23/2022 4:38:53 PM",3.014,30.207,52.273,83.256,74698.7,1034.685,34.673,0.047,0.047,0.044,8.831,96.545,5.448,136.786,0,5.46,5.463,NA,44
"5/23/2022 4:38:53 PM",2.902,30.207,52.272,83.254,74697.2,1034.684,34.672,0.055,0.055,0.044,8.831,96.526,5.447,117.84,0,5.458,5.462,NA,44
"5/23/2022 4:38:54 PM",2.808,30.207,52.269,83.25,74693.3,1034.681,34.669,0.062,0.062,0.073,8.831,96.595,5.451,107.135,0,5.462,5.466,NA,44
"5/23/2022 4:38:54 PM",2.709,30.207,52.268,83.249,74692.4,1034.68,34.669,0.047,0.047,0.058,8.832,96.593,5.451,88.783,0,5.462,5.466,NA,44
"5/23/2022 4:38:54 PM",2.574,30.206,52.266,83.244,74689.9,1034.679,34.668,0.047,0.047,0.058,8.832,96.433,5.441,127.27,0,5.453,5.457,NA,44
"5/23/2022 4:38:54 PM",2.502,30.206,52.263,83.241,74686.3,1034.676,34.665,0.062,0.062,0.044,8.831,96.565,5.449,135.766,0,5.461,5.464,NA,44
"5/23/2022 4:38:54 PM",2.436,30.206,52.262,83.238,74684.4,1034.675,34.664,0.062,0.062,0.029,8.831,96.566,5.449,115.206,0,5.461,5.465,NA,44
"5/23/2022 4:38:55 PM",2.374,30.205,52.26,83.235,74682.2,1034.673,34.663,0.047,0.047,0,8.83,96.454,5.443,135.512,0,5.455,5.458,NA,44
"5/23/2022 4:38:55 PM",2.308,30.205,52.259,83.232,74680.7,1034.672,34.662,0.07,0.07,0.058,8.829,96.487,5.445,163.378,0,5.457,5.46,NA,44
"5/23/2022 4:38:55 PM",2.261,30.205,52.258,83.231,74679.3,1034.671,34.662,0.07,0.07,0.044,8.829,96.509,5.446,144.517,0,5.458,5.461,NA,44
"5/23/2022 4:38:55 PM",2.223,30.205,52.258,83.231,74679.4,1034.671,34.662,0.055,0.055,0.029,8.829,96.468,5.444,136.531,0,5.455,5.459,NA,44
"5/23/2022 4:38:55 PM",2.195,30.205,52.258,83.231,74679.1,1034.671,34.661,0.055,0.055,0.044,8.829,96.587,5.45,128.97,0,5.462,5.466,NA,44
"5/23/2022 4:38:56 PM",2.157,30.205,52.259,83.231,74680.2,1034.671,34.662,0.062,0.062,0.102,8.829,96.551,5.448,125.741,0,5.46,5.464,NA,44
"5/23/2022 4:38:56 PM",2.101,30.204,52.256,83.227,74676.8,1034.669,34.66,0.039,0.039,0.044,8.829,96.581,5.45,123.532,0,5.462,5.466,NA,44
"5/23/2022 4:38:56 PM",2.051,30.205,52.255,83.226,74675.6,1034.668,34.659,0.039,0.039,0,8.829,96.466,5.444,111.808,0,5.455,5.459,NA,44
"5/23/2022 4:38:56 PM",1.995,30.204,52.256,83.227,74676.5,1034.668,34.66,0.047,0.047,0.029,8.829,96.474,5.444,124.212,0,5.456,5.459,NA,44
"5/23/2022 4:38:56 PM",1.928,30.204,52.253,83.223,74673.4,1034.666,34.658,0.047,0.047,0.029,8.832,96.484,5.445,141.289,0,5.456,5.46,NA,44
"5/23/2022 4:38:57 PM",1.801,30.204,52.249,83.218,74668.8,1034.663,34.655,0.086,0.086,0.058,8.828,96.533,5.448,117.245,0,5.459,5.463,NA,44
"5/23/2022 4:38:57 PM",1.702,30.204,52.248,83.215,74666.8,1034.662,34.654,0.07,0.07,0.058,8.828,96.543,5.448,92.352,0,5.46,5.464,NA,44
"5/23/2022 4:38:57 PM",1.575,30.203,52.246,83.211,74664.3,1034.66,34.653,0.039,0.039,0.087,8.826,96.496,5.445,81.902,0,5.457,5.461,NA,44
"5/23/2022 4:38:57 PM",1.45,30.202,52.244,83.207,74662.7,1034.659,34.652,0.047,0.047,0.029,8.825,96.571,5.45,104.076,0,5.462,5.465,NA,44
"5/23/2022 4:38:57 PM",1.343,30.201,52.241,83.201,74658.5,1034.656,34.65,0.047,0.047,0.029,8.824,96.54,5.448,103.142,0,5.46,5.464,NA,44
"5/23/2022 4:38:58 PM",1.207,30.201,52.235,83.192,74650.9,1034.651,34.646,0.047,0.047,0,8.824,96.481,5.445,110.788,0,5.457,5.461,NA,44
"5/23/2022 4:38:58 PM",1.126,30.202,52.232,83.189,74646.8,1034.648,34.643,0.047,0.047,0,8.823,96.539,5.448,115.036,0,5.46,5.464,NA,44
"5/23/2022 4:38:58 PM",1.082,30.202,52.23,83.187,74644.3,1034.646,34.641,0.039,0.039,0.058,8.824,96.559,5.45,153.438,0,5.461,5.465,NA,44
"5/23/2022 4:38:58 PM",1.044,30.202,52.227,83.183,74641.6,1034.644,34.64,0.078,0.078,0.102,8.823,96.463,5.444,181.56,0,5.456,5.46,NA,44
"5/23/2022 4:38:59 PM",0.994,30.201,52.227,83.182,74641.1,1034.644,34.64,0.055,0.055,0.029,8.823,96.612,5.453,210.277,0,5.465,5.468,NA,44
"5/23/2022 4:38:59 PM",0.969,30.202,52.223,83.178,74636.3,1034.641,34.636,0.062,0.062,0.058,8.823,96.62,5.453,150.634,0,5.465,5.469,NA,44
"5/23/2022 4:38:59 PM",0.954,30.202,52.223,83.177,74635.8,1034.64,34.636,0.031,0.031,0,8.824,96.535,5.449,103.057,0,5.46,5.464,NA,44
"5/23/2022 4:38:59 PM",0.938,30.202,52.222,83.176,74634.9,1034.64,34.636,0.07,0.07,0.073,8.824,96.679,5.457,86.914,0,5.468,5.472,NA,44
"5/23/2022 4:38:59 PM",0.931,30.201,52.221,83.174,74633.5,1034.639,34.635,0.078,0.078,0.087,8.824,96.633,5.454,78.503,0,5.466,5.469,NA,44
"5/23/2022 4:39:00 PM",0.895,30.201,52.219,83.17,74631.4,1034.638,34.634,0.07,0.07,0.116,8.825,96.522,5.448,76.549,0,5.46,5.463,NA,44
"5/23/2022 4:39:00 PM",0.862,30.202,52.218,83.17,74630,1034.636,34.633,0.055,0.055,0.102,8.824,96.564,5.45,64.4,0,5.462,5.466,NA,44
"5/23/2022 4:39:00 PM",0.817,30.202,52.218,83.171,74629.7,1034.636,34.632,0.055,0.055,0.087,8.824,96.54,5.449,66.014,0,5.461,5.464,NA,44
"5/23/2022 4:39:00 PM",0.754,30.201,52.217,83.168,74628.6,1034.635,34.632,0.039,0.039,0.102,8.824,96.531,5.449,66.524,0,5.46,5.464,NA,44
"5/23/2022 4:39:00 PM",0.68,30.201,52.215,83.166,74626,1034.633,34.63,0.055,0.055,0.073,8.824,96.463,5.444,61.001,0,5.456,5.46,NA,44
"5/23/2022 4:39:01 PM",0.568,30.202,52.21,83.16,74620.2,1034.629,34.627,0.101,0.101,0.073,8.825,96.548,5.45,51.911,0,5.461,5.465,NA,44
"5/23/2022 4:39:01 PM",0.489,30.202,52.208,83.157,74617.6,1034.627,34.625,0.07,0.07,0.087,8.824,96.6,5.453,45.539,0,5.464,5.468,NA,44
"5/23/2022 4:39:01 PM",0.39,30.201,52.206,83.153,74614.7,1034.625,34.623,0.07,0.07,0.073,8.823,96.594,5.453,48.427,0,5.464,5.468,NA,44
"5/23/2022 4:39:01 PM",0.298,30.201,52.2,83.144,74606.9,1034.62,34.619,0.055,0.055,0.204,8.823,96.413,5.442,53.865,0,5.454,5.458,NA,44
"5/23/2022 4:39:01 PM",0.218,30.2,52.199,83.14,74606,1034.62,34.619,0.07,0.07,0.073,8.821,96.424,5.443,56.414,0,5.455,5.458,NA,44
"5/23/2022 4:39:02 PM",0.188,30.199,52.196,83.136,74602.4,1034.617,34.617,0.055,0.055,0.029,8.821,96.58,5.452,54.884,0,5.464,5.467,NA,44
"5/23/2022 4:39:02 PM",0.169,30.199,52.192,83.13,74598.1,1034.615,34.614,0.047,0.047,0.044,8.82,96.625,5.455,57.433,0,5.466,5.47,NA,44
"5/23/2022 4:39:02 PM",0.18,30.199,52.185,83.121,74589.7,1034.61,34.609,0.062,0.062,0.058,8.819,96.581,5.452,61.171,0,5.464,5.468,NA,44
"5/23/2022 4:39:02 PM",0.206,30.199,52.181,83.115,74584.5,1034.607,34.606,0.055,0.055,0.029,8.82,96.501,5.448,63.975,0,5.46,5.463,NA,44
"5/23/2022 4:39:02 PM",0.275,30.199,52.178,83.111,74580.8,1034.605,34.603,0.055,0.055,0.058,8.82,96.458,5.445,64.57,0,5.457,5.461,NA,44
"5/23/2022 4:39:03 PM",0.301,30.198,52.179,83.11,74581.3,1034.605,34.604,0.062,0.062,0.058,8.821,96.572,5.452,68.903,0,5.464,5.467,NA,44
"5/23/2022 4:39:03 PM",0.291,30.198,52.181,83.113,74584.2,1034.607,34.606,0.055,0.055,0.087,8.821,96.563,5.451,63.04,0,5.463,5.467,NA,44
"5/23/2022 4:39:03 PM",0.308,30.198,52.18,83.113,74583.4,1034.607,34.605,0.062,0.062,0.058,8.82,96.718,5.46,56.074,0,5.472,5.475,NA,44
"5/23/2022 4:39:03 PM",0.353,30.199,52.18,83.114,74583.5,1034.607,34.605,0.125,0.125,0.306,8.822,96.476,5.446,50.296,0,5.458,5.462,NA,44
"5/23/2022 4:39:03 PM",0.379,30.198,52.181,83.113,74584.3,1034.607,34.606,0.078,0.078,0.116,8.823,96.52,5.449,51.996,0,5.461,5.464,NA,44
"5/23/2022 4:39:04 PM",0.403,30.198,52.181,83.114,74584.5,1034.608,34.606,0.062,0.062,0.058,8.822,96.529,5.449,55.479,0,5.461,5.465,NA,44
"5/23/2022 4:39:04 PM",0.374,30.199,52.18,83.112,74582.5,1034.606,34.605,0.055,0.055,0.058,8.824,96.611,5.454,55.139,0,5.465,5.469,NA,44
"5/23/2022 4:39:04 PM",0.322,30.199,52.181,83.115,74584.1,1034.607,34.605,0.062,0.062,0.087,8.824,96.47,5.446,53.185,0,5.458,5.462,NA,44
"5/23/2022 4:39:04 PM",0.214,30.198,52.18,83.113,74583.1,1034.606,34.605,0.039,0.039,0.131,8.824,96.551,5.451,54.459,0,5.462,5.466,NA,44
"5/23/2022 4:39:04 PM",0.159,30.198,52.178,83.109,74580.3,1034.604,34.603,0.055,0.055,0.102,8.825,96.458,5.445,53.44,0,5.457,5.461,NA,44
"5/23/2022 4:39:05 PM",0.088,30.198,52.175,83.106,74577.1,1034.602,34.601,0.062,0.062,0.073,8.826,96.621,5.455,56.499,0,5.466,5.47,NA,44
"5/23/2022 4:39:05 PM",0,30.199,52.171,83.1,74571.4,1034.598,34.598,0.109,0.109,0.131,8.825,96.551,5.451,56.668,0,5.463,5.466,NA,44
"5/23/2022 4:39:05 PM",0,30.199,52.166,83.093,74565.3,1034.593,34.594,2.535,2.535,4.624,8.825,96.574,5.452,71.791,0,5.464,5.468,NA,44
"5/23/2022 4:39:05 PM",0,30.198,17.321,31.115,27921.9,1008.467,8.469,10.539,10.539,0,8.826,96.632,6.605,86.914,0,6.625,6.624,NA,44
"5/23/2022 4:39:05 PM",0,30.165,1.921,4.044,3631.7,997.034,0,260.818,260.818,687.071,8.824,96.605,7.186,84.111,0,7.206,7.206,NA,44
"5/23/2022 4:39:06 PM",0,30.048,1.377,2.946,2651.4,996.664,0,444.51,444.51,1137.779,8.824,96.451,7.196,88.019,0,7.217,7.217,NA,44
"5/23/2022 4:39:06 PM",0,29.969,1.144,2.467,2223.5,996.514,0,477.562,477.562,1085.991,8.822,96.124,7.181,87.339,0,7.202,7.202,NA,44
"5/23/2022 4:39:06 PM",0,29.779,0.872,1.898,1717.5,996.368,0,323.325,323.325,825.412,8.82,95.947,7.181,82.157,0,7.202,7.202,NA,44
"5/23/2022 4:39:06 PM",0,29.266,0.79,1.71,1563.6,996.46,0,396.465,396.465,476.654,8.819,95.664,7.163,74.68,0,7.184,7.184,NA,44
"5/23/2022 4:39:06 PM",0,28.937,0.759,1.636,1505.4,996.533,0,152.965,152.965,177.456,8.817,95.598,7.161,75.19,0,7.181,7.181,NA,44
"5/23/2022 4:39:07 PM",0,28.699,0.659,1.422,1314.8,996.528,0,219.599,219.599,98.58,8.815,95.48,7.158,77.144,0,7.179,7.179,NA,44
"5/23/2022 4:39:07 PM",0,28.559,0.632,1.361,1262.6,996.548,0,149.673,149.673,56.869,8.815,95.268,7.144,77.144,0,7.165,7.165,NA,44
"5/23/2022 4:39:07 PM",0,28.461,0.584,1.261,1172,996.541,0,41.484,41.484,12.262,8.814,95.189,7.143,74.935,0,7.163,7.164,NA,44
"5/23/2022 4:39:07 PM",0,28.488,0.548,1.186,1101.7,996.506,0,33.715,33.715,25.181,8.814,94.972,7.131,76.549,0,7.152,7.152,NA,44
"5/23/2022 4:39:07 PM",0,28.535,0.538,1.166,1081.5,996.485,0,187.904,187.904,264.183,8.813,94.992,7.137,78.503,0,7.158,7.158,NA,44
"5/23/2022 4:39:08 PM",0,28.583,0.502,1.092,1012,996.444,0,66.408,66.408,71.112,8.812,94.94,7.138,80.117,0,7.159,7.159,NA,44
"5/23/2022 4:39:08 PM",0,28.647,0.484,1.056,977.9,996.412,0,11.982,11.982,14.558,8.809,94.887,7.139,91.927,0,7.16,7.16,NA,44
"5/23/2022 4:39:08 PM",0,28.639,0.461,1.007,932.7,996.397,0,63.584,63.584,36.029,8.806,94.907,7.143,93.371,0,7.164,7.164,NA,44
"5/23/2022 4:39:08 PM",0,28.641,0.431,0.944,874.4,996.374,0,70.137,70.137,37.798,8.802,95.053,7.157,93.456,0,7.178,7.178,NA,44
"5/23/2022 4:39:08 PM",0,28.637,0.425,0.93,861,996.37,0,25.711,25.711,11.792,8.801,94.954,7.152,92.267,0,7.173,7.173,NA,44
"5/23/2022 4:39:09 PM",0,28.632,0.412,0.903,835.8,996.362,0,8.347,8.347,3.66,8.799,94.951,7.155,86.999,0,7.175,7.176,NA,44
"5/23/2022 4:39:09 PM",0,28.575,0.403,0.883,818.7,996.372,0,2.691,2.691,1.209,8.796,94.922,7.157,84.705,0,7.178,7.178,NA,44
"5/23/2022 4:39:09 PM",0,28.559,0.393,0.861,798.8,996.369,0,23.332,23.332,1.646,8.794,94.84,7.152,92.777,0,7.173,7.173,NA,44
"5/23/2022 4:39:09 PM",0,28.549,0.383,0.841,779.7,996.365,0,11.483,11.483,1.734,8.792,94.747,7.147,101.188,0,7.168,7.168,NA,44
"5/23/2022 4:39:10 PM",0,28.541,0.379,0.832,772.1,996.364,0,34.745,34.745,2.098,8.789,94.718,7.147,105.86,0,7.168,7.168,NA,44
"5/23/2022 4:39:10 PM",0,28.418,0.367,0.805,748.4,996.391,0,37.795,37.795,7.726,8.785,94.588,7.14,106.88,0,7.16,7.16,NA,44
"5/23/2022 4:39:10 PM",0,28.394,0.362,0.794,738.6,996.394,0,32.818,32.818,12.998,8.785,94.588,7.141,108.154,0,7.162,7.162,NA,44
"5/23/2022 4:39:10 PM",0,28.364,0.355,0.778,723.9,996.397,0,41.765,41.765,23.059,8.783,94.48,7.134,108.494,0,7.155,7.155,NA,44
"5/23/2022 4:39:10 PM",0,28.319,0.35,0.765,713.4,996.406,0,73.483,73.483,53.297,8.78,94.463,7.133,106.795,0,7.154,7.154,NA,44
"5/23/2022 4:39:11 PM",0,28.281,0.343,0.75,699.8,996.411,0,54.8,54.8,52.781,8.777,94.639,7.148,105.945,0,7.169,7.169,NA,44
"5/23/2022 4:39:11 PM",0,28.254,0.332,0.727,678.4,996.411,0,35.072,35.072,24.216,8.776,94.603,7.148,105.86,0,7.168,7.168,NA,44
"5/23/2022 4:39:11 PM",0,28.225,0.328,0.718,670.7,996.417,0,106.277,106.277,39.645,8.773,94.602,7.149,104.076,0,7.17,7.17,NA,44
"5/23/2022 4:39:11 PM",0,28.214,0.324,0.709,661.9,996.417,0,56.033,56.033,34.471,8.77,94.514,7.143,101.782,0,7.164,7.164,NA,44
"5/23/2022 4:39:11 PM",0,28.203,0.319,0.697,651.5,996.416,0,57.967,57.967,13.601,8.767,94.308,7.128,97.194,0,7.149,7.149,NA,44
"5/23/2022 4:39:12 PM",0,28.058,0.334,0.728,682.3,996.469,0,30.977,30.977,8.796,8.765,93.92,7.101,65.844,0,7.122,7.122,NA,44
"5/23/2022 4:39:12 PM",0,27.761,0.322,0.698,658.4,996.544,0,37.662,37.662,6.789,8.763,93.516,7.073,75.7,0,7.093,7.093,NA,44
"5/23/2022 4:39:12 PM",0,27.569,0.319,0.689,652.4,996.596,0,10.539,10.539,2.084,8.761,93.317,7.058,63.805,0,7.079,7.079,NA,44
"5/23/2022 4:39:12 PM",0,27.487,0.311,0.671,636.3,996.613,0,2.481,2.481,0,8.76,93.252,7.054,64.23,0,7.074,7.074,NA,44
"5/23/2022 4:39:12 PM",0,27.486,1.573,3.18,3014.8,997.56,0,0.281,0.281,0,8.759,93.281,7.009,64.485,0,7.029,7.029,NA,44
"5/23/2022 4:39:13 PM",0,27.431,1.683,3.387,3214.9,997.659,0,0.008,0.008,0,8.758,93.213,7.001,67.458,0,7.021,7.021,NA,44
"5/23/2022 4:39:13 PM",0,27.363,1.509,3.051,2900.1,997.547,0,0.554,0.554,0,8.757,93.212,7.008,62.786,0,7.029,7.029,NA,44
"5/23/2022 4:39:13 PM",0,27.308,1.717,3.443,3277.1,997.719,0,0.679,0.679,1.18,8.755,93.064,6.99,56.159,0,7.01,7.01,NA,44
"5/23/2022 4:39:13 PM",0,27.412,0.658,1.385,1315,996.895,0,0.803,0.803,1.18,8.751,92.903,7.02,58.453,0,7.041,7.041,NA,44
"5/23/2022 4:39:13 PM",0,27.488,0.585,1.24,1175.4,996.819,0,0.515,0.515,1.034,8.75,92.819,7.017,68.563,0,7.038,7.038,NA,44
"5/23/2022 4:39:14 PM",0,27.544,0.5,1.067,1010.4,996.739,0,0.304,0.304,0.728,8.748,93.075,7.041,72.471,0,7.061,7.061,NA,44
"5/23/2022 4:39:14 PM",0,27.583,0.454,0.972,919.7,996.693,0,0.023,0.023,0.481,8.748,93.176,7.05,68.988,0,7.071,7.071,NA,44
"5/23/2022 4:39:14 PM",0,27.605,0.418,0.899,849.8,996.66,0,4.844,4.844,1.53,8.745,93.124,7.049,72.556,0,7.069,7.07,NA,44
"5/23/2022 4:39:14 PM",0,27.646,0.379,0.817,771.8,996.619,0,11.608,11.608,2.988,8.743,93.016,7.042,72.556,0,7.063,7.063,NA,44
"5/23/2022 4:39:14 PM",0,27.688,0.357,0.771,728,996.591,0,5.476,5.476,7.961,8.742,93.91,7.112,71.621,0,7.132,7.132,NA,44
"5/23/2022 4:39:15 PM",0,28.81,53.205,82.403,76029.8,1035.879,35.88,32.623,32.623,204.082,8.746,95.084,5.382,72.726,0,5.394,5.398,NA,44
"5/23/2022 4:39:15 PM",0,29.511,52.527,82.55,75097.3,1035.114,35.115,11.007,11.007,54.709,8.751,95.252,5.411,72.046,0,5.423,5.426,NA,44
"5/23/2022 4:39:15 PM",0,29.592,52.417,82.523,74950.8,1035.002,35.003,4.298,4.298,19.533,8.753,95.103,5.404,66.864,0,5.416,5.419,NA,44
"5/23/2022 4:39:15 PM",0,29.612,52.396,82.524,74922.2,1034.978,34.98,2.465,2.465,10.044,8.756,94.916,5.392,64.315,0,5.404,5.408,NA,44
"5/23/2022 4:39:15 PM",0,29.613,52.4,82.533,74927.9,1034.982,34.983,2.013,2.013,7.565,8.757,94.952,5.393,57.943,0,5.405,5.408,NA,44
"5/23/2022 4:39:16 PM",0,29.604,52.418,82.542,74950.9,1034.998,35,1.794,1.794,7.302,8.758,94.723,5.378,77.144,0,5.39,5.394,NA,44
"5/23/2022 4:39:16 PM",0,29.61,52.418,82.552,74949.9,1034.996,34.997,1.708,1.708,7.565,8.762,94.647,5.373,81.392,0,5.385,5.389,NA,44
"5/23/2022 4:39:16 PM",0,29.616,52.412,82.552,74941.5,1034.989,34.99,1.716,1.716,7.477,8.763,94.668,5.374,79.863,0,5.386,5.389,NA,44
"5/23/2022 4:39:16 PM",0,29.617,52.404,82.544,74932.4,1034.983,34.984,1.779,1.779,7.389,8.764,94.566,5.368,76.209,0,5.379,5.383,NA,44
"5/23/2022 4:39:16 PM",0,29.614,52.421,82.562,74953.7,1034.997,34.998,1.794,1.794,7.331,8.767,94.522,5.364,77.824,0,5.376,5.38,NA,44
"5/23/2022 4:39:17 PM",0,29.612,52.428,82.569,74962.7,1035.003,35.004,1.701,1.701,7.404,8.769,94.597,5.368,88.868,0,5.379,5.383,NA,44
"5/23/2022 4:39:17 PM",0,29.611,52.433,82.573,74968.9,1035.007,35.009,1.708,1.708,7.433,8.77,94.623,5.368,91.757,0,5.38,5.384,NA,44
"5/23/2022 4:39:17 PM",0,29.608,52.439,82.578,74977,1035.013,35.014,1.708,1.708,7.404,8.771,94.608,5.367,93.286,0,5.379,5.383,NA,44
"5/23/2022 4:39:17 PM",0,29.608,52.44,82.579,74977.4,1035.013,35.015,1.724,1.724,7.316,8.771,94.486,5.36,93.711,0,5.372,5.375,NA,44
"5/23/2022 4:39:18 PM",0,29.606,52.447,82.586,74986.9,1035.02,35.021,1.755,1.755,7.536,8.773,94.474,5.359,93.966,0,5.371,5.374,NA,44
"5/23/2022 4:43:15 PM",0,30.19,52.257,83.206,74679.2,1034.666,34.666,0.086,0.086,0.131,8.755,96.528,5.456,270.768,0,5.467,5.471,NA,44
"5/23/2022 4:43:15 PM",0,30.189,52.261,83.209,74683.8,1034.67,34.67,0.086,0.086,0.131,8.758,96.511,5.454,199.232,0,5.466,5.47,NA,44
"5/23/2022 4:43:16 PM",0,30.189,52.262,83.21,74685.2,1034.67,34.671,0.031,0.031,0,8.76,96.522,5.455,284.192,0,5.467,5.47,NA,44
"5/23/2022 4:43:16 PM",0,30.19,52.26,83.21,74682.9,1034.668,34.669,0.031,0.031,0,8.762,96.52,5.454,603.048,0,5.466,5.47,NA,44
"5/23/2022 4:43:16 PM",0,30.19,52.259,83.209,74681.9,1034.667,34.668,0.062,0.062,0.087,8.765,96.596,5.458,790.725,0,5.47,5.474,NA,44
"5/23/2022 4:43:16 PM",0,30.188,52.264,83.213,74687.5,1034.671,34.672,0.008,0.008,0,8.765,96.544,5.455,890.808,0,5.467,5.471,NA,44
"5/23/2022 4:43:16 PM",0,30.189,52.266,83.216,74690,1034.673,34.674,0.047,0.047,0.015,8.767,96.602,5.458,934.477,0,5.47,5.474,NA,44
"5/23/2022 4:43:17 PM",0,30.191,52.261,83.212,74683.5,1034.668,34.669,0.062,0.062,0.073,8.771,96.637,5.46,968.376,0,5.472,5.475,NA,44
"5/23/2022 4:43:17 PM",0,30.191,52.264,83.216,74687.2,1034.671,34.671,0.031,0.031,0,8.773,96.628,5.459,971.01,0,5.471,5.475,NA,44
"5/23/2022 4:43:17 PM",0,30.191,52.267,83.22,74690.9,1034.673,34.673,0.055,0.055,0.058,8.774,96.585,5.457,762.943,0,5.469,5.472,NA,44
"5/23/2022 4:43:17 PM",0,30.193,52.265,83.22,74687.9,1034.671,34.671,0.086,0.086,0.16,8.774,96.485,5.451,806.442,0,5.463,5.466,NA,44
"5/23/2022 4:43:17 PM",0,30.194,52.266,83.224,74689.6,1034.671,34.672,0.078,0.078,0.102,8.775,96.477,5.451,475.267,0,5.462,5.466,NA,44
"5/23/2022 4:43:18 PM",0,30.193,52.268,83.224,74691.6,1034.673,34.673,0.055,0.055,0.058,8.776,96.533,5.453,363.46,0,5.465,5.469,NA,44
"5/23/2022 4:43:18 PM",0,30.193,52.265,83.221,74688.3,1034.671,34.671,0.062,0.062,0.073,8.777,96.551,5.454,310.615,0,5.466,5.47,NA,44
"5/23/2022 4:43:18 PM",0,30.193,52.266,83.222,74689.2,1034.671,34.672,0.062,0.062,0.058,8.779,96.526,5.453,364.394,0,5.465,5.469,NA,44
"5/23/2022 4:43:18 PM",0,30.193,52.265,83.221,74688.8,1034.671,34.672,0.031,0.031,0,8.779,96.657,5.461,497.782,0,5.472,5.476,NA,44
"5/23/2022 4:43:18 PM",0,30.191,52.268,83.222,74692.5,1034.674,34.674,0.055,0.055,0.044,8.78,96.584,5.456,609.505,0,5.468,5.472,NA,44
"5/23/2022 4:43:19 PM",0,30.192,52.266,83.221,74689.9,1034.672,34.673,0.062,0.062,0,8.78,96.655,5.46,858.948,0,5.472,5.476,NA,44
"5/23/2022 4:43:19 PM",0,30.192,52.262,83.215,74684.5,1034.668,34.669,0,0,0,8.781,96.392,5.446,1019.353,0,5.457,5.461,NA,44
"5/23/2022 4:43:19 PM",0,30.193,52.261,83.216,74683.6,1034.668,34.668,0.078,0.078,0.102,8.781,96.525,5.453,1106.097,0,5.465,5.469,NA,44
"5/23/2022 4:43:19 PM",0,30.194,52.261,83.217,74683,1034.667,34.668,0.023,0.023,0.116,8.781,96.619,5.458,1132.095,0,5.47,5.474,NA,44
"5/23/2022 4:43:19 PM",0,30.193,52.264,83.219,74686.8,1034.67,34.67,0.031,0.031,0.044,8.783,96.632,5.459,979.506,0,5.47,5.474,NA,44
"5/23/2022 4:43:20 PM",0,30.192,52.268,83.223,74692,1034.674,34.674,0.086,0.086,0.087,8.785,96.558,5.454,509.167,0,5.466,5.47,NA,44
"5/23/2022 4:43:20 PM",0.007,30.193,52.268,83.225,74691.7,1034.673,34.673,0.125,0.125,0.218,8.785,96.598,5.456,433.467,0,5.468,5.472,NA,44
"5/23/2022 4:43:20 PM",0.068,30.195,52.267,83.226,74690.4,1034.672,34.672,0.094,0.094,0.146,8.786,96.491,5.45,363.205,0,5.462,5.466,NA,44
"5/23/2022 4:43:20 PM",0.125,30.195,52.269,83.23,74693,1034.674,34.673,0.086,0.086,0.087,8.785,96.529,5.452,321.744,0,5.464,5.468,NA,44
"5/23/2022 4:43:20 PM",0.252,30.197,52.269,83.234,74693,1034.674,34.673,0.047,0.047,0.029,8.786,96.58,5.455,358.787,0,5.467,5.471,NA,44
"5/23/2022 4:43:21 PM",0.354,30.198,52.276,83.244,74701.4,1034.679,34.678,0,0,0,8.786,96.571,5.454,267.115,0,5.466,5.47,NA,44
"5/23/2022 4:43:21 PM",0.434,30.198,52.281,83.251,74707.3,1034.683,34.681,0.07,0.07,0.073,8.787,96.531,5.452,348.847,0,5.464,5.468,NA,44
"5/23/2022 4:43:21 PM",0.523,30.197,52.285,83.256,74713.1,1034.687,34.685,0.078,0.078,0.116,8.786,96.587,5.455,309.595,0,5.467,5.471,NA,44
"5/23/2022 4:43:21 PM",0.688,30.196,52.298,83.271,74728.8,1034.698,34.695,0.07,0.07,0.087,8.787,96.634,5.458,374.675,0,5.47,5.473,NA,44
"5/23/2022 4:43:21 PM",0.801,30.196,52.301,83.275,74732.9,1034.701,34.698,0.047,0.047,0.058,8.787,96.572,5.454,351.565,0,5.466,5.47,NA,44
"5/23/2022 4:43:22 PM",0.908,30.196,52.305,83.283,74738.6,1034.705,34.701,0.07,0.07,0.073,8.788,96.537,5.452,275.611,0,5.464,5.467,NA,44
"5/23/2022 4:43:22 PM",1.012,30.198,52.308,83.288,74741,1034.706,34.702,0.086,0.086,0.102,8.787,96.608,5.456,327.776,0,5.468,5.471,NA,44
"5/23/2022 4:43:22 PM",1.097,30.197,52.318,83.302,74754.5,1034.715,34.71,0.109,0.109,0.16,8.787,96.457,5.447,314.353,0,5.459,5.462,NA,44
"5/23/2022 4:43:22 PM",1.13,30.196,52.332,83.319,74771.9,1034.726,34.721,0.062,0.062,0.102,8.787,96.478,5.447,168.136,0,5.459,5.463,NA,44
"5/23/2022 4:43:23 PM",1.106,30.195,52.333,83.319,74773.4,1034.727,34.722,0.055,0.055,0.073,8.788,96.561,5.452,189.121,0,5.464,5.467,NA,44
"5/23/2022 4:43:23 PM",1.07,30.196,52.332,83.318,74771.6,1034.726,34.721,0.055,0.055,0.058,8.788,96.528,5.45,263.462,0,5.462,5.466,NA,44
"5/23/2022 4:43:23 PM",1.018,30.195,52.331,83.316,74770.4,1034.725,34.721,0.047,0.047,0.015,8.788,96.556,5.452,314.523,0,5.464,5.467,NA,44
"5/23/2022 4:43:23 PM",0.979,30.194,52.328,83.31,74766.3,1034.723,34.718,0.016,0.016,0,8.788,96.616,5.455,335.508,0,5.467,5.471,NA,44
"5/23/2022 4:43:23 PM",0.901,30.196,52.327,83.311,74764.8,1034.721,34.717,0.055,0.055,0.015,8.792,96.552,5.451,304.922,0,5.463,5.467,NA,44
"5/23/2022 4:43:24 PM",0.854,30.196,52.326,83.31,74763.8,1034.72,34.716,0.055,0.055,0.087,8.793,96.678,5.459,277.905,0,5.471,5.474,NA,44
"5/23/2022 4:43:24 PM",0.821,30.196,52.325,83.309,74762.9,1034.719,34.716,0.062,0.062,0.087,8.793,96.63,5.456,216.309,0,5.468,5.471,NA,44
"5/23/2022 4:43:24 PM",0.797,30.196,52.323,83.306,74760.8,1034.718,34.715,0.055,0.055,0.087,8.793,96.735,5.462,177.312,0,5.474,5.477,NA,44
"5/23/2022 4:43:24 PM",0.799,30.195,52.322,83.303,74758.5,1034.717,34.713,0.07,0.07,0.102,8.793,96.69,5.459,236.359,0,5.471,5.475,NA,44
"5/23/2022 4:43:24 PM",0.801,30.196,52.317,83.297,74752.5,1034.713,34.71,0.055,0.055,0.029,8.792,96.579,5.453,279.179,0,5.465,5.469,NA,44
"5/23/2022 4:43:25 PM",0.814,30.194,52.318,83.296,74754.2,1034.715,34.711,0.031,0.031,0,8.792,96.44,5.446,268.304,0,5.457,5.461,NA,44
"5/23/2022 4:43:25 PM",0.828,30.193,52.321,83.298,74757.5,1034.717,34.713,0.023,0.023,0,8.792,96.443,5.446,220.982,0,5.458,5.461,NA,44
"5/23/2022 4:43:25 PM",0.835,30.192,52.321,83.297,74758.2,1034.718,34.714,0,0,0,8.793,96.624,5.456,320.045,0,5.468,5.471,NA,44
"5/23/2022 4:43:25 PM",0.834,30.191,52.321,83.297,74758.5,1034.718,34.714,0.094,0.094,0.102,8.794,96.529,5.451,235.425,0,5.462,5.466,NA,44
"5/23/2022 4:43:25 PM",0.827,30.192,52.32,83.295,74756.8,1034.717,34.713,0.078,0.078,0.087,8.793,96.573,5.453,193.2,0,5.465,5.469,NA,44
"5/23/2022 4:43:26 PM",0.806,30.191,52.32,83.295,74757.3,1034.717,34.714,0.047,0.047,0,8.793,96.673,5.459,185.808,0,5.471,5.474,NA,44
"5/23/2022 4:43:26 PM",0.783,30.191,52.319,83.294,74756.4,1034.717,34.713,0.055,0.055,0,8.794,96.666,5.458,204.414,0,5.47,5.474,NA,44
"5/23/2022 4:43:26 PM",0.74,30.192,52.318,83.293,74754.6,1034.715,34.712,0.047,0.047,0,8.794,96.549,5.452,323.953,0,5.464,5.467,NA,44
"5/23/2022 4:43:26 PM",0.722,30.193,52.318,83.295,74754,1034.714,34.711,0.023,0.023,0,8.794,96.645,5.457,356.748,0,5.469,5.473,NA,44
"5/23/2022 4:43:26 PM",0.71,30.194,52.314,83.29,74749.8,1034.712,34.709,0.07,0.07,0.087,8.794,96.476,5.448,271.533,0,5.46,5.463,NA,44
"5/23/2022 4:43:27 PM",0.693,30.192,52.313,83.287,74748.7,1034.711,34.708,0.086,0.086,0.058,8.795,96.578,5.453,266.095,0,5.465,5.469,NA,44
"5/23/2022 4:43:27 PM",0.702,30.191,52.317,83.29,74753.4,1034.715,34.712,0.023,0.023,0,8.795,96.73,5.462,322.084,0,5.474,5.478,NA,44
"5/23/2022 4:43:27 PM",0.686,30.193,52.319,83.296,74755.3,1034.715,34.712,0.055,0.055,0.044,8.794,96.687,5.46,333.979,0,5.471,5.475,NA,44
"5/23/2022 4:43:27 PM",0.677,30.196,52.318,83.299,74753.7,1034.713,34.71,0.055,0.055,0,8.794,96.484,5.448,322.254,0,5.46,5.464,NA,44
"5/23/2022 4:43:27 PM",0.677,30.198,52.317,83.3,74751.9,1034.712,34.709,0.047,0.047,0,8.795,96.431,5.445,298.465,0,5.457,5.461,NA,44
"5/23/2022 4:43:28 PM",0.679,30.199,52.313,83.297,74747.5,1034.708,34.706,0.07,0.07,0.029,8.796,96.611,5.455,221.151,0,5.467,5.471,NA,44
"5/23/2022 4:43:28 PM",0.677,30.198,52.316,83.299,74750.6,1034.711,34.708,0.094,0.094,0.102,8.794,96.633,5.456,206.368,0,5.468,5.472,NA,44
"5/23/2022 4:43:28 PM",0.67,30.201,52.313,83.299,74746.9,1034.708,34.705,0.086,0.086,0.087,8.794,96.7,5.46,265.331,0,5.472,5.475,NA,44
"5/23/2022 4:43:28 PM",0.672,30.202,52.311,83.298,74744.5,1034.706,34.703,0.062,0.062,0.044,8.795,96.594,5.454,232.451,0,5.466,5.469,NA,44
"5/23/2022 4:43:28 PM",0.688,30.203,52.309,83.297,74741.4,1034.704,34.701,0.055,0.055,0.058,8.795,96.622,5.456,255.9,0,5.467,5.471,NA,44
"5/23/2022 4:43:29 PM",0.707,30.205,52.307,83.298,74739.7,1034.702,34.699,0.047,0.047,0.015,8.794,96.676,5.458,265.84,0,5.47,5.474,NA,44
"5/23/2022 4:43:29 PM",0.729,30.204,52.31,83.301,74743.3,1034.705,34.702,0.031,0.031,0.015,8.794,96.441,5.445,243.581,0,5.457,5.46,NA,44
"5/23/2022 4:43:29 PM",0.743,30.204,52.31,83.301,74743.6,1034.705,34.702,0.062,0.062,0.058,8.795,96.624,5.455,286.741,0,5.467,5.471,NA,44
"5/23/2022 4:43:29 PM",0.754,30.204,52.307,83.297,74740,1034.703,34.699,0.078,0.078,0.044,8.795,96.644,5.457,321.914,0,5.468,5.472,NA,44
"5/23/2022 4:43:29 PM",0.755,30.204,52.308,83.298,74740.9,1034.703,34.7,0.07,0.07,0.073,8.794,96.623,5.455,277.14,0,5.467,5.471,NA,44
"5/23/2022 4:43:30 PM",0.754,30.203,52.31,83.299,74742.8,1034.705,34.701,0.062,0.062,0.058,8.795,96.56,5.452,198.977,0,5.463,5.467,NA,44
"5/23/2022 4:43:30 PM",0.728,30.204,52.308,83.297,74740.3,1034.703,34.7,0.055,0.055,0.029,8.796,96.576,5.452,154.543,0,5.464,5.468,NA,44
"5/23/2022 4:43:30 PM",0.709,30.204,52.304,83.291,74735.3,1034.7,34.697,0.047,0.047,0.015,8.796,96.6,5.454,203.055,0,5.465,5.469,NA,44
"5/23/2022 4:43:30 PM",0.686,30.201,52.305,83.288,74736.9,1034.701,34.699,0.039,0.039,0.058,8.796,96.549,5.451,193.624,0,5.463,5.466,NA,44
"5/23/2022 4:43:30 PM",0.656,30.199,52.305,83.285,74737.1,1034.702,34.699,0.179,0.179,0.204,8.797,96.595,5.454,216.988,0,5.465,5.469,NA,44
"5/23/2022 4:43:31 PM",0.629,30.198,52.304,83.283,74736.5,1034.702,34.699,0.055,0.055,0.029,8.797,96.651,5.457,245.28,0,5.468,5.472,NA,44
"5/23/2022 4:43:31 PM",0.636,30.198,52.302,83.281,74734.4,1034.701,34.698,0.031,0.031,0,8.797,96.65,5.456,307.896,0,5.468,5.472,NA,44
"5/23/2022 4:43:31 PM",0.646,30.198,52.303,83.281,74735.4,1034.701,34.699,0.047,0.047,0,8.798,96.505,5.448,348.932,0,5.46,5.464,NA,44
"5/23/2022 4:43:31 PM",0.656,30.198,52.302,83.28,74733.9,1034.7,34.698,0.039,0.039,0.029,8.798,96.51,5.449,292.348,0,5.46,5.464,NA,44
"5/23/2022 4:43:31 PM",0.677,30.199,52.301,83.28,74732.6,1034.699,34.697,0.062,0.062,0.058,8.799,96.511,5.449,260.063,0,5.46,5.464,NA,44
"5/23/2022 4:43:32 PM",0.729,30.199,52.301,83.28,74732.6,1034.7,34.696,0.055,0.055,0,8.802,96.487,5.447,351.056,0,5.459,5.463,NA,44
"5/23/2022 4:43:32 PM",0.801,30.2,52.299,83.279,74730,1034.698,34.695,0.078,0.078,0.073,8.802,96.478,5.447,327.776,0,5.459,5.462,NA,44
"5/23/2022 4:43:32 PM",0.861,30.199,52.299,83.278,74730.3,1034.699,34.695,0.047,0.047,0.044,8.802,96.593,5.454,259.808,0,5.465,5.469,NA,44
"5/23/2022 4:43:32 PM",0.92,30.199,52.301,83.281,74732.7,1034.7,34.696,0.023,0.023,0.015,8.804,96.581,5.453,231.517,0,5.464,5.468,NA,44
"5/23/2022 4:43:33 PM",1.002,30.199,52.303,83.282,74734.7,1034.702,34.698,0.055,0.055,0.058,8.805,96.622,5.455,230.327,0,5.466,5.47,NA,44
"5/23/2022 4:43:33 PM",1.056,30.199,52.302,83.283,74734.2,1034.702,34.697,0.047,0.047,0.073,8.806,96.453,5.445,190.566,0,5.457,5.46,NA,44
"5/23/2022 4:43:33 PM",1.099,30.2,52.303,83.285,74735.1,1034.702,34.698,0.039,0.039,0.044,8.807,96.495,5.447,173.744,0,5.459,5.463,NA,44
"5/23/2022 4:43:33 PM",1.17,30.201,52.302,83.285,74733.6,1034.701,34.696,0.039,0.039,0.015,8.808,96.567,5.451,177.907,0,5.463,5.467,NA,44
"5/23/2022 4:43:33 PM",1.264,30.202,52.3,83.284,74730.6,1034.699,34.694,0.047,0.047,0.015,8.809,96.502,5.448,236.954,0,5.459,5.463,NA,44
"5/23/2022 4:43:34 PM",1.431,30.202,52.302,83.288,74734.4,1034.703,34.696,0.055,0.055,0.044,8.81,96.512,5.448,237.549,0,5.46,5.463,NA,44
"5/23/2022 4:43:34 PM",1.537,30.201,52.306,83.29,74738.6,1034.706,34.699,0.039,0.039,0.015,8.81,96.601,5.453,185.978,0,5.465,5.468,NA,44
"5/23/2022 4:43:34 PM",1.662,30.201,52.312,83.299,74747.1,1034.712,34.705,0.016,0.016,0,8.81,96.649,5.456,191.415,0,5.468,5.471,NA,44
"5/23/2022 4:43:34 PM",1.795,30.201,52.314,83.302,74749.5,1034.714,34.706,0.031,0.031,0,8.811,96.552,5.45,220.047,0,5.462,5.466,NA,44
"5/23/2022 4:43:34 PM",1.974,30.202,52.318,83.309,74753.7,1034.716,34.708,0.101,0.101,0.175,8.81,96.599,5.453,166.012,0,5.465,5.468,NA,44
"5/23/2022 4:43:35 PM",2.092,30.201,52.317,83.307,74752.8,1034.717,34.708,0.078,0.078,0.116,8.809,96.577,5.451,134.152,0,5.463,5.467,NA,44
"5/23/2022 4:43:35 PM",2.217,30.202,52.328,83.322,74766.6,1034.726,34.716,0.047,0.047,0.058,8.81,96.57,5.451,135.087,0,5.462,5.466,NA,44
"5/23/2022 4:43:35 PM",2.349,30.201,52.326,83.319,74763.8,1034.724,34.714,0.031,0.031,0.015,8.81,96.63,5.454,141.629,0,5.466,5.47,NA,44
"5/23/2022 4:43:35 PM",2.469,30.202,52.331,83.327,74769.9,1034.728,34.718,0.07,0.07,0.073,8.811,96.602,5.452,141.204,0,5.464,5.468,NA,44
"5/23/2022 4:43:35 PM",2.628,30.203,52.335,83.334,74775,1034.732,34.721,0.062,0.062,0.073,8.811,96.544,5.449,151.059,0,5.461,5.464,NA,44
"5/23/2022 4:43:36 PM",2.745,30.205,52.337,83.34,74778,1034.734,34.722,0.07,0.07,0.044,8.811,96.571,5.45,140.184,0,5.462,5.466,NA,44
"5/23/2022 4:43:36 PM",2.865,30.204,52.339,83.342,74779.6,1034.735,34.723,0.055,0.055,0,8.812,96.606,5.452,141.969,0,5.464,5.468,NA,44
"5/23/2022 4:43:36 PM",2.981,30.206,52.338,83.343,74778.9,1034.735,34.722,0.055,0.055,0.073,8.813,96.53,5.448,132.878,0,5.46,5.464,NA,44
"5/23/2022 4:43:36 PM",3.097,30.205,52.341,83.346,74783.2,1034.738,34.725,0.055,0.055,0.044,8.812,96.657,5.455,132.453,0,5.467,5.47,NA,44
"5/23/2022 4:43:36 PM",3.283,30.203,52.344,83.348,74786.9,1034.742,34.728,0.055,0.055,0.029,8.813,96.622,5.453,132.793,0,5.465,5.468,NA,44
"5/23/2022 4:43:37 PM",3.41,30.203,52.345,83.349,74787.9,1034.743,34.728,0.047,0.047,0.044,8.813,96.546,5.449,146.981,0,5.46,5.464,NA,44
"5/23/2022 4:43:37 PM",3.526,30.203,52.347,83.351,74790.9,1034.745,34.73,0.07,0.07,0.073,8.814,96.597,5.451,145.452,0,5.463,5.467,NA,44
"5/23/2022 4:43:37 PM",3.651,30.203,52.347,83.351,74790.7,1034.746,34.73,0.055,0.055,0.058,8.814,96.542,5.448,115.121,0,5.46,5.464,NA,44
"5/23/2022 4:43:37 PM",3.844,30.203,52.348,83.353,74791.4,1034.747,34.73,0.055,0.055,0.029,8.814,96.648,5.454,84.026,0,5.466,5.47,NA,44
"5/23/2022 4:43:37 PM",3.969,30.203,52.351,83.357,74795.3,1034.75,34.733,0.031,0.031,0.044,8.813,96.633,5.453,82.326,0,5.465,5.469,NA,44
"5/23/2022 4:43:38 PM",4.081,30.203,52.355,83.362,74801,1034.754,34.736,0.062,0.062,0.058,8.815,96.576,5.45,92.097,0,5.461,5.465,NA,44
"5/23/2022 4:43:38 PM",4.201,30.204,52.364,83.376,74811,1034.76,34.742,0.062,0.062,0.058,8.814,96.612,5.451,97.449,0,5.463,5.467,NA,44
"5/23/2022 4:43:38 PM",4.387,30.205,52.367,83.382,74815.8,1034.763,34.745,0.062,0.062,0.087,8.815,96.555,5.448,95.495,0,5.46,5.464,NA,44
"5/23/2022 4:43:38 PM",4.502,30.206,52.363,83.378,74810.8,1034.76,34.741,0.055,0.055,0.073,8.814,96.677,5.455,89.123,0,5.467,5.471,NA,44
"5/23/2022 4:43:38 PM",4.604,30.204,52.362,83.375,74809.8,1034.761,34.741,0.047,0.047,0.058,8.814,96.491,5.445,89.973,0,5.456,5.46,NA,44
"5/23/2022 4:43:39 PM",4.727,30.191,52.363,83.355,74812.1,1034.766,34.746,0.055,0.055,0.015,8.814,96.577,5.45,94.391,0,5.462,5.465,NA,44
"5/23/2022 4:43:39 PM",4.852,30.183,52.367,83.35,74818.3,1034.773,34.752,0.047,0.047,0.029,8.814,96.56,5.449,103.821,0,5.46,5.464,NA,44
"5/23/2022 4:43:39 PM",5.019,30.18,52.365,83.342,74815.6,1034.773,34.751,0.047,0.047,0.029,8.816,96.487,5.445,142.478,0,5.457,5.46,NA,44
"5/23/2022 4:43:39 PM",5.132,30.174,52.365,83.333,74816.4,1034.775,34.754,0.055,0.055,0.044,8.814,96.5,5.446,148.425,0,5.458,5.461,NA,44
"5/23/2022 4:43:39 PM",5.258,30.172,52.357,83.32,74807.6,1034.771,34.749,0.047,0.047,0.044,8.814,96.567,5.45,142.733,0,5.462,5.466,NA,44
"5/23/2022 4:43:40 PM",5.387,30.173,52.352,83.314,74800.9,1034.767,34.744,0.047,0.047,0.044,8.815,96.613,5.453,126.506,0,5.465,5.469,NA,44
"5/23/2022 4:43:40 PM",5.481,30.17,52.347,83.304,74796,1034.765,34.742,0.055,0.055,0.058,8.816,96.658,5.456,121.493,0,5.468,5.471,NA,44
"5/23/2022 4:43:40 PM",5.573,30.168,52.376,83.339,74830.9,1034.788,34.764,0.047,0.047,0.029,8.816,96.611,5.453,124.382,0,5.464,5.468,NA,44
"5/23/2022 4:43:40 PM",5.654,30.17,52.376,83.343,74831.8,1034.788,34.764,0.047,0.047,0.044,8.817,96.492,5.446,116.226,0,5.458,5.461,NA,44
"5/23/2022 4:43:40 PM",5.725,30.172,52.375,83.343,74829.5,1034.787,34.762,0.047,0.047,0.058,8.818,96.495,5.446,106.88,0,5.458,5.462,NA,44
"5/23/2022 4:43:41 PM",5.81,30.171,52.377,83.346,74832.3,1034.789,34.764,0.055,0.055,0.029,8.818,96.573,5.451,110.193,0,5.462,5.466,NA,44
"5/23/2022 4:43:41 PM",5.967,30.172,52.377,83.347,74832.1,1034.789,34.764,0.047,0.047,0.058,8.818,96.546,5.449,113.082,0,5.461,5.465,NA,44
"5/23/2022 4:43:41 PM",6.085,30.171,52.373,83.34,74827.6,1034.787,34.761,0.047,0.047,0.029,8.819,96.694,5.457,128.63,0,5.469,5.473,NA,44
"5/23/2022 4:43:41 PM",6.204,30.17,52.368,83.333,74821.8,1034.784,34.758,0.047,0.047,0.058,8.818,96.68,5.457,136.616,0,5.469,5.473,NA,44
"5/23/2022 4:43:41 PM",6.3,30.17,52.347,83.303,74795.7,1034.768,34.742,0.039,0.039,0.044,8.82,96.546,5.45,138.91,0,5.462,5.465,NA,44
"5/23/2022 4:43:42 PM",6.343,30.167,52.349,83.301,74799.1,1034.772,34.745,0.055,0.055,0.058,8.82,96.6,5.453,130.499,0,5.465,5.468,NA,44
"5/23/2022 4:43:42 PM",6.314,30.168,52.352,83.307,74802.8,1034.774,34.747,0.047,0.047,0.029,8.82,96.716,5.46,111.043,0,5.471,5.475,NA,44
"5/23/2022 4:43:42 PM",6.321,30.168,52.352,83.307,74802.3,1034.773,34.746,0.047,0.047,0.029,8.821,96.567,5.451,106.03,0,5.463,5.467,NA,44
"5/23/2022 4:43:42 PM",6.368,30.168,52.358,83.316,74809.9,1034.778,34.751,0.062,0.062,0.029,8.821,96.619,5.454,111.723,0,5.466,5.469,NA,44
"5/23/2022 4:43:43 PM",6.449,30.169,52.361,83.321,74813.7,1034.78,34.753,0.047,0.047,0.058,8.821,96.657,5.456,115.461,0,5.468,5.471,NA,44
"5/23/2022 4:43:43 PM",6.631,30.17,52.361,83.322,74813.5,1034.781,34.753,0.047,0.047,0.044,8.821,96.526,5.449,122.683,0,5.46,5.464,NA,44
"5/23/2022 4:43:43 PM",6.774,30.172,52.36,83.325,74812.4,1034.78,34.751,0.047,0.047,0.044,8.821,96.568,5.451,118.859,0,5.463,5.466,NA,44
"5/23/2022 4:43:43 PM",6.914,30.172,52.361,83.326,74813.2,1034.781,34.752,0.047,0.047,0.029,8.82,96.576,5.451,113.932,0,5.463,5.467,NA,44
"5/23/2022 4:43:43 PM",7.065,30.174,52.363,83.331,74815,1034.782,34.752,0.047,0.047,0.015,8.82,96.645,5.455,112.147,0,5.467,5.471,NA,44
"5/23/2022 4:43:44 PM",7.215,30.172,52.362,83.327,74814.3,1034.783,34.752,0.047,0.047,0.044,8.819,96.521,5.448,117.67,0,5.46,5.463,NA,44
"5/23/2022 4:43:44 PM",7.428,30.169,52.362,83.324,74815.4,1034.785,34.754,0.062,0.062,0.029,8.817,96.653,5.455,128.97,0,5.467,5.471,NA,44
"5/23/2022 4:43:44 PM",7.564,30.169,52.362,83.323,74814.7,1034.785,34.753,0.055,0.055,0.044,8.817,96.645,5.455,123.532,0,5.467,5.47,NA,44
"5/23/2022 4:43:44 PM",7.694,30.169,52.361,83.321,74813.8,1034.786,34.753,0.055,0.055,0.029,8.818,96.541,5.449,113.167,0,5.461,5.464,NA,44
"5/23/2022 4:43:44 PM",7.834,30.168,52.362,83.321,74815.1,1034.787,34.754,0.055,0.055,0.073,8.819,96.557,5.45,104.501,0,5.462,5.465,NA,44
"5/23/2022 4:43:45 PM",8.036,30.159,52.362,83.308,74816.4,1034.791,34.757,0.047,0.047,0.058,8.819,96.52,5.448,102.972,0,5.46,5.464,NA,44
"5/23/2022 4:43:45 PM",8.159,30.158,52.363,83.309,74818,1034.793,34.758,0.055,0.055,0.044,8.82,96.651,5.455,102.972,0,5.467,5.471,NA,44
"5/23/2022 4:43:45 PM",8.289,30.159,52.37,83.319,74826.7,1034.799,34.763,0.055,0.055,0.058,8.819,96.616,5.453,101.442,0,5.465,5.469,NA,44
"5/23/2022 4:43:45 PM",8.412,30.158,52.377,83.329,74835.8,1034.805,34.769,0.039,0.039,0.044,8.819,96.601,5.452,97.874,0,5.464,5.468,NA,44
"5/23/2022 4:43:45 PM",8.477,30.158,52.382,83.335,74841.6,1034.809,34.773,0.062,0.062,0.058,8.819,96.581,5.451,103.142,0,5.463,5.466,NA,44
"5/23/2022 4:43:46 PM",8.534,30.157,52.382,83.333,74842.2,1034.81,34.773,0.055,0.055,0.029,8.82,96.544,5.449,111.128,0,5.461,5.465,NA,44
"5/23/2022 4:43:46 PM",8.588,30.156,52.379,83.328,74838,1034.807,34.771,0.055,0.055,0.029,8.821,96.484,5.446,117.585,0,5.458,5.461,NA,44
"5/23/2022 4:43:46 PM",8.621,30.152,52.383,83.327,74843.1,1034.812,34.775,0.047,0.047,0.044,8.821,96.461,5.445,121.748,0,5.456,5.46,NA,44
"5/23/2022 4:43:46 PM",8.636,30.153,52.382,83.326,74841.7,1034.811,34.774,0.055,0.055,0.044,8.821,96.572,5.451,123.022,0,5.463,5.466,NA,44
"5/23/2022 4:43:46 PM",8.674,30.152,52.381,83.325,74841.5,1034.811,34.774,0.055,0.055,0.044,8.821,96.655,5.456,119.879,0,5.467,5.471,NA,44
"5/23/2022 4:43:47 PM",8.716,30.151,52.384,83.327,74845.4,1034.814,34.777,0.055,0.055,0.044,8.82,96.549,5.45,114.271,0,5.461,5.465,NA,44
"5/23/2022 4:43:47 PM",8.756,30.148,52.384,83.323,74845.4,1034.815,34.778,0.07,0.07,0.029,8.82,96.639,5.455,107.815,0,5.467,5.47,NA,44
"5/23/2022 4:43:47 PM",8.848,30.145,52.382,83.314,74842.9,1034.815,34.777,0.055,0.055,0.058,8.821,96.668,5.456,108.324,0,5.468,5.472,NA,44
"5/23/2022 4:43:47 PM",8.945,30.141,52.381,83.308,74842.1,1034.816,34.778,0.047,0.047,0.044,8.822,96.506,5.447,101.527,0,5.459,5.463,NA,44
"5/23/2022 4:43:47 PM",9.056,30.137,52.385,83.307,74848.7,1034.821,34.783,0.055,0.055,0.044,8.822,96.576,5.451,94.731,0,5.463,5.467,NA,44
"5/23/2022 4:43:48 PM",9.082,30.136,52.387,83.308,74850.9,1034.823,34.785,0.055,0.055,0.044,8.821,96.552,5.45,95.835,0,5.462,5.466,NA,44
"5/23/2022 4:43:48 PM",9.051,30.135,52.386,83.307,74850,1034.823,34.784,0.055,0.055,0.015,8.82,96.565,5.451,107.56,0,5.463,5.467,NA,44
"5/23/2022 4:43:48 PM",9.006,30.136,52.383,83.302,74845.7,1034.82,34.781,0.055,0.055,0.044,8.82,96.508,5.448,110.788,0,5.46,5.463,NA,44
"5/23/2022 4:43:48 PM",8.933,30.136,52.397,83.321,74862.6,1034.83,34.792,0.062,0.062,0.015,8.82,96.609,5.453,114.356,0,5.465,5.469,NA,44
"5/23/2022 4:43:48 PM",8.883,30.135,52.395,83.318,74861.2,1034.829,34.791,0.047,0.047,0.044,8.821,96.565,5.451,119.199,0,5.463,5.467,NA,44
"5/23/2022 4:43:49 PM",8.831,30.133,52.397,83.318,74863.4,1034.831,34.793,0.055,0.055,0.058,8.82,96.473,5.446,118.435,0,5.458,5.461,NA,44
"5/23/2022 4:43:49 PM",8.761,30.132,52.4,83.32,74867.3,1034.833,34.796,0.055,0.055,0.073,8.82,96.664,5.457,117.925,0,5.468,5.472,NA,44
"5/23/2022 4:43:49 PM",8.619,30.132,52.408,83.331,74877.1,1034.839,34.802,0.047,0.047,0.029,8.82,96.606,5.453,114.187,0,5.465,5.469,NA,44
"5/23/2022 4:43:49 PM",8.501,30.138,52.402,83.331,74868.5,1034.831,34.795,0.055,0.055,0.015,8.819,96.521,5.448,117.415,0,5.46,5.464,NA,44
"5/23/2022 4:43:49 PM",8.365,30.142,52.397,83.331,74862.3,1034.826,34.79,0.055,0.055,0.044,8.82,96.678,5.457,119.284,0,5.469,5.473,NA,44
"5/23/2022 4:43:50 PM",8.234,30.147,52.396,83.338,74860.2,1034.822,34.787,0.055,0.055,0.044,8.82,96.736,5.461,122.937,0,5.472,5.476,NA,44
"5/23/2022 4:43:50 PM",8.105,30.153,52.397,83.347,74860.1,1034.82,34.785,0.07,0.07,0.015,8.82,96.621,5.454,125.486,0,5.466,5.469,NA,44
"5/23/2022 4:43:50 PM",7.905,30.158,52.391,83.346,74852.1,1034.813,34.779,0.039,0.039,0,8.82,96.552,5.45,136.616,0,5.462,5.465,NA,44
"5/23/2022 4:43:50 PM",7.772,30.16,52.39,83.348,74851.2,1034.811,34.778,0.062,0.062,0.029,8.821,96.618,5.453,136.276,0,5.465,5.469,NA,44
"5/23/2022 4:43:50 PM",7.642,30.162,52.389,83.35,74849,1034.809,34.776,0.062,0.062,0.058,8.821,96.661,5.456,129.309,0,5.468,5.471,NA,44
"5/23/2022 4:43:51 PM",7.536,30.166,52.388,83.353,74847.1,1034.806,34.774,0.055,0.055,0,8.821,96.655,5.455,116.99,0,5.467,5.471,NA,44
"5/23/2022 4:43:51 PM",7.454,30.168,52.386,83.354,74844.2,1034.803,34.772,0.062,0.062,0,8.821,96.555,5.449,113.507,0,5.461,5.465,NA,44
"5/23/2022 4:43:51 PM",7.331,30.17,52.379,83.347,74836,1034.797,34.766,0.047,0.047,0.015,8.822,96.56,5.45,118.01,0,5.462,5.465,NA,44
"5/23/2022 4:43:51 PM",7.239,30.169,52.379,83.346,74835.6,1034.797,34.766,0.047,0.047,0.044,8.822,96.602,5.452,127.27,0,5.464,5.468,NA,44
"5/23/2022 4:43:51 PM",7.135,30.168,52.377,83.342,74833.9,1034.796,34.766,0.047,0.047,0.029,8.822,96.645,5.454,130.669,0,5.466,5.47,NA,44
"5/23/2022 4:43:52 PM",6.986,30.171,52.378,83.347,74833.9,1034.794,34.765,0.047,0.047,0.015,8.822,96.726,5.459,144.857,0,5.471,5.474,NA,44
"5/23/2022 4:43:52 PM",6.869,30.175,52.375,83.348,74829.9,1034.79,34.761,0.055,0.055,0.029,8.822,96.583,5.451,153.183,0,5.462,5.466,NA,44
"5/23/2022 4:43:52 PM",6.755,30.177,52.375,83.352,74829.3,1034.789,34.76,0.055,0.055,0.029,8.821,96.571,5.45,146.471,0,5.462,5.465,NA,44
"5/23/2022 4:43:52 PM",6.65,30.179,52.369,83.348,74822.3,1034.784,34.755,0.047,0.047,0.015,8.82,96.687,5.457,134.067,0,5.468,5.472,NA,44
"5/23/2022 4:43:53 PM",6.505,30.178,52.366,83.342,74818.4,1034.781,34.753,0.062,0.062,0.044,8.821,96.699,5.457,124.382,0,5.469,5.473,NA,44
"5/23/2022 4:43:53 PM",6.416,30.178,52.364,83.339,74815.6,1034.779,34.752,0.047,0.047,0.044,8.82,96.652,5.454,120.983,0,5.466,5.47,NA,44
"5/23/2022 4:43:53 PM",6.347,30.178,52.362,83.335,74813,1034.777,34.75,0.039,0.039,0.044,8.821,96.534,5.448,119.794,0,5.459,5.463,NA,44
"5/23/2022 4:43:53 PM",6.241,30.179,52.361,83.336,74811.9,1034.776,34.749,0.047,0.047,0,8.82,96.55,5.448,127.1,0,5.46,5.464,NA,44
"5/23/2022 4:43:53 PM",6.102,30.179,52.358,83.332,74808.4,1034.773,34.747,0.047,0.047,0.029,8.819,96.563,5.45,127.1,0,5.461,5.465,NA,44
"5/23/2022 4:43:54 PM",5.871,30.181,52.355,83.331,74804.7,1034.769,34.744,0.039,0.039,0.029,8.818,96.608,5.452,156.752,0,5.464,5.467,NA,44
"5/23/2022 4:43:54 PM",5.737,30.181,52.349,83.322,74796.3,1034.763,34.739,0.039,0.039,0.029,8.819,96.595,5.451,169.411,0,5.463,5.466,NA,44
"5/23/2022 4:43:54 PM",5.619,30.183,52.35,83.326,74797.7,1034.763,34.74,0.039,0.039,0.029,8.818,96.707,5.457,183.344,0,5.469,5.473,NA,44
"5/23/2022 4:43:54 PM",5.52,30.185,52.345,83.322,74791.5,1034.759,34.735,0.055,0.055,0.044,8.818,96.613,5.452,181.305,0,5.464,5.468,NA,44
"5/23/2022 4:43:54 PM",5.428,30.186,52.332,83.307,74775.1,1034.748,34.725,0.047,0.047,0.073,8.817,96.6,5.452,159.81,0,5.463,5.467,NA,44
"5/23/2022 4:43:55 PM",5.383,30.187,52.33,83.304,74772,1034.745,34.723,0.055,0.055,0.015,8.817,96.606,5.452,149.7,0,5.464,5.467,NA,44
"5/23/2022 4:43:55 PM",5.319,30.187,52.327,83.3,74768.2,1034.743,34.72,0.047,0.047,0.058,8.816,96.537,5.448,130.669,0,5.46,5.464,NA,44
"5/23/2022 4:43:55 PM",5.239,30.186,52.325,83.296,74766.2,1034.742,34.719,0.047,0.047,0.044,8.816,96.653,5.455,122.513,0,5.466,5.47,NA,44
"5/23/2022 4:43:55 PM",5.151,30.186,52.325,83.295,74765.7,1034.741,34.719,0.062,0.062,0.029,8.816,96.672,5.456,122.513,0,5.467,5.471,NA,44
"5/23/2022 4:43:55 PM",5.014,30.185,52.321,83.289,74761.2,1034.738,34.717,0.039,0.039,0.029,8.816,96.591,5.451,129.14,0,5.463,5.467,NA,44
"5/23/2022 4:43:56 PM",4.892,30.185,52.318,83.285,74757.2,1034.735,34.714,0.047,0.047,0,8.817,96.543,5.448,154.967,0,5.46,5.464,NA,44
"5/23/2022 4:43:56 PM",4.743,30.184,52.314,83.278,74752.9,1034.732,34.712,0.039,0.039,0,8.816,96.538,5.448,181.9,0,5.46,5.464,NA,44
"5/23/2022 4:43:56 PM",4.593,30.184,52.313,83.276,74750.7,1034.73,34.711,0.039,0.039,0.029,8.816,96.562,5.45,199.911,0,5.461,5.465,NA,44
"5/23/2022 4:43:56 PM",4.441,30.185,52.308,83.272,74745.3,1034.726,34.707,0.047,0.047,0.044,8.815,96.545,5.449,210.022,0,5.461,5.464,NA,44
"5/23/2022 4:43:56 PM",4.262,30.186,52.303,83.265,74738.9,1034.721,34.703,0.062,0.062,0.058,8.815,96.602,5.452,192.775,0,5.464,5.467,NA,44
"5/23/2022 4:43:57 PM",4.199,30.186,52.295,83.255,74728.5,1034.714,34.696,0.062,0.062,0.029,8.815,96.574,5.451,156.752,0,5.462,5.466,NA,44
"5/23/2022 4:43:57 PM",4.166,30.188,52.29,83.25,74721.8,1034.71,34.692,0.055,0.055,0.015,8.815,96.671,5.456,144.177,0,5.468,5.472,NA,44
"5/23/2022 4:43:57 PM",4.142,30.187,52.296,83.257,74729.2,1034.714,34.697,0.039,0.039,0,8.816,96.484,5.445,158.111,0,5.457,5.461,NA,44
"5/23/2022 4:43:57 PM",4.002,30.194,52.294,83.264,74725.9,1034.71,34.693,0.055,0.055,0.073,8.816,96.544,5.449,161.849,0,5.461,5.464,NA,44
"5/23/2022 4:43:57 PM",3.871,30.197,52.29,83.264,74721,1034.705,34.689,0.047,0.047,0.015,8.817,96.617,5.453,196.938,0,5.465,5.468,NA,44
"5/23/2022 4:43:58 PM",3.757,30.198,52.289,83.265,74719.6,1034.704,34.688,0.039,0.039,0.015,8.816,96.624,5.453,230.837,0,5.465,5.469,NA,44
"5/23/2022 4:43:58 PM",3.651,30.2,52.285,83.262,74714.4,1034.7,34.684,0.055,0.055,0.029,8.815,96.561,5.45,216.903,0,5.461,5.465,NA,44
"5/23/2022 4:43:58 PM",3.566,30.201,52.284,83.261,74713,1034.698,34.683,0.055,0.055,0.029,8.814,96.576,5.45,216.988,0,5.462,5.466,NA,44
"5/23/2022 4:43:58 PM",3.451,30.201,52.283,83.26,74711,1034.696,34.682,0.07,0.07,0.044,8.814,96.555,5.449,202.035,0,5.461,5.465,NA,44
"5/23/2022 4:43:58 PM",3.39,30.201,52.281,83.257,74709,1034.695,34.681,0.062,0.062,0.044,8.813,96.553,5.449,180.116,0,5.461,5.464,NA,44
"5/23/2022 4:43:59 PM",3.326,30.201,52.282,83.259,74709.7,1034.695,34.681,0.055,0.055,0.015,8.814,96.693,5.457,154.713,0,5.469,5.472,NA,44
"5/23/2022 4:43:59 PM",3.281,30.202,52.278,83.254,74705.1,1034.692,34.678,0.055,0.055,0,8.813,96.607,5.452,149.53,0,5.464,5.468,NA,44
"5/23/2022 4:43:59 PM",3.212,30.201,52.279,83.254,74706.3,1034.693,34.679,0.062,0.062,0.015,8.814,96.64,5.454,178.416,0,5.466,5.469,NA,44
"5/23/2022 4:43:59 PM",3.163,30.201,52.278,83.254,74705.4,1034.692,34.678,0.055,0.055,0.015,8.814,96.481,5.445,184.109,0,5.457,5.46,NA,44
"5/23/2022 4:43:59 PM",3.08,30.201,52.277,83.25,74703.4,1034.69,34.677,0.055,0.055,0.029,8.814,96.562,5.45,154.288,0,5.461,5.465,NA,44
"5/23/2022 4:44:00 PM",2.972,30.2,52.276,83.248,74702.4,1034.69,34.677,0.07,0.07,0.044,8.813,96.542,5.448,135.002,0,5.46,5.464,NA,44
"5/23/2022 4:44:00 PM",2.856,30.2,52.276,83.248,74702.4,1034.689,34.677,0.039,0.039,0.029,8.814,96.612,5.452,130.839,0,5.464,5.468,NA,44
"5/23/2022 4:44:00 PM",2.727,30.201,52.272,83.245,74697.2,1034.685,34.673,0.047,0.047,0,8.813,96.627,5.453,133.472,0,5.465,5.469,NA,44
"5/23/2022 4:44:00 PM",2.665,30.201,52.271,83.244,74696.3,1034.684,34.673,0.039,0.039,0,8.814,96.517,5.447,179.521,0,5.459,5.463,NA,44
"5/23/2022 4:44:00 PM",2.63,30.201,52.269,83.241,74694.2,1034.683,34.672,0.039,0.039,0,8.814,96.576,5.451,240.862,0,5.462,5.466,NA,44
"5/23/2022 4:44:01 PM",2.59,30.202,52.267,83.239,74690.8,1034.68,34.669,0.062,0.062,0.044,8.816,96.561,5.449,270.938,0,5.461,5.465,NA,44
"5/23/2022 4:44:01 PM",2.519,30.203,52.267,83.24,74691.6,1034.68,34.67,0.047,0.047,0,8.816,96.59,5.451,285.042,0,5.463,5.467,NA,44
"5/23/2022 4:44:01 PM",2.352,30.202,52.266,83.238,74689.3,1034.678,34.668,0.07,0.07,0.073,8.815,96.571,5.45,235.085,0,5.462,5.466,NA,44
"5/23/2022 4:44:01 PM",2.252,30.203,52.266,83.238,74689.4,1034.678,34.668,0.055,0.055,0.029,8.815,96.64,5.454,241.202,0,5.466,5.469,NA,44
"5/23/2022 4:44:01 PM",2.161,30.204,52.263,83.236,74686.3,1034.675,34.666,0.062,0.062,0.029,8.814,96.522,5.447,218.688,0,5.459,5.463,NA,44
"5/23/2022 4:44:02 PM",2.085,30.204,52.261,83.233,74683.1,1034.673,34.664,0.055,0.055,0.058,8.814,96.498,5.446,187.337,0,5.458,5.461,NA,44
"5/23/2022 4:44:02 PM",1.979,30.204,52.26,83.232,74681.6,1034.672,34.663,0.055,0.055,0.044,8.81,96.627,5.453,177.397,0,5.465,5.469,NA,44
"5/23/2022 4:44:02 PM",1.894,30.204,52.257,83.229,74678.6,1034.669,34.661,0.055,0.055,0.044,8.803,96.668,5.456,130.754,0,5.467,5.471,NA,44
"5/23/2022 4:44:02 PM",1.8,30.204,52.253,83.222,74673.3,1034.666,34.658,0.047,0.047,0.029,8.8,96.596,5.452,129.394,0,5.463,5.467,NA,44
"5/23/2022 4:44:03 PM",1.734,30.204,52.251,83.219,74670.2,1034.664,34.656,0.047,0.047,0.029,8.797,96.572,5.45,148.935,0,5.462,5.466,NA,44
"5/23/2022 4:44:03 PM",1.693,30.204,52.249,83.217,74668.4,1034.663,34.655,0.023,0.023,0,8.795,96.528,5.448,199.741,0,5.46,5.463,NA,44
"5/23/2022 4:44:03 PM",1.689,30.204,52.248,83.216,74667.6,1034.662,34.655,0.062,0.062,0.029,8.793,96.522,5.447,287.166,0,5.459,5.463,NA,44
"5/23/2022 4:44:03 PM",1.698,30.205,52.247,83.215,74666.1,1034.661,34.654,0.07,0.07,0.087,8.792,96.594,5.452,322.764,0,5.463,5.467,NA,44
"5/23/2022 4:44:03 PM",1.696,30.204,52.249,83.217,74668.2,1034.662,34.655,0.047,0.047,0.044,8.791,96.571,5.45,289.205,0,5.462,5.466,NA,44
"5/23/2022 4:44:04 PM",1.696,30.204,52.248,83.215,74666.8,1034.662,34.654,0.062,0.062,0.058,8.791,96.553,5.449,289.374,0,5.461,5.465,NA,44
"5/23/2022 4:44:04 PM",1.648,30.205,52.248,83.217,74667.5,1034.662,34.655,0.055,0.055,0.029,8.792,96.511,5.447,231.092,0,5.459,5.462,NA,44
"5/23/2022 4:44:04 PM",1.613,30.205,52.245,83.212,74662.9,1034.659,34.652,0.062,0.062,0.044,8.79,96.633,5.454,172.894,0,5.466,5.469,NA,44
"5/23/2022 4:44:04 PM",1.597,30.205,52.243,83.21,74661,1034.657,34.651,0.07,0.07,0.102,8.79,96.538,5.449,187.167,0,5.46,5.464,NA,44
"5/23/2022 4:44:04 PM",1.602,30.204,52.243,83.209,74660.6,1034.657,34.65,0.062,0.062,0.015,8.79,96.576,5.451,203.48,0,5.462,5.466,NA,44
"5/23/2022 4:44:05 PM",1.594,30.204,52.243,83.208,74660.8,1034.658,34.651,0.039,0.039,0,8.79,96.623,5.453,162.784,0,5.465,5.469,NA,44
"5/23/2022 4:44:05 PM",1.55,30.204,52.243,83.209,74661.2,1034.657,34.651,0.039,0.039,0.015,8.79,96.447,5.443,245.28,0,5.455,5.459,NA,44
"5/23/2022 4:44:05 PM",1.481,30.205,52.242,83.208,74659,1034.656,34.649,0.062,0.062,0.073,8.789,96.475,5.445,224.55,0,5.457,5.461,NA,44
"5/23/2022 4:44:05 PM",1.406,30.205,52.239,83.204,74655.8,1034.653,34.647,0.039,0.039,0.015,8.788,96.517,5.448,247.829,0,5.459,5.463,NA,44
"5/23/2022 4:44:05 PM",1.332,30.205,52.238,83.203,74654.6,1034.652,34.647,0.031,0.031,0,8.788,96.606,5.452,343.154,0,5.464,5.468,NA,44
"5/23/2022 4:44:06 PM",1.243,30.205,52.234,83.197,74649.2,1034.649,34.643,0.031,0.031,0,8.788,96.561,5.45,373.825,0,5.461,5.465,NA,44
"5/23/2022 4:44:06 PM",1.188,30.206,52.231,83.194,74645.3,1034.646,34.641,0.039,0.039,0.015,8.788,96.535,5.448,363.63,0,5.46,5.464,NA,44
"5/23/2022 4:44:06 PM",1.132,30.205,52.23,83.193,74644.6,1034.645,34.64,0.047,0.047,0.044,8.788,96.562,5.45,338.566,0,5.462,5.465,NA,44
"5/23/2022 4:44:06 PM",1.076,30.205,52.228,83.189,74641.4,1034.643,34.639,0.055,0.055,0.044,8.789,96.54,5.449,284.617,0,5.46,5.464,NA,44
"5/23/2022 4:44:06 PM",1.005,30.203,52.227,83.185,74640.9,1034.643,34.639,0.047,0.047,0.058,8.79,96.58,5.451,298.72,0,5.463,5.467,NA,44
"5/23/2022 4:44:07 PM",0.953,30.203,52.225,83.181,74637.8,1034.641,34.637,0.062,0.062,0.058,8.789,96.532,5.448,269.919,0,5.46,5.464,NA,44
"5/23/2022 4:44:07 PM",0.918,30.203,52.223,83.179,74635.5,1034.639,34.636,0.047,0.047,0.044,8.788,96.571,5.451,268.899,0,5.463,5.466,NA,44
"5/23/2022 4:44:07 PM",0.87,30.203,52.22,83.175,74632.6,1034.638,34.634,0.062,0.062,0.029,8.788,96.597,5.452,387.079,0,5.464,5.468,NA,44
"5/23/2022 4:44:07 PM",0.833,30.202,52.219,83.173,74631.2,1034.637,34.633,0.031,0.031,0,8.787,96.574,5.451,303.393,0,5.463,5.466,NA,44
"5/23/2022 4:44:07 PM",0.793,30.202,52.215,83.166,74626.5,1034.634,34.631,0.039,0.039,0,8.787,96.623,5.454,232.196,0,5.466,5.469,NA,44
"5/23/2022 4:44:08 PM",0.78,30.201,52.215,83.165,74625.9,1034.634,34.63,0.031,0.031,0,8.786,96.614,5.453,262.782,0,5.465,5.469,NA,44
"5/23/2022 4:44:08 PM",0.781,30.202,52.213,83.164,74623.6,1034.632,34.629,0.062,0.062,0.029,8.785,96.572,5.451,334.149,0,5.463,5.467,NA,44
"5/23/2022 4:44:08 PM",0.78,30.203,52.211,83.162,74621,1034.63,34.627,0.062,0.062,0,8.777,96.448,5.444,392.006,0,5.456,5.46,NA,44
"5/23/2022 4:44:08 PM",0.769,30.202,52.212,83.163,74622.5,1034.631,34.628,0.086,0.086,0.102,8.772,96.608,5.453,319.196,0,5.465,5.469,NA,44
"5/23/2022 4:44:08 PM",0.75,30.203,52.213,83.165,74622.8,1034.631,34.628,0.07,0.07,0.058,8.772,96.492,5.447,254.881,0,5.458,5.462,NA,44
"5/23/2022 4:44:09 PM",0.724,30.204,52.212,83.165,74621.8,1034.63,34.627,0.078,0.078,0.058,8.771,96.534,5.449,265.331,0,5.461,5.464,NA,44
"5/23/2022 4:44:09 PM",0.681,30.204,52.211,83.163,74620.4,1034.629,34.626,0.078,0.078,0.073,8.769,96.566,5.451,263.716,0,5.462,5.466,NA,44
"5/23/2022 4:44:09 PM",0.627,30.203,52.21,83.161,74619.1,1034.628,34.626,0.055,0.055,0.044,8.77,96.47,5.445,277.395,0,5.457,5.461,NA,44
"5/23/2022 4:44:09 PM",0.526,30.204,52.209,83.16,74617.8,1034.627,34.625,0.039,0.039,0,8.769,96.584,5.452,294.557,0,5.464,5.467,NA,44
"5/23/2022 4:44:09 PM",0.458,30.205,52.206,83.158,74614.2,1034.624,34.622,0.047,0.047,0.029,8.767,96.568,5.451,346.808,0,5.463,5.466,NA,44
"5/23/2022 4:44:10 PM",0.391,30.204,52.206,83.157,74614.4,1034.624,34.623,0.023,0.023,0,8.767,96.536,5.449,374.675,0,5.461,5.464,NA,44
"5/23/2022 4:44:10 PM",0.325,30.204,52.203,83.153,74611,1034.622,34.62,0.023,0.023,0,8.767,96.45,5.444,369.577,0,5.456,5.46,NA,44
"5/23/2022 4:44:10 PM",0.196,30.205,52.199,83.148,74605.2,1034.618,34.617,0.078,0.078,0.058,8.766,96.679,5.457,420.893,0,5.469,5.473,NA,44
"5/23/2022 4:44:10 PM",0.108,30.205,52.197,83.145,74602.9,1034.616,34.615,0.016,0.016,0.029,8.766,96.502,5.447,361.506,0,5.459,5.463,NA,44
"5/23/2022 4:44:10 PM",0.035,30.204,52.191,83.135,74595.3,1034.611,34.611,0.008,0.008,0.015,8.766,96.661,5.457,311.974,0,5.468,5.472,NA,44
"5/23/2022 4:44:11 PM",0,30.203,52.185,83.127,74588.1,1034.607,34.607,0.016,0.016,0,8.766,96.517,5.449,245.025,0,5.46,5.464,NA,44
"5/23/2022 4:44:11 PM",0,30.203,52.178,83.117,74579.7,1034.601,34.602,0,0,0,8.767,96.439,5.444,341.88,0,5.456,5.46,NA,44
"5/23/2022 4:44:11 PM",0,30.204,52.171,83.108,74570.7,1034.596,34.596,0.07,0.07,0.044,8.766,96.551,5.451,417.494,0,5.463,5.466,NA,44
"5/23/2022 4:44:11 PM",0,30.203,52.17,83.106,74570.2,1034.596,34.596,0.008,0.008,0,8.765,96.465,5.446,504.239,0,5.458,5.462,NA,44
"5/23/2022 4:44:12 PM",0,30.203,52.168,83.103,74567.3,1034.594,34.594,0,0,0.015,8.766,96.55,5.451,551.647,0,5.463,5.466,NA,44
"5/23/2022 4:44:12 PM",0,30.203,52.167,83.102,74566.2,1034.593,34.593,0.016,0.016,0,8.765,96.577,5.452,461.164,0,5.464,5.468,NA,44
"5/23/2022 4:44:12 PM",0.014,30.203,52.168,83.104,74567.9,1034.594,34.594,0.039,0.039,0.058,8.766,96.468,5.446,424.801,0,5.458,5.462,NA,44
"5/23/2022 4:44:12 PM",0.066,30.203,52.168,83.103,74567.1,1034.594,34.594,0.172,0.172,0.335,8.765,96.524,5.449,486.142,0,5.461,5.465,NA,44
"5/23/2022 4:44:12 PM",0.078,30.202,52.168,83.102,74568.1,1034.595,34.595,0.109,0.109,0.058,8.765,96.466,5.446,462.863,0,5.458,5.462,NA,44
"5/23/2022 4:44:13 PM",0.101,30.202,52.169,83.102,74568.7,1034.596,34.595,0.031,0.031,0.015,8.765,96.595,5.453,388.353,0,5.465,5.469,NA,44
"5/23/2022 4:44:13 PM",0.165,30.202,52.168,83.102,74567.8,1034.595,34.594,0.062,0.062,0,8.766,96.572,5.452,477.306,0,5.464,5.468,NA,44
"5/23/2022 4:44:13 PM",0.193,30.201,52.169,83.102,74569.5,1034.597,34.596,0.094,0.094,0.131,8.768,96.554,5.451,476.542,0,5.463,5.467,NA,44
"5/23/2022 4:44:13 PM",0.238,30.201,52.168,83.1,74567.7,1034.596,34.595,0.109,0.109,0.175,8.768,96.393,5.442,346.808,0,5.454,5.457,NA,44
"5/23/2022 4:44:13 PM",0.243,30.2,52.171,83.102,74571.2,1034.598,34.597,0.109,0.109,0.204,8.769,96.448,5.445,235.17,0,5.457,5.46,NA,44
"5/23/2022 4:44:14 PM",0.163,30.2,52.173,83.104,74573.9,1034.6,34.599,0.101,0.101,0.189,8.771,96.539,5.45,220.557,0,5.462,5.466,NA,44
"5/23/2022 4:44:14 PM",0.066,30.199,52.171,83.102,74572,1034.598,34.598,0.187,0.187,0.102,8.772,96.588,5.453,261.677,0,5.465,5.468,NA,44
"5/23/2022 4:44:14 PM",0,30.199,52.17,83.099,74570.2,1034.597,34.597,0.07,0.07,0,8.772,96.638,5.456,426.16,0,5.467,5.471,NA,44
"5/23/2022 4:44:14 PM",0,30.204,52.183,83.125,74585.9,1034.605,34.605,0,0,0,8.772,96.577,5.452,860.307,0,5.464,5.467,NA,44
"5/23/2022 4:44:14 PM",0,30.236,52.199,83.194,74601.4,1034.605,34.606,0.016,0.016,0,8.772,96.618,5.454,1069.564,0,5.465,5.469,NA,44
"5/23/2022 4:44:15 PM",0,30.371,52.121,83.29,74488.8,1034.496,34.497,0.086,0.086,0.349,8.771,96.696,5.459,1329.202,0,5.471,5.474,NA,44
"5/23/2022 4:44:15 PM",0,30.642,52.087,83.652,74415.4,1034.372,34.373,0.164,0.164,0.335,8.77,97.258,5.488,1303.714,0,5.499,5.503,NA,44
"5/23/2022 4:44:15 PM",0,30.728,51.183,82.522,73287.1,1033.657,33.658,41.204,41.204,75.147,8.771,97.412,5.518,1223.002,0,5.53,5.533,NA,44
"5/23/2022 4:44:15 PM",0,30.574,51.877,83.258,74163.2,1034.238,34.239,37.498,37.498,45.17,8.772,96.998,5.472,1203.037,0,5.484,5.487,NA,44
"5/23/2022 4:44:15 PM",0,30.542,50.365,81.107,72292.5,1033.105,33.106,24.034,24.034,28.693,8.772,96.727,5.503,1193.181,0,5.515,5.518,NA,44
"5/23/2022 4:44:16 PM",0,30.433,51.904,83.085,74214,1034.31,34.311,5.273,5.273,5.282,8.771,96.717,5.455,1129.801,0,5.467,5.471,NA,44
"5/23/2022 4:44:16 PM",0,30.297,52.037,83.063,74393.6,1034.459,34.461,2.473,2.473,2.726,8.771,96.634,5.448,1010.347,0,5.46,5.464,NA,44
"5/23/2022 4:44:16 PM",0,30.238,51.616,82.393,73880,1034.162,34.163,0.874,0.874,1.136,8.771,96.355,5.448,763.707,0,5.459,5.463,NA,44
"5/23/2022 4:44:16 PM",0,30.216,52.128,83.067,74516,1034.558,34.559,0.257,0.257,0.204,8.771,96.389,5.436,985.369,0,5.448,5.452,NA,44
"5/23/2022 4:44:16 PM",0,30.221,1.872,3.951,3544,996.981,0,177.974,177.974,763.427,8.772,96.554,7.177,1029.633,0,7.198,7.198,NA,44
"5/23/2022 4:44:17 PM",0,30.234,1.273,2.744,2460.6,996.53,0,126.403,126.403,11.821,8.771,96.726,7.215,952.914,0,7.236,7.236,NA,44
"5/23/2022 4:44:17 PM",0,30.358,1.038,2.265,2026,996.316,0,0,0,0,8.769,96.532,7.21,834.564,0,7.231,7.231,NA,44
"5/23/2022 4:44:17 PM",0,30.872,0.866,1.925,1705,996.029,0,9.33,9.33,0,8.768,96.6,7.223,695.484,0,7.244,7.244,NA,44
"5/23/2022 4:44:17 PM",0,30.926,0.743,1.665,1472.7,995.921,0,19.837,19.837,0,8.765,96.547,7.223,583.507,0,7.244,7.244,NA,44
"5/23/2022 4:44:17 PM",0,30.696,0.652,1.462,1299.2,995.924,0,0,0,0,8.764,96.38,7.214,367.793,0,7.235,7.235,NA,44
"5/23/2022 4:44:18 PM",0,30.493,0.627,1.403,1251.5,995.967,0,37.88,37.88,0,8.762,96.097,7.194,290.139,0,7.215,7.215,NA,44
"5/23/2022 4:44:18 PM",0,30.526,0.584,1.31,1168.3,995.925,0,18.223,18.223,14.647,8.761,95.925,7.183,183.259,0,7.204,7.204,NA,44
"5/23/2022 4:44:18 PM",0,30.544,0.557,1.252,1116.1,995.899,0,163.582,163.582,115.829,8.759,96.073,7.195,173.489,0,7.216,7.216,NA,44
"5/23/2022 4:44:18 PM",0,30.36,0.513,1.153,1031.7,995.923,0,255.724,255.724,83.686,8.758,95.816,7.176,125.911,0,7.196,7.196,NA,44
"5/23/2022 4:44:18 PM",0,30.344,0.51,1.146,1025.5,995.925,0,98.391,98.391,35.115,8.755,95.782,7.174,167.796,0,7.195,7.195,NA,44
"5/23/2022 4:44:19 PM",0,30.105,0.464,1.043,937.7,995.964,0,37.334,37.334,3.47,8.754,95.637,7.164,172.639,0,7.184,7.184,NA,44
"5/23/2022 4:44:19 PM",0,29.614,0.465,1.035,939.4,996.113,0,9.969,9.969,1.34,8.753,95.602,7.162,277.65,0,7.182,7.182,NA,44
"5/23/2022 4:44:19 PM",0,29.515,0.464,1.031,937.5,996.141,0,67.687,67.687,100.902,8.75,95.431,7.149,442.303,0,7.17,7.17,NA,44
"5/23/2022 4:44:19 PM",0,29.572,0.426,0.95,863.6,996.096,0,19.346,19.346,30.467,8.746,95.667,7.168,674.669,0,7.189,7.189,NA,44
"5/23/2022 4:44:19 PM",0,29.642,0.414,0.924,838.6,996.066,0,158.776,158.776,201.94,8.745,95.567,7.162,778.915,0,7.183,7.183,NA,44
"5/23/2022 4:44:20 PM",0,29.001,0.424,0.934,858.7,996.263,0,506.05,506.05,111.996,8.742,95.404,7.15,894.546,0,7.171,7.171,NA,44
"5/23/2022 4:44:20 PM",0,28.51,0.413,0.904,839.3,996.399,0,260.919,260.919,30.646,8.739,95.393,7.151,812.559,0,7.171,7.171,NA,44
"5/23/2022 4:44:20 PM",0,28.471,0.413,0.902,837.7,996.409,0,72.079,72.079,0,8.736,95.359,7.15,762.433,0,7.17,7.17,NA,44
"5/23/2022 4:44:20 PM",0,28.453,0.4,0.875,813.3,996.405,0,22.942,22.942,0,8.732,95.165,7.137,544.935,0,7.158,7.158,NA,44
"5/23/2022 4:44:21 PM",0,28.523,0.387,0.848,787.1,996.375,0,10.453,10.453,2.288,8.73,95.211,7.143,397.359,0,7.164,7.164,NA,44
"5/23/2022 4:44:21 PM",0,28.76,0.379,0.834,770.2,996.3,0,24.604,24.604,13.263,8.728,95.326,7.154,275.781,0,7.175,7.175,NA,44
"5/23/2022 4:44:21 PM",0,28.792,0.371,0.819,756.1,996.285,0,16.764,16.764,5.633,8.726,95.283,7.152,226.589,0,7.173,7.173,NA,44
"5/23/2022 4:44:21 PM",0,28.699,0.358,0.788,729.1,996.302,0,28.247,28.247,14.441,8.722,95.169,7.146,202.205,0,7.166,7.166,NA,44
"5/23/2022 4:44:21 PM",0,28.66,0.355,0.782,723.4,996.311,0,54.597,54.597,11.88,8.719,95.29,7.158,177.822,0,7.178,7.179,NA,44
"5/23/2022 4:44:22 PM",0,28.617,0.338,0.745,690.3,996.311,0,25.547,25.547,0,8.717,95.023,7.138,291.668,0,7.159,7.159,NA,44
"5/23/2022 4:44:22 PM",0,28.491,0.341,0.75,696.3,996.35,0,29.541,29.541,2.594,8.716,94.663,7.112,390.817,0,7.132,7.132,NA,44
"5/23/2022 4:44:22 PM",0,28.187,0.345,0.755,705.2,996.441,0,30.751,30.751,6.833,8.712,94.736,7.121,561.842,0,7.142,7.142,NA,44
"5/23/2022 4:44:22 PM",0,27.928,0.358,0.776,729.3,996.524,0,25.189,25.189,7.302,8.709,94.544,7.108,599.479,0,7.128,7.128,NA,44
"5/23/2022 4:44:22 PM",0,27.711,0.411,0.885,835.3,996.625,0,11.475,11.475,2.025,8.706,94.313,7.091,641.45,0,7.112,7.112,NA,44
"5/23/2022 4:44:23 PM",0,27.562,0.374,0.806,762.7,996.639,0,0,0,0,8.703,94.29,7.093,613.158,0,7.114,7.114,NA,44
"5/23/2022 4:44:23 PM",0,27.56,0.351,0.758,717.4,996.623,0,0,0,0,8.698,93.695,7.052,398.124,0,7.072,7.072,NA,44
"5/23/2022 4:44:23 PM",0,27.637,0.359,0.775,732.8,996.607,0,0,0,0,8.69,12.377,0.932,135.766,0,0.935,0.935,NA,44
"5/23/2022 4:44:23 PM",0,27.619,0.369,0.796,752.4,996.619,0,0,0,0,8.687,35.719,2.69,132.623,0,2.698,2.698,NA,44
"5/23/2022 4:44:23 PM",0,27.569,0.349,0.753,713,996.619,0,0,0,0,8.684,5.504,0.415,133.218,0,0.416,0.416,NA,44
"5/23/2022 4:44:24 PM",0,27.583,0.358,0.772,730.7,996.621,0,0,0,0,8.683,64.291,4.845,132.538,0,4.859,4.859,NA,44
"5/23/2022 4:44:24 PM",0,27.681,0.378,0.815,769.7,996.608,0,0,0,0,8.678,90.903,6.851,126.591,0,6.871,6.871,NA,44
"5/23/2022 4:44:24 PM",0,27.742,0.38,0.821,774.8,996.593,0,0,0,0,8.675,92.46,6.97,116.395,0,6.99,6.99,NA,44
"5/23/2022 4:44:24 PM",0,27.81,0.33,0.716,674.6,996.536,0,0,0,0,8.673,92.904,7.007,99.403,0,7.027,7.027,NA,44
"5/23/2022 4:44:24 PM",0,27.866,0.307,0.669,629.2,996.503,0,1.381,1.381,5.238,8.671,92.788,7.001,92.097,0,7.021,7.021,NA,44
"5/23/2022 4:44:25 PM",0,27.819,0.291,0.634,596.6,996.504,0,0.827,0.827,2.303,8.666,92.803,7.006,110.278,0,7.026,7.026,NA,44
"5/23/2022 4:44:25 PM",0,27.828,0.284,0.619,582.7,996.496,0,0,0,1.573,8.663,93.374,7.052,138.995,0,7.072,7.072,NA,44
"5/23/2022 4:44:25 PM",0,27.8,0.276,0.602,567.5,996.499,0,0.055,0.055,0.481,8.659,93.446,7.059,137.381,0,7.079,7.079,NA,44
"5/23/2022 4:44:25 PM",0,27.801,0.272,0.593,558.2,996.495,0,0.382,0.382,5.136,8.657,93.239,7.045,175.273,0,7.065,7.065,NA,44
"5/23/2022 4:44:25 PM",0,27.771,0.266,0.58,546.7,996.499,0,0.741,0.741,5.37,8.655,93.388,7.059,145.452,0,7.079,7.079,NA,44
"5/23/2022 4:44:26 PM",0,28.553,55.024,84.425,78304.1,1037.354,37.355,1.958,1.958,25.39,8.658,94.313,5.277,116.905,0,5.288,5.292,NA,44
"5/23/2022 4:44:26 PM",0,29.331,52.046,81.627,74525.4,1034.813,34.814,2.2,2.2,9.119,8.663,95.021,5.405,108.494,0,5.417,5.421,NA,44
"5/23/2022 4:44:26 PM",0,29.516,52.475,82.488,75032.6,1035.073,35.074,2.34,2.34,5.238,8.668,95.265,5.406,101.527,0,5.418,5.421,NA,44
"5/23/2022 4:44:26 PM",0,29.579,52.412,82.497,74947.3,1035.003,35.004,3.23,3.23,5.223,8.673,95.237,5.406,108.579,0,5.418,5.422,NA,44
"5/23/2022 4:44:26 PM",0,29.61,52.387,82.51,74911.6,1034.972,34.974,2.052,2.052,7.009,8.681,95.053,5.395,120.643,0,5.407,5.411,NA,44
"5/23/2022 4:44:27 PM",0,29.615,52.385,82.514,74908.3,1034.969,34.97,1.896,1.896,8.415,8.683,95.044,5.395,121.748,0,5.406,5.41,NA,44
"5/23/2022 4:44:27 PM",0,29.618,52.388,82.524,74912.5,1034.971,34.972,1.786,1.786,7.902,8.685,94.987,5.391,120.898,0,5.403,5.406,NA,44
"5/23/2022 4:44:27 PM",0,29.617,52.398,82.536,74925,1034.979,34.98,1.685,1.685,7.682,8.687,94.91,5.386,122.683,0,5.397,5.401,NA,44
"5/23/2022 4:44:27 PM",0,29.619,52.401,82.542,74928.6,1034.98,34.982,1.747,1.747,7.595,8.689,94.893,5.384,124.127,0,5.395,5.399,NA,44
"5/23/2022 4:44:27 PM",0,29.621,52.406,82.551,74934.2,1034.983,34.985,1.81,1.81,7.741,8.691,94.745,5.375,126.421,0,5.387,5.39,NA,44
"5/23/2022 4:44:28 PM",0,29.621,52.408,82.555,74937,1034.985,34.986,1.927,1.927,8.005,8.692,94.763,5.375,124.552,0,5.387,5.391,NA,44
"5/23/2022 4:48:00 PM",0,30.177,52.176,83.075,74580.6,1034.609,34.61,0.031,0.031,0,8.659,96.463,5.454,1168.288,0,5.466,5.47,NA,44
"5/23/2022 4:48:00 PM",0,30.179,52.179,83.081,74583.5,1034.61,34.611,0,0,0,8.661,96.608,5.463,1204.481,0,5.474,5.478,NA,44
"5/23/2022 4:48:00 PM",0,30.179,52.177,83.079,74581.1,1034.609,34.609,0.07,0.07,0.029,8.662,96.433,5.452,1271.175,0,5.464,5.468,NA,44
"5/23/2022 4:48:01 PM",0,30.18,52.173,83.075,74576.8,1034.606,34.607,0.101,0.101,0.146,8.664,96.394,5.45,1278.651,0,5.462,5.465,NA,44
"5/23/2022 4:48:01 PM",0,30.176,52.175,83.072,74579,1034.609,34.609,0.039,0.039,0,8.667,96.534,5.457,737.455,0,5.469,5.473,NA,44
"5/23/2022 4:48:01 PM",0,30.175,52.182,83.08,74588.5,1034.615,34.615,0.109,0.109,0.044,8.668,96.435,5.451,845.864,0,5.463,5.467,NA,44
"5/23/2022 4:48:01 PM",0,30.176,52.177,83.075,74582,1034.611,34.611,0.07,0.07,0.131,8.67,96.499,5.455,682.485,0,5.466,5.47,NA,44
"5/23/2022 4:48:01 PM",0.009,30.176,52.176,83.073,74580.7,1034.61,34.61,0,0,0,8.67,96.53,5.456,648.501,0,5.468,5.472,NA,44
"5/23/2022 4:48:02 PM",0.12,30.177,52.183,83.084,74589.2,1034.616,34.615,0.07,0.07,0.029,8.67,96.572,5.458,572.462,0,5.47,5.474,NA,44
"5/23/2022 4:48:02 PM",0.182,30.176,52.186,83.087,74592.9,1034.618,34.617,0.039,0.039,0.044,8.669,96.599,5.46,822.16,0,5.472,5.476,NA,44
"5/23/2022 4:48:02 PM",0.26,30.178,52.185,83.089,74591.9,1034.617,34.616,0,0,0,8.67,96.598,5.461,661.585,0,5.472,5.476,NA,44
"5/23/2022 4:48:02 PM",0.332,30.181,52.189,83.099,74596.1,1034.619,34.618,0.047,0.047,0.044,8.672,96.579,5.459,556.15,0,5.471,5.474,NA,44
"5/23/2022 4:48:02 PM",0.408,30.174,52.204,83.108,74615.5,1034.634,34.632,0.164,0.164,0.248,8.674,96.559,5.457,391.752,0,5.468,5.472,NA,44
"5/23/2022 4:48:03 PM",0.411,30.175,52.215,83.125,74629.1,1034.642,34.64,0.094,0.094,0.029,8.673,96.459,5.45,394.895,0,5.462,5.466,NA,44
"5/23/2022 4:48:03 PM",0.413,30.176,52.219,83.132,74633.7,1034.644,34.642,0.14,0.14,0.189,8.673,96.665,5.462,373.995,0,5.474,5.478,NA,44
"5/23/2022 4:48:03 PM",0.415,30.179,52.222,83.142,74637.9,1034.646,34.644,0.086,0.086,0.087,8.673,96.6,5.458,760.054,0,5.47,5.474,NA,44
"5/23/2022 4:48:03 PM",0.38,30.179,52.226,83.147,74642.2,1034.648,34.647,0,0,0,8.673,96.472,5.451,535.929,0,5.463,5.467,NA,44
"5/23/2022 4:48:03 PM",0.389,30.179,52.225,83.146,74640.8,1034.648,34.646,0,0,0,8.673,96.513,5.453,484.188,0,5.465,5.469,NA,44
"5/23/2022 4:48:04 PM",0.399,30.179,52.225,83.147,74641.3,1034.648,34.646,0.031,0.031,0,8.672,96.605,5.459,597.95,0,5.471,5.474,NA,44
"5/23/2022 4:48:04 PM",0.427,30.178,52.228,83.148,74644.3,1034.65,34.648,0.039,0.039,0.015,8.672,96.661,5.462,606.106,0,5.474,5.477,NA,44
"5/23/2022 4:48:04 PM",0.46,30.179,52.233,83.156,74650.4,1034.654,34.652,0.133,0.133,0.233,8.671,96.587,5.457,460.994,0,5.469,5.473,NA,44
"5/23/2022 4:48:04 PM",0.479,30.18,52.233,83.157,74650.2,1034.653,34.651,0.094,0.094,0.102,8.671,96.667,5.461,269.579,0,5.473,5.477,NA,44
"5/23/2022 4:48:04 PM",0.474,30.183,52.234,83.163,74651.7,1034.654,34.652,0.039,0.039,0.029,8.671,96.519,5.453,220.047,0,5.464,5.468,NA,44
"5/23/2022 4:48:05 PM",0.465,30.184,52.233,83.164,74650,1034.652,34.65,0.07,0.07,0.087,8.672,96.565,5.456,303.478,0,5.468,5.471,NA,44
"5/23/2022 4:48:05 PM",0.448,30.185,52.227,83.157,74643.4,1034.648,34.646,0.023,0.023,0.044,8.672,96.714,5.464,243.751,0,5.476,5.479,NA,44
"5/23/2022 4:48:05 PM",0.427,30.183,52.231,83.16,74648.3,1034.651,34.649,0.094,0.094,0.146,8.674,96.697,5.463,245.28,0,5.475,5.479,NA,44
"5/23/2022 4:48:05 PM",0.41,30.184,52.229,83.158,74644.8,1034.649,34.647,0.07,0.07,0.073,8.676,96.693,5.463,605.681,0,5.474,5.478,NA,44
"5/23/2022 4:48:05 PM",0.392,30.184,52.226,83.155,74642.1,1034.647,34.645,0.047,0.047,0.029,8.676,96.59,5.457,574.586,0,5.469,5.473,NA,44
"5/23/2022 4:48:06 PM",0.405,30.184,52.226,83.155,74642,1034.647,34.645,0.039,0.039,0,8.676,96.721,5.464,510.356,0,5.476,5.48,NA,44
"5/23/2022 4:48:06 PM",0.427,30.184,52.225,83.153,74640.4,1034.646,34.644,0.008,0.008,0,8.676,96.617,5.459,578.579,0,5.47,5.474,NA,44
"5/23/2022 4:48:06 PM",0.517,30.183,52.227,83.154,74642.5,1034.648,34.646,0.031,0.031,0,8.676,96.64,5.459,442.983,0,5.471,5.475,NA,44
"5/23/2022 4:48:06 PM",0.597,30.184,52.225,83.154,74641.1,1034.647,34.645,0.055,0.055,0.015,8.676,96.711,5.463,331.77,0,5.475,5.479,NA,44
"5/23/2022 4:48:06 PM",0.642,30.185,52.229,83.161,74645.2,1034.649,34.647,0.016,0.016,0,8.676,96.564,5.455,364.734,0,5.467,5.47,NA,44
"5/23/2022 4:48:07 PM",0.705,30.185,52.229,83.161,74645.2,1034.65,34.647,0.094,0.094,0.102,8.676,96.603,5.457,383.34,0,5.469,5.473,NA,44
"5/23/2022 4:48:07 PM",0.786,30.186,52.23,83.162,74646.3,1034.651,34.647,0.125,0.125,0.204,8.676,96.613,5.457,323.359,0,5.469,5.473,NA,44
"5/23/2022 4:48:07 PM",0.868,30.186,52.233,83.167,74650.1,1034.653,34.649,0.101,0.101,0.073,8.676,96.538,5.453,224.295,0,5.465,5.469,NA,44
"5/23/2022 4:48:07 PM",0.941,30.186,52.232,83.166,74648.8,1034.653,34.649,0.062,0.062,0,8.676,96.753,5.465,285.636,0,5.477,5.481,NA,44
"5/23/2022 4:48:07 PM",0.997,30.187,52.233,83.169,74650.5,1034.654,34.649,0.008,0.008,0,8.676,96.651,5.46,377.053,0,5.471,5.475,NA,44
"5/23/2022 4:48:08 PM",1.012,30.186,52.238,83.173,74656.1,1034.658,34.653,0.07,0.07,0,8.676,96.512,5.451,294.387,0,5.463,5.467,NA,44
"5/23/2022 4:48:08 PM",1.064,30.186,52.236,83.171,74654.3,1034.657,34.652,0.07,0.07,0.029,8.677,96.587,5.456,406.62,0,5.467,5.471,NA,44
"5/23/2022 4:48:08 PM",1.083,30.186,52.237,83.173,74654.9,1034.657,34.652,0.07,0.07,0.116,8.677,96.648,5.459,601.009,0,5.471,5.475,NA,44
"5/23/2022 4:48:08 PM",1.095,30.186,52.235,83.169,74652.7,1034.656,34.651,0.039,0.039,0.073,8.678,96.644,5.459,530.661,0,5.471,5.475,NA,44
"5/23/2022 4:48:09 PM",1.095,30.186,52.235,83.17,74652.5,1034.656,34.651,0.078,0.078,0.058,8.678,96.612,5.457,342.899,0,5.469,5.473,NA,44
"5/23/2022 4:48:09 PM",1.097,30.185,52.236,83.17,74654,1034.657,34.652,0.062,0.062,0.087,8.675,96.648,5.459,228.968,0,5.471,5.475,NA,44
"5/23/2022 4:48:09 PM",1.064,30.186,52.236,83.172,74654,1034.656,34.652,0.047,0.047,0.087,8.672,96.504,5.451,243.241,0,5.463,5.467,NA,44
"5/23/2022 4:48:09 PM",1.023,30.186,52.235,83.17,74652.4,1034.655,34.651,0.055,0.055,0.073,8.67,96.656,5.46,363.885,0,5.472,5.476,NA,44
"5/23/2022 4:48:09 PM",0.974,30.186,52.232,83.167,74649.3,1034.653,34.649,0,0,0,8.669,96.706,5.463,394.81,0,5.475,5.478,NA,44
"5/23/2022 4:48:10 PM",0.918,30.186,52.229,83.162,74645.8,1034.651,34.647,0.07,0.07,0.087,8.668,96.674,5.461,378.838,0,5.473,5.476,NA,44
"5/23/2022 4:48:10 PM",0.835,30.186,52.227,83.159,74642.5,1034.648,34.645,0.047,0.047,0.044,8.666,96.709,5.463,270.938,0,5.475,5.478,NA,44
"5/23/2022 4:48:10 PM",0.767,30.186,52.226,83.158,74642,1034.648,34.645,0.039,0.039,0.044,8.666,96.585,5.456,258.279,0,5.468,5.472,NA,44
"5/23/2022 4:48:10 PM",0.701,30.186,52.225,83.156,74639.8,1034.646,34.643,0.047,0.047,0.015,8.666,96.504,5.451,240.862,0,5.463,5.467,NA,44
"5/23/2022 4:48:10 PM",0.637,30.187,52.227,83.16,74643,1034.648,34.645,0.023,0.023,0.029,8.666,96.554,5.454,235.765,0,5.466,5.47,NA,44
"5/23/2022 4:48:11 PM",0.592,30.187,52.225,83.158,74640.5,1034.646,34.643,0.016,0.016,0,8.666,96.704,5.462,306.791,0,5.474,5.478,NA,44
"5/23/2022 4:48:11 PM",0.59,30.187,52.222,83.154,74636.1,1034.643,34.641,0,0,0,8.667,96.6,5.457,497.357,0,5.468,5.472,NA,44
"5/23/2022 4:48:11 PM",0.618,30.189,52.218,83.151,74631.4,1034.64,34.637,0.008,0.008,0,8.668,96.69,5.462,488.436,0,5.474,5.478,NA,44
"5/23/2022 4:48:11 PM",0.67,30.189,52.218,83.152,74631.7,1034.64,34.637,0.023,0.023,0,8.668,96.75,5.465,496.932,0,5.477,5.481,NA,44
"5/23/2022 4:48:11 PM",0.72,30.189,52.219,83.153,74632.7,1034.641,34.638,0.047,0.047,0,8.668,96.645,5.459,617.831,0,5.471,5.475,NA,44
"5/23/2022 4:48:12 PM",0.799,30.186,52.224,83.155,74639.2,1034.646,34.643,0.047,0.047,0,8.667,96.556,5.454,610.524,0,5.466,5.47,NA,44
"5/23/2022 4:48:12 PM",0.837,30.187,52.222,83.154,74636.7,1034.644,34.641,0.094,0.094,0.131,8.666,96.409,5.445,595.996,0,5.457,5.461,NA,44
"5/23/2022 4:48:12 PM",0.865,30.187,52.223,83.155,74637.8,1034.645,34.642,0.14,0.14,0.218,8.666,96.633,5.458,424.121,0,5.47,5.474,NA,44
"5/23/2022 4:48:12 PM",0.896,30.185,52.222,83.151,74636.7,1034.645,34.641,0.086,0.086,0.16,8.665,96.645,5.459,322.934,0,5.47,5.474,NA,44
"5/23/2022 4:48:12 PM",0.898,30.185,52.226,83.156,74641.2,1034.648,34.644,0.07,0.07,0.058,8.665,96.64,5.459,295.067,0,5.471,5.475,NA,44
"5/23/2022 4:48:13 PM",0.88,30.186,52.225,83.157,74640.9,1034.647,34.644,0.086,0.086,0.058,8.665,96.564,5.454,338.142,0,5.466,5.47,NA,44
"5/23/2022 4:48:13 PM",0.866,30.188,52.221,83.154,74634.9,1034.643,34.64,0.062,0.062,0.058,8.664,96.542,5.453,334.318,0,5.465,5.469,NA,44
"5/23/2022 4:48:13 PM",0.832,30.188,52.22,83.153,74634.1,1034.643,34.639,0.07,0.07,0.058,8.662,96.631,5.458,312.823,0,5.47,5.474,NA,44
"5/23/2022 4:48:13 PM",0.793,30.188,52.219,83.152,74632.8,1034.642,34.638,0.055,0.055,0.044,8.661,96.718,5.463,323.613,0,5.475,5.479,NA,44
"5/23/2022 4:48:13 PM",0.764,30.188,52.218,83.151,74631.7,1034.641,34.638,0.031,0.031,0,8.661,96.546,5.454,336.612,0,5.465,5.469,NA,44
"5/23/2022 4:48:14 PM",0.74,30.187,52.217,83.148,74630.8,1034.64,34.637,0.031,0.031,0,8.661,96.611,5.457,298.125,0,5.469,5.473,NA,44
"5/23/2022 4:48:14 PM",0.72,30.187,52.216,83.145,74628.6,1034.639,34.636,0.023,0.023,0,8.66,96.523,5.452,301.354,0,5.464,5.468,NA,44
"5/23/2022 4:48:14 PM",0.708,30.187,52.217,83.147,74630.8,1034.64,34.637,0.016,0.016,0,8.659,96.63,5.458,347.487,0,5.47,5.474,NA,44
"5/23/2022 4:48:14 PM",0.689,30.187,52.214,83.143,74626.3,1034.638,34.635,0.055,0.055,0.116,8.658,96.574,5.455,363.885,0,5.467,5.47,NA,44
"5/23/2022 4:48:14 PM",0.675,30.188,52.213,83.143,74625.7,1034.637,34.634,0.062,0.062,0.116,8.658,96.588,5.456,336.527,0,5.468,5.472,NA,44
"5/23/2022 4:48:15 PM",0.675,30.187,52.213,83.141,74624.8,1034.636,34.634,0.07,0.07,0.044,8.658,96.555,5.454,321.489,0,5.466,5.469,NA,44
"5/23/2022 4:48:15 PM",0.675,30.187,52.212,83.139,74623.9,1034.636,34.633,0.047,0.047,0,8.657,96.639,5.459,292.518,0,5.471,5.474,NA,44
"5/23/2022 4:48:15 PM",0.679,30.186,52.211,83.137,74623.5,1034.636,34.633,0.047,0.047,0,8.656,96.683,5.461,311.634,0,5.473,5.476,NA,44
"5/23/2022 4:48:15 PM",0.681,30.186,52.212,83.138,74623.9,1034.636,34.634,0.047,0.047,0.015,8.656,96.725,5.463,343.069,0,5.475,5.479,NA,44
"5/23/2022 4:48:15 PM",0.677,30.185,52.211,83.136,74623.1,1034.636,34.633,0.047,0.047,0,8.656,96.579,5.456,435.081,0,5.467,5.471,NA,44
"5/23/2022 4:48:16 PM",0.66,30.185,52.212,83.137,74624.3,1034.637,34.634,0.008,0.008,0,8.655,96.619,5.458,450.204,0,5.469,5.473,NA,44
"5/23/2022 4:48:16 PM",0.616,30.185,52.21,83.134,74621.4,1034.635,34.632,0.031,0.031,0.204,8.655,96.593,5.456,419.279,0,5.468,5.472,NA,44
"5/23/2022 4:48:16 PM",0.601,30.185,52.21,83.134,74621.5,1034.635,34.632,0.125,0.125,0.116,8.655,96.49,5.45,409.168,0,5.461,5.465,NA,44
"5/23/2022 4:48:16 PM",0.616,30.185,52.207,83.13,74618.3,1034.633,34.63,0.07,0.07,0.044,8.655,96.599,5.457,420.128,0,5.469,5.472,NA,44
"5/23/2022 4:48:17 PM",0.658,30.185,52.206,83.129,74616.5,1034.632,34.629,0.039,0.039,0,8.655,96.582,5.455,365.414,0,5.467,5.471,NA,44
"5/23/2022 4:48:17 PM",0.686,30.185,52.208,83.131,74618.9,1034.634,34.631,0.023,0.023,0,8.655,96.742,5.465,302.373,0,5.477,5.481,NA,44
"5/23/2022 4:48:17 PM",0.72,30.185,52.207,83.129,74617.8,1034.633,34.63,0.047,0.047,0.116,8.655,96.756,5.465,342.305,0,5.477,5.48,NA,44
"5/23/2022 4:48:17 PM",0.755,30.184,52.205,83.126,74616,1034.632,34.629,0.062,0.062,0.116,8.655,96.498,5.451,411.802,0,5.462,5.466,NA,44
"5/23/2022 4:48:17 PM",0.79,30.183,52.206,83.125,74617.5,1034.634,34.631,0.062,0.062,0,8.654,96.623,5.458,402.966,0,5.469,5.473,NA,44
"5/23/2022 4:48:18 PM",0.826,30.183,52.207,83.127,74619,1034.635,34.631,0.078,0.078,0.116,8.654,96.686,5.462,379.687,0,5.474,5.477,NA,44
"5/23/2022 4:48:18 PM",0.832,30.183,52.204,83.124,74614.9,1034.632,34.629,0.094,0.094,0.131,8.655,96.676,5.461,373.74,0,5.473,5.477,NA,44
"5/23/2022 4:48:18 PM",0.818,30.183,52.21,83.131,74622.6,1034.637,34.634,0.047,0.047,0.073,8.656,96.637,5.459,290.819,0,5.47,5.474,NA,44
"5/23/2022 4:48:18 PM",0.793,30.184,52.208,83.13,74619.8,1034.635,34.632,0.039,0.039,0.015,8.655,96.666,5.461,314.353,0,5.472,5.476,NA,44
"5/23/2022 4:48:18 PM",0.764,30.184,52.205,83.126,74616.1,1034.633,34.629,0.047,0.047,0.058,8.656,96.645,5.459,339.246,0,5.471,5.475,NA,44
"5/23/2022 4:48:19 PM",0.74,30.182,52.205,83.124,74616.5,1034.633,34.63,0.117,0.117,0.102,8.655,96.626,5.458,307.641,0,5.47,5.474,NA,44
"5/23/2022 4:48:19 PM",0.712,30.183,52.205,83.124,74615.3,1034.632,34.629,0.109,0.109,0.044,8.654,96.544,5.453,304.327,0,5.465,5.469,NA,44
"5/23/2022 4:48:19 PM",0.672,30.184,52.204,83.124,74614.2,1034.631,34.628,0.023,0.023,0,8.654,96.479,5.45,373.57,0,5.462,5.465,NA,44
"5/23/2022 4:48:19 PM",0.663,30.183,52.203,83.121,74613.6,1034.631,34.628,0.016,0.016,0,8.653,96.625,5.458,429.304,0,5.47,5.474,NA,44
"5/23/2022 4:48:19 PM",0.646,30.183,52.203,83.121,74612.8,1034.63,34.627,0.07,0.07,0.102,8.653,96.52,5.452,444.257,0,5.464,5.468,NA,44
"5/23/2022 4:48:20 PM",0.644,30.185,52.201,83.121,74610.8,1034.629,34.626,0.07,0.07,0.073,8.653,96.636,5.459,457.511,0,5.471,5.474,NA,44
"5/23/2022 4:48:20 PM",0.655,30.185,52.2,83.121,74609.8,1034.628,34.625,0.055,0.055,0.029,8.653,96.538,5.453,395.32,0,5.465,5.468,NA,44
"5/23/2022 4:48:20 PM",0.677,30.186,52.198,83.118,74606.9,1034.626,34.623,0.062,0.062,0.029,8.653,96.665,5.46,412.397,0,5.472,5.476,NA,44
"5/23/2022 4:48:20 PM",0.698,30.186,52.198,83.119,74607.6,1034.626,34.623,0.047,0.047,0,8.653,96.539,5.453,468.725,0,5.465,5.469,NA,44
"5/23/2022 4:48:20 PM",0.722,30.185,52.199,83.12,74608.5,1034.627,34.624,0.055,0.055,0.087,8.653,96.653,5.459,477.816,0,5.471,5.475,NA,44
"5/23/2022 4:48:21 PM",0.762,30.186,52.199,83.12,74607.7,1034.627,34.623,0.07,0.07,0.058,8.652,96.649,5.459,501.69,0,5.471,5.475,NA,44
"5/23/2022 4:48:21 PM",0.773,30.186,52.198,83.119,74606.9,1034.626,34.623,0.055,0.055,0.116,8.652,96.613,5.457,445.276,0,5.469,5.473,NA,44
"5/23/2022 4:48:21 PM",0.799,30.186,52.198,83.119,74607.3,1034.627,34.623,0.07,0.07,0.102,8.65,96.55,5.454,407.724,0,5.465,5.469,NA,44
"5/23/2022 4:48:21 PM",0.809,30.186,52.199,83.12,74608,1034.627,34.624,0.023,0.023,0.044,8.65,96.623,5.458,333.384,0,5.47,5.473,NA,44
"5/23/2022 4:48:21 PM",0.828,30.185,52.201,83.123,74611.2,1034.629,34.626,0.062,0.062,0.015,8.649,96.613,5.457,359.297,0,5.469,5.473,NA,44
"5/23/2022 4:48:22 PM",0.833,30.186,52.201,83.123,74611.3,1034.629,34.626,0.062,0.062,0,8.649,96.591,5.456,417.325,0,5.468,5.471,NA,44
"5/23/2022 4:48:22 PM",0.83,30.186,52.199,83.121,74608.9,1034.628,34.624,0.07,0.07,0.073,8.65,96.46,5.448,393.366,0,5.46,5.464,NA,44
"5/23/2022 4:48:22 PM",0.804,30.185,52.198,83.118,74607,1034.627,34.623,0.078,0.078,0.116,8.649,96.651,5.459,307.556,0,5.471,5.475,NA,44
"5/23/2022 4:48:22 PM",0.766,30.184,52.199,83.117,74608,1034.627,34.624,0.078,0.078,0.131,8.649,96.636,5.458,392.346,0,5.47,5.474,NA,44
"5/23/2022 4:48:22 PM",0.684,30.184,52.197,83.114,74605.9,1034.626,34.623,0.039,0.039,0.029,8.65,96.537,5.453,361.166,0,5.465,5.468,NA,44
"5/23/2022 4:48:23 PM",0.627,30.184,52.199,83.117,74607.8,1034.627,34.624,0.062,0.062,0.029,8.65,96.662,5.46,308.745,0,5.472,5.475,NA,44
"5/23/2022 4:48:23 PM",0.582,30.184,52.195,83.111,74603.2,1034.624,34.621,0.055,0.055,0.044,8.649,96.563,5.454,344.089,0,5.466,5.47,NA,44
"5/23/2022 4:48:23 PM",0.569,30.183,52.195,83.11,74603.6,1034.624,34.622,0.039,0.039,0,8.649,96.568,5.454,361.336,0,5.466,5.47,NA,44
"5/23/2022 4:48:23 PM",0.564,30.181,52.191,83.102,74598.4,1034.622,34.619,0.016,0.016,0.044,8.65,96.638,5.458,429.134,0,5.47,5.474,NA,44
"5/23/2022 4:48:23 PM",0.578,30.179,52.192,83.1,74600.8,1034.624,34.621,0.055,0.055,0.058,8.651,96.448,5.448,415.37,0,5.46,5.463,NA,44
"5/23/2022 4:48:24 PM",0.609,30.176,52.192,83.096,74600.6,1034.625,34.622,0.094,0.094,0.044,8.651,96.563,5.454,415.795,0,5.466,5.47,NA,44
"5/23/2022 4:48:24 PM",0.637,30.175,52.194,83.097,74603,1034.627,34.624,0.039,0.039,0.015,8.651,96.593,5.456,505.513,0,5.468,5.472,NA,44
"5/23/2022 4:48:24 PM",0.674,30.177,52.194,83.099,74602.7,1034.626,34.623,0.047,0.047,0,8.65,96.478,5.45,466.771,0,5.462,5.466,NA,44
"5/23/2022 4:48:24 PM",0.703,30.178,52.19,83.097,74598.5,1034.623,34.62,0.094,0.094,0.073,8.652,96.487,5.45,309.765,0,5.462,5.466,NA,44
"5/23/2022 4:48:24 PM",0.722,30.178,52.191,83.098,74599.4,1034.624,34.621,0.07,0.07,0.116,8.653,96.593,5.457,343.239,0,5.469,5.472,NA,44
"5/23/2022 4:48:25 PM",0.741,30.179,52.193,83.101,74601.5,1034.625,34.622,0.078,0.078,0.058,8.654,96.681,5.461,551.817,0,5.473,5.477,NA,44
"5/23/2022 4:48:25 PM",0.766,30.18,52.193,83.104,74602,1034.625,34.622,0.008,0.008,0.029,8.654,96.629,5.458,548.078,0,5.47,5.474,NA,44
"5/23/2022 4:48:25 PM",0.806,30.181,52.192,83.104,74600.7,1034.624,34.621,0.055,0.055,0.087,8.654,96.567,5.454,476.032,0,5.466,5.47,NA,44
"5/23/2022 4:48:25 PM",0.873,30.183,52.193,83.108,74600.7,1034.624,34.62,0.047,0.047,0.015,8.654,96.518,5.452,353.095,0,5.464,5.468,NA,44
"5/23/2022 4:48:25 PM",0.898,30.184,52.191,83.106,74598.2,1034.622,34.618,0.023,0.023,0,8.652,96.642,5.459,363.63,0,5.471,5.474,NA,44
"5/23/2022 4:48:26 PM",0.903,30.184,52.192,83.107,74600,1034.623,34.619,0.094,0.094,0.058,8.652,96.697,5.462,286.316,0,5.474,5.478,NA,44
"5/23/2022 4:48:26 PM",0.92,30.184,52.187,83.101,74594.2,1034.62,34.616,0.086,0.086,0.087,8.652,96.509,5.451,261.677,0,5.463,5.467,NA,44
"5/23/2022 4:48:26 PM",0.934,30.178,52.19,83.095,74597.6,1034.624,34.62,0.055,0.055,0,8.652,96.756,5.465,329.136,0,5.477,5.481,NA,44
"5/23/2022 4:48:26 PM",0.939,30.175,52.195,83.098,74604.8,1034.629,34.625,0.055,0.055,0,8.651,96.607,5.457,332.279,0,5.469,5.473,NA,44
"5/23/2022 4:48:27 PM",0.937,30.176,52.196,83.101,74605.5,1034.629,34.625,0.07,0.07,0.058,8.651,96.679,5.461,360.316,0,5.473,5.476,NA,44
"5/23/2022 4:48:27 PM",0.922,30.178,52.196,83.104,74606,1034.629,34.625,0.047,0.047,0,8.65,96.777,5.466,340.86,0,5.478,5.482,NA,44
"5/23/2022 4:48:27 PM",0.899,30.181,52.19,83.101,74598.4,1034.623,34.619,0.047,0.047,0.116,8.65,96.598,5.457,376.544,0,5.469,5.472,NA,44
"5/23/2022 4:48:27 PM",0.891,30.178,52.192,83.1,74601.2,1034.626,34.622,0.062,0.062,0.087,8.649,96.543,5.454,379.007,0,5.465,5.469,NA,44
"5/23/2022 4:48:27 PM",0.878,30.175,52.193,83.096,74602.2,1034.627,34.623,0.055,0.055,0.044,8.648,96.461,5.449,307.556,0,5.46,5.464,NA,44
"5/23/2022 4:48:28 PM",0.868,30.175,52.189,83.091,74597.7,1034.624,34.62,0.039,0.039,0,8.648,96.544,5.453,256.495,0,5.464,5.468,NA,44
"5/23/2022 4:48:28 PM",0.854,30.174,52.193,83.094,74602.5,1034.627,34.624,0.07,0.07,0.029,8.648,96.629,5.458,347.062,0,5.47,5.474,NA,44
"5/23/2022 4:48:28 PM",0.839,30.176,52.191,83.096,74600,1034.625,34.622,0.062,0.062,0.044,8.649,96.588,5.456,333.469,0,5.467,5.471,NA,44
"5/23/2022 4:48:28 PM",0.83,30.177,52.19,83.096,74598.6,1034.624,34.62,0.008,0.008,0,8.649,96.525,5.453,292.178,0,5.464,5.468,NA,44
"5/23/2022 4:48:28 PM",0.819,30.177,52.19,83.094,74597.9,1034.623,34.62,0,0,0,8.648,96.603,5.457,409.848,0,5.469,5.472,NA,44
"5/23/2022 4:48:29 PM",0.8,30.177,52.189,83.093,74597.1,1034.623,34.62,0.008,0.008,0.015,8.648,96.629,5.458,508.147,0,5.47,5.474,NA,44
"5/23/2022 4:48:29 PM",0.786,30.177,52.187,83.091,74594.9,1034.622,34.618,0.086,0.086,0.058,8.648,96.642,5.459,507.552,0,5.471,5.474,NA,44
"5/23/2022 4:48:29 PM",0.79,30.178,52.186,83.091,74593.7,1034.621,34.617,0.086,0.086,0.015,8.651,96.705,5.463,388.268,0,5.474,5.478,NA,44
"5/23/2022 4:48:29 PM",0.806,30.178,52.187,83.092,74593.8,1034.621,34.617,0.031,0.031,0.029,8.651,96.546,5.454,334.913,0,5.465,5.469,NA,44
"5/23/2022 4:48:29 PM",0.813,30.178,52.185,83.09,74592.5,1034.62,34.616,0.039,0.039,0.044,8.652,96.633,5.459,376.204,0,5.471,5.474,NA,44
"5/23/2022 4:48:30 PM",0.832,30.178,52.187,83.092,74594.1,1034.621,34.617,0.016,0.016,0,8.653,96.6,5.456,376.629,0,5.468,5.472,NA,44
"5/23/2022 4:48:30 PM",0.858,30.178,52.187,83.093,74594.9,1034.621,34.618,0.086,0.086,0.058,8.651,96.685,5.461,413.841,0,5.473,5.476,NA,44
"5/23/2022 4:48:30 PM",0.878,30.18,52.184,83.091,74590.5,1034.618,34.615,0.047,0.047,0.015,8.651,96.603,5.457,327.097,0,5.468,5.472,NA,44
"5/23/2022 4:48:30 PM",0.903,30.179,52.188,83.095,74595.6,1034.622,34.618,0.055,0.055,0.073,8.652,96.758,5.465,291.923,0,5.477,5.481,NA,44
"5/23/2022 4:48:30 PM",0.925,30.18,52.19,83.098,74597.3,1034.623,34.619,0.07,0.07,0.029,8.653,96.717,5.463,434.147,0,5.475,5.478,NA,44
"5/23/2022 4:48:31 PM",0.955,30.182,52.188,83.099,74595.4,1034.621,34.617,0.07,0.07,0.044,8.652,96.631,5.458,370.851,0,5.47,5.474,NA,44
"5/23/2022 4:48:31 PM",0.99,30.183,52.185,83.097,74591.4,1034.619,34.614,0.101,0.101,0.058,8.651,96.631,5.458,294.132,0,5.47,5.474,NA,44
"5/23/2022 4:48:31 PM",1,30.182,52.185,83.095,74591.2,1034.619,34.614,0.07,0.07,0.073,8.65,96.578,5.455,289.544,0,5.466,5.47,NA,44
"5/23/2022 4:48:31 PM",1.012,30.181,52.186,83.096,74593,1034.62,34.616,0.031,0.031,0,8.651,96.623,5.458,290.139,0,5.47,5.473,NA,44
"5/23/2022 4:48:31 PM",1.019,30.181,52.186,83.096,74593,1034.62,34.616,0.031,0.031,0.029,8.651,96.643,5.459,263.207,0,5.47,5.474,NA,44
"5/23/2022 4:48:32 PM",1.031,30.182,52.187,83.098,74593.5,1034.62,34.616,0.055,0.055,0.058,8.651,96.638,5.459,313.248,0,5.47,5.474,NA,44
"5/23/2022 4:48:32 PM",1.028,30.183,52.186,83.098,74592.6,1034.619,34.615,0.055,0.055,0.073,8.651,96.632,5.458,473.228,0,5.47,5.473,NA,44
"5/23/2022 4:48:32 PM",1.024,30.183,52.186,83.1,74593.2,1034.62,34.615,0.047,0.047,0,8.65,96.602,5.456,543.321,0,5.468,5.471,NA,44
"5/23/2022 4:48:32 PM",1.009,30.184,52.186,83.1,74593,1034.619,34.615,0.047,0.047,0,8.65,96.687,5.461,495.318,0,5.473,5.477,NA,44
"5/23/2022 4:48:32 PM",1,30.186,52.187,83.104,74593.7,1034.619,34.615,0.07,0.07,0.073,8.649,96.57,5.454,434.911,0,5.466,5.47,NA,44
"5/23/2022 4:48:33 PM",0.974,30.191,52.185,83.108,74590,1034.615,34.611,0.031,0.031,0.073,8.648,96.625,5.457,395.83,0,5.469,5.473,NA,44
"5/23/2022 4:48:33 PM",0.95,30.193,52.185,83.111,74590,1034.615,34.611,0.047,0.047,0.029,8.647,96.655,5.459,330.325,0,5.471,5.474,NA,44
"5/23/2022 4:48:33 PM",0.929,30.194,52.184,83.111,74588.3,1034.613,34.609,0.055,0.055,0.058,8.646,96.576,5.454,302.034,0,5.466,5.469,NA,44
"5/23/2022 4:48:33 PM",0.905,30.193,52.183,83.11,74588.1,1034.613,34.609,0.055,0.055,0.058,8.646,96.667,5.459,367.623,0,5.471,5.475,NA,44
"5/23/2022 4:48:33 PM",0.884,30.192,52.18,83.103,74584.3,1034.611,34.607,0.062,0.062,0.073,8.646,96.507,5.45,755.466,0,5.462,5.466,NA,44
"5/23/2022 4:48:34 PM",0.872,30.19,52.18,83.1,74584.2,1034.612,34.608,0.055,0.055,0.058,8.646,96.481,5.449,559.378,0,5.461,5.464,NA,44
"5/23/2022 4:48:34 PM",0.859,30.187,52.181,83.097,74586.3,1034.614,34.61,0.055,0.055,0,8.646,96.573,5.454,463.883,0,5.466,5.469,NA,44
"5/23/2022 4:48:34 PM",0.854,30.186,52.185,83.1,74590.4,1034.617,34.613,0.094,0.094,0.015,8.646,96.588,5.455,311.039,0,5.467,5.47,NA,44
"5/23/2022 4:48:34 PM",0.842,30.187,52.181,83.097,74586.1,1034.614,34.61,0.078,0.078,0.029,8.645,96.557,5.453,267.115,0,5.465,5.469,NA,44
"5/23/2022 4:48:34 PM",0.845,30.189,52.179,83.097,74583.3,1034.611,34.608,0.031,0.031,0,8.645,96.612,5.456,293.453,0,5.468,5.472,NA,44
"5/23/2022 4:48:35 PM",0.858,30.189,52.179,83.098,74583.5,1034.611,34.608,0.047,0.047,0.116,8.646,96.578,5.454,303.903,0,5.466,5.47,NA,44
"5/23/2022 4:48:35 PM",0.885,30.188,52.181,83.099,74585.4,1034.613,34.609,0.062,0.062,0.073,8.646,96.59,5.455,315.032,0,5.467,5.471,NA,44
"5/23/2022 4:48:35 PM",0.906,30.189,52.177,83.095,74581.3,1034.61,34.606,0.055,0.055,0.029,8.646,96.671,5.46,334.064,0,5.471,5.475,NA,44
"5/23/2022 4:48:35 PM",0.925,30.188,52.18,83.098,74584.9,1034.613,34.609,0.055,0.055,0.058,8.645,96.53,5.451,344.853,0,5.463,5.467,NA,44
"5/23/2022 4:48:35 PM",0.931,30.187,52.179,83.095,74583.8,1034.612,34.608,0.016,0.016,0,8.644,96.624,5.457,382.576,0,5.469,5.473,NA,44
"5/23/2022 4:48:36 PM",0.929,30.187,52.18,83.095,74584.3,1034.613,34.609,0.023,0.023,0,8.644,96.599,5.456,438.14,0,5.467,5.471,NA,44
"5/23/2022 4:48:36 PM",0.91,30.187,52.179,83.094,74583.7,1034.612,34.609,0.016,0.016,0,8.644,96.534,5.451,473.823,0,5.463,5.467,NA,44
"5/23/2022 4:48:36 PM",0.922,30.186,52.18,83.094,74584.2,1034.613,34.609,0.031,0.031,0.015,8.643,96.551,5.453,385.719,0,5.465,5.468,NA,44
"5/23/2022 4:48:36 PM",0.948,30.186,52.177,83.09,74581.2,1034.611,34.607,0.078,0.078,0.131,8.642,96.474,5.449,413.416,0,5.46,5.464,NA,44
"5/23/2022 4:48:37 PM",0.957,30.184,52.177,83.088,74581.6,1034.612,34.608,0.086,0.086,0.073,8.642,96.519,5.451,387.249,0,5.463,5.467,NA,44
"5/23/2022 4:48:37 PM",0.977,30.184,52.178,83.089,74582.4,1034.613,34.608,0.047,0.047,0.073,8.642,96.666,5.459,373.995,0,5.471,5.475,NA,44
"5/23/2022 4:48:37 PM",0.972,30.184,52.18,83.09,74584.6,1034.614,34.61,0.101,0.101,0.116,8.642,96.623,5.457,402.626,0,5.469,5.473,NA,44
"5/23/2022 4:48:37 PM",0.974,30.184,52.178,83.088,74582,1034.612,34.608,0.062,0.062,0.073,8.642,96.595,5.455,367.453,0,5.467,5.471,NA,44
"5/23/2022 4:48:37 PM",0.97,30.184,52.178,83.088,74582.8,1034.613,34.609,0.008,0.008,0,8.642,96.538,5.451,354.709,0,5.463,5.467,NA,44
"5/23/2022 4:48:38 PM",0.97,30.184,52.176,83.086,74580.5,1034.611,34.607,0.023,0.023,0,8.642,96.489,5.449,428.879,0,5.461,5.465,NA,44
"5/23/2022 4:48:38 PM",0.976,30.185,52.177,83.088,74580.7,1034.611,34.607,0.055,0.055,0.058,8.642,96.553,5.453,448.165,0,5.465,5.469,NA,44
"5/23/2022 4:48:38 PM",0.986,30.185,52.177,83.088,74581.6,1034.612,34.608,0.047,0.047,0.087,8.641,96.617,5.456,402.117,0,5.468,5.472,NA,44
"5/23/2022 4:48:38 PM",1.002,30.184,52.178,83.088,74582.3,1034.613,34.609,0.047,0.047,0.029,8.641,96.636,5.458,365.839,0,5.469,5.473,NA,44
"5/23/2022 4:48:38 PM",0.998,30.183,52.178,83.087,74582.7,1034.613,34.609,0.101,0.101,0.16,8.641,96.569,5.454,337.547,0,5.466,5.469,NA,44
"5/23/2022 4:48:39 PM",0.97,30.182,52.178,83.086,74583.1,1034.614,34.609,0.047,0.047,0.015,8.642,96.619,5.457,282.663,0,5.468,5.472,NA,44
"5/23/2022 4:48:39 PM",0.934,30.183,52.179,83.088,74583.8,1034.614,34.61,0.055,0.055,0.058,8.643,96.55,5.453,284.872,0,5.464,5.468,NA,44
"5/23/2022 4:48:39 PM",0.891,30.183,52.177,83.086,74581,1034.612,34.608,0.062,0.062,0.058,8.643,96.631,5.457,218.942,0,5.469,5.473,NA,44
"5/23/2022 4:48:39 PM",0.833,30.184,52.176,83.085,74579.7,1034.611,34.607,0.086,0.086,0.044,8.643,96.668,5.459,254.456,0,5.471,5.475,NA,44
"5/23/2022 4:48:39 PM",0.816,30.184,52.174,83.083,74577,1034.609,34.605,0.07,0.07,0.015,8.644,96.634,5.457,231.092,0,5.469,5.473,NA,44
"5/23/2022 4:48:40 PM",0.816,30.185,52.173,83.084,74576.8,1034.608,34.605,0.023,0.023,0,8.645,96.653,5.459,327.352,0,5.47,5.474,NA,44
"5/23/2022 4:48:40 PM",0.835,30.185,52.173,83.084,74576.2,1034.608,34.604,0.047,0.047,0,8.644,96.625,5.457,456.236,0,5.469,5.472,NA,44
"5/23/2022 4:48:40 PM",0.865,30.186,52.172,83.084,74575.4,1034.607,34.604,0.047,0.047,0.058,8.643,96.686,5.461,421.148,0,5.473,5.476,NA,44
"5/23/2022 4:48:40 PM",0.906,30.186,52.173,83.085,74576.2,1034.608,34.604,0.094,0.094,0.116,8.644,96.606,5.456,371.956,0,5.467,5.471,NA,44
"5/23/2022 4:48:40 PM",0.92,30.185,52.173,83.084,74576,1034.608,34.604,0.008,0.008,0,8.643,96.596,5.455,393.451,0,5.467,5.471,NA,44
"5/23/2022 4:48:41 PM",0.936,30.185,52.174,83.084,74577.6,1034.609,34.605,0,0,0,8.643,96.67,5.459,429.389,0,5.471,5.475,NA,44
"5/23/2022 4:48:41 PM",0.92,30.185,52.172,83.082,74575.5,1034.608,34.604,0.07,0.07,0.087,8.643,96.779,5.466,416.475,0,5.478,5.481,NA,44
"5/23/2022 4:48:41 PM",0.894,30.185,52.173,83.083,74575.9,1034.608,34.604,0.07,0.07,0.087,8.645,96.607,5.456,311.039,0,5.468,5.471,NA,44
"5/23/2022 4:48:41 PM",0.872,30.185,52.173,83.083,74576.4,1034.608,34.605,0.101,0.101,0.116,8.645,96.591,5.455,279.094,0,5.467,5.47,NA,44
"5/23/2022 4:48:41 PM",0.83,30.185,52.173,83.083,74575.7,1034.608,34.604,0.039,0.039,0,8.645,96.645,5.458,256.24,0,5.47,5.474,NA,44
"5/23/2022 4:48:42 PM",0.818,30.186,52.174,83.085,74577.1,1034.608,34.605,0.055,0.055,0.015,8.645,96.709,5.461,252.927,0,5.473,5.477,NA,44
"5/23/2022 4:48:42 PM",0.792,30.186,52.17,83.082,74572.9,1034.605,34.602,0,0,0,8.645,96.515,5.451,338.481,0,5.462,5.466,NA,44
"5/23/2022 4:48:42 PM",0.736,30.187,52.17,83.082,74572.1,1034.604,34.601,0.031,0.031,0,8.645,96.704,5.462,485.123,0,5.473,5.477,NA,44
"5/23/2022 4:48:42 PM",0.694,30.188,52.17,83.083,74571.5,1034.604,34.601,0.031,0.031,0,8.646,96.585,5.455,493.789,0,5.466,5.47,NA,44
"5/23/2022 4:48:42 PM",0.682,30.188,52.168,83.08,74569,1034.602,34.599,0.062,0.062,0.073,8.647,96.606,5.456,391.836,0,5.468,5.471,NA,44
"5/23/2022 4:48:43 PM",0.707,30.188,52.167,83.08,74568.8,1034.602,34.599,0.094,0.094,0.116,8.647,96.617,5.456,402.117,0,5.468,5.472,NA,44
"5/23/2022 4:48:43 PM",0.786,30.189,52.166,83.079,74566.9,1034.601,34.598,0.031,0.031,0.015,8.647,96.604,5.456,429.644,0,5.468,5.471,NA,44
"5/23/2022 4:48:43 PM",0.832,30.188,52.166,83.078,74566.9,1034.601,34.598,0.07,0.07,0.073,8.646,96.584,5.455,462.014,0,5.466,5.47,NA,44
"5/23/2022 4:48:43 PM",0.854,30.187,52.166,83.076,74566.9,1034.602,34.598,0.094,0.094,0.146,8.646,96.612,5.456,458.36,0,5.467,5.471,NA,44
"5/23/2022 4:48:43 PM",0.866,30.185,52.167,83.075,74568.6,1034.603,34.6,0.047,0.047,0.029,8.646,96.581,5.454,447.74,0,5.466,5.47,NA,44
"5/23/2022 4:48:44 PM",0.83,30.185,52.163,83.069,74564.1,1034.601,34.597,0.109,0.109,0.073,8.647,96.573,5.454,341.2,0,5.466,5.469,NA,44
"5/23/2022 4:48:44 PM",0.814,30.184,52.165,83.071,74566.8,1034.602,34.599,0.094,0.094,0.058,8.647,96.593,5.455,320.555,0,5.467,5.47,NA,44
"5/23/2022 4:48:44 PM",0.802,30.183,52.167,83.072,74569.3,1034.604,34.601,0.062,0.062,0.058,8.647,96.502,5.449,296.086,0,5.461,5.465,NA,44
"5/23/2022 4:48:44 PM",0.788,30.184,52.169,83.075,74570.9,1034.605,34.602,0.047,0.047,0.029,8.647,96.488,5.449,261.592,0,5.461,5.464,NA,44
"5/23/2022 4:48:44 PM",0.788,30.184,52.167,83.073,74568.7,1034.604,34.6,0.047,0.047,0,8.648,96.438,5.446,223.275,0,5.458,5.462,NA,44
"5/23/2022 4:48:45 PM",0.819,30.185,52.165,83.073,74566.7,1034.602,34.599,0.094,0.094,0.087,8.647,96.654,5.458,270.089,0,5.47,5.474,NA,44
"5/23/2022 4:48:45 PM",0.863,30.183,52.165,83.069,74567.2,1034.603,34.6,0.047,0.047,0.044,8.648,96.638,5.458,262.867,0,5.469,5.473,NA,44
"5/23/2022 4:48:45 PM",0.922,30.182,52.168,83.072,74570.9,1034.606,34.602,0.031,0.031,0,8.647,96.605,5.455,389.288,0,5.467,5.471,NA,44
"5/23/2022 4:48:45 PM",0.969,30.183,52.173,83.08,74576.6,1034.609,34.605,0.07,0.07,0.087,8.647,96.675,5.459,455.047,0,5.471,5.475,NA,44
"5/23/2022 4:48:45 PM",0.99,30.185,52.171,83.08,74574,1034.607,34.603,0.094,0.094,0.029,8.647,96.644,5.458,471.274,0,5.469,5.473,NA,44
"5/23/2022 4:48:46 PM",1.024,30.187,52.162,83.072,74563.1,1034.6,34.596,0.055,0.055,0.044,8.648,96.552,5.452,304.497,0,5.464,5.467,NA,44
"5/23/2022 4:48:46 PM",1.028,30.185,52.164,83.071,74565.2,1034.602,34.598,0.086,0.086,0.102,8.648,96.534,5.451,240.098,0,5.463,5.466,NA,44
"5/23/2022 4:48:46 PM",1.035,30.182,52.166,83.07,74568.6,1034.605,34.601,0.086,0.086,0.073,8.648,96.428,5.445,229.987,0,5.456,5.46,NA,44
"5/23/2022 4:48:46 PM",1.019,30.178,52.17,83.069,74573.2,1034.609,34.604,0.094,0.094,0.102,8.647,96.397,5.444,218.518,0,5.455,5.459,NA,44
"5/23/2022 4:48:47 PM",0.979,30.177,52.171,83.068,74574.4,1034.61,34.606,0.062,0.062,0.058,8.648,96.603,5.454,314.098,0,5.466,5.47,NA,44
"5/23/2022 4:48:47 PM",0.955,30.177,52.17,83.067,74572.9,1034.609,34.605,0.031,0.031,0,8.648,96.458,5.447,382.491,0,5.458,5.462,NA,44
"5/23/2022 4:48:47 PM",0.903,30.178,52.17,83.068,74573.3,1034.609,34.605,0.023,0.023,0,8.648,96.629,5.457,453.263,0,5.469,5.472,NA,44
"5/23/2022 4:48:47 PM",0.861,30.179,52.171,83.071,74574,1034.608,34.605,0.039,0.039,0,8.648,96.579,5.454,391.752,0,5.466,5.469,NA,44
"5/23/2022 4:48:47 PM",0.826,30.181,52.167,83.069,74569.2,1034.605,34.601,0.023,0.023,0,8.648,96.476,5.448,385.464,0,5.46,5.464,NA,44
"5/23/2022 4:48:48 PM",0.825,30.183,52.164,83.068,74565.7,1034.602,34.599,0.047,0.047,0.087,8.647,96.595,5.455,316.477,0,5.467,5.471,NA,44
"5/23/2022 4:48:48 PM",0.847,30.184,52.164,83.07,74565.6,1034.602,34.598,0.047,0.047,0.029,8.647,96.669,5.459,376.289,0,5.471,5.475,NA,44
"5/23/2022 4:48:48 PM",0.858,30.184,52.164,83.07,74565.7,1034.602,34.598,0.062,0.062,0.116,8.646,96.556,5.453,518.172,0,5.465,5.468,NA,44
"5/23/2022 4:48:48 PM",0.88,30.185,52.165,83.072,74566.7,1034.602,34.599,0.047,0.047,0.102,8.645,96.553,5.452,418.259,0,5.464,5.468,NA,44
"5/23/2022 4:48:48 PM",0.908,30.185,52.165,83.071,74566.1,1034.602,34.598,0.086,0.086,0.044,8.645,96.541,5.452,284.192,0,5.464,5.468,NA,44
"5/23/2022 4:48:49 PM",0.911,30.185,52.164,83.07,74565.4,1034.602,34.598,0.062,0.062,0.102,8.645,96.61,5.456,301.439,0,5.468,5.472,NA,44
"5/23/2022 4:48:49 PM",0.925,30.185,52.166,83.074,74568.3,1034.604,34.6,0.055,0.055,0.073,8.646,96.531,5.451,319.62,0,5.463,5.467,NA,44
"5/23/2022 4:48:49 PM",0.903,30.185,52.166,83.074,74568,1034.603,34.599,0.062,0.062,0.102,8.646,96.549,5.453,300.079,0,5.464,5.468,NA,44
"5/23/2022 4:48:49 PM",0.896,30.185,52.167,83.075,74568.9,1034.604,34.6,0.016,0.016,0.015,8.646,96.5,5.449,295.916,0,5.461,5.465,NA,44
"5/23/2022 4:48:49 PM",0.875,30.185,52.164,83.071,74565.2,1034.601,34.598,0,0,0,8.645,96.615,5.456,278.585,0,5.468,5.472,NA,44
"5/23/2022 4:48:50 PM",0.877,30.185,52.164,83.071,74564.8,1034.601,34.597,0.031,0.031,0,8.646,96.54,5.452,406.535,0,5.463,5.467,NA,44
"5/23/2022 4:48:50 PM",0.908,30.185,52.164,83.071,74565.2,1034.602,34.598,0.101,0.101,0.073,8.646,96.631,5.457,379.772,0,5.469,5.472,NA,44
"5/23/2022 4:48:50 PM",0.92,30.185,52.165,83.072,74566.8,1034.603,34.599,0.117,0.117,0.175,8.647,96.492,5.449,341.625,0,5.461,5.464,NA,44
"5/23/2022 4:48:50 PM",0.939,30.186,52.164,83.071,74564.7,1034.601,34.597,0.078,0.078,0.102,8.648,96.482,5.448,281.048,0,5.46,5.464,NA,44
"5/23/2022 4:48:50 PM",0.936,30.186,52.165,83.073,74566.1,1034.602,34.598,0.023,0.023,0,8.648,96.601,5.455,242.561,0,5.467,5.47,NA,44
"5/23/2022 4:48:51 PM",0.925,30.185,52.165,83.072,74566.1,1034.602,34.598,0.031,0.031,0.015,8.648,96.594,5.455,219.622,0,5.466,5.47,NA,44
"5/23/2022 4:48:51 PM",0.957,30.185,52.164,83.072,74565.8,1034.602,34.598,0.023,0.023,0,8.646,96.581,5.454,211.636,0,5.465,5.469,NA,44
"5/23/2022 4:48:51 PM",1.007,30.185,52.166,83.073,74567.2,1034.603,34.599,0.016,0.016,0.029,8.646,96.506,5.45,316.052,0,5.461,5.465,NA,44
"5/23/2022 4:48:51 PM",1.158,30.186,52.167,83.076,74568.4,1034.604,34.599,0.055,0.055,0.073,8.646,96.627,5.456,356.578,0,5.468,5.472,NA,44
"5/23/2022 4:48:51 PM",1.278,30.187,52.17,83.082,74572,1034.607,34.601,0.016,0.016,0,8.646,96.551,5.452,304.073,0,5.463,5.467,NA,44
"5/23/2022 4:48:52 PM",1.398,30.188,52.169,83.082,74570.9,1034.606,34.6,0.062,0.062,0.116,8.646,96.602,5.455,284.192,0,5.467,5.47,NA,44
"5/23/2022 4:48:52 PM",1.521,30.189,52.173,83.09,74576.3,1034.61,34.603,0.094,0.094,0.146,8.646,96.525,5.45,335.848,0,5.462,5.466,NA,44
"5/23/2022 4:48:52 PM",1.715,30.191,52.179,83.102,74583.2,1034.614,34.607,0.055,0.055,0.044,8.646,96.626,5.456,357.428,0,5.467,5.471,NA,44
"5/23/2022 4:48:52 PM",1.856,30.188,52.184,83.103,74589.5,1034.619,34.611,0.039,0.039,0.015,8.647,96.504,5.449,348.422,0,5.461,5.465,NA,44
"5/23/2022 4:48:52 PM",1.979,30.186,52.19,83.107,74597.1,1034.625,34.617,0.047,0.047,0.044,8.647,96.677,5.458,416.475,0,5.47,5.474,NA,44
"5/23/2022 4:48:53 PM",2.113,30.185,52.194,83.113,74602.4,1034.629,34.62,0.07,0.07,0.073,8.649,96.52,5.449,422.337,0,5.461,5.465,NA,44
"5/23/2022 4:48:53 PM",2.316,30.185,52.194,83.113,74602.3,1034.63,34.62,0.062,0.062,0.058,8.65,96.536,5.45,264.821,0,5.462,5.466,NA,44
"5/23/2022 4:48:53 PM",2.45,30.191,52.192,83.119,74600.1,1034.627,34.617,0.039,0.039,0.058,8.649,96.527,5.45,200.081,0,5.462,5.465,NA,44
"5/23/2022 4:48:53 PM",2.594,30.188,52.193,83.116,74601.8,1034.63,34.619,0.047,0.047,0,8.648,96.533,5.45,178.756,0,5.462,5.465,NA,44
"5/23/2022 4:48:53 PM",2.731,30.184,52.222,83.151,74638.1,1034.654,34.642,0.031,0.031,0,8.647,96.504,5.447,164.653,0,5.459,5.463,NA,44
"5/23/2022 4:48:54 PM",2.868,30.185,52.225,83.155,74641.2,1034.656,34.644,0.078,0.078,0.073,8.647,96.532,5.449,167.457,0,5.461,5.465,NA,44
"5/23/2022 4:48:54 PM",3.042,30.185,52.228,83.16,74646,1034.66,34.647,0.094,0.094,0.16,8.647,96.7,5.458,246.894,0,5.47,5.474,NA,44
"5/23/2022 4:48:54 PM",3.156,30.185,52.23,83.163,74648.3,1034.661,34.648,0.07,0.07,0.073,8.647,96.553,5.45,300.759,0,5.462,5.465,NA,44
"5/23/2022 4:48:54 PM",3.271,30.184,52.233,83.166,74651.8,1034.664,34.65,0.047,0.047,0,8.646,96.63,5.455,347.742,0,5.466,5.47,NA,44
"5/23/2022 4:48:54 PM",3.377,30.184,52.235,83.168,74654.2,1034.666,34.652,0.047,0.047,0,8.646,96.512,5.448,400.587,0,5.459,5.463,NA,44
"5/23/2022 4:48:55 PM",3.509,30.184,52.234,83.167,74653.5,1034.666,34.651,0.078,0.078,0.058,8.645,96.606,5.453,450.289,0,5.465,5.469,NA,44
"5/23/2022 4:48:55 PM",3.729,30.184,52.238,83.173,74658.8,1034.67,34.655,0.055,0.055,0.058,8.645,96.684,5.457,299.315,0,5.469,5.472,NA,44
"5/23/2022 4:48:55 PM",3.87,30.184,52.237,83.172,74657.1,1034.67,34.653,0.055,0.055,0.058,8.645,96.612,5.454,201.186,0,5.466,5.469,NA,44
"5/23/2022 4:48:55 PM",4.012,30.183,52.24,83.175,74661.4,1034.673,34.656,0.086,0.086,0.116,8.645,96.662,5.456,176.802,0,5.468,5.471,NA,44
"5/23/2022 4:48:55 PM",4.142,30.185,52.247,83.186,74669.2,1034.678,34.661,0.062,0.062,0.073,8.645,96.495,5.446,157.856,0,5.458,5.462,NA,44
"5/23/2022 4:48:56 PM",4.292,30.188,52.261,83.21,74686,1034.688,34.67,0.055,0.055,0.044,8.645,96.57,5.45,170.175,0,5.462,5.466,NA,44
"5/23/2022 4:48:56 PM",4.509,30.189,52.259,83.21,74684,1034.687,34.668,0.016,0.016,0,8.643,96.513,5.447,220.387,0,5.458,5.462,NA,44
"5/23/2022 4:48:56 PM",4.649,30.19,52.26,83.213,74685.1,1034.688,34.669,0.031,0.031,0,8.643,96.592,5.451,239.333,0,5.463,5.467,NA,44
"5/23/2022 4:48:56 PM",4.793,30.19,52.26,83.214,74685.6,1034.689,34.669,0.062,0.062,0.087,8.643,96.554,5.449,223.021,0,5.461,5.464,NA,44
"5/23/2022 4:48:57 PM",4.934,30.19,52.26,83.213,74685.6,1034.69,34.669,0.062,0.062,0.058,8.642,96.597,5.451,174.933,0,5.463,5.467,NA,44
"5/23/2022 4:48:57 PM",5.149,30.19,52.258,83.21,74683.1,1034.689,34.667,0.023,0.023,0,8.643,96.621,5.453,117.84,0,5.465,5.468,NA,44
"5/23/2022 4:48:57 PM",5.291,30.19,52.252,83.202,74675.9,1034.685,34.663,0.016,0.016,0,8.643,96.641,5.454,103.991,0,5.466,5.47,NA,44
"5/23/2022 4:48:57 PM",5.437,30.191,52.249,83.199,74671.3,1034.683,34.66,0.047,0.047,0,8.643,96.528,5.448,101.527,0,5.459,5.463,NA,44
"5/23/2022 4:48:57 PM",5.571,30.188,52.248,83.193,74670.6,1034.684,34.66,0.156,0.156,0.248,8.642,96.607,5.452,119.879,0,5.464,5.467,NA,44
"5/23/2022 4:48:58 PM",5.771,30.182,52.276,83.223,74706.1,1034.708,34.683,0.086,0.086,0.116,8.642,96.557,5.448,177.227,0,5.46,5.464,NA,44
"5/23/2022 4:48:58 PM",5.923,30.174,52.274,83.208,74704.5,1034.71,34.685,0.055,0.055,0.044,8.643,96.573,5.45,203.48,0,5.461,5.465,NA,44
"5/23/2022 4:48:58 PM",6.085,30.171,52.275,83.207,74707.2,1034.713,34.687,0.016,0.016,0,8.643,96.436,5.442,199.572,0,5.453,5.457,NA,44
"5/23/2022 4:48:58 PM",6.243,30.174,52.273,83.207,74704.2,1034.711,34.685,0.016,0.016,0,8.644,96.467,5.444,164.908,0,5.455,5.459,NA,44
"5/23/2022 4:48:58 PM",6.47,30.175,52.25,83.177,74675.2,1034.694,34.666,0.07,0.07,0.087,8.644,96.503,5.446,138.4,0,5.458,5.462,NA,44
"5/23/2022 4:48:59 PM",6.613,30.175,52.249,83.176,74674.7,1034.694,34.666,0.07,0.07,0.087,8.644,96.593,5.452,132.793,0,5.463,5.467,NA,44
"5/23/2022 4:48:59 PM",6.746,30.174,52.254,83.181,74681.2,1034.699,34.67,0.07,0.07,0.087,8.643,96.528,5.449,145.112,0,5.46,5.464,NA,44
"5/23/2022 4:48:59 PM",6.883,30.176,52.257,83.188,74684.4,1034.701,34.672,0.078,0.078,0.116,8.643,96.489,5.446,163.548,0,5.458,5.461,NA,44
"5/23/2022 4:48:59 PM",7.012,30.176,52.258,83.19,74685.3,1034.702,34.672,0.055,0.055,0.073,8.642,96.594,5.452,174.423,0,5.464,5.467,NA,44
"5/23/2022 4:48:59 PM",7.239,30.171,52.259,83.184,74687.1,1034.705,34.674,0.039,0.039,0.029,8.641,96.597,5.452,174.253,0,5.463,5.467,NA,44
"5/23/2022 4:49:00 PM",7.383,30.17,52.258,83.181,74687.1,1034.706,34.675,0.039,0.039,0.029,8.64,96.632,5.454,155.222,0,5.466,5.47,NA,44
"5/23/2022 4:49:00 PM",7.526,30.162,52.26,83.172,74689.9,1034.711,34.679,0.07,0.07,0.058,8.641,96.608,5.453,142.988,0,5.464,5.468,NA,44
"5/23/2022 4:49:00 PM",7.659,30.147,52.263,83.153,74695.6,1034.719,34.687,0.062,0.062,0.058,8.641,96.52,5.448,135.936,0,5.46,5.464,NA,44
"5/23/2022 4:49:00 PM",7.795,30.147,52.275,83.17,74711,1034.729,34.696,0.062,0.062,0.029,8.641,96.485,5.446,143.413,0,5.458,5.461,NA,44
"5/23/2022 4:49:00 PM",8.013,30.14,52.261,83.141,74694.3,1034.722,34.688,0.055,0.055,0.015,8.642,96.502,5.448,163.294,0,5.459,5.463,NA,44
"5/23/2022 4:49:01 PM",8.14,30.125,52.288,83.156,74729.4,1034.748,34.713,0.055,0.055,0.029,8.643,96.472,5.445,169.581,0,5.457,5.461,NA,44
"5/23/2022 4:49:01 PM",8.243,30.128,52.299,83.174,74742.3,1034.756,34.721,0.055,0.055,0.073,8.643,96.48,5.446,164.143,0,5.458,5.462,NA,44
"5/23/2022 4:49:01 PM",8.322,30.132,52.294,83.174,74736,1034.751,34.715,0.047,0.047,0.058,8.643,96.45,5.444,149.445,0,5.456,5.459,NA,44
"5/23/2022 4:49:01 PM",8.38,30.121,52.289,83.151,74731.2,1034.751,34.715,0.047,0.047,0.044,8.643,96.472,5.446,143.158,0,5.458,5.462,NA,44
"5/23/2022 4:49:01 PM",8.496,30.121,52.288,83.149,74730,1034.751,34.715,0.047,0.047,0.044,8.642,96.533,5.45,150.889,0,5.461,5.465,NA,44
"5/23/2022 4:49:02 PM",8.611,30.119,52.29,83.149,74733.4,1034.754,34.717,0.047,0.047,0.015,8.643,96.485,5.447,160.235,0,5.459,5.463,NA,44
"5/23/2022 4:49:02 PM",8.743,30.118,52.292,83.15,74735.3,1034.756,34.719,0.039,0.039,0.029,8.643,96.547,5.451,172.809,0,5.462,5.466,NA,44
"5/23/2022 4:49:02 PM",8.887,30.125,52.292,83.162,74735.1,1034.754,34.717,0.047,0.047,0.044,8.643,96.553,5.451,172.894,0,5.463,5.467,NA,44
"5/23/2022 4:49:02 PM",9.112,30.142,52.298,83.195,74740,1034.753,34.715,0.047,0.047,0.058,8.643,96.526,5.449,157.601,0,5.461,5.465,NA,44
"5/23/2022 4:49:02 PM",9.255,30.14,52.298,83.192,74740.2,1034.755,34.715,0.047,0.047,0.073,8.642,96.559,5.451,146.811,0,5.463,5.467,NA,44
"5/23/2022 4:49:03 PM",9.364,30.138,52.288,83.175,74728.6,1034.749,34.709,0.062,0.062,0.073,8.643,96.606,5.453,136.361,0,5.465,5.469,NA,44
"5/23/2022 4:49:03 PM",9.482,30.091,52.292,83.111,74739.5,1034.769,34.729,0.062,0.062,0.073,8.642,96.585,5.453,132.283,0,5.464,5.468,NA,44
"5/23/2022 4:49:03 PM",9.604,30.071,52.297,83.086,74747.6,1034.78,34.74,0.047,0.047,0.058,8.642,96.472,5.447,133.557,0,5.458,5.462,NA,44
"5/23/2022 4:49:03 PM",9.767,30.063,52.305,83.085,74758.3,1034.79,34.748,0.062,0.062,0.044,8.643,96.559,5.452,143.158,0,5.464,5.467,NA,44
"5/23/2022 4:49:03 PM",9.859,30.062,52.308,83.088,74762.7,1034.793,34.751,0.047,0.047,0.015,8.644,96.482,5.449,146.471,0,5.461,5.464,NA,44
"5/23/2022 4:49:04 PM",9.944,30.06,52.307,83.084,74761.2,1034.793,34.751,0.055,0.055,0.058,8.644,96.409,5.445,149.36,0,5.457,5.461,NA,44
"5/23/2022 4:49:04 PM",10.032,30.059,52.307,83.083,74762.1,1034.794,34.752,0.055,0.055,0.058,8.644,96.49,5.45,144.857,0,5.462,5.465,NA,44
"5/23/2022 4:49:04 PM",10.074,30.058,52.31,83.084,74765.4,1034.797,34.754,0.047,0.047,0.058,8.644,96.5,5.451,129.14,0,5.463,5.466,NA,44
"5/23/2022 4:49:04 PM",9.977,30.058,52.307,83.081,74762,1034.794,34.752,0.047,0.047,0.044,8.645,96.482,5.45,124.382,0,5.462,5.465,NA,44
"5/23/2022 4:49:04 PM",9.866,30.058,52.309,83.084,74764.2,1034.795,34.753,0.047,0.047,0.044,8.658,96.531,5.453,121.918,0,5.465,5.468,NA,44
"5/23/2022 4:49:05 PM",9.716,30.058,52.325,83.107,74784.5,1034.807,34.766,0.055,0.055,0.044,8.659,96.456,5.448,119.029,0,5.46,5.463,NA,44
"5/23/2022 4:49:05 PM",9.569,30.06,52.329,83.115,74789,1034.809,34.768,0.055,0.055,0.044,8.659,96.535,5.453,126.761,0,5.465,5.468,NA,44
"5/23/2022 4:49:05 PM",9.359,30.062,52.33,83.118,74789.2,1034.808,34.768,0.07,0.07,0.044,8.659,96.474,5.449,124.212,0,5.461,5.465,NA,44
"5/23/2022 4:49:05 PM",9.249,30.063,52.328,83.117,74786.6,1034.805,34.766,0.047,0.047,0,8.659,96.489,5.45,133.303,0,5.462,5.465,NA,44
"5/23/2022 4:49:05 PM",9.164,30.065,52.327,83.118,74785,1034.803,34.764,0.047,0.047,0.029,8.659,96.517,5.452,149.02,0,5.464,5.467,NA,44
"5/23/2022 4:49:06 PM",9.097,30.067,52.326,83.12,74783.8,1034.802,34.763,0.062,0.062,0.058,8.659,96.551,5.453,160.66,0,5.465,5.469,NA,44
"5/23/2022 4:49:06 PM",8.973,30.069,52.325,83.122,74782.1,1034.8,34.761,0.047,0.047,0.073,8.659,96.598,5.456,165.502,0,5.468,5.472,NA,44
"5/23/2022 4:49:06 PM",8.864,30.072,52.323,83.124,74779.8,1034.797,34.759,0.047,0.047,0.044,8.658,96.619,5.458,164.228,0,5.47,5.473,NA,44
"5/23/2022 4:49:06 PM",8.741,30.073,52.323,83.125,74778.9,1034.796,34.759,0.062,0.062,0.044,8.658,96.562,5.454,165.078,0,5.466,5.47,NA,44
"5/23/2022 4:49:07 PM",8.64,30.075,52.321,83.126,74776.7,1034.793,34.756,0.055,0.055,0.044,8.657,96.421,5.446,159.13,0,5.458,5.462,NA,44
"5/23/2022 4:49:07 PM",8.539,30.077,52.32,83.127,74775,1034.791,34.755,0.055,0.055,0.029,8.657,96.68,5.461,142.733,0,5.473,5.477,NA,44
"5/23/2022 4:49:07 PM",8.47,30.078,52.319,83.127,74773.7,1034.79,34.754,0.062,0.062,0,8.656,96.533,5.452,142.988,0,5.464,5.468,NA,44
"5/23/2022 4:49:07 PM",8.376,30.078,52.321,83.13,74776.1,1034.791,34.755,0.055,0.055,0.044,8.655,96.626,5.458,144.262,0,5.47,5.473,NA,44
"5/23/2022 4:49:07 PM",8.241,30.078,52.318,83.126,74771.8,1034.788,34.753,0.047,0.047,0.044,8.655,96.58,5.455,149.19,0,5.467,5.471,NA,44
"5/23/2022 4:49:08 PM",8.093,30.079,52.319,83.128,74772.8,1034.788,34.753,0.047,0.047,0.029,8.655,96.577,5.454,149.36,0,5.466,5.47,NA,44
"5/23/2022 4:49:08 PM",7.882,30.082,52.317,83.131,74770.6,1034.784,34.751,0.055,0.055,0.015,8.657,96.413,5.445,152.164,0,5.457,5.461,NA,44
"5/23/2022 4:49:08 PM",7.757,30.084,52.318,83.135,74771.3,1034.784,34.751,0.055,0.055,0.015,8.657,96.42,5.446,153.523,0,5.458,5.462,NA,44
"5/23/2022 4:49:08 PM",7.619,30.089,52.322,83.147,74775.3,1034.784,34.752,0.062,0.062,0.058,8.657,96.484,5.449,152.164,0,5.461,5.465,NA,44
"5/23/2022 4:49:08 PM",7.479,30.101,52.319,83.161,74769.8,1034.777,34.745,0.062,0.062,0.058,8.657,96.565,5.454,148.85,0,5.465,5.469,NA,44
"5/23/2022 4:49:09 PM",7.349,30.117,52.326,83.195,74777,1034.776,34.745,0.055,0.055,0.015,8.657,96.601,5.455,141.544,0,5.467,5.471,NA,44
"5/23/2022 4:49:09 PM",7.189,30.147,52.325,83.239,74771.7,1034.764,34.733,0.055,0.055,0.058,8.657,96.767,5.463,152.504,0,5.475,5.478,NA,44
"5/23/2022 4:49:09 PM",7.094,30.162,52.31,83.241,74751.4,1034.747,34.717,0.062,0.062,0.015,8.657,96.688,5.459,154.203,0,5.471,5.474,NA,44
"5/23/2022 4:49:09 PM",6.995,30.169,52.307,83.248,74746.7,1034.741,34.712,0.07,0.07,0.029,8.656,96.603,5.453,157.091,0,5.465,5.469,NA,44
"5/23/2022 4:49:09 PM",6.89,30.174,52.303,83.249,74741.4,1034.736,34.707,0.055,0.055,0,8.655,96.605,5.453,164.143,0,5.464,5.468,NA,44
"5/23/2022 4:49:10 PM",6.748,30.177,52.301,83.252,74738.9,1034.733,34.705,0.047,0.047,0.015,8.655,96.618,5.453,187.422,0,5.465,5.469,NA,44
"5/23/2022 4:49:10 PM",6.66,30.177,52.301,83.252,74738.7,1034.733,34.705,0.055,0.055,0.029,8.655,96.729,5.459,193.369,0,5.471,5.474,NA,44
"5/23/2022 4:49:10 PM",6.547,30.178,52.299,83.249,74735.1,1034.73,34.702,0.062,0.062,0.029,8.654,96.574,5.45,191.925,0,5.462,5.466,NA,44
"5/23/2022 4:49:10 PM",6.422,30.174,52.296,83.24,74732.9,1034.729,34.702,0.062,0.062,0.044,8.655,96.542,5.448,177.652,0,5.46,5.463,NA,44
"5/23/2022 4:49:10 PM",6.288,30.168,52.3,83.235,74737.3,1034.733,34.706,0.055,0.055,0,8.654,96.519,5.447,159.046,0,5.458,5.462,NA,44
"5/23/2022 4:49:11 PM",6.076,30.16,52.289,83.209,74725.5,1034.727,34.702,0.047,0.047,0.015,8.653,96.633,5.454,152.843,0,5.465,5.469,NA,44
"5/23/2022 4:49:11 PM",5.951,30.151,52.287,83.191,74724,1034.729,34.703,0.047,0.047,0.029,8.654,96.623,5.453,145.537,0,5.464,5.468,NA,44
"5/23/2022 4:49:11 PM",5.793,30.154,52.295,83.206,74732.7,1034.732,34.708,0.047,0.047,0.044,8.654,96.624,5.453,143.073,0,5.465,5.468,NA,44
"5/23/2022 4:49:11 PM",5.628,30.164,52.29,83.216,74726.4,1034.725,34.701,0.055,0.055,0.044,8.654,96.664,5.455,157.431,0,5.466,5.47,NA,44
"5/23/2022 4:49:11 PM",5.38,30.172,52.282,83.216,74715.4,1034.715,34.692,0.039,0.039,0,8.655,96.581,5.451,172.809,0,5.462,5.466,NA,44
"5/23/2022 4:49:12 PM",5.231,30.175,52.275,83.211,74705.4,1034.707,34.685,0.047,0.047,0.029,8.654,96.668,5.456,175.868,0,5.467,5.471,NA,44
"5/23/2022 4:49:12 PM",5.113,30.177,52.271,83.209,74700.4,1034.703,34.682,0.055,0.055,0.044,8.654,96.591,5.452,186.148,0,5.463,5.467,NA,44
"5/23/2022 4:49:12 PM",5.014,30.179,52.264,83.201,74691.6,1034.697,34.676,0.055,0.055,0.015,8.653,96.57,5.451,223.87,0,5.462,5.466,NA,44
"5/23/2022 4:49:12 PM",4.915,30.18,52.259,83.195,74684.8,1034.692,34.671,0.047,0.047,0.015,8.653,96.582,5.451,238.738,0,5.463,5.466,NA,44
"5/23/2022 4:49:12 PM",4.766,30.18,52.251,83.185,74674.7,1034.685,34.665,0.055,0.055,0.029,8.654,96.689,5.457,237.124,0,5.469,5.472,NA,44
"5/23/2022 4:49:13 PM",4.656,30.18,52.249,83.182,74672.5,1034.684,34.664,0.055,0.055,0.058,8.654,96.611,5.453,218.688,0,5.464,5.468,NA,44
"5/23/2022 4:49:13 PM",4.554,30.181,52.245,83.178,74667.1,1034.679,34.66,0.047,0.047,0.044,8.655,96.665,5.455,192.095,0,5.467,5.471,NA,44
"5/23/2022 4:49:13 PM",4.462,30.181,52.24,83.171,74661.2,1034.676,34.657,0.039,0.039,0.073,8.654,96.57,5.45,185.128,0,5.462,5.466,NA,44
"5/23/2022 4:49:13 PM",4.337,30.181,52.229,83.157,74647.7,1034.667,34.648,0.055,0.055,0.044,8.653,96.617,5.453,195.408,0,5.465,5.468,NA,44
"5/23/2022 4:49:13 PM",4.266,30.183,52.228,83.158,74646.6,1034.665,34.647,0.047,0.047,0.029,8.653,96.717,5.459,188.102,0,5.471,5.474,NA,44
"5/23/2022 4:49:14 PM",4.196,30.184,52.224,83.154,74641.1,1034.661,34.643,0.039,0.039,0.029,8.653,96.591,5.452,192.18,0,5.463,5.467,NA,44
"5/23/2022 4:49:14 PM",4.134,30.185,52.223,83.154,74640.3,1034.66,34.643,0.047,0.047,0.029,8.653,96.587,5.451,201.101,0,5.463,5.467,NA,44
"5/23/2022 4:49:14 PM",4.023,30.185,52.219,83.149,74635.3,1034.657,34.64,0.055,0.055,0.073,8.653,96.639,5.454,197.617,0,5.466,5.47,NA,44
"5/23/2022 4:49:14 PM",3.917,30.186,52.218,83.148,74633.8,1034.655,34.639,0.055,0.055,0.073,8.652,96.481,5.446,171.875,0,5.457,5.461,NA,44
"5/23/2022 4:49:14 PM",3.792,30.186,52.219,83.15,74633.9,1034.655,34.639,0.031,0.031,0.058,8.652,96.537,5.449,163.294,0,5.461,5.464,NA,44
"5/23/2022 4:49:15 PM",3.677,30.187,52.217,83.149,74632.4,1034.653,34.637,0.023,0.023,0.015,8.651,96.509,5.447,177.907,0,5.459,5.463,NA,44
"5/23/2022 4:49:15 PM",3.592,30.187,52.217,83.149,74632,1034.652,34.637,0.039,0.039,0.044,8.65,96.506,5.447,205.179,0,5.459,5.462,NA,44
"5/23/2022 4:49:15 PM",3.476,30.188,52.215,83.148,74629.4,1034.65,34.635,0.055,0.055,0.015,8.65,96.6,5.452,206.963,0,5.464,5.468,NA,44
"5/23/2022 4:49:15 PM",3.38,30.189,52.215,83.147,74628.6,1034.649,34.635,0.039,0.039,0.015,8.65,96.595,5.452,220.812,0,5.463,5.467,NA,44
"5/23/2022 4:49:15 PM",3.274,30.188,52.215,83.147,74628.5,1034.649,34.635,0.047,0.047,0.058,8.651,96.639,5.454,236.189,0,5.466,5.47,NA,44
"5/23/2022 4:49:16 PM",3.17,30.189,52.213,83.144,74625.8,1034.647,34.633,0.039,0.039,0.015,8.651,96.669,5.456,267.285,0,5.468,5.472,NA,44
"5/23/2022 4:49:16 PM",3.068,30.189,52.211,83.142,74623.3,1034.645,34.632,0.047,0.047,0.044,8.651,96.511,5.447,281.898,0,5.459,5.463,NA,44
"5/23/2022 4:49:16 PM",2.917,30.189,52.209,83.14,74621.1,1034.643,34.63,0.047,0.047,0.044,8.651,96.752,5.461,269.324,0,5.472,5.476,NA,44
"5/23/2022 4:49:16 PM",2.809,30.189,52.209,83.139,74620.8,1034.642,34.63,0.055,0.055,0.058,8.651,96.587,5.452,210.616,0,5.463,5.467,NA,44
"5/23/2022 4:49:17 PM",2.702,30.189,52.208,83.138,74619.3,1034.641,34.629,0.062,0.062,0.029,8.65,96.526,5.448,166.182,0,5.46,5.464,NA,44
"5/23/2022 4:49:17 PM",2.594,30.189,52.207,83.137,74618.6,1034.64,34.629,0.047,0.047,0.044,8.651,96.494,5.446,171.45,0,5.458,5.462,NA,44
"5/23/2022 4:49:17 PM",2.445,30.191,52.203,83.134,74613.2,1034.635,34.625,0.016,0.016,0,8.651,96.551,5.45,219.537,0,5.461,5.465,NA,44
"5/23/2022 4:49:17 PM",2.363,30.191,52.2,83.13,74610.1,1034.633,34.623,0.031,0.031,0,8.65,96.548,5.45,256.325,0,5.461,5.465,NA,44
"5/23/2022 4:49:17 PM",2.299,30.19,52.198,83.126,74607.8,1034.632,34.622,0.039,0.039,0,8.65,96.507,5.447,294.387,0,5.459,5.463,NA,44
"5/23/2022 4:49:18 PM",2.238,30.189,52.198,83.125,74607.6,1034.632,34.622,0.086,0.086,0.102,8.651,96.66,5.456,348.252,0,5.468,5.471,NA,44
"5/23/2022 4:49:18 PM",2.17,30.189,52.199,83.125,74608.2,1034.632,34.623,0.039,0.039,0.073,8.653,96.668,5.456,342.729,0,5.468,5.472,NA,44
"5/23/2022 4:49:18 PM",2.052,30.188,52.197,83.121,74606.3,1034.631,34.622,0.031,0.031,0.044,8.653,96.618,5.454,318.601,0,5.465,5.469,NA,44
"5/23/2022 4:49:18 PM",1.988,30.188,52.195,83.118,74604.2,1034.629,34.621,0.055,0.055,0.073,8.653,96.511,5.448,364.479,0,5.459,5.463,NA,44
"5/23/2022 4:49:18 PM",1.936,30.188,52.191,83.113,74598.6,1034.625,34.617,0.055,0.055,0.015,8.654,96.592,5.452,317.666,0,5.464,5.468,NA,44
"5/23/2022 4:49:19 PM",1.865,30.188,52.191,83.114,74599,1034.625,34.617,0.07,0.07,0.073,8.655,96.578,5.451,288.61,0,5.463,5.467,NA,44
"5/23/2022 4:49:19 PM",1.715,30.187,52.186,83.105,74592.8,1034.621,34.614,0.062,0.062,0.058,8.655,96.624,5.454,261.762,0,5.466,5.47,NA,44
"5/23/2022 4:49:19 PM",1.608,30.187,52.183,83.101,74589.1,1034.618,34.612,0.062,0.062,0.044,8.655,96.547,5.45,283.937,0,5.462,5.466,NA,44
"5/23/2022 4:49:19 PM",1.521,30.186,52.185,83.103,74591.7,1034.62,34.613,0.047,0.047,0,8.654,96.657,5.456,294.217,0,5.468,5.471,NA,44
"5/23/2022 4:49:19 PM",1.427,30.188,52.181,83.1,74586.5,1034.616,34.61,0.023,0.023,0,8.654,96.4,5.442,251.227,0,5.453,5.457,NA,44
"5/23/2022 4:49:20 PM",1.328,30.189,52.18,83.1,74585,1034.614,34.609,0.055,0.055,0.058,8.653,96.466,5.446,234.745,0,5.457,5.461,NA,44
"5/23/2022 4:49:20 PM",1.16,30.19,52.175,83.093,74578.1,1034.609,34.604,0.039,0.039,0.029,8.654,96.533,5.449,214.355,0,5.461,5.465,NA,44
"5/23/2022 4:49:20 PM",1.078,30.19,52.172,83.09,74574.1,1034.606,34.602,0.016,0.016,0,8.654,96.454,5.445,291.159,0,5.457,5.46,NA,44
"5/23/2022 4:49:20 PM",1.021,30.189,52.169,83.084,74570.3,1034.604,34.6,0.031,0.031,0,8.654,96.511,5.448,307.471,0,5.46,5.463,NA,44
"5/23/2022 4:49:20 PM",0.976,30.189,52.168,83.083,74569.3,1034.603,34.599,0.055,0.055,0.029,8.654,96.571,5.452,220.302,0,5.464,5.467,NA,44
"5/23/2022 4:49:21 PM",0.957,30.19,52.166,83.081,74566.9,1034.601,34.597,0.047,0.047,0.029,8.654,96.646,5.457,207.983,0,5.468,5.472,NA,44
"5/23/2022 4:49:21 PM",0.913,30.19,52.164,83.079,74564.4,1034.6,34.596,0.055,0.055,0.087,8.654,96.504,5.448,274.337,0,5.46,5.463,NA,44
"5/23/2022 4:49:21 PM",0.868,30.19,52.164,83.079,74565,1034.6,34.596,0.008,0.008,0,8.654,96.629,5.455,278.16,0,5.467,5.471,NA,44
"5/23/2022 4:49:21 PM",0.827,30.19,52.163,83.077,74562.8,1034.598,34.595,0.109,0.109,0.175,8.654,96.671,5.458,378.498,0,5.469,5.473,NA,44
"5/23/2022 4:49:21 PM",0.781,30.19,52.159,83.072,74558.6,1034.596,34.592,0.008,0.008,0,8.654,96.631,5.455,387.249,0,5.467,5.47,NA,44
"5/23/2022 4:49:22 PM",0.689,30.189,52.157,83.066,74555.5,1034.594,34.591,0.055,0.055,0.044,8.654,96.568,5.452,346.468,0,5.463,5.467,NA,44
"5/23/2022 4:49:22 PM",0.634,30.188,52.158,83.067,74557.7,1034.595,34.592,0.047,0.047,0,8.653,96.628,5.455,414.436,0,5.466,5.47,NA,44
"5/23/2022 4:49:22 PM",0.59,30.188,52.156,83.064,74554.3,1034.593,34.59,0.07,0.07,0.029,8.653,96.482,5.447,429.474,0,5.459,5.463,NA,44
"5/23/2022 4:49:22 PM",0.563,30.188,52.156,83.065,74555,1034.593,34.591,0.047,0.047,0,8.652,96.555,5.451,421.233,0,5.463,5.467,NA,44
"5/23/2022 4:49:22 PM",0.545,30.189,52.156,83.065,74554.3,1034.592,34.59,0.055,0.055,0.029,8.651,96.602,5.453,409.338,0,5.465,5.469,NA,44
"5/23/2022 4:49:23 PM",0.519,30.187,52.155,83.06,74553.3,1034.592,34.59,0.023,0.023,0,8.651,96.46,5.446,359.297,0,5.458,5.461,NA,44
"5/23/2022 4:49:23 PM",0.517,30.186,52.154,83.058,74552,1034.592,34.589,0.023,0.023,0,8.652,96.506,5.449,307.216,0,5.46,5.464,NA,44
"5/23/2022 4:49:23 PM",0.507,30.187,52.154,83.06,74552.5,1034.592,34.59,0.07,0.07,0.116,8.652,96.512,5.449,284.617,0,5.461,5.464,NA,44
"5/23/2022 4:49:23 PM",0.485,30.186,52.152,83.056,74550.2,1034.59,34.588,0.101,0.101,0.146,8.651,96.54,5.45,283.682,0,5.462,5.466,NA,44
"5/23/2022 4:49:23 PM",0.439,30.187,52.151,83.057,74548.8,1034.589,34.587,0.062,0.062,0.044,8.65,96.607,5.454,277.905,0,5.466,5.47,NA,44
"5/23/2022 4:49:24 PM",0.311,30.186,52.15,83.053,74547.1,1034.588,34.586,0.062,0.062,0,8.651,96.606,5.454,314.013,0,5.466,5.47,NA,44
"5/23/2022 4:49:24 PM",0.195,30.187,52.149,83.053,74546.6,1034.587,34.586,0.023,0.023,0.015,8.652,96.521,5.45,324.463,0,5.461,5.465,NA,44
"5/23/2022 4:49:24 PM",0.071,30.189,52.15,83.057,74547.5,1034.586,34.586,0,0,0,8.651,96.544,5.451,485.463,0,5.462,5.466,NA,44
"5/23/2022 4:49:24 PM",0,30.194,52.139,83.05,74532.8,1034.575,34.575,0,0,0,8.65,96.442,5.445,425.651,0,5.457,5.461,NA,44
"5/23/2022 4:49:24 PM",0,30.195,52.134,83.045,74526.6,1034.571,34.571,0,0,0,8.65,96.623,5.455,1070.584,0,5.467,5.471,NA,44
"5/23/2022 4:49:25 PM",0,30.234,52.179,83.164,74577.4,1034.591,34.592,0,0,0,8.65,96.704,5.458,1356.645,0,5.47,5.473,NA,44
"5/23/2022 4:49:25 PM",0,30.285,52.162,83.218,74550,1034.559,34.56,0,0,0.044,8.65,96.708,5.457,1077.126,0,5.469,5.473,NA,44
"5/23/2022 4:49:25 PM",0,30.295,52.122,83.177,74499.1,1034.525,34.526,0.367,0.367,1.224,8.65,96.714,5.458,583.167,0,5.47,5.474,NA,44
"5/23/2022 4:49:25 PM",0,30.26,52.107,83.105,74485.6,1034.527,34.528,0.335,0.335,1.209,8.65,96.687,5.457,419.703,0,5.468,5.472,NA,44
"5/23/2022 4:49:25 PM",0,30.219,52.144,83.093,74535.4,1034.57,34.57,0.484,0.484,1.078,8.648,96.536,5.448,507.552,0,5.46,5.463,NA,44
"5/23/2022 4:49:26 PM",0,30.227,52.128,83.083,74515.3,1034.555,34.555,0.172,0.172,0.408,8.648,96.483,5.445,389.118,0,5.457,5.461,NA,44
"5/23/2022 4:49:26 PM",0,30.241,52.088,83.049,74463.6,1034.519,34.52,0.07,0.07,0.218,8.647,96.48,5.446,713.581,0,5.458,5.462,NA,44
"5/23/2022 4:49:26 PM",0,30.221,52.095,83.028,74474.8,1034.531,34.532,0.07,0.07,0,8.647,96.452,5.445,1053.167,0,5.457,5.461,NA,44
"5/23/2022 4:49:26 PM",0,30.27,52.079,83.081,74449,1034.501,34.502,0,0,0,8.646,96.6,5.454,1394.792,0,5.465,5.469,NA,44
"5/23/2022 4:49:26 PM",0,30.408,51.855,82.978,74155.4,1034.281,34.282,1.061,1.061,2.055,8.646,96.924,5.477,1486.889,0,5.489,5.492,NA,44
"5/23/2022 4:49:27 PM",0,30.408,51.954,83.114,74277.7,1034.356,34.357,0,0,0,8.647,97.063,5.478,1541.773,0,5.49,5.494,NA,44
"5/23/2022 4:49:27 PM",0,30.349,50.697,81.285,72726.9,1033.426,33.427,48.365,48.365,101.593,8.645,97.535,5.54,1511.612,0,5.552,5.555,NA,44
"5/23/2022 4:49:27 PM",0,30.423,50.102,80.565,71977.9,1032.949,32.95,24.393,24.393,55.606,8.646,97.209,5.535,1467.943,0,5.548,5.551,NA,44
"5/23/2022 4:49:27 PM",0,30.667,47.721,77.57,68971.2,1031.061,31.062,5.109,5.109,12.262,8.65,96.714,5.578,1415.352,0,5.591,5.594,NA,44
"5/23/2022 4:49:28 PM",0,30.389,51.651,82.667,73905.5,1034.134,34.135,1.342,1.342,5.209,8.649,96.543,5.452,631.764,0,5.464,5.467,NA,44
"5/23/2022 4:49:28 PM",0,30.293,50.725,81.242,72769,1033.468,33.469,0.881,0.881,3.28,8.649,96.439,5.475,1041.102,0,5.487,5.491,NA,44
"5/23/2022 4:49:28 PM",0,30.265,51.075,81.687,73206.9,1033.743,33.744,0.499,0.499,1.049,8.649,96.428,5.467,1197.854,0,5.479,5.482,NA,44
"5/23/2022 4:49:28 PM",0,30.242,52.028,82.968,74389.4,1034.473,34.474,0.187,0.187,0.349,8.649,96.421,5.439,1210.258,0,5.451,5.455,NA,44
"5/23/2022 4:49:28 PM",0,30.203,29.919,50.942,45709.5,1017.853,17.854,0,0,0,8.649,96.379,6.141,1190.462,0,6.158,6.158,NA,44
"5/23/2022 4:49:29 PM",0,30.204,1.767,3.74,3356,996.907,0,173.668,173.668,0,8.649,95.615,7.11,1161.406,0,7.131,7.131,NA,44
"5/23/2022 4:49:29 PM",0,30.253,1.221,2.638,2364.9,996.485,0,68.787,68.787,37.318,8.649,93.807,6.998,1018.418,0,7.018,7.018,NA,44
"5/23/2022 4:49:29 PM",0,30.275,0.996,2.175,1948.9,996.31,0,193.342,193.342,293.065,8.649,95.85,7.161,970.925,0,7.181,7.181,NA,44
"5/23/2022 4:49:29 PM",0,30.261,0.864,1.898,1701.1,996.215,0,216.385,216.385,382.795,8.648,92.524,6.917,880.018,0,6.937,6.937,NA,44
"5/23/2022 4:49:29 PM",0,30.239,0.723,1.6,1434.7,996.117,0,275.593,275.593,386.879,8.647,96.526,7.222,692.511,0,7.243,7.243,NA,44
"5/23/2022 4:49:30 PM",0,30.245,0.663,1.474,1321.1,996.07,0,54.73,54.73,0,8.647,96.18,7.199,538.138,0,7.22,7.22,NA,44
"5/23/2022 4:49:30 PM",0,30.21,0.619,1.378,1236.4,996.048,0,190.775,190.775,442.725,8.647,96.537,7.228,480.705,0,7.249,7.249,NA,44
"5/23/2022 4:49:30 PM",0,30.145,0.589,1.312,1178.6,996.045,0,443.207,443.207,615.366,8.645,96.43,7.221,450.204,0,7.241,7.241,NA,44
"5/23/2022 4:49:30 PM",0,29.836,0.549,1.22,1102.5,996.109,0,348.358,348.358,184.31,8.644,96.574,7.233,407.639,0,7.254,7.254,NA,44
"5/23/2022 4:49:30 PM",0,29.727,0.522,1.16,1050.4,996.122,0,125.787,125.787,0,8.643,96.193,7.206,465.582,0,7.227,7.227,NA,44
"5/23/2022 4:49:31 PM",0,29.645,0.498,1.105,1002.6,996.128,0,7.262,7.262,0,8.641,96.028,7.195,503.049,0,7.216,7.216,NA,44
"5/23/2022 4:49:31 PM",0,29.678,0.483,1.075,974.5,996.107,0,12.856,12.856,0,8.641,96.024,7.196,632.189,0,7.217,7.217,NA,44
"5/23/2022 4:49:31 PM",0,29.823,0.45,1.007,910.3,996.039,0,0,0,0.233,8.64,96.046,7.2,405.345,0,7.221,7.221,NA,44
"5/23/2022 4:49:31 PM",0,29.869,0.436,0.977,882.6,996.014,0,24.604,24.604,0,8.638,96.069,7.203,652.919,0,7.224,7.224,NA,44
"5/23/2022 4:49:31 PM",0,29.799,0.425,0.951,859.9,996.027,0,30.165,30.165,0,8.635,96.05,7.203,917.825,0,7.223,7.223,NA,44
"5/23/2022 4:49:32 PM",0,29.828,0.418,0.938,847.8,996.013,0,45.354,45.354,0,8.634,95.96,7.197,1024.11,0,7.217,7.217,NA,44
"5/23/2022 4:49:32 PM",0,30.388,0.405,0.919,822.1,995.834,0,41.165,41.165,25.167,8.633,96.087,7.207,1065.571,0,7.228,7.228,NA,44
"5/23/2022 4:49:32 PM",0,30.901,0.388,0.889,787.1,995.663,0,79.591,79.591,10.293,8.633,96.061,7.206,923.772,0,7.227,7.227,NA,44
"5/23/2022 4:49:32 PM",0,31.354,0.374,0.866,759.5,995.511,0,28.949,28.949,4.39,8.632,96.109,7.21,878.064,0,7.231,7.231,NA,44
"5/23/2022 4:49:32 PM",0,32.128,0.359,0.843,729,995.254,0,0,0,0,8.631,96.202,7.218,677.303,0,7.239,7.239,NA,44
"5/23/2022 4:49:33 PM",0,32.575,0.349,0.828,710.1,995.103,0,0,0,0,8.63,96.698,7.254,610.779,0,7.275,7.275,NA,44
"5/23/2022 4:49:33 PM",0,32.241,0.343,0.809,697.6,995.206,0,102.9,102.9,0,8.627,96.615,7.246,431.258,0,7.267,7.267,NA,44
"5/23/2022 4:49:33 PM",0,31.958,0.338,0.792,687.2,995.292,0,83.913,83.913,0,8.626,96.457,7.232,415.201,0,7.253,7.253,NA,44
"5/23/2022 4:49:33 PM",0,31.744,0.328,0.768,668.4,995.353,0,0,0,0,8.625,96.337,7.221,466.686,0,7.242,7.242,NA,44
"5/23/2022 4:49:33 PM",0,31.558,0.329,0.767,670.5,995.413,0,78.452,78.452,0,8.624,96.224,7.211,509.846,0,7.232,7.232,NA,44
"5/23/2022 4:49:34 PM",0,31.472,0.321,0.748,654.8,995.434,0,80.137,80.137,0,8.622,96.1,7.201,507.212,0,7.221,7.221,NA,44
"5/23/2022 4:49:34 PM",0,31.383,0.319,0.742,650.3,995.461,0,89.654,89.654,0,8.619,96.125,7.199,568.384,0,7.22,7.22,NA,44
"5/23/2022 4:49:34 PM",0,31.247,0.316,0.734,645,995.501,0,14.127,14.127,0,8.619,96.108,7.196,640.26,0,7.217,7.217,NA,44
"5/23/2022 4:49:34 PM",0,31.108,0.316,0.731,644.2,995.544,0,12.856,12.856,0,8.619,96.054,7.19,705.17,0,7.211,7.211,NA,44
"5/23/2022 4:49:34 PM",0,30.919,0.323,0.743,657.7,995.608,0,14.626,14.626,0,8.618,96.016,7.186,694.04,0,7.207,7.207,NA,44
"5/23/2022 4:49:35 PM",0,30.931,0.302,0.698,617.5,995.589,0,0,0,0,8.615,96.109,7.192,300.164,0,7.213,7.213,NA,44
"5/23/2022 4:49:35 PM",0,30.97,0.3,0.693,612.2,995.575,0,0,0,0,8.613,0,0,173.404,0,0,0,NA,44
"5/23/2022 4:49:35 PM",0,31.07,0.303,0.701,618.3,995.547,0,0,0,0,8.613,0,0,143.583,0,0,0,NA,44
"5/23/2022 4:49:35 PM",0,31.089,0.324,0.749,660.8,995.557,0,0,0,0,8.612,0,0,134.237,0,0,0,NA,44
"5/23/2022 4:49:35 PM",0,30.944,0.404,0.926,819.2,995.662,0,0,0,0,8.61,0.239,0.018,125.146,0,0.018,0.018,NA,44
"5/23/2022 4:49:36 PM",0,30.619,0.761,1.692,1506.1,996.028,0,0,0,0,8.608,78.619,5.865,111.298,0,5.882,5.882,NA,44
"5/23/2022 4:49:36 PM",0,30.367,0.839,1.85,1654.6,996.165,0,0,0,0,8.606,92.828,6.922,105.351,0,6.942,6.942,NA,44
"5/23/2022 4:49:36 PM",0,30.193,0.692,1.533,1375.7,996.108,0,0,0,0,8.605,95.151,7.1,101.103,0,7.12,7.12,NA,44
"5/23/2022 4:49:36 PM",0,30.053,0.679,1.502,1352,996.141,0,0,0,0,8.603,95.477,7.124,99.743,0,7.144,7.144,NA,44
"5/23/2022 4:49:36 PM",0,29.968,0.943,2.053,1850.6,996.364,0,1.708,1.708,0.51,8.602,95.258,7.097,94.561,0,7.117,7.117,NA,44
"5/23/2022 4:49:37 PM",0,29.792,0.611,1.35,1221.4,996.169,0,3.261,3.261,7.814,8.599,94.488,7.052,102.972,0,7.072,7.072,NA,44
"5/23/2022 4:49:37 PM",0,29.655,0.467,1.04,943.3,996.102,0,1.334,1.334,0.175,8.597,94.141,7.032,434.232,0,7.053,7.053,NA,44
"5/23/2022 4:49:37 PM",0,29.457,0.421,0.937,853.2,996.126,0,0.484,0.484,0,8.597,93.698,7.002,330.07,0,7.022,7.022,NA,44
"5/23/2022 4:49:37 PM",0,29.142,0.383,0.85,779.3,996.192,0,0,0,0,8.595,93.457,6.986,141.544,0,7.006,7.006,NA,44
"5/23/2022 4:49:38 PM",0,28.698,0.347,0.765,707.1,996.294,0,0.679,0.679,5.355,8.592,93.612,7.001,218.433,0,7.021,7.021,NA,44
"5/23/2022 4:49:38 PM",0,28.631,0.323,0.713,660.4,996.296,0,2.676,2.676,14.352,8.592,93.879,7.022,876.874,0,7.043,7.043,NA,44
"5/23/2022 4:49:38 PM",0,28.908,52.038,80.984,74572.2,1034.957,34.959,0,0,7.463,8.593,93.919,5.293,1149.087,0,5.304,5.308,NA,44
"5/23/2022 4:49:38 PM",0,29.463,52.583,82.555,75173.5,1035.174,35.175,1.591,1.591,7.082,8.597,94.022,5.29,1136.003,0,5.302,5.305,NA,44
"5/23/2022 4:49:38 PM",0,29.604,49.647,78.75,71506.5,1032.898,32.899,2.145,2.145,8.21,8.6,93.986,5.382,876.534,0,5.394,5.397,NA,44
"5/23/2022 4:49:39 PM",0,29.641,52.431,82.617,74962.6,1034.995,34.996,1.88,1.88,8.503,8.603,94.075,5.314,1049.683,0,5.325,5.329,NA,44
"5/23/2022 4:49:39 PM",0,29.648,52.402,82.587,74925.6,1034.97,34.972,1.95,1.95,8.694,8.605,94.13,5.321,1069.649,0,5.333,5.337,NA,44
"5/23/2022 4:49:39 PM",0,29.652,52.387,82.573,74906.5,1034.958,34.959,1.755,1.755,7.888,8.605,94.232,5.33,1060.473,0,5.341,5.345,NA,44
"5/23/2022 4:49:39 PM",0,29.659,52.392,82.589,74911.4,1034.959,34.96,1.701,1.701,7.976,8.605,94.182,5.328,1011.706,0,5.339,5.343,NA,44
"5/23/2022 4:49:39 PM",0,29.663,52.407,82.617,74929.9,1034.969,34.97,1.981,1.981,8.386,8.606,94.337,5.339,930.229,0,5.35,5.354,NA,44
"5/23/2022 4:49:40 PM",0,29.667,52.402,82.616,74923.2,1034.964,34.965,1.825,1.825,8.225,8.606,94.31,5.338,1001.936,0,5.349,5.353,NA,44
"5/23/2022 4:49:40 PM",0,29.667,52.411,82.628,74934.1,1034.97,34.972,1.685,1.685,8.972,8.607,94.472,5.348,833.884,0,5.36,5.363,NA,44
"5/23/2022 4:49:40 PM",0,29.668,52.391,82.602,74909.6,1034.955,34.956,1.545,1.545,8.708,8.608,94.404,5.345,975.938,0,5.357,5.361,NA,44
"5/23/2022 4:49:40 PM",0,29.667,52.391,82.601,74909.7,1034.955,34.956,1.864,1.864,9.046,8.607,94.442,5.348,885.625,0,5.36,5.363,NA,44
"5/23/2022 4:49:40 PM",0,29.671,52.382,82.594,74898,1034.947,34.948,1.623,1.623,9.163,8.607,94.454,5.35,792.764,0,5.362,5.366,NA,44
"5/23/2022 4:49:41 PM",0,29.67,52.387,82.6,74904.1,1034.951,34.952,1.693,1.693,9.119,8.607,94.368,5.345,789.365,0,5.357,5.36,NA,44
"5/23/2022 4:49:41 PM",0,29.668,52.398,82.613,74918.3,1034.96,34.961,1.654,1.654,8.503,8.607,94.375,5.346,797.267,0,5.357,5.361,NA,44
"5/23/2022 4:49:41 PM",0,29.668,52.387,82.597,74904.8,1034.952,34.953,1.833,1.833,8.283,8.606,94.452,5.351,808.991,0,5.363,5.367,NA,44
"5/23/2022 4:49:41 PM",0,29.669,52.394,82.607,74913.1,1034.957,34.958,1.903,1.903,8.357,8.606,94.43,5.35,821.395,0,5.362,5.365,NA,44
"5/23/2022 4:49:41 PM",0,29.669,52.398,82.613,74917.5,1034.96,34.961,1.669,1.669,8.855,8.607,94.55,5.357,838.642,0,5.369,5.373,NA,44
"5/23/2022 4:49:42 PM",0,29.669,52.399,82.615,74918.7,1034.96,34.961,1.95,1.95,8.606,8.608,94.44,5.35,849.517,0,5.362,5.366,NA,44
"5/23/2022 4:49:42 PM",0,29.668,52.4,82.614,74920.5,1034.962,34.963,1.732,1.732,8.767,8.607,94.496,5.354,867.019,0,5.366,5.369,NA,44
"5/23/2022 4:49:42 PM",0,29.663,52.407,82.617,74929.7,1034.969,34.97,1.997,1.997,9.251,8.606,94.41,5.348,881.632,0,5.36,5.363,NA,44
"5/23/2022 4:53:27 PM",0.642,30.195,52.22,83.163,74632.5,1034.639,34.636,0.086,0.086,0.116,8.46,96.71,5.463,229.138,0,5.475,5.479,NA,44
"5/23/2022 4:53:27 PM",0.664,30.195,52.222,83.167,74635.9,1034.641,34.638,0.07,0.07,0.058,8.459,96.754,5.466,285.551,0,5.477,5.481,NA,44
"5/23/2022 4:53:27 PM",0.635,30.194,52.224,83.168,74638.4,1034.643,34.64,0.062,0.062,0,8.463,96.621,5.458,330.24,0,5.47,5.474,NA,44
"5/23/2022 4:53:27 PM",0.649,30.195,52.222,83.166,74636,1034.641,34.638,0.047,0.047,0.058,8.462,96.614,5.457,195.239,0,5.469,5.473,NA,44
"5/23/2022 4:53:28 PM",0.682,30.195,52.224,83.168,74637.8,1034.642,34.639,0.585,0.585,0.466,8.461,96.754,5.465,193.794,0,5.477,5.481,NA,44
"5/23/2022 4:53:28 PM",0.723,30.195,52.225,83.169,74638.8,1034.643,34.64,0.257,0.257,0.146,8.463,96.869,5.471,350.631,0,5.483,5.487,NA,44
"5/23/2022 4:53:28 PM",0.777,30.195,52.225,83.17,74639.1,1034.643,34.64,0.07,0.07,0.029,8.462,96.682,5.461,363.63,0,5.473,5.476,NA,44
"5/23/2022 4:53:28 PM",0.901,30.196,52.226,83.172,74640,1034.644,34.641,0.094,0.094,0.16,8.462,96.793,5.467,485.208,0,5.479,5.483,NA,44
"5/23/2022 4:53:28 PM",0.987,30.195,52.229,83.175,74644.2,1034.647,34.643,0.086,0.086,0.116,8.463,96.759,5.465,349.356,0,5.477,5.48,NA,44
"5/23/2022 4:53:29 PM",1.06,30.196,52.228,83.175,74643.3,1034.647,34.642,0.086,0.086,0.102,8.465,96.778,5.466,596.421,0,5.478,5.482,NA,44
"5/23/2022 4:53:29 PM",1.102,30.195,52.227,83.173,74641.8,1034.646,34.642,0,0,0,8.465,96.783,5.467,551.222,0,5.479,5.482,NA,44
"5/23/2022 4:53:29 PM",1.145,30.195,52.229,83.175,74644,1034.648,34.643,0.008,0.008,0,8.465,96.736,5.464,785.287,0,5.476,5.48,NA,44
"5/23/2022 4:53:29 PM",1.204,30.194,52.229,83.174,74644.1,1034.648,34.643,0.14,0.14,0.262,8.465,96.63,5.458,515.708,0,5.47,5.474,NA,44
"5/23/2022 4:53:30 PM",1.291,30.195,52.23,83.176,74645.5,1034.65,34.644,0.133,0.133,0.248,8.464,96.618,5.456,320.215,0,5.468,5.472,NA,44
"5/23/2022 4:53:30 PM",1.395,30.195,52.23,83.178,74646,1034.65,34.644,0.078,0.078,0.116,8.466,96.574,5.454,290.989,0,5.466,5.47,NA,44
"5/23/2022 4:53:30 PM",1.46,30.195,52.232,83.18,74648,1034.651,34.645,0.047,0.047,0,8.468,96.611,5.457,284.702,0,5.469,5.472,NA,44
"5/23/2022 4:53:30 PM",1.444,30.194,52.235,83.183,74652.7,1034.655,34.649,0.055,0.055,0.073,8.469,96.64,5.459,179.606,0,5.47,5.474,NA,44
"5/23/2022 4:53:30 PM",1.449,30.193,52.237,83.183,74654.1,1034.656,34.65,0.062,0.062,0.102,8.47,96.676,5.46,232.621,0,5.472,5.476,NA,44
"5/23/2022 4:53:31 PM",1.449,30.192,52.236,83.182,74653.9,1034.656,34.65,0.055,0.055,0.073,8.468,96.72,5.463,218.008,0,5.474,5.478,NA,44
"5/23/2022 4:53:31 PM",1.44,30.191,52.239,83.184,74657,1034.658,34.652,0.078,0.078,0.087,8.467,96.764,5.466,174.253,0,5.477,5.481,NA,44
"5/23/2022 4:53:31 PM",1.364,30.192,52.236,83.181,74653.7,1034.656,34.65,0.008,0.008,0,8.472,96.586,5.455,525.564,0,5.467,5.471,NA,44
"5/23/2022 4:53:31 PM",1.31,30.193,52.233,83.178,74649.7,1034.653,34.647,0.047,0.047,0.044,8.472,96.541,5.453,509.506,0,5.464,5.468,NA,44
"5/23/2022 4:53:31 PM",1.265,30.193,52.229,83.172,74644.2,1034.649,34.644,0.031,0.031,0,8.47,96.563,5.454,385.719,0,5.466,5.47,NA,44
"5/23/2022 4:53:32 PM",1.227,30.193,52.227,83.17,74642.1,1034.648,34.642,0.008,0.008,0,8.467,96.628,5.458,294.557,0,5.47,5.474,NA,44
"5/23/2022 4:53:32 PM",1.196,30.195,52.224,83.169,74638.9,1034.645,34.64,0.101,0.101,0.146,8.466,96.546,5.453,231.771,0,5.465,5.469,NA,44
"5/23/2022 4:53:32 PM",1.164,30.193,52.222,83.164,74636.1,1034.644,34.639,0.078,0.078,0.087,8.464,96.647,5.459,182.834,0,5.471,5.474,NA,44
"5/23/2022 4:53:32 PM",1.171,30.194,52.221,83.162,74634.1,1034.642,34.637,0.039,0.039,0.015,8.464,96.551,5.453,205.264,0,5.465,5.468,NA,44
"5/23/2022 4:53:32 PM",1.177,30.194,52.219,83.16,74632.1,1034.641,34.636,0.023,0.023,0,8.466,96.656,5.459,203.14,0,5.471,5.475,NA,44
"5/23/2022 4:53:33 PM",1.216,30.194,52.22,83.162,74633.2,1034.642,34.637,0.008,0.008,0,8.465,96.69,5.461,207.218,0,5.473,5.477,NA,44
"5/23/2022 4:53:33 PM",1.243,30.194,52.219,83.161,74632.3,1034.641,34.636,0.031,0.031,0,8.466,96.689,5.461,331.005,0,5.473,5.477,NA,44
"5/23/2022 4:53:33 PM",1.291,30.194,52.221,83.164,74634.8,1034.643,34.638,0.039,0.039,0.015,8.468,96.607,5.456,707.973,0,5.468,5.472,NA,44
"5/23/2022 4:53:33 PM",1.324,30.195,52.223,83.167,74636.8,1034.644,34.639,0.109,0.109,0.146,8.468,96.769,5.466,453.603,0,5.477,5.481,NA,44
"5/23/2022 4:53:33 PM",1.35,30.195,52.223,83.168,74637.5,1034.645,34.639,0.101,0.101,0.146,8.468,96.66,5.459,247.489,0,5.471,5.475,NA,44
"5/23/2022 4:53:34 PM",1.366,30.195,52.223,83.168,74637.2,1034.645,34.639,0.086,0.086,0.116,8.468,96.682,5.461,166.267,0,5.473,5.476,NA,44
"5/23/2022 4:53:34 PM",1.39,30.195,52.226,83.171,74640.3,1034.647,34.641,0.047,0.047,0.044,8.466,96.613,5.456,195.748,0,5.468,5.472,NA,44
"5/23/2022 4:53:34 PM",1.401,30.194,52.223,83.166,74636.6,1034.645,34.639,0.016,0.016,0,8.466,96.663,5.459,374.675,0,5.471,5.475,NA,44
"5/23/2022 4:53:34 PM",1.392,30.194,52.222,83.165,74636.4,1034.645,34.639,0.031,0.031,0,8.465,96.565,5.454,426.245,0,5.465,5.469,NA,44
"5/23/2022 4:53:34 PM",1.388,30.194,52.222,83.164,74635.7,1034.644,34.638,0.023,0.023,0,8.467,96.655,5.458,338.651,0,5.47,5.474,NA,44
"5/23/2022 4:53:35 PM",1.361,30.193,52.225,83.166,74639.3,1034.646,34.641,0.078,0.078,0.116,8.468,96.546,5.453,283.682,0,5.465,5.468,NA,44
"5/23/2022 4:53:35 PM",1.314,30.194,52.222,83.164,74635.4,1034.644,34.638,0.07,0.07,0.087,8.468,96.561,5.454,237.634,0,5.465,5.469,NA,44
"5/23/2022 4:53:35 PM",1.295,30.195,52.218,83.161,74631.3,1034.641,34.635,0.055,0.055,0,8.469,96.714,5.463,330.92,0,5.474,5.478,NA,44
"5/23/2022 4:53:35 PM",1.277,30.195,52.216,83.158,74628.8,1034.639,34.634,0.023,0.023,0,8.469,96.576,5.454,231.771,0,5.466,5.47,NA,44
"5/23/2022 4:53:35 PM",1.251,30.195,52.216,83.158,74628.6,1034.639,34.634,0.062,0.062,0.044,8.469,96.597,5.455,264.651,0,5.467,5.471,NA,44
"5/23/2022 4:53:36 PM",1.223,30.194,52.216,83.157,74628.5,1034.639,34.634,0.016,0.016,0,8.472,96.615,5.457,425.566,0,5.469,5.472,NA,44
"5/23/2022 4:53:36 PM",1.203,30.195,52.216,83.157,74628.2,1034.638,34.633,0.07,0.07,0.044,8.473,96.688,5.461,443.747,0,5.472,5.476,NA,44
"5/23/2022 4:53:36 PM",1.187,30.195,52.214,83.155,74626.3,1034.637,34.632,0.086,0.086,0.146,8.473,96.703,5.462,306.451,0,5.474,5.477,NA,44
"5/23/2022 4:53:36 PM",1.171,30.195,52.215,83.155,74626.8,1034.638,34.633,0.078,0.078,0.131,8.475,96.602,5.456,203.735,0,5.468,5.471,NA,44
"5/23/2022 4:53:36 PM",1.151,30.194,52.214,83.153,74625.7,1034.637,34.632,0,0,0,8.474,96.685,5.46,240.267,0,5.472,5.476,NA,44
"5/23/2022 4:53:37 PM",1.145,30.195,52.212,83.152,74623.6,1034.635,34.631,0.031,0.031,0.015,8.474,96.667,5.46,332.959,0,5.472,5.475,NA,44
"5/23/2022 4:53:37 PM",1.166,30.195,52.212,83.152,74624,1034.636,34.631,0.023,0.023,0,8.474,96.527,5.451,307.641,0,5.463,5.467,NA,44
"5/23/2022 4:53:37 PM",1.185,30.194,52.213,83.152,74624.2,1034.636,34.631,0.094,0.094,0.204,8.468,96.695,5.461,337.972,0,5.473,5.477,NA,44
"5/23/2022 4:53:37 PM",1.218,30.194,52.213,83.152,74625,1034.637,34.632,0.07,0.07,0.073,8.464,96.563,5.454,274.931,0,5.465,5.469,NA,44
"5/23/2022 4:53:37 PM",1.241,30.195,52.212,83.152,74623.6,1034.636,34.631,0.055,0.055,0.058,8.468,96.599,5.456,292.008,0,5.468,5.471,NA,44
"5/23/2022 4:53:38 PM",1.248,30.195,52.209,83.149,74620.1,1034.634,34.628,0.047,0.047,0.044,8.468,96.589,5.455,259.468,0,5.466,5.47,NA,44
"5/23/2022 4:53:38 PM",1.258,30.194,52.211,83.149,74622.3,1034.635,34.63,0.047,0.047,0.044,8.468,96.643,5.458,306.112,0,5.469,5.473,NA,44
"5/23/2022 4:53:38 PM",1.255,30.194,52.211,83.15,74622.7,1034.636,34.63,0.039,0.039,0.015,8.467,96.609,5.456,290.819,0,5.468,5.471,NA,44
"5/23/2022 4:53:38 PM",1.253,30.193,52.211,83.147,74621.9,1034.636,34.63,0.086,0.086,0.116,8.467,96.493,5.45,289.29,0,5.461,5.465,NA,44
"5/23/2022 4:53:38 PM",1.26,30.193,52.211,83.147,74622,1034.636,34.63,0.07,0.07,0.044,8.465,96.655,5.459,199.317,0,5.47,5.474,NA,44
"5/23/2022 4:53:39 PM",1.255,30.192,52.21,83.145,74621.4,1034.635,34.63,0.055,0.055,0.015,8.465,96.61,5.456,139.25,0,5.467,5.471,NA,44
"5/23/2022 4:53:39 PM",1.269,30.192,52.21,83.145,74621.2,1034.635,34.63,0.055,0.055,0.029,8.465,96.688,5.461,134.747,0,5.473,5.476,NA,44
"5/23/2022 4:53:39 PM",1.303,30.192,52.211,83.146,74622.7,1034.636,34.631,0.062,0.062,0.058,8.464,96.572,5.454,239.758,0,5.465,5.469,NA,44
"5/23/2022 4:53:39 PM",1.421,30.192,52.211,83.147,74623.1,1034.637,34.631,0.031,0.031,0,8.467,96.547,5.453,270.428,0,5.465,5.469,NA,44
"5/23/2022 4:53:40 PM",1.508,30.194,52.212,83.15,74624.1,1034.638,34.631,0.039,0.039,0.044,8.469,96.675,5.459,358.787,0,5.471,5.475,NA,44
"5/23/2022 4:53:40 PM",1.618,30.195,52.215,83.157,74627.3,1034.64,34.633,0.055,0.055,0.029,8.472,96.526,5.452,542.301,0,5.464,5.467,NA,44
"5/23/2022 4:53:40 PM",1.755,30.196,52.219,83.163,74632.1,1034.643,34.635,0.031,0.031,0.015,8.471,96.427,5.446,535.504,0,5.458,5.461,NA,44
"5/23/2022 4:53:40 PM",1.892,30.197,52.217,83.163,74630.3,1034.642,34.634,0.039,0.039,0.029,8.486,96.523,5.451,521.061,0,5.463,5.466,NA,44
"5/23/2022 4:53:40 PM",2.111,30.197,52.241,83.197,74659.9,1034.661,34.652,0.086,0.086,0.073,8.489,96.646,5.457,436.186,0,5.469,5.472,NA,44
"5/23/2022 4:53:41 PM",2.249,30.197,52.244,83.199,74662.7,1034.663,34.654,0.07,0.07,0.058,8.489,96.742,5.463,335.933,0,5.475,5.478,NA,44
"5/23/2022 4:53:41 PM",2.392,30.198,52.243,83.199,74661.7,1034.663,34.653,0.047,0.047,0,8.488,96.546,5.451,254.201,0,5.463,5.466,NA,44
"5/23/2022 4:53:41 PM",2.525,30.197,52.247,83.204,74667.4,1034.667,34.656,0.062,0.062,0.073,8.487,96.55,5.451,201.696,0,5.463,5.467,NA,44
"5/23/2022 4:53:41 PM",2.666,30.196,52.251,83.208,74671.9,1034.671,34.659,0.086,0.086,0.131,8.485,96.605,5.454,176.802,0,5.466,5.469,NA,44
"5/23/2022 4:53:41 PM",2.881,30.198,52.256,83.218,74678.4,1034.675,34.663,0.047,0.047,0.058,8.486,96.57,5.452,199.402,0,5.464,5.468,NA,44
"5/23/2022 4:53:42 PM",3.02,30.197,52.26,83.222,74683,1034.679,34.666,0.07,0.07,0.044,8.487,96.703,5.459,166.437,0,5.471,5.475,NA,44
"5/23/2022 4:53:42 PM",3.154,30.197,52.261,83.224,74684.7,1034.68,34.667,0.062,0.062,0.087,8.489,96.496,5.448,175.443,0,5.459,5.463,NA,44
"5/23/2022 4:53:42 PM",3.355,30.198,52.263,83.228,74687.4,1034.683,34.668,0.047,0.047,0.044,8.49,96.618,5.454,218.433,0,5.466,5.47,NA,44
"5/23/2022 4:53:42 PM",3.496,30.197,52.266,83.23,74690.5,1034.685,34.67,0.031,0.031,0.015,8.49,96.501,5.448,239.418,0,5.46,5.463,NA,44
"5/23/2022 4:53:42 PM",3.643,30.196,52.268,83.233,74694.2,1034.688,34.673,0.055,0.055,0.015,8.491,96.524,5.449,257.854,0,5.461,5.464,NA,44
"5/23/2022 4:53:43 PM",3.784,30.196,52.272,83.237,74698.7,1034.692,34.676,0.062,0.062,0.044,8.493,96.583,5.452,216.818,0,5.464,5.467,NA,44
"5/23/2022 4:53:43 PM",3.93,30.196,52.275,83.243,74702.9,1034.695,34.678,0.07,0.07,0.073,8.495,96.543,5.45,185.298,0,5.462,5.465,NA,44
"5/23/2022 4:53:43 PM",4.145,30.196,52.282,83.252,74711.7,1034.701,34.683,0.07,0.07,0.073,8.496,96.808,5.465,152.504,0,5.477,5.481,NA,44
"5/23/2022 4:53:43 PM",4.287,30.196,52.288,83.26,74718.2,1034.706,34.687,0.047,0.047,0.044,8.496,96.569,5.451,144.687,0,5.463,5.466,NA,44
"5/23/2022 4:53:43 PM",4.433,30.197,52.29,83.264,74720.9,1034.708,34.689,0.039,0.039,0.029,8.497,96.564,5.451,147.661,0,5.462,5.466,NA,44
"5/23/2022 4:53:44 PM",4.579,30.198,52.289,83.264,74719.8,1034.707,34.688,0.039,0.039,0.073,8.495,96.593,5.452,159.555,0,5.464,5.467,NA,44
"5/23/2022 4:53:44 PM",4.723,30.19,52.283,83.244,74713.1,1034.706,34.686,0.055,0.055,0.058,8.493,96.6,5.453,148.765,0,5.465,5.468,NA,44
"5/23/2022 4:53:44 PM",4.928,30.179,52.286,83.233,74719,1034.713,34.692,0.047,0.047,0.029,8.494,96.557,5.45,212.825,0,5.462,5.466,NA,44
"5/23/2022 4:53:44 PM",5.05,30.174,52.287,83.225,74720.5,1034.716,34.695,0.047,0.047,0.044,8.498,96.671,5.457,246.045,0,5.469,5.473,NA,44
"5/23/2022 4:53:44 PM",5.14,30.175,52.284,83.223,74716.9,1034.714,34.692,0.062,0.062,0.044,8.509,96.541,5.45,253.436,0,5.462,5.465,NA,44
"5/23/2022 4:53:45 PM",5.22,30.176,52.276,83.214,74707.4,1034.708,34.686,0.062,0.062,0.058,8.512,96.508,5.448,227.863,0,5.46,5.464,NA,44
"5/23/2022 4:53:45 PM",5.322,30.179,52.292,83.24,74725.6,1034.719,34.696,0.062,0.062,0.029,8.513,96.456,5.445,242.901,0,5.457,5.46,NA,44
"5/23/2022 4:53:45 PM",5.471,30.191,52.29,83.255,74721.9,1034.714,34.691,0.055,0.055,0.073,8.516,96.769,5.463,211.381,0,5.474,5.478,NA,44
"5/23/2022 4:53:45 PM",5.55,30.195,52.287,83.259,74718.5,1034.711,34.687,0.07,0.07,0.058,8.518,96.688,5.458,177.482,0,5.47,5.473,NA,44
"5/23/2022 4:53:45 PM",5.652,30.197,52.29,83.264,74721.4,1034.713,34.689,0.062,0.062,0.029,8.521,96.716,5.46,161.424,0,5.471,5.475,NA,44
"5/23/2022 4:53:46 PM",5.784,30.196,52.288,83.261,74719,1034.712,34.687,0.047,0.047,0.044,8.521,96.702,5.459,137.89,0,5.47,5.474,NA,44
"5/23/2022 4:53:46 PM",5.937,30.193,52.292,83.262,74724.3,1034.717,34.691,0.055,0.055,0,8.521,96.598,5.452,111.128,0,5.464,5.467,NA,44
"5/23/2022 4:53:46 PM",6.034,30.194,52.29,83.261,74723,1034.716,34.69,0.055,0.055,0.015,8.522,96.558,5.451,122.428,0,5.462,5.466,NA,44
"5/23/2022 4:53:46 PM",6.161,30.193,52.291,83.261,74723.5,1034.717,34.691,0.047,0.047,0.015,8.523,96.666,5.456,132.368,0,5.468,5.472,NA,44
"5/23/2022 4:53:46 PM",6.308,30.192,52.291,83.259,74723.5,1034.718,34.691,0.055,0.055,0,8.524,96.701,5.458,166.267,0,5.47,5.474,NA,44
"5/23/2022 4:53:47 PM",6.456,30.189,52.294,83.259,74728.3,1034.722,34.695,0.039,0.039,0,8.523,96.706,5.459,180.795,0,5.47,5.474,NA,44
"5/23/2022 4:53:47 PM",6.69,30.191,52.291,83.257,74724,1034.72,34.692,0.031,0.031,0,8.524,96.706,5.458,172.809,0,5.47,5.474,NA,44
"5/23/2022 4:53:47 PM",6.836,30.188,52.294,83.258,74728.3,1034.724,34.695,0.039,0.039,0.029,8.524,96.737,5.46,171.45,0,5.472,5.475,NA,44
"5/23/2022 4:53:47 PM",6.938,30.189,52.3,83.267,74735.4,1034.728,34.699,0.062,0.062,0.073,8.522,96.631,5.454,166.352,0,5.466,5.469,NA,44
"5/23/2022 4:53:47 PM",7.002,30.194,52.296,83.269,74730.3,1034.724,34.695,0.07,0.07,0.058,8.52,96.517,5.448,150.549,0,5.459,5.463,NA,44
"5/23/2022 4:53:48 PM",7.107,30.192,52.295,83.265,74729.7,1034.725,34.695,0.047,0.047,0.029,8.518,96.656,5.455,132.538,0,5.467,5.471,NA,44
"5/23/2022 4:53:48 PM",7.211,30.193,52.3,83.275,74735.7,1034.729,34.698,0.039,0.039,0.044,8.518,96.531,5.448,122.428,0,5.46,5.464,NA,44
"5/23/2022 4:53:48 PM",7.305,30.197,52.298,83.278,74732.7,1034.726,34.695,0.047,0.047,0.058,8.52,96.574,5.451,113.847,0,5.462,5.466,NA,44
"5/23/2022 4:53:48 PM",7.357,30.199,52.299,83.28,74733.2,1034.726,34.695,0.047,0.047,0.029,8.519,96.757,5.462,111.808,0,5.473,5.477,NA,44
"5/23/2022 4:53:48 PM",7.414,30.199,52.299,83.28,74733.2,1034.726,34.695,0.055,0.055,0.029,8.519,96.738,5.46,112.997,0,5.472,5.475,NA,44
"5/23/2022 4:53:49 PM",7.567,30.197,52.301,83.281,74735.9,1034.729,34.697,0.055,0.055,0.044,8.52,96.718,5.459,103.991,0,5.47,5.474,NA,44
"5/23/2022 4:53:49 PM",7.692,30.196,52.298,83.276,74732.8,1034.728,34.695,0.062,0.062,0.015,8.522,96.656,5.455,101.527,0,5.467,5.471,NA,44
"5/23/2022 4:53:49 PM",7.804,30.18,52.295,83.248,74731.1,1034.732,34.699,0.055,0.055,0.044,8.523,96.495,5.446,116.226,0,5.458,5.462,NA,44
"5/23/2022 4:53:49 PM",7.924,30.172,52.292,83.232,74728.3,1034.733,34.699,0.055,0.055,0.029,8.524,96.657,5.455,109.259,0,5.467,5.471,NA,44
"5/23/2022 4:53:50 PM",8.148,30.165,52.298,83.23,74737.1,1034.741,34.707,0.047,0.047,0.044,8.524,96.51,5.447,113.252,0,5.459,5.463,NA,44
"5/23/2022 4:53:50 PM",8.268,30.166,52.302,83.236,74741.9,1034.745,34.709,0.055,0.055,0.015,8.524,96.563,5.451,117.755,0,5.462,5.466,NA,44
"5/23/2022 4:53:50 PM",8.36,30.167,52.308,83.246,74748.6,1034.748,34.713,0.062,0.062,0.058,8.525,96.648,5.455,120.559,0,5.466,5.47,NA,44
"5/23/2022 4:53:50 PM",8.462,30.167,52.315,83.256,74757.3,1034.754,34.718,0.047,0.047,0.029,8.526,96.62,5.454,126.676,0,5.466,5.469,NA,44
"5/23/2022 4:53:50 PM",8.646,30.169,52.317,83.261,74759.9,1034.756,34.719,0.031,0.031,0.015,8.529,96.461,5.445,141.969,0,5.457,5.46,NA,44
"5/23/2022 4:53:51 PM",8.796,30.166,52.319,83.26,74762.5,1034.759,34.722,0.039,0.039,0.044,8.529,96.621,5.454,143.498,0,5.465,5.469,NA,44
"5/23/2022 4:53:51 PM",8.952,30.165,52.321,83.261,74765.9,1034.762,34.724,0.031,0.031,0.029,8.53,96.625,5.454,141.204,0,5.466,5.469,NA,44
"5/23/2022 4:53:51 PM",9.108,30.168,52.32,83.264,74763.6,1034.76,34.722,0.039,0.039,0.029,8.531,96.785,5.463,126.591,0,5.475,5.479,NA,44
"5/23/2022 4:53:51 PM",9.266,30.169,52.317,83.262,74760.7,1034.759,34.72,0.047,0.047,0.015,8.53,96.623,5.454,124.892,0,5.466,5.469,NA,44
"5/23/2022 4:53:51 PM",9.495,30.165,52.327,83.27,74773.7,1034.769,34.729,0.047,0.047,0,8.527,96.687,5.457,126.081,0,5.468,5.472,NA,44
"5/23/2022 4:53:52 PM",9.65,30.166,52.324,83.266,74769.4,1034.767,34.726,0.055,0.055,0.029,8.524,96.707,5.459,123.362,0,5.47,5.474,NA,44
"5/23/2022 4:53:52 PM",9.804,30.16,52.314,83.244,74758.5,1034.762,34.721,0.062,0.062,0.058,8.524,96.618,5.454,122.513,0,5.465,5.469,NA,44
"5/23/2022 4:53:52 PM",9.955,30.16,52.332,83.269,74780.3,1034.776,34.734,0.062,0.062,0.029,8.522,96.735,5.46,125.231,0,5.472,5.475,NA,44
"5/23/2022 4:53:52 PM",10.099,30.15,52.308,83.223,74752.6,1034.763,34.72,0.062,0.062,0.029,8.522,96.602,5.453,117.16,0,5.465,5.469,NA,44
"5/23/2022 4:53:52 PM",10.295,30.127,52.323,83.207,74773.1,1034.783,34.739,0.07,0.07,0.058,8.523,96.601,5.453,117.585,0,5.465,5.468,NA,44
"5/23/2022 4:53:53 PM",10.42,30.129,52.323,83.21,74773.2,1034.783,34.738,0.055,0.055,0.058,8.523,96.603,5.454,127.525,0,5.465,5.469,NA,44
"5/23/2022 4:53:53 PM",10.544,30.125,52.312,83.189,74760.3,1034.777,34.732,0.062,0.062,0.058,8.52,96.748,5.463,123.532,0,5.475,5.478,NA,44
"5/23/2022 4:53:53 PM",10.658,30.111,52.315,83.172,74765.2,1034.784,34.739,0.055,0.055,0.044,8.52,96.537,5.451,119.029,0,5.463,5.466,NA,44
"5/23/2022 4:53:53 PM",10.775,30.102,52.329,83.178,74784.3,1034.799,34.753,0.062,0.062,0.058,8.52,96.615,5.456,124.892,0,5.467,5.471,NA,44
"5/23/2022 4:53:53 PM",10.768,30.104,52.327,83.179,74781.4,1034.796,34.75,0.047,0.047,0.058,8.519,96.72,5.462,136.361,0,5.473,5.477,NA,44
"5/23/2022 4:53:54 PM",10.672,30.104,52.337,83.192,74793.6,1034.803,34.758,0.062,0.062,0.044,8.522,96.572,5.453,147.916,0,5.465,5.469,NA,44
"5/23/2022 4:53:54 PM",10.556,30.103,52.356,83.217,74817.4,1034.818,34.773,0.07,0.07,0.044,8.524,96.571,5.452,149.53,0,5.464,5.468,NA,44
"5/23/2022 4:53:54 PM",10.4,30.107,52.355,83.222,74815.5,1034.815,34.771,0.062,0.062,0.029,8.526,96.572,5.453,146.726,0,5.465,5.469,NA,44
"5/23/2022 4:53:54 PM",10.16,30.118,52.356,83.239,74814.9,1034.81,34.767,0.062,0.062,0.044,8.528,96.644,5.457,140.779,0,5.469,5.473,NA,44
"5/23/2022 4:53:54 PM",10.011,30.129,52.359,83.26,74817.3,1034.808,34.766,0.047,0.047,0.044,8.529,96.715,5.461,135.681,0,5.473,5.476,NA,44
"5/23/2022 4:53:55 PM",9.898,30.137,52.336,83.24,74788.1,1034.788,34.745,0.055,0.055,0.029,8.525,96.76,5.464,128.63,0,5.475,5.479,NA,44
"5/23/2022 4:53:55 PM",9.806,30.133,52.332,83.23,74784.1,1034.786,34.744,0.047,0.047,0.029,8.525,96.671,5.458,127.44,0,5.47,5.474,NA,44
"5/23/2022 4:53:55 PM",9.714,30.134,52.331,83.23,74782.6,1034.784,34.743,0.055,0.055,0.015,8.526,96.668,5.458,124.637,0,5.47,5.473,NA,44
"5/23/2022 4:53:55 PM",9.553,30.139,52.331,83.236,74781.1,1034.781,34.741,0.07,0.07,0.029,8.526,96.54,5.45,126.166,0,5.462,5.466,NA,44
"5/23/2022 4:53:55 PM",9.415,30.141,52.339,83.251,74791.5,1034.786,34.746,0.055,0.055,0.029,8.528,96.533,5.45,126.421,0,5.462,5.465,NA,44
"5/23/2022 4:53:56 PM",9.271,30.144,52.34,83.257,74792.4,1034.786,34.746,0.055,0.055,0.029,8.529,96.568,5.452,124.042,0,5.464,5.467,NA,44
"5/23/2022 4:53:56 PM",9.112,30.149,52.342,83.266,74793.9,1034.784,34.746,0.055,0.055,0.044,8.528,96.714,5.46,123.192,0,5.472,5.475,NA,44
"5/23/2022 4:53:56 PM",8.85,30.156,52.342,83.276,74792.2,1034.78,34.743,0.047,0.047,0.029,8.53,96.667,5.457,135.766,0,5.469,5.473,NA,44
"5/23/2022 4:53:56 PM",8.695,30.161,52.335,83.273,74782.8,1034.773,34.736,0.039,0.039,0.044,8.53,96.657,5.456,148.51,0,5.468,5.472,NA,44
"5/23/2022 4:53:56 PM",8.56,30.164,52.333,83.277,74781,1034.77,34.734,0.047,0.047,0.029,8.528,96.568,5.451,171.875,0,5.463,5.467,NA,44
"5/23/2022 4:53:57 PM",8.428,30.165,52.33,83.274,74776.9,1034.767,34.731,0.047,0.047,0.029,8.527,96.563,5.451,168.901,0,5.463,5.466,NA,44
"5/23/2022 4:53:57 PM",8.228,30.164,52.33,83.271,74776,1034.766,34.731,0.031,0.031,0.058,8.527,96.658,5.455,164.058,0,5.467,5.471,NA,44
"5/23/2022 4:53:57 PM",8.11,30.165,52.331,83.275,74778.2,1034.766,34.732,0.062,0.062,0.058,8.528,96.547,5.45,167.202,0,5.461,5.465,NA,44
"5/23/2022 4:53:57 PM",8.013,30.166,52.33,83.275,74776.5,1034.765,34.731,0.055,0.055,0.058,8.529,96.451,5.444,163.973,0,5.455,5.459,NA,44
"5/23/2022 4:53:57 PM",7.924,30.168,52.328,83.275,74773.9,1034.762,34.729,0.055,0.055,0.073,8.53,96.485,5.445,175.103,0,5.457,5.461,NA,44
"5/23/2022 4:53:58 PM",7.864,30.168,52.327,83.273,74771.8,1034.761,34.727,0.047,0.047,0.044,8.53,96.645,5.455,171.959,0,5.467,5.47,NA,44
"5/23/2022 4:53:58 PM",7.794,30.169,52.326,83.274,74771,1034.76,34.726,0.047,0.047,0.029,8.534,96.574,5.45,161.424,0,5.462,5.466,NA,44
"5/23/2022 4:53:58 PM",7.751,30.171,52.331,83.283,74776.2,1034.762,34.729,0.055,0.055,0.058,8.535,96.676,5.456,164.993,0,5.468,5.472,NA,44
"5/23/2022 4:53:58 PM",7.699,30.173,52.328,83.282,74772.1,1034.759,34.726,0.062,0.062,0.073,8.536,96.685,5.457,157.091,0,5.468,5.472,NA,44
"5/23/2022 4:53:58 PM",7.647,30.173,52.327,83.281,74770.9,1034.758,34.725,0.07,0.07,0.044,8.536,96.737,5.46,154.967,0,5.472,5.475,NA,44
"5/23/2022 4:53:59 PM",7.594,30.174,52.324,83.279,74767.3,1034.755,34.723,0.07,0.07,0.044,8.536,96.681,5.457,138.91,0,5.468,5.472,NA,44
"5/23/2022 4:53:59 PM",7.562,30.174,52.326,83.281,74769.5,1034.756,34.724,0.055,0.055,0.058,8.538,96.618,5.453,122.258,0,5.465,5.468,NA,44
"5/23/2022 4:53:59 PM",7.47,30.176,52.325,83.281,74768,1034.754,34.723,0.062,0.062,0.029,8.538,96.58,5.451,112.742,0,5.462,5.466,NA,44
"5/23/2022 4:53:59 PM",7.331,30.176,52.321,83.277,74763.2,1034.751,34.72,0.047,0.047,0.044,8.538,96.631,5.453,109.344,0,5.465,5.469,NA,44
"5/23/2022 4:54:00 PM",7.181,30.177,52.323,83.28,74765.4,1034.751,34.721,0.055,0.055,0.029,8.538,96.513,5.447,125.911,0,5.458,5.462,NA,44
"5/23/2022 4:54:00 PM",6.98,30.18,52.319,83.28,74760.7,1034.747,34.717,0.031,0.031,0.029,8.538,96.519,5.447,149.53,0,5.459,5.462,NA,44
"5/23/2022 4:54:00 PM",6.878,30.182,52.322,83.287,74763.4,1034.747,34.718,0.039,0.039,0,8.538,96.529,5.448,161.679,0,5.459,5.463,NA,44
"5/23/2022 4:54:00 PM",6.789,30.184,52.318,83.284,74758.1,1034.743,34.715,0.039,0.039,0.015,8.537,96.684,5.456,176.292,0,5.468,5.472,NA,44
"5/23/2022 4:54:00 PM",6.657,30.185,52.319,83.288,74759.9,1034.744,34.715,0.055,0.055,0.029,8.536,96.654,5.454,195.324,0,5.466,5.469,NA,44
"5/23/2022 4:54:01 PM",6.497,30.188,52.318,83.29,74757.8,1034.741,34.713,0.055,0.055,0.044,8.534,96.688,5.456,193.539,0,5.468,5.471,NA,44
"5/23/2022 4:54:01 PM",6.239,30.192,52.312,83.288,74749.9,1034.734,34.707,0.031,0.031,0.044,8.534,96.681,5.455,192.435,0,5.467,5.471,NA,44
"5/23/2022 4:54:01 PM",6.11,30.193,52.309,83.285,74745.5,1034.73,34.704,0.039,0.039,0.015,8.535,96.726,5.459,178.247,0,5.47,5.474,NA,44
"5/23/2022 4:54:01 PM",5.982,30.195,52.306,83.284,74741.7,1034.727,34.702,0.039,0.039,0.044,8.534,96.721,5.458,180.965,0,5.47,5.474,NA,44
"5/23/2022 4:54:01 PM",5.855,30.195,52.302,83.278,74736.9,1034.723,34.699,0.039,0.039,0.015,8.535,96.774,5.461,179.181,0,5.473,5.476,NA,44
"5/23/2022 4:54:02 PM",5.655,30.196,52.296,83.271,74728.9,1034.718,34.694,0.047,0.047,0,8.536,96.76,5.46,179.096,0,5.472,5.476,NA,44
"5/23/2022 4:54:02 PM",5.572,30.196,52.291,83.266,74723.7,1034.714,34.69,0.047,0.047,0.044,8.537,96.564,5.449,192.945,0,5.46,5.464,NA,44
"5/23/2022 4:54:02 PM",5.529,30.195,52.291,83.263,74722.8,1034.714,34.69,0.062,0.062,0.058,8.537,96.512,5.446,188.697,0,5.458,5.462,NA,44
"5/23/2022 4:54:02 PM",5.482,30.195,52.288,83.259,74719.5,1034.711,34.688,0.055,0.055,0.044,8.538,96.557,5.449,175.273,0,5.46,5.464,NA,44
"5/23/2022 4:54:02 PM",5.419,30.196,52.283,83.254,74713.7,1034.707,34.684,0.055,0.055,0.029,8.538,96.63,5.453,151.654,0,5.464,5.468,NA,44
"5/23/2022 4:54:03 PM",5.298,30.197,52.276,83.246,74704.1,1034.701,34.678,0.047,0.047,0.015,8.538,96.717,5.458,136.871,0,5.47,5.474,NA,44
"5/23/2022 4:54:03 PM",5.228,30.197,52.275,83.244,74702.8,1034.699,34.677,0.039,0.039,0.015,8.539,96.648,5.454,168.646,0,5.466,5.47,NA,44
"5/23/2022 4:54:03 PM",5.147,30.198,52.273,83.243,74700.2,1034.697,34.675,0.062,0.062,0.058,8.54,96.581,5.45,153.693,0,5.462,5.466,NA,44
"5/23/2022 4:54:03 PM",5.034,30.198,52.269,83.238,74695.9,1034.694,34.673,0.039,0.039,0.029,8.539,96.652,5.455,150.125,0,5.466,5.47,NA,44
"5/23/2022 4:54:03 PM",4.909,30.197,52.259,83.221,74682.9,1034.686,34.665,0.039,0.039,0,8.539,96.632,5.453,154.118,0,5.465,5.469,NA,44
"5/23/2022 4:54:04 PM",4.758,30.189,52.258,83.208,74682.8,1034.688,34.668,0.047,0.047,0.015,8.539,96.629,5.453,155.987,0,5.465,5.469,NA,44
"5/23/2022 4:54:04 PM",4.678,30.187,52.252,83.198,74675.7,1034.683,34.664,0.047,0.047,0.015,8.539,96.555,5.45,185.808,0,5.461,5.465,NA,44
"5/23/2022 4:54:04 PM",4.581,30.186,52.251,83.195,74675,1034.683,34.664,0.062,0.062,0.044,8.54,96.666,5.456,218.688,0,5.468,5.472,NA,44
"5/23/2022 4:54:04 PM",4.454,30.184,52.249,83.189,74672.6,1034.682,34.663,0.047,0.047,0.044,8.54,96.674,5.457,215.204,0,5.469,5.472,NA,44
"5/23/2022 4:54:04 PM",4.246,30.185,52.246,83.186,74668.4,1034.678,34.66,0.055,0.055,0.044,8.54,96.444,5.444,202.545,0,5.456,5.459,NA,44
"5/23/2022 4:54:05 PM",4.13,30.187,52.246,83.189,74668.1,1034.677,34.659,0.07,0.07,0.044,8.542,96.574,5.452,172.894,0,5.463,5.467,NA,44
"5/23/2022 4:54:05 PM",4.017,30.189,52.243,83.187,74663.6,1034.673,34.656,0.047,0.047,0.029,8.544,96.647,5.456,158.876,0,5.467,5.471,NA,44
"5/23/2022 4:54:05 PM",3.902,30.189,52.239,83.182,74658.5,1034.669,34.653,0.062,0.062,0.044,8.544,96.543,5.449,169.241,0,5.461,5.464,NA,44
"5/23/2022 4:54:05 PM",3.786,30.188,52.238,83.179,74657.5,1034.669,34.652,0.047,0.047,0.015,8.545,96.48,5.446,209.682,0,5.458,5.461,NA,44
"5/23/2022 4:54:05 PM",3.626,30.19,52.237,83.181,74656.1,1034.666,34.651,0.133,0.133,0.029,8.546,96.558,5.45,214.27,0,5.462,5.466,NA,44
"5/23/2022 4:54:06 PM",3.571,30.191,52.232,83.176,74650,1034.662,34.647,0.086,0.086,0.029,8.547,96.784,5.463,211.466,0,5.475,5.479,NA,44
"5/23/2022 4:54:06 PM",3.532,30.191,52.234,83.177,74652.2,1034.664,34.649,0.078,0.078,0.044,8.55,96.607,5.453,173.744,0,5.465,5.469,NA,44
"5/23/2022 4:54:06 PM",3.479,30.192,52.234,83.179,74651.6,1034.663,34.648,0.047,0.047,0.044,8.55,96.616,5.454,178.162,0,5.466,5.469,NA,44
"5/23/2022 4:54:06 PM",3.367,30.193,52.231,83.177,74648.7,1034.66,34.646,0.055,0.055,0.029,8.554,96.571,5.451,203.82,0,5.463,5.467,NA,44
"5/23/2022 4:54:06 PM",3.295,30.193,52.232,83.177,74649,1034.66,34.646,0.047,0.047,0.015,8.555,96.575,5.451,218.603,0,5.463,5.467,NA,44
"5/23/2022 4:54:07 PM",3.242,30.193,52.232,83.178,74649.6,1034.66,34.646,0.047,0.047,0.015,8.556,96.524,5.449,235.085,0,5.46,5.464,NA,44
"5/23/2022 4:54:07 PM",3.168,30.193,52.231,83.177,74647.9,1034.659,34.645,0.062,0.062,0.015,8.558,96.622,5.454,268.559,0,5.466,5.47,NA,44
"5/23/2022 4:54:07 PM",3.02,30.193,52.228,83.173,74644.4,1034.656,34.643,0.047,0.047,0.058,8.558,96.588,5.452,283.257,0,5.464,5.467,NA,44
"5/23/2022 4:54:07 PM",2.92,30.194,52.227,83.172,74642.4,1034.654,34.642,0.039,0.039,0.029,8.556,96.609,5.453,278.245,0,5.465,5.469,NA,44
"5/23/2022 4:54:07 PM",2.84,30.194,52.225,83.17,74640.9,1034.653,34.641,0.047,0.047,0,8.556,96.608,5.453,269.749,0,5.465,5.468,NA,44
"5/23/2022 4:54:08 PM",2.782,30.193,52.222,83.165,74637.2,1034.651,34.639,0.047,0.047,0,8.556,96.564,5.451,261.338,0,5.463,5.467,NA,44
"5/23/2022 4:54:08 PM",2.723,30.193,52.223,83.166,74638,1034.651,34.639,0.062,0.062,0.058,8.555,96.507,5.448,262.017,0,5.459,5.463,NA,44
"5/23/2022 4:54:08 PM",2.598,30.195,52.219,83.163,74633.2,1034.647,34.636,0.055,0.055,0.073,8.554,96.593,5.453,289.374,0,5.464,5.468,NA,44
"5/23/2022 4:54:08 PM",2.503,30.195,52.218,83.162,74631.4,1034.645,34.635,0.047,0.047,0.044,8.554,96.519,5.448,287.166,0,5.46,5.464,NA,44
"5/23/2022 4:54:08 PM",2.406,30.196,52.215,83.159,74628.2,1034.643,34.633,0.062,0.062,0.015,8.554,96.69,5.458,247.659,0,5.47,5.474,NA,44
"5/23/2022 4:54:09 PM",2.317,30.194,52.214,83.155,74626.7,1034.642,34.632,0.062,0.062,0.087,8.555,96.578,5.452,183.344,0,5.463,5.467,NA,44
"5/23/2022 4:54:09 PM",2.208,30.194,52.213,83.152,74625.2,1034.641,34.632,0.047,0.047,0.015,8.557,96.508,5.447,163.973,0,5.459,5.462,NA,44
"5/23/2022 4:54:09 PM",2.135,30.195,52.211,83.152,74623.2,1034.639,34.63,0.031,0.031,0,8.556,96.61,5.454,231.007,0,5.466,5.469,NA,44
"5/23/2022 4:54:09 PM",2.05,30.196,52.211,83.152,74622,1034.638,34.629,0.047,0.047,0.029,8.557,96.694,5.458,275.101,0,5.47,5.473,NA,44
"5/23/2022 4:54:10 PM",1.991,30.197,52.21,83.153,74621.3,1034.637,34.628,0.031,0.031,0,8.557,96.583,5.452,296.851,0,5.464,5.468,NA,44
"5/23/2022 4:54:10 PM",1.951,30.198,52.207,83.15,74616.9,1034.634,34.625,0.031,0.031,0,8.558,96.464,5.445,302.798,0,5.457,5.46,NA,44
"5/23/2022 4:54:10 PM",1.888,30.198,52.205,83.148,74614.9,1034.632,34.624,0.047,0.047,0.058,8.561,96.628,5.455,280.454,0,5.466,5.47,NA,44
"5/23/2022 4:54:10 PM",1.824,30.199,52.205,83.148,74614.8,1034.632,34.624,0.062,0.062,0.029,8.561,96.551,5.45,282.238,0,5.462,5.465,NA,44
"5/23/2022 4:54:10 PM",1.744,30.198,52.202,83.145,74611.5,1034.629,34.622,0.039,0.039,0.029,8.561,96.633,5.455,307.726,0,5.467,5.47,NA,44
"5/23/2022 4:54:11 PM",1.685,30.198,52.201,83.142,74609.3,1034.628,34.621,0.047,0.047,0.044,8.562,96.656,5.456,317.836,0,5.468,5.472,NA,44
"5/23/2022 4:54:11 PM",1.649,30.198,52.2,83.14,74608.8,1034.628,34.621,0.039,0.039,0.058,8.56,96.695,5.458,293.198,0,5.47,5.474,NA,44
"5/23/2022 4:54:11 PM",1.576,30.197,52.197,83.134,74604.7,1034.625,34.618,0.047,0.047,0.087,8.558,96.741,5.461,244.855,0,5.473,5.477,NA,44
"5/23/2022 4:54:11 PM",1.506,30.198,52.194,83.131,74600.7,1034.622,34.616,0.07,0.07,0.058,8.558,96.667,5.457,227.269,0,5.469,5.472,NA,44
"5/23/2022 4:54:11 PM",1.432,30.197,52.191,83.127,74597.9,1034.62,34.614,0.055,0.055,0.044,8.559,96.568,5.451,215.119,0,5.463,5.467,NA,44
"5/23/2022 4:54:12 PM",1.387,30.197,52.19,83.125,74595.7,1034.619,34.613,0.055,0.055,0.015,8.559,96.537,5.45,210.277,0,5.462,5.465,NA,44
"5/23/2022 4:54:12 PM",1.329,30.197,52.187,83.121,74592.2,1034.616,34.611,0.047,0.047,0.058,8.558,96.559,5.451,207.303,0,5.463,5.466,NA,44
"5/23/2022 4:54:12 PM",1.206,30.197,52.185,83.118,74590.4,1034.615,34.61,0.047,0.047,0.044,8.557,96.658,5.457,238.483,0,5.469,5.472,NA,44
"5/23/2022 4:54:12 PM",1.114,30.196,52.183,83.115,74587.8,1034.613,34.608,0.031,0.031,0.058,8.557,96.666,5.458,260.488,0,5.469,5.473,NA,44
"5/23/2022 4:54:12 PM",0.999,30.197,52.179,83.11,74582.9,1034.609,34.605,0.031,0.031,0.015,8.557,96.556,5.451,291.074,0,5.463,5.466,NA,44
"5/23/2022 4:54:13 PM",0.888,30.196,52.177,83.105,74580,1034.607,34.604,0.016,0.016,0,8.559,96.697,5.459,332.024,0,5.471,5.474,NA,44
"5/23/2022 4:54:13 PM",0.763,30.196,52.172,83.098,74573.1,1034.603,34.599,0.039,0.039,0,8.561,96.45,5.445,379.772,0,5.457,5.461,NA,44
"5/23/2022 4:54:13 PM",0.711,30.197,52.165,83.09,74565.2,1034.597,34.594,0.008,0.008,0.029,8.56,96.543,5.45,384.53,0,5.462,5.466,NA,44
"5/23/2022 4:54:13 PM",0.673,30.196,52.162,83.085,74561.5,1034.595,34.592,0.031,0.031,0.015,8.561,96.582,5.453,401.012,0,5.465,5.468,NA,44
"5/23/2022 4:54:13 PM",0.628,30.197,52.162,83.086,74561.7,1034.595,34.592,0.055,0.055,0.029,8.562,96.574,5.453,353.35,0,5.464,5.468,NA,44
"5/23/2022 4:54:14 PM",0.602,30.197,52.16,83.083,74558,1034.592,34.59,0.101,0.101,0.131,8.562,96.51,5.449,322.254,0,5.461,5.465,NA,44
"5/23/2022 4:54:14 PM",0.571,30.198,52.157,83.08,74554.8,1034.59,34.588,0.07,0.07,0.335,8.563,96.492,5.448,311.549,0,5.46,5.463,NA,44
"5/23/2022 4:54:14 PM",0.543,30.198,52.156,83.079,74553.2,1034.589,34.587,0.07,0.07,0.16,8.56,96.654,5.457,238.228,0,5.469,5.472,NA,44
"5/23/2022 4:54:14 PM",0.484,30.198,52.152,83.074,74548.5,1034.586,34.584,0.07,0.07,0.073,8.56,96.764,5.463,234.49,0,5.475,5.479,NA,44
"5/23/2022 4:54:14 PM",0.409,30.198,52.151,83.073,74547.5,1034.585,34.583,0.039,0.039,0.015,8.56,96.631,5.456,254.626,0,5.468,5.471,NA,44
"5/23/2022 4:54:15 PM",0.269,30.198,52.147,83.068,74542.6,1034.581,34.58,0.023,0.023,0.015,8.562,96.75,5.463,276.63,0,5.474,5.478,NA,44
"5/23/2022 4:54:15 PM",0.199,30.198,52.142,83.059,74535.8,1034.577,34.576,0,0,0,8.563,96.499,5.449,262.272,0,5.46,5.464,NA,44
"5/23/2022 4:54:15 PM",0.126,30.197,52.132,83.045,74523.7,1034.569,34.569,0.047,0.047,0,8.564,96.623,5.456,332.024,0,5.468,5.472,NA,44
"5/23/2022 4:54:15 PM",0.072,30.197,52.126,83.037,74516.5,1034.565,34.565,0.031,0.031,0.015,8.565,96.571,5.453,577.644,0,5.465,5.469,NA,44
"5/23/2022 4:54:15 PM",0.022,30.197,52.125,83.034,74514.6,1034.564,34.564,0,0,0,8.568,96.689,5.46,511.885,0,5.472,5.475,NA,44
"5/23/2022 4:54:16 PM",0,30.198,52.121,83.03,74509.6,1034.56,34.56,0,0,0,8.566,96.735,5.462,517.323,0,5.474,5.478,NA,44
"5/23/2022 4:54:16 PM",0,30.198,52.117,83.025,74504.7,1034.557,34.557,0.016,0.016,0.087,8.567,96.63,5.457,520.381,0,5.469,5.472,NA,44
"5/23/2022 4:54:16 PM",0,30.199,52.096,82.997,74479.1,1034.541,34.541,0.031,0.031,0,8.566,96.62,5.457,524.289,0,5.469,5.472,NA,44
"5/23/2022 4:54:16 PM",0,30.198,52.088,82.986,74469.3,1034.535,34.535,0.109,0.109,0.131,8.567,96.698,5.461,417.749,0,5.473,5.477,NA,44
"5/23/2022 4:54:16 PM",0,30.199,52.085,82.983,74465.4,1034.532,34.533,0.039,0.039,0.087,8.568,96.679,5.46,376.629,0,5.472,5.476,NA,44
"5/23/2022 4:54:17 PM",0,30.199,52.084,82.982,74464.4,1034.532,34.532,0.055,0.055,0.146,8.563,96.587,5.455,889.703,0,5.467,5.47,NA,44
"5/23/2022 4:54:17 PM",0,30.203,52.086,82.989,74465.5,1034.531,34.532,0,0,0,8.559,96.541,5.452,1252.993,0,5.464,5.468,NA,44
"5/23/2022 4:54:17 PM",0,30.214,52.083,83.004,74461.5,1034.525,34.526,0.047,0.047,0,8.559,96.634,5.457,1635.909,0,5.469,5.473,NA,44
"5/23/2022 4:54:17 PM",0,30.256,52.137,83.139,74522.3,1034.55,34.551,1.357,1.357,3.12,8.562,96.797,5.464,1774.479,0,5.476,5.48,NA,44
"5/23/2022 4:54:17 PM",0,30.323,52.13,83.23,74505.5,1034.521,34.522,1.201,1.201,2.521,8.563,96.98,5.472,1715.432,0,5.484,5.488,NA,44
"5/23/2022 4:54:18 PM",0,30.341,51.936,82.989,74263.8,1034.367,34.368,0.016,0.016,0.175,8.563,96.94,5.475,1746.272,0,5.487,5.491,NA,44
"5/23/2022 4:54:18 PM",0,30.319,51.954,82.982,74288.7,1034.389,34.39,0.094,0.094,0.204,8.564,96.761,5.463,1711.863,0,5.475,5.478,NA,44
"5/23/2022 4:54:18 PM",0,30.244,52.031,82.976,74393.1,1034.474,34.475,0.577,0.577,0.874,8.565,96.56,5.45,1668.109,0,5.461,5.465,NA,44
"5/23/2022 4:54:18 PM",0,30.207,52.074,82.979,74450.8,1034.521,34.522,0.257,0.257,0.51,8.563,96.599,5.453,1520.703,0,5.465,5.468,NA,44
"5/23/2022 4:54:18 PM",0,30.201,52.079,82.978,74457.6,1034.526,34.527,0.148,0.148,0.262,8.564,96.582,5.452,1347.894,0,5.463,5.467,NA,44
"5/23/2022 4:54:19 PM",0,30.201,52.079,82.977,74458.2,1034.527,34.528,0,0,0,8.565,96.511,5.449,1309.152,0,5.46,5.464,NA,44
"5/23/2022 4:54:19 PM",0,30.199,52.08,82.976,74459.2,1034.528,34.529,0,0,0,8.565,96.544,5.451,1343.646,0,5.463,5.467,NA,44
"5/23/2022 4:54:19 PM",0,30.199,52.08,82.976,74458.5,1034.527,34.528,0.047,0.047,0.073,8.566,96.672,5.458,1291.055,0,5.47,5.474,NA,44
"5/23/2022 4:54:19 PM",0,30.2,18.002,32.225,28917,1008.973,8.974,5.063,5.063,0,8.569,96.575,6.575,1181.797,0,6.594,6.594,NA,44
"5/23/2022 4:54:19 PM",0,30.2,2.748,5.668,5086.3,997.64,0,0.663,0.663,0,8.57,96.455,7.14,1069.054,0,7.161,7.161,NA,44
"5/23/2022 4:54:20 PM",0,30.202,1.323,2.845,2552.7,996.577,0,0,0,0,8.568,96.252,7.181,941.444,0,7.202,7.202,NA,44
"5/23/2022 4:54:20 PM",0,30.202,1.041,2.264,2031.7,996.366,0,0,0,76.598,8.563,96.246,7.192,895.226,0,7.213,7.213,NA,44
"5/23/2022 4:54:20 PM",0,30.212,0.846,1.859,1668.2,996.217,0,506.05,506.05,1177.135,8.556,96.747,7.237,640.345,0,7.258,7.258,NA,44
"5/23/2022 4:54:20 PM",0,30.196,0.754,1.665,1493.9,996.153,0,506.034,506.034,401.386,8.555,96.652,7.234,634.568,0,7.255,7.255,NA,44
"5/23/2022 4:54:21 PM",0,30.185,0.687,1.523,1366.7,996.106,0,492.914,492.914,246.129,8.554,96.617,7.234,500.246,0,7.255,7.255,NA,44
"5/23/2022 4:54:21 PM",0,30.098,0.628,1.394,1253.2,996.088,0,169.097,169.097,47.224,8.551,96.624,7.237,518.937,0,7.258,7.258,NA,44
"5/23/2022 4:54:21 PM",0,30.034,0.566,1.26,1134.7,996.062,0,12.193,12.193,0,8.548,96.508,7.231,385.719,0,7.252,7.252,NA,44
"5/23/2022 4:54:21 PM",0,30.055,0.539,1.204,1083.1,996.035,0,0,0,0,8.545,96.406,7.225,466.517,0,7.245,7.246,NA,44
"5/23/2022 4:54:21 PM",0,30.144,0.522,1.167,1048.8,995.995,0,2.395,2.395,0,8.543,96.498,7.233,390.052,0,7.254,7.254,NA,44
"5/23/2022 4:54:22 PM",0,30.165,0.498,1.117,1002.7,995.971,0,11.654,11.654,0,8.538,96.393,7.226,526.583,0,7.247,7.247,NA,44
"5/23/2022 4:54:22 PM",0,29.937,0.499,1.114,1005,996.041,0,105.49,105.49,0,8.535,96.322,7.22,508.487,0,7.241,7.241,NA,44
"5/23/2022 4:54:22 PM",0,29.571,0.459,1.022,928.4,996.121,0,28.426,28.426,12.042,8.529,96.177,7.211,671.271,0,7.232,7.232,NA,44
"5/23/2022 4:54:22 PM",0,29.332,0.45,0.996,909.4,996.185,0,83.445,83.445,39.329,8.527,96.069,7.204,714.43,0,7.225,7.225,NA,44
"5/23/2022 4:54:22 PM",0,29.128,0.434,0.959,878.7,996.234,0,26.647,26.647,0.874,8.522,95.87,7.19,913.917,0,7.211,7.211,NA,44
"5/23/2022 4:54:23 PM",0,28.918,0.439,0.965,888.7,996.299,0,3.854,3.854,3.879,8.519,95.733,7.181,858.013,0,7.202,7.202,NA,44
"5/23/2022 4:54:23 PM",0,28.408,0.42,0.916,852.3,996.433,0,23.901,23.901,0,8.514,95.634,7.177,930.569,0,7.198,7.198,NA,44
"5/23/2022 4:54:23 PM",0,28.074,0.408,0.885,828.7,996.52,0,6.576,6.576,0,8.511,95.514,7.171,806.102,0,7.192,7.192,NA,44
"5/23/2022 4:54:23 PM",0,27.879,0.401,0.867,815.2,996.57,0,8.737,8.737,0,8.509,95.288,7.156,777.981,0,7.177,7.177,NA,44
"5/23/2022 4:54:23 PM",0,27.816,0.393,0.85,800,996.582,0,8.269,8.269,0,8.508,95.297,7.16,521.571,0,7.18,7.18,NA,44
"5/23/2022 4:54:24 PM",0,27.898,0.38,0.823,773.6,996.549,0,93.391,93.391,8.342,8.507,95.252,7.16,505.428,0,7.18,7.18,NA,44
"5/23/2022 4:54:24 PM",0,28.356,0.37,0.809,753.7,996.41,0,23.792,23.792,0,8.506,95.147,7.156,353.774,0,7.176,7.176,NA,44
"5/23/2022 4:54:24 PM",0,28.456,0.36,0.789,733.3,996.374,0,40.072,40.072,0,8.503,95.231,7.165,342.984,0,7.186,7.186,NA,44
"5/23/2022 4:54:24 PM",0,28.462,0.357,0.782,726.9,996.37,0,8.971,8.971,0,8.498,95.07,7.155,401.097,0,7.175,7.175,NA,44
"5/23/2022 4:54:24 PM",0,28.447,0.352,0.773,718.4,996.371,0,5.523,5.523,0,8.495,94.863,7.141,438.904,0,7.162,7.162,NA,44
"5/23/2022 4:54:25 PM",0,28.394,0.348,0.763,710.4,996.383,0,34.315,34.315,34.561,8.491,94.391,7.108,675.689,0,7.128,7.128,NA,44
"5/23/2022 4:54:25 PM",0,28.336,0.331,0.725,675.8,996.387,0,0,0,0,8.49,94.192,7.095,747.48,0,7.115,7.115,NA,44
"5/23/2022 4:54:25 PM",0,28.287,0.326,0.714,665.4,996.397,0,2.387,2.387,1.617,8.486,93.975,7.079,671.186,0,7.1,7.1,NA,44
"5/23/2022 4:54:25 PM",0,28.264,0.322,0.706,658.7,996.401,0,2.254,2.254,5.56,8.481,94.008,7.083,451.903,0,7.104,7.104,NA,44
"5/23/2022 4:54:25 PM",0,28.28,0.32,0.701,654,996.395,0,22.154,22.154,0,8.479,93.996,7.085,146.471,0,7.106,7.106,NA,44
"5/23/2022 4:54:26 PM",0,28.322,0.315,0.692,644.8,996.379,0,4.914,4.914,0,8.478,94.209,7.103,129.734,0,7.123,7.124,NA,44
"5/23/2022 4:54:26 PM",0,28.382,0.316,0.695,647.3,996.363,0,8.175,8.175,0,8.477,94.23,7.105,135.257,0,7.125,7.125,NA,44
"5/23/2022 4:54:26 PM",0,28.444,0.323,0.711,661,996.35,0,15.048,15.048,7.023,8.477,94.209,7.104,131.009,0,7.124,7.125,NA,44
"5/23/2022 4:54:26 PM",0,28.42,0.309,0.681,633,996.347,0,50.674,50.674,1.53,8.479,94.017,7.09,124.127,0,7.111,7.111,NA,44
"5/23/2022 4:54:26 PM",0,28.234,0.297,0.651,607.8,996.39,0,60.035,60.035,0,8.478,93.821,7.077,82.072,0,7.098,7.098,NA,44
"5/23/2022 4:54:27 PM",0,28.14,0.298,0.654,611.3,996.419,0,21.577,21.577,2.492,8.477,93.708,7.069,83.941,0,7.089,7.089,NA,44
"5/23/2022 4:54:27 PM",0,28.029,0.3,0.655,614.3,996.452,0,43.864,43.864,48.327,8.476,93.651,7.065,91.417,0,7.086,7.086,NA,44
"5/23/2022 4:54:27 PM",0,27.934,0.286,0.625,587.4,996.468,0,16.662,16.662,24.112,8.475,93.515,7.058,108.409,0,7.079,7.079,NA,44
"5/23/2022 4:54:27 PM",0,27.834,0.282,0.614,578.2,996.493,0,5.39,5.39,13.307,8.471,93.839,7.086,161.594,0,7.106,7.106,NA,44
"5/23/2022 4:54:27 PM",0,27.829,0.306,0.666,627,996.513,0,6.514,6.514,16.49,8.465,93.911,7.094,604.917,0,7.114,7.114,NA,44
"5/23/2022 4:54:28 PM",0,28.283,42.153,66.616,62128.4,1027.689,27.69,5.148,5.148,9.779,8.464,94.407,5.666,201.356,0,5.68,5.682,NA,44
"5/23/2022 4:54:28 PM",0,29.222,52.762,82.432,75426.5,1035.396,35.397,3.23,3.23,7.829,8.465,94.527,5.352,127.355,0,5.363,5.367,NA,44
"5/23/2022 4:54:28 PM",0,29.534,52.488,82.532,75046.5,1035.077,35.078,2.465,2.465,7.653,8.472,94.734,5.371,114.017,0,5.383,5.387,NA,44
"5/23/2022 4:54:28 PM",0,29.609,52.413,82.544,74944.6,1034.993,34.994,1.864,1.864,8.518,8.477,94.737,5.374,108.409,0,5.386,5.389,NA,44
"5/23/2022 4:54:28 PM",0,29.642,52.379,82.547,74897.4,1034.955,34.956,1.88,1.88,8.826,8.484,94.791,5.378,102.207,0,5.389,5.393,NA,44
"5/23/2022 4:54:29 PM",0,29.645,52.378,82.55,74895.7,1034.953,34.954,1.849,1.849,8.577,8.488,94.71,5.372,141.459,0,5.384,5.387,NA,44
"5/23/2022 4:54:29 PM",0,29.647,52.378,82.552,74896.3,1034.953,34.954,1.786,1.786,8.884,8.492,94.743,5.374,154.628,0,5.386,5.39,NA,44
