"Date","Depth..m.","Temp...degC.","Sal.","Cond...mS.cm.","EC25..µS.cm.","Density..kg.m3.","SigmaT","Chl.Flu...ppb.","Chl.a..µg.l.","Turb...FTU.","pH","DO....","Weiss.DO..mg.l.","Quant...µmol..m2.s..","Mark","G.G.DO..mg.l.","B.K.DO..mg.l.","X","Station"
"5/23/2022 1:32:21 PM",0.001,30.253,51.024,81.597,73144.1,1033.709,33.709,0,0,0,9.038,97.026,5.487,1403.458,0,5.498,5.502,NA,41
"5/23/2022 1:32:21 PM",0,30.25,51.029,81.6,73150.6,1033.714,33.714,0.187,0.187,0.335,9.039,97.042,5.487,1420.025,0,5.499,5.503,NA,41
"5/23/2022 1:32:21 PM",0,30.249,50.954,81.495,73058.6,1033.658,33.658,0.133,0.133,0.233,9.041,96.976,5.486,1456.133,0,5.498,5.501,NA,41
"5/23/2022 1:32:21 PM",0.015,30.249,51.02,81.586,73140.7,1033.708,33.708,0.047,0.047,0,9.04,96.941,5.482,1483.66,0,5.494,5.497,NA,41
"5/23/2022 1:32:22 PM",0.133,30.249,51.028,81.596,73149.7,1033.714,33.714,0.14,0.14,0.291,9.04,96.986,5.484,1330.987,0,5.496,5.5,NA,41
"5/23/2022 1:32:22 PM",0.203,30.25,51.025,81.595,73146.4,1033.712,33.711,0.164,0.164,0.32,9.041,96.918,5.481,910.688,0,5.493,5.496,NA,41
"5/23/2022 1:32:22 PM",0.266,30.249,51.028,81.598,73149.7,1033.715,33.713,0,0,0,9.04,96.899,5.48,1398.36,0,5.492,5.495,NA,41
"5/23/2022 1:32:22 PM",0.318,30.246,51.023,81.587,73144.9,1033.713,33.711,0,0,0,9.037,96.877,5.479,1681.278,0,5.491,5.494,NA,41
"5/23/2022 1:32:22 PM",0.363,30.24,51.029,81.585,73152,1033.719,33.718,0.133,0.133,0.335,9.035,96.991,5.486,1234.557,0,5.498,5.501,NA,41
"5/23/2022 1:32:23 PM",0.389,30.236,51.038,81.593,73164.6,1033.728,33.726,0.023,0.023,0.015,9.039,97.018,5.488,1470.236,0,5.499,5.503,NA,41
"5/23/2022 1:32:23 PM",0.384,30.236,51.041,81.597,73168.1,1033.73,33.728,0.047,0.047,0,9.04,96.979,5.486,1269.306,0,5.497,5.501,NA,41
"5/23/2022 1:32:23 PM",0.365,30.239,51.034,81.591,73158.5,1033.723,33.722,0,0,0,9.039,97.02,5.489,1134.219,0,5.5,5.504,NA,41
"5/23/2022 1:32:23 PM",0.351,30.239,51.038,81.596,73163.8,1033.727,33.725,0.187,0.187,0.306,9.039,97.03,5.489,1268.711,0,5.501,5.504,NA,41
"5/23/2022 1:32:23 PM",0.347,30.237,51.045,81.603,73173,1033.733,33.731,0,0,0,9.041,96.911,5.482,1223.087,0,5.494,5.497,NA,41
"5/23/2022 1:32:24 PM",0.37,30.237,51.047,81.606,73175.1,1033.734,33.733,0.109,0.109,0.131,9.04,96.899,5.481,1764.793,0,5.493,5.497,NA,41
"5/23/2022 1:32:24 PM",0.399,30.235,51.052,81.61,73181.1,1033.738,33.737,0.078,0.078,0.073,9.037,96.954,5.485,1487.483,0,5.496,5.5,NA,41
"5/23/2022 1:32:24 PM",0.418,30.236,51.052,81.611,73181.5,1033.739,33.737,0.008,0.008,0,9.035,97.028,5.488,1443.474,0,5.5,5.504,NA,41
"5/23/2022 1:32:24 PM",0.413,30.238,51.049,81.61,73177.7,1033.736,33.734,0.086,0.086,0.087,9.036,97.032,5.489,1129.546,0,5.501,5.504,NA,41
"5/23/2022 1:32:24 PM",0.424,30.237,51.054,81.616,73184.2,1033.74,33.738,0.133,0.133,0.204,9.036,96.885,5.481,1717.301,0,5.492,5.496,NA,41
"5/23/2022 1:32:25 PM",0.467,30.234,51.059,81.618,73190.2,1033.745,33.743,0.031,0.031,0,9.035,97.008,5.487,1515.605,0,5.499,5.503,NA,41
"5/23/2022 1:32:25 PM",0.453,30.233,51.066,81.626,73199.1,1033.75,33.748,0.094,0.094,0.146,9.037,97.111,5.493,1587.821,0,5.505,5.509,NA,41
"5/23/2022 1:32:25 PM",0.432,30.233,51.076,81.641,73212.1,1033.758,33.756,0.047,0.047,0.015,9.037,97.078,5.491,1250.784,0,5.503,5.507,NA,41
"5/23/2022 1:32:25 PM",0.42,30.239,51.08,81.656,73216.4,1033.759,33.757,0.109,0.109,0.102,9.036,97.108,5.493,1376.101,0,5.505,5.508,NA,41
"5/23/2022 1:32:25 PM",0.441,30.243,51.066,81.641,73198.3,1033.747,33.745,0.07,0.07,0.058,9.035,97.036,5.489,1173.64,0,5.501,5.505,NA,41
"5/23/2022 1:32:26 PM",0.53,30.246,51.063,81.641,73194,1033.744,33.741,0.14,0.14,0.175,9.035,97.047,5.49,1052.062,0,5.502,5.505,NA,41
"5/23/2022 1:32:26 PM",0.627,30.235,51.061,81.623,73193.3,1033.747,33.744,0.086,0.086,0.116,9.034,96.986,5.487,1583.998,0,5.499,5.502,NA,41
"5/23/2022 1:32:26 PM",0.728,30.228,51.057,81.607,73189.5,1033.747,33.744,0.156,0.156,0.306,9.031,96.971,5.486,1186.979,0,5.497,5.501,NA,41
"5/23/2022 1:32:26 PM",0.914,30.216,51.083,81.624,73222.7,1033.771,33.768,0.109,0.109,0.044,9.03,97.057,5.491,812.729,0,5.503,5.506,NA,41
"5/23/2022 1:32:26 PM",1.075,30.214,51.09,81.633,73231.6,1033.778,33.773,0.101,0.101,0.029,9.026,97.01,5.489,661.925,0,5.5,5.504,NA,41
"5/23/2022 1:32:27 PM",1.235,30.214,51.091,81.633,73232.9,1033.779,33.774,0.148,0.148,0.233,9.026,97.14,5.496,928.19,0,5.508,5.512,NA,41
"5/23/2022 1:32:27 PM",1.4,30.216,51.114,81.668,73261.3,1033.797,33.791,0.109,0.109,0.16,9.028,97.187,5.498,931.589,0,5.51,5.514,NA,41
"5/23/2022 1:32:27 PM",1.709,30.216,51.123,81.682,73272.6,1033.805,33.798,0,0,0,9.031,97.367,5.508,657.422,0,5.52,5.524,NA,41
"5/23/2022 1:32:27 PM",1.803,30.22,51.137,81.706,73289,1033.814,33.806,0.25,0.25,0.524,9.033,97.282,5.503,946.287,0,5.515,5.519,NA,41
"5/23/2022 1:32:27 PM",1.791,30.224,51.139,81.715,73292.1,1033.815,33.807,0.148,0.148,0.306,9.031,97.419,5.511,807.037,0,5.523,5.527,NA,41
"5/23/2022 1:32:28 PM",1.678,30.224,51.137,81.712,73289.2,1033.813,33.805,0,0,0,9.032,97.44,5.513,911.368,0,5.525,5.528,NA,41
"5/23/2022 1:32:28 PM",1.53,30.223,51.142,81.717,73295.4,1033.816,33.81,0.055,0.055,0.044,9.029,97.306,5.505,745.526,0,5.517,5.52,NA,41
"5/23/2022 1:32:28 PM",1.325,30.224,51.141,81.717,73294.3,1033.814,33.809,0,0,0,9.03,97.316,5.506,1014.085,0,5.517,5.521,NA,41
"5/23/2022 1:32:28 PM",1.195,30.225,51.14,81.718,73292.8,1033.813,33.808,0.07,0.07,0.102,9.031,97.275,5.504,1071.518,0,5.515,5.519,NA,41
"5/23/2022 1:32:28 PM",1.06,30.225,51.142,81.719,73294.6,1033.813,33.809,0.094,0.094,0.116,9.031,97.1,5.494,887.324,0,5.506,5.509,NA,41
"5/23/2022 1:32:29 PM",0.948,30.225,51.141,81.719,73294.2,1033.813,33.809,0.195,0.195,0.553,9.029,97.092,5.493,661.5,0,5.505,5.509,NA,41
"5/23/2022 1:32:29 PM",0.856,30.224,51.142,81.719,73294.6,1033.813,33.809,0.203,0.203,0.262,9.028,97.193,5.499,1041.952,0,5.511,5.515,NA,41
"5/23/2022 1:32:29 PM",0.799,30.224,51.142,81.718,73294.4,1033.812,33.809,0.047,0.047,0,9.025,97.242,5.502,954.273,0,5.514,5.517,NA,41
"5/23/2022 1:32:29 PM",0.815,30.222,51.141,81.714,73294.4,1033.813,33.81,0.055,0.055,0.015,9.023,97.18,5.498,1014.765,0,5.51,5.514,NA,41
"5/23/2022 1:32:29 PM",0.829,30.221,51.141,81.713,73294.3,1033.813,33.81,0.031,0.031,0,9.021,97.065,5.491,1338.293,0,5.503,5.507,NA,41
"5/23/2022 1:32:30 PM",0.86,30.222,51.143,81.717,73296.8,1033.815,33.811,0.008,0.008,0,9.021,97.159,5.497,1548.655,0,5.509,5.512,NA,41
"5/23/2022 1:32:30 PM",0.938,30.228,51.139,81.721,73291.1,1033.81,33.806,0.008,0.008,0,9.023,97.139,5.496,1000.152,0,5.508,5.511,NA,41
"5/23/2022 1:32:30 PM",1.004,30.219,51.132,81.696,73282.8,1033.808,33.803,0.203,0.203,0.335,9.023,97.139,5.496,1071.348,0,5.508,5.511,NA,41
"5/23/2022 1:32:30 PM",1.075,30.211,51.139,81.696,73293.3,1033.817,33.812,0.086,0.086,0.131,9.022,97.191,5.499,994.374,0,5.511,5.514,NA,41
"5/23/2022 1:32:30 PM",1.138,30.211,51.141,81.698,73295.2,1033.818,33.813,0.109,0.109,0.204,9.022,97.044,5.491,1049.683,0,5.503,5.506,NA,41
"5/23/2022 1:32:31 PM",1.199,30.218,51.143,81.711,73297.3,1033.818,33.812,0.094,0.094,0.16,9.022,97.171,5.498,1481.536,0,5.51,5.513,NA,41
"5/23/2022 1:32:31 PM",1.247,30.223,51.144,81.72,73297.9,1033.817,33.811,0.164,0.164,0.335,9.019,97.139,5.496,1505.41,0,5.508,5.511,NA,41
"5/23/2022 1:32:31 PM",1.256,30.221,51.147,81.721,73301.5,1033.819,33.814,0.094,0.094,0.146,9.017,97.145,5.496,1156.308,0,5.508,5.511,NA,41
"5/23/2022 1:32:31 PM",1.256,30.221,51.147,81.722,73302.2,1033.82,33.814,0.109,0.109,0.146,9.015,97.16,5.497,645.103,0,5.509,5.512,NA,41
"5/23/2022 1:32:32 PM",1.251,30.221,51.144,81.718,73298.3,1033.817,33.812,0.172,0.172,0.087,9.013,97.241,5.502,497.697,0,5.513,5.517,NA,41
"5/23/2022 1:32:32 PM",1.211,30.221,51.147,81.722,73302.1,1033.819,33.814,0.101,0.101,0.015,9.012,97.197,5.499,599.904,0,5.511,5.514,NA,41
"5/23/2022 1:32:32 PM",1.169,30.22,51.149,81.723,73304.6,1033.821,33.816,0.078,0.078,0.058,9.01,97.122,5.495,475.182,0,5.507,5.51,NA,41
"5/23/2022 1:32:32 PM",1.108,30.221,51.15,81.726,73305.6,1033.821,33.817,0.078,0.078,0.058,9.009,97.126,5.495,458.615,0,5.507,5.51,NA,41
"5/23/2022 1:32:32 PM",1.035,30.223,51.149,81.726,73304.1,1033.82,33.815,0.039,0.039,0,9.007,97.104,5.494,377.393,0,5.506,5.509,NA,41
"5/23/2022 1:32:33 PM",0.974,30.222,51.15,81.727,73304.7,1033.82,33.816,0.07,0.07,0.058,9.006,97.119,5.495,265.84,0,5.506,5.51,NA,41
"5/23/2022 1:32:33 PM",0.898,30.222,51.154,81.732,73310.1,1033.823,33.819,0.07,0.07,0.102,9.005,97.156,5.497,161.594,0,5.509,5.512,NA,41
"5/23/2022 1:32:33 PM",0.839,30.222,51.153,81.731,73309.1,1033.822,33.819,0.062,0.062,0.058,9.004,97.078,5.492,128.63,0,5.504,5.508,NA,41
"5/23/2022 1:32:33 PM",0.802,30.221,51.156,81.733,73312.3,1033.824,33.821,0.07,0.07,0.102,9.004,97.09,5.493,119.284,0,5.505,5.508,NA,41
"5/23/2022 1:32:33 PM",0.783,30.221,51.154,81.731,73310.3,1033.823,33.819,0.234,0.234,0.102,9.002,97.098,5.493,115.886,0,5.505,5.508,NA,41
"5/23/2022 1:32:34 PM",0.745,30.22,51.155,81.731,73311.6,1033.824,33.821,0.101,0.101,0.087,9.002,96.997,5.488,127.1,0,5.5,5.503,NA,41
"5/23/2022 1:32:34 PM",0.752,30.22,51.158,81.734,73314.9,1033.826,33.823,0.094,0.094,0.116,9.001,96.982,5.487,137.466,0,5.499,5.502,NA,41
"5/23/2022 1:32:34 PM",0.794,30.219,51.156,81.73,73312.5,1033.825,33.821,0.047,0.047,0.044,9.001,96.991,5.488,142.478,0,5.499,5.503,NA,41
"5/23/2022 1:32:34 PM",0.879,30.219,51.156,81.731,73313,1033.825,33.822,0.023,0.023,0,9,97.024,5.49,244.6,0,5.502,5.505,NA,41
"5/23/2022 1:32:34 PM",0.98,30.221,51.158,81.736,73314.9,1033.826,33.822,0,0,0,9.003,97.062,5.492,365.924,0,5.503,5.507,NA,41
"5/23/2022 1:32:35 PM",1.129,30.22,51.159,81.736,73316.2,1033.828,33.823,0.062,0.062,0,9,97.032,5.49,483.169,0,5.502,5.505,NA,41
"5/23/2022 1:32:35 PM",1.202,30.221,51.162,81.741,73320.1,1033.831,33.825,0.148,0.148,0.218,9,97.05,5.491,541.451,0,5.503,5.506,NA,41
"5/23/2022 1:32:35 PM",1.252,30.221,51.164,81.745,73322.6,1033.832,33.827,0.117,0.117,0.131,8.999,97.166,5.497,443.747,0,5.509,5.513,NA,41
"5/23/2022 1:32:35 PM",1.28,30.222,51.167,81.75,73326.9,1033.835,33.829,0.07,0.07,0.087,9.002,97.053,5.491,352.33,0,5.503,5.506,NA,41
"5/23/2022 1:32:35 PM",1.261,30.224,51.167,81.753,73326.5,1033.834,33.828,0.016,0.016,0,9.003,97.156,5.497,467.281,0,5.509,5.512,NA,41
"5/23/2022 1:32:36 PM",1.206,30.223,51.167,81.752,73326.3,1033.834,33.829,0.086,0.086,0.102,9,97.107,5.494,247.064,0,5.506,5.509,NA,41
"5/23/2022 1:32:36 PM",1.145,30.224,51.168,81.754,73326.7,1033.834,33.829,0.086,0.086,0.102,8.997,97.102,5.494,158.196,0,5.506,5.509,NA,41
"5/23/2022 1:32:36 PM",1.063,30.223,51.172,81.759,73331.9,1033.836,33.832,0.055,0.055,0.102,8.997,97.042,5.49,137.381,0,5.502,5.506,NA,41
"5/23/2022 1:32:36 PM",0.988,30.223,51.173,81.76,73334.2,1033.838,33.834,0.055,0.055,0.131,8.998,97.085,5.493,131.009,0,5.504,5.508,NA,41
"5/23/2022 1:32:36 PM",0.869,30.223,51.171,81.758,73331.1,1033.835,33.832,0.062,0.062,0.029,8.996,97.05,5.491,126.336,0,5.503,5.506,NA,41
"5/23/2022 1:32:37 PM",0.794,30.223,51.173,81.759,73332.9,1033.836,33.833,0.062,0.062,0.044,8.999,97.139,5.496,123.872,0,5.508,5.511,NA,41
"5/23/2022 1:32:37 PM",0.769,30.223,51.173,81.759,73333.6,1033.837,33.833,0.07,0.07,0.015,8.997,97.06,5.492,123.617,0,5.504,5.507,NA,41
"5/23/2022 1:32:37 PM",0.736,30.222,51.173,81.759,73333.3,1033.836,33.833,0.055,0.055,0.044,8.993,97.096,5.493,123.532,0,5.505,5.509,NA,41
"5/23/2022 1:32:37 PM",0.749,30.222,51.174,81.76,73335.1,1033.838,33.835,0.062,0.062,0.087,8.99,96.956,5.485,132.113,0,5.497,5.5,NA,41
"5/23/2022 1:32:37 PM",0.773,30.221,51.174,81.758,73334.6,1033.838,33.834,0.062,0.062,0.073,8.988,97.097,5.493,136.871,0,5.505,5.508,NA,41
"5/23/2022 1:32:38 PM",0.808,30.222,51.173,81.759,73334.1,1033.837,33.834,0.055,0.055,0.073,8.986,97.076,5.492,141.204,0,5.504,5.507,NA,41
"5/23/2022 1:32:38 PM",0.837,30.221,51.175,81.759,73335.6,1033.839,33.835,0.07,0.07,0.029,8.988,96.963,5.486,143.583,0,5.498,5.501,NA,41
"5/23/2022 1:32:38 PM",0.886,30.22,51.176,81.76,73338,1033.84,33.837,0.047,0.047,0.015,8.988,97.051,5.491,158.876,0,5.503,5.506,NA,41
"5/23/2022 1:32:38 PM",0.968,30.222,51.174,81.761,73335.4,1033.839,33.834,0.031,0.031,0.029,8.991,97.132,5.495,198.637,0,5.507,5.511,NA,41
"5/23/2022 1:32:38 PM",1.013,30.221,51.178,81.764,73339.9,1033.842,33.837,0.055,0.055,0.087,8.996,97.073,5.492,209.682,0,5.504,5.507,NA,41
"5/23/2022 1:32:39 PM",1.067,30.221,51.179,81.765,73340.8,1033.843,33.838,0.07,0.07,0.073,8.997,97.157,5.497,224.295,0,5.508,5.512,NA,41
"5/23/2022 1:32:39 PM",1.103,30.22,51.181,81.767,73344.1,1033.845,33.84,0.078,0.078,0.087,8.996,97.086,5.492,252.417,0,5.504,5.508,NA,41
"5/23/2022 1:32:39 PM",1.15,30.222,51.183,81.772,73346.3,1033.846,33.841,0.047,0.047,0.029,8.995,97.09,5.493,188.952,0,5.505,5.508,NA,41
"5/23/2022 1:32:39 PM",1.164,30.223,51.183,81.773,73346.1,1033.846,33.841,0.062,0.062,0.044,8.996,97.079,5.493,157.346,0,5.504,5.508,NA,41
"5/23/2022 1:32:39 PM",1.16,30.222,51.184,81.774,73346.9,1033.846,33.841,0.055,0.055,0.044,8.994,97.116,5.494,148.935,0,5.506,5.51,NA,41
"5/23/2022 1:32:40 PM",1.14,30.223,51.183,81.774,73346.2,1033.846,33.841,0.07,0.07,0.087,8.994,97.122,5.495,151.314,0,5.507,5.51,NA,41
"5/23/2022 1:32:40 PM",1.105,30.223,51.182,81.773,73344.4,1033.844,33.84,0.047,0.047,0.029,8.993,97.135,5.496,143.753,0,5.508,5.511,NA,41
"5/23/2022 1:32:40 PM",1.039,30.224,51.186,81.78,73350.2,1033.847,33.843,0.055,0.055,0.044,8.992,97.129,5.495,124.892,0,5.507,5.51,NA,41
"5/23/2022 1:32:40 PM",0.985,30.223,51.188,81.781,73351.6,1033.848,33.844,0.039,0.039,0.015,8.992,97.03,5.489,124.722,0,5.501,5.505,NA,41
"5/23/2022 1:32:40 PM",0.947,30.223,51.188,81.782,73352.6,1033.849,33.845,0.039,0.039,0.029,8.993,97.082,5.493,127.1,0,5.505,5.508,NA,41
"5/23/2022 1:32:41 PM",0.929,30.224,51.189,81.784,73353.2,1033.849,33.845,0.031,0.031,0,8.992,97.067,5.492,146.047,0,5.504,5.507,NA,41
"5/23/2022 1:32:41 PM",0.915,30.224,51.191,81.787,73355.9,1033.85,33.846,0.016,0.016,0,8.991,97.015,5.489,624.712,0,5.5,5.504,NA,41
"5/23/2022 1:32:41 PM",0.928,30.224,51.192,81.787,73357.1,1033.851,33.847,0.039,0.039,0,8.99,97.125,5.495,792.679,0,5.507,5.51,NA,41
"5/23/2022 1:32:41 PM",0.945,30.223,51.19,81.784,73355.2,1033.85,33.846,0.031,0.031,0.029,8.989,97.094,5.493,826.833,0,5.505,5.508,NA,41
"5/23/2022 1:32:42 PM",0.981,30.222,51.193,81.787,73358.9,1033.853,33.849,0.039,0.039,0.029,8.986,97.145,5.496,1025.895,0,5.508,5.511,NA,41
"5/23/2022 1:32:42 PM",1.013,30.221,51.194,81.786,73359.3,1033.854,33.849,0.039,0.039,0.029,8.985,97.05,5.491,1125.808,0,5.502,5.506,NA,41
"5/23/2022 1:32:42 PM",1.027,30.221,51.196,81.788,73362.3,1033.856,33.851,0.023,0.023,0.015,8.983,97.13,5.495,819.101,0,5.507,5.51,NA,41
"5/23/2022 1:32:42 PM",1.037,30.222,51.198,81.792,73364.1,1033.857,33.852,0.125,0.125,0.131,8.983,97.085,5.492,1308.302,0,5.504,5.508,NA,41
"5/23/2022 1:32:42 PM",1.027,30.222,51.196,81.79,73361.6,1033.855,33.85,0.031,0.031,0,8.98,97.025,5.489,1798.438,0,5.501,5.505,NA,41
"5/23/2022 1:32:43 PM",1.007,30.223,51.198,81.796,73364.9,1033.856,33.852,0.148,0.148,0.306,8.981,96.995,5.488,1004.485,0,5.5,5.503,NA,41
"5/23/2022 1:32:43 PM",0.981,30.224,51.197,81.795,73363.7,1033.855,33.851,0.14,0.14,0.277,8.983,97.114,5.495,667.277,0,5.506,5.51,NA,41
"5/23/2022 1:32:43 PM",0.938,30.224,51.197,81.795,73362.8,1033.855,33.851,0.125,0.125,0.131,8.984,97.047,5.491,476.882,0,5.502,5.506,NA,41
"5/23/2022 1:32:43 PM",0.928,30.225,51.198,81.797,73364,1033.855,33.851,0.062,0.062,0.044,8.985,97.097,5.494,1485.104,0,5.506,5.509,NA,41
"5/23/2022 1:32:43 PM",0.924,30.224,51.198,81.795,73364.1,1033.855,33.852,0.047,0.047,0.029,8.985,97.155,5.497,1123.429,0,5.509,5.512,NA,41
"5/23/2022 1:32:44 PM",0.959,30.223,51.202,81.8,73369.1,1033.859,33.855,0.109,0.109,0.218,8.983,97.169,5.497,1027.084,0,5.509,5.513,NA,41
"5/23/2022 1:32:44 PM",0.994,30.223,51.202,81.8,73369.4,1033.859,33.855,0.078,0.078,0.073,8.982,96.965,5.486,408.744,0,5.497,5.501,NA,41
"5/23/2022 1:32:44 PM",1.014,30.222,51.204,81.801,73372,1033.861,33.857,0.055,0.055,0.044,8.984,97.003,5.488,279.774,0,5.5,5.503,NA,41
"5/23/2022 1:32:44 PM",1.037,30.219,51.202,81.795,73370,1033.861,33.856,0.031,0.031,0,8.982,97.033,5.49,755.466,0,5.502,5.505,NA,41
"5/23/2022 1:32:44 PM",1.056,30.217,51.204,81.793,73372.3,1033.863,33.858,0,0,0,8.982,97.006,5.488,657.677,0,5.5,5.504,NA,41
"5/23/2022 1:32:45 PM",1.077,30.216,51.205,81.794,73374.6,1033.865,33.86,0.078,0.078,0.175,8.979,97.01,5.489,954.953,0,5.5,5.504,NA,41
"5/23/2022 1:32:45 PM",1.08,30.215,51.207,81.796,73377.2,1033.867,33.862,0.125,0.125,0.204,8.98,97.064,5.492,927.341,0,5.504,5.507,NA,41
"5/23/2022 1:32:45 PM",1.086,30.216,51.207,81.798,73377.1,1033.866,33.862,0.016,0.016,0,8.98,97.18,5.498,957.841,0,5.51,5.514,NA,41
"5/23/2022 1:32:45 PM",1.103,30.217,51.208,81.8,73377.6,1033.866,33.862,0,0,0,8.98,97.025,5.49,763.198,0,5.502,5.505,NA,41
"5/23/2022 1:32:45 PM",1.14,30.216,51.21,81.801,73380.2,1033.868,33.863,0.016,0.016,0,8.98,96.951,5.485,955.717,0,5.497,5.501,NA,41
"5/23/2022 1:32:46 PM",1.178,30.217,51.212,81.805,73382.4,1033.87,33.865,0.039,0.039,0.015,8.978,97.082,5.493,899.219,0,5.505,5.508,NA,41
"5/23/2022 1:32:46 PM",1.185,30.214,51.213,81.803,73384.4,1033.872,33.867,0.016,0.016,0,8.977,97.08,5.493,1008.053,0,5.505,5.508,NA,41
"5/23/2022 1:32:46 PM",1.193,30.213,51.216,81.806,73388.4,1033.874,33.869,0,0,0,8.976,96.985,5.487,939.405,0,5.499,5.503,NA,41
"5/23/2022 1:32:46 PM",1.176,30.215,51.216,81.808,73388.4,1033.874,33.869,0.07,0.07,0.102,8.975,97.078,5.493,997.433,0,5.504,5.508,NA,41
"5/23/2022 1:32:46 PM",1.127,30.218,51.215,81.81,73385.7,1033.871,33.866,0.117,0.117,0.218,8.976,97.098,5.494,869.993,0,5.506,5.509,NA,41
"5/23/2022 1:32:47 PM",1.087,30.218,51.216,81.812,73387.8,1033.872,33.868,0.047,0.047,0.029,8.978,97.193,5.5,1205.84,0,5.511,5.515,NA,41
"5/23/2022 1:32:47 PM",1.021,30.218,51.216,81.812,73386.9,1033.871,33.867,0.148,0.148,0.218,8.979,97.058,5.492,691.491,0,5.504,5.507,NA,41
"5/23/2022 1:32:47 PM",0.964,30.219,51.216,81.813,73388,1033.872,33.868,0,0,0,8.98,97.155,5.497,1320.961,0,5.509,5.512,NA,41
"5/23/2022 1:32:47 PM",0.869,30.219,51.216,81.814,73387.4,1033.871,33.867,0.047,0.047,0,8.979,97.088,5.493,727.174,0,5.505,5.509,NA,41
"5/23/2022 1:32:47 PM",0.825,30.22,51.218,81.818,73390.1,1033.872,33.869,0.273,0.273,0.568,8.977,97.116,5.495,641.959,0,5.507,5.51,NA,41
"5/23/2022 1:32:48 PM",0.794,30.22,51.217,81.817,73388.8,1033.871,33.868,0.148,0.148,0.277,8.974,97.087,5.494,261.168,0,5.505,5.509,NA,41
"5/23/2022 1:32:48 PM",0.811,30.22,51.218,81.818,73389.3,1033.871,33.868,0.086,0.086,0.146,8.971,97.015,5.489,154.203,0,5.501,5.505,NA,41
"5/23/2022 1:32:48 PM",0.865,30.22,51.218,81.818,73390.2,1033.872,33.869,0.062,0.062,0.087,8.97,97.115,5.495,138.91,0,5.507,5.511,NA,41
"5/23/2022 1:32:48 PM",1.018,30.218,51.222,81.821,73395,1033.876,33.872,0.07,0.07,0.087,8.968,97.011,5.489,132.283,0,5.501,5.505,NA,41
"5/23/2022 1:32:48 PM",1.157,30.219,51.219,81.817,73390.8,1033.874,33.869,0.062,0.062,0.073,8.968,97.14,5.496,127.865,0,5.508,5.512,NA,41
"5/23/2022 1:32:49 PM",1.291,30.217,51.223,81.82,73396.5,1033.879,33.873,0.062,0.062,0.029,8.967,97.048,5.491,129.309,0,5.503,5.507,NA,41
"5/23/2022 1:32:49 PM",1.451,30.217,51.224,81.822,73397.6,1033.88,33.874,0.078,0.078,0,8.968,97.187,5.5,176.292,0,5.511,5.515,NA,41
"5/23/2022 1:32:49 PM",1.654,30.219,51.233,81.837,73408.7,1033.887,33.88,0.062,0.062,0.015,8.972,97.065,5.492,319.535,0,5.504,5.508,NA,41
"5/23/2022 1:32:49 PM",1.782,30.219,51.233,81.837,73409,1033.888,33.88,0.078,0.078,0.131,8.971,97.1,5.495,417.325,0,5.507,5.51,NA,41
"5/23/2022 1:32:49 PM",1.918,30.214,51.241,81.84,73418.9,1033.896,33.887,0.062,0.062,0.102,8.97,97.207,5.501,361.761,0,5.513,5.516,NA,41
"5/23/2022 1:32:50 PM",2.048,30.212,51.236,81.832,73413.9,1033.894,33.885,0.055,0.055,0.029,8.971,97.146,5.497,383.425,0,5.509,5.513,NA,41
"5/23/2022 1:32:50 PM",2.262,30.205,51.245,81.833,73425.6,1033.904,33.894,0.062,0.062,0.087,8.974,97.207,5.501,428.964,0,5.513,5.516,NA,41
"5/23/2022 1:32:50 PM",2.396,30.203,51.248,81.835,73429.8,1033.907,33.897,0.031,0.031,0.044,8.972,97.051,5.492,439.414,0,5.504,5.508,NA,41
"5/23/2022 1:32:50 PM",2.493,30.202,51.255,81.844,73438.9,1033.914,33.903,0.055,0.055,0.015,8.969,97.181,5.5,783.588,0,5.512,5.515,NA,41
"5/23/2022 1:32:51 PM",2.552,30.203,51.263,81.856,73448.3,1033.919,33.908,0.062,0.062,0.029,8.969,97.256,5.503,781.889,0,5.515,5.519,NA,41
"5/23/2022 1:32:51 PM",2.608,30.204,51.262,81.855,73446.5,1033.918,33.907,0.047,0.047,0.015,8.968,97.231,5.502,698.118,0,5.514,5.518,NA,41
"5/23/2022 1:32:51 PM",2.755,30.202,51.284,81.884,73474.5,1033.936,33.925,0.062,0.062,0.058,8.967,97.214,5.5,684.694,0,5.512,5.516,NA,41
"5/23/2022 1:32:51 PM",2.868,30.202,51.287,81.888,73478.4,1033.939,33.927,0.055,0.055,0.058,8.968,97.241,5.502,652.579,0,5.514,5.517,NA,41
"5/23/2022 1:32:51 PM",3.002,30.202,51.292,81.895,73484.8,1033.943,33.931,0.039,0.039,0.058,8.966,97.155,5.497,576.88,0,5.509,5.512,NA,41
"5/23/2022 1:32:52 PM",3.129,30.202,51.296,81.9,73489.6,1033.947,33.934,0.055,0.055,0.044,8.966,97.189,5.499,717.489,0,5.511,5.515,NA,41
"5/23/2022 1:32:52 PM",3.304,30.199,51.303,81.906,73499.3,1033.955,33.941,0.094,0.094,0.073,8.966,97.149,5.497,629.895,0,5.509,5.512,NA,41
"5/23/2022 1:32:52 PM",3.434,30.194,51.307,81.905,73504.9,1033.96,33.945,0.109,0.109,0.116,8.964,97.218,5.501,512.31,0,5.513,5.516,NA,41
"5/23/2022 1:32:52 PM",3.56,30.192,51.316,81.913,73516.1,1033.968,33.953,0.031,0.031,0,8.964,97.212,5.501,484.528,0,5.512,5.516,NA,41
"5/23/2022 1:32:52 PM",3.686,30.193,51.32,81.921,73521.3,1033.971,33.956,0.07,0.07,0.058,8.964,97.087,5.494,638.816,0,5.506,5.509,NA,41
"5/23/2022 1:32:53 PM",3.851,30.186,51.322,81.913,73524.6,1033.976,33.96,0.047,0.047,0.058,8.968,97.095,5.494,787.751,0,5.505,5.509,NA,41
"5/23/2022 1:32:53 PM",3.973,30.18,51.323,81.905,73525.9,1033.979,33.962,0.101,0.101,0.146,8.969,97.182,5.499,698.033,0,5.511,5.514,NA,41
"5/23/2022 1:32:53 PM",4.084,30.174,51.324,81.898,73527.9,1033.982,33.965,0.062,0.062,0.058,8.967,97.208,5.501,442.048,0,5.513,5.516,NA,41
"5/23/2022 1:32:53 PM",4.178,30.171,51.327,81.898,73532.4,1033.986,33.968,0.062,0.062,0.058,8.965,97.141,5.497,491.41,0,5.509,5.512,NA,41
"5/23/2022 1:32:53 PM",4.26,30.17,51.33,81.901,73536.5,1033.989,33.971,0.039,0.039,0.015,8.961,97.203,5.5,598.29,0,5.512,5.516,NA,41
"5/23/2022 1:32:54 PM",4.419,30.17,51.335,81.908,73542.2,1033.993,33.975,0.07,0.07,0.087,8.965,97.124,5.496,697.778,0,5.508,5.512,NA,41
"5/23/2022 1:32:54 PM",4.543,30.168,51.335,81.905,73542.7,1033.995,33.975,0.109,0.109,0.131,8.971,97.211,5.502,645.018,0,5.514,5.517,NA,41
"5/23/2022 1:32:54 PM",4.682,30.16,51.336,81.893,73544.6,1033.999,33.979,0.101,0.101,0.131,8.972,97.118,5.496,489.201,0,5.508,5.512,NA,41
"5/23/2022 1:32:54 PM",4.819,30.15,51.345,81.892,73557.2,1034.01,33.989,0.055,0.055,0.058,8.97,97.133,5.497,434.062,0,5.509,5.513,NA,41
"5/23/2022 1:32:54 PM",5,30.143,51.36,81.903,73577.5,1034.025,34.004,0.055,0.055,0.087,8.967,97.081,5.495,783.333,0,5.507,5.51,NA,41
"5/23/2022 1:32:55 PM",5.066,30.142,51.363,81.905,73581.2,1034.028,34.006,0.109,0.109,0.175,8.97,97.16,5.499,475.692,0,5.511,5.515,NA,41
"5/23/2022 1:32:55 PM",5.107,30.142,51.365,81.909,73584,1034.03,34.008,0.086,0.086,0.087,8.97,97.193,5.501,346.213,0,5.513,5.517,NA,41
"5/23/2022 1:32:55 PM",5.153,30.142,51.365,81.908,73583.2,1034.029,34.007,0.047,0.047,0.044,8.969,97.131,5.498,398.124,0,5.51,5.513,NA,41
"5/23/2022 1:32:55 PM",5.219,30.144,51.364,81.909,73582.5,1034.029,34.007,0.039,0.039,0.015,8.967,97.277,5.506,470.17,0,5.518,5.522,NA,41
"5/23/2022 1:32:55 PM",5.335,30.137,51.365,81.901,73584.7,1034.033,34.01,0.047,0.047,0.058,8.964,97.292,5.507,702.621,0,5.519,5.522,NA,41
"5/23/2022 1:32:56 PM",5.453,30.13,51.372,81.9,73593.1,1034.04,34.017,0.07,0.07,0.102,8.965,97.267,5.506,514.009,0,5.518,5.521,NA,41
"5/23/2022 1:32:56 PM",5.556,30.128,51.379,81.906,73602.6,1034.047,34.023,0.086,0.086,0.087,8.965,97.244,5.504,461.249,0,5.516,5.519,NA,41
"5/23/2022 1:32:56 PM",5.628,30.128,51.381,81.91,73605.3,1034.049,34.025,0.078,0.078,0.102,8.963,97.154,5.499,344.344,0,5.511,5.515,NA,41
"5/23/2022 1:32:56 PM",5.681,30.13,51.378,81.908,73600.8,1034.046,34.022,0.055,0.055,0.029,8.962,97.273,5.506,425.481,0,5.518,5.522,NA,41
"5/23/2022 1:32:56 PM",5.701,30.13,51.38,81.911,73603.6,1034.047,34.023,0.055,0.055,0.015,8.966,97.305,5.509,407.469,0,5.521,5.524,NA,41
"5/23/2022 1:32:57 PM",5.748,30.128,51.383,81.912,73608.3,1034.051,34.027,0.055,0.055,0,8.968,97.326,5.51,478.156,0,5.521,5.525,NA,41
"5/23/2022 1:32:57 PM",5.853,30.127,51.384,81.912,73609.4,1034.053,34.028,0.047,0.047,0.029,8.968,97.315,5.509,626.751,0,5.521,5.525,NA,41
"5/23/2022 1:32:57 PM",5.948,30.126,51.386,81.912,73611.2,1034.054,34.029,0.094,0.094,0.146,8.968,97.231,5.504,543.066,0,5.516,5.52,NA,41
"5/23/2022 1:32:57 PM",6.021,30.122,51.386,81.908,73612.6,1034.057,34.031,0.062,0.062,0.015,8.961,97.308,5.509,445.022,0,5.521,5.525,NA,41
"5/23/2022 1:32:57 PM",6.099,30.122,51.385,81.905,73610.9,1034.056,34.03,0.094,0.094,0.073,8.96,97.32,5.51,665.238,0,5.522,5.525,NA,41
"5/23/2022 1:32:58 PM",6.209,30.123,51.381,81.902,73606.5,1034.053,34.027,0.086,0.086,0.058,8.957,97.318,5.51,562.691,0,5.522,5.525,NA,41
"5/23/2022 1:32:58 PM",6.353,30.123,51.38,81.9,73604.4,1034.053,34.026,0.055,0.055,0,8.958,97.291,5.508,547.569,0,5.52,5.524,NA,41
"5/23/2022 1:32:58 PM",6.606,30.125,51.385,81.91,73610.8,1034.057,34.029,0.078,0.078,0.073,8.956,97.455,5.518,575.605,0,5.53,5.533,NA,41
"5/23/2022 1:32:58 PM",6.78,30.121,51.389,81.91,73616.3,1034.062,34.033,0.031,0.031,0,8.956,97.381,5.513,570.508,0,5.525,5.529,NA,41
"5/23/2022 1:32:58 PM",6.945,30.119,51.394,81.915,73622.8,1034.067,34.038,0.094,0.094,0.146,8.955,97.355,5.512,344.259,0,5.524,5.528,NA,41
"5/23/2022 1:32:59 PM",7.091,30.117,51.399,81.918,73629.1,1034.072,34.042,0.094,0.094,0.102,8.953,97.293,5.508,244.346,0,5.52,5.524,NA,41
"5/23/2022 1:32:59 PM",7.272,30.115,51.406,81.925,73638.6,1034.079,34.048,0.07,0.07,0.116,8.953,97.203,5.503,300.334,0,5.515,5.519,NA,41
"5/23/2022 1:32:59 PM",7.386,30.115,51.407,81.928,73640.2,1034.081,34.049,0.086,0.086,0.116,8.953,97.192,5.503,277.14,0,5.515,5.519,NA,41
"5/23/2022 1:32:59 PM",7.501,30.113,51.41,81.928,73643.4,1034.084,34.052,0.078,0.078,0.087,8.951,97.266,5.507,305.347,0,5.519,5.523,NA,41
"5/23/2022 1:33:00 PM",7.595,30.103,51.419,81.925,73656.3,1034.095,34.063,0.039,0.039,0,8.951,97.367,5.513,512.905,0,5.525,5.528,NA,41
"5/23/2022 1:33:00 PM",7.692,30.085,51.432,81.917,73674.6,1034.112,34.079,0.062,0.062,0.116,8.95,97.314,5.51,631.934,0,5.522,5.526,NA,41
"5/23/2022 1:33:00 PM",7.741,30.083,51.437,81.92,73681,1034.117,34.084,0.07,0.07,0.102,8.949,97.256,5.507,481.979,0,5.519,5.523,NA,41
"5/23/2022 1:33:00 PM",7.8,30.08,51.439,81.919,73683.5,1034.119,34.086,0.086,0.086,0.073,8.947,97.246,5.506,383.086,0,5.518,5.522,NA,41
"5/23/2022 1:33:00 PM",7.897,30.082,51.437,81.919,73681.1,1034.117,34.084,0.078,0.078,0.087,8.945,97.318,5.51,487.247,0,5.522,5.526,NA,41
"5/23/2022 1:33:01 PM",8.086,30.082,51.437,81.92,73681.8,1034.119,34.084,0.07,0.07,0.073,8.941,97.271,5.508,331.09,0,5.52,5.524,NA,41
"5/23/2022 1:33:01 PM",8.237,30.079,51.441,81.919,73686.4,1034.123,34.088,0.062,0.062,0.029,8.939,97.309,5.51,267.03,0,5.522,5.526,NA,41
"5/23/2022 1:33:01 PM",8.397,30.072,51.447,81.919,73695,1034.131,34.095,0.039,0.039,0,8.937,97.293,5.51,398.973,0,5.522,5.525,NA,41
"5/23/2022 1:33:01 PM",8.561,30.069,51.451,81.92,73700.8,1034.136,34.099,0.047,0.047,0,8.934,97.337,5.512,564.136,0,5.524,5.528,NA,41
"5/23/2022 1:33:01 PM",8.804,30.067,51.456,81.925,73707.7,1034.141,34.104,0.101,0.101,0.087,8.932,97.367,5.515,518.172,0,5.527,5.53,NA,41
"5/23/2022 1:33:02 PM",8.97,30.067,51.46,81.929,73712.4,1034.145,34.107,0.07,0.07,0.044,8.932,97.359,5.514,446.806,0,5.526,5.53,NA,41
"5/23/2022 1:33:02 PM",9.132,30.058,51.468,81.927,73723,1034.155,34.116,0.078,0.078,0.044,8.931,97.311,5.511,537.458,0,5.523,5.527,NA,41
"5/23/2022 1:33:02 PM",9.295,30.054,51.471,81.925,73728,1034.16,34.12,0.07,0.07,0.044,8.932,97.439,5.519,561.332,0,5.531,5.535,NA,41
"5/23/2022 1:33:02 PM",9.518,30.051,51.474,81.925,73731.2,1034.163,34.123,0.117,0.117,0.102,8.93,97.289,5.511,452.498,0,5.523,5.526,NA,41
"5/23/2022 1:33:02 PM",9.674,30.05,51.476,81.926,73734,1034.166,34.125,0.094,0.094,0.102,8.929,97.488,5.522,358.362,0,5.534,5.538,NA,41
"5/23/2022 1:33:03 PM",9.825,30.05,51.478,81.929,73737.1,1034.168,34.127,0.078,0.078,0.073,8.928,97.354,5.515,317.921,0,5.527,5.53,NA,41
"5/23/2022 1:33:03 PM",9.973,30.049,51.478,81.928,73737.1,1034.169,34.127,0.078,0.078,0.087,8.926,97.503,5.523,294.387,0,5.535,5.539,NA,41
"5/23/2022 1:33:03 PM",10.176,30.047,51.481,81.929,73741.6,1034.173,34.13,0.094,0.094,0.073,8.924,97.44,5.52,301.949,0,5.532,5.535,NA,41
"5/23/2022 1:33:03 PM",10.315,30.044,51.48,81.923,73740.1,1034.174,34.13,0.086,0.086,0.073,8.922,97.452,5.521,304.158,0,5.533,5.536,NA,41
"5/23/2022 1:33:03 PM",10.461,30.042,51.48,81.921,73740.5,1034.175,34.131,0.07,0.07,0.073,8.919,97.526,5.525,236.614,0,5.537,5.541,NA,41
"5/23/2022 1:33:04 PM",10.605,30.042,51.48,81.92,73741.1,1034.176,34.131,0.039,0.039,0,8.917,97.488,5.523,361.591,0,5.535,5.539,NA,41
"5/23/2022 1:33:04 PM",10.838,30.041,51.481,81.92,73742.7,1034.178,34.132,0.086,0.086,0.102,8.915,97.462,5.522,555.555,0,5.534,5.537,NA,41
"5/23/2022 1:33:04 PM",10.954,30.04,51.481,81.919,73742.7,1034.179,34.133,0.086,0.086,0.087,8.912,97.446,5.52,482.659,0,5.532,5.536,NA,41
"5/23/2022 1:33:04 PM",10.973,30.04,51.484,81.922,73745.9,1034.181,34.135,0.078,0.078,0.073,8.91,97.6,5.53,471.019,0,5.542,5.545,NA,41
"5/23/2022 1:33:04 PM",10.926,30.04,51.483,81.922,73745,1034.18,34.134,0.078,0.078,0.087,8.908,97.582,5.529,468.556,0,5.541,5.544,NA,41
"5/23/2022 1:33:05 PM",10.768,30.041,51.484,81.924,73745.6,1034.18,34.134,0.094,0.094,0.087,8.91,97.457,5.522,388.268,0,5.534,5.537,NA,41
"5/23/2022 1:33:05 PM",10.608,30.042,51.485,81.927,73747.7,1034.18,34.135,0.07,0.07,0.044,8.909,97.544,5.527,357.088,0,5.539,5.543,NA,41
"5/23/2022 1:33:05 PM",10.428,30.042,51.507,81.958,73774.1,1034.196,34.151,0.078,0.078,0.102,8.909,97.648,5.532,415.286,0,5.544,5.548,NA,41
"5/23/2022 1:33:05 PM",10.245,30.042,51.508,81.96,73775.9,1034.196,34.152,0.101,0.101,0.102,8.908,97.488,5.523,382.916,0,5.535,5.539,NA,41
"5/23/2022 1:33:06 PM",10.009,30.043,51.508,81.96,73775.2,1034.194,34.152,0.07,0.07,0.044,8.909,97.497,5.524,277.48,0,5.536,5.539,NA,41
"5/23/2022 1:33:06 PM",9.856,30.043,51.511,81.964,73778.2,1034.196,34.154,0.062,0.062,0.029,8.907,97.652,5.532,352.33,0,5.544,5.548,NA,41
"5/23/2022 1:33:06 PM",9.698,30.044,51.51,81.964,73776.9,1034.194,34.153,0.086,0.086,0.044,8.906,97.611,5.53,453.857,0,5.542,5.546,NA,41
"5/23/2022 1:33:06 PM",9.525,30.046,51.511,81.969,73778.8,1034.194,34.153,0.086,0.086,0.058,8.905,97.67,5.533,486.822,0,5.545,5.549,NA,41
"5/23/2022 1:33:06 PM",9.34,30.048,51.51,81.97,73776.4,1034.191,34.151,0.062,0.062,0.044,8.904,97.605,5.529,536.354,0,5.541,5.545,NA,41
"5/23/2022 1:33:07 PM",9.063,30.05,51.511,81.973,73777,1034.19,34.151,0.07,0.07,0.044,8.902,97.484,5.522,417.325,0,5.534,5.538,NA,41
"5/23/2022 1:33:07 PM",8.873,30.051,51.508,81.971,73773.3,1034.187,34.149,0.07,0.07,0.058,8.902,97.52,5.524,659.971,0,5.536,5.54,NA,41
"5/23/2022 1:33:07 PM",8.741,30.052,51.508,81.973,73773.2,1034.186,34.148,0.062,0.062,0.044,8.902,97.371,5.516,464.138,0,5.528,5.532,NA,41
"5/23/2022 1:33:07 PM",8.611,30.054,51.506,81.973,73770.9,1034.183,34.147,0.07,0.07,0.029,8.9,97.401,5.518,417.919,0,5.53,5.533,NA,41
"5/23/2022 1:33:07 PM",8.409,30.055,51.506,81.975,73770.3,1034.182,34.146,0.07,0.07,0.087,8.9,97.517,5.524,458.445,0,5.536,5.54,NA,41
"5/23/2022 1:33:08 PM",8.293,30.058,51.503,81.975,73765.8,1034.178,34.142,0.062,0.062,0.073,8.901,97.452,5.521,441.963,0,5.533,5.536,NA,41
"5/23/2022 1:33:08 PM",8.191,30.061,51.497,81.971,73758.3,1034.172,34.137,0.055,0.055,0.029,8.901,97.499,5.524,408.489,0,5.536,5.539,NA,41
"5/23/2022 1:33:08 PM",8.09,30.066,51.492,81.972,73751.8,1034.166,34.131,0.055,0.055,0.029,8.902,97.394,5.517,651.56,0,5.529,5.533,NA,41
"5/23/2022 1:33:08 PM",8.01,30.069,51.49,81.973,73748.2,1034.162,34.128,0.094,0.094,0.102,8.901,97.403,5.517,558.698,0,5.529,5.533,NA,41
"5/23/2022 1:33:08 PM",7.836,30.071,51.488,81.974,73745.9,1034.16,34.126,0.078,0.078,0.087,8.9,97.355,5.515,374.675,0,5.527,5.531,NA,41
"5/23/2022 1:33:09 PM",7.677,30.072,51.488,81.974,73745.1,1034.158,34.126,0.047,0.047,0.073,8.9,97.391,5.517,388.863,0,5.529,5.533,NA,41
"5/23/2022 1:33:09 PM",7.525,30.075,51.484,81.974,73740.4,1034.154,34.122,0.023,0.023,0.015,8.902,97.437,5.52,439.159,0,5.532,5.535,NA,41
"5/23/2022 1:33:09 PM",7.373,30.078,51.482,81.975,73736.7,1034.15,34.119,0.031,0.031,0.015,8.903,97.381,5.516,605.511,0,5.528,5.532,NA,41
"5/23/2022 1:33:09 PM",7.235,30.082,51.477,81.974,73730.2,1034.145,34.114,0.078,0.078,0.058,8.902,97.442,5.519,558.443,0,5.531,5.535,NA,41
"5/23/2022 1:33:09 PM",7.048,30.089,51.47,81.974,73720.4,1034.136,34.106,0.094,0.094,0.102,8.901,97.336,5.513,340.69,0,5.525,5.529,NA,41
"5/23/2022 1:33:10 PM",6.919,30.094,51.465,81.975,73714.5,1034.13,34.101,0.078,0.078,0.116,8.901,97.382,5.516,297.786,0,5.528,5.531,NA,41
"5/23/2022 1:33:10 PM",6.763,30.097,51.462,81.975,73710.1,1034.126,34.098,0.055,0.055,0.029,8.898,97.371,5.516,512.225,0,5.528,5.531,NA,41
"5/23/2022 1:33:10 PM",6.601,30.102,51.461,81.981,73707.5,1034.123,34.095,0.023,0.023,0,8.898,97.39,5.517,678.152,0,5.529,5.532,NA,41
"5/23/2022 1:33:10 PM",6.356,30.112,51.451,81.981,73693.9,1034.111,34.084,0.055,0.055,0,8.898,97.273,5.51,635.417,0,5.522,5.525,NA,41
"5/23/2022 1:33:10 PM",6.198,30.114,51.448,81.982,73690.5,1034.107,34.081,0.078,0.078,0.058,8.897,97.209,5.506,522.42,0,5.518,5.521,NA,41
"5/23/2022 1:33:11 PM",6.059,30.119,51.442,81.98,73682.1,1034.1,34.074,0.078,0.078,0.102,8.894,97.364,5.514,440.859,0,5.526,5.53,NA,41
"5/23/2022 1:33:11 PM",5.914,30.122,51.436,81.976,73674.2,1034.094,34.069,0.055,0.055,0.015,8.892,97.32,5.512,597.525,0,5.524,5.528,NA,41
"5/23/2022 1:33:11 PM",5.681,30.124,51.428,81.969,73664.5,1034.086,34.062,0.086,0.086,0.087,8.89,97.37,5.515,560.228,0,5.527,5.531,NA,41
"5/23/2022 1:33:11 PM",5.533,30.126,51.43,81.973,73666,1034.086,34.063,0.094,0.094,0.073,8.888,97.367,5.514,386.144,0,5.526,5.53,NA,41
"5/23/2022 1:33:11 PM",5.403,30.131,51.434,81.986,73669.8,1034.087,34.064,0.07,0.07,0.073,8.888,97.183,5.504,396.424,0,5.516,5.519,NA,41
"5/23/2022 1:33:12 PM",5.28,30.137,51.428,81.988,73662.5,1034.08,34.057,0.055,0.055,0.044,8.887,97.256,5.508,434.996,0,5.52,5.523,NA,41
"5/23/2022 1:33:12 PM",5.184,30.142,51.424,81.988,73656,1034.074,34.052,0,0,0,8.886,97.291,5.51,1095.307,0,5.522,5.526,NA,41
"5/23/2022 1:33:12 PM",5.075,30.146,51.42,81.99,73651.7,1034.07,34.048,0.086,0.086,0.102,8.884,97.197,5.504,1490.117,0,5.516,5.52,NA,41
"5/23/2022 1:33:12 PM",4.989,30.147,51.414,81.983,73643.7,1034.064,34.043,0.109,0.109,0.131,8.885,97.208,5.505,566.26,0,5.517,5.52,NA,41
"5/23/2022 1:33:12 PM",4.894,30.148,51.413,81.983,73642.2,1034.063,34.042,0.094,0.094,0.102,8.884,97.258,5.508,575.266,0,5.52,5.523,NA,41
"5/23/2022 1:33:13 PM",4.8,30.151,51.411,81.985,73639.4,1034.06,34.039,0,0,0,8.883,97.076,5.497,489.966,0,5.509,5.513,NA,41
"5/23/2022 1:33:13 PM",4.71,30.153,51.407,81.982,73634,1034.056,34.036,0.07,0.07,0.073,8.882,97.177,5.503,535.504,0,5.515,5.518,NA,41
"5/23/2022 1:33:13 PM",4.564,30.155,51.405,81.982,73630.6,1034.052,34.033,0.086,0.086,0.073,8.882,97.223,5.505,416.73,0,5.517,5.52,NA,41
"5/23/2022 1:33:13 PM",4.5,30.156,51.405,81.983,73630.9,1034.052,34.033,0.086,0.086,0.029,8.881,97.005,5.493,354.114,0,5.505,5.508,NA,41
"5/23/2022 1:33:13 PM",4.439,30.157,51.402,81.981,73627,1034.049,34.03,0,0,0,8.881,97.108,5.499,900.323,0,5.51,5.514,NA,41
"5/23/2022 1:33:14 PM",4.336,30.159,51.401,81.982,73625.4,1034.047,34.029,0.047,0.047,0,8.878,97.193,5.503,554.365,0,5.515,5.519,NA,41
"5/23/2022 1:33:14 PM",4.192,30.159,51.401,81.982,73626.1,1034.047,34.029,0.062,0.062,0.058,8.879,97.124,5.499,489.371,0,5.511,5.515,NA,41
"5/23/2022 1:33:14 PM",4.093,30.16,51.398,81.978,73621.5,1034.044,34.026,0.055,0.055,0.102,8.879,97.129,5.5,477.561,0,5.512,5.515,NA,41
"5/23/2022 1:33:14 PM",3.987,30.16,51.395,81.974,73617.7,1034.041,34.024,0.07,0.07,0.073,8.879,97.148,5.5,566.345,0,5.512,5.516,NA,41
"5/23/2022 1:33:14 PM",3.885,30.161,51.394,81.975,73616.9,1034.04,34.023,0.07,0.07,0.044,8.879,97.089,5.497,548.503,0,5.509,5.513,NA,41
"5/23/2022 1:33:15 PM",3.793,30.162,51.392,81.974,73613.9,1034.037,34.021,0,0,0,8.877,97.022,5.494,936.516,0,5.506,5.509,NA,41
"5/23/2022 1:33:15 PM",3.654,30.163,51.389,81.971,73609.8,1034.034,34.018,0.055,0.055,0.058,8.875,96.979,5.491,759.119,0,5.503,5.507,NA,41
"5/23/2022 1:33:15 PM",3.56,30.163,51.389,81.971,73609.6,1034.033,34.018,0.07,0.07,0.087,8.875,97.08,5.497,667.532,0,5.509,5.512,NA,41
"5/23/2022 1:33:15 PM",3.457,30.164,51.388,81.972,73608.3,1034.032,34.017,0.078,0.078,0.087,8.875,97.179,5.502,568.299,0,5.514,5.518,NA,41
"5/23/2022 1:33:15 PM",3.339,30.165,51.387,81.971,73607.2,1034.03,34.016,0,0,0,8.874,97.143,5.5,514.094,0,5.512,5.516,NA,41
"5/23/2022 1:33:16 PM",3.129,30.165,51.385,81.969,73604.9,1034.028,34.015,0.055,0.055,0,8.874,97.156,5.501,1333.875,0,5.513,5.517,NA,41
"5/23/2022 1:33:16 PM",3.032,30.164,51.384,81.965,73602.7,1034.027,34.014,0.07,0.07,0.087,8.875,97.204,5.504,1161.746,0,5.516,5.519,NA,41
"5/23/2022 1:33:16 PM",2.961,30.164,51.385,81.967,73604.6,1034.028,34.015,0.055,0.055,0.058,8.877,97.158,5.502,761.753,0,5.513,5.517,NA,41
"5/23/2022 1:33:16 PM",2.879,30.164,51.383,81.964,73602.4,1034.026,34.014,0.023,0.023,0.015,8.877,97.154,5.501,758.78,0,5.513,5.517,NA,41
"5/23/2022 1:33:17 PM",2.756,30.168,51.378,81.962,73594.7,1034.02,34.008,0.062,0.062,0.058,8.876,97.051,5.495,844.165,0,5.507,5.511,NA,41
"5/23/2022 1:33:17 PM",2.674,30.172,51.379,81.97,73595.8,1034.019,34.007,0.117,0.117,0.116,8.874,97.032,5.494,704.065,0,5.506,5.509,NA,41
"5/23/2022 1:33:17 PM",2.58,30.174,51.377,81.97,73593.3,1034.016,34.005,0.078,0.078,0.073,8.874,97.142,5.5,955.717,0,5.512,5.516,NA,41
"5/23/2022 1:33:17 PM",2.498,30.175,51.377,81.971,73592.8,1034.015,34.005,0.016,0.016,0,8.874,97.234,5.506,425.141,0,5.517,5.521,NA,41
"5/23/2022 1:33:17 PM",2.443,30.177,51.376,81.973,73591.7,1034.014,34.004,0.016,0.016,0,8.874,97.172,5.502,564.9,0,5.514,5.517,NA,41
"5/23/2022 1:33:18 PM",2.346,30.181,51.372,81.974,73586.4,1034.009,33.999,0.039,0.039,0.044,8.874,97.113,5.499,781.549,0,5.51,5.514,NA,41
"5/23/2022 1:33:18 PM",2.266,30.182,51.372,81.975,73586.4,1034.009,33.999,0.055,0.055,0.058,8.873,97.132,5.5,619.615,0,5.512,5.515,NA,41
"5/23/2022 1:33:18 PM",2.161,30.183,51.37,81.975,73583.6,1034.006,33.997,0.109,0.109,0.16,8.873,97.044,5.495,852.576,0,5.507,5.51,NA,41
"5/23/2022 1:33:18 PM",2.031,30.186,51.369,81.977,73581.9,1034.004,33.995,0.07,0.07,0.044,8.873,96.981,5.491,551.137,0,5.503,5.507,NA,41
"5/23/2022 1:33:18 PM",1.821,30.197,51.364,81.985,73573.9,1033.995,33.987,0.031,0.031,0,8.874,97.109,5.498,850.877,0,5.51,5.513,NA,41
"5/23/2022 1:33:19 PM",1.719,30.202,51.365,81.994,73574.1,1033.993,33.986,0.07,0.07,0.131,8.873,97.197,5.503,870.162,0,5.515,5.518,NA,41
"5/23/2022 1:33:19 PM",1.626,30.205,51.36,81.992,73567.4,1033.988,33.981,0.023,0.023,0,8.874,97.045,5.494,791.149,0,5.506,5.51,NA,41
"5/23/2022 1:33:19 PM",1.522,30.208,51.356,81.992,73563,1033.984,33.977,0.039,0.039,0,8.873,96.997,5.492,835.669,0,5.503,5.507,NA,41
"5/23/2022 1:33:19 PM",1.366,30.21,51.357,81.996,73563.2,1033.983,33.977,0.195,0.195,0.379,8.872,97.026,5.493,753.937,0,5.505,5.508,NA,41
"5/23/2022 1:33:19 PM",1.262,30.212,51.35,81.988,73554.4,1033.976,33.971,0.062,0.062,0.073,8.872,97.13,5.499,800.92,0,5.511,5.514,NA,41
"5/23/2022 1:33:20 PM",1.182,30.214,51.344,81.983,73546.5,1033.971,33.966,0.047,0.047,0,8.873,97.07,5.495,895.905,0,5.507,5.511,NA,41
"5/23/2022 1:33:20 PM",1.111,30.215,51.342,81.981,73543.6,1033.968,33.964,0.125,0.125,0.131,8.872,97.017,5.492,1013.575,0,5.504,5.508,NA,41
"5/23/2022 1:33:20 PM",1.036,30.215,51.338,81.976,73539.6,1033.966,33.961,0.062,0.062,0.087,8.871,97.08,5.496,820.461,0,5.507,5.511,NA,41
"5/23/2022 1:33:20 PM",0.879,30.215,51.334,81.971,73534.7,1033.962,33.958,0,0,0,8.87,97.088,5.496,1006.778,0,5.508,5.512,NA,41
"5/23/2022 1:33:20 PM",0.775,30.216,51.328,81.964,73527,1033.957,33.953,0,0,0,8.871,97.194,5.502,798.966,0,5.514,5.518,NA,41
"5/23/2022 1:33:21 PM",0.683,30.217,51.324,81.959,73521.5,1033.953,33.95,0.133,0.133,0.233,8.871,97.155,5.501,1174.745,0,5.513,5.516,NA,41
"5/23/2022 1:33:21 PM",0.607,30.218,51.311,81.942,73504.8,1033.942,33.939,0.086,0.086,0.146,8.871,97.128,5.5,1021.137,0,5.511,5.515,NA,41
"5/23/2022 1:33:21 PM",0.539,30.218,51.298,81.926,73489.5,1033.932,33.93,0.14,0.14,0.262,8.87,97.102,5.498,1074.237,0,5.51,5.513,NA,41
"5/23/2022 1:33:21 PM",0.555,30.218,51.297,81.925,73488.3,1033.931,33.929,0.125,0.125,0.233,8.868,97.126,5.499,1121.05,0,5.511,5.515,NA,41
"5/23/2022 1:33:21 PM",0.588,30.22,51.295,81.924,73485.3,1033.929,33.927,0.039,0.039,0,8.867,97.091,5.497,858.693,0,5.509,5.513,NA,41
"5/23/2022 1:33:22 PM",0.612,30.219,51.3,81.93,73491.7,1033.934,33.931,0.187,0.187,0.16,8.866,97.086,5.497,1252.483,0,5.509,5.513,NA,41
"5/23/2022 1:33:22 PM",0.61,30.219,51.298,81.927,73489,1033.932,33.929,0.016,0.016,0,8.865,97.094,5.498,1340.842,0,5.509,5.513,NA,41
"5/23/2022 1:33:22 PM",0.579,30.219,51.284,81.909,73472,1033.921,33.919,0.133,0.133,0.277,8.864,96.977,5.491,1380.433,0,5.503,5.507,NA,41
"5/23/2022 1:33:22 PM",0.565,30.219,51.271,81.89,73455.4,1033.911,33.909,0.094,0.094,0.146,8.863,97.015,5.494,1256.392,0,5.506,5.509,NA,41
"5/23/2022 1:33:22 PM",0.52,30.219,51.269,81.887,73452.6,1033.909,33.907,0.086,0.086,0.189,8.864,97.048,5.496,1017.399,0,5.508,5.511,NA,41
"5/23/2022 1:33:23 PM",0.436,30.22,51.267,81.884,73449.7,1033.907,33.905,0.226,0.226,0.481,8.865,97.026,5.494,570.848,0,5.506,5.51,NA,41
"5/23/2022 1:33:23 PM",0.327,30.219,51.265,81.881,73448.2,1033.906,33.904,0.125,0.125,0.204,8.865,97.112,5.5,400.078,0,5.511,5.515,NA,41
"5/23/2022 1:33:23 PM",0.15,30.217,51.26,81.871,73441.4,1033.901,33.901,0.039,0.039,0.058,8.866,97.188,5.504,250.972,0,5.516,5.519,NA,41
"5/23/2022 1:33:23 PM",0.033,30.215,51.259,81.866,73440.6,1033.901,33.901,0.062,0.062,0.087,8.865,97.128,5.501,192.435,0,5.513,5.516,NA,41
"5/23/2022 1:33:23 PM",0,30.214,51.258,81.863,73439.3,1033.9,33.901,0.07,0.07,0.044,8.865,97.019,5.494,180.371,0,5.506,5.51,NA,41
"5/23/2022 1:33:24 PM",0,30.213,51.258,81.862,73439.4,1033.9,33.901,0,0,0,8.865,97.08,5.498,175.273,0,5.51,5.514,NA,41
"5/23/2022 1:33:24 PM",0,30.211,2.14,4.48,4019.3,997.183,0,196.204,196.204,80.726,8.865,97.009,7.192,154.373,0,7.213,7.213,NA,41
"5/23/2022 1:33:24 PM",0,30.206,1.29,2.777,2491.7,996.551,0,414.204,414.204,292.907,8.863,96.861,7.215,155.647,0,7.236,7.236,NA,41
"5/23/2022 1:33:24 PM",0,30.175,1.011,2.202,1977.2,996.352,0,291.99,291.99,510.303,8.861,96.93,7.231,160.49,0,7.252,7.252,NA,41
"5/23/2022 1:33:24 PM",0,30.043,0.888,1.941,1747.6,996.301,0,277.332,277.332,408.035,8.86,96.823,7.228,149.87,0,7.248,7.248,NA,41
"5/23/2022 1:33:25 PM",0,29.749,0.748,1.639,1483.6,996.285,0,502.243,502.243,1131.849,8.859,96.568,7.216,147.576,0,7.237,7.237,NA,41
"5/23/2022 1:33:25 PM",0,29.583,0.637,1.4,1271.4,996.251,0,506.05,506.05,1229.724,8.859,96.594,7.223,144.093,0,7.244,7.244,NA,41
"5/23/2022 1:33:25 PM",0,29.49,0.653,1.432,1303.1,996.291,0,506.05,506.05,1211.621,8.857,96.424,7.211,153.438,0,7.232,7.232,NA,41
"5/23/2022 1:33:25 PM",0,29.35,0.616,1.35,1232.1,996.305,0,432.902,432.902,1257.21,8.856,96.334,7.207,151.059,0,7.228,7.228,NA,41
"5/23/2022 1:33:26 PM",0,29.245,0.533,1.172,1072.2,996.274,0,230.356,230.356,1242.973,8.853,96.213,7.204,164.908,0,7.224,7.224,NA,41
"5/23/2022 1:33:26 PM",0,29.078,0.507,1.114,1022.2,996.304,0,216.206,216.206,399.081,8.852,96.096,7.198,254.881,0,7.218,7.218,NA,41
"5/23/2022 1:33:26 PM",0,28.96,0.495,1.085,997.9,996.329,0,454.097,454.097,806.178,8.85,95.904,7.185,394.725,0,7.206,7.206,NA,41
"5/23/2022 1:33:26 PM",0,28.823,0.485,1.061,978.7,996.362,0,389.015,389.015,744.745,8.849,95.65,7.168,307.981,0,7.189,7.189,NA,41
"5/23/2022 1:33:26 PM",0,28.727,0.477,1.043,963.7,996.384,0,169.12,169.12,184.343,8.848,95.634,7.17,568.214,0,7.191,7.191,NA,41
"5/23/2022 1:33:27 PM",0,28.635,0.457,0.999,925.3,996.396,0,414.196,414.196,322.457,8.846,95.441,7.159,1195.05,0,7.179,7.18,NA,41
"5/23/2022 1:33:27 PM",0,28.608,0.443,0.969,897.5,996.393,0,506.05,506.05,179.254,8.845,95.446,7.161,1384.766,0,7.182,7.182,NA,41
"5/23/2022 1:33:27 PM",0,28.594,0.433,0.947,877.2,996.39,0,280.016,280.016,56.123,8.844,95.476,7.165,1494.025,0,7.185,7.185,NA,41
"5/23/2022 1:33:27 PM",0,28.615,0.419,0.917,849.2,996.373,0,214.856,214.856,89.532,8.842,95.271,7.15,1482.726,0,7.171,7.171,NA,41
"5/23/2022 1:33:27 PM",0,28.623,0.407,0.893,827.3,996.362,0,133.627,133.627,107.589,8.841,95.183,7.145,1513.056,0,7.166,7.166,NA,41
"5/23/2022 1:33:28 PM",0,28.597,0.394,0.864,801.1,996.36,0,93.601,93.601,196.132,8.839,95.364,7.161,1438.971,0,7.182,7.182,NA,41
"5/23/2022 1:33:28 PM",0,28.603,0.387,0.849,786.8,996.353,0,506.05,506.05,1257.21,8.836,95.338,7.161,1532.937,0,7.181,7.181,NA,41
"5/23/2022 1:33:28 PM",0,28.561,0.383,0.84,778.8,996.362,0,495.098,495.098,1179.941,8.834,95.175,7.15,1535.571,0,7.171,7.171,NA,41
"5/23/2022 1:33:28 PM",0,28.424,0.374,0.819,761.8,996.395,0,438.129,438.129,923.511,8.833,95.136,7.148,1526.735,0,7.168,7.168,NA,41
"5/23/2022 1:33:28 PM",0,28.255,0.368,0.804,750,996.439,0,461.867,461.867,446.537,8.831,95.127,7.147,1532.003,0,7.168,7.168,NA,41
"5/23/2022 1:33:29 PM",0,27.936,0.36,0.782,734.4,996.524,0,125.405,125.405,81.686,8.827,94.932,7.135,1546.786,0,7.156,7.156,NA,41
"5/23/2022 1:33:29 PM",0,27.686,0.357,0.773,729.5,996.593,0,60.542,60.542,63.215,8.826,94.826,7.129,1507.024,0,7.15,7.15,NA,41
"5/23/2022 1:33:29 PM",0,27.522,0.355,0.765,724.8,996.637,0,126.481,126.481,25.285,8.824,94.751,7.126,1517.814,0,7.147,7.147,NA,41
"5/23/2022 1:33:29 PM",0,27.374,0.346,0.743,706.5,996.671,0,88.499,88.499,61.03,8.823,94.741,7.128,1480.262,0,7.148,7.148,NA,41
"5/23/2022 1:33:29 PM",0,27.379,0.339,0.729,692.8,996.665,0,67.523,67.523,20.436,8.819,94.735,7.133,785.202,0,7.153,7.154,NA,41
"5/23/2022 1:33:30 PM",0,27.479,0.334,0.72,682.5,996.633,0,27.459,27.459,9.677,8.817,94.705,7.133,348.762,0,7.154,7.154,NA,41
"5/23/2022 1:33:30 PM",0,27.574,0.324,0.701,663,996.599,0,10.055,10.055,0,8.813,94.72,7.136,1281.2,0,7.157,7.157,NA,41
"5/23/2022 1:33:30 PM",0,27.688,0.32,0.695,655.7,996.564,0,4.041,4.041,0,8.812,94.663,7.134,1624.439,0,7.154,7.154,NA,41
"5/23/2022 1:33:30 PM",0,27.761,0.315,0.684,644.8,996.54,0,122.987,122.987,0,8.813,94.51,7.123,1668.958,0,7.144,7.144,NA,41
"5/23/2022 1:33:30 PM",0,27.81,0.31,0.675,635.8,996.522,0,384.358,384.358,328.374,8.807,94.4,7.116,1634.125,0,7.137,7.137,NA,41
"5/23/2022 1:33:31 PM",0,27.754,0.293,0.638,601.4,996.525,0,156.031,156.031,157.453,8.804,94.298,7.109,1595.553,0,7.13,7.13,NA,41
"5/23/2022 1:33:31 PM",0,27.655,0.296,0.642,606.2,996.555,0,74.115,74.115,36.433,8.802,94.365,7.116,1603.114,0,7.136,7.136,NA,41
"5/23/2022 1:33:31 PM",0,27.576,0.314,0.679,642.9,996.591,0,51.368,51.368,33.873,8.796,94.313,7.112,1635.569,0,7.133,7.133,NA,41
"5/23/2022 1:33:31 PM",0,27.568,0.368,0.792,749.5,996.633,0,125.225,125.225,22.777,8.786,94.142,7.1,1580.77,0,7.121,7.121,NA,41
"5/23/2022 1:33:31 PM",0,27.588,0.356,0.768,726.2,996.619,0,112.978,112.978,152.43,8.781,94.239,7.11,1548.995,0,7.131,7.131,NA,41
"5/23/2022 1:33:32 PM",0,27.619,0.338,0.73,690.5,996.597,0,36.586,36.586,37.003,8.775,94.275,7.116,631.339,0,7.137,7.137,NA,41
"5/23/2022 1:33:32 PM",0,27.636,0.329,0.713,673.5,996.586,0,18.379,18.379,16.106,8.769,93.649,7.071,360.656,0,7.092,7.092,NA,41
"5/23/2022 1:33:32 PM",0,27.625,0.324,0.701,662.4,996.585,0,14.728,14.728,12.836,8.762,93.744,7.081,301.099,0,7.101,7.102,NA,41
"5/23/2022 1:33:32 PM",0,27.675,0.323,0.7,661.5,996.57,0,11.639,11.639,10.264,8.759,93.826,7.089,282.833,0,7.109,7.109,NA,41
"5/23/2022 1:33:32 PM",0,28.722,57.962,88.561,81857.7,1039.533,39.533,9.189,9.189,57.645,8.76,96.809,5.317,271.108,0,5.327,5.332,NA,41
"5/23/2022 1:33:33 PM",0,30.453,52.133,83.431,74494.3,1034.476,34.477,4.22,4.22,19.178,8.762,97.744,5.527,262.782,0,5.539,5.542,NA,41
"5/23/2022 1:33:33 PM",0,31.049,51.452,83.376,73583.9,1033.743,33.744,2.488,2.488,12.909,8.766,97.641,5.52,265.671,0,5.532,5.536,NA,41
"5/23/2022 1:33:33 PM",0,31.099,51.388,83.361,73498.8,1033.676,33.677,2.083,2.083,10.91,8.768,97.426,5.5,257.429,0,5.512,5.516,NA,41
"5/23/2022 1:33:33 PM",0,31.111,51.355,83.332,73456.4,1033.646,33.647,2.067,2.067,8.181,8.769,97.419,5.493,249.358,0,5.505,5.508,NA,41
"5/23/2022 1:33:33 PM",0,31.104,51.352,83.319,73454.3,1033.647,33.648,2.106,2.106,6.657,8.773,97.378,5.486,224.21,0,5.497,5.501,NA,41
"5/23/2022 1:33:34 PM",0,31.109,51.333,83.298,73430.3,1033.631,33.632,2.114,2.114,6.116,8.774,97.349,5.48,175.188,0,5.492,5.495,NA,41
"5/23/2022 1:33:34 PM",0,31.113,51.318,83.283,73410.6,1033.618,33.618,1.989,1.989,6.277,8.776,96.998,5.458,220.387,0,5.469,5.473,NA,41
"5/23/2022 1:33:34 PM",0,31.112,51.338,83.309,73435.4,1033.634,33.634,1.935,1.935,6.16,8.778,97.023,5.456,255.73,0,5.467,5.471,NA,41
"5/23/2022 1:33:34 PM",0,31.114,51.344,83.323,73443.4,1033.638,33.638,1.849,1.849,6.818,8.782,97.288,5.468,257.514,0,5.479,5.483,NA,41
"5/23/2022 1:33:34 PM",0,31.116,51.366,83.355,73470,1033.653,33.654,1.81,1.81,7.463,8.786,97.232,5.462,256.92,0,5.473,5.476,NA,41
"5/23/2022 1:33:35 PM",0,31.112,51.378,83.367,73485.1,1033.664,33.664,2.059,2.059,7.682,8.788,97.149,5.455,254.371,0,5.467,5.47,NA,41
"5/23/2022 1:33:35 PM",0,31.104,51.384,83.363,73493.5,1033.671,33.672,1.724,1.724,7.873,8.792,97.079,5.45,271.278,0,5.461,5.465,NA,41
"5/23/2022 1:33:35 PM",0,31.1,51.389,83.365,73500.8,1033.677,33.677,1.708,1.708,8.166,8.795,97.091,5.45,290.819,0,5.461,5.465,NA,41
"5/23/2022 1:33:35 PM",0,31.095,51.398,83.369,73512.2,1033.686,33.686,1.779,1.779,7.8,8.798,97.146,5.452,299.57,0,5.464,5.467,NA,41
"5/23/2022 1:33:36 PM",0,31.097,51.393,83.366,73505.7,1033.681,33.681,1.685,1.685,7.565,8.799,97.157,5.453,307.641,0,5.464,5.468,NA,41
"5/23/2022 1:33:36 PM",0,31.095,51.394,83.364,73507.1,1033.682,33.683,1.74,1.74,8.21,8.802,97.022,5.445,316.307,0,5.456,5.46,NA,41
"5/23/2022 1:33:36 PM",0,31.093,51.393,83.36,73506.3,1033.682,33.683,1.615,1.615,8.21,8.804,96.952,5.441,318.176,0,5.452,5.456,NA,41
"5/23/2022 1:33:36 PM",0,31.091,51.388,83.349,73500.6,1033.68,33.68,1.545,1.545,8.327,8.807,97.142,5.452,319.45,0,5.463,5.467,NA,41
"5/23/2022 1:33:36 PM",0,31.09,51.377,83.332,73486.4,1033.671,33.672,1.599,1.599,8.122,8.808,96.98,5.443,321.829,0,5.455,5.458,NA,41
"5/23/2022 1:33:37 PM",0,31.088,51.407,83.371,73524.4,1033.695,33.696,1.724,1.724,7.814,8.809,97.088,5.449,322.424,0,5.46,5.464,NA,41
"5/23/2022 1:33:37 PM",0,31.091,51.386,83.346,73497.3,1033.678,33.678,1.747,1.747,8.21,8.81,97.15,5.453,322.339,0,5.465,5.468,NA,41
"5/23/2022 1:33:37 PM",0,31.103,51.372,83.344,73478.3,1033.662,33.663,1.747,1.747,8.269,8.809,97.134,5.453,321.404,0,5.464,5.468,NA,41
"5/23/2022 1:33:37 PM",0,31.107,51.382,83.363,73490.5,1033.669,33.669,1.513,1.513,8.283,8.81,97.076,5.45,321.404,0,5.461,5.464,NA,41
"5/23/2022 1:33:37 PM",0,31.109,51.377,83.361,73484.5,1033.664,33.665,1.506,1.506,8.122,8.812,97.061,5.449,320.98,0,5.46,5.464,NA,41
"5/23/2022 1:33:38 PM",0,31.11,51.366,83.346,73470.2,1033.655,33.656,1.529,1.529,7.888,8.813,97.148,5.455,320.64,0,5.466,5.469,NA,41
"5/23/2022 1:33:38 PM",0,31.115,51.36,83.347,73463.2,1033.649,33.65,1.474,1.474,8.181,8.815,97.203,5.458,320.81,0,5.469,5.473,NA,41
"5/23/2022 1:33:38 PM",0,31.113,51.368,83.354,73473.4,1033.656,33.657,1.513,1.513,7.888,8.815,97.175,5.457,321.235,0,5.468,5.471,NA,41
"5/23/2022 1:33:38 PM",0,31.113,51.361,83.345,73464.7,1033.651,33.651,1.638,1.638,7.682,8.816,97.119,5.454,321.999,0,5.465,5.468,NA,41
"5/23/2022 1:33:38 PM",0,31.11,51.364,83.343,73467.9,1033.654,33.654,1.685,1.685,7.858,8.816,97.106,5.453,323.274,0,5.464,5.468,NA,41
"5/23/2022 1:33:39 PM",0,31.107,51.368,83.344,73473.2,1033.658,33.659,1.638,1.638,8.239,8.816,97.242,5.461,324.378,0,5.472,5.475,NA,41
"5/23/2022 1:33:39 PM",0,31.105,51.372,83.348,73478.6,1033.662,33.662,1.786,1.786,8.078,8.817,97.216,5.459,325.143,0,5.47,5.474,NA,41
"5/23/2022 1:33:39 PM",0,31.105,51.369,83.344,73475.6,1033.66,33.661,1.693,1.693,8.239,8.816,97.108,5.453,325.992,0,5.464,5.468,NA,41
"5/23/2022 1:33:39 PM",0,31.095,51.378,83.342,73487.9,1033.671,33.671,1.607,1.607,7.829,8.815,97.168,5.456,325.313,0,5.468,5.471,NA,41
"5/23/2022 1:33:39 PM",0,31.083,51.393,83.344,73506.8,1033.686,33.686,1.841,1.841,7.507,8.815,97.166,5.456,325.058,0,5.468,5.471,NA,41
"5/23/2022 1:33:40 PM",0,31.085,51.388,83.341,73501,1033.682,33.682,1.755,1.755,7.375,8.816,97.219,5.459,323.528,0,5.471,5.474,NA,41
"5/23/2022 1:33:40 PM",0,31.087,51.39,83.346,73502.9,1033.682,33.683,1.545,1.545,7.888,8.816,97.248,5.462,321.999,0,5.473,5.477,NA,41
"5/23/2022 1:33:40 PM",0,31.085,51.39,83.344,73503.6,1033.683,33.684,1.716,1.716,8.063,8.816,97.243,5.461,320.47,0,5.472,5.476,NA,41
"5/23/2022 1:33:40 PM",0,31.085,51.386,83.338,73498.8,1033.68,33.681,1.584,1.584,8.063,8.817,97.233,5.461,318.941,0,5.472,5.475,NA,41
"5/23/2022 1:33:40 PM",0,31.082,51.387,83.334,73499.5,1033.682,33.682,1.654,1.654,7.756,8.815,97.151,5.456,317.581,0,5.468,5.471,NA,41
"5/23/2022 1:33:41 PM",0,31.079,51.388,83.332,73502,1033.684,33.685,1.763,1.763,7.756,8.815,97.204,5.46,317.326,0,5.471,5.475,NA,41
"5/23/2022 1:33:41 PM",0,31.077,51.391,83.332,73505.4,1033.687,33.687,1.708,1.708,7.77,8.815,97.26,5.463,317.156,0,5.474,5.478,NA,41
"5/23/2022 1:33:41 PM",0,31.076,51.394,83.335,73509.2,1033.689,33.69,1.763,1.763,8.313,8.815,97.277,5.464,317.581,0,5.476,5.479,NA,41
"5/23/2022 1:33:41 PM",0,31.076,51.39,83.33,73504.6,1033.687,33.687,1.732,1.732,8.049,8.817,97.302,5.466,318.261,0,5.478,5.481,NA,41
"5/23/2022 1:33:41 PM",0,31.076,51.389,83.327,73502.7,1033.686,33.686,1.599,1.599,8.151,8.819,97.355,5.469,319.28,0,5.481,5.484,NA,41
"5/23/2022 1:33:42 PM",0,31.074,51.39,83.326,73504.1,1033.687,33.687,1.693,1.693,7.888,8.819,97.305,5.467,320.3,0,5.478,5.481,NA,41
"5/23/2022 1:39:30 PM",0,30.216,50.525,80.853,72529.3,1033.345,33.345,0.491,0.491,2.828,8.847,96.679,5.472,1336.679,0,5.484,5.487,NA,41
"5/23/2022 1:39:30 PM",0,30.212,50.986,81.484,73101.8,1033.695,33.695,1.006,1.006,2.478,8.85,96.664,5.458,1347.044,0,5.469,5.473,NA,41
"5/23/2022 1:39:31 PM",0,30.21,50.983,81.477,73098.4,1033.694,33.694,0.445,0.445,1.107,8.852,96.678,5.458,1344.325,0,5.47,5.473,NA,41
"5/23/2022 1:39:31 PM",0.038,30.211,50.981,81.476,73096.2,1033.692,33.692,0.429,0.429,0.845,8.855,96.69,5.459,1348.319,0,5.471,5.474,NA,41
"5/23/2022 1:39:31 PM",0.088,30.21,50.986,81.482,73102.6,1033.696,33.696,0.359,0.359,0.655,8.856,96.781,5.464,1373.892,0,5.476,5.48,NA,41
"5/23/2022 1:39:31 PM",0.161,30.214,50.988,81.49,73104.4,1033.697,33.696,0.242,0.242,0.073,8.856,96.867,5.47,981.375,0,5.481,5.485,NA,41
"5/23/2022 1:39:31 PM",0.215,30.215,50.988,81.491,73104.8,1033.697,33.696,0.265,0.265,0.437,8.857,96.83,5.468,1145.349,0,5.48,5.483,NA,41
"5/23/2022 1:39:32 PM",0.259,30.214,50.987,81.489,73102.9,1033.696,33.695,0.413,0.413,0.583,8.858,96.949,5.475,1010.942,0,5.487,5.49,NA,41
"5/23/2022 1:39:32 PM",0.3,30.213,50.99,81.492,73107.3,1033.699,33.698,0.351,0.351,0.699,8.86,96.945,5.475,984.859,0,5.487,5.49,NA,41
"5/23/2022 1:39:32 PM",0.321,30.214,50.992,81.497,73110,1033.701,33.699,0.335,0.335,1.078,8.863,96.83,5.469,974.494,0,5.48,5.484,NA,41
"5/23/2022 1:39:32 PM",0.351,30.215,51,81.508,73119,1033.706,33.705,0.133,0.133,0.437,8.87,96.962,5.477,1000.152,0,5.488,5.492,NA,41
"5/23/2022 1:39:32 PM",0.354,30.217,51.004,81.518,73124.7,1033.709,33.708,1.131,1.131,0.903,8.874,97.039,5.481,964.723,0,5.492,5.496,NA,41
"5/23/2022 1:39:33 PM",0.344,30.22,50.996,81.51,73114.1,1033.702,33.7,0.733,0.733,1.122,8.882,96.855,5.471,866.679,0,5.483,5.486,NA,41
"5/23/2022 1:39:33 PM",0.333,30.222,50.991,81.506,73107.4,1033.697,33.696,0.312,0.312,0.568,8.885,96.865,5.472,727.259,0,5.484,5.487,NA,41
"5/23/2022 1:39:33 PM",0.321,30.22,50.996,81.51,73113.7,1033.701,33.7,0.14,0.14,0.408,8.886,96.97,5.478,900.578,0,5.49,5.493,NA,41
"5/23/2022 1:39:33 PM",0.346,30.214,51.008,81.518,73129.8,1033.713,33.712,0.741,0.741,1.063,8.882,97.002,5.479,1043.481,0,5.491,5.494,NA,41
"5/23/2022 1:39:33 PM",0.366,30.211,51.007,81.513,73128.8,1033.713,33.712,0.359,0.359,0.32,8.881,96.971,5.478,902.957,0,5.489,5.493,NA,41
"5/23/2022 1:39:34 PM",0.386,30.212,51.007,81.514,73128.6,1033.713,33.711,0.32,0.32,0.466,8.881,96.932,5.476,830.656,0,5.488,5.492,NA,41
"5/23/2022 1:39:34 PM",0.403,30.211,51.014,81.522,73136.9,1033.718,33.717,0.039,0.039,0,8.881,97.088,5.485,1060.133,0,5.497,5.5,NA,41
"5/23/2022 1:39:34 PM",0.439,30.209,51.017,81.523,73141,1033.722,33.72,0.094,0.094,0.102,8.88,97.006,5.48,1590.965,0,5.492,5.496,NA,41
"5/23/2022 1:39:34 PM",0.474,30.209,51.025,81.535,73151,1033.728,33.726,0.374,0.374,0.495,8.88,96.96,5.477,1099.64,0,5.489,5.493,NA,41
"5/23/2022 1:39:34 PM",0.493,30.215,51.021,81.538,73145.9,1033.723,33.721,0.273,0.273,0.175,8.88,97.015,5.481,1020.627,0,5.492,5.496,NA,41
"5/23/2022 1:39:35 PM",0.532,30.221,51.01,81.531,73130.8,1033.712,33.71,0.211,0.211,0.335,8.883,97.045,5.483,1241.693,0,5.495,5.498,NA,41
"5/23/2022 1:39:35 PM",0.582,30.225,51.026,81.559,73150.2,1033.723,33.721,0.195,0.195,0.379,8.89,97.019,5.481,850.452,0,5.492,5.496,NA,41
"5/23/2022 1:39:35 PM",0.631,30.224,51.029,81.562,73154.8,1033.727,33.724,0,0,0,8.894,96.984,5.478,1365.141,0,5.49,5.493,NA,41
"5/23/2022 1:39:35 PM",0.679,30.223,51.026,81.556,73151,1033.725,33.722,0.304,0.304,0.714,8.895,97.038,5.481,1060.473,0,5.493,5.496,NA,41
"5/23/2022 1:39:35 PM",0.749,30.224,51.026,81.559,73151.4,1033.725,33.722,0.179,0.179,0.291,8.896,96.961,5.476,864.895,0,5.488,5.492,NA,41
"5/23/2022 1:39:36 PM",0.811,30.224,51.034,81.568,73160.4,1033.731,33.727,0.25,0.25,0.364,8.894,97.043,5.481,949.77,0,5.493,5.496,NA,41
"5/23/2022 1:39:36 PM",0.938,30.224,51.041,81.578,73169.3,1033.737,33.733,0.164,0.164,0.291,8.897,97.072,5.483,961.495,0,5.495,5.498,NA,41
"5/23/2022 1:39:36 PM",1.015,30.224,51.043,81.58,73171.7,1033.738,33.734,0.304,0.304,0.655,8.899,97.099,5.485,695.654,0,5.497,5.5,NA,41
"5/23/2022 1:39:36 PM",1.042,30.225,51.049,81.591,73179.3,1033.743,33.738,0.195,0.195,0.291,8.899,97.171,5.49,642.554,0,5.501,5.505,NA,41
"5/23/2022 1:39:36 PM",1.06,30.225,51.052,81.596,73183.2,1033.745,33.741,0.686,0.686,0.583,8.901,97.033,5.482,1192.502,0,5.493,5.497,NA,41
"5/23/2022 1:39:37 PM",1.077,30.226,51.056,81.602,73187.9,1033.748,33.743,0.367,0.367,0.379,8.901,97.045,5.482,804.148,0,5.494,5.497,NA,41
"5/23/2022 1:39:37 PM",1.063,30.228,51.056,81.607,73188.4,1033.747,33.743,0.936,0.936,0.67,8.906,97.063,5.483,755.466,0,5.495,5.498,NA,41
"5/23/2022 1:39:37 PM",1.051,30.229,51.059,81.611,73191.1,1033.749,33.744,0.663,0.663,0.699,8.907,97.113,5.486,721.482,0,5.498,5.501,NA,41
"5/23/2022 1:39:37 PM",1.023,30.23,51.055,81.607,73186.2,1033.745,33.741,0.491,0.491,0.728,8.905,97.106,5.486,909.669,0,5.498,5.501,NA,41
"5/23/2022 1:39:38 PM",0.975,30.229,51.053,81.603,73184.2,1033.744,33.74,0.257,0.257,0.728,8.899,96.991,5.479,793.189,0,5.491,5.495,NA,41
"5/23/2022 1:39:38 PM",0.938,30.229,51.054,81.603,73184.9,1033.745,33.741,0.289,0.289,1.107,8.901,96.977,5.478,812.729,0,5.49,5.494,NA,41
"5/23/2022 1:39:38 PM",0.891,30.228,51.054,81.602,73185.3,1033.745,33.741,0.952,0.952,1.165,8.903,97.032,5.482,750.708,0,5.493,5.497,NA,41
"5/23/2022 1:39:38 PM",0.858,30.227,51.06,81.609,73192.5,1033.75,33.746,0.452,0.452,0.655,8.906,96.981,5.478,709.673,0,5.49,5.493,NA,41
"5/23/2022 1:39:38 PM",0.811,30.227,51.065,81.616,73199.2,1033.753,33.75,0.312,0.312,0.67,8.904,96.861,5.471,546.549,0,5.483,5.487,NA,41
"5/23/2022 1:39:39 PM",0.778,30.228,51.065,81.618,73199.3,1033.753,33.75,0.328,0.328,0.67,8.905,97.033,5.481,157.091,0,5.493,5.497,NA,41
"5/23/2022 1:39:39 PM",0.773,30.227,51.066,81.619,73200.5,1033.754,33.751,0.632,0.632,0.976,8.906,96.983,5.479,119.964,0,5.491,5.494,NA,41
"5/23/2022 1:39:39 PM",0.81,30.227,51.065,81.617,73198.8,1033.753,33.75,0.554,0.554,0.597,8.904,97.013,5.481,118.774,0,5.493,5.496,NA,41
"5/23/2022 1:39:39 PM",0.839,30.224,51.064,81.611,73198.6,1033.754,33.751,0.265,0.265,0.451,8.906,96.947,5.478,164.653,0,5.489,5.493,NA,41
"5/23/2022 1:39:39 PM",0.898,30.224,51.054,81.597,73185.9,1033.747,33.743,0.242,0.242,0.058,8.908,97.021,5.483,410.783,0,5.495,5.498,NA,41
"5/23/2022 1:39:40 PM",0.982,30.224,51.064,81.611,73198.3,1033.754,33.75,0.172,0.172,0.393,8.907,97.045,5.484,482.574,0,5.496,5.499,NA,41
"5/23/2022 1:39:40 PM",1.02,30.225,51.072,81.623,73207.5,1033.76,33.756,0.25,0.25,0.422,8.906,97.059,5.484,531.681,0,5.496,5.499,NA,41
"5/23/2022 1:39:40 PM",1.07,30.225,51.076,81.628,73212.4,1033.763,33.758,0.226,0.226,0.364,8.909,97.049,5.483,576.71,0,5.495,5.499,NA,41
"5/23/2022 1:39:40 PM",1.089,30.225,51.08,81.634,73217.5,1033.766,33.762,0.218,0.218,0.481,8.909,97.056,5.484,888.599,0,5.495,5.499,NA,41
"5/23/2022 1:39:40 PM",1.114,30.226,51.084,81.641,73222.6,1033.769,33.764,0.055,0.055,0.087,8.914,97.053,5.484,857.588,0,5.495,5.499,NA,41
"5/23/2022 1:39:41 PM",1.115,30.227,51.078,81.635,73215.4,1033.764,33.76,0.187,0.187,0.422,8.913,97.022,5.482,606.276,0,5.494,5.497,NA,41
"5/23/2022 1:39:41 PM",1.091,30.227,51.075,81.631,73211.9,1033.762,33.758,0.367,0.367,0.393,8.913,97.048,5.484,726.75,0,5.495,5.499,NA,41
"5/23/2022 1:39:41 PM",1.058,30.227,51.079,81.636,73216.4,1033.765,33.76,0.187,0.187,0.262,8.916,97.065,5.485,842.55,0,5.496,5.5,NA,41
"5/23/2022 1:39:41 PM",1.004,30.227,51.084,81.642,73222.1,1033.768,33.764,0.117,0.117,0.175,8.918,96.986,5.48,988.257,0,5.492,5.495,NA,41
"5/23/2022 1:39:41 PM",0.929,30.228,51.076,81.633,73212.7,1033.762,33.758,0.25,0.25,0.51,8.914,97.09,5.486,900.833,0,5.498,5.501,NA,41
"5/23/2022 1:39:42 PM",0.884,30.228,51.087,81.649,73226.7,1033.77,33.767,0.179,0.179,0.437,8.914,97.035,5.483,915.701,0,5.495,5.498,NA,41
"5/23/2022 1:39:42 PM",0.841,30.227,51.083,81.641,73221.2,1033.767,33.763,0.109,0.109,0.291,8.911,97.07,5.485,817.147,0,5.497,5.5,NA,41
"5/23/2022 1:39:42 PM",0.815,30.227,51.082,81.639,73219.9,1033.766,33.763,0.452,0.452,0.612,8.909,97.039,5.483,716.809,0,5.495,5.498,NA,41
"5/23/2022 1:39:42 PM",0.785,30.226,51.082,81.639,73220.5,1033.767,33.763,0.218,0.218,0.349,8.908,96.996,5.48,672.035,0,5.492,5.495,NA,41
"5/23/2022 1:39:42 PM",0.777,30.225,51.09,81.649,73230.5,1033.773,33.77,0.195,0.195,0.524,8.906,97.078,5.485,779.935,0,5.497,5.5,NA,41
"5/23/2022 1:39:43 PM",0.754,30.226,51.085,81.642,73223.7,1033.769,33.765,0.14,0.14,0.379,8.908,97.102,5.487,978.657,0,5.498,5.502,NA,41
"5/23/2022 1:39:43 PM",0.754,30.226,51.087,81.645,73226.6,1033.77,33.767,0.211,0.211,0.364,8.912,96.989,5.48,834.224,0,5.492,5.495,NA,41
"5/23/2022 1:39:43 PM",0.778,30.225,51.085,81.642,73224.4,1033.769,33.766,0.39,0.39,0.349,8.909,97.035,5.483,1145.349,0,5.495,5.498,NA,41
"5/23/2022 1:39:43 PM",0.843,30.219,51.096,81.647,73238.5,1033.78,33.776,0.811,0.811,0.393,8.909,97.057,5.484,1022.751,0,5.496,5.499,NA,41
"5/23/2022 1:39:43 PM",0.848,30.218,51.092,81.641,73233.9,1033.777,33.774,0.835,0.835,0.699,8.912,97.09,5.487,859.288,0,5.498,5.502,NA,41
"5/23/2022 1:39:44 PM",0.863,30.218,51.09,81.639,73231.6,1033.776,33.772,0.398,0.398,0.481,8.911,97.17,5.492,780.869,0,5.503,5.507,NA,41
"5/23/2022 1:39:44 PM",0.877,30.217,51.098,81.648,73241.7,1033.783,33.779,0.312,0.312,0.597,8.912,97.134,5.489,853.68,0,5.501,5.505,NA,41
"5/23/2022 1:39:44 PM",0.91,30.214,51.098,81.643,73241.4,1033.783,33.779,0.265,0.265,0.379,8.909,97.11,5.488,821.65,0,5.499,5.503,NA,41
"5/23/2022 1:39:44 PM",0.898,30.211,51.096,81.636,73239.5,1033.783,33.779,0.476,0.476,0.248,8.906,97.07,5.486,903.127,0,5.498,5.501,NA,41
"5/23/2022 1:39:44 PM",0.895,30.21,51.103,81.644,73248.4,1033.789,33.785,0.187,0.187,0.233,8.905,97.095,5.487,665.578,0,5.499,5.503,NA,41
"5/23/2022 1:39:45 PM",0.883,30.211,51.103,81.645,73247.6,1033.788,33.784,0.226,0.226,0.495,8.908,97.087,5.487,629.3,0,5.499,5.502,NA,41
"5/23/2022 1:39:45 PM",0.891,30.21,51.107,81.65,73253.5,1033.792,33.788,0.101,0.101,0.102,8.907,97.071,5.486,590.134,0,5.498,5.501,NA,41
"5/23/2022 1:39:45 PM",0.955,30.2,51.103,81.629,73249.4,1033.792,33.788,0.234,0.234,0.189,8.906,97.126,5.489,875.005,0,5.501,5.504,NA,41
"5/23/2022 1:39:45 PM",0.997,30.199,51.116,81.645,73265.7,1033.803,33.799,0.304,0.304,0.248,8.91,97.188,5.492,1173.131,0,5.504,5.507,NA,41
"5/23/2022 1:39:45 PM",1.016,30.21,51.113,81.658,73261.1,1033.797,33.793,0.172,0.172,0.175,8.915,97.063,5.485,972.37,0,5.497,5.501,NA,41
"5/23/2022 1:39:46 PM",0.971,30.214,51.109,81.658,73255.1,1033.792,33.788,0.273,0.273,0.393,8.916,97.088,5.487,1285.788,0,5.499,5.502,NA,41
"5/23/2022 1:39:46 PM",0.891,30.214,51.111,81.661,73257.5,1033.793,33.789,0.281,0.281,0.248,8.911,97.145,5.49,1032.182,0,5.502,5.506,NA,41
"5/23/2022 1:39:46 PM",0.796,30.215,51.116,81.668,73263.4,1033.796,33.793,0.156,0.156,0.32,8.912,97.101,5.487,911.793,0,5.499,5.502,NA,41
"5/23/2022 1:39:46 PM",0.77,30.216,51.109,81.662,73254.6,1033.79,33.787,0.25,0.25,0.32,8.915,97.18,5.492,853.85,0,5.504,5.507,NA,41
"5/23/2022 1:39:46 PM",0.836,30.218,51.115,81.673,73262.6,1033.795,33.791,0.226,0.226,0.422,8.916,97.365,5.502,1011.366,0,5.514,5.518,NA,41
"5/23/2022 1:39:47 PM",0.936,30.217,51.115,81.67,73261.7,1033.795,33.791,0.125,0.125,0.233,8.916,97.148,5.49,934.902,0,5.502,5.505,NA,41
"5/23/2022 1:39:47 PM",1.129,30.214,51.122,81.677,73271.8,1033.803,33.798,0.047,0.047,0.146,8.913,97.101,5.488,1100.829,0,5.5,5.503,NA,41
"5/23/2022 1:39:47 PM",1.263,30.213,51.123,81.677,73273.3,1033.804,33.799,0.125,0.125,0.335,8.916,97.164,5.491,911.878,0,5.503,5.507,NA,41
"5/23/2022 1:39:47 PM",1.392,30.211,51.127,81.678,73277.6,1033.808,33.802,0.109,0.109,0.218,8.92,96.994,5.482,997.093,0,5.494,5.497,NA,41
"5/23/2022 1:39:47 PM",1.506,30.21,51.135,81.689,73288.2,1033.815,33.809,0.218,0.218,0.364,8.917,97.106,5.488,809.246,0,5.5,5.504,NA,41
"5/23/2022 1:39:48 PM",1.644,30.211,51.147,81.706,73303.1,1033.825,33.818,0.203,0.203,0.364,8.917,97.217,5.494,623.183,0,5.506,5.509,NA,41
"5/23/2022 1:39:48 PM",1.908,30.21,51.151,81.71,73308.2,1033.829,33.821,0.086,0.086,0.116,8.917,97.212,5.494,658.527,0,5.506,5.509,NA,41
"5/23/2022 1:39:48 PM",2.078,30.21,51.175,81.744,73338.2,1033.848,33.839,0.086,0.086,0.116,8.92,97.332,5.5,708.058,0,5.512,5.515,NA,41
"5/23/2022 1:39:48 PM",2.252,30.207,51.179,81.745,73342.9,1033.852,33.843,0.195,0.195,0.408,8.918,97.287,5.498,778.066,0,5.51,5.513,NA,41
"5/23/2022 1:39:49 PM",2.411,30.209,51.188,81.762,73354.7,1033.86,33.849,0.179,0.179,0.349,8.917,97.278,5.497,545.36,0,5.509,5.512,NA,41
"5/23/2022 1:39:49 PM",2.639,30.214,51.218,81.809,73391,1033.882,33.87,0.14,0.14,0.306,8.914,97.33,5.5,390.137,0,5.511,5.515,NA,41
"5/23/2022 1:39:49 PM",2.802,30.216,51.229,81.828,73404.4,1033.89,33.878,0.133,0.133,0.204,8.913,97.3,5.497,405.855,0,5.509,5.513,NA,41
"5/23/2022 1:39:49 PM",2.887,30.211,51.228,81.82,73404.1,1033.891,33.879,0.101,0.101,0.087,8.913,97.261,5.495,489.456,0,5.507,5.511,NA,41
"5/23/2022 1:39:49 PM",2.969,30.198,51.236,81.811,73415.4,1033.902,33.89,0.055,0.055,0.044,8.915,97.313,5.498,817.232,0,5.51,5.514,NA,41
"5/23/2022 1:39:50 PM",3.051,30.185,51.234,81.789,73414.2,1033.906,33.893,0.062,0.062,0,8.918,97.233,5.494,797.691,0,5.506,5.509,NA,41
"5/23/2022 1:39:50 PM",3.193,30.174,51.23,81.768,73411.4,1033.908,33.894,0.226,0.226,0.16,8.915,97.213,5.493,631.424,0,5.505,5.509,NA,41
"5/23/2022 1:39:50 PM",3.299,30.175,51.24,81.784,73423.8,1033.915,33.901,0.125,0.125,0.146,8.915,97.229,5.494,566.09,0,5.506,5.51,NA,41
"5/23/2022 1:39:50 PM",3.365,30.179,51.239,81.787,73422.3,1033.914,33.899,0.101,0.101,0.175,8.916,97.235,5.495,523.015,0,5.507,5.51,NA,41
"5/23/2022 1:39:50 PM",3.416,30.184,51.239,81.795,73421.8,1033.912,33.898,0.101,0.101,0.189,8.919,97.213,5.494,421.318,0,5.506,5.509,NA,41
"5/23/2022 1:39:51 PM",3.534,30.185,51.24,81.797,73422.8,1033.913,33.898,0.086,0.086,0.073,8.918,97.167,5.491,408.404,0,5.503,5.506,NA,41
"5/23/2022 1:39:51 PM",3.664,30.171,51.233,81.767,73414.9,1033.912,33.897,0.094,0.094,0.073,8.917,97.234,5.496,470,0,5.507,5.511,NA,41
"5/23/2022 1:39:51 PM",3.817,30.155,51.25,81.767,73438.7,1033.932,33.916,0.07,0.07,0.073,8.917,97.209,5.494,505.683,0,5.506,5.509,NA,41
"5/23/2022 1:39:51 PM",3.961,30.146,51.263,81.772,73456.2,1033.946,33.929,0.125,0.125,0.015,8.917,96.973,5.481,499.651,0,5.493,5.496,NA,41
"5/23/2022 1:39:51 PM",4.097,30.148,51.262,81.773,73454.2,1033.945,33.927,0.101,0.101,0.015,8.917,97.188,5.494,423.442,0,5.506,5.509,NA,41
"5/23/2022 1:39:52 PM",4.244,30.161,51.275,81.811,73468.8,1033.95,33.932,0.179,0.179,0.306,8.916,97.391,5.505,545.19,0,5.517,5.521,NA,41
"5/23/2022 1:39:52 PM",4.324,30.165,51.271,81.811,73463.2,1033.946,33.928,0.117,0.117,0.175,8.913,97.375,5.505,398.293,0,5.516,5.52,NA,41
"5/23/2022 1:39:52 PM",4.444,30.161,51.276,81.813,73470.8,1033.952,33.934,0.086,0.086,0.16,8.913,97.324,5.502,445.531,0,5.513,5.517,NA,41
"5/23/2022 1:39:52 PM",4.588,30.166,51.291,81.84,73488.9,1033.963,33.943,0.07,0.07,0.116,8.912,97.312,5.501,592.088,0,5.513,5.516,NA,41
"5/23/2022 1:39:52 PM",4.736,30.17,51.297,81.856,73496,1033.966,33.946,0.101,0.101,0.146,8.912,97.311,5.501,505.258,0,5.512,5.516,NA,41
"5/23/2022 1:39:53 PM",4.965,30.191,51.299,81.889,73495.7,1033.961,33.94,0.101,0.101,0.131,8.912,97.31,5.5,381.811,0,5.512,5.516,NA,41
"5/23/2022 1:39:53 PM",5.123,30.195,51.288,81.879,73481.1,1033.952,33.93,0.086,0.086,0.131,8.913,97.386,5.505,368.982,0,5.517,5.52,NA,41
"5/23/2022 1:39:53 PM",5.271,30.194,51.299,81.892,73494.9,1033.961,33.939,0.07,0.07,0.102,8.912,97.258,5.497,309.085,0,5.509,5.512,NA,41
"5/23/2022 1:39:53 PM",5.417,30.191,51.285,81.871,73478.9,1033.953,33.93,0.148,0.148,0.102,8.909,97.272,5.498,275.271,0,5.51,5.514,NA,41
"5/23/2022 1:39:53 PM",5.625,30.163,51.294,81.842,73493.3,1033.97,33.946,0.094,0.094,0.073,8.909,97.151,5.491,291.668,0,5.503,5.507,NA,41
"5/23/2022 1:39:54 PM",5.697,30.143,51.31,81.833,73515.3,1033.99,33.966,0.078,0.078,0.073,8.911,97.243,5.497,303.733,0,5.508,5.512,NA,41
"5/23/2022 1:39:54 PM",5.794,30.151,51.312,81.848,73516.4,1033.989,33.964,0.07,0.07,0.087,8.913,97.346,5.502,310.275,0,5.514,5.518,NA,41
"5/23/2022 1:39:54 PM",5.926,30.156,51.328,81.877,73536,1034,33.974,0.07,0.07,0.16,8.912,97.227,5.495,310.36,0,5.507,5.511,NA,41
"5/23/2022 1:39:54 PM",6.075,30.154,51.327,81.873,73534.7,1034,33.974,0.117,0.117,0.204,8.912,97.212,5.495,312.399,0,5.506,5.51,NA,41
"5/23/2022 1:39:54 PM",6.346,30.171,51.335,81.91,73543,1034.001,33.974,0.109,0.109,0.146,8.918,97.316,5.5,288.78,0,5.512,5.515,NA,41
"5/23/2022 1:39:55 PM",6.527,30.183,51.308,81.89,73508.8,1033.978,33.95,0.117,0.117,0.131,8.916,97.399,5.506,259.468,0,5.518,5.521,NA,41
"5/23/2022 1:39:55 PM",6.697,30.186,51.305,81.89,73504.5,1033.975,33.946,0.133,0.133,0.131,8.913,97.436,5.507,238.993,0,5.519,5.523,NA,41
"5/23/2022 1:39:55 PM",6.864,30.18,51.31,81.889,73511.1,1033.981,33.952,0.094,0.094,0.116,8.913,97.313,5.5,222.766,0,5.512,5.516,NA,41
"5/23/2022 1:39:55 PM",7.149,30.178,51.313,81.89,73515.8,1033.986,33.956,0.07,0.07,0.116,8.913,97.299,5.5,215.544,0,5.511,5.515,NA,41
"5/23/2022 1:39:55 PM",7.342,30.174,51.322,81.896,73527.1,1033.995,33.963,0.125,0.125,0.116,8.913,97.28,5.499,238.653,0,5.51,5.514,NA,41
"5/23/2022 1:39:56 PM",7.531,30.173,51.327,81.902,73533.2,1033.999,33.967,0.109,0.109,0.131,8.911,97.402,5.505,250.718,0,5.517,5.521,NA,41
"5/23/2022 1:39:56 PM",7.738,30.171,51.325,81.897,73531.3,1034,33.967,0.164,0.164,0.189,8.911,97.289,5.499,230.752,0,5.511,5.514,NA,41
"5/23/2022 1:39:56 PM",8.073,30.163,51.342,81.909,73553.3,1034.017,33.982,0.14,0.14,0.175,8.913,97.29,5.499,275.186,0,5.511,5.514,NA,41
"5/23/2022 1:39:56 PM",8.271,30.17,51.344,81.922,73555.3,1034.017,33.981,0.086,0.086,0.189,8.918,97.335,5.501,266.095,0,5.513,5.517,NA,41
"5/23/2022 1:39:56 PM",8.493,30.173,51.34,81.92,73550.2,1034.014,33.978,0.062,0.062,0.102,8.919,97.317,5.5,271.703,0,5.512,5.516,NA,41
"5/23/2022 1:39:57 PM",8.681,30.173,51.344,81.928,73555.8,1034.018,33.981,0.094,0.094,0.146,8.917,97.496,5.511,336.273,0,5.522,5.526,NA,41
"5/23/2022 1:39:57 PM",8.898,30.171,51.336,81.913,73545.7,1034.013,33.975,0.078,0.078,0.16,8.912,97.596,5.517,278.075,0,5.528,5.532,NA,41
"5/23/2022 1:39:57 PM",9.042,30.17,51.336,81.912,73546,1034.014,33.975,0.094,0.094,0.175,8.914,97.625,5.518,220.302,0,5.53,5.534,NA,41
"5/23/2022 1:39:57 PM",9.216,30.17,51.338,81.914,73548.8,1034.016,33.977,0.086,0.086,0.087,8.917,97.563,5.515,200.336,0,5.527,5.53,NA,41
"5/23/2022 1:39:58 PM",9.39,30.159,51.317,81.87,73524.6,1034.005,33.966,0.078,0.078,0.058,8.915,97.602,5.518,211.296,0,5.53,5.533,NA,41
"5/23/2022 1:39:58 PM",9.579,30.131,51.332,81.848,73546.4,1034.028,33.987,0.086,0.086,0.073,8.914,97.473,5.511,217.243,0,5.522,5.526,NA,41
"5/23/2022 1:39:58 PM",9.847,30.108,51.356,81.847,73578.1,1034.055,34.013,0.07,0.07,0.029,8.915,97.353,5.504,209.512,0,5.516,5.52,NA,41
"5/23/2022 1:39:58 PM",9.954,30.099,51.365,81.847,73591.5,1034.066,34.024,0.055,0.055,0.029,8.915,97.329,5.503,225.654,0,5.515,5.519,NA,41
"5/23/2022 1:39:58 PM",10.052,30.095,51.372,81.85,73600.2,1034.073,34.03,0.078,0.078,0.029,8.914,97.375,5.506,225.909,0,5.518,5.522,NA,41
"5/23/2022 1:39:59 PM",10.178,30.092,51.371,81.845,73599.9,1034.074,34.03,0.07,0.07,0.058,8.912,97.321,5.503,216.564,0,5.515,5.519,NA,41
"5/23/2022 1:39:59 PM",10.272,30.089,51.375,81.846,73605.3,1034.078,34.035,0.086,0.086,0.044,8.91,97.322,5.504,233.641,0,5.515,5.519,NA,41
"5/23/2022 1:39:59 PM",10.375,30.091,51.379,81.853,73609,1034.081,34.036,0.086,0.086,0.044,8.912,97.363,5.506,192.52,0,5.518,5.522,NA,41
"5/23/2022 1:39:59 PM",10.418,30.086,51.379,81.846,73610.6,1034.083,34.039,0.078,0.078,0.087,8.914,97.33,5.504,186.063,0,5.516,5.519,NA,41
"5/23/2022 1:39:59 PM",10.448,30.083,51.383,81.847,73615.1,1034.087,34.042,0.07,0.07,0.087,8.914,97.354,5.505,182.155,0,5.517,5.52,NA,41
"5/23/2022 1:40:00 PM",10.423,30.083,51.381,81.845,73613.2,1034.085,34.041,0.062,0.062,0.015,8.917,97.297,5.502,180.795,0,5.513,5.517,NA,41
"5/23/2022 1:40:00 PM",10.345,30.084,51.38,81.845,73611.4,1034.084,34.04,0.062,0.062,0.058,8.919,97.287,5.501,202.46,0,5.513,5.517,NA,41
"5/23/2022 1:40:00 PM",10.269,30.085,51.383,81.85,73615.1,1034.086,34.042,0.055,0.055,0.029,8.921,97.105,5.491,201.95,0,5.503,5.507,NA,41
"5/23/2022 1:40:00 PM",10.168,30.087,51.387,81.859,73620.5,1034.088,34.045,0.047,0.047,0.029,8.921,97.175,5.495,257.514,0,5.507,5.511,NA,41
"5/23/2022 1:40:00 PM",10.045,30.088,51.393,81.868,73626.8,1034.091,34.048,0.062,0.062,0.029,8.921,97.319,5.503,344.853,0,5.515,5.519,NA,41
"5/23/2022 1:40:01 PM",9.895,30.094,51.42,81.916,73660.1,1034.109,34.067,0.062,0.062,0.029,8.924,97.141,5.493,363.63,0,5.505,5.508,NA,41
"5/23/2022 1:40:01 PM",9.848,30.123,51.405,81.937,73637.8,1034.087,34.045,0.086,0.086,0.044,8.924,97.337,5.505,316.987,0,5.516,5.52,NA,41
"5/23/2022 1:40:01 PM",9.796,30.129,51.402,81.942,73633.5,1034.082,34.041,0.078,0.078,0.16,8.921,97.47,5.512,267.37,0,5.523,5.527,NA,41
"5/23/2022 1:40:01 PM",9.723,30.131,51.402,81.945,73632.7,1034.081,34.039,0.07,0.07,0.116,8.921,97.409,5.508,249.783,0,5.52,5.523,NA,41
"5/23/2022 1:40:01 PM",9.659,30.134,51.404,81.952,73635.1,1034.081,34.04,0.14,0.14,0.073,8.924,97.413,5.508,267.54,0,5.519,5.523,NA,41
"5/23/2022 1:40:02 PM",9.558,30.147,51.404,81.972,73633.8,1034.076,34.036,0.086,0.086,0.044,8.925,97.428,5.508,245.62,0,5.52,5.523,NA,41
"5/23/2022 1:40:02 PM",9.485,30.154,51.402,81.979,73630.2,1034.072,34.031,0.086,0.086,0.131,8.925,97.332,5.502,242.476,0,5.514,5.517,NA,41
"5/23/2022 1:40:02 PM",9.395,30.158,51.402,81.985,73630.1,1034.07,34.03,0.078,0.078,0.116,8.924,97.353,5.503,283.257,0,5.515,5.518,NA,41
"5/23/2022 1:40:02 PM",9.289,30.162,51.406,81.995,73633.7,1034.071,34.031,0.086,0.086,0.044,8.924,97.294,5.499,347.232,0,5.511,5.515,NA,41
"5/23/2022 1:40:02 PM",9.124,30.168,51.404,82.002,73630.1,1034.066,34.027,0.094,0.094,0.16,8.925,97.476,5.509,247.064,0,5.521,5.525,NA,41
"5/23/2022 1:40:03 PM",8.987,30.171,51.401,82.003,73627.1,1034.063,34.025,0.125,0.125,0.175,8.925,97.491,5.51,245.195,0,5.522,5.526,NA,41
"5/23/2022 1:40:03 PM",8.867,30.174,51.4,82.005,73625.4,1034.061,34.023,0.086,0.086,0.131,8.923,97.465,5.508,241.627,0,5.52,5.524,NA,41
"5/23/2022 1:40:03 PM",8.704,30.176,51.4,82.008,73624.2,1034.059,34.022,0.086,0.086,0.073,8.923,97.493,5.51,261.932,0,5.521,5.525,NA,41
"5/23/2022 1:40:03 PM",8.513,30.181,51.399,82.014,73622.5,1034.056,34.019,0.047,0.047,0.044,8.927,97.585,5.515,355.558,0,5.527,5.53,NA,41
"5/23/2022 1:40:03 PM",8.219,30.182,51.399,82.016,73622.4,1034.054,34.019,0.078,0.078,0.116,8.927,97.45,5.507,324.973,0,5.519,5.522,NA,41
"5/23/2022 1:40:04 PM",8.052,30.181,51.392,82.004,73614,1034.048,34.014,0.094,0.094,0.116,8.929,97.547,5.513,257.09,0,5.524,5.528,NA,41
"5/23/2022 1:40:04 PM",7.863,30.172,51.395,81.995,73618.9,1034.053,34.02,0.14,0.14,0.175,8.928,97.53,5.512,270.598,0,5.523,5.527,NA,41
"5/23/2022 1:40:04 PM",7.67,30.165,51.399,81.991,73624.4,1034.058,34.025,0.101,0.101,0.073,8.926,97.63,5.517,266.945,0,5.529,5.533,NA,41
"5/23/2022 1:40:04 PM",7.356,30.157,51.395,81.972,73619.6,1034.056,34.025,0.133,0.133,0.102,8.926,97.563,5.514,273.572,0,5.526,5.529,NA,41
"5/23/2022 1:40:04 PM",7.172,30.156,51.405,81.984,73631.9,1034.063,34.033,0.109,0.109,0.102,8.926,97.626,5.517,355.983,0,5.529,5.533,NA,41
"5/23/2022 1:40:05 PM",7.01,30.158,51.404,81.986,73630.8,1034.061,34.032,0.07,0.07,0.073,8.927,97.695,5.522,384.53,0,5.534,5.537,NA,41
"5/23/2022 1:40:05 PM",6.869,30.161,51.405,81.993,73632,1034.061,34.031,0.086,0.086,0.116,8.924,97.529,5.512,307.386,0,5.524,5.528,NA,41
"5/23/2022 1:40:05 PM",6.765,30.164,51.402,81.992,73627.1,1034.056,34.027,0.062,0.062,0.087,8.923,97.532,5.512,253.521,0,5.524,5.528,NA,41
"5/23/2022 1:40:05 PM",6.607,30.173,51.401,82.004,73625.1,1034.052,34.024,0.094,0.094,0.131,8.926,97.501,5.51,324.463,0,5.522,5.526,NA,41
"5/23/2022 1:40:05 PM",6.458,30.175,51.394,81.997,73616.5,1034.046,34.018,0.055,0.055,0.102,8.927,97.472,5.509,444.087,0,5.521,5.524,NA,41
"5/23/2022 1:40:06 PM",6.315,30.173,51.398,82,73621.4,1034.049,34.022,0.047,0.047,0.029,8.927,97.524,5.512,545.275,0,5.524,5.528,NA,41
"5/23/2022 1:40:06 PM",6.214,30.17,51.398,81.995,73621.2,1034.049,34.022,0.07,0.07,0.058,8.927,97.399,5.505,383.51,0,5.517,5.521,NA,41
"5/23/2022 1:40:06 PM",6.082,30.169,51.401,81.998,73624.7,1034.051,34.025,0.101,0.101,0.102,8.925,97.357,5.503,649.946,0,5.515,5.518,NA,41
"5/23/2022 1:40:06 PM",5.987,30.171,51.399,81.998,73623.1,1034.049,34.024,0.055,0.055,0.044,8.924,97.469,5.509,561.332,0,5.521,5.524,NA,41
"5/23/2022 1:40:06 PM",5.888,30.172,51.4,82.001,73623.6,1034.048,34.023,0.086,0.086,0.116,8.922,97.539,5.513,344.599,0,5.525,5.528,NA,41
"5/23/2022 1:40:07 PM",5.759,30.172,51.403,82.005,73627.4,1034.05,34.026,0.086,0.086,0.131,8.922,97.506,5.511,290.394,0,5.523,5.527,NA,41
"5/23/2022 1:40:07 PM",5.6,30.173,51.415,82.023,73642,1034.058,34.035,0.086,0.086,0.102,8.922,97.333,5.501,296.766,0,5.513,5.516,NA,41
"5/23/2022 1:40:07 PM",5.363,30.185,51.407,82.03,73630.8,1034.047,34.024,0.07,0.07,0.189,8.921,97.413,5.505,267.37,0,5.517,5.52,NA,41
"5/23/2022 1:40:07 PM",5.214,30.19,51.403,82.031,73625.5,1034.042,34.02,0.062,0.062,0.116,8.917,97.392,5.504,305.177,0,5.516,5.519,NA,41
"5/23/2022 1:40:07 PM",5.054,30.193,51.397,82.028,73616.9,1034.035,34.014,0.086,0.086,0.087,8.914,97.401,5.505,320.895,0,5.516,5.52,NA,41
"5/23/2022 1:40:08 PM",4.886,30.188,51.372,81.986,73586.9,1034.017,33.997,0.047,0.047,0.058,8.915,97.38,5.504,433.807,0,5.516,5.519,NA,41
"5/23/2022 1:40:08 PM",4.731,30.183,51.375,81.982,73591.1,1034.021,34.001,0,0,0,8.914,97.386,5.504,605.002,0,5.516,5.52,NA,41
"5/23/2022 1:40:08 PM",4.45,30.174,51.392,81.993,73613.1,1034.036,34.017,0.117,0.117,0.175,8.91,97.322,5.5,527.348,0,5.512,5.516,NA,41
"5/23/2022 1:40:08 PM",4.217,30.172,51.396,81.994,73617.5,1034.038,34.02,0.195,0.195,0.175,8.91,97.519,5.512,387.673,0,5.524,5.527,NA,41
"5/23/2022 1:40:09 PM",3.986,30.186,51.379,81.992,73594.8,1034.019,34.002,0.094,0.094,0.073,8.912,97.403,5.506,394.045,0,5.518,5.521,NA,41
"5/23/2022 1:40:09 PM",3.805,30.199,51.375,82.005,73588.8,1034.011,33.995,0.062,0.062,0.058,8.913,97.373,5.504,448.42,0,5.516,5.519,NA,41
"5/23/2022 1:40:09 PM",3.6,30.209,51.365,82.006,73574.1,1033.999,33.983,0.109,0.109,0.073,8.911,97.513,5.512,528.453,0,5.524,5.527,NA,41
"5/23/2022 1:40:09 PM",3.472,30.21,51.363,82.005,73571.9,1033.996,33.982,0.023,0.023,0,8.909,97.291,5.499,528.368,0,5.511,5.514,NA,41
"5/23/2022 1:40:09 PM",3.362,30.21,51.36,82.002,73568.8,1033.994,33.98,0.062,0.062,0.102,8.907,97.39,5.504,636.097,0,5.516,5.52,NA,41
"5/23/2022 1:40:10 PM",3.235,30.209,51.359,81.997,73566.8,1033.993,33.979,0.148,0.148,0.16,8.908,97.457,5.508,612.818,0,5.52,5.523,NA,41
"5/23/2022 1:40:10 PM",3.039,30.204,51.344,81.968,73548.5,1033.982,33.969,0.055,0.055,0.058,8.91,97.355,5.503,484.103,0,5.515,5.518,NA,41
"5/23/2022 1:40:10 PM",2.923,30.196,51.35,81.966,73557.3,1033.989,33.977,0.047,0.047,0,8.911,97.34,5.502,637.117,0,5.514,5.518,NA,41
"5/23/2022 1:40:10 PM",2.836,30.191,51.357,81.967,73566.3,1033.996,33.984,0.047,0.047,0.029,8.909,97.266,5.498,619.7,0,5.509,5.513,NA,41
"5/23/2022 1:40:10 PM",2.756,30.189,51.357,81.964,73566.7,1033.997,33.985,0.094,0.094,0.116,8.907,97.329,5.501,603.897,0,5.513,5.517,NA,41
"5/23/2022 1:40:11 PM",2.666,30.188,51.352,81.957,73560.6,1033.993,33.981,0.055,0.055,0.015,8.906,97.206,5.495,651.135,0,5.506,5.51,NA,41
"5/23/2022 1:40:11 PM",2.586,30.183,51.359,81.958,73569.4,1033.999,33.988,0.031,0.031,0.015,8.905,97.282,5.499,689.367,0,5.511,5.514,NA,41
"5/23/2022 1:40:11 PM",2.539,30.191,51.364,81.978,73574.9,1034,33.989,0.094,0.094,0.131,8.903,97.299,5.5,520.891,0,5.512,5.515,NA,41
"5/23/2022 1:40:11 PM",2.44,30.212,51.36,82.003,73567.6,1033.989,33.979,0.101,0.101,0.146,8.904,97.255,5.497,610.694,0,5.509,5.513,NA,41
"5/23/2022 1:40:11 PM",2.304,30.218,51.345,81.991,73547.6,1033.975,33.965,0.078,0.078,0.058,8.906,97.243,5.497,636.097,0,5.509,5.512,NA,41
"5/23/2022 1:40:12 PM",2.132,30.215,51.343,81.984,73546.3,1033.974,33.965,0.039,0.039,0,8.903,97.117,5.49,642.129,0,5.502,5.505,NA,41
"5/23/2022 1:40:12 PM",1.927,30.214,51.346,81.986,73549.4,1033.975,33.967,0.047,0.047,0.058,8.905,97.185,5.494,775.262,0,5.505,5.509,NA,41
"5/23/2022 1:40:12 PM",1.788,30.216,51.342,81.985,73544.9,1033.971,33.964,0,0,0,8.906,97.135,5.491,630.405,0,5.502,5.506,NA,41
"5/23/2022 1:40:12 PM",1.661,30.218,51.34,81.984,73541.2,1033.968,33.961,0.14,0.14,0.044,8.904,97.193,5.494,635.332,0,5.506,5.51,NA,41
"5/23/2022 1:40:12 PM",1.559,30.22,51.324,81.966,73521.9,1033.955,33.949,0.226,0.226,0.262,8.903,97.243,5.497,980.951,0,5.509,5.513,NA,41
"5/23/2022 1:40:13 PM",1.408,30.221,51.307,81.943,73500.2,1033.941,33.935,0.101,0.101,0.16,8.902,97.222,5.496,740.598,0,5.508,5.512,NA,41
"5/23/2022 1:40:13 PM",1.265,30.222,51.307,81.945,73500.1,1033.94,33.935,0.156,0.156,0.131,8.902,97.254,5.498,655.638,0,5.51,5.514,NA,41
"5/23/2022 1:40:13 PM",1.079,30.222,51.302,81.937,73493.7,1033.936,33.931,0.039,0.039,0,8.903,97.244,5.498,947.561,0,5.51,5.513,NA,41
"5/23/2022 1:40:13 PM",0.944,30.223,51.3,81.936,73491.4,1033.933,33.929,0.047,0.047,0.073,8.903,97.277,5.5,1097.176,0,5.512,5.515,NA,41
"5/23/2022 1:40:13 PM",0.781,30.224,51.292,81.927,73481.3,1033.926,33.923,0.296,0.296,0.32,8.902,97.339,5.503,941.274,0,5.515,5.519,NA,41
"5/23/2022 1:40:14 PM",0.668,30.225,51.291,81.925,73479.1,1033.924,33.922,0.234,0.234,0.291,8.902,97.115,5.491,784.608,0,5.502,5.506,NA,41
"5/23/2022 1:40:14 PM",0.576,30.224,51.287,81.92,73475.2,1033.922,33.919,0.125,0.125,0.175,8.903,97.241,5.498,817.912,0,5.51,5.513,NA,41
"5/23/2022 1:40:14 PM",0.504,30.224,51.285,81.917,73472.1,1033.92,33.917,0.055,0.055,0,8.903,97.305,5.502,812.729,0,5.514,5.517,NA,41
"5/23/2022 1:40:14 PM",0.438,30.224,51.29,81.924,73478.5,1033.923,33.921,0.039,0.039,0,8.904,97.295,5.501,976.533,0,5.513,5.516,NA,41
"5/23/2022 1:40:14 PM",0.28,30.225,51.283,81.915,73469.7,1033.917,33.916,0.094,0.094,0.175,8.9,97.153,5.493,1227.42,0,5.505,5.508,NA,41
"5/23/2022 1:40:15 PM",0.159,30.224,51.279,81.908,73464,1033.913,33.913,0.023,0.023,0.015,8.897,97.213,5.497,997.688,0,5.508,5.512,NA,41
"5/23/2022 1:40:15 PM",0.039,30.221,51.282,81.906,73468.3,1033.917,33.916,0.101,0.101,0,8.899,97.202,5.496,1131.075,0,5.508,5.512,NA,41
"5/23/2022 1:40:15 PM",0,30.222,51.278,81.903,73463.1,1033.913,33.913,0.156,0.156,0.218,8.9,97.11,5.491,1148.237,0,5.503,5.506,NA,41
"5/23/2022 1:40:15 PM",0,30.222,51.272,81.896,73456.5,1033.908,33.909,0.133,0.133,0.189,8.899,97.151,5.493,1395.811,0,5.505,5.509,NA,41
"5/23/2022 1:40:15 PM",0,30.224,51.263,81.885,73444.1,1033.9,33.901,0.694,0.694,0.116,8.9,97.062,5.489,1476.014,0,5.501,5.504,NA,41
"5/23/2022 1:40:16 PM",0,30.225,51.245,81.862,73422.1,1033.886,33.887,0.406,0.406,0.364,8.9,97.176,5.496,1481.281,0,5.508,5.511,NA,41
"5/23/2022 1:40:16 PM",0,30.226,51.256,81.878,73435.5,1033.894,33.895,0.172,0.172,0.481,8.899,97.229,5.499,1493.091,0,5.511,5.514,NA,41
"5/23/2022 1:40:16 PM",0,30.226,51.248,81.868,73425.8,1033.888,33.889,0.296,0.296,0.291,8.899,97.149,5.494,1473.805,0,5.506,5.51,NA,41
"5/23/2022 1:40:16 PM",0,30.223,51.238,81.849,73413.3,1033.882,33.882,1.264,1.264,0,8.896,97.115,5.493,1460.891,0,5.505,5.508,NA,41
"5/23/2022 1:40:16 PM",0,30.218,9.065,17.204,15432.5,1002.33,2.33,0,0,0,8.893,97.183,6.926,1413.143,0,6.946,6.946,NA,41
"5/23/2022 1:40:17 PM",0,30.164,1.385,2.968,2665,996.635,0,59.005,59.005,154.281,8.891,97.243,7.228,1366.755,0,7.249,7.249,NA,41
"5/23/2022 1:40:17 PM",0,30.119,1.06,2.301,2068.5,996.407,0,40.806,40.806,0,8.888,97.031,7.224,1323.85,0,7.245,7.245,NA,41
"5/23/2022 1:40:17 PM",0,30.062,0.922,2.013,1811.5,996.321,0,0,0,0,8.888,96.927,7.221,1278.991,0,7.242,7.242,NA,41
"5/23/2022 1:40:17 PM",0,29.999,0.721,1.59,1432.4,996.189,0,417.605,417.605,138.642,8.887,96.594,7.204,1104.483,0,7.224,7.224,NA,41
"5/23/2022 1:40:17 PM",0,29.954,0.689,1.52,1371,996.179,0,193.599,193.599,23.682,8.886,96.683,7.211,1189.018,0,7.232,7.232,NA,41
"5/23/2022 1:40:18 PM",0,29.895,0.643,1.421,1282.6,996.162,0,169.885,169.885,158.3,8.887,96.496,7.199,1213.402,0,7.22,7.22,NA,41
"5/23/2022 1:40:18 PM",0,29.987,0.619,1.373,1236.8,996.116,0,168.66,168.66,35.789,8.884,96.393,7.191,1222.153,0,7.212,7.212,NA,41
"5/23/2022 1:40:18 PM",0,30.124,0.562,1.254,1127.2,996.032,0,216.791,216.791,51.446,8.881,96.229,7.18,1264.548,0,7.201,7.201,NA,41
"5/23/2022 1:40:18 PM",0,30.169,0.527,1.18,1059.7,995.992,0,79.997,79.997,21.369,8.879,96.368,7.193,1315.184,0,7.214,7.214,NA,41
"5/23/2022 1:40:19 PM",0,30.178,0.517,1.158,1039.9,995.982,0,420.031,420.031,25.375,8.879,96.509,7.205,1352.821,0,7.226,7.226,NA,41
"5/23/2022 1:40:19 PM",0,30.123,0.482,1.082,972.2,995.973,0,221.058,221.058,23.207,8.88,96.438,7.201,1420.365,0,7.222,7.222,NA,41
"5/23/2022 1:40:19 PM",0,30.106,0.508,1.137,1021.9,995.997,0,84.342,84.342,0,8.882,96.435,7.201,1438.291,0,7.221,7.221,NA,41
"5/23/2022 1:40:19 PM",0,30.323,0.565,1.266,1133,995.974,0,26.998,26.998,42.036,8.879,96.259,7.184,1485.699,0,7.205,7.205,NA,41
"5/23/2022 1:40:19 PM",0,30.344,0.462,1.043,933.5,995.891,0,0,0,0,8.879,96.447,7.204,1466.838,0,7.224,7.225,NA,41
"5/23/2022 1:40:20 PM",0,30.138,0.43,0.968,870.1,995.929,0,0,0,0,8.878,96.208,7.187,1167.353,0,7.208,7.208,NA,41
"5/23/2022 1:40:20 PM",0,29.874,0.408,0.916,827,995.992,0,81.682,81.682,0,8.876,96.065,7.177,1205.755,0,7.197,7.197,NA,41
"5/23/2022 1:40:20 PM",0,29.236,0.42,0.93,850.6,996.192,0,97.002,97.002,39.194,8.875,95.885,7.164,1383.917,0,7.185,7.185,NA,41
"5/23/2022 1:40:20 PM",0,28.871,0.419,0.922,850.1,996.299,0,129.797,129.797,36.238,8.873,95.8,7.158,482.404,0,7.179,7.179,NA,41
"5/23/2022 1:40:20 PM",0,29.314,0.417,0.926,845.9,996.167,0,36.921,36.921,0,8.872,95.684,7.15,774.412,0,7.171,7.171,NA,41
"5/23/2022 1:40:21 PM",0,30.138,0.378,0.856,769.1,995.891,0,55.034,55.034,37.768,8.869,95.942,7.173,1144.074,0,7.194,7.194,NA,41
"5/23/2022 1:40:21 PM",0,30.655,0.364,0.832,739.6,995.721,0,92.61,92.61,14.514,8.867,96.058,7.183,1279.756,0,7.204,7.204,NA,41
"5/23/2022 1:40:21 PM",0,31.005,0.353,0.813,718,995.605,0,261.426,261.426,94.76,8.862,96.173,7.192,1221.813,0,7.213,7.213,NA,41
"5/23/2022 1:40:21 PM",0,31.187,0.351,0.812,714.5,995.547,0,94.553,94.553,34.576,8.858,96.324,7.204,1152.4,0,7.225,7.225,NA,41
"5/23/2022 1:40:21 PM",0,31.186,0.339,0.785,690.6,995.538,0,108.789,108.789,16.18,8.855,96.477,7.216,1115.358,0,7.236,7.236,NA,41
"5/23/2022 1:40:22 PM",0,31.195,0.326,0.754,663.9,995.525,0,32.584,32.584,0,8.854,96.512,7.218,1170.922,0,7.239,7.239,NA,41
"5/23/2022 1:40:22 PM",0,30.869,0.331,0.761,674.3,995.631,0,148.238,148.238,0,8.854,95.829,7.166,498.037,0,7.187,7.187,NA,41
"5/23/2022 1:40:22 PM",0,30.623,0.329,0.753,670.2,995.705,0,25.298,25.298,8.225,8.847,95.602,7.148,216.733,0,7.169,7.169,NA,41
"5/23/2022 1:40:22 PM",0,30.627,0.307,0.704,626.5,995.687,0,475.471,475.471,0,8.845,95.233,7.121,193.539,0,7.142,7.142,NA,41
"5/23/2022 1:40:22 PM",0,30.574,0.315,0.721,642.1,995.71,0,217.064,217.064,8.796,8.844,95.154,7.114,155.817,0,7.134,7.134,NA,41
"5/23/2022 1:40:23 PM",0,30.504,0.31,0.709,632.2,995.727,0,0.593,0.593,0,8.842,94.938,7.098,143.923,0,7.118,7.118,NA,41
"5/23/2022 1:40:23 PM",0,31.025,51.447,83.333,73580.4,1033.748,33.749,2.855,2.855,0,8.843,96.13,5.419,150.889,0,5.431,5.434,NA,41
"5/23/2022 1:40:23 PM",0,31.192,51.422,83.548,73531.3,1033.668,33.668,2.481,2.481,0.073,8.844,96.272,5.417,226.589,0,5.429,5.432,NA,41
"5/23/2022 1:40:23 PM",0,31.24,51.341,83.505,73425.7,1033.589,33.59,2.052,2.052,7.595,8.847,96.516,5.425,874.071,0,5.436,5.44,NA,41
"5/23/2022 1:40:23 PM",0,31.25,51.314,83.483,73391,1033.565,33.565,2.083,2.083,10.102,8.849,96.494,5.418,1023.601,0,5.429,5.432,NA,41
"5/23/2022 1:40:24 PM",0,31.249,51.318,83.487,73396.3,1033.568,33.569,2.387,2.387,11.248,8.85,96.622,5.42,1033.881,0,5.431,5.435,NA,41
"5/23/2022 1:44:36 PM",0.027,30.268,50.984,81.564,73093.2,1033.674,33.674,0.023,0.023,0,8.869,96.462,5.441,1444.409,0,5.452,5.456,NA,41
"5/23/2022 1:44:36 PM",0.044,30.258,50.988,81.555,73099,1033.68,33.68,0,0,0,8.868,96.522,5.444,1452.225,0,5.456,5.459,NA,41
"5/23/2022 1:44:36 PM",0.061,30.257,50.978,81.54,73087.2,1033.673,33.673,0.179,0.179,0.306,8.869,96.504,5.443,1454.179,0,5.455,5.458,NA,41
"5/23/2022 1:44:36 PM",0.075,30.263,50.981,81.553,73090.4,1033.674,33.674,0.047,0.047,0.044,8.868,96.439,5.441,1366.585,0,5.452,5.456,NA,41
"5/23/2022 1:44:36 PM",0.081,30.268,50.967,81.541,73072.3,1033.661,33.661,0.055,0.055,0.029,8.867,96.698,5.456,1092.163,0,5.468,5.471,NA,41
"5/23/2022 1:44:37 PM",0.07,30.272,50.961,81.538,73064,1033.655,33.655,0.094,0.094,0.102,8.866,96.734,5.459,903.892,0,5.47,5.474,NA,41
"5/23/2022 1:44:37 PM",0.058,30.273,50.957,81.534,73058.9,1033.652,33.651,0.086,0.086,0.102,8.867,96.691,5.457,1069.819,0,5.469,5.472,NA,41
"5/23/2022 1:44:37 PM",0.06,30.272,50.975,81.559,73082,1033.666,33.666,0,0,0,8.867,96.698,5.457,1176.699,0,5.468,5.472,NA,41
"5/23/2022 1:44:37 PM",0.075,30.27,50.975,81.555,73081.9,1033.667,33.666,0.125,0.125,0.189,8.869,96.649,5.454,1182.306,0,5.466,5.469,NA,41
"5/23/2022 1:44:38 PM",0.103,30.27,50.968,81.545,73072.8,1033.661,33.661,0.047,0.047,0.044,8.87,96.773,5.462,1114.423,0,5.473,5.477,NA,41
"5/23/2022 1:44:38 PM",0.138,30.268,50.968,81.542,73073.6,1033.662,33.662,0.062,0.062,0.029,8.87,96.821,5.464,935.327,0,5.476,5.48,NA,41
"5/23/2022 1:44:38 PM",0.193,30.263,50.97,81.537,73076.5,1033.666,33.665,0.039,0.039,0.029,8.871,96.775,5.462,779.595,0,5.474,5.477,NA,41
"5/23/2022 1:44:38 PM",0.263,30.263,50.964,81.53,73069.5,1033.662,33.661,0.156,0.156,0.364,8.871,96.965,5.472,719.018,0,5.484,5.487,NA,41
"5/23/2022 1:44:38 PM",0.376,30.26,50.961,81.521,73065.7,1033.661,33.659,0.055,0.055,0.073,8.871,96.871,5.467,938.81,0,5.479,5.482,NA,41
"5/23/2022 1:44:39 PM",0.445,30.26,50.967,81.529,73072.7,1033.665,33.663,0.156,0.156,0.262,8.874,96.801,5.463,995.139,0,5.475,5.478,NA,41
"5/23/2022 1:44:39 PM",0.511,30.259,50.965,81.524,73070.4,1033.664,33.662,0.055,0.055,0,8.874,96.854,5.467,891.403,0,5.478,5.482,NA,41
"5/23/2022 1:44:39 PM",0.581,30.257,50.973,81.533,73081.6,1033.672,33.67,0.07,0.07,0.058,8.876,96.785,5.462,808.311,0,5.474,5.477,NA,41
"5/23/2022 1:44:39 PM",0.668,30.251,50.99,81.547,73103,1033.687,33.685,0.094,0.094,0.146,8.876,96.867,5.467,705.17,0,5.478,5.482,NA,41
"5/23/2022 1:44:39 PM",0.715,30.25,51.002,81.564,73118.4,1033.697,33.694,0.062,0.062,0.044,8.876,96.901,5.469,668.552,0,5.48,5.484,NA,41
"5/23/2022 1:44:40 PM",0.753,30.253,51.007,81.574,73123.9,1033.7,33.697,0.094,0.094,0.131,8.875,96.879,5.467,745.441,0,5.478,5.482,NA,41
"5/23/2022 1:44:40 PM",0.75,30.254,50.994,81.558,73107.4,1033.689,33.686,0.062,0.062,0,8.874,96.818,5.464,824.029,0,5.476,5.479,NA,41
"5/23/2022 1:44:40 PM",0.736,30.256,50.99,81.555,73101.8,1033.685,33.682,0.078,0.078,0.015,8.874,96.902,5.469,837.368,0,5.481,5.484,NA,41
"5/23/2022 1:44:40 PM",0.739,30.257,51.007,81.581,73123.6,1033.698,33.695,0.14,0.14,0.189,8.873,96.825,5.465,932.438,0,5.477,5.48,NA,41
"5/23/2022 1:44:40 PM",0.737,30.26,51.01,81.589,73127.1,1033.7,33.697,0.016,0.016,0,8.877,96.838,5.466,515.284,0,5.478,5.482,NA,41
"5/23/2022 1:44:41 PM",0.748,30.261,51.004,81.582,73119.4,1033.695,33.691,0.117,0.117,0.16,8.882,96.851,5.468,298.295,0,5.479,5.483,NA,41
"5/23/2022 1:44:41 PM",0.777,30.258,51.007,81.582,73123.1,1033.698,33.695,0.086,0.086,0.102,8.888,96.939,5.472,156.157,0,5.484,5.488,NA,41
"5/23/2022 1:44:41 PM",0.822,30.255,51.015,81.589,73133.5,1033.705,33.702,0.016,0.016,0,8.894,96.907,5.471,353.18,0,5.483,5.486,NA,41
"5/23/2022 1:44:41 PM",0.866,30.257,51.018,81.597,73137.7,1033.707,33.704,0,0,0,8.898,96.91,5.472,340.945,0,5.484,5.487,NA,41
"5/23/2022 1:44:41 PM",0.918,30.26,51.017,81.598,73135.5,1033.705,33.702,0.156,0.156,0.218,8.898,96.881,5.471,867.614,0,5.482,5.486,NA,41
"5/23/2022 1:44:42 PM",0.961,30.248,51.015,81.577,73134.2,1033.708,33.704,0.039,0.039,0,8.9,96.75,5.463,1042.122,0,5.475,5.478,NA,41
"5/23/2022 1:44:42 PM",1.036,30.239,51.021,81.574,73143.4,1033.717,33.712,0.078,0.078,0.073,8.898,96.973,5.476,851.641,0,5.488,5.491,NA,41
"5/23/2022 1:44:42 PM",1.069,30.248,51.025,81.592,73147,1033.716,33.712,0,0,0,8.903,96.941,5.474,677.558,0,5.485,5.489,NA,41
"5/23/2022 1:44:42 PM",1.054,30.253,51.026,81.601,73148.2,1033.716,33.711,0.023,0.023,0,8.906,96.915,5.473,592.513,0,5.484,5.488,NA,41
"5/23/2022 1:44:42 PM",1.036,30.257,51.025,81.606,73146.4,1033.713,33.709,0.117,0.117,0.248,8.907,96.876,5.471,610.099,0,5.482,5.486,NA,41
"5/23/2022 1:44:43 PM",1.031,30.259,51.027,81.611,73148.6,1033.714,33.71,0.062,0.062,0.116,8.905,96.98,5.476,649.946,0,5.488,5.491,NA,41
"5/23/2022 1:44:43 PM",1.015,30.258,51.023,81.605,73143.6,1033.711,33.707,0.117,0.117,0.233,8.908,97.057,5.481,642.639,0,5.493,5.496,NA,41
"5/23/2022 1:44:43 PM",1.007,30.256,51.03,81.612,73152.5,1033.717,33.713,0.07,0.07,0.131,8.908,96.838,5.468,744.506,0,5.48,5.483,NA,41
"5/23/2022 1:44:43 PM",1.003,30.254,51.036,81.615,73159.4,1033.722,33.718,0.039,0.039,0.015,8.913,96.977,5.476,736.945,0,5.488,5.492,NA,41
"5/23/2022 1:44:43 PM",0.988,30.253,51.04,81.62,73164.7,1033.725,33.721,0.086,0.086,0.131,8.917,97.009,5.478,784.013,0,5.49,5.493,NA,41
"5/23/2022 1:44:44 PM",0.991,30.256,51.041,81.627,73165.9,1033.725,33.721,0,0,0,8.915,96.865,5.469,591.153,0,5.481,5.484,NA,41
"5/23/2022 1:44:44 PM",0.984,30.264,51.029,81.621,73149.6,1033.713,33.709,0.078,0.078,0.116,8.912,96.976,5.475,429.304,0,5.487,5.49,NA,41
"5/23/2022 1:44:44 PM",0.97,30.266,51.025,81.62,73145.1,1033.71,33.706,0.172,0.172,0.32,8.913,96.824,5.467,315.457,0,5.479,5.482,NA,41
"5/23/2022 1:44:44 PM",0.986,30.266,51.027,81.621,73146.7,1033.711,33.707,0.094,0.094,0.146,8.912,96.918,5.473,189.376,0,5.484,5.488,NA,41
"5/23/2022 1:44:44 PM",0.993,30.264,51.03,81.623,73150.9,1033.714,33.71,0.055,0.055,0,8.911,96.97,5.475,218.773,0,5.487,5.49,NA,41
"5/23/2022 1:44:45 PM",1.045,30.265,51.034,81.629,73156,1033.717,33.713,0.031,0.031,0.029,8.91,96.997,5.476,273.657,0,5.488,5.491,NA,41
"5/23/2022 1:44:45 PM",1.083,30.265,51.036,81.632,73158.1,1033.719,33.714,0.016,0.016,0,8.909,96.95,5.474,523.78,0,5.486,5.489,NA,41
"5/23/2022 1:44:45 PM",1.149,30.264,51.037,81.632,73160.6,1033.721,33.716,0.086,0.086,0.131,8.908,97.036,5.48,724.201,0,5.491,5.495,NA,41
"5/23/2022 1:44:45 PM",1.198,30.261,51.03,81.619,73152.2,1033.716,33.711,0.109,0.109,0.189,8.907,96.956,5.475,712.901,0,5.486,5.49,NA,41
"5/23/2022 1:44:45 PM",1.224,30.265,51.036,81.633,73158.7,1033.719,33.714,0,0,0,8.907,96.882,5.471,561.077,0,5.483,5.486,NA,41
"5/23/2022 1:44:46 PM",1.194,30.268,51.037,81.639,73159.7,1033.719,33.714,0.109,0.109,0.175,8.903,96.861,5.47,688.433,0,5.482,5.485,NA,41
"5/23/2022 1:44:46 PM",1.17,30.269,51.037,81.639,73159.2,1033.718,33.713,0.07,0.07,0.102,8.906,96.922,5.473,514.094,0,5.485,5.488,NA,41
"5/23/2022 1:44:46 PM",1.137,30.27,51.039,81.644,73161.7,1033.719,33.715,0,0,0,8.909,96.953,5.475,410.443,0,5.486,5.49,NA,41
"5/23/2022 1:44:46 PM",1.106,30.27,51.04,81.646,73162.6,1033.72,33.715,0.07,0.07,0.073,8.909,96.866,5.47,473.653,0,5.481,5.485,NA,41
"5/23/2022 1:44:46 PM",1.061,30.27,51.044,81.651,73167.9,1033.723,33.718,0.07,0.07,0.058,8.908,96.874,5.47,471.699,0,5.482,5.486,NA,41
"5/23/2022 1:44:47 PM",1.022,30.27,51.049,81.657,73173.6,1033.726,33.722,0.086,0.086,0.058,8.908,97.11,5.484,318.601,0,5.495,5.499,NA,41
"5/23/2022 1:44:47 PM",1.008,30.269,51.054,81.664,73181,1033.731,33.727,0.055,0.055,0.029,8.909,96.92,5.473,524.884,0,5.485,5.488,NA,41
"5/23/2022 1:44:47 PM",1.019,30.269,51.058,81.669,73185.4,1033.734,33.729,0.039,0.039,0.058,8.912,96.882,5.47,429.304,0,5.482,5.485,NA,41
"5/23/2022 1:44:47 PM",1.029,30.269,51.061,81.672,73188.6,1033.736,33.731,0.023,0.023,0.029,8.914,96.96,5.474,588.434,0,5.486,5.489,NA,41
"5/23/2022 1:44:47 PM",1.054,30.269,51.062,81.674,73190.4,1033.737,33.733,0.086,0.086,0.204,8.915,97.082,5.481,531.936,0,5.493,5.496,NA,41
"5/23/2022 1:44:48 PM",1.107,30.273,51.06,81.677,73187.6,1033.734,33.73,0.07,0.07,0.116,8.916,96.882,5.47,634.653,0,5.482,5.485,NA,41
"5/23/2022 1:44:48 PM",1.137,30.273,51.06,81.678,73188.1,1033.735,33.73,0,0,0,8.917,96.887,5.471,514.859,0,5.483,5.486,NA,41
"5/23/2022 1:44:48 PM",1.173,30.273,51.058,81.676,73185.5,1033.733,33.728,0.008,0.008,0,8.919,96.916,5.473,527.433,0,5.484,5.488,NA,41
"5/23/2022 1:44:48 PM",1.2,30.273,51.061,81.68,73189.2,1033.736,33.73,0.047,0.047,0.044,8.922,96.943,5.475,649.861,0,5.486,5.49,NA,41
"5/23/2022 1:44:49 PM",1.241,30.271,51.065,81.681,73193.5,1033.739,33.734,0.039,0.039,0.029,8.921,97.076,5.483,603.217,0,5.494,5.498,NA,41
"5/23/2022 1:44:49 PM",1.238,30.271,51.063,81.679,73191.6,1033.738,33.732,0.078,0.078,0.087,8.92,97.089,5.483,591.578,0,5.494,5.498,NA,41
"5/23/2022 1:44:49 PM",1.255,30.269,51.067,81.681,73196.9,1033.742,33.736,0,0,0,8.922,96.956,5.476,568.129,0,5.487,5.491,NA,41
"5/23/2022 1:44:49 PM",1.252,30.267,51.066,81.677,73195.8,1033.742,33.736,0.07,0.07,0.058,8.921,96.946,5.475,522.42,0,5.487,5.49,NA,41
"5/23/2022 1:44:49 PM",1.25,30.26,51.073,81.676,73205.2,1033.749,33.744,0,0,0,8.919,96.842,5.469,789.875,0,5.481,5.484,NA,41
"5/23/2022 1:44:50 PM",1.236,30.255,51.077,81.675,73210.7,1033.754,33.749,0.055,0.055,0.058,8.917,97.007,5.478,480.79,0,5.49,5.493,NA,41
"5/23/2022 1:44:50 PM",1.222,30.253,51.082,81.679,73216.9,1033.758,33.753,0.125,0.125,0.233,8.916,96.963,5.475,689.197,0,5.487,5.491,NA,41
"5/23/2022 1:44:50 PM",1.205,30.253,51.081,81.677,73215.9,1033.758,33.753,0.016,0.016,0,8.914,96.889,5.472,769.145,0,5.483,5.487,NA,41
"5/23/2022 1:44:50 PM",1.187,30.253,51.077,81.672,73211.1,1033.755,33.75,0.086,0.086,0.116,8.911,96.971,5.476,508.062,0,5.488,5.492,NA,41
"5/23/2022 1:44:50 PM",1.168,30.249,51.075,81.664,73209.1,1033.754,33.749,0.016,0.016,0,8.908,96.987,5.477,559.633,0,5.489,5.493,NA,41
"5/23/2022 1:44:51 PM",1.139,30.247,51.076,81.662,73210.3,1033.756,33.751,0.078,0.078,0.044,8.905,97.012,5.479,493.279,0,5.49,5.494,NA,41
"5/23/2022 1:44:51 PM",1.123,30.245,51.084,81.67,73220.7,1033.762,33.758,0.117,0.117,0.146,8.902,96.909,5.473,467.706,0,5.484,5.488,NA,41
"5/23/2022 1:44:51 PM",1.101,30.245,51.083,81.668,73219.8,1033.762,33.757,0.101,0.101,0.087,8.902,96.968,5.476,427.86,0,5.488,5.492,NA,41
"5/23/2022 1:44:51 PM",1.101,30.247,51.083,81.67,73218.9,1033.761,33.756,0.062,0.062,0,8.902,96.942,5.475,344.853,0,5.487,5.49,NA,41
"5/23/2022 1:44:51 PM",1.087,30.246,51.081,81.667,73217,1033.76,33.755,0.047,0.047,0.029,8.903,96.863,5.471,296.086,0,5.482,5.486,NA,41
"5/23/2022 1:44:52 PM",1.071,30.246,51.086,81.674,73222.8,1033.763,33.759,0.062,0.062,0.029,8.903,96.985,5.478,324.208,0,5.489,5.493,NA,41
"5/23/2022 1:44:52 PM",1.094,30.246,51.086,81.674,73222.6,1033.763,33.759,0.109,0.109,0.204,8.905,96.933,5.475,252.332,0,5.487,5.49,NA,41
"5/23/2022 1:44:52 PM",1.106,30.248,51.089,81.68,73226.3,1033.765,33.761,0.039,0.039,0,8.901,96.889,5.472,256.92,0,5.484,5.487,NA,41
"5/23/2022 1:44:52 PM",1.147,30.248,51.088,81.68,73225.6,1033.765,33.76,0.023,0.023,0.015,8.904,96.96,5.477,730.998,0,5.489,5.492,NA,41
"5/23/2022 1:44:52 PM",1.201,30.248,51.087,81.678,73223.4,1033.764,33.758,0.031,0.031,0,8.904,96.909,5.474,931.759,0,5.486,5.489,NA,41
"5/23/2022 1:44:53 PM",1.248,30.25,51.091,81.687,73229.2,1033.767,33.762,0.039,0.039,0.073,8.904,96.848,5.471,597.865,0,5.482,5.486,NA,41
"5/23/2022 1:44:53 PM",1.33,30.247,51.099,81.693,73238.6,1033.774,33.768,0,0,0,8.904,96.932,5.475,559.293,0,5.487,5.491,NA,41
"5/23/2022 1:44:53 PM",1.389,30.245,51.096,81.686,73235,1033.772,33.766,0.094,0.094,0.189,8.904,96.953,5.476,570.593,0,5.488,5.491,NA,41
"5/23/2022 1:44:53 PM",1.5,30.244,51.099,81.689,73239.6,1033.776,33.769,0.055,0.055,0.044,8.904,97.025,5.48,598.545,0,5.491,5.495,NA,41
"5/23/2022 1:44:53 PM",1.559,30.243,51.105,81.696,73247.2,1033.781,33.774,0.023,0.023,0.029,8.905,97.023,5.479,587.755,0,5.491,5.495,NA,41
"5/23/2022 1:44:54 PM",1.603,30.245,51.112,81.708,73255.8,1033.786,33.779,0.101,0.101,0.189,8.904,97.022,5.479,533.635,0,5.49,5.494,NA,41
"5/23/2022 1:44:54 PM",1.695,30.246,51.118,81.718,73263.1,1033.791,33.783,0.07,0.07,0.102,8.903,97.036,5.48,435.421,0,5.491,5.495,NA,41
"5/23/2022 1:44:54 PM",1.783,30.245,51.122,81.723,73268.4,1033.794,33.787,0.031,0.031,0,8.901,96.986,5.476,566.26,0,5.488,5.491,NA,41
"5/23/2022 1:44:54 PM",1.849,30.247,51.129,81.734,73275.9,1033.799,33.791,0.062,0.062,0.073,8.901,96.813,5.467,804.488,0,5.479,5.482,NA,41
"5/23/2022 1:44:54 PM",1.858,30.247,51.136,81.745,73284.9,1033.804,33.796,0.062,0.062,0.116,8.9,96.967,5.476,563.626,0,5.487,5.491,NA,41
"5/23/2022 1:44:55 PM",1.865,30.248,51.14,81.752,73290.3,1033.807,33.799,0.094,0.094,0.204,8.901,96.912,5.473,438.31,0,5.484,5.488,NA,41
"5/23/2022 1:44:55 PM",1.901,30.248,51.14,81.753,73290.5,1033.807,33.799,0.055,0.055,0.058,8.902,97.135,5.485,612.223,0,5.497,5.501,NA,41
"5/23/2022 1:44:55 PM",2.011,30.247,51.145,81.758,73296.3,1033.812,33.803,0.094,0.094,0.087,8.902,97.068,5.482,509.167,0,5.493,5.497,NA,41
"5/23/2022 1:44:55 PM",2.086,30.247,51.15,81.764,73302.6,1033.816,33.807,0.094,0.094,0.102,8.903,96.918,5.474,442.133,0,5.485,5.489,NA,41
"5/23/2022 1:44:55 PM",2.171,30.247,51.154,81.769,73307.7,1033.819,33.81,0.078,0.078,0.102,8.902,96.934,5.474,443.492,0,5.485,5.489,NA,41
"5/23/2022 1:44:56 PM",2.259,30.247,51.157,81.774,73311.7,1033.822,33.812,0.047,0.047,0.029,8.901,96.965,5.475,426.245,0,5.487,5.49,NA,41
"5/23/2022 1:44:56 PM",2.341,30.249,51.164,81.786,73319.5,1033.826,33.817,0.039,0.039,0.044,8.9,97.028,5.479,433.892,0,5.49,5.494,NA,41
"5/23/2022 1:44:56 PM",2.315,30.254,51.165,81.796,73321.1,1033.826,33.816,0.055,0.055,0.015,8.9,96.934,5.473,447.57,0,5.485,5.489,NA,41
"5/23/2022 1:44:56 PM",2.324,30.254,51.169,81.801,73325,1033.828,33.818,0.047,0.047,0.044,8.901,96.986,5.477,508.742,0,5.488,5.492,NA,41
"5/23/2022 1:44:56 PM",2.303,30.253,51.164,81.793,73319.1,1033.825,33.815,0.062,0.062,0.044,8.9,97.063,5.482,480.45,0,5.493,5.497,NA,41
"5/23/2022 1:44:57 PM",2.285,30.253,51.17,81.8,73326.5,1033.829,33.82,0.055,0.055,0.058,8.9,97.143,5.486,423.272,0,5.498,5.502,NA,41
"5/23/2022 1:44:57 PM",2.232,30.253,51.169,81.8,73325.9,1033.829,33.819,0.172,0.172,0.131,8.902,96.97,5.477,608.57,0,5.489,5.492,NA,41
"5/23/2022 1:44:57 PM",2.157,30.253,51.172,81.804,73329.1,1033.83,33.821,0.117,0.117,0.102,8.908,97.018,5.479,483.084,0,5.49,5.494,NA,41
"5/23/2022 1:44:57 PM",2.1,30.254,51.171,81.804,73328.3,1033.83,33.821,0.078,0.078,0.073,8.924,97.077,5.482,428.284,0,5.494,5.498,NA,41
"5/23/2022 1:44:57 PM",2.051,30.255,51.172,81.806,73329,1033.83,33.821,0.023,0.023,0,8.931,96.916,5.473,469.915,0,5.484,5.488,NA,41
"5/23/2022 1:44:58 PM",2.02,30.255,51.172,81.807,73329.6,1033.83,33.821,0.008,0.008,0,8.934,97.018,5.479,399.058,0,5.49,5.494,NA,41
"5/23/2022 1:44:58 PM",1.962,30.256,51.172,81.808,73329.2,1033.829,33.821,0.086,0.086,0.131,8.938,97.019,5.479,552.836,0,5.491,5.494,NA,41
"5/23/2022 1:44:58 PM",1.919,30.255,51.173,81.809,73330.7,1033.83,33.822,0.047,0.047,0.058,8.937,96.809,5.467,491.24,0,5.479,5.482,NA,41
"5/23/2022 1:44:58 PM",1.889,30.255,51.174,81.809,73330.9,1033.83,33.822,0.023,0.023,0,8.937,97.037,5.48,362.185,0,5.492,5.495,NA,41
"5/23/2022 1:44:59 PM",1.872,30.255,51.172,81.807,73329.3,1033.829,33.821,0.078,0.078,0.131,8.937,97.07,5.482,443.322,0,5.494,5.497,NA,41
"5/23/2022 1:44:59 PM",1.891,30.256,51.174,81.811,73330.8,1033.829,33.821,0.086,0.086,0.087,8.936,97.112,5.484,361.506,0,5.496,5.5,NA,41
"5/23/2022 1:44:59 PM",1.879,30.258,51.169,81.807,73325.2,1033.826,33.818,0.047,0.047,0,8.936,96.958,5.476,466.177,0,5.488,5.491,NA,41
"5/23/2022 1:44:59 PM",1.811,30.256,51.166,81.799,73321.3,1033.824,33.816,0.016,0.016,0,8.932,96.959,5.476,451.564,0,5.488,5.492,NA,41
"5/23/2022 1:44:59 PM",1.723,30.251,51.177,81.808,73335.7,1033.833,33.826,0,0,0,8.934,97.257,5.494,443.407,0,5.505,5.509,NA,41
"5/23/2022 1:45:00 PM",1.615,30.251,51.178,81.809,73337.2,1033.834,33.827,0.055,0.055,0,8.936,96.977,5.477,635.757,0,5.488,5.492,NA,41
"5/23/2022 1:45:00 PM",1.401,30.257,51.173,81.81,73329.7,1033.827,33.821,0.078,0.078,0.073,8.94,96.977,5.477,431.173,0,5.489,5.492,NA,41
"5/23/2022 1:45:00 PM",1.285,30.258,51.17,81.808,73325.8,1033.824,33.818,0.039,0.039,0,8.939,97.013,5.48,266.86,0,5.492,5.496,NA,41
"5/23/2022 1:45:00 PM",1.177,30.259,51.167,81.805,73322,1033.821,33.816,0.101,0.101,0.146,8.938,96.879,5.472,146.471,0,5.484,5.487,NA,41
"5/23/2022 1:45:00 PM",1.081,30.253,51.168,81.798,73324,1033.823,33.818,0.055,0.055,0.058,8.938,97.149,5.488,155.647,0,5.5,5.503,NA,41
"5/23/2022 1:45:01 PM",0.909,30.249,51.164,81.786,73319.3,1033.821,33.817,0.055,0.055,0.073,8.937,97,5.48,104.076,0,5.491,5.495,NA,41
"5/23/2022 1:45:01 PM",0.751,30.248,51.162,81.781,73316.7,1033.819,33.816,0.086,0.086,0.087,8.937,97.038,5.483,69.922,0,5.494,5.498,NA,41
"5/23/2022 1:45:01 PM",0.612,30.247,51.165,81.784,73320.5,1033.821,33.818,0.14,0.14,0.248,8.94,96.994,5.48,33.389,0,5.491,5.495,NA,41
"5/23/2022 1:45:01 PM",0.439,30.247,51.166,81.786,73322.2,1033.821,33.819,0.117,0.117,0.218,8.936,96.927,5.476,12.404,0,5.488,5.491,NA,41
"5/23/2022 1:45:01 PM",0.513,30.247,51.161,81.778,73315.3,1033.817,33.815,0.062,0.062,0.044,8.937,96.98,5.479,563.881,0,5.491,5.494,NA,41
"5/23/2022 1:45:02 PM",0.519,30.247,51.155,81.77,73308.7,1033.813,33.811,0,0,0,8.938,97.108,5.487,709.503,0,5.499,5.503,NA,41
"5/23/2022 1:45:02 PM",0.543,30.246,51.159,81.775,73313.3,1033.816,33.814,0,0,0,8.938,97.111,5.488,1078.995,0,5.5,5.503,NA,41
"5/23/2022 1:45:02 PM",0.591,30.246,51.161,81.776,73315.5,1033.818,33.816,0,0,0,8.938,96.909,5.476,868.038,0,5.488,5.491,NA,41
"5/23/2022 1:45:02 PM",0.635,30.246,51.161,81.777,73315.8,1033.818,33.816,0.031,0.031,0,8.934,96.963,5.479,984.094,0,5.49,5.494,NA,41
"5/23/2022 1:45:02 PM",0.704,30.246,51.163,81.781,73318.8,1033.82,33.818,0.109,0.109,0.087,8.933,96.972,5.479,819.781,0,5.49,5.494,NA,41
"5/23/2022 1:45:03 PM",0.71,30.246,51.163,81.78,73318.7,1033.821,33.817,0.101,0.101,0.102,8.935,97.15,5.489,1555.452,0,5.501,5.505,NA,41
"5/23/2022 1:45:03 PM",0.701,30.246,51.166,81.784,73322.2,1033.823,33.82,0.086,0.086,0.262,8.939,97.12,5.488,946.457,0,5.5,5.504,NA,41
"5/23/2022 1:45:03 PM",0.661,30.245,51.168,81.785,73324.2,1033.824,33.821,0.078,0.078,0.131,8.943,97.035,5.483,1262.424,0,5.495,5.498,NA,41
"5/23/2022 1:45:03 PM",0.588,30.245,51.169,81.787,73325.5,1033.824,33.822,0.023,0.023,0,8.944,96.926,5.477,1012.556,0,5.489,5.492,NA,41
"5/23/2022 1:45:03 PM",0.432,30.246,51.17,81.789,73326.9,1033.824,33.823,0,0,0,8.941,96.836,5.472,813.409,0,5.484,5.487,NA,41
"5/23/2022 1:45:04 PM",0.253,30.246,51.169,81.787,73325,1033.823,33.821,0.101,0.101,0.116,8.942,96.877,5.474,878.828,0,5.486,5.489,NA,41
"5/23/2022 1:45:04 PM",0.082,30.246,51.169,81.787,73325.2,1033.822,33.822,0,0,0,8.937,96.927,5.477,1101.084,0,5.489,5.492,NA,41
"5/23/2022 1:45:04 PM",0,30.247,51.17,81.79,73326.1,1033.822,33.822,0,0,0,8.934,96.965,5.479,1128.866,0,5.491,5.494,NA,41
"5/23/2022 1:45:04 PM",0,30.245,34.773,58.282,52252.6,1021.472,21.472,0,0,0,8.931,96.961,5.993,1319.942,0,6.009,6.01,NA,41
"5/23/2022 1:45:04 PM",0,30.244,1.808,3.824,3428.5,996.926,0,19.315,19.315,0,8.93,97.171,7.195,1294.794,0,7.216,7.216,NA,41
"5/23/2022 1:45:05 PM",0,30.243,1.342,2.885,2586.9,996.579,0,30.587,30.587,295.928,8.925,96.999,7.2,1320.876,0,7.221,7.221,NA,41
"5/23/2022 1:45:05 PM",0,30.147,5.806,11.379,10222,999.931,0,0,0,41.193,8.923,97,7.026,1277.292,0,7.047,7.046,NA,41
"5/23/2022 1:45:05 PM",0,30.21,32.884,55.425,49725.8,1020.069,20.069,0,0,17.804,8.926,96.924,6.053,1328.778,0,6.07,6.07,NA,41
"5/23/2022 1:45:05 PM",0.137,30.248,44.763,72.805,65269.7,1028.981,28.98,0,0,2.813,8.927,96.873,5.67,1055.206,0,5.684,5.686,NA,41
"5/23/2022 1:45:05 PM",0.296,30.248,47.114,76.132,68252.1,1030.756,30.755,0.039,0.039,1.034,8.925,96.771,5.591,995.989,0,5.604,5.607,NA,41
"5/23/2022 1:45:06 PM",0.47,30.246,50.175,80.41,72089.9,1033.071,33.069,0.039,0.039,0.306,8.924,96.883,5.504,863.536,0,5.516,5.519,NA,41
"5/23/2022 1:45:06 PM",0.637,30.244,51.153,81.763,73306.1,1033.813,33.81,0.055,0.055,0.146,8.922,96.832,5.472,776.706,0,5.484,5.487,NA,41
"5/23/2022 1:45:06 PM",0.885,30.244,51.162,81.775,73317.1,1033.821,33.817,0.101,0.101,0.204,8.923,96.848,5.474,968.716,0,5.485,5.489,NA,41
"5/23/2022 1:45:06 PM",1.066,30.243,51.164,81.779,73320.6,1033.824,33.819,0.101,0.101,0.204,8.924,96.965,5.48,771.864,0,5.492,5.495,NA,41
"5/23/2022 1:45:06 PM",1.24,30.243,51.184,81.805,73345.3,1033.84,33.834,0.031,0.031,0.073,8.921,96.909,5.477,690.727,0,5.488,5.492,NA,41
"5/23/2022 1:45:07 PM",1.431,30.241,51.192,81.813,73354.6,1033.847,33.84,0.101,0.101,0.189,8.919,96.909,5.476,808.651,0,5.488,5.492,NA,41
"5/23/2022 1:45:07 PM",1.603,30.243,51.198,81.824,73362,1033.851,33.845,0.062,0.062,0.116,8.919,97.005,5.481,742.637,0,5.493,5.496,NA,41
"5/23/2022 1:45:07 PM",1.881,30.242,51.212,81.843,73380.2,1033.864,33.856,0.109,0.109,0.175,8.919,97.033,5.483,638.731,0,5.494,5.498,NA,41
"5/23/2022 1:45:07 PM",2.067,30.244,51.226,81.865,73397.4,1033.875,33.866,0.133,0.133,0.248,8.919,96.915,5.475,568.469,0,5.487,5.491,NA,41
"5/23/2022 1:45:08 PM",2.251,30.247,51.231,81.877,73403.3,1033.878,33.868,0.101,0.101,0.146,8.921,97.069,5.484,528.368,0,5.496,5.499,NA,41
"5/23/2022 1:45:08 PM",2.437,30.247,51.252,81.906,73429.2,1033.894,33.884,0.039,0.039,0.015,8.92,97.094,5.485,501.35,0,5.497,5.5,NA,41
"5/23/2022 1:45:08 PM",2.723,30.236,51.256,81.895,73435.3,1033.902,33.891,0.07,0.07,0.102,8.919,97.038,5.482,711.202,0,5.494,5.498,NA,41
"5/23/2022 1:45:08 PM",2.918,30.223,51.27,81.896,73455.1,1033.919,33.907,0.094,0.094,0.102,8.92,96.966,5.478,527.178,0,5.49,5.493,NA,41
"5/23/2022 1:45:08 PM",3.093,30.219,51.27,81.889,73454.9,1033.921,33.908,0.07,0.07,0.102,8.92,96.897,5.475,466.007,0,5.487,5.49,NA,41
"5/23/2022 1:45:09 PM",3.264,30.212,51.28,81.893,73469.2,1033.932,33.918,0.078,0.078,0.102,8.917,96.985,5.48,399.738,0,5.491,5.495,NA,41
"5/23/2022 1:45:09 PM",3.418,30.209,51.282,81.892,73471.9,1033.935,33.921,0.062,0.062,0.073,8.923,97.017,5.482,489.286,0,5.494,5.497,NA,41
"5/23/2022 1:45:09 PM",3.67,30.205,51.277,81.879,73466,1033.934,33.918,0.062,0.062,0.087,8.924,97.056,5.485,441.878,0,5.497,5.5,NA,41
"5/23/2022 1:45:09 PM",3.849,30.194,51.282,81.868,73473.1,1033.942,33.926,0.062,0.062,0.058,8.924,97.073,5.486,432.957,0,5.498,5.501,NA,41
"5/23/2022 1:45:09 PM",4.004,30.186,51.282,81.858,73475,1033.946,33.929,0.055,0.055,0.044,8.922,96.939,5.479,426.755,0,5.49,5.494,NA,41
"5/23/2022 1:45:10 PM",4.176,30.164,51.29,81.836,73487.7,1033.961,33.943,0.055,0.055,0.058,8.918,97.058,5.487,390.137,0,5.499,5.502,NA,41
"5/23/2022 1:45:10 PM",4.412,30.151,51.308,81.841,73511.3,1033.98,33.961,0.07,0.07,0.102,8.919,97.072,5.488,412.652,0,5.5,5.503,NA,41
"5/23/2022 1:45:10 PM",4.577,30.146,51.318,81.848,73524.4,1033.99,33.971,0.07,0.07,0.102,8.92,97.067,5.487,424.886,0,5.499,5.503,NA,41
"5/23/2022 1:45:10 PM",4.751,30.145,51.322,81.853,73530,1033.994,33.974,0.07,0.07,0.087,8.919,96.9,5.479,440.774,0,5.49,5.494,NA,41
"5/23/2022 1:45:10 PM",4.926,30.145,51.325,81.857,73533.6,1033.997,33.976,0.062,0.062,0.044,8.918,96.832,5.475,407.979,0,5.487,5.49,NA,41
"5/23/2022 1:45:11 PM",5.049,30.143,51.328,81.859,73537.5,1034.001,33.979,0.062,0.062,0.044,8.915,96.973,5.483,385.04,0,5.495,5.499,NA,41
"5/23/2022 1:45:11 PM",5.223,30.141,51.328,81.855,73537.7,1034.002,33.98,0.07,0.07,0.058,8.914,97.154,5.494,390.817,0,5.506,5.509,NA,41
"5/23/2022 1:45:11 PM",5.372,30.14,51.325,81.848,73533.9,1034.001,33.978,0.07,0.07,0.073,8.915,97.073,5.489,343.919,0,5.501,5.504,NA,41
"5/23/2022 1:45:11 PM",5.557,30.138,51.321,81.841,73529.6,1033.999,33.976,0.078,0.078,0.087,8.919,97.206,5.497,328.371,0,5.509,5.513,NA,41
"5/23/2022 1:45:11 PM",5.675,30.136,51.325,81.844,73535,1034.004,33.98,0.062,0.062,0.058,8.922,97.126,5.493,338.312,0,5.505,5.508,NA,41
"5/23/2022 1:45:12 PM",5.769,30.133,51.33,81.846,73541.3,1034.009,33.984,0.047,0.047,0.029,8.925,97.285,5.502,331.09,0,5.514,5.518,NA,41
"5/23/2022 1:45:12 PM",5.793,30.134,51.346,81.87,73561.5,1034.021,33.996,0.055,0.055,0.015,8.926,97.179,5.495,371.531,0,5.507,5.51,NA,41
"5/23/2022 1:45:12 PM",5.802,30.135,51.349,81.875,73564.3,1034.023,33.998,0.07,0.07,0.073,8.927,96.958,5.483,359.042,0,5.495,5.498,NA,41
"5/23/2022 1:45:12 PM",5.8,30.136,51.346,81.873,73561,1034.02,33.995,0.062,0.062,0.058,8.926,97.178,5.495,348.167,0,5.507,5.51,NA,41
"5/23/2022 1:45:12 PM",5.782,30.138,51.337,81.864,73549.8,1034.013,33.988,0.055,0.055,0.058,8.924,97.111,5.49,308.915,0,5.502,5.506,NA,41
"5/23/2022 1:45:13 PM",5.682,30.138,51.328,81.851,73538.6,1034.006,33.981,0.07,0.07,0.044,8.92,97.135,5.493,340.181,0,5.505,5.509,NA,41
"5/23/2022 1:45:13 PM",5.584,30.138,51.327,81.849,73537.1,1034.004,33.98,0.078,0.078,0.058,8.917,97.109,5.492,318.431,0,5.504,5.508,NA,41
"5/23/2022 1:45:13 PM",5.466,30.137,51.329,81.85,73539.8,1034.006,33.983,0.086,0.086,0.044,8.915,96.885,5.48,367.623,0,5.492,5.495,NA,41
"5/23/2022 1:45:13 PM",5.345,30.138,51.329,81.852,73539.5,1034.005,33.982,0.078,0.078,0.044,8.913,97.175,5.496,353.689,0,5.508,5.511,NA,41
"5/23/2022 1:45:13 PM",5.154,30.139,51.328,81.851,73537.4,1034.002,33.98,0.078,0.078,0.073,8.911,97.225,5.499,263.801,0,5.511,5.514,NA,41
"5/23/2022 1:45:14 PM",5.001,30.139,51.327,81.852,73537,1034.001,33.98,0.062,0.062,0.029,8.911,97.177,5.497,277.65,0,5.509,5.512,NA,41
"5/23/2022 1:45:14 PM",4.855,30.141,51.327,81.852,73536,1034,33.979,0.047,0.047,0.015,8.911,97.215,5.498,332.874,0,5.51,5.514,NA,41
"5/23/2022 1:45:14 PM",4.718,30.141,51.326,81.852,73534.7,1033.998,33.978,0.055,0.055,0.058,8.91,97.057,5.489,332.959,0,5.501,5.505,NA,41
"5/23/2022 1:45:14 PM",4.577,30.143,51.323,81.852,73531.5,1033.995,33.976,0.078,0.078,0.073,8.907,97.094,5.492,265.246,0,5.504,5.507,NA,41
"5/23/2022 1:45:14 PM",4.384,30.146,51.319,81.849,73525.4,1033.99,33.971,0.07,0.07,0.058,8.905,97.015,5.487,209.342,0,5.499,5.502,NA,41
"5/23/2022 1:45:15 PM",4.268,30.146,51.319,81.85,73525.4,1033.989,33.971,0.07,0.07,0.044,8.903,97.166,5.496,164.993,0,5.508,5.511,NA,41
"5/23/2022 1:45:15 PM",4.158,30.147,51.319,81.85,73525.6,1033.989,33.971,0.039,0.039,0,8.903,97.154,5.495,163.039,0,5.507,5.51,NA,41
"5/23/2022 1:45:15 PM",4.064,30.148,51.318,81.851,73524.3,1033.988,33.97,0.07,0.07,0.044,8.904,97.201,5.497,155.307,0,5.509,5.512,NA,41
"5/23/2022 1:45:15 PM",3.952,30.148,51.318,81.851,73523.4,1033.986,33.97,0.047,0.047,0.044,8.906,97.159,5.495,121.833,0,5.507,5.51,NA,41
"5/23/2022 1:45:15 PM",3.891,30.148,51.318,81.851,73523.4,1033.986,33.97,0.086,0.086,0.044,8.907,97.205,5.498,115.631,0,5.51,5.513,NA,41
"5/23/2022 1:45:16 PM",3.858,30.151,51.315,81.851,73520.1,1033.983,33.967,0.078,0.078,0.087,8.906,97.209,5.498,115.886,0,5.51,5.514,NA,41
"5/23/2022 1:45:16 PM",3.816,30.155,51.328,81.875,73535.5,1033.991,33.975,0.062,0.062,0.058,8.902,96.861,5.477,108.579,0,5.489,5.493,NA,41
"5/23/2022 1:45:16 PM",3.771,30.163,51.335,81.897,73543.2,1033.993,33.977,0.062,0.062,0.073,8.901,97.116,5.492,105.436,0,5.503,5.507,NA,41
"5/23/2022 1:45:16 PM",3.681,30.178,51.321,81.9,73524.1,1033.977,33.962,0.055,0.055,0.058,8.9,97.223,5.498,105.181,0,5.509,5.513,NA,41
"5/23/2022 1:45:16 PM",3.618,30.182,51.32,81.905,73522.1,1033.974,33.959,0.055,0.055,0.044,8.902,97.213,5.498,105.181,0,5.509,5.513,NA,41
"5/23/2022 1:45:17 PM",3.578,30.19,51.315,81.908,73514.9,1033.968,33.953,0.062,0.062,0.073,8.903,97.155,5.494,111.893,0,5.505,5.509,NA,41
"5/23/2022 1:45:17 PM",3.55,30.198,51.309,81.912,73505.9,1033.96,33.945,0.062,0.062,0.044,8.903,97.117,5.492,112.317,0,5.503,5.507,NA,41
"5/23/2022 1:45:17 PM",3.507,30.203,51.303,81.911,73498.5,1033.954,33.939,0.055,0.055,0.044,8.909,97.229,5.497,115.291,0,5.509,5.512,NA,41
"5/23/2022 1:45:17 PM",3.465,30.203,51.305,81.915,73500.6,1033.955,33.94,0.055,0.055,0.073,8.914,97.124,5.491,123.107,0,5.503,5.506,NA,41
"5/23/2022 1:45:18 PM",3.423,30.2,51.305,81.91,73501.7,1033.956,33.942,0.039,0.039,0.073,8.915,97.166,5.493,148.256,0,5.505,5.508,NA,41
"5/23/2022 1:45:18 PM",3.396,30.2,51.308,81.913,73504.4,1033.958,33.943,0.062,0.062,0.044,8.917,97.188,5.493,135.596,0,5.505,5.508,NA,41
"5/23/2022 1:45:18 PM",3.359,30.195,51.31,81.909,73507.4,1033.961,33.946,0.078,0.078,0.073,8.917,97.104,5.489,123.957,0,5.501,5.504,NA,41
"5/23/2022 1:45:18 PM",3.331,30.195,51.31,81.909,73508,1033.961,33.947,0.039,0.039,0.029,8.916,97.158,5.492,150.549,0,5.503,5.507,NA,41
"5/23/2022 1:45:18 PM",3.304,30.197,51.318,81.923,73518.2,1033.967,33.953,0.023,0.023,0,8.915,97.105,5.489,189.291,0,5.501,5.504,NA,41
"5/23/2022 1:45:19 PM",3.262,30.198,51.319,81.927,73519.1,1033.967,33.953,0.078,0.078,0.044,8.916,97.028,5.484,166.777,0,5.496,5.499,NA,41
"5/23/2022 1:45:19 PM",3.17,30.204,51.316,81.931,73514.3,1033.962,33.948,0.125,0.125,0.102,8.919,97.23,5.497,138.315,0,5.508,5.512,NA,41
"5/23/2022 1:45:19 PM",3.114,30.21,51.309,81.931,73505.3,1033.954,33.941,0.07,0.07,0.073,8.918,97.068,5.488,138.91,0,5.499,5.503,NA,41
"5/23/2022 1:45:19 PM",3.059,30.212,51.311,81.936,73507.4,1033.955,33.942,0.07,0.07,0.044,8.919,97.188,5.494,149.19,0,5.505,5.509,NA,41
"5/23/2022 1:45:19 PM",3.02,30.214,51.309,81.937,73504.6,1033.952,33.939,0.086,0.086,0.16,8.921,97.108,5.489,142.138,0,5.5,5.504,NA,41
"5/23/2022 1:45:20 PM",2.982,30.218,51.308,81.94,73502.1,1033.949,33.937,0.078,0.078,0.073,8.921,97.246,5.497,150.549,0,5.509,5.512,NA,41
"5/23/2022 1:45:20 PM",2.911,30.223,51.308,81.949,73502.5,1033.948,33.936,0.047,0.047,0,8.921,97.1,5.488,180.795,0,5.5,5.504,NA,41
"5/23/2022 1:45:20 PM",2.864,30.226,51.306,81.949,73498.9,1033.945,33.933,0.07,0.07,0.044,8.924,97.154,5.492,195.578,0,5.503,5.507,NA,41
"5/23/2022 1:45:20 PM",2.808,30.228,51.304,81.95,73495.9,1033.942,33.93,0.078,0.078,0.058,8.925,97.055,5.486,221.576,0,5.498,5.501,NA,41
"5/23/2022 1:45:20 PM",2.755,30.23,51.299,81.945,73489.7,1033.938,33.926,0.055,0.055,0.015,8.925,97.163,5.492,182.919,0,5.504,5.508,NA,41
"5/23/2022 1:45:21 PM",2.643,30.23,51.298,81.944,73488.6,1033.937,33.925,0.039,0.039,0.029,8.925,97.19,5.494,168.731,0,5.506,5.509,NA,41
"5/23/2022 1:45:21 PM",2.57,30.229,51.301,81.946,73491.9,1033.939,33.928,0.047,0.047,0.029,8.927,97.311,5.5,158.876,0,5.512,5.516,NA,41
"5/23/2022 1:45:21 PM",2.504,30.229,51.299,81.944,73489.4,1033.937,33.926,0.047,0.047,0.058,8.927,97.084,5.488,311.039,0,5.5,5.503,NA,41
"5/23/2022 1:45:21 PM",2.458,30.23,51.302,81.949,73493.1,1033.938,33.928,0.055,0.055,0.029,8.928,96.979,5.481,200.081,0,5.493,5.497,NA,41
"5/23/2022 1:45:21 PM",2.412,30.231,51.3,81.949,73491,1033.937,33.926,0.055,0.055,0.015,8.926,97.15,5.491,164.653,0,5.503,5.507,NA,41
"5/23/2022 1:45:22 PM",2.364,30.232,51.301,81.951,73492,1033.937,33.927,0.016,0.016,0.015,8.929,97.165,5.492,232.621,0,5.504,5.508,NA,41
"5/23/2022 1:45:22 PM",2.334,30.232,51.301,81.952,73492.2,1033.937,33.927,0.039,0.039,0.015,8.928,97.017,5.483,228.883,0,5.494,5.498,NA,41
"5/23/2022 1:45:22 PM",2.291,30.233,51.302,81.954,73493.2,1033.937,33.927,0.016,0.016,0,8.93,97.067,5.486,325.228,0,5.498,5.502,NA,41
"5/23/2022 1:45:22 PM",2.251,30.233,51.303,81.955,73494.8,1033.938,33.928,0.031,0.031,0,8.932,97.095,5.488,310.445,0,5.5,5.503,NA,41
"5/23/2022 1:45:22 PM",2.176,30.233,51.304,81.957,73495.5,1033.938,33.929,0.039,0.039,0.044,8.931,97.117,5.488,461.419,0,5.5,5.504,NA,41
"5/23/2022 1:45:23 PM",2.124,30.234,51.307,81.962,73498.9,1033.939,33.93,0.07,0.07,0.131,8.931,97.192,5.493,484.613,0,5.505,5.508,NA,41
"5/23/2022 1:45:23 PM",2.067,30.235,51.306,81.963,73497.5,1033.938,33.929,0.039,0.039,0,8.928,97.142,5.49,527.858,0,5.502,5.506,NA,41
"5/23/2022 1:45:23 PM",2.013,30.236,51.305,81.963,73496.8,1033.937,33.929,0.023,0.023,0,8.928,97.217,5.494,391.072,0,5.506,5.51,NA,41
"5/23/2022 1:45:23 PM",1.933,30.238,51.307,81.968,73498.5,1033.937,33.929,0.039,0.039,0.015,8.929,97.014,5.483,550.627,0,5.495,5.498,NA,41
"5/23/2022 1:45:23 PM",1.836,30.239,51.306,81.969,73497.3,1033.936,33.928,0.07,0.07,0.102,8.934,97.078,5.487,625.052,0,5.498,5.502,NA,41
"5/23/2022 1:45:24 PM",1.787,30.24,51.305,81.968,73495.1,1033.934,33.926,0.047,0.047,0.044,8.935,97.1,5.487,625.732,0,5.499,5.502,NA,41
"5/23/2022 1:45:24 PM",1.738,30.241,51.302,81.966,73491.7,1033.932,33.924,0.047,0.047,0.015,8.934,97.219,5.495,606.361,0,5.506,5.51,NA,41
"5/23/2022 1:45:24 PM",1.705,30.241,51.303,81.967,73492.8,1033.932,33.925,0.047,0.047,0.015,8.934,97.169,5.492,584.441,0,5.504,5.507,NA,41
"5/23/2022 1:45:24 PM",1.674,30.242,51.301,81.965,73489.9,1033.93,33.923,0.117,0.117,0.087,8.935,97.071,5.486,638.221,0,5.498,5.502,NA,41
"5/23/2022 1:45:24 PM",1.66,30.241,51.301,81.965,73490.8,1033.931,33.924,0.094,0.094,0.058,8.934,97.185,5.493,435.761,0,5.505,5.508,NA,41
"5/23/2022 1:45:25 PM",1.662,30.241,51.302,81.965,73491.5,1033.931,33.924,0.07,0.07,0.015,8.936,97.021,5.484,646.717,0,5.496,5.499,NA,41
"5/23/2022 1:45:25 PM",1.641,30.239,51.302,81.962,73491.8,1033.932,33.925,0.047,0.047,0.029,8.937,97.009,5.483,543.66,0,5.495,5.498,NA,41
"5/23/2022 1:45:25 PM",1.61,30.239,51.298,81.957,73486.8,1033.929,33.922,0.101,0.101,0.233,8.938,97.065,5.486,372.381,0,5.498,5.501,NA,41
"5/23/2022 1:45:25 PM",1.554,30.237,51.3,81.957,73490.1,1033.931,33.925,0.117,0.117,0.175,8.936,97.094,5.488,349.866,0,5.499,5.503,NA,41
"5/23/2022 1:45:25 PM",1.493,30.235,51.304,81.96,73494.6,1033.934,33.928,0.094,0.094,0.116,8.937,97.183,5.493,303.308,0,5.504,5.508,NA,41
"5/23/2022 1:45:26 PM",1.429,30.235,51.304,81.959,73495.2,1033.934,33.928,0.023,0.023,0,8.937,97.192,5.493,336.442,0,5.505,5.508,NA,41
"5/23/2022 1:45:26 PM",1.349,30.236,51.303,81.959,73493.8,1033.933,33.927,0.133,0.133,0.248,8.937,97.234,5.495,269.919,0,5.507,5.51,NA,41
"5/23/2022 1:45:26 PM",1.273,30.235,51.302,81.956,73492.3,1033.932,33.926,0.125,0.125,0.175,8.937,96.997,5.482,152.928,0,5.494,5.498,NA,41
"5/23/2022 1:45:26 PM",1.137,30.236,51.298,81.951,73486.6,1033.928,33.923,0.047,0.047,0,8.934,97.179,5.492,104.926,0,5.504,5.508,NA,41
"5/23/2022 1:45:27 PM",1.028,30.237,51.296,81.952,73484.8,1033.926,33.921,0.117,0.117,0.146,8.935,97.103,5.488,89.038,0,5.5,5.504,NA,41
"5/23/2022 1:45:27 PM",0.95,30.238,51.294,81.949,73481.7,1033.923,33.919,0,0,0,8.936,97.101,5.489,84.96,0,5.501,5.504,NA,41
"5/23/2022 1:45:27 PM",0.863,30.238,51.293,81.947,73480.2,1033.922,33.918,0.055,0.055,0.073,8.936,97.065,5.486,82.921,0,5.498,5.502,NA,41
"5/23/2022 1:45:27 PM",0.738,30.239,51.291,81.947,73477.6,1033.92,33.916,0.039,0.039,0.044,8.933,97.117,5.49,75.445,0,5.502,5.505,NA,41
"5/23/2022 1:45:27 PM",0.665,30.239,51.291,81.947,73477.4,1033.919,33.916,0.023,0.023,0,8.929,97.053,5.487,61.001,0,5.498,5.502,NA,41
"5/23/2022 1:45:28 PM",0.583,30.239,51.293,81.951,73480.6,1033.921,33.918,0.086,0.086,0.131,8.925,97.177,5.493,27.357,0,5.505,5.508,NA,41
"5/23/2022 1:45:28 PM",0.529,30.238,51.293,81.948,73480,1033.921,33.918,0.078,0.078,0.116,8.921,96.999,5.484,14.188,0,5.496,5.499,NA,41
"5/23/2022 1:45:28 PM",0.555,30.237,51.293,81.946,73480.4,1033.921,33.919,0,0,0,8.922,97.166,5.493,15.548,0,5.505,5.509,NA,41
"5/23/2022 1:45:28 PM",0.559,30.235,51.296,81.947,73484.2,1033.924,33.922,0.039,0.039,0.029,8.922,97.01,5.485,845.949,0,5.496,5.5,NA,41
"5/23/2022 1:45:28 PM",0.602,30.235,51.299,81.951,73488.1,1033.927,33.924,0,0,0,8.922,97.262,5.498,735.925,0,5.51,5.514,NA,41
"5/23/2022 1:45:29 PM",0.628,30.237,51.299,81.954,73487.6,1033.926,33.923,0.148,0.148,0.291,8.92,97.394,5.506,678.747,0,5.518,5.522,NA,41
"5/23/2022 1:45:29 PM",0.666,30.238,51.299,81.956,73487.8,1033.926,33.923,0.07,0.07,0.131,8.92,97.245,5.498,849.007,0,5.509,5.513,NA,41
"5/23/2022 1:45:29 PM",0.699,30.239,51.3,81.959,73488.9,1033.926,33.923,0.101,0.101,0.131,8.921,97.253,5.498,983.075,0,5.51,5.514,NA,41
"5/23/2022 1:45:29 PM",0.663,30.239,51.298,81.957,73486.9,1033.925,33.922,0.156,0.156,0.277,8.918,97.069,5.488,862.771,0,5.5,5.503,NA,41
"5/23/2022 1:45:29 PM",0.649,30.238,51.297,81.954,73485.6,1033.924,33.922,0.039,0.039,0,8.917,97.192,5.495,971.01,0,5.507,5.51,NA,41
"5/23/2022 1:45:30 PM",0.593,30.235,51.302,81.957,73492,1033.929,33.926,0.039,0.039,0,8.916,97.103,5.489,1005.249,0,5.501,5.505,NA,41
"5/23/2022 1:45:30 PM",0.536,30.236,51.302,81.957,73491.6,1033.928,33.926,0,0,0,8.918,97.233,5.497,955.632,0,5.509,5.512,NA,41
"5/23/2022 1:45:30 PM",0.421,30.237,51.3,81.955,73488.8,1033.926,33.924,0.062,0.062,0.058,8.921,97.213,5.496,795.907,0,5.508,5.511,NA,41
"5/23/2022 1:45:30 PM",0.328,30.236,51.3,81.955,73489.4,1033.926,33.925,0.101,0.101,0.16,8.922,97.153,5.492,1667.514,0,5.504,5.507,NA,41
"5/23/2022 1:45:30 PM",0.229,30.237,51.3,81.956,73489.4,1033.925,33.924,0.078,0.078,0.102,8.925,97.034,5.486,1036.769,0,5.497,5.501,NA,41
"5/23/2022 1:45:31 PM",0.104,30.237,51.298,81.953,73486.1,1033.923,33.923,0,0,0,8.926,97.002,5.485,1088.595,0,5.497,5.5,NA,41
"5/23/2022 1:45:31 PM",0,30.237,51.294,81.948,73481.4,1033.919,33.92,0.047,0.047,0,8.923,97.103,5.49,1141.016,0,5.502,5.505,NA,41
"5/23/2022 1:45:31 PM",0,30.237,51.29,81.943,73477,1033.916,33.917,0,0,0,8.921,97.046,5.487,1204.906,0,5.499,5.502,NA,41
"5/23/2022 1:45:31 PM",0,30.235,9.252,17.537,15725.5,1002.463,2.464,9.478,9.478,0,8.92,97.074,6.91,1292.585,0,6.93,6.93,NA,41
"5/23/2022 1:45:31 PM",0,30.23,2.178,4.558,4088,997.207,0,265.998,265.998,101.216,8.917,97.118,7.186,1248.575,0,7.207,7.207,NA,41
"5/23/2022 1:45:32 PM",0,30.149,1.46,3.119,2801.6,996.695,0,197.718,197.718,80.4,8.913,97.026,7.207,1202.442,0,7.228,7.228,NA,41
"5/23/2022 1:45:32 PM",0,30.052,1.106,2.393,2153.3,996.461,0,0,0,4.858,8.907,96.839,7.207,1194.88,0,7.228,7.228,NA,41
"5/23/2022 1:45:32 PM",0,30.004,0.93,2.028,1826.5,996.344,0,368.913,368.913,253.423,8.904,96.824,7.213,1193.096,0,7.234,7.234,NA,41
"5/23/2022 1:45:32 PM",0,29.945,0.818,1.792,1616.2,996.278,0,224.545,224.545,2.959,8.902,96.689,7.209,1189.698,0,7.23,7.23,NA,41
"5/23/2022 1:45:32 PM",0,29.879,0.696,1.533,1384.3,996.207,0,50.611,50.611,55.287,8.898,96.825,7.224,1203.206,0,7.245,7.245,NA,41
"5/23/2022 1:45:33 PM",0,29.792,0.66,1.455,1316.3,996.206,0,13.339,13.339,5.34,8.894,96.776,7.222,1259.79,0,7.243,7.243,NA,41
"5/23/2022 1:45:33 PM",0,29.725,0.633,1.396,1264.7,996.206,0,18.168,18.168,0,8.892,96.719,7.219,1279.841,0,7.24,7.24,NA,41
"5/23/2022 1:45:33 PM",0,29.678,0.591,1.305,1182.9,996.188,0,217.984,217.984,18.144,8.89,96.714,7.221,1255.797,0,7.242,7.242,NA,41
"5/23/2022 1:45:33 PM",0,29.633,0.555,1.227,1113.9,996.175,0,79.053,79.053,1.894,8.887,96.705,7.223,1253.248,0,7.243,7.243,NA,41
"5/23/2022 1:45:33 PM",0,29.548,0.518,1.148,1043.4,996.173,0,48.193,48.193,24.498,8.884,96.484,7.21,1213.911,0,7.231,7.231,NA,41
"5/23/2022 1:45:34 PM",0,29.485,0.512,1.133,1031.6,996.187,0,34.659,34.659,95.401,8.881,96.572,7.218,1234.047,0,7.239,7.239,NA,41
"5/23/2022 1:45:34 PM",0,29.435,0.481,1.066,971.4,996.179,0,163.371,163.371,79.116,8.88,96.503,7.215,1226.825,0,7.236,7.236,NA,41
"5/23/2022 1:45:34 PM",0,29.426,0.45,1,910.9,996.158,0,310.953,310.953,263.733,8.878,96.576,7.222,1227.165,0,7.243,7.243,NA,41
"5/23/2022 1:45:34 PM",0,29.437,0.439,0.976,888.9,996.147,0,143.425,143.425,378.901,8.876,96.229,7.197,1185.28,0,7.217,7.217,NA,41
"5/23/2022 1:45:34 PM",0,29.447,0.43,0.956,870.5,996.137,0,132.777,132.777,276.673,8.872,96.464,7.214,1155.459,0,7.235,7.235,NA,41
"5/23/2022 1:45:35 PM",0,29.459,0.415,0.924,841.5,996.122,0,252.042,252.042,157.079,8.87,96.237,7.198,1161.151,0,7.219,7.219,NA,41
"5/23/2022 1:45:35 PM",0,29.459,0.403,0.898,817.6,996.113,0,394.141,394.141,55.865,8.867,96.165,7.193,1162.086,0,7.214,7.214,NA,41
"5/23/2022 1:45:35 PM",0,29.431,0.407,0.906,825.4,996.124,0,179.792,179.792,8.181,8.864,96.083,7.186,1185.28,0,7.207,7.207,NA,41
"5/23/2022 1:45:35 PM",0,29.299,0.46,1.017,928.9,996.203,0,76.229,76.229,2.799,8.862,96.001,7.178,1277.887,0,7.198,7.198,NA,41
"5/23/2022 1:45:36 PM",0,29.174,0.395,0.875,801.6,996.191,0,206.634,206.634,272.136,8.858,95.927,7.174,1320.452,0,7.195,7.195,NA,41
"5/23/2022 1:45:36 PM",0,29.068,0.371,0.822,754.7,996.205,0,174.284,174.284,176.88,8.855,95.302,7.129,1327.843,0,7.149,7.149,NA,41
"5/23/2022 1:45:36 PM",0,28.942,0.361,0.8,736.1,996.234,0,53.334,53.334,43.135,8.849,95.425,7.138,1233.622,0,7.159,7.159,NA,41
"5/23/2022 1:45:36 PM",0,28.844,0.357,0.788,726.9,996.26,0,76.237,76.237,88.986,8.849,95.268,7.126,1103.208,0,7.147,7.147,NA,41
"5/23/2022 1:45:36 PM",0,28.685,0.35,0.772,714.5,996.301,0,173.379,173.379,201.573,8.845,94.899,7.099,1160.981,0,7.119,7.119,NA,41
"5/23/2022 1:45:37 PM",0,28.624,0.348,0.766,709.3,996.317,0,59.184,59.184,82.445,8.842,94.492,7.068,1242.713,0,7.089,7.089,NA,41
"5/23/2022 1:45:37 PM",0,28.502,0.349,0.767,712.5,996.353,0,36.679,36.679,101.278,8.842,94.234,7.05,1341.692,0,7.07,7.07,NA,41
"5/23/2022 1:45:37 PM",0,28.209,0.338,0.74,691.2,996.43,0,11.912,11.912,40.366,8.841,94.134,7.043,1367.944,0,7.063,7.063,NA,41
"5/23/2022 1:45:37 PM",0,27.958,0.332,0.722,678.1,996.496,0,0,0,1.792,8.835,94.158,7.046,981.46,0,7.066,7.066,NA,41
"5/23/2022 1:45:37 PM",0,27.93,0.328,0.714,671.1,996.502,0,265.998,265.998,10.146,8.833,94.11,7.043,994.119,0,7.063,7.063,NA,41
"5/23/2022 1:45:38 PM",0,27.998,0.321,0.7,657,996.477,0,102.073,102.073,36.943,8.835,94.254,7.055,789.45,0,7.075,7.075,NA,41
"5/23/2022 1:45:38 PM",0,28.059,0.317,0.691,647.8,996.456,0,62.632,62.632,217.354,8.836,94.621,7.085,423.017,0,7.105,7.105,NA,41
"5/23/2022 1:45:38 PM",0,28.111,0.311,0.681,637.1,996.437,0,28.442,28.442,81.965,8.836,94.659,7.089,350.716,0,7.109,7.109,NA,41
"5/23/2022 1:45:38 PM",0,28.269,0.306,0.671,626.3,996.388,0,76.525,76.525,105.1,8.833,94.507,7.081,320.98,0,7.101,7.101,NA,41
"5/23/2022 1:45:38 PM",0,28.364,0.311,0.684,636.9,996.365,0,62.968,62.968,93.916,8.83,94.587,7.09,316.222,0,7.11,7.11,NA,41
"5/23/2022 1:45:39 PM",0,29.935,52.846,83.628,75437.4,1035.205,35.205,22.778,22.778,33.888,8.83,96.324,5.409,305.432,0,5.42,5.424,NA,41
"5/23/2022 1:45:39 PM",0,30.922,51.721,83.563,73931.4,1033.994,33.994,8.183,8.183,14.779,8.833,96.814,5.463,303.563,0,5.474,5.478,NA,41
"5/23/2022 1:45:39 PM",0,31.185,51.413,83.526,73521.1,1033.664,33.664,3.76,3.76,10.851,8.834,97.167,5.483,310.954,0,5.495,5.499,NA,41
"5/23/2022 1:45:39 PM",0,31.241,51.324,83.483,73404.7,1033.576,33.576,2.192,2.192,9.471,8.84,96.971,5.46,315.967,0,5.471,5.475,NA,41
"5/23/2022 1:45:39 PM",0,31.236,51.354,83.518,73441.9,1033.6,33.6,1.989,1.989,8.547,8.842,97.062,5.457,312.314,0,5.469,5.472,NA,41
"5/23/2022 1:45:40 PM",0,31.246,51.34,83.514,73424.2,1033.586,33.587,1.833,1.833,8.357,8.846,97.123,5.457,298.38,0,5.468,5.471,NA,41
"5/23/2022 1:45:40 PM",0,31.247,51.34,83.514,73423.9,1033.586,33.586,1.786,1.786,8.489,8.849,97.222,5.458,283.257,0,5.47,5.473,NA,41
"5/23/2022 1:45:40 PM",0,31.243,51.351,83.523,73437.3,1033.595,33.596,1.732,1.732,8.489,8.853,97.031,5.443,277.48,0,5.455,5.458,NA,41
"5/23/2022 1:45:40 PM",0,31.231,51.358,83.515,73447.1,1033.605,33.605,1.833,1.833,8.518,8.855,97.049,5.442,292.943,0,5.453,5.457,NA,41
"5/23/2022 1:45:40 PM",0,31.23,51.366,83.526,73457.6,1033.611,33.612,1.498,1.498,8.195,8.859,97.067,5.441,314.438,0,5.452,5.456,NA,41
"5/23/2022 1:50:41 PM",0.253,30.25,50.972,81.522,73080.6,1033.672,33.671,0.078,0.078,0.291,8.932,96.936,5.471,718.678,0,5.482,5.486,NA,41
"5/23/2022 1:50:42 PM",0.208,30.251,50.977,81.529,73086.8,1033.676,33.675,0.101,0.101,0.626,8.932,96.932,5.47,703.216,0,5.482,5.485,NA,41
"5/23/2022 1:50:42 PM",0.079,30.25,50.987,81.542,73099.5,1033.683,33.683,0.086,0.086,0.044,8.933,96.796,5.463,858.863,0,5.475,5.478,NA,41
"5/23/2022 1:50:42 PM",0.034,30.25,50.987,81.542,73098.5,1033.682,33.682,0.218,0.218,0.233,8.931,96.932,5.47,869.823,0,5.482,5.486,NA,41
"5/23/2022 1:50:42 PM",0.052,30.25,50.998,81.557,73112.2,1033.691,33.69,0.023,0.023,0,8.932,97.002,5.474,870.757,0,5.486,5.489,NA,41
"5/23/2022 1:50:42 PM",0.067,30.252,50.993,81.553,73105.9,1033.686,33.686,0.148,0.148,0.116,8.932,96.93,5.471,858.438,0,5.483,5.486,NA,41
"5/23/2022 1:50:43 PM",0.088,30.255,50.988,81.55,73099.7,1033.682,33.682,0.101,0.101,0.146,8.93,97.034,5.477,748.924,0,5.489,5.492,NA,41
"5/23/2022 1:50:43 PM",0.091,30.25,50.986,81.54,73097.9,1033.682,33.682,0.008,0.008,0,8.928,97.003,5.475,803.214,0,5.487,5.49,NA,41
"5/23/2022 1:50:43 PM",0.095,30.248,50.988,81.541,73101.1,1033.685,33.684,0.109,0.109,0.131,8.93,97.044,5.477,871.097,0,5.489,5.492,NA,41
"5/23/2022 1:50:43 PM",0.078,30.246,50.991,81.541,73104.6,1033.687,33.687,0.101,0.101,0,8.933,96.967,5.472,844.165,0,5.484,5.487,NA,41
"5/23/2022 1:50:43 PM",0.078,30.242,51.007,81.559,73124.9,1033.701,33.7,0.07,0.07,0,8.935,97.066,5.477,575.69,0,5.488,5.492,NA,41
"5/23/2022 1:50:44 PM",0.161,30.268,51.006,81.596,73120.6,1033.691,33.69,0.226,0.226,0.175,8.94,97.17,5.482,558.019,0,5.494,5.497,NA,41
"5/23/2022 1:50:44 PM",0.253,30.261,50.987,81.559,73097.7,1033.679,33.678,0.094,0.094,0.16,8.94,97.017,5.476,896.585,0,5.487,5.491,NA,41
"5/23/2022 1:50:44 PM",0.361,30.266,50.995,81.576,73106.7,1033.684,33.682,0.14,0.14,1.238,8.941,97.001,5.475,787.751,0,5.486,5.49,NA,41
"5/23/2022 1:50:44 PM",0.467,30.266,50.98,81.556,73088.8,1033.673,33.671,0.53,0.53,0.976,8.945,97.088,5.481,606.786,0,5.492,5.496,NA,41
"5/23/2022 1:50:44 PM",0.578,30.257,50.999,81.568,73113,1033.691,33.689,0.242,0.242,0.379,8.952,97.056,5.479,774.922,0,5.49,5.494,NA,41
"5/23/2022 1:50:45 PM",0.746,30.258,50.998,81.57,73112.4,1033.691,33.688,0.203,0.203,0.306,8.956,97.007,5.476,855.974,0,5.488,5.491,NA,41
"5/23/2022 1:50:45 PM",0.877,30.25,51.005,81.567,73121.5,1033.7,33.696,0.016,0.016,0,8.958,97.002,5.476,619.955,0,5.488,5.491,NA,41
"5/23/2022 1:50:45 PM",0.993,30.244,51.012,81.568,73130.9,1033.708,33.703,0.156,0.156,0.248,8.959,96.95,5.474,871.182,0,5.485,5.489,NA,41
"5/23/2022 1:50:45 PM",1.054,30.24,51.022,81.577,73144.5,1033.717,33.713,0.218,0.218,0.218,8.96,96.988,5.477,549.353,0,5.488,5.492,NA,41
"5/23/2022 1:50:45 PM",1.08,30.24,51.03,81.587,73153.6,1033.723,33.718,0.117,0.117,0.073,8.961,97.058,5.48,478.156,0,5.492,5.495,NA,41
"5/23/2022 1:50:46 PM",1.082,30.242,51.034,81.595,73158.7,1033.725,33.721,0.094,0.094,0.146,8.955,97.169,5.486,857.588,0,5.498,5.501,NA,41
"5/23/2022 1:50:46 PM",1.08,30.242,51.037,81.6,73162.5,1033.728,33.723,0.094,0.094,0.146,8.955,97.113,5.483,623.183,0,5.494,5.498,NA,41
"5/23/2022 1:50:46 PM",1.087,30.243,51.041,81.607,73167.6,1033.731,33.726,0.094,0.094,0.218,8.955,97.081,5.481,609.505,0,5.493,5.496,NA,41
"5/23/2022 1:50:46 PM",1.087,30.242,51.045,81.612,73173.1,1033.734,33.73,0.062,0.062,0.116,8.955,97.067,5.48,625.987,0,5.491,5.495,NA,41
"5/23/2022 1:50:46 PM",1.134,30.241,51.042,81.606,73168.5,1033.732,33.727,0.008,0.008,0,8.955,97.016,5.477,693.955,0,5.488,5.492,NA,41
"5/23/2022 1:50:47 PM",1.176,30.241,51.052,81.619,73180.8,1033.739,33.735,0.086,0.086,0.204,8.956,97.065,5.479,629.725,0,5.491,5.494,NA,41
"5/23/2022 1:50:47 PM",1.191,30.24,51.057,81.625,73187.5,1033.744,33.739,0.039,0.039,0.015,8.956,97.088,5.48,592.343,0,5.492,5.495,NA,41
"5/23/2022 1:50:47 PM",1.184,30.241,51.06,81.63,73191,1033.746,33.741,0.117,0.117,0.102,8.955,97.147,5.484,723.351,0,5.496,5.499,NA,41
"5/23/2022 1:50:47 PM",1.155,30.243,51.06,81.633,73190.7,1033.745,33.74,0.086,0.086,0.116,8.954,97.07,5.481,594.891,0,5.492,5.496,NA,41
"5/23/2022 1:50:47 PM",1.157,30.244,51.064,81.641,73196.3,1033.748,33.743,0.109,0.109,0.131,8.951,97.054,5.479,766.596,0,5.491,5.494,NA,41
"5/23/2022 1:50:48 PM",1.165,30.241,51.068,81.641,73200.9,1033.752,33.747,0.094,0.094,0.102,8.952,97.094,5.482,821.395,0,5.493,5.497,NA,41
"5/23/2022 1:50:48 PM",1.195,30.239,51.065,81.633,73197.2,1033.75,33.745,0.031,0.031,0,8.953,97.088,5.481,641.789,0,5.493,5.496,NA,41
"5/23/2022 1:50:48 PM",1.228,30.239,51.07,81.641,73203.5,1033.754,33.749,0.039,0.039,0.015,8.953,97.108,5.483,513.669,0,5.494,5.498,NA,41
"5/23/2022 1:50:48 PM",1.273,30.239,51.074,81.646,73208.5,1033.758,33.752,0.101,0.101,0.146,8.954,97.089,5.481,617.406,0,5.493,5.496,NA,41
"5/23/2022 1:50:48 PM",1.342,30.24,51.074,81.649,73209.4,1033.758,33.752,0.062,0.062,0.044,8.954,97.123,5.482,715.79,0,5.493,5.497,NA,41
"5/23/2022 1:50:49 PM",1.4,30.241,51.074,81.649,73208.4,1033.757,33.751,0.031,0.031,0,8.954,97.143,5.483,824.029,0,5.495,5.499,NA,41
"5/23/2022 1:50:49 PM",1.488,30.242,51.076,81.655,73211.3,1033.759,33.753,0.086,0.086,0.189,8.953,96.987,5.475,589.114,0,5.486,5.49,NA,41
"5/23/2022 1:50:49 PM",1.572,30.242,51.079,81.658,73214.8,1033.762,33.755,0,0,0,8.954,97.096,5.481,506.533,0,5.493,5.496,NA,41
"5/23/2022 1:50:49 PM",1.648,30.242,51.087,81.67,73225.4,1033.768,33.761,0.039,0.039,0.015,8.951,97.068,5.479,757.845,0,5.491,5.494,NA,41
"5/23/2022 1:50:49 PM",1.653,30.243,51.089,81.674,73227.9,1033.77,33.763,0.086,0.086,0.277,8.953,97.212,5.487,737.625,0,5.499,5.502,NA,41
"5/23/2022 1:50:50 PM",1.64,30.244,51.088,81.674,73225.8,1033.768,33.761,0.086,0.086,0.102,8.954,97.026,5.477,535.334,0,5.489,5.492,NA,41
"5/23/2022 1:50:50 PM",1.627,30.245,51.087,81.673,73224.3,1033.767,33.76,0.156,0.156,0.116,8.954,97.132,5.483,822.245,0,5.494,5.498,NA,41
"5/23/2022 1:50:50 PM",1.582,30.246,51.09,81.679,73227.7,1033.768,33.762,0.047,0.047,0.044,8.955,97.072,5.479,610.439,0,5.491,5.495,NA,41
"5/23/2022 1:50:50 PM",1.54,30.246,51.089,81.679,73226.9,1033.768,33.761,0.078,0.078,0.116,8.954,97.042,5.478,575.351,0,5.49,5.493,NA,41
"5/23/2022 1:50:51 PM",1.511,30.247,51.092,81.684,73230.7,1033.77,33.763,0.023,0.023,0,8.955,97.083,5.481,420.298,0,5.492,5.496,NA,41
"5/23/2022 1:50:51 PM",1.48,30.246,51.098,81.691,73237.8,1033.774,33.768,0.031,0.031,0,8.956,97.099,5.481,501.01,0,5.493,5.496,NA,41
"5/23/2022 1:50:51 PM",1.468,30.247,51.1,81.695,73240.8,1033.776,33.769,0.055,0.055,0.029,8.957,97.239,5.489,847.563,0,5.501,5.504,NA,41
"5/23/2022 1:50:51 PM",1.44,30.247,51.104,81.7,73244.8,1033.778,33.772,0.086,0.086,0.131,8.96,97.045,5.477,649.691,0,5.489,5.493,NA,41
"5/23/2022 1:50:51 PM",1.419,30.248,51.105,81.703,73246.7,1033.779,33.773,0.062,0.062,0.102,8.96,97.057,5.478,885.71,0,5.489,5.493,NA,41
"5/23/2022 1:50:52 PM",1.428,30.248,51.108,81.707,73249.6,1033.78,33.774,0.094,0.094,0.306,8.96,97.01,5.475,720.972,0,5.487,5.49,NA,41
"5/23/2022 1:50:52 PM",1.45,30.248,51.105,81.703,73246.8,1033.779,33.773,0.117,0.117,0.233,8.958,97.117,5.481,503.219,0,5.492,5.496,NA,41
"5/23/2022 1:50:52 PM",1.516,30.247,51.104,81.701,73245.1,1033.778,33.772,0.031,0.031,0,8.96,97.086,5.479,497.187,0,5.491,5.494,NA,41
"5/23/2022 1:50:52 PM",1.561,30.247,51.11,81.708,73252.7,1033.783,33.777,0.094,0.094,0.131,8.961,97.179,5.484,730.658,0,5.496,5.499,NA,41
"5/23/2022 1:50:52 PM",1.613,30.246,51.111,81.709,73254.5,1033.785,33.778,0.094,0.094,0.16,8.963,97.172,5.484,711.287,0,5.495,5.499,NA,41
"5/23/2022 1:50:53 PM",1.657,30.246,51.113,81.711,73257.1,1033.787,33.78,0.187,0.187,0.349,8.966,97.221,5.486,763.452,0,5.498,5.502,NA,41
"5/23/2022 1:50:53 PM",1.69,30.246,51.112,81.711,73255.8,1033.786,33.779,0.078,0.078,0.16,8.964,97.097,5.48,732.102,0,5.491,5.495,NA,41
"5/23/2022 1:50:53 PM",1.742,30.246,51.115,81.715,73259.3,1033.788,33.781,0.031,0.031,0,8.965,97.078,5.478,599.904,0,5.49,5.493,NA,41
"5/23/2022 1:50:53 PM",1.765,30.247,51.12,81.722,73265.1,1033.792,33.784,0.047,0.047,0.175,8.966,97.131,5.481,866.084,0,5.493,5.496,NA,41
"5/23/2022 1:50:53 PM",1.775,30.248,51.122,81.727,73268.2,1033.793,33.786,0.125,0.125,0.364,8.964,97.133,5.481,585.291,0,5.493,5.496,NA,41
"5/23/2022 1:50:54 PM",1.766,30.249,51.122,81.728,73267.7,1033.793,33.785,0.086,0.086,0.218,8.964,97.181,5.484,492.429,0,5.496,5.499,NA,41
"5/23/2022 1:50:54 PM",1.721,30.251,51.12,81.728,73264.7,1033.79,33.783,0.117,0.117,0.087,8.966,97.158,5.483,681.126,0,5.494,5.498,NA,41
"5/23/2022 1:50:54 PM",1.671,30.252,51.119,81.727,73262.9,1033.789,33.781,0.125,0.125,0.131,8.967,97.221,5.487,872.541,0,5.499,5.502,NA,41
"5/23/2022 1:50:54 PM",1.62,30.253,51.118,81.729,73262.2,1033.788,33.781,0.179,0.179,0.393,8.968,97.183,5.485,700.667,0,5.497,5.5,NA,41
"5/23/2022 1:50:54 PM",1.554,30.252,51.123,81.734,73269,1033.792,33.785,0.101,0.101,0.218,8.969,97.093,5.48,565.155,0,5.491,5.495,NA,41
"5/23/2022 1:50:55 PM",1.481,30.249,51.13,81.74,73277.4,1033.797,33.791,0.218,0.218,0.262,8.967,97.197,5.486,591.408,0,5.497,5.501,NA,41
"5/23/2022 1:50:55 PM",1.424,30.249,51.13,81.739,73277,1033.797,33.791,0.195,0.195,0.131,8.962,97.185,5.486,570.083,0,5.497,5.501,NA,41
"5/23/2022 1:50:55 PM",1.408,30.249,51.128,81.736,73275.2,1033.796,33.79,0.179,0.179,0.015,8.963,97.19,5.486,787.751,0,5.498,5.501,NA,41
"5/23/2022 1:50:55 PM",1.4,30.247,51.131,81.739,73279.3,1033.799,33.793,0.351,0.351,0.32,8.964,97.241,5.489,599.904,0,5.5,5.504,NA,41
"5/23/2022 1:50:55 PM",1.403,30.247,51.132,81.739,73279.6,1033.799,33.793,0.156,0.156,0,8.966,97.189,5.486,473.143,0,5.498,5.501,NA,41
"5/23/2022 1:50:56 PM",1.426,30.247,51.133,81.74,73280.9,1033.8,33.794,0.281,0.281,0.306,8.969,97.121,5.482,762.943,0,5.494,5.497,NA,41
"5/23/2022 1:50:56 PM",1.448,30.246,51.134,81.74,73282.8,1033.802,33.795,0.296,0.296,0.451,8.969,97.127,5.482,584.866,0,5.494,5.498,NA,41
"5/23/2022 1:50:56 PM",1.469,30.244,51.14,81.746,73290.4,1033.807,33.801,0.257,0.257,0.291,8.968,97.245,5.488,478.921,0,5.5,5.504,NA,41
"5/23/2022 1:50:56 PM",1.518,30.243,51.141,81.746,73291.4,1033.808,33.801,0.195,0.195,0.102,8.966,97.263,5.49,726.665,0,5.502,5.505,NA,41
"5/23/2022 1:50:56 PM",1.544,30.243,51.141,81.745,73291.3,1033.808,33.801,0.25,0.25,0.277,8.967,97.258,5.49,534.485,0,5.502,5.505,NA,41
"5/23/2022 1:50:57 PM",1.601,30.242,51.144,81.749,73295.6,1033.811,33.804,0.211,0.211,0.146,8.97,97.228,5.488,515.793,0,5.5,5.504,NA,41
"5/23/2022 1:50:57 PM",1.638,30.242,51.145,81.75,73297.4,1033.812,33.805,0.156,0.156,0.058,8.971,97.309,5.493,604.832,0,5.505,5.508,NA,41
"5/23/2022 1:50:57 PM",1.662,30.242,51.15,81.756,73302.6,1033.816,33.809,0.281,0.281,0.349,8.971,97.235,5.489,593.192,0,5.5,5.504,NA,41
"5/23/2022 1:50:57 PM",1.695,30.241,51.151,81.757,73304.9,1033.817,33.81,0.273,0.273,0.306,8.972,97.326,5.494,583.932,0,5.505,5.509,NA,41
"5/23/2022 1:50:57 PM",1.714,30.242,51.155,81.763,73308.8,1033.819,33.812,0.195,0.195,0.32,8.978,97.241,5.489,515.454,0,5.5,5.504,NA,41
"5/23/2022 1:50:58 PM",1.719,30.243,51.155,81.765,73309.5,1033.82,33.812,0.265,0.265,0.116,8.982,97.259,5.49,486.227,0,5.501,5.505,NA,41
"5/23/2022 1:50:58 PM",1.716,30.245,51.154,81.766,73307.5,1033.818,33.811,0.226,0.226,0.204,8.982,97.257,5.49,540.347,0,5.502,5.505,NA,41
"5/23/2022 1:50:58 PM",1.7,30.245,51.154,81.766,73308.1,1033.818,33.811,0.421,0.421,0.116,8.98,97.231,5.488,524.459,0,5.5,5.503,NA,41
"5/23/2022 1:50:58 PM",1.686,30.247,51.154,81.77,73307.4,1033.817,33.81,0.406,0.406,0.204,8.98,97.252,5.489,547.144,0,5.501,5.505,NA,41
"5/23/2022 1:50:58 PM",1.653,30.247,51.154,81.771,73307.8,1033.817,33.81,0.367,0.367,0.16,8.982,97.228,5.488,588.264,0,5.5,5.503,NA,41
"5/23/2022 1:50:59 PM",1.631,30.246,51.158,81.773,73312.2,1033.82,33.813,0.351,0.351,0.175,8.983,97.162,5.485,585.971,0,5.496,5.5,NA,41
"5/23/2022 1:50:59 PM",1.607,30.246,51.157,81.773,73311.3,1033.819,33.813,0.335,0.335,0.189,8.983,97.237,5.489,509.421,0,5.501,5.504,NA,41
"5/23/2022 1:50:59 PM",1.584,30.248,51.159,81.778,73314.1,1033.821,33.814,0.312,0.312,0.116,8.983,97.218,5.488,607.126,0,5.5,5.503,NA,41
"5/23/2022 1:50:59 PM",1.56,30.248,51.159,81.778,73313.7,1033.82,33.814,0.328,0.328,0.218,8.986,97.443,5.5,716.3,0,5.511,5.515,NA,41
"5/23/2022 1:51:00 PM",1.556,30.248,51.163,81.783,73319,1033.824,33.817,0.335,0.335,0.189,8.989,97.344,5.494,507.552,0,5.506,5.51,NA,41
"5/23/2022 1:51:00 PM",1.551,30.248,51.162,81.782,73317.8,1033.823,33.816,0.343,0.343,0.32,8.987,97.423,5.499,493.874,0,5.511,5.515,NA,41
"5/23/2022 1:51:00 PM",1.553,30.247,51.163,81.783,73319.1,1033.824,33.817,0.328,0.328,0.218,8.985,97.342,5.495,508.742,0,5.507,5.51,NA,41
"5/23/2022 1:51:00 PM",1.544,30.248,51.163,81.783,73318.1,1033.823,33.816,0.328,0.328,0.16,8.986,97.434,5.501,464.732,0,5.513,5.516,NA,41
"5/23/2022 1:51:00 PM",1.534,30.249,51.164,81.785,73319.1,1033.823,33.817,0.304,0.304,0.16,8.985,97.306,5.494,464.987,0,5.506,5.509,NA,41
"5/23/2022 1:51:01 PM",1.528,30.248,51.163,81.784,73319,1033.823,33.817,0.25,0.25,0,8.983,97.372,5.498,548.758,0,5.51,5.513,NA,41
"5/23/2022 1:51:01 PM",1.52,30.247,51.167,81.787,73323.7,1033.827,33.82,0.359,0.359,0.233,8.983,97.275,5.493,672.545,0,5.505,5.508,NA,41
"5/23/2022 1:51:01 PM",1.516,30.246,51.169,81.789,73325.5,1033.828,33.821,0.382,0.382,0.32,8.982,97.319,5.496,510.356,0,5.507,5.511,NA,41
"5/23/2022 1:51:01 PM",1.509,30.246,51.172,81.794,73329.7,1033.83,33.824,0.296,0.296,0.146,8.98,97.316,5.496,837.198,0,5.507,5.511,NA,41
"5/23/2022 1:51:01 PM",1.516,30.247,51.174,81.797,73332.5,1033.832,33.825,0.335,0.335,0.175,8.982,97.217,5.489,565.835,0,5.501,5.504,NA,41
"5/23/2022 1:51:02 PM",1.54,30.247,51.176,81.799,73334.3,1033.833,33.827,0.343,0.343,0.218,8.983,97.276,5.492,690.811,0,5.504,5.508,NA,41
"5/23/2022 1:51:02 PM",1.561,30.244,51.177,81.796,73336.4,1033.835,33.829,0.304,0.304,0.087,8.983,97.24,5.49,535.164,0,5.502,5.505,NA,41
"5/23/2022 1:51:02 PM",1.589,30.241,51.179,81.795,73338.8,1033.838,33.831,0.359,0.359,0.233,8.982,97.303,5.493,649.096,0,5.505,5.509,NA,41
"5/23/2022 1:51:02 PM",1.633,30.238,51.184,81.797,73345.2,1033.843,33.836,0.296,0.296,0.073,8.979,97.374,5.497,473.398,0,5.509,5.512,NA,41
"5/23/2022 1:51:02 PM",1.655,30.238,51.186,81.8,73348.5,1033.845,33.838,0.351,0.351,0.189,8.981,97.332,5.495,613.158,0,5.507,5.51,NA,41
"5/23/2022 1:51:03 PM",1.669,30.237,51.189,81.804,73352.1,1033.847,33.84,0.281,0.281,0.044,8.98,97.303,5.493,747.735,0,5.505,5.508,NA,41
"5/23/2022 1:51:03 PM",1.674,30.238,51.192,81.808,73355.3,1033.849,33.842,0.343,0.343,0.189,8.978,97.306,5.492,480.025,0,5.504,5.508,NA,41
"5/23/2022 1:51:03 PM",1.659,30.241,51.186,81.805,73348.2,1033.844,33.837,0.343,0.343,0.248,8.979,97.347,5.496,720.123,0,5.507,5.511,NA,41
"5/23/2022 1:51:03 PM",1.64,30.242,51.186,81.806,73347.8,1033.843,33.836,0.32,0.32,0.16,8.979,97.249,5.491,684.694,0,5.502,5.506,NA,41
"5/23/2022 1:51:03 PM",1.6,30.242,51.186,81.807,73347.3,1033.842,33.836,0.273,0.273,0.015,8.981,97.071,5.481,858.183,0,5.493,5.497,NA,41
"5/23/2022 1:51:04 PM",1.565,30.242,51.186,81.807,73348.2,1033.843,33.836,0.265,0.265,0,8.979,97.171,5.487,573.057,0,5.499,5.502,NA,41
"5/23/2022 1:51:04 PM",1.497,30.241,51.188,81.809,73350.8,1033.845,33.838,0.569,0.569,0.364,8.979,97.298,5.495,906.695,0,5.506,5.51,NA,41
"5/23/2022 1:51:04 PM",1.471,30.241,51.191,81.811,73353.6,1033.846,33.84,0.406,0.406,0.248,8.982,97.297,5.494,561.672,0,5.506,5.51,NA,41
"5/23/2022 1:51:04 PM",1.445,30.241,51.193,81.814,73356.3,1033.848,33.842,0.328,0.328,0.073,8.988,97.274,5.493,562.691,0,5.505,5.508,NA,41
"5/23/2022 1:51:04 PM",1.441,30.242,51.19,81.812,73352.2,1033.845,33.839,0.335,0.335,0.16,8.987,97.191,5.488,447.74,0,5.5,5.504,NA,41
"5/23/2022 1:51:05 PM",1.455,30.239,51.194,81.813,73357.3,1033.849,33.843,0.296,0.296,0.044,8.988,97.314,5.495,696.589,0,5.506,5.51,NA,41
"5/23/2022 1:51:05 PM",1.488,30.238,51.197,81.815,73361.3,1033.852,33.846,0.374,0.374,0.277,8.989,97.311,5.495,550.967,0,5.506,5.51,NA,41
"5/23/2022 1:51:05 PM",1.525,30.239,51.198,81.818,73362.9,1033.853,33.846,0.296,0.296,0.116,8.99,97.217,5.489,507.297,0,5.501,5.504,NA,41
"5/23/2022 1:51:05 PM",1.563,30.239,51.198,81.819,73363,1033.853,33.846,0.281,0.281,0.015,8.99,97.341,5.496,543.49,0,5.508,5.511,NA,41
"5/23/2022 1:51:05 PM",1.603,30.239,51.201,81.822,73366.8,1033.855,33.849,0.32,0.32,0.102,8.991,97.354,5.497,854.02,0,5.509,5.512,NA,41
"5/23/2022 1:51:06 PM",1.653,30.238,51.203,81.824,73369.4,1033.857,33.85,0.367,0.367,0.218,8.991,97.369,5.498,534.57,0,5.509,5.513,NA,41
"5/23/2022 1:51:06 PM",1.678,30.237,51.206,81.827,73373.6,1033.86,33.853,0.211,0.211,0,8.989,97.303,5.494,410.443,0,5.506,5.509,NA,41
"5/23/2022 1:51:06 PM",1.693,30.237,51.207,81.829,73374.7,1033.861,33.854,0.367,0.367,0.291,8.988,97.248,5.491,647.907,0,5.503,5.506,NA,41
"5/23/2022 1:51:06 PM",1.702,30.237,51.209,81.831,73377.3,1033.863,33.856,0.343,0.343,0.248,8.989,97.262,5.491,602.283,0,5.503,5.507,NA,41
"5/23/2022 1:51:06 PM",1.702,30.238,51.209,81.832,73377.3,1033.863,33.855,0.281,0.281,0.116,8.991,97.28,5.493,515.199,0,5.505,5.508,NA,41
"5/23/2022 1:51:07 PM",1.686,30.24,51.21,81.836,73377.3,1033.862,33.855,0.304,0.304,0.146,8.99,97.141,5.485,406.11,0,5.497,5.5,NA,41
"5/23/2022 1:51:07 PM",1.664,30.241,51.208,81.835,73374.8,1033.86,33.853,0.304,0.304,0.204,8.99,97.412,5.502,558.443,0,5.514,5.517,NA,41
"5/23/2022 1:51:07 PM",1.645,30.241,51.209,81.837,73376.4,1033.861,33.854,0.289,0.289,0.116,8.99,97.256,5.493,368.387,0,5.505,5.508,NA,41
"5/23/2022 1:51:07 PM",1.622,30.243,51.209,81.839,73375.9,1033.86,33.853,0.429,0.429,0.218,8.99,97.36,5.499,406.28,0,5.511,5.514,NA,41
"5/23/2022 1:51:07 PM",1.582,30.242,51.211,81.842,73378.8,1033.862,33.855,0.398,0.398,0.189,8.991,97.361,5.498,720.123,0,5.51,5.514,NA,41
"5/23/2022 1:51:08 PM",1.547,30.241,51.215,81.845,73383.7,1033.865,33.858,0.273,0.273,0.044,8.993,97.308,5.495,527.858,0,5.507,5.511,NA,41
"5/23/2022 1:51:08 PM",1.516,30.241,51.215,81.845,73384.2,1033.865,33.859,0.289,0.289,0.102,8.995,97.329,5.497,654.958,0,5.509,5.512,NA,41
"5/23/2022 1:51:08 PM",1.476,30.241,51.216,81.846,73384.5,1033.865,33.859,0.398,0.398,0.32,8.995,97.371,5.499,497.782,0,5.511,5.514,NA,41
"5/23/2022 1:51:08 PM",1.45,30.24,51.219,81.85,73388.9,1033.868,33.862,0.281,0.281,0.102,8.996,97.307,5.495,463.543,0,5.506,5.51,NA,41
"5/23/2022 1:51:08 PM",1.41,30.242,51.219,81.852,73388.7,1033.867,33.861,0.312,0.312,0.189,8.997,97.376,5.499,389.628,0,5.51,5.514,NA,41
"5/23/2022 1:51:09 PM",1.41,30.242,51.218,81.85,73386.7,1033.866,33.86,0.218,0.218,0,8.997,97.43,5.502,534.06,0,5.514,5.517,NA,41
"5/23/2022 1:51:09 PM",1.408,30.241,51.22,81.851,73389.7,1033.868,33.862,0.281,0.281,0.116,8.997,97.363,5.498,554.026,0,5.51,5.513,NA,41
"5/23/2022 1:51:09 PM",1.426,30.239,51.222,81.852,73392.9,1033.871,33.865,0.281,0.281,0.102,8.997,97.313,5.495,522.08,0,5.507,5.51,NA,41
"5/23/2022 1:51:09 PM",1.469,30.236,51.224,81.851,73395.6,1033.873,33.867,0.359,0.359,0.248,8.997,97.286,5.494,451.394,0,5.505,5.509,NA,41
"5/23/2022 1:51:10 PM",1.499,30.236,51.227,81.854,73399.8,1033.876,33.87,0.289,0.289,0.044,8.996,97.241,5.491,656.912,0,5.503,5.506,NA,41
"5/23/2022 1:51:10 PM",1.539,30.236,51.226,81.852,73397.5,1033.875,33.868,0.343,0.343,0.189,8.994,97.323,5.495,518.257,0,5.507,5.51,NA,41
"5/23/2022 1:51:10 PM",1.58,30.236,51.229,81.857,73401.6,1033.877,33.871,0.304,0.304,0.116,8.998,97.384,5.499,581.468,0,5.511,5.514,NA,41
"5/23/2022 1:51:10 PM",1.648,30.235,51.23,81.856,73403.1,1033.879,33.872,0.328,0.328,0.16,8.998,97.281,5.493,580.448,0,5.505,5.509,NA,41
"5/23/2022 1:51:10 PM",1.69,30.233,51.233,81.858,73406.6,1033.882,33.875,0.39,0.39,0.32,8.998,97.358,5.497,409.763,0,5.509,5.513,NA,41
"5/23/2022 1:51:11 PM",1.721,30.233,51.235,81.862,73410.2,1033.884,33.877,0.328,0.328,0.16,8.999,97.307,5.495,405.175,0,5.506,5.51,NA,41
"5/23/2022 1:51:11 PM",1.754,30.234,51.235,81.863,73409.8,1033.884,33.876,0.351,0.351,0.087,9.003,97.294,5.495,613.328,0,5.506,5.51,NA,41
"5/23/2022 1:51:11 PM",1.768,30.234,51.237,81.865,73411.7,1033.885,33.877,0.257,0.257,0,9.001,97.313,5.496,975.938,0,5.508,5.511,NA,41
"5/23/2022 1:51:11 PM",1.772,30.232,51.24,81.867,73415.7,1033.888,33.88,0.312,0.312,0.218,8.995,97.404,5.5,592.343,0,5.512,5.516,NA,41
"5/23/2022 1:51:11 PM",1.754,30.233,51.241,81.869,73417.4,1033.889,33.881,0.265,0.265,0.073,8.994,97.338,5.496,535.419,0,5.508,5.512,NA,41
"5/23/2022 1:51:12 PM",1.723,30.235,51.239,81.869,73414.4,1033.886,33.879,0.273,0.273,0.16,8.993,97.324,5.496,700.242,0,5.508,5.512,NA,41
"5/23/2022 1:51:12 PM",1.69,30.236,51.24,81.872,73415.1,1033.886,33.879,0.265,0.265,0.087,8.993,97.326,5.497,874.326,0,5.508,5.512,NA,41
"5/23/2022 1:51:12 PM",1.626,30.237,51.239,81.873,73414.6,1033.885,33.878,0.281,0.281,0.131,8.991,97.352,5.498,790.045,0,5.51,5.513,NA,41
"5/23/2022 1:51:12 PM",1.57,30.238,51.238,81.873,73413.1,1033.884,33.877,0.351,0.351,0.218,8.989,97.366,5.499,706.019,0,5.511,5.514,NA,41
"5/23/2022 1:51:12 PM",1.521,30.238,51.24,81.875,73415.2,1033.885,33.878,0.289,0.289,0.116,8.988,97.408,5.501,507.043,0,5.513,5.517,NA,41
"5/23/2022 1:51:13 PM",1.471,30.238,51.24,81.876,73414.8,1033.884,33.878,0.281,0.281,0.116,8.989,97.313,5.496,571.527,0,5.507,5.511,NA,41
"5/23/2022 1:51:13 PM",1.428,30.238,51.241,81.877,73416.1,1033.885,33.879,0.203,0.203,0,8.99,97.317,5.496,652.409,0,5.508,5.511,NA,41
"5/23/2022 1:51:13 PM",1.377,30.238,51.24,81.875,73415.1,1033.884,33.878,0.359,0.359,0.291,8.992,97.268,5.493,486.142,0,5.504,5.508,NA,41
"5/23/2022 1:51:13 PM",1.353,30.238,51.241,81.876,73416.5,1033.885,33.879,0.335,0.335,0.291,8.992,97.318,5.496,468.046,0,5.508,5.512,NA,41
"5/23/2022 1:51:13 PM",1.362,30.238,51.243,81.879,73418.2,1033.886,33.88,0.25,0.25,0.131,8.992,97.415,5.501,434.232,0,5.513,5.516,NA,41
"5/23/2022 1:51:14 PM",1.374,30.236,51.243,81.876,73419,1033.887,33.881,0.25,0.25,0.116,8.992,97.222,5.49,464.987,0,5.502,5.506,NA,41
"5/23/2022 1:51:14 PM",1.415,30.235,51.243,81.875,73419,1033.888,33.882,0.289,0.289,0.204,8.991,97.305,5.495,691.066,0,5.507,5.511,NA,41
"5/23/2022 1:51:14 PM",1.473,30.236,51.243,81.876,73419.6,1033.888,33.882,0.242,0.242,0.087,8.991,97.337,5.497,550.712,0,5.509,5.512,NA,41
"5/23/2022 1:51:14 PM",1.52,30.235,51.246,81.879,73423.3,1033.891,33.884,0.32,0.32,0.291,8.989,97.27,5.493,568.129,0,5.505,5.508,NA,41
"5/23/2022 1:51:14 PM",1.584,30.233,51.246,81.877,73423.5,1033.892,33.885,0.359,0.359,0.349,8.988,97.4,5.501,620.04,0,5.513,5.516,NA,41
"5/23/2022 1:51:15 PM",1.666,30.233,51.248,81.88,73426.3,1033.894,33.887,0.296,0.296,0.218,8.992,97.436,5.503,562.691,0,5.515,5.518,NA,41
"5/23/2022 1:51:15 PM",1.761,30.234,51.254,81.889,73433.2,1033.898,33.89,0.335,0.335,0.291,8.993,97.289,5.495,453.772,0,5.507,5.51,NA,41
"5/23/2022 1:51:15 PM",1.813,30.234,51.257,81.892,73436.7,1033.9,33.893,0.289,0.289,0.262,8.994,97.375,5.5,470.425,0,5.512,5.515,NA,41
"5/23/2022 1:51:15 PM",1.85,30.234,51.256,81.891,73435.8,1033.9,33.892,0.273,0.273,0.204,8.997,97.342,5.498,414.436,0,5.51,5.513,NA,41
"5/23/2022 1:51:15 PM",1.888,30.233,51.26,81.896,73441.1,1033.904,33.896,0.226,0.226,0.116,8.996,97.345,5.498,541.961,0,5.51,5.513,NA,41
"5/23/2022 1:51:16 PM",1.973,30.233,51.271,81.911,73453.9,1033.912,33.903,0.351,0.351,0.335,8.991,97.183,5.489,591.153,0,5.5,5.504,NA,41
"5/23/2022 1:51:16 PM",2.041,30.234,51.274,81.916,73458.2,1033.914,33.906,0.304,0.304,0.233,8.992,97.286,5.495,777.896,0,5.506,5.51,NA,41
"5/23/2022 1:51:16 PM",2.109,30.228,51.276,81.911,73461.1,1033.918,33.909,0.281,0.281,0.218,8.996,97.355,5.499,623.098,0,5.51,5.514,NA,41
"5/23/2022 1:51:16 PM",2.154,30.23,51.277,81.915,73462.7,1033.919,33.91,0.304,0.304,0.262,8.996,97.384,5.5,345.363,0,5.512,5.515,NA,41
"5/23/2022 1:51:16 PM",2.201,30.23,51.283,81.922,73469.4,1033.923,33.914,0.265,0.265,0.16,8.996,97.266,5.493,425.651,0,5.505,5.509,NA,41
"5/23/2022 1:51:17 PM",2.301,30.229,51.286,81.926,73473,1033.926,33.916,0.281,0.281,0.248,8.994,97.363,5.499,710.607,0,5.511,5.514,NA,41
"5/23/2022 1:51:17 PM",2.38,30.229,51.288,81.929,73476.7,1033.928,33.918,0.304,0.304,0.291,8.993,97.37,5.499,505.513,0,5.511,5.514,NA,41
"5/23/2022 1:51:17 PM",2.494,30.227,51.288,81.925,73476,1033.929,33.919,0.211,0.211,0.116,8.991,97.427,5.502,528.962,0,5.514,5.518,NA,41
"5/23/2022 1:51:17 PM",2.64,30.219,51.281,81.903,73468.7,1033.928,33.916,0.195,0.195,0.087,8.99,97.327,5.498,535.929,0,5.51,5.513,NA,41
"5/23/2022 1:51:17 PM",2.878,30.192,51.293,81.881,73487.5,1033.948,33.936,0.187,0.187,0.204,8.989,97.303,5.497,571.442,0,5.509,5.512,NA,41
"5/23/2022 1:51:18 PM",2.991,30.181,51.303,81.879,73501.4,1033.96,33.947,0.117,0.117,0.16,8.99,97.3,5.498,373.91,0,5.51,5.513,NA,41
"5/23/2022 1:51:18 PM",3.087,30.174,51.314,81.883,73514.7,1033.97,33.957,0.062,0.062,0.058,8.991,97.325,5.5,477.901,0,5.512,5.515,NA,41
"5/23/2022 1:51:18 PM",3.156,30.172,51.316,81.884,73518.4,1033.973,33.96,0.031,0.031,0,8.989,97.285,5.497,575.52,0,5.509,5.513,NA,41
"5/23/2022 1:51:18 PM",3.184,30.172,51.309,81.874,73509.6,1033.968,33.955,0.078,0.078,0.058,8.988,97.488,5.509,433.212,0,5.521,5.525,NA,41
"5/23/2022 1:51:19 PM",3.154,30.174,51.303,81.869,73502,1033.963,33.949,0.062,0.062,0.058,8.988,97.537,5.512,332.279,0,5.524,5.528,NA,41
"5/23/2022 1:51:19 PM",3.135,30.174,51.306,81.873,73505.5,1033.965,33.951,0.078,0.078,0.102,8.986,97.403,5.505,289.544,0,5.517,5.52,NA,41
"5/23/2022 1:51:19 PM",3.189,30.174,51.306,81.872,73505.4,1033.965,33.951,0.07,0.07,0.087,8.985,97.436,5.507,446.891,0,5.519,5.522,NA,41
"5/23/2022 1:51:19 PM",3.299,30.175,51.308,81.877,73508.1,1033.967,33.953,0.07,0.07,0.044,8.984,97.323,5.5,567.619,0,5.512,5.516,NA,41
"5/23/2022 1:51:19 PM",3.495,30.174,51.321,81.893,73524.2,1033.978,33.963,0.07,0.07,0.102,8.982,97.411,5.506,382.661,0,5.518,5.521,NA,41
"5/23/2022 1:51:20 PM",3.644,30.178,51.316,81.893,73517.6,1033.973,33.958,0.078,0.078,0.073,8.985,97.597,5.517,336.357,0,5.528,5.532,NA,41
"5/23/2022 1:51:20 PM",3.811,30.181,51.317,81.897,73518.4,1033.973,33.957,0.094,0.094,0.087,8.985,97.528,5.513,300.674,0,5.524,5.528,NA,41
"5/23/2022 1:51:20 PM",3.985,30.178,51.322,81.902,73525.5,1033.979,33.962,0.094,0.094,0.087,8.983,97.54,5.514,310.869,0,5.526,5.529,NA,41
"5/23/2022 1:51:20 PM",4.165,30.177,51.338,81.921,73544.7,1033.992,33.974,0.078,0.078,0.073,8.98,97.489,5.511,326.417,0,5.522,5.526,NA,41
"5/23/2022 1:51:20 PM",4.426,30.178,51.368,81.965,73581.8,1034.015,33.996,0.055,0.055,0.044,8.979,97.523,5.512,394.3,0,5.524,5.528,NA,41
"5/23/2022 1:51:21 PM",4.608,30.181,51.372,81.974,73587,1034.019,33.999,0.047,0.047,0.044,8.975,97.595,5.516,429.474,0,5.528,5.531,NA,41
"5/23/2022 1:51:21 PM",4.768,30.177,51.36,81.952,73572.9,1034.012,33.991,0.055,0.055,0.073,8.973,97.592,5.516,464.138,0,5.528,5.532,NA,41
"5/23/2022 1:51:21 PM",4.938,30.156,51.367,81.93,73583.8,1034.025,34.004,0.07,0.07,0.102,8.972,97.531,5.513,461.249,0,5.525,5.529,NA,41
"5/23/2022 1:51:21 PM",5.199,30.141,51.379,81.925,73600.4,1034.04,34.018,0.101,0.101,0.131,8.977,97.429,5.508,362.185,0,5.52,5.523,NA,41
"5/23/2022 1:51:21 PM",5.361,30.135,51.384,81.924,73607.9,1034.047,34.025,0.086,0.086,0.058,8.976,97.481,5.511,338.227,0,5.523,5.526,NA,41
"5/23/2022 1:51:22 PM",5.522,30.13,51.384,81.917,73608.6,1034.05,34.026,0.07,0.07,0.073,8.976,97.348,5.504,329.561,0,5.516,5.52,NA,41
"5/23/2022 1:51:22 PM",5.684,30.123,51.385,81.907,73611.1,1034.054,34.03,0.07,0.07,0.058,8.977,97.321,5.503,458.87,0,5.515,5.519,NA,41
"5/23/2022 1:51:22 PM",5.852,30.116,51.386,81.898,73613.1,1034.058,34.033,0.07,0.07,0.058,8.979,97.366,5.506,459.55,0,5.518,5.521,NA,41
"5/23/2022 1:51:22 PM",6.074,30.11,51.387,81.89,73615.2,1034.062,34.036,0.055,0.055,0.029,8.979,97.382,5.508,309,0,5.519,5.523,NA,41
"5/23/2022 1:51:22 PM",6.208,30.105,51.384,81.879,73611.8,1034.062,34.035,0.07,0.07,0.058,8.977,97.388,5.508,268.134,0,5.52,5.523,NA,41
"5/23/2022 1:51:23 PM",6.354,30.1,51.381,81.869,73609.3,1034.062,34.035,0.07,0.07,0.044,8.976,97.422,5.511,258.959,0,5.523,5.526,NA,41
"5/23/2022 1:51:23 PM",6.519,30.1,51.393,81.885,73624,1034.072,34.044,0.062,0.062,0.015,8.98,97.443,5.511,297.531,0,5.523,5.527,NA,41
"5/23/2022 1:51:23 PM",6.743,30.097,51.394,81.881,73625.3,1034.074,34.046,0.07,0.07,0.073,8.983,97.47,5.514,330.92,0,5.526,5.529,NA,41
"5/23/2022 1:51:23 PM",6.88,30.094,51.4,81.886,73633,1034.08,34.051,0.062,0.062,0.044,8.984,97.461,5.513,311.804,0,5.525,5.529,NA,41
"5/23/2022 1:51:23 PM",7.021,30.093,51.399,81.883,73633,1034.081,34.052,0.055,0.055,0.058,8.982,97.416,5.511,307.301,0,5.523,5.527,NA,41
"5/23/2022 1:51:24 PM",7.2,30.091,51.397,81.878,73630.6,1034.081,34.05,0.055,0.055,0.029,8.98,97.448,5.513,302.713,0,5.525,5.528,NA,41
"5/23/2022 1:51:24 PM",7.393,30.076,51.406,81.868,73643.3,1034.094,34.062,0.078,0.078,0.073,8.981,97.522,5.517,301.694,0,5.529,5.533,NA,41
"5/23/2022 1:51:24 PM",7.612,30.067,51.418,81.87,73659.1,1034.107,34.075,0.07,0.07,0.029,8.982,97.451,5.514,322.339,0,5.525,5.529,NA,41
"5/23/2022 1:51:24 PM",7.681,30.066,51.423,81.876,73665.5,1034.111,34.079,0.055,0.055,0,8.984,97.54,5.519,336.782,0,5.531,5.534,NA,41
"5/23/2022 1:51:24 PM",7.742,30.066,51.426,81.88,73669.6,1034.114,34.081,0.055,0.055,0.044,8.981,97.49,5.516,332.619,0,5.528,5.532,NA,41
"5/23/2022 1:51:25 PM",7.794,30.066,51.424,81.877,73667,1034.113,34.08,0.094,0.094,0.102,8.978,97.453,5.514,267.965,0,5.525,5.529,NA,41
"5/23/2022 1:51:25 PM",7.872,30.066,51.428,81.882,73671.5,1034.116,34.083,0.062,0.062,0.029,8.97,97.427,5.512,261.677,0,5.524,5.527,NA,41
"5/23/2022 1:51:25 PM",7.98,30.063,51.421,81.869,73664.4,1034.113,34.079,0.078,0.078,0.058,8.967,97.393,5.51,308.151,0,5.522,5.525,NA,41
"5/23/2022 1:51:25 PM",8.145,30.06,51.425,81.869,73668.7,1034.117,34.083,0.078,0.078,0,8.964,97.571,5.52,325.737,0,5.532,5.536,NA,41
"5/23/2022 1:51:25 PM",8.333,30.056,51.426,81.865,73670.7,1034.12,34.085,0.086,0.086,0.015,8.963,97.562,5.52,368.472,0,5.532,5.536,NA,41
"5/23/2022 1:51:26 PM",8.505,30.054,51.426,81.863,73671.6,1034.122,34.086,0.07,0.07,0.044,8.96,97.487,5.516,376.119,0,5.528,5.532,NA,41
"5/23/2022 1:51:26 PM",8.777,30.051,51.429,81.864,73676.1,1034.127,34.089,0.062,0.062,0.087,8.961,97.512,5.519,313.078,0,5.531,5.534,NA,41
"5/23/2022 1:51:26 PM",8.961,30.05,51.429,81.862,73675.7,1034.127,34.089,0.078,0.078,0.102,8.96,97.62,5.525,255.39,0,5.537,5.541,NA,41
"5/23/2022 1:51:26 PM",9.142,30.05,51.431,81.863,73677.8,1034.129,34.091,0.078,0.078,0.087,8.96,97.6,5.524,219.367,0,5.536,5.54,NA,41
"5/23/2022 1:51:26 PM",9.33,30.049,51.433,81.866,73681.5,1034.133,34.093,0.086,0.086,0.073,8.957,97.571,5.522,209.512,0,5.534,5.538,NA,41
"5/23/2022 1:51:27 PM",9.569,30.049,51.435,81.867,73683.1,1034.135,34.094,0.07,0.07,0.029,8.959,97.536,5.521,199.317,0,5.533,5.536,NA,41
"5/23/2022 1:51:27 PM",9.726,30.048,51.433,81.865,73681.8,1034.135,34.093,0.086,0.086,0.044,8.959,97.581,5.524,203.055,0,5.536,5.539,NA,41
"5/23/2022 1:51:27 PM",9.877,30.047,51.436,81.866,73684.7,1034.137,34.096,0.078,0.078,0.015,8.959,97.467,5.517,234.575,0,5.529,5.533,NA,41
"5/23/2022 1:51:27 PM",9.988,30.046,51.437,81.867,73687.1,1034.14,34.097,0.062,0.062,0.015,8.958,97.586,5.524,280.878,0,5.536,5.54,NA,41
"5/23/2022 1:51:27 PM",10.096,30.045,51.442,81.872,73692.8,1034.144,34.101,0.094,0.094,0.058,8.958,97.507,5.52,307.046,0,5.532,5.535,NA,41
"5/23/2022 1:51:28 PM",10.177,30.045,51.445,81.876,73696.9,1034.147,34.103,0.086,0.086,0.058,8.959,97.712,5.531,261.508,0,5.543,5.546,NA,41
"5/23/2022 1:51:28 PM",10.179,30.045,51.449,81.882,73701.5,1034.149,34.106,0.078,0.078,0.015,8.956,97.688,5.529,235.85,0,5.541,5.545,NA,41
"5/23/2022 1:51:28 PM",10.2,30.047,51.446,81.881,73698.3,1034.147,34.104,0.07,0.07,0.044,8.955,97.648,5.527,232.281,0,5.539,5.542,NA,41
"5/23/2022 1:51:28 PM",10.248,30.046,51.446,81.879,73697.9,1034.147,34.104,0.062,0.062,0.058,8.954,97.787,5.534,230.837,0,5.546,5.55,NA,41
"5/23/2022 1:51:29 PM",10.372,30.044,51.449,81.881,73702.1,1034.151,34.107,0.07,0.07,0.044,8.953,97.677,5.528,208.153,0,5.539,5.543,NA,41
"5/23/2022 1:51:29 PM",10.445,30.044,51.451,81.883,73705,1034.153,34.109,0.07,0.07,0,8.952,97.689,5.528,209.597,0,5.54,5.544,NA,41
"5/23/2022 1:51:29 PM",10.479,30.044,51.453,81.886,73707.7,1034.155,34.11,0.07,0.07,0,8.952,97.697,5.529,217.923,0,5.541,5.544,NA,41
"5/23/2022 1:51:29 PM",10.459,30.045,51.451,81.884,73704.1,1034.152,34.108,0.078,0.078,0.015,8.953,97.636,5.525,243.921,0,5.537,5.541,NA,41
"5/23/2022 1:51:29 PM",10.401,30.045,51.452,81.887,73705.3,1034.152,34.108,0.078,0.078,0.029,8.953,97.672,5.527,271.873,0,5.539,5.543,NA,41
"5/23/2022 1:51:30 PM",10.281,30.046,51.469,81.911,73726.8,1034.165,34.121,0.07,0.07,0.029,8.954,97.738,5.531,282.238,0,5.543,5.546,NA,41
"5/23/2022 1:51:30 PM",10.181,30.046,51.471,81.914,73729.2,1034.166,34.123,0.101,0.101,0.029,8.954,97.764,5.532,270.938,0,5.544,5.548,NA,41
"5/23/2022 1:51:30 PM",10.082,30.047,51.471,81.915,73728.5,1034.165,34.122,0.078,0.078,0.015,8.953,97.858,5.538,271.618,0,5.55,5.554,NA,41
"5/23/2022 1:51:30 PM",10.007,30.047,51.472,81.917,73730.1,1034.166,34.123,0.07,0.07,0.029,8.954,97.675,5.528,263.462,0,5.54,5.543,NA,41
"5/23/2022 1:51:30 PM",9.931,30.047,51.473,81.917,73731.2,1034.166,34.124,0.086,0.086,0.029,8.957,97.701,5.529,236.104,0,5.541,5.545,NA,41
"5/23/2022 1:51:31 PM",9.894,30.047,51.474,81.919,73732.8,1034.167,34.125,0.078,0.078,0.029,8.959,97.75,5.532,223.87,0,5.544,5.547,NA,41
"5/23/2022 1:51:31 PM",9.861,30.046,51.474,81.919,73732.8,1034.167,34.125,0.078,0.078,0.044,8.962,97.731,5.53,242.986,0,5.542,5.546,NA,41
"5/23/2022 1:51:31 PM",9.835,30.047,51.475,81.921,73733.9,1034.167,34.125,0.062,0.062,0.029,8.961,97.74,5.531,272.297,0,5.543,5.547,NA,41
"5/23/2022 1:51:31 PM",9.767,30.047,51.477,81.923,73736,1034.168,34.127,0.055,0.055,0.029,8.958,97.657,5.527,271.278,0,5.539,5.542,NA,41
"5/23/2022 1:51:31 PM",9.729,30.048,51.479,81.927,73738.7,1034.17,34.128,0.062,0.062,0.044,8.958,97.702,5.529,237.464,0,5.541,5.545,NA,41
"5/23/2022 1:51:32 PM",9.706,30.047,51.479,81.927,73738.4,1034.169,34.128,0.086,0.086,0.102,8.959,97.661,5.526,210.871,0,5.538,5.542,NA,41
"5/23/2022 1:51:32 PM",9.663,30.048,51.482,81.931,73741.5,1034.171,34.13,0.078,0.078,0.044,8.957,97.643,5.525,198.297,0,5.537,5.541,NA,41
"5/23/2022 1:51:32 PM",9.568,30.048,51.478,81.926,73737.1,1034.168,34.127,0.086,0.086,0.029,8.957,97.706,5.53,230.582,0,5.542,5.545,NA,41
"5/23/2022 1:51:32 PM",9.376,30.049,51.479,81.928,73737.9,1034.167,34.128,0.062,0.062,0.058,8.96,97.659,5.526,194.559,0,5.538,5.542,NA,41
"5/23/2022 1:51:32 PM",9.229,30.048,51.48,81.929,73739.2,1034.168,34.129,0.055,0.055,0.029,8.959,97.632,5.525,225.994,0,5.537,5.54,NA,41
"5/23/2022 1:51:33 PM",9.09,30.05,51.478,81.928,73736.6,1034.165,34.127,0.062,0.062,0.015,8.958,97.575,5.522,316.902,0,5.534,5.537,NA,41
"5/23/2022 1:51:33 PM",8.975,30.05,51.477,81.928,73735.6,1034.164,34.126,0.07,0.07,0.058,8.96,97.506,5.518,346.298,0,5.53,5.534,NA,41
"5/23/2022 1:51:33 PM",8.859,30.05,51.477,81.928,73735.3,1034.163,34.126,0.078,0.078,0.058,8.959,97.484,5.517,323.868,0,5.529,5.532,NA,41
"5/23/2022 1:51:33 PM",8.786,30.05,51.478,81.929,73736.5,1034.164,34.126,0.086,0.086,0.102,8.959,97.558,5.521,262.527,0,5.533,5.537,NA,41
"5/23/2022 1:51:33 PM",8.671,30.05,51.481,81.932,73739.8,1034.165,34.129,0.078,0.078,0.044,8.958,97.555,5.521,218.773,0,5.533,5.537,NA,41
"5/23/2022 1:51:34 PM",8.531,30.051,51.479,81.932,73738,1034.163,34.127,0.094,0.094,0.073,8.956,97.607,5.525,213.59,0,5.537,5.54,NA,41
"5/23/2022 1:51:34 PM",8.362,30.052,51.479,81.933,73737.7,1034.162,34.127,0.086,0.086,0.029,8.955,97.511,5.519,251.057,0,5.531,5.534,NA,41
"5/23/2022 1:51:34 PM",8.116,30.053,51.478,81.932,73735.7,1034.16,34.126,0.07,0.07,0.029,8.954,97.678,5.528,317.836,0,5.54,5.544,NA,41
"5/23/2022 1:51:34 PM",7.956,30.053,51.479,81.933,73736.3,1034.16,34.126,0.086,0.086,0.044,8.955,97.608,5.524,379.092,0,5.536,5.54,NA,41
"5/23/2022 1:51:34 PM",7.798,30.054,51.478,81.935,73736.1,1034.159,34.125,0.109,0.109,0.073,8.956,97.559,5.522,378.923,0,5.534,5.538,NA,41
"5/23/2022 1:51:35 PM",7.673,30.056,51.476,81.935,73732.8,1034.155,34.123,0.078,0.078,0.044,8.956,97.48,5.517,330.58,0,5.529,5.533,NA,41
"5/23/2022 1:51:35 PM",7.49,30.059,51.475,81.938,73731.3,1034.153,34.121,0.086,0.086,0.029,8.951,97.499,5.518,276.036,0,5.53,5.533,NA,41
"5/23/2022 1:51:35 PM",7.353,30.061,51.474,81.939,73729.8,1034.151,34.12,0.078,0.078,0.044,8.952,97.543,5.52,270.768,0,5.532,5.536,NA,41
"5/23/2022 1:51:35 PM",7.195,30.064,51.474,81.942,73728.4,1034.149,34.118,0.07,0.07,0.015,8.953,97.472,5.517,282.408,0,5.529,5.532,NA,41
"5/23/2022 1:51:35 PM",7.026,30.066,51.473,81.944,73727.8,1034.147,34.117,0.078,0.078,0.073,8.95,97.528,5.52,269.154,0,5.532,5.535,NA,41
"5/23/2022 1:51:36 PM",6.905,30.067,51.474,81.948,73728.8,1034.147,34.118,0.078,0.078,0.073,8.948,97.478,5.517,275.016,0,5.529,5.532,NA,41
"5/23/2022 1:51:36 PM",6.762,30.072,51.479,81.961,73734,1034.148,34.119,0.047,0.047,0.029,8.948,97.387,5.511,368.303,0,5.523,5.527,NA,41
"5/23/2022 1:51:36 PM",6.681,30.081,51.468,81.96,73719.6,1034.136,34.108,0.07,0.07,0,8.948,97.504,5.518,431.088,0,5.53,5.533,NA,41
"5/23/2022 1:51:36 PM",6.606,30.086,51.464,81.961,73713.5,1034.131,34.103,0.086,0.086,0.044,8.947,97.458,5.515,341.455,0,5.527,5.531,NA,41
"5/23/2022 1:51:36 PM",6.533,30.088,51.465,81.966,73714.7,1034.131,34.103,0.078,0.078,0.073,8.947,97.564,5.521,297.276,0,5.533,5.536,NA,41
"5/23/2022 1:51:37 PM",6.396,30.09,51.463,81.966,73711.5,1034.128,34.1,0.078,0.078,0.044,8.946,97.503,5.517,298.975,0,5.529,5.533,NA,41
"5/23/2022 1:51:37 PM",6.281,30.092,51.462,81.967,73710.4,1034.126,34.099,0.062,0.062,0,8.942,97.472,5.516,282.408,0,5.528,5.531,NA,41
"5/23/2022 1:51:37 PM",6.172,30.092,51.464,81.97,73712.5,1034.127,34.101,0.055,0.055,0.015,8.942,97.455,5.515,313.248,0,5.526,5.53,NA,41
"5/23/2022 1:51:37 PM",6.024,30.099,51.461,81.977,73708.1,1034.121,34.096,0.055,0.055,0.058,8.941,97.494,5.517,383.425,0,5.529,5.533,NA,41
"5/23/2022 1:51:38 PM",5.818,30.107,51.46,81.986,73705.6,1034.117,34.092,0.047,0.047,0,8.941,97.565,5.521,416.05,0,5.533,5.536,NA,41
"5/23/2022 1:51:38 PM",5.496,30.118,51.472,82.019,73718.9,1034.121,34.097,0.047,0.047,0.058,8.941,97.415,5.512,373.74,0,5.524,5.527,NA,41
"5/23/2022 1:51:38 PM",5.324,30.138,51.463,82.037,73705.8,1034.106,34.084,0.047,0.047,0.029,8.941,97.45,5.513,385.295,0,5.525,5.529,NA,41
"5/23/2022 1:51:38 PM",5.199,30.158,51.454,82.055,73692.4,1034.092,34.07,0.086,0.086,0.102,8.941,97.412,5.511,423.527,0,5.523,5.527,NA,41
"5/23/2022 1:51:38 PM",5.088,30.172,51.446,82.065,73680.5,1034.08,34.058,0.094,0.094,0.102,8.941,97.468,5.514,517.238,0,5.526,5.529,NA,41
"5/23/2022 1:51:39 PM",4.986,30.183,51.437,82.068,73668.2,1034.069,34.048,0.078,0.078,0.058,8.939,97.56,5.519,512.82,0,5.531,5.534,NA,41
"5/23/2022 1:51:39 PM",4.822,30.183,51.43,82.058,73658.7,1034.062,34.042,0.062,0.062,0.073,8.939,97.473,5.513,388.778,0,5.525,5.528,NA,41
"5/23/2022 1:51:39 PM",4.723,30.182,51.434,82.062,73663.5,1034.065,34.045,0.055,0.055,0.044,8.939,97.398,5.508,358.957,0,5.52,5.524,NA,41
"5/23/2022 1:51:39 PM",4.647,30.185,51.442,82.077,73673.7,1034.07,34.051,0.047,0.047,0,8.939,97.449,5.511,362.95,0,5.523,5.526,NA,41
"5/23/2022 1:51:39 PM",4.579,30.198,51.43,82.079,73656.6,1034.056,34.037,0.07,0.07,0.044,8.94,97.495,5.513,390.392,0,5.525,5.528,NA,41
"5/23/2022 1:51:40 PM",4.504,30.204,51.419,82.074,73642.3,1034.045,34.026,0.055,0.055,0.044,8.941,97.407,5.508,414.351,0,5.52,5.523,NA,41
"5/23/2022 1:51:40 PM",4.478,30.21,51.432,82.101,73658.5,1034.053,34.034,0.047,0.047,0.015,8.944,97.453,5.51,454.877,0,5.521,5.525,NA,41
"5/23/2022 1:51:40 PM",4.451,30.217,51.437,82.118,73663.3,1034.054,34.035,0.086,0.086,0.058,8.942,97.436,5.508,318.261,0,5.52,5.523,NA,41
"5/23/2022 1:51:40 PM",4.365,30.219,51.428,82.108,73651.9,1034.046,34.028,0.055,0.055,0.073,8.942,97.421,5.507,266.775,0,5.519,5.523,NA,41
"5/23/2022 1:51:40 PM",4.237,30.216,51.436,82.115,73661.8,1034.053,34.035,0.031,0.031,0,8.944,97.441,5.508,351.735,0,5.52,5.524,NA,41
"5/23/2022 1:51:41 PM",4.006,30.216,51.435,82.115,73661.3,1034.051,34.034,0.078,0.078,0.015,8.946,97.358,5.503,558.104,0,5.515,5.519,NA,41
"5/23/2022 1:51:41 PM",3.869,30.219,51.43,82.11,73654,1034.046,34.029,0.101,0.101,0.131,8.948,97.485,5.511,429.984,0,5.523,5.526,NA,41
"5/23/2022 1:51:41 PM",3.756,30.219,51.425,82.104,73648.1,1034.042,34.026,0.078,0.078,0.087,8.948,97.407,5.507,335.848,0,5.519,5.522,NA,41
"5/23/2022 1:51:41 PM",3.662,30.217,51.429,82.106,73653.3,1034.045,34.029,0.055,0.055,0.015,8.944,97.394,5.506,274.846,0,5.518,5.521,NA,41
"5/23/2022 1:51:41 PM",3.566,30.218,51.428,82.106,73651.1,1034.043,34.028,0.07,0.07,0.058,8.945,97.303,5.5,409.508,0,5.512,5.516,NA,41
"5/23/2022 1:51:42 PM",3.535,30.219,51.429,82.109,73652.7,1034.043,34.028,0.14,0.14,0.029,8.944,97.304,5.5,422.252,0,5.512,5.515,NA,41
"5/23/2022 1:51:42 PM",3.518,30.222,51.422,82.105,73644.1,1034.037,34.022,0.094,0.094,0.058,8.945,97.355,5.503,422.592,0,5.515,5.518,NA,41
"5/23/2022 1:51:42 PM",3.5,30.224,51.424,82.11,73645.8,1034.038,34.023,0.047,0.047,0.029,8.946,97.315,5.501,454.112,0,5.513,5.516,NA,41
"5/23/2022 1:51:42 PM",3.45,30.225,51.42,82.105,73640.7,1034.034,34.019,0.031,0.031,0.015,8.946,97.426,5.507,477.137,0,5.519,5.523,NA,41
"5/23/2022 1:51:42 PM",3.339,30.221,51.415,82.094,73635.4,1034.031,34.017,0.07,0.07,0.058,8.947,97.424,5.507,449.1,0,5.519,5.523,NA,41
"5/23/2022 1:51:43 PM",3.243,30.217,51.416,82.089,73637.1,1034.033,34.02,0.062,0.062,0.058,8.944,97.397,5.506,422.592,0,5.517,5.521,NA,41
"5/23/2022 1:51:43 PM",3.129,30.215,51.422,82.094,73645,1034.038,34.025,0.039,0.039,0,8.944,97.451,5.509,394.3,0,5.521,5.524,NA,41
"5/23/2022 1:51:43 PM",3.002,30.213,51.423,82.092,73645.7,1034.039,34.026,0.047,0.047,0.029,8.943,97.423,5.507,459.55,0,5.519,5.523,NA,41
"5/23/2022 1:51:43 PM",2.861,30.214,51.423,82.093,73645.6,1034.038,34.026,0.047,0.047,0,8.943,97.292,5.5,427.095,0,5.512,5.515,NA,41
"5/23/2022 1:51:43 PM",2.813,30.216,51.421,82.093,73643.1,1034.036,34.024,0.094,0.094,0.073,8.94,97.395,5.505,350.291,0,5.517,5.521,NA,41
"5/23/2022 1:51:44 PM",2.722,30.216,51.421,82.094,73642.6,1034.035,34.023,0.07,0.07,0.073,8.938,97.372,5.504,368.387,0,5.516,5.52,NA,41
"5/23/2022 1:51:44 PM",2.606,30.218,51.421,82.096,73642.8,1034.034,34.023,0.023,0.023,0,8.935,97.388,5.506,626.751,0,5.517,5.521,NA,41
"5/23/2022 1:51:44 PM",2.493,30.218,51.42,82.095,73640.8,1034.032,34.022,0.07,0.07,0,8.934,97.295,5.501,646.037,0,5.512,5.516,NA,41
"5/23/2022 1:51:44 PM",2.411,30.219,51.415,82.089,73635.3,1034.028,34.018,0.086,0.086,0.087,8.935,97.313,5.501,480.45,0,5.513,5.517,NA,41
"5/23/2022 1:51:44 PM",2.387,30.218,51.415,82.087,73634.4,1034.028,34.018,0.062,0.062,0.044,8.937,97.266,5.498,501.605,0,5.51,5.514,NA,41
"5/23/2022 1:51:45 PM",2.319,30.219,51.414,82.088,73633.7,1034.027,34.017,0.047,0.047,0.015,8.941,97.378,5.505,417.749,0,5.517,5.521,NA,41
"5/23/2022 1:51:45 PM",2.205,30.22,51.425,82.104,73646.5,1034.034,34.025,0.031,0.031,0.058,8.942,97.366,5.504,365.159,0,5.516,5.519,NA,41
"5/23/2022 1:51:45 PM",2.036,30.227,51.419,82.106,73638.8,1034.027,34.018,0.086,0.086,0.102,8.944,97.353,5.503,480.025,0,5.515,5.519,NA,41
"5/23/2022 1:51:45 PM",1.946,30.235,51.413,82.11,73629.7,1034.018,34.01,0.039,0.039,0,8.943,97.279,5.499,448.08,0,5.511,5.515,NA,41
"5/23/2022 1:51:45 PM",1.864,30.236,51.408,82.104,73623.8,1034.014,34.006,0.07,0.07,0.029,8.943,97.19,5.494,407.384,0,5.506,5.51,NA,41
"5/23/2022 1:51:46 PM",1.775,30.231,51.412,82.103,73628.8,1034.018,34.011,0.031,0.031,0,8.944,97.3,5.501,484.018,0,5.512,5.516,NA,41
"5/23/2022 1:51:46 PM",1.699,30.227,51.407,82.09,73623.7,1034.016,34.009,0.031,0.031,0.015,8.943,97.372,5.505,541.791,0,5.517,5.52,NA,41
"5/23/2022 1:51:46 PM",1.55,30.229,51.369,82.04,73575.9,1033.986,33.979,0,0,0,8.941,97.192,5.496,955.378,0,5.508,5.511,NA,41
"5/23/2022 1:51:46 PM",1.392,30.229,51.365,82.035,73571.3,1033.982,33.976,0.109,0.109,0.131,8.941,97.267,5.5,629.215,0,5.512,5.516,NA,41
"5/23/2022 1:51:46 PM",1.195,30.226,51.36,82.023,73565.9,1033.979,33.974,0.117,0.117,0.16,8.939,97.289,5.501,506.533,0,5.513,5.517,NA,41
"5/23/2022 1:51:47 PM",0.973,30.221,51.361,82.017,73566.8,1033.98,33.976,0.039,0.039,0.015,8.938,97.208,5.497,574.586,0,5.509,5.512,NA,41
"5/23/2022 1:51:47 PM",0.652,30.227,51.358,82.022,73562.7,1033.975,33.972,0.062,0.062,0.087,8.934,97.232,5.498,747.225,0,5.51,5.514,NA,41
"5/23/2022 1:51:47 PM",0.476,30.23,51.349,82.014,73551.2,1033.966,33.964,0.008,0.008,0,8.932,97.28,5.501,801.345,0,5.513,5.516,NA,41
"5/23/2022 1:51:47 PM",0.368,30.23,51.344,82.006,73544.7,1033.962,33.96,0.016,0.016,0,8.932,97.294,5.502,793.189,0,5.514,5.518,NA,41
"5/23/2022 1:51:48 PM",0.29,30.231,51.341,82.003,73540,1033.958,33.957,0,0,0,8.935,97.187,5.496,951.384,0,5.508,5.512,NA,41
"5/23/2022 1:51:48 PM",0.217,30.231,51.338,82,73537,1033.956,33.955,0,0,0,8.938,97.187,5.496,831.76,0,5.508,5.512,NA,41
"5/23/2022 1:51:48 PM",0.165,30.232,51.33,81.989,73526.6,1033.949,33.949,0.179,0.179,0.058,8.934,97.268,5.501,818.422,0,5.513,5.517,NA,41
"5/23/2022 1:51:48 PM",0.11,30.233,51.325,81.984,73520.1,1033.945,33.944,0.172,0.172,0.146,8.934,97.293,5.503,807.972,0,5.515,5.518,NA,41
"5/23/2022 1:51:48 PM",0.092,30.233,51.322,81.98,73517.4,1033.943,33.943,0.008,0.008,0.029,8.937,97.235,5.5,957.162,0,5.512,5.515,NA,41
"5/23/2022 1:51:49 PM",0.082,30.231,51.321,81.977,73515.9,1033.943,33.942,0.062,0.062,0.015,8.937,97.276,5.502,1139.741,0,5.514,5.517,NA,41
"5/23/2022 1:51:49 PM",0.041,30.233,51.318,81.974,73511.2,1033.939,33.939,0.094,0.094,0.073,8.937,97.282,5.502,1120.625,0,5.514,5.518,NA,41
"5/23/2022 1:51:49 PM",0,30.233,51.268,81.905,73449.7,1033.901,33.902,0,0,0.029,8.937,97.334,5.507,1172.026,0,5.519,5.522,NA,41
"5/23/2022 1:51:49 PM",0,30.232,51.286,81.929,73472.6,1033.915,33.916,0,0,0.16,8.938,97.33,5.506,1196.24,0,5.518,5.522,NA,41
"5/23/2022 1:51:49 PM",0,30.231,51.282,81.923,73467.3,1033.912,33.913,0.101,0.101,0.189,8.938,97.297,5.504,1183.921,0,5.516,5.519,NA,41
"5/23/2022 1:51:50 PM",0,30.231,51.281,81.921,73466.3,1033.912,33.912,0.117,0.117,0.189,8.938,97.325,5.506,1067.61,0,5.518,5.522,NA,41
"5/23/2022 1:51:50 PM",0,30.233,51.278,81.92,73462.3,1033.908,33.909,0.14,0.14,0.189,8.938,97.308,5.506,1158.348,0,5.517,5.521,NA,41
"5/23/2022 1:51:50 PM",0,30.233,51.279,81.921,73463.7,1033.91,33.91,0.094,0.094,0.116,8.94,97.37,5.509,1141.101,0,5.521,5.524,NA,41
"5/23/2022 1:51:50 PM",0,30.231,51.66,82.445,73935.8,1034.199,34.199,0.039,0.039,0.015,8.937,97.373,5.498,1110.77,0,5.51,5.513,NA,41
"5/23/2022 1:51:50 PM",0,30.229,1.66,3.527,3163.2,996.82,0,0,0,0,8.934,97.31,7.227,1076.106,0,7.248,7.248,NA,41
"5/23/2022 1:51:51 PM",0,30.23,1.244,2.684,2406.7,996.51,0,4.688,4.688,0,8.933,97.422,7.251,1042.377,0,7.272,7.272,NA,41
"5/23/2022 1:51:51 PM",0,30.191,0.894,1.959,1757.9,996.26,0,506.05,506.05,170.302,8.93,97.441,7.266,1021.052,0,7.287,7.287,NA,41
"5/23/2022 1:51:51 PM",0,30.182,0.783,1.725,1548,996.18,0,506.05,506.05,220.696,8.931,97.356,7.264,1001.936,0,7.285,7.285,NA,41
"5/23/2022 1:51:51 PM",0,30.205,0.704,1.558,1398.3,996.114,0,469.488,469.488,143.752,8.932,97.29,7.262,1018.078,0,7.283,7.283,NA,41
"5/23/2022 1:51:51 PM",0,30.25,0.65,1.445,1295,996.059,0,365.278,365.278,165.272,8.932,97.394,7.271,1026.659,0,7.292,7.292,NA,41
"5/23/2022 1:51:52 PM",0,30.34,0.602,1.345,1203.5,995.996,0,335.479,335.479,129.736,8.93,97.295,7.265,1036.854,0,7.286,7.286,NA,41
"5/23/2022 1:51:52 PM",0,30.54,0.598,1.343,1196.8,995.932,0,225.215,225.215,45.412,8.926,97.283,7.264,1031.672,0,7.285,7.285,NA,41
"5/23/2022 1:51:52 PM",0,30.665,0.499,1.129,1003.8,995.819,0,68.764,68.764,4.127,8.923,97.329,7.271,1041.017,0,7.292,7.292,NA,41
"5/23/2022 1:51:52 PM",0,30.762,0.507,1.149,1019.6,995.795,0,46.859,46.859,0,8.922,97.404,7.276,1048.154,0,7.297,7.297,NA,41
"5/23/2022 1:51:52 PM",0,30.765,0.492,1.116,990.7,995.783,0,21.787,21.787,0,8.92,97.323,7.269,1032.946,0,7.29,7.29,NA,41
"5/23/2022 1:51:53 PM",0,30.622,0.464,1.053,936.9,995.807,0,96.721,96.721,13.896,8.92,97.385,7.273,1020.882,0,7.294,7.294,NA,41
"5/23/2022 1:51:53 PM",0,30.511,0.451,1.021,911,995.831,0,34.253,34.253,41.238,8.92,97.281,7.265,1006.184,0,7.286,7.286,NA,41
"5/23/2022 1:51:53 PM",0,30.541,0.431,0.979,872.3,995.807,0,175.774,175.774,72.774,8.92,97.153,7.255,852.576,0,7.276,7.276,NA,41
"5/23/2022 1:51:53 PM",0,30.573,0.425,0.966,860.8,995.793,0,155.11,155.11,67.089,8.922,97.139,7.254,945.352,0,7.275,7.275,NA,41
"5/23/2022 1:51:53 PM",0,30.527,0.399,0.908,809.2,995.787,0,42.264,42.264,51.249,8.919,97.121,7.253,954.783,0,7.274,7.274,NA,41
"5/23/2022 1:51:54 PM",0,30.453,0.395,0.898,801.8,995.807,0,471.579,471.579,40.276,8.916,96.93,7.238,1007.968,0,7.259,7.259,NA,41
"5/23/2022 1:51:54 PM",0,30.329,0.384,0.87,779,995.836,0,393.836,393.836,156.102,8.914,96.959,7.24,1015.02,0,7.261,7.261,NA,41
"5/23/2022 1:51:54 PM",0,30.2,0.388,0.879,788.7,995.879,0,185.12,185.12,39.104,8.913,96.941,7.238,1019.862,0,7.259,7.259,NA,41
"5/23/2022 1:51:54 PM",0,30.031,0.38,0.857,771.4,995.924,0,96.831,96.831,37.348,8.913,96.698,7.221,1008.223,0,7.242,7.242,NA,41
"5/23/2022 1:51:54 PM",0,29.712,0.356,0.8,725,996.002,0,110.646,110.646,59.23,8.91,96.737,7.225,1001.936,0,7.246,7.246,NA,41
"5/23/2022 1:51:55 PM",0,29.603,0.362,0.81,736,996.039,0,181.781,181.781,71.666,8.908,96.524,7.209,1026.999,0,7.23,7.23,NA,41
"5/23/2022 1:51:55 PM",0,29.53,0.354,0.792,720.5,996.055,0,139.727,139.727,86.217,8.903,96.322,7.194,1026.744,0,7.215,7.215,NA,41
"5/23/2022 1:51:55 PM",0,29.504,0.341,0.763,694.5,996.053,0,170.478,170.478,504.742,8.898,96.385,7.199,1007.628,0,7.22,7.22,NA,41
"5/23/2022 1:51:55 PM",0,29.475,0.334,0.75,682.4,996.057,0,48.872,48.872,155.24,8.893,96.411,7.202,976.788,0,7.223,7.223,NA,41
"5/23/2022 1:51:55 PM",0,29.46,0.33,0.74,674,996.058,0,31.562,31.562,104.234,8.891,96.277,7.192,803.894,0,7.213,7.213,NA,41
"5/23/2022 1:51:56 PM",0,29.453,0.334,0.748,681.5,996.063,0,16.803,16.803,53.722,8.888,95.993,7.171,859.542,0,7.192,7.192,NA,41
"5/23/2022 1:51:56 PM",0,29.403,0.352,0.788,718,996.092,0,23.87,23.87,99.379,8.887,95.776,7.154,833.035,0,7.175,7.175,NA,41
"5/23/2022 1:51:56 PM",0,29.344,0.333,0.744,679.4,996.095,0,7.707,7.707,3.193,8.887,95.621,7.143,727.769,0,7.164,7.164,NA,41
"5/23/2022 1:51:56 PM",0,29.194,0.322,0.719,658.6,996.131,0,27.459,27.459,0,8.889,95.421,7.129,692.086,0,7.15,7.15,NA,41
"5/23/2022 1:51:56 PM",0,29.134,0.314,0.699,640.9,996.142,0,9.696,9.696,0,8.886,95.295,7.12,815.193,0,7.141,7.141,NA,41
"5/23/2022 1:51:57 PM",0,29.066,0.308,0.687,630.6,996.158,0,8.682,8.682,0,8.886,95.139,7.11,917.655,0,7.13,7.13,NA,41
"5/23/2022 1:51:57 PM",0,28.976,0.304,0.677,622.4,996.182,0,10.235,10.235,3.295,8.883,94.893,7.092,971.095,0,7.112,7.112,NA,41
"5/23/2022 1:51:57 PM",0,28.784,0.303,0.671,619.7,996.237,0,279.236,279.236,90.778,8.882,95.079,7.106,966.507,0,7.127,7.127,NA,41
"5/23/2022 1:51:57 PM",0,28.665,0.299,0.661,611.9,996.268,0,80.043,80.043,7.258,8.88,95.09,7.107,981.205,0,7.128,7.128,NA,41
"5/23/2022 1:51:57 PM",0,28.571,0.292,0.645,598.3,996.29,0,43.169,43.169,32.617,8.88,94.898,7.093,925.811,0,7.114,7.114,NA,41
"5/23/2022 1:51:58 PM",0,28.582,0.341,0.75,695.1,996.324,0,100.739,100.739,11.424,8.877,94.855,7.088,990.126,0,7.109,7.109,NA,41
"5/23/2022 1:51:58 PM",0,28.737,18.384,31.96,29531.8,1009.723,9.724,31.328,31.328,41.223,8.878,95.19,6.444,1007.628,0,6.463,6.462,NA,41
"5/23/2022 1:51:58 PM",0,30.838,51.931,83.729,74199.5,1034.183,34.183,8.877,8.877,25.984,8.878,97.202,5.46,1002.87,0,5.471,5.475,NA,41
"5/23/2022 1:51:58 PM",0,31.198,51.523,83.7,73655.4,1033.742,33.742,3.752,3.752,11.909,8.879,97.254,5.465,998.198,0,5.476,5.48,NA,41
"5/23/2022 1:51:59 PM",0,31.307,51.4,83.689,73491.9,1033.609,33.61,2.348,2.348,10.587,8.881,97.327,5.465,1006.863,0,5.477,5.48,NA,41
"5/23/2022 1:51:59 PM",0,31.312,51.375,83.661,73459.8,1033.588,33.589,1.942,1.942,10.117,8.883,97.31,5.46,1012.301,0,5.471,5.474,NA,41
"5/23/2022 1:51:59 PM",0,31.32,51.344,83.629,73420.4,1033.562,33.562,1.888,1.888,8.21,8.886,97.116,5.444,1001.426,0,5.455,5.459,NA,41
"5/23/2022 1:51:59 PM",0,31.321,51.348,83.635,73425.3,1033.564,33.565,1.896,1.896,7.14,8.887,97.329,5.453,957.332,0,5.464,5.468,NA,41
"5/23/2022 1:51:59 PM",0,31.316,51.406,83.71,73497.5,1033.61,33.61,1.919,1.919,7.023,8.885,97.316,5.448,800.155,0,5.459,5.463,NA,41
"5/23/2022 1:56:33 PM",0.014,30.233,51.006,81.544,73125.2,1033.703,33.703,0,0,0,9.039,96.915,5.474,1003.805,0,5.486,5.489,NA,41
"5/23/2022 1:56:33 PM",0.015,30.232,50.998,81.531,73114.6,1033.697,33.697,0.07,0.07,0.058,9.04,96.788,5.467,1091.824,0,5.479,5.482,NA,41
"5/23/2022 1:56:33 PM",0.05,30.229,51.003,81.533,73120.8,1033.702,33.702,0,0,0,9.04,96.855,5.47,1277.462,0,5.482,5.485,NA,41
"5/23/2022 1:56:33 PM",0.114,30.227,51.008,81.538,73127.8,1033.707,33.706,0.078,0.078,0.058,9.041,96.92,5.473,1234.557,0,5.485,5.489,NA,41
"5/23/2022 1:56:34 PM",0.163,30.227,51.009,81.539,73128.9,1033.708,33.707,0.211,0.211,0.408,9.042,96.95,5.475,883.076,0,5.487,5.491,NA,41
"5/23/2022 1:56:34 PM",0.222,30.227,51.011,81.541,73131,1033.709,33.708,0.203,0.203,0.349,9.041,96.846,5.469,832.015,0,5.481,5.484,NA,41
"5/23/2022 1:56:34 PM",0.292,30.227,51.011,81.542,73131.7,1033.71,33.709,0.14,0.14,0.32,9.04,96.97,5.476,474.928,0,5.487,5.491,NA,41
"5/23/2022 1:56:34 PM",0.377,30.227,51.019,81.553,73142,1033.717,33.715,0.078,0.078,0.102,9.042,96.913,5.472,246.13,0,5.484,5.487,NA,41
"5/23/2022 1:56:34 PM",0.422,30.227,51.023,81.557,73146.7,1033.72,33.718,0.07,0.07,0.058,9.042,96.888,5.471,212.231,0,5.483,5.486,NA,41
"5/23/2022 1:56:35 PM",0.467,30.225,51.031,81.567,73157.3,1033.727,33.725,0.07,0.07,0.044,9.042,96.971,5.475,202.205,0,5.487,5.49,NA,41
"5/23/2022 1:56:35 PM",0.483,30.225,51.04,81.58,73168.4,1033.734,33.732,0.07,0.07,0.058,9.039,96.965,5.475,192.775,0,5.487,5.49,NA,41
"5/23/2022 1:56:35 PM",0.531,30.225,51.043,81.583,73171.6,1033.736,33.734,0.07,0.07,0.029,9.039,96.872,5.469,189.206,0,5.481,5.485,NA,41
"5/23/2022 1:56:35 PM",0.616,30.225,51.048,81.589,73177.6,1033.74,33.737,0.07,0.07,0.073,9.042,96.866,5.469,190.396,0,5.481,5.484,NA,41
"5/23/2022 1:56:35 PM",0.742,30.225,51.054,81.598,73185.6,1033.745,33.742,0.094,0.094,0.116,9.043,96.881,5.47,188.612,0,5.482,5.485,NA,41
"5/23/2022 1:56:36 PM",0.888,30.225,51.061,81.608,73194.7,1033.752,33.748,0.055,0.055,0.029,9.044,96.933,5.473,180.54,0,5.485,5.488,NA,41
"5/23/2022 1:56:36 PM",1.016,30.224,51.063,81.609,73196.7,1033.753,33.749,0.078,0.078,0.029,9.043,96.919,5.473,168.986,0,5.485,5.488,NA,41
"5/23/2022 1:56:36 PM",1.127,30.221,51.073,81.62,73210.2,1033.763,33.758,0.078,0.078,0.044,9.043,96.964,5.476,149.19,0,5.488,5.491,NA,41
"5/23/2022 1:56:36 PM",1.178,30.221,51.08,81.629,73218.9,1033.769,33.764,0.062,0.062,0.029,9.038,97.049,5.481,151.484,0,5.493,5.496,NA,41
"5/23/2022 1:56:36 PM",1.185,30.223,51.097,81.654,73239.4,1033.781,33.776,0.078,0.078,0.087,9.037,96.906,5.473,172.044,0,5.485,5.488,NA,41
"5/23/2022 1:56:37 PM",1.173,30.225,51.095,81.656,73236.9,1033.778,33.773,0.07,0.07,0.073,9.037,97.021,5.479,175.698,0,5.491,5.494,NA,41
"5/23/2022 1:56:37 PM",1.122,30.226,51.093,81.654,73234.4,1033.776,33.772,0.078,0.078,0.102,9.038,97.016,5.479,178.077,0,5.49,5.494,NA,41
"5/23/2022 1:56:37 PM",1.02,30.226,51.098,81.661,73240.3,1033.779,33.775,0.078,0.078,0.044,9.038,96.974,5.476,162.869,0,5.488,5.491,NA,41
"5/23/2022 1:56:37 PM",0.952,30.225,51.102,81.665,73244.7,1033.782,33.778,0.078,0.078,0.087,9.038,96.99,5.477,151.739,0,5.489,5.492,NA,41
"5/23/2022 1:56:37 PM",0.903,30.225,51.103,81.667,73246.4,1033.783,33.779,0.078,0.078,0.058,9.04,96.915,5.473,155.987,0,5.485,5.488,NA,41
"5/23/2022 1:56:38 PM",0.875,30.226,51.102,81.666,73245.1,1033.782,33.778,0.055,0.055,0.073,9.04,96.928,5.473,166.352,0,5.485,5.489,NA,41
"5/23/2022 1:56:38 PM",0.921,30.226,51.103,81.667,73245.8,1033.783,33.779,0.055,0.055,0,9.038,96.92,5.473,173.829,0,5.485,5.488,NA,41
"5/23/2022 1:56:38 PM",0.981,30.226,51.104,81.67,73248,1033.784,33.78,0.062,0.062,0,9.036,97.011,5.477,183.599,0,5.489,5.492,NA,41
"5/23/2022 1:56:38 PM",1.042,30.226,51.107,81.674,73251.6,1033.787,33.782,0.07,0.07,0.058,9.034,96.967,5.475,193.2,0,5.486,5.49,NA,41
"5/23/2022 1:56:38 PM",1.089,30.226,51.11,81.676,73254.8,1033.789,33.784,0.078,0.078,0.087,9.034,96.952,5.474,191.076,0,5.486,5.489,NA,41
"5/23/2022 1:56:39 PM",1.133,30.224,51.112,81.677,73258.2,1033.792,33.787,0.078,0.078,0.058,9.033,97.02,5.478,180.031,0,5.49,5.493,NA,41
"5/23/2022 1:56:39 PM",1.155,30.223,51.119,81.685,73266,1033.797,33.792,0.094,0.094,0.087,9.033,97.05,5.48,183.429,0,5.492,5.495,NA,41
"5/23/2022 1:56:39 PM",1.159,30.224,51.121,81.69,73268.3,1033.798,33.793,0.086,0.086,0.058,9.033,97.025,5.479,163.548,0,5.491,5.494,NA,41
"5/23/2022 1:56:39 PM",1.155,30.226,51.119,81.689,73265.9,1033.796,33.791,0.086,0.086,0.073,9.033,97.035,5.48,143.838,0,5.491,5.495,NA,41
"5/23/2022 1:56:39 PM",1.134,30.227,51.117,81.688,73263.8,1033.794,33.789,0.078,0.078,0.044,9.033,97.012,5.479,177.142,0,5.491,5.494,NA,41
"5/23/2022 1:56:40 PM",1.11,30.227,51.118,81.691,73265.5,1033.795,33.79,0.07,0.07,0.044,9.033,96.93,5.474,200.761,0,5.486,5.489,NA,41
"5/23/2022 1:56:40 PM",1.084,30.228,51.121,81.695,73268.1,1033.796,33.792,0.062,0.062,0.029,9.035,97.035,5.48,183.599,0,5.492,5.495,NA,41
"5/23/2022 1:56:40 PM",1.053,30.228,51.124,81.7,73271.6,1033.798,33.794,0.062,0.062,0.015,9.035,97.009,5.478,170.005,0,5.49,5.494,NA,41
"5/23/2022 1:56:40 PM",1.027,30.23,51.126,81.704,73274,1033.799,33.795,0.07,0.07,0.044,9.036,97.028,5.479,167.626,0,5.491,5.495,NA,41
"5/23/2022 1:56:41 PM",0.999,30.229,51.128,81.707,73277,1033.801,33.797,0.07,0.07,0.073,9.033,96.968,5.477,164.653,0,5.488,5.492,NA,41
"5/23/2022 1:56:41 PM",0.99,30.228,51.132,81.71,73282.3,1033.805,33.8,0.086,0.086,0.073,9.032,96.928,5.474,165.163,0,5.486,5.489,NA,41
"5/23/2022 1:56:41 PM",1.007,30.227,51.131,81.707,73280.5,1033.804,33.8,0.07,0.07,0.044,9.033,96.932,5.475,164.483,0,5.486,5.49,NA,41
"5/23/2022 1:56:41 PM",1.044,30.226,51.129,81.703,73278.5,1033.803,33.799,0.078,0.078,0.044,9.029,97.029,5.48,154.288,0,5.492,5.495,NA,41
"5/23/2022 1:56:41 PM",1.124,30.225,51.132,81.706,73282,1033.806,33.801,0.086,0.086,0.029,9.029,97.06,5.482,143.583,0,5.494,5.497,NA,41
"5/23/2022 1:56:42 PM",1.174,30.225,51.134,81.709,73285.1,1033.808,33.803,0.062,0.062,0.058,9.029,97.117,5.485,147.406,0,5.497,5.501,NA,41
"5/23/2022 1:56:42 PM",1.221,30.224,51.138,81.713,73290.1,1033.811,33.806,0.047,0.047,0.015,9.032,96.978,5.477,153.098,0,5.489,5.493,NA,41
"5/23/2022 1:56:42 PM",1.247,30.22,51.142,81.714,73295.9,1033.816,33.811,0.055,0.055,0.044,9.034,96.912,5.473,160.49,0,5.484,5.488,NA,41
"5/23/2022 1:56:42 PM",1.242,30.218,51.149,81.72,73304.6,1033.822,33.817,0.055,0.055,0.044,9.037,96.918,5.473,167.626,0,5.485,5.489,NA,41
"5/23/2022 1:56:42 PM",1.209,30.222,51.146,81.722,73300.8,1033.818,33.813,0.055,0.055,0.029,9.037,96.95,5.475,177.907,0,5.487,5.491,NA,41
"5/23/2022 1:56:43 PM",1.159,30.224,51.145,81.723,73299,1033.816,33.812,0.07,0.07,0.044,9.037,96.94,5.475,169.92,0,5.487,5.491,NA,41
"5/23/2022 1:56:43 PM",1.096,30.226,51.147,81.728,73300.5,1033.817,33.812,0.078,0.078,0.073,9.039,97.063,5.482,155.307,0,5.493,5.497,NA,41
"5/23/2022 1:56:43 PM",1.002,30.227,51.148,81.731,73301.6,1033.817,33.812,0.101,0.101,0.073,9.039,97.04,5.481,146.981,0,5.492,5.496,NA,41
"5/23/2022 1:56:43 PM",0.874,30.228,51.147,81.732,73300.8,1033.815,33.812,0.055,0.055,0.073,9.039,96.934,5.474,137.126,0,5.486,5.489,NA,41
"5/23/2022 1:56:43 PM",0.834,30.229,51.147,81.732,73300,1033.814,33.811,0.047,0.047,0.073,9.04,97.026,5.48,142.308,0,5.491,5.495,NA,41
"5/23/2022 1:56:44 PM",0.846,30.228,51.147,81.731,73300,1033.815,33.811,0.062,0.062,0.044,9.04,97.029,5.48,152.843,0,5.492,5.495,NA,41
"5/23/2022 1:56:44 PM",0.893,30.227,51.148,81.731,73301.6,1033.816,33.812,0.078,0.078,0.044,9.038,96.995,5.478,170.26,0,5.489,5.493,NA,41
"5/23/2022 1:56:44 PM",0.981,30.226,51.151,81.734,73305.3,1033.819,33.815,0.062,0.062,0.058,9.037,96.986,5.477,169.666,0,5.488,5.492,NA,41
"5/23/2022 1:56:44 PM",1.042,30.226,51.154,81.739,73310,1033.822,33.818,0.062,0.062,0.044,9.039,97.083,5.482,167.372,0,5.494,5.497,NA,41
"5/23/2022 1:56:44 PM",1.087,30.224,51.153,81.734,73308.4,1033.822,33.817,0.062,0.062,0.058,9.038,97.061,5.481,167.966,0,5.493,5.496,NA,41
"5/23/2022 1:56:45 PM",1.127,30.222,51.158,81.738,73315,1033.827,33.822,0.062,0.062,0.058,9.037,97.076,5.481,170.685,0,5.493,5.497,NA,41
"5/23/2022 1:56:45 PM",1.141,30.222,51.163,81.746,73321.9,1033.831,33.826,0.078,0.078,0.029,9.038,97.041,5.48,171.79,0,5.492,5.495,NA,41
"5/23/2022 1:56:45 PM",1.138,30.221,51.167,81.748,73326.1,1033.834,33.829,0.055,0.055,0.058,9.036,97.025,5.478,173.829,0,5.49,5.494,NA,41
"5/23/2022 1:56:45 PM",1.124,30.222,51.166,81.749,73324.8,1033.833,33.828,0.078,0.078,0.029,9.035,97.047,5.48,150.719,0,5.492,5.495,NA,41
"5/23/2022 1:56:45 PM",1.101,30.223,51.166,81.752,73325.5,1033.833,33.828,0.086,0.086,0.087,9.034,96.968,5.475,139.42,0,5.487,5.491,NA,41
"5/23/2022 1:56:46 PM",1.098,30.222,51.169,81.754,73329.3,1033.835,33.831,0.07,0.07,0.058,9.035,97.046,5.48,142.308,0,5.491,5.495,NA,41
"5/23/2022 1:56:46 PM",1.08,30.224,51.168,81.754,73326.8,1033.833,33.829,0.101,0.101,0.029,9.038,96.901,5.472,148.765,0,5.484,5.487,NA,41
"5/23/2022 1:56:46 PM",1.053,30.226,51.166,81.756,73325,1033.831,33.827,0.07,0.07,0.044,9.04,96.996,5.478,154.203,0,5.489,5.493,NA,41
"5/23/2022 1:56:46 PM",1.046,30.227,51.169,81.76,73327.7,1033.833,33.828,0.062,0.062,0.058,9.038,97.045,5.48,161.764,0,5.492,5.495,NA,41
"5/23/2022 1:56:46 PM",1.042,30.227,51.171,81.763,73330.8,1033.835,33.83,0.078,0.078,0.029,9.034,96.863,5.47,163.973,0,5.481,5.485,NA,41
"5/23/2022 1:56:47 PM",1.079,30.226,51.171,81.762,73330.9,1033.835,33.831,0.078,0.078,0.073,9.032,96.949,5.474,152.928,0,5.486,5.489,NA,41
"5/23/2022 1:56:47 PM",1.139,30.224,51.17,81.758,73330.3,1033.836,33.831,0.094,0.094,0.029,9.027,96.977,5.475,134.577,0,5.487,5.49,NA,41
"5/23/2022 1:56:47 PM",1.315,30.222,51.177,81.764,73338.8,1033.842,33.836,0.07,0.07,0.029,9.023,97.034,5.479,125.401,0,5.491,5.494,NA,41
"5/23/2022 1:56:47 PM",1.447,30.223,51.178,81.766,73339.4,1033.843,33.837,0.07,0.07,0.015,9.024,96.956,5.475,131.179,0,5.486,5.49,NA,41
"5/23/2022 1:56:47 PM",1.574,30.223,51.179,81.769,73341.7,1033.845,33.838,0.055,0.055,0.044,9.024,97.002,5.478,132.538,0,5.49,5.493,NA,41
"5/23/2022 1:56:48 PM",1.716,30.223,51.187,81.78,73351.9,1033.851,33.844,0.07,0.07,0.029,9.027,97.048,5.481,131.433,0,5.493,5.496,NA,41
"5/23/2022 1:56:48 PM",1.944,30.22,51.194,81.785,73359.9,1033.858,33.85,0.062,0.062,0.029,9.022,97.065,5.482,126.591,0,5.494,5.498,NA,41
"5/23/2022 1:56:48 PM",2.097,30.217,51.21,81.802,73380.4,1033.872,33.863,0.078,0.078,0.073,9.021,96.989,5.478,125.231,0,5.49,5.493,NA,41
"5/23/2022 1:56:48 PM",2.246,30.214,51.217,81.807,73389.3,1033.879,33.869,0.07,0.07,0.116,9.022,97,5.479,123.362,0,5.491,5.494,NA,41
"5/23/2022 1:56:48 PM",2.39,30.212,51.229,81.822,73405,1033.889,33.879,0.078,0.078,0.102,9.021,97.044,5.481,122.683,0,5.493,5.497,NA,41
"5/23/2022 1:56:49 PM",2.545,30.213,51.243,81.843,73423,1033.901,33.89,0.062,0.062,0.058,9.024,97.143,5.487,121.153,0,5.499,5.502,NA,41
"5/23/2022 1:56:49 PM",2.79,30.212,51.262,81.869,73446.5,1033.916,33.905,0.101,0.101,0.087,9.025,97.036,5.48,123.362,0,5.492,5.496,NA,41
"5/23/2022 1:56:49 PM",2.917,30.211,51.267,81.872,73452,1033.921,33.908,0.094,0.094,0.073,9.025,96.895,5.472,127.695,0,5.484,5.488,NA,41
"5/23/2022 1:56:49 PM",3.016,30.21,51.269,81.875,73455.7,1033.924,33.911,0.078,0.078,0.073,9.024,97.012,5.479,134.152,0,5.491,5.495,NA,41
"5/23/2022 1:56:49 PM",3.108,30.209,51.272,81.877,73458.5,1033.926,33.913,0.101,0.101,0.131,9.023,96.931,5.475,137.551,0,5.486,5.49,NA,41
"5/23/2022 1:56:50 PM",3.264,30.208,51.263,81.864,73448.7,1033.921,33.907,0.101,0.101,0.087,9.022,97.124,5.486,137.89,0,5.498,5.501,NA,41
"5/23/2022 1:56:50 PM",3.368,30.205,51.271,81.87,73458.1,1033.928,33.914,0.086,0.086,0.029,9.022,97.119,5.485,131.858,0,5.497,5.501,NA,41
"5/23/2022 1:56:50 PM",3.467,30.204,51.275,81.874,73463.2,1033.932,33.917,0.094,0.094,0.058,9.02,97.102,5.485,127.185,0,5.497,5.5,NA,41
"5/23/2022 1:56:50 PM",3.579,30.205,51.277,81.878,73466.4,1033.934,33.919,0.07,0.07,0.044,9.017,97.057,5.482,118.095,0,5.494,5.497,NA,41
"5/23/2022 1:56:51 PM",3.78,30.203,51.283,81.884,73473.2,1033.939,33.923,0.062,0.062,0.015,9.015,96.967,5.477,116.99,0,5.489,5.492,NA,41
"5/23/2022 1:56:51 PM",3.924,30.202,51.287,81.889,73479.5,1033.944,33.927,0.062,0.062,0.015,9.013,97.11,5.486,118.35,0,5.497,5.501,NA,41
"5/23/2022 1:56:51 PM",4.062,30.204,51.294,81.901,73487.6,1033.949,33.932,0.078,0.078,0.029,9.011,97.063,5.483,124.042,0,5.494,5.498,NA,41
"5/23/2022 1:56:51 PM",4.223,30.207,51.295,81.906,73487.8,1033.949,33.931,0.07,0.07,0.044,9.009,97.002,5.479,133.812,0,5.491,5.494,NA,41
"5/23/2022 1:56:51 PM",4.499,30.206,51.304,81.919,73500.3,1033.958,33.939,0.055,0.055,0.044,9.01,97.163,5.488,170.6,0,5.5,5.503,NA,41
"5/23/2022 1:56:52 PM",4.692,30.202,51.304,81.912,73500.4,1033.96,33.94,0.07,0.07,0.029,9.01,97.122,5.486,152.928,0,5.498,5.502,NA,41
"5/23/2022 1:56:52 PM",4.868,30.186,51.302,81.886,73500,1033.965,33.944,0.062,0.062,0.029,9.012,97.011,5.48,165.418,0,5.492,5.496,NA,41
"5/23/2022 1:56:52 PM",5.043,30.165,51.306,81.86,73508,1033.977,33.955,0.047,0.047,0.073,9.015,97.087,5.485,192.01,0,5.497,5.501,NA,41
"5/23/2022 1:56:52 PM",5.234,30.151,51.315,81.852,73520.8,1033.989,33.967,0.055,0.055,0,9.014,96.956,5.478,125.401,0,5.49,5.493,NA,41
"5/23/2022 1:56:52 PM",5.495,30.145,51.312,81.839,73518,1033.99,33.967,0.07,0.07,0.044,9.01,96.99,5.481,92.862,0,5.493,5.496,NA,41
"5/23/2022 1:56:53 PM",5.655,30.139,51.315,81.835,73521.7,1033.995,33.971,0.101,0.101,0.146,9.008,97.01,5.483,95.665,0,5.494,5.498,NA,41
"5/23/2022 1:56:53 PM",5.806,30.13,51.32,81.828,73529.8,1034.003,33.978,0.094,0.094,0.102,9.008,97.023,5.484,104.161,0,5.496,5.5,NA,41
"5/23/2022 1:56:53 PM",5.992,30.125,51.324,81.827,73535.3,1034.008,33.983,0.094,0.094,0.102,9.01,97.054,5.487,122.598,0,5.499,5.502,NA,41
"5/23/2022 1:56:53 PM",6.164,30.121,51.336,81.836,73550.3,1034.019,33.993,0.07,0.07,0.058,9.011,96.957,5.481,146.301,0,5.493,5.496,NA,41
"5/23/2022 1:56:53 PM",6.363,30.112,51.338,81.827,73554.5,1034.025,33.998,0.101,0.101,0.087,9.011,97.015,5.485,269.749,0,5.497,5.5,NA,41
"5/23/2022 1:56:54 PM",6.48,30.107,51.32,81.794,73532.7,1034.014,33.986,0.086,0.086,0.073,9.013,97.149,5.493,364.904,0,5.505,5.508,NA,41
"5/23/2022 1:56:54 PM",6.608,30.105,51.321,81.793,73534.3,1034.016,33.988,0.078,0.078,0.029,9.013,97.224,5.498,363.12,0,5.509,5.513,NA,41
"5/23/2022 1:56:54 PM",6.732,30.1,51.328,81.795,73543.7,1034.024,33.995,0.07,0.07,0.087,9.014,97.129,5.492,269.919,0,5.504,5.507,NA,41
"5/23/2022 1:56:54 PM",6.883,30.096,51.335,81.799,73552.7,1034.031,34.002,0.086,0.086,0.015,9.013,97.107,5.491,321.829,0,5.503,5.507,NA,41
"5/23/2022 1:56:54 PM",7.013,30.095,51.337,81.8,73555.5,1034.034,34.004,0.094,0.094,0.087,9.011,97.055,5.488,363.715,0,5.5,5.504,NA,41
"5/23/2022 1:56:55 PM",7.169,30.09,51.343,81.801,73563.4,1034.04,34.01,0.094,0.094,0.102,9.013,97.147,5.494,294.812,0,5.506,5.509,NA,41
"5/23/2022 1:56:55 PM",7.32,30.088,51.35,81.808,73572.9,1034.047,34.016,0.078,0.078,0.029,9.011,97.112,5.492,283.597,0,5.504,5.507,NA,41
"5/23/2022 1:56:55 PM",7.47,30.087,51.352,81.81,73575.6,1034.05,34.018,0.07,0.07,0.044,9.011,97.059,5.489,351.99,0,5.501,5.505,NA,41
"5/23/2022 1:56:55 PM",7.713,30.082,51.358,81.81,73583.8,1034.057,34.024,0.062,0.062,0.029,9.011,97.092,5.491,617.066,0,5.503,5.507,NA,41
"5/23/2022 1:56:55 PM",7.895,30.079,51.363,81.812,73589.3,1034.062,34.029,0.117,0.117,0.087,9.01,97.099,5.492,463.883,0,5.504,5.508,NA,41
"5/23/2022 1:56:56 PM",8.054,30.078,51.366,81.814,73593.4,1034.066,34.031,0.109,0.109,0.073,9.011,97.098,5.493,270.938,0,5.504,5.508,NA,41
"5/23/2022 1:56:56 PM",8.191,30.076,51.37,81.817,73598.8,1034.07,34.035,0.094,0.094,0.073,9.011,97.084,5.491,216.903,0,5.503,5.507,NA,41
"5/23/2022 1:56:56 PM",8.411,30.074,51.371,81.816,73600.4,1034.072,34.037,0.101,0.101,0.058,9.008,97.149,5.496,252.587,0,5.507,5.511,NA,41
"5/23/2022 1:56:56 PM",8.55,30.073,51.372,81.817,73602.5,1034.075,34.038,0.078,0.078,0.029,9.005,97.167,5.497,374.675,0,5.509,5.513,NA,41
"5/23/2022 1:56:56 PM",8.66,30.073,51.374,81.818,73604.2,1034.076,34.039,0.086,0.086,0.058,9.003,97.207,5.499,278.754,0,5.511,5.514,NA,41
"5/23/2022 1:56:57 PM",8.752,30.069,51.377,81.818,73608.7,1034.08,34.043,0.07,0.07,0.087,9.001,97.215,5.5,251.567,0,5.512,5.515,NA,41
"5/23/2022 1:56:57 PM",8.908,30.067,51.379,81.817,73612.2,1034.084,34.046,0.062,0.062,0.029,9,97.212,5.499,260.913,0,5.511,5.514,NA,41
"5/23/2022 1:56:57 PM",8.998,30.064,51.384,81.82,73617.8,1034.088,34.05,0.07,0.07,0.015,9.003,97.289,5.503,280.709,0,5.515,5.519,NA,41
"5/23/2022 1:56:57 PM",9.084,30.063,51.386,81.822,73621.1,1034.091,34.052,0.078,0.078,0.073,9.004,97.222,5.5,341.285,0,5.512,5.515,NA,41
"5/23/2022 1:56:57 PM",9.137,30.063,51.389,81.825,73624.1,1034.093,34.054,0.07,0.07,0.044,9.003,97.166,5.496,417.494,0,5.508,5.512,NA,41
"5/23/2022 1:56:58 PM",9.221,30.062,51.39,81.826,73625.7,1034.094,34.055,0.062,0.062,0,9.001,97.074,5.491,503.304,0,5.503,5.506,NA,41
"5/23/2022 1:56:58 PM",9.414,30.059,51.391,81.822,73627.2,1034.097,34.057,0.07,0.07,0.087,9.002,97.312,5.504,457.851,0,5.516,5.52,NA,41
"5/23/2022 1:56:58 PM",9.551,30.057,51.393,81.822,73630.2,1034.1,34.059,0.117,0.117,0.073,9,97.237,5.5,378.923,0,5.512,5.516,NA,41
"5/23/2022 1:56:58 PM",9.702,30.056,51.396,81.825,73634.6,1034.103,34.062,0.094,0.094,0.087,9,97.17,5.497,273.657,0,5.509,5.512,NA,41
"5/23/2022 1:56:58 PM",9.877,30.056,51.394,81.822,73631.7,1034.102,34.06,0.07,0.07,0.058,8.998,97.148,5.497,247.489,0,5.508,5.512,NA,41
"5/23/2022 1:56:59 PM",10.055,30.055,51.397,81.826,73636.3,1034.106,34.063,0.07,0.07,0,9,97.112,5.495,262.442,0,5.507,5.51,NA,41
"5/23/2022 1:56:59 PM",10.305,30.053,51.406,81.835,73647.6,1034.115,34.071,0.101,0.101,0.044,8.999,97.205,5.5,275.611,0,5.512,5.515,NA,41
"5/23/2022 1:56:59 PM",10.484,30.054,51.409,81.84,73651.6,1034.118,34.073,0.062,0.062,0,8.996,97.279,5.504,297.021,0,5.516,5.52,NA,41
"5/23/2022 1:56:59 PM",10.657,30.053,51.41,81.841,73653.1,1034.119,34.074,0.031,0.031,0,8.996,97.198,5.5,337.122,0,5.512,5.515,NA,41
"5/23/2022 1:56:59 PM",10.821,30.053,51.409,81.839,73652.1,1034.119,34.074,0.008,0.008,0,8.991,97.254,5.503,352.755,0,5.515,5.518,NA,41
"5/23/2022 1:57:00 PM",11.05,30.051,51.411,81.839,73654.1,1034.122,34.075,0.125,0.125,0.131,8.991,97.231,5.502,380.027,0,5.513,5.517,NA,41
"5/23/2022 1:57:00 PM",11.177,30.05,51.413,81.84,73657.1,1034.125,34.077,0.133,0.133,0.16,8.992,97.284,5.505,359.042,0,5.517,5.521,NA,41
"5/23/2022 1:57:00 PM",11.309,30.05,51.418,81.846,73663,1034.129,34.081,0.117,0.117,0.146,8.992,97.297,5.506,290.224,0,5.518,5.521,NA,41
"5/23/2022 1:57:00 PM",11.399,30.049,51.42,81.848,73665.7,1034.131,34.083,0.101,0.101,0.073,8.991,97.189,5.499,235.085,0,5.511,5.515,NA,41
"5/23/2022 1:57:01 PM",11.406,30.049,51.421,81.849,73666.8,1034.132,34.083,0.086,0.086,0.058,8.99,97.248,5.503,293.283,0,5.515,5.519,NA,41
"5/23/2022 1:57:01 PM",11.246,30.05,51.42,81.851,73666.1,1034.13,34.083,0.07,0.07,0.029,8.992,97.265,5.504,415.71,0,5.516,5.52,NA,41
"5/23/2022 1:57:01 PM",11.091,30.051,51.439,81.878,73689.8,1034.144,34.097,0.055,0.055,0.044,8.991,97.295,5.505,444.257,0,5.517,5.52,NA,41
"5/23/2022 1:57:01 PM",10.94,30.052,51.444,81.885,73694.7,1034.146,34.1,0.086,0.086,0.087,8.995,97.143,5.497,427.52,0,5.509,5.512,NA,41
"5/23/2022 1:57:01 PM",10.796,30.052,51.443,81.885,73694.4,1034.146,34.1,0.086,0.086,0.087,8.992,97.213,5.501,365.754,0,5.513,5.517,NA,41
"5/23/2022 1:57:02 PM",10.607,30.053,51.446,81.89,73697.4,1034.146,34.101,0.07,0.07,0.058,8.99,97.236,5.501,265.331,0,5.513,5.517,NA,41
"5/23/2022 1:57:02 PM",10.485,30.053,51.447,81.892,73698.7,1034.147,34.102,0.078,0.078,0.073,8.989,97.253,5.503,242.646,0,5.515,5.518,NA,41
"5/23/2022 1:57:02 PM",10.348,30.053,51.448,81.892,73699,1034.146,34.102,0.07,0.07,0,8.988,97.199,5.5,307.641,0,5.512,5.515,NA,41
"5/23/2022 1:57:02 PM",10.197,30.054,51.448,81.894,73700,1034.146,34.103,0.07,0.07,0,8.99,97.254,5.502,396.849,0,5.514,5.518,NA,41
"5/23/2022 1:57:02 PM",10.048,30.055,51.448,81.895,73699.7,1034.145,34.102,0.07,0.07,0,8.988,97.252,5.502,487.926,0,5.514,5.518,NA,41
"5/23/2022 1:57:03 PM",9.846,30.055,51.448,81.895,73699.4,1034.144,34.102,0.07,0.07,0.116,8.986,97.253,5.501,438.14,0,5.513,5.517,NA,41
"5/23/2022 1:57:03 PM",9.764,30.056,51.446,81.894,73697.1,1034.142,34.101,0.07,0.07,0.087,8.985,97.203,5.499,361.421,0,5.51,5.514,NA,41
"5/23/2022 1:57:03 PM",9.711,30.055,51.447,81.894,73697.6,1034.142,34.101,0.07,0.07,0,8.984,97.288,5.503,354.624,0,5.515,5.519,NA,41
"5/23/2022 1:57:03 PM",9.671,30.055,51.449,81.898,73700.8,1034.144,34.103,0.062,0.062,0.015,8.982,97.167,5.497,377.393,0,5.509,5.512,NA,41
"5/23/2022 1:57:03 PM",9.533,30.056,51.452,81.902,73704,1034.145,34.105,0.078,0.078,0.029,8.982,97.261,5.503,446.551,0,5.515,5.518,NA,41
"5/23/2022 1:57:04 PM",9.441,30.057,51.451,81.903,73703.1,1034.144,34.104,0.086,0.086,0.029,8.982,97.226,5.501,424.206,0,5.513,5.516,NA,41
"5/23/2022 1:57:04 PM",9.353,30.057,51.451,81.902,73702.2,1034.143,34.103,0.078,0.078,0.029,8.983,97.165,5.497,410.018,0,5.509,5.513,NA,41
"5/23/2022 1:57:04 PM",9.256,30.058,51.452,81.906,73703.7,1034.143,34.104,0.078,0.078,0.044,8.981,97.261,5.503,380.962,0,5.515,5.519,NA,41
"5/23/2022 1:57:04 PM",9.169,30.058,51.454,81.907,73705.3,1034.144,34.105,0.07,0.07,0.029,8.98,97.323,5.506,368.727,0,5.518,5.522,NA,41
"5/23/2022 1:57:04 PM",8.993,30.06,51.454,81.91,73705.3,1034.143,34.105,0.062,0.062,0,8.978,97.265,5.503,423.357,0,5.515,5.518,NA,41
"5/23/2022 1:57:05 PM",8.832,30.062,51.451,81.909,73701.8,1034.14,34.102,0.062,0.062,0,8.978,97.279,5.504,488.181,0,5.516,5.519,NA,41
"5/23/2022 1:57:05 PM",8.653,30.063,51.448,81.907,73697.9,1034.136,34.099,0.078,0.078,0.087,8.978,97.29,5.504,419.958,0,5.516,5.52,NA,41
"5/23/2022 1:57:05 PM",8.446,30.065,51.446,81.907,73695,1034.133,34.097,0.078,0.078,0.044,8.977,97.171,5.497,361.846,0,5.509,5.513,NA,41
"5/23/2022 1:57:05 PM",8.269,30.067,51.443,81.906,73690.6,1034.129,34.094,0.078,0.078,0.073,8.977,97.137,5.496,373.825,0,5.508,5.511,NA,41
"5/23/2022 1:57:05 PM",8.012,30.071,51.44,81.907,73686.4,1034.124,34.09,0.07,0.07,0.058,8.977,97.274,5.504,393.791,0,5.516,5.519,NA,41
"5/23/2022 1:57:06 PM",7.84,30.072,51.44,81.907,73685.7,1034.123,34.09,0.055,0.055,0.015,8.977,97.345,5.508,438.31,0,5.52,5.524,NA,41
"5/23/2022 1:57:06 PM",7.678,30.074,51.438,81.909,73683.2,1034.12,34.087,0.062,0.062,0.015,8.978,97.175,5.498,488.181,0,5.51,5.514,NA,41
"5/23/2022 1:57:06 PM",7.527,30.077,51.435,81.909,73679.5,1034.116,34.084,0.055,0.055,0,8.978,97.182,5.499,590.388,0,5.511,5.515,NA,41
"5/23/2022 1:57:06 PM",7.326,30.08,51.433,81.91,73675.9,1034.113,34.081,0.086,0.086,0.044,8.979,97.312,5.506,541.621,0,5.518,5.522,NA,41
"5/23/2022 1:57:06 PM",7.201,30.081,51.434,81.913,73677,1034.112,34.082,0.078,0.078,0.044,8.979,97.396,5.511,477.731,0,5.523,5.527,NA,41
"5/23/2022 1:57:07 PM",7.064,30.083,51.433,81.914,73675.4,1034.11,34.08,0.07,0.07,0.058,8.976,97.176,5.498,499.311,0,5.51,5.514,NA,41
"5/23/2022 1:57:07 PM",6.926,30.083,51.433,81.914,73675.4,1034.11,34.08,0.062,0.062,0.044,8.976,97.235,5.501,495.743,0,5.513,5.517,NA,41
"5/23/2022 1:57:07 PM",6.711,30.085,51.43,81.913,73671.8,1034.106,34.078,0.062,0.062,0.029,8.974,97.158,5.497,566.345,0,5.509,5.512,NA,41
"5/23/2022 1:57:07 PM",6.567,30.087,51.429,81.914,73670.1,1034.104,34.076,0.07,0.07,0,8.976,97.285,5.504,586.225,0,5.516,5.52,NA,41
"5/23/2022 1:57:07 PM",6.433,30.089,51.429,81.917,73669.2,1034.102,34.075,0.078,0.078,0.029,8.977,97.18,5.498,550.627,0,5.51,5.514,NA,41
"5/23/2022 1:57:08 PM",6.324,30.092,51.425,81.916,73664.2,1034.098,34.071,0.101,0.101,0.116,8.975,97.217,5.5,431.683,0,5.512,5.516,NA,41
"5/23/2022 1:57:08 PM",6.2,30.094,51.424,81.918,73662.7,1034.096,34.07,0.078,0.078,0,8.975,97.183,5.498,468.131,0,5.51,5.513,NA,41
"5/23/2022 1:57:08 PM",5.981,30.098,51.421,81.92,73658.6,1034.091,34.066,0.062,0.062,0,8.976,97.202,5.5,573.651,0,5.512,5.515,NA,41
"5/23/2022 1:57:08 PM",5.849,30.102,51.416,81.919,73652.2,1034.086,34.061,0.086,0.086,0.102,8.976,97.235,5.502,444.087,0,5.514,5.517,NA,41
"5/23/2022 1:57:08 PM",5.724,30.106,51.414,81.921,73648.6,1034.082,34.058,0.055,0.055,0.015,8.974,97.318,5.506,550.117,0,5.518,5.521,NA,41
"5/23/2022 1:57:09 PM",5.627,30.111,51.414,81.93,73647.7,1034.08,34.056,0.07,0.07,0.015,8.974,97.206,5.499,585.291,0,5.511,5.515,NA,41
"5/23/2022 1:57:09 PM",5.566,30.113,51.413,81.931,73646.2,1034.078,34.054,0.078,0.078,0.029,8.973,97.151,5.496,466.856,0,5.508,5.512,NA,41
"5/23/2022 1:57:09 PM",5.495,30.117,51.41,81.932,73641.9,1034.074,34.051,0.086,0.086,0.058,8.973,97.244,5.501,396.934,0,5.513,5.517,NA,41
"5/23/2022 1:57:09 PM",5.438,30.118,51.41,81.935,73642.8,1034.074,34.051,0.047,0.047,0.029,8.972,97.172,5.497,427.52,0,5.509,5.513,NA,41
"5/23/2022 1:57:09 PM",5.377,30.123,51.403,81.932,73633.3,1034.067,34.044,0.062,0.062,0.015,8.971,97.178,5.497,465.242,0,5.509,5.513,NA,41
"5/23/2022 1:57:10 PM",5.287,30.124,51.401,81.931,73630,1034.064,34.041,0.031,0.031,0,8.969,97.104,5.492,715.025,0,5.504,5.508,NA,41
"5/23/2022 1:57:10 PM",5.116,30.127,51.399,81.931,73627.3,1034.061,34.039,0.062,0.062,0.015,8.967,97.143,5.494,763.792,0,5.506,5.51,NA,41
"5/23/2022 1:57:10 PM",5.009,30.131,51.396,81.934,73623,1034.056,34.035,0.094,0.094,0.102,8.966,97.285,5.502,581.298,0,5.514,5.517,NA,41
"5/23/2022 1:57:10 PM",4.884,30.136,51.39,81.933,73615,1034.049,34.029,0.07,0.07,0.087,8.967,97.181,5.497,468.301,0,5.508,5.512,NA,41
"5/23/2022 1:57:11 PM",4.739,30.14,51.387,81.934,73610.4,1034.045,34.025,0.062,0.062,0.044,8.965,97.225,5.499,547.569,0,5.511,5.514,NA,41
"5/23/2022 1:57:11 PM",4.484,30.149,51.389,81.951,73612.4,1034.043,34.024,0.047,0.047,0.015,8.963,97.167,5.496,502.795,0,5.508,5.511,NA,41
"5/23/2022 1:57:11 PM",4.293,30.154,51.386,81.954,73607.6,1034.037,34.019,0.055,0.055,0,8.96,97.204,5.498,518.852,0,5.51,5.513,NA,41
"5/23/2022 1:57:11 PM",4.093,30.158,51.387,81.961,73608.2,1034.036,34.019,0.055,0.055,0.029,8.958,97.22,5.498,603.557,0,5.51,5.514,NA,41
"5/23/2022 1:57:11 PM",3.913,30.163,51.386,81.966,73606.1,1034.033,34.016,0.031,0.031,0,8.956,97.294,5.503,646.377,0,5.515,5.518,NA,41
"5/23/2022 1:57:12 PM",3.782,30.167,51.382,81.968,73601.4,1034.028,34.012,0.047,0.047,0,8.956,97.253,5.5,752.493,0,5.512,5.516,NA,41
"5/23/2022 1:57:12 PM",3.654,30.172,51.379,81.971,73596.8,1034.023,34.008,0.047,0.047,0,8.955,97.179,5.496,593.957,0,5.508,5.511,NA,41
"5/23/2022 1:57:12 PM",3.577,30.173,51.381,81.975,73599.3,1034.024,34.009,0.062,0.062,0.073,8.954,97.235,5.499,620.04,0,5.511,5.514,NA,41
"5/23/2022 1:57:12 PM",3.501,30.176,51.383,81.982,73601.3,1034.024,34.009,0.008,0.008,0,8.954,97.263,5.5,645.783,0,5.512,5.516,NA,41
"5/23/2022 1:57:12 PM",3.452,30.176,51.389,81.99,73607.9,1034.028,34.013,0.07,0.07,0.131,8.953,97.291,5.501,827.512,0,5.513,5.517,NA,41
"5/23/2022 1:57:13 PM",3.431,30.18,51.389,81.996,73607.9,1034.027,34.012,0.023,0.023,0,8.953,97.282,5.5,701.177,0,5.512,5.516,NA,41
"5/23/2022 1:57:13 PM",3.444,30.189,51.384,82.002,73600.2,1034.02,34.005,0.078,0.078,0.116,8.954,97.129,5.492,729.129,0,5.504,5.507,NA,41
"5/23/2022 1:57:13 PM",3.473,30.19,51.386,82.006,73602.3,1034.021,34.006,0.07,0.07,0.044,8.955,97.301,5.501,658.187,0,5.513,5.516,NA,41
"5/23/2022 1:57:13 PM",3.501,30.186,51.391,82.009,73610.1,1034.027,34.012,0.047,0.047,0.029,8.955,97.168,5.493,770.419,0,5.505,5.509,NA,41
"5/23/2022 1:57:13 PM",3.48,30.185,51.395,82.012,73615,1034.03,34.015,0.039,0.039,0.029,8.954,97.177,5.494,807.207,0,5.506,5.509,NA,41
"5/23/2022 1:57:14 PM",3.409,30.187,51.395,82.014,73614.4,1034.029,34.014,0.078,0.078,0.073,8.953,97.201,5.495,880.018,0,5.507,5.511,NA,41
"5/23/2022 1:57:14 PM",3.343,30.188,51.395,82.016,73614.5,1034.028,34.014,0.109,0.109,0.131,8.952,97.318,5.502,652.155,0,5.514,5.517,NA,41
"5/23/2022 1:57:14 PM",3.251,30.189,51.399,82.023,73619.4,1034.031,34.017,0.078,0.078,0.131,8.953,97.194,5.495,485.548,0,5.506,5.51,NA,41
"5/23/2022 1:57:14 PM",3.143,30.19,51.398,82.023,73617,1034.028,34.015,0.031,0.031,0,8.956,97.32,5.502,619.445,0,5.514,5.518,NA,41
"5/23/2022 1:57:14 PM",3.032,30.193,51.395,82.022,73613.2,1034.025,34.012,0.055,0.055,0.044,8.956,97.223,5.497,734.141,0,5.508,5.512,NA,41
"5/23/2022 1:57:15 PM",2.818,30.196,51.394,82.027,73611.8,1034.022,34.01,0.078,0.078,0.073,8.955,97.283,5.5,558.868,0,5.512,5.515,NA,41
"5/23/2022 1:57:15 PM",2.658,30.202,51.396,82.037,73613.1,1034.021,34.009,0.039,0.039,0,8.953,97.248,5.498,698.883,0,5.51,5.513,NA,41
"5/23/2022 1:57:15 PM",2.492,30.207,51.395,82.044,73611.8,1034.018,34.007,0.008,0.008,0,8.953,97.235,5.497,664.644,0,5.509,5.512,NA,41
"5/23/2022 1:57:15 PM",2.332,30.21,51.391,82.043,73606.1,1034.013,34.003,0.109,0.109,0.131,8.952,97.234,5.497,576.795,0,5.508,5.512,NA,41
"5/23/2022 1:57:15 PM",2.103,30.211,51.389,82.042,73603.5,1034.01,34.001,0.016,0.016,0,8.954,97.229,5.496,716.384,0,5.508,5.511,NA,41
"5/23/2022 1:57:16 PM",1.972,30.213,51.387,82.042,73601.2,1034.007,33.999,0.07,0.07,0.102,8.952,97.231,5.496,668.127,0,5.508,5.512,NA,41
"5/23/2022 1:57:16 PM",1.877,30.214,51.386,82.041,73598.6,1034.005,33.997,0.031,0.031,0,8.949,97.361,5.504,1034.645,0,5.516,5.52,NA,41
"5/23/2022 1:57:16 PM",1.826,30.215,51.381,82.037,73593.5,1034.002,33.994,0,0,0,8.948,97.248,5.498,938.046,0,5.509,5.513,NA,41
"5/23/2022 1:57:16 PM",1.745,30.215,51.378,82.032,73589,1033.999,33.991,0.179,0.179,0.262,8.95,97.227,5.496,854.785,0,5.508,5.512,NA,41
"5/23/2022 1:57:16 PM",1.694,30.216,51.374,82.029,73584.4,1033.995,33.988,0.101,0.101,0.131,8.95,97.286,5.5,659.121,0,5.511,5.515,NA,41
"5/23/2022 1:57:17 PM",1.663,30.216,51.373,82.027,73582.9,1033.994,33.987,0,0,0,8.949,97.233,5.497,927.85,0,5.509,5.512,NA,41
"5/23/2022 1:57:17 PM",1.651,30.217,51.345,81.989,73548,1033.973,33.966,0.078,0.078,0.116,8.948,97.191,5.495,829.127,0,5.507,5.51,NA,41
"5/23/2022 1:57:17 PM",1.651,30.216,51.342,81.984,73543.9,1033.97,33.963,0.125,0.125,0.175,8.946,97.141,5.492,639.156,0,5.504,5.508,NA,41
"5/23/2022 1:57:17 PM",1.661,30.215,51.342,81.981,73544.1,1033.971,33.964,0.07,0.07,0.087,8.945,97.206,5.496,522.165,0,5.508,5.512,NA,41
"5/23/2022 1:57:17 PM",1.642,30.213,51.342,81.979,73544.9,1033.972,33.965,0.109,0.109,0.073,8.943,97.158,5.493,671.016,0,5.505,5.509,NA,41
"5/23/2022 1:57:18 PM",1.594,30.212,51.346,81.982,73549.1,1033.975,33.968,0.109,0.109,0.116,8.942,97.188,5.495,844.759,0,5.507,5.511,NA,41
"5/23/2022 1:57:18 PM",1.517,30.214,51.342,81.98,73545,1033.971,33.965,0.14,0.14,0.218,8.942,97.162,5.494,541.876,0,5.505,5.509,NA,41
"5/23/2022 1:57:18 PM",1.423,30.215,51.34,81.979,73542.2,1033.969,33.963,0.101,0.101,0.16,8.943,97.284,5.5,405.77,0,5.512,5.516,NA,41
"5/23/2022 1:57:18 PM",1.29,30.216,51.338,81.977,73538.6,1033.966,33.96,0.086,0.086,0.029,8.946,97.263,5.499,378.158,0,5.511,5.515,NA,41
"5/23/2022 1:57:18 PM",1.208,30.216,51.338,81.978,73539,1033.965,33.96,0.062,0.062,0.044,8.945,97.124,5.492,441.453,0,5.503,5.507,NA,41
"5/23/2022 1:57:19 PM",1.138,30.217,51.336,81.976,73536.4,1033.964,33.959,0.031,0.031,0,8.946,97.139,5.492,459.465,0,5.504,5.508,NA,41
"5/23/2022 1:57:19 PM",1.078,30.217,51.335,81.974,73535.1,1033.963,33.958,0.086,0.086,0.073,8.945,97.142,5.493,350.291,0,5.505,5.508,NA,41
"5/23/2022 1:57:19 PM",1.024,30.216,51.334,81.973,73533.9,1033.962,33.957,0.101,0.101,0.116,8.946,97.228,5.497,432.278,0,5.509,5.513,NA,41
"5/23/2022 1:57:19 PM",0.965,30.218,51.332,81.972,73531.4,1033.96,33.955,0.07,0.07,0.073,8.946,97.307,5.501,265.756,0,5.513,5.517,NA,41
"5/23/2022 1:57:19 PM",0.944,30.218,51.33,81.969,73529.2,1033.958,33.954,0.062,0.062,0.087,8.946,97.209,5.496,191.84,0,5.508,5.511,NA,41
"5/23/2022 1:57:20 PM",0.923,30.218,51.33,81.969,73528.5,1033.958,33.954,0.062,0.062,0.073,8.944,97.14,5.492,173.234,0,5.504,5.507,NA,41
"5/23/2022 1:57:20 PM",0.869,30.218,51.327,81.965,73525.2,1033.955,33.952,0.156,0.156,0.233,8.943,97.188,5.495,171.025,0,5.507,5.511,NA,41
"5/23/2022 1:57:20 PM",0.699,30.217,51.325,81.961,73522.5,1033.953,33.95,0.078,0.078,0.087,8.942,97.251,5.499,186.997,0,5.511,5.514,NA,41
"5/23/2022 1:57:20 PM",0.576,30.217,51.321,81.956,73517.6,1033.95,33.947,0.07,0.07,0.029,8.941,97.211,5.497,188.697,0,5.509,5.512,NA,41
"5/23/2022 1:57:21 PM",0.447,30.217,51.321,81.955,73517.6,1033.949,33.947,0.07,0.07,0.073,8.942,97.257,5.5,175.358,0,5.512,5.515,NA,41
"5/23/2022 1:57:21 PM",0.343,30.218,51.32,81.955,73515.6,1033.947,33.946,0.07,0.07,0.029,8.943,97.126,5.493,163.718,0,5.505,5.508,NA,41
"5/23/2022 1:57:21 PM",0.26,30.217,51.317,81.949,73512.1,1033.945,33.944,0.07,0.07,0.044,8.943,97.187,5.497,152.928,0,5.508,5.512,NA,41
"5/23/2022 1:57:21 PM",0.128,30.216,51.309,81.937,73502.4,1033.939,33.938,0.055,0.055,0,8.942,97.219,5.498,178.077,0,5.51,5.513,NA,41
"5/23/2022 1:57:21 PM",0.055,30.217,51.308,81.936,73501,1033.938,33.937,0.047,0.047,0,8.941,97.205,5.497,189.461,0,5.509,5.513,NA,41
"5/23/2022 1:57:22 PM",0,30.217,51.304,81.932,73496.7,1033.935,33.935,0.156,0.156,0.641,8.939,97.17,5.496,227.863,0,5.507,5.511,NA,41
"5/23/2022 1:57:22 PM",0,30.217,51.3,81.927,73491.4,1033.931,33.931,0.101,0.101,0.539,8.938,97.208,5.498,229.732,0,5.51,5.513,NA,41
"5/23/2022 1:57:22 PM",0,30.217,51.298,81.923,73488.5,1033.93,33.93,0.234,0.234,0.233,8.938,97.242,5.499,245.96,0,5.511,5.515,NA,41
"5/23/2022 1:57:22 PM",0.018,30.216,51.296,81.92,73487,1033.929,33.929,0.491,0.491,0.175,8.939,97.173,5.496,245.96,0,5.507,5.511,NA,41
"5/23/2022 1:57:22 PM",0.018,30.217,51.275,81.892,73460.2,1033.912,33.912,0.187,0.187,0.116,8.939,97.197,5.498,238.398,0,5.51,5.513,NA,41
"5/23/2022 1:57:23 PM",0.018,30.218,51.272,81.888,73455.9,1033.91,33.91,0.156,0.156,0.116,8.939,97.154,5.496,240.098,0,5.508,5.511,NA,41
"5/23/2022 1:57:23 PM",0,30.218,51.27,81.886,73454.1,1033.908,33.909,0.109,0.109,0.116,8.936,97.202,5.499,238.908,0,5.511,5.514,NA,41
"5/23/2022 1:57:23 PM",0,30.217,51.266,81.879,73449.3,1033.905,33.906,0.07,0.07,0.102,8.934,97.121,5.494,228.458,0,5.506,5.51,NA,41
"5/23/2022 1:57:23 PM",0,30.202,33.543,56.403,50611.4,1020.565,20.566,67.118,67.118,89.314,8.933,97.156,6.057,226.504,0,6.073,6.074,NA,41
"5/23/2022 1:57:23 PM",0,30.167,3.54,7.181,6447.6,998.24,0,496.065,496.065,1032.22,8.929,97.103,7.134,228.883,0,7.155,7.155,NA,41
"5/23/2022 1:57:24 PM",0,30.12,1.47,3.138,2820.6,996.712,0,467.413,467.413,629.97,8.928,97.055,7.212,231.941,0,7.232,7.232,NA,41
"5/23/2022 1:57:24 PM",0,29.951,1.125,2.427,2189,996.506,0,483.116,483.116,370.205,8.924,96.782,7.205,243.921,0,7.226,7.226,NA,41
"5/23/2022 1:57:24 PM",0,29.617,0.716,1.568,1423.1,996.301,0,306.975,306.975,219.294,8.922,96.474,7.199,293.368,0,7.22,7.22,NA,41
"5/23/2022 1:57:24 PM",0,29.419,1.768,3.687,3360.7,997.146,0,396.364,396.364,190.942,8.92,96.042,7.127,852.746,0,7.148,7.148,NA,41
"5/23/2022 1:57:24 PM",0,29.3,1.417,2.983,2725.3,996.919,0,153.121,153.121,146.888,8.919,96.2,7.153,1104.568,0,7.174,7.174,NA,41
"5/23/2022 1:57:25 PM",0,29.162,1.132,2.404,2202.7,996.747,0,506.05,506.05,389.905,8.916,96.208,7.167,605.511,0,7.187,7.187,NA,41
"5/23/2022 1:57:25 PM",0,28.974,0.879,1.884,1732.5,996.613,0,474.652,474.652,333.038,8.913,96.043,7.166,309.85,0,7.186,7.186,NA,41
"5/23/2022 1:57:25 PM",0,28.768,0.8,1.715,1583.3,996.614,0,184.839,184.839,251.275,8.91,96.02,7.168,272.807,0,7.189,7.189,NA,41
"5/23/2022 1:57:25 PM",0,28.63,0.676,1.456,1347.9,996.562,0,506.05,506.05,103.148,8.907,95.852,7.161,259.893,0,7.182,7.182,NA,41
"5/23/2022 1:57:25 PM",0,28.477,0.649,1.395,1296.2,996.586,0,269.165,269.165,32.632,8.905,95.951,7.17,304.922,0,7.19,7.19,NA,41
"5/23/2022 1:57:26 PM",0,28.349,0.6,1.29,1201.5,996.586,0,72.633,72.633,46.635,8.903,95.766,7.159,517.323,0,7.18,7.18,NA,41
"5/23/2022 1:57:26 PM",0,28.309,0.567,1.221,1138.3,996.573,0,38.801,38.801,77.323,8.902,95.507,7.143,365.414,0,7.164,7.164,NA,41
"5/23/2022 1:57:26 PM",0,28.229,0.539,1.162,1084.7,996.575,0,53.615,53.615,41.118,8.899,95.409,7.139,562.267,0,7.159,7.159,NA,41
"5/23/2022 1:57:26 PM",0,28.243,0.523,1.13,1054.5,996.559,0,20.586,20.586,13.631,8.896,95.282,7.132,925.387,0,7.153,7.153,NA,41
"5/23/2022 1:57:26 PM",0,28.236,0.506,1.092,1019.9,996.548,0,22.529,22.529,17.553,8.892,95.087,7.12,937.621,0,7.141,7.141,NA,41
"5/23/2022 1:57:27 PM",0,28.104,0.477,1.029,963.4,996.564,0,148.573,148.573,54.178,8.892,95.108,7.127,1124.788,0,7.148,7.148,NA,41
"5/23/2022 1:57:27 PM",0,28.069,0.451,0.976,914.3,996.555,0,100.193,100.193,42.186,8.889,95.193,7.136,1277.632,0,7.157,7.157,NA,41
"5/23/2022 1:57:27 PM",0,28.112,0.442,0.957,895.7,996.535,0,78.507,78.507,115.29,8.886,95.195,7.138,1049.598,0,7.158,7.158,NA,41
"5/23/2022 1:57:27 PM",0,28.218,0.431,0.937,874.9,996.497,0,111.184,111.184,104.832,8.884,95.22,7.141,324.888,0,7.161,7.161,NA,41
"5/23/2022 1:57:27 PM",0,28.291,0.42,0.914,851.8,996.467,0,335.182,335.182,130.648,8.882,94.993,7.124,260.488,0,7.145,7.145,NA,41
"5/23/2022 1:57:28 PM",0,28.377,0.392,0.856,796.9,996.421,0,506.05,506.05,209.949,8.882,94.583,7.095,476.457,0,7.116,7.116,NA,41
"5/23/2022 1:57:28 PM",0,28.427,0.389,0.851,791.6,996.405,0,212.383,212.383,51.992,8.881,94.514,7.09,1321.981,0,7.111,7.111,NA,41
"5/23/2022 1:57:28 PM",0,28.372,0.391,0.854,794.9,996.422,0,69.224,69.224,13.704,8.879,94.41,7.082,1469.387,0,7.102,7.102,NA,41
"5/23/2022 1:57:28 PM",0,28.165,0.385,0.838,783.9,996.477,0,25.54,25.54,4.01,8.876,94.108,7.06,1265.397,0,7.08,7.08,NA,41
"5/23/2022 1:57:28 PM",0,27.823,0.38,0.822,774.2,996.571,0,5.484,5.484,0,8.876,93.855,7.041,1122.324,0,7.061,7.061,NA,41
"5/23/2022 1:57:29 PM",0,27.678,0.368,0.794,750,996.603,0,2.559,2.559,0,8.876,93.712,7.032,499.311,0,7.052,7.053,NA,41
"5/23/2022 1:57:29 PM",0,27.536,0.369,0.794,752.3,996.643,0,3.986,3.986,13.395,8.868,93.433,7.013,386.059,0,7.033,7.033,NA,41
"5/23/2022 1:57:29 PM",0,27.401,0.357,0.768,729.3,996.672,0,0,0,18.351,8.861,93.262,7.004,357.343,0,7.024,7.024,NA,41
"5/23/2022 1:57:29 PM",0,27.285,0.343,0.735,700.2,996.694,0,0,0,0,8.856,93.067,6.992,356.833,0,7.013,7.013,NA,41
"5/23/2022 1:57:29 PM",0,27.601,25.343,41.813,39549.7,1015.276,15.277,0,0,0,8.85,93.575,6.131,697.438,0,6.149,6.149,NA,41
"5/23/2022 1:57:30 PM",0,30.225,52.607,83.739,75106.1,1034.918,34.919,158.402,158.402,12.718,8.851,96.454,5.432,499.056,0,5.444,5.448,NA,41
"5/23/2022 1:57:30 PM",0,31.05,51.741,83.782,73940.7,1033.961,33.962,70.62,70.62,11.41,8.852,97.435,5.499,369.407,0,5.511,5.515,NA,41
"5/23/2022 1:57:30 PM",0,31.245,51.488,83.72,73607.4,1033.699,33.699,20.477,20.477,8.796,8.854,97.982,5.524,340.86,0,5.536,5.539,NA,41
"5/23/2022 1:57:30 PM",0,31.289,51.424,83.695,73522.3,1033.633,33.634,6.919,6.919,8.327,8.857,97.726,5.501,340.181,0,5.513,5.516,NA,41
"5/23/2022 1:57:30 PM",0,31.291,51.435,83.714,73536.5,1033.641,33.642,2.8,2.8,7.873,8.86,97.465,5.476,348.507,0,5.487,5.491,NA,41
"5/23/2022 1:57:31 PM",0,31.289,51.404,83.668,73498,1033.618,33.619,2.231,2.231,7.961,8.863,97.379,5.466,353.519,0,5.477,5.481,NA,41
"5/23/2022 1:57:31 PM",0,31.293,51.397,83.664,73489.6,1033.612,33.613,1.872,1.872,8.254,8.866,97.374,5.462,354.029,0,5.473,5.476,NA,41
"5/23/2022 1:57:31 PM",0,31.292,51.417,83.691,73514.3,1033.627,33.628,1.942,1.942,7.492,8.867,97.309,5.455,350.206,0,5.466,5.469,NA,41
"5/23/2022 1:57:31 PM",0,31.285,51.418,83.681,73515.6,1033.63,33.631,1.841,1.841,8.313,8.869,97.271,5.45,386.229,0,5.461,5.465,NA,41
"5/23/2022 1:57:32 PM",0,31.285,51.407,83.665,73501.9,1033.622,33.622,1.942,1.942,8.298,8.871,97.307,5.451,761.498,0,5.462,5.465,NA,41
"5/23/2022 1:57:32 PM",0,31.285,51.396,83.651,73488.6,1033.614,33.614,1.732,1.732,8.254,8.872,97.258,5.448,717.999,0,5.459,5.462,NA,41
"5/23/2022 1:57:32 PM",0,31.289,51.392,83.651,73483.4,1033.609,33.61,1.747,1.747,8.005,8.873,97.206,5.444,430.408,0,5.455,5.459,NA,41
"5/23/2022 1:57:32 PM",0,31.29,51.399,83.662,73491.5,1033.614,33.615,1.841,1.841,8.899,8.875,97.382,5.453,351.31,0,5.464,5.468,NA,41
"5/23/2022 1:57:32 PM",0,31.29,51.392,83.652,73483,1033.609,33.609,1.849,1.849,8.782,8.874,97.399,5.454,415.286,0,5.465,5.468,NA,41
"5/23/2022 1:57:33 PM",0,31.292,51.382,83.64,73470.6,1033.601,33.601,2.013,2.013,8.489,8.875,97.476,5.459,919.779,0,5.47,5.473,NA,41
"5/23/2022 1:57:33 PM",0,31.295,51.364,83.621,73448.2,1033.586,33.587,1.786,1.786,8.298,8.876,97.531,5.462,1149.002,0,5.473,5.477,NA,41
