"Date","Depth..m.","Temp...degC.","Sal.","Cond...mS.cm.","EC25..µS.cm.","Density..kg.m3.","SigmaT","Chl.Flu...ppb.","Chl.a..µg.l.","Turb...FTU.","pH","DO....","Weiss.DO..mg.l.","Quant...µmol..m2.s..","Mark","G.G.DO..mg.l.","B.K.DO..mg.l.","X","Station"
"5/27/2022 5:26:07 AM",0.775,29.968,51.068,81.238,73233.8,1033.849,33.845,0.101,0.101,0.087,5.285,94.895,5.42,0,0,5.432,5.436,NA,43
"5/27/2022 5:26:07 AM",0.754,29.968,51.063,81.23,73227.4,1033.845,33.842,0.109,0.109,0.116,5.288,94.923,5.422,0,0,5.434,5.438,NA,43
"5/27/2022 5:26:07 AM",0.629,29.965,51.066,81.23,73231.1,1033.847,33.845,0.374,0.374,0.131,5.291,94.946,5.423,0,0,5.435,5.439,NA,43
"5/27/2022 5:26:07 AM",0.523,29.963,51.064,81.225,73228.7,1033.846,33.844,0.195,0.195,0.073,5.289,94.96,5.424,0,0,5.436,5.44,NA,43
"5/27/2022 5:26:08 AM",0.421,29.963,51.061,81.221,73225.5,1033.844,33.842,0.109,0.109,0.058,5.289,95.072,5.431,0,0,5.443,5.447,NA,43
"5/27/2022 5:26:08 AM",0.313,29.963,51.061,81.221,73225.5,1033.843,33.842,0.086,0.086,0.102,5.29,95.265,5.442,0,0,5.454,5.458,NA,43
"5/27/2022 5:26:08 AM",0.242,29.964,51.068,81.232,73234.3,1033.848,33.847,0.14,0.14,0.073,5.29,95.005,5.427,0,0,5.439,5.442,NA,43
"5/27/2022 5:26:08 AM",0.257,29.965,51.068,81.234,73233.9,1033.848,33.846,0.117,0.117,0.087,5.292,95.136,5.434,0,0,5.446,5.45,NA,43
"5/27/2022 5:26:08 AM",0.275,29.975,51.066,81.245,73229.7,1033.842,33.841,0.109,0.109,0.044,5.294,95.267,5.442,0,0,5.454,5.458,NA,43
"5/27/2022 5:26:09 AM",0.327,29.973,51.075,81.255,73241.3,1033.85,33.849,0.109,0.109,0.073,5.294,95.304,5.444,0,0,5.456,5.459,NA,43
"5/27/2022 5:26:09 AM",0.369,29.98,51.059,81.242,73220.4,1033.836,33.834,0.109,0.109,0.131,5.296,95.27,5.442,0,0,5.454,5.458,NA,43
"5/27/2022 5:26:09 AM",0.358,29.983,51.056,81.242,73216.4,1033.832,33.831,0.101,0.101,0.102,5.293,95.538,5.457,0,0,5.47,5.473,NA,43
"5/27/2022 5:26:09 AM",0.365,29.985,51.052,81.24,73210.9,1033.828,33.827,0.086,0.086,0.073,5.292,95.394,5.45,0,0,5.462,5.465,NA,43
"5/27/2022 5:26:09 AM",0.348,29.99,51.052,81.248,73211.1,1033.827,33.826,0.078,0.078,0.044,5.294,95.535,5.457,0,0,5.47,5.473,NA,43
"5/27/2022 5:26:10 AM",0.37,29.985,51.058,81.248,73218.4,1033.833,33.832,0.094,0.094,0.073,5.291,95.694,5.466,0,0,5.479,5.482,NA,43
"5/27/2022 5:26:10 AM",0.422,29.988,51.057,81.253,73217.5,1033.832,33.83,0.109,0.109,0.131,5.287,95.582,5.46,0,0,5.472,5.476,NA,43
"5/27/2022 5:26:10 AM",0.449,29.992,51.054,81.254,73213.5,1033.828,33.826,0.109,0.109,0.189,5.282,95.655,5.464,0,0,5.476,5.48,NA,43
"5/27/2022 5:26:10 AM",0.476,29.997,51.047,81.251,73203.6,1033.821,33.819,0.133,0.133,0.204,5.286,95.659,5.465,0,0,5.477,5.48,NA,43
"5/27/2022 5:26:10 AM",0.489,30,51.049,81.259,73206,1033.821,33.819,0.164,0.164,0.131,5.287,95.602,5.461,0,0,5.473,5.477,NA,43
"5/27/2022 5:26:11 AM",0.513,30.002,51.046,81.258,73202.3,1033.819,33.817,0.538,0.538,0.757,5.288,95.607,5.461,0,0,5.473,5.477,NA,43
"5/27/2022 5:26:11 AM",0.522,30,51.043,81.251,73199,1033.817,33.815,0.218,0.218,0.306,5.291,95.635,5.463,0,0,5.475,5.479,NA,43
"5/27/2022 5:26:11 AM",0.53,29.999,51.037,81.24,73190.9,1033.813,33.811,0.133,0.133,0.146,5.292,95.617,5.462,0,0,5.474,5.478,NA,43
"5/27/2022 5:26:11 AM",0.523,29.999,51.033,81.236,73186.7,1033.81,33.808,0.148,0.148,1.165,5.294,95.705,5.467,0,0,5.48,5.483,NA,43
"5/27/2022 5:26:11 AM",0.489,29.998,51.037,81.24,73191.7,1033.813,33.811,0.125,0.125,0.218,5.29,95.544,5.458,0,0,5.47,5.473,NA,43
"5/27/2022 5:26:12 AM",0.445,29.993,51.041,81.238,73196.9,1033.818,33.816,0.46,0.46,0.437,5.289,95.677,5.465,0,0,5.478,5.481,NA,43
"5/27/2022 5:26:12 AM",0.405,29.99,51.045,81.239,73202.8,1033.822,33.82,0.32,0.32,0.233,5.288,95.642,5.463,0,0,5.476,5.479,NA,43
"5/27/2022 5:26:12 AM",0.356,29.988,51.041,81.23,73197.2,1033.819,33.817,0.156,0.156,0.189,5.29,95.699,5.467,0,0,5.479,5.483,NA,43
"5/27/2022 5:26:12 AM",0.297,29.987,51.038,81.224,73194.2,1033.817,33.816,0.101,0.101,0.204,5.293,95.787,5.472,0,0,5.484,5.488,NA,43
"5/27/2022 5:26:12 AM",0.249,29.986,51.039,81.224,73194.7,1033.818,33.817,0.101,0.101,0.146,5.284,95.595,5.461,0,0,5.473,5.477,NA,43
"5/27/2022 5:26:13 AM",0.226,29.985,51.038,81.221,73193.6,1033.817,33.816,0.117,0.117,0.116,5.28,95.8,5.473,0,0,5.485,5.489,NA,43
"5/27/2022 5:26:13 AM",0.195,29.984,51.04,81.222,73196.1,1033.819,33.818,0.094,0.094,0.102,5.28,95.889,5.477,0,0,5.49,5.493,NA,43
"5/27/2022 5:26:13 AM",0.178,29.984,51.032,81.212,73186.7,1033.813,33.812,0.234,0.234,0.146,5.284,95.915,5.48,0,0,5.492,5.495,NA,43
"5/27/2022 5:26:13 AM",0.165,29.986,51.032,81.214,73186.6,1033.812,33.812,0.133,0.133,0.116,5.287,95.881,5.477,0,0,5.49,5.493,NA,43
"5/27/2022 5:26:14 AM",0.16,29.99,51.027,81.213,73179.6,1033.807,33.806,1.209,1.209,0.218,5.285,96.005,5.485,0,0,5.497,5.5,NA,43
"5/27/2022 5:26:14 AM",0.178,29.992,51.027,81.217,73179.7,1033.807,33.806,0.39,0.39,0.131,5.282,96.038,5.486,0,0,5.499,5.502,NA,43
"5/27/2022 5:26:14 AM",0.195,29.996,51.026,81.221,73177.2,1033.804,33.803,0.164,0.164,0.146,5.278,96.131,5.492,0,0,5.504,5.508,NA,43
"5/27/2022 5:26:14 AM",0.193,29.997,51.024,81.221,73175.5,1033.803,33.802,0.125,0.125,0.116,5.277,96.203,5.496,0,0,5.508,5.512,NA,43
"5/27/2022 5:26:14 AM",0.256,29.998,51.024,81.22,73174.7,1033.802,33.801,0.094,0.094,0.058,5.279,96.132,5.491,0,0,5.504,5.507,NA,43
"5/27/2022 5:26:15 AM",0.299,29.996,51.015,81.207,73164.6,1033.797,33.795,0.094,0.094,0.146,5.275,96.047,5.487,0,0,5.5,5.503,NA,43
"5/27/2022 5:26:15 AM",0.362,29.994,51.022,81.213,73173.4,1033.803,33.801,0.094,0.094,0.087,5.274,96.066,5.488,0,0,5.5,5.504,NA,43
"5/27/2022 5:26:15 AM",0.421,29.983,51.02,81.193,73171.6,1033.805,33.803,0.101,0.101,0.073,5.28,95.939,5.48,0,0,5.493,5.496,NA,43
"5/27/2022 5:26:15 AM",0.414,29.989,51.012,81.192,73161.3,1033.797,33.795,0.101,0.101,0.131,5.282,95.986,5.483,0,0,5.496,5.499,NA,43
"5/27/2022 5:26:15 AM",0.416,29.988,51.008,81.184,73156.7,1033.795,33.793,0.101,0.101,0.131,5.28,96.064,5.488,0,0,5.5,5.504,NA,43
"5/27/2022 5:26:16 AM",0.362,29.98,51.015,81.183,73166.3,1033.803,33.801,0.117,0.117,0.291,5.277,96.043,5.487,0,0,5.499,5.503,NA,43
"5/27/2022 5:26:16 AM",0.294,29.977,51.02,81.185,73173,1033.807,33.806,0.133,0.133,0.131,5.284,95.999,5.484,0,0,5.496,5.5,NA,43
"5/27/2022 5:26:16 AM",0.27,29.977,51.03,81.197,73184.6,1033.814,33.813,0.187,0.187,0.073,5.285,96.187,5.494,0,0,5.507,5.51,NA,43
"5/27/2022 5:26:16 AM",0.214,29.98,51.021,81.19,73173.7,1033.807,33.806,0.117,0.117,0.087,5.286,96.356,5.505,0,0,5.517,5.52,NA,43
"5/27/2022 5:26:16 AM",0.184,29.983,51.016,81.188,73166.6,1033.801,33.8,0.117,0.117,0.277,5.282,96.317,5.502,0,0,5.514,5.518,NA,43
"5/27/2022 5:26:17 AM",0.167,29.986,51.01,81.183,73158.7,1033.796,33.795,0.125,0.125,0.306,5.278,96.24,5.498,0,0,5.51,5.513,NA,43
"5/27/2022 5:26:17 AM",0.105,29.99,51.014,81.195,73163.2,1033.797,33.796,0.125,0.125,0.146,5.278,96.434,5.509,0,0,5.522,5.525,NA,43
"5/27/2022 5:26:17 AM",0.091,29.992,51.01,81.193,73158.4,1033.793,33.793,0.117,0.117,0.102,5.276,96.35,5.504,0,0,5.517,5.52,NA,43
"5/27/2022 5:26:17 AM",0.118,29.996,51.009,81.196,73156.2,1033.791,33.791,0.109,0.109,0.102,5.269,96.448,5.51,0,0,5.522,5.526,NA,43
"5/27/2022 5:26:17 AM",0.141,29.998,50.998,81.185,73142.7,1033.782,33.782,0.172,0.172,0.087,5.266,96.491,5.513,0,0,5.525,5.529,NA,43
"5/27/2022 5:26:18 AM",0.259,29.996,50.993,81.175,73136.8,1033.78,33.779,0.117,0.117,0.175,5.263,96.492,5.513,0,0,5.525,5.528,NA,43
"5/27/2022 5:26:18 AM",0.29,30.007,50.99,81.187,73131.7,1033.773,33.772,0.125,0.125,0.102,5.263,96.45,5.51,0,0,5.523,5.526,NA,43
"5/27/2022 5:26:18 AM",0.296,30.021,50.975,81.187,73111.3,1033.757,33.756,0.109,0.109,0.102,5.265,96.456,5.511,0,0,5.523,5.527,NA,43
"5/27/2022 5:26:18 AM",0.311,30.019,50.979,81.19,73116.1,1033.76,33.759,0.101,0.101,0.131,5.27,96.356,5.505,0,0,5.518,5.521,NA,43
"5/27/2022 5:26:18 AM",0.32,30.013,50.984,81.188,73123.5,1033.767,33.765,0.109,0.109,0.116,5.269,96.368,5.506,0,0,5.518,5.521,NA,43
"5/27/2022 5:26:19 AM",0.431,30.007,50.981,81.175,73120.7,1033.767,33.765,0.109,0.109,0.131,5.271,96.323,5.503,0,0,5.516,5.519,NA,43
"5/27/2022 5:26:19 AM",0.574,30.005,50.984,81.176,73124.8,1033.771,33.769,0.14,0.14,0.073,5.27,96.033,5.487,0,0,5.499,5.502,NA,43
"5/27/2022 5:26:19 AM",0.765,30.007,50.975,81.166,73113.3,1033.764,33.761,0.109,0.109,0.116,5.272,96.058,5.489,0,0,5.501,5.504,NA,43
"5/27/2022 5:26:19 AM",0.982,30.004,50.971,81.157,73109.4,1033.764,33.759,0.117,0.117,0.131,5.272,96.063,5.488,0,0,5.501,5.504,NA,43
"5/27/2022 5:26:19 AM",1.314,29.973,50.975,81.117,73117.7,1033.779,33.773,0.094,0.094,0.073,5.27,96.151,5.493,0,0,5.506,5.509,NA,43
"5/27/2022 5:26:20 AM",1.422,29.967,50.98,81.115,73124.7,1033.785,33.779,0.094,0.094,0.073,5.268,96.201,5.496,0,0,5.509,5.512,NA,43
"5/27/2022 5:26:20 AM",1.475,29.966,50.98,81.114,73124.9,1033.786,33.779,0.078,0.078,0.058,5.27,96.153,5.493,0,0,5.506,5.509,NA,43
"5/27/2022 5:26:20 AM",1.479,29.966,50.978,81.111,73122.3,1033.784,33.778,0.086,0.086,0.044,5.269,96.085,5.49,0,0,5.502,5.505,NA,43
"5/27/2022 5:26:20 AM",1.475,29.967,50.98,81.116,73125,1033.785,33.779,0.094,0.094,0.058,5.268,96.001,5.484,0,0,5.497,5.5,NA,43
"5/27/2022 5:26:20 AM",1.51,29.968,50.976,81.111,73119.3,1033.782,33.775,0.078,0.078,0.087,5.269,96.055,5.488,0,0,5.5,5.504,NA,43
"5/27/2022 5:26:21 AM",1.581,29.969,50.974,81.11,73117.4,1033.781,33.774,0.086,0.086,0.073,5.27,96.046,5.487,0,0,5.499,5.503,NA,43
"5/27/2022 5:26:21 AM",1.693,29.97,50.973,81.11,73115.2,1033.779,33.772,0.094,0.094,0.058,5.271,95.926,5.48,0,0,5.493,5.496,NA,43
"5/27/2022 5:26:21 AM",1.806,29.971,50.967,81.105,73108.8,1033.776,33.768,0.07,0.07,0.058,5.267,95.97,5.483,0,0,5.495,5.498,NA,43
"5/27/2022 5:26:21 AM",1.934,29.97,50.965,81.1,73105.9,1033.775,33.766,0.078,0.078,0.044,5.268,96.043,5.487,0,0,5.499,5.503,NA,43
"5/27/2022 5:26:21 AM",1.969,29.97,50.963,81.097,73104.1,1033.774,33.766,0.086,0.086,0.073,5.269,96.032,5.486,0,0,5.499,5.502,NA,43
"5/27/2022 5:26:22 AM",1.974,29.969,50.962,81.095,73102.9,1033.773,33.765,0.086,0.086,0.044,5.268,95.937,5.481,0,0,5.493,5.497,NA,43
"5/27/2022 5:26:22 AM",2.004,29.969,50.96,81.092,73100,1033.772,33.763,0.07,0.07,0.058,5.267,95.911,5.479,0,0,5.492,5.495,NA,43
"5/27/2022 5:26:22 AM",2.051,29.968,50.961,81.091,73100.8,1033.773,33.764,0.086,0.086,0.044,5.265,95.857,5.476,0,0,5.489,5.492,NA,43
"5/27/2022 5:26:22 AM",2.103,29.971,50.958,81.092,73097.8,1033.77,33.761,0.086,0.086,0.044,5.264,95.925,5.48,0,0,5.492,5.496,NA,43
"5/27/2022 5:26:23 AM",2.146,29.973,50.957,81.092,73096.1,1033.769,33.76,0.078,0.078,0.073,5.267,95.822,5.474,0,0,5.487,5.49,NA,43
"5/27/2022 5:26:23 AM",2.24,29.974,50.955,81.092,73093.8,1033.768,33.758,0.094,0.094,0.073,5.268,95.866,5.477,0,0,5.489,5.493,NA,43
"5/27/2022 5:26:23 AM",2.41,29.979,50.968,81.117,73108.9,1033.776,33.766,0.078,0.078,0.044,5.268,95.765,5.471,0,0,5.483,5.487,NA,43
"5/27/2022 5:26:23 AM",2.514,29.988,50.964,81.124,73102.5,1033.77,33.759,0.086,0.086,0.073,5.267,95.911,5.479,0,0,5.492,5.495,NA,43
"5/27/2022 5:26:23 AM",2.605,29.992,50.961,81.127,73098.7,1033.767,33.756,0.086,0.086,0.044,5.268,95.959,5.482,0,0,5.494,5.498,NA,43
"5/27/2022 5:26:24 AM",2.655,29.992,50.959,81.123,73096.4,1033.766,33.754,0.094,0.094,0.029,5.264,95.979,5.483,0,0,5.495,5.499,NA,43
"5/27/2022 5:26:24 AM",2.664,29.991,50.96,81.124,73098.1,1033.767,33.756,0.086,0.086,0.073,5.262,95.88,5.477,0,0,5.49,5.493,NA,43
"5/27/2022 5:26:24 AM",2.624,29.991,50.967,81.134,73105.7,1033.771,33.76,0.086,0.086,0.087,5.262,95.957,5.482,0,0,5.494,5.498,NA,43
"5/27/2022 5:26:24 AM",2.61,29.992,50.962,81.128,73100.5,1033.768,33.757,0.094,0.094,0.087,5.261,95.82,5.474,0,0,5.486,5.49,NA,43
"5/27/2022 5:26:24 AM",2.6,29.992,50.961,81.127,73098.4,1033.766,33.755,0.094,0.094,0.073,5.259,95.884,5.478,0,0,5.49,5.493,NA,43
"5/27/2022 5:26:25 AM",2.638,29.99,50.957,81.118,73094.3,1033.765,33.754,0.078,0.078,0.073,5.26,96.005,5.485,0,0,5.497,5.501,NA,43
"5/27/2022 5:26:25 AM",2.765,29.988,50.951,81.107,73086.3,1033.761,33.749,0.07,0.07,0.044,5.263,95.863,5.477,0,0,5.489,5.493,NA,43
"5/27/2022 5:26:25 AM",2.848,29.983,50.925,81.065,73055.4,1033.744,33.732,0.078,0.078,0.044,5.265,95.924,5.481,0,0,5.494,5.497,NA,43
"5/27/2022 5:26:25 AM",2.878,29.985,50.943,81.093,73077.9,1033.757,33.745,0.094,0.094,0.058,5.266,95.952,5.482,0,0,5.494,5.498,NA,43
"5/27/2022 5:26:25 AM",2.935,29.989,50.94,81.094,73073.8,1033.754,33.741,0.086,0.086,0.058,5.263,95.923,5.481,0,0,5.493,5.496,NA,43
"5/27/2022 5:26:26 AM",3.064,29.994,50.961,81.13,73098.5,1033.768,33.755,0.086,0.086,0.058,5.262,96.006,5.485,0,0,5.497,5.5,NA,43
"5/27/2022 5:26:26 AM",3.222,29.998,50.96,81.134,73097.1,1033.767,33.753,0.086,0.086,0.058,5.26,96.024,5.486,0,0,5.498,5.501,NA,43
"5/27/2022 5:26:26 AM",3.397,29.998,50.958,81.132,73095.1,1033.766,33.752,0.086,0.086,0.044,5.26,96.08,5.489,0,0,5.501,5.505,NA,43
"5/27/2022 5:26:26 AM",3.533,29.997,50.947,81.116,73081.5,1033.758,33.743,0.078,0.078,0.029,5.261,95.94,5.481,0,0,5.494,5.497,NA,43
"5/27/2022 5:26:26 AM",3.64,29.993,50.954,81.12,73090.5,1033.765,33.75,0.086,0.086,0.044,5.258,96.075,5.489,0,0,5.501,5.504,NA,43
"5/27/2022 5:26:27 AM",3.785,29.995,50.95,81.117,73085.5,1033.763,33.747,0.101,0.101,0.058,5.256,96.048,5.487,0,0,5.499,5.503,NA,43
"5/27/2022 5:26:27 AM",3.87,29.992,50.953,81.116,73088.8,1033.766,33.749,0.086,0.086,0.044,5.255,96.158,5.493,0,0,5.505,5.509,NA,43
"5/27/2022 5:26:27 AM",3.969,29.994,50.954,81.121,73091,1033.767,33.75,0.078,0.078,0.015,5.255,96.205,5.496,0,0,5.508,5.512,NA,43
"5/27/2022 5:26:27 AM",4.106,29.995,50.953,81.12,73088.7,1033.766,33.748,0.078,0.078,0.044,5.255,96.16,5.493,0,0,5.506,5.509,NA,43
"5/27/2022 5:26:27 AM",4.247,29.996,50.952,81.121,73087.5,1033.765,33.747,0.07,0.07,0.044,5.255,96.08,5.489,0,0,5.501,5.504,NA,43
"5/27/2022 5:26:28 AM",4.398,29.996,50.956,81.127,73093.2,1033.769,33.751,0.078,0.078,0.044,5.256,96.027,5.485,0,0,5.498,5.501,NA,43
"5/27/2022 5:26:28 AM",4.419,29.994,50.959,81.129,73097.1,1033.772,33.753,0.094,0.094,0.058,5.255,96.035,5.486,0,0,5.498,5.501,NA,43
"5/27/2022 5:26:28 AM",4.389,29.991,50.944,81.103,73078.6,1033.762,33.743,0.078,0.078,0.044,5.255,96.125,5.491,0,0,5.504,5.507,NA,43
"5/27/2022 5:26:28 AM",4.37,29.992,50.95,81.113,73086.6,1033.766,33.748,0.078,0.078,0.058,5.255,96.059,5.487,0,0,5.499,5.503,NA,43
"5/27/2022 5:26:28 AM",4.301,29.992,50.951,81.113,73086.7,1033.766,33.748,0.094,0.094,0.073,5.255,96.072,5.488,0,0,5.5,5.503,NA,43
"5/27/2022 5:26:29 AM",4.268,29.993,50.943,81.105,73077.6,1033.76,33.742,0.078,0.078,0.058,5.254,95.94,5.481,0,0,5.493,5.497,NA,43
"5/27/2022 5:26:29 AM",4.205,29.994,50.937,81.097,73069.7,1033.755,33.737,0.094,0.094,0.058,5.255,96.061,5.488,0,0,5.5,5.504,NA,43
"5/27/2022 5:26:29 AM",4.155,29.992,50.939,81.096,73072,1033.757,33.739,0.086,0.086,0.073,5.256,95.969,5.483,0,0,5.495,5.499,NA,43
"5/27/2022 5:26:29 AM",4.108,29.99,50.938,81.094,73071.4,1033.756,33.739,0.086,0.086,0.073,5.257,96.03,5.486,0,0,5.499,5.502,NA,43
"5/27/2022 5:26:29 AM",4.101,29.989,50.936,81.089,73068.7,1033.755,33.738,0.086,0.086,0.058,5.255,95.878,5.477,0,0,5.49,5.493,NA,43
"5/27/2022 5:26:30 AM",4.165,29.987,50.928,81.076,73059.5,1033.75,33.733,0.086,0.086,0.058,5.251,95.804,5.474,0,0,5.486,5.489,NA,43
"5/27/2022 5:26:30 AM",4.238,29.984,50.924,81.065,73054.2,1033.748,33.73,0.086,0.086,0.073,5.249,95.816,5.474,0,0,5.486,5.49,NA,43
"5/27/2022 5:26:30 AM",4.306,29.983,50.923,81.062,73053.7,1033.749,33.73,0.078,0.078,0.058,5.253,95.912,5.48,0,0,5.492,5.495,NA,43
"5/27/2022 5:26:30 AM",4.37,29.982,50.922,81.059,73052,1033.748,33.729,0.094,0.094,0.087,5.253,96.046,5.487,0,0,5.5,5.503,NA,43
"5/27/2022 5:26:30 AM",4.441,29.981,50.919,81.053,73048.4,1033.746,33.728,0.101,0.101,0.087,5.248,96.296,5.502,0,0,5.514,5.518,NA,43
"5/27/2022 5:26:31 AM",4.478,29.981,50.915,81.049,73043.9,1033.744,33.725,0.086,0.086,0.044,5.242,96.523,5.515,0,0,5.527,5.531,NA,43
"5/27/2022 5:26:31 AM",4.497,29.981,50.914,81.048,73043,1033.743,33.724,0.078,0.078,0.073,5.236,96.518,5.515,0,0,5.527,5.531,NA,43
"5/27/2022 5:26:31 AM",4.497,29.982,50.916,81.05,73044.7,1033.744,33.725,0.086,0.086,0.058,5.233,96.445,5.51,0,0,5.523,5.526,NA,43
"5/27/2022 5:26:31 AM",4.454,29.982,50.913,81.047,73041.3,1033.742,33.723,0.086,0.086,0.044,5.233,96.372,5.506,0,0,5.519,5.522,NA,43
"5/27/2022 5:26:31 AM",4.396,29.981,50.91,81.041,73037.3,1033.739,33.721,0.094,0.094,0.029,5.233,96.336,5.505,0,0,5.517,5.521,NA,43
"5/27/2022 5:26:32 AM",4.327,29.981,50.909,81.041,73036.6,1033.739,33.72,0.078,0.078,0.044,5.237,96.121,5.492,0,0,5.504,5.508,NA,43
"5/27/2022 5:26:32 AM",4.236,29.982,50.908,81.038,73034.4,1033.737,33.719,0.094,0.094,0.044,5.235,96.052,5.489,0,0,5.501,5.504,NA,43
"5/27/2022 5:26:32 AM",4.096,29.981,50.906,81.035,73031.9,1033.735,33.718,0.086,0.086,0.044,5.234,96.005,5.486,0,0,5.498,5.502,NA,43
"5/27/2022 5:26:32 AM",3.997,29.981,50.904,81.033,73030,1033.733,33.716,0.086,0.086,0.044,5.236,95.855,5.477,0,0,5.49,5.493,NA,43
"5/27/2022 5:26:33 AM",3.904,29.981,50.901,81.028,73026.2,1033.731,33.714,0.078,0.078,0.029,5.235,95.789,5.474,0,0,5.486,5.49,NA,43
"5/27/2022 5:26:33 AM",3.821,29.98,50.902,81.028,73027.1,1033.731,33.715,0.086,0.086,0.044,5.231,95.699,5.468,0,0,5.481,5.484,NA,43
"5/27/2022 5:26:33 AM",3.738,29.979,50.9,81.025,73024.8,1033.73,33.714,0.086,0.086,0.058,5.23,95.515,5.458,0,0,5.47,5.473,NA,43
"5/27/2022 5:26:33 AM",3.708,29.98,50.899,81.024,73023.6,1033.729,33.713,0.101,0.101,0.058,5.233,95.545,5.46,0,0,5.472,5.475,NA,43
"5/27/2022 5:26:33 AM",3.696,29.98,50.897,81.021,73020.6,1033.727,33.711,0.094,0.094,0.073,5.232,95.649,5.466,0,0,5.478,5.482,NA,43
"5/27/2022 5:26:34 AM",3.649,29.981,50.897,81.023,73021.4,1033.727,33.711,0.086,0.086,0.087,5.233,95.549,5.46,0,0,5.472,5.476,NA,43
"5/27/2022 5:26:34 AM",3.592,29.98,50.897,81.021,73020.8,1033.726,33.711,0.094,0.094,0.058,5.236,95.543,5.459,0,0,5.471,5.475,NA,43
"5/27/2022 5:26:34 AM",3.489,29.981,50.893,81.017,73015.4,1033.722,33.708,0.086,0.086,0.058,5.24,95.587,5.462,0,0,5.475,5.478,NA,43
"5/27/2022 5:26:34 AM",3.439,29.982,50.893,81.019,73016.1,1033.723,33.708,0.094,0.094,0.044,5.243,95.651,5.466,0,0,5.478,5.482,NA,43
"5/27/2022 5:26:34 AM",3.399,29.984,50.893,81.021,73016.1,1033.722,33.708,0.086,0.086,0.058,5.248,95.663,5.467,0,0,5.479,5.482,NA,43
"5/27/2022 5:26:35 AM",3.369,29.984,50.897,81.028,73020.6,1033.724,33.71,0.094,0.094,0.058,5.248,95.728,5.47,0,0,5.483,5.486,NA,43
"5/27/2022 5:26:35 AM",3.362,29.985,50.898,81.031,73022.1,1033.725,33.711,0.109,0.109,0.073,5.247,95.81,5.475,0,0,5.487,5.491,NA,43
"5/27/2022 5:26:35 AM",3.35,29.988,50.896,81.032,73018.6,1033.722,33.708,0.101,0.101,0.058,5.25,95.798,5.474,0,0,5.486,5.49,NA,43
"5/27/2022 5:26:35 AM",3.347,29.987,50.888,81.019,73008.5,1033.716,33.702,0.101,0.101,0.073,5.253,95.777,5.473,0,0,5.485,5.489,NA,43
"5/27/2022 5:26:35 AM",3.343,29.986,50.887,81.016,73007.4,1033.716,33.701,0.086,0.086,0.058,5.249,95.895,5.48,0,0,5.492,5.496,NA,43
"5/27/2022 5:26:36 AM",3.342,29.986,50.883,81.011,73003.5,1033.713,33.699,0.078,0.078,0.073,5.248,95.889,5.48,0,0,5.492,5.496,NA,43
"5/27/2022 5:26:36 AM",3.286,29.983,50.882,81.005,73001.7,1033.713,33.699,0.078,0.078,0.029,5.252,95.961,5.484,0,0,5.496,5.499,NA,43
"5/27/2022 5:26:36 AM",3.218,29.983,50.881,81.003,73000.8,1033.712,33.698,0.078,0.078,0.029,5.248,95.916,5.481,0,0,5.493,5.497,NA,43
"5/27/2022 5:26:36 AM",3.142,29.983,50.88,81.002,72999,1033.711,33.697,0.07,0.07,0.015,5.246,95.972,5.485,0,0,5.497,5.5,NA,43
"5/27/2022 5:26:36 AM",3.065,29.983,50.877,80.998,72996.1,1033.709,33.696,0.086,0.086,0.029,5.247,96.164,5.496,0,0,5.508,5.512,NA,43
"5/27/2022 5:26:37 AM",2.991,29.983,50.875,80.995,72993.2,1033.707,33.694,0.078,0.078,0.044,5.246,96.054,5.49,0,0,5.502,5.505,NA,43
"5/27/2022 5:26:37 AM",2.883,29.983,50.873,80.991,72990.4,1033.704,33.692,0.109,0.109,0.044,5.249,96.088,5.492,0,0,5.504,5.507,NA,43
"5/27/2022 5:26:37 AM",2.824,29.982,50.873,80.992,72991,1033.705,33.693,0.086,0.086,0.058,5.245,96.121,5.493,0,0,5.505,5.509,NA,43
"5/27/2022 5:26:37 AM",2.744,29.982,50.869,80.985,72985.5,1033.701,33.689,0.094,0.094,0.058,5.245,96.05,5.489,0,0,5.502,5.505,NA,43
"5/27/2022 5:26:37 AM",2.699,29.983,50.869,80.986,72985.2,1033.7,33.689,0.101,0.101,0.044,5.247,96.211,5.499,0,0,5.511,5.515,NA,43
"5/27/2022 5:26:38 AM",2.638,29.984,50.868,80.986,72983.8,1033.699,33.688,0.101,0.101,0.058,5.247,96.285,5.503,0,0,5.515,5.519,NA,43
"5/27/2022 5:26:38 AM",2.568,29.986,50.866,80.987,72981.1,1033.697,33.686,0.086,0.086,0.044,5.25,96.247,5.501,0,0,5.513,5.517,NA,43
"5/27/2022 5:26:38 AM",2.546,29.988,50.866,80.99,72981.4,1033.696,33.685,0.086,0.086,0.044,5.251,96.39,5.509,0,0,5.522,5.525,NA,43
"5/27/2022 5:26:38 AM",2.499,29.989,50.865,80.99,72980.3,1033.695,33.685,0.086,0.086,0.044,5.25,96.335,5.506,0,0,5.518,5.522,NA,43
"5/27/2022 5:26:38 AM",2.464,29.989,50.863,80.987,72977.6,1033.693,33.683,0.086,0.086,0.029,5.248,96.272,5.502,0,0,5.515,5.518,NA,43
"5/27/2022 5:26:39 AM",2.461,29.988,50.866,80.989,72980.5,1033.695,33.685,0.094,0.094,0.044,5.247,96.35,5.507,0,0,5.519,5.522,NA,43
"5/27/2022 5:26:39 AM",2.443,29.988,50.863,80.985,72977.2,1033.693,33.683,0.086,0.086,0.044,5.249,96.44,5.512,0,0,5.524,5.528,NA,43
"5/27/2022 5:26:39 AM",2.438,29.988,50.863,80.986,72976.9,1033.693,33.683,0.086,0.086,0.029,5.245,96.447,5.512,0,0,5.525,5.528,NA,43
"5/27/2022 5:26:39 AM",2.426,29.988,50.862,80.983,72975.7,1033.692,33.682,0.094,0.094,0.015,5.238,96.39,5.509,0,0,5.522,5.525,NA,43
"5/27/2022 5:26:39 AM",2.455,29.989,50.86,80.983,72973.9,1033.691,33.681,0.101,0.101,0.044,5.237,96.469,5.513,0,0,5.526,5.529,NA,43
"5/27/2022 5:26:40 AM",2.509,29.989,50.859,80.982,72972.4,1033.69,33.679,0.094,0.094,0.044,5.246,96.477,5.514,0,0,5.526,5.53,NA,43
"5/27/2022 5:26:40 AM",2.556,29.989,50.858,80.98,72971,1033.69,33.679,0.078,0.078,0.044,5.249,96.495,5.515,0,0,5.527,5.531,NA,43
"5/27/2022 5:26:40 AM",2.534,29.989,50.859,80.982,72972.4,1033.69,33.68,0.086,0.086,0.044,5.247,96.547,5.518,0,0,5.53,5.534,NA,43
"5/27/2022 5:26:40 AM",2.546,29.989,50.853,80.973,72964.6,1033.686,33.675,0.101,0.101,0.058,5.254,96.49,5.515,0,0,5.527,5.531,NA,43
"5/27/2022 5:26:40 AM",2.558,29.989,50.853,80.973,72965.1,1033.686,33.675,0.094,0.094,0.044,5.259,96.37,5.508,0,0,5.52,5.524,NA,43
"5/27/2022 5:26:41 AM",2.593,29.988,50.854,80.973,72965.6,1033.687,33.676,0.094,0.094,0.058,5.259,96.429,5.511,0,0,5.523,5.527,NA,43
"5/27/2022 5:26:41 AM",2.648,29.988,50.853,80.971,72965.1,1033.687,33.676,0.094,0.094,0.044,5.259,96.466,5.513,0,0,5.526,5.529,NA,43
"5/27/2022 5:26:41 AM",2.74,29.987,50.852,80.97,72964.3,1033.687,33.675,0.094,0.094,0.087,5.26,96.427,5.511,0,0,5.524,5.527,NA,43
"5/27/2022 5:26:41 AM",2.942,29.989,50.855,80.976,72967.3,1033.689,33.676,0.086,0.086,0.087,5.253,96.386,5.508,0,0,5.521,5.524,NA,43
"5/27/2022 5:26:41 AM",3.088,29.99,50.854,80.976,72966,1033.688,33.675,0.086,0.086,0.073,5.256,96.312,5.504,0,0,5.516,5.52,NA,43
"5/27/2022 5:26:42 AM",3.253,29.996,50.862,80.997,72975.5,1033.693,33.679,0.078,0.078,0.058,5.254,96.296,5.503,0,0,5.515,5.519,NA,43
"5/27/2022 5:26:42 AM",3.42,29.999,50.86,80.999,72972.8,1033.691,33.677,0.086,0.086,0.044,5.255,96.491,5.514,0,0,5.526,5.53,NA,43
"5/27/2022 5:26:42 AM",3.644,30,50.859,80.999,72971.3,1033.691,33.675,0.078,0.078,0.029,5.257,96.742,5.528,0,0,5.54,5.544,NA,43
"5/27/2022 5:26:42 AM",3.812,30,50.861,81.001,72973.8,1033.693,33.677,0.07,0.07,0.029,5.256,96.918,5.538,0,0,5.551,5.554,NA,43
"5/27/2022 5:26:43 AM",3.983,29.998,50.851,80.985,72962.4,1033.687,33.67,0.07,0.07,0.044,5.257,97.272,5.558,0,0,5.571,5.574,NA,43
"5/27/2022 5:26:43 AM",4.144,29.994,50.842,80.966,72951.3,1033.682,33.665,0.086,0.086,0.029,5.256,97.372,5.565,0,0,5.578,5.581,NA,43
"5/27/2022 5:26:43 AM",4.388,29.992,50.844,80.967,72954.3,1033.686,33.667,0.07,0.07,0.058,5.258,97.396,5.566,0,0,5.578,5.582,NA,43
"5/27/2022 5:26:43 AM",4.528,29.993,50.844,80.967,72953.8,1033.686,33.666,0.078,0.078,0.044,5.259,97.417,5.567,0,0,5.579,5.583,NA,43
"5/27/2022 5:26:43 AM",4.68,29.994,50.844,80.97,72953.8,1033.686,33.666,0.086,0.086,0.073,5.262,97.459,5.569,0,0,5.582,5.585,NA,43
"5/27/2022 5:26:44 AM",4.81,29.992,50.845,80.967,72955.5,1033.688,33.668,0.078,0.078,0.044,5.261,97.315,5.561,0,0,5.573,5.577,NA,43
"5/27/2022 5:26:44 AM",4.97,29.99,50.842,80.96,72952.4,1033.688,33.666,0.078,0.078,0,5.263,97.249,5.557,0,0,5.569,5.573,NA,43
"5/27/2022 5:26:44 AM",5.05,29.989,50.845,80.963,72955.6,1033.69,33.669,0.094,0.094,0.044,5.263,97.179,5.553,0,0,5.565,5.569,NA,43
"5/27/2022 5:26:44 AM",5.187,29.989,50.85,80.971,72962.7,1033.695,33.673,0.094,0.094,0.029,5.266,97.033,5.544,0,0,5.557,5.56,NA,43
"5/27/2022 5:26:44 AM",5.335,29.99,50.848,80.969,72959.9,1033.694,33.671,0.094,0.094,0.044,5.262,96.934,5.539,0,0,5.551,5.555,NA,43
"5/27/2022 5:26:45 AM",5.59,29.999,50.864,81.006,72978.9,1033.703,33.68,0.086,0.086,0.029,5.261,96.918,5.537,0,0,5.55,5.553,NA,43
"5/27/2022 5:26:45 AM",5.739,30.002,50.865,81.012,72980.3,1033.704,33.68,0.078,0.078,0.044,5.264,96.935,5.538,0,0,5.55,5.554,NA,43
"5/27/2022 5:26:45 AM",5.894,30.004,50.867,81.016,72981.6,1033.705,33.68,0.094,0.094,0.058,5.264,96.918,5.537,0,0,5.55,5.553,NA,43
"5/27/2022 5:26:45 AM",6.054,30.004,50.866,81.015,72981.2,1033.705,33.68,0.086,0.086,0,5.262,97.022,5.543,0,0,5.555,5.559,NA,43
"5/27/2022 5:26:45 AM",6.285,30.001,50.862,81.005,72975.9,1033.704,33.677,0.094,0.094,0.029,5.262,96.805,5.53,0,0,5.543,5.546,NA,43
"5/27/2022 5:26:46 AM",6.441,30.001,50.861,81.004,72975.3,1033.704,33.677,0.086,0.086,0.044,5.262,96.882,5.535,0,0,5.547,5.55,NA,43
"5/27/2022 5:26:46 AM",6.584,30,50.862,81.004,72976.6,1033.706,33.678,0.078,0.078,0.073,5.263,96.645,5.521,0,0,5.533,5.537,NA,43
"5/27/2022 5:26:46 AM",6.723,30,50.86,81.001,72974,1033.705,33.676,0.078,0.078,0,5.262,96.536,5.514,0,0,5.527,5.53,NA,43
"5/27/2022 5:26:46 AM",6.838,30,50.863,81.005,72978.1,1033.708,33.679,0.086,0.086,0.044,5.261,96.629,5.52,0,0,5.532,5.536,NA,43
"5/27/2022 5:26:46 AM",7.004,29.999,50.861,81.001,72975.3,1033.707,33.677,0.094,0.094,0.073,5.26,96.665,5.522,0,0,5.534,5.538,NA,43
"5/27/2022 5:26:47 AM",7.137,29.999,50.862,81.003,72977.3,1033.709,33.678,0.086,0.086,0.044,5.262,96.513,5.513,0,0,5.525,5.529,NA,43
"5/27/2022 5:26:47 AM",7.3,29.999,50.867,81.009,72983.3,1033.713,33.682,0.078,0.078,0.058,5.262,96.527,5.514,0,0,5.526,5.529,NA,43
"5/27/2022 5:26:47 AM",7.472,30,50.866,81.01,72982,1033.713,33.681,0.078,0.078,0.058,5.26,96.399,5.506,0,0,5.518,5.522,NA,43
"5/27/2022 5:26:47 AM",7.712,29.997,50.859,80.996,72973.9,1033.71,33.677,0.078,0.078,0.044,5.262,96.495,5.512,0,0,5.524,5.528,NA,43
"5/27/2022 5:26:47 AM",7.863,29.996,50.87,81.01,72987.9,1033.719,33.685,0.07,0.07,0.044,5.261,96.416,5.507,0,0,5.519,5.523,NA,43
"5/27/2022 5:26:48 AM",7.998,29.996,50.975,81.156,73118.7,1033.799,33.765,0.086,0.086,0.044,5.262,96.498,5.508,0,0,5.52,5.524,NA,43
"5/27/2022 5:26:48 AM",8.144,29.997,50.998,81.189,73146.9,1033.817,33.782,0.086,0.086,0.058,5.261,96.327,5.498,0,0,5.51,5.513,NA,43
"5/27/2022 5:26:48 AM",8.351,29.996,51.019,81.217,73173.3,1033.834,33.798,0.101,0.101,0.058,5.261,96.282,5.495,0,0,5.507,5.51,NA,43
"5/27/2022 5:26:48 AM",8.494,29.999,51.031,81.236,73187.4,1033.842,33.806,0.086,0.086,0.029,5.261,96.295,5.495,0,0,5.507,5.511,NA,43
"5/27/2022 5:26:48 AM",8.645,30,51.025,81.229,73179.7,1033.838,33.801,0.078,0.078,0.058,5.268,96.278,5.494,0,0,5.506,5.51,NA,43
"5/27/2022 5:26:49 AM",8.777,30,51.028,81.234,73183.6,1033.841,33.803,0.078,0.078,0.058,5.264,96.246,5.492,0,0,5.504,5.507,NA,43
"5/27/2022 5:26:49 AM",9.004,30,51.021,81.225,73175.4,1033.836,33.798,0.078,0.078,0.029,5.258,96.231,5.491,0,0,5.503,5.507,NA,43
"5/27/2022 5:26:49 AM",9.154,29.999,51.027,81.231,73183.2,1033.842,33.803,0.078,0.078,0.058,5.258,96.294,5.495,0,0,5.507,5.51,NA,43
"5/27/2022 5:26:49 AM",9.301,29.998,51.027,81.231,73183.5,1033.843,33.803,0.07,0.07,0.058,5.258,96.194,5.489,0,0,5.501,5.505,NA,43
"5/27/2022 5:26:50 AM",9.449,29.998,51.023,81.224,73178,1033.84,33.8,0.094,0.094,0.044,5.26,96.128,5.486,0,0,5.498,5.501,NA,43
"5/27/2022 5:26:50 AM",9.692,29.997,51.028,81.23,73185,1033.846,33.805,0.086,0.086,0.087,5.26,96.051,5.481,0,0,5.493,5.496,NA,43
"5/27/2022 5:26:50 AM",9.835,29.998,51.029,81.234,73186.3,1033.847,33.805,0.094,0.094,0.058,5.26,95.966,5.476,0,0,5.488,5.491,NA,43
"5/27/2022 5:26:50 AM",9.979,29.999,51.031,81.238,73188.3,1033.848,33.806,0.086,0.086,0.058,5.258,95.862,5.47,0,0,5.482,5.485,NA,43
"5/27/2022 5:26:50 AM",10.189,29.999,51.028,81.234,73185.4,1033.848,33.804,0.078,0.078,0.029,5.267,95.939,5.474,0,0,5.486,5.49,NA,43
"5/27/2022 5:26:51 AM",10.333,30,51.029,81.237,73186.3,1033.848,33.804,0.078,0.078,0.058,5.262,95.986,5.476,0,0,5.489,5.492,NA,43
"5/27/2022 5:26:51 AM",10.462,29.999,51.031,81.239,73188.8,1033.851,33.806,0.07,0.07,0.044,5.26,96.152,5.486,0,0,5.498,5.502,NA,43
"5/27/2022 5:26:51 AM",10.585,30.001,51.035,81.246,73194.2,1033.854,33.809,0.078,0.078,0.073,5.261,95.938,5.474,0,0,5.486,5.489,NA,43
"5/27/2022 5:26:51 AM",10.856,30.003,51.017,81.225,73170.5,1033.84,33.794,0.094,0.094,0.029,5.259,95.846,5.469,0,0,5.481,5.485,NA,43
"5/27/2022 5:26:51 AM",11.068,30.004,51.013,81.222,73166.7,1033.838,33.791,0.094,0.094,0.044,5.256,95.903,5.472,0,0,5.484,5.488,NA,43
"5/27/2022 5:26:52 AM",11.253,30.004,51.016,81.225,73170.1,1033.841,33.793,0.086,0.086,0.044,5.25,95.852,5.469,0,0,5.481,5.485,NA,43
"5/27/2022 5:26:52 AM",11.4,30.004,51.017,81.227,73171.3,1033.842,33.794,0.094,0.094,0.058,5.254,96.003,5.478,0,0,5.49,5.494,NA,43
"5/27/2022 5:26:52 AM",11.605,30.006,51.017,81.23,73171.6,1033.843,33.793,0.086,0.086,0.058,5.262,96.179,5.488,0,0,5.5,5.503,NA,43
"5/27/2022 5:26:52 AM",11.748,30.009,51.018,81.235,73171.9,1033.843,33.793,0.086,0.086,0.044,5.267,96.125,5.484,0,0,5.497,5.5,NA,43
"5/27/2022 5:26:52 AM",11.883,30.01,51.024,81.245,73179.3,1033.847,33.797,0.078,0.078,0.044,5.267,95.919,5.472,0,0,5.485,5.488,NA,43
"5/27/2022 5:26:53 AM",11.965,30.01,51.009,81.225,73161.2,1033.837,33.786,0.078,0.078,0.058,5.267,96.22,5.49,0,0,5.502,5.506,NA,43
"5/27/2022 5:26:53 AM",11.97,30.01,51.006,81.221,73157.7,1033.835,33.784,0.094,0.094,0.044,5.265,96.072,5.482,0,0,5.494,5.497,NA,43
"5/27/2022 5:26:53 AM",11.965,30.01,51.006,81.219,73156.7,1033.834,33.783,0.086,0.086,0.029,5.265,96.238,5.491,0,0,5.503,5.506,NA,43
"5/27/2022 5:26:53 AM",11.963,30.009,51.003,81.215,73152.9,1033.832,33.781,0.086,0.086,0.015,5.266,96.182,5.488,0,0,5.5,5.504,NA,43
"5/27/2022 5:26:53 AM",11.888,30.009,51.001,81.213,73151.6,1033.831,33.78,0.086,0.086,0.058,5.265,96.064,5.481,0,0,5.493,5.497,NA,43
"5/27/2022 5:26:54 AM",11.848,30.009,51.002,81.214,73152.4,1033.831,33.781,0.086,0.086,0.044,5.265,96.111,5.484,0,0,5.496,5.499,NA,43
"5/27/2022 5:26:54 AM",11.829,30.009,51,81.21,73149.2,1033.829,33.779,0.086,0.086,0.029,5.266,95.973,5.476,0,0,5.488,5.492,NA,43
"5/27/2022 5:26:54 AM",11.838,30.009,50.999,81.21,73148.8,1033.829,33.778,0.086,0.086,0.029,5.265,95.97,5.476,0,0,5.488,5.491,NA,43
"5/27/2022 5:26:54 AM",11.88,30.009,50.994,81.204,73142.9,1033.825,33.775,0.086,0.086,0.029,5.265,95.958,5.475,0,0,5.487,5.491,NA,43
"5/27/2022 5:26:55 AM",12,30.009,50.999,81.209,73148.1,1033.829,33.778,0.078,0.078,0.029,5.26,96.185,5.488,0,0,5.5,5.503,NA,43
"5/27/2022 5:26:55 AM",12.111,30.01,51.002,81.214,73152,1033.832,33.78,0.086,0.086,0.044,5.263,96.423,5.501,0,0,5.514,5.517,NA,43
"5/27/2022 5:26:55 AM",12.149,30.011,51,81.213,73149.6,1033.83,33.778,0.07,0.07,0.029,5.267,96.646,5.514,0,0,5.526,5.53,NA,43
"5/27/2022 5:26:55 AM",12.102,30.011,51,81.214,73149.4,1033.83,33.778,0.07,0.07,0.044,5.262,96.86,5.526,0,0,5.538,5.542,NA,43
"5/27/2022 5:26:55 AM",12.015,30.011,50.995,81.207,73144,1033.826,33.775,0.086,0.086,0.058,5.266,96.988,5.534,0,0,5.546,5.55,NA,43
"5/27/2022 5:26:56 AM",11.918,30.011,50.993,81.204,73140.7,1033.824,33.773,0.086,0.086,0.073,5.264,97.248,5.548,0,0,5.561,5.564,NA,43
"5/27/2022 5:26:56 AM",11.814,30.011,50.994,81.205,73142.1,1033.824,33.774,0.094,0.094,0.044,5.269,97.492,5.563,0,0,5.575,5.579,NA,43
"5/27/2022 5:26:56 AM",11.703,30.01,50.995,81.205,73142.8,1033.824,33.775,0.101,0.101,0.073,5.268,97.508,5.563,0,0,5.576,5.579,NA,43
"5/27/2022 5:26:56 AM",11.524,30.01,50.994,81.203,73142.4,1033.824,33.775,0.078,0.078,0.044,5.266,97.464,5.561,0,0,5.573,5.577,NA,43
"5/27/2022 5:26:56 AM",11.407,30.009,50.993,81.201,73140.5,1033.822,33.773,0.086,0.086,0.058,5.265,97.504,5.563,0,0,5.576,5.579,NA,43
"5/27/2022 5:26:57 AM",11.275,30.009,50.993,81.201,73140.6,1033.822,33.774,0.086,0.086,0.058,5.268,97.394,5.557,0,0,5.57,5.573,NA,43
"5/27/2022 5:26:57 AM",11.148,30.009,50.993,81.201,73140.6,1033.821,33.774,0.086,0.086,0,5.27,97.357,5.555,0,0,5.567,5.571,NA,43
"5/27/2022 5:26:57 AM",11.016,30.009,50.991,81.198,73138.5,1033.819,33.773,0.101,0.101,0.029,5.268,97.442,5.56,0,0,5.572,5.576,NA,43
"5/27/2022 5:26:57 AM",10.787,30.008,50.996,81.202,73143.9,1033.822,33.776,0.078,0.078,0.058,5.271,97.485,5.562,0,0,5.574,5.578,NA,43
"5/27/2022 5:26:57 AM",10.611,30.007,51.016,81.229,73169.1,1033.837,33.792,0.078,0.078,0.058,5.273,97.284,5.55,0,0,5.562,5.566,NA,43
"5/27/2022 5:26:58 AM",10.41,30.006,51.017,81.23,73171.1,1033.838,33.793,0.078,0.078,0.058,5.272,97.343,5.553,0,0,5.566,5.569,NA,43
"5/27/2022 5:26:58 AM",10.222,30.007,51.017,81.23,73170.6,1033.836,33.793,0.086,0.086,0.029,5.27,97.432,5.558,0,0,5.571,5.574,NA,43
"5/27/2022 5:26:58 AM",10.019,30.004,51.019,81.229,73173.5,1033.838,33.796,0.086,0.086,0.044,5.271,97.167,5.543,0,0,5.556,5.559,NA,43
"5/27/2022 5:26:58 AM",9.948,30.003,51.017,81.224,73170.3,1033.836,33.794,0.094,0.094,0.073,5.268,97.255,5.548,0,0,5.561,5.564,NA,43
"5/27/2022 5:26:58 AM",9.916,30.002,51.013,81.217,73166.1,1033.834,33.792,0.094,0.094,0.029,5.268,97.232,5.547,0,0,5.56,5.563,NA,43
"5/27/2022 5:26:59 AM",9.915,30.001,51.012,81.213,73164.1,1033.833,33.791,0.094,0.094,0.058,5.267,97.268,5.55,0,0,5.562,5.566,NA,43
"5/27/2022 5:26:59 AM",9.922,30,51.009,81.208,73160.6,1033.831,33.789,0.101,0.101,0.044,5.268,97.136,5.542,0,0,5.555,5.558,NA,43
"5/27/2022 5:26:59 AM",9.939,30,51.007,81.206,73159.1,1033.83,33.788,0.086,0.086,0.044,5.269,97.193,5.545,0,0,5.558,5.561,NA,43
"5/27/2022 5:26:59 AM",9.948,29.999,51.007,81.204,73158.2,1033.83,33.788,0.094,0.094,0.029,5.267,96.964,5.532,0,0,5.544,5.548,NA,43
"5/27/2022 5:26:59 AM",9.885,29.999,51.008,81.206,73159.6,1033.83,33.788,0.086,0.086,0.044,5.27,97.16,5.543,0,0,5.556,5.559,NA,43
"5/27/2022 5:27:00 AM",9.77,29.999,51.011,81.21,73163.5,1033.832,33.791,0.078,0.078,0.044,5.269,96.969,5.533,0,0,5.545,5.548,NA,43
"5/27/2022 5:27:00 AM",9.604,30,51.006,81.205,73157.6,1033.828,33.787,0.078,0.078,0.029,5.27,97.007,5.535,0,0,5.547,5.55,NA,43
"5/27/2022 5:27:00 AM",9.348,29.998,50.999,81.193,73149,1033.822,33.782,0.086,0.086,0.058,5.273,97.041,5.537,0,0,5.549,5.553,NA,43
"5/27/2022 5:27:00 AM",9.218,29.998,50.993,81.184,73141,1033.817,33.778,0.086,0.086,0.029,5.275,97.044,5.537,0,0,5.55,5.553,NA,43
"5/27/2022 5:27:00 AM",9.117,29.998,50.99,81.179,73137.9,1033.815,33.776,0.094,0.094,0.029,5.271,96.859,5.527,0,0,5.539,5.543,NA,43
"5/27/2022 5:27:01 AM",9.093,29.998,50.99,81.179,73137.6,1033.814,33.776,0.094,0.094,0.058,5.273,96.917,5.53,0,0,5.542,5.546,NA,43
"5/27/2022 5:27:01 AM",9.14,29.999,50.989,81.18,73136.3,1033.813,33.774,0.094,0.094,0.015,5.275,96.887,5.528,0,0,5.54,5.544,NA,43
"5/27/2022 5:27:01 AM",9.168,30,50.99,81.182,73137.3,1033.814,33.775,0.094,0.094,0.044,5.275,96.966,5.532,0,0,5.545,5.548,NA,43
"5/27/2022 5:27:01 AM",9.202,29.999,50.985,81.175,73131.6,1033.811,33.772,0.086,0.086,0.044,5.277,96.894,5.528,0,0,5.541,5.544,NA,43
"5/27/2022 5:27:01 AM",9.22,29.998,50.981,81.167,73125.8,1033.808,33.768,0.086,0.086,0.029,5.275,96.922,5.53,0,0,5.543,5.546,NA,43
"5/27/2022 5:27:02 AM",9.197,29.998,50.98,81.165,73125.1,1033.807,33.768,0.086,0.086,0.058,5.272,96.727,5.519,0,0,5.531,5.535,NA,43
"5/27/2022 5:27:02 AM",9.121,29.997,50.979,81.163,73124.3,1033.807,33.768,0.086,0.086,0.058,5.273,96.745,5.52,0,0,5.532,5.536,NA,43
"5/27/2022 5:27:02 AM",8.956,29.996,50.978,81.16,73122.7,1033.805,33.767,0.086,0.086,0.058,5.269,96.774,5.522,0,0,5.534,5.538,NA,43
"5/27/2022 5:27:02 AM",8.742,29.996,50.975,81.156,73118.8,1033.802,33.765,0.078,0.078,0.044,5.271,96.854,5.527,0,0,5.539,5.543,NA,43
"5/27/2022 5:27:02 AM",8.521,29.996,50.972,81.151,73114.6,1033.799,33.762,0.078,0.078,0.044,5.273,96.718,5.519,0,0,5.531,5.535,NA,43
"5/27/2022 5:27:03 AM",8.224,29.998,50.969,81.15,73111.4,1033.795,33.76,0.078,0.078,0.058,5.273,96.681,5.517,0,0,5.529,5.533,NA,43
"5/27/2022 5:27:03 AM",8.073,29.999,50.967,81.148,73108.3,1033.792,33.758,0.094,0.094,0.058,5.273,96.643,5.515,0,0,5.527,5.53,NA,43
"5/27/2022 5:27:03 AM",7.977,29.999,50.964,81.145,73104.6,1033.789,33.756,0.101,0.101,0.044,5.271,96.528,5.509,0,0,5.521,5.524,NA,43
"5/27/2022 5:27:03 AM",7.892,29.999,50.961,81.14,73101.2,1033.787,33.754,0.094,0.094,0.029,5.273,96.646,5.515,0,0,5.528,5.531,NA,43
"5/27/2022 5:27:03 AM",7.819,29.998,50.957,81.134,73096.2,1033.784,33.751,0.086,0.086,0.073,5.27,96.627,5.514,0,0,5.526,5.53,NA,43
"5/27/2022 5:27:04 AM",7.722,29.998,50.958,81.134,73096.8,1033.784,33.751,0.086,0.086,0.073,5.265,96.496,5.507,0,0,5.519,5.522,NA,43
"5/27/2022 5:27:04 AM",7.668,29.998,50.955,81.129,73092.7,1033.781,33.749,0.07,0.07,0.073,5.264,96.616,5.514,0,0,5.526,5.529,NA,43
"5/27/2022 5:27:04 AM",7.58,29.998,50.951,81.125,73088.6,1033.778,33.746,0.086,0.086,0.044,5.264,96.67,5.517,0,0,5.529,5.533,NA,43
"5/27/2022 5:27:04 AM",7.345,29.998,50.95,81.124,73087.2,1033.777,33.745,0.078,0.078,0.073,5.267,96.515,5.508,0,0,5.52,5.523,NA,43
"5/27/2022 5:27:05 AM",7.159,29.999,50.948,81.122,73084.6,1033.774,33.744,0.086,0.086,0.058,5.265,96.537,5.509,0,0,5.522,5.525,NA,43
"5/27/2022 5:27:05 AM",6.971,29.999,50.948,81.122,73083.9,1033.773,33.743,0.086,0.086,0.029,5.262,96.511,5.508,0,0,5.52,5.524,NA,43
"5/27/2022 5:27:05 AM",6.846,30,50.941,81.113,73075.7,1033.767,33.738,0.086,0.086,0.058,5.271,96.515,5.509,0,0,5.521,5.524,NA,43
"5/27/2022 5:27:05 AM",6.773,29.999,50.937,81.106,73070,1033.764,33.735,0.094,0.094,0.029,5.275,96.404,5.502,0,0,5.514,5.518,NA,43
"5/27/2022 5:27:05 AM",6.78,29.999,50.935,81.104,73067.6,1033.762,33.733,0.101,0.101,0.087,5.279,96.528,5.509,0,0,5.522,5.525,NA,43
"5/27/2022 5:27:06 AM",6.834,30.001,50.934,81.106,73066.6,1033.761,33.732,0.07,0.07,0.044,5.278,96.478,5.507,0,0,5.519,5.522,NA,43
"5/27/2022 5:27:06 AM",6.886,30,50.929,81.096,73059.7,1033.758,33.728,0.086,0.086,0.058,5.279,96.497,5.507,0,0,5.52,5.523,NA,43
"5/27/2022 5:27:06 AM",6.921,29.999,50.928,81.093,73058.5,1033.757,33.728,0.078,0.078,0.044,5.28,96.384,5.501,0,0,5.513,5.517,NA,43
"5/27/2022 5:27:06 AM",6.964,29.998,50.929,81.094,73060.8,1033.759,33.73,0.07,0.07,0.044,5.28,96.503,5.508,0,0,5.52,5.523,NA,43
"5/27/2022 5:27:06 AM",6.985,29.998,50.927,81.09,73057.9,1033.757,33.728,0.086,0.086,0.044,5.28,96.428,5.503,0,0,5.516,5.519,NA,43
"5/27/2022 5:27:07 AM",6.961,29.998,50.93,81.095,73061.3,1033.759,33.73,0.094,0.094,0.073,5.282,96.446,5.505,0,0,5.517,5.52,NA,43
"5/27/2022 5:27:07 AM",6.893,29.998,50.926,81.09,73056.5,1033.756,33.727,0.086,0.086,0.058,5.289,96.426,5.503,0,0,5.516,5.519,NA,43
"5/27/2022 5:27:07 AM",6.69,29.998,50.924,81.087,73053.8,1033.754,33.725,0.094,0.094,0.044,5.293,96.522,5.509,0,0,5.521,5.525,NA,43
"5/27/2022 5:27:07 AM",6.525,29.999,50.922,81.084,73050.9,1033.751,33.723,0.086,0.086,0.073,5.292,96.449,5.505,0,0,5.517,5.521,NA,43
"5/27/2022 5:27:07 AM",6.388,29.998,50.91,81.068,73036.7,1033.742,33.715,0.086,0.086,0.044,5.29,96.416,5.503,0,0,5.516,5.519,NA,43
"5/27/2022 5:27:08 AM",6.262,29.998,50.901,81.055,73025.3,1033.735,33.708,0.094,0.094,0.029,5.293,96.413,5.503,0,0,5.516,5.519,NA,43
"5/27/2022 5:27:08 AM",6.115,29.998,50.894,81.046,73016.7,1033.729,33.703,0.094,0.094,0.058,5.296,96.426,5.505,0,0,5.517,5.52,NA,43
"5/27/2022 5:27:08 AM",6.066,29.997,50.889,81.036,73010,1033.725,33.699,0.094,0.094,0.058,5.297,96.353,5.5,0,0,5.513,5.516,NA,43
"5/27/2022 5:27:08 AM",6.045,29.996,50.886,81.031,73006.8,1033.723,33.697,0.094,0.094,0.044,5.296,96.422,5.504,0,0,5.517,5.52,NA,43
"5/27/2022 5:27:08 AM",6.051,29.996,50.883,81.027,73003,1033.721,33.695,0.094,0.094,0.058,5.297,96.374,5.502,0,0,5.514,5.518,NA,43
"5/27/2022 5:27:09 AM",6.077,29.995,50.882,81.025,73002.2,1033.721,33.695,0.086,0.086,0.058,5.297,96.414,5.504,0,0,5.516,5.52,NA,43
"5/27/2022 5:27:09 AM",6.108,29.995,50.881,81.023,73000.7,1033.72,33.694,0.094,0.094,0.058,5.297,96.316,5.498,0,0,5.511,5.514,NA,43
"5/27/2022 5:27:09 AM",6.132,29.995,50.88,81.022,72999.9,1033.719,33.693,0.101,0.101,0.058,5.297,96.203,5.492,0,0,5.504,5.508,NA,43
"5/27/2022 5:27:09 AM",6.165,29.995,50.879,81.02,72998.4,1033.719,33.693,0.078,0.078,0.029,5.296,96.271,5.496,0,0,5.508,5.511,NA,43
"5/27/2022 5:27:09 AM",6.151,29.993,50.859,80.99,72973.3,1033.704,33.678,0.086,0.086,0.044,5.295,96.4,5.504,0,0,5.516,5.519,NA,43
"5/27/2022 5:27:10 AM",6.059,29.985,50.867,80.989,72984.3,1033.713,33.687,0.07,0.07,0.058,5.298,96.277,5.496,0,0,5.509,5.512,NA,43
"5/27/2022 5:27:10 AM",5.946,29.981,50.87,80.988,72989,1033.716,33.691,0.07,0.07,0.058,5.297,96.28,5.497,0,0,5.509,5.512,NA,43
"5/27/2022 5:27:10 AM",5.825,29.981,50.866,80.981,72983.7,1033.713,33.688,0.078,0.078,0.058,5.295,96.315,5.498,0,0,5.511,5.514,NA,43
"5/27/2022 5:27:10 AM",5.727,29.981,50.874,80.992,72993,1033.718,33.693,0.094,0.094,0.058,5.297,96.398,5.503,0,0,5.515,5.519,NA,43
"5/27/2022 5:27:10 AM",5.632,29.987,50.87,80.996,72987.3,1033.712,33.688,0.086,0.086,0.044,5.301,96.327,5.499,0,0,5.511,5.515,NA,43
"5/27/2022 5:27:11 AM",5.614,29.989,50.849,80.97,72961.7,1033.696,33.672,0.086,0.086,0.044,5.301,96.263,5.496,0,0,5.508,5.512,NA,43
"5/27/2022 5:27:11 AM",5.614,29.988,50.841,80.957,72952,1033.69,33.666,0.086,0.086,0.044,5.3,96.243,5.495,0,0,5.507,5.511,NA,43
"5/27/2022 5:27:11 AM",5.613,29.986,50.839,80.95,72948.8,1033.689,33.665,0.094,0.094,0.044,5.299,96.411,5.505,0,0,5.517,5.52,NA,43
"5/27/2022 5:27:11 AM",5.59,29.984,50.821,80.923,72926.9,1033.676,33.652,0.07,0.07,0.058,5.3,96.272,5.497,0,0,5.51,5.513,NA,43
"5/27/2022 5:27:11 AM",5.557,29.98,50.825,80.923,72932.5,1033.68,33.657,0.086,0.086,0.058,5.301,96.287,5.498,0,0,5.51,5.514,NA,43
"5/27/2022 5:27:12 AM",5.493,29.978,50.83,80.928,72939.3,1033.685,33.661,0.094,0.094,0.073,5.289,96.304,5.499,0,0,5.511,5.514,NA,43
"5/27/2022 5:27:12 AM",5.397,29.979,50.83,80.928,72938.9,1033.684,33.661,0.086,0.086,0.044,5.281,96.323,5.5,0,0,5.512,5.516,NA,43
"5/27/2022 5:27:12 AM",5.282,29.98,50.826,80.923,72933.2,1033.68,33.658,0.094,0.094,0.058,5.275,96.426,5.506,0,0,5.518,5.522,NA,43
"5/27/2022 5:27:12 AM",5.109,29.982,50.825,80.925,72932.1,1033.678,33.656,0.078,0.078,0.044,5.272,96.256,5.496,0,0,5.508,5.512,NA,43
"5/27/2022 5:27:12 AM",4.999,29.981,50.817,80.913,72921.7,1033.671,33.65,0.086,0.086,0.044,5.27,96.219,5.494,0,0,5.507,5.51,NA,43
"5/27/2022 5:27:13 AM",4.891,29.977,50.812,80.901,72916.9,1033.669,33.648,0.078,0.078,0.015,5.271,96.204,5.493,0,0,5.506,5.509,NA,43
"5/27/2022 5:27:13 AM",4.782,29.978,50.821,80.914,72927.3,1033.675,33.655,0.078,0.078,0.058,5.27,96.233,5.495,0,0,5.507,5.511,NA,43
"5/27/2022 5:27:13 AM",4.674,29.984,50.821,80.923,72926.5,1033.672,33.652,0.086,0.086,0.044,5.268,96.248,5.496,0,0,5.508,5.511,NA,43
"5/27/2022 5:27:13 AM",4.551,29.989,50.816,80.923,72919.9,1033.666,33.647,0.094,0.094,0.058,5.265,96.268,5.497,0,0,5.509,5.513,NA,43
"5/27/2022 5:27:14 AM",4.501,29.989,50.816,80.923,72919.5,1033.666,33.647,0.094,0.094,0.073,5.267,96.31,5.499,0,0,5.512,5.515,NA,43
"5/27/2022 5:27:14 AM",4.495,29.989,50.812,80.919,72915.4,1033.663,33.644,0.094,0.094,0.044,5.268,96.267,5.497,0,0,5.509,5.513,NA,43
"5/27/2022 5:27:14 AM",4.516,29.984,50.808,80.905,72909.8,1033.661,33.642,0.094,0.094,0.044,5.268,96.328,5.501,0,0,5.513,5.517,NA,43
"5/27/2022 5:27:14 AM",4.574,29.98,50.802,80.89,72903.4,1033.659,33.64,0.086,0.086,0.029,5.269,96.265,5.497,0,0,5.51,5.513,NA,43
"5/27/2022 5:27:14 AM",4.607,29.978,50.804,80.89,72906.2,1033.661,33.642,0.086,0.086,0.044,5.27,96.382,5.504,0,0,5.516,5.52,NA,43
"5/27/2022 5:27:15 AM",4.615,29.978,50.805,80.892,72907.6,1033.662,33.643,0.078,0.078,0.058,5.272,96.177,5.492,0,0,5.504,5.508,NA,43
"5/27/2022 5:27:15 AM",4.615,29.978,50.809,80.897,72912.1,1033.665,33.645,0.094,0.094,0.058,5.272,96.177,5.492,0,0,5.504,5.508,NA,43
"5/27/2022 5:27:15 AM",4.591,29.979,50.808,80.898,72911.3,1033.664,33.645,0.07,0.07,0.044,5.276,96.299,5.499,0,0,5.511,5.515,NA,43
"5/27/2022 5:27:15 AM",4.551,29.98,50.805,80.896,72907.7,1033.661,33.642,0.094,0.094,0.029,5.278,96.166,5.491,0,0,5.503,5.507,NA,43
"5/27/2022 5:27:15 AM",4.516,29.979,50.801,80.889,72902.7,1033.658,33.639,0.101,0.101,0.044,5.276,96.147,5.49,0,0,5.502,5.506,NA,43
"5/27/2022 5:27:16 AM",4.476,29.976,50.803,80.887,72905.1,1033.661,33.642,0.094,0.094,0.058,5.277,96.113,5.488,0,0,5.501,5.504,NA,43
"5/27/2022 5:27:16 AM",4.433,29.976,50.801,80.883,72902.5,1033.659,33.64,0.086,0.086,0.044,5.275,96.226,5.495,0,0,5.507,5.511,NA,43
"5/27/2022 5:27:16 AM",4.356,29.975,50.803,80.884,72905.3,1033.661,33.642,0.086,0.086,0.058,5.275,96.181,5.492,0,0,5.504,5.508,NA,43
"5/27/2022 5:27:16 AM",4.313,29.976,50.803,80.886,72905.2,1033.66,33.642,0.086,0.086,0.058,5.272,96.177,5.492,0,0,5.504,5.508,NA,43
"5/27/2022 5:27:16 AM",4.276,29.98,50.802,80.89,72903.1,1033.658,33.639,0.078,0.078,0.058,5.272,96.283,5.498,0,0,5.51,5.514,NA,43
"5/27/2022 5:27:17 AM",4.266,29.983,50.8,80.892,72900.9,1033.655,33.637,0.078,0.078,0.073,5.274,96.305,5.499,0,0,5.512,5.515,NA,43
"5/27/2022 5:27:17 AM",4.295,29.988,50.798,80.897,72897.5,1033.652,33.634,0.07,0.07,0.029,5.274,96.159,5.491,0,0,5.503,5.507,NA,43
"5/27/2022 5:27:17 AM",4.337,29.99,50.796,80.897,72894.3,1033.65,33.631,0.078,0.078,0.029,5.274,96.115,5.488,0,0,5.501,5.504,NA,43
"5/27/2022 5:27:17 AM",4.372,29.99,50.798,80.901,72897.6,1033.652,33.633,0.094,0.094,0.044,5.275,96.127,5.489,0,0,5.501,5.505,NA,43
"5/27/2022 5:27:17 AM",4.395,29.991,50.796,80.899,72895,1033.65,33.631,0.094,0.094,0.029,5.275,96.267,5.497,0,0,5.509,5.513,NA,43
"5/27/2022 5:27:18 AM",4.414,29.99,50.799,80.901,72898.3,1033.652,33.634,0.086,0.086,0.044,5.277,96.255,5.496,0,0,5.509,5.512,NA,43
"5/27/2022 5:27:18 AM",4.398,29.99,50.793,80.894,72891.6,1033.648,33.629,0.086,0.086,0.073,5.28,96.235,5.495,0,0,5.507,5.511,NA,43
"5/27/2022 5:27:18 AM",4.355,29.99,50.794,80.894,72891.9,1033.648,33.63,0.094,0.094,0.058,5.279,96.23,5.495,0,0,5.507,5.511,NA,43
"5/27/2022 5:27:18 AM",4.302,29.989,50.791,80.889,72888.9,1033.647,33.628,0.086,0.086,0.058,5.282,96.139,5.49,0,0,5.502,5.505,NA,43
"5/27/2022 5:27:18 AM",4.252,29.988,50.792,80.889,72890.2,1033.647,33.629,0.094,0.094,0.058,5.278,96.122,5.489,0,0,5.501,5.504,NA,43
"5/27/2022 5:27:19 AM",4.196,29.987,50.791,80.886,72888.9,1033.647,33.629,0.094,0.094,0.044,5.277,96.172,5.491,0,0,5.504,5.507,NA,43
"5/27/2022 5:27:19 AM",4.108,29.985,50.791,80.883,72888.7,1033.647,33.629,0.094,0.094,0.029,5.276,96.248,5.496,0,0,5.508,5.511,NA,43
"5/27/2022 5:27:19 AM",4.042,29.985,50.79,80.882,72887.8,1033.646,33.629,0.094,0.094,0.058,5.28,96.153,5.49,0,0,5.503,5.506,NA,43
"5/27/2022 5:27:19 AM",3.983,29.984,50.788,80.878,72885.9,1033.645,33.628,0.101,0.101,0.029,5.28,96.207,5.494,0,0,5.506,5.509,NA,43
"5/27/2022 5:27:19 AM",3.918,29.983,50.787,80.875,72884.8,1033.644,33.628,0.094,0.094,0.073,5.276,96.137,5.489,0,0,5.501,5.505,NA,43
"5/27/2022 5:27:20 AM",3.811,29.981,50.781,80.863,72876.7,1033.639,33.623,0.07,0.07,0.044,5.275,96.106,5.488,0,0,5.5,5.504,NA,43
"5/27/2022 5:27:20 AM",3.745,29.98,50.777,80.856,72871.9,1033.636,33.62,0.078,0.078,0.029,5.275,96.163,5.491,0,0,5.504,5.507,NA,43
"5/27/2022 5:27:20 AM",3.668,29.982,50.762,80.839,72853.7,1033.624,33.609,0.078,0.078,0.073,5.275,96.263,5.497,0,0,5.51,5.513,NA,43
"5/27/2022 5:27:20 AM",3.59,29.984,50.766,80.847,72858.2,1033.626,33.611,0.078,0.078,0.044,5.275,96.253,5.497,0,0,5.509,5.512,NA,43
"5/27/2022 5:27:20 AM",3.515,29.986,50.765,80.848,72855.9,1033.624,33.609,0.086,0.086,0.058,5.275,96.245,5.496,0,0,5.509,5.512,NA,43
"5/27/2022 5:27:21 AM",3.489,29.986,50.762,80.844,72852.5,1033.622,33.607,0.078,0.078,0.058,5.279,96.168,5.492,0,0,5.504,5.508,NA,43
"5/27/2022 5:27:21 AM",3.493,29.986,50.762,80.844,72852.5,1033.622,33.607,0.078,0.078,0.029,5.282,96.177,5.493,0,0,5.505,5.508,NA,43
"5/27/2022 5:27:21 AM",3.51,29.985,50.761,80.841,72850.9,1033.621,33.606,0.086,0.086,0.058,5.281,96.185,5.493,0,0,5.505,5.509,NA,43
"5/27/2022 5:27:21 AM",3.536,29.986,50.758,80.838,72847.7,1033.619,33.604,0.094,0.094,0.044,5.28,96.155,5.492,0,0,5.504,5.507,NA,43
"5/27/2022 5:27:21 AM",3.564,29.985,50.757,80.836,72846.9,1033.619,33.604,0.078,0.078,0,5.28,96.05,5.486,0,0,5.498,5.501,NA,43
"5/27/2022 5:27:22 AM",3.553,29.985,50.758,80.836,72847.2,1033.619,33.604,0.086,0.086,0,5.283,96.274,5.498,0,0,5.511,5.514,NA,43
"5/27/2022 5:27:22 AM",3.531,29.985,50.758,80.836,72847.4,1033.619,33.604,0.094,0.094,0.058,5.281,96.194,5.494,0,0,5.506,5.509,NA,43
"5/27/2022 5:27:22 AM",3.496,29.984,50.755,80.831,72844.4,1033.618,33.603,0.086,0.086,0.044,5.281,96.159,5.492,0,0,5.504,5.508,NA,43
"5/27/2022 5:27:22 AM",3.465,29.984,50.753,80.829,72842,1033.616,33.601,0.094,0.094,0.044,5.284,96.08,5.487,0,0,5.499,5.503,NA,43
"5/27/2022 5:27:22 AM",3.414,29.984,50.753,80.828,72841.3,1033.615,33.601,0.086,0.086,0.015,5.285,96.197,5.494,0,0,5.506,5.509,NA,43
"5/27/2022 5:27:23 AM",3.39,29.984,50.751,80.825,72839.2,1033.614,33.6,0.078,0.078,0.015,5.284,96.251,5.497,0,0,5.509,5.513,NA,43
"5/27/2022 5:27:23 AM",3.368,29.983,50.75,80.824,72838.3,1033.614,33.599,0.078,0.078,0,5.282,96.171,5.492,0,0,5.505,5.508,NA,43
"5/27/2022 5:27:23 AM",3.345,29.983,50.75,80.822,72837.6,1033.613,33.599,0.094,0.094,0.015,5.281,96.101,5.488,0,0,5.501,5.504,NA,43
"5/27/2022 5:27:23 AM",3.298,29.982,50.749,80.819,72836.9,1033.613,33.599,0.094,0.094,0.044,5.278,96.278,5.498,0,0,5.51,5.514,NA,43
"5/27/2022 5:27:24 AM",3.258,29.982,50.748,80.818,72835.4,1033.612,33.598,0.101,0.101,0.058,5.278,96.172,5.492,0,0,5.505,5.508,NA,43
"5/27/2022 5:27:24 AM",3.239,29.981,50.748,80.817,72835.3,1033.612,33.598,0.086,0.086,0.029,5.279,96.18,5.493,0,0,5.505,5.509,NA,43
"5/27/2022 5:27:24 AM",3.242,29.982,50.747,80.817,72834.5,1033.611,33.597,0.086,0.086,0.029,5.281,96.21,5.495,0,0,5.507,5.511,NA,43
"5/27/2022 5:27:24 AM",3.23,29.983,50.746,80.817,72833,1033.61,33.596,0.086,0.086,0.073,5.282,96.127,5.49,0,0,5.502,5.506,NA,43
"5/27/2022 5:27:24 AM",3.216,29.983,50.746,80.817,72833.3,1033.61,33.596,0.094,0.094,0.044,5.278,96.199,5.494,0,0,5.506,5.51,NA,43
"5/27/2022 5:27:25 AM",3.18,29.983,50.743,80.814,72829.3,1033.607,33.594,0.109,0.109,0.029,5.279,96.143,5.491,0,0,5.503,5.507,NA,43
"5/27/2022 5:27:25 AM",3.119,29.983,50.743,80.813,72829.2,1033.607,33.594,0.094,0.094,0.044,5.278,96.228,5.496,0,0,5.508,5.511,NA,43
"5/27/2022 5:27:25 AM",3.062,29.983,50.74,80.808,72825.2,1033.605,33.592,0.094,0.094,0.044,5.281,96.14,5.491,0,0,5.503,5.506,NA,43
"5/27/2022 5:27:25 AM",2.98,29.982,50.738,80.805,72823.4,1033.603,33.591,0.078,0.078,0.044,5.283,96.244,5.497,0,0,5.509,5.512,NA,43
"5/27/2022 5:27:25 AM",2.924,29.981,50.739,80.804,72823.7,1033.604,33.591,0.094,0.094,0.073,5.285,96.291,5.499,0,0,5.512,5.515,NA,43
"5/27/2022 5:27:26 AM",2.867,29.982,50.736,80.801,72820.1,1033.601,33.589,0.086,0.086,0.073,5.285,96.243,5.497,0,0,5.509,5.512,NA,43
"5/27/2022 5:27:26 AM",2.811,29.981,50.735,80.8,72819.8,1033.601,33.589,0.078,0.078,0.044,5.285,96.183,5.493,0,0,5.506,5.509,NA,43
"5/27/2022 5:27:26 AM",2.738,29.98,50.735,80.797,72818.7,1033.6,33.588,0.078,0.078,0.058,5.288,96.25,5.497,0,0,5.509,5.513,NA,43
"5/27/2022 5:27:26 AM",2.65,29.98,50.734,80.795,72817.7,1033.599,33.588,0.07,0.07,0.073,5.287,96.158,5.492,0,0,5.504,5.508,NA,43
"5/27/2022 5:27:26 AM",2.601,29.98,50.73,80.791,72813.2,1033.596,33.585,0.094,0.094,0.044,5.286,96.226,5.496,0,0,5.508,5.512,NA,43
"5/27/2022 5:27:27 AM",2.539,29.98,50.728,80.788,72810.8,1033.594,33.584,0.109,0.109,0.015,5.286,96.217,5.495,0,0,5.508,5.511,NA,43
"5/27/2022 5:27:27 AM",2.49,29.981,50.731,80.792,72813.6,1033.596,33.585,0.094,0.094,0.044,5.286,96.113,5.489,0,0,5.502,5.505,NA,43
"5/27/2022 5:27:27 AM",2.44,29.981,50.727,80.788,72809.5,1033.593,33.583,0.07,0.07,0.015,5.285,96.038,5.485,0,0,5.498,5.501,NA,43
"5/27/2022 5:27:27 AM",2.436,29.982,50.725,80.787,72807.1,1033.591,33.581,0.078,0.078,0.044,5.286,96.068,5.487,0,0,5.499,5.503,NA,43
"5/27/2022 5:27:27 AM",2.462,29.982,50.725,80.785,72806,1033.591,33.58,0.078,0.078,0.015,5.286,96.118,5.49,0,0,5.502,5.506,NA,43
"5/27/2022 5:27:28 AM",2.525,29.983,50.725,80.788,72806.8,1033.591,33.581,0.078,0.078,0.044,5.284,96.097,5.489,0,0,5.501,5.504,NA,43
"5/27/2022 5:27:28 AM",2.606,29.982,50.724,80.785,72805.5,1033.591,33.58,0.07,0.07,0.029,5.282,96.113,5.49,0,0,5.502,5.505,NA,43
"5/27/2022 5:27:28 AM",2.617,29.982,50.728,80.79,72810,1033.594,33.583,0.078,0.078,0.029,5.282,96.257,5.497,0,0,5.51,5.513,NA,43
"5/27/2022 5:27:28 AM",2.605,29.983,50.726,80.789,72807.9,1033.592,33.581,0.086,0.086,0.029,5.282,96.19,5.494,0,0,5.506,5.51,NA,43
"5/27/2022 5:27:28 AM",2.584,29.983,50.724,80.787,72805.8,1033.591,33.58,0.094,0.094,0.029,5.285,96.076,5.487,0,0,5.5,5.503,NA,43
"5/27/2022 5:27:29 AM",2.539,29.983,50.723,80.784,72803.7,1033.589,33.579,0.086,0.086,0.073,5.289,96.11,5.489,0,0,5.502,5.505,NA,43
"5/27/2022 5:27:29 AM",2.441,29.983,50.721,80.782,72801.9,1033.588,33.578,0.094,0.094,0.058,5.288,96.24,5.497,0,0,5.509,5.513,NA,43
"5/27/2022 5:27:29 AM",2.356,29.981,50.722,80.78,72802.3,1033.588,33.578,0.086,0.086,0.073,5.292,96.188,5.494,0,0,5.506,5.51,NA,43
"5/27/2022 5:27:29 AM",2.276,29.98,50.72,80.778,72800.9,1033.587,33.578,0.078,0.078,0.029,5.293,96.169,5.493,0,0,5.505,5.508,NA,43
"5/27/2022 5:27:29 AM",2.194,29.979,50.717,80.772,72797.3,1033.585,33.576,0.094,0.094,0.044,5.293,96.12,5.49,0,0,5.503,5.506,NA,43
"5/27/2022 5:27:30 AM",2.061,29.979,50.708,80.758,72785.4,1033.577,33.569,0.086,0.086,0.029,5.295,96.163,5.493,0,0,5.505,5.509,NA,43
"5/27/2022 5:27:30 AM",1.986,29.978,50.708,80.758,72785.8,1033.578,33.569,0.086,0.086,0.058,5.295,96.126,5.491,0,0,5.503,5.507,NA,43
"5/27/2022 5:27:30 AM",1.89,29.979,50.706,80.755,72782.5,1033.575,33.567,0.094,0.094,0.058,5.289,96.143,5.492,0,0,5.504,5.508,NA,43
"5/27/2022 5:27:30 AM",1.823,29.979,50.705,80.754,72781.5,1033.574,33.566,0.094,0.094,0.058,5.288,96.134,5.491,0,0,5.504,5.507,NA,43
"5/27/2022 5:27:30 AM",1.77,29.979,50.703,80.752,72779.3,1033.572,33.565,0.094,0.094,0.044,5.286,96.211,5.496,0,0,5.508,5.511,NA,43
"5/27/2022 5:27:31 AM",1.737,29.979,50.702,80.749,72777.4,1033.571,33.564,0.086,0.086,0.044,5.287,96.23,5.497,0,0,5.509,5.513,NA,43
"5/27/2022 5:27:31 AM",1.734,29.979,50.701,80.749,72776.9,1033.571,33.564,0.086,0.086,0.015,5.283,96.23,5.497,0,0,5.509,5.513,NA,43
"5/27/2022 5:27:31 AM",1.717,29.979,50.7,80.747,72775.3,1033.57,33.563,0.078,0.078,0,5.279,96.3,5.501,0,0,5.513,5.517,NA,43
"5/27/2022 5:27:31 AM",1.685,29.979,50.7,80.747,72775.2,1033.57,33.563,0.078,0.078,0.015,5.283,96.151,5.492,0,0,5.505,5.508,NA,43
"5/27/2022 5:27:31 AM",1.591,29.979,50.7,80.746,72774.9,1033.569,33.562,0.078,0.078,0.073,5.287,96.054,5.487,0,0,5.499,5.503,NA,43
"5/27/2022 5:27:32 AM",1.515,29.978,50.699,80.744,72774.3,1033.569,33.562,0.086,0.086,0.058,5.287,96.085,5.489,0,0,5.501,5.505,NA,43
"5/27/2022 5:27:32 AM",1.461,29.978,50.697,80.741,72771.6,1033.567,33.561,0.086,0.086,0.058,5.294,96.192,5.495,0,0,5.507,5.511,NA,43
"5/27/2022 5:27:32 AM",1.393,29.978,50.696,80.74,72770.1,1033.566,33.56,0.078,0.078,0.044,5.298,96.205,5.496,0,0,5.508,5.512,NA,43
"5/27/2022 5:27:32 AM",1.336,29.978,50.693,80.735,72766.2,1033.563,33.558,0.094,0.094,0.073,5.296,96.156,5.493,0,0,5.505,5.509,NA,43
"5/27/2022 5:27:33 AM",1.291,29.978,50.69,80.732,72763.4,1033.561,33.556,0.086,0.086,0.044,5.295,96.218,5.496,0,0,5.509,5.512,NA,43
"5/27/2022 5:27:33 AM",1.266,29.979,50.689,80.731,72761.1,1033.56,33.554,0.094,0.094,0.015,5.293,96.218,5.496,0,0,5.509,5.512,NA,43
"5/27/2022 5:27:33 AM",1.242,29.979,50.689,80.731,72761.9,1033.56,33.555,0.086,0.086,0.044,5.296,96.178,5.494,0,0,5.507,5.51,NA,43
"5/27/2022 5:27:33 AM",1.211,29.978,50.688,80.728,72760.3,1033.559,33.554,0.094,0.094,0.044,5.296,96.326,5.503,0,0,5.515,5.519,NA,43
"5/27/2022 5:27:33 AM",1.187,29.977,50.687,80.726,72759.2,1033.559,33.554,0.086,0.086,0.058,5.294,96.282,5.5,0,0,5.513,5.516,NA,43
"5/27/2022 5:27:34 AM",1.193,29.974,50.688,80.722,72760.8,1033.561,33.555,0.094,0.094,0.044,5.292,96.236,5.498,0,0,5.51,5.513,NA,43
"5/27/2022 5:27:34 AM",1.193,29.971,50.688,80.719,72761.8,1033.562,33.557,0.086,0.086,0.029,5.295,96.176,5.494,0,0,5.507,5.51,NA,43
"5/27/2022 5:27:34 AM",1.204,29.967,50.688,80.713,72761.6,1033.563,33.558,0.101,0.101,0.044,5.289,96.185,5.495,0,0,5.507,5.511,NA,43
"5/27/2022 5:27:34 AM",1.164,29.967,50.695,80.721,72769.9,1033.568,33.563,0.094,0.094,0.058,5.287,96.227,5.497,0,0,5.509,5.513,NA,43
"5/27/2022 5:27:34 AM",1.094,29.972,50.688,80.72,72761.4,1033.561,33.556,0.078,0.078,0.058,5.289,96.268,5.499,0,0,5.512,5.515,NA,43
"5/27/2022 5:27:35 AM",0.976,29.974,50.681,80.713,72751.6,1033.554,33.55,0.086,0.086,0.073,5.286,96.188,5.495,0,0,5.507,5.511,NA,43
"5/27/2022 5:27:35 AM",0.818,29.973,50.684,80.716,72755.7,1033.556,33.553,0.078,0.078,0.058,5.287,96.238,5.498,0,0,5.51,5.514,NA,43
"5/27/2022 5:27:35 AM",0.59,29.968,50.682,80.705,72753.4,1033.555,33.553,0.125,0.125,0.087,5.287,96.19,5.495,0,0,5.508,5.511,NA,43
"5/27/2022 5:27:35 AM",0.401,29.965,50.675,80.692,72745.8,1033.551,33.549,0.086,0.086,0.044,5.287,96.15,5.493,0,0,5.506,5.509,NA,43
"5/27/2022 5:27:35 AM",0.22,29.963,50.672,80.685,72742.2,1033.548,33.547,0.117,0.117,0.087,5.282,96.171,5.494,0,0,5.507,5.51,NA,43
"5/27/2022 5:27:36 AM",0.199,29.959,50.672,80.678,72742,1033.549,33.548,0.101,0.101,0.073,5.279,96.177,5.495,0,0,5.507,5.511,NA,43
"5/27/2022 5:27:36 AM",0.248,29.958,50.678,80.684,72749.3,1033.554,33.553,0.101,0.101,0.116,5.28,96.224,5.498,0,0,5.51,5.514,NA,43
"5/27/2022 5:27:36 AM",0.33,29.956,50.674,80.676,72744.6,1033.552,33.551,0.086,0.086,0.073,5.281,96.152,5.494,0,0,5.506,5.509,NA,43
"5/27/2022 5:27:36 AM",0.404,29.953,50.677,80.677,72749,1033.556,33.554,0.086,0.086,0.073,5.283,96.162,5.494,0,0,5.507,5.51,NA,43
"5/27/2022 5:27:36 AM",0.51,29.952,50.683,80.684,72757.3,1033.562,33.56,0.086,0.086,0.058,5.283,96.215,5.497,0,0,5.509,5.513,NA,43
"5/27/2022 5:27:37 AM",0.585,29.956,50.68,80.685,72752.5,1033.558,33.556,0.094,0.094,0.073,5.279,96.191,5.495,0,0,5.508,5.511,NA,43
"5/27/2022 5:27:37 AM",0.587,29.957,50.68,80.687,72752.5,1033.558,33.555,0.078,0.078,0.029,5.281,96.261,5.499,0,0,5.512,5.515,NA,43
"5/27/2022 5:27:37 AM",0.594,29.957,50.678,80.684,72750.3,1033.556,33.554,0.094,0.094,0.044,5.3,96.191,5.495,0,0,5.508,5.511,NA,43
"5/27/2022 5:27:37 AM",0.596,29.956,50.681,80.686,72753.4,1033.559,33.556,0.094,0.094,0.102,5.306,96.281,5.501,0,0,5.513,5.516,NA,43
"5/27/2022 5:27:37 AM",0.519,29.956,50.681,80.686,72753.9,1033.559,33.557,0.094,0.094,0.087,5.307,96.213,5.497,0,0,5.509,5.513,NA,43
"5/27/2022 5:27:38 AM",0.431,29.956,50.679,80.685,72751.8,1033.557,33.555,0.078,0.078,0.058,5.307,96.145,5.493,0,0,5.505,5.509,NA,43
"5/27/2022 5:27:38 AM",0.385,29.957,50.681,80.688,72754.1,1033.558,33.556,0.078,0.078,0.044,5.307,96.245,5.499,0,0,5.511,5.514,NA,43
"5/27/2022 5:27:38 AM",0.309,29.959,50.666,80.669,72734.5,1033.545,33.544,0.086,0.086,0.015,5.305,96.311,5.503,0,0,5.515,5.519,NA,43
"5/27/2022 5:27:38 AM",0.227,29.958,50.673,80.677,72743.4,1033.551,33.55,0.07,0.07,0.058,5.304,96.196,5.496,0,0,5.509,5.512,NA,43
"5/27/2022 5:27:38 AM",0.053,29.956,50.672,80.673,72742.2,1033.55,33.55,0.094,0.094,0.073,5.302,96.245,5.499,0,0,5.511,5.515,NA,43
"5/27/2022 5:27:39 AM",0,29.954,50.67,80.668,72740,1033.548,33.549,0.101,0.101,0.058,5.305,96.304,5.503,0,0,5.515,5.519,NA,43
"5/27/2022 5:27:39 AM",0,29.951,50.668,80.662,72738,1033.547,33.548,0.101,0.101,0.029,5.304,96.191,5.496,0,0,5.509,5.512,NA,43
"5/27/2022 5:27:39 AM",0,29.949,38.171,62.953,56771.7,1024.123,24.124,0.109,0.109,0.146,5.302,96.269,5.892,0,0,5.908,5.909,NA,43
"5/27/2022 5:27:39 AM",0,29.899,1.816,3.817,3445.5,997.037,0,55.058,55.058,63.521,5.305,96.193,7.19,0,0,7.211,7.211,NA,43
"5/27/2022 5:27:39 AM",0,29.891,1.062,2.294,2071.1,996.476,0,470.736,470.736,476.844,5.304,96.369,7.233,0,0,7.254,7.254,NA,43
"5/27/2022 5:27:40 AM",0,29.851,0.9,1.959,1770.2,996.368,0,506.05,506.05,776.999,5.304,96.383,7.24,0,0,7.261,7.261,NA,43
"5/27/2022 5:27:40 AM",0,29.786,0.797,1.741,1575.4,996.31,0,496.354,496.354,698.129,5.306,96.316,7.24,0,0,7.261,7.261,NA,43
"5/27/2022 5:27:40 AM",0,29.656,0.717,1.571,1425.1,996.289,0,403.969,403.969,249.026,5.306,96.331,7.244,0,0,7.265,7.265,NA,43
"5/27/2022 5:27:40 AM",0,29.378,0.632,1.385,1262.9,996.309,0,234.49,234.49,111.648,5.309,96.295,7.244,0,0,7.265,7.265,NA,43
"5/27/2022 5:27:40 AM",0,29.264,0.588,1.289,1178.2,996.309,0,412.87,412.87,323.169,5.311,96.316,7.248,0,0,7.269,7.269,NA,43
"5/27/2022 5:27:41 AM",0,29.212,0.551,1.21,1107.4,996.297,0,132.527,132.527,87.368,5.312,96.25,7.244,0,0,7.265,7.265,NA,43
"5/27/2022 5:27:41 AM",0,29.184,0.523,1.15,1052.8,996.284,0,506.05,506.05,177.176,5.313,96.299,7.248,0,0,7.269,7.269,NA,43
"5/27/2022 5:27:41 AM",0,29.142,0.498,1.096,1004.7,996.278,0,209.622,209.622,72.158,5.31,96.31,7.25,0,0,7.271,7.271,NA,43
"5/27/2022 5:27:41 AM",0,29.079,0.473,1.04,954.7,996.277,0,131.599,131.599,50.386,5.31,96.255,7.247,0,0,7.268,7.268,NA,43
"5/27/2022 5:27:42 AM",0,29.023,0.468,1.03,945.8,996.29,0,106.956,106.956,74.53,5.31,96.253,7.247,0,0,7.268,7.268,NA,43
"5/27/2022 5:27:42 AM",0,28.933,0.435,0.958,881.7,996.292,0,503.632,503.632,227.144,5.311,96.259,7.249,0,0,7.27,7.27,NA,43
"5/27/2022 5:27:42 AM",0,28.791,0.421,0.925,854,996.323,0,193.856,193.856,66.675,5.315,96.296,7.253,0,0,7.274,7.274,NA,43
"5/27/2022 5:27:42 AM",0,28.612,0.403,0.884,819,996.362,0,55.83,55.83,12.645,5.317,96.269,7.251,0,0,7.271,7.272,NA,43
"5/27/2022 5:27:42 AM",0,28.529,0.401,0.879,815.4,996.385,0,43.06,43.06,6.716,5.315,96.269,7.251,0,0,7.272,7.272,NA,43
"5/27/2022 5:27:43 AM",0,28.46,0.39,0.854,793.5,996.396,0,195.549,195.549,79.766,5.318,96.299,7.254,0,0,7.275,7.275,NA,43
"5/27/2022 5:27:43 AM",0,28.437,0.37,0.81,752.7,996.387,0,65.183,65.183,38.984,5.321,96.244,7.25,0,0,7.271,7.271,NA,43
"5/27/2022 5:27:43 AM",0,28.417,0.37,0.811,754.4,996.393,0,72.461,72.461,128.312,5.322,96.22,7.249,0,0,7.269,7.27,NA,43
"5/27/2022 5:27:43 AM",0,28.404,0.358,0.784,729.5,996.388,0,227.025,227.025,140.607,5.324,96.163,7.245,0,0,7.266,7.266,NA,43
"5/27/2022 5:27:43 AM",0,28.366,0.341,0.748,696.7,996.386,0,64.2,64.2,36.838,5.324,96.237,7.25,0,0,7.271,7.271,NA,43
"5/27/2022 5:27:44 AM",0,28.317,0.353,0.772,719.2,996.409,0,32.716,32.716,13.351,5.327,96.31,7.256,0,0,7.277,7.277,NA,43
"5/27/2022 5:27:44 AM",0,28.279,0.363,0.793,739.6,996.428,0,32.896,32.896,42.412,5.328,96.22,7.249,0,0,7.27,7.27,NA,43
"5/27/2022 5:27:44 AM",0,28.225,0.335,0.733,684.1,996.422,0,9.579,9.579,10.367,5.326,96.225,7.25,0,0,7.271,7.271,NA,43
"5/27/2022 5:27:44 AM",0,28.182,0.325,0.711,664.5,996.427,0,5.094,5.094,4.098,5.33,96.176,7.247,0,0,7.268,7.268,NA,43
"5/27/2022 5:27:44 AM",0,28.121,0.321,0.702,657.3,996.442,0,24.549,24.549,24.617,5.332,96.27,7.254,0,0,7.275,7.275,NA,43
"5/27/2022 5:27:45 AM",0,28.099,0.337,0.736,688.8,996.46,0,19.104,19.104,10.455,5.331,96.254,7.252,0,0,7.273,7.273,NA,43
"5/27/2022 5:27:45 AM",0,28.103,0.322,0.703,658.1,996.447,0,5.203,5.203,3.047,5.33,96.256,7.253,0,0,7.273,7.274,NA,43
"5/27/2022 5:27:45 AM",0,28.125,0.375,0.817,764.6,996.481,0,0.764,0.764,0.087,5.333,96.161,7.244,0,0,7.265,7.265,NA,43
"5/27/2022 5:27:45 AM",0,28.119,0.757,1.605,1502.1,996.769,0,0.46,0.46,0.364,5.335,96.098,7.224,0,0,7.245,7.245,NA,43
"5/27/2022 5:27:45 AM",0,28.114,0.865,1.824,1707.1,996.852,0,0.273,0.273,0.248,5.337,96.192,7.227,0,0,7.247,7.247,NA,43
"5/27/2022 5:27:46 AM",0,28.093,0.799,1.691,1582.8,996.808,0,0,0,0,5.336,96.235,7.232,0,0,7.253,7.253,NA,43
"5/27/2022 5:27:46 AM",0,27.966,0.731,1.549,1454.3,996.794,0,0,0,0,5.335,96.214,7.233,0,0,7.254,7.254,NA,43
"5/27/2022 5:27:46 AM",0,27.793,0.521,1.116,1051.2,996.685,0,0.008,0.008,0,5.341,96.105,7.234,0,0,7.255,7.255,NA,43
"5/27/2022 5:27:46 AM",0,27.67,0.461,0.987,932.6,996.674,0,0.226,0.226,0.175,5.34,96.088,7.235,0,0,7.256,7.256,NA,43
"5/27/2022 5:27:46 AM",0,27.586,0.414,0.889,840.8,996.663,0,0.125,0.125,0.044,5.335,96.192,7.244,0,0,7.265,7.265,NA,43
"5/27/2022 5:27:47 AM",0,27.499,0.387,0.831,787.6,996.667,0,0.164,0.164,0.102,5.332,96.16,7.243,0,0,7.264,7.264,NA,43
"5/27/2022 5:27:47 AM",0,27.412,0.37,0.795,755.3,996.679,0,0.023,0.023,0,5.328,96.252,7.251,0,0,7.272,7.272,NA,43
"5/27/2022 5:27:47 AM",0,27.381,0.713,1.494,1419.8,996.945,0,0.265,0.265,0.437,5.332,96.158,7.23,0,0,7.251,7.251,NA,43
"5/27/2022 5:27:47 AM",0,27.379,0.909,1.884,1790.5,997.093,0,0.055,0.055,0,5.332,96.101,7.218,0,0,7.239,7.239,NA,43
"5/27/2022 5:27:47 AM",0,27.376,0.607,1.28,1216.8,996.867,0,0.101,0.101,0.087,5.329,96.18,7.236,0,0,7.257,7.257,NA,43
"5/27/2022 5:27:48 AM",0,27.383,0.458,0.976,927.6,996.753,0,0.179,0.179,0.335,5.329,96.137,7.239,0,0,7.26,7.26,NA,43
"5/27/2022 5:27:48 AM",0,27.364,0.414,0.885,840.9,996.725,0,3.315,3.315,293.732,5.328,96.155,7.242,0,0,7.263,7.263,NA,43
"5/27/2022 5:27:48 AM",0,27.357,0.405,0.866,823.4,996.72,0,2.933,2.933,299.463,5.329,96.024,7.233,0,0,7.254,7.254,NA,43
"5/27/2022 5:27:48 AM",0,27.333,0.358,0.768,730.4,996.691,0,1.35,1.35,203.881,5.329,95.968,7.231,0,0,7.252,7.252,NA,43
"5/27/2022 5:27:48 AM",0,27.284,0.388,0.831,790.9,996.728,0,0.858,0.858,117.225,5.328,95.905,7.225,0,0,7.246,7.246,NA,43
"5/27/2022 5:27:49 AM",0,27.298,0.896,1.857,1767.4,997.106,0,0.858,0.858,92.541,5.334,95.761,7.195,0,0,7.215,7.215,NA,43
"5/27/2022 5:27:49 AM",0,27.32,0.966,1.996,1899.2,997.153,0,0.413,0.413,30.139,5.332,95.034,7.14,0,0,7.16,7.16,NA,43
"5/27/2022 5:27:49 AM",0,27.344,0.985,2.034,1934.3,997.16,0,0.554,0.554,8.987,5.329,94.55,7.106,0,0,7.127,7.127,NA,43
"5/27/2022 5:27:49 AM",0,27.362,0.97,2.005,1906.3,997.144,0,0.499,0.499,3.455,5.329,94.221,7.085,0,0,7.106,7.106,NA,43
"5/27/2022 5:27:49 AM",0,27.367,0.717,1.503,1428.4,996.952,0,0.187,0.187,0.976,5.329,94.041,7.09,0,0,7.11,7.11,NA,43
"5/27/2022 5:27:50 AM",0,27.464,0.627,1.323,1254.7,996.857,0,0.203,0.203,0.801,5.33,94.153,7.106,0,0,7.127,7.127,NA,43
"5/27/2022 5:27:50 AM",0,27.568,0.539,1.147,1085.6,996.762,0,0.382,0.382,1.122,5.331,94.056,7.107,0,0,7.127,7.127,NA,43
"5/27/2022 5:27:50 AM",0,27.68,0.468,1.003,947.2,996.677,0,0.429,0.429,1.253,5.334,94.108,7.116,0,0,7.137,7.137,NA,43
"5/27/2022 5:27:50 AM",0,27.753,0.446,0.959,903.9,996.64,0,0.187,0.187,0.655,5.336,93.949,7.107,0,0,7.128,7.128,NA,43
"5/27/2022 5:27:50 AM",0,27.764,0.408,0.88,829.1,996.608,0,0,0,0.218,5.334,93.718,7.096,0,0,7.117,7.117,NA,43
"5/27/2022 5:27:51 AM",0,27.697,0.378,0.816,770,996.604,0,0.109,0.109,0.495,5.337,93.809,7.106,0.085,0,7.127,7.127,NA,43
"5/27/2022 5:27:51 AM",0,27.688,0.368,0.794,750,996.599,0,0.07,0.07,0.364,5.339,93.997,7.124,0.17,0,7.145,7.145,NA,43
"5/27/2022 5:27:51 AM",0,27.745,0.398,0.858,808.8,996.606,0,0.023,0.023,0.422,5.339,93.874,7.115,0.17,0,7.136,7.136,NA,43
"5/27/2022 5:27:51 AM",0,27.677,0.361,0.78,736.6,996.598,0,0.359,0.359,6.262,5.34,93.766,7.112,0.34,0,7.133,7.133,NA,43
"5/27/2022 5:27:52 AM",0,27.734,0.339,0.735,693.7,996.565,0,0.406,0.406,8.533,5.34,94.007,7.133,0.255,0,7.153,7.153,NA,43
"5/27/2022 5:27:52 AM",0,27.79,0.324,0.703,662.6,996.538,0,0.484,0.484,7.551,5.34,94.529,7.174,0.17,0,7.194,7.194,NA,43
"5/27/2022 5:27:52 AM",0,28.007,0.32,0.699,655.4,996.474,0,20.524,20.524,12.821,5.341,95.547,7.241,0.17,0,7.262,7.262,NA,43
"5/27/2022 5:27:52 AM",0,29.325,0.95,2.041,1863.8,996.562,0,6.521,6.521,8.899,5.344,95.556,7.206,0.255,0,7.227,7.227,NA,43
"5/27/2022 5:27:52 AM",0,29.858,1.021,2.21,1996.6,996.456,0,2.364,2.364,8.034,5.341,94.907,7.142,0.34,0,7.163,7.163,NA,43
"5/27/2022 5:27:53 AM",0,29.93,0.947,2.059,1857.2,996.378,0,1.888,1.888,7.932,5.343,94.517,7.111,0.34,0,7.131,7.131,NA,43
"5/27/2022 5:27:53 AM",0,29.954,0.902,1.968,1774.2,996.338,0,1.755,1.755,7.946,5.343,94.358,7.097,0.425,0,7.117,7.117,NA,43
"5/27/2022 5:27:53 AM",0,29.952,0.958,2.084,1879,996.381,0,1.716,1.716,7.946,5.342,94.281,7.087,0.51,0,7.107,7.107,NA,43
"5/27/2022 5:27:53 AM",0,29.957,0.973,2.113,1905.6,996.39,0,1.701,1.701,8.181,5.343,94.176,7.076,0.51,0,7.096,7.096,NA,43
"5/27/2022 5:27:53 AM",0,29.962,0.951,2.068,1864.8,996.372,0,1.693,1.693,7.99,5.346,94.049,7.065,0.51,0,7.086,7.086,NA,43
"5/27/2022 5:27:54 AM",0,29.967,0.923,2.01,1812.1,996.349,0,1.724,1.724,7.858,5.346,93.944,7.057,0.595,0,7.078,7.078,NA,43
"5/27/2022 5:27:54 AM",0,29.967,0.909,1.981,1786,996.339,0,1.724,1.724,7.682,5.347,93.84,7.049,0.595,0,7.07,7.07,NA,43
"5/27/2022 5:27:54 AM",0,29.961,0.865,1.89,1704,996.308,0,1.724,1.724,7.477,5.35,93.824,7.049,0.595,0,7.069,7.07,NA,43
"5/27/2022 5:27:54 AM",0,29.95,0.877,1.914,1725.7,996.32,0,1.74,1.74,7.302,5.35,93.88,7.052,0.595,0,7.072,7.072,NA,43
"5/27/2022 5:27:54 AM",0,29.953,0.81,1.775,1600.5,996.269,0,1.747,1.747,7.346,5.35,93.727,7.042,0.595,0,7.062,7.062,NA,43
"5/27/2022 5:27:55 AM",0,29.955,0.818,1.792,1616,996.275,0,1.74,1.74,7.331,5.349,93.619,7.034,0.51,0,7.054,7.054,NA,43
"5/27/2022 5:27:55 AM",0,29.97,0.804,1.762,1588.5,996.259,0,1.747,1.747,7.36,5.352,93.662,7.038,0.51,0,7.058,7.058,NA,43
"5/27/2022 5:27:55 AM",0,29.979,0.801,1.757,1583.2,996.254,0,1.732,1.732,7.521,5.353,93.559,7.03,0.51,0,7.05,7.05,NA,43
"5/27/2022 5:27:55 AM",0,29.97,0.808,1.771,1596.6,996.263,0,1.716,1.716,7.785,5.351,93.497,7.024,0.425,0,7.045,7.045,NA,43
"5/27/2022 5:27:55 AM",0,29.97,0.794,1.742,1570.7,996.252,0,1.693,1.693,7.8,5.351,93.467,7.023,0.425,0,7.043,7.043,NA,43
"5/27/2022 5:27:56 AM",0,29.958,0.778,1.709,1540.7,996.244,0,1.701,1.701,7.785,5.352,93.573,7.031,0.34,0,7.052,7.052,NA,43
"5/27/2022 5:27:56 AM",0,29.953,0.786,1.724,1554.1,996.251,0,1.708,1.708,7.785,5.349,93.434,7.021,0.34,0,7.041,7.041,NA,43
"5/27/2022 5:27:56 AM",0,29.947,0.753,1.654,1491.6,996.228,0,1.693,1.693,7.8,5.349,93.411,7.021,0.425,0,7.041,7.041,NA,43
"5/27/2022 5:27:56 AM",0,29.948,0.779,1.71,1542,996.248,0,1.701,1.701,7.844,5.351,93.357,7.015,0.425,0,7.036,7.036,NA,43
"5/27/2022 5:27:56 AM",0,29.944,0.767,1.685,1519.6,996.24,0,1.701,1.701,7.844,5.355,93.357,7.016,0.425,0,7.036,7.036,NA,43
"5/27/2022 5:27:57 AM",0,29.945,0.764,1.677,1512.5,996.237,0,1.693,1.693,7.829,5.353,93.355,7.016,0.425,0,7.037,7.037,NA,43
"5/27/2022 5:27:57 AM",0,29.945,0.767,1.684,1519,996.239,0,1.701,1.701,7.829,5.358,93.361,7.016,0.51,0,7.037,7.037,NA,43
"5/27/2022 5:27:57 AM",0,29.952,0.762,1.673,1509.1,996.233,0,1.693,1.693,7.785,5.353,93.348,7.016,0.51,0,7.036,7.036,NA,43
"5/27/2022 5:27:57 AM",0,29.963,0.758,1.665,1501.1,996.227,0,1.693,1.693,7.8,5.353,93.392,7.019,0.51,0,7.039,7.039,NA,43
"5/27/2022 5:27:57 AM",0,29.978,0.757,1.664,1499.3,996.222,0,1.708,1.708,7.814,5.353,93.355,7.017,0.51,0,7.037,7.037,NA,43
"5/27/2022 5:27:58 AM",0,29.985,0.751,1.653,1489.5,996.216,0,1.685,1.685,7.8,5.354,93.361,7.017,0.595,0,7.037,7.037,NA,43
"5/27/2022 5:27:58 AM",0,29.984,0.745,1.64,1477.5,996.211,0,1.701,1.701,7.873,5.353,93.324,7.015,0.595,0,7.035,7.035,NA,43
"5/27/2022 5:27:58 AM",0,29.988,0.747,1.643,1480.3,996.211,0,1.701,1.701,7.917,5.354,93.336,7.016,0.595,0,7.036,7.036,NA,43
"5/27/2022 5:27:58 AM",0,29.991,0.751,1.653,1489.4,996.214,0,1.701,1.701,7.888,5.355,93.356,7.017,0.595,0,7.037,7.037,NA,43
"5/27/2022 5:27:58 AM",0,29.988,0.743,1.634,1472.7,996.208,0,1.708,1.708,7.858,5.357,93.292,7.013,0.595,0,7.033,7.033,NA,43
"5/27/2022 5:27:59 AM",0,29.987,0.753,1.657,1492.8,996.216,0,1.716,1.716,7.829,5.36,93.431,7.023,0.595,0,7.043,7.043,NA,43
"5/27/2022 5:27:59 AM",0,29.987,0.75,1.649,1485.7,996.214,0,1.701,1.701,7.844,5.355,93.404,7.021,0.68,0,7.041,7.041,NA,43
"5/27/2022 5:27:59 AM",0,29.985,0.754,1.659,1494.8,996.218,0,1.747,1.747,7.902,5.355,93.329,7.015,0.595,0,7.036,7.036,NA,43
"5/27/2022 5:27:59 AM",0,29.987,0.752,1.654,1490.2,996.215,0,1.724,1.724,7.946,5.36,93.373,7.018,0.595,0,7.038,7.038,NA,43
"5/27/2022 5:27:59 AM",0,29.99,0.747,1.643,1480.7,996.211,0,1.685,1.685,7.976,5.361,93.349,7.017,0.595,0,7.038,7.038,NA,43
"5/27/2022 5:28:00 AM",0,29.991,0.715,1.577,1420.6,996.187,0,1.701,1.701,7.976,5.362,93.269,7.012,0.595,0,7.032,7.032,NA,43
"5/27/2022 5:28:00 AM",0,29.996,0.71,1.566,1410.8,996.181,0,1.701,1.701,7.99,5.363,93.277,7.013,0.595,0,7.033,7.033,NA,43
"5/27/2022 5:28:00 AM",0,29.999,0.707,1.56,1405.6,996.179,0,1.708,1.708,7.961,5.36,93.274,7.013,0.595,0,7.033,7.033,NA,43
"5/27/2022 5:28:00 AM",0,29.997,0.714,1.575,1418.9,996.184,0,1.732,1.732,7.976,5.361,93.346,7.018,0.595,0,7.038,7.038,NA,43
"5/27/2022 5:28:00 AM",0,29.995,0.718,1.583,1426.4,996.188,0,1.732,1.732,7.917,5.36,93.324,7.016,0.595,0,7.037,7.037,NA,43
"5/27/2022 5:28:01 AM",0,29.995,0.722,1.591,1433.6,996.191,0,1.732,1.732,7.946,5.358,93.428,7.024,0.595,0,7.044,7.044,NA,43
"5/27/2022 5:28:01 AM",0,29.994,0.716,1.579,1422.7,996.187,0,1.708,1.708,7.888,5.358,93.374,7.02,0.595,0,7.04,7.04,NA,43
"5/27/2022 5:28:01 AM",0,29.998,0.721,1.59,1432.2,996.189,0,1.685,1.685,7.829,5.358,93.333,7.017,0.595,0,7.037,7.038,NA,43
"5/27/2022 5:28:01 AM",0,30,0.716,1.577,1421.2,996.184,0,1.685,1.685,7.8,5.357,93.249,7.011,0.595,0,7.031,7.031,NA,43
"5/27/2022 5:28:02 AM",0,29.999,0.71,1.566,1411,996.18,0,1.693,1.693,7.844,5.358,93.265,7.012,0.595,0,7.033,7.033,NA,43
"5/27/2022 5:28:02 AM",0,29.998,0.714,1.575,1419.1,996.184,0,1.693,1.693,7.829,5.356,93.289,7.014,0.595,0,7.034,7.034,NA,43
"5/27/2022 5:28:02 AM",0,29.997,0.712,1.571,1415.1,996.183,0,1.685,1.685,7.858,5.356,93.349,7.019,0.595,0,7.039,7.039,NA,43
"5/27/2022 5:28:02 AM",0,29.996,0.694,1.533,1380.9,996.17,0,1.685,1.685,7.844,5.36,93.292,7.015,0.595,0,7.035,7.035,NA,43
"5/27/2022 5:28:02 AM",0,29.994,0.678,1.499,1350.2,996.158,0,1.701,1.701,7.858,5.361,93.39,7.023,0.595,0,7.043,7.043,NA,43
"5/27/2022 5:28:03 AM",0,29.992,0.688,1.519,1369,996.166,0,1.693,1.693,7.844,5.364,93.274,7.014,0.595,0,7.034,7.034,NA,43
"5/27/2022 5:28:03 AM",0,29.991,0.683,1.509,1359.8,996.163,0,1.701,1.701,7.829,5.365,93.354,7.02,0.595,0,7.04,7.04,NA,43
"5/27/2022 5:28:03 AM",0,29.99,0.685,1.514,1364,996.165,0,1.685,1.685,7.858,5.364,93.33,7.017,0.595,0,7.038,7.038,NA,43
"5/27/2022 5:28:03 AM",0,29.988,0.659,1.458,1313.9,996.146,0,1.693,1.693,7.858,5.371,93.314,7.019,0.595,0,7.039,7.039,NA,43
"5/27/2022 5:28:03 AM",0,29.987,0.655,1.449,1305.5,996.143,0,1.701,1.701,7.829,5.374,93.355,7.02,0.595,0,7.041,7.041,NA,43
"5/27/2022 5:28:04 AM",0,29.987,0.652,1.443,1300.2,996.141,0,1.693,1.693,7.844,5.373,93.339,7.02,0.595,0,7.04,7.04,NA,43
"5/27/2022 5:28:04 AM",0,29.986,0.654,1.447,1304.1,996.142,0,1.693,1.693,7.814,5.372,93.25,7.013,0.51,0,7.033,7.033,NA,43
"5/27/2022 5:28:04 AM",0,29.986,0.652,1.444,1300.8,996.141,0,1.701,1.701,7.829,5.369,93.213,7.01,0.51,0,7.031,7.031,NA,43
"5/27/2022 5:28:04 AM",0,29.984,0.65,1.438,1296.2,996.14,0,1.677,1.677,7.814,5.371,93.297,7.017,0.51,0,7.037,7.037,NA,43
"5/27/2022 5:28:04 AM",0,29.983,0.651,1.44,1297.4,996.141,0,1.693,1.693,7.829,5.371,93.289,7.016,0.51,0,7.037,7.037,NA,43
"5/27/2022 5:28:05 AM",0,29.983,0.651,1.441,1298.2,996.141,0,1.685,1.685,7.829,5.371,93.317,7.019,0.51,0,7.039,7.039,NA,43
"5/27/2022 5:28:05 AM",0,29.983,0.651,1.44,1297.7,996.141,0,1.693,1.693,7.858,5.375,93.29,7.017,0.51,0,7.037,7.037,NA,43
"5/27/2022 5:28:05 AM",0,29.983,0.65,1.438,1295.9,996.14,0,1.693,1.693,7.873,5.377,93.274,7.015,0.51,0,7.036,7.036,NA,43
"5/27/2022 5:28:05 AM",0,29.98,0.65,1.439,1296.5,996.141,0,1.693,1.693,7.858,5.375,93.315,7.018,0.51,0,7.039,7.039,NA,43
"5/27/2022 5:28:05 AM",0,29.974,0.651,1.439,1297.3,996.143,0,1.693,1.693,7.844,5.373,93.251,7.014,0.51,0,7.034,7.034,NA,43
"5/27/2022 5:28:06 AM",0,29.972,0.649,1.436,1294.1,996.143,0,1.685,1.685,7.858,5.374,93.344,7.021,0.51,0,7.041,7.041,NA,43
"5/27/2022 5:28:06 AM",0,29.966,0.647,1.432,1290.7,996.143,0,1.669,1.669,7.814,5.374,93.387,7.024,0.51,0,7.045,7.045,NA,43
"5/27/2022 5:28:06 AM",0,29.961,0.648,1.433,1291.8,996.145,0,1.677,1.677,7.8,5.373,93.361,7.022,0.51,0,7.043,7.043,NA,43
"5/27/2022 5:28:06 AM",0,29.961,0.642,1.421,1281.6,996.141,0,1.677,1.677,7.785,5.374,93.311,7.019,0.51,0,7.039,7.039,NA,43
"5/27/2022 5:28:06 AM",0,29.959,0.646,1.429,1288.1,996.145,0,1.693,1.693,7.8,5.374,93.261,7.015,0.51,0,7.035,7.035,NA,43
"5/27/2022 5:28:07 AM",0,29.955,0.643,1.422,1282.1,996.143,0,1.701,1.701,7.888,5.374,93.361,7.023,0.51,0,7.044,7.044,NA,43
"5/27/2022 5:28:07 AM",0,29.954,0.639,1.414,1274.6,996.141,0,1.685,1.685,7.829,5.377,93.255,7.015,0.595,0,7.035,7.035,NA,43
"5/27/2022 5:28:07 AM",0,29.954,0.643,1.423,1283,996.144,0,1.685,1.685,7.858,5.378,93.298,7.018,0.595,0,7.038,7.038,NA,43
"5/27/2022 5:28:07 AM",0,29.952,0.634,1.404,1266,996.138,0,1.685,1.685,7.77,5.382,93.18,7.009,0.51,0,7.03,7.03,NA,43
"5/27/2022 5:28:07 AM",0,29.952,0.62,1.374,1239.3,996.128,0,1.693,1.693,7.858,5.383,93.273,7.017,0.51,0,7.037,7.037,NA,43
"5/27/2022 5:28:08 AM",0,29.949,0.625,1.385,1249.2,996.132,0,1.693,1.693,7.858,5.381,93.319,7.02,0.51,0,7.04,7.04,NA,43
"5/27/2022 5:28:08 AM",0,29.949,0.622,1.378,1242.8,996.13,0,1.677,1.677,7.888,5.38,93.306,7.02,0.51,0,7.04,7.04,NA,43
"5/27/2022 5:28:08 AM",0,29.948,0.623,1.381,1245,996.131,0,1.685,1.685,7.888,5.383,93.292,7.019,0.51,0,7.039,7.039,NA,43
"5/27/2022 5:28:08 AM",0,29.944,0.613,1.358,1224.5,996.124,0,1.693,1.693,7.873,5.383,93.305,7.02,0.51,0,7.04,7.04,NA,43
"5/27/2022 5:28:09 AM",0,29.944,0.616,1.365,1231.3,996.127,0,1.701,1.701,7.844,5.385,93.306,7.02,0.51,0,7.04,7.04,NA,43
"5/27/2022 5:28:09 AM",0,29.944,0.616,1.365,1231.5,996.127,0,1.701,1.701,7.829,5.384,93.359,7.024,0.51,0,7.044,7.044,NA,43
"5/27/2022 5:28:09 AM",0,29.942,0.616,1.366,1231.9,996.128,0,1.701,1.701,7.814,5.381,93.194,7.011,0.51,0,7.031,7.031,NA,43
"5/27/2022 5:28:09 AM",0,29.942,0.615,1.362,1228.4,996.126,0,1.677,1.677,7.858,5.381,93.32,7.021,0.51,0,7.041,7.041,NA,43
"5/27/2022 5:28:09 AM",0,29.941,0.607,1.346,1214.3,996.121,0,1.701,1.701,7.844,5.377,93.37,7.025,0.51,0,7.045,7.045,NA,43
"5/27/2022 5:28:10 AM",0,29.94,0.608,1.348,1216.1,996.122,0,1.693,1.693,7.8,5.378,93.337,7.022,0.51,0,7.042,7.043,NA,43
"5/27/2022 5:28:10 AM",0,29.942,0.598,1.327,1196.6,996.114,0,1.685,1.685,7.814,5.377,93.225,7.015,0.51,0,7.035,7.035,NA,43
"5/27/2022 5:28:10 AM",0,29.944,0.6,1.33,1199.5,996.114,0,1.669,1.669,7.814,5.376,93.384,7.026,0.51,0,7.047,7.047,NA,43
"5/27/2022 5:28:10 AM",0,29.945,0.591,1.311,1182.7,996.108,0,1.685,1.685,7.77,5.377,93.272,7.018,0.51,0,7.038,7.038,NA,43
"5/27/2022 5:28:10 AM",0,29.946,0.6,1.33,1199.6,996.114,0,1.693,1.693,7.8,5.378,93.232,7.015,0.51,0,7.035,7.035,NA,43
"5/27/2022 5:28:11 AM",0,29.945,0.578,1.285,1158.6,996.098,0,1.677,1.677,7.8,5.381,93.366,7.025,0.51,0,7.046,7.046,NA,43
"5/27/2022 5:28:11 AM",0,29.945,0.591,1.312,1183.6,996.108,0,1.677,1.677,7.858,5.384,93.316,7.022,0.51,0,7.042,7.042,NA,43
"5/27/2022 5:28:11 AM",0,29.943,0.575,1.277,1151.7,996.096,0,1.677,1.677,7.902,5.381,93.326,7.022,0.51,0,7.043,7.043,NA,43
"5/27/2022 5:28:11 AM",0,29.942,0.573,1.274,1148.7,996.095,0,1.685,1.685,7.829,5.383,93.328,7.023,0.51,0,7.044,7.044,NA,43
"5/27/2022 5:28:11 AM",0,29.942,0.571,1.269,1145,996.094,0,1.685,1.685,7.873,5.391,93.363,7.026,0.595,0,7.046,7.046,NA,43
"5/27/2022 5:28:12 AM",0,29.944,0.572,1.271,1145.9,996.094,0,1.685,1.685,7.844,5.381,93.377,7.027,0.51,0,7.047,7.047,NA,43
"5/27/2022 5:28:12 AM",0,29.946,0.573,1.274,1149.2,996.094,0,1.693,1.693,7.888,5.382,93.305,7.021,0.51,0,7.041,7.042,NA,43
"5/27/2022 5:28:12 AM",0,29.946,0.573,1.273,1148.4,996.094,0,1.685,1.685,7.844,5.383,93.382,7.027,0.51,0,7.048,7.048,NA,43
"5/27/2022 5:28:12 AM",0,29.935,0.572,1.271,1146.1,996.096,0,1.693,1.693,7.932,5.384,93.37,7.026,0.51,0,7.046,7.046,NA,43
"5/27/2022 5:28:12 AM",0,29.931,0.573,1.272,1147.6,996.098,0,1.701,1.701,7.888,5.385,93.37,7.026,0.51,0,7.046,7.046,NA,43
"5/27/2022 5:28:13 AM",0,29.928,0.575,1.277,1152.2,996.101,0,1.685,1.685,7.888,5.387,93.293,7.021,0.595,0,7.041,7.041,NA,43
"5/27/2022 5:29:08 AM",0,29.946,50.836,80.886,72948,1033.678,33.678,0.094,0.094,0.029,5.393,96.185,5.491,0.085,0,5.503,5.506,NA,43
"5/27/2022 5:29:08 AM",0.009,29.949,50.839,80.893,72951.1,1033.679,33.679,0.086,0.086,0.044,5.387,96.151,5.488,0.17,0,5.5,5.504,NA,43
"5/27/2022 5:29:09 AM",0.086,29.953,50.834,80.893,72944.5,1033.674,33.674,0.086,0.086,0.044,5.387,96.276,5.496,0.17,0,5.508,5.512,NA,43
"5/27/2022 5:29:09 AM",0.132,29.952,50.839,80.899,72950.7,1033.678,33.678,0.094,0.094,0.073,5.388,96.173,5.489,0.17,0,5.501,5.505,NA,43
"5/27/2022 5:29:09 AM",0.162,29.952,50.838,80.896,72949.2,1033.678,33.677,0.094,0.094,0.044,5.392,96.281,5.496,0.085,0,5.508,5.511,NA,43
"5/27/2022 5:29:09 AM",0.157,29.951,50.843,80.903,72955.8,1033.682,33.681,0.078,0.078,0.044,5.388,96.338,5.498,0.085,0,5.511,5.514,NA,43
"5/27/2022 5:29:09 AM",0.185,29.95,50.842,80.899,72954.3,1033.681,33.68,0.094,0.094,0.029,5.387,96.213,5.492,0.17,0,5.504,5.507,NA,43
"5/27/2022 5:29:10 AM",0.261,29.951,50.839,80.896,72950.5,1033.679,33.678,0.086,0.086,0.029,5.388,96.232,5.493,0.085,0,5.505,5.509,NA,43
"5/27/2022 5:29:10 AM",0.348,29.952,50.838,80.897,72949.9,1033.679,33.677,0.094,0.094,0.029,5.391,96.113,5.486,0.085,0,5.499,5.502,NA,43
"5/27/2022 5:29:10 AM",0.444,29.953,50.852,80.918,72966.5,1033.689,33.687,0.078,0.078,0,5.394,96.232,5.492,0.085,0,5.504,5.508,NA,43
"5/27/2022 5:29:10 AM",0.596,29.962,50.866,80.95,72982.9,1033.697,33.694,0.094,0.094,0.058,5.387,96.237,5.492,0,0,5.504,5.508,NA,43
"5/27/2022 5:29:10 AM",0.826,29.974,50.863,80.965,72978.7,1033.692,33.688,0.094,0.094,0.073,5.384,96.282,5.494,0,0,5.507,5.51,NA,43
"5/27/2022 5:29:11 AM",1.017,29.976,50.869,80.976,72985.9,1033.696,33.692,0.094,0.094,0.058,5.386,96.211,5.489,0,0,5.502,5.505,NA,43
"5/27/2022 5:29:11 AM",1.208,29.977,50.867,80.975,72983,1033.695,33.69,0.086,0.086,0.058,5.386,96.255,5.492,0,0,5.504,5.508,NA,43
"5/27/2022 5:29:11 AM",1.34,29.978,50.873,80.983,72990.2,1033.7,33.694,0.094,0.094,0.029,5.391,96.312,5.495,0,0,5.507,5.511,NA,43
"5/27/2022 5:29:11 AM",1.51,29.973,50.877,80.983,72996.2,1033.705,33.699,0.078,0.078,0.044,5.389,96.241,5.491,0,0,5.503,5.507,NA,43
"5/27/2022 5:29:11 AM",1.808,29.97,50.893,81.001,73016.4,1033.72,33.712,0.086,0.086,0.029,5.391,96.348,5.496,0,0,5.508,5.512,NA,43
"5/27/2022 5:29:12 AM",2.016,29.974,50.909,81.029,73036.1,1033.731,33.723,0.078,0.078,0.029,5.39,96.386,5.498,0,0,5.51,5.514,NA,43
"5/27/2022 5:29:12 AM",2.247,29.977,50.915,81.041,73042.7,1033.735,33.726,0.07,0.07,0.029,5.392,96.332,5.495,0,0,5.507,5.51,NA,43
"5/27/2022 5:29:12 AM",2.437,29.977,50.914,81.038,73041.5,1033.736,33.725,0.078,0.078,0.015,5.389,96.351,5.496,0,0,5.508,5.511,NA,43
"5/27/2022 5:29:12 AM",2.682,29.972,50.947,81.078,73083.5,1033.763,33.752,0.078,0.078,0.044,5.386,96.428,5.499,0,0,5.511,5.515,NA,43
"5/27/2022 5:29:12 AM",2.788,29.972,50.954,81.088,73092.8,1033.77,33.758,0.078,0.078,0.044,5.384,96.322,5.493,0,0,5.505,5.508,NA,43
"5/27/2022 5:29:13 AM",2.876,29.972,50.957,81.092,73096.6,1033.772,33.76,0.086,0.086,0.044,5.387,96.329,5.493,0,0,5.506,5.509,NA,43
"5/27/2022 5:29:13 AM",2.958,29.972,50.964,81.102,73105.1,1033.778,33.765,0.078,0.078,0.058,5.385,96.313,5.492,0,0,5.504,5.508,NA,43
"5/27/2022 5:29:13 AM",3.095,29.971,50.967,81.104,73109.2,1033.781,33.768,0.078,0.078,0.044,5.385,96.308,5.492,0,0,5.504,5.508,NA,43
"5/27/2022 5:29:13 AM",3.354,29.97,50.974,81.113,73117.6,1033.787,33.773,0.086,0.086,0.058,5.386,96.373,5.495,0,0,5.507,5.511,NA,43
"5/27/2022 5:29:13 AM",3.528,29.97,50.976,81.117,73121,1033.79,33.775,0.078,0.078,0.058,5.386,96.351,5.494,0,0,5.506,5.51,NA,43
"5/27/2022 5:29:14 AM",3.703,29.97,50.979,81.119,73123.9,1033.793,33.777,0.086,0.086,0.073,5.39,96.357,5.494,0,0,5.506,5.51,NA,43
"5/27/2022 5:29:14 AM",3.821,29.968,50.982,81.121,73128.4,1033.796,33.78,0.086,0.086,0.058,5.388,96.292,5.491,0,0,5.503,5.506,NA,43
"5/27/2022 5:29:14 AM",3.967,29.968,50.986,81.126,73133.3,1033.8,33.783,0.086,0.086,0.044,5.387,96.241,5.487,0,0,5.5,5.503,NA,43
"5/27/2022 5:29:14 AM",4.16,29.97,50.985,81.128,73132.1,1033.8,33.782,0.086,0.086,0.029,5.388,96.31,5.491,0,0,5.504,5.507,NA,43
"5/27/2022 5:29:14 AM",4.238,29.968,50.988,81.13,73136.2,1033.803,33.785,0.078,0.078,0.044,5.389,96.347,5.494,0,0,5.506,5.509,NA,43
"5/27/2022 5:29:15 AM",4.27,29.968,50.988,81.129,73135.9,1033.803,33.785,0.078,0.078,0.073,5.386,96.315,5.491,0,0,5.504,5.507,NA,43
"5/27/2022 5:29:15 AM",4.327,29.968,50.988,81.131,73136.4,1033.803,33.785,0.086,0.086,0.044,5.385,96.238,5.487,0,0,5.499,5.503,NA,43
"5/27/2022 5:29:15 AM",4.485,29.983,51.009,81.181,73161,1033.815,33.796,0.086,0.086,0.044,5.386,96.325,5.491,0,0,5.504,5.507,NA,43
"5/27/2022 5:29:15 AM",4.634,29.985,51.011,81.186,73163.3,1033.816,33.797,0.086,0.086,0.044,5.385,96.521,5.503,0,0,5.515,5.518,NA,43
"5/27/2022 5:29:15 AM",4.813,29.985,51.015,81.191,73167.3,1033.819,33.799,0.078,0.078,0.058,5.386,96.429,5.497,0,0,5.509,5.513,NA,43
"5/27/2022 5:29:16 AM",4.991,29.987,51.026,81.21,73181.7,1033.828,33.807,0.094,0.094,0.058,5.385,96.362,5.493,0,0,5.505,5.509,NA,43
"5/27/2022 5:29:16 AM",5.225,29.988,51.02,81.204,73174.4,1033.825,33.802,0.07,0.07,0.029,5.388,96.38,5.494,0,0,5.506,5.509,NA,43
"5/27/2022 5:29:16 AM",5.378,29.988,51.03,81.218,73186.6,1033.832,33.81,0.086,0.086,0.044,5.384,96.329,5.49,0,0,5.503,5.506,NA,43
"5/27/2022 5:29:16 AM",5.515,29.988,51.03,81.218,73186.4,1033.833,33.809,0.078,0.078,0.058,5.382,96.423,5.496,0,0,5.508,5.511,NA,43
"5/27/2022 5:29:16 AM",5.642,29.986,51.014,81.193,73167.5,1033.822,33.798,0.07,0.07,0.029,5.386,96.45,5.498,0,0,5.51,5.513,NA,43
"5/27/2022 5:29:17 AM",5.804,29.985,51.021,81.201,73175.5,1033.828,33.803,0.078,0.078,0.015,5.384,96.442,5.497,0,0,5.509,5.513,NA,43
"5/27/2022 5:29:17 AM",6.012,29.987,51.014,81.194,73166.5,1033.823,33.797,0.086,0.086,0.087,5.38,96.403,5.495,0,0,5.507,5.51,NA,43
"5/27/2022 5:29:17 AM",6.141,29.989,51.014,81.197,73167.1,1033.823,33.797,0.086,0.086,0.044,5.382,96.398,5.494,0,0,5.506,5.51,NA,43
"5/27/2022 5:29:17 AM",6.245,29.988,51.013,81.195,73166.2,1033.823,33.797,0.078,0.078,0.058,5.378,96.382,5.493,0,0,5.506,5.509,NA,43
"5/27/2022 5:29:18 AM",6.365,29.989,51.013,81.196,73165.6,1033.823,33.796,0.094,0.094,0.058,5.375,96.422,5.496,0,0,5.508,5.512,NA,43
"5/27/2022 5:29:18 AM",6.627,29.989,51.007,81.189,73158.8,1033.82,33.792,0.078,0.078,0.029,5.38,96.345,5.491,0,0,5.503,5.507,NA,43
"5/27/2022 5:29:18 AM",6.806,29.992,51.025,81.218,73180.7,1033.833,33.804,0.086,0.086,0.044,5.379,96.421,5.495,0,0,5.507,5.511,NA,43
"5/27/2022 5:29:18 AM",6.973,29.999,51.034,81.24,73190.8,1033.838,33.808,0.086,0.086,0.044,5.382,96.519,5.501,0,0,5.513,5.516,NA,43
"5/27/2022 5:29:18 AM",7.133,30,51.023,81.226,73176.4,1033.83,33.799,0.086,0.086,0.058,5.385,96.488,5.499,0,0,5.511,5.515,NA,43
"5/27/2022 5:29:19 AM",7.255,29.998,51.02,81.22,73173.4,1033.829,33.798,0.078,0.078,0.029,5.39,96.518,5.5,0,0,5.513,5.516,NA,43
"5/27/2022 5:29:19 AM",7.402,29.995,51.01,81.2,73161.2,1033.823,33.792,0.086,0.086,0.015,5.388,96.461,5.498,0,0,5.51,5.513,NA,43
"5/27/2022 5:29:19 AM",7.536,29.99,51.012,81.197,73164.2,1033.827,33.795,0.086,0.086,0.015,5.386,96.339,5.491,0,0,5.503,5.506,NA,43
"5/27/2022 5:29:19 AM",7.705,29.99,51.011,81.195,73163.2,1033.827,33.794,0.101,0.101,0.044,5.386,96.227,5.484,0,0,5.496,5.5,NA,43
"5/27/2022 5:29:19 AM",7.887,29.991,51.014,81.201,73166.9,1033.829,33.796,0.07,0.07,0.029,5.386,96.347,5.491,0,0,5.504,5.507,NA,43
"5/27/2022 5:29:20 AM",8.13,29.99,51.009,81.194,73161.5,1033.827,33.793,0.086,0.086,0.044,5.387,96.479,5.498,0,0,5.511,5.514,NA,43
"5/27/2022 5:29:20 AM",8.276,29.993,51.008,81.195,73159.5,1033.826,33.791,0.078,0.078,0.044,5.386,96.431,5.496,0,0,5.508,5.512,NA,43
"5/27/2022 5:29:20 AM",8.412,29.996,51.012,81.206,73164,1033.828,33.792,0.078,0.078,0.058,5.388,96.465,5.498,0,0,5.51,5.514,NA,43
"5/27/2022 5:29:20 AM",8.547,29.996,51.011,81.206,73163.9,1033.829,33.792,0.078,0.078,0.044,5.388,96.421,5.495,0,0,5.507,5.511,NA,43
"5/27/2022 5:29:20 AM",8.709,29.996,51.02,81.218,73174.3,1033.836,33.799,0.07,0.07,0.044,5.387,96.344,5.491,0,0,5.503,5.506,NA,43
"5/27/2022 5:29:21 AM",8.982,29.998,51.017,81.216,73170.2,1033.834,33.796,0.078,0.078,0.044,5.381,96.517,5.5,0,0,5.513,5.516,NA,43
"5/27/2022 5:29:21 AM",9.176,29.999,51.013,81.214,73166.3,1033.832,33.793,0.078,0.078,0.029,5.384,96.46,5.497,0,0,5.51,5.513,NA,43
"5/27/2022 5:29:21 AM",9.385,29.999,51.015,81.215,73167.8,1033.834,33.794,0.086,0.086,0.044,5.388,96.48,5.498,0,0,5.51,5.514,NA,43
"5/27/2022 5:29:21 AM",9.597,30,51.015,81.216,73167.8,1033.834,33.793,0.086,0.086,0.073,5.393,96.452,5.496,0,0,5.509,5.512,NA,43
"5/27/2022 5:29:21 AM",9.885,30.001,51.015,81.218,73167.8,1033.835,33.793,0.078,0.078,0.058,5.395,96.572,5.504,0,0,5.516,5.519,NA,43
"5/27/2022 5:29:22 AM",10.057,30.002,51.01,81.214,73162.7,1033.832,33.789,0.086,0.086,0.073,5.392,96.429,5.495,0,0,5.507,5.511,NA,43
"5/27/2022 5:29:22 AM",10.217,30.003,51.003,81.205,73152.9,1033.827,33.783,0.086,0.086,0.058,5.392,96.466,5.498,0,0,5.51,5.513,NA,43
"5/27/2022 5:29:22 AM",10.364,30.001,51.002,81.202,73153,1033.828,33.784,0.086,0.086,0.058,5.39,96.517,5.5,0,0,5.513,5.516,NA,43
"5/27/2022 5:29:22 AM",10.517,30,50.999,81.195,73148.6,1033.826,33.781,0.07,0.07,0.058,5.391,96.522,5.501,0,0,5.513,5.516,NA,43
"5/27/2022 5:29:22 AM",10.745,29.997,50.998,81.189,73148.4,1033.828,33.782,0.086,0.086,0.044,5.39,96.377,5.492,0,0,5.504,5.508,NA,43
"5/27/2022 5:29:23 AM",10.898,29.994,50.997,81.183,73147.2,1033.829,33.782,0.07,0.07,0.015,5.391,96.449,5.497,0,0,5.509,5.513,NA,43
"5/27/2022 5:29:23 AM",11.047,29.997,51.004,81.198,73155.6,1033.833,33.786,0.086,0.086,0.029,5.392,96.469,5.498,0,0,5.51,5.514,NA,43
"5/27/2022 5:29:23 AM",11.19,29.998,51,81.193,73150.2,1033.83,33.783,0.086,0.086,0.073,5.389,96.466,5.497,0,0,5.509,5.513,NA,43
"5/27/2022 5:29:23 AM",11.334,29.997,50.999,81.192,73149.9,1033.831,33.783,0.078,0.078,0.015,5.386,96.35,5.491,0,0,5.504,5.507,NA,43
"5/27/2022 5:29:23 AM",11.367,29.998,50.997,81.189,73146.8,1033.829,33.781,0.078,0.078,0.015,5.388,96.411,5.495,0,0,5.507,5.511,NA,43
"5/27/2022 5:29:24 AM",11.327,29.997,50.999,81.191,73149.6,1033.831,33.783,0.086,0.086,0.029,5.392,96.441,5.496,0,0,5.508,5.512,NA,43
"5/27/2022 5:29:24 AM",11.251,29.997,50.996,81.188,73146.3,1033.828,33.781,0.078,0.078,0.029,5.39,96.492,5.499,0,0,5.511,5.515,NA,43
"5/27/2022 5:29:24 AM",11.141,29.997,50.997,81.188,73147.1,1033.829,33.781,0.086,0.086,0.029,5.389,96.515,5.501,0,0,5.513,5.517,NA,43
"5/27/2022 5:29:24 AM",11.044,29.996,50.994,81.184,73143.9,1033.826,33.779,0.094,0.094,0.044,5.39,96.469,5.498,0,0,5.51,5.514,NA,43
"5/27/2022 5:29:24 AM",11.023,29.997,50.995,81.185,73144.8,1033.827,33.78,0.101,0.101,0.044,5.386,96.46,5.498,0,0,5.51,5.513,NA,43
"5/27/2022 5:29:25 AM",11.028,29.997,50.993,81.184,73142.5,1033.825,33.778,0.094,0.094,0.073,5.39,96.452,5.497,0,0,5.509,5.513,NA,43
"5/27/2022 5:29:25 AM",11.042,29.998,50.992,81.183,73140.8,1033.824,33.777,0.094,0.094,0.073,5.389,96.396,5.494,0,0,5.506,5.51,NA,43
"5/27/2022 5:29:25 AM",11.053,29.998,50.99,81.181,73138,1033.822,33.775,0.094,0.094,0.058,5.392,96.45,5.497,0,0,5.509,5.513,NA,43
"5/27/2022 5:29:25 AM",11.07,29.999,50.988,81.179,73136.1,1033.821,33.774,0.101,0.101,0.044,5.395,96.628,5.508,0,0,5.52,5.523,NA,43
"5/27/2022 5:29:25 AM",11.054,29.998,50.983,81.171,73129.3,1033.817,33.77,0.094,0.094,0.058,5.389,96.47,5.499,0,0,5.511,5.514,NA,43
"5/27/2022 5:29:26 AM",11.023,29.998,50.983,81.171,73130.1,1033.817,33.771,0.086,0.086,0.029,5.388,96.532,5.502,0,0,5.514,5.517,NA,43
"5/27/2022 5:29:26 AM",10.945,29.996,50.987,81.174,73134.7,1033.82,33.774,0.078,0.078,0.029,5.394,96.493,5.5,0,0,5.512,5.515,NA,43
"5/27/2022 5:29:26 AM",10.847,29.996,50.983,81.168,73130.1,1033.817,33.771,0.086,0.086,0.029,5.393,96.52,5.501,0,0,5.514,5.517,NA,43
"5/27/2022 5:29:26 AM",10.721,29.997,50.982,81.168,73128.8,1033.816,33.77,0.07,0.07,0.029,5.39,96.448,5.497,0,0,5.509,5.513,NA,43
"5/27/2022 5:29:26 AM",10.564,29.997,50.995,81.185,73144.9,1033.825,33.78,0.078,0.078,0.044,5.386,96.402,5.494,0,0,5.506,5.51,NA,43
"5/27/2022 5:29:27 AM",10.385,29.996,51.003,81.194,73153.8,1033.83,33.786,0.086,0.086,0.044,5.386,96.453,5.497,0,0,5.509,5.512,NA,43
"5/27/2022 5:29:27 AM",10.33,29.995,51.003,81.193,73154.1,1033.83,33.786,0.07,0.07,0.058,5.386,96.398,5.494,0,0,5.506,5.51,NA,43
"5/27/2022 5:29:27 AM",10.321,29.995,51.002,81.192,73152.9,1033.829,33.786,0.094,0.094,0.044,5.391,96.463,5.497,0,0,5.51,5.513,NA,43
"5/27/2022 5:29:27 AM",10.331,29.995,50.999,81.188,73149.9,1033.828,33.784,0.078,0.078,0.044,5.394,96.534,5.502,0,0,5.514,5.517,NA,43
"5/27/2022 5:29:28 AM",10.328,29.994,50.996,81.182,73146.3,1033.826,33.782,0.07,0.07,0.044,5.394,96.442,5.497,0,0,5.509,5.512,NA,43
"5/27/2022 5:29:28 AM",10.312,29.993,50.999,81.185,73149.8,1033.828,33.784,0.078,0.078,0.029,5.395,96.503,5.5,0,0,5.512,5.516,NA,43
"5/27/2022 5:29:28 AM",10.229,29.993,50.99,81.172,73138.1,1033.821,33.777,0.078,0.078,0.015,5.394,96.437,5.497,0,0,5.509,5.512,NA,43
"5/27/2022 5:29:28 AM",10.095,29.993,50.991,81.174,73139.5,1033.821,33.778,0.07,0.07,0.015,5.391,96.4,5.494,0,0,5.506,5.51,NA,43
"5/27/2022 5:29:28 AM",9.902,29.992,50.99,81.171,73138.6,1033.82,33.778,0.078,0.078,0.044,5.391,96.48,5.499,0,0,5.511,5.514,NA,43
"5/27/2022 5:29:29 AM",9.652,29.994,50.993,81.178,73141.9,1033.82,33.779,0.078,0.078,0.073,5.397,96.483,5.499,0,0,5.511,5.515,NA,43
"5/27/2022 5:29:29 AM",9.531,29.996,50.991,81.177,73138.9,1033.818,33.777,0.094,0.094,0.044,5.397,96.471,5.498,0,0,5.511,5.514,NA,43
"5/27/2022 5:29:29 AM",9.491,29.996,50.985,81.169,73131.2,1033.813,33.772,0.086,0.086,0.029,5.393,96.523,5.501,0,0,5.514,5.517,NA,43
"5/27/2022 5:29:29 AM",9.466,29.996,50.984,81.168,73130.6,1033.812,33.772,0.078,0.078,0.044,5.392,96.332,5.491,0,0,5.503,5.506,NA,43
"5/27/2022 5:29:29 AM",9.48,29.996,50.98,81.162,73125.5,1033.809,33.769,0.078,0.078,0.058,5.392,96.478,5.499,0,0,5.511,5.515,NA,43
"5/27/2022 5:29:30 AM",9.465,29.994,50.983,81.164,73129.1,1033.812,33.771,0.086,0.086,0.044,5.393,96.424,5.496,0,0,5.508,5.511,NA,43
"5/27/2022 5:29:30 AM",9.445,29.993,50.983,81.163,73129.3,1033.812,33.772,0.094,0.094,0.015,5.391,96.327,5.49,0,0,5.502,5.506,NA,43
"5/27/2022 5:29:30 AM",9.419,29.994,50.985,81.167,73132,1033.813,33.773,0.07,0.07,0.044,5.39,96.344,5.491,0,0,5.503,5.507,NA,43
"5/27/2022 5:29:30 AM",9.381,29.994,50.986,81.168,73133.2,1033.814,33.774,0.07,0.07,0.044,5.385,96.473,5.499,0,0,5.511,5.514,NA,43
"5/27/2022 5:29:30 AM",9.23,29.995,50.976,81.155,73120.1,1033.805,33.766,0.086,0.086,0.015,5.405,96.553,5.504,0,0,5.516,5.519,NA,43
"5/27/2022 5:29:31 AM",9.044,29.994,50.973,81.151,73117.1,1033.803,33.764,0.078,0.078,0.029,5.41,96.339,5.491,0,0,5.504,5.507,NA,43
"5/27/2022 5:29:31 AM",8.842,29.993,50.973,81.149,73116.6,1033.802,33.764,0.078,0.078,0.058,5.411,96.468,5.499,0,0,5.511,5.514,NA,43
"5/27/2022 5:29:31 AM",8.646,29.993,50.969,81.142,73111.5,1033.798,33.761,0.094,0.094,0.058,5.409,96.505,5.501,0,0,5.513,5.516,NA,43
"5/27/2022 5:29:31 AM",8.413,29.989,50.95,81.111,73088.6,1033.784,33.749,0.078,0.078,0.029,5.4,96.354,5.493,0,0,5.505,5.509,NA,43
"5/27/2022 5:29:31 AM",8.325,29.985,50.949,81.102,73087.4,1033.784,33.749,0.086,0.086,0.044,5.398,96.451,5.499,0,0,5.511,5.514,NA,43
"5/27/2022 5:29:32 AM",8.276,29.981,50.951,81.1,73090.4,1033.787,33.752,0.07,0.07,0.015,5.396,96.347,5.493,0,0,5.505,5.508,NA,43
"5/27/2022 5:29:32 AM",8.262,29.979,50.924,81.06,73056.9,1033.767,33.732,0.078,0.078,0.029,5.394,96.417,5.497,0,0,5.51,5.513,NA,43
"5/27/2022 5:29:32 AM",8.238,29.976,50.924,81.055,73057.3,1033.768,33.733,0.086,0.086,0.044,5.394,96.452,5.499,0,0,5.512,5.515,NA,43
"5/27/2022 5:29:32 AM",8.215,29.972,50.932,81.06,73067.4,1033.775,33.741,0.086,0.086,0.073,5.39,96.451,5.5,0,0,5.512,5.515,NA,43
"5/27/2022 5:29:32 AM",8.2,29.972,50.933,81.061,73068.8,1033.776,33.742,0.094,0.094,0.058,5.39,96.34,5.493,0,0,5.506,5.509,NA,43
"5/27/2022 5:29:33 AM",8.174,29.972,50.941,81.072,73078.8,1033.782,33.748,0.086,0.086,0.044,5.386,96.412,5.497,0,0,5.51,5.513,NA,43
"5/27/2022 5:29:33 AM",8.127,29.973,50.94,81.072,73077.6,1033.781,33.747,0.086,0.086,0.044,5.389,96.333,5.493,0,0,5.505,5.509,NA,43
"5/27/2022 5:29:33 AM",7.993,29.975,50.933,81.066,73068.6,1033.774,33.74,0.078,0.078,0.044,5.388,96.305,5.492,0,0,5.504,5.507,NA,43
"5/27/2022 5:29:33 AM",7.873,29.975,50.93,81.062,73064.8,1033.772,33.738,0.094,0.094,0.029,5.384,96.233,5.487,0,0,5.5,5.503,NA,43
"5/27/2022 5:29:33 AM",7.767,29.974,50.925,81.053,73058.8,1033.768,33.735,0.086,0.086,0.044,5.38,96.337,5.494,0,0,5.506,5.51,NA,43
"5/27/2022 5:29:34 AM",7.647,29.973,50.923,81.049,73056.2,1033.766,33.734,0.101,0.101,0.087,5.381,96.39,5.497,0,0,5.509,5.512,NA,43
"5/27/2022 5:29:34 AM",7.452,29.973,50.919,81.043,73051,1033.762,33.731,0.086,0.086,0.058,5.383,96.445,5.5,0,0,5.512,5.516,NA,43
"5/27/2022 5:29:34 AM",7.343,29.973,50.928,81.056,73062.1,1033.769,33.737,0.078,0.078,0.044,5.382,96.376,5.496,0,0,5.508,5.512,NA,43
"5/27/2022 5:29:34 AM",7.28,29.974,50.918,81.043,73049.2,1033.76,33.729,0.078,0.078,0.029,5.38,96.426,5.499,0,0,5.511,5.515,NA,43
"5/27/2022 5:29:34 AM",7.274,29.972,50.917,81.039,73048.4,1033.76,33.729,0.086,0.086,0.044,5.377,96.356,5.495,0,0,5.507,5.511,NA,43
"5/27/2022 5:29:35 AM",7.286,29.97,50.909,81.025,73038.8,1033.755,33.724,0.078,0.078,0.073,5.38,96.34,5.494,0,0,5.507,5.51,NA,43
"5/27/2022 5:29:35 AM",7.327,29.97,50.912,81.029,73043.4,1033.758,33.727,0.078,0.078,0.029,5.379,96.361,5.496,0,0,5.508,5.511,NA,43
"5/27/2022 5:29:35 AM",7.362,29.97,50.907,81.023,73037.1,1033.754,33.723,0.078,0.078,0.015,5.378,96.351,5.495,0,0,5.507,5.511,NA,43
"5/27/2022 5:29:35 AM",7.395,29.97,50.905,81.02,73034.3,1033.753,33.721,0.078,0.078,0.029,5.373,96.395,5.497,0,0,5.509,5.513,NA,43
"5/27/2022 5:29:36 AM",7.381,29.97,50.905,81.019,73033.7,1033.752,33.721,0.086,0.086,0.029,5.373,96.411,5.499,0,0,5.511,5.514,NA,43
"5/27/2022 5:29:36 AM",7.31,29.968,50.916,81.032,73048,1033.761,33.73,0.086,0.086,0.044,5.372,96.306,5.493,0,0,5.505,5.508,NA,43
"5/27/2022 5:29:36 AM",7.234,29.971,50.91,81.027,73040.3,1033.756,33.725,0.07,0.07,0.058,5.374,96.357,5.495,0,0,5.508,5.511,NA,43
"5/27/2022 5:29:36 AM",7.133,29.971,50.9,81.013,73027.5,1033.747,33.717,0.086,0.086,0.029,5.379,96.404,5.499,0,0,5.511,5.514,NA,43
"5/27/2022 5:29:36 AM",7.053,29.969,50.895,81.004,73022.3,1033.744,33.714,0.078,0.078,0.015,5.382,96.274,5.491,0,0,5.504,5.507,NA,43
"5/27/2022 5:29:37 AM",6.992,29.966,50.891,80.995,73017.5,1033.742,33.712,0.078,0.078,0.044,5.387,96.207,5.488,0,0,5.5,5.503,NA,43
"5/27/2022 5:29:37 AM",6.985,29.966,50.89,80.993,73016.2,1033.741,33.712,0.078,0.078,0.058,5.39,96.418,5.499,0,0,5.512,5.515,NA,43
"5/27/2022 5:29:37 AM",6.996,29.964,50.889,80.989,73015.2,1033.741,33.711,0.086,0.086,0.029,5.389,96.429,5.501,0,0,5.513,5.516,NA,43
"5/27/2022 5:29:37 AM",6.996,29.964,50.888,80.988,73013.6,1033.74,33.71,0.078,0.078,0.029,5.388,96.299,5.493,0,0,5.505,5.509,NA,43
"5/27/2022 5:29:37 AM",6.99,29.965,50.885,80.984,73009.8,1033.738,33.708,0.078,0.078,0.029,5.386,96.391,5.499,0,0,5.511,5.514,NA,43
"5/27/2022 5:29:38 AM",6.952,29.964,50.884,80.982,73008.4,1033.737,33.707,0.078,0.078,0.029,5.39,96.397,5.499,0,0,5.511,5.514,NA,43
"5/27/2022 5:29:38 AM",6.91,29.964,50.882,80.98,73006.5,1033.735,33.706,0.086,0.086,0.015,5.388,96.356,5.497,0,0,5.509,5.512,NA,43
"5/27/2022 5:29:38 AM",6.813,29.963,50.883,80.979,73007.2,1033.736,33.707,0.078,0.078,0.058,5.384,96.358,5.497,0,0,5.509,5.513,NA,43
"5/27/2022 5:29:38 AM",6.686,29.964,50.878,80.974,73001.2,1033.731,33.703,0.086,0.086,0.058,5.384,96.371,5.498,0,0,5.51,5.513,NA,43
"5/27/2022 5:29:38 AM",6.457,29.964,50.879,80.975,73002.1,1033.731,33.704,0.078,0.078,0.044,5.384,96.308,5.494,0,0,5.506,5.51,NA,43
"5/27/2022 5:29:39 AM",6.316,29.965,50.873,80.968,72994.7,1033.726,33.699,0.094,0.094,0.058,5.379,96.285,5.493,0,0,5.505,5.509,NA,43
"5/27/2022 5:29:39 AM",6.182,29.965,50.865,80.957,72984.9,1033.719,33.693,0.078,0.078,0.044,5.378,96.36,5.497,0,0,5.51,5.513,NA,43
"5/27/2022 5:29:39 AM",6.059,29.964,50.862,80.952,72981.4,1033.717,33.691,0.078,0.078,0.044,5.386,96.345,5.497,0,0,5.509,5.512,NA,43
"5/27/2022 5:29:39 AM",5.943,29.963,50.858,80.945,72976.5,1033.714,33.688,0.086,0.086,0.015,5.39,96.368,5.498,0,0,5.51,5.514,NA,43
"5/27/2022 5:29:39 AM",5.927,29.965,50.855,80.942,72971.9,1033.71,33.685,0.094,0.094,0.029,5.392,96.425,5.501,0,0,5.513,5.517,NA,43
"5/27/2022 5:29:40 AM",5.934,29.964,50.854,80.94,72970.9,1033.71,33.685,0.07,0.07,0.044,5.393,96.322,5.495,0,0,5.508,5.511,NA,43
"5/27/2022 5:29:40 AM",5.967,29.964,50.853,80.939,72970,1033.71,33.684,0.086,0.086,0.073,5.385,96.282,5.493,0,0,5.506,5.509,NA,43
"5/27/2022 5:29:40 AM",5.991,29.963,50.855,80.94,72972.3,1033.711,33.686,0.07,0.07,0.044,5.377,96.428,5.501,0,0,5.514,5.517,NA,43
"5/27/2022 5:29:40 AM",6.038,29.962,50.852,80.935,72969.1,1033.71,33.684,0.086,0.086,0.015,5.381,96.386,5.499,0,0,5.511,5.515,NA,43
"5/27/2022 5:29:40 AM",6.064,29.962,50.845,80.925,72959.6,1033.704,33.678,0.086,0.086,0.015,5.382,96.338,5.497,0,0,5.509,5.513,NA,43
"5/27/2022 5:29:41 AM",6.055,29.96,50.845,80.922,72959.6,1033.705,33.679,0.078,0.078,0.044,5.382,96.348,5.497,0,0,5.509,5.513,NA,43
"5/27/2022 5:29:41 AM",6.021,29.957,50.848,80.922,72964.5,1033.708,33.683,0.086,0.086,0.029,5.383,96.261,5.492,0,0,5.504,5.508,NA,43
"5/27/2022 5:29:41 AM",5.934,29.957,50.847,80.919,72962.8,1033.707,33.682,0.086,0.086,0.044,5.377,96.225,5.49,0,0,5.503,5.506,NA,43
"5/27/2022 5:29:41 AM",5.857,29.955,50.849,80.92,72965.7,1033.709,33.684,0.07,0.07,0.044,5.373,96.331,5.496,0,0,5.509,5.512,NA,43
"5/27/2022 5:29:41 AM",5.746,29.954,50.848,80.917,72964.8,1033.708,33.684,0.078,0.078,0.058,5.376,96.346,5.497,0,0,5.51,5.513,NA,43
"5/27/2022 5:29:42 AM",5.64,29.954,50.846,80.913,72961.4,1033.706,33.682,0.078,0.078,0.029,5.378,96.367,5.499,0,0,5.511,5.515,NA,43
"5/27/2022 5:29:42 AM",5.531,29.951,50.844,80.907,72959.4,1033.705,33.682,0.078,0.078,0.044,5.368,96.283,5.494,0,0,5.507,5.51,NA,43
"5/27/2022 5:29:42 AM",5.51,29.951,50.84,80.901,72954.2,1033.702,33.678,0.094,0.094,0.015,5.366,96.354,5.498,0,0,5.51,5.514,NA,43
"5/27/2022 5:29:42 AM",5.496,29.952,50.837,80.899,72951,1033.7,33.676,0.078,0.078,0.015,5.367,96.18,5.489,0,0,5.501,5.504,NA,43
"5/27/2022 5:29:42 AM",5.486,29.953,50.836,80.898,72949.4,1033.698,33.675,0.078,0.078,0.058,5.367,96.34,5.498,0,0,5.51,5.513,NA,43
"5/27/2022 5:29:43 AM",5.473,29.955,50.833,80.898,72946.1,1033.696,33.672,0.086,0.086,0.044,5.37,96.415,5.502,0,0,5.514,5.517,NA,43
"5/27/2022 5:29:43 AM",5.449,29.956,50.83,80.895,72941.4,1033.692,33.669,0.086,0.086,0.044,5.371,96.368,5.499,0,0,5.512,5.515,NA,43
"5/27/2022 5:29:43 AM",5.4,29.956,50.829,80.893,72940,1033.691,33.668,0.062,0.062,0.029,5.367,96.366,5.499,0,0,5.512,5.515,NA,43
"5/27/2022 5:29:43 AM",5.348,29.957,50.828,80.892,72938.7,1033.69,33.667,0.07,0.07,0.029,5.365,96.362,5.499,0,0,5.511,5.515,NA,43
"5/27/2022 5:29:43 AM",5.265,29.957,50.825,80.889,72935.4,1033.688,33.665,0.086,0.086,0.044,5.366,96.362,5.499,0,0,5.511,5.515,NA,43
"5/27/2022 5:29:44 AM",5.194,29.958,50.825,80.89,72935,1033.687,33.665,0.094,0.094,0.058,5.358,96.373,5.5,0,0,5.512,5.515,NA,43
"5/27/2022 5:29:44 AM",5.112,29.958,50.821,80.886,72930.6,1033.684,33.662,0.086,0.086,0.073,5.358,96.24,5.492,0,0,5.504,5.508,NA,43
"5/27/2022 5:29:44 AM",5.056,29.958,50.82,80.884,72928.7,1033.682,33.661,0.07,0.07,0.015,5.358,96.2,5.49,0,0,5.502,5.505,NA,43
"5/27/2022 5:29:44 AM",5.023,29.958,50.819,80.882,72926.9,1033.681,33.66,0.086,0.086,0.029,5.365,96.336,5.498,0,0,5.51,5.513,NA,43
"5/27/2022 5:29:44 AM",4.962,29.958,50.816,80.878,72924.1,1033.679,33.658,0.086,0.086,0.044,5.36,96.343,5.498,0,0,5.51,5.514,NA,43
"5/27/2022 5:29:45 AM",4.888,29.955,50.817,80.874,72925.4,1033.681,33.66,0.078,0.078,0.073,5.366,96.371,5.5,0,0,5.512,5.516,NA,43
"5/27/2022 5:29:45 AM",4.853,29.953,50.814,80.869,72922.4,1033.679,33.659,0.109,0.109,0.087,5.366,96.277,5.495,0,0,5.507,5.51,NA,43
"5/27/2022 5:29:45 AM",4.874,29.954,50.811,80.865,72918,1033.676,33.656,0.094,0.094,0.058,5.365,96.272,5.494,0,0,5.506,5.51,NA,43
"5/27/2022 5:29:45 AM",4.923,29.956,50.809,80.866,72915,1033.674,33.653,0.086,0.086,0.073,5.365,96.329,5.497,0,0,5.509,5.513,NA,43
"5/27/2022 5:29:46 AM",4.966,29.958,50.808,80.867,72913.4,1033.673,33.652,0.078,0.078,0.044,5.352,96.263,5.494,0,0,5.506,5.509,NA,43
"5/27/2022 5:29:46 AM",5.041,29.958,50.81,80.869,72915.8,1033.675,33.653,0.094,0.094,0.058,5.359,96.377,5.5,0,0,5.512,5.516,NA,43
"5/27/2022 5:29:46 AM",5.082,29.958,50.809,80.869,72915.4,1033.675,33.653,0.086,0.086,0.073,5.359,96.281,5.495,0,0,5.507,5.51,NA,43
"5/27/2022 5:29:46 AM",5.117,29.957,50.807,80.865,72912.7,1033.673,33.651,0.086,0.086,0.029,5.365,96.381,5.501,0,0,5.513,5.516,NA,43
"5/27/2022 5:29:46 AM",5.098,29.956,50.809,80.865,72915.1,1033.675,33.653,0.078,0.078,0.029,5.369,96.307,5.496,0,0,5.508,5.512,NA,43
"5/27/2022 5:29:47 AM",5.062,29.955,50.812,80.868,72919.3,1033.678,33.656,0.062,0.062,0.029,5.367,96.384,5.5,0,0,5.513,5.516,NA,43
"5/27/2022 5:29:47 AM",4.942,29.956,50.812,80.87,72919.2,1033.677,33.656,0.078,0.078,0.029,5.359,96.319,5.496,0,0,5.509,5.512,NA,43
"5/27/2022 5:29:47 AM",4.877,29.957,50.807,80.864,72913.1,1033.673,33.652,0.07,0.07,0.044,5.359,96.35,5.499,0,0,5.511,5.514,NA,43
"5/27/2022 5:29:47 AM",4.818,29.957,50.799,80.853,72902.2,1033.666,33.645,0.078,0.078,0.044,5.354,96.304,5.496,0,0,5.508,5.512,NA,43
"5/27/2022 5:29:47 AM",4.763,29.957,50.805,80.862,72910.1,1033.67,33.65,0.078,0.078,0.029,5.347,96.268,5.494,0,0,5.506,5.51,NA,43
"5/27/2022 5:29:48 AM",4.686,29.958,50.802,80.859,72906,1033.667,33.647,0.086,0.086,0.044,5.349,96.29,5.495,0,0,5.507,5.511,NA,43
"5/27/2022 5:29:48 AM",4.632,29.959,50.799,80.855,72902.3,1033.665,33.645,0.086,0.086,0.044,5.353,96.355,5.499,0,0,5.511,5.515,NA,43
"5/27/2022 5:29:48 AM",4.566,29.958,50.8,80.856,72904.1,1033.666,33.646,0.101,0.101,0.058,5.352,96.321,5.497,0,0,5.509,5.513,NA,43
"5/27/2022 5:29:48 AM",4.511,29.958,50.799,80.855,72902.7,1033.664,33.645,0.078,0.078,0.044,5.344,96.417,5.503,0,0,5.515,5.518,NA,43
"5/27/2022 5:29:48 AM",4.476,29.958,50.797,80.852,72900.5,1033.663,33.644,0.086,0.086,0.058,5.302,96.408,5.502,0,0,5.514,5.518,NA,43
"5/27/2022 5:29:49 AM",4.452,29.957,50.803,80.859,72907.8,1033.668,33.649,0.078,0.078,0.058,5.288,96.384,5.5,0,0,5.513,5.516,NA,43
"5/27/2022 5:29:49 AM",4.45,29.959,50.824,80.89,72933.9,1033.683,33.664,0.086,0.086,0.058,5.285,96.27,5.494,0,0,5.506,5.509,NA,43
"5/27/2022 5:29:49 AM",4.441,29.966,50.842,80.926,72955.4,1033.694,33.675,0.086,0.086,0.044,5.281,96.352,5.497,0,0,5.51,5.513,NA,43
"5/27/2022 5:29:49 AM",4.436,29.977,50.838,80.936,72948.7,1033.687,33.668,0.086,0.086,0.029,5.283,96.365,5.498,0,0,5.51,5.514,NA,43
"5/27/2022 5:29:49 AM",4.417,29.987,50.835,80.946,72943.5,1033.681,33.662,0.101,0.101,0.044,5.283,96.401,5.5,0,0,5.512,5.516,NA,43
"5/27/2022 5:29:50 AM",4.36,29.99,50.834,80.949,72941.8,1033.679,33.66,0.101,0.101,0.029,5.279,96.424,5.501,0,0,5.513,5.517,NA,43
"5/27/2022 5:29:50 AM",4.29,29.993,50.825,80.941,72930.5,1033.671,33.652,0.086,0.086,0.029,5.283,96.513,5.506,0,0,5.518,5.522,NA,43
"5/27/2022 5:29:50 AM",4.214,29.992,50.825,80.94,72930.2,1033.67,33.652,0.078,0.078,0.058,5.287,96.436,5.502,0,0,5.514,5.517,NA,43
"5/27/2022 5:29:50 AM",4.163,29.991,50.825,80.939,72930.5,1033.671,33.653,0.078,0.078,0.058,5.294,96.429,5.501,0,0,5.513,5.517,NA,43
"5/27/2022 5:29:50 AM",4.106,29.992,50.82,80.933,72924.3,1033.666,33.649,0.109,0.109,0.044,5.298,96.414,5.5,0,0,5.513,5.516,NA,43
"5/27/2022 5:29:51 AM",4.075,29.993,50.816,80.929,72918.8,1033.663,33.645,0.086,0.086,0.058,5.304,96.406,5.5,0,0,5.512,5.515,NA,43
"5/27/2022 5:29:51 AM",4.054,29.993,50.811,80.922,72912.8,1033.659,33.642,0.07,0.07,0.058,5.311,96.398,5.499,0,0,5.512,5.515,NA,43
"5/27/2022 5:29:51 AM",4.033,29.992,50.812,80.921,72913.8,1033.66,33.643,0.07,0.07,0.044,5.308,96.455,5.502,0,0,5.515,5.518,NA,43
"5/27/2022 5:29:51 AM",3.986,29.991,50.815,80.926,72918.6,1033.663,33.646,0.078,0.078,0.058,5.312,96.44,5.501,0,0,5.514,5.517,NA,43
"5/27/2022 5:29:51 AM",3.944,29.992,50.815,80.927,72918.2,1033.662,33.645,0.086,0.086,0.044,5.315,96.545,5.507,0,0,5.52,5.523,NA,43
"5/27/2022 5:29:52 AM",3.904,29.993,50.815,80.927,72917.8,1033.661,33.645,0.094,0.094,0.044,5.308,96.493,5.504,0,0,5.516,5.52,NA,43
"5/27/2022 5:29:52 AM",3.849,29.994,50.806,80.916,72906.9,1033.654,33.638,0.086,0.086,0.073,5.311,96.436,5.501,0,0,5.514,5.517,NA,43
"5/27/2022 5:29:52 AM",3.845,29.99,50.802,80.905,72901.7,1033.652,33.636,0.086,0.086,0.029,5.317,96.385,5.499,0,0,5.511,5.514,NA,43
"5/27/2022 5:29:52 AM",3.873,29.989,50.796,80.895,72894.4,1033.648,33.632,0.086,0.086,0.058,5.319,96.426,5.501,0,0,5.513,5.517,NA,43
"5/27/2022 5:29:52 AM",3.908,29.985,50.794,80.886,72892.8,1033.649,33.632,0.086,0.086,0.044,5.316,96.466,5.504,0,0,5.516,5.519,NA,43
"5/27/2022 5:29:53 AM",3.949,29.983,50.793,80.882,72891.5,1033.648,33.632,0.078,0.078,0.044,5.322,96.422,5.501,0,0,5.513,5.517,NA,43
"5/27/2022 5:29:53 AM",4.005,29.982,50.794,80.882,72892.7,1033.65,33.633,0.094,0.094,0.044,5.325,96.477,5.504,0,0,5.517,5.52,NA,43
"5/27/2022 5:29:53 AM",4.045,29.981,50.795,80.882,72894,1033.651,33.634,0.101,0.101,0.029,5.33,96.32,5.495,0,0,5.508,5.511,NA,43
"5/27/2022 5:29:53 AM",4.048,29.982,50.789,80.875,72886.7,1033.646,33.629,0.094,0.094,0.029,5.326,96.329,5.496,0,0,5.508,5.512,NA,43
"5/27/2022 5:29:53 AM",4.033,29.981,50.788,80.873,72885.6,1033.646,33.628,0.086,0.086,0.029,5.33,96.459,5.503,0,0,5.516,5.519,NA,43
"5/27/2022 5:29:54 AM",3.996,29.98,50.79,80.873,72888.1,1033.647,33.63,0.07,0.07,0.029,5.329,96.352,5.497,0,0,5.509,5.513,NA,43
"5/27/2022 5:29:54 AM",3.942,29.98,50.788,80.871,72886.2,1033.646,33.629,0.07,0.07,0.058,5.329,96.356,5.498,0,0,5.51,5.513,NA,43
"5/27/2022 5:29:54 AM",3.913,29.98,50.787,80.87,72885,1033.645,33.629,0.086,0.086,0.044,5.331,96.448,5.503,0,0,5.516,5.519,NA,43
"5/27/2022 5:29:54 AM",3.878,29.98,50.787,80.869,72884.6,1033.645,33.628,0.086,0.086,0.058,5.329,96.425,5.502,0,0,5.514,5.517,NA,43
"5/27/2022 5:29:54 AM",3.849,29.979,50.784,80.864,72880.4,1033.642,33.626,0.101,0.101,0.058,5.328,96.371,5.499,0,0,5.511,5.514,NA,43
"5/27/2022 5:29:55 AM",3.77,29.979,50.773,80.849,72867.4,1033.634,33.618,0.078,0.078,0.044,5.333,96.365,5.499,0,0,5.511,5.514,NA,43
"5/27/2022 5:29:55 AM",3.72,29.976,50.772,80.843,72865.7,1033.634,33.618,0.07,0.07,0.015,5.331,96.418,5.502,0,0,5.514,5.518,NA,43
"5/27/2022 5:29:55 AM",3.666,29.974,50.773,80.842,72868,1033.635,33.62,0.094,0.094,0.029,5.325,96.409,5.501,0,0,5.514,5.517,NA,43
"5/27/2022 5:29:55 AM",3.624,29.974,50.772,80.84,72866.9,1033.635,33.619,0.086,0.086,0.015,5.328,96.351,5.498,0,0,5.51,5.514,NA,43
"5/27/2022 5:29:56 AM",3.591,29.972,50.769,80.833,72862.5,1033.632,33.617,0.078,0.078,0.015,5.325,96.331,5.497,0,0,5.509,5.513,NA,43
"5/27/2022 5:29:56 AM",3.565,29.972,50.769,80.833,72863.5,1033.633,33.618,0.086,0.086,0.029,5.326,96.409,5.502,0,0,5.514,5.518,NA,43
"5/27/2022 5:29:56 AM",3.527,29.972,50.769,80.833,72863.3,1033.633,33.618,0.086,0.086,0.058,5.327,96.41,5.502,0,0,5.514,5.518,NA,43
"5/27/2022 5:29:56 AM",3.48,29.973,50.766,80.83,72858.6,1033.629,33.614,0.086,0.086,0.044,5.331,96.348,5.499,0,0,5.511,5.514,NA,43
"5/27/2022 5:29:56 AM",3.428,29.973,50.765,80.829,72857.3,1033.628,33.614,0.086,0.086,0.044,5.332,96.373,5.5,0,0,5.512,5.516,NA,43
"5/27/2022 5:29:57 AM",3.346,29.973,50.756,80.817,72846.3,1033.621,33.607,0.078,0.078,0.015,5.335,96.485,5.507,0,0,5.519,5.522,NA,43
"5/27/2022 5:29:57 AM",3.286,29.973,50.754,80.813,72843.7,1033.619,33.606,0.07,0.07,0.015,5.334,96.408,5.502,0,0,5.515,5.518,NA,43
"5/27/2022 5:29:57 AM",3.204,29.972,50.753,80.811,72842.7,1033.619,33.605,0.078,0.078,0.044,5.333,96.291,5.495,0,0,5.508,5.511,NA,43
"5/27/2022 5:29:57 AM",3.134,29.973,50.749,80.808,72838.1,1033.615,33.602,0.078,0.078,0.044,5.333,96.405,5.502,0,0,5.514,5.518,NA,43
"5/27/2022 5:29:57 AM",3.049,29.974,50.746,80.803,72833.8,1033.612,33.599,0.078,0.078,0.044,5.34,96.484,5.507,0,0,5.519,5.523,NA,43
"5/27/2022 5:29:58 AM",3.011,29.973,50.739,80.793,72824.7,1033.607,33.594,0.094,0.094,0.044,5.337,96.512,5.509,0,0,5.521,5.524,NA,43
"5/27/2022 5:29:58 AM",2.983,29.973,50.738,80.791,72824.2,1033.607,33.594,0.086,0.086,0.029,5.339,96.48,5.507,0,0,5.519,5.522,NA,43
"5/27/2022 5:29:58 AM",2.948,29.973,50.739,80.792,72825.2,1033.607,33.594,0.07,0.07,0.015,5.34,96.426,5.503,0,0,5.516,5.519,NA,43
"5/27/2022 5:29:58 AM",2.919,29.975,50.732,80.787,72816.7,1033.601,33.589,0.086,0.086,0.015,5.339,96.38,5.501,0,0,5.514,5.517,NA,43
"5/27/2022 5:29:58 AM",2.912,29.976,50.732,80.787,72816,1033.6,33.588,0.07,0.07,0.029,5.34,96.273,5.495,0,0,5.507,5.511,NA,43
"5/27/2022 5:29:59 AM",2.9,29.975,50.732,80.787,72816.1,1033.6,33.588,0.086,0.086,0.058,5.34,96.343,5.499,0,0,5.511,5.515,NA,43
"5/27/2022 5:29:59 AM",2.908,29.975,50.73,80.783,72813.2,1033.599,33.586,0.078,0.078,0.029,5.342,96.427,5.504,0,0,5.516,5.52,NA,43
"5/27/2022 5:29:59 AM",2.942,29.975,50.73,80.784,72813.9,1033.599,33.587,0.078,0.078,0.029,5.338,96.455,5.506,0,0,5.518,5.521,NA,43
"5/27/2022 5:29:59 AM",3.046,29.975,50.73,80.784,72814.2,1033.6,33.587,0.07,0.07,0.029,5.339,96.435,5.504,0,0,5.517,5.52,NA,43
"5/27/2022 5:29:59 AM",3.107,29.975,50.73,80.783,72814.2,1033.6,33.587,0.07,0.07,0.044,5.339,96.386,5.502,0,0,5.514,5.517,NA,43
"5/27/2022 5:30:00 AM",3.122,29.975,50.73,80.783,72813.3,1033.6,33.586,0.078,0.078,0.044,5.339,96.372,5.5,0,0,5.513,5.516,NA,43
"5/27/2022 5:30:00 AM",3.133,29.975,50.729,80.782,72812.9,1033.6,33.586,0.078,0.078,0.044,5.34,96.447,5.505,0,0,5.517,5.521,NA,43
"5/27/2022 5:30:00 AM",3.157,29.976,50.729,80.783,72812.5,1033.599,33.586,0.086,0.086,0.058,5.344,96.479,5.507,0,0,5.519,5.523,NA,43
"5/27/2022 5:30:00 AM",3.152,29.975,50.729,80.782,72812.4,1033.599,33.586,0.078,0.078,0.058,5.346,96.304,5.497,0,0,5.509,5.512,NA,43
"5/27/2022 5:30:00 AM",3.14,29.975,50.727,80.779,72810.5,1033.598,33.585,0.086,0.086,0.058,5.342,96.341,5.499,0,0,5.511,5.515,NA,43
"5/27/2022 5:30:01 AM",3.114,29.975,50.726,80.779,72809.3,1033.597,33.584,0.094,0.094,0.087,5.342,96.237,5.493,0,0,5.505,5.509,NA,43
"5/27/2022 5:30:01 AM",3.063,29.975,50.727,80.779,72810.1,1033.598,33.585,0.101,0.101,0.058,5.339,96.447,5.505,0,0,5.517,5.521,NA,43
"5/27/2022 5:30:01 AM",2.948,29.975,50.725,80.776,72807.1,1033.595,33.583,0.086,0.086,0.044,5.335,96.416,5.503,0,0,5.516,5.519,NA,43
"5/27/2022 5:30:01 AM",2.855,29.975,50.724,80.775,72806,1033.594,33.582,0.078,0.078,0.058,5.337,96.35,5.5,0,0,5.512,5.515,NA,43
"5/27/2022 5:30:01 AM",2.75,29.975,50.723,80.774,72805.7,1033.594,33.582,0.086,0.086,0.044,5.334,96.328,5.498,0,0,5.511,5.514,NA,43
"5/27/2022 5:30:02 AM",2.639,29.975,50.718,80.767,72799,1033.589,33.578,0.078,0.078,0.044,5.336,96.274,5.495,0,0,5.508,5.511,NA,43
"5/27/2022 5:30:02 AM",2.552,29.974,50.718,80.765,72798.3,1033.589,33.578,0.062,0.062,0.058,5.336,96.36,5.501,0,0,5.513,5.516,NA,43
"5/27/2022 5:30:02 AM",2.41,29.974,50.696,80.733,72770.9,1033.571,33.561,0.07,0.07,0.029,5.335,96.392,5.503,0,0,5.515,5.519,NA,43
"5/27/2022 5:30:02 AM",2.338,29.973,50.69,80.725,72763.8,1033.567,33.557,0.07,0.07,0.058,5.333,96.327,5.499,0,0,5.511,5.515,NA,43
"5/27/2022 5:30:02 AM",2.241,29.973,50.688,80.723,72761.9,1033.565,33.556,0.078,0.078,0.029,5.338,96.403,5.504,0,0,5.516,5.519,NA,43
"5/27/2022 5:30:03 AM",2.163,29.974,50.687,80.722,72759.5,1033.563,33.554,0.078,0.078,0.044,5.342,96.352,5.501,0,0,5.513,5.516,NA,43
"5/27/2022 5:30:03 AM",2.099,29.97,50.679,80.705,72749.9,1033.558,33.549,0.07,0.07,0.058,5.343,96.386,5.503,0,0,5.515,5.519,NA,43
"5/27/2022 5:30:03 AM",2.088,29.969,50.678,80.702,72748.9,1033.558,33.549,0.078,0.078,0.058,5.345,96.373,5.502,0,0,5.515,5.518,NA,43
"5/27/2022 5:30:03 AM",2.1,29.97,50.677,80.701,72747.6,1033.557,33.548,0.078,0.078,0.029,5.342,96.322,5.5,0,0,5.512,5.515,NA,43
"5/27/2022 5:30:03 AM",2.128,29.969,50.67,80.691,72739.6,1033.553,33.544,0.094,0.094,0.015,5.342,96.451,5.507,0,0,5.519,5.523,NA,43
"5/27/2022 5:30:04 AM",2.149,29.965,50.68,80.699,72752.3,1033.562,33.552,0.078,0.078,0.029,5.337,96.462,5.507,0,0,5.52,5.523,NA,43
"5/27/2022 5:30:04 AM",2.163,29.966,50.672,80.69,72742.8,1033.556,33.546,0.094,0.094,0.029,5.335,96.409,5.505,0,0,5.517,5.52,NA,43
"5/27/2022 5:30:04 AM",2.179,29.965,50.68,80.7,72752.5,1033.562,33.552,0.078,0.078,0.029,5.334,96.393,5.504,0,0,5.516,5.519,NA,43
"5/27/2022 5:30:04 AM",2.163,29.966,50.682,80.703,72754.8,1033.563,33.554,0.086,0.086,0.073,5.336,96.461,5.508,0,0,5.52,5.524,NA,43
"5/27/2022 5:30:05 AM",2.116,29.968,50.671,80.692,72741.2,1033.554,33.545,0.086,0.086,0.029,5.333,96.325,5.5,0,0,5.512,5.516,NA,43
"5/27/2022 5:30:05 AM",2.008,29.966,50.669,80.686,72739.1,1033.553,33.544,0.086,0.086,0.058,5.338,96.344,5.501,0,0,5.514,5.517,NA,43
"5/27/2022 5:30:05 AM",1.944,29.965,50.67,80.685,72740.1,1033.553,33.545,0.078,0.078,0.029,5.339,96.262,5.496,0,0,5.509,5.512,NA,43
"5/27/2022 5:30:05 AM",1.861,29.965,50.669,80.684,72738.7,1033.552,33.544,0.094,0.094,0.044,5.338,96.324,5.5,0,0,5.512,5.516,NA,43
"5/27/2022 5:30:05 AM",1.765,29.964,50.667,80.68,72736.5,1033.551,33.543,0.078,0.078,0.044,5.334,96.405,5.505,0,0,5.517,5.521,NA,43
"5/27/2022 5:30:06 AM",1.631,29.958,50.658,80.658,72725.9,1033.546,33.539,0.07,0.07,0.029,5.333,96.267,5.497,0,0,5.51,5.513,NA,43
"5/27/2022 5:30:06 AM",1.537,29.954,50.66,80.655,72729.1,1033.548,33.542,0.07,0.07,0.029,5.337,96.265,5.497,0,0,5.51,5.513,NA,43
"5/27/2022 5:30:06 AM",1.428,29.951,50.654,80.642,72722,1033.544,33.538,0.07,0.07,0.029,5.339,96.357,5.503,0,0,5.515,5.519,NA,43
"5/27/2022 5:30:06 AM",1.344,29.949,50.648,80.631,72714.4,1033.54,33.534,0.078,0.078,0.044,5.339,96.335,5.502,0,0,5.514,5.517,NA,43
"5/27/2022 5:30:06 AM",1.275,29.948,50.651,80.634,72718.2,1033.542,33.537,0.062,0.062,0.029,5.341,96.237,5.496,0,0,5.509,5.512,NA,43
"5/27/2022 5:30:07 AM",1.296,29.948,50.647,80.629,72713.3,1033.539,33.534,0.086,0.086,0.029,5.35,96.352,5.503,0,0,5.515,5.519,NA,43
"5/27/2022 5:30:07 AM",1.374,29.947,50.647,80.627,72712.8,1033.54,33.534,0.086,0.086,0.029,5.346,96.435,5.508,0,0,5.521,5.524,NA,43
"5/27/2022 5:30:07 AM",1.437,29.946,50.647,80.625,72713,1033.54,33.534,0.07,0.07,0.044,5.346,96.388,5.505,0,0,5.518,5.521,NA,43
"5/27/2022 5:30:07 AM",1.466,29.945,50.643,80.618,72708.5,1033.538,33.532,0.062,0.062,0.058,5.344,96.349,5.503,0,0,5.516,5.519,NA,43
"5/27/2022 5:30:07 AM",1.501,29.945,50.642,80.617,72706.6,1033.537,33.531,0.07,0.07,0.073,5.34,96.308,5.501,0,0,5.514,5.517,NA,43
"5/27/2022 5:30:08 AM",1.518,29.944,50.644,80.619,72709.4,1033.539,33.532,0.086,0.086,0.087,5.338,96.292,5.5,0,0,5.513,5.516,NA,43
"5/27/2022 5:30:08 AM",1.492,29.944,50.647,80.622,72713.1,1033.541,33.535,0.078,0.078,0.073,5.338,96.347,5.503,0,0,5.516,5.519,NA,43
"5/27/2022 5:30:08 AM",1.473,29.944,50.644,80.619,72710,1033.539,33.533,0.094,0.094,0.073,5.34,96.348,5.504,0,0,5.516,5.519,NA,43
"5/27/2022 5:30:08 AM",1.409,29.944,50.646,80.62,72712.1,1033.54,33.534,0.086,0.086,0.058,5.339,96.265,5.499,0,0,5.511,5.514,NA,43
"5/27/2022 5:30:08 AM",1.346,29.943,50.644,80.618,72710,1033.539,33.533,0.086,0.086,0.058,5.339,96.48,5.511,0,0,5.523,5.527,NA,43
"5/27/2022 5:30:09 AM",1.291,29.943,50.643,80.616,72709.1,1033.538,33.533,0.086,0.086,0.044,5.342,96.33,5.503,0,0,5.515,5.518,NA,43
"5/27/2022 5:30:09 AM",1.212,29.944,50.644,80.617,72709.4,1033.538,33.533,0.078,0.078,0.029,5.34,96.318,5.502,0,0,5.514,5.518,NA,43
"5/27/2022 5:30:09 AM",1.124,29.945,50.642,80.617,72706.9,1033.536,33.531,0.07,0.07,0.044,5.332,96.379,5.506,0,0,5.518,5.522,NA,43
"5/27/2022 5:30:09 AM",0.945,29.946,50.638,80.612,72701.4,1033.531,33.527,0.086,0.086,0.029,5.333,96.421,5.508,0,0,5.52,5.524,NA,43
"5/27/2022 5:30:09 AM",0.807,29.947,50.634,80.609,72696.7,1033.528,33.524,0.094,0.094,0.044,5.328,96.396,5.507,0,0,5.519,5.522,NA,43
"5/27/2022 5:30:10 AM",0.661,29.948,50.63,80.605,72692,1033.524,33.521,0.078,0.078,0.044,5.324,96.378,5.506,0,0,5.518,5.522,NA,43
"5/27/2022 5:30:10 AM",0.517,29.947,50.625,80.595,72685,1033.519,33.517,0.078,0.078,0.073,5.322,96.329,5.503,0,0,5.515,5.519,NA,43
"5/27/2022 5:30:10 AM",0.429,29.946,50.622,80.59,72681.3,1033.517,33.515,0.078,0.078,0.044,5.322,96.419,5.508,0,0,5.521,5.524,NA,43
"5/27/2022 5:30:10 AM",0.316,29.946,50.615,80.58,72672.7,1033.511,33.51,0.078,0.078,0.058,5.323,96.287,5.501,0,0,5.513,5.517,NA,43
"5/27/2022 5:30:10 AM",0.21,29.947,50.611,80.575,72667.3,1033.508,33.507,0.062,0.062,0.044,5.324,96.366,5.506,0,0,5.518,5.521,NA,43
"5/27/2022 5:30:11 AM",0.131,29.946,50.615,80.581,72672.8,1033.511,33.51,0.07,0.07,0,5.327,96.25,5.499,0,0,5.511,5.514,NA,43
"5/27/2022 5:30:11 AM",0.013,29.948,50.627,80.601,72687.6,1033.519,33.519,0.086,0.086,0.044,5.327,96.284,5.5,0,0,5.513,5.516,NA,43
"5/27/2022 5:30:11 AM",0,29.971,50.637,80.647,72697,1033.518,33.518,0.086,0.086,0.073,5.329,96.332,5.503,0,0,5.515,5.518,NA,43
"5/27/2022 5:30:11 AM",0.025,29.992,50.62,80.655,72673.6,1033.498,33.497,0.109,0.109,0.058,5.33,96.481,5.511,0.085,0,5.523,5.526,NA,43
"5/27/2022 5:30:11 AM",0.067,29.999,50.603,80.642,72651.3,1033.482,33.482,0.101,0.101,0.044,5.326,96.425,5.507,0.17,0,5.519,5.523,NA,43
"5/27/2022 5:30:12 AM",0.109,29.991,50.596,80.62,72643.3,1033.48,33.479,0.14,0.14,0.16,5.32,96.247,5.497,0.255,0,5.509,5.513,NA,43
"5/27/2022 5:30:12 AM",0.088,29.981,50.605,80.619,72656.4,1033.49,33.49,0.094,0.094,0.073,5.321,96.351,5.503,0.17,0,5.515,5.518,NA,43
"5/27/2022 5:30:12 AM",0.025,29.974,50.61,80.614,72663,1033.496,33.496,0.086,0.086,0.015,5.323,96.318,5.501,0.085,0,5.513,5.516,NA,43
"5/27/2022 5:30:12 AM",0.01,29.971,50.616,80.62,72671.5,1033.502,33.502,0.086,0.086,0.015,5.319,96.301,5.5,0.085,0,5.512,5.515,NA,43
"5/27/2022 5:30:12 AM",0.003,29.975,50.608,80.614,72661,1033.495,33.495,0.086,0.086,0.029,5.315,96.39,5.505,0.17,0,5.517,5.521,NA,43
"5/27/2022 5:30:13 AM",0,29.973,50.61,80.614,72663.4,1033.497,33.497,0.086,0.086,0.073,5.315,96.433,5.507,0.255,0,5.52,5.523,NA,43
"5/27/2022 5:30:13 AM",0,29.968,50.616,80.614,72671.3,1033.503,33.503,0.101,0.101,0.058,5.315,96.291,5.499,0.17,0,5.512,5.515,NA,43
"5/27/2022 5:30:13 AM",0,29.971,50.607,80.606,72660,1033.494,33.495,0.094,0.094,0.073,5.315,96.253,5.497,0.255,0,5.51,5.513,NA,43
"5/27/2022 5:30:13 AM",0,29.972,50.585,80.577,72631.6,1033.476,33.478,0.086,0.086,0.073,5.324,96.436,5.508,0.425,0,5.521,5.524,NA,43
"5/27/2022 5:30:14 AM",0,29.961,50.595,80.575,72646.1,1033.488,33.49,0.094,0.094,0.058,5.35,96.38,5.505,0.51,0,5.517,5.521,NA,43
"5/27/2022 5:30:14 AM",0,29.947,2.495,5.152,4646.4,997.528,0,243.235,243.235,671.631,5.357,96.316,7.166,0.51,0,7.187,7.186,NA,43
"5/27/2022 5:30:14 AM",0,29.897,1.408,3,2708.2,996.732,0,444.916,444.916,1196.023,5.355,96.233,7.204,0.51,0,7.224,7.224,NA,43
"5/27/2022 5:30:14 AM",0,29.771,1.061,2.287,2069.9,996.51,0,506.05,506.05,1130.96,5.359,96.122,7.21,0.595,0,7.231,7.231,NA,43
"5/27/2022 5:30:14 AM",0,29.688,0.907,1.967,1782.6,996.42,0,506.05,506.05,849.812,5.354,96.081,7.213,0.51,0,7.234,7.234,NA,43
"5/27/2022 5:30:15 AM",0,29.671,0.827,1.801,1633.5,996.366,0,418.221,418.221,847.63,5.356,95.973,7.21,0.51,0,7.231,7.231,NA,43
"5/27/2022 5:30:15 AM",0,29.518,0.693,1.516,1379.4,996.311,0,367.368,367.368,516.301,5.363,96.004,7.22,0.51,0,7.24,7.24,NA,43
"5/27/2022 5:30:15 AM",0,29.492,0.673,1.474,1341.6,996.304,0,186.609,186.609,175.644,5.36,95.899,7.214,0.51,0,7.235,7.235,NA,43
"5/27/2022 5:30:15 AM",0,29.375,0.616,1.351,1232.5,996.296,0,189.418,189.418,316.928,5.361,95.89,7.217,0.51,0,7.238,7.238,NA,43
"5/27/2022 5:30:15 AM",0,29.22,0.58,1.271,1163.5,996.315,0,165.969,165.969,147.195,5.363,95.939,7.224,0.595,0,7.245,7.245,NA,43
"5/27/2022 5:30:16 AM",0,29.072,0.531,1.164,1068.5,996.322,0,132.792,132.792,71.681,5.365,95.684,7.212,0.595,0,7.232,7.232,NA,43
"5/27/2022 5:30:16 AM",0,29.009,0.517,1.133,1041.1,996.33,0,174.854,174.854,97.749,5.367,95.621,7.21,0.68,0,7.231,7.231,NA,43
"5/27/2022 5:30:16 AM",0,28.951,0.495,1.085,998.3,996.33,0,258.267,258.267,546.819,5.367,95.566,7.208,0.68,0,7.229,7.229,NA,43
"5/27/2022 5:30:16 AM",0,28.809,0.451,0.989,912.3,996.339,0,506.05,506.05,394.847,5.369,95.609,7.215,0.68,0,7.235,7.235,NA,43
"5/27/2022 5:30:16 AM",0,28.614,0.44,0.962,891.1,996.388,0,281.389,281.389,184.922,5.374,95.388,7.201,0.68,0,7.222,7.222,NA,43
"5/27/2022 5:30:17 AM",0,28.39,0.426,0.929,864.7,996.442,0,160.688,160.688,128.76,5.378,95.266,7.196,0.68,0,7.216,7.216,NA,43
"5/27/2022 5:30:17 AM",0,28.273,0.417,0.908,846.7,996.469,0,97.689,97.689,53.92,5.375,94.937,7.174,0.85,0,7.194,7.194,NA,43
"5/27/2022 5:30:17 AM",0,28.217,0.401,0.874,816,996.473,0,308.254,308.254,700.509,5.363,94.676,7.156,0.935,0,7.176,7.176,NA,43
"5/27/2022 5:30:17 AM",0,28.207,0.386,0.842,786.4,996.465,0,506.05,506.05,501.112,5.357,94.793,7.166,1.02,0,7.187,7.187,NA,43
"5/27/2022 5:30:17 AM",0,28.23,0.38,0.83,774.6,996.454,0,305.376,305.376,146.677,5.358,94.831,7.171,0.935,0,7.191,7.191,NA,43
"5/27/2022 5:30:18 AM",0,28.197,0.373,0.814,760.4,996.458,0,170.314,170.314,296.209,5.353,94.742,7.167,0.85,0,7.187,7.187,NA,43
"5/27/2022 5:30:18 AM",0,28.133,0.385,0.837,783.1,996.485,0,193.739,193.739,192.105,5.359,94.608,7.158,0.68,0,7.178,7.178,NA,43
"5/27/2022 5:30:18 AM",0,28.002,0.361,0.786,737.2,996.504,0,133.19,133.19,147.211,5.362,94.273,7.134,0.765,0,7.155,7.155,NA,43
"5/27/2022 5:30:18 AM",0,27.932,0.36,0.781,733.5,996.523,0,37.327,37.327,39.389,5.361,94.123,7.125,0.68,0,7.145,7.145,NA,43
"5/27/2022 5:30:18 AM",0,27.895,0.404,0.873,820.9,996.567,0,5.804,5.804,5.428,5.351,93.779,7.098,0.34,0,7.119,7.119,NA,43
"5/27/2022 5:30:19 AM",0,27.698,0.702,1.481,1398.1,996.846,0,2.231,2.231,1.85,5.348,93.126,7.038,0.255,0,7.059,7.059,NA,43
"5/27/2022 5:30:19 AM",0,27.411,1.412,2.868,2723.3,997.46,0,1.287,1.287,1.34,5.344,92.781,6.987,0.17,0,7.007,7.007,NA,43
"5/27/2022 5:30:19 AM",0,27.261,0.803,1.67,1590.7,997.045,0,0.928,0.928,1.18,5.342,92.526,6.992,0.085,0,7.013,7.013,NA,43
"5/27/2022 5:30:19 AM",0,27.113,0.55,1.159,1107.5,996.896,0,0.437,0.437,0.393,5.341,92.651,7.013,0.34,0,7.033,7.033,NA,43
"5/27/2022 5:30:19 AM",0,27.059,0.468,0.99,947.4,996.849,0,0.312,0.312,0.539,5.347,92.91,7.038,0.68,0,7.058,7.058,NA,43
"5/27/2022 5:30:20 AM",0,27.014,0.454,0.96,919.6,996.851,0,0.406,0.406,1.078,5.344,93.151,7.058,0.68,0,7.078,7.078,NA,43
"5/27/2022 5:30:20 AM",0,26.955,0.384,0.816,782.8,996.815,0,0.335,0.335,1.646,5.345,93.355,7.077,0.68,0,7.098,7.098,NA,43
"5/27/2022 5:30:20 AM",0,26.85,0.381,0.809,777,996.841,0,2.73,2.73,2.872,5.349,93.44,7.085,0.765,0,7.105,7.105,NA,43
"5/27/2022 5:30:20 AM",0,26.814,0.364,0.774,744.3,996.839,0,80.067,80.067,18.04,5.348,93.546,7.095,0.765,0,7.115,7.115,NA,43
"5/27/2022 5:30:20 AM",0,27.775,1.688,3.42,3222.9,997.564,0,51.859,51.859,93.635,5.354,95.221,7.166,0.68,0,7.186,7.186,NA,43
"5/27/2022 5:30:21 AM",0,29.304,1.572,3.293,3007.8,997.033,0,15.126,15.126,31.467,5.356,95.722,7.201,0.68,0,7.222,7.222,NA,43
"5/27/2022 5:30:21 AM",0,29.677,1.614,3.398,3081.4,996.952,0,5.601,5.601,16.534,5.356,95.513,7.177,0.595,0,7.198,7.198,NA,43
"5/27/2022 5:30:21 AM",0,29.78,1.622,3.423,3097.1,996.927,0,3.666,3.666,12.968,5.355,95.013,7.133,0.765,0,7.154,7.154,NA,43
"5/27/2022 5:30:21 AM",0,29.819,1.593,3.367,3044.2,996.894,0,3.542,3.542,13.837,5.357,94.649,7.102,0.935,0,7.123,7.123,NA,43
"5/27/2022 5:30:21 AM",0,29.826,1.609,3.399,3073.1,996.904,0,2.449,2.449,12.306,5.357,94.403,7.081,1.02,0,7.101,7.101,NA,43
"5/27/2022 5:30:22 AM",0,29.826,1.611,3.403,3076,996.905,0,2.13,2.13,11.865,5.361,94.212,7.065,1.02,0,7.085,7.085,NA,43
"5/27/2022 5:30:22 AM",0,29.832,1.553,3.286,2970.6,996.859,0,2.02,2.02,11.762,5.364,94.2,7.065,1.02,0,7.085,7.085,NA,43
"5/27/2022 5:30:22 AM",0,29.84,1.532,3.247,2934.1,996.842,0,1.966,1.966,11.718,5.366,94.041,7.052,1.02,0,7.072,7.072,NA,43
"5/27/2022 5:30:22 AM",0,29.842,1.54,3.262,2947.7,996.847,0,1.942,1.942,11.703,5.369,93.914,7.042,1.02,0,7.062,7.062,NA,43
"5/27/2022 5:30:22 AM",0,29.844,1.49,3.162,2857.9,996.809,0,1.927,1.927,11.645,5.372,93.749,7.031,1.104,0,7.051,7.051,NA,43
"5/27/2022 5:30:23 AM",0,29.846,1.538,3.259,2944.9,996.845,0,1.927,1.927,11.674,5.372,93.792,7.032,1.104,0,7.052,7.052,NA,43
"5/27/2022 5:30:23 AM",0,29.845,1.51,3.202,2893.3,996.824,0,1.911,1.911,11.645,5.37,93.643,7.021,1.104,0,7.041,7.041,NA,43
"5/27/2022 5:30:23 AM",0,29.845,1.539,3.26,2946.3,996.845,0,1.903,1.903,11.586,5.369,93.602,7.017,1.189,0,7.037,7.037,NA,43
"5/27/2022 5:30:23 AM",0,29.843,1.502,3.185,2878.3,996.818,0,1.919,1.919,11.571,5.361,93.676,7.024,1.189,0,7.044,7.044,NA,43
"5/27/2022 5:30:23 AM",0,29.843,1.497,3.175,2869.2,996.814,0,1.911,1.911,11.601,5.353,93.577,7.016,1.189,0,7.036,7.036,NA,43
"5/27/2022 5:30:24 AM",0,29.842,1.449,3.078,2782.1,996.779,0,1.911,1.911,11.615,5.351,93.482,7.01,1.189,0,7.031,7.031,NA,43
"5/27/2022 5:30:24 AM",0,29.838,1.439,3.058,2764.1,996.773,0,1.888,1.888,11.601,5.351,93.567,7.017,1.189,0,7.038,7.038,NA,43
"5/27/2022 5:30:24 AM",0,29.837,1.409,2.999,2710.5,996.751,0,1.888,1.888,11.615,5.345,93.567,7.018,1.104,0,7.039,7.039,NA,43
"5/27/2022 5:30:24 AM",0,29.838,1.406,2.993,2704.8,996.748,0,1.888,1.888,11.615,5.341,93.445,7.009,1.104,0,7.029,7.029,NA,43
"5/27/2022 5:30:25 AM",0,29.834,1.307,2.793,2524.3,996.676,0,1.88,1.88,11.63,5.342,93.393,7.009,1.104,0,7.03,7.03,NA,43
"5/27/2022 5:30:25 AM",0,29.834,1.289,2.755,2490.4,996.662,0,1.872,1.872,11.645,5.347,93.423,7.012,1.104,0,7.032,7.032,NA,43
"5/27/2022 5:30:25 AM",0,29.834,1.253,2.683,2425.3,996.635,0,1.872,1.872,11.615,5.346,93.454,7.016,1.104,0,7.036,7.036,NA,43
"5/27/2022 5:30:25 AM",0,29.832,1.184,2.541,2297,996.584,0,1.872,1.872,11.645,5.344,93.421,7.016,1.104,0,7.036,7.036,NA,43
"5/27/2022 5:34:11 AM",0,29.951,50.935,81.029,73069.8,1033.749,33.751,0.086,0.086,0.102,6.311,97.071,5.544,1.954,0,5.556,5.56,NA,43
"5/27/2022 5:34:11 AM",0,29.956,50.931,81.03,73063.7,1033.744,33.746,0.078,0.078,0.058,6.353,97.079,5.544,1.954,0,5.556,5.56,NA,43
"5/27/2022 5:34:11 AM",0,29.958,50.928,81.03,73059.9,1033.741,33.743,0.094,0.094,0.073,6.378,97.041,5.541,1.954,0,5.554,5.557,NA,43
"5/27/2022 5:34:11 AM",0,29.96,50.925,81.028,73056.6,1033.738,33.74,0.078,0.078,0.058,6.401,96.841,5.53,1.784,0,5.542,5.545,NA,43
"5/27/2022 5:34:12 AM",0,29.96,50.925,81.03,73056.9,1033.738,33.74,0.094,0.094,0.044,6.421,96.807,5.528,1.784,0,5.54,5.544,NA,43
"5/27/2022 5:34:12 AM",0,29.959,51.017,81.153,73170.4,1033.808,33.81,0.094,0.094,0.073,6.45,96.814,5.525,1.784,0,5.537,5.541,NA,43
"5/27/2022 5:34:12 AM",0,30.042,51.685,82.196,73988.7,1034.284,34.286,58.841,58.841,161.693,6.469,96.95,5.511,1.699,0,5.524,5.527,NA,43
"5/27/2022 5:34:12 AM",0,30.345,50.582,81.12,72584.7,1033.34,33.342,126.115,126.115,239.699,6.488,97.213,5.556,1.699,0,5.568,5.572,NA,43
"5/27/2022 5:34:12 AM",0,30.361,50.668,81.262,72689.1,1033.399,33.401,56.493,56.493,127.162,6.506,97.163,5.547,1.699,0,5.559,5.563,NA,43
"5/27/2022 5:34:13 AM",0,30.241,50.677,81.1,72715.3,1033.45,33.451,32.81,32.81,47.723,6.525,97.108,5.542,1.869,0,5.554,5.558,NA,43
"5/27/2022 5:34:13 AM",0,30.065,50.827,81.048,72922.3,1033.627,33.628,8.908,8.908,9.09,6.546,96.697,5.514,1.02,0,5.526,5.53,NA,43
"5/27/2022 5:34:13 AM",0,30.001,50.891,81.041,73008.7,1033.699,33.699,2.551,2.551,2.609,6.556,96.593,5.508,0.85,0,5.52,5.523,NA,43
"5/27/2022 5:34:13 AM",0,29.974,50.917,81.039,73045.4,1033.729,33.729,0.866,0.866,0.874,6.565,96.584,5.508,0.68,0,5.521,5.524,NA,43
"5/27/2022 5:34:13 AM",0.017,29.967,50.923,81.035,73052.9,1033.736,33.736,0.359,0.359,0.32,6.575,96.524,5.506,0.51,0,5.518,5.522,NA,43
"5/27/2022 5:34:14 AM",0.168,29.965,50.927,81.038,73058.5,1033.74,33.74,0.164,0.164,0.146,6.59,96.539,5.508,0.34,0,5.52,5.524,NA,43
"5/27/2022 5:34:14 AM",0.26,29.964,50.927,81.038,73059.3,1033.742,33.74,0.14,0.14,0.146,6.599,96.583,5.511,0.425,0,5.523,5.527,NA,43
"5/27/2022 5:34:14 AM",0.361,29.964,50.931,81.043,73063.6,1033.744,33.743,0.117,0.117,0.131,6.611,96.467,5.504,0.425,0,5.517,5.52,NA,43
"5/27/2022 5:34:14 AM",0.458,29.965,50.934,81.049,73067.7,1033.747,33.745,0.101,0.101,0.131,6.619,96.523,5.508,0.34,0,5.521,5.524,NA,43
"5/27/2022 5:34:14 AM",0.564,29.963,50.931,81.042,73063.3,1033.745,33.743,0.101,0.101,0.087,6.626,96.42,5.503,0.255,0,5.515,5.518,NA,43
"5/27/2022 5:34:15 AM",0.717,29.961,50.93,81.038,73063.1,1033.746,33.743,0.109,0.109,0.102,6.642,96.479,5.506,0.255,0,5.518,5.522,NA,43
"5/27/2022 5:34:15 AM",0.715,29.963,50.941,81.056,73076.1,1033.754,33.751,0.094,0.094,0.102,6.65,96.504,5.507,0.34,0,5.52,5.523,NA,43
"5/27/2022 5:34:15 AM",0.688,29.963,50.932,81.043,73065.8,1033.748,33.745,0.086,0.086,0.073,6.657,96.561,5.511,0.51,0,5.523,5.526,NA,43
"5/27/2022 5:34:15 AM",0.587,29.96,50.935,81.042,73069,1033.75,33.747,0.094,0.094,0.087,6.664,96.512,5.508,0.51,0,5.52,5.524,NA,43
"5/27/2022 5:34:15 AM",0.495,29.957,50.942,81.048,73078.4,1033.756,33.754,0.078,0.078,0.087,6.669,96.51,5.508,0.51,0,5.52,5.524,NA,43
"5/27/2022 5:34:16 AM",0.399,29.958,50.929,81.032,73061.9,1033.745,33.744,0.086,0.086,0.131,6.674,96.439,5.504,0.51,0,5.517,5.52,NA,43
"5/27/2022 5:34:16 AM",0.364,29.959,50.936,81.043,73070,1033.75,33.748,0.109,0.109,0.131,6.679,96.469,5.506,0.51,0,5.518,5.521,NA,43
"5/27/2022 5:34:16 AM",0.352,29.959,50.937,81.045,73072.1,1033.751,33.749,0.257,0.257,0.583,6.685,96.467,5.506,0.425,0,5.518,5.522,NA,43
"5/27/2022 5:34:16 AM",0.37,29.96,50.937,81.046,73071.9,1033.751,33.749,0.647,0.647,0.393,6.687,96.545,5.51,0.51,0,5.523,5.526,NA,43
"5/27/2022 5:34:16 AM",0.432,29.963,50.934,81.046,73068.2,1033.748,33.746,0.156,0.156,0.102,6.696,96.597,5.513,0.68,0,5.526,5.529,NA,43
"5/27/2022 5:34:17 AM",0.497,29.963,50.932,81.044,73065.3,1033.746,33.744,0.109,0.109,0.015,6.697,96.517,5.509,0.68,0,5.521,5.524,NA,43
"5/27/2022 5:34:17 AM",0.563,29.964,50.931,81.043,73064.4,1033.746,33.743,0.086,0.086,0.044,6.7,96.525,5.509,0.51,0,5.521,5.525,NA,43
"5/27/2022 5:34:17 AM",0.648,29.962,50.932,81.041,73065,1033.747,33.744,0.07,0.07,0.044,6.702,96.42,5.503,0.425,0,5.515,5.519,NA,43
"5/27/2022 5:34:17 AM",0.762,29.962,50.93,81.039,73063,1033.746,33.743,0.39,0.39,0.131,6.705,96.442,5.504,0.34,0,5.516,5.52,NA,43
"5/27/2022 5:34:17 AM",0.91,29.967,50.937,81.056,73071.3,1033.751,33.747,0.125,0.125,0.058,6.712,96.468,5.506,0.34,0,5.518,5.522,NA,43
"5/27/2022 5:34:18 AM",0.985,29.968,50.938,81.059,73072.2,1033.751,33.747,0.094,0.094,0.029,6.716,96.539,5.509,0.425,0,5.522,5.525,NA,43
"5/27/2022 5:34:18 AM",1.058,29.968,50.94,81.063,73075.1,1033.753,33.749,0.078,0.078,0.058,6.717,96.495,5.507,0.425,0,5.519,5.523,NA,43
"5/27/2022 5:34:18 AM",1.098,29.971,50.941,81.068,73076.2,1033.753,33.748,0.07,0.07,0.029,6.72,96.562,5.51,0.425,0,5.523,5.526,NA,43
"5/27/2022 5:34:18 AM",1.113,29.971,50.949,81.078,73085.3,1033.759,33.754,0.078,0.078,0.044,6.722,96.419,5.502,0.425,0,5.514,5.518,NA,43
"5/27/2022 5:34:19 AM",1.153,29.972,50.946,81.076,73082,1033.757,33.752,0.086,0.086,0.044,6.723,96.44,5.503,0.34,0,5.515,5.519,NA,43
"5/27/2022 5:34:19 AM",1.218,29.975,50.942,81.076,73077.1,1033.753,33.748,0.086,0.086,0.073,6.723,96.497,5.506,0.34,0,5.519,5.522,NA,43
"5/27/2022 5:34:19 AM",1.287,29.975,50.942,81.076,73077,1033.753,33.748,0.07,0.07,0.058,6.723,96.538,5.509,0.255,0,5.521,5.524,NA,43
"5/27/2022 5:34:19 AM",1.271,29.973,50.95,81.083,73087.2,1033.76,33.755,0.07,0.07,0.058,6.729,96.535,5.508,0.425,0,5.521,5.524,NA,43
"5/27/2022 5:34:19 AM",1.235,29.973,50.946,81.077,73081.4,1033.756,33.751,0.078,0.078,0.044,6.731,96.495,5.506,0.51,0,5.518,5.522,NA,43
"5/27/2022 5:34:20 AM",1.16,29.972,50.945,81.073,73080.4,1033.756,33.751,0.07,0.07,0.044,6.731,96.512,5.507,0.51,0,5.519,5.523,NA,43
"5/27/2022 5:34:20 AM",1.099,29.972,50.939,81.066,73073.5,1033.751,33.747,0.078,0.078,0.029,6.734,96.473,5.505,0.425,0,5.518,5.521,NA,43
"5/27/2022 5:34:20 AM",1.035,29.971,50.936,81.06,73069,1033.748,33.744,0.07,0.07,0.029,6.737,96.484,5.506,0.425,0,5.518,5.521,NA,43
"5/27/2022 5:34:20 AM",1.004,29.972,50.934,81.059,73066.8,1033.747,33.743,0.078,0.078,0.044,6.738,96.53,5.508,0.425,0,5.521,5.524,NA,43
"5/27/2022 5:34:20 AM",0.974,29.971,50.935,81.058,73067.8,1033.748,33.743,0.086,0.086,0.058,6.737,96.5,5.507,0.425,0,5.519,5.523,NA,43
"5/27/2022 5:34:21 AM",0.952,29.971,50.933,81.055,73065.2,1033.746,33.742,0.086,0.086,0.044,6.735,96.55,5.51,0.51,0,5.522,5.526,NA,43
"5/27/2022 5:34:21 AM",0.915,29.97,50.932,81.054,73064.9,1033.746,33.742,0.094,0.094,0.044,6.735,96.508,5.508,0.595,0,5.52,5.523,NA,43
"5/27/2022 5:34:21 AM",0.867,29.969,50.929,81.049,73061,1033.743,33.74,0.086,0.086,0.044,6.737,96.45,5.504,0.51,0,5.517,5.52,NA,43
"5/27/2022 5:34:21 AM",0.832,29.969,50.928,81.047,73059.5,1033.742,33.739,0.094,0.094,0.029,6.744,96.454,5.505,0.425,0,5.517,5.52,NA,43
"5/27/2022 5:34:21 AM",0.797,29.969,50.925,81.042,73055.4,1033.74,33.736,0.086,0.086,0.044,6.745,96.474,5.506,0.425,0,5.518,5.522,NA,43
"5/27/2022 5:34:22 AM",0.78,29.969,50.921,81.037,73050.8,1033.737,33.734,0.078,0.078,0.044,6.744,96.54,5.51,0.425,0,5.522,5.525,NA,43
"5/27/2022 5:34:22 AM",0.768,29.968,50.919,81.032,73049.2,1033.736,33.733,0.086,0.086,0.029,6.744,96.575,5.512,0.425,0,5.524,5.527,NA,43
"5/27/2022 5:34:22 AM",0.738,29.966,50.92,81.031,73050.4,1033.737,33.734,0.078,0.078,0.073,6.748,96.514,5.508,0.51,0,5.52,5.524,NA,43
"5/27/2022 5:34:22 AM",0.712,29.966,50.918,81.028,73047.2,1033.735,33.732,0.07,0.07,0.029,6.749,96.39,5.501,0.51,0,5.513,5.517,NA,43
"5/27/2022 5:34:22 AM",0.693,29.967,50.916,81.027,73045.5,1033.734,33.731,0.062,0.062,0.058,6.751,96.479,5.506,0.51,0,5.518,5.522,NA,43
"5/27/2022 5:34:23 AM",0.674,29.967,50.918,81.03,73047.6,1033.735,33.732,0.078,0.078,0.044,6.753,96.436,5.504,0.51,0,5.516,5.52,NA,43
"5/27/2022 5:34:23 AM",0.658,29.966,50.918,81.029,73047.2,1033.735,33.732,0.078,0.078,0.073,6.756,96.468,5.505,0.425,0,5.518,5.521,NA,43
"5/27/2022 5:34:23 AM",0.648,29.966,50.916,81.025,73045.1,1033.734,33.731,0.094,0.094,0.044,6.757,96.417,5.503,0.425,0,5.515,5.518,NA,43
"5/27/2022 5:34:23 AM",0.649,29.966,50.915,81.024,73043.9,1033.733,33.73,0.078,0.078,0.029,6.756,96.584,5.512,0.425,0,5.525,5.528,NA,43
"5/27/2022 5:34:23 AM",0.653,29.967,50.912,81.021,73039.8,1033.73,33.728,0.078,0.078,0.058,6.756,96.439,5.504,0.425,0,5.517,5.52,NA,43
"5/27/2022 5:34:24 AM",0.656,29.968,50.911,81.02,73038.4,1033.729,33.727,0.078,0.078,0.073,6.758,96.522,5.509,0.425,0,5.521,5.525,NA,43
"5/27/2022 5:34:24 AM",0.681,29.968,50.907,81.016,73033.9,1033.727,33.724,0.086,0.086,0.058,6.758,96.486,5.507,0.425,0,5.519,5.523,NA,43
"5/27/2022 5:34:24 AM",0.695,29.967,50.903,81.01,73028.9,1033.724,33.721,0.094,0.094,0.029,6.758,96.441,5.504,0.51,0,5.517,5.52,NA,43
"5/27/2022 5:34:24 AM",0.724,29.966,50.903,81.008,73028.9,1033.724,33.721,0.078,0.078,0.029,6.76,96.447,5.504,0.51,0,5.517,5.52,NA,43
"5/27/2022 5:34:24 AM",0.75,29.966,50.9,81.004,73024.9,1033.722,33.719,0.086,0.086,0.029,6.763,96.465,5.506,0.51,0,5.518,5.521,NA,43
"5/27/2022 5:34:25 AM",0.804,29.966,50.895,80.996,73019.5,1033.719,33.715,0.086,0.086,0.058,6.764,96.542,5.51,0.425,0,5.522,5.526,NA,43
"5/27/2022 5:34:25 AM",0.821,29.965,50.897,80.998,73021.3,1033.72,33.717,0.078,0.078,0.029,6.763,96.468,5.506,0.34,0,5.518,5.522,NA,43
"5/27/2022 5:34:25 AM",0.815,29.966,50.896,80.997,73019.5,1033.719,33.715,0.078,0.078,0.044,6.765,96.528,5.509,0.34,0,5.522,5.525,NA,43
"5/27/2022 5:34:25 AM",0.766,29.966,50.895,80.997,73019,1033.718,33.715,0.086,0.086,0.044,6.768,96.64,5.516,0.34,0,5.528,5.532,NA,43
"5/27/2022 5:34:25 AM",0.603,29.967,50.891,80.993,73013.9,1033.714,33.712,0.078,0.078,0.044,6.769,96.428,5.504,0.51,0,5.516,5.519,NA,43
"5/27/2022 5:34:26 AM",0.462,29.967,50.893,80.995,73016.1,1033.715,33.713,0.086,0.086,0.058,6.766,96.501,5.508,0.595,0,5.52,5.524,NA,43
"5/27/2022 5:34:26 AM",0.337,29.967,50.891,80.992,73013.5,1033.713,33.712,0.094,0.094,0.015,6.767,96.444,5.505,0.595,0,5.517,5.52,NA,43
"5/27/2022 5:34:26 AM",0.229,29.967,50.886,80.985,73007.5,1033.709,33.708,0.078,0.078,0.029,6.769,96.363,5.5,0.595,0,5.512,5.516,NA,43
"5/27/2022 5:34:26 AM",0.125,29.967,50.873,80.967,72990.8,1033.698,33.698,0.07,0.07,0.044,6.769,96.451,5.505,0.595,0,5.518,5.521,NA,43
"5/27/2022 5:34:26 AM",0.003,29.966,50.865,80.954,72981.2,1033.692,33.692,0.078,0.078,0.058,6.771,96.55,5.512,0.595,0,5.524,5.527,NA,43
"5/27/2022 5:34:27 AM",0,29.966,50.86,80.948,72975.5,1033.689,33.689,0.078,0.078,0.058,6.771,96.443,5.505,0.595,0,5.518,5.521,NA,43
"5/27/2022 5:34:27 AM",0,29.966,50.855,80.94,72968.6,1033.684,33.685,0.07,0.07,0.073,6.775,96.489,5.508,0.51,0,5.521,5.524,NA,43
"5/27/2022 5:34:27 AM",0,29.965,50.849,80.931,72961.2,1033.68,33.68,0.07,0.07,0.044,6.777,96.457,5.506,0.51,0,5.519,5.522,NA,43
"5/27/2022 5:34:27 AM",0,29.963,50.847,80.925,72959.2,1033.679,33.68,0.078,0.078,0.044,6.779,96.529,5.511,0.51,0,5.523,5.527,NA,43
"5/27/2022 5:34:27 AM",0,29.962,50.844,80.919,72955,1033.676,33.677,0.109,0.109,0.044,6.779,96.533,5.511,0.425,0,5.523,5.527,NA,43
"5/27/2022 5:34:28 AM",0,29.962,50.84,80.913,72950.5,1033.674,33.675,0.078,0.078,0.044,6.781,96.408,5.504,0.51,0,5.516,5.52,NA,43
"5/27/2022 5:34:28 AM",0,29.96,50.839,80.909,72949,1033.673,33.675,0.07,0.07,0.044,6.781,96.512,5.51,0.425,0,5.522,5.526,NA,43
"5/27/2022 5:34:28 AM",0,29.959,50.837,80.905,72947,1033.672,33.674,0.086,0.086,0.058,6.779,96.44,5.506,0.425,0,5.518,5.522,NA,43
"5/27/2022 5:34:28 AM",0,29.959,50.833,80.9,72942.5,1033.67,33.671,0.086,0.086,0.058,6.781,96.399,5.504,0.595,0,5.516,5.52,NA,43
"5/27/2022 5:34:29 AM",0,29.958,50.83,80.895,72938.8,1033.667,33.669,0.086,0.086,0.058,6.779,96.517,5.51,1.614,0,5.523,5.526,NA,43
"5/27/2022 5:34:29 AM",0,29.958,50.828,80.891,72935.9,1033.665,33.667,0.078,0.078,0.029,6.78,96.369,5.503,1.359,0,5.515,5.518,NA,43
"5/27/2022 5:34:29 AM",0,29.959,50.823,80.887,72929.8,1033.661,33.663,0.047,0.047,0.029,6.779,96.459,5.508,1.274,0,5.52,5.524,NA,43
"5/27/2022 5:34:29 AM",0,29.959,50.507,80.45,72536.6,1033.422,33.424,0.055,0.055,0.131,6.783,96.435,5.516,1.444,0,5.528,5.532,NA,43
"5/27/2022 5:34:29 AM",0,29.959,50.818,80.88,72923.7,1033.657,33.659,0.094,0.094,0.16,6.784,96.486,5.509,1.529,0,5.522,5.525,NA,43
"5/27/2022 5:34:30 AM",0,29.959,50.72,80.744,72801.1,1033.583,33.585,42.889,42.889,39.179,6.784,96.314,5.503,1.529,0,5.515,5.518,NA,43
"5/27/2022 5:34:30 AM",0,29.957,50.814,80.87,72918.8,1033.655,33.657,31.577,31.577,22.614,6.785,96.371,5.503,1.529,0,5.515,5.519,NA,43
"5/27/2022 5:34:30 AM",0,29.955,50.815,80.87,72920.5,1033.657,33.659,9.821,9.821,12.247,6.785,96.434,5.506,1.614,0,5.519,5.522,NA,43
"5/27/2022 5:34:30 AM",0,29.956,50.818,80.875,72924.1,1033.659,33.66,2.387,2.387,2.521,6.786,96.315,5.5,1.784,0,5.512,5.515,NA,43
"5/27/2022 5:34:30 AM",0,29.957,50.815,80.873,72920.4,1033.656,33.658,3.518,3.518,1.573,6.784,96.516,5.511,1.699,0,5.524,5.527,NA,43
"5/27/2022 5:34:31 AM",0,29.958,50.812,80.87,72916.4,1033.653,33.655,0.983,0.983,0.495,6.785,96.337,5.501,1.699,0,5.514,5.517,NA,43
"5/27/2022 5:34:31 AM",0,29.958,50.811,80.868,72914.7,1033.652,33.654,0.367,0.367,0.204,6.786,96.463,5.508,1.784,0,5.521,5.524,NA,43
"5/27/2022 5:34:31 AM",0,29.958,50.814,80.871,72918.4,1033.655,33.657,0.187,0.187,0.146,6.787,96.363,5.502,1.784,0,5.515,5.518,NA,43
"5/27/2022 5:34:31 AM",0,29.961,50.809,80.87,72912.3,1033.65,33.652,0.101,0.101,0.102,6.786,96.393,5.504,1.869,0,5.517,5.52,NA,43
"5/27/2022 5:34:31 AM",0,29.964,50.802,80.864,72902.6,1033.643,33.645,2.356,2.356,4.566,6.784,96.345,5.502,1.784,0,5.514,5.517,NA,43
"5/27/2022 5:34:32 AM",0,29.963,50.798,80.858,72898.1,1033.641,33.643,1.022,1.022,1.705,6.787,96.554,5.513,1.954,0,5.526,5.529,NA,43
"5/27/2022 5:34:32 AM",0,29.958,50.799,80.852,72900.1,1033.643,33.645,0.406,0.406,0.612,6.783,96.494,5.51,1.954,0,5.522,5.526,NA,43
"5/27/2022 5:34:32 AM",0,29.956,50.806,80.859,72909.1,1033.649,33.651,0.218,0.218,0.393,6.784,96.497,5.51,1.784,0,5.522,5.526,NA,43
"5/27/2022 5:34:32 AM",0,29.958,50.792,80.842,72890.9,1033.638,33.64,0.312,0.312,0.51,6.789,96.369,5.503,1.529,0,5.515,5.518,NA,43
"5/27/2022 5:34:32 AM",0,29.953,50.801,80.847,72902.6,1033.647,33.648,0.156,0.156,0.189,6.789,96.389,5.504,1.529,0,5.516,5.519,NA,43
"5/27/2022 5:34:33 AM",0,29.952,50.801,80.846,72903.2,1033.647,33.649,0.156,0.156,0.175,6.791,96.42,5.506,1.784,0,5.518,5.522,NA,43
"5/27/2022 5:34:33 AM",0,29.953,50.795,80.839,72895.9,1033.642,33.644,0.101,0.101,0.189,6.791,96.361,5.503,1.869,0,5.515,5.518,NA,43
"5/27/2022 5:34:33 AM",0,29.954,50.603,80.576,72657.2,1033.497,33.499,2.465,2.465,6.423,6.792,96.272,5.503,1.954,0,5.516,5.519,NA,43
"5/27/2022 5:34:33 AM",0,29.953,5.911,11.528,10395.5,1000.068,0.07,197.679,197.679,412.849,6.791,96.407,7.046,2.124,0,7.067,7.066,NA,43
"5/27/2022 5:34:33 AM",0,29.946,1.635,3.458,3119,996.886,0,141.131,141.131,271.807,6.794,96.446,7.217,2.209,0,7.238,7.238,NA,43
"5/27/2022 5:34:34 AM",0,29.967,0.781,1.714,1545.2,996.242,0,251.691,251.691,126.363,6.799,96.443,7.251,2.719,0,7.272,7.272,NA,43
"5/27/2022 5:34:34 AM",0,29.995,0.613,1.36,1225.6,996.108,0,126.263,126.263,48.902,6.8,96.542,7.265,3.228,0,7.286,7.287,NA,43
"5/27/2022 5:34:34 AM",0,30.07,0.521,1.164,1047.3,996.016,0,42.046,42.046,31.691,6.799,96.119,7.238,3.653,0,7.258,7.258,NA,43
"5/27/2022 5:34:34 AM",0,30.054,8.71,16.532,14878,1002.116,2.118,41.032,41.032,80.106,6.794,95.838,6.898,3.823,0,6.919,6.918,NA,43
"5/27/2022 5:34:34 AM",0,29.982,28.252,48.199,43438.7,1016.681,16.683,20.75,20.75,78.637,6.794,95.573,6.178,2.379,0,6.196,6.196,NA,43
"5/27/2022 5:34:35 AM",0,29.955,25.169,43.431,39162.3,1014.39,14.391,5.757,5.757,22.806,6.794,95.721,6.294,0.85,0,6.312,6.312,NA,43
"5/27/2022 5:34:35 AM",0,29.955,50.759,80.791,72850.2,1033.615,33.616,1.732,1.732,3.309,6.798,95.981,5.482,0.425,0,5.494,5.498,NA,43
"5/27/2022 5:34:35 AM",0.048,29.958,50.779,80.826,72875.7,1033.63,33.63,0.616,0.616,1.063,6.804,96.095,5.488,0.425,0,5.5,5.504,NA,43
"5/27/2022 5:34:35 AM",0.161,29.959,50.779,80.826,72875.6,1033.631,33.63,0.289,0.289,0.422,6.803,96.144,5.491,0.51,0,5.503,5.506,NA,43
"5/27/2022 5:34:35 AM",0.248,29.959,50.779,80.826,72875.3,1033.631,33.63,0.203,0.203,0.233,6.806,96.321,5.501,1.189,0,5.513,5.517,NA,43
"5/27/2022 5:34:36 AM",0.364,29.959,50.781,80.828,72877.7,1033.633,33.631,0.164,0.164,0.16,6.803,96.32,5.501,1.529,0,5.513,5.516,NA,43
"5/27/2022 5:34:36 AM",0.579,29.961,50.791,80.845,72890.3,1033.641,33.638,0.133,0.133,0.087,6.804,96.414,5.506,1.359,0,5.518,5.521,NA,43
"5/27/2022 5:34:36 AM",0.757,29.962,50.798,80.857,72898.9,1033.646,33.643,0.125,0.125,0.116,6.808,96.457,5.508,1.104,0,5.52,5.524,NA,43
"5/27/2022 5:34:36 AM",0.929,29.962,50.803,80.863,72904.9,1033.651,33.647,0.117,0.117,0.102,6.808,96.51,5.511,0.85,0,5.523,5.526,NA,43
"5/27/2022 5:34:36 AM",1.139,29.957,50.801,80.854,72903,1033.652,33.647,0.109,0.109,0.073,6.81,96.504,5.51,0.765,0,5.523,5.526,NA,43
"5/27/2022 5:34:37 AM",1.419,29.958,50.816,80.876,72922.5,1033.664,33.658,0.109,0.109,0.073,6.809,96.521,5.511,0.765,0,5.523,5.527,NA,43
"5/27/2022 5:34:37 AM",1.561,29.961,50.819,80.885,72925.8,1033.666,33.659,0.101,0.101,0.058,6.812,96.608,5.516,0.425,0,5.528,5.531,NA,43
"5/27/2022 5:34:37 AM",1.676,29.962,50.821,80.889,72927.8,1033.667,33.66,0.109,0.109,0.029,6.813,96.45,5.507,0,0,5.519,5.522,NA,43
"5/27/2022 5:34:37 AM",1.806,29.963,50.839,80.917,72950.7,1033.682,33.674,0.078,0.078,0,6.813,96.511,5.509,0,0,5.522,5.525,NA,43
"5/27/2022 5:34:37 AM",1.921,29.964,50.844,80.923,72956.4,1033.685,33.677,0.062,0.062,0,6.813,96.458,5.506,0,0,5.519,5.522,NA,43
"5/27/2022 5:34:38 AM",2.102,29.963,50.857,80.94,72972.3,1033.696,33.687,0.078,0.078,0.029,6.815,96.523,5.51,0,0,5.522,5.525,NA,43
"5/27/2022 5:34:38 AM",2.225,29.963,50.864,80.95,72981.8,1033.702,33.693,0.086,0.086,0.058,6.814,96.57,5.512,0,0,5.524,5.528,NA,43
"5/27/2022 5:34:38 AM",2.369,29.964,50.871,80.961,72989.7,1033.707,33.697,0.109,0.109,0.087,6.813,96.47,5.506,0,0,5.518,5.521,NA,43
"5/27/2022 5:34:38 AM",2.513,29.967,50.882,80.982,73004,1033.716,33.705,0.101,0.101,0.044,6.815,96.629,5.514,0,0,5.527,5.53,NA,43
"5/27/2022 5:34:38 AM",2.668,29.971,50.883,80.988,73004.8,1033.716,33.705,0.101,0.101,0.073,6.819,96.496,5.506,0,0,5.518,5.522,NA,43
"5/27/2022 5:34:39 AM",2.896,29.973,50.899,81.013,73024.1,1033.728,33.716,0.086,0.086,0.087,6.817,96.583,5.511,0,0,5.523,5.526,NA,43
"5/27/2022 5:34:39 AM",3.023,29.973,50.908,81.026,73035,1033.735,33.722,0.07,0.07,0.015,6.815,96.532,5.507,0,0,5.52,5.523,NA,43
"5/27/2022 5:34:39 AM",3.142,29.973,50.911,81.03,73039.2,1033.738,33.725,0.055,0.055,0,6.819,96.498,5.505,0,0,5.518,5.521,NA,43
"5/27/2022 5:34:39 AM",3.287,29.973,50.913,81.033,73041.9,1033.74,33.726,0.047,0.047,0.015,6.816,96.556,5.508,0,0,5.521,5.524,NA,43
"5/27/2022 5:34:40 AM",3.542,29.973,50.918,81.04,73048.4,1033.745,33.73,0.101,0.101,0.102,6.815,96.489,5.505,0,0,5.517,5.52,NA,43
"5/27/2022 5:34:40 AM",3.705,29.973,50.921,81.044,73051.7,1033.748,33.732,0.101,0.101,0.087,6.813,96.518,5.506,0,0,5.519,5.522,NA,43
"5/27/2022 5:34:40 AM",3.85,29.972,50.919,81.041,73049.4,1033.747,33.731,0.094,0.094,0.073,6.811,96.524,5.507,0,0,5.519,5.522,NA,43
"5/27/2022 5:34:40 AM",4.027,29.972,50.922,81.045,73053.9,1033.751,33.734,0.117,0.117,0.116,6.817,96.429,5.501,0,0,5.513,5.517,NA,43
"5/27/2022 5:34:40 AM",4.175,29.974,50.926,81.053,73058.4,1033.754,33.736,0.117,0.117,0.102,6.82,96.472,5.503,0,0,5.516,5.519,NA,43
"5/27/2022 5:34:41 AM",4.39,29.975,50.928,81.058,73060.9,1033.755,33.737,0.086,0.086,0.044,6.812,96.469,5.503,0.255,0,5.515,5.519,NA,43
"5/27/2022 5:34:41 AM",4.526,29.974,50.924,81.051,73055.9,1033.753,33.734,0.078,0.078,0.044,6.81,96.56,5.508,0.17,0,5.521,5.524,NA,43
"5/27/2022 5:34:41 AM",4.677,29.974,50.922,81.047,73053.6,1033.753,33.733,0.078,0.078,0.044,6.81,96.522,5.506,0,0,5.519,5.522,NA,43
"5/27/2022 5:34:41 AM",4.821,29.973,50.924,81.048,73055.8,1033.755,33.734,0.078,0.078,0.044,6.815,96.526,5.506,0,0,5.519,5.522,NA,43
"5/27/2022 5:34:41 AM",5.036,29.972,50.923,81.046,73055.6,1033.756,33.734,0.07,0.07,0.087,6.816,96.582,5.51,0,0,5.522,5.525,NA,43
"5/27/2022 5:34:42 AM",5.189,29.972,50.923,81.046,73055.7,1033.757,33.735,0.07,0.07,0.044,6.818,96.529,5.507,0,0,5.519,5.522,NA,43
"5/27/2022 5:34:42 AM",5.334,29.972,50.929,81.055,73063.2,1033.762,33.739,0.078,0.078,0.015,6.818,96.568,5.509,0,0,5.521,5.525,NA,43
"5/27/2022 5:34:42 AM",5.473,29.973,50.924,81.049,73057.1,1033.758,33.735,0.07,0.07,0.029,6.819,96.637,5.513,0,0,5.525,5.529,NA,43
"5/27/2022 5:34:42 AM",5.676,29.972,50.927,81.052,73060.7,1033.762,33.737,0.07,0.07,0.058,6.823,96.481,5.504,0,0,5.516,5.52,NA,43
"5/27/2022 5:34:42 AM",5.803,29.971,50.927,81.05,73060.1,1033.762,33.737,0.07,0.07,0.044,6.826,96.455,5.502,0,0,5.514,5.518,NA,43
"5/27/2022 5:34:43 AM",5.938,29.972,50.93,81.055,73064,1033.765,33.739,0.101,0.101,0.087,6.826,96.501,5.504,0,0,5.517,5.52,NA,43
"5/27/2022 5:34:43 AM",6.075,29.973,50.93,81.058,73064.8,1033.765,33.739,0.094,0.094,0.087,6.825,96.524,5.506,0,0,5.518,5.522,NA,43
"5/27/2022 5:34:43 AM",6.268,29.974,50.932,81.062,73066.9,1033.767,33.74,0.078,0.078,0.073,6.825,96.481,5.503,0,0,5.515,5.519,NA,43
"5/27/2022 5:34:43 AM",6.39,29.974,50.935,81.067,73070.6,1033.77,33.742,0.086,0.086,0.058,6.825,96.505,5.505,0.17,0,5.517,5.52,NA,43
"5/27/2022 5:34:43 AM",6.536,29.974,50.931,81.062,73065.8,1033.767,33.74,0.094,0.094,0.044,6.823,96.481,5.504,0.255,0,5.516,5.519,NA,43
"5/27/2022 5:34:44 AM",6.692,29.975,50.936,81.069,73071.6,1033.771,33.743,0.086,0.086,0.058,6.823,96.473,5.503,0.17,0,5.515,5.519,NA,43
"5/27/2022 5:34:44 AM",6.843,29.975,50.922,81.051,73054.1,1033.761,33.732,0.07,0.07,0.044,6.825,96.5,5.505,0,0,5.517,5.521,NA,43
"5/27/2022 5:34:44 AM",7.069,29.977,50.91,81.036,73039.4,1033.753,33.723,0.07,0.07,0.044,6.828,96.533,5.507,0,0,5.519,5.523,NA,43
"5/27/2022 5:34:44 AM",7.21,29.976,50.911,81.037,73041.2,1033.755,33.724,0.078,0.078,0.044,6.825,96.473,5.503,0,0,5.516,5.519,NA,43
"5/27/2022 5:34:44 AM",7.353,29.973,50.906,81.026,73035.7,1033.752,33.721,0.07,0.07,0,6.829,96.395,5.499,0,0,5.511,5.515,NA,43
"5/27/2022 5:34:45 AM",7.488,29.972,50.906,81.024,73035.4,1033.753,33.721,0.078,0.078,0.015,6.826,96.362,5.497,0,0,5.51,5.513,NA,43
"5/27/2022 5:34:45 AM",7.676,29.973,50.907,81.027,73037.1,1033.755,33.722,0.078,0.078,0.044,6.824,96.511,5.506,0,0,5.518,5.522,NA,43
"5/27/2022 5:34:45 AM",7.799,29.973,50.899,81.016,73026.3,1033.748,33.715,0.078,0.078,0.044,6.828,96.529,5.507,0,0,5.519,5.523,NA,43
"5/27/2022 5:34:45 AM",7.926,29.973,50.91,81.03,73040,1033.758,33.724,0.07,0.07,0.029,6.829,96.462,5.503,0,0,5.515,5.518,NA,43
"5/27/2022 5:34:45 AM",8.061,29.975,50.909,81.033,73039.4,1033.757,33.723,0.062,0.062,0.029,6.828,96.603,5.511,0,0,5.523,5.527,NA,43
"5/27/2022 5:34:46 AM",8.237,29.977,50.904,81.028,73032.3,1033.753,33.718,0.07,0.07,0.015,6.832,96.636,5.513,0,0,5.525,5.528,NA,43
"5/27/2022 5:34:46 AM",8.536,29.977,50.902,81.027,73030.2,1033.753,33.716,0.07,0.07,0.015,6.834,96.68,5.516,0,0,5.528,5.532,NA,43
"5/27/2022 5:34:46 AM",8.756,29.976,50.913,81.04,73043.8,1033.762,33.725,0.086,0.086,0.044,6.835,96.539,5.507,0,0,5.519,5.523,NA,43
"5/27/2022 5:34:46 AM",8.96,29.976,50.913,81.04,73043.8,1033.763,33.725,0.086,0.086,0,6.836,96.521,5.506,0,0,5.518,5.522,NA,43
"5/27/2022 5:34:46 AM",9.17,29.978,50.912,81.042,73043,1033.763,33.724,0.078,0.078,0.029,6.838,96.564,5.508,0,0,5.521,5.524,NA,43
"5/27/2022 5:34:47 AM",9.375,29.978,50.912,81.042,73042.6,1033.763,33.723,0.07,0.07,0.044,6.838,96.563,5.508,0,0,5.521,5.524,NA,43
"5/27/2022 5:34:47 AM",9.636,29.978,50.913,81.043,73043.9,1033.765,33.724,0.086,0.086,0.058,6.84,96.636,5.513,0,0,5.525,5.528,NA,43
"5/27/2022 5:34:47 AM",9.782,29.978,50.912,81.043,73042.7,1033.765,33.723,0.086,0.086,0.058,6.84,96.478,5.504,0,0,5.516,5.519,NA,43
"5/27/2022 5:34:47 AM",9.921,29.978,50.911,81.041,73042.3,1033.765,33.723,0.094,0.094,0.058,6.84,96.445,5.502,0,0,5.514,5.517,NA,43
"5/27/2022 5:34:47 AM",10.063,29.975,50.912,81.038,73043.2,1033.767,33.724,0.094,0.094,0.029,6.84,96.471,5.503,0,0,5.515,5.519,NA,43
"5/27/2022 5:34:48 AM",10.27,29.979,50.91,81.042,73040.9,1033.765,33.722,0.07,0.07,0.044,6.842,96.546,5.507,0,0,5.52,5.523,NA,43
"5/27/2022 5:34:48 AM",10.404,29.982,50.909,81.045,73039.6,1033.764,33.72,0.07,0.07,0.044,6.843,96.579,5.509,0,0,5.521,5.525,NA,43
"5/27/2022 5:34:48 AM",10.537,29.983,50.914,81.053,73045.2,1033.768,33.723,0.062,0.062,0.029,6.844,96.583,5.509,0,0,5.521,5.525,NA,43
"5/27/2022 5:34:48 AM",10.676,29.984,50.913,81.054,73044.2,1033.768,33.722,0.07,0.07,0.029,6.843,96.56,5.508,0,0,5.52,5.523,NA,43
"5/27/2022 5:34:49 AM",10.748,29.984,50.914,81.055,73045.3,1033.768,33.723,0.086,0.086,0.073,6.844,96.508,5.505,0.255,0,5.517,5.52,NA,43
"5/27/2022 5:34:49 AM",10.687,29.985,50.914,81.055,73045,1033.768,33.723,0.062,0.062,0.044,6.844,96.508,5.505,0.51,0,5.517,5.52,NA,43
"5/27/2022 5:34:49 AM",10.565,29.984,50.91,81.048,73040.2,1033.765,33.72,0.07,0.07,0.058,6.845,96.519,5.506,0.51,0,5.518,5.521,NA,43
"5/27/2022 5:34:49 AM",10.404,29.983,50.91,81.049,73040.9,1033.765,33.72,0.094,0.094,0.058,6.844,96.557,5.507,0.51,0,5.52,5.523,NA,43
"5/27/2022 5:34:49 AM",10.199,29.982,50.913,81.05,73044.2,1033.766,33.723,0.07,0.07,0.058,6.843,96.48,5.503,0.51,0,5.515,5.519,NA,43
"5/27/2022 5:34:50 AM",9.829,29.981,50.93,81.071,73065,1033.778,33.736,0.078,0.078,0.029,6.842,96.501,5.503,0.595,0,5.516,5.519,NA,43
"5/27/2022 5:34:50 AM",9.568,29.979,50.931,81.07,73066.5,1033.778,33.738,0.062,0.062,0.029,6.844,96.541,5.506,0.595,0,5.518,5.522,NA,43
"5/27/2022 5:34:50 AM",9.309,29.979,50.928,81.065,73062.2,1033.775,33.735,0.07,0.07,0.073,6.846,96.512,5.505,0.595,0,5.517,5.52,NA,43
"5/27/2022 5:34:50 AM",9.066,29.978,50.921,81.054,73053.3,1033.768,33.73,0.086,0.086,0.044,6.846,96.468,5.502,0.595,0,5.514,5.518,NA,43
"5/27/2022 5:34:50 AM",8.767,29.976,50.917,81.046,73049.3,1033.765,33.728,0.078,0.078,0.058,6.843,96.489,5.504,0.595,0,5.516,5.52,NA,43
"5/27/2022 5:34:51 AM",8.609,29.976,50.914,81.042,73044.8,1033.762,33.725,0.078,0.078,0,6.846,96.478,5.503,0.595,0,5.516,5.519,NA,43
"5/27/2022 5:34:51 AM",8.489,29.976,50.912,81.04,73042.8,1033.76,33.724,0.101,0.101,0.044,6.845,96.488,5.504,0.595,0,5.516,5.52,NA,43
"5/27/2022 5:34:51 AM",8.414,29.976,50.912,81.039,73042.4,1033.76,33.724,0.086,0.086,0.044,6.844,96.534,5.507,0.595,0,5.519,5.522,NA,43
"5/27/2022 5:34:51 AM",8.319,29.975,50.909,81.034,73039.2,1033.758,33.722,0.07,0.07,0.116,6.841,96.486,5.504,0.595,0,5.516,5.52,NA,43
"5/27/2022 5:34:51 AM",8.077,29.974,50.903,81.023,73032,1033.753,33.719,0.078,0.078,0.044,6.848,96.477,5.504,0.595,0,5.516,5.519,NA,43
"5/27/2022 5:34:52 AM",7.846,29.973,50.905,81.024,73033.7,1033.753,33.72,0.078,0.078,0.029,6.844,96.473,5.504,0.595,0,5.516,5.519,NA,43
"5/27/2022 5:34:52 AM",7.608,29.971,50.899,81.013,73026.1,1033.748,33.716,0.086,0.086,0.058,6.842,96.466,5.503,0.595,0,5.515,5.519,NA,43
"5/27/2022 5:34:52 AM",7.384,29.971,50.898,81.012,73025.6,1033.747,33.716,0.078,0.078,0.044,6.841,96.364,5.497,0.595,0,5.51,5.513,NA,43
"5/27/2022 5:34:52 AM",7.135,29.972,50.902,81.018,73030,1033.749,33.718,0.078,0.078,0.044,6.844,96.56,5.508,0.595,0,5.521,5.524,NA,43
"5/27/2022 5:34:52 AM",7.01,29.974,50.899,81.017,73026.2,1033.745,33.715,0.078,0.078,0.015,6.848,96.552,5.508,0.595,0,5.52,5.524,NA,43
"5/27/2022 5:34:53 AM",6.904,29.975,50.896,81.014,73022.2,1033.742,33.713,0.078,0.078,0.029,6.851,96.553,5.508,0.595,0,5.521,5.524,NA,43
"5/27/2022 5:34:53 AM",6.795,29.975,50.897,81.015,73023,1033.742,33.713,0.078,0.078,0.029,6.852,96.473,5.504,0.595,0,5.516,5.519,NA,43
"5/27/2022 5:34:53 AM",6.703,29.975,50.891,81.008,73015.6,1033.737,33.708,0.094,0.094,0.015,6.851,96.487,5.504,0.595,0,5.517,5.52,NA,43
"5/27/2022 5:34:53 AM",6.505,29.972,50.887,80.999,73011.6,1033.735,33.707,0.055,0.055,0.029,6.856,96.482,5.504,0.68,0,5.517,5.52,NA,43
"5/27/2022 5:34:53 AM",6.3,29.972,50.885,80.994,73008,1033.732,33.705,0.07,0.07,0.058,6.855,96.576,5.51,0.68,0,5.522,5.526,NA,43
"5/27/2022 5:34:54 AM",6.048,29.971,50.884,80.992,73006.9,1033.73,33.705,0.07,0.07,0,6.853,96.511,5.506,0.68,0,5.518,5.522,NA,43
"5/27/2022 5:34:54 AM",5.796,29.972,50.884,80.993,73006.7,1033.729,33.704,0.07,0.07,0.087,6.853,96.499,5.506,0.68,0,5.518,5.521,NA,43
"5/27/2022 5:34:54 AM",5.521,29.971,50.873,80.977,72993.8,1033.72,33.697,0.078,0.078,0.044,6.858,96.377,5.499,0.68,0,5.511,5.514,NA,43
"5/27/2022 5:34:54 AM",5.367,29.971,50.868,80.969,72987.4,1033.716,33.693,0.078,0.078,0.073,6.856,96.447,5.503,0.68,0,5.515,5.519,NA,43
"5/27/2022 5:34:54 AM",5.255,29.972,50.863,80.963,72980.3,1033.711,33.688,0.078,0.078,0.029,6.852,96.577,5.51,0.595,0,5.523,5.526,NA,43
"5/27/2022 5:34:55 AM",5.151,29.973,50.848,80.944,72961.9,1033.699,33.677,0.078,0.078,0.015,6.853,96.544,5.509,0.595,0,5.521,5.525,NA,43
"5/27/2022 5:34:55 AM",5.049,29.972,50.844,80.938,72957.3,1033.696,33.674,0.07,0.07,0.015,6.853,96.529,5.508,0.595,0,5.52,5.524,NA,43
"5/27/2022 5:34:55 AM",4.927,29.97,50.837,80.925,72948.6,1033.691,33.67,0.07,0.07,0.029,6.86,96.481,5.506,0.68,0,5.518,5.522,NA,43
"5/27/2022 5:34:55 AM",4.831,29.969,50.838,80.925,72950.3,1033.692,33.671,0.086,0.086,0.058,6.863,96.502,5.507,0.68,0,5.519,5.523,NA,43
"5/27/2022 5:34:55 AM",4.717,29.969,50.837,80.923,72948.6,1033.69,33.67,0.086,0.086,0.029,6.863,96.499,5.507,0.68,0,5.519,5.523,NA,43
"5/27/2022 5:34:56 AM",4.574,29.969,50.834,80.918,72944.3,1033.687,33.668,0.07,0.07,0.029,6.863,96.508,5.508,0.68,0,5.52,5.523,NA,43
"5/27/2022 5:34:56 AM",4.428,29.968,50.831,80.913,72941.1,1033.685,33.666,0.086,0.086,0.044,6.862,96.447,5.504,0.68,0,5.516,5.52,NA,43
"5/27/2022 5:34:56 AM",4.27,29.967,50.829,80.909,72938.7,1033.683,33.665,0.07,0.07,0,6.863,96.463,5.505,0.68,0,5.517,5.521,NA,43
"5/27/2022 5:34:56 AM",4.183,29.967,50.826,80.905,72934.3,1033.68,33.662,0.078,0.078,0.044,6.859,96.44,5.504,0.595,0,5.516,5.52,NA,43
"5/27/2022 5:34:56 AM",4.128,29.967,50.825,80.904,72933.7,1033.679,33.662,0.078,0.078,0.044,6.863,96.422,5.503,0.595,0,5.515,5.519,NA,43
"5/27/2022 5:34:57 AM",4.056,29.968,50.823,80.902,72931.4,1033.677,33.66,0.086,0.086,0.073,6.863,96.506,5.508,0.595,0,5.52,5.524,NA,43
"5/27/2022 5:34:57 AM",3.952,29.967,50.822,80.9,72929.9,1033.676,33.659,0.101,0.101,0.058,6.862,96.536,5.51,0.595,0,5.522,5.526,NA,43
"5/27/2022 5:34:57 AM",3.886,29.967,50.821,80.898,72928.2,1033.675,33.658,0.086,0.086,0.073,6.857,96.556,5.511,0.595,0,5.523,5.527,NA,43
"5/27/2022 5:34:57 AM",3.78,29.967,50.82,80.896,72926.5,1033.674,33.657,0.086,0.086,0.058,6.859,96.54,5.51,0.68,0,5.522,5.526,NA,43
"5/27/2022 5:34:57 AM",3.625,29.968,50.818,80.895,72924.6,1033.672,33.656,0.086,0.086,0.044,6.861,96.54,5.51,0.68,0,5.522,5.526,NA,43
"5/27/2022 5:34:58 AM",3.446,29.968,50.815,80.89,72920.4,1033.668,33.654,0.078,0.078,0.044,6.86,96.467,5.506,0.68,0,5.518,5.522,NA,43
"5/27/2022 5:34:58 AM",3.174,29.968,50.811,80.884,72915.4,1033.664,33.651,0.086,0.086,0.073,6.864,96.529,5.509,0.765,0,5.522,5.525,NA,43
"5/27/2022 5:34:58 AM",3.055,29.969,50.809,80.883,72913.3,1033.662,33.649,0.078,0.078,0.058,6.865,96.537,5.51,0.765,0,5.522,5.526,NA,43
"5/27/2022 5:34:58 AM",2.96,29.967,50.808,80.88,72912.2,1033.662,33.649,0.062,0.062,0.029,6.866,96.505,5.508,0.765,0,5.521,5.524,NA,43
"5/27/2022 5:34:58 AM",2.899,29.967,50.806,80.876,72909.1,1033.659,33.647,0.086,0.086,0,6.865,96.495,5.508,0.765,0,5.52,5.524,NA,43
"5/27/2022 5:34:59 AM",2.824,29.967,50.802,80.87,72904,1033.656,33.644,0.078,0.078,0.058,6.865,96.496,5.508,0.765,0,5.52,5.523,NA,43
"5/27/2022 5:34:59 AM",2.796,29.967,50.8,80.869,72902.1,1033.655,33.643,0.078,0.078,0,6.867,96.477,5.507,0.765,0,5.519,5.523,NA,43
"5/27/2022 5:34:59 AM",2.76,29.966,50.797,80.863,72898.3,1033.653,33.641,0.086,0.086,0.087,6.867,96.547,5.511,0.765,0,5.523,5.527,NA,43
"5/27/2022 5:34:59 AM",2.717,29.967,50.794,80.86,72894.4,1033.65,33.638,0.078,0.078,0.058,6.867,96.571,5.512,0.85,0,5.525,5.528,NA,43
"5/27/2022 5:35:00 AM",2.642,29.966,50.771,80.827,72866.1,1033.632,33.621,0.086,0.086,0.029,6.869,96.528,5.511,0.85,0,5.523,5.526,NA,43
"5/27/2022 5:35:00 AM",2.499,29.967,50.767,80.822,72860.4,1033.628,33.618,0.086,0.086,0.015,6.866,96.531,5.511,0.85,0,5.524,5.527,NA,43
"5/27/2022 5:35:00 AM",2.405,29.967,50.768,80.823,72861.5,1033.629,33.618,0.094,0.094,0.029,6.866,96.581,5.514,0.85,0,5.526,5.53,NA,43
"5/27/2022 5:35:00 AM",2.352,29.967,50.762,80.814,72853.8,1033.624,33.614,0.078,0.078,0.029,6.862,96.544,5.512,0.765,0,5.524,5.528,NA,43
"5/27/2022 5:35:00 AM",2.299,29.966,50.759,80.81,72851,1033.622,33.612,0.086,0.086,0,6.859,96.496,5.509,0.765,0,5.521,5.525,NA,43
"5/27/2022 5:35:01 AM",2.223,29.965,50.756,80.804,72847.6,1033.62,33.611,0.086,0.086,0.015,6.859,96.418,5.505,0.68,0,5.517,5.521,NA,43
"5/27/2022 5:35:01 AM",2.152,29.965,50.755,80.802,72845.7,1033.619,33.61,0.078,0.078,0.058,6.857,96.48,5.508,0.595,0,5.521,5.524,NA,43
"5/27/2022 5:35:01 AM",2.089,29.965,50.755,80.803,72845.8,1033.618,33.609,0.07,0.07,0.073,6.857,96.543,5.512,0.68,0,5.524,5.528,NA,43
"5/27/2022 5:35:01 AM",2.011,29.965,50.751,80.797,72840.4,1033.615,33.606,0.07,0.07,0.029,6.858,96.375,5.503,0.68,0,5.515,5.518,NA,43
"5/27/2022 5:35:01 AM",1.849,29.965,50.747,80.791,72835.5,1033.611,33.603,0.078,0.078,0.015,6.857,96.335,5.501,0.68,0,5.513,5.516,NA,43
"5/27/2022 5:35:02 AM",1.721,29.964,50.738,80.778,72824.6,1033.604,33.597,0.07,0.07,0.029,6.856,96.48,5.509,0.765,0,5.521,5.525,NA,43
"5/27/2022 5:35:02 AM",1.585,29.962,50.73,80.764,72814.3,1033.598,33.591,0.062,0.062,0.029,6.86,96.554,5.513,0.85,0,5.526,5.529,NA,43
"5/27/2022 5:35:02 AM",1.481,29.962,50.719,80.749,72801.5,1033.59,33.583,0.062,0.062,0.044,6.863,96.496,5.51,0.85,0,5.523,5.526,NA,43
"5/27/2022 5:35:02 AM",1.398,29.96,50.715,80.739,72795.5,1033.586,33.58,0.086,0.086,0.058,6.861,96.435,5.507,0.85,0,5.519,5.523,NA,43
"5/27/2022 5:35:02 AM",1.314,29.96,50.71,80.732,72789.7,1033.583,33.577,0.078,0.078,0.073,6.861,96.477,5.51,0.765,0,5.522,5.525,NA,43
"5/27/2022 5:35:03 AM",1.271,29.96,50.708,80.729,72787.1,1033.581,33.575,0.078,0.078,0.044,6.863,96.453,5.508,0.68,0,5.521,5.524,NA,43
"5/27/2022 5:35:03 AM",1.231,29.96,50.706,80.727,72784.4,1033.579,33.574,0.07,0.07,0.073,6.862,96.403,5.505,0.765,0,5.518,5.521,NA,43
"5/27/2022 5:35:03 AM",1.194,29.96,50.702,80.722,72780.1,1033.576,33.571,0.07,0.07,0.015,6.862,96.519,5.512,0.765,0,5.524,5.528,NA,43
"5/27/2022 5:35:03 AM",1.133,29.959,50.699,80.716,72776,1033.574,33.569,0.078,0.078,0.029,6.863,96.389,5.505,0.85,0,5.517,5.521,NA,43
"5/27/2022 5:35:03 AM",1.078,29.959,50.696,80.712,72772.8,1033.572,33.567,0.062,0.062,0.029,6.863,96.407,5.506,0.765,0,5.518,5.522,NA,43
"5/27/2022 5:35:04 AM",1.022,29.958,50.689,80.701,72764.1,1033.566,33.562,0.07,0.07,0.015,6.86,96.506,5.512,0.85,0,5.524,5.528,NA,43
"5/27/2022 5:35:04 AM",0.953,29.958,50.684,80.694,72758.2,1033.563,33.559,0.078,0.078,0.044,6.86,96.536,5.514,0.935,0,5.526,5.53,NA,43
"5/27/2022 5:35:04 AM",0.894,29.956,50.657,80.654,72724.7,1033.542,33.539,0.062,0.062,0.058,6.862,96.516,5.514,0.935,0,5.526,5.53,NA,43
"5/27/2022 5:35:04 AM",0.881,29.956,50.654,80.649,72721.1,1033.54,33.537,0.086,0.086,0.044,6.865,96.333,5.503,0.85,0,5.516,5.519,NA,43
"5/27/2022 5:35:04 AM",0.89,29.956,50.65,80.643,72715.3,1033.537,33.533,0.086,0.086,0.044,6.863,96.386,5.507,0.765,0,5.519,5.522,NA,43
"5/27/2022 5:35:05 AM",0.909,29.956,50.645,80.636,72708.9,1033.533,33.529,0.07,0.07,0.044,6.864,96.443,5.51,0.765,0,5.522,5.526,NA,43
"5/27/2022 5:35:05 AM",0.946,29.955,50.644,80.635,72708.6,1033.533,33.529,0.07,0.07,0.102,6.862,96.425,5.509,0.765,0,5.522,5.525,NA,43
"5/27/2022 5:35:05 AM",0.949,29.955,50.645,80.636,72709.2,1033.533,33.529,0.07,0.07,0.029,6.863,96.534,5.515,0.765,0,5.528,5.531,NA,43
"5/27/2022 5:35:05 AM",0.92,29.956,50.642,80.633,72706.1,1033.531,33.527,0.078,0.078,0.058,6.861,96.518,5.514,0.85,0,5.527,5.53,NA,43
"5/27/2022 5:35:05 AM",0.847,29.955,50.643,80.633,72707,1033.532,33.528,0.086,0.086,0.029,6.862,96.439,5.51,1.02,0,5.522,5.526,NA,43
"5/27/2022 5:35:06 AM",0.749,29.955,50.641,80.629,72703.8,1033.529,33.526,0.078,0.078,0.044,6.866,96.424,5.509,1.02,0,5.522,5.525,NA,43
"5/27/2022 5:35:06 AM",0.649,29.955,50.641,80.63,72704.3,1033.529,33.526,0.078,0.078,0.058,6.865,96.503,5.513,0.935,0,5.526,5.529,NA,43
"5/27/2022 5:35:06 AM",0.551,29.958,50.637,80.628,72698.8,1033.525,33.522,0.07,0.07,0,6.866,96.48,5.512,0.765,0,5.525,5.528,NA,43
"5/27/2022 5:35:06 AM",0.508,29.958,50.636,80.628,72698.1,1033.524,33.522,0.086,0.086,0.029,6.867,96.42,5.509,0.765,0,5.521,5.525,NA,43
"5/27/2022 5:35:06 AM",0.452,29.958,50.635,80.626,72696,1033.523,33.521,0.078,0.078,0.015,6.87,96.4,5.508,0.85,0,5.52,5.524,NA,43
"5/27/2022 5:35:07 AM",0.398,29.958,50.632,80.622,72693,1033.521,33.519,0.062,0.062,0.029,6.869,96.483,5.512,0.85,0,5.525,5.528,NA,43
"5/27/2022 5:35:07 AM",0.318,29.958,50.632,80.622,72692.5,1033.52,33.519,0.07,0.07,0.044,6.87,96.566,5.517,0.85,0,5.529,5.533,NA,43
"5/27/2022 5:35:07 AM",0.254,29.958,50.631,80.621,72691.4,1033.519,33.518,0.086,0.086,0.044,6.87,96.461,5.511,0.935,0,5.524,5.527,NA,43
"5/27/2022 5:35:07 AM",0.185,29.96,50.632,80.624,72692.3,1033.519,33.518,0.078,0.078,0.029,6.876,96.349,5.505,0.765,0,5.517,5.52,NA,43
"5/27/2022 5:35:07 AM",0.099,29.961,50.628,80.62,72687.5,1033.515,33.515,0.078,0.078,0.015,6.877,96.348,5.505,0.85,0,5.517,5.52,NA,43
"5/27/2022 5:35:08 AM",0.02,29.961,50.626,80.617,72684.5,1033.513,33.513,0.062,0.062,0.029,6.877,96.368,5.506,0.68,0,5.518,5.522,NA,43
"5/27/2022 5:35:08 AM",0,29.96,50.625,80.616,72683.6,1033.512,33.513,0.07,0.07,0.029,6.879,96.488,5.513,0.595,0,5.525,5.529,NA,43
"5/27/2022 5:35:08 AM",0,29.962,50.625,80.618,72683.6,1033.512,33.512,0.086,0.086,0.029,6.879,96.385,5.507,0.765,0,5.519,5.523,NA,43
"5/27/2022 5:35:08 AM",0,29.962,50.624,80.616,72682,1033.511,33.511,0.086,0.086,0.058,6.878,96.459,5.511,0.85,0,5.523,5.527,NA,43
"5/27/2022 5:35:09 AM",0,29.961,50.621,80.61,72678.2,1033.509,33.509,0.086,0.086,0.044,6.877,96.405,5.508,0.68,0,5.521,5.524,NA,43
"5/27/2022 5:35:09 AM",0,29.96,50.619,80.607,72675.9,1033.508,33.508,0.094,0.094,0.073,6.876,96.324,5.504,0.595,0,5.516,5.519,NA,43
"5/27/2022 5:35:09 AM",0.013,29.959,50.619,80.606,72676.4,1033.509,33.509,0.086,0.086,0.029,6.875,96.487,5.513,0.68,0,5.525,5.529,NA,43
"5/27/2022 5:35:09 AM",0.054,29.958,50.616,80.599,72672.6,1033.507,33.507,0.07,0.07,0.029,6.875,96.519,5.514,0.765,0,5.527,5.53,NA,43
"5/27/2022 5:35:09 AM",0.098,29.955,50.612,80.589,72667.7,1033.505,33.504,0.078,0.078,0.015,6.875,96.444,5.511,0.85,0,5.523,5.526,NA,43
"5/27/2022 5:35:10 AM",0.127,29.953,50.623,80.603,72682.1,1033.514,33.514,0.078,0.078,0.044,6.871,96.381,5.507,0.935,0,5.519,5.523,NA,43
"5/27/2022 5:35:10 AM",0.134,29.957,50.617,80.6,72674.2,1033.508,33.508,0.07,0.07,0.058,6.875,96.362,5.506,0.935,0,5.518,5.522,NA,43
"5/27/2022 5:35:10 AM",0.158,29.958,50.618,80.602,72675.7,1033.509,33.509,0.07,0.07,0.015,6.88,96.304,5.503,0.765,0,5.515,5.519,NA,43
"5/27/2022 5:35:10 AM",0.188,29.958,50.619,80.603,72676.2,1033.51,33.509,0.078,0.078,0.044,6.879,96.379,5.507,0.595,0,5.519,5.523,NA,43
"5/27/2022 5:35:10 AM",0.214,29.956,50.618,80.6,72675.3,1033.51,33.509,0.07,0.07,0.029,6.881,96.42,5.509,0.595,0,5.521,5.525,NA,43
"5/27/2022 5:35:11 AM",0.226,29.956,50.617,80.597,72673.8,1033.509,33.508,0.117,0.117,0.116,6.883,96.596,5.519,0.935,0,5.532,5.535,NA,43
"5/27/2022 5:35:11 AM",0.198,29.955,50.619,80.6,72676.6,1033.511,33.51,0.148,0.148,0.102,6.879,96.563,5.517,0.935,0,5.53,5.533,NA,43
"5/27/2022 5:35:11 AM",0.153,29.956,50.617,80.598,72673.7,1033.508,33.508,0.117,0.117,0.131,6.879,96.467,5.512,1.104,0,5.524,5.528,NA,43
"5/27/2022 5:35:11 AM",0.085,29.955,50.615,80.594,72671.4,1033.507,33.507,0.086,0.086,0.131,6.879,96.506,5.514,1.274,0,5.526,5.53,NA,43
"5/27/2022 5:35:11 AM",0,29.954,50.617,80.595,72674,1033.508,33.509,0.101,0.101,0.073,6.881,96.507,5.514,1.274,0,5.527,5.53,NA,43
"5/27/2022 5:35:12 AM",0,29.954,50.614,80.591,72670.8,1033.506,33.507,0.359,0.359,0.116,6.883,96.381,5.507,1.359,0,5.52,5.523,NA,43
"5/27/2022 5:35:12 AM",0,29.954,50.613,80.59,72669.7,1033.505,33.506,0.164,0.164,0.015,6.883,96.531,5.516,1.784,0,5.528,5.531,NA,43
"5/27/2022 5:35:12 AM",0,29.955,50.611,80.587,72666.4,1033.503,33.504,0.101,0.101,0.029,6.885,96.459,5.512,1.614,0,5.524,5.528,NA,43
"5/27/2022 5:35:12 AM",0,29.954,50.609,80.583,72663.8,1033.501,33.503,0.078,0.078,0.087,6.882,96.427,5.51,1.274,0,5.522,5.526,NA,43
"5/27/2022 5:35:12 AM",0,29.954,50.609,80.583,72663.8,1033.502,33.502,0.101,0.101,0.058,6.88,96.294,5.502,0.68,0,5.514,5.518,NA,43
"5/27/2022 5:35:13 AM",0,29.954,50.609,80.584,72663.7,1033.502,33.502,0.094,0.094,0.116,6.872,96.36,5.506,1.02,0,5.518,5.522,NA,43
"5/27/2022 5:35:13 AM",0,29.955,50.609,80.585,72664,1033.502,33.502,0.07,0.07,0.087,6.878,96.343,5.505,0.935,0,5.517,5.521,NA,43
"5/27/2022 5:35:13 AM",0,29.954,50.608,80.583,72662.9,1033.501,33.502,0.125,0.125,0.408,6.882,96.382,5.507,0.935,0,5.52,5.523,NA,43
"5/27/2022 5:35:13 AM",0,29.955,50.606,80.582,72661,1033.5,33.5,0.273,0.273,0.743,6.879,96.369,5.507,1.274,0,5.519,5.522,NA,43
"5/27/2022 5:35:13 AM",0,29.954,50.606,80.58,72660.7,1033.5,33.5,0.991,0.991,1.224,6.881,96.534,5.516,1.529,0,5.528,5.532,NA,43
"5/27/2022 5:35:14 AM",0,29.955,50.608,80.584,72663.1,1033.501,33.502,1.295,1.295,1.296,6.879,96.579,5.519,1.359,0,5.531,5.535,NA,43
"5/27/2022 5:35:14 AM",0,29.955,50.595,80.567,72646.8,1033.491,33.492,0.445,0.445,0.626,6.881,96.514,5.515,1.104,0,5.528,5.531,NA,43
"5/27/2022 5:35:14 AM",0,29.956,50.612,80.591,72667.5,1033.503,33.504,0.211,0.211,0.364,6.881,96.405,5.509,1.104,0,5.521,5.524,NA,43
"5/27/2022 5:35:14 AM",0,29.958,50.608,80.588,72662.5,1033.5,33.501,0.14,0.14,0.116,6.883,96.48,5.513,1.02,0,5.525,5.529,NA,43
"5/27/2022 5:35:14 AM",0,29.957,50.609,80.588,72663.5,1033.501,33.501,0.086,0.086,0.073,6.883,96.541,5.516,1.02,0,5.529,5.532,NA,43
"5/27/2022 5:35:15 AM",0,29.958,50.609,80.591,72664.2,1033.501,33.501,0.226,0.226,0.131,6.882,96.428,5.51,1.02,0,5.522,5.526,NA,43
"5/27/2022 5:35:15 AM",0,29.959,50.609,80.591,72663.1,1033.5,33.5,0.164,0.164,0.16,6.879,96.488,5.513,1.444,0,5.526,5.529,NA,43
"5/27/2022 5:35:15 AM",0,29.96,50.61,80.594,72664.2,1033.5,33.501,0.242,0.242,0.204,6.874,96.609,5.52,1.444,0,5.532,5.536,NA,43
"5/27/2022 5:35:15 AM",0,29.962,50.609,80.595,72663.4,1033.499,33.5,0.164,0.164,0.175,6.874,96.5,5.514,1.614,0,5.526,5.529,NA,43
"5/27/2022 5:35:15 AM",0,29.963,50.607,80.594,72661.3,1033.498,33.498,0.172,0.172,0.233,6.871,96.515,5.514,1.529,0,5.527,5.53,NA,43
"5/27/2022 5:35:16 AM",0,29.962,50.609,80.596,72663.5,1033.499,33.5,0.125,0.125,0.102,6.875,96.51,5.514,1.614,0,5.527,5.53,NA,43
"5/27/2022 5:35:16 AM",0,29.963,50.607,80.594,72660.1,1033.496,33.498,0.125,0.125,0.189,6.884,96.489,5.513,2.379,0,5.526,5.529,NA,43
"5/27/2022 5:35:16 AM",0,29.963,50.61,80.598,72664.4,1033.499,33.5,0.179,0.179,0.786,6.885,96.334,5.504,2.294,0,5.516,5.52,NA,43
"5/27/2022 5:35:16 AM",0,29.963,50.468,80.403,72488.1,1033.391,33.393,0.569,0.569,0.568,6.887,96.418,5.513,2.379,0,5.525,5.529,NA,43
"5/27/2022 5:35:16 AM",0,29.964,50.612,80.603,72666.8,1033.499,33.501,0.655,0.655,0.859,6.887,96.401,5.508,2.634,0,5.52,5.523,NA,43
"5/27/2022 5:35:17 AM",0,29.967,50.61,80.605,72664.1,1033.497,33.499,0.265,0.265,0.437,6.887,96.443,5.51,2.719,0,5.522,5.526,NA,43
"5/27/2022 5:35:17 AM",0,29.97,50.621,80.625,72677.6,1033.504,33.506,0.109,0.109,0.116,6.886,96.482,5.512,2.804,0,5.524,5.528,NA,43
"5/27/2022 5:35:17 AM",0,29.973,50.472,80.422,72491.2,1033.39,33.392,0.078,0.078,0.073,6.887,96.548,5.52,2.804,0,5.532,5.536,NA,43
"5/27/2022 5:35:17 AM",0,29.969,18.225,32.448,29251.1,1009.213,9.215,14.018,14.018,10.983,6.887,96.49,6.586,2.889,0,6.606,6.605,NA,43
"5/27/2022 5:35:17 AM",0,29.954,1.942,4.07,3669.6,997.113,0,20.196,20.196,7.741,6.883,96.516,7.205,2.804,0,7.226,7.226,NA,43
"5/27/2022 5:35:18 AM",0,29.965,37.047,61.33,55291,1023.272,23.274,5.523,5.523,2.317,6.888,96.445,5.936,2.209,0,5.952,5.953,NA,43
"5/27/2022 5:35:18 AM",0,29.978,50.082,79.89,72004.6,1033.094,33.095,0.811,0.811,0.32,6.889,96.445,5.526,1.274,0,5.538,5.542,NA,43
"5/27/2022 5:35:18 AM",0,29.981,50.619,80.636,72673.1,1033.5,33.5,0.281,0.281,0.131,6.884,96.455,5.51,1.529,0,5.522,5.525,NA,43
"5/27/2022 5:35:18 AM",0,29.982,50.616,80.635,72669.9,1033.498,33.498,0.148,0.148,0.087,6.883,96.532,5.514,1.869,0,5.526,5.53,NA,43
"5/27/2022 5:35:19 AM",0,29.983,50.613,80.632,72665.3,1033.495,33.495,0.117,0.117,0.277,6.887,96.507,5.513,1.869,0,5.525,5.529,NA,43
"5/27/2022 5:35:19 AM",0,29.981,50.617,80.633,72670.5,1033.498,33.499,0.133,0.133,0.16,6.885,96.498,5.512,1.869,0,5.525,5.528,NA,43
"5/27/2022 5:35:19 AM",0,29.978,50.618,80.632,72672.5,1033.5,33.501,0.101,0.101,0.073,6.885,96.362,5.504,1.699,0,5.516,5.52,NA,43
"5/27/2022 5:35:19 AM",0,29.98,50.622,80.64,72677.1,1033.502,33.503,0.086,0.086,0.073,6.884,96.539,5.514,2.209,0,5.527,5.53,NA,43
"5/27/2022 5:35:19 AM",0,29.982,50.552,80.546,72589.7,1033.448,33.449,0.086,0.086,0.044,6.887,96.429,5.51,2.889,0,5.523,5.526,NA,43
"5/27/2022 5:35:20 AM",0,29.982,50.617,80.636,72670.8,1033.498,33.499,0.133,0.133,0.073,6.892,96.398,5.506,2.974,0,5.519,5.522,NA,43
"5/27/2022 5:35:20 AM",0,29.981,50.573,80.574,72616,1033.464,33.466,22.568,22.568,0.612,6.895,96.459,5.511,3.144,0,5.523,5.527,NA,43
"5/27/2022 5:35:20 AM",0,29.982,50.615,80.633,72667.7,1033.495,33.497,15.258,15.258,2.565,6.895,96.413,5.507,2.974,0,5.519,5.523,NA,43
"5/27/2022 5:35:20 AM",0,29.982,38.188,63.014,56790.2,1024.123,24.125,22.318,22.318,18.572,6.891,96.599,5.908,3.059,0,5.923,5.925,NA,43
"5/27/2022 5:35:20 AM",0,29.967,16.413,29.499,26593.4,1007.865,7.868,53.482,53.482,73.914,6.89,96.586,6.658,3.059,0,6.677,6.677,NA,43
"5/27/2022 5:35:21 AM",0,29.959,8.157,15.534,14006.1,1001.735,1.737,86.955,86.955,93.15,6.892,96.454,6.957,3.228,0,6.977,6.977,NA,43
"5/27/2022 5:35:21 AM",0,29.962,12.924,23.715,21380.7,1005.275,5.277,125.046,125.046,150.175,6.895,96.314,6.768,3.483,0,6.788,6.787,NA,43
"5/27/2022 5:35:21 AM",0,29.965,7.899,15.08,13595.1,1001.541,1.543,47.943,47.943,62.497,6.893,96.273,6.954,3.653,0,6.975,6.975,NA,43
"5/27/2022 5:35:21 AM",0,29.965,1.845,3.877,3495.6,997.037,0,281.014,281.014,489.791,6.894,96.114,7.178,3.483,0,7.198,7.198,NA,43
"5/27/2022 5:35:21 AM",0,29.961,1.278,2.739,2469.7,996.615,0,110.646,110.646,272.657,6.897,96.029,7.194,3.568,0,7.215,7.215,NA,43
"5/27/2022 5:35:22 AM",0,29.561,0.892,1.931,1755,996.447,0,506.05,506.05,689.893,6.904,95.87,7.198,4.078,0,7.219,7.219,NA,43
"5/27/2022 5:35:22 AM",0,29.203,0.806,1.741,1594.1,996.49,0,277.207,277.207,205.069,6.9,95.363,7.165,3.993,0,7.185,7.185,NA,43
"5/27/2022 5:35:22 AM",0,28.994,0.716,1.548,1423.2,996.483,0,175.127,175.127,217.135,6.904,94.618,7.114,4.333,0,7.135,7.135,NA,43
"5/27/2022 5:35:22 AM",0,28.82,0.661,1.43,1319.4,996.494,0,180.876,180.876,303.374,6.901,94.246,7.09,4.248,0,7.111,7.111,NA,43
"5/27/2022 5:35:22 AM",0,28.693,0.618,1.336,1235.8,996.498,0,223.827,223.827,493.808,6.904,94.055,7.08,4.503,0,7.1,7.101,NA,43
"5/27/2022 5:35:23 AM",0,28.552,0.653,1.405,1303.2,996.565,0,249.39,249.39,1063.771,6.899,93.89,7.07,4.333,0,7.091,7.091,NA,43
"5/27/2022 5:35:23 AM",0,28.468,0.564,1.219,1132.7,996.523,0,415.608,415.608,929.442,6.896,94.218,7.101,3.993,0,7.121,7.121,NA,43
"5/27/2022 5:35:23 AM",0,28.381,0.531,1.149,1069.2,996.523,0,459.066,459.066,570.105,6.894,94.138,7.098,3.738,0,7.118,7.118,NA,43
"5/27/2022 5:35:23 AM",0,28.351,0.506,1.097,1021.2,996.514,0,506.05,506.05,380.436,6.893,94.445,7.124,3.653,0,7.144,7.144,NA,43
"5/27/2022 5:35:23 AM",0,28.311,0.479,1.037,967,996.504,0,225.582,225.582,209.865,6.89,94.521,7.133,3.653,0,7.154,7.154,NA,43
"5/27/2022 5:35:24 AM",0,28.296,0.459,0.996,928.5,996.494,0,202.468,202.468,216.073,6.887,94.598,7.141,4.163,0,7.162,7.162,NA,43
"5/27/2022 5:35:24 AM",0,28.253,0.439,0.954,889.9,996.491,0,143.542,143.542,303.586,6.889,94.718,7.153,4.163,0,7.174,7.174,NA,43
"5/27/2022 5:35:24 AM",0,28.254,0.419,0.912,851.4,996.476,0,179.004,179.004,282.861,6.892,94.685,7.155,4.503,0,7.176,7.176,NA,43
"5/27/2022 5:35:24 AM",0,28.257,0.404,0.88,821.4,996.464,0,274.914,274.914,194.65,6.894,94.891,7.174,4.418,0,7.195,7.195,NA,43
"5/27/2022 5:35:24 AM",0,28.196,0.397,0.863,806.3,996.476,0,165.984,165.984,264.529,6.892,94.8,7.169,4.333,0,7.19,7.19,NA,43
"5/27/2022 5:35:25 AM",0,28.111,0.392,0.852,797,996.496,0,245.412,245.412,247.603,6.892,94.894,7.178,3.823,0,7.199,7.199,NA,43
"5/27/2022 5:35:25 AM",0,27.932,0.456,0.984,924,996.596,0,325.845,325.845,306.445,6.887,94.861,7.175,3.398,0,7.195,7.195,NA,43
"5/27/2022 5:35:25 AM",0,27.692,0.422,0.908,857.5,996.638,0,212.43,212.43,144.657,6.884,94.825,7.175,4.248,0,7.196,7.196,NA,43
"5/27/2022 5:35:25 AM",0,27.437,0.407,0.872,827.7,996.698,0,40.962,40.962,20.895,6.885,95.091,7.201,4.333,0,7.222,7.222,NA,43
"5/27/2022 5:35:25 AM",0,27.248,0.393,0.839,799.3,996.74,0,23.324,23.324,9.486,6.883,95.131,7.207,3.908,0,7.228,7.228,NA,43
"5/27/2022 5:35:26 AM",0,27.087,0.483,1.023,977.9,996.853,0,21.647,21.647,14.175,6.883,95.201,7.212,3.653,0,7.232,7.233,NA,43
"5/27/2022 5:35:26 AM",0,26.88,0.638,1.33,1277.5,997.026,0,25.251,25.251,6.994,6.883,95.349,7.219,3.483,0,7.24,7.24,NA,43
"5/27/2022 5:35:26 AM",0,26.709,0.588,1.226,1181.4,997.036,0,3.822,3.822,1.107,6.876,95.294,7.223,3.144,0,7.244,7.244,NA,43
"5/27/2022 5:35:26 AM",0,26.827,0.601,1.255,1206.1,997.013,0,0.952,0.952,0,6.869,95.178,7.217,3.059,0,7.237,7.237,NA,43
"5/27/2022 5:35:26 AM",0,26.937,0.661,1.377,1320.8,997.028,0,0.367,0.367,0,6.864,95.189,7.217,3.653,0,7.238,7.238,NA,43
"5/27/2022 5:35:27 AM",0,26.994,0.516,1.088,1042.2,996.904,0,0.842,0.842,0.364,6.859,95.224,7.228,4.673,0,7.249,7.249,NA,43
"5/27/2022 5:35:27 AM",0,27.063,0.398,0.847,809.8,996.795,0,0.655,0.655,0.903,6.857,95.486,7.256,5.437,0,7.277,7.277,NA,43
"5/27/2022 5:35:27 AM",0,27.191,0.348,0.746,711.7,996.723,0,0.164,0.164,0.248,6.857,95.517,7.266,4.673,0,7.287,7.287,NA,43
"5/27/2022 5:35:27 AM",0,27.212,0.343,0.735,700.6,996.713,0,0.117,0.117,0.16,6.857,95.53,7.269,3.313,0,7.29,7.29,NA,43
"5/27/2022 5:35:27 AM",0,27.193,0.337,0.723,689.9,996.714,0,0.148,0.148,0.349,6.856,95.605,7.277,3.144,0,7.298,7.298,NA,43
"5/27/2022 5:35:28 AM",0,27.155,0.327,0.7,668.5,996.716,0,0.055,0.055,0.102,6.856,95.509,7.271,3.483,0,7.292,7.292,NA,43
"5/27/2022 5:35:28 AM",0,27.039,0.305,0.654,625.7,996.732,0,1.162,1.162,3.105,6.853,95.702,7.288,3.908,0,7.309,7.309,NA,43
"5/27/2022 5:35:28 AM",0,27.058,0.291,0.624,596.6,996.716,0,1.428,1.428,11.792,6.852,95.871,7.302,3.993,0,7.323,7.324,NA,43
"5/27/2022 5:35:28 AM",0,27.113,0.283,0.609,581.8,996.695,0,1.092,1.092,9.765,6.848,95.856,7.302,4.163,0,7.323,7.323,NA,43
"5/27/2022 5:35:29 AM",0,27.143,0.331,0.71,678.3,996.723,0,3.869,3.869,11.072,6.847,95.787,7.295,4.078,0,7.316,7.316,NA,43
"5/27/2022 5:35:29 AM",0,28.06,1.792,3.638,3408.7,997.561,0,3.791,3.791,14.396,6.85,95.995,7.251,4.078,0,7.272,7.272,NA,43
"5/27/2022 5:35:29 AM",0,29.29,1.424,2.998,2739.3,996.926,0,2.114,2.114,9.266,6.943,96.209,7.271,3.993,0,7.292,7.292,NA,43
"5/27/2022 5:35:29 AM",0,29.464,1.529,3.217,2929,996.953,0,1.903,1.903,8.752,7.007,96.074,7.251,3.993,0,7.272,7.272,NA,43
"5/27/2022 5:35:29 AM",0,29.525,1.518,3.198,2908.8,996.926,0,1.825,1.825,8.606,7.049,95.835,7.228,4.078,0,7.249,7.249,NA,43
"5/27/2022 5:35:30 AM",0,29.549,1.518,3.2,2908.5,996.919,0,1.786,1.786,8.547,7.088,95.679,7.212,3.738,0,7.233,7.233,NA,43
"5/27/2022 5:35:30 AM",0,29.563,1.406,2.976,2704.4,996.831,0,1.779,1.779,8.547,7.127,95.198,7.175,3.908,0,7.196,7.196,NA,43
"5/27/2022 5:35:30 AM",0,29.566,1.316,2.797,2541.4,996.763,0,1.763,1.763,8.547,7.141,95.122,7.171,4.078,0,7.192,7.192,NA,43
"5/27/2022 5:35:30 AM",0,29.568,1.258,2.679,2434.3,996.719,0,1.747,1.747,8.518,7.153,94.909,7.155,4.418,0,7.176,7.176,NA,43
"5/27/2022 5:35:30 AM",0,29.568,1.21,2.582,2345.9,996.683,0,1.716,1.716,8.547,7.168,94.815,7.148,5.013,0,7.169,7.169,NA,43
"5/27/2022 5:35:31 AM",0,29.571,1.115,2.389,2170.9,996.611,0,1.708,1.708,8.503,7.182,94.644,7.138,5.522,0,7.158,7.158,NA,43
"5/27/2022 5:35:31 AM",0,29.563,1.119,2.398,2179,996.617,0,1.724,1.724,8.591,7.207,94.585,7.132,5.862,0,7.152,7.152,NA,43
"5/27/2022 5:35:31 AM",0,29.56,1.08,2.318,2106.5,996.589,0,1.716,1.716,8.577,7.218,94.519,7.128,5.947,0,7.148,7.148,NA,43
"5/27/2022 5:35:31 AM",0,29.556,1.097,2.352,2138.1,996.602,0,1.724,1.724,8.577,7.237,94.426,7.119,5.947,0,7.14,7.14,NA,43
"5/27/2022 5:35:31 AM",0,29.555,1.114,2.387,2169.2,996.615,0,1.716,1.716,8.577,7.244,94.372,7.114,5.947,0,7.134,7.134,NA,43
"5/27/2022 5:35:32 AM",0,29.564,1.076,2.309,2098.7,996.584,0,1.701,1.701,8.518,7.258,94.36,7.114,5.947,0,7.134,7.134,NA,43
"5/27/2022 5:35:32 AM",0,29.567,1.093,2.344,2130.1,996.596,0,1.701,1.701,8.518,7.272,94.205,7.101,5.947,0,7.122,7.122,NA,43
"5/27/2022 5:35:32 AM",0,29.567,1.088,2.333,2119.9,996.592,0,1.716,1.716,8.503,7.28,94.156,7.097,5.947,0,7.118,7.118,NA,43
"5/27/2022 5:35:32 AM",0,29.567,1.052,2.26,2054,996.565,0,1.708,1.708,8.518,7.285,94.087,7.093,5.947,0,7.114,7.114,NA,43
"5/27/2022 5:35:32 AM",0,29.565,1.064,2.285,2076.3,996.575,0,1.701,1.701,8.489,7.295,94.079,7.092,5.862,0,7.113,7.113,NA,43
"5/27/2022 5:35:33 AM",0,29.563,1.089,2.335,2122.2,996.594,0,1.701,1.701,8.503,7.303,94.048,7.088,5.862,0,7.109,7.109,NA,43
"5/27/2022 5:35:33 AM",0,29.559,1.077,2.312,2101,996.586,0,1.708,1.708,8.533,7.306,93.95,7.081,5.862,0,7.101,7.101,NA,43
"5/27/2022 5:35:33 AM",0,29.558,1.079,2.315,2103.7,996.588,0,1.677,1.677,8.591,7.309,93.87,7.075,5.862,0,7.096,7.096,NA,43
"5/27/2022 5:35:33 AM",0,29.556,1.063,2.282,2074.1,996.576,0,1.708,1.708,8.577,7.312,93.917,7.079,5.862,0,7.099,7.099,NA,43
"5/27/2022 5:35:33 AM",0,29.551,1.069,2.294,2084.9,996.582,0,1.701,1.701,8.562,7.317,93.833,7.072,5.947,0,7.093,7.093,NA,43
"5/27/2022 5:35:34 AM",0,29.553,1.066,2.289,2080.7,996.58,0,1.701,1.701,8.577,7.318,93.763,7.067,5.947,0,7.087,7.087,NA,43
"5/27/2022 5:35:34 AM",0,29.555,1.047,2.249,2044.1,996.565,0,1.701,1.701,8.547,7.324,93.708,7.064,6.032,0,7.084,7.084,NA,43
"5/27/2022 5:35:34 AM",0,29.559,1.048,2.252,2046.9,996.565,0,1.693,1.693,8.562,7.326,93.772,7.068,6.117,0,7.089,7.089,NA,43
"5/27/2022 5:35:34 AM",0,29.561,1.059,2.274,2066.3,996.572,0,1.693,1.693,8.518,7.333,93.728,7.065,6.202,0,7.085,7.085,NA,43
"5/27/2022 5:35:34 AM",0,29.561,1.049,2.253,2047.8,996.564,0,1.701,1.701,8.547,7.334,93.677,7.061,6.202,0,7.081,7.081,NA,43
"5/27/2022 5:35:35 AM",0,29.561,1.059,2.275,2067.8,996.572,0,1.747,1.747,8.606,7.336,93.586,7.054,6.202,0,7.074,7.074,NA,43
"5/27/2022 5:35:35 AM",0,29.562,1.058,2.272,2064.4,996.571,0,1.708,1.708,8.679,7.337,93.578,7.053,6.202,0,7.074,7.074,NA,43
"5/27/2022 5:35:35 AM",0,29.564,1.036,2.228,2024.8,996.554,0,1.755,1.755,8.621,7.338,93.562,7.052,6.202,0,7.073,7.073,NA,43
"5/27/2022 5:35:35 AM",0,29.564,1.046,2.249,2043.6,996.562,0,1.81,1.81,8.533,7.341,93.463,7.044,6.202,0,7.065,7.065,NA,43
"5/27/2022 5:35:35 AM",0,29.564,1.035,2.226,2022.7,996.554,0,1.771,1.771,8.547,7.342,93.547,7.051,6.117,0,7.072,7.072,NA,43
"5/27/2022 5:35:36 AM",0,29.563,1.028,2.211,2009,996.548,0,1.802,1.802,8.533,7.338,93.527,7.05,6.117,0,7.07,7.07,NA,43
"5/27/2022 5:35:36 AM",0,29.563,1.035,2.226,2023.1,996.554,0,1.771,1.771,8.503,7.339,93.548,7.051,6.117,0,7.072,7.072,NA,43
"5/27/2022 5:35:36 AM",0,29.562,1.013,2.18,1981.6,996.537,0,1.724,1.724,8.474,7.337,93.452,7.045,6.117,0,7.065,7.065,NA,43
"5/27/2022 5:35:36 AM",0,29.562,1.01,2.174,1975.4,996.535,0,1.716,1.716,8.533,7.337,93.492,7.048,6.117,0,7.068,7.068,NA,43
"5/27/2022 5:35:36 AM",0,29.561,1.017,2.189,1989.3,996.541,0,1.701,1.701,8.533,7.341,93.429,7.042,6.117,0,7.063,7.063,NA,43
"5/27/2022 5:35:37 AM",0,29.556,0.996,2.145,1949.7,996.526,0,1.701,1.701,8.518,7.342,93.413,7.042,6.117,0,7.062,7.062,NA,43
"5/27/2022 5:35:37 AM",0,29.557,0.993,2.139,1944,996.524,0,1.685,1.685,8.518,7.338,93.397,7.041,6.117,0,7.061,7.061,NA,43
"5/27/2022 5:35:37 AM",0,29.546,0.988,2.129,1935.8,996.524,0,1.685,1.685,8.577,7.339,93.481,7.047,6.117,0,7.068,7.068,NA,43
"5/27/2022 5:35:37 AM",0,29.545,0.979,2.11,1918.5,996.517,0,1.685,1.685,8.547,7.338,93.39,7.041,6.117,0,7.061,7.061,NA,43
"5/27/2022 5:35:37 AM",0,29.548,0.98,2.112,1920.3,996.517,0,1.669,1.669,8.547,7.341,93.453,7.045,6.117,0,7.066,7.066,NA,43
"5/27/2022 5:35:38 AM",0,29.544,0.979,2.11,1918.4,996.517,0,1.677,1.677,8.547,7.339,93.396,7.041,6.117,0,7.062,7.062,NA,43
"5/27/2022 5:35:38 AM",0,29.549,0.959,2.069,1880.6,996.501,0,1.685,1.685,8.547,7.34,93.553,7.054,6.117,0,7.074,7.074,NA,43
"5/27/2022 5:35:38 AM",0,29.553,0.963,2.077,1888.3,996.503,0,1.685,1.685,8.518,7.341,93.405,7.043,6.202,0,7.063,7.063,NA,43
"5/27/2022 5:35:38 AM",0,29.552,0.952,2.055,1868.1,996.495,0,1.693,1.693,8.518,7.336,93.384,7.041,6.202,0,7.061,7.061,NA,43
"5/27/2022 5:35:39 AM",0,29.557,0.94,2.03,1845.4,996.485,0,1.685,1.685,8.503,7.334,93.452,7.047,6.202,0,7.067,7.067,NA,43
"5/27/2022 5:35:39 AM",0,29.559,0.942,2.034,1848.9,996.485,0,1.677,1.677,8.518,7.332,93.376,7.041,6.202,0,7.061,7.061,NA,43
"5/27/2022 5:35:39 AM",0,29.558,0.925,2,1817.4,996.473,0,1.662,1.662,8.489,7.331,93.337,7.039,6.202,0,7.059,7.059,NA,43
"5/27/2022 5:35:39 AM",0,29.56,0.917,1.984,1802.7,996.467,0,1.669,1.669,8.503,7.331,93.3,7.036,6.117,0,7.056,7.056,NA,43
"5/27/2022 5:35:39 AM",0,29.56,0.919,1.988,1806.7,996.468,0,1.669,1.669,8.503,7.333,93.348,7.039,6.117,0,7.06,7.06,NA,43
"5/27/2022 5:35:40 AM",0,29.56,0.91,1.968,1788.9,996.461,0,1.669,1.669,8.503,7.335,93.362,7.041,6.117,0,7.062,7.062,NA,43
"5/27/2022 5:35:40 AM",0,29.561,0.905,1.959,1780.5,996.457,0,1.677,1.677,8.459,7.337,93.286,7.036,6.117,0,7.056,7.056,NA,43
"5/27/2022 5:35:40 AM",0,29.562,0.908,1.965,1785.3,996.459,0,1.677,1.677,8.489,7.339,93.315,7.037,6.117,0,7.058,7.058,NA,43
"5/27/2022 5:35:40 AM",0,29.563,0.898,1.943,1766,996.451,0,1.677,1.677,8.489,7.341,93.32,7.039,6.117,0,7.059,7.059,NA,43
"5/27/2022 5:35:40 AM",0,29.564,0.9,1.947,1769.8,996.452,0,1.677,1.677,8.489,7.339,93.309,7.037,6.117,0,7.058,7.058,NA,43
"5/27/2022 5:40:13 AM",0,29.956,50.887,80.97,73009.6,1033.711,33.713,0.429,0.429,0.51,6.841,98.11,5.618,6.032,0,5.631,5.635,NA,43
"5/27/2022 5:40:13 AM",0,29.964,50.869,80.956,72986,1033.695,33.696,0.257,0.257,0.32,6.864,97.914,5.605,6.202,0,5.618,5.621,NA,43
"5/27/2022 5:40:13 AM",0,29.972,50.869,80.969,72985.8,1033.692,33.694,0.234,0.234,0.306,6.885,97.482,5.579,6.372,0,5.591,5.595,NA,43
"5/27/2022 5:40:13 AM",0,29.98,50.87,80.982,72985.3,1033.69,33.691,0.234,0.234,0.233,6.907,97.22,5.562,7.052,0,5.575,5.578,NA,43
"5/27/2022 5:40:14 AM",0,29.976,50.867,80.972,72982.3,1033.689,33.69,0.164,0.164,0.116,6.928,97.145,5.557,6.712,0,5.569,5.573,NA,43
"5/27/2022 5:40:14 AM",0,29.967,50.871,80.964,72988.3,1033.695,33.696,0.164,0.164,0.102,6.954,96.972,5.546,6.117,0,5.558,5.562,NA,43
"5/27/2022 5:40:14 AM",0,29.963,50.87,80.957,72987.6,1033.696,33.697,0.156,0.156,0.131,6.967,96.954,5.544,5.947,0,5.557,5.56,NA,43
"5/27/2022 5:40:14 AM",0,29.962,50.879,80.967,72999.1,1033.703,33.705,0.156,0.156,0.131,6.979,96.785,5.534,5.692,0,5.546,5.55,NA,43
"5/27/2022 5:40:14 AM",0,29.962,50.89,80.983,73013,1033.712,33.713,0.133,0.133,0.087,6.99,96.716,5.529,5.183,0,5.542,5.545,NA,43
"5/27/2022 5:40:15 AM",0,29.972,50.892,81.001,73014.1,1033.71,33.711,0.14,0.14,0.175,7.007,96.714,5.529,5.098,0,5.542,5.545,NA,43
"5/27/2022 5:40:15 AM",0,29.984,50.902,81.031,73024.8,1033.713,33.714,0.148,0.148,0.16,7.017,96.825,5.535,3.059,0,5.547,5.55,NA,43
"5/27/2022 5:40:15 AM",0,29.984,50.894,81.021,73014.5,1033.707,33.707,0.164,0.164,0.175,7.031,96.768,5.531,3.144,0,5.544,5.547,NA,43
"5/27/2022 5:40:15 AM",0.097,29.98,50.896,81.018,73018.1,1033.711,33.711,0.172,0.172,0.233,7.043,96.797,5.532,4.078,0,5.544,5.548,NA,43
"5/27/2022 5:40:15 AM",0.277,29.979,50.91,81.035,73035.3,1033.723,33.721,0.148,0.148,0.16,7.055,96.617,5.521,4.333,0,5.533,5.537,NA,43
"5/27/2022 5:40:16 AM",0.562,29.981,50.906,81.035,73030.9,1033.72,33.718,0.14,0.14,0.277,7.072,96.585,5.518,4.503,0,5.531,5.534,NA,43
"5/27/2022 5:40:16 AM",0.715,29.986,50.905,81.04,73028.6,1033.718,33.715,0.14,0.14,0.204,7.083,96.57,5.517,3.993,0,5.529,5.533,NA,43
"5/27/2022 5:40:16 AM",0.825,29.974,50.913,81.034,73040.8,1033.73,33.726,0.133,0.133,0.146,7.092,96.592,5.518,3.568,0,5.53,5.534,NA,43
"5/27/2022 5:40:16 AM",0.875,29.971,50.92,81.039,73049.6,1033.736,33.732,0.117,0.117,0.102,7.101,96.531,5.514,3.144,0,5.526,5.53,NA,43
"5/27/2022 5:40:16 AM",0.823,29.968,50.935,81.054,73068.2,1033.748,33.745,0.125,0.125,0.116,7.11,96.398,5.506,2.974,0,5.518,5.522,NA,43
"5/27/2022 5:40:17 AM",0.753,29.966,50.938,81.055,73071.8,1033.75,33.747,0.133,0.133,0.116,7.115,96.451,5.509,3.144,0,5.521,5.525,NA,43
"5/27/2022 5:40:17 AM",0.693,29.966,50.94,81.058,73074.2,1033.752,33.749,0.133,0.133,0.116,7.118,96.503,5.512,3.144,0,5.524,5.528,NA,43
"5/27/2022 5:40:17 AM",0.651,29.966,50.935,81.052,73068.1,1033.748,33.745,0.125,0.125,0.116,7.121,96.487,5.511,3.313,0,5.523,5.527,NA,43
"5/27/2022 5:40:17 AM",0.618,29.965,50.932,81.046,73064.8,1033.746,33.743,0.117,0.117,0.131,7.126,96.538,5.515,3.398,0,5.527,5.53,NA,43
"5/27/2022 5:40:17 AM",0.623,29.967,50.932,81.049,73064.6,1033.745,33.743,0.101,0.101,0.116,7.129,96.451,5.51,3.313,0,5.522,5.525,NA,43
"5/27/2022 5:40:18 AM",0.635,29.969,50.933,81.053,73065.7,1033.745,33.743,0.133,0.133,0.087,7.131,96.405,5.507,3.483,0,5.52,5.523,NA,43
"5/27/2022 5:40:18 AM",0.673,29.97,50.934,81.056,73067,1033.746,33.743,0.125,0.125,0.102,7.134,96.479,5.511,4.078,0,5.524,5.527,NA,43
"5/27/2022 5:40:18 AM",0.732,29.969,50.933,81.054,73066.1,1033.746,33.743,0.117,0.117,0.102,7.136,96.505,5.513,4.163,0,5.525,5.529,NA,43
"5/27/2022 5:40:18 AM",0.748,29.969,50.93,81.049,73062.4,1033.744,33.741,0.101,0.101,0.087,7.139,96.509,5.513,3.908,0,5.526,5.529,NA,43
"5/27/2022 5:40:18 AM",0.764,29.969,50.933,81.053,73065.8,1033.746,33.743,0.101,0.101,0.102,7.142,96.493,5.512,3.738,0,5.525,5.528,NA,43
"5/27/2022 5:40:19 AM",0.772,29.969,50.932,81.052,73064.7,1033.745,33.742,0.117,0.117,0.131,7.143,96.496,5.513,3.568,0,5.525,5.529,NA,43
"5/27/2022 5:40:19 AM",0.785,29.968,50.937,81.057,73070.8,1033.749,33.746,0.117,0.117,0.058,7.144,96.474,5.511,3.398,0,5.523,5.527,NA,43
"5/27/2022 5:40:19 AM",0.868,29.97,50.939,81.062,73072.9,1033.751,33.747,0.109,0.109,0.044,7.146,96.399,5.507,2.974,0,5.519,5.523,NA,43
"5/27/2022 5:40:19 AM",0.953,29.969,50.942,81.067,73077.6,1033.754,33.75,0.101,0.101,0.044,7.146,96.428,5.508,2.804,0,5.52,5.524,NA,43
"5/27/2022 5:40:20 AM",1.071,29.97,50.943,81.069,73077.9,1033.754,33.75,0.117,0.117,0.102,7.147,96.432,5.508,2.804,0,5.52,5.524,NA,43
"5/27/2022 5:40:20 AM",1.209,29.97,50.945,81.072,73081.1,1033.757,33.752,0.109,0.109,0.058,7.148,96.564,5.516,3.228,0,5.528,5.531,NA,43
"5/27/2022 5:40:20 AM",1.355,29.971,50.947,81.075,73083.7,1033.759,33.753,0.101,0.101,0.073,7.15,96.575,5.516,3.228,0,5.528,5.531,NA,43
"5/27/2022 5:40:20 AM",1.553,29.973,50.952,81.084,73088.7,1033.762,33.755,0.086,0.086,0.073,7.151,96.517,5.512,2.464,0,5.524,5.528,NA,43
"5/27/2022 5:40:20 AM",1.667,29.974,50.953,81.088,73090.2,1033.763,33.756,0.055,0.055,0.015,7.151,96.413,5.506,1.699,0,5.518,5.522,NA,43
"5/27/2022 5:40:21 AM",1.791,29.974,50.973,81.116,73115.3,1033.779,33.771,0.055,0.055,0.015,7.152,96.581,5.514,0.85,0,5.527,5.53,NA,43
"5/27/2022 5:40:21 AM",1.919,29.974,50.976,81.12,73119,1033.782,33.773,0.07,0.07,0,7.151,96.453,5.507,0.255,0,5.52,5.523,NA,43
"5/27/2022 5:40:21 AM",2.095,29.973,50.978,81.122,73122,1033.784,33.776,0.078,0.078,0,7.153,96.435,5.505,0,0,5.518,5.521,NA,43
"5/27/2022 5:40:21 AM",2.223,29.972,50.978,81.121,73122.6,1033.786,33.776,0.078,0.078,0.044,7.154,96.621,5.516,0,0,5.529,5.532,NA,43
"5/27/2022 5:40:21 AM",2.367,29.972,50.983,81.126,73128.1,1033.79,33.78,0.101,0.101,0.073,7.152,96.621,5.516,0,0,5.528,5.532,NA,43
"5/27/2022 5:40:22 AM",2.508,29.972,50.983,81.128,73129.1,1033.791,33.78,0.094,0.094,0.073,7.154,96.571,5.513,0,0,5.525,5.529,NA,43
"5/27/2022 5:40:22 AM",2.652,29.973,50.988,81.135,73134.2,1033.794,33.783,0.094,0.094,0.073,7.155,96.436,5.505,0.255,0,5.517,5.52,NA,43
"5/27/2022 5:40:22 AM",2.842,29.974,51.012,81.171,73164.6,1033.813,33.801,0.086,0.086,0.029,7.155,96.449,5.505,1.359,0,5.517,5.521,NA,43
"5/27/2022 5:40:22 AM",2.991,29.975,51.024,81.188,73178.7,1033.822,33.809,0.086,0.086,0.015,7.156,96.477,5.506,1.529,0,5.519,5.522,NA,43
"5/27/2022 5:40:22 AM",3.144,29.975,51.026,81.191,73181.7,1033.824,33.811,0.078,0.078,0.029,7.157,96.434,5.504,1.274,0,5.516,5.52,NA,43
"5/27/2022 5:40:23 AM",3.288,29.973,51.028,81.191,73184.1,1033.827,33.813,0.094,0.094,0.044,7.157,96.519,5.508,0.85,0,5.521,5.524,NA,43
"5/27/2022 5:40:23 AM",3.478,29.975,51.029,81.195,73185.7,1033.828,33.813,0.07,0.07,0,7.159,96.583,5.512,0.34,0,5.524,5.528,NA,43
"5/27/2022 5:40:23 AM",3.598,29.974,51.029,81.195,73185.5,1033.829,33.813,0.062,0.062,0.015,7.159,96.491,5.507,0.255,0,5.519,5.523,NA,43
"5/27/2022 5:40:23 AM",3.711,29.974,51.029,81.195,73185.4,1033.829,33.813,0.07,0.07,0.015,7.16,96.53,5.509,0.255,0,5.521,5.525,NA,43
"5/27/2022 5:40:23 AM",3.808,29.974,51.03,81.195,73186.7,1033.83,33.814,0.078,0.078,0,7.162,96.467,5.505,0.255,0,5.517,5.521,NA,43
"5/27/2022 5:40:24 AM",3.917,29.973,51.032,81.197,73189.3,1033.832,33.816,0.094,0.094,0.087,7.163,96.462,5.505,0.17,0,5.517,5.521,NA,43
"5/27/2022 5:40:24 AM",4.098,29.973,51.033,81.198,73190.7,1033.834,33.817,0.117,0.117,0.102,7.165,96.485,5.506,0.255,0,5.518,5.521,NA,43
"5/27/2022 5:40:24 AM",4.213,29.971,51.028,81.189,73185.6,1033.832,33.814,0.156,0.156,0.102,7.164,96.524,5.508,0.51,0,5.52,5.524,NA,43
"5/27/2022 5:40:24 AM",4.306,29.969,51.029,81.188,73186.4,1033.833,33.815,0.117,0.117,0.073,7.166,96.49,5.506,0.935,0,5.518,5.522,NA,43
"5/27/2022 5:40:24 AM",4.412,29.969,51.028,81.186,73185.2,1033.833,33.814,0.094,0.094,0.029,7.167,96.561,5.51,1.529,0,5.523,5.526,NA,43
"5/27/2022 5:40:25 AM",4.635,29.968,51.034,81.192,73192.9,1033.839,33.819,0.094,0.094,0.044,7.165,96.512,5.508,1.359,0,5.52,5.524,NA,43
"5/27/2022 5:40:25 AM",4.788,29.969,51.031,81.191,73189.9,1033.838,33.817,0.086,0.086,0.015,7.166,96.494,5.507,0.765,0,5.519,5.523,NA,43
"5/27/2022 5:40:25 AM",4.939,29.967,51.03,81.187,73189,1033.838,33.817,0.078,0.078,0.058,7.166,96.434,5.503,0.255,0,5.515,5.519,NA,43
"5/27/2022 5:40:25 AM",5.09,29.971,51.037,81.202,73197.5,1033.843,33.821,0.055,0.055,0,7.165,96.563,5.511,0,0,5.523,5.526,NA,43
"5/27/2022 5:40:25 AM",5.227,29.973,51.039,81.209,73199.7,1033.844,33.822,0.062,0.062,0,7.165,96.543,5.509,0,0,5.521,5.525,NA,43
"5/27/2022 5:40:26 AM",5.438,29.973,51.044,81.215,73206,1033.849,33.826,0.078,0.078,0.029,7.165,96.579,5.511,0,0,5.523,5.527,NA,43
"5/27/2022 5:40:26 AM",5.573,29.973,51.047,81.219,73209.3,1033.851,33.828,0.062,0.062,0,7.165,96.417,5.501,0,0,5.513,5.517,NA,43
"5/27/2022 5:40:26 AM",5.71,29.973,51.049,81.222,73211.6,1033.853,33.829,0.062,0.062,0,7.164,96.553,5.509,0,0,5.521,5.525,NA,43
"5/27/2022 5:40:26 AM",5.868,29.974,51.051,81.225,73214,1033.855,33.83,0.101,0.101,0.087,7.165,96.56,5.509,0,0,5.521,5.525,NA,43
"5/27/2022 5:40:26 AM",6.08,29.975,51.046,81.221,73208.3,1033.852,33.826,0.101,0.101,0.087,7.167,96.561,5.509,0,0,5.522,5.525,NA,43
"5/27/2022 5:40:27 AM",6.216,29.974,51.045,81.218,73207.1,1033.852,33.826,0.094,0.094,0.073,7.167,96.478,5.504,0,0,5.517,5.52,NA,43
"5/27/2022 5:40:27 AM",6.348,29.975,51.027,81.194,73184.4,1033.839,33.812,0.086,0.086,0.044,7.167,96.496,5.506,0,0,5.518,5.522,NA,43
"5/27/2022 5:40:27 AM",6.478,29.973,51.02,81.183,73176.6,1033.835,33.807,0.07,0.07,0.015,7.167,96.549,5.509,0,0,5.521,5.525,NA,43
"5/27/2022 5:40:27 AM",6.621,29.973,51.02,81.182,73175.7,1033.835,33.807,0.086,0.086,0.029,7.169,96.555,5.509,0,0,5.522,5.525,NA,43
"5/27/2022 5:40:27 AM",6.834,29.975,51.033,81.202,73191.8,1033.845,33.816,0.101,0.101,0.044,7.169,96.509,5.506,0,0,5.518,5.522,NA,43
"5/27/2022 5:40:28 AM",6.972,29.98,51.022,81.196,73178,1033.836,33.806,0.086,0.086,0.044,7.17,96.604,5.512,0,0,5.524,5.528,NA,43
"5/27/2022 5:40:28 AM",7.1,29.981,51.052,81.239,73215.3,1033.859,33.829,0.086,0.086,0.029,7.171,96.468,5.503,0,0,5.516,5.519,NA,43
"5/27/2022 5:40:28 AM",7.244,29.984,51.054,81.245,73217.1,1033.859,33.829,0.086,0.086,0.044,7.17,96.478,5.503,0,0,5.516,5.519,NA,43
"5/27/2022 5:40:28 AM",7.369,29.985,51.044,81.234,73204.8,1033.852,33.821,0.062,0.062,0,7.169,96.537,5.507,0,0,5.519,5.523,NA,43
"5/27/2022 5:40:28 AM",7.578,29.985,51.034,81.22,73192.8,1033.846,33.813,0.078,0.078,0.029,7.171,96.596,5.51,0,0,5.523,5.526,NA,43
"5/27/2022 5:40:29 AM",7.72,29.983,51.033,81.216,73192,1033.846,33.814,0.07,0.07,0.015,7.171,96.456,5.502,0,0,5.515,5.518,NA,43
"5/27/2022 5:40:29 AM",7.889,29.98,51.053,81.238,73216.9,1033.863,33.83,0.078,0.078,0,7.171,96.481,5.503,0,0,5.516,5.519,NA,43
"5/27/2022 5:40:29 AM",8.066,29.982,51.058,81.249,73223.5,1033.867,33.833,0.086,0.086,0.044,7.171,96.586,5.509,0,0,5.522,5.525,NA,43
"5/27/2022 5:40:29 AM",8.335,29.987,51.05,81.245,73212.5,1033.86,33.825,0.086,0.086,0.044,7.173,96.652,5.514,0,0,5.526,5.529,NA,43
"5/27/2022 5:40:30 AM",8.516,29.987,51.04,81.231,73200.1,1033.853,33.817,0.101,0.101,0.058,7.171,96.637,5.513,0,0,5.525,5.529,NA,43
"5/27/2022 5:40:30 AM",8.692,29.986,51.032,81.219,73190.4,1033.848,33.811,0.086,0.086,0.044,7.171,96.628,5.513,0,0,5.525,5.529,NA,43
"5/27/2022 5:40:30 AM",8.857,29.986,51.028,81.214,73186.3,1033.847,33.809,0.078,0.078,0.044,7.171,96.61,5.512,0,0,5.524,5.528,NA,43
"5/27/2022 5:40:30 AM",9.103,29.986,51.029,81.216,73187.5,1033.848,33.81,0.094,0.094,0.029,7.171,96.456,5.503,0,0,5.515,5.518,NA,43
"5/27/2022 5:40:30 AM",9.253,29.987,51.03,81.218,73188.1,1033.849,33.81,0.086,0.086,0.044,7.172,96.476,5.504,0,0,5.516,5.52,NA,43
"5/27/2022 5:40:31 AM",9.404,29.988,51.025,81.213,73181.6,1033.845,33.805,0.086,0.086,0.044,7.175,96.442,5.502,0,0,5.514,5.518,NA,43
"5/27/2022 5:40:31 AM",9.553,29.989,51.028,81.218,73186,1033.848,33.808,0.07,0.07,0.029,7.174,96.589,5.51,0,0,5.522,5.526,NA,43
"5/27/2022 5:40:31 AM",9.717,29.989,51.032,81.225,73191.4,1033.852,33.811,0.078,0.078,0.044,7.176,96.703,5.517,0,0,5.529,5.532,NA,43
"5/27/2022 5:40:31 AM",9.965,29.993,51.029,81.226,73186.7,1033.849,33.807,0.094,0.094,0.073,7.177,96.57,5.509,0,0,5.521,5.525,NA,43
"5/27/2022 5:40:31 AM",10.134,29.994,51.019,81.214,73174.6,1033.842,33.799,0.078,0.078,0.073,7.177,96.621,5.512,0,0,5.524,5.528,NA,43
"5/27/2022 5:40:32 AM",10.3,29.993,51.016,81.208,73170.5,1033.841,33.797,0.07,0.07,0.044,7.177,96.546,5.508,0,0,5.52,5.524,NA,43
"5/27/2022 5:40:32 AM",10.488,29.991,51.015,81.205,73169.9,1033.841,33.797,0.086,0.086,0.073,7.177,96.62,5.512,0,0,5.524,5.528,NA,43
"5/27/2022 5:40:32 AM",10.775,29.992,51.013,81.204,73168,1033.841,33.795,0.094,0.094,0.058,7.177,96.6,5.511,0,0,5.523,5.526,NA,43
"5/27/2022 5:40:32 AM",10.943,29.993,51.014,81.206,73169.1,1033.842,33.796,0.101,0.101,0.044,7.176,96.635,5.513,0,0,5.525,5.528,NA,43
"5/27/2022 5:40:32 AM",11.089,29.994,51.014,81.208,73169.1,1033.843,33.795,0.086,0.086,0.029,7.179,96.565,5.508,0,0,5.521,5.524,NA,43
"5/27/2022 5:40:33 AM",11.242,29.995,51.011,81.205,73165,1033.84,33.793,0.062,0.062,0.029,7.18,96.552,5.508,0,0,5.52,5.524,NA,43
"5/27/2022 5:40:33 AM",11.409,29.996,51.009,81.203,73161.8,1033.839,33.79,0.078,0.078,0.058,7.18,96.598,5.511,0,0,5.523,5.527,NA,43
"5/27/2022 5:40:33 AM",11.64,29.994,51.006,81.197,73158.5,1033.838,33.789,0.086,0.086,0.073,7.182,96.601,5.511,0.085,0,5.524,5.527,NA,43
"5/27/2022 5:40:33 AM",11.749,29.991,51.004,81.189,73157,1033.839,33.789,0.086,0.086,0.044,7.183,96.58,5.51,0.595,0,5.522,5.526,NA,43
"5/27/2022 5:40:33 AM",11.77,29.992,51.003,81.19,73156.1,1033.838,33.788,0.086,0.086,0.044,7.183,96.591,5.51,1.189,0,5.522,5.526,NA,43
"5/27/2022 5:40:34 AM",11.749,29.991,51.005,81.192,73158,1033.839,33.789,0.078,0.078,0.015,7.183,96.639,5.513,1.189,0,5.525,5.529,NA,43
"5/27/2022 5:40:34 AM",11.671,29.991,51.004,81.19,73157.2,1033.838,33.789,0.07,0.07,0.044,7.182,96.514,5.506,1.274,0,5.518,5.522,NA,43
"5/27/2022 5:40:34 AM",11.511,29.992,50.995,81.178,73145.3,1033.83,33.781,0.078,0.078,0.029,7.181,96.583,5.51,1.359,0,5.522,5.526,NA,43
"5/27/2022 5:40:34 AM",11.339,29.991,50.995,81.177,73145.3,1033.83,33.782,0.078,0.078,0.044,7.182,96.656,5.514,1.359,0,5.527,5.53,NA,43
"5/27/2022 5:40:34 AM",11.114,29.99,51.011,81.198,73165.8,1033.842,33.795,0.094,0.094,0.044,7.183,96.665,5.515,1.359,0,5.527,5.53,NA,43
"5/27/2022 5:40:35 AM",10.898,29.991,51.016,81.205,73171.3,1033.844,33.798,0.086,0.086,0.044,7.183,96.509,5.505,1.444,0,5.517,5.521,NA,43
"5/27/2022 5:40:35 AM",10.565,29.994,51.01,81.201,73163.5,1033.837,33.792,0.086,0.086,0.044,7.183,96.531,5.506,1.444,0,5.519,5.522,NA,43
"5/27/2022 5:40:35 AM",10.399,29.994,51.009,81.201,73162.3,1033.836,33.791,0.086,0.086,0.044,7.182,96.524,5.506,1.444,0,5.518,5.522,NA,43
"5/27/2022 5:40:35 AM",10.316,29.994,51.011,81.203,73164,1033.836,33.792,0.094,0.094,0.044,7.181,96.401,5.499,1.529,0,5.511,5.515,NA,43
"5/27/2022 5:40:35 AM",10.311,29.995,51.008,81.2,73160.4,1033.834,33.79,0.101,0.101,0.044,7.183,96.524,5.506,1.444,0,5.519,5.522,NA,43
"5/27/2022 5:40:36 AM",10.354,29.994,51.001,81.19,73152,1033.829,33.785,0.086,0.086,0.029,7.179,96.583,5.51,1.444,0,5.522,5.525,NA,43
"5/27/2022 5:40:36 AM",10.356,29.995,51.003,81.193,73155,1033.831,33.787,0.062,0.062,0.029,7.182,96.517,5.506,1.529,0,5.518,5.522,NA,43
"5/27/2022 5:40:36 AM",10.255,29.993,50.997,81.183,73147.5,1033.826,33.783,0.078,0.078,0.029,7.179,96.573,5.51,1.614,0,5.522,5.525,NA,43
"5/27/2022 5:40:36 AM",10.111,29.992,50.997,81.182,73147.7,1033.826,33.783,0.07,0.07,0.044,7.18,96.709,5.517,1.529,0,5.53,5.533,NA,43
"5/27/2022 5:40:36 AM",9.923,29.992,50.996,81.18,73145.9,1033.824,33.782,0.07,0.07,0.029,7.181,96.608,5.511,1.529,0,5.524,5.527,NA,43
"5/27/2022 5:40:37 AM",9.706,29.99,50.99,81.167,73138,1033.819,33.778,0.086,0.086,0.029,7.182,96.611,5.512,1.614,0,5.524,5.528,NA,43
"5/27/2022 5:40:37 AM",9.607,29.99,50.988,81.164,73136,1033.818,33.777,0.094,0.094,0.044,7.181,96.499,5.506,1.614,0,5.518,5.521,NA,43
"5/27/2022 5:40:37 AM",9.541,29.991,50.985,81.162,73132.2,1033.815,33.774,0.078,0.078,0.029,7.183,96.639,5.514,1.529,0,5.526,5.53,NA,43
"5/27/2022 5:40:37 AM",9.496,29.99,50.984,81.159,73130.6,1033.814,33.774,0.078,0.078,0.044,7.185,96.628,5.513,1.614,0,5.525,5.529,NA,43
"5/27/2022 5:40:37 AM",9.435,29.99,50.982,81.157,73128.9,1033.813,33.773,0.094,0.094,0,7.187,96.629,5.513,1.614,0,5.526,5.529,NA,43
"5/27/2022 5:40:38 AM",9.38,29.99,50.981,81.155,73127.5,1033.812,33.772,0.086,0.086,0.058,7.186,96.548,5.509,1.699,0,5.521,5.525,NA,43
"5/27/2022 5:40:38 AM",9.256,29.989,50.98,81.153,73125.8,1033.81,33.771,0.07,0.07,0,7.186,96.626,5.513,1.699,0,5.526,5.529,NA,43
"5/27/2022 5:40:38 AM",9.053,29.989,50.978,81.149,73123.1,1033.808,33.769,0.086,0.086,0.015,7.186,96.685,5.517,1.784,0,5.529,5.533,NA,43
"5/27/2022 5:40:38 AM",8.825,29.989,50.975,81.145,73119.4,1033.805,33.767,0.086,0.086,0.044,7.187,96.627,5.513,1.869,0,5.526,5.529,NA,43
"5/27/2022 5:40:38 AM",8.507,29.988,50.97,81.137,73113.6,1033.8,33.764,0.094,0.094,0.029,7.186,96.549,5.509,1.784,0,5.521,5.525,NA,43
"5/27/2022 5:40:39 AM",8.372,29.988,50.965,81.13,73107.1,1033.796,33.76,0.094,0.094,0.044,7.186,96.547,5.509,1.784,0,5.521,5.525,NA,43
"5/27/2022 5:40:39 AM",8.276,29.987,50.961,81.123,73102.7,1033.793,33.758,0.078,0.078,0.044,7.186,96.529,5.508,1.784,0,5.521,5.524,NA,43
"5/27/2022 5:40:39 AM",8.231,29.986,50.962,81.121,73103.1,1033.793,33.758,0.086,0.086,0.044,7.187,96.669,5.516,1.699,0,5.528,5.532,NA,43
"5/27/2022 5:40:39 AM",8.151,29.985,50.96,81.118,73101.1,1033.792,33.758,0.086,0.086,0.015,7.185,96.536,5.509,1.699,0,5.521,5.524,NA,43
"5/27/2022 5:40:40 AM",8.11,29.985,50.959,81.117,73100.4,1033.792,33.757,0.086,0.086,0.015,7.185,96.571,5.511,1.614,0,5.523,5.526,NA,43
"5/27/2022 5:40:40 AM",8.038,29.985,50.957,81.113,73097.3,1033.789,33.755,0.086,0.086,0.029,7.186,96.609,5.513,1.614,0,5.525,5.529,NA,43
"5/27/2022 5:40:40 AM",7.904,29.984,50.953,81.107,73092,1033.786,33.752,0.094,0.094,0.044,7.187,96.535,5.509,1.614,0,5.521,5.525,NA,43
"5/27/2022 5:40:40 AM",7.694,29.984,50.95,81.103,73088.8,1033.783,33.75,0.094,0.094,0.058,7.187,96.533,5.509,1.699,0,5.521,5.524,NA,43
"5/27/2022 5:40:40 AM",7.378,29.984,50.948,81.1,73086.3,1033.78,33.749,0.086,0.086,0,7.187,96.48,5.506,1.699,0,5.518,5.522,NA,43
"5/27/2022 5:40:41 AM",7.232,29.984,50.95,81.102,73087.8,1033.781,33.75,0.07,0.07,0.029,7.189,96.444,5.504,1.699,0,5.516,5.519,NA,43
"5/27/2022 5:40:41 AM",7.156,29.985,50.947,81.099,73084.5,1033.778,33.748,0.086,0.086,0.044,7.189,96.434,5.503,1.699,0,5.515,5.519,NA,43
"5/27/2022 5:40:41 AM",7.095,29.985,50.942,81.092,73078.1,1033.774,33.744,0.094,0.094,0.029,7.19,96.498,5.507,1.784,0,5.519,5.523,NA,43
"5/27/2022 5:40:41 AM",7.018,29.984,50.938,81.086,73074,1033.771,33.742,0.094,0.094,0.015,7.19,96.57,5.511,1.784,0,5.524,5.527,NA,43
"5/27/2022 5:40:41 AM",6.999,29.982,50.939,81.084,73074.4,1033.772,33.742,0.101,0.101,0.015,7.189,96.681,5.518,1.784,0,5.53,5.533,NA,43
"5/27/2022 5:40:42 AM",6.989,29.982,50.937,81.08,73071.9,1033.771,33.741,0.078,0.078,0.029,7.191,96.666,5.517,1.869,0,5.529,5.533,NA,43
"5/27/2022 5:40:42 AM",6.912,29.98,50.936,81.077,73070.9,1033.77,33.741,0.078,0.078,0.029,7.192,96.568,5.511,1.954,0,5.524,5.527,NA,43
"5/27/2022 5:40:42 AM",6.702,29.981,50.933,81.074,73067,1033.767,33.738,0.07,0.07,0.058,7.193,96.592,5.513,1.954,0,5.525,5.528,NA,43
"5/27/2022 5:40:42 AM",6.553,29.982,50.931,81.072,73064.1,1033.764,33.736,0.086,0.086,0.044,7.193,96.581,5.512,1.954,0,5.524,5.528,NA,43
"5/27/2022 5:40:42 AM",6.447,29.981,50.933,81.074,73066.8,1033.766,33.738,0.078,0.078,0.029,7.192,96.405,5.502,1.954,0,5.514,5.518,NA,43
"5/27/2022 5:40:43 AM",6.396,29.982,50.93,81.071,73062.9,1033.763,33.736,0.07,0.07,0.044,7.191,96.531,5.509,1.869,0,5.521,5.525,NA,43
"5/27/2022 5:40:43 AM",6.363,29.982,50.927,81.066,73059.3,1033.76,33.733,0.062,0.062,0.029,7.19,96.518,5.508,1.784,0,5.521,5.524,NA,43
"5/27/2022 5:40:43 AM",6.311,29.981,50.918,81.053,73048.5,1033.754,33.727,0.07,0.07,0.029,7.192,96.658,5.517,1.869,0,5.529,5.533,NA,43
"5/27/2022 5:40:43 AM",6.299,29.98,50.915,81.048,73045.3,1033.752,33.725,0.086,0.086,0.029,7.193,96.679,5.518,1.869,0,5.531,5.534,NA,43
"5/27/2022 5:40:43 AM",6.271,29.979,50.917,81.048,73047.6,1033.754,33.727,0.086,0.086,0.029,7.193,96.567,5.512,1.869,0,5.524,5.528,NA,43
"5/27/2022 5:40:44 AM",6.177,29.977,50.919,81.049,73049.5,1033.755,33.729,0.078,0.078,0.044,7.193,96.444,5.505,1.954,0,5.517,5.521,NA,43
"5/27/2022 5:40:44 AM",5.892,29.979,50.918,81.049,73048,1033.753,33.727,0.086,0.086,0.058,7.193,96.528,5.509,2.039,0,5.522,5.525,NA,43
"5/27/2022 5:40:44 AM",5.649,29.98,50.911,81.042,73039.9,1033.746,33.722,0.086,0.086,0.029,7.193,96.576,5.512,2.039,0,5.525,5.528,NA,43
"5/27/2022 5:40:44 AM",5.416,29.981,50.909,81.04,73037.2,1033.744,33.721,0.078,0.078,0.029,7.193,96.555,5.511,1.954,0,5.523,5.527,NA,43
"5/27/2022 5:40:44 AM",5.234,29.981,50.904,81.033,73031,1033.739,33.717,0.07,0.07,0.029,7.194,96.585,5.513,1.954,0,5.525,5.529,NA,43
"5/27/2022 5:40:45 AM",5.097,29.98,50.9,81.026,73026,1033.736,33.714,0.078,0.078,0.015,7.193,96.573,5.512,1.869,0,5.525,5.528,NA,43
"5/27/2022 5:40:45 AM",4.954,29.979,50.893,81.016,73017.3,1033.73,33.709,0.07,0.07,0.029,7.193,96.524,5.51,1.869,0,5.522,5.526,NA,43
"5/27/2022 5:40:45 AM",4.923,29.979,50.889,81.009,73011.7,1033.727,33.706,0.086,0.086,0.029,7.193,96.55,5.512,1.869,0,5.524,5.527,NA,43
"5/27/2022 5:40:45 AM",4.923,29.979,50.885,81.004,73007.5,1033.724,33.703,0.078,0.078,0.058,7.194,96.458,5.507,1.784,0,5.519,5.522,NA,43
"5/27/2022 5:40:45 AM",4.909,29.978,50.883,81,73005,1033.723,33.702,0.086,0.086,0.058,7.193,96.588,5.514,1.869,0,5.527,5.53,NA,43
"5/27/2022 5:40:46 AM",4.859,29.978,50.881,80.997,73002.3,1033.721,33.7,0.086,0.086,0.044,7.193,96.574,5.513,1.954,0,5.525,5.529,NA,43
"5/27/2022 5:40:46 AM",4.711,29.978,50.878,80.993,72998.6,1033.718,33.698,0.078,0.078,0.058,7.193,96.557,5.512,2.209,0,5.525,5.528,NA,43
"5/27/2022 5:40:46 AM",4.608,29.978,50.875,80.989,72994.9,1033.715,33.696,0.07,0.07,0.015,7.193,96.569,5.513,2.294,0,5.525,5.529,NA,43
"5/27/2022 5:40:46 AM",4.554,29.978,50.871,80.983,72990.1,1033.712,33.693,0.078,0.078,0.029,7.193,96.528,5.511,2.379,0,5.523,5.527,NA,43
"5/27/2022 5:40:46 AM",4.52,29.976,50.871,80.981,72989.6,1033.712,33.693,0.094,0.094,0.044,7.193,96.464,5.507,2.379,0,5.519,5.523,NA,43
"5/27/2022 5:40:47 AM",4.44,29.977,50.87,80.98,72989,1033.712,33.693,0.086,0.086,0.044,7.194,96.632,5.517,2.379,0,5.529,5.533,NA,43
"5/27/2022 5:40:47 AM",4.409,29.977,50.867,80.976,72985,1033.709,33.69,0.086,0.086,0.058,7.195,96.587,5.514,2.294,0,5.526,5.53,NA,43
"5/27/2022 5:40:47 AM",4.381,29.976,50.863,80.968,72979.6,1033.706,33.687,0.086,0.086,0.029,7.195,96.606,5.515,2.209,0,5.528,5.531,NA,43
"5/27/2022 5:40:47 AM",4.278,29.974,50.859,80.961,72975.3,1033.703,33.685,0.07,0.07,0.058,7.195,96.63,5.517,2.294,0,5.529,5.533,NA,43
"5/27/2022 5:40:47 AM",4.018,29.972,50.858,80.956,72973.7,1033.702,33.685,0.07,0.07,0.073,7.193,96.489,5.509,2.379,0,5.521,5.525,NA,43
"5/27/2022 5:40:48 AM",3.802,29.972,50.854,80.951,72969.3,1033.698,33.682,0.086,0.086,0.029,7.193,96.5,5.51,2.464,0,5.522,5.526,NA,43
"5/27/2022 5:40:48 AM",3.604,29.972,50.851,80.946,72965.1,1033.695,33.68,0.078,0.078,0.044,7.194,96.5,5.51,2.464,0,5.522,5.526,NA,43
"5/27/2022 5:40:48 AM",3.448,29.971,50.848,80.941,72961,1033.692,33.677,0.086,0.086,0,7.194,96.574,5.514,2.464,0,5.526,5.53,NA,43
"5/27/2022 5:40:48 AM",3.295,29.971,50.845,80.937,72957.8,1033.69,33.676,0.086,0.086,0,7.194,96.554,5.513,2.379,0,5.525,5.529,NA,43
"5/27/2022 5:40:48 AM",3.093,29.971,50.845,80.936,72957.1,1033.688,33.675,0.078,0.078,0.029,7.195,96.485,5.509,2.379,0,5.521,5.525,NA,43
"5/27/2022 5:40:49 AM",3.015,29.972,50.845,80.938,72957,1033.688,33.675,0.07,0.07,0.029,7.195,96.434,5.506,2.294,0,5.518,5.522,NA,43
"5/27/2022 5:40:49 AM",2.977,29.974,50.843,80.938,72954.1,1033.685,33.673,0.078,0.078,0.029,7.195,96.539,5.512,2.294,0,5.525,5.528,NA,43
"5/27/2022 5:40:49 AM",2.945,29.975,50.838,80.933,72947.8,1033.681,33.668,0.07,0.07,0.044,7.195,96.502,5.51,2.294,0,5.523,5.526,NA,43
"5/27/2022 5:40:49 AM",2.883,29.974,50.835,80.926,72944,1033.679,33.666,0.078,0.078,0.029,7.196,96.492,5.51,2.294,0,5.522,5.525,NA,43
"5/27/2022 5:40:50 AM",2.772,29.973,50.834,80.924,72943.8,1033.678,33.667,0.055,0.055,0.044,7.196,96.512,5.511,2.294,0,5.523,5.527,NA,43
"5/27/2022 5:40:50 AM",2.74,29.973,50.83,80.918,72938.2,1033.675,33.663,0.086,0.086,0.044,7.197,96.47,5.509,2.294,0,5.521,5.525,NA,43
"5/27/2022 5:40:50 AM",2.76,29.973,50.83,80.918,72938.3,1033.675,33.663,0.086,0.086,0.015,7.196,96.439,5.507,2.294,0,5.519,5.523,NA,43
"5/27/2022 5:40:50 AM",2.813,29.972,50.829,80.917,72937.7,1033.675,33.663,0.086,0.086,0.044,7.195,96.522,5.512,2.294,0,5.524,5.528,NA,43
"5/27/2022 5:40:50 AM",2.86,29.973,50.824,80.91,72930.2,1033.67,33.658,0.078,0.078,0.015,7.196,96.47,5.509,2.379,0,5.521,5.525,NA,43
"5/27/2022 5:40:51 AM",2.86,29.973,50.825,80.911,72931.8,1033.671,33.659,0.078,0.078,0.015,7.195,96.444,5.507,2.464,0,5.519,5.523,NA,43
"5/27/2022 5:40:51 AM",2.872,29.973,50.824,80.909,72930.5,1033.671,33.659,0.078,0.078,0,7.191,96.499,5.51,2.464,0,5.523,5.526,NA,43
"5/27/2022 5:40:51 AM",2.832,29.973,50.823,80.909,72929.8,1033.67,33.658,0.078,0.078,0.029,7.196,96.494,5.51,2.634,0,5.522,5.526,NA,43
"5/27/2022 5:40:51 AM",2.749,29.973,50.822,80.908,72928.9,1033.669,33.658,0.078,0.078,0.015,7.194,96.519,5.512,2.804,0,5.524,5.527,NA,43
"5/27/2022 5:40:51 AM",2.52,29.973,50.821,80.906,72927.3,1033.667,33.657,0.07,0.07,0.015,7.19,96.555,5.513,2.974,0,5.526,5.529,NA,43
"5/27/2022 5:40:52 AM",2.342,29.974,50.821,80.907,72927.3,1033.667,33.657,0.078,0.078,0.015,7.192,96.568,5.514,2.974,0,5.526,5.53,NA,43
"5/27/2022 5:40:52 AM",2.183,29.974,50.799,80.877,72899,1033.648,33.639,0.07,0.07,0.029,7.192,96.564,5.515,2.889,0,5.527,5.53,NA,43
"5/27/2022 5:40:52 AM",2.051,29.975,50.793,80.869,72891.5,1033.643,33.635,0.062,0.062,0.058,7.191,96.513,5.512,2.804,0,5.524,5.528,NA,43
"5/27/2022 5:40:52 AM",1.84,29.975,50.785,80.859,72882.2,1033.637,33.629,0.086,0.086,0.029,7.19,96.447,5.508,2.634,0,5.521,5.524,NA,43
"5/27/2022 5:40:52 AM",1.703,29.975,50.78,80.851,72875.3,1033.632,33.625,0.078,0.078,0.044,7.191,96.485,5.51,2.634,0,5.523,5.526,NA,43
"5/27/2022 5:40:53 AM",1.569,29.975,50.774,80.843,72868,1033.627,33.62,0.078,0.078,0.087,7.19,96.481,5.511,2.634,0,5.523,5.526,NA,43
"5/27/2022 5:40:53 AM",1.475,29.973,50.765,80.827,72856.5,1033.62,33.614,0.094,0.094,0,7.19,96.547,5.514,2.549,0,5.527,5.53,NA,43
"5/27/2022 5:40:53 AM",1.381,29.974,50.755,80.815,72844.4,1033.612,33.606,0.07,0.07,0.029,7.189,96.434,5.508,2.464,0,5.521,5.524,NA,43
"5/27/2022 5:40:53 AM",1.225,29.974,50.744,80.801,72830.9,1033.603,33.598,0.078,0.078,0.015,7.19,96.515,5.513,2.719,0,5.526,5.529,NA,43
"5/27/2022 5:40:53 AM",1.123,29.974,50.738,80.791,72822.6,1033.598,33.593,0.086,0.086,0.029,7.19,96.429,5.508,2.974,0,5.521,5.524,NA,43
"5/27/2022 5:40:54 AM",1.062,29.974,50.734,80.786,72817.7,1033.595,33.59,0.086,0.086,0.044,7.19,96.45,5.51,2.889,0,5.522,5.526,NA,43
"5/27/2022 5:40:54 AM",1.044,29.974,50.729,80.779,72811.6,1033.591,33.586,0.094,0.094,0.015,7.192,96.512,5.514,2.719,0,5.526,5.529,NA,43
"5/27/2022 5:40:54 AM",1.062,29.973,50.723,80.77,72803.9,1033.586,33.582,0.078,0.078,0.044,7.191,96.417,5.508,2.804,0,5.521,5.524,NA,43
"5/27/2022 5:40:54 AM",1.093,29.974,50.719,80.766,72799.4,1033.583,33.579,0.086,0.086,0.073,7.193,96.544,5.515,2.974,0,5.528,5.531,NA,43
"5/27/2022 5:40:54 AM",1.136,29.974,50.719,80.765,72798.7,1033.583,33.578,0.094,0.094,0.044,7.192,96.53,5.515,3.059,0,5.527,5.531,NA,43
"5/27/2022 5:40:55 AM",1.196,29.974,50.716,80.762,72796.2,1033.582,33.577,0.086,0.086,0.029,7.192,96.479,5.512,2.889,0,5.524,5.527,NA,43
"5/27/2022 5:40:55 AM",1.182,29.974,50.72,80.767,72800.8,1033.585,33.58,0.07,0.07,0.044,7.192,96.558,5.516,2.719,0,5.528,5.532,NA,43
"5/27/2022 5:40:55 AM",1.1,29.975,50.715,80.761,72793.9,1033.58,33.575,0.078,0.078,0.029,7.193,96.459,5.51,2.719,0,5.523,5.526,NA,43
"5/27/2022 5:40:55 AM",0.956,29.975,50.715,80.761,72793.5,1033.579,33.575,0.078,0.078,0.044,7.192,96.469,5.511,2.889,0,5.524,5.527,NA,43
"5/27/2022 5:40:55 AM",0.815,29.975,50.709,80.753,72786.7,1033.575,33.571,0.078,0.078,0.058,7.191,96.631,5.521,3.144,0,5.533,5.537,NA,43
"5/27/2022 5:40:56 AM",0.702,29.975,50.7,80.74,72775.2,1033.567,33.564,0.078,0.078,0.058,7.191,96.466,5.511,3.228,0,5.524,5.527,NA,43
"5/27/2022 5:40:56 AM",0.513,29.974,50.673,80.702,72741.5,1033.546,33.544,0.086,0.086,0.058,7.192,96.591,5.519,2.889,0,5.532,5.535,NA,43
"5/27/2022 5:40:56 AM",0.363,29.974,50.666,80.692,72733.3,1033.54,33.539,0.101,0.101,0.044,7.192,96.524,5.516,3.144,0,5.528,5.532,NA,43
"5/27/2022 5:40:56 AM",0.215,29.973,50.665,80.689,72731.3,1033.539,33.538,0.086,0.086,0.073,7.192,96.479,5.513,3.313,0,5.526,5.529,NA,43
"5/27/2022 5:40:56 AM",0.134,29.973,50.662,80.686,72728.5,1033.537,33.536,0.094,0.094,0.087,7.191,96.513,5.515,3.398,0,5.528,5.531,NA,43
"5/27/2022 5:40:57 AM",0.123,29.974,50.661,80.685,72726.9,1033.536,33.535,0.094,0.094,0.087,7.19,96.505,5.515,3.398,0,5.527,5.531,NA,43
"5/27/2022 5:40:57 AM",0.193,29.973,50.66,80.683,72726,1033.535,33.535,0.078,0.078,0.073,7.192,96.473,5.513,3.144,0,5.526,5.529,NA,43
"5/27/2022 5:40:57 AM",0.255,29.973,50.658,80.68,72723.1,1033.534,33.533,0.07,0.07,0.044,7.193,96.519,5.516,3.144,0,5.528,5.532,NA,43
"5/27/2022 5:40:57 AM",0.313,29.972,50.658,80.679,72723,1033.534,33.533,0.094,0.094,0.044,7.193,96.558,5.518,3.313,0,5.531,5.534,NA,43
"5/27/2022 5:40:57 AM",0.36,29.973,50.657,80.679,72722.2,1033.534,33.532,0.086,0.086,0.044,7.191,96.535,5.517,3.653,0,5.529,5.532,NA,43
"5/27/2022 5:40:58 AM",0.42,29.973,50.659,80.681,72724.2,1033.535,33.533,0.094,0.094,0.073,7.192,96.537,5.517,4.078,0,5.529,5.533,NA,43
"5/27/2022 5:40:58 AM",0.459,29.973,50.658,80.681,72723.5,1033.535,33.533,0.094,0.094,0.087,7.193,96.516,5.515,3.823,0,5.528,5.531,NA,43
"5/27/2022 5:40:58 AM",0.474,29.973,50.658,80.68,72723.2,1033.535,33.533,0.062,0.062,0.058,7.192,96.451,5.512,3.908,0,5.524,5.528,NA,43
"5/27/2022 5:40:58 AM",0.478,29.972,50.658,80.679,72723.4,1033.535,33.533,0.086,0.086,0.058,7.192,96.619,5.521,4.078,0,5.534,5.537,NA,43
"5/27/2022 5:40:58 AM",0.462,29.971,50.657,80.676,72722.5,1033.535,33.533,0.148,0.148,0.015,7.192,96.565,5.518,4.078,0,5.531,5.534,NA,43
"5/27/2022 5:40:59 AM",0.445,29.972,50.657,80.676,72721.7,1033.534,33.532,0.14,0.14,0.058,7.192,96.44,5.511,3.398,0,5.524,5.527,NA,43
"5/27/2022 5:40:59 AM",0.403,29.972,50.656,80.675,72721.2,1033.534,33.532,0.117,0.117,0.058,7.192,96.598,5.52,3.228,0,5.533,5.536,NA,43
"5/27/2022 5:40:59 AM",0.354,29.971,50.656,80.674,72720.9,1033.534,33.532,0.101,0.101,0.073,7.192,96.525,5.516,3.398,0,5.528,5.532,NA,43
"5/27/2022 5:40:59 AM",0.309,29.973,50.653,80.672,72716.9,1033.531,33.529,0.109,0.109,0.102,7.192,96.369,5.507,3.483,0,5.52,5.523,NA,43
"5/27/2022 5:41:00 AM",0.236,29.974,50.652,80.672,72715.2,1033.529,33.528,0.086,0.086,0.073,7.192,96.511,5.516,3.823,0,5.528,5.531,NA,43
"5/27/2022 5:41:00 AM",0.174,29.975,50.649,80.669,72711.6,1033.526,33.526,0.086,0.086,0.102,7.191,96.406,5.51,4.163,0,5.522,5.525,NA,43
"5/27/2022 5:41:00 AM",0.109,29.975,50.644,80.662,72704.8,1033.522,33.521,0.078,0.078,0.044,7.192,96.537,5.517,4.333,0,5.53,5.533,NA,43
"5/27/2022 5:41:00 AM",0.066,29.974,50.642,80.66,72703.5,1033.521,33.521,0.094,0.094,0.058,7.193,96.535,5.517,4.248,0,5.529,5.533,NA,43
"5/27/2022 5:41:00 AM",0.028,29.972,50.641,80.655,72702.3,1033.521,33.521,0.101,0.101,0.116,7.194,96.503,5.515,4.333,0,5.528,5.531,NA,43
"5/27/2022 5:41:01 AM",0,29.97,50.636,80.645,72696.4,1033.517,33.518,0.125,0.125,0.146,7.194,96.423,5.511,4.928,0,5.523,5.527,NA,43
"5/27/2022 5:41:01 AM",0,29.97,50.641,80.651,72702.7,1033.521,33.522,0.101,0.101,0.073,7.194,96.544,5.518,5.352,0,5.53,5.534,NA,43
"5/27/2022 5:41:01 AM",0,29.97,50.635,80.644,72694.7,1033.515,33.517,0.094,0.094,0.058,7.194,96.536,5.518,6.797,0,5.53,5.533,NA,43
"5/27/2022 5:41:01 AM",0,29.97,50.632,80.639,72691.1,1033.513,33.515,0.094,0.094,0.058,7.194,96.525,5.517,5.522,0,5.529,5.533,NA,43
"5/27/2022 5:41:01 AM",0,29.969,50.63,80.635,72688.8,1033.511,33.513,0.078,0.078,0.073,7.194,96.298,5.504,5.777,0,5.516,5.52,NA,43
"5/27/2022 5:41:02 AM",0,29.976,3.602,7.27,6553.2,998.343,0,197.343,197.343,228.382,7.195,96.542,7.146,6.627,0,7.166,7.166,NA,43
"5/27/2022 5:41:02 AM",0,29.985,2.262,4.7,4235.7,997.342,0,483.397,483.397,467.314,7.193,96.527,7.197,6.372,0,7.218,7.218,NA,43
"5/27/2022 5:41:02 AM",0,29.995,1.365,2.917,2628.5,996.67,0,506.05,506.05,614.387,7.192,96.547,7.235,6.372,0,7.256,7.256,NA,43
"5/27/2022 5:41:02 AM",0,30.013,1.279,2.745,2472.3,996.6,0,506.05,506.05,499.998,7.193,96.401,7.227,6.882,0,7.248,7.248,NA,43
"5/27/2022 5:41:02 AM",0,30.133,1.748,3.698,3322.5,996.914,0,204.075,204.075,187.987,7.19,96.37,7.207,6.882,0,7.228,7.228,NA,43
"5/27/2022 5:41:03 AM",0,30.224,1.089,2.366,2121.8,996.394,0,140.312,140.312,198.066,7.188,96.347,7.231,7.731,0,7.252,7.252,NA,43
"5/27/2022 5:41:03 AM",0,29.918,1.111,2.396,2162.3,996.504,0,63.116,63.116,163.114,7.189,96.261,7.224,8.411,0,7.245,7.245,NA,43
"5/27/2022 5:41:03 AM",0,29.581,0.963,2.079,1888.6,996.495,0,280.484,280.484,235.215,7.188,96.267,7.23,9.176,0,7.251,7.251,NA,43
"5/27/2022 5:41:03 AM",0,29.251,0.785,1.7,1554.7,996.46,0,161.031,161.031,192.92,7.186,96.027,7.22,9.855,0,7.24,7.241,NA,43
"5/27/2022 5:41:03 AM",0,29.025,0.707,1.531,1406,996.468,0,77.173,77.173,63.001,7.184,95.873,7.212,8.836,0,7.233,7.233,NA,43
"5/27/2022 5:41:04 AM",0,28.908,0.858,1.838,1692.1,996.615,0,58.537,58.537,33.693,7.185,95.89,7.209,8.751,0,7.23,7.23,NA,43
"5/27/2022 5:41:04 AM",0,28.768,0.878,1.874,1730.5,996.671,0,311.765,311.765,93.666,7.184,95.563,7.185,8.836,0,7.206,7.206,NA,43
"5/27/2022 5:41:04 AM",0,28.506,0.789,1.683,1562.8,996.681,0,448.137,448.137,327.286,7.182,95.522,7.187,8.411,0,7.208,7.208,NA,43
"5/27/2022 5:41:04 AM",0,28.203,0.689,1.469,1372.4,996.693,0,136.014,136.014,273.283,7.181,95.076,7.16,7.392,0,7.181,7.181,NA,43
"5/27/2022 5:41:04 AM",0,28.097,0.646,1.38,1291.7,996.691,0,127.074,127.074,119.242,7.181,95.062,7.163,6.882,0,7.184,7.184,NA,43
"5/27/2022 5:41:05 AM",0,27.987,0.629,1.341,1258.2,996.71,0,54.808,54.808,49.492,7.18,94.909,7.156,6.627,0,7.177,7.177,NA,43
"5/27/2022 5:41:05 AM",0,27.877,0.583,1.245,1170.7,996.707,0,64.918,64.918,41.705,7.179,94.79,7.154,7.052,0,7.175,7.175,NA,43
"5/27/2022 5:41:05 AM",0,27.874,0.518,1.11,1043.6,996.658,0,10.82,10.82,7.126,7.174,94.172,7.117,8.581,0,7.137,7.137,NA,43
"5/27/2022 5:41:05 AM",0,27.881,0.49,1.053,990,996.636,0,7.832,7.832,3.134,7.171,94.259,7.129,10.11,0,7.15,7.15,NA,43
"5/27/2022 5:41:05 AM",0,27.832,0.478,1.026,965.9,996.64,0,10.952,10.952,3.572,7.172,94.295,7.137,10.535,0,7.158,7.158,NA,43
"5/27/2022 5:41:06 AM",0,27.72,0.47,1.008,951.2,996.666,0,24.385,24.385,4.726,7.168,94.468,7.155,11.555,0,7.176,7.176,NA,43
"5/27/2022 5:41:06 AM",0,27.478,0.446,0.954,904.5,996.716,0,18.059,18.059,5.735,7.166,94.202,7.142,9.855,0,7.163,7.163,NA,43
"5/27/2022 5:41:06 AM",0,27.243,0.456,0.969,923.7,996.789,0,14.447,14.447,4.376,7.164,93.965,7.133,8.496,0,7.154,7.154,NA,43
"5/27/2022 5:41:06 AM",0,27.269,0.495,1.049,999.3,996.811,0,5.913,5.913,1.923,7.162,94.271,7.16,7.476,0,7.181,7.181,NA,43
"5/27/2022 5:41:06 AM",0,27.206,0.474,1.007,960,996.813,0,146.342,146.342,80.803,7.161,94.11,7.152,7.137,0,7.173,7.173,NA,43
"5/27/2022 5:41:07 AM",0,26.969,0.482,1.017,974.5,996.884,0,45.837,45.837,24.35,7.161,93.969,7.144,7.646,0,7.165,7.165,NA,43
"5/27/2022 5:41:07 AM",0,26.929,0.465,0.982,941.8,996.883,0,4.938,4.938,0.087,7.155,93.481,7.116,6.627,0,7.136,7.136,NA,43
"5/27/2022 5:41:07 AM",0,26.928,0.585,1.225,1174.9,996.973,0,1.435,1.435,0,7.153,93.392,7.108,6.542,0,7.129,7.129,NA,43
"5/27/2022 5:41:07 AM",0,26.956,0.641,1.337,1282.3,997.008,0,0.741,0.741,0.379,7.151,93.026,7.081,7.392,0,7.101,7.101,NA,43
"5/27/2022 5:41:07 AM",0,27.082,0.54,1.138,1087.9,996.897,0,0.148,0.148,0,7.151,93.202,7.101,7.901,0,7.121,7.121,NA,43
"5/27/2022 5:41:08 AM",0,27.211,0.496,1.05,1001.5,996.828,0,0.257,0.257,0.379,7.149,93.182,7.103,8.836,0,7.123,7.123,NA,43
"5/27/2022 5:41:08 AM",0,27.347,0.537,1.137,1081.3,996.821,0,0.211,0.211,0.437,7.147,93.603,7.137,9.176,0,7.158,7.158,NA,43
"5/27/2022 5:41:08 AM",0,27.396,0.46,0.981,931.6,996.75,0,0.242,0.242,0.583,7.147,93.536,7.136,8.921,0,7.156,7.157,NA,43
"5/27/2022 5:41:08 AM",0,27.415,0.41,0.879,834.3,996.707,0,0.46,0.46,1.136,7.143,93.575,7.141,8.921,0,7.162,7.162,NA,43
"5/27/2022 5:41:08 AM",0,27.413,0.39,0.836,794.2,996.692,0,2.052,2.052,4.157,7.141,93.53,7.14,8.666,0,7.16,7.16,NA,43
"5/27/2022 5:41:09 AM",0,27.427,0.388,0.833,790.7,996.687,0,1.818,1.818,5.165,7.14,93.514,7.139,8.581,0,7.16,7.16,NA,43
"5/27/2022 5:41:09 AM",0,27.472,0.377,0.81,768.3,996.666,0,3.183,3.183,29.065,7.153,94.37,7.207,8.326,0,7.228,7.228,NA,43
"5/27/2022 5:41:09 AM",0,28.49,2.114,4.286,3980.3,997.677,0,6.412,6.412,33.185,7.233,95.373,7.209,7.816,0,7.23,7.23,NA,43
"5/27/2022 5:41:09 AM",0,29.142,1.724,3.581,3281.6,997.194,0,3.089,3.089,15.811,7.343,95.109,7.196,7.901,0,7.217,7.217,NA,43
"5/27/2022 5:41:09 AM",0,29.286,1.557,3.262,2980.9,997.027,0,2.2,2.2,10.543,7.426,94.676,7.163,8.496,0,7.184,7.184,NA,43
"5/27/2022 5:41:10 AM",0,29.347,1.616,3.382,3087,997.053,0,1.888,1.888,8.796,7.494,94.206,7.119,9.346,0,7.139,7.139,NA,43
"5/27/2022 5:41:10 AM",0,29.359,1.594,3.339,3046.6,997.032,0,1.849,1.849,8.547,7.523,93.756,7.082,10.195,0,7.103,7.103,NA,43
"5/27/2022 5:41:10 AM",0,29.362,1.548,3.248,2963.3,996.997,0,1.81,1.81,8.401,7.542,93.678,7.076,11.215,0,7.096,7.096,NA,43
"5/27/2022 5:41:10 AM",0,29.362,1.653,3.456,3153.5,997.076,0,1.802,1.802,8.459,7.559,93.529,7.058,12.149,0,7.079,7.079,NA,43
"5/27/2022 5:41:11 AM",0,29.36,1.546,3.243,2959.3,996.996,0,1.786,1.786,8.459,7.575,93.278,7.042,12.659,0,7.062,7.062,NA,43
"5/27/2022 5:41:11 AM",0,29.359,1.504,3.16,2883.7,996.965,0,1.794,1.794,8.43,7.596,93.149,7.032,13.254,0,7.052,7.052,NA,43
"5/27/2022 5:41:11 AM",0,29.36,1.511,3.174,2895.9,996.97,0,1.771,1.771,8.415,7.605,93.09,7.026,13.594,0,7.047,7.047,NA,43
"5/27/2022 5:41:11 AM",0,29.361,1.494,3.141,2865.6,996.957,0,1.825,1.825,8.489,7.612,93.046,7.023,13.849,0,7.043,7.043,NA,43
"5/27/2022 5:41:11 AM",0,29.361,1.512,3.176,2897.9,996.97,0,1.841,1.841,8.445,7.618,93.122,7.027,13.933,0,7.048,7.048,NA,43
"5/27/2022 5:41:12 AM",0,29.366,1.476,3.105,2832.9,996.942,0,1.794,1.794,8.459,7.626,93.012,7.019,14.188,0,7.04,7.04,NA,43
"5/27/2022 5:41:12 AM",0,29.367,1.46,3.074,2804.2,996.93,0,1.786,1.786,8.459,7.631,92.983,7.018,14.358,0,7.038,7.038,NA,43
"5/27/2022 5:41:12 AM",0,29.371,1.409,2.972,2711.3,996.891,0,1.771,1.771,8.459,7.635,92.984,7.019,14.443,0,7.039,7.039,NA,43
"5/27/2022 5:41:12 AM",0,29.367,1.373,2.899,2645.2,996.865,0,1.786,1.786,8.474,7.639,92.947,7.017,14.528,0,7.038,7.038,NA,43
"5/27/2022 5:41:12 AM",0,29.365,1.394,2.941,2683.3,996.881,0,1.786,1.786,8.547,7.643,92.9,7.012,14.528,0,7.033,7.033,NA,43
"5/27/2022 5:41:13 AM",0,29.366,1.362,2.877,2625.2,996.857,0,1.771,1.771,8.474,7.646,92.888,7.012,14.528,0,7.033,7.033,NA,43
"5/27/2022 5:41:13 AM",0,29.365,1.367,2.887,2634.4,996.861,0,1.786,1.786,8.459,7.646,92.843,7.008,14.528,0,7.029,7.029,NA,43
"5/27/2022 5:41:13 AM",0,29.364,1.346,2.845,2596.2,996.846,0,1.779,1.779,8.459,7.649,92.815,7.007,14.443,0,7.027,7.027,NA,43
"5/27/2022 5:41:13 AM",0,29.363,1.358,2.869,2617.7,996.855,0,1.779,1.779,8.489,7.654,92.734,7,14.443,0,7.021,7.021,NA,43
"5/27/2022 5:41:13 AM",0,29.358,1.353,2.86,2609.5,996.853,0,1.786,1.786,8.489,7.656,92.689,6.997,14.443,0,7.017,7.017,NA,43
"5/27/2022 5:41:14 AM",0,29.358,1.346,2.844,2595.5,996.847,0,1.771,1.771,8.489,7.658,92.72,6.999,14.358,0,7.02,7.02,NA,43
"5/27/2022 5:41:14 AM",0,29.357,1.352,2.858,2607.7,996.852,0,1.779,1.779,8.445,7.66,92.709,6.998,14.273,0,7.018,7.018,NA,43
"5/27/2022 5:41:14 AM",0,29.354,1.35,2.854,2604.3,996.852,0,1.763,1.763,8.445,7.659,92.727,7,14.188,0,7.02,7.02,NA,43
"5/27/2022 5:41:14 AM",0,29.355,1.353,2.859,2609.3,996.854,0,1.763,1.763,8.415,7.658,92.597,6.989,14.103,0,7.009,7.009,NA,43
"5/27/2022 5:41:14 AM",0,29.355,1.335,2.822,2575.4,996.84,0,1.779,1.779,8.474,7.657,92.714,6.999,14.103,0,7.019,7.019,NA,43
"5/27/2022 5:41:15 AM",0,29.356,1.341,2.835,2587.1,996.844,0,1.786,1.786,8.459,7.654,92.732,6.999,14.018,0,7.02,7.02,NA,43
"5/27/2022 5:41:15 AM",0,29.356,1.287,2.727,2488.2,996.804,0,1.771,1.771,8.445,7.658,92.692,6.998,14.018,0,7.019,7.019,NA,43
"5/27/2022 5:41:15 AM",0,29.356,1.301,2.754,2513.1,996.814,0,1.771,1.771,8.518,7.659,92.598,6.991,14.018,0,7.011,7.011,NA,43
"5/27/2022 5:41:15 AM",0,29.359,1.286,2.726,2487.2,996.802,0,1.779,1.779,8.459,7.659,92.728,7.001,14.018,0,7.021,7.021,NA,43
"5/27/2022 5:41:15 AM",0,29.36,1.263,2.679,2444.1,996.785,0,1.779,1.779,8.445,7.659,92.76,7.004,14.103,0,7.024,7.024,NA,43
"5/27/2022 5:41:16 AM",0,29.36,1.261,2.675,2440.6,996.783,0,1.771,1.771,8.445,7.658,92.649,6.995,14.103,0,7.016,7.016,NA,43
"5/27/2022 5:41:16 AM",0,29.363,1.242,2.636,2405.2,996.768,0,1.771,1.771,8.474,7.657,92.651,6.996,14.018,0,7.017,7.017,NA,43
"5/27/2022 5:41:16 AM",0,29.364,1.242,2.637,2405.9,996.768,0,1.779,1.779,8.503,7.659,92.701,7,14.018,0,7.02,7.021,NA,43
"5/27/2022 5:41:16 AM",0,29.364,1.248,2.649,2416.5,996.772,0,1.779,1.779,8.474,7.659,92.665,6.997,14.018,0,7.017,7.017,NA,43
"5/27/2022 5:41:16 AM",0,29.365,1.248,2.648,2416,996.772,0,1.763,1.763,8.445,7.658,92.655,6.996,14.018,0,7.016,7.016,NA,43
"5/27/2022 5:44:18 AM",0,29.976,50.815,80.9,72917.5,1033.65,33.651,0.125,0.125,0.146,7.22,96.772,5.538,7.816,0,5.55,5.554,NA,43
"5/27/2022 5:44:18 AM",0,29.974,50.835,80.925,72942.4,1033.666,33.666,0.125,0.125,0.116,7.229,96.679,5.531,7.137,0,5.544,5.547,NA,43
"5/27/2022 5:44:18 AM",0,29.971,50.842,80.93,72951.5,1033.672,33.673,0.179,0.179,0.131,7.236,96.674,5.531,6.542,0,5.544,5.547,NA,43
"5/27/2022 5:44:19 AM",0,29.969,50.84,80.924,72950,1033.672,33.672,0.257,0.257,0.102,7.243,96.638,5.529,5.862,0,5.541,5.545,NA,43
"5/27/2022 5:44:19 AM",0,29.967,50.832,80.911,72939.9,1033.666,33.667,0.195,0.195,0.073,7.251,96.884,5.543,6.032,0,5.555,5.559,NA,43
"5/27/2022 5:44:19 AM",0,29.966,50.839,80.919,72949,1033.672,33.673,0.125,0.125,0.102,7.258,96.799,5.537,6.797,0,5.55,5.553,NA,43
"5/27/2022 5:44:19 AM",0,29.965,50.85,80.932,72962.8,1033.681,33.681,0.117,0.117,0.044,7.267,96.801,5.537,7.731,0,5.549,5.553,NA,43
"5/27/2022 5:44:20 AM",0,29.963,50.865,80.949,72981.3,1033.693,33.693,0.109,0.109,0.087,7.272,96.733,5.533,8.071,0,5.545,5.549,NA,43
"5/27/2022 5:44:20 AM",0,29.957,50.876,80.956,72995.7,1033.703,33.704,0.109,0.109,0.131,7.277,96.798,5.536,8.326,0,5.549,5.552,NA,43
"5/27/2022 5:44:20 AM",0,29.953,50.873,80.946,72992.3,1033.702,33.703,0.125,0.125,0.175,7.283,96.8,5.536,9.855,0,5.549,5.552,NA,43
"5/27/2022 5:44:20 AM",0,29.954,50.886,80.965,73008.8,1033.712,33.713,0.117,0.117,0.087,7.292,96.85,5.538,6.372,0,5.55,5.554,NA,43
"5/27/2022 5:44:20 AM",0,29.962,50.888,80.981,73010.6,1033.711,33.711,0.109,0.109,0.073,7.299,96.845,5.537,4.843,0,5.55,5.553,NA,43
"5/27/2022 5:44:21 AM",0.17,29.966,50.889,80.988,73011.3,1033.711,33.711,0.086,0.086,0.058,7.308,96.85,5.537,5.522,0,5.55,5.553,NA,43
"5/27/2022 5:44:21 AM",0.363,29.968,50.889,80.991,73011.7,1033.712,33.71,0.094,0.094,0.073,7.315,96.806,5.534,4.333,0,5.547,5.55,NA,43
"5/27/2022 5:44:21 AM",0.53,29.968,50.892,80.995,73014.8,1033.714,33.712,0.086,0.086,0.044,7.321,96.861,5.537,2.804,0,5.549,5.553,NA,43
"5/27/2022 5:44:21 AM",0.726,29.968,50.894,80.998,73017.3,1033.717,33.713,0.086,0.086,0.015,7.33,96.784,5.532,2.124,0,5.544,5.548,NA,43
"5/27/2022 5:44:21 AM",0.841,29.968,50.898,81.003,73022.3,1033.72,33.717,0.086,0.086,0.044,7.337,96.822,5.534,2.889,0,5.546,5.55,NA,43
"5/27/2022 5:44:22 AM",0.931,29.968,50.899,81.004,73023.5,1033.721,33.717,0.086,0.086,0.044,7.341,96.834,5.534,3.823,0,5.547,5.55,NA,43
"5/27/2022 5:44:22 AM",0.985,29.968,50.896,81.002,73020.4,1033.719,33.715,0.094,0.094,0.058,7.343,96.778,5.532,5.098,0,5.544,5.548,NA,43
"5/27/2022 5:44:22 AM",0.999,29.967,50.91,81.019,73037.9,1033.73,33.726,0.094,0.094,0.044,7.345,96.74,5.529,5.522,0,5.541,5.545,NA,43
"5/27/2022 5:44:22 AM",0.971,29.963,50.91,81.014,73038.5,1033.732,33.728,0.086,0.086,0.029,7.349,96.78,5.531,5.522,0,5.544,5.547,NA,43
"5/27/2022 5:44:22 AM",0.948,29.961,50.915,81.018,73045,1033.736,33.732,0.094,0.094,0.044,7.351,96.733,5.528,5.692,0,5.541,5.544,NA,43
"5/27/2022 5:44:23 AM",0.926,29.961,50.915,81.017,73044.5,1033.736,33.732,0.086,0.086,0,7.352,96.753,5.529,5.352,0,5.542,5.545,NA,43
"5/27/2022 5:44:23 AM",0.912,29.96,50.915,81.016,73045,1033.736,33.733,0.094,0.094,0.029,7.354,96.728,5.528,4.588,0,5.541,5.544,NA,43
"5/27/2022 5:44:23 AM",0.91,29.961,50.916,81.017,73045.3,1033.736,33.733,0.086,0.086,0.029,7.356,96.707,5.527,4.163,0,5.54,5.543,NA,43
"5/27/2022 5:44:23 AM",0.929,29.962,50.921,81.026,73052.2,1033.74,33.737,0.07,0.07,0.058,7.357,96.687,5.526,4.418,0,5.538,5.542,NA,43
"5/27/2022 5:44:23 AM",0.967,29.969,50.923,81.039,73053.1,1033.739,33.735,0.086,0.086,0.029,7.358,96.699,5.527,5.013,0,5.539,5.543,NA,43
"5/27/2022 5:44:24 AM",1.009,29.972,50.921,81.042,73051.2,1033.737,33.733,0.094,0.094,0.058,7.358,96.697,5.527,5.268,0,5.539,5.543,NA,43
"5/27/2022 5:44:24 AM",1.051,29.972,50.92,81.04,73049.1,1033.736,33.732,0.101,0.101,0.044,7.359,96.707,5.528,5.013,0,5.541,5.544,NA,43
"5/27/2022 5:44:24 AM",1.086,29.97,50.921,81.038,73050.8,1033.738,33.733,0.094,0.094,0.044,7.36,96.752,5.53,4.673,0,5.543,5.546,NA,43
"5/27/2022 5:44:24 AM",1.093,29.969,50.921,81.037,73050.6,1033.738,33.733,0.094,0.094,0.044,7.362,96.642,5.524,4.673,0,5.536,5.54,NA,43
"5/27/2022 5:44:24 AM",1.091,29.97,50.912,81.027,73040.3,1033.731,33.727,0.094,0.094,0.058,7.362,96.657,5.525,4.758,0,5.538,5.541,NA,43
"5/27/2022 5:44:25 AM",1.082,29.971,50.908,81.023,73034.9,1033.728,33.723,0.086,0.086,0.044,7.362,96.583,5.521,4.928,0,5.533,5.537,NA,43
"5/27/2022 5:44:25 AM",1.03,29.968,50.923,81.038,73054.2,1033.74,33.736,0.086,0.086,0.073,7.362,96.728,5.528,4.928,0,5.541,5.544,NA,43
"5/27/2022 5:44:25 AM",0.976,29.965,50.924,81.035,73055.2,1033.741,33.737,0.078,0.078,0.029,7.364,96.743,5.529,4.843,0,5.542,5.545,NA,43
"5/27/2022 5:44:25 AM",0.927,29.964,50.927,81.037,73058.7,1033.744,33.74,0.086,0.086,0.029,7.364,96.769,5.531,5.013,0,5.543,5.546,NA,43
"5/27/2022 5:44:25 AM",0.882,29.963,50.927,81.036,73058.7,1033.744,33.74,0.094,0.094,0.029,7.365,96.604,5.521,5.437,0,5.534,5.537,NA,43
"5/27/2022 5:44:26 AM",0.816,29.961,50.928,81.034,73060.5,1033.745,33.742,0.101,0.101,0.044,7.366,96.662,5.524,5.607,0,5.537,5.54,NA,43
"5/27/2022 5:44:26 AM",0.754,29.96,50.923,81.027,73054.4,1033.741,33.738,0.101,0.101,0.029,7.367,96.697,5.526,5.607,0,5.539,5.542,NA,43
"5/27/2022 5:44:26 AM",0.726,29.96,50.926,81.032,73058.7,1033.744,33.741,0.086,0.086,0.044,7.367,96.621,5.522,5.352,0,5.534,5.538,NA,43
"5/27/2022 5:44:26 AM",0.754,29.965,50.926,81.038,73057.7,1033.742,33.739,0.078,0.078,0.044,7.366,96.592,5.52,4.928,0,5.533,5.536,NA,43
"5/27/2022 5:44:26 AM",0.802,29.973,50.924,81.047,73054.6,1033.738,33.735,0.086,0.086,0.029,7.366,96.689,5.526,4.673,0,5.538,5.542,NA,43
"5/27/2022 5:44:27 AM",0.919,29.975,50.926,81.051,73056,1033.739,33.735,0.078,0.078,0.044,7.366,96.647,5.523,4.418,0,5.536,5.539,NA,43
"5/27/2022 5:44:27 AM",1.013,29.975,50.921,81.046,73049.9,1033.736,33.731,0.078,0.078,0.029,7.369,96.647,5.523,4.248,0,5.536,5.539,NA,43
"5/27/2022 5:44:27 AM",1.096,29.974,50.921,81.044,73050.1,1033.736,33.732,0.078,0.078,0.029,7.37,96.676,5.525,4.248,0,5.537,5.541,NA,43
"5/27/2022 5:44:27 AM",1.16,29.974,50.922,81.046,73051.5,1033.737,33.732,0.07,0.07,0.058,7.371,96.696,5.525,4.248,0,5.538,5.541,NA,43
"5/27/2022 5:44:27 AM",1.204,29.974,50.92,81.043,73049.3,1033.736,33.731,0.078,0.078,0.073,7.37,96.547,5.517,4.248,0,5.53,5.533,NA,43
"5/27/2022 5:44:28 AM",1.219,29.973,50.916,81.037,73045,1033.734,33.729,0.086,0.086,0.015,7.37,96.822,5.533,4.248,0,5.546,5.549,NA,43
"5/27/2022 5:44:28 AM",1.199,29.972,50.916,81.034,73045.1,1033.734,33.729,0.086,0.086,0.015,7.372,96.685,5.525,4.333,0,5.538,5.541,NA,43
"5/27/2022 5:44:28 AM",1.139,29.969,50.921,81.038,73051.4,1033.739,33.734,0.086,0.086,0.029,7.372,96.723,5.527,4.248,0,5.54,5.543,NA,43
"5/27/2022 5:44:28 AM",1.068,29.967,50.923,81.037,73053.5,1033.74,33.736,0.086,0.086,0.029,7.372,96.761,5.529,4.078,0,5.542,5.545,NA,43
"5/27/2022 5:44:28 AM",0.981,29.967,50.923,81.037,73053.9,1033.74,33.736,0.094,0.094,0.044,7.37,96.632,5.522,3.908,0,5.534,5.538,NA,43
"5/27/2022 5:44:29 AM",0.86,29.967,50.916,81.027,73045.2,1033.734,33.731,0.094,0.094,0.058,7.37,96.628,5.522,4.333,0,5.534,5.538,NA,43
"5/27/2022 5:44:29 AM",0.799,29.967,50.914,81.024,73042.4,1033.732,33.729,0.086,0.086,0.029,7.371,96.731,5.528,4.588,0,5.54,5.544,NA,43
"5/27/2022 5:44:29 AM",0.776,29.968,50.909,81.018,73036.1,1033.728,33.725,0.086,0.086,0.044,7.37,96.696,5.526,4.758,0,5.538,5.542,NA,43
"5/27/2022 5:44:29 AM",0.782,29.969,50.909,81.02,73035.4,1033.727,33.724,0.086,0.086,0.044,7.371,96.696,5.526,4.673,0,5.538,5.542,NA,43
"5/27/2022 5:44:29 AM",0.816,29.971,50.906,81.019,73031.5,1033.725,33.721,0.101,0.101,0.044,7.372,96.758,5.53,4.333,0,5.542,5.546,NA,43
"5/27/2022 5:44:30 AM",0.861,29.972,50.903,81.017,73028.2,1033.722,33.719,0.094,0.094,0.044,7.372,96.713,5.527,4.503,0,5.54,5.543,NA,43
"5/27/2022 5:44:30 AM",0.919,29.972,50.903,81.016,73028.3,1033.723,33.719,0.109,0.109,0.044,7.373,96.675,5.525,4.588,0,5.538,5.541,NA,43
"5/27/2022 5:44:30 AM",0.981,29.972,50.9,81.012,73024.4,1033.721,33.717,0.101,0.101,0.029,7.372,96.578,5.52,4.673,0,5.532,5.535,NA,43
"5/27/2022 5:44:30 AM",1.028,29.972,50.896,81.008,73020.1,1033.718,33.714,0.086,0.086,0,7.372,96.632,5.523,4.588,0,5.535,5.539,NA,43
"5/27/2022 5:44:31 AM",1.082,29.971,50.893,81,73015.5,1033.716,33.712,0.094,0.094,0,7.372,96.721,5.528,4.418,0,5.541,5.544,NA,43
"5/27/2022 5:44:31 AM",1.106,29.969,50.891,80.996,73013.4,1033.715,33.711,0.086,0.086,0,7.372,96.628,5.523,4.333,0,5.535,5.539,NA,43
"5/27/2022 5:44:31 AM",1.115,29.97,50.886,80.99,73007.4,1033.712,33.707,0.086,0.086,0.073,7.372,96.615,5.522,4.248,0,5.535,5.538,NA,43
"5/27/2022 5:44:31 AM",1.119,29.969,50.885,80.987,73006.7,1033.711,33.707,0.094,0.094,0.058,7.373,96.643,5.524,4.248,0,5.536,5.54,NA,43
"5/27/2022 5:44:31 AM",1.112,29.968,50.889,80.991,73011.6,1033.715,33.71,0.086,0.086,0.029,7.373,96.59,5.521,4.248,0,5.533,5.537,NA,43
"5/27/2022 5:44:32 AM",1.099,29.968,50.891,80.993,73013.5,1033.716,33.711,0.094,0.094,0.029,7.373,96.681,5.526,4.248,0,5.538,5.541,NA,43
"5/27/2022 5:44:32 AM",1.079,29.966,50.89,80.99,73013.4,1033.716,33.712,0.086,0.086,0.044,7.374,96.631,5.523,4.248,0,5.535,5.539,NA,43
"5/27/2022 5:44:32 AM",1.051,29.965,50.889,80.988,73011.9,1033.715,33.711,0.086,0.086,0.058,7.373,96.65,5.524,4.333,0,5.536,5.54,NA,43
"5/27/2022 5:44:32 AM",0.997,29.965,50.891,80.989,73014.5,1033.717,33.713,0.109,0.109,0.029,7.371,96.619,5.522,4.928,0,5.535,5.538,NA,43
"5/27/2022 5:44:32 AM",0.948,29.965,50.889,80.987,73012.2,1033.715,33.711,0.094,0.094,0.015,7.371,96.596,5.521,5.268,0,5.534,5.537,NA,43
"5/27/2022 5:44:33 AM",0.889,29.964,50.888,80.983,73010.5,1033.714,33.711,0.086,0.086,0,7.372,96.506,5.516,5.183,0,5.529,5.532,NA,43
"5/27/2022 5:44:33 AM",0.837,29.964,50.886,80.981,73007.5,1033.712,33.709,0.094,0.094,0.029,7.374,96.538,5.518,4.928,0,5.53,5.534,NA,43
"5/27/2022 5:44:33 AM",0.787,29.965,50.884,80.979,73005.7,1033.711,33.707,0.086,0.086,0.044,7.374,96.612,5.522,4.673,0,5.535,5.538,NA,43
"5/27/2022 5:44:33 AM",0.742,29.965,50.877,80.97,72997,1033.705,33.702,0.101,0.101,0.029,7.374,96.642,5.524,4.418,0,5.537,5.54,NA,43
"5/27/2022 5:44:33 AM",0.759,29.967,50.877,80.973,72996.6,1033.704,33.701,0.109,0.109,0.087,7.374,96.665,5.525,4.503,0,5.538,5.541,NA,43
"5/27/2022 5:44:34 AM",0.809,29.968,50.877,80.974,72996.3,1033.704,33.701,0.078,0.078,0.029,7.374,96.67,5.526,4.418,0,5.538,5.542,NA,43
"5/27/2022 5:44:34 AM",0.886,29.97,50.873,80.973,72991.6,1033.701,33.697,0.078,0.078,0.073,7.374,96.64,5.524,4.248,0,5.536,5.54,NA,43
"5/27/2022 5:44:34 AM",1.011,29.97,50.873,80.973,72991.6,1033.701,33.697,0.078,0.078,0.029,7.374,96.662,5.525,4.078,0,5.537,5.541,NA,43
"5/27/2022 5:44:34 AM",1.082,29.971,50.872,80.972,72989.4,1033.7,33.695,0.078,0.078,0.015,7.374,96.671,5.525,4.248,0,5.538,5.541,NA,43
"5/27/2022 5:44:34 AM",1.122,29.972,50.869,80.969,72985.7,1033.698,33.693,0.078,0.078,0.029,7.375,96.656,5.524,4.418,0,5.537,5.54,NA,43
"5/27/2022 5:44:35 AM",1.146,29.973,50.865,80.964,72980.5,1033.694,33.69,0.094,0.094,0.044,7.376,96.627,5.523,4.588,0,5.535,5.539,NA,43
"5/27/2022 5:44:35 AM",1.162,29.973,50.859,80.958,72974.1,1033.691,33.686,0.078,0.078,0.044,7.375,96.569,5.52,4.673,0,5.532,5.536,NA,43
"5/27/2022 5:44:35 AM",1.152,29.973,50.858,80.955,72972.6,1033.69,33.685,0.078,0.078,0,7.376,96.524,5.517,4.588,0,5.529,5.533,NA,43
"5/27/2022 5:44:35 AM",1.126,29.971,50.864,80.961,72979.5,1033.694,33.689,0.078,0.078,0.044,7.378,96.642,5.523,4.503,0,5.536,5.539,NA,43
"5/27/2022 5:44:35 AM",1.086,29.97,50.861,80.956,72975.7,1033.692,33.687,0.086,0.086,0.029,7.377,96.714,5.527,4.588,0,5.54,5.543,NA,43
"5/27/2022 5:44:36 AM",1.04,29.969,50.859,80.951,72974.1,1033.691,33.687,0.086,0.086,0.116,7.377,96.615,5.521,4.673,0,5.534,5.537,NA,43
"5/27/2022 5:44:36 AM",1.007,29.969,50.857,80.949,72971.9,1033.69,33.685,0.078,0.078,0.044,7.378,96.73,5.528,4.588,0,5.541,5.544,NA,43
"5/27/2022 5:44:36 AM",0.992,29.969,50.853,80.944,72966.8,1033.686,33.682,0.078,0.078,0.015,7.378,96.648,5.524,4.503,0,5.536,5.54,NA,43
"5/27/2022 5:44:36 AM",0.966,29.968,50.851,80.94,72964.5,1033.685,33.681,0.086,0.086,0.029,7.377,96.664,5.525,4.333,0,5.537,5.541,NA,43
"5/27/2022 5:44:36 AM",0.948,29.969,50.847,80.934,72959,1033.682,33.678,0.086,0.086,0.029,7.378,96.614,5.522,4.418,0,5.535,5.538,NA,43
"5/27/2022 5:44:37 AM",0.922,29.969,50.844,80.93,72955.7,1033.68,33.676,0.086,0.086,0.029,7.378,96.563,5.519,4.503,0,5.532,5.535,NA,43
"5/27/2022 5:44:37 AM",0.907,29.969,50.838,80.922,72948.1,1033.675,33.671,0.094,0.094,0.044,7.377,96.627,5.524,4.673,0,5.536,5.539,NA,43
"5/27/2022 5:44:37 AM",0.907,29.969,50.838,80.922,72947.1,1033.674,33.67,0.086,0.086,0.058,7.377,96.715,5.529,4.673,0,5.541,5.545,NA,43
"5/27/2022 5:44:37 AM",0.921,29.969,50.838,80.922,72947.2,1033.674,33.67,0.078,0.078,0.073,7.376,96.79,5.533,4.673,0,5.546,5.549,NA,43
"5/27/2022 5:44:37 AM",0.941,29.972,50.839,80.928,72949.1,1033.675,33.671,0.086,0.086,0.058,7.377,96.722,5.529,4.588,0,5.542,5.545,NA,43
"5/27/2022 5:44:38 AM",0.983,29.972,50.838,80.927,72947.9,1033.674,33.67,0.07,0.07,0.029,7.378,96.763,5.532,4.588,0,5.544,5.547,NA,43
"5/27/2022 5:44:38 AM",1.02,29.97,50.838,80.925,72948.2,1033.675,33.671,0.07,0.07,0.044,7.377,96.778,5.532,4.503,0,5.545,5.548,NA,43
"5/27/2022 5:44:38 AM",1.072,29.97,50.839,80.926,72949,1033.676,33.671,0.086,0.086,0.073,7.379,96.721,5.529,4.418,0,5.542,5.545,NA,43
"5/27/2022 5:44:38 AM",1.11,29.97,50.838,80.925,72948.1,1033.675,33.671,0.078,0.078,0.029,7.377,96.601,5.522,4.588,0,5.534,5.538,NA,43
"5/27/2022 5:44:38 AM",1.157,29.97,50.838,80.924,72947.6,1033.675,33.67,0.078,0.078,0.087,7.377,96.571,5.52,4.758,0,5.532,5.536,NA,43
"5/27/2022 5:44:39 AM",1.2,29.971,50.834,80.92,72942.9,1033.672,33.667,0.062,0.062,0.044,7.375,96.634,5.524,4.758,0,5.536,5.54,NA,43
"5/27/2022 5:44:39 AM",1.209,29.971,50.834,80.92,72943,1033.672,33.667,0.07,0.07,0.029,7.379,96.722,5.529,4.673,0,5.541,5.545,NA,43
"5/27/2022 5:44:39 AM",1.204,29.971,50.831,80.915,72939.1,1033.67,33.665,0.125,0.125,0.015,7.379,96.685,5.527,4.758,0,5.539,5.543,NA,43
"5/27/2022 5:44:39 AM",1.186,29.971,50.829,80.912,72936.4,1033.668,33.663,0.078,0.078,0,7.38,96.7,5.528,4.843,0,5.54,5.543,NA,43
"5/27/2022 5:44:39 AM",1.12,29.97,50.831,80.914,72939.3,1033.67,33.665,0.086,0.086,0.015,7.381,96.764,5.531,4.673,0,5.543,5.547,NA,43
"5/27/2022 5:44:40 AM",1.065,29.969,50.829,80.91,72936.1,1033.668,33.664,0.101,0.101,0.029,7.381,96.731,5.529,4.333,0,5.542,5.545,NA,43
"5/27/2022 5:44:40 AM",0.992,29.969,50.827,80.907,72934.5,1033.667,33.663,0.086,0.086,0.015,7.38,96.708,5.528,4.248,0,5.54,5.544,NA,43
"5/27/2022 5:44:40 AM",0.924,29.969,50.826,80.905,72932.6,1033.666,33.662,0.086,0.086,0.029,7.379,96.613,5.522,4.503,0,5.535,5.538,NA,43
"5/27/2022 5:44:40 AM",0.868,29.968,50.821,80.898,72926.9,1033.662,33.658,0.086,0.086,0.058,7.379,96.658,5.525,4.673,0,5.537,5.54,NA,43
"5/27/2022 5:44:41 AM",0.797,29.968,50.818,80.893,72923.6,1033.66,33.656,0.086,0.086,0.058,7.379,96.735,5.529,4.673,0,5.541,5.545,NA,43
"5/27/2022 5:44:41 AM",0.764,29.967,50.817,80.89,72921.5,1033.659,33.655,0.086,0.086,0.015,7.381,96.657,5.525,4.843,0,5.537,5.541,NA,43
"5/27/2022 5:44:41 AM",0.731,29.967,50.812,80.884,72916.1,1033.655,33.652,0.086,0.086,0.044,7.381,96.771,5.531,4.843,0,5.544,5.547,NA,43
"5/27/2022 5:44:41 AM",0.71,29.967,50.809,80.879,72911.9,1033.653,33.65,0.086,0.086,0.044,7.38,96.763,5.531,4.758,0,5.543,5.547,NA,43
"5/27/2022 5:44:41 AM",0.686,29.967,50.806,80.875,72907.5,1033.65,33.647,0.101,0.101,0.044,7.381,96.712,5.528,4.248,0,5.541,5.544,NA,43
"5/27/2022 5:44:42 AM",0.696,29.968,50.802,80.871,72903.2,1033.647,33.644,0.109,0.109,0.058,7.381,96.708,5.528,4.078,0,5.541,5.544,NA,43
"5/27/2022 5:44:42 AM",0.729,29.97,50.799,80.87,72899.2,1033.644,33.641,0.086,0.086,0.102,7.381,96.699,5.528,4.248,0,5.54,5.544,NA,43
"5/27/2022 5:44:42 AM",0.769,29.971,50.801,80.874,72901,1033.645,33.642,0.078,0.078,0.073,7.381,96.76,5.531,4.588,0,5.544,5.547,NA,43
"5/27/2022 5:44:42 AM",0.811,29.973,50.799,80.874,72898.7,1033.643,33.64,0.094,0.094,0.058,7.381,96.68,5.527,5.268,0,5.539,5.543,NA,43
"5/27/2022 5:44:42 AM",0.896,29.974,50.799,80.875,72898.4,1033.643,33.639,0.078,0.078,0.073,7.381,96.869,5.537,5.437,0,5.55,5.553,NA,43
"5/27/2022 5:44:43 AM",0.957,29.972,50.8,80.874,72900.5,1033.645,33.641,0.086,0.086,0.058,7.381,96.849,5.536,5.013,0,5.548,5.552,NA,43
"5/27/2022 5:44:43 AM",1.011,29.971,50.799,80.871,72898.9,1033.645,33.641,0.078,0.078,0.044,7.382,96.717,5.528,4.503,0,5.541,5.544,NA,43
"5/27/2022 5:44:43 AM",1.051,29.97,50.799,80.87,72898.8,1033.645,33.64,0.094,0.094,0.073,7.383,96.686,5.527,4.333,0,5.539,5.543,NA,43
"5/27/2022 5:44:43 AM",1.115,29.97,50.797,80.867,72896.3,1033.644,33.639,0.078,0.078,0.029,7.383,96.844,5.536,4.418,0,5.548,5.552,NA,43
"5/27/2022 5:44:43 AM",1.148,29.97,50.797,80.867,72896.4,1033.644,33.639,0.094,0.094,0.058,7.384,96.791,5.533,4.503,0,5.545,5.549,NA,43
"5/27/2022 5:44:44 AM",1.172,29.97,50.796,80.865,72895.1,1033.643,33.638,0.086,0.086,0.044,7.384,96.728,5.529,4.588,0,5.542,5.545,NA,43
"5/27/2022 5:44:44 AM",1.185,29.97,50.795,80.865,72894.5,1033.643,33.638,0.07,0.07,0.073,7.384,96.624,5.523,4.588,0,5.536,5.539,NA,43
"5/27/2022 5:44:44 AM",1.181,29.969,50.794,80.863,72893.4,1033.642,33.637,0.07,0.07,0.015,7.383,96.635,5.524,4.673,0,5.537,5.54,NA,43
"5/27/2022 5:44:44 AM",1.136,29.969,50.793,80.86,72892.5,1033.642,33.637,0.086,0.086,0.029,7.384,96.639,5.524,4.843,0,5.537,5.54,NA,43
"5/27/2022 5:44:44 AM",1.094,29.968,50.794,80.861,72893.4,1033.643,33.638,0.078,0.078,0.015,7.383,96.751,5.53,4.843,0,5.543,5.546,NA,43
"5/27/2022 5:44:45 AM",1.028,29.967,50.796,80.861,72895.3,1033.644,33.639,0.086,0.086,0.015,7.383,96.608,5.522,4.758,0,5.535,5.538,NA,43
"5/27/2022 5:44:45 AM",0.976,29.967,50.794,80.86,72893.5,1033.642,33.638,0.078,0.078,0,7.383,96.659,5.525,4.503,0,5.537,5.541,NA,43
"5/27/2022 5:44:45 AM",0.891,29.968,50.791,80.856,72889.4,1033.639,33.635,0.101,0.101,0.029,7.383,96.73,5.529,4.248,0,5.542,5.545,NA,43
"5/27/2022 5:44:45 AM",0.835,29.968,50.789,80.852,72886.5,1033.637,33.634,0.094,0.094,0.058,7.384,96.807,5.534,4.503,0,5.546,5.55,NA,43
"5/27/2022 5:44:45 AM",0.801,29.969,50.786,80.85,72883.4,1033.635,33.632,0.094,0.094,0.058,7.384,96.695,5.527,4.758,0,5.539,5.543,NA,43
"5/27/2022 5:44:46 AM",0.764,29.969,50.784,80.848,72880.7,1033.633,33.63,0.094,0.094,0.044,7.383,96.617,5.522,5.013,0,5.535,5.538,NA,43
"5/27/2022 5:44:46 AM",0.757,29.97,50.781,80.845,72876.7,1033.63,33.627,0.07,0.07,0.044,7.384,96.708,5.528,5.013,0,5.54,5.544,NA,43
"5/27/2022 5:44:46 AM",0.745,29.97,50.777,80.84,72871.8,1033.627,33.624,0.078,0.078,0.029,7.385,96.765,5.531,4.758,0,5.544,5.547,NA,43
"5/27/2022 5:44:46 AM",0.743,29.971,50.774,80.838,72868.1,1033.625,33.622,0.078,0.078,0.044,7.386,96.779,5.532,4.673,0,5.544,5.548,NA,43
"5/27/2022 5:44:46 AM",0.754,29.972,50.772,80.835,72865.5,1033.623,33.62,0.086,0.086,0.029,7.386,96.78,5.532,4.673,0,5.544,5.548,NA,43
"5/27/2022 5:44:47 AM",0.757,29.972,50.771,80.834,72863.9,1033.622,33.619,0.078,0.078,0.058,7.386,96.735,5.529,4.418,0,5.542,5.545,NA,43
"5/27/2022 5:44:47 AM",0.787,29.972,50.771,80.834,72863.8,1033.622,33.619,0.07,0.07,0.058,7.386,96.733,5.529,4.078,0,5.542,5.545,NA,43
"5/27/2022 5:44:47 AM",0.844,29.972,50.771,80.834,72864.1,1033.623,33.619,0.086,0.086,0.131,7.387,96.682,5.526,3.908,0,5.539,5.542,NA,43
"5/27/2022 5:44:47 AM",0.896,29.972,50.769,80.831,72861.7,1033.621,33.618,0.086,0.086,0.102,7.388,96.809,5.533,4.078,0,5.546,5.549,NA,43
"5/27/2022 5:44:47 AM",0.962,29.972,50.768,80.83,72860.9,1033.621,33.617,0.086,0.086,0.058,7.387,96.803,5.533,4.163,0,5.546,5.549,NA,43
"5/27/2022 5:44:48 AM",1.025,29.971,50.768,80.828,72860,1033.621,33.617,0.078,0.078,0.044,7.386,96.726,5.529,4.248,0,5.541,5.545,NA,43
"5/27/2022 5:44:48 AM",1.094,29.971,50.765,80.826,72857.3,1033.62,33.615,0.086,0.086,0.044,7.386,96.708,5.528,4.673,0,5.54,5.544,NA,43
"5/27/2022 5:44:48 AM",1.124,29.971,50.766,80.826,72858.4,1033.62,33.616,0.101,0.101,0.058,7.386,96.747,5.53,4.673,0,5.543,5.546,NA,43
"5/27/2022 5:44:48 AM",1.139,29.972,50.764,80.825,72856,1033.619,33.614,0.086,0.086,0.058,7.386,96.859,5.537,4.418,0,5.549,5.553,NA,43
"5/27/2022 5:44:48 AM",1.143,29.972,50.762,80.822,72852.9,1033.617,33.612,0.179,0.179,0.058,7.386,96.868,5.537,4.418,0,5.55,5.553,NA,43
"5/27/2022 5:44:49 AM",1.105,29.971,50.761,80.819,72852.4,1033.617,33.612,0.101,0.101,0.044,7.386,96.803,5.533,4.333,0,5.546,5.549,NA,43
"5/27/2022 5:44:49 AM",1.061,29.97,50.761,80.819,72852.5,1033.617,33.612,0.133,0.133,0.116,7.386,96.906,5.539,4.248,0,5.552,5.555,NA,43
"5/27/2022 5:44:49 AM",1.027,29.969,50.761,80.816,72852,1033.617,33.612,0.109,0.109,0.102,7.386,96.842,5.535,4.248,0,5.548,5.551,NA,43
"5/27/2022 5:44:49 AM",0.96,29.969,50.761,80.816,72851.6,1033.616,33.612,0.109,0.109,0.073,7.386,96.942,5.541,4.418,0,5.553,5.557,NA,43
"5/27/2022 5:44:50 AM",0.87,29.969,50.757,80.811,72847.1,1033.613,33.609,0.133,0.133,0.087,7.386,96.809,5.533,4.503,0,5.546,5.549,NA,43
"5/27/2022 5:44:50 AM",0.837,29.969,50.756,80.81,72845.8,1033.612,33.609,0.086,0.086,0.146,7.385,96.838,5.535,4.503,0,5.548,5.551,NA,43
"5/27/2022 5:44:50 AM",0.792,29.97,50.753,80.806,72841.6,1033.609,33.606,0.101,0.101,0.116,7.386,96.905,5.539,4.418,0,5.551,5.555,NA,43
"5/27/2022 5:44:50 AM",0.781,29.969,50.754,80.807,72843.2,1033.61,33.607,0.101,0.101,0.102,7.386,96.822,5.534,4.248,0,5.546,5.55,NA,43
"5/27/2022 5:44:50 AM",0.759,29.97,50.751,80.804,72839.7,1033.608,33.605,0.109,0.109,0.102,7.386,96.851,5.536,3.993,0,5.548,5.552,NA,43
"5/27/2022 5:44:51 AM",0.781,29.97,50.751,80.804,72839.3,1033.608,33.604,0.109,0.109,0.102,7.386,96.829,5.535,3.738,0,5.547,5.551,NA,43
"5/27/2022 5:44:51 AM",0.808,29.97,50.742,80.792,72828.5,1033.601,33.598,0.445,0.445,0.131,7.387,96.819,5.534,3.823,0,5.547,5.55,NA,43
"5/27/2022 5:44:51 AM",0.839,29.971,50.744,80.794,72830.2,1033.602,33.599,0.187,0.187,0.073,7.387,96.948,5.542,4.078,0,5.554,5.557,NA,43
"5/27/2022 5:44:51 AM",0.879,29.972,50.746,80.799,72832.7,1033.604,33.6,0.125,0.125,0.146,7.388,96.874,5.538,4.333,0,5.55,5.553,NA,43
"5/27/2022 5:44:51 AM",0.954,29.971,50.744,80.796,72830.6,1033.603,33.599,0.086,0.086,0.146,7.387,96.871,5.537,4.758,0,5.55,5.553,NA,43
"5/27/2022 5:44:52 AM",0.997,29.971,50.746,80.798,72833.1,1033.605,33.6,0.086,0.086,0.102,7.387,96.894,5.538,4.843,0,5.551,5.554,NA,43
"5/27/2022 5:44:52 AM",1.011,29.971,50.743,80.794,72829.5,1033.602,33.598,0.086,0.086,0.131,7.388,96.835,5.535,4.843,0,5.547,5.551,NA,43
"5/27/2022 5:44:52 AM",1.014,29.97,50.742,80.792,72828.6,1033.602,33.598,0.351,0.351,0.131,7.388,96.822,5.534,4.843,0,5.547,5.55,NA,43
"5/27/2022 5:44:52 AM",0.976,29.969,50.744,80.792,72831,1033.604,33.6,0.281,0.281,0.306,7.388,97.011,5.545,4.843,0,5.557,5.561,NA,43
"5/27/2022 5:44:52 AM",0.86,29.968,50.743,80.79,72829.5,1033.603,33.599,0.304,0.304,0.175,7.388,96.974,5.542,4.588,0,5.555,5.558,NA,43
"5/27/2022 5:44:53 AM",0.792,29.969,50.742,80.791,72828.7,1033.602,33.598,0.304,0.304,0.218,7.387,96.841,5.535,4.503,0,5.547,5.551,NA,43
"5/27/2022 5:44:53 AM",0.839,29.969,50.741,80.789,72827.2,1033.601,33.597,0.234,0.234,0.218,7.387,96.906,5.539,4.418,0,5.551,5.555,NA,43
"5/27/2022 5:44:53 AM",0.976,29.97,50.739,80.787,72824.8,1033.6,33.596,0.148,0.148,0.175,7.387,97.047,5.547,4.333,0,5.559,5.563,NA,43
"5/27/2022 5:44:53 AM",1.207,29.97,50.737,80.785,72822.4,1033.599,33.594,0.203,0.203,0.116,7.388,97.121,5.551,4.078,0,5.563,5.567,NA,43
"5/27/2022 5:44:53 AM",1.378,29.97,50.74,80.788,72825.6,1033.602,33.596,0.117,0.117,0.16,7.388,97.036,5.546,3.823,0,5.558,5.561,NA,43
"5/27/2022 5:44:54 AM",1.565,29.97,50.737,80.785,72821.9,1033.6,33.594,0.086,0.086,0.131,7.389,96.936,5.54,3.738,0,5.553,5.556,NA,43
"5/27/2022 5:44:54 AM",1.767,29.97,50.742,80.792,72828.9,1033.605,33.598,0.117,0.117,0.116,7.389,97.084,5.548,3.823,0,5.561,5.564,NA,43
"5/27/2022 5:44:54 AM",2.031,29.969,50.745,80.794,72832.6,1033.609,33.6,0.094,0.094,0.087,7.388,96.932,5.539,3.568,0,5.552,5.555,NA,43
"5/27/2022 5:44:54 AM",2.201,29.97,50.75,80.802,72838.6,1033.613,33.604,0.078,0.078,0.058,7.389,96.961,5.541,3.059,0,5.553,5.556,NA,43
"5/27/2022 5:44:54 AM",2.337,29.971,50.755,80.811,72844.5,1033.617,33.607,0.062,0.062,0.044,7.389,96.916,5.538,2.379,0,5.551,5.554,NA,43
"5/27/2022 5:44:55 AM",2.469,29.973,50.754,80.813,72843.5,1033.616,33.606,0.07,0.07,0.058,7.389,96.975,5.541,1.699,0,5.554,5.557,NA,43
"5/27/2022 5:44:55 AM",2.613,29.972,50.757,80.816,72847.1,1033.619,33.608,0.047,0.047,0,7.389,96.964,5.541,1.104,0,5.553,5.556,NA,43
"5/27/2022 5:44:55 AM",2.806,29.971,50.761,80.821,72853.3,1033.624,33.612,0.086,0.086,0.058,7.39,96.938,5.539,0.595,0,5.551,5.555,NA,43
"5/27/2022 5:44:55 AM",2.928,29.972,50.774,80.839,72868.8,1033.634,33.621,0.086,0.086,0.073,7.391,96.825,5.532,0.425,0,5.544,5.547,NA,43
"5/27/2022 5:44:55 AM",3.067,29.972,50.786,80.855,72883.6,1033.643,33.63,0.094,0.094,0.015,7.391,96.859,5.533,0.255,0,5.545,5.549,NA,43
"5/27/2022 5:44:56 AM",3.214,29.972,50.787,80.857,72884.9,1033.645,33.631,0.078,0.078,0.044,7.391,96.694,5.524,0.085,0,5.536,5.539,NA,43
"5/27/2022 5:44:56 AM",3.454,29.973,50.787,80.859,72884.9,1033.645,33.631,0.101,0.101,0.116,7.39,96.855,5.533,0.255,0,5.545,5.549,NA,43
"5/27/2022 5:44:56 AM",3.6,29.973,50.789,80.862,72887.9,1033.648,33.632,0.086,0.086,0.116,7.39,96.869,5.533,0.765,0,5.546,5.549,NA,43
"5/27/2022 5:44:56 AM",3.743,29.972,50.789,80.86,72887.7,1033.648,33.632,0.078,0.078,0.058,7.391,96.791,5.529,1.359,0,5.541,5.545,NA,43
"5/27/2022 5:44:56 AM",3.89,29.971,50.79,80.861,72889.1,1033.65,33.633,0.07,0.07,0.073,7.392,96.748,5.526,1.614,0,5.539,5.542,NA,43
"5/27/2022 5:44:57 AM",4.055,29.972,50.793,80.866,72893.6,1033.653,33.636,0.062,0.062,0.073,7.391,96.766,5.527,1.614,0,5.54,5.543,NA,43
"5/27/2022 5:44:57 AM",4.307,29.968,50.782,80.845,72879.5,1033.647,33.628,0.078,0.078,0.058,7.39,96.856,5.533,1.359,0,5.545,5.549,NA,43
"5/27/2022 5:44:57 AM",4.471,29.965,50.784,80.844,72883,1033.65,33.631,0.07,0.07,0.015,7.39,96.965,5.539,1.02,0,5.552,5.555,NA,43
"5/27/2022 5:44:57 AM",4.625,29.962,50.785,80.84,72884.3,1033.653,33.633,0.07,0.07,0.044,7.391,96.805,5.53,1.189,0,5.542,5.546,NA,43
"5/27/2022 5:44:57 AM",4.784,29.96,50.786,80.839,72886.2,1033.655,33.635,0.07,0.07,0.029,7.39,96.792,5.529,1.274,0,5.542,5.545,NA,43
"5/27/2022 5:44:58 AM",4.93,29.959,50.789,80.843,72890.2,1033.658,33.637,0.055,0.055,0.044,7.391,96.859,5.533,1.02,0,5.546,5.549,NA,43
"5/27/2022 5:44:58 AM",5.159,29.96,50.792,80.848,72894.4,1033.662,33.64,0.062,0.062,0.015,7.392,96.834,5.532,0.68,0,5.544,5.548,NA,43
"5/27/2022 5:44:58 AM",5.298,29.96,50.795,80.852,72897.3,1033.664,33.641,0.062,0.062,0,7.391,96.783,5.529,0.51,0,5.541,5.545,NA,43
"5/27/2022 5:44:58 AM",5.432,29.961,50.794,80.852,72896,1033.663,33.64,0.062,0.062,0,7.392,96.809,5.53,0.255,0,5.543,5.546,NA,43
"5/27/2022 5:44:58 AM",5.541,29.962,50.797,80.858,72900.6,1033.666,33.643,0.039,0.039,0,7.392,96.758,5.528,0,0,5.54,5.543,NA,43
"5/27/2022 5:44:59 AM",5.757,29.962,50.8,80.862,72903.8,1033.669,33.645,0.055,0.055,0,7.393,96.77,5.528,0,0,5.54,5.544,NA,43
"5/27/2022 5:44:59 AM",5.932,29.962,50.806,80.872,72911.8,1033.674,33.649,0.07,0.07,0.015,7.392,96.833,5.531,0,0,5.544,5.547,NA,43
"5/27/2022 5:44:59 AM",6.127,29.962,50.811,80.877,72917.5,1033.679,33.653,0.086,0.086,0.044,7.392,96.754,5.527,0,0,5.539,5.542,NA,43
"5/27/2022 5:44:59 AM",6.337,29.962,50.811,80.878,72918.1,1033.68,33.653,0.086,0.086,0.044,7.393,96.711,5.524,0,0,5.536,5.54,NA,43
"5/27/2022 5:45:00 AM",6.535,29.961,50.808,80.872,72913.7,1033.678,33.651,0.109,0.109,0.102,7.393,96.846,5.532,0,0,5.544,5.548,NA,43
"5/27/2022 5:45:00 AM",6.768,29.961,50.806,80.869,72911.5,1033.678,33.649,0.062,0.062,0.029,7.393,96.803,5.53,0,0,5.542,5.546,NA,43
"5/27/2022 5:45:00 AM",6.923,29.962,50.801,80.863,72905.2,1033.674,33.645,0.07,0.07,0,7.393,96.76,5.527,0,0,5.54,5.543,NA,43
"5/27/2022 5:45:00 AM",7.079,29.96,50.781,80.834,72880.6,1033.661,33.63,0.086,0.086,0.044,7.392,96.724,5.526,0,0,5.538,5.542,NA,43
"5/27/2022 5:45:00 AM",7.222,29.96,50.777,80.827,72875.6,1033.658,33.628,0.078,0.078,0.015,7.392,96.686,5.524,0,0,5.536,5.54,NA,43
"5/27/2022 5:45:01 AM",7.458,29.959,50.783,80.835,72883.6,1033.664,33.632,0.086,0.086,0.044,7.392,96.589,5.518,0,0,5.531,5.534,NA,43
"5/27/2022 5:45:01 AM",7.626,29.961,50.792,80.85,72894.7,1033.671,33.639,0.062,0.062,0.029,7.393,96.686,5.523,0,0,5.536,5.539,NA,43
"5/27/2022 5:45:01 AM",7.812,29.965,50.789,80.853,72891.3,1033.669,33.635,0.07,0.07,0.015,7.394,96.851,5.533,0,0,5.545,5.549,NA,43
"5/27/2022 5:45:01 AM",8.002,29.967,50.794,80.864,72897.3,1033.672,33.638,0.062,0.062,0,7.394,96.779,5.528,0,0,5.541,5.544,NA,43
"5/27/2022 5:45:01 AM",8.193,29.968,50.812,80.888,72919.2,1033.686,33.652,0.062,0.062,0.015,7.393,96.763,5.527,0,0,5.539,5.543,NA,43
"5/27/2022 5:45:02 AM",8.471,29.968,50.809,80.885,72915.8,1033.685,33.649,0.07,0.07,0.044,7.393,96.689,5.523,0,0,5.535,5.538,NA,43
"5/27/2022 5:45:02 AM",8.667,29.968,50.801,80.874,72905.9,1033.68,33.643,0.078,0.078,0.044,7.394,96.779,5.528,0,0,5.54,5.543,NA,43
"5/27/2022 5:45:02 AM",8.855,29.968,50.797,80.868,72900.7,1033.678,33.64,0.07,0.07,0.044,7.394,96.758,5.527,0,0,5.539,5.543,NA,43
"5/27/2022 5:45:02 AM",9.055,29.969,50.795,80.868,72898.5,1033.677,33.638,0.07,0.07,0.058,7.394,96.809,5.53,0,0,5.542,5.545,NA,43
"5/27/2022 5:45:02 AM",9.253,29.969,50.796,80.869,72899.2,1033.678,33.638,0.086,0.086,0.073,7.394,96.816,5.53,0,0,5.542,5.546,NA,43
"5/27/2022 5:45:03 AM",9.545,29.971,50.797,80.873,72901,1033.68,33.639,0.086,0.086,0.029,7.394,96.75,5.526,0,0,5.538,5.542,NA,43
"5/27/2022 5:45:03 AM",9.748,29.973,50.8,80.881,72904.8,1033.682,33.641,0.078,0.078,0.015,7.395,96.764,5.527,0,0,5.539,5.542,NA,43
"5/27/2022 5:45:03 AM",9.943,29.975,50.803,80.888,72908.5,1033.685,33.642,0.094,0.094,0.029,7.395,96.841,5.531,0,0,5.543,5.547,NA,43
"5/27/2022 5:45:03 AM",10.136,29.979,50.802,80.893,72906.9,1033.683,33.64,0.086,0.086,0.029,7.395,96.748,5.525,0,0,5.537,5.541,NA,43
"5/27/2022 5:45:03 AM",10.428,29.987,50.808,80.912,72912.9,1033.686,33.642,0.086,0.086,0.044,7.396,96.841,5.53,0,0,5.542,5.546,NA,43
"5/27/2022 5:45:04 AM",10.626,29.993,50.809,80.924,72913.7,1033.685,33.64,0.094,0.094,0.029,7.396,96.957,5.536,0,0,5.549,5.552,NA,43
"5/27/2022 5:45:04 AM",10.819,29.997,50.813,80.934,72917.9,1033.688,33.642,0.094,0.094,0.073,7.396,96.849,5.53,0,0,5.542,5.545,NA,43
"5/27/2022 5:45:04 AM",11.013,29.997,50.815,80.938,72920.7,1033.69,33.643,0.078,0.078,0.058,7.396,96.826,5.528,0,0,5.54,5.544,NA,43
"5/27/2022 5:45:04 AM",11.206,29.997,50.814,80.936,72920,1033.69,33.643,0.086,0.086,0.044,7.397,96.828,5.528,0,0,5.54,5.544,NA,43
"5/27/2022 5:45:04 AM",11.456,29.997,50.81,80.932,72915.3,1033.688,33.64,0.094,0.094,0.044,7.396,96.859,5.53,0,0,5.543,5.546,NA,43
"5/27/2022 5:45:05 AM",11.6,29.997,50.81,80.931,72915.5,1033.689,33.64,0.086,0.086,0.044,7.396,96.902,5.533,0.17,0,5.545,5.548,NA,43
"5/27/2022 5:45:05 AM",11.75,29.997,50.809,80.929,72913.6,1033.689,33.639,0.078,0.078,0.015,7.396,96.761,5.525,0.17,0,5.537,5.54,NA,43
"5/27/2022 5:45:05 AM",11.905,29.997,50.805,80.925,72909.5,1033.687,33.636,0.094,0.094,0.073,7.396,96.694,5.52,0.425,0,5.533,5.536,NA,43
"5/27/2022 5:45:05 AM",12.117,29.998,50.807,80.928,72911,1033.688,33.637,0.094,0.094,0.058,7.396,96.877,5.531,1.189,0,5.543,5.546,NA,43
"5/27/2022 5:45:05 AM",12.266,29.996,50.807,80.926,72912.2,1033.69,33.638,0.078,0.078,0.073,7.396,96.763,5.524,1.529,0,5.537,5.54,NA,43
"5/27/2022 5:45:06 AM",12.398,29.998,50.81,80.933,72914.9,1033.692,33.639,0.078,0.078,0.073,7.395,96.799,5.526,1.869,0,5.538,5.542,NA,43
"5/27/2022 5:45:06 AM",12.495,29.995,50.806,80.923,72911.1,1033.691,33.638,0.078,0.078,0.073,7.395,96.833,5.528,2.209,0,5.54,5.544,NA,43
"5/27/2022 5:45:06 AM",12.56,29.992,50.813,80.928,72920.1,1033.697,33.644,0.078,0.078,0.044,7.395,96.872,5.53,2.039,0,5.543,5.546,NA,43
"5/27/2022 5:45:06 AM",12.577,29.993,50.818,80.936,72926,1033.701,33.647,0.086,0.086,0.029,7.396,96.9,5.532,2.124,0,5.544,5.548,NA,43
"5/27/2022 5:45:06 AM",12.504,29.992,50.817,80.934,72924.2,1033.699,33.646,0.07,0.07,0.015,7.396,96.866,5.53,2.209,0,5.542,5.546,NA,43
"5/27/2022 5:45:07 AM",12.374,29.992,50.821,80.938,72929.2,1033.702,33.649,0.07,0.07,0.029,7.396,96.822,5.527,2.209,0,5.54,5.543,NA,43
"5/27/2022 5:45:07 AM",12.21,29.993,50.818,80.936,72926.2,1033.699,33.647,0.07,0.07,0.044,7.395,96.812,5.527,2.294,0,5.539,5.543,NA,43
"5/27/2022 5:45:07 AM",11.971,29.995,50.817,80.938,72924.5,1033.697,33.646,0.07,0.07,0.044,7.392,96.801,5.526,2.379,0,5.539,5.542,NA,43
"5/27/2022 5:45:07 AM",11.839,29.996,50.828,80.954,72937.8,1033.704,33.654,0.062,0.062,0.029,7.392,96.695,5.52,2.379,0,5.532,5.536,NA,43
"5/27/2022 5:45:07 AM",11.72,29.997,50.835,80.965,72945.7,1033.708,33.658,0.07,0.07,0.044,7.392,96.704,5.52,2.464,0,5.532,5.536,NA,43
"5/27/2022 5:45:08 AM",11.594,29.999,50.831,80.963,72940.9,1033.704,33.655,0.078,0.078,0.058,7.391,96.7,5.52,2.379,0,5.533,5.536,NA,43
"5/27/2022 5:45:08 AM",11.449,29.999,50.836,80.969,72946.8,1033.707,33.658,0.07,0.07,0.044,7.39,96.756,5.523,2.464,0,5.536,5.539,NA,43
"5/27/2022 5:45:08 AM",11.244,30,50.832,80.966,72942.4,1033.703,33.656,0.07,0.07,0,7.39,96.82,5.527,2.464,0,5.539,5.542,NA,43
"5/27/2022 5:45:08 AM",11.137,30.001,50.83,80.964,72939.6,1033.701,33.654,0.078,0.078,0,7.39,96.818,5.527,2.464,0,5.539,5.542,NA,43
"5/27/2022 5:45:08 AM",11.051,30,50.826,80.957,72934.2,1033.697,33.651,0.07,0.07,0,7.39,96.846,5.528,2.379,0,5.541,5.544,NA,43
"5/27/2022 5:45:09 AM",10.97,29.998,50.823,80.951,72931.2,1033.696,33.649,0.094,0.094,0.015,7.39,96.801,5.526,2.379,0,5.539,5.542,NA,43
"5/27/2022 5:45:09 AM",10.723,29.996,50.819,80.942,72926.4,1033.693,33.647,0.094,0.094,0.044,7.391,96.755,5.523,2.464,0,5.536,5.539,NA,43
"5/27/2022 5:45:09 AM",10.459,29.995,50.817,80.937,72922.8,1033.69,33.645,0.094,0.094,0.073,7.391,96.702,5.52,2.464,0,5.533,5.536,NA,43
"5/27/2022 5:45:09 AM",10.172,29.994,50.81,80.926,72915.3,1033.684,33.641,0.078,0.078,0.029,7.39,96.688,5.519,2.464,0,5.532,5.535,NA,43
"5/27/2022 5:45:10 AM",9.917,29.991,50.806,80.915,72910,1033.681,33.639,0.078,0.078,0.044,7.39,96.717,5.521,2.379,0,5.534,5.537,NA,43
"5/27/2022 5:45:10 AM",9.739,29.99,50.806,80.914,72910.3,1033.681,33.639,0.086,0.086,0.029,7.391,96.71,5.521,2.379,0,5.534,5.537,NA,43
"5/27/2022 5:45:10 AM",9.6,29.993,50.808,80.922,72912.4,1033.68,33.64,0.086,0.086,0.058,7.391,96.705,5.521,2.379,0,5.533,5.536,NA,43
"5/27/2022 5:45:10 AM",9.56,29.995,50.808,80.924,72911.6,1033.679,33.639,0.086,0.086,0.058,7.391,96.774,5.525,2.379,0,5.537,5.54,NA,43
"5/27/2022 5:45:10 AM",9.526,29.997,50.811,80.931,72914.6,1033.68,33.64,0.078,0.078,0.029,7.391,96.718,5.522,2.294,0,5.534,5.537,NA,43
"5/27/2022 5:45:11 AM",9.51,29.999,50.806,80.926,72908.2,1033.676,33.636,0.078,0.078,0.029,7.39,96.838,5.528,2.379,0,5.541,5.544,NA,43
"5/27/2022 5:45:11 AM",9.503,29.999,50.81,80.933,72913.5,1033.679,33.639,0.078,0.078,0.044,7.391,96.771,5.524,2.379,0,5.536,5.54,NA,43
"5/27/2022 5:45:11 AM",9.52,29.999,50.808,80.93,72911.1,1033.678,33.637,0.078,0.078,0.058,7.393,96.744,5.523,2.464,0,5.535,5.538,NA,43
"5/27/2022 5:45:11 AM",9.461,29.999,50.808,80.93,72911.3,1033.678,33.637,0.086,0.086,0.044,7.394,96.722,5.522,2.549,0,5.534,5.537,NA,43
"5/27/2022 5:45:11 AM",9.336,29.998,50.805,80.925,72907.9,1033.675,33.636,0.062,0.062,0.015,7.394,96.677,5.519,2.549,0,5.531,5.535,NA,43
"5/27/2022 5:45:12 AM",9.123,29.998,50.809,80.93,72912.4,1033.677,33.638,0.055,0.055,0,7.393,96.731,5.522,2.549,0,5.534,5.537,NA,43
"5/27/2022 5:45:12 AM",8.832,29.998,50.802,80.919,72903.5,1033.671,33.633,0.086,0.086,0.029,7.393,96.697,5.52,2.549,0,5.532,5.536,NA,43
"5/27/2022 5:45:12 AM",8.714,29.996,50.804,80.92,72906.6,1033.673,33.636,0.086,0.086,0.044,7.393,96.669,5.518,2.464,0,5.531,5.534,NA,43
"5/27/2022 5:45:12 AM",8.657,29.999,50.805,80.927,72907.5,1033.672,33.635,0.078,0.078,0.015,7.393,96.624,5.516,2.379,0,5.528,5.531,NA,43
"5/27/2022 5:45:12 AM",8.62,30.002,50.802,80.925,72902.9,1033.668,33.632,0.078,0.078,0.015,7.393,96.683,5.519,2.379,0,5.531,5.535,NA,43
"5/27/2022 5:45:13 AM",8.567,30.003,50.797,80.919,72896.1,1033.664,33.627,0.078,0.078,0.044,7.392,96.748,5.523,2.464,0,5.535,5.538,NA,43
"5/27/2022 5:45:13 AM",8.421,30.002,50.805,80.929,72906.7,1033.67,33.634,0.086,0.086,0.029,7.391,96.681,5.519,2.549,0,5.531,5.535,NA,43
"5/27/2022 5:45:13 AM",8.304,30.002,50.799,80.922,72899.6,1033.665,33.63,0.078,0.078,0.015,7.393,96.679,5.519,2.549,0,5.531,5.535,NA,43
"5/27/2022 5:45:13 AM",8.109,30.002,50.797,80.919,72896.9,1033.663,33.628,0.062,0.062,0.015,7.393,96.734,5.522,2.634,0,5.534,5.538,NA,43
"5/27/2022 5:45:13 AM",7.866,30.001,50.791,80.908,72889,1033.657,33.624,0.07,0.07,0.044,7.393,96.727,5.522,2.634,0,5.534,5.537,NA,43
"5/27/2022 5:45:14 AM",7.597,29.998,50.788,80.899,72885.5,1033.655,33.623,0.07,0.07,0.044,7.393,96.641,5.517,2.634,0,5.529,5.533,NA,43
"5/27/2022 5:45:14 AM",7.253,29.995,50.77,80.87,72863.4,1033.641,33.61,0.086,0.086,0.044,7.393,96.577,5.514,2.549,0,5.526,5.53,NA,43
"5/27/2022 5:45:14 AM",7.117,29.985,50.762,80.845,72854.4,1033.638,33.607,0.086,0.086,0.044,7.392,96.562,5.513,2.464,0,5.526,5.529,NA,43
"5/27/2022 5:45:14 AM",7.044,29.98,50.761,80.836,72854,1033.639,33.609,0.078,0.078,0.073,7.393,96.664,5.52,2.294,0,5.532,5.535,NA,43
"5/27/2022 5:45:14 AM",7.018,29.977,50.761,80.831,72853.5,1033.639,33.609,0.086,0.086,0.073,7.392,96.692,5.521,2.294,0,5.534,5.537,NA,43
"5/27/2022 5:45:15 AM",6.95,29.977,50.786,80.866,72885,1033.658,33.628,0.07,0.07,0.029,7.393,96.705,5.521,2.294,0,5.534,5.537,NA,43
"5/27/2022 5:45:15 AM",6.895,29.983,50.794,80.886,72894.7,1033.662,33.633,0.055,0.055,0.044,7.393,96.647,5.518,2.294,0,5.53,5.534,NA,43
"5/27/2022 5:45:15 AM",6.837,29.988,50.786,80.883,72884.2,1033.654,33.625,0.062,0.062,0.029,7.393,96.695,5.521,2.294,0,5.533,5.537,NA,43
"5/27/2022 5:45:15 AM",6.752,29.99,50.776,80.872,72871.7,1033.645,33.616,0.078,0.078,0.015,7.394,96.662,5.519,2.294,0,5.532,5.535,NA,43
"5/27/2022 5:45:15 AM",6.539,29.991,50.777,80.873,72872.3,1033.645,33.617,0.086,0.086,0.058,7.393,96.589,5.515,2.294,0,5.527,5.531,NA,43
"5/27/2022 5:45:16 AM",6.335,29.991,50.772,80.867,72866.3,1033.64,33.613,0.07,0.07,0.029,7.393,96.59,5.515,2.209,0,5.528,5.531,NA,43
"5/27/2022 5:45:16 AM",6.155,29.987,50.755,80.838,72844.9,1033.627,33.601,0.07,0.07,0.015,7.393,96.652,5.519,2.124,0,5.531,5.535,NA,43
"5/27/2022 5:45:16 AM",6.021,29.982,50.748,80.82,72837.5,1033.624,33.598,0.086,0.086,0.044,7.394,96.544,5.513,2.039,0,5.525,5.529,NA,43
"5/27/2022 5:45:16 AM",5.932,29.976,50.748,80.812,72838,1033.626,33.6,0.07,0.07,0.015,7.393,96.614,5.517,2.039,0,5.53,5.533,NA,43
"5/27/2022 5:45:16 AM",5.84,29.972,50.747,80.805,72837.2,1033.626,33.601,0.086,0.086,0.015,7.393,96.649,5.52,2.039,0,5.532,5.535,NA,43
"5/27/2022 5:45:17 AM",5.757,29.973,50.743,80.8,72832.3,1033.622,33.598,0.086,0.086,0.029,7.394,96.528,5.513,2.039,0,5.525,5.529,NA,43
"5/27/2022 5:45:17 AM",5.678,29.971,50.742,80.795,72830,1033.621,33.597,0.086,0.086,0.029,7.394,96.602,5.517,2.124,0,5.53,5.533,NA,43
"5/27/2022 5:45:17 AM",5.612,29.972,50.742,80.797,72830.6,1033.621,33.597,0.078,0.078,0.044,7.393,96.649,5.52,2.209,0,5.533,5.536,NA,43
"5/27/2022 5:45:17 AM",5.463,29.973,50.752,80.813,72843.2,1033.628,33.604,0.078,0.078,0,7.393,96.727,5.524,2.294,0,5.537,5.54,NA,43
"5/27/2022 5:45:17 AM",5.294,29.976,50.745,80.807,72833.8,1033.621,33.598,0.078,0.078,0.029,7.394,96.629,5.519,2.294,0,5.531,5.535,NA,43
"5/27/2022 5:45:18 AM",5.084,29.977,50.737,80.796,72822.9,1033.613,33.591,0.086,0.086,0.015,7.393,96.547,5.514,2.379,0,5.527,5.53,NA,43
"5/27/2022 5:45:18 AM",4.889,29.978,50.736,80.797,72821.4,1033.611,33.59,0.086,0.086,0.015,7.393,96.607,5.518,2.379,0,5.53,5.534,NA,43
"5/27/2022 5:45:18 AM",4.737,29.981,50.732,80.797,72817,1033.607,33.586,0.07,0.07,0.044,7.393,96.586,5.517,2.294,0,5.529,5.532,NA,43
"5/27/2022 5:45:18 AM",4.61,29.986,50.724,80.791,72805.8,1033.598,33.578,0.07,0.07,0,7.394,96.522,5.513,2.294,0,5.525,5.529,NA,43
"5/27/2022 5:45:18 AM",4.566,29.984,50.722,80.786,72803.4,1033.597,33.577,0.062,0.062,0.044,7.394,96.543,5.514,2.294,0,5.526,5.53,NA,43
"5/27/2022 5:45:19 AM",4.504,29.982,50.71,80.767,72789.4,1033.589,33.57,0.07,0.07,0.044,7.393,96.631,5.519,2.379,0,5.532,5.535,NA,43
"5/27/2022 5:45:19 AM",4.422,29.981,50.712,80.767,72791.6,1033.59,33.571,0.062,0.062,0.029,7.393,96.572,5.516,2.464,0,5.528,5.532,NA,43
"5/27/2022 5:45:19 AM",4.288,29.979,50.721,80.777,72802.7,1033.597,33.578,0.07,0.07,0.015,7.391,96.676,5.522,2.379,0,5.534,5.538,NA,43
"5/27/2022 5:45:19 AM",4.151,29.983,50.726,80.79,72808.6,1033.599,33.581,0.078,0.078,0.015,7.391,96.64,5.519,2.379,0,5.532,5.535,NA,43
"5/27/2022 5:45:19 AM",3.981,29.987,50.725,80.795,72807.1,1033.596,33.579,0.062,0.062,0.029,7.391,96.543,5.514,2.294,0,5.526,5.53,NA,43
"5/27/2022 5:45:20 AM",3.782,29.988,50.714,80.78,72792.3,1033.586,33.57,0.07,0.07,0.044,7.392,96.619,5.519,2.209,0,5.531,5.534,NA,43
"5/27/2022 5:45:20 AM",3.616,29.983,50.703,80.758,72778.9,1033.578,33.563,0.07,0.07,0.029,7.389,96.631,5.519,2.209,0,5.532,5.535,NA,43
"5/27/2022 5:45:20 AM",3.456,29.976,50.697,80.74,72772.5,1033.576,33.561,0.086,0.086,0.015,7.388,96.527,5.514,2.124,0,5.526,5.529,NA,43
"5/27/2022 5:45:20 AM",3.379,29.973,50.699,80.737,72775.5,1033.578,33.564,0.078,0.078,0.058,7.389,96.45,5.509,2.039,0,5.522,5.525,NA,43
"5/27/2022 5:45:21 AM",3.305,29.972,50.7,80.738,72777.3,1033.579,33.565,0.094,0.094,0.087,7.39,96.687,5.523,1.954,0,5.535,5.539,NA,43
"5/27/2022 5:45:21 AM",3.226,29.973,50.698,80.736,72774.2,1033.577,33.563,0.086,0.086,0.015,7.39,96.607,5.518,1.869,0,5.531,5.534,NA,43
"5/27/2022 5:45:21 AM",3.153,29.973,50.697,80.734,72773,1033.576,33.563,0.07,0.07,0,7.387,96.661,5.522,1.954,0,5.534,5.537,NA,43
"5/27/2022 5:45:21 AM",3.025,29.97,50.694,80.726,72769.5,1033.574,33.561,0.07,0.07,0.044,7.386,96.602,5.518,2.039,0,5.531,5.534,NA,43
"5/27/2022 5:45:21 AM",2.889,29.969,50.692,80.722,72767.2,1033.572,33.56,0.086,0.086,0.029,7.387,96.664,5.522,2.209,0,5.535,5.538,NA,43
"5/27/2022 5:45:22 AM",2.71,29.968,50.688,80.716,72762.5,1033.569,33.558,0.078,0.078,0.058,7.387,96.639,5.521,2.379,0,5.533,5.537,NA,43
"5/27/2022 5:45:22 AM",2.542,29.968,50.686,80.712,72759.6,1033.567,33.556,0.086,0.086,0.029,7.388,96.609,5.519,2.549,0,5.531,5.535,NA,43
"5/27/2022 5:45:22 AM",2.404,29.968,50.684,80.709,72756.9,1033.565,33.554,0.078,0.078,0.015,7.388,96.542,5.516,2.804,0,5.528,5.531,NA,43
"5/27/2022 5:45:22 AM",2.328,29.969,50.682,80.708,72754.9,1033.563,33.553,0.078,0.078,0.044,7.388,96.517,5.514,2.974,0,5.527,5.53,NA,43
"5/27/2022 5:45:22 AM",2.35,29.97,50.682,80.708,72753.9,1033.562,33.552,0.117,0.117,0.044,7.389,96.552,5.516,2.889,0,5.529,5.532,NA,43
"5/27/2022 5:45:23 AM",2.415,29.971,50.679,80.706,72751,1033.56,33.55,0.101,0.101,0.044,7.388,96.458,5.511,2.719,0,5.523,5.527,NA,43
"5/27/2022 5:45:23 AM",2.436,29.97,50.679,80.706,72750.8,1033.56,33.55,0.094,0.094,0.102,7.389,96.488,5.512,2.719,0,5.525,5.528,NA,43
"5/27/2022 5:45:23 AM",2.377,29.97,50.677,80.702,72748.4,1033.559,33.549,0.101,0.101,0.087,7.394,96.611,5.52,2.719,0,5.532,5.535,NA,43
"5/27/2022 5:45:23 AM",2.323,29.97,50.673,80.697,72743.1,1033.555,33.545,0.094,0.094,0.058,7.393,96.584,5.518,2.719,0,5.531,5.534,NA,43
"5/27/2022 5:45:23 AM",2.265,29.969,50.674,80.696,72744.4,1033.556,33.547,0.078,0.078,0.058,7.391,96.643,5.521,2.634,0,5.534,5.537,NA,43
"5/27/2022 5:45:24 AM",2.218,29.969,50.674,80.697,72744.9,1033.556,33.547,0.094,0.094,0.029,7.394,96.6,5.519,2.634,0,5.531,5.535,NA,43
"5/27/2022 5:45:24 AM",2.065,29.969,50.674,80.696,72744.3,1033.555,33.547,0.07,0.07,0,7.39,96.621,5.52,2.719,0,5.533,5.536,NA,43
"5/27/2022 5:45:24 AM",1.913,29.969,50.674,80.696,72743.8,1033.554,33.546,0.117,0.117,0.073,7.39,96.645,5.522,2.804,0,5.534,5.538,NA,43
"5/27/2022 5:45:24 AM",1.756,29.97,50.673,80.696,72743.1,1033.553,33.546,0.109,0.109,0.029,7.389,96.634,5.521,2.889,0,5.533,5.537,NA,43
"5/27/2022 5:45:24 AM",1.648,29.97,50.67,80.693,72739.3,1033.55,33.543,0.094,0.094,0.087,7.392,96.57,5.517,2.889,0,5.53,5.533,NA,43
"5/27/2022 5:45:25 AM",1.567,29.97,50.661,80.68,72727.8,1033.543,33.536,0.148,0.148,0.058,7.392,96.412,5.508,2.889,0,5.521,5.524,NA,43
"5/27/2022 5:45:25 AM",1.462,29.97,50.661,80.681,72728,1033.543,33.536,0.101,0.101,0.073,7.393,96.603,5.519,2.804,0,5.532,5.535,NA,43
"5/27/2022 5:45:25 AM",1.386,29.97,50.66,80.679,72726.8,1033.542,33.536,0.094,0.094,0.058,7.392,96.646,5.522,2.804,0,5.534,5.538,NA,43
"5/27/2022 5:45:25 AM",1.299,29.97,50.652,80.669,72717.1,1033.535,33.53,0.101,0.101,0.058,7.393,96.55,5.517,2.889,0,5.529,5.532,NA,43
"5/27/2022 5:45:25 AM",1.186,29.97,50.653,80.669,72717.4,1033.535,33.53,0.086,0.086,0.029,7.394,96.613,5.52,2.889,0,5.533,5.536,NA,43
"5/27/2022 5:45:26 AM",1.047,29.971,50.649,80.666,72712.9,1033.531,33.527,0.078,0.078,0.029,7.395,96.656,5.523,2.804,0,5.535,5.539,NA,43
"5/27/2022 5:45:26 AM",0.826,29.971,50.628,80.636,72686.8,1033.515,33.511,0.062,0.062,0.058,7.395,96.66,5.524,3.059,0,5.536,5.539,NA,43
"5/27/2022 5:45:26 AM",0.665,29.971,50.623,80.629,72680.4,1033.51,33.507,0.07,0.07,0.058,7.396,96.613,5.521,3.228,0,5.533,5.537,NA,43
"5/27/2022 5:45:26 AM",0.522,29.972,50.619,80.624,72675,1033.506,33.504,0.078,0.078,0.029,7.396,96.625,5.522,3.483,0,5.534,5.538,NA,43
"5/27/2022 5:45:26 AM",0.401,29.972,50.612,80.614,72666.1,1033.5,33.499,0.07,0.07,0.029,7.396,96.688,5.526,3.568,0,5.538,5.542,NA,43
"5/27/2022 5:45:27 AM",0.288,29.973,50.612,80.616,72666,1033.499,33.498,0.179,0.179,0.044,7.395,96.687,5.526,3.823,0,5.538,5.542,NA,43
"5/27/2022 5:45:27 AM",0.256,29.973,50.61,80.614,72663.7,1033.498,33.497,0.133,0.133,0.058,7.396,96.617,5.522,3.908,0,5.534,5.538,NA,43
"5/27/2022 5:45:27 AM",0.222,29.974,50.607,80.611,72660,1033.495,33.494,0.101,0.101,0.073,7.396,96.57,5.519,3.568,0,5.531,5.535,NA,43
"5/27/2022 5:45:27 AM",0.218,29.974,50.607,80.611,72659.8,1033.495,33.494,0.117,0.117,0.073,7.396,96.674,5.525,3.568,0,5.537,5.541,NA,43
"5/27/2022 5:45:27 AM",0.223,29.975,50.606,80.61,72658.4,1033.494,33.493,0.086,0.086,0.087,7.395,96.531,5.517,3.568,0,5.529,5.533,NA,43
"5/27/2022 5:45:28 AM",0.185,29.975,50.6,80.602,72650.2,1033.489,33.488,0.078,0.078,0.044,7.395,96.529,5.517,3.144,0,5.529,5.532,NA,43
"5/27/2022 5:45:28 AM",0.129,29.973,50.601,80.601,72652.1,1033.49,33.49,0.078,0.078,0.015,7.397,96.6,5.521,2.889,0,5.533,5.537,NA,43
"5/27/2022 5:45:28 AM",0.076,29.973,50.597,80.595,72647.2,1033.487,33.487,0.086,0.086,0.044,7.398,96.71,5.527,2.889,0,5.539,5.543,NA,43
"5/27/2022 5:45:28 AM",0.029,29.972,50.58,80.57,72626,1033.474,33.474,0.078,0.078,0.058,7.396,96.529,5.517,3.059,0,5.53,5.533,NA,43
"5/27/2022 5:45:28 AM",0,29.971,50.571,80.556,72615.1,1033.468,33.468,0.055,0.055,0.029,7.396,96.574,5.52,3.483,0,5.533,5.536,NA,43
"5/27/2022 5:45:29 AM",0,29.97,50.565,80.547,72607.4,1033.463,33.463,0.07,0.07,0.116,7.396,96.694,5.527,4.418,0,5.539,5.543,NA,43
"5/27/2022 5:45:29 AM",0,29.97,50.564,80.545,72606,1033.462,33.463,0.078,0.078,0.073,7.394,96.676,5.526,4.418,0,5.539,5.542,NA,43
"5/27/2022 5:45:29 AM",0,29.97,50.564,80.545,72605.9,1033.462,33.463,0.078,0.078,0.087,7.392,96.584,5.521,4.163,0,5.533,5.537,NA,43
"5/27/2022 5:45:29 AM",0,29.971,50.561,80.543,72603,1033.46,33.461,0.078,0.078,0.058,7.39,96.713,5.528,4.078,0,5.541,5.544,NA,43
"5/27/2022 5:45:29 AM",0,29.97,50.558,80.537,72598.9,1033.457,33.458,0.078,0.078,0.044,7.391,96.67,5.526,4.333,0,5.539,5.542,NA,43
"5/27/2022 5:45:30 AM",0,29.971,50.557,80.537,72598.1,1033.456,33.458,0.078,0.078,0.073,7.39,96.686,5.527,6.202,0,5.539,5.543,NA,43
"5/27/2022 5:45:30 AM",0,29.977,50.554,80.542,72593,1033.451,33.453,0.187,0.187,0.772,7.39,96.638,5.524,7.222,0,5.537,5.54,NA,43
"5/27/2022 5:45:30 AM",0,30.001,32.133,54.09,48728.9,1019.576,19.578,2.192,2.192,4.887,7.39,96.822,6.124,7.561,0,6.141,6.141,NA,43
"5/27/2022 5:45:30 AM",0,29.99,8.84,16.739,15083.6,1002.233,2.235,211.236,211.236,341.858,7.393,96.826,6.96,7.816,0,6.981,6.98,NA,43
"5/27/2022 5:45:30 AM",0,29.945,12.304,22.665,20440.9,1004.82,4.822,65.175,65.175,96.496,7.392,96.805,6.827,7.476,0,6.847,6.847,NA,43
"5/27/2022 5:45:31 AM",0,29.96,17.289,30.925,27882.3,1008.52,8.521,24.136,24.136,27.576,7.393,96.722,6.637,7.646,0,6.657,6.656,NA,43
"5/27/2022 5:45:31 AM",0,29.968,14.51,26.365,23767.7,1006.452,6.453,6.779,6.779,7.565,7.394,96.759,6.742,6.882,0,6.762,6.761,NA,43
"5/27/2022 5:45:31 AM",0,29.969,50.254,80.115,72219.9,1033.227,33.228,2.052,2.052,2.288,7.393,96.749,5.539,5.352,0,5.551,5.555,NA,43
"5/27/2022 5:45:31 AM",0,29.971,50.492,80.447,72516.2,1033.407,33.408,0.538,0.538,0.845,7.39,96.717,5.53,6.372,0,5.542,5.546,NA,43
"5/27/2022 5:45:32 AM",0,29.97,50.524,80.491,72557,1033.432,33.433,0.374,0.374,0.568,7.388,96.878,5.538,6.372,0,5.551,5.554,NA,43
"5/27/2022 5:45:32 AM",0,29.97,50.556,80.534,72596,1033.456,33.457,0.499,0.499,0.364,7.388,96.819,5.534,6.117,0,5.547,5.55,NA,43
"5/27/2022 5:45:32 AM",0,29.971,50.552,80.529,72590.8,1033.452,33.453,0.39,0.39,0.553,7.388,96.684,5.526,6.542,0,5.539,5.542,NA,43
"5/27/2022 5:45:32 AM",0,29.97,50.476,80.424,72496.7,1033.395,33.396,0.78,0.78,1.238,7.389,96.893,5.541,6.372,0,5.553,5.556,NA,43
"5/27/2022 5:45:32 AM",0,29.971,50.522,80.489,72553.6,1033.429,33.43,34.214,34.214,32.916,7.389,96.833,5.536,7.901,0,5.548,5.552,NA,43
"5/27/2022 5:45:33 AM",0,29.972,50.542,80.518,72579.1,1033.444,33.446,30.868,30.868,31.034,7.392,96.872,5.538,8.921,0,5.55,5.554,NA,43
"5/27/2022 5:45:33 AM",0,29.972,50.55,80.529,72588.7,1033.45,33.452,9.189,9.189,14.897,7.392,96.89,5.538,8.411,0,5.551,5.554,NA,43
"5/27/2022 5:45:33 AM",0,29.972,50.551,80.53,72589.7,1033.45,33.452,11.085,11.085,22.139,7.39,96.918,5.54,8.241,0,5.552,5.556,NA,43
"5/27/2022 5:45:33 AM",0,29.971,50.547,80.523,72584.5,1033.447,33.449,23.519,23.519,48.584,7.389,96.85,5.536,8.241,0,5.549,5.552,NA,43
"5/27/2022 5:45:33 AM",0,29.971,50.554,80.533,72593.5,1033.453,33.455,95.957,95.957,41.93,7.39,96.824,5.534,8.326,0,5.547,5.55,NA,43
"5/27/2022 5:45:34 AM",0,29.971,48.264,77.356,69730.2,1031.72,31.722,44.293,44.293,13.027,7.389,96.972,5.613,8.496,0,5.626,5.629,NA,43
"5/27/2022 5:45:34 AM",0,29.944,1.759,3.706,3342.5,996.98,0,27.747,27.747,61.549,7.388,96.963,7.247,8.751,0,7.268,7.268,NA,43
"5/27/2022 5:45:34 AM",0,29.634,1.208,2.582,2342.9,996.662,0,67.266,67.266,190.908,7.39,96.74,7.253,9.176,0,7.274,7.274,NA,43
"5/27/2022 5:45:34 AM",0,28.91,0.926,1.977,1820.5,996.666,0,161.148,161.148,250.759,7.392,96.349,7.235,10.45,0,7.256,7.256,NA,43
"5/27/2022 5:45:34 AM",0,28.511,0.791,1.688,1566.7,996.681,0,274.914,274.914,176.418,7.39,95.978,7.215,10.96,0,7.235,7.235,NA,43
"5/27/2022 5:45:35 AM",0,28.334,0.731,1.56,1453.4,996.687,0,113.75,113.75,77.37,7.386,95.521,7.185,12.234,0,7.205,7.206,NA,43
"5/27/2022 5:45:35 AM",0,28.288,0.685,1.465,1366.3,996.666,0,145.617,145.617,123.492,7.385,95.437,7.184,12.404,0,7.205,7.205,NA,43
"5/27/2022 5:45:35 AM",0,28.355,0.636,1.365,1270.8,996.609,0,244.296,244.296,146.726,7.385,95.157,7.168,14.188,0,7.189,7.189,NA,43
"5/27/2022 5:45:35 AM",0,28.261,0.605,1.298,1211.2,996.613,0,504.24,504.24,141.3,7.386,94.615,7.132,13.849,0,7.153,7.153,NA,43
"5/27/2022 5:45:35 AM",0,28.122,0.558,1.199,1121.8,996.618,0,192.577,192.577,40.501,7.383,94.703,7.143,14.698,0,7.163,7.163,NA,43
"5/27/2022 5:45:36 AM",0,28.258,0.541,1.167,1089,996.566,0,365.005,365.005,142.59,7.379,94.957,7.165,13.424,0,7.186,7.186,NA,43
"5/27/2022 5:45:36 AM",0,28.48,0.503,1.092,1014,996.474,0,397.822,397.822,282.879,7.376,95.211,7.188,13.169,0,7.209,7.209,NA,43
"5/27/2022 5:45:36 AM",0,28.886,0.487,1.067,983.2,996.344,0,116.294,116.294,85.145,7.374,95.367,7.202,12.659,0,7.223,7.223,NA,43
"5/27/2022 5:45:36 AM",0,28.695,0.452,0.988,914.1,996.373,0,169.456,169.456,68.715,7.372,94.704,7.156,11.47,0,7.177,7.177,NA,43
"5/27/2022 5:45:36 AM",0,28.492,0.456,0.994,922.9,996.435,0,229.88,229.88,110.494,7.371,94.755,7.161,10.45,0,7.182,7.182,NA,43
"5/27/2022 5:45:37 AM",0,28.137,0.439,0.951,890,996.524,0,85.551,85.551,56.032,7.369,94.76,7.163,10.28,0,7.184,7.184,NA,43
"5/27/2022 5:45:37 AM",0,27.836,0.426,0.919,865.3,996.6,0,126.614,126.614,93.51,7.368,95.173,7.197,9.601,0,7.217,7.218,NA,43
"5/27/2022 5:45:37 AM",0,27.761,0.411,0.885,834.7,996.61,0,168.644,168.644,153.956,7.364,95.561,7.23,9.601,0,7.251,7.251,NA,43
"5/27/2022 5:45:37 AM",0,27.923,0.402,0.869,816.4,996.557,0,83.959,83.959,152.056,7.363,95.588,7.234,10.28,0,7.255,7.255,NA,43
"5/27/2022 5:45:37 AM",0,27.988,0.386,0.836,784.8,996.527,0,57.577,57.577,226.636,7.363,95.42,7.222,11.894,0,7.243,7.243,NA,43
"5/27/2022 5:45:38 AM",0,27.912,0.377,0.817,768.2,996.542,0,30.493,30.493,66.69,7.362,95.457,7.226,12.404,0,7.247,7.247,NA,43
"5/27/2022 5:45:38 AM",0,27.818,0.363,0.785,739.6,996.558,0,28.824,28.824,49.19,7.359,95.674,7.245,14.273,0,7.266,7.266,NA,43
"5/27/2022 5:45:38 AM",0,27.85,0.354,0.768,723,996.542,0,69.949,69.949,64.148,7.358,95.685,7.249,15.038,0,7.27,7.27,NA,43
"5/27/2022 5:45:38 AM",0,27.885,0.347,0.753,708.5,996.527,0,73.959,73.959,98.846,7.356,95.799,7.262,14.868,0,7.283,7.283,NA,43
"5/27/2022 5:45:38 AM",0,27.907,0.34,0.739,694.1,996.515,0,102.97,102.97,75.656,7.356,95.76,7.263,14.018,0,7.284,7.284,NA,43
"5/27/2022 5:45:39 AM",0,27.946,0.324,0.706,663.1,996.493,0,40.806,40.806,53.555,7.357,96.001,7.284,12.829,0,7.305,7.305,NA,43
"5/27/2022 5:45:39 AM",0,27.989,0.332,0.723,678,996.486,0,14.33,14.33,10.837,7.354,95.983,7.288,12.574,0,7.309,7.309,NA,43
"5/27/2022 5:45:39 AM",0,27.854,0.324,0.704,662.8,996.518,0,18.308,18.308,5.165,7.352,95.725,7.272,12.319,0,7.293,7.293,NA,43
"5/27/2022 5:45:39 AM",0,27.756,0.33,0.716,674.9,996.551,0,14.884,14.884,3.543,7.351,95.918,7.29,11.979,0,7.311,7.311,NA,43
"5/27/2022 5:45:39 AM",0,27.774,0.353,0.764,719.6,996.563,0,34.776,34.776,11.204,7.35,96.108,7.306,10.79,0,7.327,7.327,NA,43
"5/27/2022 5:45:40 AM",0,27.816,0.328,0.712,670.7,996.532,0,5.663,5.663,2.39,7.35,96.222,7.318,9.261,0,7.339,7.339,NA,43
"5/27/2022 5:45:40 AM",0,27.781,0.32,0.695,654.5,996.536,0,0.663,0.663,0,7.352,96.231,7.319,8.581,0,7.34,7.341,NA,43
"5/27/2022 5:45:40 AM",0,27.721,0.329,0.713,672.6,996.56,0,0.601,0.601,0,7.352,96.07,7.307,9.94,0,7.328,7.328,NA,43
"5/27/2022 5:45:40 AM",0,27.667,0.359,0.776,733.4,996.598,0,0.694,0.694,0,7.351,96.102,7.309,9.091,0,7.33,7.33,NA,43
"5/27/2022 5:45:40 AM",0,27.538,0.322,0.695,658.4,996.606,0,0.507,0.507,0.32,7.35,96.183,7.318,7.307,0,7.339,7.339,NA,43
"5/27/2022 5:45:41 AM",0,27.469,0.306,0.661,627.4,996.613,0,0.281,0.281,0.116,7.35,96.222,7.322,8.071,0,7.343,7.344,NA,43
"5/27/2022 5:45:41 AM",0,27.477,0.3,0.649,615.5,996.607,0,0.187,0.187,0.073,7.35,96.246,7.325,9.431,0,7.346,7.346,NA,43
"5/27/2022 5:45:41 AM",0,27.398,0.287,0.62,589.2,996.619,0,0.14,0.14,0.116,7.352,96.124,7.317,10.195,0,7.338,7.338,NA,43
"5/27/2022 5:45:41 AM",0,27.274,0.283,0.611,581.9,996.651,0,0.413,0.413,4.069,7.35,96.368,7.336,11.13,0,7.357,7.357,NA,43
"5/27/2022 5:45:42 AM",0,27.083,0.28,0.602,575.4,996.701,0,4.875,4.875,17.922,7.35,96.373,7.337,9.855,0,7.359,7.359,NA,43
"5/27/2022 5:45:42 AM",0,27.073,0.275,0.591,565.6,996.7,0,4.766,4.766,11.85,7.349,96.507,7.349,9.94,0,7.37,7.37,NA,43
"5/27/2022 5:45:42 AM",0,27.153,0.271,0.583,556.5,996.675,0,3.315,3.315,8.327,7.35,96.147,7.322,10.11,0,7.343,7.343,NA,43
"5/27/2022 5:45:42 AM",0,27.625,0.452,0.97,916.6,996.68,0,4.68,4.68,26.46,7.381,95.322,7.253,11.725,0,7.274,7.274,NA,43
"5/27/2022 5:45:42 AM",0,28.663,1.508,3.127,2894.2,997.174,0,2.582,2.582,12.968,7.453,95.184,7.201,13.764,0,7.222,7.222,NA,43
"5/27/2022 5:45:43 AM",0,29.066,1.945,4.006,3677.5,997.381,0,1.981,1.981,9.104,7.519,95.158,7.181,15.123,0,7.202,7.202,NA,43
"5/27/2022 5:45:43 AM",0,29.124,1.913,3.949,3620.8,997.341,0,1.786,1.786,8.547,7.552,95.057,7.174,15.633,0,7.194,7.194,NA,43
"5/27/2022 5:45:43 AM",0,29.133,2.212,4.53,4152.4,997.562,0,1.693,1.693,8.371,7.581,94.785,7.14,16.652,0,7.161,7.161,NA,43
"5/27/2022 5:45:43 AM",0,29.151,1.959,4.041,3702.6,997.367,0,1.724,1.724,8.342,7.604,94.916,7.159,17.247,0,7.18,7.18,NA,43
"5/27/2022 5:45:43 AM",0,29.167,1.895,3.917,3587.9,997.314,0,1.763,1.763,8.401,7.624,94.757,7.149,17.757,0,7.17,7.17,NA,43
"5/27/2022 5:45:44 AM",0,29.175,2.087,4.291,3929.6,997.455,0,1.708,1.708,8.43,7.646,94.595,7.128,18.097,0,7.149,7.149,NA,43
"5/27/2022 5:45:44 AM",0,29.182,1.793,3.719,3405.9,997.234,0,1.677,1.677,8.43,7.661,94.462,7.128,18.097,0,7.149,7.149,NA,43
"5/27/2022 5:45:44 AM",0,29.182,1.841,3.812,3491.1,997.269,0,1.701,1.701,8.415,7.673,94.309,7.114,18.097,0,7.135,7.135,NA,43
"5/27/2022 5:45:44 AM",0,29.182,1.879,3.887,3559.1,997.298,0,1.701,1.701,8.43,7.681,94.151,7.1,18.097,0,7.121,7.121,NA,43
"5/27/2022 5:45:44 AM",0,29.179,1.803,3.738,3423.2,997.242,0,1.724,1.724,8.371,7.695,94.119,7.099,17.927,0,7.12,7.12,NA,43
"5/27/2022 5:45:45 AM",0,29.18,1.759,3.653,3345.6,997.209,0,1.755,1.755,8.342,7.702,94.078,7.097,17.672,0,7.118,7.118,NA,43
"5/27/2022 5:45:45 AM",0,29.18,1.835,3.801,3480.7,997.266,0,1.669,1.669,8.298,7.71,94.027,7.09,17.417,0,7.11,7.11,NA,43
"5/27/2022 5:45:45 AM",0,29.184,1.717,3.57,3269,997.176,0,1.685,1.685,8.327,7.715,93.858,7.082,17.247,0,7.102,7.102,NA,43
"5/27/2022 5:45:45 AM",0,29.186,1.869,3.869,3542.4,997.29,0,1.662,1.662,8.371,7.72,93.856,7.075,16.992,0,7.095,7.095,NA,43
"5/27/2022 5:45:45 AM",0,29.186,1.769,3.673,3362.9,997.215,0,1.638,1.638,8.342,7.73,93.724,7.069,16.737,0,7.089,7.089,NA,43
"5/27/2022 5:45:46 AM",0,29.183,1.796,3.726,3411.9,997.236,0,1.638,1.638,8.298,7.735,93.679,7.064,16.482,0,7.084,7.084,NA,43
"5/27/2022 5:45:46 AM",0,29.182,1.825,3.782,3463.3,997.258,0,1.638,1.638,8.298,7.739,93.534,7.052,16.227,0,7.072,7.072,NA,43
"5/27/2022 5:45:46 AM",0,29.172,1.793,3.719,3406.3,997.237,0,1.615,1.615,8.357,7.748,93.563,7.055,15.973,0,7.076,7.076,NA,43
"5/27/2022 5:45:46 AM",0,29.154,1.756,3.644,3338.8,997.214,0,1.615,1.615,8.445,7.753,93.438,7.047,15.718,0,7.067,7.067,NA,43
"5/27/2022 5:45:46 AM",0,29.158,1.937,3.998,3662.7,997.348,0,1.599,1.599,8.43,7.757,93.447,7.04,15.633,0,7.061,7.061,NA,43
"5/27/2022 5:45:47 AM",0,29.158,1.742,3.618,3314.4,997.203,0,1.615,1.615,8.445,7.759,93.518,7.053,15.633,0,7.073,7.073,NA,43
"5/27/2022 5:45:47 AM",0,29.161,1.854,3.838,3516,997.286,0,1.591,1.591,8.43,7.761,93.367,7.037,15.718,0,7.058,7.057,NA,43
"5/27/2022 5:45:47 AM",0,29.164,1.759,3.652,3345.6,997.214,0,1.576,1.576,8.415,7.761,93.426,7.045,15.888,0,7.065,7.065,NA,43
"5/27/2022 5:45:47 AM",0,29.164,1.784,3.7,3389.1,997.232,0,1.591,1.591,8.342,7.763,93.387,7.041,16.227,0,7.061,7.061,NA,43
"5/27/2022 5:45:47 AM",0,29.167,1.749,3.632,3327.4,997.206,0,1.576,1.576,8.342,7.765,93.346,7.039,16.482,0,7.059,7.059,NA,43
"5/27/2022 5:45:48 AM",0,29.17,1.766,3.666,3357.6,997.217,0,1.599,1.599,8.371,7.767,93.329,7.037,16.737,0,7.057,7.057,NA,43
"5/27/2022 5:45:48 AM",0,29.17,1.728,3.591,3288.8,997.189,0,1.646,1.646,8.357,7.768,93.202,7.028,16.992,0,7.049,7.049,NA,43
"5/27/2022 5:54:07 AM",0,30.004,51.015,81.218,73163.4,1033.792,33.793,0.086,0.086,0.073,7.256,97.615,5.585,14.528,0,5.598,5.601,NA,43
"5/27/2022 5:54:07 AM",0,30.007,51.004,81.206,73149,1033.782,33.783,0.094,0.094,0.044,7.273,97.43,5.575,12.914,0,5.588,5.591,NA,43
"5/27/2022 5:54:08 AM",0,30.006,51.006,81.208,73150.9,1033.784,33.784,0.078,0.078,0.102,7.288,97.296,5.567,12.999,0,5.58,5.583,NA,43
"5/27/2022 5:54:08 AM",0,29.992,51.023,81.211,73174.1,1033.802,33.802,0.14,0.14,0.087,7.302,97.188,5.561,13.764,0,5.573,5.577,NA,43
"5/27/2022 5:54:08 AM",0.049,29.985,51.043,81.228,73200.1,1033.82,33.82,0.109,0.109,0.102,7.318,97.201,5.561,13.764,0,5.573,5.577,NA,43
"5/27/2022 5:54:08 AM",0.144,29.994,51.049,81.25,73207.2,1033.823,33.822,0.109,0.109,0.073,7.342,97.319,5.566,12.234,0,5.579,5.583,NA,43
"5/27/2022 5:54:08 AM",0.225,29.998,51.049,81.255,73206,1033.821,33.82,0.172,0.172,0.058,7.353,97.217,5.56,10.96,0,5.572,5.576,NA,43
"5/27/2022 5:54:09 AM",0.35,30,51.064,81.279,73225.2,1033.833,33.831,0.156,0.156,0.116,7.365,97.215,5.558,11.045,0,5.571,5.575,NA,43
"5/27/2022 5:54:09 AM",0.529,30.006,51.064,81.288,73223.8,1033.831,33.829,0.117,0.117,0.058,7.379,97.083,5.55,10.96,0,5.563,5.566,NA,43
"5/27/2022 5:54:09 AM",0.837,29.999,51.055,81.266,73214.3,1033.828,33.825,0.094,0.094,0.058,7.398,96.971,5.543,9.091,0,5.556,5.559,NA,43
"5/27/2022 5:54:09 AM",0.948,29.987,51.066,81.262,73228.4,1033.841,33.837,0.094,0.094,0.087,7.41,97.063,5.548,11.385,0,5.56,5.564,NA,43
"5/27/2022 5:54:09 AM",0.995,29.978,51.069,81.254,73233.7,1033.847,33.843,0.094,0.094,0.073,7.421,96.928,5.54,11.64,0,5.552,5.556,NA,43
"5/27/2022 5:54:10 AM",0.986,29.976,51.076,81.26,73242.5,1033.853,33.849,0.094,0.094,0.058,7.428,96.901,5.539,11.64,0,5.551,5.555,NA,43
"5/27/2022 5:54:10 AM",0.915,29.973,51.089,81.274,73258.5,1033.863,33.859,0.078,0.078,0.087,7.434,96.743,5.529,12.234,0,5.542,5.545,NA,43
"5/27/2022 5:54:10 AM",0.769,29.973,51.091,81.277,73261.8,1033.864,33.861,0.086,0.086,0.044,7.444,96.823,5.534,12.149,0,5.546,5.55,NA,43
"5/27/2022 5:54:10 AM",0.685,29.975,51.092,81.281,73262.8,1033.864,33.861,0.086,0.086,0.087,7.449,96.777,5.531,11.725,0,5.544,5.547,NA,43
"5/27/2022 5:54:10 AM",0.611,29.978,51.084,81.274,73252.4,1033.857,33.854,0.094,0.094,0.102,7.454,96.804,5.533,10.705,0,5.545,5.549,NA,43
"5/27/2022 5:54:11 AM",0.602,29.982,51.07,81.261,73234.3,1033.844,33.842,0.101,0.101,0.073,7.459,96.836,5.536,10.195,0,5.548,5.552,NA,43
"5/27/2022 5:54:11 AM",0.652,29.986,51.084,81.287,73250.8,1033.853,33.851,0.101,0.101,0.116,7.466,96.823,5.535,10.535,0,5.547,5.551,NA,43
"5/27/2022 5:54:11 AM",0.791,29.988,51.087,81.294,73254.5,1033.856,33.852,0.109,0.109,0.131,7.469,96.758,5.531,11.725,0,5.544,5.547,NA,43
"5/27/2022 5:54:11 AM",0.882,29.985,51.087,81.29,73255.2,1033.857,33.854,0.094,0.094,0.087,7.473,96.722,5.529,12.829,0,5.541,5.545,NA,43
"5/27/2022 5:54:11 AM",0.979,29.98,51.085,81.278,73253.2,1033.858,33.854,0.086,0.086,0.087,7.476,96.704,5.528,13.933,0,5.54,5.544,NA,43
"5/27/2022 5:54:12 AM",1.066,29.977,51.091,81.282,73261,1033.864,33.86,0.117,0.117,0.073,7.479,96.776,5.532,14.188,0,5.544,5.548,NA,43
"5/27/2022 5:54:12 AM",1.151,29.976,51.09,81.281,73260.3,1033.864,33.859,0.086,0.086,0.058,7.484,96.832,5.535,12.489,0,5.547,5.551,NA,43
"5/27/2022 5:54:12 AM",1.17,29.977,51.088,81.279,73257.9,1033.863,33.858,0.101,0.101,0.058,7.486,96.69,5.527,11.47,0,5.539,5.543,NA,43
"5/27/2022 5:54:12 AM",1.174,29.977,51.087,81.279,73256.9,1033.862,33.857,0.094,0.094,0.044,7.489,96.75,5.53,10.705,0,5.542,5.546,NA,43
"5/27/2022 5:54:12 AM",1.156,29.976,51.087,81.276,73256.8,1033.862,33.857,0.086,0.086,0.058,7.493,96.752,5.53,9.94,0,5.543,5.546,NA,43
"5/27/2022 5:54:13 AM",1.134,29.975,51.088,81.275,73257.2,1033.863,33.858,0.148,0.148,0.058,7.493,96.656,5.525,9.516,0,5.538,5.541,NA,43
"5/27/2022 5:54:13 AM",1.177,29.975,51.098,81.289,73269.9,1033.87,33.865,0.335,0.335,0.248,7.495,96.823,5.535,10.025,0,5.548,5.551,NA,43
"5/27/2022 5:54:13 AM",1.288,29.976,51.101,81.296,73273.6,1033.873,33.867,0.172,0.172,0.102,7.496,96.787,5.533,10.365,0,5.545,5.549,NA,43
"5/27/2022 5:54:13 AM",1.429,29.977,51.1,81.296,73272.9,1033.873,33.867,0.101,0.101,0.058,7.499,96.91,5.54,10.195,0,5.552,5.556,NA,43
"5/27/2022 5:54:13 AM",1.592,29.978,51.103,81.301,73275.8,1033.875,33.868,0.094,0.094,0.073,7.5,96.803,5.533,9.516,0,5.545,5.549,NA,43
"5/27/2022 5:54:14 AM",1.764,29.977,51.105,81.303,73279.3,1033.878,33.87,0.094,0.094,0.087,7.502,96.682,5.526,7.816,0,5.538,5.542,NA,43
"5/27/2022 5:54:14 AM",1.983,29.981,51.114,81.321,73290.4,1033.884,33.876,0.062,0.062,0,7.501,96.886,5.536,4.333,0,5.549,5.552,NA,43
"5/27/2022 5:54:14 AM",2.108,29.981,51.121,81.331,73298.9,1033.89,33.881,0.047,0.047,0,7.503,96.759,5.528,2.124,0,5.541,5.544,NA,43
"5/27/2022 5:54:14 AM",2.237,29.978,51.122,81.328,73299.8,1033.892,33.882,0,0,0,7.504,96.795,5.53,0.68,0,5.543,5.546,NA,43
"5/27/2022 5:54:14 AM",2.358,29.977,51.118,81.321,73295.9,1033.89,33.88,0,0,0,7.505,96.77,5.529,0.17,0,5.541,5.545,NA,43
"5/27/2022 5:54:15 AM",2.562,29.975,51.133,81.338,73314.1,1033.903,33.892,0,0,0,7.507,96.879,5.534,0,0,5.546,5.55,NA,43
"5/27/2022 5:54:15 AM",2.706,29.975,51.136,81.342,73317.8,1033.906,33.894,0,0,0,7.508,96.816,5.53,0,0,5.543,5.546,NA,43
"5/27/2022 5:54:15 AM",2.874,29.975,51.133,81.339,73314.4,1033.904,33.892,0.016,0.016,0,7.51,96.77,5.528,0,0,5.54,5.543,NA,43
"5/27/2022 5:54:15 AM",3.039,29.975,51.157,81.371,73344.4,1033.923,33.91,0.055,0.055,0,7.511,96.77,5.527,0,0,5.54,5.543,NA,43
"5/27/2022 5:54:15 AM",3.213,29.976,51.156,81.373,73343.6,1033.923,33.909,0.07,0.07,0.029,7.512,96.843,5.531,0,0,5.543,5.547,NA,43
"5/27/2022 5:54:16 AM",3.476,29.978,51.153,81.372,73339.3,1033.921,33.906,0.086,0.086,0.087,7.513,96.758,5.526,0,0,5.539,5.542,NA,43
"5/27/2022 5:54:16 AM",3.667,29.978,51.155,81.374,73342.5,1033.924,33.908,0.101,0.101,0.116,7.513,96.786,5.528,0,0,5.54,5.544,NA,43
"5/27/2022 5:54:16 AM",3.859,29.978,51.152,81.37,73338.4,1033.922,33.906,0.117,0.117,0.102,7.513,96.845,5.531,0,0,5.544,5.547,NA,43
"5/27/2022 5:54:16 AM",4.038,29.978,51.149,81.366,73334.8,1033.921,33.903,0.164,0.164,0.218,7.514,96.863,5.532,0,0,5.544,5.548,NA,43
"5/27/2022 5:54:16 AM",4.297,29.975,51.154,81.367,73341.1,1033.926,33.908,0.14,0.14,0.116,7.516,96.681,5.521,0,0,5.534,5.537,NA,43
"5/27/2022 5:54:17 AM",4.462,29.973,51.157,81.37,73345,1033.93,33.911,0.109,0.109,0.073,7.518,96.776,5.526,0,0,5.539,5.542,NA,43
"5/27/2022 5:54:17 AM",4.622,29.972,51.159,81.371,73348.5,1033.933,33.913,0.101,0.101,0.073,7.518,96.663,5.52,0.085,0,5.533,5.536,NA,43
"5/27/2022 5:54:17 AM",4.777,29.972,51.159,81.371,73348.5,1033.934,33.913,0.172,0.172,0.248,7.518,96.693,5.522,0.17,0,5.534,5.538,NA,43
"5/27/2022 5:54:17 AM",4.91,29.971,51.158,81.368,73346.5,1033.933,33.912,0.164,0.164,0.248,7.52,96.613,5.518,0.425,0,5.53,5.534,NA,43
"5/27/2022 5:54:18 AM",5.121,29.973,51.158,81.371,73346.5,1033.933,33.911,0.117,0.117,0.116,7.52,96.722,5.523,1.954,0,5.536,5.539,NA,43
"5/27/2022 5:54:18 AM",5.227,29.976,51.164,81.384,73353.8,1033.937,33.915,0.094,0.094,0.058,7.522,96.775,5.526,4.333,0,5.538,5.542,NA,43
"5/27/2022 5:54:18 AM",5.353,29.978,51.167,81.392,73357.9,1033.94,33.917,0.078,0.078,0.044,7.523,96.848,5.53,6.032,0,5.543,5.546,NA,43
"5/27/2022 5:54:18 AM",5.545,29.98,51.171,81.4,73362.1,1033.942,33.919,0.07,0.07,0.015,7.524,96.735,5.524,6.372,0,5.536,5.54,NA,43
"5/27/2022 5:54:18 AM",5.845,29.98,51.167,81.395,73357.1,1033.94,33.916,0.062,0.062,0.015,7.524,96.706,5.522,5.183,0,5.534,5.538,NA,43
"5/27/2022 5:54:19 AM",6.015,29.978,51.172,81.399,73363.8,1033.946,33.92,0.055,0.055,0,7.524,96.641,5.518,3.738,0,5.53,5.534,NA,43
"5/27/2022 5:54:19 AM",6.158,29.976,51.176,81.402,73369.8,1033.951,33.924,0.031,0.031,0,7.523,96.783,5.525,2.379,0,5.538,5.541,NA,43
"5/27/2022 5:54:19 AM",6.304,29.978,51.172,81.4,73364.9,1033.948,33.921,0,0,0,7.52,96.855,5.53,1.444,0,5.542,5.546,NA,43
"5/27/2022 5:54:19 AM",6.441,29.978,51.167,81.392,73358.8,1033.945,33.917,0,0,0,7.522,96.796,5.526,0.68,0,5.539,5.542,NA,43
"5/27/2022 5:54:19 AM",6.676,29.975,51.145,81.358,73331.7,1033.93,33.901,0.047,0.047,0,7.52,96.808,5.527,0.085,0,5.54,5.543,NA,43
"5/27/2022 5:54:20 AM",6.865,29.974,51.143,81.354,73329.2,1033.929,33.9,0.078,0.078,0,7.519,96.766,5.525,0,0,5.538,5.541,NA,43
"5/27/2022 5:54:20 AM",7.066,29.974,51.137,81.345,73321.5,1033.925,33.895,0.086,0.086,0,7.52,96.762,5.525,0,0,5.538,5.541,NA,43
"5/27/2022 5:54:20 AM",7.275,29.974,51.134,81.342,73318.4,1033.924,33.893,0.086,0.086,0,7.521,96.661,5.52,0,0,5.532,5.536,NA,43
"5/27/2022 5:54:20 AM",7.49,29.974,51.14,81.35,73326.3,1033.93,33.898,0.086,0.086,0.058,7.521,96.827,5.529,0,0,5.541,5.545,NA,43
"5/27/2022 5:54:20 AM",7.808,29.974,51.15,81.364,73338.3,1033.939,33.905,0.086,0.086,0.044,7.523,96.753,5.524,0,0,5.537,5.54,NA,43
"5/27/2022 5:54:21 AM",8.011,29.974,51.147,81.36,73334.3,1033.937,33.903,0.094,0.094,0.044,7.524,96.731,5.523,0,0,5.535,5.539,NA,43
"5/27/2022 5:54:21 AM",8.206,29.975,51.144,81.356,73330.5,1033.935,33.9,0.086,0.086,0.044,7.524,96.696,5.521,0,0,5.533,5.537,NA,43
"5/27/2022 5:54:21 AM",8.402,29.975,51.141,81.353,73327.5,1033.934,33.898,0.078,0.078,0.073,7.524,96.739,5.523,0,0,5.536,5.539,NA,43
"5/27/2022 5:54:21 AM",8.689,29.976,51.137,81.35,73322.9,1033.932,33.895,0.078,0.078,0.058,7.524,96.643,5.518,0,0,5.53,5.534,NA,43
"5/27/2022 5:54:21 AM",8.882,29.978,51.134,81.348,73318.6,1033.93,33.892,0.078,0.078,0.058,7.525,96.737,5.523,0,0,5.536,5.539,NA,43
"5/27/2022 5:54:22 AM",9.076,29.979,51.127,81.34,73309.9,1033.925,33.886,0.086,0.086,0.029,7.526,96.703,5.521,0,0,5.534,5.537,NA,43
"5/27/2022 5:54:22 AM",9.261,29.979,51.119,81.329,73300.2,1033.92,33.88,0.086,0.086,0.058,7.525,96.679,5.52,0,0,5.533,5.536,NA,43
"5/27/2022 5:54:22 AM",9.452,29.978,51.118,81.326,73298.3,1033.919,33.879,0.094,0.094,0.058,7.525,96.766,5.525,0,0,5.538,5.541,NA,43
"5/27/2022 5:54:22 AM",9.742,29.982,51.114,81.327,73294,1033.917,33.875,0.086,0.086,0.073,7.527,96.699,5.521,0,0,5.534,5.537,NA,43
"5/27/2022 5:54:22 AM",9.931,29.985,51.111,81.327,73289.1,1033.914,33.872,0.07,0.07,0.044,7.528,96.753,5.524,0,0,5.537,5.54,NA,43
"5/27/2022 5:54:23 AM",10.124,29.986,51.109,81.327,73287.3,1033.913,33.87,0.086,0.086,0.029,7.529,96.667,5.52,0.085,0,5.532,5.536,NA,43
"5/27/2022 5:54:23 AM",10.305,29.989,51.107,81.327,73284.1,1033.911,33.867,0.078,0.078,0.015,7.529,96.707,5.522,0.085,0,5.534,5.538,NA,43
"5/27/2022 5:54:23 AM",10.497,29.99,51.104,81.326,73281,1033.91,33.865,0.07,0.07,0.044,7.532,96.814,5.528,0,0,5.54,5.544,NA,43
"5/27/2022 5:54:23 AM",10.788,29.99,51.102,81.323,73278.4,1033.909,33.863,0.07,0.07,0.029,7.532,96.767,5.525,0.085,0,5.538,5.541,NA,43
"5/27/2022 5:54:23 AM",10.979,29.99,51.103,81.324,73280.1,1033.911,33.864,0.086,0.086,0.029,7.531,96.671,5.519,0.085,0,5.532,5.535,NA,43
"5/27/2022 5:54:24 AM",11.175,29.988,51.094,81.308,73268.1,1033.905,33.858,0.086,0.086,0.058,7.532,96.644,5.518,0.085,0,5.531,5.534,NA,43
"5/27/2022 5:54:24 AM",11.377,29.987,51.087,81.298,73260.3,1033.901,33.853,0.078,0.078,0.044,7.527,96.691,5.521,0.085,0,5.533,5.537,NA,43
"5/27/2022 5:54:24 AM",11.67,29.985,51.079,81.284,73250.3,1033.897,33.847,0.086,0.086,0.044,7.528,96.712,5.522,0.085,0,5.535,5.538,NA,43
"5/27/2022 5:54:24 AM",11.865,29.984,51.077,81.281,73249,1033.897,33.847,0.109,0.109,0.102,7.53,96.772,5.526,0.34,0,5.539,5.542,NA,43
"5/27/2022 5:54:24 AM",11.997,29.985,51.08,81.285,73251.5,1033.899,33.848,0.125,0.125,0.189,7.529,96.785,5.527,1.529,0,5.539,5.542,NA,43
"5/27/2022 5:54:25 AM",12.037,29.983,51.077,81.279,73248.5,1033.898,33.847,0.094,0.094,0.087,7.531,96.614,5.517,4.163,0,5.529,5.532,NA,43
"5/27/2022 5:54:25 AM",12.025,29.984,51.077,81.28,73248.9,1033.898,33.847,0.062,0.062,0.044,7.533,96.739,5.524,5.013,0,5.536,5.54,NA,43
"5/27/2022 5:54:25 AM",11.899,29.984,51.075,81.277,73245.9,1033.896,33.845,0.078,0.078,0.044,7.532,96.787,5.526,5.522,0,5.539,5.542,NA,43
"5/27/2022 5:54:25 AM",11.787,29.984,51.082,81.286,73254.5,1033.9,33.85,0.086,0.086,0.015,7.532,96.79,5.527,5.777,0,5.539,5.543,NA,43
"5/27/2022 5:54:25 AM",11.696,29.985,51.087,81.295,73260.7,1033.903,33.854,0.078,0.078,0.029,7.532,96.641,5.518,5.947,0,5.53,5.534,NA,43
"5/27/2022 5:54:26 AM",11.583,29.985,51.092,81.302,73266.5,1033.906,33.857,0.07,0.07,0.029,7.532,96.688,5.521,6.032,0,5.533,5.537,NA,43
"5/27/2022 5:54:26 AM",11.47,29.985,51.09,81.299,73263.8,1033.904,33.856,0.062,0.062,0.015,7.531,96.783,5.526,5.947,0,5.538,5.542,NA,43
"5/27/2022 5:54:26 AM",11.344,29.984,51.104,81.316,73281.6,1033.915,33.867,0.078,0.078,0.015,7.53,96.766,5.525,5.947,0,5.537,5.541,NA,43
"5/27/2022 5:54:26 AM",11.297,29.984,51.103,81.315,73279.9,1033.914,33.866,0.078,0.078,0.015,7.53,96.747,5.524,5.947,0,5.536,5.54,NA,43
"5/27/2022 5:54:26 AM",11.283,29.985,51.1,81.312,73276.2,1033.911,33.863,0.086,0.086,0.015,7.53,96.836,5.529,5.947,0,5.541,5.545,NA,43
"5/27/2022 5:54:27 AM",11.3,29.985,51.097,81.308,73272.4,1033.909,33.861,0.07,0.07,0.029,7.528,96.806,5.528,5.862,0,5.54,5.544,NA,43
"5/27/2022 5:54:27 AM",11.465,29.983,51.09,81.297,73265.1,1033.906,33.857,0.07,0.07,0.029,7.527,96.693,5.521,5.522,0,5.534,5.537,NA,43
"5/27/2022 5:54:27 AM",11.597,29.981,51.092,81.296,73267,1033.908,33.859,0.047,0.047,0.015,7.528,96.762,5.525,4.928,0,5.538,5.541,NA,43
"5/27/2022 5:54:27 AM",11.764,29.978,51.09,81.289,73265.2,1033.908,33.859,0.07,0.07,0.029,7.528,96.665,5.52,5.098,0,5.532,5.536,NA,43
"5/27/2022 5:54:27 AM",11.908,29.982,51.093,81.299,73268,1033.91,33.859,0.078,0.078,0.029,7.529,96.7,5.521,5.268,0,5.534,5.537,NA,43
"5/27/2022 5:54:28 AM",12.044,29.979,51.085,81.285,73259.6,1033.906,33.854,0.07,0.07,0.029,7.528,96.654,5.519,5.522,0,5.531,5.535,NA,43
"5/27/2022 5:54:28 AM",12.292,29.979,51.086,81.284,73260,1033.907,33.855,0.086,0.086,0,7.528,96.74,5.524,5.777,0,5.536,5.54,NA,43
"5/27/2022 5:54:28 AM",12.454,29.982,51.088,81.292,73263.3,1033.909,33.856,0.078,0.078,0.015,7.528,96.685,5.52,5.607,0,5.533,5.536,NA,43
"5/27/2022 5:54:28 AM",12.518,29.984,51.082,81.287,73255.1,1033.903,33.85,0.07,0.07,0.044,7.531,96.673,5.52,5.777,0,5.532,5.535,NA,43
"5/27/2022 5:54:29 AM",12.541,29.986,51.079,81.285,73250.5,1033.9,33.847,0.07,0.07,0.029,7.531,96.717,5.522,6.032,0,5.535,5.538,NA,43
"5/27/2022 5:54:29 AM",12.567,29.985,51.074,81.278,73245.3,1033.897,33.844,0.086,0.086,0.015,7.531,96.742,5.524,5.777,0,5.537,5.54,NA,43
"5/27/2022 5:54:29 AM",12.629,29.986,51.077,81.283,73248.6,1033.899,33.846,0.07,0.07,0.029,7.53,96.809,5.528,5.692,0,5.541,5.544,NA,43
"5/27/2022 5:54:29 AM",12.673,29.986,51.072,81.276,73242.4,1033.896,33.842,0.055,0.055,0.029,7.531,96.767,5.526,5.777,0,5.538,5.542,NA,43
"5/27/2022 5:54:29 AM",12.653,29.985,51.07,81.273,73240.4,1033.895,33.841,0.07,0.07,0.029,7.529,96.714,5.523,5.947,0,5.535,5.539,NA,43
"5/27/2022 5:54:30 AM",12.553,29.985,51.069,81.271,73238.9,1033.894,33.84,0.07,0.07,0.029,7.528,96.796,5.528,5.947,0,5.54,5.544,NA,43
"5/27/2022 5:54:30 AM",12.382,29.985,51.067,81.268,73236.3,1033.891,33.839,0.086,0.086,0.044,7.53,96.689,5.521,6.032,0,5.534,5.537,NA,43
"5/27/2022 5:54:30 AM",12.309,29.985,51.069,81.271,73238.6,1033.892,33.84,0.078,0.078,0.044,7.532,96.655,5.519,6.032,0,5.532,5.535,NA,43
"5/27/2022 5:54:30 AM",12.301,29.985,51.069,81.271,73238.3,1033.892,33.84,0.062,0.062,0.029,7.532,96.789,5.527,6.032,0,5.54,5.543,NA,43
"5/27/2022 5:54:30 AM",12.296,29.986,51.066,81.269,73235.3,1033.89,33.838,0.078,0.078,0.044,7.531,96.751,5.525,6.032,0,5.537,5.541,NA,43
"5/27/2022 5:54:31 AM",12.276,29.989,51.062,81.267,73229,1033.885,33.833,0.086,0.086,0.044,7.532,96.715,5.523,6.202,0,5.535,5.539,NA,43
"5/27/2022 5:54:31 AM",12.247,29.987,51.061,81.262,73228.1,1033.885,33.833,0.078,0.078,0.073,7.531,96.777,5.527,6.202,0,5.539,5.543,NA,43
"5/27/2022 5:54:31 AM",12.216,29.985,51.062,81.262,73230.1,1033.887,33.835,0.086,0.086,0.044,7.533,96.721,5.524,6.202,0,5.536,5.54,NA,43
"5/27/2022 5:54:31 AM",12.181,29.985,51.06,81.258,73227.8,1033.885,33.834,0.078,0.078,0.029,7.534,96.74,5.525,6.202,0,5.537,5.541,NA,43
"5/27/2022 5:54:31 AM",12.134,29.985,51.061,81.259,73228.8,1033.886,33.834,0.094,0.094,0,7.534,96.69,5.522,6.287,0,5.535,5.538,NA,43
"5/27/2022 5:54:32 AM",11.995,29.986,51.072,81.276,73242.5,1033.893,33.842,0.078,0.078,0.029,7.535,96.746,5.525,6.372,0,5.537,5.541,NA,43
"5/27/2022 5:54:32 AM",11.88,29.987,51.064,81.267,73231.9,1033.886,33.835,0.094,0.094,0.029,7.528,96.681,5.521,6.457,0,5.533,5.537,NA,43
"5/27/2022 5:54:32 AM",11.781,29.988,51.051,81.25,73215.7,1033.875,33.825,0.062,0.062,0.029,7.527,96.67,5.521,6.542,0,5.533,5.537,NA,43
"5/27/2022 5:54:32 AM",11.66,29.985,51.048,81.242,73212.5,1033.874,33.824,0.094,0.094,0.015,7.528,96.737,5.525,6.542,0,5.537,5.541,NA,43
"5/27/2022 5:54:32 AM",11.42,29.98,51.041,81.224,73204.4,1033.869,33.821,0.07,0.07,0.044,7.528,96.686,5.521,6.627,0,5.534,5.537,NA,43
"5/27/2022 5:54:33 AM",11.253,29.977,51.041,81.22,73204.3,1033.869,33.822,0.07,0.07,0,7.529,96.668,5.52,6.627,0,5.533,5.536,NA,43
"5/27/2022 5:54:33 AM",11.09,29.975,51.039,81.214,73202.2,1033.868,33.821,0.07,0.07,0.044,7.527,96.735,5.525,6.712,0,5.537,5.541,NA,43
"5/27/2022 5:54:33 AM",10.942,29.975,51.039,81.214,73201.3,1033.867,33.82,0.078,0.078,0.044,7.527,96.804,5.529,6.712,0,5.541,5.545,NA,43
"5/27/2022 5:54:33 AM",10.828,29.975,51.038,81.213,73200.2,1033.866,33.82,0.078,0.078,0.029,7.526,96.71,5.523,6.712,0,5.536,5.539,NA,43
"5/27/2022 5:54:33 AM",10.718,29.978,51.033,81.209,73194.2,1033.861,33.816,0.078,0.078,0.044,7.526,96.768,5.527,6.627,0,5.539,5.543,NA,43
"5/27/2022 5:54:34 AM",10.661,29.978,51.03,81.206,73190.4,1033.858,33.813,0.094,0.094,0.015,7.525,96.66,5.521,6.712,0,5.533,5.536,NA,43
"5/27/2022 5:54:34 AM",10.603,29.977,51.03,81.204,73189.8,1033.858,33.813,0.078,0.078,0.029,7.525,96.704,5.523,6.712,0,5.535,5.539,NA,43
"5/27/2022 5:54:34 AM",10.551,29.978,51.027,81.202,73186.9,1033.856,33.811,0.086,0.086,0.015,7.523,96.658,5.52,6.712,0,5.533,5.536,NA,43
"5/27/2022 5:54:34 AM",10.504,29.979,51.027,81.203,73186.3,1033.855,33.81,0.086,0.086,0.029,7.525,96.746,5.525,6.712,0,5.538,5.541,NA,43
"5/27/2022 5:54:34 AM",10.402,29.981,51.024,81.201,73181.9,1033.851,33.807,0.062,0.062,0.058,7.527,96.699,5.523,6.712,0,5.535,5.539,NA,43
"5/27/2022 5:54:35 AM",10.287,29.981,51.022,81.199,73179.5,1033.849,33.806,0.062,0.062,0.044,7.525,96.77,5.527,6.797,0,5.539,5.543,NA,43
"5/27/2022 5:54:35 AM",10.146,29.981,51.02,81.196,73177.1,1033.847,33.804,0.078,0.078,0.044,7.527,96.854,5.532,6.967,0,5.544,5.548,NA,43
"5/27/2022 5:54:35 AM",10.018,29.981,51.018,81.193,73174.8,1033.846,33.803,0.086,0.086,0.073,7.527,96.8,5.529,7.052,0,5.541,5.544,NA,43
"5/27/2022 5:54:35 AM",9.929,29.98,51.016,81.188,73172.4,1033.844,33.802,0.086,0.086,0.044,7.525,96.857,5.532,6.797,0,5.544,5.548,NA,43
"5/27/2022 5:54:35 AM",9.919,29.979,51.012,81.181,73167.6,1033.841,33.799,0.07,0.07,0.015,7.524,96.824,5.53,6.712,0,5.542,5.546,NA,43
"5/27/2022 5:54:36 AM",9.921,29.978,51.012,81.18,73167.6,1033.842,33.8,0.07,0.07,0,7.524,96.682,5.522,6.797,0,5.534,5.538,NA,43
"5/27/2022 5:54:36 AM",9.91,29.976,51.014,81.179,73169.6,1033.843,33.801,0.062,0.062,0.029,7.523,96.762,5.526,6.797,0,5.539,5.542,NA,43
"5/27/2022 5:54:36 AM",9.924,29.976,51.009,81.174,73164,1033.84,33.798,0.078,0.078,0.015,7.523,96.772,5.527,6.712,0,5.54,5.543,NA,43
"5/27/2022 5:54:36 AM",9.922,29.976,51.007,81.17,73161.6,1033.839,33.797,0.07,0.07,0.015,7.523,96.738,5.525,6.797,0,5.538,5.541,NA,43
"5/27/2022 5:54:36 AM",9.91,29.976,51.004,81.165,73157.5,1033.836,33.794,0.07,0.07,0.015,7.525,96.693,5.523,6.882,0,5.535,5.539,NA,43
"5/27/2022 5:54:37 AM",9.898,29.975,51.003,81.164,73156.2,1033.835,33.793,0.078,0.078,0,7.524,96.754,5.526,6.797,0,5.539,5.542,NA,43
"5/27/2022 5:54:37 AM",9.874,29.974,50.999,81.157,73151.1,1033.832,33.79,0.078,0.078,0.029,7.523,96.761,5.527,6.882,0,5.539,5.543,NA,43
"5/27/2022 5:54:37 AM",9.851,29.973,51.003,81.161,73157,1033.836,33.794,0.094,0.094,0.029,7.514,96.694,5.523,6.967,0,5.535,5.539,NA,43
"5/27/2022 5:54:37 AM",9.834,29.973,50.999,81.156,73152.3,1033.833,33.792,0.094,0.094,0.015,7.514,96.673,5.522,6.967,0,5.535,5.538,NA,43
"5/27/2022 5:54:37 AM",9.797,29.973,51.002,81.159,73154.9,1033.835,33.793,0.094,0.094,0.073,7.52,96.735,5.526,7.052,0,5.538,5.542,NA,43
"5/27/2022 5:54:38 AM",9.729,29.973,50.998,81.155,73151,1033.832,33.791,0.086,0.086,0.029,7.522,96.746,5.527,7.222,0,5.539,5.543,NA,43
"5/27/2022 5:54:38 AM",9.618,29.973,50.995,81.149,73146.9,1033.829,33.788,0.078,0.078,0.044,7.52,96.664,5.522,7.392,0,5.534,5.538,NA,43
"5/27/2022 5:54:38 AM",9.417,29.974,50.989,81.143,73139.5,1033.824,33.784,0.07,0.07,0.029,7.521,96.671,5.522,7.561,0,5.535,5.538,NA,43
"5/27/2022 5:54:38 AM",9.264,29.974,50.986,81.139,73135.9,1033.821,33.781,0.078,0.078,0.029,7.521,96.751,5.527,7.561,0,5.539,5.543,NA,43
"5/27/2022 5:54:38 AM",9.081,29.974,50.985,81.136,73133.6,1033.819,33.78,0.078,0.078,0.029,7.519,96.724,5.525,7.561,0,5.538,5.541,NA,43
"5/27/2022 5:54:39 AM",8.929,29.974,50.984,81.136,73133.1,1033.818,33.78,0.055,0.055,0.015,7.519,96.689,5.523,7.561,0,5.536,5.539,NA,43
"5/27/2022 5:54:39 AM",8.819,29.974,50.984,81.136,73132.2,1033.817,33.779,0.062,0.062,0.029,7.518,96.763,5.527,7.561,0,5.54,5.543,NA,43
"5/27/2022 5:54:39 AM",8.817,29.976,50.981,81.134,73128.6,1033.814,33.777,0.062,0.062,0.029,7.517,96.74,5.526,7.392,0,5.538,5.542,NA,43
"5/27/2022 5:54:39 AM",8.843,29.977,50.978,81.131,73124.5,1033.811,33.774,0.055,0.055,0.015,7.518,96.635,5.52,7.137,0,5.532,5.536,NA,43
"5/27/2022 5:54:40 AM",8.854,29.979,50.972,81.127,73117.7,1033.807,33.769,0.078,0.078,0.073,7.518,96.619,5.519,7.307,0,5.531,5.535,NA,43
"5/27/2022 5:54:40 AM",8.805,29.978,50.97,81.121,73114.2,1033.805,33.767,0.078,0.078,0.058,7.518,96.719,5.525,7.307,0,5.537,5.54,NA,43
"5/27/2022 5:54:40 AM",8.729,29.974,50.965,81.11,73109.4,1033.803,33.765,0.086,0.086,0.044,7.52,96.647,5.521,7.222,0,5.533,5.536,NA,43
"5/27/2022 5:54:40 AM",8.678,29.972,50.968,81.11,73112.7,1033.805,33.768,0.078,0.078,0.015,7.522,96.667,5.522,7.137,0,5.534,5.538,NA,43
"5/27/2022 5:54:40 AM",8.64,29.97,50.966,81.105,73110.9,1033.804,33.768,0.086,0.086,0.015,7.523,96.546,5.515,7.137,0,5.527,5.531,NA,43
"5/27/2022 5:54:41 AM",8.616,29.971,50.965,81.105,73109.6,1033.803,33.766,0.101,0.101,0.029,7.52,96.698,5.524,7.137,0,5.536,5.54,NA,43
"5/27/2022 5:54:41 AM",8.607,29.971,50.961,81.1,73104.8,1033.8,33.763,0.086,0.086,0.029,7.519,96.685,5.523,7.052,0,5.536,5.539,NA,43
"5/27/2022 5:54:41 AM",8.618,29.971,50.96,81.098,73103.5,1033.799,33.763,0.078,0.078,0.015,7.517,96.696,5.524,6.967,0,5.536,5.54,NA,43
"5/27/2022 5:54:41 AM",8.64,29.971,50.96,81.098,73103.4,1033.799,33.763,0.078,0.078,0.029,7.519,96.671,5.522,6.967,0,5.535,5.538,NA,43
"5/27/2022 5:54:41 AM",8.673,29.972,50.959,81.097,73101.2,1033.798,33.761,0.094,0.094,0.029,7.522,96.757,5.527,7.137,0,5.54,5.543,NA,43
"5/27/2022 5:54:42 AM",8.711,29.971,50.958,81.094,73100.4,1033.798,33.761,0.07,0.07,0.015,7.521,96.842,5.532,7.137,0,5.544,5.548,NA,43
"5/27/2022 5:54:42 AM",8.77,29.97,50.955,81.09,73097.1,1033.796,33.759,0.078,0.078,0.044,7.523,96.712,5.525,7.137,0,5.537,5.541,NA,43
"5/27/2022 5:54:42 AM",8.816,29.971,50.954,81.088,73095.4,1033.795,33.758,0.078,0.078,0.015,7.526,96.643,5.521,7.137,0,5.533,5.537,NA,43
"5/27/2022 5:54:42 AM",8.859,29.971,50.953,81.088,73094.4,1033.795,33.757,0.078,0.078,0,7.522,96.656,5.522,7.052,0,5.534,5.538,NA,43
"5/27/2022 5:54:42 AM",8.916,29.971,50.952,81.087,73092.9,1033.794,33.756,0.086,0.086,0.029,7.523,96.621,5.52,7.052,0,5.532,5.536,NA,43
"5/27/2022 5:54:43 AM",9,29.975,50.953,81.093,73093.4,1033.794,33.755,0.078,0.078,0.058,7.516,96.684,5.524,6.967,0,5.536,5.539,NA,43
"5/27/2022 5:54:43 AM",9.024,29.975,50.952,81.093,73092.8,1033.793,33.755,0.086,0.086,0.015,7.514,96.624,5.52,7.137,0,5.533,5.536,NA,43
"5/27/2022 5:54:43 AM",9.015,29.975,50.95,81.09,73090,1033.791,33.753,0.094,0.094,0,7.513,96.658,5.522,7.222,0,5.535,5.538,NA,43
"5/27/2022 5:54:43 AM",8.993,29.974,50.947,81.085,73086.6,1033.79,33.751,0.086,0.086,0.044,7.514,96.722,5.526,7.307,0,5.538,5.542,NA,43
"5/27/2022 5:54:43 AM",8.963,29.973,50.943,81.078,73082.2,1033.787,33.749,0.094,0.094,0.029,7.514,96.699,5.524,7.476,0,5.537,5.54,NA,43
"5/27/2022 5:54:44 AM",8.894,29.971,50.944,81.076,73083.8,1033.789,33.751,0.086,0.086,0.015,7.51,96.789,5.529,7.646,0,5.542,5.545,NA,43
"5/27/2022 5:54:44 AM",8.838,29.97,50.947,81.079,73087.2,1033.791,33.753,0.078,0.078,0.029,7.512,96.77,5.528,7.731,0,5.541,5.544,NA,43
"5/27/2022 5:54:44 AM",8.776,29.97,50.946,81.076,73085.4,1033.789,33.752,0.086,0.086,0.029,7.51,96.65,5.521,7.816,0,5.534,5.537,NA,43
"5/27/2022 5:54:44 AM",8.703,29.972,50.939,81.069,73076.8,1033.783,33.746,0.086,0.086,0.029,7.51,96.731,5.526,7.816,0,5.539,5.542,NA,43
"5/27/2022 5:54:44 AM",8.598,29.972,50.939,81.07,73076.6,1033.783,33.746,0.086,0.086,0.029,7.514,96.626,5.52,7.816,0,5.533,5.536,NA,43
"5/27/2022 5:54:45 AM",8.538,29.972,50.939,81.07,73076.5,1033.782,33.746,0.078,0.078,0,7.516,96.565,5.517,7.731,0,5.529,5.532,NA,43
"5/27/2022 5:54:45 AM",8.489,29.972,50.938,81.069,73075.5,1033.781,33.745,0.07,0.07,0.015,7.514,96.597,5.518,7.731,0,5.531,5.534,NA,43
"5/27/2022 5:54:45 AM",8.447,29.973,50.934,81.064,73069.9,1033.778,33.742,0.07,0.07,0.015,7.516,96.619,5.519,7.731,0,5.532,5.535,NA,43
"5/27/2022 5:54:45 AM",8.404,29.973,50.933,81.063,73068.7,1033.777,33.741,0.078,0.078,0.029,7.515,96.662,5.522,7.646,0,5.534,5.538,NA,43
"5/27/2022 5:54:45 AM",8.362,29.973,50.932,81.063,73068.5,1033.776,33.741,0.078,0.078,0.044,7.512,96.657,5.522,7.561,0,5.534,5.538,NA,43
"5/27/2022 5:54:46 AM",8.359,29.973,50.929,81.058,73064.8,1033.774,33.739,0.062,0.062,0.102,7.511,96.77,5.528,7.561,0,5.541,5.544,NA,43
"5/27/2022 5:54:46 AM",8.359,29.972,50.927,81.055,73062.3,1033.773,33.737,0.055,0.055,0.044,7.51,96.644,5.521,7.476,0,5.534,5.537,NA,43
"5/27/2022 5:54:46 AM",8.374,29.972,50.927,81.054,73061.6,1033.773,33.737,0.078,0.078,0.015,7.512,96.697,5.524,7.476,0,5.537,5.54,NA,43
"5/27/2022 5:54:46 AM",8.381,29.971,50.931,81.058,73066.9,1033.776,33.74,0.086,0.086,0.044,7.513,96.805,5.53,7.476,0,5.543,5.546,NA,43
"5/27/2022 5:54:46 AM",8.395,29.974,50.936,81.068,73072.4,1033.779,33.743,0.062,0.062,0.029,7.512,96.694,5.523,7.476,0,5.536,5.539,NA,43
"5/27/2022 5:54:47 AM",8.407,29.974,50.937,81.07,73073.8,1033.78,33.744,0.086,0.086,0.029,7.513,96.655,5.521,7.476,0,5.533,5.537,NA,43
"5/27/2022 5:54:47 AM",8.416,29.974,50.966,81.111,73110,1033.802,33.766,0.086,0.086,0.058,7.514,96.701,5.523,7.646,0,5.535,5.539,NA,43
"5/27/2022 5:54:47 AM",8.419,29.982,50.955,81.107,73095.1,1033.79,33.754,0.078,0.078,0.044,7.516,96.717,5.523,7.731,0,5.536,5.539,NA,43
"5/27/2022 5:54:47 AM",8.409,29.995,50.963,81.137,73104,1033.792,33.756,0.109,0.109,0.015,7.518,96.695,5.522,7.901,0,5.534,5.537,NA,43
"5/27/2022 5:54:47 AM",8.392,30,50.952,81.129,73089.9,1033.782,33.746,0.101,0.101,0.029,7.516,96.707,5.522,8.071,0,5.535,5.538,NA,43
"5/27/2022 5:54:48 AM",8.369,30.003,50.949,81.131,73085.7,1033.778,33.743,0.086,0.086,0,7.512,96.695,5.522,8.071,0,5.534,5.537,NA,43
"5/27/2022 5:54:48 AM",8.34,30.006,50.944,81.128,73079,1033.773,33.738,0.086,0.086,0.029,7.512,96.795,5.527,8.156,0,5.54,5.543,NA,43
"5/27/2022 5:54:48 AM",8.287,30.008,50.942,81.127,73075.8,1033.771,33.735,0.078,0.078,0.044,7.516,96.743,5.524,8.241,0,5.536,5.54,NA,43
"5/27/2022 5:54:48 AM",8.19,30.008,50.933,81.116,73065.2,1033.764,33.729,0.086,0.086,0.044,7.519,96.644,5.518,8.326,0,5.531,5.534,NA,43
"5/27/2022 5:54:48 AM",8.093,30.008,50.933,81.115,73065.1,1033.763,33.729,0.094,0.094,0.044,7.519,96.651,5.519,8.326,0,5.531,5.534,NA,43
"5/27/2022 5:54:49 AM",7.98,30.009,50.938,81.122,73070.4,1033.766,33.732,0.07,0.07,0,7.515,96.729,5.523,8.326,0,5.535,5.539,NA,43
"5/27/2022 5:54:49 AM",7.869,30.008,50.934,81.116,73065.8,1033.763,33.729,0.07,0.07,0,7.519,96.794,5.526,8.241,0,5.539,5.542,NA,43
"5/27/2022 5:54:49 AM",7.735,30.008,50.931,81.112,73062.4,1033.76,33.727,0.086,0.086,0.015,7.524,96.751,5.524,8.071,0,5.536,5.54,NA,43
"5/27/2022 5:54:49 AM",7.615,30.008,50.926,81.104,73055.4,1033.756,33.723,0.086,0.086,0,7.524,96.75,5.524,7.986,0,5.537,5.54,NA,43
"5/27/2022 5:54:50 AM",7.511,30.007,50.923,81.1,73052.2,1033.753,33.721,0.094,0.094,0.044,7.522,96.667,5.519,7.901,0,5.532,5.535,NA,43
"5/27/2022 5:54:50 AM",7.42,30.005,50.919,81.091,73047.6,1033.751,33.719,0.07,0.07,0.029,7.52,96.804,5.527,7.731,0,5.54,5.543,NA,43
"5/27/2022 5:54:50 AM",7.349,30.003,50.915,81.083,73042.9,1033.748,33.717,0.062,0.062,0.029,7.522,96.861,5.531,7.561,0,5.543,5.547,NA,43
"5/27/2022 5:54:50 AM",7.292,30.001,50.918,81.083,73046.6,1033.751,33.72,0.07,0.07,0.029,7.517,96.701,5.522,7.392,0,5.534,5.538,NA,43
"5/27/2022 5:54:50 AM",7.24,30.001,50.916,81.08,73044,1033.749,33.718,0.07,0.07,0.029,7.515,96.772,5.526,7.476,0,5.539,5.542,NA,43
"5/27/2022 5:54:51 AM",7.182,30.002,50.916,81.081,73043.5,1033.748,33.718,0.078,0.078,0.015,7.513,96.7,5.522,7.561,0,5.534,5.538,NA,43
"5/27/2022 5:54:51 AM",7.13,30.002,50.909,81.073,73035.3,1033.743,33.713,0.07,0.07,0.015,7.515,96.614,5.517,7.731,0,5.529,5.533,NA,43
"5/27/2022 5:54:51 AM",7.092,30.002,50.908,81.07,73034.1,1033.742,33.712,0.078,0.078,0.029,7.512,96.785,5.526,7.901,0,5.539,5.542,NA,43
"5/27/2022 5:54:51 AM",7.078,30.001,50.905,81.065,73030.2,1033.74,33.71,0.078,0.078,0.029,7.509,96.748,5.525,8.071,0,5.537,5.541,NA,43
"5/27/2022 5:54:51 AM",7.045,30,50.905,81.063,73029.9,1033.74,33.71,0.07,0.07,0.029,7.51,96.682,5.521,8.241,0,5.533,5.537,NA,43
"5/27/2022 5:54:52 AM",7,30,50.907,81.066,73032.3,1033.741,33.712,0.086,0.086,0.015,7.511,96.71,5.522,8.326,0,5.535,5.538,NA,43
"5/27/2022 5:54:52 AM",6.943,30,50.905,81.064,73030.3,1033.74,33.71,0.078,0.078,0.015,7.513,96.708,5.522,8.411,0,5.535,5.538,NA,43
"5/27/2022 5:54:52 AM",6.854,30,50.902,81.06,73026.8,1033.737,33.708,0.094,0.094,0.015,7.516,96.735,5.524,8.581,0,5.536,5.54,NA,43
"5/27/2022 5:54:52 AM",6.795,30,50.899,81.056,73022.9,1033.735,33.706,0.086,0.086,0.029,7.513,96.713,5.523,8.496,0,5.535,5.539,NA,43
"5/27/2022 5:54:52 AM",6.734,30,50.898,81.054,73021.4,1033.734,33.705,0.086,0.086,0.044,7.516,96.755,5.525,8.411,0,5.538,5.541,NA,43
"5/27/2022 5:54:53 AM",6.665,30,50.897,81.053,73020.4,1033.733,33.704,0.086,0.086,0.015,7.52,96.698,5.522,8.326,0,5.534,5.538,NA,43
"5/27/2022 5:54:53 AM",6.586,30,50.895,81.049,73017.8,1033.731,33.703,0.086,0.086,0.015,7.521,96.711,5.523,8.326,0,5.535,5.539,NA,43
"5/27/2022 5:54:53 AM",6.465,29.999,50.892,81.045,73014.1,1033.728,33.701,0.086,0.086,0.015,7.515,96.756,5.526,8.411,0,5.538,5.542,NA,43
"5/27/2022 5:54:53 AM",6.357,29.999,50.893,81.045,73015.2,1033.729,33.702,0.086,0.086,0.029,7.517,96.695,5.522,8.326,0,5.535,5.538,NA,43
"5/27/2022 5:54:53 AM",6.237,29.999,50.887,81.037,73008.2,1033.724,33.697,0.07,0.07,0.015,7.509,96.698,5.522,8.326,0,5.535,5.538,NA,43
"5/27/2022 5:54:54 AM",6.081,29.999,50.884,81.033,73004.6,1033.721,33.695,0.07,0.07,0.015,7.509,96.649,5.52,8.156,0,5.532,5.536,NA,43
"5/27/2022 5:54:54 AM",5.777,29.999,50.88,81.027,72999.1,1033.717,33.692,0.078,0.078,0.029,7.506,96.753,5.525,8.071,0,5.538,5.541,NA,43
"5/27/2022 5:54:54 AM",5.58,29.998,50.878,81.022,72996.1,1033.714,33.691,0.07,0.07,0.015,7.508,96.687,5.521,8.071,0,5.534,5.537,NA,43
"5/27/2022 5:54:54 AM",5.438,29.998,50.875,81.019,72993,1033.712,33.689,0.078,0.078,0.015,7.508,96.751,5.525,7.901,0,5.537,5.541,NA,43
"5/27/2022 5:54:54 AM",5.367,29.997,50.872,81.014,72989.5,1033.71,33.687,0.07,0.07,0.029,7.508,96.675,5.521,7.816,0,5.533,5.537,NA,43
"5/27/2022 5:54:55 AM",5.37,29.997,50.869,81.008,72984.6,1033.707,33.684,0.078,0.078,0.044,7.514,96.69,5.522,7.476,0,5.534,5.537,NA,43
"5/27/2022 5:54:55 AM",5.4,29.996,50.867,81.004,72982.6,1033.706,33.683,0.07,0.07,0.058,7.504,96.625,5.518,7.307,0,5.531,5.534,NA,43
"5/27/2022 5:54:55 AM",5.434,29.995,50.866,81.003,72982.2,1033.706,33.683,0.07,0.07,0.044,7.505,96.642,5.519,7.646,0,5.531,5.535,NA,43
"5/27/2022 5:54:55 AM",5.448,29.995,50.867,81.003,72983.3,1033.707,33.684,0.078,0.078,0.044,7.502,96.666,5.52,7.731,0,5.532,5.536,NA,43
"5/27/2022 5:54:55 AM",5.417,29.995,50.868,81.004,72983.7,1033.707,33.684,0.078,0.078,0.044,7.503,96.742,5.524,7.901,0,5.536,5.54,NA,43
"5/27/2022 5:54:56 AM",5.309,29.996,50.866,81.002,72981.3,1033.705,33.682,0.086,0.086,0.015,7.504,96.637,5.518,8.156,0,5.531,5.534,NA,43
"5/27/2022 5:54:56 AM",5.24,29.996,50.864,80.999,72978.6,1033.703,33.681,0.086,0.086,0,7.504,96.673,5.52,8.071,0,5.533,5.536,NA,43
"5/27/2022 5:54:56 AM",5.191,29.996,50.862,80.997,72976.8,1033.702,33.68,0.086,0.086,0.044,7.504,96.672,5.52,7.901,0,5.533,5.536,NA,43
"5/27/2022 5:54:56 AM",5.108,29.996,50.859,80.994,72973.1,1033.699,33.677,0.078,0.078,0.029,7.503,96.681,5.521,7.901,0,5.533,5.537,NA,43
"5/27/2022 5:54:56 AM",4.986,29.995,50.858,80.991,72971.1,1033.697,33.676,0.078,0.078,0.044,7.502,96.762,5.526,7.901,0,5.538,5.542,NA,43
"5/27/2022 5:54:57 AM",4.75,29.988,50.846,80.964,72957.6,1033.69,33.67,0.07,0.07,0.015,7.5,96.593,5.516,7.901,0,5.529,5.532,NA,43
"5/27/2022 5:54:57 AM",4.605,29.982,50.848,80.958,72960.3,1033.693,33.673,0.07,0.07,0.029,7.5,96.715,5.523,7.816,0,5.536,5.539,NA,43
"5/27/2022 5:54:57 AM",4.513,29.978,50.851,80.956,72964.5,1033.696,33.677,0.086,0.086,0.015,7.499,96.507,5.512,7.816,0,5.524,5.527,NA,43
"5/27/2022 5:54:57 AM",4.468,29.977,50.848,80.95,72961.2,1033.695,33.676,0.086,0.086,0.029,7.499,96.602,5.517,7.731,0,5.529,5.533,NA,43
"5/27/2022 5:54:57 AM",4.459,29.975,50.846,80.944,72958.9,1033.694,33.675,0.078,0.078,0.029,7.499,96.653,5.52,7.731,0,5.533,5.536,NA,43
"5/27/2022 5:54:58 AM",4.461,29.975,50.846,80.944,72959.1,1033.694,33.675,0.078,0.078,0.029,7.499,96.647,5.52,7.816,0,5.533,5.536,NA,43
"5/27/2022 5:54:58 AM",4.458,29.975,50.854,80.956,72969.1,1033.7,33.681,0.07,0.07,0,7.501,96.677,5.522,7.901,0,5.534,5.538,NA,43
"5/27/2022 5:54:58 AM",4.444,29.977,50.852,80.956,72965.9,1033.697,33.678,0.078,0.078,0.029,7.501,96.645,5.52,7.986,0,5.533,5.536,NA,43
"5/27/2022 5:54:58 AM",4.421,29.982,50.855,80.966,72968.8,1033.698,33.679,0.086,0.086,0.029,7.501,96.656,5.521,8.156,0,5.533,5.537,NA,43
"5/27/2022 5:54:58 AM",4.36,29.987,50.853,80.972,72965.6,1033.694,33.675,0.086,0.086,0.044,7.504,96.6,5.518,8.496,0,5.53,5.533,NA,43
"5/27/2022 5:54:59 AM",4.312,29.991,50.848,80.969,72958.9,1033.689,33.67,0.07,0.07,0.015,7.503,96.632,5.519,8.751,0,5.532,5.535,NA,43
"5/27/2022 5:54:59 AM",4.275,29.993,50.842,80.965,72951.9,1033.684,33.665,0.07,0.07,0,7.502,96.574,5.516,9.006,0,5.528,5.532,NA,43
"5/27/2022 5:54:59 AM",4.235,29.994,50.841,80.965,72950.4,1033.682,33.664,0.086,0.086,0.044,7.501,96.569,5.516,9.006,0,5.528,5.532,NA,43
"5/27/2022 5:54:59 AM",4.121,29.995,50.839,80.963,72947.1,1033.679,33.662,0.07,0.07,0.029,7.504,96.656,5.52,9.261,0,5.533,5.536,NA,43
"5/27/2022 5:55:00 AM",3.975,29.995,50.838,80.962,72946.2,1033.678,33.661,0.062,0.062,0.044,7.501,96.671,5.521,9.516,0,5.534,5.537,NA,43
"5/27/2022 5:55:00 AM",3.815,29.994,50.836,80.958,72944.2,1033.677,33.661,0.07,0.07,0.044,7.5,96.62,5.518,9.601,0,5.53,5.534,NA,43
"5/27/2022 5:55:00 AM",3.662,29.994,50.833,80.955,72940.2,1033.674,33.658,0.07,0.07,0.044,7.501,96.671,5.521,9.601,0,5.533,5.537,NA,43
"5/27/2022 5:55:00 AM",3.481,29.996,50.825,80.946,72930.3,1033.667,33.652,0.07,0.07,0.029,7.499,96.698,5.522,9.006,0,5.535,5.538,NA,43
"5/27/2022 5:55:00 AM",3.38,29.995,50.821,80.939,72924.8,1033.663,33.649,0.078,0.078,0.044,7.501,96.577,5.516,8.411,0,5.528,5.531,NA,43
"5/27/2022 5:55:01 AM",3.297,29.994,50.818,80.932,72921.1,1033.661,33.647,0.07,0.07,0.029,7.499,96.629,5.519,7.731,0,5.531,5.535,NA,43
"5/27/2022 5:55:01 AM",3.222,29.994,50.815,80.927,72917,1033.658,33.644,0.078,0.078,0.015,7.497,96.641,5.519,7.392,0,5.532,5.535,NA,43
"5/27/2022 5:55:01 AM",3.142,29.993,50.809,80.919,72910.2,1033.654,33.64,0.078,0.078,0.015,7.496,96.629,5.519,7.392,0,5.531,5.534,NA,43
"5/27/2022 5:55:01 AM",3.05,29.993,50.809,80.919,72910,1033.653,33.64,0.062,0.062,0,7.496,96.73,5.525,7.731,0,5.537,5.54,NA,43
"5/27/2022 5:55:01 AM",2.901,29.994,50.808,80.918,72908.3,1033.651,33.639,0.086,0.086,0.131,7.496,96.765,5.527,8.326,0,5.539,5.542,NA,43
"5/27/2022 5:55:02 AM",2.734,29.993,50.803,80.911,72902.6,1033.647,33.636,0.086,0.086,0.087,7.495,96.648,5.52,8.836,0,5.532,5.536,NA,43
"5/27/2022 5:55:02 AM",2.597,29.99,50.772,80.864,72864.1,1033.624,33.613,0.086,0.086,0.044,7.493,96.548,5.515,9.346,0,5.527,5.531,NA,43
"5/27/2022 5:55:02 AM",2.572,29.988,50.77,80.856,72861.3,1033.623,33.612,0.086,0.086,0.087,7.493,96.586,5.517,9.431,0,5.53,5.533,NA,43
"5/27/2022 5:55:02 AM",2.602,29.986,50.769,80.853,72860.8,1033.623,33.612,0.07,0.07,0.058,7.492,96.642,5.521,9.176,0,5.533,5.537,NA,43
"5/27/2022 5:55:02 AM",2.675,29.985,50.764,80.845,72854.7,1033.62,33.609,0.07,0.07,0.044,7.487,96.619,5.52,8.836,0,5.532,5.536,NA,43
"5/27/2022 5:55:03 AM",2.746,29.987,50.762,80.846,72852.6,1033.619,33.607,0.078,0.078,0.044,7.482,96.645,5.521,9.346,0,5.534,5.537,NA,43
"5/27/2022 5:55:03 AM",2.678,29.985,50.758,80.837,72847.5,1033.616,33.605,0.062,0.062,0.044,7.478,96.615,5.52,9.94,0,5.532,5.535,NA,43
"5/27/2022 5:55:03 AM",2.571,29.983,50.76,80.835,72849.4,1033.617,33.606,0.078,0.078,0.029,7.475,96.566,5.517,9.855,0,5.529,5.533,NA,43
"5/27/2022 5:55:03 AM",2.433,29.981,50.76,80.834,72850.6,1033.618,33.608,0.07,0.07,0.044,7.473,96.594,5.519,10.025,0,5.531,5.535,NA,43
"5/27/2022 5:55:03 AM",2.315,29.98,50.76,80.831,72850,1033.618,33.608,0.07,0.07,0.044,7.472,96.614,5.52,10.025,0,5.532,5.536,NA,43
"5/27/2022 5:55:04 AM",2.204,29.979,50.758,80.827,72847.5,1033.616,33.606,0.078,0.078,0.044,7.468,96.681,5.524,10.025,0,5.536,5.54,NA,43
"5/27/2022 5:55:04 AM",2.115,29.979,50.758,80.827,72848.2,1033.616,33.607,0.07,0.07,0.044,7.466,96.677,5.524,9.346,0,5.536,5.54,NA,43
"5/27/2022 5:55:04 AM",2.091,29.978,50.755,80.822,72844.5,1033.614,33.605,0.086,0.086,0.029,7.466,96.666,5.523,9.091,0,5.536,5.539,NA,43
"5/27/2022 5:55:04 AM",2.098,29.978,50.753,80.819,72842,1033.612,33.603,0.07,0.07,0.029,7.464,96.66,5.523,9.346,0,5.535,5.539,NA,43
"5/27/2022 5:55:04 AM",2.101,29.978,50.752,80.818,72840.7,1033.611,33.603,0.086,0.086,0.029,7.462,96.722,5.527,9.855,0,5.539,5.542,NA,43
"5/27/2022 5:55:05 AM",2.079,29.978,50.753,80.819,72841.9,1033.612,33.603,0.086,0.086,0.029,7.462,96.544,5.516,9.94,0,5.529,5.532,NA,43
"5/27/2022 5:55:05 AM",2.035,29.98,50.749,80.817,72836.9,1033.608,33.6,0.07,0.07,0.015,7.461,96.606,5.52,9.601,0,5.532,5.536,NA,43
"5/27/2022 5:55:05 AM",1.98,29.981,50.749,80.819,72836.7,1033.608,33.599,0.086,0.086,0.029,7.461,96.72,5.526,9.346,0,5.539,5.542,NA,43
"5/27/2022 5:55:05 AM",1.922,29.981,50.746,80.814,72832.9,1033.605,33.597,0.086,0.086,0.058,7.46,96.661,5.523,9.006,0,5.535,5.539,NA,43
"5/27/2022 5:55:05 AM",1.851,29.983,50.743,80.813,72828.7,1033.602,33.594,0.078,0.078,0.044,7.461,96.672,5.524,8.921,0,5.536,5.54,NA,43
"5/27/2022 5:55:06 AM",1.757,29.984,50.743,80.814,72828.6,1033.601,33.594,0.078,0.078,0.029,7.466,96.82,5.532,9.006,0,5.545,5.548,NA,43
"5/27/2022 5:55:06 AM",1.702,29.985,50.742,80.813,72826.9,1033.6,33.592,0.086,0.086,0.044,7.473,96.655,5.523,9.176,0,5.535,5.539,NA,43
"5/27/2022 5:55:06 AM",1.669,29.985,50.741,80.812,72825.4,1033.598,33.591,0.078,0.078,0.029,7.476,96.652,5.523,9.006,0,5.535,5.538,NA,43
"5/27/2022 5:55:06 AM",1.655,29.985,50.738,80.808,72821.7,1033.596,33.589,0.07,0.07,0,7.478,96.696,5.525,8.751,0,5.538,5.541,NA,43
"5/27/2022 5:55:06 AM",1.686,29.985,50.736,80.805,72819.3,1033.595,33.588,0.07,0.07,0.015,7.481,96.686,5.525,8.581,0,5.537,5.54,NA,43
"5/27/2022 5:55:07 AM",1.742,29.985,50.734,80.804,72817.4,1033.594,33.586,0.078,0.078,0.044,7.482,96.606,5.52,8.156,0,5.532,5.536,NA,43
"5/27/2022 5:55:07 AM",1.792,29.984,50.733,80.799,72815.7,1033.593,33.586,0.078,0.078,0.073,7.483,96.77,5.529,8.071,0,5.542,5.545,NA,43
"5/27/2022 5:55:07 AM",1.846,29.984,50.733,80.8,72816.5,1033.594,33.586,0.078,0.078,0.058,7.481,96.755,5.528,8.241,0,5.54,5.544,NA,43
"5/27/2022 5:55:07 AM",1.895,29.984,50.732,80.799,72815.2,1033.594,33.585,0.086,0.086,0.058,7.483,96.681,5.524,8.496,0,5.536,5.539,NA,43
"5/27/2022 5:55:07 AM",1.928,29.983,50.735,80.802,72818.4,1033.596,33.588,0.156,0.156,0.044,7.488,96.674,5.523,9.346,0,5.536,5.539,NA,43
"5/27/2022 5:55:08 AM",1.903,29.983,50.736,80.802,72819.2,1033.596,33.588,0.125,0.125,0.146,7.485,96.639,5.521,10.025,0,5.534,5.537,NA,43
"5/27/2022 5:55:08 AM",1.844,29.983,50.732,80.798,72815.2,1033.594,33.586,0.094,0.094,0.058,7.484,96.688,5.524,10.025,0,5.536,5.54,NA,43
"5/27/2022 5:55:08 AM",1.796,29.983,50.734,80.8,72816.8,1033.594,33.587,0.078,0.078,0.015,7.486,96.585,5.518,9.94,0,5.53,5.534,NA,43
"5/27/2022 5:55:08 AM",1.766,29.985,50.733,80.801,72815.4,1033.593,33.585,0.078,0.078,0.029,7.484,96.638,5.521,9.346,0,5.534,5.537,NA,43
"5/27/2022 5:55:09 AM",1.712,29.988,50.734,80.807,72816.4,1033.592,33.585,0.148,0.148,0.073,7.479,96.584,5.518,7.986,0,5.53,5.534,NA,43
"5/27/2022 5:55:09 AM",1.663,29.989,50.731,80.804,72812.7,1033.59,33.583,0.101,0.101,0.044,7.478,96.679,5.523,7.561,0,5.536,5.539,NA,43
"5/27/2022 5:55:09 AM",1.615,29.989,50.729,80.802,72810.5,1033.588,33.581,0.086,0.086,0.044,7.474,96.734,5.527,7.646,0,5.539,5.543,NA,43
"5/27/2022 5:55:09 AM",1.57,29.988,50.73,80.802,72811.4,1033.589,33.582,0.086,0.086,0.058,7.474,96.725,5.526,7.816,0,5.539,5.542,NA,43
"5/27/2022 5:55:09 AM",1.495,29.988,50.732,80.804,72813.8,1033.59,33.583,0.07,0.07,0.029,7.476,96.613,5.52,7.731,0,5.532,5.536,NA,43
"5/27/2022 5:55:10 AM",1.434,29.99,50.727,80.801,72808,1033.586,33.579,0.07,0.07,0.044,7.475,96.66,5.522,7.986,0,5.535,5.538,NA,43
"5/27/2022 5:55:10 AM",1.41,29.989,50.725,80.796,72804.7,1033.584,33.578,0.086,0.086,0.015,7.476,96.639,5.521,8.156,0,5.534,5.537,NA,43
"5/27/2022 5:55:10 AM",1.431,29.986,50.724,80.791,72804.4,1033.584,33.578,0.109,0.109,0.029,7.476,96.607,5.519,8.751,0,5.532,5.535,NA,43
"5/27/2022 5:55:10 AM",1.498,29.983,50.723,80.785,72804,1033.585,33.579,0.078,0.078,0.058,7.476,96.696,5.525,9.601,0,5.537,5.54,NA,43
"5/27/2022 5:55:10 AM",1.657,29.994,50.742,80.828,72825.8,1033.596,33.589,0.078,0.078,0.015,7.478,96.602,5.518,9.006,0,5.531,5.534,NA,43
"5/27/2022 5:55:11 AM",1.757,29.996,50.729,80.812,72809.5,1033.586,33.579,0.078,0.078,0.029,7.478,96.657,5.522,9.176,0,5.534,5.538,NA,43
"5/27/2022 5:55:11 AM",1.825,30.001,50.733,80.825,72813.5,1033.587,33.579,0.07,0.07,0.029,7.478,96.657,5.522,9.94,0,5.534,5.538,NA,43
"5/27/2022 5:55:11 AM",1.853,30.001,50.748,80.845,72832.2,1033.599,33.591,0.07,0.07,0,7.479,96.581,5.517,10.11,0,5.529,5.532,NA,43
"5/27/2022 5:55:11 AM",1.936,30.003,50.737,80.834,72819.2,1033.591,33.582,0.07,0.07,0,7.472,96.678,5.522,9.431,0,5.534,5.538,NA,43
"5/27/2022 5:55:11 AM",1.959,30.001,50.732,80.824,72812.8,1033.587,33.579,0.062,0.062,0,7.468,96.651,5.521,9.006,0,5.533,5.536,NA,43
"5/27/2022 5:55:12 AM",1.917,30,50.747,80.842,72831.3,1033.599,33.591,0.078,0.078,0.029,7.471,96.595,5.517,8.836,0,5.529,5.533,NA,43
"5/27/2022 5:55:12 AM",1.822,30.002,50.74,80.835,72822.1,1033.592,33.585,0.07,0.07,0,7.472,96.692,5.523,8.496,0,5.535,5.539,NA,43
"5/27/2022 5:55:12 AM",1.657,30.002,50.735,80.828,72815.7,1033.588,33.581,0.055,0.055,0.044,7.475,96.725,5.525,8.836,0,5.537,5.54,NA,43
"5/27/2022 5:55:12 AM",1.382,30.003,50.732,80.826,72812.1,1033.584,33.578,0.062,0.062,0,7.481,96.65,5.52,8.921,0,5.533,5.536,NA,43
"5/27/2022 5:55:12 AM",1.259,30.001,50.723,80.812,72801.6,1033.578,33.572,0.078,0.078,0.044,7.482,96.635,5.52,8.751,0,5.532,5.536,NA,43
"5/27/2022 5:55:13 AM",1.163,29.997,50.722,80.804,72800.5,1033.578,33.573,0.078,0.078,0,7.48,96.643,5.52,9.516,0,5.533,5.536,NA,43
"5/27/2022 5:55:13 AM",1.1,29.994,50.722,80.8,72800.7,1033.578,33.574,0.078,0.078,0.087,7.482,96.758,5.527,10.28,0,5.539,5.543,NA,43
"5/27/2022 5:55:13 AM",1.057,29.993,50.716,80.79,72793.8,1033.574,33.57,0.086,0.086,0.058,7.481,96.667,5.522,10.96,0,5.535,5.538,NA,43
"5/27/2022 5:55:13 AM",0.974,29.99,50.716,80.785,72793.1,1033.575,33.57,0.086,0.086,0.015,7.478,96.484,5.512,11.47,0,5.524,5.528,NA,43
"5/27/2022 5:55:13 AM",0.878,29.99,50.711,80.778,72787.7,1033.571,33.567,0.078,0.078,0.029,7.478,96.686,5.524,11.385,0,5.536,5.539,NA,43
"5/27/2022 5:55:14 AM",0.777,29.989,50.708,80.772,72784,1033.569,33.565,0.078,0.078,0.044,7.477,96.697,5.524,11.385,0,5.536,5.54,NA,43
"5/27/2022 5:55:14 AM",0.715,29.987,50.707,80.768,72782.2,1033.568,33.565,0.078,0.078,0,7.475,96.613,5.519,10.96,0,5.532,5.535,NA,43
"5/27/2022 5:55:14 AM",0.708,29.987,50.702,80.761,72776.2,1033.564,33.561,0.062,0.062,0,7.477,96.618,5.52,8.411,0,5.532,5.536,NA,43
"5/27/2022 5:55:14 AM",0.758,29.988,50.698,80.757,72771.8,1033.561,33.558,0.055,0.055,0,7.48,96.576,5.518,6.967,0,5.53,5.534,NA,43
"5/27/2022 5:55:14 AM",0.824,29.987,50.697,80.754,72770.1,1033.561,33.557,0.086,0.086,0.044,7.482,96.66,5.522,6.287,0,5.535,5.538,NA,43
"5/27/2022 5:55:15 AM",0.833,29.986,50.695,80.751,72768.2,1033.56,33.557,0.101,0.101,0.073,7.486,96.562,5.517,7.561,0,5.529,5.533,NA,43
"5/27/2022 5:55:15 AM",0.848,29.986,50.695,80.75,72767.4,1033.56,33.556,0.086,0.086,0.073,7.488,96.635,5.521,8.751,0,5.534,5.537,NA,43
"5/27/2022 5:55:15 AM",0.831,29.986,50.696,80.752,72769.3,1033.561,33.557,0.07,0.07,0.044,7.488,96.613,5.52,8.411,0,5.532,5.536,NA,43
"5/27/2022 5:55:15 AM",0.814,29.986,50.693,80.746,72765.3,1033.558,33.555,0.086,0.086,0.029,7.487,96.629,5.521,8.326,0,5.533,5.536,NA,43
"5/27/2022 5:55:15 AM",0.807,29.985,50.692,80.744,72764.4,1033.558,33.555,0.086,0.086,0.044,7.487,96.694,5.525,8.581,0,5.537,5.54,NA,43
"5/27/2022 5:55:16 AM",0.836,29.985,50.692,80.744,72764.5,1033.558,33.555,0.07,0.07,0.015,7.484,96.658,5.522,8.921,0,5.535,5.538,NA,43
"5/27/2022 5:55:16 AM",0.939,29.986,50.694,80.748,72766.7,1033.56,33.556,0.078,0.078,0.044,7.485,96.679,5.524,9.176,0,5.536,5.54,NA,43
"5/27/2022 5:55:16 AM",1.026,29.987,50.696,80.753,72769.4,1033.561,33.557,0.07,0.07,0.044,7.487,96.72,5.526,9.685,0,5.538,5.542,NA,43
"5/27/2022 5:55:16 AM",1.087,29.988,50.704,80.765,72778.5,1033.567,33.562,0.07,0.07,0.058,7.49,96.512,5.514,9.77,0,5.526,5.53,NA,43
"5/27/2022 5:55:16 AM",1.139,29.994,50.696,80.763,72768.4,1033.559,33.554,0.078,0.078,0.044,7.487,96.644,5.521,9.685,0,5.534,5.537,NA,43
"5/27/2022 5:55:17 AM",1.205,29.993,50.692,80.758,72764,1033.557,33.552,0.078,0.078,0.029,7.49,96.611,5.519,9.176,0,5.532,5.535,NA,43
"5/27/2022 5:55:17 AM",1.276,29.994,50.696,80.762,72768,1033.56,33.554,0.062,0.062,0.058,7.49,96.661,5.522,8.496,0,5.534,5.538,NA,43
"5/27/2022 5:55:17 AM",1.285,29.994,50.699,80.767,72772.1,1033.562,33.557,0.07,0.07,0.044,7.492,96.65,5.521,8.496,0,5.534,5.537,NA,43
"5/27/2022 5:55:17 AM",1.259,29.995,50.683,80.747,72752.5,1033.55,33.544,0.078,0.078,0.029,7.498,96.601,5.519,8.836,0,5.531,5.534,NA,43
"5/27/2022 5:55:17 AM",1.229,29.993,50.681,80.741,72750.4,1033.549,33.544,0.07,0.07,0.029,7.492,96.656,5.522,9.261,0,5.534,5.538,NA,43
"5/27/2022 5:55:18 AM",1.128,29.988,50.7,80.761,72774.3,1033.564,33.56,0.062,0.062,0.029,7.49,96.69,5.523,9.685,0,5.536,5.539,NA,43
"5/27/2022 5:55:18 AM",1.024,29.989,50.69,80.748,72762,1033.556,33.552,0.062,0.062,0.044,7.49,96.629,5.52,10.025,0,5.532,5.536,NA,43
"5/27/2022 5:55:18 AM",0.908,29.988,50.69,80.747,72762,1033.556,33.552,0.07,0.07,0.044,7.489,96.713,5.525,10.875,0,5.538,5.541,NA,43
"5/27/2022 5:55:18 AM",0.815,29.987,50.689,80.744,72760.8,1033.555,33.552,0.101,0.101,0.044,7.487,96.679,5.523,11.385,0,5.536,5.539,NA,43
"5/27/2022 5:55:18 AM",0.746,29.986,50.688,80.741,72759.6,1033.554,33.551,0.125,0.125,0.029,7.485,96.586,5.518,11.215,0,5.53,5.534,NA,43
"5/27/2022 5:55:19 AM",0.669,29.986,50.685,80.736,72756,1033.552,33.549,0.086,0.086,0.087,7.485,96.651,5.522,9.94,0,5.534,5.538,NA,43
"5/27/2022 5:55:19 AM",0.664,29.986,50.684,80.735,72753.9,1033.551,33.548,0.14,0.14,0.116,7.484,96.724,5.526,9.855,0,5.539,5.542,NA,43
"5/27/2022 5:55:19 AM",0.699,29.986,50.678,80.726,72746.9,1033.547,33.544,0.094,0.094,0.058,7.484,96.535,5.516,9.601,0,5.528,5.532,NA,43
"5/27/2022 5:55:19 AM",0.73,29.985,50.674,80.72,72742.4,1033.544,33.541,0.078,0.078,0.087,7.486,96.565,5.517,9.685,0,5.53,5.533,NA,43
"5/27/2022 5:55:20 AM",0.751,29.983,50.678,80.722,72747.3,1033.548,33.545,0.094,0.094,0.029,7.484,96.536,5.516,10.45,0,5.528,5.532,NA,43
"5/27/2022 5:55:20 AM",0.753,29.982,50.676,80.718,72745,1033.547,33.544,0.078,0.078,0.058,7.486,96.689,5.524,11.3,0,5.537,5.54,NA,43
"5/27/2022 5:55:20 AM",0.735,29.982,50.683,80.727,72753.5,1033.552,33.549,0.148,0.148,0.116,7.487,96.692,5.525,10.875,0,5.537,5.54,NA,43
"5/27/2022 5:55:20 AM",0.706,29.983,50.684,80.729,72754,1033.552,33.549,0.109,0.109,0.073,7.483,96.714,5.526,10.28,0,5.538,5.541,NA,43
"5/27/2022 5:55:20 AM",0.675,29.983,50.676,80.72,72744.7,1033.546,33.543,0.078,0.078,0.102,7.483,96.641,5.522,9.77,0,5.534,5.537,NA,43
"5/27/2022 5:55:21 AM",0.628,29.982,50.669,80.709,72736.3,1033.541,33.538,0.07,0.07,0.073,7.479,96.68,5.524,8.921,0,5.537,5.54,NA,43
"5/27/2022 5:55:21 AM",0.628,29.981,50.669,80.708,72736.5,1033.541,33.539,0.078,0.078,0.102,7.481,96.68,5.524,8.581,0,5.537,5.54,NA,43
"5/27/2022 5:55:21 AM",0.652,29.98,50.67,80.706,72736.9,1033.542,33.539,0.086,0.086,0.379,7.485,96.605,5.52,9.091,0,5.533,5.536,NA,43
"5/27/2022 5:55:21 AM",0.694,29.98,50.668,80.703,72734.5,1033.541,33.538,0.078,0.078,0.349,7.484,96.505,5.514,9.431,0,5.527,5.53,NA,43
"5/27/2022 5:55:21 AM",0.748,29.979,50.665,80.699,72731.6,1033.539,33.536,0.086,0.086,0.116,7.48,96.593,5.519,9.346,0,5.532,5.535,NA,43
"5/27/2022 5:55:22 AM",0.769,29.979,50.668,80.702,72735.6,1033.542,33.539,0.078,0.078,0.073,7.479,96.574,5.518,11.045,0,5.53,5.534,NA,43
"5/27/2022 5:55:22 AM",0.739,29.979,50.665,80.698,72731.7,1033.54,33.536,0.086,0.086,0.073,7.48,96.584,5.519,11.894,0,5.531,5.535,NA,43
"5/27/2022 5:55:22 AM",0.678,29.978,50.666,80.699,72732.7,1033.54,33.537,0.109,0.109,0.102,7.48,96.674,5.524,12.064,0,5.536,5.54,NA,43
"5/27/2022 5:55:22 AM",0.581,29.978,50.663,80.695,72729.5,1033.538,33.535,0.101,0.101,0.058,7.476,96.585,5.519,12.914,0,5.531,5.535,NA,43
"5/27/2022 5:55:22 AM",0.468,29.979,50.662,80.693,72727.4,1033.536,33.534,0.086,0.086,0.073,7.487,96.545,5.517,13.594,0,5.529,5.532,NA,43
"5/27/2022 5:55:23 AM",0.428,29.978,50.661,80.691,72725.8,1033.535,33.533,0.07,0.07,0.029,7.489,96.6,5.52,12.744,0,5.532,5.536,NA,43
"5/27/2022 5:55:23 AM",0.417,29.978,50.658,80.687,72722.9,1033.533,33.531,0.125,0.125,0.044,7.488,96.585,5.519,11.47,0,5.532,5.535,NA,43
"5/27/2022 5:55:23 AM",0.442,29.978,50.657,80.686,72721.7,1033.532,33.531,0.109,0.109,0.073,7.491,96.583,5.519,10.875,0,5.531,5.535,NA,43
"5/27/2022 5:55:23 AM",0.49,29.979,50.652,80.68,72715.5,1033.529,33.527,0.133,0.133,0.146,7.491,96.65,5.523,11.555,0,5.535,5.539,NA,43
"5/27/2022 5:55:23 AM",0.621,29.979,50.652,80.68,72715.2,1033.529,33.526,0.078,0.078,0.058,7.489,96.607,5.52,12.659,0,5.533,5.536,NA,43
"5/27/2022 5:55:24 AM",0.689,29.981,50.653,80.684,72715.8,1033.529,33.526,0.078,0.078,0.044,7.49,96.594,5.52,12.574,0,5.532,5.536,NA,43
"5/27/2022 5:55:24 AM",0.744,29.98,50.656,80.688,72720.2,1033.532,33.529,0.094,0.094,0.029,7.489,96.548,5.517,12.744,0,5.529,5.533,NA,43
"5/27/2022 5:55:24 AM",0.765,29.981,50.656,80.688,72719.5,1033.532,33.528,0.078,0.078,0.044,7.491,96.771,5.53,13.254,0,5.542,5.545,NA,43
"5/27/2022 5:55:24 AM",0.694,29.98,50.657,80.689,72721.6,1033.533,33.53,0.07,0.07,0.029,7.49,96.631,5.521,11.725,0,5.534,5.537,NA,43
"5/27/2022 5:55:24 AM",0.612,29.98,50.656,80.688,72720.5,1033.532,33.529,0.062,0.062,0,7.491,96.581,5.519,11.47,0,5.531,5.535,NA,43
"5/27/2022 5:55:25 AM",0.52,29.981,50.657,80.689,72720.9,1033.532,33.529,0.078,0.078,0.029,7.491,96.557,5.518,11.64,0,5.53,5.533,NA,43
"5/27/2022 5:55:25 AM",0.461,29.981,50.654,80.685,72716.9,1033.529,33.527,0.078,0.078,0.029,7.493,96.548,5.517,11.47,0,5.529,5.532,NA,43
"5/27/2022 5:55:25 AM",0.445,29.982,50.645,80.675,72706.1,1033.522,33.52,0.07,0.07,0.029,7.493,96.605,5.52,11.3,0,5.533,5.536,NA,43
"5/27/2022 5:55:25 AM",0.44,29.982,50.646,80.675,72706.8,1033.522,33.52,0.078,0.078,0,7.496,96.621,5.521,11.979,0,5.534,5.537,NA,43
"5/27/2022 5:55:25 AM",0.402,29.981,50.645,80.673,72706.5,1033.522,33.521,0.078,0.078,0.029,7.496,96.694,5.526,12.914,0,5.538,5.541,NA,43
"5/27/2022 5:55:26 AM",0.357,29.98,50.642,80.667,72702.5,1033.52,33.519,0.07,0.07,0.029,7.495,96.672,5.524,13.594,0,5.537,5.54,NA,43
"5/27/2022 5:55:26 AM",0.301,29.98,50.641,80.665,72700.7,1033.519,33.517,0.078,0.078,0.044,7.496,96.674,5.525,14.018,0,5.537,5.54,NA,43
"5/27/2022 5:55:26 AM",0.164,29.978,50.637,80.658,72696.1,1033.516,33.515,0.062,0.062,0.029,7.496,96.608,5.521,12.149,0,5.533,5.537,NA,43
"5/27/2022 5:55:26 AM",0.054,29.978,50.628,80.645,72684.5,1033.508,33.508,0.07,0.07,0.015,7.495,96.542,5.517,10.79,0,5.53,5.533,NA,43
"5/27/2022 5:55:26 AM",0,29.978,50.627,80.643,72683.3,1033.507,33.507,0.086,0.086,0.044,7.495,96.548,5.518,13.254,0,5.53,5.533,NA,43
"5/27/2022 5:55:27 AM",0,29.979,50.631,80.651,72689.2,1033.51,33.511,0.078,0.078,0.029,7.495,96.67,5.524,16.482,0,5.537,5.54,NA,43
"5/27/2022 5:55:27 AM",0,30.004,50.609,80.658,72658.3,1033.484,33.485,0.062,0.062,0.044,7.497,96.663,5.524,16.482,0,5.537,5.54,NA,43
"5/27/2022 5:55:27 AM",0,30.016,50.644,80.723,72699.8,1033.506,33.507,0.055,0.055,0.073,7.497,96.606,5.519,12.489,0,5.532,5.535,NA,43
"5/27/2022 5:55:27 AM",0,30.08,50.52,80.646,72538.7,1033.389,33.39,0.125,0.125,0.175,7.495,96.83,5.534,10.535,0,5.547,5.55,NA,43
"5/27/2022 5:55:27 AM",0,30.104,51.074,81.446,73224.2,1033.801,33.801,0.265,0.265,0.248,7.496,96.836,5.516,9.855,0,5.528,5.532,NA,43
"5/27/2022 5:55:28 AM",0,30.206,50.459,80.745,72447.4,1033.298,33.298,0.234,0.234,0.204,7.499,97.233,5.553,9.516,0,5.565,5.568,NA,43
"5/27/2022 5:55:28 AM",0,30.078,50.516,80.638,72534.4,1033.388,33.388,0.133,0.133,0.204,7.499,96.687,5.52,11.13,0,5.533,5.536,NA,43
"5/27/2022 5:55:28 AM",0,30.017,50.576,80.631,72616.2,1033.455,33.455,0.062,0.062,0,7.498,96.714,5.521,12.404,0,5.534,5.537,NA,43
"5/27/2022 5:55:28 AM",0,29.997,50.595,80.628,72641.7,1033.476,33.477,0.047,0.047,0,7.5,96.595,5.515,13.764,0,5.528,5.531,NA,43
"5/27/2022 5:55:28 AM",0,29.987,50.606,80.628,72656.4,1033.488,33.489,0.078,0.078,0.044,7.498,96.611,5.517,16.142,0,5.529,5.533,NA,43
"5/27/2022 5:55:29 AM",0,29.983,50.654,80.689,72717,1033.525,33.526,0.086,0.086,0.146,7.501,96.602,5.516,20.9,0,5.528,5.532,NA,43
"5/27/2022 5:55:29 AM",0,30.021,50.903,81.088,73022.1,1033.7,33.702,0,0,0.058,7.501,96.58,5.508,19.456,0,5.52,5.524,NA,43
"5/27/2022 5:55:29 AM",0,30.157,14.533,26.495,23795.9,1006.408,6.41,75.808,75.808,1.413,7.501,96.917,6.747,20.221,0,6.767,6.767,NA,43
"5/27/2022 5:55:29 AM",0,30.157,2.152,4.501,4042.1,997.208,0,273.783,273.783,249.987,7.502,96.818,7.213,21.835,0,7.234,7.234,NA,43
"5/27/2022 5:55:29 AM",0,30.091,1.567,3.333,2996.9,996.792,0,157.146,157.146,399.173,7.502,96.792,7.235,20.9,0,7.256,7.256,NA,43
"5/27/2022 5:55:30 AM",0,30.076,2.088,4.368,3928.9,997.185,0,33.27,33.27,61.916,7.501,96.752,7.21,21.24,0,7.231,7.231,NA,43
"5/27/2022 5:55:30 AM",0,30.044,11.181,20.797,18720,1003.954,3.956,311.967,311.967,502.321,7.5,96.484,6.842,15.378,0,6.862,6.862,NA,43
"5/27/2022 5:55:30 AM",0,29.996,39.168,64.455,58072.9,1024.855,24.856,189.652,189.652,330.178,7.501,96.46,5.867,15.123,0,5.882,5.883,NA,43
"5/27/2022 5:55:30 AM",0,29.983,48.017,77.027,69417.8,1031.529,31.531,54.348,54.348,95.073,7.503,96.516,5.592,16.227,0,5.605,5.608,NA,43
"5/27/2022 5:55:31 AM",0,29.98,50.576,80.575,72619.8,1033.467,33.468,15.133,15.133,25.538,7.501,96.538,5.516,17.417,0,5.528,5.532,NA,43
"5/27/2022 5:55:31 AM",0,29.978,50.594,80.599,72642.4,1033.481,33.482,4.556,4.556,7.99,7.501,96.521,5.515,16.227,0,5.527,5.531,NA,43
"5/27/2022 5:55:31 AM",0,29.978,50.57,80.565,72612.6,1033.463,33.464,7.988,7.988,4.186,7.499,96.519,5.516,18.776,0,5.528,5.532,NA,43
"5/27/2022 5:55:31 AM",0,29.978,50.515,80.489,72543.7,1033.421,33.422,8.019,8.019,7.639,7.499,96.641,5.525,27.442,0,5.537,5.54,NA,43
"5/27/2022 5:55:31 AM",0,29.978,50.6,80.606,72649.7,1033.486,33.487,18.16,18.16,13.999,7.499,96.679,5.524,27.527,0,5.537,5.54,NA,43
"5/27/2022 5:55:32 AM",0,29.978,50.6,80.607,72650.6,1033.486,33.488,18.074,18.074,18.277,7.501,96.548,5.517,23.534,0,5.529,5.533,NA,43
"5/27/2022 5:55:32 AM",0,29.978,49.92,79.665,71802.2,1032.97,32.972,13.269,13.269,42.051,7.5,96.604,5.541,29.821,0,5.554,5.557,NA,43
"5/27/2022 5:55:32 AM",0,29.973,2.518,5.199,4686.2,997.537,0,331.937,331.937,672.12,7.498,96.653,7.193,28.462,0,7.214,7.214,NA,43
"5/27/2022 5:55:32 AM",0,29.964,1.287,2.758,2486.4,996.621,0,506.05,506.05,507.858,7.497,96.632,7.242,28.122,0,7.263,7.263,NA,43
"5/27/2022 5:55:32 AM",0,29.866,1.042,2.252,2034.3,996.467,0,362.555,362.555,640.127,7.496,96.453,7.238,27.017,0,7.259,7.259,NA,43
"5/27/2022 5:55:33 AM",0,29.792,0.854,1.861,1683.4,996.349,0,143.292,143.292,299.216,7.495,96.452,7.246,26.932,0,7.267,7.267,NA,43
"5/27/2022 5:55:33 AM",0,29.716,0.733,1.607,1455.6,996.282,0,260.202,260.202,232.442,7.497,96.312,7.241,28.207,0,7.262,7.262,NA,43
"5/27/2022 5:55:33 AM",0,29.603,0.675,1.481,1345,996.273,0,125.303,125.303,144.511,7.497,96.174,7.234,27.782,0,7.255,7.255,NA,43
"5/27/2022 5:55:33 AM",0,29.407,0.622,1.363,1242.7,996.291,0,96.784,96.784,132.619,7.496,95.806,7.211,26.932,0,7.231,7.232,NA,43
"5/27/2022 5:55:33 AM",0,29.236,0.576,1.262,1154.7,996.307,0,66.213,66.213,81.608,7.495,95.721,7.208,27.867,0,7.228,7.228,NA,43
"5/27/2022 5:55:34 AM",0,29.051,0.546,1.195,1097.7,996.34,0,16.366,16.366,15.693,7.495,95.328,7.18,28.717,0,7.201,7.201,NA,43
"5/27/2022 5:55:34 AM",0,28.915,0.528,1.154,1062.6,996.366,0,259.406,259.406,203.479,7.491,94.993,7.157,28.802,0,7.178,7.178,NA,43
"5/27/2022 5:55:34 AM",0,28.787,0.507,1.107,1022.1,996.388,0,196.275,196.275,106.297,7.49,94.853,7.148,32.37,0,7.168,7.168,NA,43
"5/27/2022 5:55:34 AM",0,28.655,0.488,1.064,984.9,996.412,0,52.468,52.468,28.916,7.488,94.632,7.134,29.906,0,7.155,7.155,NA,43
"5/27/2022 5:55:34 AM",0,28.636,0.46,1.005,930.3,996.396,0,1.818,1.818,0,7.487,94.907,7.158,34.579,0,7.178,7.178,NA,43
"5/27/2022 5:55:35 AM",0,28.634,0.443,0.969,897.2,996.384,0,6.732,6.732,0.918,7.485,94.562,7.134,37.552,0,7.155,7.155,NA,43
"5/27/2022 5:55:35 AM",0,28.578,0.432,0.944,875.2,996.392,0,2.855,2.855,0.116,7.488,94.484,7.13,40.101,0,7.151,7.151,NA,43
"5/27/2022 5:55:35 AM",0,28.536,0.408,0.893,828.2,996.386,0,26.85,26.85,111.585,7.489,94.414,7.127,39.167,0,7.148,7.148,NA,43
"5/27/2022 5:55:35 AM",0,28.613,0.404,0.885,820.1,996.361,0,33.52,33.52,42.111,7.49,95.01,7.173,35.938,0,7.193,7.194,NA,43
"5/27/2022 5:55:35 AM",0,28.858,0.377,0.832,767.3,996.269,0,71.541,71.541,72.974,7.487,95.303,7.195,38.827,0,7.216,7.216,NA,43
"5/27/2022 5:55:36 AM",0,28.821,0.399,0.879,811.3,996.297,0,493.967,493.967,231.422,7.486,95.136,7.183,36.703,0,7.204,7.204,NA,43
"5/27/2022 5:55:36 AM",0,28.428,0.396,0.866,805.1,996.409,0,166.445,166.445,57.874,7.482,94.509,7.136,30.926,0,7.157,7.157,NA,43
"5/27/2022 5:55:36 AM",0,28.093,0.371,0.807,755.3,996.486,0,128.213,128.213,713.137,7.479,94.154,7.112,31.69,0,7.132,7.132,NA,43
"5/27/2022 5:55:36 AM",0,27.945,0.366,0.795,746.7,996.524,0,48.107,48.107,219.784,7.475,93.868,7.093,30.161,0,7.114,7.114,NA,43
"5/27/2022 5:55:36 AM",0,27.619,0.372,0.801,757.5,996.62,0,40.72,40.72,40.005,7.471,93.738,7.086,29.396,0,7.106,7.106,NA,43
"5/27/2022 5:55:37 AM",0,27.493,0.389,0.836,792.5,996.669,0,54.309,54.309,36.568,7.47,93.956,7.105,29.226,0,7.125,7.126,NA,43
"5/27/2022 5:55:37 AM",0,27.402,0.369,0.791,751.8,996.679,0,41.929,41.929,93.4,7.472,94.308,7.137,30.501,0,7.158,7.158,NA,43
"5/27/2022 5:55:37 AM",0,27.33,0.349,0.749,712.5,996.684,0,207.531,207.531,105.052,7.471,94.347,7.145,34.324,0,7.166,7.166,NA,43
"5/27/2022 5:55:37 AM",0,27.292,0.344,0.739,703.8,996.692,0,90.052,90.052,70.497,7.472,94.182,7.136,40.186,0,7.157,7.157,NA,43
"5/27/2022 5:55:37 AM",0,27.316,0.333,0.716,681.4,996.676,0,304.845,304.845,108.71,7.468,93.981,7.125,43.245,0,7.146,7.146,NA,43
"5/27/2022 5:55:38 AM",0,27.334,0.315,0.679,645.7,996.658,0,94.951,94.951,38.203,7.465,93.836,7.12,44.009,0,7.141,7.141,NA,43
"5/27/2022 5:55:38 AM",0,27.386,0.322,0.693,658.6,996.648,0,82.735,82.735,19.8,7.464,93.809,7.122,44.774,0,7.142,7.142,NA,43
"5/27/2022 5:55:38 AM",0,27.42,0.32,0.691,655.6,996.638,0,28.582,28.582,15.295,7.461,93.519,7.101,43.839,0,7.122,7.122,NA,43
"5/27/2022 5:55:38 AM",0,27.44,0.318,0.686,651.5,996.631,0,66.33,66.33,48.418,7.46,93.453,7.098,38.147,0,7.118,7.119,NA,43
"5/27/2022 5:55:38 AM",0,27.269,0.326,0.7,666.8,996.684,0,40.65,40.65,17.213,7.458,93.453,7.1,32.285,0,7.12,7.12,NA,43
"5/27/2022 5:55:39 AM",0,27.105,0.334,0.716,683.8,996.736,0,13.331,13.331,4.551,7.457,93.266,7.089,33.304,0,7.109,7.109,NA,43
"5/27/2022 5:55:39 AM",0,27.064,0.333,0.711,680.5,996.746,0,63.295,63.295,43.557,7.456,93.346,7.097,35.683,0,7.118,7.118,NA,43
"5/27/2022 5:55:39 AM",0,27.112,0.337,0.721,689,996.736,0,33.34,33.34,34.831,7.456,93.543,7.114,35.598,0,7.135,7.135,NA,43
"5/27/2022 5:55:39 AM",0,26.974,0.372,0.792,759.4,996.801,0,11.046,11.046,9.354,7.452,93.558,7.117,36.108,0,7.137,7.137,NA,43
"5/27/2022 5:55:39 AM",0,26.81,0.429,0.906,871.4,996.888,0,5.89,5.89,4.916,7.452,93.82,7.138,35.428,0,7.159,7.159,NA,43
"5/27/2022 5:55:40 AM",0,26.779,0.446,0.94,904.8,996.91,0,3.596,3.596,4.99,7.454,93.714,7.132,40.271,0,7.152,7.153,NA,43
"5/27/2022 5:55:40 AM",0,26.766,0.428,0.903,869.2,996.899,0,2.527,2.527,3.426,7.452,93.398,7.114,38.062,0,7.134,7.134,NA,43
"5/27/2022 5:55:40 AM",0,26.839,0.38,0.805,774.2,996.843,0,1.989,1.989,3.689,7.452,93.023,7.09,34.324,0,7.11,7.11,NA,43
"5/27/2022 5:55:40 AM",0,26.953,0.323,0.689,660.7,996.769,0,1.864,1.864,1.734,7.445,93.218,7.112,38.827,0,7.133,7.133,NA,43
"5/27/2022 5:55:41 AM",0,27.007,0.302,0.646,619.1,996.738,0,11.873,11.873,3.937,7.441,93.435,7.136,42.905,0,7.157,7.157,NA,43
"5/27/2022 5:55:41 AM",0,26.997,0.293,0.628,601.7,996.735,0,23.839,23.839,12.13,7.438,93.669,7.158,43.16,0,7.179,7.179,NA,43
"5/27/2022 5:55:41 AM",0,26.73,0.293,0.625,602.3,996.808,0,23.129,23.129,10.484,7.435,93.635,7.157,38.402,0,7.178,7.178,NA,43
"5/27/2022 5:55:41 AM",0,26.448,0.294,0.624,604.7,996.885,0,10.57,10.57,2.988,7.43,93.587,7.156,33.899,0,7.176,7.177,NA,43
"5/27/2022 5:55:41 AM",0,26.293,0.317,0.669,650.4,996.944,0,3.643,3.643,1.792,7.43,93.509,7.151,26.762,0,7.172,7.172,NA,43
"5/27/2022 5:55:42 AM",0,26.133,0.314,0.661,644.9,996.985,0,5.422,5.422,1.646,7.433,93.422,7.146,24.129,0,7.167,7.167,NA,43
"5/27/2022 5:55:42 AM",0,26.076,0.302,0.636,621.4,996.991,0,2.925,2.925,1.501,7.434,93.334,7.14,24.638,0,7.16,7.16,NA,43
"5/27/2022 5:55:42 AM",0,26.019,0.329,0.69,675.3,997.027,0,15.422,15.422,1.53,7.432,93.301,7.138,20.9,0,7.159,7.159,NA,43
"5/27/2022 5:55:42 AM",0,25.957,0.324,0.679,664.7,997.039,0,8.94,8.94,0.306,7.431,93.165,7.129,20.9,0,7.15,7.15,NA,43
"5/27/2022 5:55:42 AM",0,25.996,0.334,0.7,685.3,997.037,0,2.41,2.41,0.291,7.43,93.043,7.119,20.9,0,7.139,7.139,NA,43
"5/27/2022 5:55:43 AM",0,26.033,0.331,0.693,678,997.024,0,0.499,0.499,0,7.43,92.84,7.104,20.645,0,7.124,7.124,NA,43
"5/27/2022 5:55:43 AM",0,26.038,0.356,0.746,728.9,997.042,0,0.008,0.008,0,7.429,93.026,7.117,20.39,0,7.137,7.137,NA,43
"5/27/2022 5:55:43 AM",0,26.045,0.389,0.813,794.4,997.065,0,0.242,0.242,0,7.429,93.158,7.126,19.116,0,7.146,7.146,NA,43
"5/27/2022 5:55:43 AM",0,26.054,0.385,0.805,786.7,997.06,0,0.702,0.702,0.015,7.432,93.106,7.123,18.946,0,7.143,7.143,NA,43
"5/27/2022 5:55:43 AM",0,26.075,0.402,0.839,819.6,997.067,0,0.725,0.725,1.296,7.428,93.165,7.128,20.56,0,7.149,7.149,NA,43
"5/27/2022 5:55:44 AM",0,26.108,0.396,0.828,808.2,997.054,0,1.014,1.014,1.807,7.427,93.452,7.153,22.26,0,7.174,7.174,NA,43
"5/27/2022 5:55:44 AM",0,26.108,0.399,0.832,812.5,997.055,0,0.515,0.515,0.714,7.427,93.622,7.167,24.214,0,7.188,7.188,NA,43
"5/27/2022 5:55:44 AM",0,26.085,0.386,0.807,787.9,997.052,0,0.109,0.109,0.058,7.427,93.841,7.185,25.318,0,7.206,7.206,NA,43
"5/27/2022 5:55:44 AM",0,26.078,0.355,0.743,726,997.03,0,0,0,0,7.426,93.973,7.197,24.638,0,7.218,7.218,NA,43
"5/27/2022 5:55:44 AM",0,25.983,0.348,0.728,712.8,997.051,0,0.055,0.055,0.349,7.424,94.014,7.201,23.789,0,7.222,7.222,NA,43
"5/27/2022 5:55:45 AM",0,25.878,0.351,0.733,719,997.081,0,0.086,0.086,0.029,7.421,94.094,7.208,23.874,0,7.229,7.229,NA,43
"5/27/2022 5:55:45 AM",0,25.974,0.327,0.686,671.4,997.038,0,0.109,0.109,0,7.423,94.141,7.215,28.971,0,7.236,7.236,NA,43
"5/27/2022 5:55:45 AM",0,26.123,0.338,0.708,691.4,997.005,0,0.179,0.179,0.364,7.422,94.273,7.226,29.056,0,7.247,7.247,NA,43
"5/27/2022 5:55:45 AM",0,26.269,0.278,0.587,571.2,996.921,0,0.226,0.226,0.539,7.42,94.372,7.236,23.704,0,7.257,7.257,NA,43
"5/27/2022 5:55:45 AM",0,26.415,0.248,0.527,511.2,996.859,0,0.437,0.437,0.918,7.419,94.474,7.246,28.632,0,7.266,7.266,NA,43
"5/27/2022 5:55:46 AM",0,26.543,0.231,0.494,477.4,996.812,0,0.64,0.64,0.859,7.418,94.386,7.239,35.089,0,7.26,7.26,NA,43
"5/27/2022 5:55:46 AM",0,26.623,0.218,0.467,450.6,996.78,0,0.367,0.367,1.005,7.414,94.518,7.253,26.168,0,7.274,7.274,NA,43
"5/27/2022 5:55:46 AM",0,26.663,0.215,0.461,444.8,996.768,0,2.005,2.005,0.918,7.412,94.721,7.272,19.881,0,7.293,7.293,NA,43
"5/27/2022 5:55:46 AM",0,26.668,0.221,0.474,456.8,996.771,0,0.757,0.757,0.947,7.411,94.719,7.274,15.123,0,7.294,7.295,NA,43
"5/27/2022 5:55:46 AM",0,26.559,0.227,0.484,467.6,996.804,0,0.46,0.46,0.655,7.411,94.891,7.288,13.254,0,7.308,7.309,NA,43
"5/27/2022 5:55:47 AM",0,26.336,0.239,0.508,493.9,996.874,0,8.378,8.378,0.932,7.409,95.077,7.303,15.718,0,7.324,7.324,NA,43
"5/27/2022 5:55:47 AM",0,26.271,0.254,0.537,522.5,996.902,0,3.097,3.097,0.728,7.408,95.108,7.304,18.097,0,7.325,7.325,NA,43
"5/27/2022 5:55:47 AM",0,26.281,0.248,0.526,511.9,996.896,0,2.683,2.683,1.107,7.408,95.086,7.302,19.371,0,7.322,7.323,NA,43
"5/27/2022 5:55:47 AM",0,26.374,0.248,0.528,512,996.871,0,4.158,4.158,2.084,7.408,95.126,7.304,18.266,0,7.325,7.325,NA,43
"5/27/2022 5:55:47 AM",0,26.435,0.254,0.54,523.1,996.858,0,8.503,8.503,3.762,7.411,95.085,7.3,16.397,0,7.321,7.321,NA,43
"5/27/2022 5:55:48 AM",0,26.485,0.252,0.536,518.8,996.843,0,3.542,3.542,2.259,7.412,95.153,7.305,15.718,0,7.326,7.326,NA,43
"5/27/2022 5:55:48 AM",0,26.539,0.243,0.519,501.9,996.822,0,4.985,4.985,2.244,7.413,95.156,7.305,15.633,0,7.326,7.326,NA,43
"5/27/2022 5:55:48 AM",0,26.526,0.241,0.513,495.9,996.824,0,22.061,22.061,3.587,7.409,95.275,7.315,15.378,0,7.336,7.336,NA,43
"5/27/2022 5:55:48 AM",0,26.616,0.241,0.514,496.7,996.799,0,16.85,16.85,3.061,7.407,95.715,7.348,14.018,0,7.369,7.37,NA,43
"5/27/2022 5:55:48 AM",0,26.896,0.24,0.516,495.2,996.722,0,12.809,12.809,1.428,7.407,95.885,7.363,12.999,0,7.384,7.384,NA,43
"5/27/2022 5:55:49 AM",0,27.195,0.241,0.521,496.7,996.641,0,4.158,4.158,1.078,7.409,95.831,7.359,12.149,0,7.38,7.38,NA,43
"5/27/2022 5:55:49 AM",0,27.285,0.233,0.503,479.4,996.609,0,10.718,10.718,8.401,7.409,95.732,7.353,13.509,0,7.374,7.374,NA,43
"5/27/2022 5:55:49 AM",0,27.33,0.231,0.501,476.6,996.596,0,15.133,15.133,7.668,7.405,95.945,7.369,17.757,0,7.39,7.39,NA,43
"5/27/2022 5:55:49 AM",0,27.42,0.223,0.484,459.5,996.565,0,6.155,6.155,4.025,7.404,95.874,7.365,19.711,0,7.386,7.386,NA,43
"5/27/2022 5:55:49 AM",0,27.176,0.214,0.462,440.7,996.625,0,3.37,3.37,4.113,7.405,95.563,7.343,18.691,0,7.364,7.364,NA,43
"5/27/2022 5:55:50 AM",0,27.045,0.203,0.439,419.9,996.654,0,17.466,17.466,35.594,7.406,95.691,7.355,19.796,0,7.376,7.376,NA,43
"5/27/2022 5:55:50 AM",0,27.004,0.203,0.437,418.7,996.665,0,9.478,9.478,12.748,7.401,95.999,7.379,19.116,0,7.4,7.401,NA,43
"5/27/2022 5:55:50 AM",0,27.02,0.2,0.43,411.9,996.658,0,13.441,13.441,7.126,7.4,96.029,7.381,18.351,0,7.402,7.402,NA,43
"5/27/2022 5:55:50 AM",0,27.074,0.295,0.634,606.3,996.715,0,46.399,46.399,42.397,7.41,95.943,7.371,17.502,0,7.392,7.392,NA,43
"5/27/2022 5:55:50 AM",0,28.497,1.197,2.504,2324.7,996.989,0,14.697,14.697,29.661,7.482,95.907,7.322,17.077,0,7.343,7.343,NA,43
"5/27/2022 5:55:51 AM",0,28.747,1.019,2.159,1994.4,996.783,0,5.305,5.305,24.454,7.55,95.572,7.299,16.227,0,7.32,7.32,NA,43
"5/27/2022 5:55:51 AM",0,28.81,0.996,2.114,1950.9,996.747,0,2.886,2.886,11.41,7.628,95.311,7.275,14.358,0,7.296,7.296,NA,43
"5/27/2022 5:55:51 AM",0,28.832,0.961,2.044,1885.1,996.714,0,2.215,2.215,8.034,7.684,95.005,7.25,14.868,0,7.271,7.271,NA,43
"5/27/2022 5:55:51 AM",0,28.837,0.817,1.752,1616,996.606,0,1.997,1.997,7.228,7.724,94.661,7.227,13.084,0,7.247,7.248,NA,43
"5/27/2022 5:55:52 AM",0,28.829,0.799,1.714,1580.8,996.594,0,1.888,1.888,6.95,7.786,94.188,7.188,5.268,0,7.209,7.209,NA,43
"5/27/2022 5:55:52 AM",0,28.833,0.791,1.699,1566.8,996.587,0,1.927,1.927,6.789,7.811,93.973,7.17,7.307,0,7.191,7.191,NA,43
"5/27/2022 5:55:52 AM",0,28.834,0.787,1.691,1559.1,996.584,0,1.896,1.896,6.862,7.843,93.954,7.169,14.018,0,7.189,7.19,NA,43
"5/27/2022 5:55:52 AM",0,28.827,0.709,1.53,1411.1,996.528,0,1.927,1.927,7.053,7.88,93.683,7.15,11.385,0,7.171,7.171,NA,43
"5/27/2022 5:55:52 AM",0,28.833,0.764,1.642,1514.6,996.567,0,1.935,1.935,7.346,7.909,93.535,7.136,12.744,0,7.157,7.157,NA,43
"5/27/2022 5:55:53 AM",0,28.834,0.746,1.606,1481.2,996.553,0,1.911,1.911,7.302,7.923,93.414,7.127,14.783,0,7.148,7.148,NA,43
"5/27/2022 5:55:53 AM",0,28.842,0.717,1.547,1426.3,996.529,0,1.911,1.911,7.17,7.934,93.377,7.124,15.718,0,7.145,7.145,NA,43
"5/27/2022 5:55:53 AM",0,28.841,0.724,1.56,1438.2,996.534,0,1.732,1.732,8.43,7.937,93.224,7.113,19.286,0,7.133,7.134,NA,43
"5/27/2022 5:55:53 AM",0,28.844,0.638,1.383,1275.3,996.47,0,1.802,1.802,9.633,7.948,93.205,7.115,19.456,0,7.136,7.136,NA,43
"5/27/2022 5:55:53 AM",0,28.852,0.61,1.323,1220.1,996.446,0,1.693,1.693,8.914,7.956,92.811,7.087,19.711,0,7.107,7.107,NA,43
"5/27/2022 5:55:54 AM",0,28.858,0.595,1.293,1191.4,996.433,0,1.685,1.685,8.65,7.959,92.85,7.091,18.776,0,7.111,7.111,NA,43
"5/27/2022 5:55:54 AM",0,28.858,0.591,1.285,1184.3,996.43,0,1.677,1.677,8.518,7.955,92.762,7.084,18.012,0,7.105,7.105,NA,43
"5/27/2022 5:55:54 AM",0,28.858,0.588,1.278,1177.8,996.427,0,1.662,1.662,8.225,7.955,92.724,7.081,15.378,0,7.101,7.102,NA,43
"5/27/2022 5:55:54 AM",0,28.859,0.579,1.26,1161.1,996.42,0,1.638,1.638,8.078,7.952,92.601,7.072,10.705,0,7.092,7.092,NA,43
"5/27/2022 5:55:54 AM",0,28.859,0.566,1.232,1135.5,996.41,0,1.693,1.693,8.313,7.947,92.659,7.076,10.96,0,7.097,7.097,NA,43
"5/27/2022 5:55:55 AM",0,28.859,0.566,1.232,1135.5,996.411,0,1.646,1.646,8.708,7.947,92.661,7.076,11.385,0,7.096,7.096,NA,43
"5/27/2022 5:55:55 AM",0,28.857,0.566,1.232,1135.6,996.411,0,1.591,1.591,8.928,7.952,92.649,7.075,13.509,0,7.095,7.095,NA,43
"5/27/2022 5:55:55 AM",0,28.855,0.656,1.42,1308.9,996.48,0,1.615,1.615,8.708,7.951,92.538,7.063,14.528,0,7.083,7.083,NA,43
"5/27/2022 5:55:55 AM",0,28.853,0.568,1.236,1139,996.414,0,1.646,1.646,8.679,7.946,92.553,7.068,15.038,0,7.089,7.089,NA,43
"5/27/2022 5:55:55 AM",0,28.855,0.568,1.237,1139.9,996.414,0,1.451,1.451,8.078,7.947,92.454,7.06,14.613,0,7.08,7.08,NA,43
"5/27/2022 5:55:56 AM",0,28.853,1.181,2.489,2294.6,996.874,0,1.381,1.381,7.77,7.947,92.484,7.038,14.698,0,7.058,7.058,NA,43
"5/27/2022 5:55:56 AM",0,28.854,0.567,1.235,1138.3,996.413,0,1.654,1.654,9.354,7.946,92.492,7.063,17.502,0,7.083,7.083,NA,43
"5/27/2022 5:55:56 AM",0,28.857,0.547,1.192,1098.6,996.397,0,1.802,1.802,11.13,7.944,92.446,7.059,17.757,0,7.08,7.08,NA,43
"5/27/2022 5:55:56 AM",0,28.856,0.539,1.176,1084.1,996.391,0,1.498,1.498,10.866,7.94,92.356,7.053,16.737,0,7.073,7.073,NA,43
"5/27/2022 5:55:56 AM",0,28.857,0.539,1.176,1083.7,996.391,0,1.693,1.693,11.527,7.94,92.341,7.052,16.567,0,7.072,7.072,NA,43
"5/27/2022 5:55:57 AM",0,28.859,0.546,1.19,1096.6,996.396,0,1.786,1.786,11.792,7.937,92.301,7.049,16.057,0,7.069,7.069,NA,43
"5/27/2022 5:55:57 AM",0,28.858,0.553,1.206,1111.6,996.402,0,1.974,1.974,11.072,7.934,92.295,7.049,18.946,0,7.069,7.069,NA,43
"5/27/2022 5:55:57 AM",0,28.856,0.551,1.202,1107.8,996.401,0,1.935,1.935,9.207,7.928,92.257,7.047,20.56,0,7.067,7.067,NA,43
"5/27/2022 5:55:57 AM",0,28.854,0.549,1.197,1103.2,996.399,0,1.888,1.888,9.207,7.926,92.324,7.052,21.495,0,7.072,7.072,NA,43
"5/27/2022 5:55:57 AM",0,28.855,0.542,1.181,1089.1,996.394,0,1.825,1.825,8.767,7.922,92.277,7.048,21.325,0,7.068,7.068,NA,43
"5/27/2022 5:55:58 AM",0,28.854,0.532,1.16,1069.7,996.387,0,1.794,1.794,8.034,7.92,92.351,7.055,21.07,0,7.075,7.075,NA,43
"5/27/2022 5:55:58 AM",0,28.85,0.529,1.154,1063.7,996.385,0,1.825,1.825,7.77,7.916,92.369,7.056,21.58,0,7.076,7.076,NA,43
"5/27/2022 5:55:58 AM",0,28.854,0.521,1.137,1048.3,996.378,0,1.701,1.701,8.21,7.914,92.368,7.057,22.175,0,7.077,7.077,NA,43
"5/27/2022 5:55:58 AM",0,28.855,0.522,1.14,1051,996.379,0,1.662,1.662,9.075,7.909,92.275,7.05,18.097,0,7.07,7.07,NA,43
"5/27/2022 5:55:58 AM",0,28.858,0.52,1.136,1047.3,996.377,0,1.724,1.724,9.501,7.904,92.298,7.052,19.711,0,7.072,7.072,NA,43
"5/27/2022 5:55:59 AM",0,28.858,0.516,1.127,1039.1,996.374,0,1.701,1.701,9.589,7.902,92.244,7.048,20.136,0,7.069,7.069,NA,43
"5/27/2022 5:55:59 AM",0,28.853,0.601,1.306,1204.2,996.439,0,1.708,1.708,9.603,7.895,92.276,7.048,21.325,0,7.068,7.069,NA,43
"5/27/2022 5:55:59 AM",0,28.848,0.528,1.152,1061.6,996.385,0,1.747,1.747,9.398,7.89,92.339,7.056,29.396,0,7.076,7.077,NA,43
"5/27/2022 5:55:59 AM",0,28.844,0.53,1.157,1066.5,996.388,0,1.685,1.685,8.899,7.885,92.238,7.047,31.69,0,7.068,7.068,NA,43
"5/27/2022 5:55:59 AM",0,28.845,0.531,1.159,1068.8,996.389,0,1.669,1.669,8.767,7.879,92.285,7.052,23.704,0,7.072,7.072,NA,43
"5/27/2022 5:56:00 AM",0,28.847,0.498,1.09,1004.5,996.363,0,1.576,1.576,8.928,7.877,92.209,7.047,19.116,0,7.067,7.067,NA,43
"5/27/2022 5:56:00 AM",0,28.846,0.526,1.149,1059,996.385,0,1.529,1.529,10.044,7.87,92.302,7.052,24.978,0,7.073,7.073,NA,43
"5/27/2022 5:56:00 AM",0,28.847,0.526,1.148,1058.8,996.384,0,1.584,1.584,11.174,7.868,92.127,7.039,28.462,0,7.06,7.06,NA,43
"5/27/2022 5:56:00 AM",0,28.849,0.526,1.149,1059,996.384,0,1.794,1.794,12.733,7.864,92.141,7.041,33.814,0,7.061,7.061,NA,43
"5/27/2022 5:56:00 AM",0,28.849,0.525,1.146,1056.2,996.383,0,1.95,1.95,12.733,7.859,92.301,7.054,33.304,0,7.074,7.074,NA,43
"5/27/2022 5:56:01 AM",0,28.848,0.524,1.145,1055.8,996.383,0,2.153,2.153,12.321,7.855,92.308,7.055,30.841,0,7.075,7.075,NA,43
"5/27/2022 5:56:01 AM",0,28.847,0.526,1.148,1058.7,996.384,0,2.161,2.161,11.762,7.851,92.287,7.052,32.03,0,7.072,7.073,NA,43
"5/27/2022 5:56:01 AM",0,28.848,0.526,1.149,1059.1,996.384,0,2.028,2.028,11.395,7.846,92.321,7.056,29.906,0,7.076,7.076,NA,43
"5/27/2022 5:56:01 AM",0,28.847,0.527,1.15,1060,996.385,0,2.02,2.02,11.88,7.838,92.263,7.051,24.893,0,7.071,7.071,NA,43
"5/27/2022 5:56:01 AM",0,28.847,0.526,1.148,1058.2,996.384,0,1.966,1.966,11.189,7.833,92.172,7.044,21.155,0,7.064,7.064,NA,43
"5/27/2022 5:56:02 AM",0,28.845,0.526,1.148,1058.2,996.385,0,1.872,1.872,10.792,7.826,92.242,7.05,22.175,0,7.07,7.07,NA,43
"5/27/2022 5:56:02 AM",0,28.844,0.527,1.15,1060.2,996.386,0,1.989,1.989,11.909,7.821,92.107,7.04,26.762,0,7.06,7.06,NA,43
"5/27/2022 5:56:02 AM",0,28.844,0.527,1.151,1061,996.386,0,1.841,1.841,11.527,7.819,92.16,7.044,33.729,0,7.064,7.064,NA,43
"5/27/2022 5:56:02 AM",0,28.844,0.527,1.15,1060.4,996.386,0,1.825,1.825,11.042,7.814,92.199,7.047,34.749,0,7.067,7.067,NA,43
"5/27/2022 5:56:03 AM",0,28.844,0.527,1.151,1061.3,996.386,0,1.958,1.958,10.205,7.81,92.313,7.056,35.768,0,7.077,7.077,NA,43
"5/27/2022 5:56:03 AM",0,28.844,0.528,1.152,1062.4,996.387,0,2.02,2.02,9.897,7.806,92.282,7.053,35.683,0,7.074,7.074,NA,43
"5/27/2022 5:56:03 AM",0,28.843,0.528,1.153,1063.3,996.387,0,2.075,2.075,10.014,7.804,92.168,7.045,33.219,0,7.065,7.065,NA,43
"5/27/2022 5:56:03 AM",0,28.843,0.528,1.153,1063.4,996.387,0,2.075,2.075,10.513,7.801,92.247,7.05,30.246,0,7.071,7.071,NA,43
"5/27/2022 5:56:03 AM",0,28.844,0.528,1.153,1063.2,996.387,0,2.005,2.005,10.895,7.8,92.136,7.042,28.462,0,7.062,7.062,NA,43
"5/27/2022 5:56:04 AM",0,28.843,0.528,1.152,1062.6,996.387,0,2.044,2.044,10.102,7.797,92.183,7.047,31.52,0,7.067,7.067,NA,43
"5/27/2022 5:56:04 AM",0,28.842,0.569,1.238,1141.7,996.418,0,1.833,1.833,10.455,7.791,92.167,7.044,34.919,0,7.064,7.064,NA,43
"5/27/2022 5:56:04 AM",0,28.841,0.528,1.152,1062.4,996.387,0,1.693,1.693,11.042,7.786,92.2,7.048,29.566,0,7.068,7.068,NA,43
"5/27/2022 5:56:04 AM",0,28.84,0.525,1.147,1057.6,996.386,0,1.646,1.646,10.014,7.785,92.176,7.047,25.743,0,7.067,7.067,NA,43
"5/27/2022 5:56:04 AM",0,28.841,0.529,1.154,1063.8,996.388,0,1.662,1.662,9.339,7.783,92.242,7.052,23.704,0,7.072,7.072,NA,43
"5/27/2022 5:56:05 AM",0,28.841,0.527,1.15,1060.1,996.387,0,1.685,1.685,8.093,7.777,92.288,7.055,23.024,0,7.075,7.075,NA,43
"5/27/2022 5:56:05 AM",0,28.842,0.527,1.149,1059.8,996.386,0,1.701,1.701,8.65,7.772,92.163,7.045,22.939,0,7.066,7.066,NA,43
"5/27/2022 5:56:05 AM",0,28.842,0.527,1.15,1060.2,996.386,0,1.677,1.677,9.457,7.767,92.313,7.057,24.384,0,7.077,7.078,NA,43
"5/27/2022 5:56:05 AM",0,28.842,0.527,1.15,1060.7,996.387,0,1.716,1.716,9.266,7.764,92.204,7.049,21.58,0,7.069,7.07,NA,43
"5/27/2022 5:56:05 AM",0,28.842,0.525,1.147,1057.3,996.385,0,1.849,1.849,9.647,7.757,92.261,7.054,30.331,0,7.074,7.074,NA,43
"5/27/2022 5:56:06 AM",0,28.841,0.525,1.146,1056.9,996.385,0,1.677,1.677,10.528,7.758,92.229,7.052,36.788,0,7.072,7.072,NA,43
"5/27/2022 5:56:06 AM",0,28.84,0.525,1.146,1056.8,996.386,0,1.599,1.599,10.337,7.755,92.157,7.045,38.997,0,7.065,7.066,NA,43
"5/27/2022 5:56:06 AM",0,28.84,0.525,1.146,1056.4,996.385,0,1.607,1.607,10.234,7.754,92.204,7.05,39.676,0,7.07,7.07,NA,43
"5/27/2022 5:56:06 AM",0,28.839,0.526,1.149,1059.3,996.387,0,1.623,1.623,10.293,7.752,92.206,7.05,43.16,0,7.07,7.071,NA,43
"5/27/2022 5:56:06 AM",0,28.838,0.525,1.146,1056.4,996.386,0,1.677,1.677,9.647,7.749,92.159,7.047,44.349,0,7.067,7.067,NA,43
"5/27/2022 5:56:07 AM",0,28.838,0.702,1.515,1396.6,996.519,0,1.646,1.646,8.679,7.747,92.244,7.046,35.768,0,7.066,7.066,NA,43
"5/27/2022 5:56:07 AM",0,28.838,0.525,1.147,1057.5,996.386,0,1.662,1.662,8.151,7.748,92.229,7.052,7.052,0,7.072,7.072,NA,43
"5/27/2022 5:56:07 AM",0,28.838,0.547,1.193,1099.7,996.403,0,1.638,1.638,7.888,7.744,92.311,7.057,35.343,0,7.078,7.078,NA,43
"5/27/2022 5:56:07 AM",0,28.839,0.525,1.146,1056.6,996.386,0,1.63,1.63,7.932,7.741,92.257,7.054,44.179,0,7.074,7.074,NA,43
"5/27/2022 5:56:07 AM",0,28.838,0.637,1.38,1273,996.47,0,1.63,1.63,7.888,7.736,92.169,7.042,44.179,0,7.062,7.062,NA,43
"5/27/2022 5:56:08 AM",0,28.837,0.525,1.146,1057,996.387,0,1.623,1.623,8.151,7.735,92.227,7.05,45.963,0,7.07,7.071,NA,43
"5/27/2022 5:56:08 AM",0,28.837,0.53,1.156,1065.9,996.39,0,1.638,1.638,8.577,7.735,92.263,7.053,44.009,0,7.073,7.073,NA,43
"5/27/2022 5:56:08 AM",0,28.838,0.532,1.161,1070.7,996.392,0,1.677,1.677,8.621,7.733,92.244,7.051,39.506,0,7.072,7.072,NA,43
"5/27/2022 5:56:08 AM",0,28.838,0.529,1.154,1063.9,996.389,0,1.591,1.591,8.225,7.73,92.238,7.05,41.461,0,7.071,7.071,NA,43
"5/27/2022 5:56:08 AM",0,28.837,0.527,1.151,1061.5,996.388,0,1.654,1.654,8.401,7.728,92.236,7.051,41.715,0,7.071,7.071,NA,43
"5/27/2022 5:56:09 AM",0,28.838,0.532,1.161,1070.6,996.392,0,1.623,1.623,8.327,7.728,92.182,7.046,39.761,0,7.066,7.067,NA,43
"5/27/2022 5:56:09 AM",0,28.838,0.527,1.15,1060.4,996.388,0,1.615,1.615,8.459,7.726,92.206,7.048,41.631,0,7.068,7.068,NA,43
"5/27/2022 5:56:09 AM",0,28.838,0.528,1.153,1062.9,996.389,0,1.615,1.615,8.562,7.723,92.219,7.049,45.114,0,7.069,7.069,NA,43
"5/27/2022 5:56:09 AM",0,28.837,0.528,1.153,1062.9,996.389,0,1.615,1.615,8.386,7.72,92.252,7.051,48.257,0,7.072,7.072,NA,43
"5/27/2022 5:56:09 AM",0,28.837,0.528,1.153,1062.9,996.389,0,1.623,1.623,8.342,7.719,92.244,7.051,47.408,0,7.071,7.071,NA,43
"5/27/2022 5:56:10 AM",0,28.837,0.532,1.161,1070.8,996.392,0,1.576,1.576,8.254,7.718,92.231,7.05,44.604,0,7.07,7.07,NA,43
"5/27/2022 5:56:10 AM",0,28.836,0.528,1.153,1063.4,996.389,0,1.607,1.607,8.313,7.717,92.174,7.046,43.5,0,7.066,7.066,NA,43
"5/27/2022 5:56:10 AM",0,28.835,0.529,1.155,1064.9,996.39,0,1.607,1.607,8.371,7.716,92.238,7.05,43.67,0,7.071,7.071,NA,43
"5/27/2022 5:56:10 AM",0,28.835,0.53,1.156,1066.4,996.391,0,1.599,1.599,8.386,7.712,92.249,7.051,47.238,0,7.072,7.072,NA,43
"5/27/2022 5:56:10 AM",0,28.832,0.53,1.157,1067.3,996.392,0,1.607,1.607,8.371,7.713,92.172,7.045,48.172,0,7.065,7.065,NA,43
"5/27/2022 5:56:11 AM",0,28.831,0.529,1.155,1065.1,996.392,0,1.677,1.677,8.445,7.711,92.286,7.054,47.833,0,7.074,7.074,NA,43
"5/27/2022 5:56:11 AM",0,28.831,0.568,1.236,1139.7,996.42,0,1.701,1.701,8.503,7.707,92.146,7.042,45.963,0,7.063,7.063,NA,43
"5/27/2022 5:56:11 AM",0,28.829,0.531,1.158,1067.6,996.393,0,1.669,1.669,8.401,7.708,92.255,7.051,33.474,0,7.071,7.071,NA,43
"5/27/2022 5:56:11 AM",0,28.829,0.532,1.161,1070.5,996.394,0,1.615,1.615,8.533,7.708,92.274,7.052,32.54,0,7.072,7.072,NA,43
"5/27/2022 5:56:11 AM",0,28.83,0.531,1.158,1067.8,996.393,0,1.646,1.646,8.43,7.708,92.296,7.054,38.827,0,7.074,7.075,NA,43
"5/27/2022 5:56:12 AM",0,28.831,0.531,1.158,1067.9,996.393,0,1.654,1.654,8.401,7.706,92.262,7.051,39.591,0,7.072,7.072,NA,43
"5/27/2022 5:56:12 AM",0,28.831,0.531,1.159,1069.2,996.393,0,1.623,1.623,8.181,7.706,92.275,7.052,34.494,0,7.072,7.072,NA,43
