"Date","Depth..m.","Temp...degC.","Sal.","Cond...mS.cm.","EC25..µS.cm.","Density..kg.m3.","SigmaT","Chl.Flu...ppb.","Chl.a..µg.l.","Turb...FTU.","pH","DO....","Weiss.DO..mg.l.","Quant...µmol..m2.s..","Mark","G.G.DO..mg.l.","B.K.DO..mg.l.","X","Station"
"5/26/2022 11:26:48 AM",0.19,29.498,49.047,77.77,70767.7,1032.483,32.482,0.125,0.125,0.233,7.787,96.257,5.56,1226.061,0,5.573,5.576,NA,31
"5/26/2022 11:26:48 AM",0.169,29.498,49.046,77.77,70766.7,1032.482,32.481,0,0,0,7.79,96.184,5.556,1447.892,0,5.569,5.572,NA,31
"5/26/2022 11:26:48 AM",0.15,29.499,49.045,77.77,70765.4,1032.481,32.48,0,0,0,7.794,96.287,5.562,1700.818,0,5.575,5.578,NA,31
"5/26/2022 11:26:48 AM",0.118,29.499,49.048,77.774,70769.1,1032.483,32.483,0.109,0.109,0.175,7.798,96.224,5.558,1357.834,0,5.571,5.574,NA,31
"5/26/2022 11:26:49 AM",0.04,29.499,49.05,77.778,70772.3,1032.485,32.484,0,0,0,7.808,96.161,5.554,1530.133,0,5.567,5.57,NA,31
"5/26/2022 11:26:49 AM",0,29.498,49.053,77.779,70775.1,1032.486,32.486,0.117,0.117,0.262,7.814,96.103,5.55,1596.063,0,5.563,5.566,NA,31
"5/26/2022 11:26:49 AM",0,29.498,49.054,77.781,70776.7,1032.487,32.487,0.016,0.016,0.029,7.819,96.268,5.56,1600.311,0,5.573,5.576,NA,31
"5/26/2022 11:26:49 AM",0,29.497,49.058,77.785,70781.9,1032.49,32.491,0,0,0,7.824,96.24,5.559,1697.08,0,5.572,5.575,NA,31
"5/26/2022 11:26:49 AM",0,29.495,49.062,77.787,70787.3,1032.494,32.495,0.117,0.117,0.218,7.827,96.125,5.552,1854.002,0,5.565,5.568,NA,31
"5/26/2022 11:26:50 AM",0,29.494,49.061,77.784,70785.6,1032.494,32.494,0.023,0.023,0.015,7.822,96.123,5.552,1936.753,0,5.565,5.568,NA,31
"5/26/2022 11:26:50 AM",0,29.493,49.063,77.786,70788.2,1032.496,32.496,0,0,0,7.822,96.24,5.56,1990.193,0,5.572,5.576,NA,31
"5/26/2022 11:26:50 AM",0,29.493,49.064,77.788,70790,1032.497,32.497,0.133,0.133,0.32,7.823,96.164,5.555,1979.573,0,5.568,5.571,NA,31
"5/26/2022 11:26:50 AM",0.045,29.493,49.066,77.79,70792,1032.498,32.498,0.148,0.148,0.335,7.825,96.266,5.561,1945.334,0,5.574,5.577,NA,31
"5/26/2022 11:26:50 AM",0.106,29.494,49.067,77.793,70794,1032.5,32.499,0.117,0.117,0.248,7.819,96.256,5.56,1523.252,0,5.573,5.576,NA,31
"5/26/2022 11:26:51 AM",0.2,29.493,49.066,77.791,70793.2,1032.5,32.499,0.117,0.117,0.277,7.807,96.285,5.561,1445.258,0,5.574,5.577,NA,31
"5/26/2022 11:26:51 AM",0.261,29.491,49.068,77.79,70795.1,1032.502,32.5,0.07,0.07,0.16,7.789,96.285,5.561,1620.701,0,5.574,5.577,NA,31
"5/26/2022 11:26:51 AM",0.278,29.491,49.068,77.79,70795.7,1032.502,32.501,0.109,0.109,0.218,7.779,96.133,5.553,1172.536,0,5.566,5.569,NA,31
"5/26/2022 11:26:51 AM",0.285,29.49,49.071,77.793,70799.8,1032.505,32.504,0.109,0.109,0.233,7.778,96.181,5.556,1210.938,0,5.569,5.572,NA,31
"5/26/2022 11:26:51 AM",0.292,29.49,49.072,77.795,70800.9,1032.506,32.504,0.023,0.023,0.015,7.778,96.074,5.55,1032.012,0,5.563,5.567,NA,31
"5/26/2022 11:26:52 AM",0.31,29.49,49.074,77.797,70803.1,1032.507,32.506,0.062,0.062,0.073,7.775,96.25,5.561,1315.099,0,5.574,5.577,NA,31
"5/26/2022 11:26:52 AM",0.31,29.491,49.073,77.796,70801.4,1032.506,32.504,0.055,0.055,0.073,7.778,96.195,5.557,1143.904,0,5.57,5.574,NA,31
"5/26/2022 11:26:52 AM",0.297,29.491,49.073,77.798,70801.9,1032.506,32.505,0,0,0,7.784,96.2,5.558,1055.376,0,5.571,5.575,NA,31
"5/26/2022 11:26:52 AM",0.254,29.49,49.079,77.804,70809.7,1032.511,32.51,0.062,0.062,0.116,7.8,96.261,5.561,1185.365,0,5.574,5.577,NA,31
"5/26/2022 11:26:52 AM",0.217,29.49,49.083,77.809,70814.7,1032.514,32.513,0.047,0.047,0.087,7.809,96.236,5.56,1261.829,0,5.573,5.576,NA,31
"5/26/2022 11:26:53 AM",0.172,29.49,49.085,77.812,70816.4,1032.514,32.514,0.047,0.047,0.044,7.821,96.265,5.562,1028.358,0,5.575,5.578,NA,31
"5/26/2022 11:26:53 AM",0.125,29.491,49.086,77.814,70817.4,1032.515,32.514,0,0,0,7.832,96.19,5.557,1450.186,0,5.57,5.573,NA,31
"5/26/2022 11:26:53 AM",0.064,29.491,49.087,77.817,70819.3,1032.515,32.515,0.078,0.078,0.131,7.847,96.22,5.558,1185.28,0,5.571,5.575,NA,31
"5/26/2022 11:26:53 AM",0.033,29.49,49.09,77.819,70822.6,1032.518,32.517,0.031,0.031,0.087,7.853,96.235,5.56,1354.011,0,5.573,5.576,NA,31
"5/26/2022 11:26:53 AM",0,29.49,49.086,77.814,70818.6,1032.515,32.515,0,0,0,7.856,96.207,5.558,1512.632,0,5.571,5.574,NA,31
"5/26/2022 11:26:54 AM",0,29.489,49.091,77.819,70824,1032.518,32.519,0,0,0,7.861,96.271,5.562,1581.534,0,5.575,5.578,NA,31
"5/26/2022 11:26:54 AM",0,29.49,49.096,77.827,70829.9,1032.521,32.522,0,0,0,7.866,96.282,5.562,1835.056,0,5.575,5.578,NA,31
"5/26/2022 11:26:54 AM",0,29.492,49.095,77.828,70828.8,1032.52,32.521,0,0,0,7.873,96.272,5.562,1863.007,0,5.575,5.578,NA,31
"5/26/2022 11:26:54 AM",0,29.492,49.097,77.831,70830.9,1032.522,32.522,0.179,0.179,0.379,7.88,96.289,5.563,1874.477,0,5.576,5.579,NA,31
"5/26/2022 11:26:55 AM",0,29.49,49.099,77.832,70834.1,1032.524,32.524,0.062,0.062,0.116,7.884,96.348,5.566,1872.523,0,5.579,5.582,NA,31
"5/26/2022 11:26:55 AM",0.007,29.491,49.098,77.832,70833,1032.523,32.523,0.117,0.117,0.218,7.893,96.258,5.562,1841.003,0,5.574,5.578,NA,31
"5/26/2022 11:26:55 AM",0.035,29.492,49.099,77.833,70833.7,1032.524,32.524,0.195,0.195,0,7.895,96.23,5.56,1369.813,0,5.573,5.576,NA,31
"5/26/2022 11:26:55 AM",0.096,29.491,49.099,77.833,70834.5,1032.525,32.524,0.803,0.803,0.262,7.888,96.272,5.563,1160.472,0,5.576,5.579,NA,31
"5/26/2022 11:26:55 AM",0.136,29.489,49.101,77.832,70837.2,1032.527,32.527,0.304,0.304,0.248,7.88,96.284,5.564,1086.046,0,5.577,5.58,NA,31
"5/26/2022 11:26:56 AM",0.164,29.486,49.098,77.825,70833.7,1032.526,32.525,0.062,0.062,0.015,7.865,96.241,5.562,943.653,0,5.575,5.578,NA,31
"5/26/2022 11:26:56 AM",0.17,29.485,49.1,77.825,70835.9,1032.528,32.527,0.031,0.031,0.058,7.853,96.245,5.562,1039.488,0,5.575,5.579,NA,31
"5/26/2022 11:26:56 AM",0.176,29.484,49.092,77.813,70826.8,1032.522,32.522,0.039,0.039,0.087,7.846,96.254,5.563,1156.478,0,5.576,5.579,NA,31
"5/26/2022 11:26:56 AM",0.2,29.482,49.096,77.817,70831.9,1032.526,32.525,0.023,0.023,0.087,7.845,96.375,5.57,1014.34,0,5.583,5.586,NA,31
"5/26/2022 11:26:56 AM",0.249,29.481,49.103,77.824,70840.6,1032.532,32.531,0.023,0.023,0.029,7.849,96.198,5.559,1216.97,0,5.572,5.575,NA,31
"5/26/2022 11:26:57 AM",0.252,29.481,49.108,77.831,70846.7,1032.536,32.534,0.062,0.062,0.044,7.854,96.213,5.56,1407.451,0,5.573,5.576,NA,31
"5/26/2022 11:26:57 AM",0.198,29.482,49.107,77.831,70845.1,1032.534,32.533,0,0,0,7.859,96.325,5.567,1209.833,0,5.58,5.583,NA,31
"5/26/2022 11:26:57 AM",0.129,29.482,49.109,77.834,70847.5,1032.535,32.535,0,0,0,7.863,96.395,5.571,1013.745,0,5.584,5.587,NA,31
"5/26/2022 11:26:57 AM",0,29.48,49.113,77.837,70853.5,1032.539,32.539,0,0,0,7.874,96.258,5.563,1467.603,0,5.576,5.579,NA,31
"5/26/2022 11:26:57 AM",0,29.48,49.112,77.836,70852,1032.537,32.538,0,0,0,7.879,96.228,5.561,1513.311,0,5.574,5.577,NA,31
"5/26/2022 11:26:58 AM",0,29.482,49.039,77.737,70760.4,1032.482,32.482,0,0,0,7.883,96.291,5.567,1759.866,0,5.58,5.583,NA,31
"5/26/2022 11:26:58 AM",0,29.482,48.89,77.533,70573.1,1032.368,32.369,0.382,0.382,0,7.889,96.319,5.574,1854.342,0,5.587,5.59,NA,31
"5/26/2022 11:26:58 AM",0,29.482,49.116,77.842,70856.2,1032.539,32.54,0,0,0,7.893,96.233,5.562,1925.113,0,5.575,5.578,NA,31
"5/26/2022 11:26:58 AM",0,29.483,47.812,76.044,69217.6,1031.552,31.553,0,0,0,7.895,96.211,5.601,1926.218,0,5.614,5.617,NA,31
"5/26/2022 11:26:58 AM",0,29.484,46.14,73.722,67103.1,1030.288,30.289,53.084,53.084,0,7.895,96.267,5.656,1908.971,0,5.67,5.672,NA,31
"5/26/2022 11:26:59 AM",0,29.479,42,67.893,61802.8,1027.166,27.167,33.91,33.91,4.39,7.897,96.137,5.778,1892.489,0,5.793,5.795,NA,31
"5/26/2022 11:26:59 AM",0,29.476,48.228,76.61,69742.1,1031.87,31.87,66.829,66.829,20.184,7.9,96.382,5.599,1919.251,0,5.612,5.615,NA,31
"5/26/2022 11:26:59 AM",0,29.476,48.6,77.124,70210.2,1032.152,32.152,41.859,41.859,8.459,7.905,96.311,5.584,1892.574,0,5.597,5.6,NA,31
"5/26/2022 11:26:59 AM",0.033,29.477,49.123,77.845,70865.5,1032.547,32.547,12.224,12.224,4.23,7.901,96.252,5.564,1747.037,0,5.577,5.58,NA,31
"5/26/2022 11:26:59 AM",0.157,29.477,49.122,77.843,70864.4,1032.547,32.546,3.253,3.253,0.918,7.883,96.285,5.566,999.727,0,5.579,5.582,NA,31
"5/26/2022 11:27:00 AM",0.305,29.475,49.126,77.847,70869.9,1032.551,32.55,0.835,0.835,0,7.865,96.253,5.564,726.24,0,5.577,5.58,NA,31
"5/26/2022 11:27:00 AM",0.548,29.475,49.125,77.845,70868.6,1032.552,32.549,0,0,0,7.861,96.319,5.568,586.82,0,5.581,5.584,NA,31
"5/26/2022 11:27:00 AM",0.72,29.475,49.131,77.855,70876.1,1032.557,32.554,0.226,0.226,0.218,7.869,96.327,5.568,448.505,0,5.581,5.585,NA,31
"5/26/2022 11:27:00 AM",0.882,29.475,49.138,77.865,70885.6,1032.563,32.559,0.413,0.413,0.786,7.877,96.255,5.564,549.608,0,5.577,5.58,NA,31
"5/26/2022 11:27:00 AM",1.042,29.48,49.139,77.873,70885.7,1032.562,32.558,0,0,0,7.873,96.402,5.572,445.531,0,5.585,5.588,NA,31
"5/26/2022 11:27:01 AM",1.258,29.477,49.143,77.874,70891.5,1032.568,32.562,0.304,0.304,0.626,7.866,96.227,5.562,316.137,0,5.575,5.578,NA,31
"5/26/2022 11:27:01 AM",1.354,29.476,49.15,77.882,70900.1,1032.573,32.568,1.053,1.053,2.448,7.851,96.308,5.567,591.153,0,5.58,5.583,NA,31
"5/26/2022 11:27:01 AM",1.392,29.474,49.163,77.897,70916.8,1032.584,32.579,0.476,0.476,0.99,7.84,96.305,5.567,947.136,0,5.58,5.583,NA,31
"5/26/2022 11:27:01 AM",1.388,29.474,49.165,77.9,70920.3,1032.587,32.581,0.117,0.117,0.146,7.843,96.457,5.575,897.435,0,5.588,5.591,NA,31
"5/26/2022 11:27:02 AM",1.324,29.475,49.169,77.907,70925,1032.589,32.583,0.109,0.109,0.116,7.856,96.334,5.568,789.96,0,5.581,5.585,NA,31
"5/26/2022 11:27:02 AM",1.268,29.476,49.168,77.907,70923,1032.587,32.582,0.07,0.07,0.102,7.862,96.304,5.566,779.85,0,5.579,5.583,NA,31
"5/26/2022 11:27:02 AM",1.202,29.476,49.164,77.902,70917.9,1032.584,32.578,0.055,0.055,0.087,7.865,96.29,5.566,933.458,0,5.579,5.582,NA,31
"5/26/2022 11:27:02 AM",1.103,29.478,49.167,77.908,70921.9,1032.585,32.581,0.062,0.062,0.058,7.867,96.25,5.563,960.56,0,5.576,5.579,NA,31
"5/26/2022 11:27:02 AM",0.992,29.477,49.169,77.91,70924.4,1032.587,32.582,0.047,0.047,0.073,7.871,96.334,5.568,771.269,0,5.581,5.584,NA,31
"5/26/2022 11:27:03 AM",0.881,29.479,49.167,77.91,70920.9,1032.583,32.58,0.016,0.016,0,7.88,96.424,5.573,647.992,0,5.586,5.59,NA,31
"5/26/2022 11:27:03 AM",0.811,29.479,49.169,77.913,70923.4,1032.585,32.581,0.016,0.016,0,7.885,96.312,5.566,647.227,0,5.579,5.583,NA,31
"5/26/2022 11:27:03 AM",0.726,29.48,49.168,77.913,70922.8,1032.584,32.581,0.039,0.039,0.116,7.892,96.309,5.566,623.098,0,5.579,5.582,NA,31
"5/26/2022 11:27:03 AM",0.628,29.48,49.169,77.914,70923.6,1032.584,32.581,0.039,0.039,0.058,7.899,96.167,5.558,336.527,0,5.571,5.574,NA,31
"5/26/2022 11:27:03 AM",0.433,29.481,49.167,77.913,70920.7,1032.581,32.579,0.14,0.14,0.335,7.891,96.356,5.57,58.453,0,5.583,5.586,NA,31
"5/26/2022 11:27:04 AM",0.352,29.479,49.164,77.905,70917.1,1032.579,32.578,0.086,0.086,0.16,7.888,96.346,5.57,18.351,0,5.583,5.586,NA,31
"5/26/2022 11:27:04 AM",0.32,29.473,49.151,77.88,70901.9,1032.571,32.57,0,0,0,7.891,96.33,5.569,16.142,0,5.582,5.585,NA,31
"5/26/2022 11:27:04 AM",0.239,29.468,49.16,77.884,70913.2,1032.579,32.578,0,0,0,7.879,96.313,5.568,16.142,0,5.581,5.584,NA,31
"5/26/2022 11:27:04 AM",0.261,29.47,49.16,77.887,70912.7,1032.579,32.577,0,0,0,7.87,96.36,5.571,16.142,0,5.584,5.588,NA,31
"5/26/2022 11:27:04 AM",0.289,29.474,49.157,77.889,70908.7,1032.575,32.574,0,0,0,7.904,96.303,5.569,383.765,0,5.581,5.585,NA,31
"5/26/2022 11:27:05 AM",0.291,29.476,49.157,77.891,70908.7,1032.575,32.574,0,0,0,7.941,96.265,5.566,1303.629,0,5.579,5.582,NA,31
"5/26/2022 11:27:05 AM",0.282,29.476,49.157,77.892,70909.4,1032.575,32.574,0,0,0,7.947,96.313,5.569,1488.758,0,5.582,5.585,NA,31
"5/26/2022 11:27:05 AM",0.261,29.477,49.159,77.895,70910.6,1032.575,32.574,0.031,0.031,0.058,7.953,96.329,5.569,1311.956,0,5.582,5.585,NA,31
"5/26/2022 11:27:05 AM",0.223,29.478,49.16,77.897,70911.8,1032.576,32.575,0,0,0,7.961,96.349,5.57,1767.512,0,5.583,5.586,NA,31
"5/26/2022 11:27:05 AM",0.155,29.478,49.158,77.896,70909.4,1032.574,32.573,0,0,0,7.967,96.37,5.572,1266.417,0,5.585,5.588,NA,31
"5/26/2022 11:27:06 AM",0.099,29.479,49.155,77.892,70905.3,1032.571,32.571,0,0,0,7.964,96.278,5.567,1108.221,0,5.58,5.583,NA,31
"5/26/2022 11:27:06 AM",0.044,29.478,49.158,77.895,70909.2,1032.573,32.573,0.078,0.078,0,7.971,96.382,5.573,877.809,0,5.586,5.589,NA,31
"5/26/2022 11:27:06 AM",0.011,29.478,49.154,77.89,70905,1032.571,32.571,0.484,0.484,0.83,7.967,96.414,5.575,1309.577,0,5.588,5.591,NA,31
"5/26/2022 11:27:06 AM",0,29.478,49.158,77.895,70909.1,1032.573,32.573,0.218,0.218,0.218,7.958,96.3,5.568,1504.221,0,5.581,5.584,NA,31
"5/26/2022 11:27:06 AM",0,29.478,49.155,77.892,70906.4,1032.571,32.571,0,0,0,7.96,96.361,5.572,1702.688,0,5.585,5.588,NA,31
"5/26/2022 11:27:07 AM",0,29.479,49.153,77.891,70903.5,1032.569,32.569,0,0,0,7.974,96.374,5.572,1623.929,0,5.585,5.588,NA,31
"5/26/2022 11:27:07 AM",0,29.481,49.153,77.893,70903.4,1032.568,32.569,0.585,0.585,1.661,7.98,96.294,5.567,1663.266,0,5.58,5.583,NA,31
"5/26/2022 11:27:07 AM",0,29.48,49.154,77.894,70904.7,1032.569,32.57,0.803,0.803,1.209,7.985,96.325,5.568,1738.031,0,5.581,5.584,NA,31
"5/26/2022 11:27:07 AM",0,29.479,49.159,77.898,70910.5,1032.573,32.574,0.46,0.46,0.816,7.987,96.294,5.567,1770.486,0,5.58,5.583,NA,31
"5/26/2022 11:27:07 AM",0,29.479,49.146,77.88,70894.5,1032.564,32.564,0.234,0.234,0.116,7.982,96.33,5.569,1754.938,0,5.582,5.586,NA,31
"5/26/2022 11:27:08 AM",0,29.48,49.158,77.899,70910,1032.572,32.573,0.265,0.265,0.102,7.976,96.311,5.569,1732.509,0,5.582,5.585,NA,31
"5/26/2022 11:27:08 AM",0,29.48,49.159,77.899,70910.3,1032.573,32.573,0.328,0.328,0.451,7.969,96.342,5.571,1726.052,0,5.584,5.587,NA,31
"5/26/2022 11:27:08 AM",0,29.479,49.153,77.89,70903.5,1032.569,32.57,0.07,0.07,0.233,7.967,96.309,5.569,1690.198,0,5.582,5.586,NA,31
"5/26/2022 11:27:08 AM",0,29.475,49.157,77.89,70908.2,1032.573,32.573,0.117,0.117,0.437,7.966,96.457,5.578,1683.317,0,5.591,5.594,NA,31
"5/26/2022 11:27:08 AM",0,29.472,49.163,77.893,70916.5,1032.579,32.579,0.164,0.164,0.335,7.961,96.363,5.572,1669.808,0,5.585,5.588,NA,31
"5/26/2022 11:27:09 AM",0,29.472,49.166,77.898,70920.5,1032.581,32.582,0.094,0.094,0.189,7.957,96.392,5.574,1656.129,0,5.587,5.59,NA,31
"5/26/2022 11:27:09 AM",0,29.468,49.166,77.893,70921.4,1032.583,32.583,0.047,0.047,0.073,7.954,96.341,5.571,1659.528,0,5.584,5.587,NA,31
"5/26/2022 11:27:09 AM",0,29.468,49.166,77.892,70920.5,1032.583,32.583,0,0,0,7.952,96.261,5.567,1621.466,0,5.58,5.583,NA,31
"5/26/2022 11:27:09 AM",0,29.472,49.168,77.901,70923.2,1032.583,32.583,0,0,0,7.944,96.235,5.565,1525.97,0,5.578,5.581,NA,31
"5/26/2022 11:27:10 AM",0.002,29.471,49.166,77.897,70920.2,1032.582,32.582,0.14,0.14,0.32,7.939,96.443,5.578,1504.136,0,5.591,5.594,NA,31
"5/26/2022 11:27:10 AM",0.035,29.469,49.171,77.902,70927.5,1032.587,32.587,0.187,0.187,0.379,7.935,96.373,5.574,1560.804,0,5.587,5.59,NA,31
"5/26/2022 11:27:10 AM",0.084,29.471,49.171,77.903,70926.4,1032.586,32.586,0.055,0.055,0.102,7.935,96.346,5.572,1249.425,0,5.585,5.588,NA,31
"5/26/2022 11:27:10 AM",0.166,29.472,49.171,77.905,70926.8,1032.586,32.585,0,0,0,7.933,96.302,5.569,861.581,0,5.582,5.585,NA,31
"5/26/2022 11:27:10 AM",0.263,29.468,49.173,77.902,70929.6,1032.589,32.588,0.07,0.07,0.131,7.925,96.379,5.574,1093.098,0,5.587,5.59,NA,31
"5/26/2022 11:27:11 AM",0.286,29.468,49.177,77.908,70934.9,1032.593,32.591,0.117,0.117,0.175,7.925,96.395,5.574,980.186,0,5.587,5.591,NA,31
"5/26/2022 11:27:11 AM",0.263,29.469,49.177,77.909,70935.2,1032.592,32.591,0.039,0.039,0.029,7.927,96.406,5.575,862.091,0,5.588,5.591,NA,31
"5/26/2022 11:27:11 AM",0.225,29.47,49.18,77.914,70938.3,1032.594,32.593,0.086,0.086,0.175,7.931,96.383,5.574,889.279,0,5.587,5.59,NA,31
"5/26/2022 11:27:11 AM",0.124,29.471,49.18,77.916,70938,1032.593,32.592,0.039,0.039,0.102,7.932,96.43,5.577,1002.53,0,5.59,5.593,NA,31
"5/26/2022 11:27:11 AM",0.047,29.472,49.18,77.917,70937.8,1032.592,32.592,0.039,0.039,0.131,7.934,96.42,5.576,1124.533,0,5.589,5.592,NA,31
"5/26/2022 11:27:12 AM",0.007,29.472,49.183,77.921,70941.3,1032.594,32.594,0,0,0,7.935,96.303,5.569,1300.316,0,5.582,5.585,NA,31
"5/26/2022 11:27:12 AM",0.014,29.474,49.182,77.923,70940.5,1032.593,32.593,0,0,0,7.931,96.276,5.568,1386.466,0,5.581,5.584,NA,31
"5/26/2022 11:27:12 AM",0.047,29.475,49.184,77.926,70942.2,1032.594,32.594,0,0,0,7.927,96.235,5.565,1265.227,0,5.578,5.581,NA,31
"5/26/2022 11:27:12 AM",0.066,29.475,49.185,77.927,70943.7,1032.595,32.595,0.101,0.101,0.189,7.929,96.362,5.572,1287.912,0,5.585,5.588,NA,31
"5/26/2022 11:27:12 AM",0.086,29.474,49.189,77.933,70949,1032.599,32.598,0.07,0.07,0.131,7.926,96.356,5.571,1080.269,0,5.584,5.587,NA,31
"5/26/2022 11:27:13 AM",0.089,29.475,49.188,77.933,70947.8,1032.598,32.597,0,0,0,7.927,96.496,5.58,1045.945,0,5.593,5.596,NA,31
"5/26/2022 11:27:13 AM",0.059,29.476,49.193,77.942,70954.3,1032.601,32.601,0,0,0,7.933,96.391,5.574,1102.444,0,5.587,5.59,NA,31
"5/26/2022 11:27:13 AM",0.025,29.478,49.194,77.945,70955,1032.601,32.601,0.039,0.039,0.087,7.934,96.51,5.581,1130.905,0,5.594,5.597,NA,31
"5/26/2022 11:27:13 AM",0,29.48,49.193,77.947,70953.3,1032.599,32.599,0.062,0.062,0.087,7.933,96.439,5.576,1260.979,0,5.589,5.592,NA,31
"5/26/2022 11:27:13 AM",0,29.482,49.192,77.949,70952.2,1032.598,32.598,0,0,0.015,7.935,96.31,5.569,1367.18,0,5.582,5.585,NA,31
"5/26/2022 11:27:14 AM",0,29.482,49.191,77.947,70950.6,1032.597,32.597,0.047,0.047,0.087,7.935,96.324,5.569,1373.042,0,5.582,5.586,NA,31
"5/26/2022 11:27:14 AM",0,29.482,49.192,77.948,70951.7,1032.597,32.598,0.062,0.062,0.16,7.937,96.458,5.577,1356.984,0,5.59,5.594,NA,31
"5/26/2022 11:27:14 AM",0,29.481,49.193,77.948,70953.3,1032.599,32.599,0.023,0.023,0.073,7.935,96.457,5.577,1340.332,0,5.59,5.593,NA,31
"5/26/2022 11:27:14 AM",0,29.48,49.196,77.95,70957.1,1032.602,32.602,0,0,0,7.933,96.425,5.575,1327.758,0,5.588,5.592,NA,31
"5/26/2022 11:27:14 AM",0,29.481,49.196,77.952,70957.6,1032.602,32.602,0.086,0.086,0.16,7.936,96.343,5.571,1330.562,0,5.584,5.587,NA,31
"5/26/2022 11:27:15 AM",0.016,29.481,49.197,77.954,70958.8,1032.602,32.602,0.07,0.07,0.131,7.94,96.381,5.573,1329.712,0,5.586,5.589,NA,31
"5/26/2022 11:27:15 AM",0.03,29.481,49.198,77.955,70959.5,1032.603,32.603,0.133,0.133,0.204,7.941,96.378,5.573,1312.55,0,5.586,5.589,NA,31
"5/26/2022 11:27:15 AM",0.075,29.483,49.202,77.963,70964.5,1032.606,32.605,0.156,0.156,0.189,7.939,96.369,5.572,1308.812,0,5.585,5.588,NA,31
"5/26/2022 11:27:15 AM",0.11,29.485,49.202,77.966,70964.2,1032.605,32.604,0.078,0.078,0.029,7.935,96.481,5.578,1002.7,0,5.591,5.594,NA,31
"5/26/2022 11:27:16 AM",0.146,29.486,49.201,77.966,70962.5,1032.604,32.603,0.031,0.031,0.044,7.93,96.378,5.572,989.277,0,5.585,5.588,NA,31
"5/26/2022 11:27:16 AM",0.181,29.486,49.203,77.969,70964.6,1032.605,32.604,0.07,0.07,0.102,7.926,96.383,5.572,970.5,0,5.585,5.588,NA,31
"5/26/2022 11:27:16 AM",0.199,29.487,49.203,77.97,70965.1,1032.605,32.604,0.125,0.125,0.262,7.926,96.387,5.572,901.428,0,5.585,5.588,NA,31
"5/26/2022 11:27:16 AM",0.193,29.487,49.204,77.972,70965.7,1032.605,32.605,0.047,0.047,0.044,7.93,96.328,5.569,975.428,0,5.582,5.585,NA,31
"5/26/2022 11:27:16 AM",0.188,29.488,49.202,77.971,70964.3,1032.604,32.604,0.047,0.047,0.058,7.933,96.426,5.575,1033.966,0,5.588,5.591,NA,31
"5/26/2022 11:27:17 AM",0.185,29.486,49.206,77.974,70969.3,1032.608,32.607,0.281,0.281,0.058,7.937,96.336,5.57,999.047,0,5.583,5.586,NA,31
"5/26/2022 11:27:17 AM",0.183,29.486,49.206,77.974,70969.5,1032.608,32.607,0.242,0.242,0.262,7.936,96.263,5.565,962.089,0,5.578,5.581,NA,31
"5/26/2022 11:27:17 AM",0.167,29.487,49.207,77.975,70969.5,1032.608,32.607,0.078,0.078,0.073,7.94,96.294,5.567,897.435,0,5.58,5.584,NA,31
"5/26/2022 11:27:17 AM",0.146,29.488,49.207,77.978,70970.2,1032.608,32.607,0.039,0.039,0.058,7.943,96.302,5.568,848.328,0,5.581,5.584,NA,31
"5/26/2022 11:27:17 AM",0.129,29.487,49.207,77.977,70970.2,1032.608,32.607,0.016,0.016,0.073,7.952,96.366,5.572,1040.253,0,5.585,5.588,NA,31
"5/26/2022 11:27:18 AM",0.106,29.488,49.209,77.979,70972.1,1032.609,32.608,0,0,0,7.957,96.4,5.574,1034.051,0,5.587,5.59,NA,31
"5/26/2022 11:27:18 AM",0.086,29.487,49.21,77.98,70973.4,1032.61,32.609,0.023,0.023,0.029,7.964,96.507,5.579,853.34,0,5.592,5.596,NA,31
"5/26/2022 11:27:18 AM",0.063,29.488,49.212,77.984,70975.8,1032.611,32.61,0.094,0.094,0.146,7.971,96.305,5.567,1144.074,0,5.58,5.583,NA,31
"5/26/2022 11:27:18 AM",0.065,29.488,49.212,77.984,70976.2,1032.611,32.611,0.023,0.023,0.029,7.975,96.37,5.571,1029.548,0,5.584,5.587,NA,31
"5/26/2022 11:27:18 AM",0.077,29.487,49.214,77.985,70978.6,1032.613,32.613,0,0,0,7.979,96.331,5.569,910.349,0,5.581,5.585,NA,31
"5/26/2022 11:27:19 AM",0.103,29.487,49.212,77.983,70976.9,1032.612,32.612,0.101,0.101,0.16,7.982,96.259,5.564,1070.669,0,5.577,5.58,NA,31
"5/26/2022 11:27:19 AM",0.127,29.484,49.215,77.983,70980.3,1032.615,32.614,0.055,0.055,0.087,7.983,96.406,5.573,1016.889,0,5.586,5.589,NA,31
"5/26/2022 11:27:19 AM",0.155,29.48,49.219,77.982,70985.5,1032.619,32.619,0,0,0,7.99,96.451,5.575,973.389,0,5.588,5.591,NA,31
"5/26/2022 11:27:19 AM",0.159,29.478,49.222,77.985,70990.5,1032.623,32.622,0.039,0.039,0.029,7.989,96.379,5.571,1085.367,0,5.584,5.587,NA,31
"5/26/2022 11:27:19 AM",0.146,29.478,49.22,77.982,70987.9,1032.621,32.621,0,0,0,7.986,96.311,5.567,1019.523,0,5.58,5.584,NA,31
"5/26/2022 11:27:20 AM",0.096,29.48,49.218,77.98,70984.7,1032.619,32.618,0.055,0.055,0.073,7.981,96.417,5.574,1069.479,0,5.587,5.59,NA,31
"5/26/2022 11:27:20 AM",0,29.48,49.218,77.981,70984.5,1032.618,32.618,0,0,0,7.974,96.24,5.564,1155.119,0,5.577,5.58,NA,31
"5/26/2022 11:27:20 AM",0,29.48,49.221,77.985,70988.1,1032.62,32.62,0,0,0,7.968,96.454,5.577,1361.827,0,5.59,5.593,NA,31
"5/26/2022 11:27:20 AM",0,29.48,49.223,77.989,70991.3,1032.622,32.622,0,0,0,7.966,96.436,5.575,1511.612,0,5.588,5.592,NA,31
"5/26/2022 11:27:20 AM",0,29.481,49.224,77.991,70992.5,1032.622,32.623,0.094,0.094,0.204,7.966,96.445,5.576,1574.822,0,5.589,5.593,NA,31
"5/26/2022 11:27:21 AM",0,29.483,49.224,77.993,70991.5,1032.621,32.622,0.023,0.023,0,7.969,96.424,5.575,1609.911,0,5.588,5.591,NA,31
"5/26/2022 11:27:21 AM",0,29.484,49.223,77.993,70990.3,1032.621,32.621,0.039,0.039,0,7.975,96.367,5.572,1683.996,0,5.585,5.589,NA,31
"5/26/2022 11:27:21 AM",0.019,29.483,49.225,77.995,70992.6,1032.622,32.622,0,0,0,7.977,96.347,5.571,1748.481,0,5.584,5.587,NA,31
"5/26/2022 11:27:21 AM",0.032,29.483,49.225,77.994,70993,1032.623,32.622,0.086,0.086,0.175,7.977,96.284,5.568,1830.043,0,5.581,5.584,NA,31
"5/26/2022 11:27:21 AM",0.054,29.483,49.227,77.997,70996,1032.625,32.624,0.047,0.047,0.16,7.972,96.369,5.572,1589.096,0,5.585,5.589,NA,31
"5/26/2022 11:27:22 AM",0.091,29.483,49.227,77.998,70996.3,1032.625,32.624,0.094,0.094,0.204,7.972,96.354,5.571,1554.602,0,5.584,5.587,NA,31
"5/26/2022 11:27:22 AM",0.159,29.485,49.23,78.004,70998.8,1032.626,32.625,0.016,0.016,0.044,7.974,96.385,5.573,1790.027,0,5.586,5.589,NA,31
"5/26/2022 11:27:22 AM",0.213,29.486,49.232,78.008,71001.3,1032.627,32.627,0,0,0,7.971,96.49,5.579,1437.442,0,5.592,5.595,NA,31
"5/26/2022 11:27:22 AM",0.261,29.487,49.231,78.008,70999.7,1032.626,32.625,0.047,0.047,0.044,7.971,96.547,5.582,1147.727,0,5.595,5.598,NA,31
"5/26/2022 11:27:22 AM",0.286,29.486,49.232,78.01,71001.9,1032.628,32.627,0.078,0.078,0.16,7.973,96.497,5.579,1353.161,0,5.592,5.595,NA,31
"5/26/2022 11:27:23 AM",0.291,29.486,49.234,78.012,71003.8,1032.629,32.628,0,0,0,7.977,96.457,5.576,1653.666,0,5.589,5.592,NA,31
"5/26/2022 11:27:23 AM",0.272,29.487,49.234,78.013,71003.3,1032.628,32.627,0.117,0.117,0.218,7.979,96.37,5.571,1509.998,0,5.584,5.587,NA,31
"5/26/2022 11:27:23 AM",0.246,29.489,49.233,78.015,71003,1032.628,32.627,0,0,0,7.982,96.376,5.572,1470.916,0,5.585,5.588,NA,31
"5/26/2022 11:27:23 AM",0.223,29.49,49.234,78.018,71003.5,1032.628,32.627,0.016,0.016,0.087,7.984,96.43,5.575,1668.109,0,5.588,5.591,NA,31
"5/26/2022 11:27:23 AM",0.192,29.49,49.234,78.017,71003.3,1032.627,32.627,0.101,0.101,0.233,7.984,96.333,5.569,1472.785,0,5.582,5.585,NA,31
"5/26/2022 11:27:24 AM",0.138,29.489,49.236,78.019,71006.1,1032.629,32.629,0,0,0,7.988,96.325,5.568,1770.146,0,5.581,5.584,NA,31
"5/26/2022 11:27:24 AM",0.098,29.489,49.236,78.019,71005.9,1032.629,32.628,0.094,0.094,0.204,7.993,96.431,5.574,1641.856,0,5.587,5.591,NA,31
"5/26/2022 11:27:24 AM",0.056,29.488,49.238,78.021,71008.8,1032.631,32.63,0,0,0,7.998,96.43,5.574,1779.407,0,5.587,5.59,NA,31
"5/26/2022 11:27:24 AM",0.019,29.488,49.239,78.021,71010.2,1032.631,32.631,0.047,0.047,0.073,8.003,96.353,5.57,1795.379,0,5.583,5.586,NA,31
"5/26/2022 11:27:24 AM",0.018,29.488,49.239,78.021,71010.5,1032.632,32.632,0,0,0,8.009,96.433,5.574,2214.743,0,5.587,5.59,NA,31
"5/26/2022 11:27:25 AM",0.021,29.487,49.24,78.021,71010.9,1032.632,32.632,0,0,0,8.014,96.343,5.569,2073.114,0,5.582,5.585,NA,31
"5/26/2022 11:27:25 AM",0.026,29.487,49.238,78.019,71008.6,1032.631,32.631,0.07,0.07,0.044,8.015,96.36,5.57,1842.787,0,5.583,5.586,NA,31
"5/26/2022 11:27:25 AM",0.006,29.486,49.243,78.025,71015.3,1032.635,32.635,0,0,0,8.022,96.333,5.569,1842.192,0,5.582,5.585,NA,31
"5/26/2022 11:27:25 AM",0,29.486,49.243,78.023,71014.8,1032.635,32.635,0,0,0,8.027,96.376,5.571,2121.287,0,5.584,5.588,NA,31
"5/26/2022 11:27:26 AM",0,29.486,49.243,78.024,71014.6,1032.634,32.635,0,0,2.069,8.029,96.317,5.568,2138.109,0,5.581,5.584,NA,31
"5/26/2022 11:27:26 AM",0,29.493,49.214,77.993,70977.8,1032.61,32.61,4.002,4.002,4.829,8.024,96.408,5.575,2194.182,0,5.588,5.591,NA,31
"5/26/2022 11:27:26 AM",0.002,29.491,49.23,78.014,70999,1032.624,32.624,1.708,1.708,3.339,8.016,96.294,5.568,1588.926,0,5.581,5.584,NA,31
"5/26/2022 11:27:26 AM",0.089,29.49,49.234,78.017,71003.2,1032.627,32.627,1.981,1.981,4.04,8.012,96.383,5.573,1232.858,0,5.586,5.59,NA,31
"5/26/2022 11:27:26 AM",0.126,29.489,49.109,77.843,70846.5,1032.533,32.532,4.345,4.345,4.931,8.012,96.373,5.577,1612.205,0,5.59,5.593,NA,31
"5/26/2022 11:27:27 AM",0.108,29.483,49.127,77.861,70870.8,1032.549,32.548,1.646,1.646,3.076,8.013,96.331,5.574,1346.11,0,5.587,5.59,NA,31
"5/26/2022 11:27:27 AM",0.037,29.484,49.238,78.015,71009.5,1032.632,32.632,1.053,1.053,2.478,8.02,96.286,5.568,1662.247,0,5.581,5.584,NA,31
"5/26/2022 11:27:27 AM",0.072,29.486,49.243,78.024,71015.8,1032.636,32.635,0.811,0.811,2.58,8.026,96.518,5.581,1641.261,0,5.594,5.597,NA,31
"5/26/2022 11:27:27 AM",0.053,29.49,49.183,77.946,70939.3,1032.588,32.588,0.655,0.655,1.034,8.033,96.398,5.576,1621.975,0,5.589,5.592,NA,31
"5/26/2022 11:27:27 AM",0,29.502,49.054,77.787,70776.9,1032.486,32.487,2.036,2.036,3.222,8.04,96.413,5.581,1891.384,0,5.594,5.597,NA,31
"5/26/2022 11:27:28 AM",0,29.516,38.394,62.776,57102.8,1024.439,24.44,3.612,3.612,0.393,8.041,96.348,5.915,2193.758,0,5.931,5.932,NA,31
"5/26/2022 11:27:28 AM",0,29.531,3.253,6.556,5961.4,998.22,0,25.75,25.75,22.881,8.038,96.635,7.199,2281.946,0,7.22,7.22,NA,31
"5/26/2022 11:27:28 AM",0,29.542,1.588,3.338,3035.1,996.974,0,250.638,250.638,0,8.034,96.76,7.274,2304.886,0,7.295,7.295,NA,31
"5/26/2022 11:27:28 AM",0,29.406,1.713,3.578,3262,997.109,0,366.276,366.276,90.42,8.041,96.422,7.242,2291.887,0,7.263,7.263,NA,31
"5/26/2022 11:27:28 AM",0,29.221,1.392,2.929,2680.5,996.924,0,238.235,238.235,18.809,8.05,96.249,7.241,2287.044,0,7.262,7.262,NA,31
"5/26/2022 11:27:29 AM",0,29.287,1.076,2.297,2099.4,996.668,0,239.787,239.787,263.319,8.057,96.251,7.254,2285.6,0,7.275,7.275,NA,31
"5/26/2022 11:27:29 AM",0,29.112,0.912,1.957,1794.2,996.597,0,203.607,203.607,3.47,8.063,95.773,7.224,2243.884,0,7.245,7.245,NA,31
"5/26/2022 11:27:29 AM",0,28.997,0.797,1.717,1578,996.545,0,267.191,267.191,0,8.067,95.924,7.24,2163.002,0,7.261,7.261,NA,31
"5/26/2022 11:27:29 AM",0,29.194,0.702,1.525,1396.5,996.416,0,49.238,49.238,0,8.065,96.19,7.263,2137.344,0,7.284,7.284,NA,31
"5/26/2022 11:27:29 AM",0,29.292,0.644,1.407,1285.8,996.343,0,0,0,0,8.061,96.054,7.256,2112.281,0,7.277,7.277,NA,31
"5/26/2022 11:27:30 AM",0,29.338,0.634,1.388,1267.2,996.322,0,0,0,51.583,8.058,96.038,7.254,2154.251,0,7.275,7.275,NA,31
"5/26/2022 11:27:30 AM",0,29.322,0.649,1.418,1295.1,996.338,0,244.873,244.873,20.11,8.053,95.939,7.247,2095.204,0,7.268,7.268,NA,31
"5/26/2022 11:27:30 AM",0,29.181,0.61,1.332,1220.2,996.35,0,24.432,24.432,5.648,8.048,95.944,7.248,2188.575,0,7.269,7.269,NA,31
"5/26/2022 11:27:30 AM",0,29.141,0.575,1.258,1153.2,996.336,0,0,0,0,8.045,95.758,7.236,2194.522,0,7.257,7.257,NA,31
"5/26/2022 11:27:30 AM",0,29.025,0.549,1.202,1103.9,996.351,0,0,0,0,8.044,95.657,7.229,2284.835,0,7.25,7.25,NA,31
"5/26/2022 11:27:31 AM",0,28.999,0.523,1.146,1053.5,996.339,0,0,0,0,8.045,95.71,7.235,2325.786,0,7.255,7.256,NA,31
"5/26/2022 11:27:31 AM",0,29.034,0.5,1.097,1007.4,996.311,0,132.379,132.379,0,8.04,95.607,7.228,2336.236,0,7.249,7.249,NA,31
"5/26/2022 11:27:31 AM",0,29.052,0.471,1.036,951,996.284,0,67.508,67.508,0,8.033,95.682,7.234,2157.395,0,7.255,7.255,NA,31
"5/26/2022 11:27:31 AM",0,29.11,20.205,35.065,32157.1,1010.963,10.964,12.848,12.848,16.977,8.034,95.691,6.49,2287.299,0,6.509,6.508,NA,31
"5/26/2022 11:27:31 AM",0,29.392,47.178,75.04,68428.1,1031.105,31.105,4.883,4.883,6.291,8.035,95.653,5.593,2329.524,0,5.606,5.609,NA,31
"5/26/2022 11:27:32 AM",0,29.458,49.258,78.005,71037.3,1032.655,32.656,2.278,2.278,2.521,8.04,95.588,5.526,2326.296,0,5.539,5.542,NA,31
"5/26/2022 11:27:32 AM",0,29.469,49.249,78.008,71024.3,1032.645,32.645,1.872,1.872,1.865,8.043,95.79,5.539,2294.435,0,5.551,5.555,NA,31
"5/26/2022 11:27:32 AM",0,29.475,49.242,78.006,71015,1032.638,32.638,1.404,1.404,2.434,8.046,95.893,5.546,2273.62,0,5.559,5.562,NA,31
"5/26/2022 11:27:32 AM",0,29.476,49.244,78.011,71018.3,1032.639,32.64,1.17,1.17,2.448,8.047,96.062,5.556,2272.261,0,5.569,5.572,NA,31
"5/26/2022 11:27:32 AM",0,29.477,49.243,78.01,71015.8,1032.637,32.638,0.679,0.679,1.763,8.049,96.144,5.56,2277.358,0,5.573,5.576,NA,31
"5/26/2022 11:27:33 AM",0,29.479,49.248,78.021,71022.4,1032.641,32.641,0.858,0.858,1.967,8.054,96.209,5.565,2268.098,0,5.578,5.581,NA,31
"5/26/2022 11:27:33 AM",0,29.479,1.711,3.578,3256.7,997.085,0,504.537,504.537,1056.133,8.062,96.111,7.223,2277.953,0,7.244,7.244,NA,31
"5/26/2022 11:27:33 AM",0,29.46,1.215,2.586,2354.8,996.72,0,285.656,285.656,181.152,8.067,96.365,7.262,2285.769,0,7.283,7.283,NA,31
"5/26/2022 11:27:33 AM",0,29.376,1.011,2.168,1977.8,996.593,0,195.214,195.214,79.766,8.072,96.328,7.267,2277.868,0,7.288,7.288,NA,31
"5/26/2022 11:27:33 AM",0,29.32,0.834,1.803,1646.1,996.477,0,310.181,310.181,0,8.077,96.249,7.267,2282.966,0,7.288,7.288,NA,31
"5/26/2022 11:27:34 AM",0,29.283,0.751,1.63,1489.6,996.426,0,18.254,18.254,0,8.079,96.263,7.271,2247.367,0,7.292,7.292,NA,31
"5/26/2022 11:27:34 AM",0,29.374,0.637,1.395,1272.3,996.314,0,0,0,0,8.076,96.387,7.284,2186.876,0,7.305,7.305,NA,31
"5/26/2022 11:27:34 AM",0,29.859,0.62,1.371,1239,996.156,0,0,0,0,8.079,96.853,7.32,2122.391,0,7.341,7.341,NA,31
"5/26/2022 11:27:34 AM",0,30.057,0.564,1.258,1131.8,996.054,0,354.31,354.31,0,8.079,95.969,7.255,2120.352,0,7.276,7.276,NA,31
"5/26/2022 11:27:34 AM",0,29.856,38.579,63.437,57314.3,1024.461,24.462,126.669,126.669,0,8.081,96.145,5.895,2083.819,0,5.911,5.913,NA,31
"5/26/2022 11:27:35 AM",0,29.558,41.763,67.654,61488.3,1026.96,26.961,30.134,30.134,0,8.081,96.111,5.792,2027.405,0,5.807,5.809,NA,31
"5/26/2022 11:27:35 AM",0.02,29.49,49.213,77.987,70976.8,1032.611,32.611,3.549,3.549,0,8.081,96.313,5.572,2041.424,0,5.585,5.588,NA,31
"5/26/2022 11:27:35 AM",0.079,29.484,49.261,78.046,71038.2,1032.65,32.649,3.089,3.089,1.836,8.081,96.15,5.56,1539.054,0,5.573,5.576,NA,31
"5/26/2022 11:27:35 AM",0.134,29.48,49.249,78.024,71023.3,1032.642,32.641,1.701,1.701,1.69,8.076,96.244,5.567,1123.259,0,5.58,5.583,NA,31
"5/26/2022 11:27:35 AM",0.171,29.479,49.256,78.031,71032.2,1032.648,32.647,0.889,0.889,0.932,8.073,96.301,5.57,1109.495,0,5.583,5.586,NA,31
"5/26/2022 11:27:36 AM",0.171,29.479,49.256,78.031,71032.1,1032.648,32.647,0.335,0.335,0.131,8.065,96.389,5.575,1785.354,0,5.588,5.591,NA,31
"5/26/2022 11:27:36 AM",0.15,29.478,49.26,78.035,71037.2,1032.651,32.65,0.187,0.187,0,8.065,96.318,5.571,1861.733,0,5.584,5.587,NA,31
"5/26/2022 11:27:36 AM",0.127,29.479,49.26,78.037,71037.5,1032.651,32.65,0.14,0.14,0,8.065,96.295,5.569,1516.455,0,5.582,5.586,NA,31
"5/26/2022 11:27:36 AM",0.098,29.48,49.26,78.039,71037.1,1032.65,32.65,0.078,0.078,0,8.067,96.338,5.572,1573.123,0,5.585,5.588,NA,31
"5/26/2022 11:27:37 AM",0.073,29.48,49.259,78.038,71036.2,1032.65,32.649,0.039,0.039,0,8.069,96.341,5.572,1549.419,0,5.585,5.589,NA,31
"5/26/2022 11:27:37 AM",0.037,29.482,49.258,78.039,71035,1032.648,32.648,0.047,0.047,0,8.076,96.271,5.568,1635.569,0,5.581,5.584,NA,31
"5/26/2022 11:27:37 AM",0.007,29.481,49.257,78.037,71033.8,1032.648,32.647,0.195,0.195,0.218,8.078,96.256,5.567,1788.327,0,5.58,5.583,NA,31
"5/26/2022 11:27:37 AM",0,29.482,49.259,78.04,71035.7,1032.648,32.649,0.242,0.242,0.218,8.082,96.282,5.569,2017.04,0,5.582,5.585,NA,31
"5/26/2022 11:27:37 AM",0,29.482,49.267,78.051,71045.2,1032.654,32.654,0.164,0.164,0.146,8.082,96.42,5.577,2063.344,0,5.59,5.593,NA,31
"5/26/2022 11:27:38 AM",0,29.486,49.315,78.123,71105.4,1032.689,32.689,0.382,0.382,0.262,8.083,96.383,5.573,2077.362,0,5.586,5.59,NA,31
"5/26/2022 11:27:38 AM",0.136,29.499,49.25,78.053,71022.6,1032.636,32.636,0.226,0.226,0.349,8.081,96.469,5.58,2032.758,0,5.593,5.596,NA,31
"5/26/2022 11:27:38 AM",0.263,29.488,49.257,78.046,71032.7,1032.646,32.645,0.788,0.788,1.821,8.081,96.42,5.577,1329.457,0,5.59,5.593,NA,31
"5/26/2022 11:27:38 AM",0.359,29.481,49.261,78.042,71039.2,1032.652,32.651,0.71,0.71,1.501,8.075,96.338,5.572,1492.156,0,5.585,5.588,NA,31
"5/26/2022 11:27:38 AM",0.46,29.477,49.269,78.047,71049.2,1032.66,32.658,0.367,0.367,0.67,8.067,96.351,5.573,1362.762,0,5.586,5.589,NA,31
"5/26/2022 11:27:39 AM",0.684,29.477,49.278,78.059,71060.3,1032.668,32.665,0.218,0.218,0.291,8.069,96.585,5.586,1252.823,0,5.599,5.603,NA,31
"5/26/2022 11:27:39 AM",0.854,29.48,49.279,78.065,71061.7,1032.668,32.665,0.086,0.086,0.015,8.07,96.45,5.579,1132.944,0,5.592,5.595,NA,31
"5/26/2022 11:27:39 AM",1.039,29.479,49.281,78.066,71063.6,1032.67,32.666,0.047,0.047,0,8.072,96.446,5.579,1018.588,0,5.592,5.595,NA,31
"5/26/2022 11:27:39 AM",1.232,29.48,49.289,78.08,71074.1,1032.677,32.672,0.039,0.039,0,8.071,96.464,5.579,930.909,0,5.592,5.596,NA,31
"5/26/2022 11:27:39 AM",1.423,29.483,49.293,78.089,71079.3,1032.68,32.674,0,0,0,8.072,96.473,5.58,1041.612,0,5.593,5.596,NA,31
"5/26/2022 11:27:40 AM",1.695,29.485,49.305,78.108,71093.6,1032.689,32.682,0,0,0,8.074,96.472,5.58,903.807,0,5.593,5.596,NA,31
"5/26/2022 11:27:40 AM",1.862,29.486,49.308,78.115,71097.7,1032.692,32.684,0,0,0,8.073,96.429,5.577,710.692,0,5.59,5.593,NA,31
"5/26/2022 11:27:40 AM",2.02,29.486,49.315,78.124,71106.1,1032.698,32.689,0,0,0,8.072,96.497,5.581,578.154,0,5.594,5.597,NA,31
"5/26/2022 11:27:40 AM",2.182,29.487,49.316,78.128,71108.2,1032.7,32.69,0,0,0,8.069,96.41,5.576,351.905,0,5.589,5.592,NA,31
"5/26/2022 11:27:40 AM",2.361,29.485,49.319,78.127,71111.6,1032.703,32.693,0,0,0,8.06,96.467,5.58,141.884,0,5.593,5.596,NA,31
"5/26/2022 11:27:41 AM",2.498,29.485,49.316,78.124,71107.6,1032.701,32.69,0,0,0,8.051,96.495,5.581,87.509,0,5.594,5.597,NA,31
"5/26/2022 11:27:41 AM",2.649,29.487,49.312,78.122,71103.4,1032.699,32.687,0,0,0,8.042,96.493,5.581,66.694,0,5.594,5.597,NA,31
"5/26/2022 11:27:41 AM",2.815,29.487,49.313,78.124,71104.7,1032.7,32.688,0,0,0.015,8.039,96.536,5.583,52.76,0,5.596,5.599,NA,31
"5/26/2022 11:27:41 AM",2.994,29.486,49.313,78.122,71104.7,1032.701,32.688,0,0,0.728,8.039,96.534,5.584,45.709,0,5.597,5.6,NA,31
"5/26/2022 11:27:41 AM",3.274,29.484,49.321,78.13,71115.4,1032.709,32.695,0.803,0.803,2.726,8.043,96.358,5.573,55.479,0,5.586,5.589,NA,31
"5/26/2022 11:27:42 AM",3.436,29.484,49.325,78.135,71119.5,1032.712,32.698,1.677,1.677,4.171,8.04,96.464,5.58,183.344,0,5.593,5.596,NA,31
"5/26/2022 11:27:42 AM",3.566,29.48,49.33,78.137,71126.1,1032.718,32.703,0.874,0.874,1.967,8.034,96.443,5.578,380.197,0,5.591,5.594,NA,31
"5/26/2022 11:27:42 AM",3.714,29.478,49.336,78.143,71134.6,1032.724,32.708,0.429,0.429,0.888,8.033,96.419,5.577,505.683,0,5.59,5.593,NA,31
"5/26/2022 11:27:42 AM",3.944,29.478,49.34,78.148,71139.2,1032.728,32.711,0.133,0.133,0.262,8.038,96.365,5.573,660.311,0,5.586,5.589,NA,31
"5/26/2022 11:27:42 AM",4.102,29.478,49.34,78.148,71139.9,1032.729,32.711,0.055,0.055,0.029,8.04,96.448,5.578,574.246,0,5.591,5.594,NA,31
"5/26/2022 11:27:43 AM",4.281,29.477,49.343,78.15,71143.4,1032.732,32.714,0,0,0,8.042,96.434,5.578,581.977,0,5.591,5.594,NA,31
"5/26/2022 11:27:43 AM",4.432,29.477,49.344,78.153,71145,1032.733,32.715,0,0,0,8.047,96.526,5.583,405.94,0,5.596,5.599,NA,31
"5/26/2022 11:27:43 AM",4.591,29.477,49.343,78.151,71144.4,1032.734,32.714,0,0,0,8.054,96.477,5.58,252.842,0,5.593,5.596,NA,31
"5/26/2022 11:27:43 AM",4.804,29.467,49.347,78.142,71150.2,1032.741,32.721,0,0,0,8.065,96.422,5.577,82.157,0,5.59,5.594,NA,31
"5/26/2022 11:27:43 AM",4.961,29.467,49.343,78.137,71145.1,1032.738,32.717,0,0,0,8.062,96.501,5.583,49.447,0,5.596,5.599,NA,31
"5/26/2022 11:27:44 AM",5.147,29.471,49.332,78.127,71131.1,1032.73,32.708,0.203,0.203,0.175,8.053,96.528,5.584,41.885,0,5.597,5.6,NA,31
"5/26/2022 11:27:44 AM",5.312,29.467,49.333,78.123,71132.3,1032.732,32.71,1.841,1.841,4.215,8.045,96.486,5.582,75.275,0,5.595,5.598,NA,31
"5/26/2022 11:27:44 AM",5.448,29.461,49.341,78.126,71143.9,1032.741,32.718,0.757,0.757,1.661,8.044,96.403,5.577,255.815,0,5.59,5.593,NA,31
"5/26/2022 11:27:44 AM",5.662,29.454,49.351,78.129,71157.1,1032.752,32.728,0.211,0.211,0.422,8.042,96.303,5.571,528.537,0,5.584,5.588,NA,31
"5/26/2022 11:27:44 AM",5.803,29.453,49.36,78.141,71168.8,1032.76,32.735,0.133,0.133,0.218,8.045,96.335,5.572,610.269,0,5.585,5.589,NA,31
"5/26/2022 11:27:45 AM",5.966,29.451,49.361,78.139,71170.1,1032.762,32.737,0.07,0.07,0.073,8.048,96.473,5.581,696.929,0,5.594,5.597,NA,31
"5/26/2022 11:27:45 AM",6.149,29.444,49.357,78.124,71165.9,1032.762,32.736,0.031,0.031,0.044,8.055,96.419,5.578,515.539,0,5.591,5.594,NA,31
"5/26/2022 11:27:45 AM",6.406,29.432,49.372,78.128,71187.2,1032.779,32.752,0.016,0.016,0,8.063,96.378,5.575,481.979,0,5.588,5.591,NA,31
"5/26/2022 11:27:45 AM",6.57,29.433,49.366,78.12,71178.6,1032.775,32.747,0,0,0,8.069,96.502,5.584,435.081,0,5.597,5.6,NA,31
"5/26/2022 11:27:45 AM",6.719,29.417,49.362,78.092,71175.5,1032.778,32.749,0,0,0,8.074,96.293,5.572,289.969,0,5.585,5.588,NA,31
"5/26/2022 11:27:46 AM",6.867,29.409,49.365,78.085,71180.3,1032.783,32.754,0,0,0,8.076,96.297,5.572,232.196,0,5.585,5.588,NA,31
"5/26/2022 11:27:46 AM",6.999,29.404,49.368,78.083,71185.3,1032.788,32.759,0,0,0,8.079,96.352,5.575,257.005,0,5.588,5.591,NA,31
"5/26/2022 11:27:46 AM",7.194,29.401,49.362,78.07,71178.5,1032.786,32.755,0.039,0.039,0,8.077,96.36,5.577,183.429,0,5.59,5.593,NA,31
"5/26/2022 11:27:46 AM",7.345,29.398,49.366,78.071,71183.6,1032.791,32.759,0.156,0.156,0.277,8.067,96.415,5.581,263.886,0,5.594,5.597,NA,31
"5/26/2022 11:27:46 AM",7.492,29.395,49.371,78.073,71190.6,1032.796,32.764,0.14,0.14,0.306,8.06,96.431,5.582,331.685,0,5.595,5.598,NA,31
"5/26/2022 11:27:47 AM",7.622,29.394,49.372,78.074,71192.1,1032.798,32.765,0.133,0.133,0.248,8.06,96.453,5.583,363.715,0,5.596,5.599,NA,31
"5/26/2022 11:27:47 AM",7.815,29.392,49.375,78.076,71196.2,1032.802,32.768,0.094,0.094,0.102,8.063,96.376,5.579,420.978,0,5.592,5.595,NA,31
"5/26/2022 11:27:47 AM",7.944,29.392,49.373,78.073,71193.8,1032.801,32.767,0.062,0.062,0.073,8.064,96.242,5.571,468.895,0,5.584,5.587,NA,31
"5/26/2022 11:27:47 AM",8.071,29.39,49.375,78.073,71196.5,1032.803,32.769,0.055,0.055,0.058,8.067,96.374,5.578,532.191,0,5.591,5.595,NA,31
"5/26/2022 11:27:48 AM",8.232,29.39,49.377,78.074,71198.4,1032.805,32.77,0.047,0.047,0.029,8.07,96.371,5.578,463.968,0,5.591,5.594,NA,31
"5/26/2022 11:27:48 AM",8.441,29.389,49.376,78.072,71198.3,1032.806,32.77,0.055,0.055,0,8.07,96.45,5.583,393.536,0,5.596,5.6,NA,31
"5/26/2022 11:27:48 AM",8.744,29.388,49.377,78.072,71199.1,1032.808,32.771,0,0,0,8.069,96.47,5.585,501.18,0,5.598,5.601,NA,31
"5/26/2022 11:27:48 AM",8.911,29.387,49.378,78.072,71200.2,1032.81,32.772,0,0,0,8.072,96.4,5.581,364.904,0,5.594,5.597,NA,31
"5/26/2022 11:27:48 AM",9.069,29.387,49.378,78.072,71200.7,1032.811,32.772,0,0,0,8.077,96.405,5.581,208.832,0,5.594,5.597,NA,31
"5/26/2022 11:27:49 AM",9.217,29.387,49.377,78.072,71200.4,1032.811,32.772,0,0,0,8.081,96.482,5.586,98.129,0,5.599,5.602,NA,31
"5/26/2022 11:27:49 AM",9.448,29.385,49.38,78.073,71203.7,1032.815,32.774,0.281,0.281,0.583,8.076,96.401,5.581,199.402,0,5.594,5.597,NA,31
"5/26/2022 11:27:49 AM",9.591,29.383,49.382,78.072,71206.7,1032.818,32.777,0.179,0.179,0.335,8.065,96.297,5.576,294.132,0,5.589,5.592,NA,31
"5/26/2022 11:27:49 AM",9.697,29.382,49.381,78.069,71205.3,1032.818,32.776,0.117,0.117,0.204,8.061,96.301,5.575,350.206,0,5.588,5.591,NA,31
"5/26/2022 11:27:49 AM",9.812,29.381,49.382,78.071,71207.4,1032.819,32.778,0.078,0.078,0.116,8.069,96.446,5.583,444.512,0,5.597,5.6,NA,31
"5/26/2022 11:27:50 AM",9.925,29.381,49.384,78.072,71209.1,1032.821,32.779,0.047,0.047,0.073,8.078,96.372,5.579,458.02,0,5.592,5.596,NA,31
"5/26/2022 11:27:50 AM",10.001,29.381,49.383,78.071,71208,1032.821,32.778,0.047,0.047,0.029,8.087,96.38,5.58,351.82,0,5.593,5.596,NA,31
"5/26/2022 11:27:50 AM",10.024,29.381,49.384,78.074,71210,1032.822,32.779,0.039,0.039,0.044,8.091,96.427,5.582,333.639,0,5.595,5.598,NA,31
"5/26/2022 11:27:50 AM",10.052,29.381,49.385,78.075,71211.4,1032.823,32.78,0.047,0.047,0.029,8.094,96.431,5.583,348.847,0,5.596,5.599,NA,31
"5/26/2022 11:27:50 AM",10.125,29.381,49.383,78.072,71208.6,1032.821,32.778,0.055,0.055,0.029,8.1,96.524,5.588,347.317,0,5.601,5.604,NA,31
"5/26/2022 11:27:51 AM",10.21,29.381,49.385,78.074,71210.8,1032.823,32.78,0.039,0.039,0.029,8.106,96.405,5.581,397.614,0,5.594,5.597,NA,31
"5/26/2022 11:27:51 AM",10.25,29.381,49.387,78.077,71213.3,1032.825,32.781,0.055,0.055,0.029,8.109,96.353,5.578,402.711,0,5.591,5.594,NA,31
"5/26/2022 11:27:51 AM",10.316,29.381,49.387,78.077,71213.4,1032.825,32.781,0.047,0.047,0.058,8.115,96.364,5.579,330.58,0,5.592,5.595,NA,31
"5/26/2022 11:27:51 AM",10.431,29.381,49.386,78.076,71212.5,1032.825,32.78,0.039,0.039,0.029,8.116,96.346,5.578,270.513,0,5.591,5.594,NA,31
"5/26/2022 11:27:51 AM",10.578,29.381,49.387,78.077,71213.7,1032.826,32.781,0.039,0.039,0.015,8.113,96.395,5.581,257.684,0,5.594,5.597,NA,31
"5/26/2022 11:27:52 AM",10.841,29.38,49.389,78.079,71216.2,1032.829,32.783,0.031,0.031,0,8.104,96.308,5.576,310.105,0,5.589,5.592,NA,31
"5/26/2022 11:27:52 AM",11.043,29.381,49.39,78.082,71218.2,1032.831,32.784,0.031,0.031,0.015,8.101,96.352,5.578,333.639,0,5.591,5.594,NA,31
"5/26/2022 11:27:52 AM",11.234,29.38,49.392,78.083,71220.6,1032.833,32.785,0.023,0.023,0,8.098,96.297,5.575,329.9,0,5.588,5.591,NA,31
"5/26/2022 11:27:52 AM",11.415,29.38,49.392,78.084,71220.3,1032.834,32.785,0.031,0.031,0,8.099,96.427,5.584,300.334,0,5.597,5.6,NA,31
"5/26/2022 11:27:52 AM",11.577,29.381,49.393,78.085,71221.1,1032.835,32.785,0.07,0.07,0.058,8.103,96.359,5.579,306.282,0,5.592,5.595,NA,31
"5/26/2022 11:27:53 AM",11.78,29.38,49.396,78.09,71226,1032.839,32.789,0.062,0.062,0.087,8.107,96.49,5.587,338.057,0,5.6,5.604,NA,31
"5/26/2022 11:27:53 AM",11.919,29.38,49.396,78.09,71225.8,1032.839,32.788,0.062,0.062,0.044,8.105,96.503,5.588,347.912,0,5.601,5.604,NA,31
"5/26/2022 11:27:53 AM",12.067,29.38,49.397,78.091,71227.6,1032.841,32.789,0.055,0.055,0.058,8.104,96.37,5.579,342.39,0,5.592,5.596,NA,31
"5/26/2022 11:27:53 AM",12.224,29.381,49.397,78.092,71227.1,1032.841,32.789,0.047,0.047,0.058,8.108,96.482,5.587,314.183,0,5.6,5.603,NA,31
"5/26/2022 11:27:53 AM",12.455,29.381,49.397,78.092,71227.4,1032.842,32.789,0.023,0.023,0.015,8.114,96.404,5.582,270.004,0,5.595,5.598,NA,31
"5/26/2022 11:27:54 AM",12.625,29.381,49.398,78.094,71229.1,1032.844,32.79,0.031,0.031,0.029,8.116,96.469,5.585,282.323,0,5.599,5.602,NA,31
"5/26/2022 11:27:54 AM",12.801,29.381,49.401,78.097,71232.4,1032.846,32.792,0.047,0.047,0,8.118,96.422,5.583,322.764,0,5.596,5.599,NA,31
"5/26/2022 11:27:54 AM",12.958,29.381,49.402,78.099,71233.6,1032.848,32.793,0.039,0.039,0,8.117,96.418,5.583,346.723,0,5.596,5.599,NA,31
"5/26/2022 11:27:54 AM",13.072,29.381,49.402,78.1,71233.8,1032.848,32.793,0.055,0.055,0.058,8.118,96.421,5.583,316.052,0,5.596,5.6,NA,31
"5/26/2022 11:27:54 AM",13.112,29.381,49.402,78.099,71233.6,1032.848,32.792,0.047,0.047,0.073,8.119,96.324,5.577,303.138,0,5.59,5.593,NA,31
"5/26/2022 11:27:55 AM",13.154,29.381,49.403,78.1,71234.4,1032.849,32.793,0.055,0.055,0.073,8.118,96.427,5.583,277.055,0,5.596,5.599,NA,31
"5/26/2022 11:27:55 AM",13.205,29.381,49.402,78.099,71234.1,1032.849,32.793,0.055,0.055,0.029,8.119,96.408,5.582,236.614,0,5.595,5.598,NA,31
"5/26/2022 11:27:55 AM",13.239,29.381,49.403,78.101,71235.1,1032.85,32.793,0.047,0.047,0.044,8.121,96.4,5.581,222.086,0,5.594,5.598,NA,31
"5/26/2022 11:27:55 AM",13.234,29.382,49.406,78.106,71238.5,1032.852,32.795,0.047,0.047,0.029,8.126,96.389,5.58,223.7,0,5.593,5.597,NA,31
"5/26/2022 11:27:55 AM",13.213,29.382,49.405,78.105,71237.5,1032.851,32.795,0.039,0.039,0.058,8.132,96.481,5.586,228.968,0,5.599,5.602,NA,31
"5/26/2022 11:27:56 AM",13.187,29.382,49.405,78.105,71237.8,1032.851,32.795,0.047,0.047,0.029,8.136,96.338,5.577,222.936,0,5.59,5.593,NA,31
"5/26/2022 11:27:56 AM",13.159,29.382,49.405,78.105,71237.9,1032.851,32.795,0.047,0.047,0.029,8.14,96.314,5.576,215.289,0,5.589,5.592,NA,31
"5/26/2022 11:27:56 AM",13.158,29.382,49.407,78.108,71240.3,1032.852,32.796,0.039,0.039,0.044,8.138,96.445,5.584,203.65,0,5.597,5.6,NA,31
"5/26/2022 11:27:56 AM",13.182,29.381,49.41,78.109,71243.3,1032.855,32.798,0.031,0.031,0.044,8.138,96.389,5.581,203.31,0,5.594,5.597,NA,31
"5/26/2022 11:27:56 AM",13.158,29.381,49.409,78.109,71242.2,1032.854,32.798,0.031,0.031,0.029,8.141,96.4,5.581,198.212,0,5.594,5.597,NA,31
"5/26/2022 11:27:57 AM",13.079,29.381,49.41,78.111,71244.3,1032.855,32.799,0.047,0.047,0.044,8.143,96.5,5.587,211.296,0,5.6,5.603,NA,31
"5/26/2022 11:27:57 AM",12.977,29.382,49.411,78.113,71244.7,1032.854,32.799,0.055,0.055,0.015,8.144,96.489,5.586,218.603,0,5.599,5.602,NA,31
"5/26/2022 11:27:57 AM",12.855,29.381,49.412,78.113,71245.4,1032.854,32.8,0.047,0.047,0.073,8.139,96.464,5.585,218.433,0,5.598,5.601,NA,31
"5/26/2022 11:27:57 AM",12.676,29.382,49.413,78.115,71246.7,1032.854,32.8,0.039,0.039,0,8.132,96.458,5.584,208.492,0,5.597,5.601,NA,31
"5/26/2022 11:27:58 AM",12.598,29.382,49.411,78.113,71244.8,1032.853,32.799,0.047,0.047,0.029,8.131,96.416,5.582,215.289,0,5.595,5.598,NA,31
"5/26/2022 11:27:58 AM",12.549,29.382,49.413,78.115,71247.2,1032.854,32.801,0.039,0.039,0.015,8.13,96.366,5.579,233.046,0,5.592,5.595,NA,31
"5/26/2022 11:27:58 AM",12.518,29.382,49.414,78.117,71248,1032.854,32.801,0.039,0.039,0.029,8.131,96.394,5.581,240.267,0,5.594,5.597,NA,31
"5/26/2022 11:27:58 AM",12.436,29.381,49.418,78.12,71253.4,1032.858,32.805,0.039,0.039,0.044,8.135,96.365,5.579,225.484,0,5.592,5.595,NA,31
"5/26/2022 11:27:58 AM",12.382,29.381,49.417,78.12,71252.6,1032.857,32.804,0.039,0.039,0.029,8.141,96.408,5.581,216.818,0,5.594,5.598,NA,31
"5/26/2022 11:27:59 AM",12.331,29.382,49.418,78.122,71253.2,1032.857,32.804,0.039,0.039,0,8.148,96.399,5.58,212.231,0,5.593,5.597,NA,31
"5/26/2022 11:27:59 AM",12.298,29.381,49.419,78.122,71254.4,1032.858,32.805,0.047,0.047,0,8.15,96.329,5.576,219.707,0,5.589,5.593,NA,31
"5/26/2022 11:27:59 AM",12.267,29.381,49.419,78.122,71254.1,1032.857,32.805,0.039,0.039,0,8.155,96.416,5.582,245.365,0,5.595,5.598,NA,31
"5/26/2022 11:27:59 AM",12.258,29.382,49.421,78.126,71256.9,1032.859,32.807,0.031,0.031,0,8.162,96.35,5.578,260.828,0,5.591,5.594,NA,31
"5/26/2022 11:27:59 AM",12.262,29.381,49.423,78.128,71259.6,1032.861,32.808,0.039,0.039,0.044,8.169,96.339,5.577,246.639,0,5.59,5.593,NA,31
"5/26/2022 11:28:00 AM",12.245,29.381,49.422,78.127,71258.2,1032.86,32.807,0.039,0.039,0.029,8.174,96.491,5.586,224.975,0,5.599,5.602,NA,31
"5/26/2022 11:28:00 AM",12.232,29.381,49.423,78.128,71259.1,1032.86,32.808,0.031,0.031,0.015,8.177,96.401,5.58,216.903,0,5.594,5.597,NA,31
"5/26/2022 11:28:00 AM",12.151,29.382,49.423,78.13,71259.8,1032.86,32.808,0.039,0.039,0.015,8.178,96.373,5.579,230.752,0,5.592,5.595,NA,31
"5/26/2022 11:28:00 AM",12.036,29.382,49.423,78.129,71259.5,1032.86,32.808,0.039,0.039,0.029,8.175,96.285,5.575,239.503,0,5.588,5.591,NA,31
"5/26/2022 11:28:00 AM",11.881,29.382,49.425,78.131,71261.8,1032.86,32.81,0.039,0.039,0.044,8.17,96.427,5.583,244.346,0,5.596,5.599,NA,31
"5/26/2022 11:28:01 AM",11.712,29.382,49.427,78.134,71263.7,1032.861,32.811,0.031,0.031,0.015,8.161,96.403,5.581,248.933,0,5.594,5.597,NA,31
"5/26/2022 11:28:01 AM",11.523,29.382,49.425,78.131,71261,1032.858,32.809,0.039,0.039,0.015,8.154,96.336,5.577,217.838,0,5.59,5.593,NA,31
"5/26/2022 11:28:01 AM",11.445,29.381,49.426,78.131,71262.6,1032.859,32.81,0.047,0.047,0.029,8.154,96.429,5.583,205.349,0,5.596,5.599,NA,31
"5/26/2022 11:28:01 AM",11.382,29.381,49.427,78.133,71264.3,1032.86,32.812,0.055,0.055,0.029,8.156,96.385,5.58,185.723,0,5.593,5.597,NA,31
"5/26/2022 11:28:01 AM",11.309,29.381,49.427,78.133,71264,1032.86,32.811,0.039,0.039,0.058,8.159,96.393,5.581,176.292,0,5.594,5.597,NA,31
"5/26/2022 11:28:02 AM",11.227,29.381,49.425,78.131,71262,1032.858,32.81,0.039,0.039,0,8.162,96.302,5.576,172.129,0,5.589,5.592,NA,31
"5/26/2022 11:28:02 AM",11.085,29.382,49.428,78.134,71264.8,1032.859,32.812,0.031,0.031,0.029,8.165,96.392,5.581,175.018,0,5.594,5.597,NA,31
"5/26/2022 11:28:02 AM",10.987,29.382,49.427,78.134,71264.4,1032.858,32.812,0.031,0.031,0.044,8.167,96.432,5.583,174.253,0,5.596,5.6,NA,31
"5/26/2022 11:28:02 AM",10.878,29.382,49.427,78.134,71263.8,1032.857,32.811,0.039,0.039,0.029,8.171,96.344,5.578,172.724,0,5.591,5.594,NA,31
"5/26/2022 11:28:02 AM",10.787,29.381,49.429,78.136,71266.9,1032.859,32.813,0.023,0.023,0.029,8.173,96.312,5.576,163.378,0,5.589,5.592,NA,31
"5/26/2022 11:28:03 AM",10.685,29.381,49.427,78.133,71263.4,1032.857,32.811,0.023,0.023,0.044,8.174,96.356,5.579,155.902,0,5.592,5.595,NA,31
"5/26/2022 11:28:03 AM",10.493,29.382,49.428,78.134,71264.5,1032.856,32.812,0.039,0.039,0.044,8.177,96.248,5.573,152.419,0,5.586,5.589,NA,31
"5/26/2022 11:28:03 AM",10.349,29.382,49.428,78.135,71264.3,1032.856,32.812,0.039,0.039,0.044,8.178,96.465,5.585,152.758,0,5.598,5.601,NA,31
"5/26/2022 11:28:03 AM",10.213,29.382,49.428,78.135,71265.2,1032.856,32.812,0.039,0.039,0.015,8.178,96.52,5.589,153.693,0,5.602,5.605,NA,31
"5/26/2022 11:28:03 AM",10.111,29.382,49.427,78.133,71262.9,1032.854,32.811,0.039,0.039,0.029,8.178,96.353,5.579,155.562,0,5.592,5.595,NA,31
"5/26/2022 11:28:04 AM",10.039,29.381,49.428,78.133,71264.1,1032.855,32.812,0.031,0.031,0,8.186,96.314,5.576,155.647,0,5.589,5.593,NA,31
"5/26/2022 11:28:04 AM",10.027,29.381,49.43,78.136,71267.3,1032.857,32.814,0.039,0.039,0.044,8.193,96.456,5.585,150.719,0,5.598,5.601,NA,31
"5/26/2022 11:28:04 AM",10.006,29.381,49.43,78.137,71267.3,1032.856,32.814,0.078,0.078,0.116,8.197,96.414,5.583,149.87,0,5.596,5.599,NA,31
"5/26/2022 11:28:04 AM",9.987,29.382,49.43,78.137,71266.9,1032.856,32.813,0.023,0.023,0.073,8.2,96.554,5.59,148.595,0,5.603,5.606,NA,31
"5/26/2022 11:28:04 AM",9.923,29.383,49.428,78.136,71265,1032.854,32.812,0.023,0.023,0.029,8.203,96.352,5.579,150.125,0,5.592,5.595,NA,31
"5/26/2022 11:28:05 AM",9.843,29.383,49.429,78.138,71266.2,1032.855,32.813,0.023,0.023,0.058,8.202,96.323,5.577,156.327,0,5.59,5.593,NA,31
"5/26/2022 11:28:05 AM",9.73,29.382,49.431,78.139,71268.6,1032.856,32.814,0.031,0.031,0.029,8.199,96.414,5.582,159.215,0,5.595,5.598,NA,31
"5/26/2022 11:28:05 AM",9.596,29.382,49.431,78.139,71267.9,1032.855,32.814,0.047,0.047,0.029,8.193,96.393,5.581,158.791,0,5.594,5.597,NA,31
"5/26/2022 11:28:05 AM",9.464,29.382,49.43,78.138,71266.9,1032.854,32.813,0.031,0.031,0.029,8.183,96.365,5.579,161.509,0,5.592,5.596,NA,31
"5/26/2022 11:28:05 AM",9.286,29.382,49.431,78.139,71268,1032.854,32.814,0.039,0.039,0.044,8.172,96.46,5.585,168.306,0,5.598,5.601,NA,31
"5/26/2022 11:28:06 AM",9.194,29.383,49.431,78.139,71267.7,1032.853,32.814,0.031,0.031,0.015,8.171,96.28,5.574,166.862,0,5.588,5.591,NA,31
"5/26/2022 11:28:06 AM",9.106,29.383,49.431,78.14,71267.8,1032.853,32.814,0.039,0.039,0.029,8.173,96.406,5.582,163.039,0,5.595,5.598,NA,31
"5/26/2022 11:28:06 AM",8.999,29.382,49.432,78.14,71269.6,1032.854,32.815,0.039,0.039,0.015,8.176,96.524,5.589,156.327,0,5.602,5.605,NA,31
"5/26/2022 11:28:06 AM",8.867,29.382,49.432,78.14,71269.1,1032.853,32.815,0.039,0.039,0.029,8.179,96.401,5.582,151.144,0,5.595,5.598,NA,31
"5/26/2022 11:28:07 AM",8.7,29.382,49.432,78.14,71269.1,1032.852,32.815,0.031,0.031,0.044,8.182,96.446,5.584,150.974,0,5.597,5.6,NA,31
"5/26/2022 11:28:07 AM",8.61,29.383,49.432,78.141,71269.4,1032.852,32.815,0.047,0.047,0.044,8.183,96.411,5.582,151.314,0,5.595,5.598,NA,31
"5/26/2022 11:28:07 AM",8.566,29.383,49.432,78.142,71269,1032.851,32.815,0.039,0.039,0.044,8.185,96.422,5.583,147.406,0,5.596,5.599,NA,31
"5/26/2022 11:28:07 AM",8.559,29.384,49.434,78.145,71271.1,1032.852,32.816,0.023,0.023,0.073,8.19,96.478,5.586,143.413,0,5.599,5.602,NA,31
"5/26/2022 11:28:07 AM",8.573,29.386,49.436,78.15,71272.9,1032.853,32.816,0.039,0.039,0.044,8.197,96.407,5.582,136.786,0,5.595,5.598,NA,31
"5/26/2022 11:28:08 AM",8.551,29.386,49.435,78.149,71271.7,1032.852,32.816,0.039,0.039,0.029,8.201,96.337,5.578,134.237,0,5.591,5.594,NA,31
"5/26/2022 11:28:08 AM",8.502,29.387,49.436,78.151,71273,1032.852,32.816,0.039,0.039,0.044,8.204,96.406,5.582,130.754,0,5.595,5.598,NA,31
"5/26/2022 11:28:08 AM",8.431,29.386,49.436,78.151,71273.4,1032.852,32.817,0.031,0.031,0.044,8.204,96.346,5.578,127.185,0,5.591,5.594,NA,31
"5/26/2022 11:28:08 AM",8.335,29.387,49.438,78.154,71275.3,1032.853,32.818,0.031,0.031,0.073,8.2,96.497,5.587,124.976,0,5.6,5.603,NA,31
"5/26/2022 11:28:08 AM",8.158,29.387,49.438,78.155,71275.5,1032.852,32.818,0.031,0.031,0.029,8.192,96.432,5.583,125.826,0,5.596,5.599,NA,31
"5/26/2022 11:28:09 AM",8.033,29.388,49.437,78.155,71274.7,1032.851,32.817,0.031,0.031,0.029,8.189,96.426,5.583,128.29,0,5.596,5.599,NA,31
"5/26/2022 11:28:09 AM",7.895,29.388,49.439,78.158,71276.7,1032.852,32.818,0.031,0.031,0.015,8.185,96.423,5.583,131.603,0,5.596,5.599,NA,31
"5/26/2022 11:28:09 AM",7.761,29.389,49.44,78.161,71277.7,1032.851,32.818,0.039,0.039,0.015,8.184,96.432,5.583,134.832,0,5.596,5.6,NA,31
"5/26/2022 11:28:09 AM",7.565,29.392,49.438,78.162,71274.9,1032.848,32.816,0.031,0.031,0.015,8.187,96.391,5.58,134.407,0,5.593,5.596,NA,31
"5/26/2022 11:28:09 AM",7.422,29.394,49.438,78.164,71273.9,1032.847,32.815,0.016,0.016,0.015,8.19,96.478,5.586,133.218,0,5.599,5.602,NA,31
"5/26/2022 11:28:10 AM",7.274,29.395,49.439,78.166,71274.9,1032.846,32.815,0.031,0.031,0.029,8.194,96.37,5.579,138.145,0,5.592,5.596,NA,31
"5/26/2022 11:28:10 AM",7.116,29.399,49.441,78.175,71277,1032.846,32.815,0.023,0.023,0,8.195,96.462,5.585,145.622,0,5.598,5.601,NA,31
"5/26/2022 11:28:10 AM",6.975,29.404,49.442,78.184,71278.4,1032.845,32.815,0.031,0.031,0.015,8.198,96.426,5.582,149.105,0,5.595,5.598,NA,31
"5/26/2022 11:28:10 AM",6.794,29.415,49.45,78.21,71286.5,1032.846,32.817,0.031,0.031,0.015,8.199,96.53,5.588,142.478,0,5.601,5.604,NA,31
"5/26/2022 11:28:10 AM",6.728,29.428,49.446,78.224,71280.2,1032.838,32.809,0.039,0.039,0.029,8.199,96.422,5.582,139.505,0,5.595,5.598,NA,31
"5/26/2022 11:28:11 AM",6.732,29.433,49.444,78.229,71277.2,1032.835,32.806,0.039,0.039,0.029,8.2,96.406,5.58,140.099,0,5.593,5.597,NA,31
"5/26/2022 11:28:11 AM",6.765,29.423,49.434,78.199,71265.3,1032.831,32.802,0.047,0.047,0.015,8.203,96.374,5.579,139.505,0,5.592,5.595,NA,31
"5/26/2022 11:28:11 AM",6.817,29.422,49.438,78.203,71270.2,1032.834,32.805,0.055,0.055,0.044,8.21,96.412,5.581,135.766,0,5.594,5.597,NA,31
"5/26/2022 11:28:11 AM",6.808,29.418,49.432,78.19,71263.5,1032.831,32.802,0.039,0.039,0.044,8.214,96.453,5.583,133.812,0,5.596,5.599,NA,31
"5/26/2022 11:28:11 AM",6.796,29.412,49.439,78.191,71273.2,1032.839,32.81,0.047,0.047,0.015,8.213,96.346,5.577,131.943,0,5.59,5.593,NA,31
"5/26/2022 11:28:12 AM",6.784,29.409,49.445,78.196,71281,1032.844,32.815,0.039,0.039,0.015,8.211,96.436,5.582,129.734,0,5.595,5.599,NA,31
"5/26/2022 11:28:12 AM",6.777,29.408,49.443,78.191,71278.7,1032.843,32.814,0.023,0.023,0.015,8.207,96.392,5.58,125.996,0,5.593,5.596,NA,31
"5/26/2022 11:28:12 AM",6.725,29.407,49.445,78.191,71281.2,1032.845,32.816,0.023,0.023,0.015,8.201,96.421,5.581,121.238,0,5.595,5.598,NA,31
"5/26/2022 11:28:12 AM",6.659,29.406,49.449,78.195,71285.7,1032.847,32.819,0.031,0.031,0.029,8.196,96.484,5.585,119.369,0,5.598,5.601,NA,31
"5/26/2022 11:28:12 AM",6.577,29.407,49.454,78.204,71292.9,1032.851,32.823,0.031,0.031,0.029,8.193,96.395,5.58,118.095,0,5.593,5.597,NA,31
"5/26/2022 11:28:13 AM",6.5,29.414,49.456,78.218,71294.5,1032.85,32.822,0.039,0.039,0.044,8.189,96.4,5.58,117.755,0,5.593,5.596,NA,31
"5/26/2022 11:28:13 AM",6.38,29.427,49.454,78.232,71289.2,1032.842,32.815,0.062,0.062,0.029,8.188,96.372,5.578,120.728,0,5.591,5.594,NA,31
"5/26/2022 11:28:13 AM",6.271,29.436,49.446,78.234,71278.5,1032.833,32.806,0.031,0.031,0,8.189,96.424,5.581,123.362,0,5.594,5.598,NA,31
"5/26/2022 11:28:13 AM",6.156,29.44,49.445,78.239,71276.5,1032.83,32.804,0.031,0.031,0,8.19,96.391,5.579,125.996,0,5.592,5.595,NA,31
"5/26/2022 11:28:13 AM",6.027,29.439,49.445,78.237,71276.7,1032.83,32.805,0.023,0.023,0.015,8.193,96.32,5.575,129.649,0,5.588,5.591,NA,31
"5/26/2022 11:28:14 AM",5.925,29.436,49.45,78.239,71283.3,1032.835,32.809,0.031,0.031,0,8.197,96.427,5.581,133.303,0,5.594,5.598,NA,31
"5/26/2022 11:28:14 AM",5.775,29.442,49.454,78.254,71288.3,1032.835,32.811,0.031,0.031,0.044,8.199,96.451,5.582,138.315,0,5.595,5.598,NA,31
"5/26/2022 11:28:14 AM",5.667,29.447,49.455,78.262,71287.9,1032.833,32.809,0.101,0.101,0.058,8.203,96.398,5.578,141.799,0,5.591,5.595,NA,31
"5/26/2022 11:28:14 AM",5.613,29.449,49.45,78.259,71281.8,1032.829,32.805,0.055,0.055,0.015,8.205,96.424,5.58,145.027,0,5.593,5.596,NA,31
"5/26/2022 11:28:14 AM",5.591,29.45,49.458,78.27,71291.6,1032.834,32.811,0.039,0.039,0.029,8.209,96.456,5.582,148.68,0,5.595,5.598,NA,31
"5/26/2022 11:28:15 AM",5.626,29.448,49.456,78.266,71289.3,1032.834,32.81,0.031,0.031,0.029,8.213,96.411,5.579,151.144,0,5.592,5.595,NA,31
"5/26/2022 11:28:15 AM",5.666,29.445,49.459,78.265,71293.2,1032.837,32.813,0.039,0.039,0.029,8.215,96.475,5.583,151.314,0,5.596,5.599,NA,31
"5/26/2022 11:28:15 AM",5.69,29.446,49.456,78.263,71289.9,1032.835,32.81,0.039,0.039,0.044,8.217,96.538,5.586,149.87,0,5.599,5.602,NA,31
"5/26/2022 11:28:15 AM",5.702,29.447,49.457,78.266,71291,1032.835,32.811,0.047,0.047,0.029,8.216,96.592,5.589,147.491,0,5.602,5.605,NA,31
"5/26/2022 11:28:15 AM",5.685,29.448,49.458,78.269,71292,1032.835,32.811,0.047,0.047,0,8.215,96.505,5.584,144.517,0,5.597,5.6,NA,31
"5/26/2022 11:28:16 AM",5.629,29.448,49.462,78.274,71297,1032.838,32.814,0.031,0.031,0.029,8.212,96.47,5.582,139.59,0,5.595,5.598,NA,31
"5/26/2022 11:28:16 AM",5.572,29.449,49.461,78.274,71295.9,1032.837,32.813,0.031,0.031,0.029,8.207,96.521,5.585,133.727,0,5.598,5.602,NA,31
"5/26/2022 11:28:16 AM",5.521,29.45,49.462,78.276,71296.2,1032.837,32.813,0.031,0.031,0,8.202,96.428,5.58,129.989,0,5.593,5.596,NA,31
"5/26/2022 11:28:16 AM",5.426,29.451,49.46,78.275,71294,1032.835,32.812,0.039,0.039,0.044,8.2,96.418,5.579,128.29,0,5.592,5.595,NA,31
"5/26/2022 11:28:16 AM",5.346,29.451,49.455,78.268,71287.2,1032.83,32.808,0.039,0.039,0.029,8.198,96.514,5.584,125.401,0,5.597,5.601,NA,31
"5/26/2022 11:28:17 AM",5.194,29.45,49.458,78.272,71292,1032.833,32.811,0.062,0.062,0.073,8.197,96.462,5.582,121.833,0,5.595,5.598,NA,31
"5/26/2022 11:28:17 AM",5.111,29.452,49.465,78.283,71299.7,1032.837,32.815,0.039,0.039,0.044,8.199,96.48,5.582,120.304,0,5.595,5.598,NA,31
"5/26/2022 11:28:17 AM",5.007,29.455,49.466,78.288,71300.5,1032.836,32.815,0.031,0.031,0.044,8.203,96.479,5.582,117.33,0,5.595,5.598,NA,31
"5/26/2022 11:28:17 AM",4.923,29.457,49.465,78.289,71298.8,1032.834,32.813,0.031,0.031,0.044,8.205,96.469,5.581,116.65,0,5.594,5.598,NA,31
"5/26/2022 11:28:18 AM",4.787,29.457,49.463,78.287,71296.8,1032.832,32.812,0.031,0.031,0.015,8.211,96.385,5.576,119.454,0,5.589,5.592,NA,31
"5/26/2022 11:28:18 AM",4.704,29.456,49.464,78.287,71298.1,1032.833,32.813,0.023,0.023,0.015,8.215,96.398,5.577,124.892,0,5.59,5.593,NA,31
"5/26/2022 11:28:18 AM",4.627,29.456,49.465,78.289,71299.7,1032.834,32.814,0.008,0.008,0.015,8.218,96.422,5.578,131.009,0,5.591,5.595,NA,31
"5/26/2022 11:28:18 AM",4.547,29.456,49.467,78.293,71302,1032.835,32.815,0.023,0.023,0,8.221,96.451,5.58,138.145,0,5.593,5.597,NA,31
"5/26/2022 11:28:18 AM",4.454,29.457,49.465,78.29,71298.8,1032.832,32.813,0.047,0.047,0.029,8.225,96.471,5.582,144.177,0,5.595,5.598,NA,31
"5/26/2022 11:28:19 AM",4.379,29.457,49.463,78.288,71296.7,1032.831,32.812,0.031,0.031,0.015,8.225,96.424,5.579,146.047,0,5.592,5.595,NA,31
"5/26/2022 11:28:19 AM",4.33,29.458,49.466,78.293,71300.1,1032.832,32.814,0.023,0.023,0.044,8.229,96.473,5.581,147.831,0,5.594,5.598,NA,31
"5/26/2022 11:28:19 AM",4.309,29.459,49.465,78.292,71298.1,1032.831,32.812,0.039,0.039,0.058,8.227,96.511,5.583,150.804,0,5.596,5.6,NA,31
"5/26/2022 11:28:19 AM",4.306,29.459,49.466,78.294,71299.6,1032.832,32.813,0.016,0.016,0.015,8.228,96.552,5.586,154.967,0,5.599,5.602,NA,31
"5/26/2022 11:28:19 AM",4.377,29.461,49.469,78.302,71303.5,1032.834,32.815,0.023,0.023,0.029,8.23,96.561,5.586,159.385,0,5.599,5.603,NA,31
"5/26/2022 11:28:20 AM",4.445,29.463,49.468,78.303,71302.3,1032.833,32.814,0.031,0.031,0.044,8.231,96.5,5.583,159.13,0,5.596,5.599,NA,31
"5/26/2022 11:28:20 AM",4.49,29.463,49.47,78.306,71304.2,1032.834,32.815,0.031,0.031,0.044,8.233,96.522,5.584,161.509,0,5.597,5.601,NA,31
"5/26/2022 11:28:20 AM",4.544,29.464,49.468,78.304,71302.1,1032.833,32.813,0.031,0.031,0.029,8.235,96.497,5.582,166.607,0,5.596,5.599,NA,31
"5/26/2022 11:28:20 AM",4.546,29.463,49.467,78.301,71300.6,1032.832,32.813,0.031,0.031,0.044,8.237,96.42,5.578,178.416,0,5.591,5.594,NA,31
"5/26/2022 11:28:20 AM",4.473,29.46,49.45,78.274,71279.2,1032.819,32.8,0.031,0.031,0.058,8.233,96.295,5.571,167.711,0,5.584,5.587,NA,31
"5/26/2022 11:28:21 AM",4.44,29.455,49.472,78.298,71308.5,1032.839,32.82,0.031,0.031,0.015,8.227,96.392,5.577,160.575,0,5.59,5.593,NA,31
"5/26/2022 11:28:21 AM",4.386,29.453,49.475,78.299,71312.4,1032.841,32.823,0.031,0.031,0.015,8.223,96.478,5.582,155.562,0,5.595,5.598,NA,31
"5/26/2022 11:28:21 AM",4.353,29.453,49.478,78.302,71315.3,1032.843,32.824,0.039,0.039,0.015,8.222,96.537,5.585,152.673,0,5.598,5.601,NA,31
"5/26/2022 11:28:21 AM",4.243,29.458,49.478,78.309,71314.5,1032.841,32.823,0.031,0.031,0,8.224,96.416,5.578,146.726,0,5.591,5.594,NA,31
"5/26/2022 11:28:21 AM",4.151,29.46,49.474,78.307,71309,1032.836,32.819,0.023,0.023,0.015,8.225,96.533,5.585,141.714,0,5.598,5.601,NA,31
"5/26/2022 11:28:22 AM",4.064,29.463,49.472,78.308,71306.4,1032.834,32.816,0.062,0.062,0.073,8.224,96.408,5.578,138.4,0,5.591,5.594,NA,31
"5/26/2022 11:28:22 AM",3.993,29.465,49.473,78.312,71307.2,1032.833,32.816,0.055,0.055,0.029,8.225,96.443,5.58,134.067,0,5.593,5.596,NA,31
"5/26/2022 11:28:22 AM",3.918,29.466,49.471,78.311,71305.5,1032.832,32.815,0.023,0.023,0,8.223,96.477,5.582,134.237,0,5.595,5.598,NA,31
"5/26/2022 11:28:22 AM",3.833,29.468,49.47,78.312,71303.7,1032.83,32.813,0.023,0.023,0.029,8.227,96.554,5.586,137.975,0,5.599,5.603,NA,31
"5/26/2022 11:28:22 AM",3.8,29.468,49.47,78.312,71303.7,1032.83,32.813,0.016,0.016,0.015,8.238,96.412,5.577,144.857,0,5.59,5.593,NA,31
"5/26/2022 11:28:23 AM",3.779,29.467,49.471,78.312,71305.2,1032.831,32.815,0.023,0.023,0.015,8.242,96.459,5.58,154.543,0,5.593,5.596,NA,31
"5/26/2022 11:28:23 AM",3.782,29.466,49.471,78.312,71305.2,1032.831,32.815,0.023,0.023,0,8.241,96.408,5.577,154.798,0,5.59,5.594,NA,31
"5/26/2022 11:28:23 AM",3.798,29.466,49.472,78.311,71305.9,1032.831,32.815,0.031,0.031,0.015,8.243,96.41,5.578,155.817,0,5.591,5.594,NA,31
"5/26/2022 11:28:23 AM",3.815,29.466,49.471,78.311,71305.4,1032.831,32.815,0.031,0.031,0.029,8.245,96.437,5.579,164.228,0,5.592,5.595,NA,31
"5/26/2022 11:28:23 AM",3.822,29.466,49.472,78.312,71305.9,1032.832,32.815,0.031,0.031,0,8.246,96.562,5.586,177.142,0,5.599,5.602,NA,31
"5/26/2022 11:28:24 AM",3.836,29.466,49.47,78.309,71303.5,1032.83,32.814,0.039,0.039,0,8.247,96.465,5.58,182.495,0,5.593,5.597,NA,31
"5/26/2022 11:28:24 AM",3.838,29.465,49.473,78.312,71307.1,1032.833,32.816,0.023,0.023,0.029,8.248,96.468,5.581,177.227,0,5.594,5.598,NA,31
"5/26/2022 11:28:24 AM",3.838,29.465,49.477,78.317,71312.5,1032.836,32.82,0.031,0.031,0.073,8.242,96.519,5.585,165.672,0,5.598,5.601,NA,31
"5/26/2022 11:28:24 AM",3.814,29.466,49.481,78.324,71317.3,1032.838,32.822,0.023,0.023,0.058,8.238,96.431,5.579,156.667,0,5.592,5.596,NA,31
"5/26/2022 11:28:24 AM",3.784,29.468,49.476,78.322,71311.5,1032.834,32.818,0.023,0.023,0,8.233,96.481,5.582,150.125,0,5.595,5.598,NA,31
"5/26/2022 11:28:25 AM",3.732,29.47,49.475,78.322,71309.2,1032.832,32.816,0.031,0.031,0.029,8.227,96.493,5.582,142.393,0,5.596,5.599,NA,31
"5/26/2022 11:28:25 AM",3.601,29.471,49.471,78.318,71304.4,1032.828,32.813,0.039,0.039,0.029,8.229,96.48,5.581,132.113,0,5.594,5.598,NA,31
"5/26/2022 11:28:25 AM",3.532,29.47,49.471,78.317,71304.6,1032.829,32.813,0.016,0.016,0.044,8.227,96.563,5.586,126.166,0,5.599,5.602,NA,31
"5/26/2022 11:28:25 AM",3.469,29.47,49.472,78.318,71305.9,1032.829,32.814,0.023,0.023,0.044,8.227,96.498,5.582,121.663,0,5.595,5.598,NA,31
"5/26/2022 11:28:25 AM",3.407,29.47,49.473,78.318,71306.4,1032.829,32.815,0.031,0.031,0.058,8.227,96.472,5.581,121.068,0,5.594,5.598,NA,31
"5/26/2022 11:28:26 AM",3.361,29.471,49.474,78.323,71308.5,1032.83,32.816,0.023,0.023,0.058,8.229,96.457,5.58,122.003,0,5.593,5.596,NA,31
"5/26/2022 11:28:26 AM",3.254,29.478,49.472,78.33,71305,1032.825,32.811,0.031,0.031,0.044,8.235,96.342,5.573,122.768,0,5.586,5.59,NA,31
"5/26/2022 11:28:26 AM",3.187,29.48,49.471,78.331,71303.1,1032.823,32.81,0.031,0.031,0.015,8.238,96.505,5.583,123.447,0,5.596,5.599,NA,31
"5/26/2022 11:28:26 AM",3.114,29.483,49.47,78.334,71301.9,1032.822,32.808,0.023,0.023,0.015,8.239,96.582,5.587,122.513,0,5.6,5.603,NA,31
"5/26/2022 11:28:27 AM",3.045,29.483,49.472,78.337,71303.4,1032.822,32.809,0.031,0.031,0.015,8.241,96.585,5.587,123.107,0,5.6,5.604,NA,31
"5/26/2022 11:28:27 AM",2.935,29.485,49.468,78.334,71299.1,1032.819,32.806,0.023,0.023,0,8.243,96.57,5.586,131.433,0,5.599,5.602,NA,31
"5/26/2022 11:28:27 AM",2.916,29.482,49.472,78.335,71303.7,1032.822,32.81,0.023,0.023,0.015,8.25,96.516,5.583,139.42,0,5.597,5.6,NA,31
"5/26/2022 11:28:27 AM",2.878,29.482,49.47,78.332,71301.6,1032.821,32.809,0.023,0.023,0.015,8.25,96.456,5.58,143.583,0,5.593,5.596,NA,31
"5/26/2022 11:28:27 AM",2.876,29.481,49.471,78.332,71302.7,1032.822,32.809,0.008,0.008,0,8.25,96.59,5.588,146.386,0,5.601,5.604,NA,31
"5/26/2022 11:28:28 AM",2.878,29.48,49.472,78.332,71304.3,1032.823,32.811,0.008,0.008,0,8.254,96.438,5.579,148.765,0,5.592,5.595,NA,31
"5/26/2022 11:28:28 AM",2.914,29.478,49.47,78.327,71302.4,1032.822,32.81,0.016,0.016,0,8.258,96.395,5.576,154.118,0,5.589,5.592,NA,31
"5/26/2022 11:28:28 AM",2.947,29.476,49.471,78.325,71303.8,1032.824,32.811,0.023,0.023,0,8.26,96.503,5.582,159.385,0,5.595,5.598,NA,31
"5/26/2022 11:28:28 AM",2.967,29.473,49.474,78.324,71307,1032.827,32.814,0.023,0.023,0,8.259,96.484,5.582,167.372,0,5.595,5.598,NA,31
"5/26/2022 11:28:28 AM",2.987,29.47,49.474,78.321,71308.5,1032.829,32.816,0.023,0.023,0,8.257,96.498,5.583,178.077,0,5.596,5.599,NA,31
"5/26/2022 11:28:29 AM",2.972,29.469,49.478,78.325,71313.4,1032.832,32.819,0.031,0.031,0,8.255,96.401,5.577,193.794,0,5.59,5.593,NA,31
"5/26/2022 11:28:29 AM",2.946,29.47,49.476,78.322,71310.2,1032.83,32.817,0.016,0.016,0.029,8.252,96.512,5.583,196.428,0,5.596,5.599,NA,31
"5/26/2022 11:28:29 AM",2.902,29.469,49.476,78.322,71310.4,1032.83,32.817,0.023,0.023,0.044,8.251,96.484,5.582,193.115,0,5.595,5.598,NA,31
"5/26/2022 11:28:29 AM",2.838,29.469,49.477,78.323,71311.5,1032.83,32.818,0.039,0.039,0.029,8.25,96.568,5.587,179.436,0,5.6,5.603,NA,31
"5/26/2022 11:28:29 AM",2.763,29.469,49.478,78.324,71312.6,1032.83,32.819,0.039,0.039,0.015,8.248,96.457,5.581,168.816,0,5.594,5.597,NA,31
"5/26/2022 11:28:30 AM",2.64,29.472,49.476,78.325,71309.7,1032.828,32.816,0.031,0.031,0.044,8.246,96.459,5.58,159.555,0,5.593,5.596,NA,31
"5/26/2022 11:28:30 AM",2.561,29.475,49.475,78.328,71307.8,1032.825,32.814,0.023,0.023,0.029,8.247,96.475,5.581,152.928,0,5.594,5.598,NA,31
"5/26/2022 11:28:30 AM",2.492,29.476,49.475,78.331,71308.4,1032.825,32.814,0.031,0.031,0.029,8.25,96.497,5.583,145.537,0,5.596,5.599,NA,31
"5/26/2022 11:28:30 AM",2.448,29.476,49.474,78.33,71307.1,1032.824,32.813,0.039,0.039,0.044,8.252,96.361,5.575,140.184,0,5.588,5.591,NA,31
"5/26/2022 11:28:30 AM",2.389,29.477,49.474,78.33,71307.4,1032.824,32.814,0.039,0.039,0.058,8.255,96.419,5.578,136.871,0,5.591,5.594,NA,31
"5/26/2022 11:28:31 AM",2.29,29.477,49.48,78.339,71314.7,1032.828,32.818,0.023,0.023,0.058,8.257,96.539,5.585,127.61,0,5.598,5.601,NA,31
"5/26/2022 11:28:31 AM",2.217,29.478,49.478,78.337,71311.3,1032.825,32.815,0.031,0.031,0.044,8.259,96.512,5.584,120.474,0,5.597,5.6,NA,31
"5/26/2022 11:28:31 AM",2.142,29.481,49.476,78.338,71308.9,1032.822,32.813,0.047,0.047,0.015,8.258,96.558,5.586,114.187,0,5.599,5.603,NA,31
"5/26/2022 11:28:31 AM",2.083,29.482,49.476,78.339,71308.3,1032.822,32.813,0.047,0.047,0.015,8.257,96.55,5.585,117.5,0,5.599,5.602,NA,31
"5/26/2022 11:28:31 AM",2.027,29.483,49.474,78.339,71305.6,1032.819,32.811,0.023,0.023,0.015,8.255,96.481,5.581,136.021,0,5.594,5.597,NA,31
"5/26/2022 11:28:32 AM",1.993,29.483,49.474,78.338,71305.2,1032.819,32.811,0.016,0.016,0,8.255,96.544,5.585,149.955,0,5.598,5.601,NA,31
"5/26/2022 11:28:32 AM",1.998,29.482,49.473,78.336,71304.7,1032.819,32.811,0.023,0.023,0.044,8.253,96.492,5.582,155.477,0,5.595,5.598,NA,31
"5/26/2022 11:28:32 AM",1.979,29.482,49.472,78.334,71303.6,1032.818,32.81,0.023,0.023,0.029,8.255,96.529,5.584,164.483,0,5.597,5.601,NA,31
"5/26/2022 11:28:32 AM",1.977,29.481,49.476,78.338,71308.4,1032.821,32.813,0.031,0.031,0.015,8.259,96.466,5.58,174.423,0,5.593,5.597,NA,31
"5/26/2022 11:28:32 AM",1.98,29.483,49.476,78.341,71308.7,1032.821,32.813,0.023,0.023,0,8.262,96.48,5.581,186.828,0,5.594,5.598,NA,31
"5/26/2022 11:28:33 AM",1.972,29.484,49.475,78.341,71306.8,1032.82,32.811,0.023,0.023,0,8.264,96.516,5.584,202.63,0,5.597,5.6,NA,31
"5/26/2022 11:28:33 AM",1.982,29.485,49.473,78.34,71304.7,1032.818,32.81,0.023,0.023,0.015,8.265,96.495,5.582,227.014,0,5.595,5.599,NA,31
"5/26/2022 11:28:33 AM",1.977,29.485,49.473,78.34,71304.7,1032.818,32.81,0.016,0.016,0,8.265,96.599,5.588,271.958,0,5.601,5.605,NA,31
"5/26/2022 11:28:33 AM",1.986,29.484,49.475,78.342,71307.3,1032.82,32.811,0.016,0.016,0,8.266,96.562,5.586,261.423,0,5.599,5.602,NA,31
"5/26/2022 11:28:33 AM",1.963,29.485,49.476,78.344,71307.8,1032.82,32.812,0.008,0.008,0,8.262,96.61,5.588,335.593,0,5.601,5.605,NA,31
"5/26/2022 11:28:34 AM",1.947,29.485,49.477,78.346,71309.4,1032.821,32.813,0.023,0.023,0,8.256,96.431,5.578,367.878,0,5.591,5.595,NA,31
"5/26/2022 11:28:34 AM",1.909,29.486,49.475,78.345,71307.1,1032.819,32.811,0.031,0.031,0.015,8.253,96.529,5.584,371.191,0,5.597,5.6,NA,31
"5/26/2022 11:28:34 AM",1.86,29.486,49.479,78.35,71311.7,1032.822,32.814,0.047,0.047,0.044,8.251,96.554,5.585,387.673,0,5.598,5.602,NA,31
"5/26/2022 11:28:34 AM",1.765,29.489,49.477,78.351,71308.9,1032.819,32.811,0.101,0.101,0.029,8.249,96.502,5.583,363.63,0,5.596,5.599,NA,31
"5/26/2022 11:28:34 AM",1.685,29.491,49.475,78.352,71306.1,1032.816,32.809,0.055,0.055,0,8.249,96.527,5.584,365.499,0,5.597,5.6,NA,31
"5/26/2022 11:28:35 AM",1.64,29.491,49.475,78.351,71305.9,1032.816,32.809,0.031,0.031,0.015,8.252,96.472,5.581,394.895,0,5.594,5.597,NA,31
"5/26/2022 11:28:35 AM",1.614,29.492,49.474,78.351,71304.9,1032.815,32.808,0.023,0.023,0.029,8.253,96.554,5.585,396.679,0,5.598,5.601,NA,31
"5/26/2022 11:28:35 AM",1.567,29.495,49.471,78.351,71301.1,1032.812,32.805,0.094,0.094,0.087,8.258,96.46,5.58,352.585,0,5.593,5.596,NA,31
"5/26/2022 11:28:35 AM",1.478,29.495,49.474,78.355,71303.7,1032.813,32.807,0.055,0.055,0.102,8.259,96.479,5.581,245.875,0,5.594,5.597,NA,31
"5/26/2022 11:28:35 AM",1.387,29.495,49.472,78.353,71301.6,1032.811,32.805,0.047,0.047,0.204,8.262,96.365,5.574,190.396,0,5.587,5.59,NA,31
"5/26/2022 11:28:36 AM",1.288,29.495,49.47,78.35,71298.5,1032.809,32.803,0.109,0.109,0.204,8.259,96.472,5.58,178.501,0,5.593,5.596,NA,31
"5/26/2022 11:28:36 AM",1.2,29.495,49.47,78.35,71298.6,1032.808,32.803,0.101,0.101,0.146,8.255,96.594,5.587,172.384,0,5.601,5.604,NA,31
"5/26/2022 11:28:36 AM",1.109,29.495,49.469,78.349,71297.9,1032.808,32.803,0.062,0.062,0.102,8.253,96.564,5.585,148.256,0,5.599,5.602,NA,31
"5/26/2022 11:28:36 AM",1.019,29.497,49.468,78.35,71296.6,1032.806,32.802,0.047,0.047,0.102,8.248,96.51,5.582,125.486,0,5.595,5.599,NA,31
"5/26/2022 11:28:36 AM",1.003,29.497,49.466,78.347,71293.6,1032.804,32.8,0.039,0.039,0.029,8.246,96.525,5.584,144.517,0,5.597,5.6,NA,31
"5/26/2022 11:28:37 AM",1.003,29.497,49.465,78.346,71292.6,1032.804,32.799,0.031,0.031,0.029,8.246,96.495,5.582,175.783,0,5.595,5.598,NA,31
"5/26/2022 11:28:37 AM",1.069,29.498,49.462,78.343,71288.9,1032.801,32.797,0.117,0.117,0.058,8.244,96.496,5.582,204.329,0,5.595,5.599,NA,31
"5/26/2022 11:28:37 AM",1.151,29.495,49.464,78.342,71291.6,1032.804,32.799,0.187,0.187,0.015,8.246,96.555,5.585,280.539,0,5.598,5.601,NA,31
"5/26/2022 11:28:37 AM",1.208,29.498,49.459,78.339,71284.9,1032.8,32.794,0.086,0.086,0,8.251,96.586,5.588,299.145,0,5.601,5.604,NA,31
"5/26/2022 11:28:38 AM",1.266,29.499,49.46,78.343,71286.3,1032.8,32.795,0.023,0.023,0,8.257,96.471,5.581,329.561,0,5.594,5.597,NA,31
"5/26/2022 11:28:38 AM",1.337,29.499,49.462,78.344,71288.2,1032.802,32.796,0.008,0.008,0,8.257,96.627,5.589,391.157,0,5.603,5.606,NA,31
"5/26/2022 11:28:38 AM",1.401,29.499,49.462,78.345,71289.2,1032.803,32.797,0,0,0,8.259,96.549,5.585,471.019,0,5.598,5.601,NA,31
"5/26/2022 11:28:38 AM",1.377,29.498,49.462,78.343,71288.5,1032.802,32.796,0,0,0,8.26,96.516,5.583,552.411,0,5.596,5.6,NA,31
"5/26/2022 11:28:38 AM",1.32,29.498,49.464,78.345,71291,1032.804,32.798,0,0,0,8.259,96.538,5.585,670.591,0,5.598,5.601,NA,31
"5/26/2022 11:28:39 AM",1.208,29.498,49.466,78.348,71294.3,1032.805,32.8,0,0,0,8.257,96.533,5.584,705.425,0,5.597,5.6,NA,31
"5/26/2022 11:28:39 AM",1.076,29.499,49.466,78.35,71293.1,1032.804,32.799,0.109,0.109,0.175,8.255,96.564,5.586,616.046,0,5.599,5.602,NA,31
"5/26/2022 11:28:39 AM",0.939,29.499,49.462,78.345,71288.4,1032.8,32.796,0.086,0.086,0.116,8.253,96.505,5.582,664.304,0,5.595,5.599,NA,31
"5/26/2022 11:28:39 AM",0.73,29.5,49.463,78.347,71289.4,1032.8,32.797,0.031,0.031,0.073,8.254,96.47,5.58,904.911,0,5.594,5.597,NA,31
"5/26/2022 11:28:39 AM",0.575,29.5,49.46,78.342,71285.3,1032.797,32.794,0.008,0.008,0,8.257,96.611,5.59,711.457,0,5.603,5.606,NA,31
"5/26/2022 11:28:40 AM",0.448,29.498,49.455,78.334,71279.9,1032.793,32.791,0,0,0,8.259,96.606,5.589,1013.915,0,5.602,5.605,NA,31
"5/26/2022 11:28:40 AM",0.347,29.497,49.456,78.333,71280.7,1032.794,32.792,0,0,0,8.262,96.548,5.585,1257.836,0,5.598,5.602,NA,31
"5/26/2022 11:28:40 AM",0.295,29.5,49.45,78.329,71273.4,1032.788,32.787,0,0,0,8.259,96.524,5.584,1184.175,0,5.597,5.6,NA,31
"5/26/2022 11:28:40 AM",0.33,29.499,49.449,78.326,71271.6,1032.788,32.786,0,0,0,8.26,96.559,5.586,1079.929,0,5.599,5.602,NA,31
"5/26/2022 11:28:40 AM",0.361,29.5,49.447,78.325,71269.7,1032.786,32.785,0,0,0,8.263,96.507,5.583,916.126,0,5.596,5.599,NA,31
"5/26/2022 11:28:41 AM",0.346,29.5,49.447,78.325,71269.7,1032.786,32.785,0.148,0.148,0,8.262,96.519,5.584,1226.061,0,5.597,5.6,NA,31
"5/26/2022 11:28:41 AM",0.283,29.5,49.447,78.325,71269.7,1032.786,32.785,0.257,0.257,0.058,8.256,96.507,5.583,1238.04,0,5.596,5.6,NA,31
"5/26/2022 11:28:41 AM",0.102,29.499,49.45,78.327,71272.3,1032.787,32.787,0,0,0,8.255,96.498,5.582,1398.275,0,5.595,5.599,NA,31
"5/26/2022 11:28:41 AM",0,29.501,49.449,78.329,71271.6,1032.786,32.786,0,0,0,8.255,96.365,5.575,1473.55,0,5.588,5.591,NA,31
"5/26/2022 11:28:41 AM",0,29.503,49.443,78.322,71263,1032.78,32.78,0,0,0,8.26,96.475,5.581,1531.068,0,5.594,5.598,NA,31
"5/26/2022 11:28:42 AM",0,29.503,46.703,74.532,67814,1030.706,30.707,1.006,1.006,0,8.261,96.635,5.675,1777.028,0,5.689,5.692,NA,31
"5/26/2022 11:28:42 AM",0,29.505,3.095,6.253,5689.4,998.11,0,212.875,212.875,761.901,8.264,96.536,7.21,1838.199,0,7.231,7.231,NA,31
"5/26/2022 11:28:42 AM",0,29.5,1.297,2.754,2505.9,996.77,0,450.376,450.376,590.032,8.268,96.328,7.266,1867.51,0,7.288,7.288,NA,31
"5/26/2022 11:28:42 AM",0,29.478,1.005,2.161,1967.1,996.558,0,484.567,484.567,532.45,8.27,96.577,7.297,1897.161,0,7.318,7.318,NA,31
"5/26/2022 11:28:42 AM",0,29.451,0.96,2.068,1883.5,996.533,0,187.678,187.678,91.87,8.269,96.543,7.296,1895.972,0,7.317,7.317,NA,31
"5/26/2022 11:28:43 AM",0,29.411,0.913,1.969,1795,996.509,0,306.936,306.936,540.716,8.264,96.09,7.264,1924.859,0,7.285,7.285,NA,31
"5/26/2022 11:28:43 AM",0,29.354,1.07,2.289,2088.6,996.644,0,387.432,387.432,1230.211,8.264,96.22,7.267,1931.825,0,7.288,7.288,NA,31
"5/26/2022 11:28:43 AM",0,29.376,0.933,2.008,1831.5,996.534,0,293.222,293.222,998.709,8.261,96.24,7.274,1929.446,0,7.295,7.295,NA,31
"5/26/2022 11:28:43 AM",0,29.413,0.797,1.729,1575.8,996.421,0,214.809,214.809,748.948,8.261,96.419,7.293,1936.923,0,7.314,7.314,NA,31
"5/26/2022 11:28:43 AM",0,29.432,0.709,1.548,1410.1,996.35,0,141.872,141.872,272.119,8.259,96.306,7.288,1963.345,0,7.309,7.309,NA,31
"5/26/2022 11:28:44 AM",0,29.433,0.632,1.387,1263.3,996.293,0,4.033,4.033,7.609,8.257,96.173,7.281,1935.224,0,7.302,7.302,NA,31
"5/26/2022 11:28:44 AM",0,29.409,0.569,1.251,1140.6,996.252,0,184.144,184.144,202.827,8.257,96.223,7.288,1922.904,0,7.309,7.309,NA,31
"5/26/2022 11:28:44 AM",0,29.41,0.528,1.166,1062.6,996.221,0,77.984,77.984,103.29,8.254,96.192,7.287,1911.69,0,7.308,7.308,NA,31
"5/26/2022 11:28:44 AM",0,29.446,0.514,1.137,1035.5,996.2,0,87.462,87.462,168.678,8.25,96.154,7.285,1855.616,0,7.306,7.306,NA,31
"5/26/2022 11:28:44 AM",0,29.51,0.501,1.109,1009.2,996.171,0,128.385,128.385,190.925,8.249,96.19,7.289,1780.681,0,7.31,7.31,NA,31
"5/26/2022 11:28:45 AM",0,29.493,0.461,1.024,931.5,996.146,0,496.112,496.112,849.32,8.248,96.098,7.283,1728.855,0,7.304,7.304,NA,31
"5/26/2022 11:28:45 AM",0,29.41,0.445,0.987,899.9,996.159,0,179.994,179.994,346.731,8.245,96.022,7.278,1772.27,0,7.299,7.299,NA,31
"5/26/2022 11:28:45 AM",0,29.3,0.435,0.963,880.1,996.184,0,471.048,471.048,407.665,8.243,96.129,7.286,1789.177,0,7.307,7.307,NA,31
"5/26/2022 11:28:45 AM",0,29.206,0.424,0.939,859.5,996.204,0,167.131,167.131,224.586,8.245,96.132,7.286,1819.848,0,7.307,7.307,NA,31
"5/26/2022 11:28:45 AM",0,29.093,0.412,0.91,835.2,996.228,0,440.157,440.157,157.828,8.244,96.077,7.282,1834.971,0,7.303,7.303,NA,31
"5/26/2022 11:28:46 AM",0,28.918,0.394,0.87,801.3,996.266,0,506.05,506.05,778.72,8.243,95.914,7.271,1868.02,0,7.292,7.292,NA,31
"5/26/2022 11:28:46 AM",0,28.87,0.377,0.832,766.8,996.267,0,506.05,506.05,394.737,8.242,95.86,7.268,1892.064,0,7.289,7.289,NA,31
"5/26/2022 11:28:46 AM",0,28.872,0.376,0.83,765.1,996.266,0,316.515,316.515,228.891,8.241,95.903,7.272,1904.808,0,7.293,7.293,NA,31
"5/26/2022 11:28:46 AM",0,28.894,0.359,0.795,732.4,996.247,0,327.904,327.904,129.64,8.242,95.863,7.269,1334.385,0,7.29,7.29,NA,31
"5/26/2022 11:28:46 AM",0,28.902,0.351,0.776,714.7,996.238,0,72.586,72.586,52.675,8.242,95.77,7.263,1807.189,0,7.284,7.284,NA,31
"5/26/2022 11:28:47 AM",0,28.889,0.345,0.763,703.2,996.237,0,21.967,21.967,5.311,8.241,95.689,7.258,1807.613,0,7.279,7.279,NA,31
"5/26/2022 11:28:47 AM",0,28.846,0.355,0.784,723.2,996.258,0,28.356,28.356,6.701,8.24,95.647,7.255,1675.33,0,7.276,7.276,NA,31
"5/26/2022 11:28:47 AM",0,28.827,0.361,0.796,734.5,996.267,0,39.558,39.558,0,8.238,95.643,7.255,1668.024,0,7.276,7.276,NA,31
"5/26/2022 11:28:47 AM",0,28.907,0.341,0.756,695.9,996.229,0,69.723,69.723,195.016,8.235,95.658,7.257,1781.021,0,7.278,7.278,NA,31
"5/26/2022 11:28:47 AM",0,28.966,0.449,0.988,908.5,996.293,0,205.87,205.87,108.82,8.236,95.493,7.241,1865.216,0,7.262,7.262,NA,31
"5/26/2022 11:28:48 AM",0,28.903,0.387,0.855,787.7,996.265,0,84.997,84.997,154.623,8.238,95.132,7.216,1849.924,0,7.237,7.237,NA,31
"5/26/2022 11:28:48 AM",0,28.83,0.4,0.881,812.6,996.296,0,43.676,43.676,49.008,8.239,94.924,7.2,1726.052,0,7.221,7.221,NA,31
"5/26/2022 11:28:48 AM",0,28.762,0.461,1.01,932.9,996.362,0,25.508,25.508,13.174,8.238,94.877,7.195,1621.466,0,7.215,7.215,NA,31
"5/26/2022 11:28:48 AM",0,28.724,0.575,1.247,1152.7,996.458,0,7.731,7.731,0,8.237,95.088,7.206,1475.504,0,7.227,7.227,NA,31
"5/26/2022 11:28:49 AM",0,28.673,0.53,1.152,1066,996.439,0,1.467,1.467,0,8.236,95.14,7.212,1336.084,0,7.233,7.233,NA,31
"5/26/2022 11:28:49 AM",0,28.521,0.578,1.25,1159.8,996.52,0,0.577,0.577,0,8.231,94.758,7.182,1362.932,0,7.202,7.203,NA,31
"5/26/2022 11:28:49 AM",0,28.352,0.443,0.964,897.4,996.467,0,17.903,17.903,0.349,8.227,94.697,7.183,1613.734,0,7.204,7.204,NA,31
"5/26/2022 11:28:49 AM",0,28.182,0.425,0.922,861.4,996.502,0,8.573,8.573,1.588,8.224,94.648,7.18,1869.379,0,7.201,7.201,NA,31
"5/26/2022 11:28:49 AM",0,28.017,0.429,0.929,870.8,996.553,0,1.888,1.888,3.587,8.22,94.655,7.181,1962.581,0,7.202,7.202,NA,31
"5/26/2022 11:28:50 AM",0,27.988,0.425,0.92,863.4,996.558,0,0.811,0.811,4.463,8.215,94.622,7.179,1930.041,0,7.2,7.2,NA,31
"5/26/2022 11:28:50 AM",0,27.942,0.414,0.896,841.7,996.563,0,0.398,0.398,6.657,8.211,94.494,7.169,1851.113,0,7.19,7.19,NA,31
"5/26/2022 11:28:50 AM",0,27.945,0.41,0.886,832.4,996.558,0,1.81,1.81,3.967,8.211,94.567,7.176,1757.997,0,7.196,7.196,NA,31
"5/26/2022 11:28:50 AM",0,27.998,0.397,0.861,807.3,996.534,0,0,0,0,8.211,94.831,7.196,1699.969,0,7.217,7.217,NA,31
"5/26/2022 11:28:50 AM",0,28.589,0.954,2.021,1873.3,996.782,0,0,0,12.777,8.251,98.069,7.414,1671.847,0,7.435,7.435,NA,31
"5/26/2022 11:28:51 AM",0,31.015,5.03,10.121,8938.5,999.083,0,1.482,1.482,10.792,8.383,99.402,7.313,1669.468,0,7.335,7.334,NA,31
"5/26/2022 11:28:51 AM",0,31.718,3.115,6.556,5711.6,997.437,0,2.091,2.091,12.615,8.578,99.149,7.333,1678.559,0,7.355,7.354,NA,31
"5/26/2022 11:28:51 AM",0,31.912,2.887,6.128,5319.4,997.206,0,2.075,2.075,12.115,8.766,98.217,7.24,1677.624,0,7.261,7.261,NA,31
"5/26/2022 11:28:51 AM",0,31.968,2.847,6.055,5250,997.158,0,2.067,2.067,11.233,8.912,97.297,7.141,1631.491,0,7.162,7.161,NA,31
"5/26/2022 11:28:51 AM",0,31.958,2.7,5.759,4994.5,997.052,0,1.779,1.779,11.189,8.985,96.897,7.103,996.158,0,7.124,7.124,NA,31
"5/26/2022 11:28:52 AM",0,31.96,2.427,5.211,4519.4,996.849,0,2.707,2.707,11.718,9.037,96.574,7.076,708.993,0,7.097,7.096,NA,31
"5/26/2022 11:28:52 AM",0,31.968,1.995,4.333,3757.5,996.525,0,2.644,2.644,11.307,9.046,96.467,7.075,665.238,0,7.096,7.096,NA,31
"5/26/2022 11:28:52 AM",0,31.965,1.933,4.206,3647.5,996.479,0,2.309,2.309,11.498,9.048,96.187,7.051,656.912,0,7.072,7.072,NA,31
"5/26/2022 11:28:52 AM",0,31.981,2.233,4.82,4178.7,996.698,0,1.545,1.545,10.646,9.048,95.919,7.015,990.721,0,7.036,7.035,NA,31
"5/26/2022 11:28:52 AM",0,31.992,1.75,3.833,3321.6,996.335,0,1.818,1.818,11.601,9.043,95.798,7.023,998.622,0,7.044,7.044,NA,31
"5/26/2022 11:28:53 AM",0,32,1.742,3.816,3306.9,996.326,0,1.958,1.958,11.395,9.038,95.739,7.019,1655.025,0,7.039,7.039,NA,31
"5/26/2022 11:28:53 AM",0,31.996,1.745,3.822,3312.4,996.33,0,1.849,1.849,10.675,9.034,95.645,7.012,1797.588,0,7.032,7.032,NA,31
"5/26/2022 11:28:53 AM",0,31.979,1.766,3.864,3350,996.351,0,1.989,1.989,11.145,9.024,95.547,7.004,1793.765,0,7.024,7.024,NA,31
"5/26/2022 11:28:53 AM",0,31.965,1.753,3.835,3325.7,996.345,0,1.935,1.935,11.101,9.017,95.528,7.003,1710.674,0,7.023,7.023,NA,31
"5/26/2022 11:28:53 AM",0,31.945,1.727,3.781,3279.6,996.333,0,1.864,1.864,11.365,9.012,95.409,6.993,1614.414,0,7.013,7.013,NA,31
"5/26/2022 11:28:54 AM",0,31.968,1.77,3.872,3357.5,996.358,0,1.825,1.825,11.557,9.007,95.447,6.993,808.057,0,7.013,7.013,NA,31
"5/26/2022 11:28:54 AM",0,31.968,1.739,3.808,3301.9,996.335,0,1.857,1.857,11.351,9.004,95.372,6.988,572.547,0,7.008,7.008,NA,31
"5/26/2022 11:28:54 AM",0,31.959,1.74,3.81,3303.7,996.338,0,1.841,1.841,10.969,8.998,95.268,6.981,1202.017,0,7.001,7.001,NA,31
"5/26/2022 11:28:54 AM",0,31.964,1.737,3.803,3298.2,996.334,0,1.849,1.849,11.439,8.993,95.38,6.989,1614.669,0,7.009,7.009,NA,31
"5/26/2022 11:28:54 AM",0,31.967,1.723,3.774,3272.5,996.323,0,1.989,1.989,11.424,8.988,95.301,6.984,1739.051,0,7.004,7.004,NA,31
"5/26/2022 11:28:55 AM",0,31.972,1.699,3.726,3230.2,996.304,0,2.075,2.075,11.468,8.984,95.333,6.988,1790.367,0,7.008,7.008,NA,31
"5/26/2022 11:28:55 AM",0,31.97,1.688,3.701,3208.8,996.296,0,1.927,1.927,11.395,8.976,95.352,6.991,1809.398,0,7.011,7.011,NA,31
"5/26/2022 11:28:55 AM",0,31.971,1.667,3.658,3171.5,996.28,0,1.896,1.896,11.454,8.971,95.289,6.987,1804.215,0,7.007,7.007,NA,31
"5/26/2022 11:28:55 AM",0,31.967,1.663,3.649,3164.4,996.278,0,1.615,1.615,11.468,8.965,95.271,6.987,1816.364,0,7.007,7.007,NA,31
"5/26/2022 11:28:55 AM",0,31.962,1.655,3.633,3150.7,996.274,0,1.498,1.498,11.072,8.959,95.238,6.986,1797.163,0,7.006,7.006,NA,31
"5/26/2022 11:28:56 AM",0,31.957,1.654,3.631,3148.6,996.275,0,1.927,1.927,11.292,8.953,95.329,6.993,1795.889,0,7.013,7.013,NA,31
"5/26/2022 11:28:56 AM",0,31.952,1.65,3.622,3141.9,996.274,0,1.911,1.911,10.337,8.949,95.291,6.991,1796.059,0,7.011,7.011,NA,31
"5/26/2022 11:28:56 AM",0,31.947,1.624,3.568,3095.2,996.256,0,1.771,1.771,10.998,8.945,95.393,7,1782.125,0,7.02,7.02,NA,31
"5/26/2022 11:28:56 AM",0,31.943,1.627,3.574,3100.8,996.259,0,1.989,1.989,11.086,8.94,95.251,6.99,1770.656,0,7.01,7.01,NA,31
"5/26/2022 11:28:56 AM",0,31.94,1.587,3.489,3027.1,996.23,0,1.849,1.849,11.439,8.937,95.317,6.997,1781.021,0,7.017,7.017,NA,31
"5/26/2022 11:28:57 AM",0,31.937,1.572,3.46,3001.7,996.22,0,1.997,1.997,10.513,8.933,95.279,6.995,1886.117,0,7.015,7.015,NA,31
"5/26/2022 11:28:57 AM",0,31.939,1.544,3.401,2950.5,996.199,0,1.599,1.599,10.866,8.929,95.305,6.999,1926.898,0,7.019,7.019,NA,31
"5/26/2022 11:28:57 AM",0,31.939,1.546,3.404,2953.2,996.2,0,2.044,2.044,11.38,8.925,95.296,6.999,1941.766,0,7.019,7.019,NA,31
"5/26/2022 11:28:57 AM",0,31.942,1.545,3.403,2952.2,996.198,0,2.052,2.052,10.807,8.922,95.286,6.999,1944.229,0,7.019,7.019,NA,31
"5/26/2022 11:28:57 AM",0,31.941,1.535,3.381,2933.4,996.191,0,2.122,2.122,11.85,8.921,95.458,7.012,1941.001,0,7.033,7.032,NA,31
"5/26/2022 11:28:58 AM",0,31.944,1.518,3.346,2903,996.178,0,1.88,1.88,10.881,8.918,95.383,7.009,1933.015,0,7.029,7.029,NA,31
"5/26/2022 11:28:58 AM",0,31.947,1.503,3.315,2875.8,996.165,0,1.989,1.989,11.219,8.913,95.321,7.005,1934.884,0,7.025,7.025,NA,31
"5/26/2022 11:28:58 AM",0,31.95,1.484,3.276,2841.4,996.15,0,1.896,1.896,11.072,8.909,95.393,7.011,1933.1,0,7.032,7.032,NA,31
"5/26/2022 11:28:58 AM",0,31.959,1.472,3.252,2820.1,996.139,0,1.74,1.74,11.263,8.908,95.272,7.004,1931.485,0,7.024,7.024,NA,31
"5/26/2022 11:28:59 AM",0,31.957,1.46,3.227,2798.8,996.13,0,2.052,2.052,11.777,8.909,95.287,7.006,1929.701,0,7.026,7.026,NA,31
"5/26/2022 11:28:59 AM",0,31.965,1.447,3.2,2774.8,996.118,0,1.825,1.825,11.777,8.906,95.428,7.018,1923.244,0,7.038,7.038,NA,31
"5/26/2022 11:28:59 AM",0,31.965,1.447,3.2,2774.6,996.118,0,1.747,1.747,11.483,8.903,95.38,7.014,1917.807,0,7.035,7.034,NA,31
"5/26/2022 11:28:59 AM",0,31.964,1.438,3.181,2758.7,996.112,0,1.732,1.732,12.071,8.9,95.368,7.014,1914.833,0,7.034,7.034,NA,31
"5/26/2022 11:28:59 AM",0,31.964,1.44,3.185,2761.9,996.113,0,1.794,1.794,11.615,8.895,95.267,7.007,1916.702,0,7.027,7.027,NA,31
"5/26/2022 11:29:00 AM",0,31.961,1.433,3.17,2749,996.109,0,1.747,1.747,10.969,8.891,95.321,7.011,1926.388,0,7.032,7.032,NA,31
"5/26/2022 11:29:00 AM",0,31.958,1.432,3.168,2747.1,996.109,0,2.223,2.223,10.763,8.89,95.407,7.018,1935.733,0,7.038,7.038,NA,31
"5/26/2022 11:29:00 AM",0,31.955,1.429,3.162,2742.3,996.108,0,1.958,1.958,11.204,8.888,95.438,7.021,1944.909,0,7.041,7.041,NA,31
"5/26/2022 11:29:00 AM",0,31.951,1.428,3.158,2739.2,996.108,0,2.005,2.005,10.557,8.886,95.546,7.029,1950.516,0,7.049,7.049,NA,31
"5/26/2022 11:29:00 AM",0,31.949,1.427,3.156,2737.6,996.108,0,1.935,1.935,10.719,8.883,95.357,7.015,1954.595,0,7.035,7.035,NA,31
"5/26/2022 11:29:01 AM",0,31.941,1.424,3.15,2732.7,996.109,0,2.145,2.145,11.204,8.883,95.5,7.026,1961.137,0,7.046,7.046,NA,31
"5/26/2022 11:29:01 AM",0,31.94,1.424,3.15,2733.1,996.109,0,2.059,2.059,10.543,8.883,95.417,7.02,1965.13,0,7.041,7.04,NA,31
"5/26/2022 11:29:01 AM",0,31.935,1.422,3.146,2729.8,996.109,0,2.114,2.114,10.602,8.883,95.427,7.021,1966.659,0,7.041,7.041,NA,31
"5/26/2022 11:29:01 AM",0,31.932,1.422,3.146,2729.5,996.11,0,2.052,2.052,12.13,8.882,95.554,7.03,1969.633,0,7.051,7.05,NA,31
"5/26/2022 11:29:01 AM",0,31.931,1.423,3.148,2731.4,996.111,0,2.169,2.169,11.601,8.878,95.575,7.032,1971.162,0,7.052,7.052,NA,31
"5/26/2022 11:29:02 AM",0,31.93,1.425,3.151,2734.6,996.113,0,1.818,1.818,11.63,8.873,95.575,7.032,1972.011,0,7.052,7.052,NA,31
"5/26/2022 11:29:02 AM",0,31.927,1.427,3.155,2737.4,996.115,0,1.732,1.732,11.439,8.871,95.471,7.024,1972.096,0,7.045,7.045,NA,31
"5/26/2022 11:29:02 AM",0,31.925,1.426,3.154,2736.7,996.115,0,1.771,1.771,11.659,8.866,95.582,7.032,1971.842,0,7.053,7.053,NA,31
"5/26/2022 11:29:02 AM",0,31.923,1.419,3.138,2723.2,996.11,0,1.747,1.747,11.424,8.863,95.445,7.023,1973.031,0,7.043,7.043,NA,31
"5/26/2022 11:29:02 AM",0,31.918,1.413,3.125,2712.2,996.108,0,1.74,1.74,11.101,8.86,95.453,7.023,1970.567,0,7.043,7.043,NA,31
"5/26/2022 11:29:03 AM",0,31.914,1.404,3.106,2695.7,996.102,0,1.763,1.763,11.659,8.859,95.531,7.029,1970.227,0,7.049,7.049,NA,31
"5/26/2022 11:29:03 AM",0,31.91,1.396,3.09,2682.4,996.098,0,1.896,1.896,11.483,8.855,95.399,7.019,1968.358,0,7.04,7.039,NA,31
"5/26/2022 11:29:03 AM",0,31.907,1.386,3.069,2664.1,996.091,0,1.849,1.849,11.777,8.853,95.483,7.026,1965.724,0,7.046,7.046,NA,31
"5/26/2022 11:29:03 AM",0,31.906,1.378,3.052,2649.6,996.086,0,2.262,2.262,11.454,8.85,95.533,7.03,1960.882,0,7.05,7.05,NA,31
"5/26/2022 11:29:03 AM",0,31.904,1.371,3.036,2636.1,996.081,0,2.028,2.028,11.601,8.848,95.489,7.026,1957.228,0,7.047,7.047,NA,31
"5/26/2022 11:29:04 AM",0,31.903,1.362,3.017,2619.3,996.074,0,1.63,1.63,11.38,8.843,95.483,7.027,1952.301,0,7.047,7.047,NA,31
"5/26/2022 11:29:04 AM",0,31.901,1.35,2.993,2598.6,996.067,0,1.786,1.786,11.836,8.841,95.462,7.025,1947.288,0,7.045,7.045,NA,31
"5/26/2022 11:29:04 AM",0,31.898,1.334,2.958,2568.7,996.055,0,1.974,1.974,11.351,8.838,95.479,7.027,1941.256,0,7.047,7.047,NA,31
"5/26/2022 11:29:04 AM",0,31.894,1.325,2.939,2551.7,996.05,0,1.849,1.849,11.733,8.835,95.435,7.025,1931.74,0,7.045,7.045,NA,31
"5/26/2022 11:29:04 AM",0,31.89,1.324,2.937,2550.8,996.05,0,1.669,1.669,11.806,8.834,95.556,7.034,1926.388,0,7.054,7.054,NA,31
"5/26/2022 11:29:05 AM",0,31.887,1.325,2.94,2552.8,996.052,0,1.654,1.654,11.895,8.832,95.366,7.02,1919.761,0,7.041,7.041,NA,31
"5/26/2022 11:29:05 AM",0,31.883,1.324,2.936,2550.2,996.052,0,1.849,1.849,11.895,8.827,95.462,7.028,1914.578,0,7.048,7.048,NA,31
"5/26/2022 11:29:05 AM",0,31.879,1.323,2.934,2548.1,996.053,0,2.2,2.2,11.336,8.822,95.38,7.022,1911.945,0,7.042,7.042,NA,31
"5/26/2022 11:29:05 AM",0,31.874,1.319,2.925,2541.1,996.052,0,2.075,2.075,11.557,8.819,95.39,7.023,1910.075,0,7.043,7.043,NA,31
"5/26/2022 11:29:05 AM",0,31.875,1.319,2.925,2540.6,996.051,0,2.028,2.028,11.233,8.815,95.371,7.022,1910.585,0,7.042,7.042,NA,31
"5/26/2022 11:29:06 AM",0,31.882,1.313,2.913,2529.8,996.045,0,2.098,2.098,11.909,8.812,95.353,7.021,1913.219,0,7.041,7.041,NA,31
"5/26/2022 11:29:06 AM",0,31.886,1.312,2.913,2529.3,996.043,0,2.137,2.137,11.836,8.811,95.409,7.025,1916.787,0,7.046,7.046,NA,31
"5/26/2022 11:29:06 AM",0,31.885,1.309,2.906,2523.4,996.041,0,1.56,1.56,11.219,8.806,95.318,7.019,1923.924,0,7.039,7.039,NA,31
"5/26/2022 11:29:06 AM",0,31.886,1.305,2.897,2515.9,996.038,0,1.654,1.654,10.998,8.804,95.385,7.025,1929.446,0,7.045,7.045,NA,31
"5/26/2022 11:31:39 AM",0.009,29.518,49.26,78.094,71032.8,1032.637,32.637,0.094,0.094,0.102,8.067,95.669,5.488,1572.444,0,5.501,5.504,NA,31
"5/26/2022 11:31:39 AM",0.036,29.511,49.267,78.093,71042.1,1032.644,32.644,0.195,0.195,0.262,8.087,95.815,5.497,1623.675,0,5.51,5.513,NA,31
"5/26/2022 11:31:39 AM",0.064,29.514,49.277,78.111,71054.4,1032.651,32.651,0.343,0.343,0.612,8.107,95.657,5.489,1011.026,0,5.502,5.505,NA,31
"5/26/2022 11:31:39 AM",0.135,29.511,49.26,78.084,71033.4,1032.639,32.639,0.234,0.234,0.451,8.124,95.773,5.498,997.688,0,5.51,5.513,NA,31
"5/26/2022 11:31:40 AM",0.292,29.506,49.244,78.054,71014.6,1032.63,32.629,0.125,0.125,0.248,8.146,95.818,5.502,849.772,0,5.514,5.517,NA,31
"5/26/2022 11:31:40 AM",0.421,29.495,49.241,78.033,71011.3,1032.632,32.63,0.039,0.039,0.131,8.163,95.825,5.503,1086.046,0,5.516,5.519,NA,31
"5/26/2022 11:31:40 AM",0.598,29.494,49.243,78.035,71014.3,1032.635,32.632,0.133,0.133,0.277,8.177,95.86,5.506,1050.193,0,5.519,5.522,NA,31
"5/26/2022 11:31:40 AM",0.782,29.494,49.246,78.04,71018.6,1032.638,32.635,0.039,0.039,0.073,8.188,95.53,5.487,940.51,0,5.499,5.503,NA,31
"5/26/2022 11:31:40 AM",1.033,29.491,49.248,78.038,71021.6,1032.642,32.637,0,0,0,8.206,95.71,5.5,741.108,0,5.512,5.515,NA,31
"5/26/2022 11:31:41 AM",1.17,29.491,49.255,78.048,71030.1,1032.647,32.642,0.047,0.047,0.073,8.216,95.8,5.505,587.16,0,5.518,5.521,NA,31
"5/26/2022 11:31:41 AM",1.297,29.493,49.263,78.063,71040.6,1032.653,32.648,0.211,0.211,0.422,8.225,95.916,5.511,617.661,0,5.524,5.527,NA,31
"5/26/2022 11:31:41 AM",1.372,29.492,49.276,78.079,71056.5,1032.664,32.658,0.187,0.187,0.335,8.231,95.931,5.512,782.823,0,5.525,5.528,NA,31
"5/26/2022 11:31:41 AM",1.388,29.493,49.278,78.084,71059.4,1032.665,32.659,0.047,0.047,0.073,8.24,95.99,5.515,886.305,0,5.527,5.531,NA,31
"5/26/2022 11:31:41 AM",1.353,29.498,49.281,78.095,71062.4,1032.665,32.66,0.031,0.031,0,8.241,95.991,5.514,856.059,0,5.526,5.53,NA,31
"5/26/2022 11:31:42 AM",1.32,29.503,49.268,78.083,71044.6,1032.653,32.648,0.062,0.062,0.087,8.248,95.978,5.514,749.009,0,5.526,5.529,NA,31
"5/26/2022 11:31:42 AM",1.282,29.503,49.28,78.1,71060,1032.662,32.657,0.078,0.078,0.146,8.256,96.074,5.52,690.387,0,5.533,5.536,NA,31
"5/26/2022 11:31:42 AM",1.259,29.503,49.283,78.103,71063.3,1032.664,32.659,0.055,0.055,0.044,8.262,95.941,5.513,639.411,0,5.525,5.528,NA,31
"5/26/2022 11:31:42 AM",1.254,29.504,49.288,78.112,71070.3,1032.668,32.663,0.008,0.008,0,8.27,95.975,5.515,708.993,0,5.527,5.531,NA,31
"5/26/2022 11:31:42 AM",1.287,29.5,49.298,78.12,71082.7,1032.677,32.672,0.016,0.016,0.015,8.275,95.95,5.513,783.078,0,5.525,5.528,NA,31
"5/26/2022 11:31:43 AM",1.329,29.496,49.296,78.111,71080.7,1032.677,32.671,0.101,0.101,0.131,8.278,96.038,5.518,703.216,0,5.53,5.534,NA,31
"5/26/2022 11:31:43 AM",1.381,29.494,49.29,78.101,71074.2,1032.674,32.668,0.055,0.055,0.044,8.282,96.043,5.518,683.59,0,5.53,5.533,NA,31
"5/26/2022 11:31:43 AM",1.428,29.493,49.292,78.102,71076.1,1032.675,32.669,0.031,0.031,0,8.286,96.167,5.524,779.085,0,5.537,5.54,NA,31
"5/26/2022 11:31:43 AM",1.492,29.492,49.297,78.107,71082.6,1032.68,32.674,0.07,0.07,0.058,8.292,95.999,5.513,812.644,0,5.526,5.529,NA,31
"5/26/2022 11:31:44 AM",1.525,29.492,49.304,78.117,71091.2,1032.685,32.679,0.055,0.055,0.087,8.295,95.929,5.508,723.946,0,5.521,5.524,NA,31
"5/26/2022 11:31:44 AM",1.537,29.499,49.294,78.114,71077.9,1032.675,32.669,0.031,0.031,0.029,8.299,95.867,5.506,716.045,0,5.518,5.521,NA,31
"5/26/2022 11:31:44 AM",1.532,29.501,49.281,78.098,71061.3,1032.665,32.658,0.031,0.031,0,8.303,95.944,5.511,746.29,0,5.524,5.527,NA,31
"5/26/2022 11:31:44 AM",1.525,29.502,49.276,78.093,71055.9,1032.661,32.655,0.008,0.008,0,8.306,95.805,5.505,777.386,0,5.517,5.52,NA,31
"5/26/2022 11:31:44 AM",1.509,29.501,49.278,78.094,71057.4,1032.662,32.656,0.062,0.062,0.087,8.307,95.932,5.512,871.862,0,5.525,5.528,NA,31
"5/26/2022 11:31:45 AM",1.529,29.502,49.28,78.1,71060.8,1032.664,32.657,0.055,0.055,0.044,8.308,95.729,5.501,617.491,0,5.513,5.516,NA,31
"5/26/2022 11:31:45 AM",1.596,29.497,49.278,78.087,71058.1,1032.664,32.657,0.055,0.055,0.044,8.307,95.827,5.507,779.17,0,5.519,5.522,NA,31
"5/26/2022 11:31:45 AM",1.706,29.487,49.279,78.076,71061.3,1032.669,32.662,0.07,0.07,0.058,8.31,95.799,5.505,701.686,0,5.518,5.521,NA,31
"5/26/2022 11:31:45 AM",1.861,29.483,49.286,78.08,71071,1032.677,32.669,0.062,0.062,0.102,8.316,96.037,5.519,570.253,0,5.532,5.535,NA,31
"5/26/2022 11:31:45 AM",1.962,29.483,49.287,78.08,71071.1,1032.678,32.669,0,0,0,8.319,95.909,5.512,507.382,0,5.524,5.527,NA,31
"5/26/2022 11:31:46 AM",2.117,29.478,49.278,78.062,71061.6,1032.674,32.665,0.039,0.039,0.058,8.323,96.017,5.519,695.229,0,5.531,5.535,NA,31
"5/26/2022 11:31:46 AM",2.268,29.471,49.292,78.072,71079.8,1032.687,32.677,0.039,0.039,0.087,8.327,95.872,5.511,662.775,0,5.524,5.527,NA,31
"5/26/2022 11:31:46 AM",2.499,29.468,49.288,78.061,71074.4,1032.686,32.675,0.031,0.031,0,8.327,95.957,5.517,750.454,0,5.53,5.533,NA,31
"5/26/2022 11:31:46 AM",2.67,29.467,49.294,78.068,71082.2,1032.691,32.68,0.039,0.039,0.029,8.331,95.777,5.508,761.413,0,5.52,5.523,NA,31
"5/26/2022 11:31:46 AM",2.859,29.463,49.297,78.067,71086.6,1032.696,32.684,0.023,0.023,0.029,8.335,95.88,5.515,743.232,0,5.527,5.531,NA,31
"5/26/2022 11:31:47 AM",3.045,29.46,49.299,78.065,71089.7,1032.699,32.686,0.039,0.039,0.015,8.338,95.997,5.522,685.374,0,5.535,5.538,NA,31
"5/26/2022 11:31:47 AM",3.228,29.451,49.304,78.06,71097.2,1032.707,32.693,0.062,0.062,0.058,8.341,95.912,5.518,498.716,0,5.531,5.534,NA,31
"5/26/2022 11:31:47 AM",3.503,29.449,49.301,78.053,71094.2,1032.707,32.692,0.023,0.023,0,8.343,95.878,5.517,559.208,0,5.53,5.533,NA,31
"5/26/2022 11:31:47 AM",3.668,29.445,49.301,78.048,71094.9,1032.709,32.693,0.008,0.008,0,8.344,95.869,5.517,581.808,0,5.53,5.533,NA,31
"5/26/2022 11:31:47 AM",3.835,29.438,49.306,78.043,71101.4,1032.716,32.699,0.023,0.023,0.029,8.348,95.874,5.518,533.38,0,5.53,5.533,NA,31
"5/26/2022 11:31:48 AM",3.985,29.444,49.313,78.063,71110.5,1032.72,32.703,0.023,0.023,0,8.35,95.782,5.512,428.199,0,5.525,5.528,NA,31
"5/26/2022 11:31:48 AM",4.219,29.437,49.314,78.054,71112.7,1032.724,32.706,0.023,0.023,0.029,8.356,96.019,5.525,375.694,0,5.537,5.54,NA,31
"5/26/2022 11:31:48 AM",4.36,29.429,49.32,78.051,71120.4,1032.732,32.713,0.078,0.078,0.16,8.354,95.78,5.51,311.804,0,5.523,5.526,NA,31
"5/26/2022 11:31:48 AM",4.505,29.425,49.318,78.042,71118.2,1032.732,32.713,0.078,0.078,0.146,8.349,95.914,5.519,319.535,0,5.531,5.535,NA,31
"5/26/2022 11:31:48 AM",4.658,29.416,49.315,78.026,71116.8,1032.735,32.715,0.047,0.047,0.073,8.342,95.98,5.523,310.445,0,5.535,5.539,NA,31
"5/26/2022 11:31:49 AM",4.804,29.4,49.316,78.004,71120,1032.741,32.721,0.062,0.062,0.073,8.346,96.036,5.526,312.484,0,5.539,5.542,NA,31
"5/26/2022 11:31:49 AM",5.04,29.392,49.325,78.006,71132.2,1032.752,32.73,0.047,0.047,0.029,8.351,95.945,5.521,396.849,0,5.534,5.537,NA,31
"5/26/2022 11:31:49 AM",5.205,29.39,49.324,78.002,71131.5,1032.753,32.731,0.047,0.047,0.044,8.355,95.898,5.52,363.8,0,5.532,5.535,NA,31
"5/26/2022 11:31:49 AM",5.366,29.39,49.325,78.002,71132.5,1032.754,32.731,0.039,0.039,0.073,8.357,95.811,5.515,259.129,0,5.528,5.531,NA,31
"5/26/2022 11:31:49 AM",5.545,29.389,49.329,78.005,71137,1032.758,32.734,0.023,0.023,0.029,8.358,95.8,5.515,192.69,0,5.527,5.53,NA,31
"5/26/2022 11:31:50 AM",5.776,29.388,49.334,78.013,71144.2,1032.763,32.739,0.078,0.078,0.073,8.36,95.969,5.525,192.01,0,5.538,5.541,NA,31
"5/26/2022 11:31:50 AM",5.899,29.388,49.337,78.016,71147.8,1032.766,32.741,0.078,0.078,0.16,8.362,95.918,5.522,182.579,0,5.535,5.538,NA,31
"5/26/2022 11:31:50 AM",6.025,29.388,49.341,78.021,71152.8,1032.77,32.744,0.062,0.062,0.102,8.364,95.968,5.526,186.997,0,5.538,5.541,NA,31
"5/26/2022 11:31:50 AM",6.148,29.388,49.34,78.019,71151.4,1032.769,32.743,0.047,0.047,0.073,8.363,95.792,5.515,172.469,0,5.528,5.531,NA,31
"5/26/2022 11:31:50 AM",6.296,29.388,49.34,78.021,71152.3,1032.77,32.743,0.031,0.031,0.087,8.363,95.81,5.516,173.659,0,5.529,5.532,NA,31
"5/26/2022 11:31:51 AM",6.524,29.388,49.342,78.023,71154.4,1032.773,32.745,0.031,0.031,0.044,8.372,95.825,5.517,176.632,0,5.53,5.533,NA,31
"5/26/2022 11:31:51 AM",6.68,29.387,49.345,78.026,71158.1,1032.776,32.747,0.031,0.031,0.029,8.374,95.871,5.521,162.274,0,5.534,5.537,NA,31
"5/26/2022 11:31:51 AM",6.847,29.387,49.346,78.027,71159.6,1032.777,32.748,0.039,0.039,0.058,8.373,95.95,5.525,159.64,0,5.538,5.541,NA,31
"5/26/2022 11:31:51 AM",7.006,29.386,49.349,78.03,71163.2,1032.78,32.75,0.047,0.047,0.058,8.375,96.024,5.53,168.476,0,5.543,5.546,NA,31
"5/26/2022 11:31:51 AM",7.237,29.386,49.349,78.031,71164.2,1032.782,32.751,0.031,0.031,0.015,8.375,95.92,5.525,190.056,0,5.538,5.541,NA,31
"5/26/2022 11:31:52 AM",7.369,29.385,49.353,78.035,71169.5,1032.786,32.754,0.031,0.031,0.029,8.375,95.977,5.528,177.822,0,5.541,5.544,NA,31
"5/26/2022 11:31:52 AM",7.486,29.385,49.356,78.039,71173.1,1032.788,32.757,0.031,0.031,0.015,8.377,95.937,5.526,169.666,0,5.539,5.542,NA,31
"5/26/2022 11:31:52 AM",7.642,29.384,49.356,78.038,71172.4,1032.789,32.756,0.039,0.039,0.029,8.38,96.031,5.532,173.149,0,5.545,5.548,NA,31
"5/26/2022 11:31:52 AM",7.823,29.385,49.357,78.04,71174.6,1032.791,32.757,0.047,0.047,0.015,8.382,95.982,5.529,186.658,0,5.542,5.545,NA,31
"5/26/2022 11:31:52 AM",8.101,29.385,49.358,78.042,71176.2,1032.793,32.758,0.039,0.039,0.029,8.386,95.968,5.529,191.076,0,5.542,5.545,NA,31
"5/26/2022 11:31:53 AM",8.284,29.384,49.36,78.043,71177.8,1032.795,32.759,0.031,0.031,0.015,8.389,95.908,5.526,171.875,0,5.539,5.542,NA,31
"5/26/2022 11:31:53 AM",8.43,29.384,49.362,78.047,71181.5,1032.797,32.762,0.039,0.039,0.044,8.388,95.802,5.52,176.462,0,5.533,5.536,NA,31
"5/26/2022 11:31:53 AM",8.592,29.384,49.363,78.047,71182.2,1032.799,32.762,0.055,0.055,0.058,8.381,95.926,5.527,187.337,0,5.54,5.543,NA,31
"5/26/2022 11:31:53 AM",8.762,29.384,49.364,78.049,71183.4,1032.8,32.763,0.039,0.039,0.029,8.374,96.021,5.533,175.698,0,5.545,5.549,NA,31
"5/26/2022 11:31:53 AM",9.018,29.384,49.365,78.051,71185.3,1032.802,32.764,0.039,0.039,0.044,8.376,95.915,5.527,161.764,0,5.54,5.543,NA,31
"5/26/2022 11:31:54 AM",9.188,29.384,49.368,78.054,71189.2,1032.805,32.766,0.047,0.047,0.058,8.378,95.81,5.521,161.934,0,5.533,5.537,NA,31
"5/26/2022 11:31:54 AM",9.343,29.384,49.37,78.057,71191,1032.807,32.767,0.039,0.039,0.058,8.38,95.815,5.522,168.561,0,5.534,5.538,NA,31
"5/26/2022 11:31:54 AM",9.505,29.384,49.371,78.06,71193.1,1032.809,32.768,0.039,0.039,0.015,8.378,95.914,5.527,166.862,0,5.54,5.543,NA,31
"5/26/2022 11:31:54 AM",9.781,29.383,49.372,78.06,71194.3,1032.811,32.769,0.055,0.055,0.044,8.376,96.001,5.532,161.424,0,5.545,5.548,NA,31
"5/26/2022 11:31:55 AM",9.967,29.383,49.374,78.063,71196.9,1032.813,32.771,0.047,0.047,0.029,8.374,96.005,5.532,173.319,0,5.545,5.548,NA,31
"5/26/2022 11:31:55 AM",10.146,29.383,49.373,78.062,71196.2,1032.813,32.77,0.039,0.039,0.029,8.372,95.985,5.532,171.365,0,5.545,5.548,NA,31
"5/26/2022 11:31:55 AM",10.317,29.384,49.375,78.064,71198,1032.815,32.771,0.031,0.031,0.073,8.37,95.956,5.531,165.757,0,5.543,5.547,NA,31
"5/26/2022 11:31:55 AM",10.482,29.383,49.376,78.065,71199.7,1032.817,32.772,0.023,0.023,0.015,8.37,95.971,5.531,157.431,0,5.544,5.547,NA,31
"5/26/2022 11:31:55 AM",10.717,29.383,49.377,78.068,71201.5,1032.819,32.773,0.047,0.047,0.073,8.374,96.079,5.538,148.85,0,5.55,5.554,NA,31
"5/26/2022 11:31:56 AM",10.887,29.383,49.378,78.068,71202.1,1032.82,32.773,0.039,0.039,0.044,8.375,96.164,5.542,147.916,0,5.555,5.558,NA,31
"5/26/2022 11:31:56 AM",11.058,29.383,49.381,78.073,71206.5,1032.823,32.776,0.039,0.039,0.044,8.378,96.208,5.545,149.785,0,5.558,5.561,NA,31
"5/26/2022 11:31:56 AM",11.23,29.384,49.382,78.074,71207.3,1032.824,32.776,0.031,0.031,0.029,8.381,96.039,5.535,158.111,0,5.548,5.551,NA,31
"5/26/2022 11:31:56 AM",11.393,29.384,49.384,78.077,71209.7,1032.826,32.778,0.039,0.039,0.029,8.383,95.952,5.53,166.947,0,5.543,5.546,NA,31
"5/26/2022 11:31:56 AM",11.557,29.383,49.387,78.081,71213.8,1032.83,32.78,0.055,0.055,0.044,8.384,95.907,5.528,154.628,0,5.54,5.544,NA,31
"5/26/2022 11:31:57 AM",11.592,29.383,49.392,78.088,71219.8,1032.833,32.784,0.047,0.047,0.044,8.385,95.985,5.532,142.733,0,5.545,5.548,NA,31
"5/26/2022 11:31:57 AM",11.585,29.384,49.395,78.094,71224.3,1032.836,32.786,0.039,0.039,0.044,8.385,95.852,5.524,139.25,0,5.536,5.54,NA,31
"5/26/2022 11:31:57 AM",11.586,29.386,49.394,78.096,71222.7,1032.834,32.785,0.047,0.047,0.044,8.384,96.067,5.535,142.733,0,5.548,5.551,NA,31
"5/26/2022 11:31:57 AM",11.583,29.385,49.396,78.096,71224.3,1032.835,32.786,0.039,0.039,0.015,8.386,95.969,5.529,143.243,0,5.542,5.545,NA,31
"5/26/2022 11:31:57 AM",11.599,29.388,49.396,78.099,71224.3,1032.835,32.786,0.047,0.047,0.029,8.39,96,5.531,144.008,0,5.543,5.547,NA,31
"5/26/2022 11:31:58 AM",11.635,29.386,49.4,78.102,71229.2,1032.838,32.789,0.039,0.039,0.044,8.393,96.149,5.539,142.223,0,5.552,5.555,NA,31
"5/26/2022 11:31:58 AM",11.68,29.384,49.399,78.099,71228.7,1032.839,32.789,0.023,0.023,0.044,8.395,96.179,5.541,143.583,0,5.553,5.557,NA,31
"5/26/2022 11:31:58 AM",11.726,29.384,49.4,78.1,71230,1032.84,32.79,0.023,0.023,0.015,8.395,96.056,5.533,145.877,0,5.546,5.549,NA,31
"5/26/2022 11:31:58 AM",11.769,29.384,49.405,78.107,71236.8,1032.844,32.794,0.031,0.031,0.015,8.396,95.853,5.521,150.549,0,5.534,5.537,NA,31
"5/26/2022 11:31:58 AM",11.785,29.384,49.41,78.114,71242.5,1032.848,32.797,0.031,0.031,0.044,8.4,96.025,5.53,154.543,0,5.543,5.546,NA,31
"5/26/2022 11:31:59 AM",11.78,29.388,49.403,78.11,71234.1,1032.841,32.791,0.039,0.039,0.029,8.402,96.042,5.532,156.752,0,5.545,5.548,NA,31
"5/26/2022 11:31:59 AM",11.738,29.389,49.399,78.106,71228.3,1032.837,32.787,0.055,0.055,0.044,8.405,96.101,5.536,158.876,0,5.548,5.552,NA,31
"5/26/2022 11:31:59 AM",11.646,29.391,49.394,78.103,71222.3,1032.833,32.783,0.055,0.055,0.058,8.405,96.038,5.531,157.431,0,5.544,5.547,NA,31
"5/26/2022 11:31:59 AM",11.386,29.39,49.4,78.108,71228.6,1032.836,32.787,0.031,0.031,0.015,8.402,96.075,5.533,147.576,0,5.546,5.549,NA,31
"5/26/2022 11:31:59 AM",11.206,29.39,49.4,78.107,71228.6,1032.835,32.788,0.039,0.039,0.015,8.398,96.009,5.53,144.347,0,5.542,5.546,NA,31
"5/26/2022 11:32:00 AM",11.075,29.387,49.404,78.11,71234.5,1032.839,32.792,0.039,0.039,0.015,8.396,95.894,5.524,143.923,0,5.537,5.54,NA,31
"5/26/2022 11:32:00 AM",10.936,29.386,49.406,78.11,71236.6,1032.84,32.794,0.031,0.031,0.044,8.395,96.048,5.534,147.321,0,5.547,5.55,NA,31
"5/26/2022 11:32:00 AM",10.733,29.386,49.404,78.108,71234.4,1032.838,32.792,0.031,0.031,0.044,8.399,95.935,5.528,150.804,0,5.541,5.544,NA,31
"5/26/2022 11:32:00 AM",10.38,29.387,49.406,78.112,71236.2,1032.837,32.793,0.031,0.031,0.029,8.399,95.973,5.531,155.647,0,5.543,5.547,NA,31
"5/26/2022 11:32:00 AM",10.155,29.386,49.408,78.113,71238.6,1032.838,32.795,0.031,0.031,0,8.403,95.864,5.524,148.595,0,5.537,5.54,NA,31
"5/26/2022 11:32:01 AM",9.96,29.386,49.408,78.113,71238.8,1032.838,32.795,0.031,0.031,0.029,8.406,95.946,5.529,135.936,0,5.542,5.545,NA,31
"5/26/2022 11:32:01 AM",9.84,29.386,49.407,78.111,71237.1,1032.836,32.794,0.031,0.031,0.044,8.41,96.002,5.533,128.375,0,5.545,5.549,NA,31
"5/26/2022 11:32:01 AM",9.804,29.385,49.409,78.113,71240.6,1032.838,32.797,0.031,0.031,0.015,8.412,95.993,5.532,127.95,0,5.545,5.548,NA,31
"5/26/2022 11:32:01 AM",9.816,29.384,49.413,78.117,71245.8,1032.842,32.8,0.039,0.039,0.044,8.414,96.126,5.54,129.394,0,5.552,5.556,NA,31
"5/26/2022 11:32:01 AM",9.847,29.384,49.416,78.12,71248.9,1032.844,32.802,0.039,0.039,0.044,8.42,96.028,5.533,129.479,0,5.546,5.549,NA,31
"5/26/2022 11:32:02 AM",9.882,29.383,49.418,78.122,71251.5,1032.846,32.804,0.055,0.055,0.029,8.42,96.099,5.537,134.067,0,5.55,5.553,NA,31
"5/26/2022 11:32:02 AM",9.926,29.383,49.417,78.122,71251,1032.846,32.803,0.039,0.039,0.015,8.42,96.116,5.538,137.211,0,5.551,5.554,NA,31
"5/26/2022 11:32:02 AM",9.953,29.386,49.42,78.129,71254.3,1032.847,32.805,0.023,0.023,0.044,8.421,96.033,5.533,135.257,0,5.545,5.549,NA,31
"5/26/2022 11:32:02 AM",9.886,29.387,49.414,78.122,71246.2,1032.842,32.799,0.047,0.047,0.044,8.422,96.102,5.537,133.472,0,5.55,5.553,NA,31
"5/26/2022 11:32:02 AM",9.767,29.388,49.413,78.122,71244.5,1032.84,32.798,0.039,0.039,0.058,8.421,95.984,5.531,132.538,0,5.544,5.547,NA,31
"5/26/2022 11:32:03 AM",9.588,29.388,49.416,78.127,71249.1,1032.842,32.801,0.031,0.031,0.058,8.418,95.931,5.528,129.14,0,5.541,5.544,NA,31
"5/26/2022 11:32:03 AM",9.409,29.388,49.417,78.128,71250.2,1032.842,32.802,0.047,0.047,0.044,8.415,95.934,5.528,127.865,0,5.541,5.544,NA,31
"5/26/2022 11:32:03 AM",9.192,29.387,49.418,78.127,71250.6,1032.841,32.802,0.047,0.047,0.029,8.418,96.083,5.538,128.715,0,5.55,5.554,NA,31
"5/26/2022 11:32:03 AM",9.138,29.387,49.417,78.126,71249.7,1032.841,32.802,0.039,0.039,0.044,8.417,95.9,5.527,130.499,0,5.54,5.543,NA,31
"5/26/2022 11:32:03 AM",9.107,29.386,49.419,78.128,71253,1032.843,32.804,0.039,0.039,0.058,8.416,95.998,5.532,133.218,0,5.545,5.548,NA,31
"5/26/2022 11:32:04 AM",9.098,29.386,49.422,78.132,71256.7,1032.845,32.806,0.047,0.047,0.044,8.414,96.141,5.541,132.283,0,5.554,5.557,NA,31
"5/26/2022 11:32:04 AM",9.035,29.387,49.422,78.134,71256.3,1032.844,32.806,0.031,0.031,0.029,8.416,96.067,5.536,127.695,0,5.548,5.552,NA,31
"5/26/2022 11:32:04 AM",8.983,29.388,49.422,78.135,71256.4,1032.844,32.806,0.039,0.039,0.015,8.419,96.001,5.532,125.401,0,5.544,5.548,NA,31
"5/26/2022 11:32:04 AM",8.913,29.388,49.423,78.136,71256.7,1032.844,32.806,0.039,0.039,0.029,8.421,95.977,5.53,122.937,0,5.543,5.546,NA,31
"5/26/2022 11:32:04 AM",8.814,29.389,49.424,78.138,71258.1,1032.844,32.807,0.031,0.031,0,8.422,96.043,5.534,120.643,0,5.547,5.55,NA,31
"5/26/2022 11:32:05 AM",8.66,29.388,49.424,78.138,71258.6,1032.844,32.807,0.031,0.031,0.044,8.419,96.076,5.536,118.519,0,5.549,5.552,NA,31
"5/26/2022 11:32:05 AM",8.317,29.387,49.425,78.138,71259.7,1032.843,32.808,0.031,0.031,0.058,8.422,95.938,5.529,115.971,0,5.542,5.545,NA,31
"5/26/2022 11:32:05 AM",8.082,29.386,49.426,78.137,71261.1,1032.844,32.809,0.031,0.031,0.044,8.423,95.909,5.527,115.036,0,5.54,5.543,NA,31
"5/26/2022 11:32:05 AM",7.863,29.387,49.428,78.14,71262.7,1032.844,32.81,0.047,0.047,0.029,8.422,95.826,5.523,115.376,0,5.535,5.539,NA,31
"5/26/2022 11:32:05 AM",7.682,29.386,49.427,78.138,71262,1032.843,32.81,0.031,0.031,0.029,8.42,96.007,5.533,116.99,0,5.546,5.549,NA,31
"5/26/2022 11:32:06 AM",7.564,29.386,49.428,78.139,71262.6,1032.842,32.81,0.039,0.039,0,8.422,95.944,5.53,126.591,0,5.543,5.546,NA,31
"5/26/2022 11:32:06 AM",7.524,29.385,49.429,78.14,71264.5,1032.844,32.812,0.016,0.016,0.044,8.423,96.174,5.543,122.428,0,5.556,5.559,NA,31
"5/26/2022 11:32:06 AM",7.55,29.385,49.43,78.141,71265.6,1032.844,32.812,0.031,0.031,0,8.426,96.108,5.54,122.003,0,5.553,5.556,NA,31
"5/26/2022 11:32:06 AM",7.597,29.385,49.432,78.143,71268.4,1032.847,32.814,0.031,0.031,0.015,8.427,96.053,5.537,121.748,0,5.55,5.553,NA,31
"5/26/2022 11:32:07 AM",7.667,29.385,49.433,78.145,71268.7,1032.847,32.814,0.031,0.031,0.029,8.428,96.13,5.541,123.702,0,5.554,5.557,NA,31
"5/26/2022 11:32:07 AM",7.774,29.384,49.435,78.146,71272,1032.85,32.816,0.047,0.047,0.058,8.427,96.243,5.546,130.074,0,5.559,5.562,NA,31
"5/26/2022 11:32:07 AM",7.851,29.385,49.435,78.147,71271.9,1032.85,32.816,0.047,0.047,0.044,8.431,95.938,5.528,134.662,0,5.541,5.544,NA,31
"5/26/2022 11:32:07 AM",7.908,29.384,49.437,78.149,71274.3,1032.851,32.818,0.039,0.039,0.073,8.433,95.836,5.522,138.23,0,5.535,5.538,NA,31
"5/26/2022 11:32:07 AM",7.915,29.384,49.438,78.151,71276.1,1032.853,32.819,0.023,0.023,0.044,8.439,96.096,5.537,136.786,0,5.55,5.553,NA,31
"5/26/2022 11:32:08 AM",7.834,29.386,49.435,78.149,71272.1,1032.849,32.816,0.031,0.031,0.044,8.427,96.034,5.534,133.557,0,5.547,5.55,NA,31
"5/26/2022 11:32:08 AM",7.614,29.388,49.435,78.151,71271.6,1032.848,32.815,0.016,0.016,0.029,8.424,96.119,5.54,128.63,0,5.552,5.556,NA,31
"5/26/2022 11:32:08 AM",7.409,29.388,49.438,78.156,71274.8,1032.849,32.817,0.031,0.031,0.044,8.422,95.94,5.53,127.1,0,5.542,5.545,NA,31
"5/26/2022 11:32:08 AM",7.234,29.387,49.438,78.154,71275.4,1032.849,32.818,0.023,0.023,0.044,8.443,96.119,5.541,128.12,0,5.554,5.557,NA,31
"5/26/2022 11:32:08 AM",7.11,29.387,49.44,78.156,71277.8,1032.85,32.819,0.031,0.031,0.044,8.458,95.941,5.531,127.78,0,5.544,5.547,NA,31
"5/26/2022 11:32:09 AM",7.049,29.386,49.442,78.158,71279.8,1032.851,32.821,0.047,0.047,0.044,8.461,96.077,5.539,124.042,0,5.552,5.555,NA,31
"5/26/2022 11:32:09 AM",6.962,29.387,49.444,78.163,71282.7,1032.852,32.822,0.055,0.055,0.029,8.465,96.176,5.544,115.206,0,5.557,5.56,NA,31
"5/26/2022 11:32:09 AM",6.882,29.388,49.439,78.157,71276.5,1032.848,32.819,0.039,0.039,0.029,8.469,96.106,5.54,109.684,0,5.553,5.556,NA,31
"5/26/2022 11:32:09 AM",6.79,29.388,49.443,78.163,71281.2,1032.85,32.821,0.039,0.039,0.015,8.467,96.091,5.539,105.521,0,5.552,5.555,NA,31
"5/26/2022 11:32:09 AM",6.707,29.389,49.443,78.164,71281.2,1032.85,32.821,0.039,0.039,0.015,8.468,96.113,5.541,102.377,0,5.553,5.557,NA,31
"5/26/2022 11:32:10 AM",6.621,29.389,49.442,78.162,71279.5,1032.848,32.82,0.039,0.039,0.029,8.471,96.028,5.536,102.547,0,5.549,5.552,NA,31
"5/26/2022 11:32:10 AM",6.387,29.389,49.443,78.164,71281,1032.848,32.821,0.039,0.039,0,8.471,95.983,5.533,106.54,0,5.545,5.549,NA,31
"5/26/2022 11:32:10 AM",6.166,29.389,49.448,78.17,71286.6,1032.851,32.824,0.039,0.039,0.029,8.469,95.98,5.533,109.004,0,5.546,5.549,NA,31
"5/26/2022 11:32:10 AM",5.941,29.389,49.447,78.169,71285.3,1032.849,32.824,0.023,0.023,0,8.47,95.967,5.532,110.618,0,5.545,5.548,NA,31
"5/26/2022 11:32:10 AM",5.755,29.389,49.45,78.172,71288.8,1032.85,32.826,0.031,0.031,0,8.469,96.064,5.539,112.063,0,5.552,5.555,NA,31
"5/26/2022 11:32:11 AM",5.604,29.389,49.451,78.174,71290.5,1032.851,32.827,0.047,0.047,0,8.467,96.036,5.537,111.978,0,5.55,5.553,NA,31
"5/26/2022 11:32:11 AM",5.599,29.388,49.455,78.179,71295.5,1032.854,32.83,0.031,0.031,0.015,8.471,96.033,5.537,113.422,0,5.549,5.553,NA,31
"5/26/2022 11:32:11 AM",5.672,29.389,49.455,78.18,71296,1032.854,32.83,0.031,0.031,0.015,8.473,95.959,5.533,119.369,0,5.545,5.549,NA,31
"5/26/2022 11:32:11 AM",5.752,29.388,49.458,78.183,71299.5,1032.857,32.833,0.031,0.031,0.029,8.473,96.011,5.536,124.722,0,5.549,5.552,NA,31
"5/26/2022 11:32:11 AM",5.842,29.388,49.458,78.182,71299.2,1032.857,32.832,0.031,0.031,0.029,8.472,96.144,5.543,127.27,0,5.556,5.559,NA,31
"5/26/2022 11:32:12 AM",5.947,29.388,49.46,78.185,71301.8,1032.859,32.834,0.039,0.039,0.044,8.474,96.096,5.54,125.911,0,5.553,5.556,NA,31
"5/26/2022 11:32:12 AM",6.007,29.388,49.462,78.188,71304.6,1032.861,32.836,0.047,0.047,0.029,8.466,96.067,5.538,126.081,0,5.551,5.554,NA,31
"5/26/2022 11:32:12 AM",6.041,29.387,49.463,78.188,71305.7,1032.862,32.837,0.047,0.047,0.044,8.468,95.947,5.53,129.989,0,5.543,5.546,NA,31
"5/26/2022 11:32:12 AM",6.007,29.389,49.461,78.188,71303.6,1032.86,32.835,0.047,0.047,0.029,8.471,96.078,5.538,136.531,0,5.551,5.554,NA,31
"5/26/2022 11:32:12 AM",5.905,29.39,49.459,78.186,71300,1032.858,32.832,0.047,0.047,0.015,8.474,96.126,5.541,139.76,0,5.554,5.557,NA,31
"5/26/2022 11:32:13 AM",5.639,29.39,49.461,78.19,71302.5,1032.858,32.834,0.039,0.039,0.015,8.467,96.185,5.546,133.388,0,5.558,5.562,NA,31
"5/26/2022 11:32:13 AM",5.411,29.39,49.462,78.191,71304,1032.858,32.835,0.031,0.031,0.044,8.472,96.057,5.538,127.016,0,5.551,5.554,NA,31
"5/26/2022 11:32:13 AM",5.19,29.39,49.463,78.192,71304.8,1032.857,32.835,0.023,0.023,0.029,8.474,96.033,5.538,123.447,0,5.55,5.554,NA,31
"5/26/2022 11:32:13 AM",5.011,29.39,49.461,78.19,71302.9,1032.856,32.834,0.031,0.031,0.044,8.473,96.077,5.539,121.068,0,5.552,5.555,NA,31
"5/26/2022 11:32:13 AM",4.848,29.39,49.462,78.189,71303.3,1032.855,32.835,0.047,0.047,0.073,8.476,95.915,5.531,118.435,0,5.544,5.547,NA,31
"5/26/2022 11:32:14 AM",4.78,29.39,49.461,78.188,71301.7,1032.854,32.834,0.031,0.031,0.044,8.473,96.075,5.541,116.905,0,5.553,5.557,NA,31
"5/26/2022 11:32:14 AM",4.71,29.391,49.462,78.192,71303.9,1032.855,32.835,0.031,0.031,0.029,8.465,96.237,5.55,115.121,0,5.563,5.566,NA,31
"5/26/2022 11:32:14 AM",4.644,29.391,49.465,78.197,71307.7,1032.857,32.837,0.039,0.039,0.015,8.467,96.042,5.539,112.572,0,5.552,5.555,NA,31
"5/26/2022 11:32:14 AM",4.581,29.392,49.464,78.195,71305.1,1032.855,32.835,0.039,0.039,0.029,8.466,96.009,5.537,110.108,0,5.55,5.553,NA,31
"5/26/2022 11:32:14 AM",4.535,29.397,49.463,78.201,71303.7,1032.852,32.833,0.039,0.039,0.058,8.476,96.037,5.538,106.54,0,5.551,5.554,NA,31
"5/26/2022 11:32:15 AM",4.486,29.401,49.461,78.204,71301.3,1032.85,32.831,0.031,0.031,0.015,8.481,96.131,5.543,108.324,0,5.556,5.559,NA,31
"5/26/2022 11:32:15 AM",4.423,29.401,49.464,78.208,71304.4,1032.851,32.832,0.031,0.031,0.044,8.484,96.045,5.539,113.167,0,5.551,5.555,NA,31
"5/26/2022 11:32:15 AM",4.361,29.402,49.465,78.211,71305.3,1032.851,32.833,0.023,0.023,0.058,8.484,95.856,5.527,117.415,0,5.54,5.543,NA,31
"5/26/2022 11:32:15 AM",4.235,29.403,49.466,78.214,71306.5,1032.851,32.833,0.023,0.023,0.058,8.482,96.178,5.545,123.362,0,5.558,5.561,NA,31
"5/26/2022 11:32:15 AM",4.168,29.403,49.465,78.212,71305.3,1032.85,32.832,0.031,0.031,0.073,8.481,96.081,5.539,123.277,0,5.552,5.555,NA,31
"5/26/2022 11:32:16 AM",4.101,29.404,49.466,78.215,71306.1,1032.85,32.833,0.031,0.031,0.058,8.476,95.881,5.529,124.467,0,5.542,5.545,NA,31
"5/26/2022 11:32:16 AM",4.065,29.405,49.468,78.219,71309.3,1032.852,32.834,0.031,0.031,0.044,8.48,96.101,5.541,127.016,0,5.554,5.557,NA,31
"5/26/2022 11:32:16 AM",4.074,29.406,49.469,78.222,71309.9,1032.852,32.834,0.031,0.031,0.029,8.484,96.014,5.536,134.662,0,5.549,5.552,NA,31
"5/26/2022 11:32:16 AM",4.171,29.405,49.467,78.219,71308,1032.851,32.833,0.023,0.023,0.029,8.487,96.128,5.543,149.87,0,5.556,5.559,NA,31
"5/26/2022 11:32:16 AM",4.253,29.405,49.466,78.218,71307,1032.851,32.833,0.031,0.031,0.044,8.488,96.162,5.545,158.366,0,5.557,5.561,NA,31
"5/26/2022 11:32:17 AM",4.315,29.407,49.468,78.222,71308.7,1032.852,32.833,0.031,0.031,0.015,8.489,96.186,5.546,169.496,0,5.559,5.562,NA,31
"5/26/2022 11:32:17 AM",4.369,29.412,49.467,78.228,71306.7,1032.849,32.831,0.023,0.023,0.058,8.489,96.106,5.541,175.018,0,5.554,5.557,NA,31
"5/26/2022 11:32:17 AM",4.408,29.408,49.475,78.233,71317.3,1032.857,32.838,0.016,0.016,0.073,8.483,96.067,5.538,173.574,0,5.551,5.554,NA,31
"5/26/2022 11:32:17 AM",4.427,29.406,49.473,78.228,71315.1,1032.856,32.837,0.023,0.023,0.015,8.471,95.892,5.528,177.737,0,5.541,5.544,NA,31
"5/26/2022 11:32:18 AM",4.408,29.407,49.472,78.228,71314.3,1032.856,32.837,0.031,0.031,0.044,8.465,96.091,5.541,180.71,0,5.554,5.557,NA,31
"5/26/2022 11:32:18 AM",4.383,29.408,49.471,78.228,71312.4,1032.854,32.835,0.023,0.023,0.015,8.461,96.093,5.541,178.077,0,5.554,5.557,NA,31
"5/26/2022 11:32:18 AM",4.336,29.409,49.472,78.231,71313.9,1032.854,32.836,0.039,0.039,0.044,8.457,96.182,5.547,172.384,0,5.56,5.563,NA,31
"5/26/2022 11:32:18 AM",4.213,29.41,49.477,78.239,71319.9,1032.857,32.839,0.031,0.031,0.058,8.45,96.2,5.548,159.47,0,5.561,5.564,NA,31
"5/26/2022 11:32:18 AM",4.1,29.411,49.479,78.243,71321.5,1032.857,32.84,0.023,0.023,0.029,8.446,95.953,5.533,154.543,0,5.546,5.549,NA,31
"5/26/2022 11:32:19 AM",3.978,29.414,49.478,78.246,71320.6,1032.856,32.839,0.031,0.031,0.058,8.441,96.1,5.542,150.549,0,5.554,5.558,NA,31
"5/26/2022 11:32:19 AM",3.855,29.417,49.477,78.248,71318.4,1032.853,32.837,0.016,0.016,0.015,8.437,96.117,5.543,150.465,0,5.556,5.559,NA,31
"5/26/2022 11:32:19 AM",3.742,29.419,49.48,78.257,71322.3,1032.854,32.838,0.031,0.031,0.044,8.433,96.213,5.548,151.909,0,5.561,5.564,NA,31
"5/26/2022 11:32:19 AM",3.568,29.426,49.479,78.265,71319.7,1032.85,32.835,0.031,0.031,0.029,8.432,96.09,5.541,153.353,0,5.553,5.557,NA,31
"5/26/2022 11:32:19 AM",3.453,29.429,49.479,78.269,71319.1,1032.848,32.834,0.016,0.016,0.044,8.431,96.098,5.541,150.889,0,5.553,5.557,NA,31
"5/26/2022 11:32:20 AM",3.352,29.434,49.482,78.28,71323.2,1032.849,32.835,0.039,0.039,0.044,8.429,96.097,5.541,148.85,0,5.554,5.557,NA,31
"5/26/2022 11:32:20 AM",3.262,29.44,49.482,78.288,71322,1032.846,32.833,0.023,0.023,0.029,8.429,96.31,5.552,150.549,0,5.565,5.568,NA,31
"5/26/2022 11:32:20 AM",3.192,29.445,49.484,78.298,71323.5,1032.846,32.832,0.008,0.008,0,8.427,96.185,5.546,157.091,0,5.558,5.562,NA,31
"5/26/2022 11:32:20 AM",3.136,29.452,49.481,78.304,71318.6,1032.84,32.827,0.031,0.031,0,8.414,96.231,5.547,159.385,0,5.56,5.563,NA,31
"5/26/2022 11:32:20 AM",3.138,29.455,49.478,78.305,71314.9,1032.837,32.824,0.023,0.023,0.015,8.415,96.221,5.547,162.529,0,5.56,5.563,NA,31
"5/26/2022 11:32:21 AM",3.164,29.454,49.481,78.308,71319.2,1032.84,32.827,0.031,0.031,0,8.421,96.218,5.546,164.058,0,5.559,5.562,NA,31
"5/26/2022 11:32:21 AM",3.187,29.457,49.476,78.305,71312.1,1032.835,32.822,0.031,0.031,0.015,8.424,96.218,5.547,167.881,0,5.56,5.563,NA,31
"5/26/2022 11:32:21 AM",3.225,29.452,49.474,78.295,71309.7,1032.835,32.822,0.047,0.047,0.029,8.425,96.116,5.542,168.221,0,5.555,5.558,NA,31
"5/26/2022 11:32:21 AM",3.237,29.451,49.479,78.299,71316.5,1032.84,32.826,0.031,0.031,0.015,8.42,96.05,5.539,174.508,0,5.551,5.555,NA,31
"5/26/2022 11:32:21 AM",3.242,29.452,49.477,78.299,71314,1032.838,32.824,0.023,0.023,0.015,8.419,96.147,5.544,178.926,0,5.557,5.56,NA,31
"5/26/2022 11:32:22 AM",3.225,29.45,49.479,78.299,71316.3,1032.84,32.826,0.023,0.023,0,8.414,96.222,5.548,181.56,0,5.561,5.564,NA,31
"5/26/2022 11:32:22 AM",3.19,29.45,49.485,78.306,71323.8,1032.844,32.831,0.031,0.031,0.044,8.409,96.297,5.552,194.134,0,5.565,5.568,NA,31
"5/26/2022 11:32:22 AM",3.114,29.452,49.486,78.31,71324.7,1032.844,32.831,0.016,0.016,0.015,8.386,96.287,5.552,207.898,0,5.565,5.568,NA,31
"5/26/2022 11:32:22 AM",3.044,29.455,49.486,78.316,71325.4,1032.843,32.83,0.031,0.031,0.029,8.382,96.175,5.545,215.459,0,5.558,5.561,NA,31
"5/26/2022 11:32:22 AM",2.961,29.457,49.485,78.317,71323.2,1032.841,32.829,0.031,0.031,0,8.388,96.135,5.543,219.962,0,5.556,5.559,NA,31
"5/26/2022 11:32:23 AM",2.877,29.459,49.484,78.318,71322.4,1032.84,32.828,0.039,0.039,0.029,8.387,96.04,5.537,218.518,0,5.55,5.553,NA,31
"5/26/2022 11:32:23 AM",2.747,29.461,49.485,78.322,71322.5,1032.839,32.827,0.031,0.031,0.029,8.389,96.139,5.542,231.856,0,5.555,5.558,NA,31
"5/26/2022 11:32:23 AM",2.648,29.462,49.487,78.327,71324.8,1032.839,32.828,0.016,0.016,0.015,8.399,96.225,5.548,222.001,0,5.56,5.564,NA,31
"5/26/2022 11:32:23 AM",2.568,29.466,49.487,78.332,71324.9,1032.838,32.827,0.016,0.016,0,8.402,96.197,5.545,240.013,0,5.558,5.561,NA,31
"5/26/2022 11:32:23 AM",2.482,29.468,49.488,78.337,71325.3,1032.837,32.827,0.031,0.031,0.015,8.401,96.092,5.539,266.775,0,5.552,5.555,NA,31
"5/26/2022 11:32:24 AM",2.427,29.469,49.488,78.338,71325.7,1032.837,32.827,0.055,0.055,0.044,8.404,96.155,5.543,252.162,0,5.556,5.559,NA,31
"5/26/2022 11:32:24 AM",2.378,29.468,49.487,78.336,71324.1,1032.836,32.826,0.031,0.031,0.015,8.404,96.02,5.535,236.869,0,5.547,5.551,NA,31
"5/26/2022 11:32:24 AM",2.38,29.467,49.487,78.334,71324.1,1032.836,32.826,0.031,0.031,0.044,8.403,96.238,5.546,218.688,0,5.559,5.562,NA,31
"5/26/2022 11:32:24 AM",2.387,29.467,49.49,78.337,71327.7,1032.839,32.829,0.031,0.031,0.015,8.399,96.069,5.537,257.854,0,5.55,5.553,NA,31
"5/26/2022 11:32:24 AM",2.378,29.467,49.491,78.34,71329.3,1032.84,32.829,0.016,0.016,0.015,8.388,96.131,5.541,308.745,0,5.554,5.557,NA,31
"5/26/2022 11:32:25 AM",2.35,29.47,49.49,78.342,71328,1032.838,32.828,0.039,0.039,0.058,8.387,96.282,5.551,283.597,0,5.563,5.567,NA,31
"5/26/2022 11:32:25 AM",2.328,29.471,49.491,78.344,71328.2,1032.838,32.828,0.031,0.031,0.044,8.38,96.228,5.548,264.226,0,5.56,5.564,NA,31
"5/26/2022 11:32:25 AM",2.3,29.472,49.488,78.342,71325.3,1032.836,32.826,0.016,0.016,0.029,8.381,96.214,5.546,271.363,0,5.559,5.562,NA,31
"5/26/2022 11:32:25 AM",2.249,29.473,49.488,78.343,71325,1032.835,32.825,0.023,0.023,0.044,8.382,96.333,5.553,237.804,0,5.566,5.569,NA,31
"5/26/2022 11:32:25 AM",2.201,29.472,49.488,78.341,71324.2,1032.835,32.825,0.023,0.023,0,8.384,96.071,5.538,228.118,0,5.551,5.554,NA,31
"5/26/2022 11:32:26 AM",2.093,29.473,49.486,78.34,71322.1,1032.833,32.824,0.023,0.023,0.029,8.383,96.189,5.545,232.876,0,5.558,5.561,NA,31
"5/26/2022 11:32:26 AM",2.011,29.472,49.49,78.344,71326.9,1032.835,32.827,0.031,0.031,0.058,8.385,96.077,5.539,218.688,0,5.551,5.555,NA,31
"5/26/2022 11:32:26 AM",1.91,29.472,49.491,78.345,71328,1032.836,32.828,0.023,0.023,0.029,8.384,96.077,5.539,198.467,0,5.552,5.555,NA,31
"5/26/2022 11:32:26 AM",1.808,29.474,49.488,78.345,71324.9,1032.833,32.825,0.023,0.023,0.029,8.383,96.267,5.55,184.449,0,5.563,5.566,NA,31
"5/26/2022 11:32:26 AM",1.635,29.476,49.489,78.349,71325.2,1032.832,32.825,0.008,0.008,0,8.385,96.199,5.545,190.736,0,5.558,5.561,NA,31
"5/26/2022 11:32:27 AM",1.536,29.478,49.489,78.352,71325.1,1032.831,32.824,0.016,0.016,0,8.385,96.113,5.54,264.481,0,5.553,5.556,NA,31
"5/26/2022 11:32:27 AM",1.451,29.478,49.487,78.35,71322.8,1032.829,32.823,0.023,0.023,0.015,8.387,96.249,5.548,256.24,0,5.56,5.564,NA,31
"5/26/2022 11:32:27 AM",1.371,29.479,49.488,78.352,71323.7,1032.829,32.823,0.047,0.047,0.058,8.387,96.236,5.547,224.975,0,5.559,5.563,NA,31
"5/26/2022 11:32:27 AM",1.335,29.48,49.487,78.352,71321.5,1032.827,32.821,0,0,0,8.385,96.346,5.553,255.73,0,5.566,5.569,NA,31
"5/26/2022 11:32:28 AM",1.328,29.481,49.483,78.348,71317,1032.824,32.818,0.039,0.039,0.058,8.379,96.231,5.547,321.235,0,5.56,5.563,NA,31
"5/26/2022 11:32:28 AM",1.368,29.48,49.484,78.347,71317.8,1032.825,32.819,0,0,0,8.375,96.213,5.546,409.933,0,5.559,5.562,NA,31
"5/26/2022 11:32:28 AM",1.404,29.48,49.486,78.349,71320.6,1032.827,32.821,0.008,0.008,0,8.373,96.293,5.551,493.279,0,5.564,5.567,NA,31
"5/26/2022 11:32:28 AM",1.42,29.479,49.486,78.35,71321.3,1032.828,32.822,0,0,0,8.376,96.326,5.553,548.503,0,5.566,5.569,NA,31
"5/26/2022 11:32:28 AM",1.418,29.481,49.488,78.354,71323,1032.828,32.822,0.031,0.031,0.058,8.378,96.273,5.55,586.735,0,5.563,5.567,NA,31
"5/26/2022 11:32:29 AM",1.385,29.483,49.486,78.354,71320,1032.826,32.82,0.023,0.023,0.029,8.373,96.189,5.546,560.228,0,5.559,5.562,NA,31
"5/26/2022 11:32:29 AM",1.357,29.485,49.484,78.355,71318,1032.824,32.818,0.016,0.016,0.015,8.376,96.199,5.547,680.276,0,5.56,5.563,NA,31
"5/26/2022 11:32:29 AM",1.277,29.486,49.484,78.357,71318.1,1032.823,32.818,0.031,0.031,0.058,8.375,96.253,5.55,671.101,0,5.563,5.566,NA,31
"5/26/2022 11:32:29 AM",1.185,29.486,49.482,78.354,71315.4,1032.821,32.816,0.047,0.047,0.058,8.38,96.204,5.547,652.324,0,5.56,5.563,NA,31
"5/26/2022 11:32:29 AM",1.042,29.484,49.484,78.353,71317.1,1032.822,32.818,0.055,0.055,0.087,8.38,96.224,5.549,625.987,0,5.561,5.565,NA,31
"5/26/2022 11:32:30 AM",0.975,29.484,49.485,78.354,71319.1,1032.823,32.819,0.055,0.055,0.116,8.379,96.251,5.55,472.549,0,5.563,5.566,NA,31
"5/26/2022 11:32:30 AM",0.914,29.484,49.483,78.352,71316.3,1032.821,32.817,0.055,0.055,0.102,8.376,96.287,5.551,293.113,0,5.564,5.567,NA,31
"5/26/2022 11:32:30 AM",0.83,29.486,49.481,78.352,71313.9,1032.819,32.815,0.023,0.023,0.015,8.372,96.226,5.549,238.908,0,5.562,5.565,NA,31
"5/26/2022 11:32:30 AM",0.721,29.484,49.48,78.348,71313,1032.819,32.815,0.008,0.008,0,8.366,96.322,5.555,614.177,0,5.568,5.571,NA,31
"5/26/2022 11:32:30 AM",0.653,29.484,49.477,78.343,71308.5,1032.816,32.813,0,0,0,8.363,96.237,5.55,834.309,0,5.563,5.566,NA,31
"5/26/2022 11:32:31 AM",0.625,29.485,49.472,78.338,71303,1032.812,32.809,0.016,0.016,0.029,8.362,96.266,5.551,971.775,0,5.564,5.567,NA,31
"5/26/2022 11:32:31 AM",0.602,29.486,49.474,78.342,71304.7,1032.812,32.81,0,0,0,8.358,96.363,5.556,1071.943,0,5.569,5.573,NA,31
"5/26/2022 11:32:31 AM",0.615,29.488,49.473,78.343,71302.7,1032.811,32.808,0.016,0.016,0,8.36,96.405,5.559,944.588,0,5.572,5.575,NA,31
"5/26/2022 11:32:31 AM",0.67,29.49,49.469,78.34,71297.6,1032.807,32.804,0.055,0.055,0.102,8.366,96.257,5.551,937.111,0,5.564,5.567,NA,31
"5/26/2022 11:32:31 AM",0.684,29.487,49.47,78.338,71299.2,1032.809,32.806,0.055,0.055,0.073,8.364,96.236,5.55,859.967,0,5.563,5.567,NA,31
"5/26/2022 11:32:32 AM",0.649,29.489,49.467,78.336,71296,1032.807,32.804,0.031,0.031,0.015,8.375,96.273,5.553,984.179,0,5.566,5.569,NA,31
"5/26/2022 11:32:32 AM",0.597,29.488,49.472,78.343,71302.1,1032.81,32.808,0.031,0.031,0,8.382,96.16,5.546,975.258,0,5.559,5.562,NA,31
"5/26/2022 11:32:32 AM",0.496,29.489,49.47,78.342,71299.7,1032.808,32.806,0.179,0.179,0.029,8.384,96.281,5.554,969.481,0,5.566,5.57,NA,31
"5/26/2022 11:32:32 AM",0.282,29.491,49.466,78.337,71293.4,1032.803,32.802,0.07,0.07,0.058,8.386,96.303,5.555,1027.424,0,5.568,5.571,NA,31
"5/26/2022 11:32:32 AM",0.109,29.492,49.466,78.339,71293.5,1032.802,32.802,0.078,0.078,0.058,8.386,96.375,5.559,1059.114,0,5.572,5.575,NA,31
"5/26/2022 11:32:33 AM",0,29.492,49.463,78.335,71289.5,1032.799,32.799,0.016,0.016,0.015,8.386,96.293,5.554,1358.259,0,5.567,5.571,NA,31
"5/26/2022 11:32:33 AM",0,29.493,49.455,78.326,71280.1,1032.792,32.793,0,0,0,8.385,96.328,5.557,1489.777,0,5.57,5.573,NA,31
"5/26/2022 11:32:33 AM",0,29.487,1.942,4.035,3672,997.256,0,313.457,313.457,205.806,8.382,96.368,7.22,1498.018,0,7.241,7.241,NA,31
"5/26/2022 11:32:33 AM",0,29.446,1.3,2.758,2512.3,996.788,0,398.876,398.876,1199.37,8.378,96.526,7.258,1485.189,0,7.279,7.279,NA,31
"5/26/2022 11:32:33 AM",0,29.412,1.033,2.215,2018.7,996.598,0,318.052,318.052,662.407,8.375,96.312,7.251,1485.784,0,7.272,7.272,NA,31
"5/26/2022 11:32:34 AM",0,29.322,0.85,1.837,1677.4,996.489,0,307.895,307.895,926.28,8.374,95.943,7.229,1456.898,0,7.25,7.25,NA,31
"5/26/2022 11:32:34 AM",0,29.146,0.721,1.563,1432.6,996.444,0,501.713,501.713,1153.024,8.374,95.976,7.233,1489.183,0,7.254,7.254,NA,31
"5/26/2022 11:32:34 AM",0,29.099,0.656,1.426,1308,996.409,0,377.353,377.353,997.29,8.373,96.047,7.239,1510.677,0,7.26,7.26,NA,31
"5/26/2022 11:32:34 AM",0,29.098,0.613,1.337,1226.7,996.377,0,398.127,398.127,393.56,8.372,95.969,7.233,1504.985,0,7.254,7.254,NA,31
"5/26/2022 11:32:34 AM",0,29.111,0.569,1.245,1141.4,996.34,0,217.812,217.812,369.787,8.372,96.134,7.245,1497.509,0,7.266,7.266,NA,31
"5/26/2022 11:32:35 AM",0,29.143,0.544,1.193,1093.2,996.312,0,199.13,199.13,419.846,8.374,95.803,7.219,1494.875,0,7.24,7.24,NA,31
"5/26/2022 11:32:35 AM",0,29.18,0.527,1.159,1061.2,996.289,0,191.984,191.984,396.926,8.37,95.758,7.217,1495.979,0,7.238,7.238,NA,31
"5/26/2022 11:32:35 AM",0,29.217,0.88,1.893,1732.4,996.542,0,506.05,506.05,1252.009,8.366,96,7.223,1486.804,0,7.244,7.244,NA,31
"5/26/2022 11:32:35 AM",0,29.265,0.706,1.536,1404.6,996.398,0,234.826,234.826,418.954,8.364,95.919,7.224,1473.805,0,7.245,7.245,NA,31
"5/26/2022 11:32:35 AM",0,29.301,0.621,1.358,1240.7,996.323,0,506.05,506.05,1092.59,8.365,96.079,7.24,1456.983,0,7.261,7.261,NA,31
"5/26/2022 11:32:36 AM",0,29.326,0.567,1.246,1137.7,996.275,0,397.058,397.058,726.101,8.364,95.91,7.229,1421.639,0,7.25,7.25,NA,31
"5/26/2022 11:32:36 AM",0,29.388,0.537,1.184,1079.4,996.234,0,506.05,506.05,566.191,8.364,95.935,7.232,1336.849,0,7.253,7.253,NA,31
"5/26/2022 11:32:36 AM",0,29.454,0.47,1.042,949.5,996.165,0,358.897,358.897,423.102,8.36,95.918,7.232,1058.349,0,7.253,7.253,NA,31
"5/26/2022 11:32:36 AM",0,29.496,0.444,0.986,897.6,996.132,0,506.05,506.05,801.676,8.359,96.006,7.239,1053.931,0,7.26,7.26,NA,31
"5/26/2022 11:32:36 AM",0,29.495,0.433,0.964,877.2,996.125,0,343.311,343.311,1018.662,8.358,95.765,7.221,1156.054,0,7.242,7.242,NA,31
"5/26/2022 11:32:37 AM",0,29.519,0.417,0.929,845.2,996.105,0,297.513,297.513,931.538,8.358,95.723,7.219,1185.705,0,7.239,7.24,NA,31
"5/26/2022 11:32:37 AM",0,29.636,0.398,0.89,807.8,996.056,0,251.083,251.083,311.716,8.358,95.812,7.227,1173.64,0,7.248,7.248,NA,31
"5/26/2022 11:32:37 AM",0,29.758,0.383,0.86,778.8,996.009,0,104.85,104.85,80.478,8.356,95.847,7.23,1418.241,0,7.251,7.251,NA,31
"5/26/2022 11:32:37 AM",0,29.859,0.367,0.826,746.1,995.966,0,58.958,58.958,26.029,8.354,95.752,7.224,1484.935,0,7.245,7.245,NA,31
"5/26/2022 11:32:37 AM",0,29.909,0.363,0.818,737.9,995.948,0,74.747,74.747,0.466,8.351,95.707,7.22,1449.931,0,7.241,7.241,NA,31
"5/26/2022 11:32:38 AM",0,29.798,0.354,0.797,721,995.975,0,96.347,96.347,82.833,8.351,95.742,7.223,1367.01,0,7.244,7.244,NA,31
"5/26/2022 11:32:38 AM",0,29.676,0.575,1.271,1152.7,996.177,0,135.702,135.702,77.787,8.351,95.725,7.213,1376.016,0,7.234,7.234,NA,31
"5/26/2022 11:32:38 AM",0,29.543,0.389,0.87,790.8,996.078,0,13.316,13.316,13.042,8.348,95.584,7.21,1423.848,0,7.231,7.231,NA,31
"5/26/2022 11:32:38 AM",0,29.418,0.354,0.791,720.8,996.088,0,2.239,2.239,0.102,8.345,95.31,7.19,1059.709,0,7.211,7.211,NA,31
"5/26/2022 11:32:39 AM",0,29.284,0.364,0.811,741.5,996.136,0,0.671,0.671,0,8.346,95.15,7.176,362.695,0,7.197,7.197,NA,31
"5/26/2022 11:32:39 AM",0,29.205,1.657,3.453,3160.8,997.127,0,0.601,0.601,0,8.338,95.068,7.119,282.153,0,7.139,7.139,NA,31
"5/26/2022 11:32:39 AM",0,29.1,1.576,3.288,3015.9,997.098,0,2.005,2.005,0,8.328,94.69,7.093,254.881,0,7.113,7.113,NA,31
"5/26/2022 11:32:39 AM",0,28.994,1.833,3.783,3477.8,997.32,0,0,0,7.829,8.322,94.447,7.064,359.891,0,7.085,7.084,NA,31
"5/26/2022 11:32:39 AM",0,28.908,0.929,1.983,1825.6,996.67,0,0.406,0.406,0,8.327,94.451,7.099,755.381,0,7.12,7.12,NA,31
"5/26/2022 11:32:40 AM",0,28.618,0.578,1.252,1159.9,996.492,0,0,0,0,8.333,94.103,7.086,540.942,0,7.107,7.107,NA,31
"5/26/2022 11:32:40 AM",0,28.247,0.519,1.121,1046.4,996.554,0,3.838,3.838,0,8.335,93.812,7.067,488.266,0,7.087,7.087,NA,31
"5/26/2022 11:32:40 AM",0,27.922,0.479,1.031,969,996.617,0,4.774,4.774,0,8.336,93.714,7.061,415.625,0,7.082,7.082,NA,31
"5/26/2022 11:32:40 AM",0,27.798,0.456,0.981,924.4,996.635,0,0,0,0,8.335,93.907,7.078,359.722,0,7.098,7.098,NA,31
"5/26/2022 11:32:40 AM",0,27.806,0.43,0.927,872.8,996.613,0,0,0,0,8.338,94.769,7.142,330.58,0,7.163,7.163,NA,31
"5/26/2022 11:32:41 AM",0,29.671,2.606,5.339,4841.6,997.696,0,0,0,0,8.416,97.708,7.255,332.109,0,7.276,7.276,NA,31
"5/26/2022 11:32:41 AM",0,31.394,2.09,4.479,3927,996.778,0,0,0,6.321,8.551,98.947,7.336,327.776,0,7.357,7.357,NA,31
"5/26/2022 11:32:41 AM",0,31.815,2.199,4.736,4118.8,996.725,0,1.225,1.225,11.498,8.653,98.2,7.247,310.869,0,7.268,7.268,NA,31
"5/26/2022 11:32:41 AM",0,31.919,2.174,4.694,4073.9,996.673,0,1.568,1.568,11.321,8.716,97.496,7.174,339.076,0,7.195,7.195,NA,31
"5/26/2022 11:32:41 AM",0,31.975,2.246,4.846,4201.7,996.709,0,2.426,2.426,11.806,8.785,96.987,7.113,494.044,0,7.133,7.133,NA,31
"5/26/2022 11:32:42 AM",0,31.981,2.248,4.851,4204.9,996.709,0,2.504,2.504,11.645,8.819,96.719,7.082,722.841,0,7.103,7.103,NA,31
"5/26/2022 11:32:42 AM",0,31.984,2.306,4.968,4306.1,996.75,0,2.254,2.254,11.336,8.846,96.469,7.053,1229.034,0,7.074,7.074,NA,31
"5/26/2022 11:32:42 AM",0,32.001,2.203,4.761,4126,996.669,0,2.028,2.028,11.248,8.868,96.463,7.051,1363.017,0,7.071,7.071,NA,31
"5/26/2022 11:32:42 AM",0,31.997,2.215,4.786,4147.2,996.679,0,1.989,1.989,11.542,8.888,96.268,7.031,1455.878,0,7.051,7.051,NA,31
"5/26/2022 11:32:42 AM",0,32.024,2.122,4.598,3982.2,996.601,0,2.02,2.02,12.63,8.906,96.188,7.024,1516.965,0,7.044,7.044,NA,31
"5/26/2022 11:32:43 AM",0,32.021,2.111,4.575,3962.5,996.594,0,2.145,2.145,12.086,8.916,96.122,7.018,1527.415,0,7.038,7.038,NA,31
"5/26/2022 11:32:43 AM",0,32.02,2.117,4.588,3974,996.599,0,2.2,2.2,11.557,8.924,96.05,7.011,1538.375,0,7.031,7.031,NA,31
"5/26/2022 11:32:43 AM",0,32.01,2.123,4.599,3984.8,996.606,0,2.2,2.2,11.865,8.931,95.861,6.995,1547.72,0,7.015,7.015,NA,31
"5/26/2022 11:32:43 AM",0,32.008,2.089,4.529,3924.2,996.582,0,2.005,2.005,11.953,8.939,95.674,6.982,1557.915,0,7.002,7.002,NA,31
"5/26/2022 11:32:43 AM",0,32.001,2.051,4.45,3856.5,996.556,0,1.74,1.74,11.645,8.946,95.617,6.978,1563.268,0,6.998,6.998,NA,31
"5/26/2022 11:32:44 AM",0,31.988,2.041,4.43,3840.1,996.553,0,2.059,2.059,11.615,8.95,95.697,6.984,1567.091,0,7.005,7.004,NA,31
"5/26/2022 11:32:44 AM",0,31.98,2.05,4.446,3854.5,996.562,0,1.981,1.981,11.38,8.957,95.72,6.986,1564.797,0,7.006,7.006,NA,31
"5/26/2022 11:32:44 AM",0,31.967,2.013,4.37,3789.3,996.538,0,2.036,2.036,12.38,8.961,95.868,6.998,1562.333,0,7.018,7.018,NA,31
"5/26/2022 11:32:44 AM",0,31.952,1.961,4.262,3696.9,996.504,0,2.091,2.091,11.439,8.967,95.788,6.994,1562.163,0,7.015,7.014,NA,31
"5/26/2022 11:32:44 AM",0,31.946,1.952,4.244,3681.7,996.5,0,1.552,1.552,11.38,8.969,95.8,6.995,1564.542,0,7.015,7.015,NA,31
"5/26/2022 11:32:45 AM",0,31.944,1.941,4.222,3662.2,996.492,0,1.95,1.95,11.336,8.97,95.746,6.991,1567.006,0,7.012,7.011,NA,31
"5/26/2022 11:32:45 AM",0,31.936,1.933,4.204,3647.2,996.489,0,2.036,2.036,11.116,8.971,95.606,6.981,1571.424,0,7.002,7.001,NA,31
"5/26/2022 11:32:45 AM",0,31.936,1.998,4.338,3764,996.538,0,2.122,2.122,11.41,8.974,95.44,6.967,1576.946,0,6.987,6.987,NA,31
"5/26/2022 11:32:45 AM",0,31.93,1.986,4.313,3742.3,996.53,0,2.028,2.028,11.219,8.973,95.446,6.967,1575.332,0,6.987,6.987,NA,31
"5/26/2022 11:32:45 AM",0,31.944,1.982,4.305,3734.6,996.523,0,2.013,2.013,11.527,8.972,95.24,6.952,1572.019,0,6.972,6.972,NA,31
"5/26/2022 11:32:46 AM",0,31.945,1.988,4.318,3746,996.527,0,1.997,1.997,11.689,8.97,95.153,6.945,1568.62,0,6.965,6.965,NA,31
"5/26/2022 11:32:46 AM",0,31.946,2,4.341,3765.9,996.535,0,1.942,1.942,11.086,8.97,95.294,6.955,1565.732,0,6.975,6.974,NA,31
"5/26/2022 11:32:46 AM",0,31.935,2.002,4.345,3769.6,996.54,0,1.818,1.818,11.38,8.969,95.167,6.945,1563.693,0,6.965,6.965,NA,31
"5/26/2022 11:32:46 AM",0,31.93,1.972,4.283,3716.3,996.52,0,2.192,2.192,10.616,8.964,95.335,6.958,1562.333,0,6.978,6.978,NA,31
"5/26/2022 11:32:46 AM",0,31.927,1.96,4.259,3695.5,996.512,0,2.137,2.137,10.69,8.963,95.237,6.952,1562.758,0,6.972,6.971,NA,31
"5/26/2022 11:32:47 AM",0,31.924,1.984,4.307,3737.8,996.53,0,2.083,2.083,10.925,8.963,95.108,6.941,1565.392,0,6.961,6.961,NA,31
"5/26/2022 11:32:47 AM",0,31.921,1.882,4.098,3556.6,996.456,0,2.114,2.114,10.22,8.959,94.969,6.935,1566.072,0,6.955,6.955,NA,31
"5/26/2022 11:32:47 AM",0,31.92,1.892,4.119,3574.9,996.464,0,2.176,2.176,11.527,8.955,95.169,6.95,1567.006,0,6.97,6.97,NA,31
"5/26/2022 11:32:47 AM",0,31.918,1.815,3.961,3438.1,996.407,0,1.794,1.794,11.292,8.954,95.096,6.947,1568.79,0,6.967,6.967,NA,31
"5/26/2022 11:32:47 AM",0,31.912,1.799,3.927,3408.9,996.397,0,1.779,1.779,11.248,8.953,94.967,6.938,1570.405,0,6.958,6.958,NA,31
"5/26/2022 11:32:48 AM",0,31.895,1.822,3.974,3450.4,996.42,0,1.724,1.724,11.836,8.954,95.066,6.945,1570.15,0,6.965,6.965,NA,31
"5/26/2022 11:32:48 AM",0,31.871,1.796,3.918,3403.6,996.408,0,2.044,2.044,11.072,8.954,94.981,6.939,1569.98,0,6.959,6.959,NA,31
"5/26/2022 11:32:48 AM",0,31.859,1.777,3.879,3370,996.398,0,1.911,1.911,10.616,8.954,95.008,6.942,1567.006,0,6.962,6.962,NA,31
"5/26/2022 11:32:48 AM",0,31.853,1.799,3.923,3408.9,996.416,0,1.974,1.974,10.631,8.953,95.088,6.947,1564.457,0,6.967,6.966,NA,31
"5/26/2022 11:32:48 AM",0,31.849,1.76,3.842,3339.2,996.388,0,1.864,1.864,10.646,8.951,95.037,6.944,1561.484,0,6.964,6.964,NA,31
"5/26/2022 11:32:49 AM",0,31.853,1.725,3.77,3276.3,996.361,0,1.966,1.966,11.219,8.95,95.019,6.944,1557.576,0,6.964,6.964,NA,31
"5/26/2022 11:32:49 AM",0,31.846,1.695,3.708,3222.7,996.341,0,2.34,2.34,11.718,8.947,94.891,6.935,1551.883,0,6.955,6.955,NA,31
"5/26/2022 11:32:49 AM",0,31.846,1.693,3.704,3219,996.339,0,1.794,1.794,11.645,8.945,94.834,6.931,1548.4,0,6.951,6.951,NA,31
"5/26/2022 11:32:49 AM",0,31.849,1.685,3.687,3203.8,996.332,0,1.88,1.88,11.454,8.944,94.976,6.941,1545.766,0,6.961,6.961,NA,31
"5/26/2022 11:32:50 AM",0,31.842,1.686,3.689,3206.4,996.335,0,1.958,1.958,11.336,8.943,94.981,6.941,1544.237,0,6.961,6.961,NA,31
"5/26/2022 11:32:50 AM",0,31.842,1.687,3.691,3208.1,996.336,0,1.841,1.841,11.674,8.941,95.066,6.947,1543.642,0,6.967,6.966,NA,31
"5/26/2022 11:32:50 AM",0,31.823,1.678,3.671,3191.9,996.335,0,2.106,2.106,11.351,8.938,94.878,6.933,1545.681,0,6.953,6.953,NA,31
"5/26/2022 11:32:50 AM",0,31.815,1.674,3.663,3185.1,996.335,0,1.864,1.864,10.998,8.937,94.9,6.935,1548.995,0,6.955,6.954,NA,31
"5/26/2022 11:32:50 AM",0,31.819,1.673,3.661,3183,996.333,0,1.903,1.903,11.365,8.934,94.957,6.939,1553.158,0,6.959,6.958,NA,31
"5/26/2022 11:32:51 AM",0,31.819,1.666,3.647,3171.3,996.328,0,1.888,1.888,11.189,8.933,94.816,6.928,1558.17,0,6.948,6.948,NA,31
"5/26/2022 11:32:51 AM",0,31.829,1.655,3.623,3149.8,996.316,0,1.896,1.896,11.542,8.93,94.822,6.929,1566.241,0,6.949,6.949,NA,31
"5/26/2022 11:32:51 AM",0,31.837,1.642,3.597,3127,996.304,0,1.857,1.857,11.116,8.928,94.893,6.934,1570.999,0,6.954,6.954,NA,31
"5/26/2022 11:32:51 AM",0,31.847,1.634,3.582,3112.7,996.295,0,2.036,2.036,10.704,8.925,94.976,6.94,1575.077,0,6.96,6.96,NA,31
"5/26/2022 11:32:51 AM",0,31.852,1.631,3.577,3108.2,996.292,0,1.693,1.693,11.762,8.92,94.84,6.93,1578.391,0,6.95,6.95,NA,31
"5/26/2022 11:32:52 AM",0,31.854,1.623,3.56,3093.4,996.285,0,1.584,1.584,11.527,8.919,94.783,6.927,1580.43,0,6.947,6.947,NA,31
"5/26/2022 11:32:52 AM",0,31.86,1.616,3.545,3080.1,996.277,0,1.903,1.903,11.336,8.919,95.014,6.944,1581.534,0,6.964,6.964,NA,31
"5/26/2022 11:32:52 AM",0,31.859,1.612,3.537,3073.2,996.275,0,1.935,1.935,11.615,8.917,94.977,6.941,1579.92,0,6.961,6.961,NA,31
"5/26/2022 11:32:52 AM",0,31.861,1.596,3.505,3045,996.263,0,1.942,1.942,11.145,8.915,95.085,6.95,1577.626,0,6.97,6.97,NA,31
"5/26/2022 11:32:52 AM",0,31.862,1.587,3.485,3028.2,996.255,0,1.896,1.896,11.953,8.912,95.036,6.947,1573.803,0,6.967,6.967,NA,31
"5/26/2022 11:32:53 AM",0,31.858,1.588,3.486,3029.4,996.257,0,1.95,1.95,10.954,8.91,94.837,6.933,1566.666,0,6.953,6.953,NA,31
"5/26/2022 11:32:53 AM",0,31.862,1.566,3.441,2989.9,996.239,0,2.005,2.005,11.498,8.906,94.848,6.935,1560.634,0,6.955,6.955,NA,31
"5/26/2022 11:32:53 AM",0,31.863,1.569,3.449,2996.3,996.242,0,1.942,1.942,11.557,8.904,94.807,6.932,1554.347,0,6.952,6.952,NA,31
"5/26/2022 11:32:53 AM",0,31.862,1.565,3.439,2988.1,996.239,0,1.88,1.88,11.895,8.9,95.058,6.951,1548.485,0,6.971,6.97,NA,31
"5/26/2022 11:32:53 AM",0,31.865,1.548,3.404,2957.5,996.225,0,2.145,2.145,11.689,8.897,95.044,6.951,1542.623,0,6.971,6.97,NA,31
"5/26/2022 11:32:54 AM",0,31.866,1.546,3.401,2954.7,996.224,0,2.176,2.176,10.881,8.894,94.944,6.944,1536.081,0,6.964,6.963,NA,31
"5/26/2022 11:36:58 AM",0.144,29.494,49.147,77.903,70894.1,1032.56,32.559,0.14,0.14,0.364,7.597,94.7,5.408,718.424,0,5.42,5.423,NA,31
"5/26/2022 11:36:58 AM",0.117,29.494,49.124,77.871,70865.3,1032.543,32.542,0.14,0.14,0.335,7.607,94.826,5.417,730.233,0,5.429,5.432,NA,31
"5/26/2022 11:36:59 AM",0.084,29.497,49.108,77.854,70844.8,1032.529,32.529,0.109,0.109,0.277,7.623,94.833,5.421,728.874,0,5.433,5.436,NA,31
"5/26/2022 11:36:59 AM",0.064,29.502,49.133,77.895,70876,1032.547,32.546,0.304,0.304,0.349,7.649,94.932,5.431,857.164,0,5.443,5.447,NA,31
"5/26/2022 11:36:59 AM",0.043,29.503,49.108,77.862,70844.3,1032.527,32.527,0.195,0.195,0.218,7.668,95.143,5.447,740.853,0,5.459,5.462,NA,31
"5/26/2022 11:36:59 AM",0.019,29.504,49.094,77.845,70826.5,1032.516,32.516,0.187,0.187,0.597,7.681,95.09,5.447,705.085,0,5.459,5.462,NA,31
"5/26/2022 11:36:59 AM",0,29.508,49.1,77.857,70832.8,1032.518,32.519,0.07,0.07,0.277,7.696,95.315,5.462,723.436,0,5.474,5.477,NA,31
"5/26/2022 11:37:00 AM",0,29.511,49.106,77.87,70840.5,1032.522,32.523,0.117,0.117,0.553,7.71,95.523,5.474,819.696,0,5.487,5.49,NA,31
"5/26/2022 11:37:05 AM",0.824,29.48,49.132,77.863,70877.7,1032.557,32.553,0.078,0.078,0.204,7.944,95.879,5.507,646.037,0,5.519,5.522,NA,31
"5/26/2022 11:37:05 AM",0.852,29.472,49.131,77.849,70876.5,1032.558,32.555,0.055,0.055,0.16,7.945,95.878,5.507,649.181,0,5.52,5.523,NA,31
"5/26/2022 11:37:05 AM",0.895,29.469,49.136,77.853,70884.1,1032.564,32.56,0.094,0.094,0.131,7.947,95.958,5.51,671.865,0,5.522,5.526,NA,31
"5/26/2022 11:37:05 AM",0.921,29.467,49.14,77.856,70889.1,1032.568,32.564,0.078,0.078,0.175,7.949,96.02,5.513,646.632,0,5.525,5.528,NA,31
"5/26/2022 11:37:06 AM",0.893,29.468,49.132,77.846,70878.7,1032.561,32.557,0.078,0.078,0.116,7.955,95.885,5.505,655.893,0,5.518,5.521,NA,31
"5/26/2022 11:37:06 AM",0.825,29.474,49.118,77.836,70861,1032.548,32.545,0.055,0.055,0.044,7.962,96.022,5.514,695.569,0,5.527,5.53,NA,31
"5/26/2022 11:37:06 AM",0.777,29.476,49.119,77.84,70861.7,1032.548,32.545,0.133,0.133,0.087,7.964,95.88,5.507,812.814,0,5.519,5.522,NA,31
"5/26/2022 11:37:06 AM",0.711,29.477,49.134,77.862,70880.8,1032.559,32.556,0.055,0.055,0.073,7.969,95.875,5.507,697.183,0,5.519,5.522,NA,31
"5/26/2022 11:37:07 AM",0.683,29.475,49.143,77.871,70891.3,1032.566,32.563,0.023,0.023,0,7.969,95.831,5.504,761.583,0,5.517,5.52,NA,31
"5/26/2022 11:37:07 AM",0.652,29.474,49.144,77.871,70892.6,1032.567,32.564,0.094,0.094,0.175,7.971,96,5.514,794.888,0,5.526,5.529,NA,31
"5/26/2022 11:37:07 AM",0.594,29.478,49.125,77.849,70868.1,1032.551,32.548,0.086,0.086,0.116,7.974,95.792,5.502,751.558,0,5.515,5.518,NA,31
"5/26/2022 11:37:07 AM",0.556,29.482,49.128,77.86,70871.7,1032.552,32.549,0.086,0.086,0.189,7.977,96.025,5.517,808.821,0,5.529,5.532,NA,31
"5/26/2022 11:37:07 AM",0.563,29.483,49.131,77.865,70875.1,1032.553,32.551,0.062,0.062,0.131,7.978,96.082,5.52,849.262,0,5.532,5.535,NA,31
"5/26/2022 11:37:08 AM",0.554,29.482,49.131,77.865,70876.1,1032.554,32.552,0.125,0.125,0.146,7.98,95.753,5.501,812.984,0,5.513,5.516,NA,31
"5/26/2022 11:37:08 AM",0.551,29.48,49.132,77.863,70877.4,1032.556,32.553,0.164,0.164,0.204,7.982,95.888,5.509,827.512,0,5.522,5.525,NA,31
"5/26/2022 11:37:08 AM",0.523,29.481,49.13,77.861,70874.1,1032.553,32.551,0.14,0.14,0.175,7.985,95.835,5.507,772.458,0,5.519,5.522,NA,31
"5/26/2022 11:37:08 AM",0.485,29.481,49.138,77.873,70884.2,1032.559,32.557,0.07,0.07,0.175,7.985,95.972,5.513,739.664,0,5.526,5.529,NA,31
"5/26/2022 11:37:08 AM",0.458,29.48,49.147,77.883,70895.5,1032.566,32.564,0.07,0.07,0.073,7.984,95.93,5.51,753.852,0,5.522,5.525,NA,31
"5/26/2022 11:37:09 AM",0.411,29.478,49.147,77.881,70896.7,1032.567,32.565,0.031,0.031,0.073,7.986,95.977,5.512,725.22,0,5.525,5.528,NA,31
"5/26/2022 11:37:09 AM",0.361,29.48,49.153,77.891,70902.9,1032.57,32.569,0.078,0.078,0.102,7.988,95.774,5.501,675.434,0,5.513,5.517,NA,31
"5/26/2022 11:37:09 AM",0.288,29.488,49.129,77.87,70872.1,1032.549,32.548,0.055,0.055,0.073,7.989,95.815,5.504,783.588,0,5.517,5.52,NA,31
"5/26/2022 11:37:09 AM",0.124,29.493,49.123,77.869,70863.8,1032.542,32.541,0.016,0.016,0,7.992,95.899,5.509,754.192,0,5.521,5.524,NA,31
"5/26/2022 11:37:09 AM",0.027,29.495,49.121,77.869,70861.5,1032.54,32.54,0.062,0.062,0,7.994,95.839,5.505,996.328,0,5.517,5.521,NA,31
"5/26/2022 11:37:10 AM",0,29.492,49.12,77.864,70860.4,1032.54,32.54,0.062,0.062,0.029,7.995,95.933,5.51,1004.315,0,5.522,5.526,NA,31
"5/26/2022 11:37:10 AM",0,29.496,49.106,77.85,70842.6,1032.528,32.528,0.094,0.094,0.087,7.996,95.907,5.509,1002.446,0,5.521,5.524,NA,31
"5/26/2022 11:37:10 AM",0.021,29.49,49.116,77.855,70855.7,1032.537,32.537,0.062,0.062,0.146,7.999,95.74,5.5,1002.615,0,5.512,5.515,NA,31
"5/26/2022 11:37:10 AM",0,29.485,49.131,77.868,70874.8,1032.551,32.551,0.101,0.101,0.175,8.004,95.874,5.507,1046.285,0,5.519,5.522,NA,31
"5/26/2022 11:37:10 AM",0,29.487,49.127,77.865,70869.5,1032.546,32.547,0.086,0.086,0.175,8.005,95.883,5.508,1115.273,0,5.52,5.524,NA,31
"5/26/2022 11:37:11 AM",0,29.486,49.136,77.876,70880.8,1032.554,32.554,0.047,0.047,0.044,8.007,95.923,5.511,1200.998,0,5.524,5.527,NA,31
"5/26/2022 11:37:11 AM",0.072,29.482,49.125,77.855,70867.3,1032.547,32.547,0.031,0.031,0.015,8.009,95.939,5.512,1216.035,0,5.525,5.528,NA,31
"5/26/2022 11:37:11 AM",0.166,29.478,49.129,77.855,70873.2,1032.552,32.551,0.133,0.133,0.262,8.007,95.93,5.511,670.931,0,5.524,5.527,NA,31
"5/26/2022 11:37:11 AM",0.318,29.477,49.128,77.852,70872.1,1032.552,32.551,0.203,0.203,0.379,8.006,95.86,5.508,674.414,0,5.52,5.523,NA,31
"5/26/2022 11:37:11 AM",0.467,29.475,49.138,77.864,70885.3,1032.561,32.559,0.179,0.179,0.335,8.004,95.923,5.511,859.118,0,5.524,5.527,NA,31
"5/26/2022 11:37:12 AM",0.603,29.48,49.14,77.873,70886.7,1032.561,32.559,0.133,0.133,0.277,8.006,95.894,5.51,874.92,0,5.522,5.525,NA,31
"5/26/2022 11:37:12 AM",0.78,29.481,49.129,77.861,70874,1032.554,32.551,0.047,0.047,0.087,8.008,95.782,5.503,824.369,0,5.516,5.519,NA,31
"5/26/2022 11:37:12 AM",1.024,29.476,49.144,77.874,70892.5,1032.568,32.563,0.039,0.039,0.087,8.012,95.73,5.501,883.331,0,5.513,5.516,NA,31
"5/26/2022 11:37:12 AM",1.177,29.473,49.152,77.88,70903.1,1032.576,32.571,0.117,0.117,0.189,8.013,95.944,5.513,766.171,0,5.526,5.529,NA,31
"5/26/2022 11:37:12 AM",1.318,29.471,49.156,77.884,70909.2,1032.58,32.575,0.094,0.094,0.175,8.013,95.847,5.509,786.052,0,5.522,5.525,NA,31
"5/26/2022 11:37:13 AM",1.431,29.47,49.169,77.9,70925.2,1032.591,32.585,0.062,0.062,0.087,8.016,95.818,5.507,711.032,0,5.519,5.523,NA,31
"5/26/2022 11:37:13 AM",1.598,29.465,49.177,77.903,70935.3,1032.599,32.592,0.07,0.07,0.102,8.023,95.816,5.507,823.179,0,5.52,5.523,NA,31
"5/26/2022 11:37:13 AM",1.728,29.465,49.183,77.912,70943.4,1032.604,32.597,0.016,0.016,0,8.026,95.833,5.509,721.397,0,5.521,5.524,NA,31
"5/26/2022 11:37:13 AM",1.894,29.466,49.18,77.91,70939.5,1032.602,32.594,0.023,0.023,0.029,8.027,95.844,5.51,709.673,0,5.523,5.526,NA,31
"5/26/2022 11:37:13 AM",2.057,29.458,49.182,77.901,70943.3,1032.607,32.599,0.039,0.039,0.073,8.031,95.959,5.517,680.616,0,5.529,5.532,NA,31
"5/26/2022 11:37:14 AM",2.238,29.459,49.195,77.92,70959.1,1032.618,32.608,0.023,0.023,0.015,8.034,95.959,5.517,605.002,0,5.529,5.532,NA,31
"5/26/2022 11:37:14 AM",2.469,29.443,49.197,77.901,70963.7,1032.626,32.615,0.055,0.055,0.102,8.038,95.859,5.512,759.374,0,5.525,5.528,NA,31
"5/26/2022 11:37:14 AM",2.615,29.433,49.2,77.89,70969.4,1032.633,32.621,0.062,0.062,0.116,8.038,95.828,5.511,674.839,0,5.523,5.526,NA,31
"5/26/2022 11:37:14 AM",2.789,29.425,49.205,77.887,70976.9,1032.64,32.628,0.055,0.055,0.073,8.041,95.969,5.52,655.978,0,5.532,5.536,NA,31
"5/26/2022 11:37:14 AM",2.963,29.422,49.21,77.889,70983.7,1032.646,32.633,0.039,0.039,0.044,8.043,96.025,5.522,738.304,0,5.535,5.538,NA,31
"5/26/2022 11:37:15 AM",3.202,29.419,49.214,77.89,70988.8,1032.65,32.637,0.031,0.031,0.015,8.046,95.893,5.515,566.43,0,5.527,5.531,NA,31
"5/26/2022 11:37:15 AM",3.412,29.418,49.212,77.885,70986.3,1032.65,32.636,0.047,0.047,0.029,8.048,95.926,5.518,618.001,0,5.53,5.533,NA,31
"5/26/2022 11:37:15 AM",3.605,29.413,49.223,77.894,71000.7,1032.661,32.646,0.07,0.07,0.044,8.051,95.9,5.516,557.934,0,5.529,5.532,NA,31
"5/26/2022 11:37:15 AM",3.805,29.408,49.226,77.892,71005.9,1032.666,32.65,0.039,0.039,0.029,8.051,95.886,5.517,583.762,0,5.53,5.533,NA,31
"5/26/2022 11:37:15 AM",4.014,29.407,49.231,77.897,71011.2,1032.67,32.653,0.039,0.039,0.029,8.054,95.905,5.519,527.603,0,5.532,5.535,NA,31
"5/26/2022 11:37:16 AM",4.35,29.4,49.234,77.891,71017.3,1032.678,32.659,0,0,0,8.052,95.833,5.515,450.884,0,5.528,5.531,NA,31
"5/26/2022 11:37:16 AM",4.546,29.396,49.239,77.891,71023.1,1032.683,32.664,0,0,0,8.054,95.962,5.524,441.623,0,5.537,5.54,NA,31
"5/26/2022 11:37:16 AM",4.704,29.394,49.244,77.896,71030.2,1032.688,32.668,0,0,0,8.054,95.922,5.522,236.104,0,5.535,5.538,NA,31
"5/26/2022 11:37:16 AM",4.856,29.393,49.248,77.901,71035.8,1032.693,32.672,0,0,0,8.054,95.877,5.52,78.758,0,5.533,5.536,NA,31
"5/26/2022 11:37:16 AM",5.056,29.393,49.255,77.91,71044,1032.698,32.677,0,0,0,8.054,95.911,5.522,24.469,0,5.534,5.538,NA,31
"5/26/2022 11:37:17 AM",5.158,29.396,49.25,77.908,71037.9,1032.694,32.672,0,0,0,8.053,95.91,5.522,20.221,0,5.535,5.538,NA,31
"5/26/2022 11:37:17 AM",5.292,29.399,49.246,77.905,71031.8,1032.69,32.668,0,0,0,8.049,95.999,5.528,19.286,0,5.54,5.543,NA,31
"5/26/2022 11:37:17 AM",5.445,29.401,49.245,77.908,71030.4,1032.69,32.666,0.148,0.148,0.277,8.046,96.015,5.529,18.606,0,5.542,5.545,NA,31
"5/26/2022 11:37:17 AM",5.619,29.399,49.254,77.918,71042.5,1032.698,32.674,0.421,0.421,0.888,8.044,96.041,5.53,18.436,0,5.542,5.545,NA,31
"5/26/2022 11:37:18 AM",5.896,29.399,49.263,77.93,71054.3,1032.706,32.681,0.211,0.211,0.277,8.044,95.923,5.523,19.456,0,5.535,5.538,NA,31
"5/26/2022 11:37:18 AM",6.075,29.398,49.267,77.936,71059.5,1032.71,32.684,0.53,0.53,0.932,8.041,96.043,5.53,20.136,0,5.542,5.546,NA,31
"5/26/2022 11:37:18 AM",6.249,29.398,49.266,77.933,71058.2,1032.71,32.684,0.359,0.359,0.699,8.039,95.906,5.521,20.9,0,5.534,5.537,NA,31
"5/26/2022 11:37:18 AM",6.414,29.397,49.267,77.934,71059.5,1032.712,32.685,0.39,0.39,1.02,8.038,95.874,5.519,22.175,0,5.531,5.534,NA,31
"5/26/2022 11:37:18 AM",6.567,29.396,49.271,77.938,71064.6,1032.716,32.688,0.187,0.187,0.437,8.036,95.885,5.52,22.854,0,5.532,5.536,NA,31
"5/26/2022 11:37:19 AM",6.8,29.396,49.274,77.942,71068.3,1032.719,32.69,0.281,0.281,0.029,8.035,95.977,5.525,23.534,0,5.538,5.541,NA,31
"5/26/2022 11:37:19 AM",6.957,29.397,49.275,77.944,71069.1,1032.72,32.69,0.312,0.312,0.437,8.037,95.853,5.518,25.743,0,5.531,5.534,NA,31
"5/26/2022 11:37:19 AM",7.113,29.397,49.275,77.945,71070.1,1032.721,32.691,1.077,1.077,2.39,8.038,95.87,5.519,30.161,0,5.531,5.535,NA,31
"5/26/2022 11:37:19 AM",7.265,29.394,49.28,77.948,71076.8,1032.727,32.696,1.474,1.474,3.412,8.039,95.915,5.523,55.649,0,5.536,5.539,NA,31
"5/26/2022 11:37:19 AM",7.492,29.39,49.285,77.949,71083.4,1032.733,32.701,0.538,0.538,1.151,8.039,96.015,5.529,147.406,0,5.542,5.545,NA,31
"5/26/2022 11:37:20 AM",7.637,29.388,49.287,77.948,71086,1032.735,32.703,0.281,0.281,0.612,8.038,95.943,5.525,273.912,0,5.538,5.541,NA,31
"5/26/2022 11:37:20 AM",7.755,29.387,49.29,77.951,71089.6,1032.738,32.705,0.148,0.148,0.335,8.04,95.869,5.52,409.763,0,5.533,5.536,NA,31
"5/26/2022 11:37:20 AM",7.931,29.387,49.291,77.953,71091.2,1032.74,32.706,0.094,0.094,0.175,8.04,96.014,5.529,406.195,0,5.542,5.545,NA,31
"5/26/2022 11:37:20 AM",8.131,29.388,49.291,77.954,71091.5,1032.741,32.706,0.062,0.062,0.073,8.044,96.015,5.529,424.036,0,5.542,5.545,NA,31
"5/26/2022 11:37:20 AM",8.444,29.387,49.295,77.958,71096.4,1032.745,32.709,0.039,0.039,0.058,8.052,96.008,5.527,461.334,0,5.54,5.543,NA,31
"5/26/2022 11:37:21 AM",8.679,29.387,49.294,77.958,71096.1,1032.746,32.709,0.031,0.031,0,8.055,95.941,5.524,507.043,0,5.537,5.54,NA,31
"5/26/2022 11:37:21 AM",8.88,29.386,49.297,77.961,71100,1032.749,32.711,0.047,0.047,0.029,8.057,95.936,5.524,433.637,0,5.537,5.54,NA,31
"5/26/2022 11:37:21 AM",9.073,29.386,49.302,77.967,71105.5,1032.753,32.715,0.055,0.055,0.044,8.061,95.978,5.528,339.671,0,5.54,5.543,NA,31
"5/26/2022 11:37:21 AM",9.27,29.385,49.304,77.968,71108.3,1032.756,32.717,0.062,0.062,0.058,8.063,96.143,5.537,298.55,0,5.55,5.553,NA,31
"5/26/2022 11:37:21 AM",9.552,29.384,49.309,77.974,71114.5,1032.761,32.721,0.047,0.047,0.044,8.069,96.053,5.533,307.216,0,5.546,5.549,NA,31
"5/26/2022 11:37:22 AM",9.713,29.384,49.313,77.979,71119.9,1032.765,32.724,0.047,0.047,0.058,8.07,96.081,5.534,410.103,0,5.547,5.55,NA,31
"5/26/2022 11:37:22 AM",9.868,29.383,49.314,77.981,71122.1,1032.767,32.725,0.047,0.047,0.058,8.072,95.985,5.529,449.524,0,5.542,5.545,NA,31
"5/26/2022 11:37:22 AM",10.035,29.384,49.317,77.984,71124.9,1032.77,32.727,0.047,0.047,0.058,8.074,96.019,5.531,470.255,0,5.543,5.546,NA,31
"5/26/2022 11:37:22 AM",10.286,29.385,49.317,77.986,71125.2,1032.771,32.727,0.039,0.039,0.044,8.075,96.105,5.535,488.266,0,5.548,5.551,NA,31
"5/26/2022 11:37:22 AM",10.434,29.385,49.317,77.987,71125.7,1032.771,32.727,0.039,0.039,0.058,8.077,96,5.528,458.275,0,5.541,5.544,NA,31
"5/26/2022 11:37:23 AM",10.583,29.386,49.318,77.989,71126,1032.772,32.727,0.039,0.039,0.044,8.08,96.065,5.532,392.091,0,5.545,5.548,NA,31
"5/26/2022 11:37:23 AM",10.743,29.386,49.32,77.992,71129.4,1032.775,32.729,0.031,0.031,0.029,8.081,95.861,5.521,390.732,0,5.533,5.536,NA,31
"5/26/2022 11:37:23 AM",10.938,29.386,49.322,77.994,71131.3,1032.777,32.73,0.055,0.055,0.058,8.083,96.027,5.531,390.647,0,5.544,5.547,NA,31
"5/26/2022 11:37:23 AM",11.242,29.385,49.325,77.997,71135.7,1032.781,32.733,0.031,0.031,0.044,8.086,95.966,5.527,417.579,0,5.54,5.543,NA,31
"5/26/2022 11:37:23 AM",11.451,29.385,49.326,77.999,71137,1032.782,32.734,0.039,0.039,0,8.087,96.001,5.529,452.073,0,5.542,5.545,NA,31
"5/26/2022 11:37:24 AM",11.658,29.384,49.328,78.002,71139.9,1032.785,32.735,0.023,0.023,0,8.089,96.014,5.53,419.703,0,5.543,5.546,NA,31
"5/26/2022 11:37:24 AM",11.879,29.384,49.328,78.003,71140.4,1032.786,32.736,0.016,0.016,0,8.09,96.019,5.532,364.819,0,5.545,5.548,NA,31
"5/26/2022 11:37:24 AM",12.068,29.384,49.33,78.005,71142.8,1032.788,32.737,0.062,0.062,0.087,8.091,96.028,5.533,312.654,0,5.545,5.549,NA,31
"5/26/2022 11:37:24 AM",12.127,29.384,49.334,78.01,71147.4,1032.791,32.74,0.062,0.062,0.102,8.09,96.097,5.537,373.4,0,5.549,5.553,NA,31
"5/26/2022 11:37:24 AM",12.161,29.385,49.338,78.017,71152.5,1032.794,32.743,0.031,0.031,0.044,8.091,96.021,5.531,388.863,0,5.543,5.547,NA,31
"5/26/2022 11:37:25 AM",12.192,29.387,49.341,78.024,71155.9,1032.796,32.744,0.039,0.039,0.044,8.092,96.122,5.536,383.68,0,5.549,5.552,NA,31
"5/26/2022 11:37:25 AM",12.265,29.385,49.338,78.017,71152.5,1032.795,32.742,0.055,0.055,0.029,8.093,95.949,5.526,388.778,0,5.539,5.542,NA,31
"5/26/2022 11:37:25 AM",12.374,29.385,49.339,78.018,71153.7,1032.796,32.743,0.047,0.047,0.015,8.093,95.842,5.52,338.906,0,5.533,5.536,NA,31
"5/26/2022 11:37:25 AM",12.522,29.386,49.339,78.019,71153.8,1032.796,32.743,0.047,0.047,0.044,8.096,95.972,5.527,320.13,0,5.54,5.543,NA,31
"5/26/2022 11:37:25 AM",12.668,29.386,49.341,78.022,71156.2,1032.798,32.744,0.047,0.047,0.058,8.097,95.909,5.523,326.247,0,5.535,5.538,NA,31
"5/26/2022 11:37:26 AM",12.747,29.385,49.347,78.03,71164.1,1032.804,32.749,0.055,0.055,0.044,8.098,95.976,5.527,349.781,0,5.54,5.543,NA,31
"5/26/2022 11:37:26 AM",12.736,29.386,49.348,78.032,71165.8,1032.805,32.75,0.039,0.039,0,8.1,95.897,5.522,413.246,0,5.535,5.538,NA,31
"5/26/2022 11:37:26 AM",12.667,29.387,49.349,78.035,71165.9,1032.804,32.75,0.031,0.031,0,8.101,95.842,5.519,486.227,0,5.532,5.535,NA,31
"5/26/2022 11:37:26 AM",12.606,29.389,49.348,78.037,71164.5,1032.802,32.749,0.047,0.047,0.029,8.101,95.919,5.524,488.861,0,5.537,5.54,NA,31
"5/26/2022 11:37:26 AM",12.505,29.39,49.35,78.041,71167.3,1032.803,32.75,0.055,0.055,0.058,8.101,95.964,5.527,383.595,0,5.54,5.543,NA,31
"5/26/2022 11:37:27 AM",12.395,29.391,49.35,78.042,71167.4,1032.803,32.75,0.047,0.047,0.044,8.101,95.89,5.523,322.254,0,5.536,5.539,NA,31
"5/26/2022 11:37:27 AM",12.199,29.391,49.354,78.047,71172.4,1032.805,32.753,0.047,0.047,0.044,8.104,95.924,5.525,302.288,0,5.538,5.541,NA,31
"5/26/2022 11:37:27 AM",12.044,29.39,49.359,78.053,71177.8,1032.808,32.756,0.039,0.039,0.015,8.106,96.047,5.532,369.152,0,5.545,5.548,NA,31
"5/26/2022 11:37:27 AM",11.863,29.39,49.356,78.048,71174,1032.805,32.754,0.039,0.039,0.029,8.107,95.994,5.529,385.04,0,5.542,5.545,NA,31
"5/26/2022 11:37:28 AM",11.627,29.391,49.358,78.051,71176.3,1032.805,32.756,0.039,0.039,0,8.107,95.974,5.528,375.609,0,5.541,5.544,NA,31
"5/26/2022 11:37:28 AM",11.409,29.39,49.358,78.051,71177,1032.805,32.756,0.047,0.047,0,8.108,96.024,5.532,371.361,0,5.544,5.547,NA,31
"5/26/2022 11:37:28 AM",11.185,29.387,49.363,78.054,71183.4,1032.809,32.761,0.047,0.047,0.029,8.107,95.987,5.53,397.274,0,5.542,5.546,NA,31
"5/26/2022 11:37:28 AM",11.067,29.386,49.366,78.057,71187.1,1032.811,32.763,0.047,0.047,0.015,8.11,96.197,5.542,425.056,0,5.555,5.558,NA,31
"5/26/2022 11:37:28 AM",10.94,29.387,49.367,78.058,71187.7,1032.81,32.764,0.047,0.047,0.044,8.114,95.961,5.528,451.648,0,5.54,5.544,NA,31
"5/26/2022 11:37:29 AM",10.799,29.388,49.368,78.062,71189.4,1032.81,32.764,0.039,0.039,0.087,8.116,96.037,5.532,449.355,0,5.545,5.548,NA,31
"5/26/2022 11:37:29 AM",10.668,29.389,49.367,78.062,71188.1,1032.809,32.763,0.031,0.031,0.044,8.122,96.034,5.531,380.452,0,5.543,5.547,NA,31
"5/26/2022 11:37:29 AM",10.66,29.388,49.367,78.06,71187.7,1032.809,32.763,0.055,0.055,0.029,8.124,95.97,5.527,350.206,0,5.54,5.543,NA,31
"5/26/2022 11:37:29 AM",10.679,29.386,49.372,78.064,71194.5,1032.814,32.768,0.039,0.039,0.044,8.127,95.984,5.528,345.023,0,5.541,5.544,NA,31
"5/26/2022 11:37:29 AM",10.717,29.384,49.375,78.065,71198.3,1032.817,32.771,0.039,0.039,0.015,8.128,96.004,5.529,344.853,0,5.542,5.545,NA,31
"5/26/2022 11:37:30 AM",10.762,29.385,49.38,78.073,71204.4,1032.82,32.774,0.055,0.055,0.044,8.133,95.92,5.525,326.332,0,5.537,5.541,NA,31
"5/26/2022 11:37:30 AM",10.781,29.386,49.382,78.077,71206.8,1032.822,32.776,0.047,0.047,0.015,8.135,95.912,5.524,339.586,0,5.536,5.539,NA,31
"5/26/2022 11:37:30 AM",10.792,29.386,49.386,78.083,71211.4,1032.824,32.778,0.031,0.031,0.015,8.134,95.921,5.524,354.709,0,5.536,5.539,NA,31
"5/26/2022 11:37:30 AM",10.741,29.386,49.379,78.074,71203.3,1032.819,32.774,0.047,0.047,0.015,8.137,96.119,5.535,358.022,0,5.548,5.551,NA,31
"5/26/2022 11:37:30 AM",10.578,29.389,49.375,78.073,71197.7,1032.814,32.769,0.039,0.039,0.015,8.137,95.966,5.527,365.754,0,5.54,5.543,NA,31
"5/26/2022 11:37:31 AM",10.211,29.389,49.382,78.081,71206.5,1032.818,32.775,0.031,0.031,0,8.134,95.881,5.522,420.723,0,5.535,5.538,NA,31
"5/26/2022 11:37:31 AM",9.945,29.387,49.382,78.08,71206.9,1032.818,32.776,0.031,0.031,0,8.131,96.042,5.532,459.975,0,5.545,5.548,NA,31
"5/26/2022 11:37:31 AM",9.736,29.387,49.381,78.078,71205.4,1032.816,32.775,0.023,0.023,0.029,8.128,96.003,5.53,470.34,0,5.543,5.546,NA,31
"5/26/2022 11:37:31 AM",9.566,29.386,49.384,78.079,71208.3,1032.818,32.777,0.031,0.031,0.015,8.128,96.027,5.532,444.172,0,5.544,5.548,NA,31
"5/26/2022 11:37:31 AM",9.407,29.386,49.388,78.085,71213.3,1032.82,32.78,0.039,0.039,0.029,8.129,96.085,5.535,409.763,0,5.548,5.551,NA,31
"5/26/2022 11:37:32 AM",9.181,29.386,49.388,78.086,71213.8,1032.819,32.78,0.031,0.031,0.029,8.132,95.999,5.529,412.737,0,5.542,5.545,NA,31
"5/26/2022 11:37:32 AM",9.054,29.388,49.388,78.087,71213.2,1032.818,32.78,0.031,0.031,0.044,8.134,95.974,5.529,454.962,0,5.542,5.545,NA,31
"5/26/2022 11:37:32 AM",8.966,29.387,49.391,78.09,71217,1032.82,32.782,0.039,0.039,0.029,8.137,96.088,5.535,481.045,0,5.548,5.551,NA,31
"5/26/2022 11:37:32 AM",8.886,29.388,49.391,78.092,71217,1032.819,32.782,0.031,0.031,0.058,8.141,96.081,5.534,454.452,0,5.547,5.55,NA,31
"5/26/2022 11:37:32 AM",8.687,29.389,49.394,78.097,71219.9,1032.82,32.783,0.031,0.031,0.029,8.144,96.04,5.532,410.273,0,5.544,5.548,NA,31
"5/26/2022 11:37:33 AM",8.461,29.389,49.396,78.101,71223.2,1032.821,32.785,0.047,0.047,0.015,8.146,96.175,5.54,420.043,0,5.552,5.556,NA,31
"5/26/2022 11:37:33 AM",8.242,29.389,49.398,78.103,71225,1032.821,32.786,0.039,0.039,0.015,8.146,95.992,5.529,441.283,0,5.542,5.545,NA,31
"5/26/2022 11:37:33 AM",8.084,29.388,49.397,78.101,71224.5,1032.821,32.786,0.039,0.039,0.015,8.148,95.942,5.527,459.635,0,5.54,5.543,NA,31
"5/26/2022 11:37:33 AM",8.023,29.388,49.4,78.103,71227.6,1032.823,32.789,0.031,0.031,0.029,8.15,95.93,5.527,510.186,0,5.54,5.543,NA,31
"5/26/2022 11:37:33 AM",7.974,29.387,49.405,78.109,71233.8,1032.826,32.793,0.047,0.047,0.044,8.15,96.024,5.532,442.728,0,5.545,5.548,NA,31
"5/26/2022 11:37:34 AM",7.959,29.388,49.407,78.112,71236,1032.827,32.794,0.047,0.047,0.029,8.153,95.908,5.525,397.699,0,5.537,5.541,NA,31
"5/26/2022 11:37:34 AM",7.957,29.388,49.405,78.111,71233.9,1032.826,32.792,0.047,0.047,0.044,8.154,96.083,5.535,382.576,0,5.548,5.551,NA,31
"5/26/2022 11:37:34 AM",7.99,29.387,49.407,78.113,71236.8,1032.828,32.794,0.039,0.039,0.044,8.156,96.074,5.534,424.546,0,5.546,5.55,NA,31
"5/26/2022 11:37:34 AM",7.999,29.387,49.409,78.114,71238.9,1032.83,32.796,0.047,0.047,0.058,8.157,95.915,5.524,421.658,0,5.537,5.54,NA,31
"5/26/2022 11:37:34 AM",7.823,29.389,49.406,78.112,71234.8,1032.826,32.793,0.039,0.039,0.073,8.165,96.008,5.53,433.552,0,5.543,5.546,NA,31
"5/26/2022 11:37:35 AM",7.613,29.389,49.407,78.114,71235.6,1032.825,32.793,0.039,0.039,0.044,8.169,95.963,5.528,442.048,0,5.541,5.544,NA,31
"5/26/2022 11:37:35 AM",7.397,29.389,49.409,78.117,71239.2,1032.827,32.795,0.023,0.023,0,8.173,96.018,5.531,517.832,0,5.544,5.547,NA,31
"5/26/2022 11:37:35 AM",7.221,29.389,49.411,78.119,71240.7,1032.827,32.796,0.023,0.023,0,8.175,96.033,5.532,555.3,0,5.545,5.548,NA,31
"5/26/2022 11:37:35 AM",7.049,29.388,49.413,78.121,71243,1032.828,32.798,0.039,0.039,0.015,8.179,96.03,5.533,490.815,0,5.546,5.549,NA,31
"5/26/2022 11:37:35 AM",6.971,29.388,49.413,78.121,71243.3,1032.828,32.798,0.055,0.055,0.029,8.183,96.018,5.532,455.302,0,5.545,5.548,NA,31
"5/26/2022 11:37:36 AM",6.9,29.388,49.414,78.124,71245.3,1032.829,32.799,0.047,0.047,0.015,8.186,96.013,5.532,436.186,0,5.545,5.548,NA,31
"5/26/2022 11:37:36 AM",6.832,29.389,49.418,78.13,71250,1032.831,32.802,0.047,0.047,0,8.188,96.033,5.533,448.76,0,5.546,5.549,NA,31
"5/26/2022 11:37:36 AM",6.721,29.391,49.416,78.13,71246.7,1032.828,32.799,0.031,0.031,0,8.193,95.914,5.526,482.914,0,5.539,5.542,NA,31
"5/26/2022 11:37:36 AM",6.656,29.391,49.418,78.131,71249.2,1032.829,32.801,0.031,0.031,0.029,8.195,95.926,5.526,477.986,0,5.539,5.542,NA,31
"5/26/2022 11:37:36 AM",6.559,29.39,49.419,78.132,71250.1,1032.83,32.802,0.039,0.039,0.044,8.196,95.984,5.529,525.564,0,5.542,5.545,NA,31
"5/26/2022 11:37:37 AM",6.385,29.391,49.417,78.131,71248.5,1032.828,32.801,0.039,0.039,0.029,8.198,95.981,5.53,522.165,0,5.543,5.546,NA,31
"5/26/2022 11:37:37 AM",6.178,29.39,49.421,78.134,71252.7,1032.83,32.804,0.039,0.039,0.029,8.199,95.989,5.531,560.652,0,5.544,5.547,NA,31
"5/26/2022 11:37:37 AM",5.893,29.39,49.425,78.139,71257.5,1032.832,32.807,0.031,0.031,0.015,8.199,96.084,5.536,526.838,0,5.549,5.552,NA,31
"5/26/2022 11:37:37 AM",5.806,29.39,49.426,78.142,71259.2,1032.832,32.808,0.047,0.047,0.029,8.2,96.078,5.536,534.74,0,5.549,5.552,NA,31
"5/26/2022 11:37:37 AM",5.781,29.391,49.427,78.144,71260,1032.832,32.808,0.047,0.047,0.029,8.201,96.086,5.537,524.799,0,5.549,5.553,NA,31
"5/26/2022 11:37:38 AM",5.776,29.391,49.43,78.148,71263.7,1032.835,32.81,0.039,0.039,0.058,8.202,95.992,5.531,520.721,0,5.543,5.547,NA,31
"5/26/2022 11:37:38 AM",5.788,29.391,49.433,78.152,71268.3,1032.838,32.813,0.039,0.039,0,8.202,95.898,5.525,571.527,0,5.538,5.541,NA,31
"5/26/2022 11:37:38 AM",5.811,29.392,49.435,78.156,71269.6,1032.838,32.813,0.039,0.039,0.015,8.204,96.191,5.541,574.501,0,5.554,5.557,NA,31
"5/26/2022 11:37:38 AM",5.82,29.393,49.435,78.157,71269.9,1032.838,32.813,0.039,0.039,0.015,8.207,96.141,5.538,577.814,0,5.551,5.554,NA,31
"5/26/2022 11:37:39 AM",5.837,29.394,49.435,78.16,71270.2,1032.838,32.813,0.031,0.031,0.015,8.208,95.994,5.53,629.98,0,5.543,5.546,NA,31
"5/26/2022 11:37:39 AM",5.816,29.394,49.433,78.155,71266.9,1032.836,32.811,0.055,0.055,0.087,8.211,96.039,5.534,759.799,0,5.546,5.549,NA,31
"5/26/2022 11:37:39 AM",5.661,29.395,49.432,78.156,71266.1,1032.835,32.811,0.062,0.062,0.058,8.211,95.958,5.529,505.088,0,5.541,5.545,NA,31
"5/26/2022 11:37:39 AM",5.484,29.393,49.436,78.16,71271.4,1032.838,32.814,0.039,0.039,0.058,8.21,95.92,5.527,495.233,0,5.54,5.543,NA,31
"5/26/2022 11:37:39 AM",5.272,29.393,49.44,78.165,71276.3,1032.84,32.817,0.047,0.047,0.044,8.207,96.028,5.533,523.185,0,5.545,5.549,NA,31
"5/26/2022 11:37:40 AM",5.086,29.393,49.445,78.171,71281.8,1032.842,32.821,0.008,0.008,0,8.207,96.074,5.536,616.386,0,5.549,5.552,NA,31
"5/26/2022 11:37:40 AM",4.94,29.393,49.448,78.174,71285.2,1032.844,32.823,0.039,0.039,0,8.208,95.988,5.531,650.54,0,5.544,5.547,NA,31
"5/26/2022 11:37:40 AM",4.844,29.393,49.447,78.173,71284.3,1032.843,32.822,0.039,0.039,0,8.209,95.903,5.526,664.134,0,5.539,5.542,NA,31
"5/26/2022 11:37:40 AM",4.792,29.392,49.451,78.179,71289.9,1032.846,32.826,0.008,0.008,0,8.212,96.061,5.536,808.142,0,5.548,5.552,NA,31
"5/26/2022 11:37:40 AM",4.745,29.393,49.453,78.182,71291.9,1032.847,32.827,0.047,0.047,0.073,8.212,96.007,5.532,717.149,0,5.545,5.548,NA,31
"5/26/2022 11:37:41 AM",4.66,29.394,49.453,78.183,71291.5,1032.846,32.826,0.039,0.039,0.058,8.213,95.931,5.528,631.764,0,5.54,5.544,NA,31
"5/26/2022 11:37:41 AM",4.529,29.396,49.456,78.189,71294.6,1032.847,32.828,0.039,0.039,0.058,8.217,96.151,5.541,617.661,0,5.554,5.557,NA,31
"5/26/2022 11:37:41 AM",4.435,29.397,49.455,78.19,71294,1032.846,32.827,0.031,0.031,0.015,8.217,96.146,5.541,649.351,0,5.554,5.557,NA,31
"5/26/2022 11:37:41 AM",4.326,29.398,49.453,78.19,71291.4,1032.844,32.825,0.031,0.031,0.015,8.218,96.04,5.535,697.099,0,5.548,5.551,NA,31
"5/26/2022 11:37:41 AM",4.199,29.399,49.454,78.192,71292.7,1032.844,32.826,0.016,0.016,0,8.221,96.109,5.539,734.226,0,5.552,5.555,NA,31
"5/26/2022 11:37:42 AM",4.016,29.399,49.455,78.192,71292.9,1032.843,32.826,0.023,0.023,0.044,8.222,96.108,5.539,752.323,0,5.552,5.555,NA,31
"5/26/2022 11:37:42 AM",3.762,29.398,49.457,78.194,71296,1032.844,32.828,0.031,0.031,0.015,8.221,96.146,5.541,734.991,0,5.554,5.557,NA,31
"5/26/2022 11:37:42 AM",3.674,29.399,49.463,78.203,71302.6,1032.848,32.832,0.031,0.031,0.058,8.221,96.21,5.545,731.083,0,5.558,5.561,NA,31
"5/26/2022 11:37:42 AM",3.658,29.403,49.46,78.205,71298.8,1032.844,32.829,0.031,0.031,0.044,8.223,96.044,5.535,623.013,0,5.548,5.551,NA,31
"5/26/2022 11:37:42 AM",3.677,29.405,49.455,78.2,71292.1,1032.84,32.824,0,0,0,8.222,96.118,5.54,717.064,0,5.553,5.556,NA,31
"5/26/2022 11:37:43 AM",3.712,29.409,49.457,78.21,71294.3,1032.84,32.824,0.031,0.031,0.058,8.224,96.078,5.537,623.948,0,5.55,5.553,NA,31
"5/26/2022 11:37:43 AM",3.747,29.41,49.457,78.212,71294.5,1032.84,32.824,0.008,0.008,0,8.225,96.195,5.543,698.458,0,5.556,5.559,NA,31
"5/26/2022 11:37:43 AM",3.788,29.413,49.457,78.216,71293.9,1032.839,32.823,0.016,0.016,0.029,8.227,96.049,5.534,757.42,0,5.547,5.55,NA,31
"5/26/2022 11:37:43 AM",3.832,29.403,49.459,78.204,71298.1,1032.844,32.828,0.039,0.039,0.058,8.229,96.064,5.535,863.875,0,5.547,5.551,NA,31
"5/26/2022 11:37:43 AM",3.851,29.409,49.456,78.208,71293.3,1032.84,32.824,0.062,0.062,0.102,8.231,96.187,5.542,913.832,0,5.555,5.558,NA,31
"5/26/2022 11:37:44 AM",3.776,29.417,49.464,78.232,71302.6,1032.843,32.827,0.047,0.047,0.087,8.231,96.182,5.542,642.384,0,5.555,5.558,NA,31
"5/26/2022 11:37:44 AM",3.672,29.415,49.468,78.234,71307,1032.846,32.83,0.016,0.016,0,8.229,95.977,5.53,671.78,0,5.543,5.546,NA,31
"5/26/2022 11:37:44 AM",3.526,29.417,49.461,78.227,71298.4,1032.839,32.824,0,0,0,8.226,96.095,5.537,1097.431,0,5.55,5.553,NA,31
"5/26/2022 11:37:44 AM",3.329,29.417,49.46,78.225,71296.6,1032.838,32.824,0.047,0.047,0.029,8.223,95.987,5.531,1050.023,0,5.544,5.547,NA,31
"5/26/2022 11:37:44 AM",3.108,29.416,49.465,78.23,71303.7,1032.842,32.828,0.047,0.047,0.029,8.221,95.979,5.53,804.828,0,5.543,5.546,NA,31
"5/26/2022 11:37:45 AM",2.858,29.428,49.468,78.253,71306,1032.838,32.826,0.031,0.031,0,8.221,96.19,5.543,724.201,0,5.555,5.559,NA,31
"5/26/2022 11:37:45 AM",2.735,29.437,49.463,78.258,71297.5,1032.83,32.818,0,0,0,8.223,96.194,5.543,700.242,0,5.556,5.559,NA,31
"5/26/2022 11:37:45 AM",2.592,29.444,49.459,78.263,71292.5,1032.825,32.814,0,0,0,8.225,96.198,5.543,746.63,0,5.556,5.559,NA,31
"5/26/2022 11:37:45 AM",2.455,29.446,49.46,78.267,71293.6,1032.824,32.814,0.016,0.016,0.029,8.225,96.242,5.546,979.846,0,5.559,5.562,NA,31
"5/26/2022 11:37:45 AM",2.319,29.448,49.46,78.269,71293.1,1032.823,32.813,0.055,0.055,0.073,8.23,96.193,5.543,899.559,0,5.556,5.559,NA,31
"5/26/2022 11:37:46 AM",2.288,29.449,49.464,78.277,71297.7,1032.825,32.815,0.055,0.055,0.102,8.23,96.197,5.543,732.612,0,5.555,5.559,NA,31
"5/26/2022 11:37:46 AM",2.281,29.452,49.468,78.287,71302.6,1032.827,32.818,0,0,0,8.232,96.215,5.544,900.323,0,5.557,5.56,NA,31
"5/26/2022 11:37:46 AM",2.228,29.463,49.468,78.301,71300.7,1032.823,32.813,0.055,0.055,0.087,8.234,96.27,5.548,904.062,0,5.56,5.564,NA,31
"5/26/2022 11:37:46 AM",2.114,29.468,49.467,78.307,71299.4,1032.82,32.811,0.094,0.094,0.131,8.235,96.251,5.546,897.35,0,5.559,5.562,NA,31
"5/26/2022 11:37:46 AM",1.907,29.468,49.47,78.311,71302.1,1032.821,32.813,0.086,0.086,0.073,8.236,96.157,5.54,940.085,0,5.553,5.556,NA,31
"5/26/2022 11:37:47 AM",1.815,29.47,49.466,78.309,71297.4,1032.817,32.809,0,0,0,8.235,96.106,5.537,1101.679,0,5.55,5.553,NA,31
"5/26/2022 11:37:47 AM",1.799,29.47,49.465,78.307,71295.4,1032.816,32.808,0.047,0.047,0.073,8.235,96.166,5.54,873.051,0,5.553,5.556,NA,31
"5/26/2022 11:37:47 AM",1.806,29.47,49.467,78.31,71297.9,1032.818,32.81,0.07,0.07,0.131,8.234,96.266,5.546,782.314,0,5.558,5.562,NA,31
"5/26/2022 11:37:47 AM",1.804,29.466,49.467,78.304,71298.5,1032.819,32.811,0.039,0.039,0.044,8.236,96.307,5.548,729.213,0,5.561,5.564,NA,31
"5/26/2022 11:37:47 AM",1.771,29.466,49.473,78.312,71306.1,1032.824,32.816,0.031,0.031,0,8.238,96.095,5.535,792.169,0,5.548,5.551,NA,31
"5/26/2022 11:37:48 AM",1.733,29.467,49.471,78.311,71304.5,1032.822,32.815,0.062,0.062,0.029,8.239,96.19,5.541,818.422,0,5.553,5.557,NA,31
"5/26/2022 11:37:48 AM",1.719,29.468,49.472,78.313,71305,1032.822,32.815,0.047,0.047,0.044,8.24,96.288,5.547,806.612,0,5.56,5.563,NA,31
"5/26/2022 11:37:48 AM",1.688,29.469,49.47,78.313,71302.3,1032.82,32.813,0.031,0.031,0.029,8.241,96.248,5.545,780.275,0,5.557,5.56,NA,31
"5/26/2022 11:37:48 AM",1.522,29.472,49.466,78.311,71296.8,1032.815,32.809,0.023,0.023,0,8.241,96.24,5.544,912.133,0,5.557,5.56,NA,31
"5/26/2022 11:37:49 AM",1.366,29.471,49.467,78.31,71297.8,1032.816,32.81,0.039,0.039,0.029,8.24,96.198,5.542,1063.617,0,5.555,5.558,NA,31
"5/26/2022 11:37:49 AM",1.199,29.47,49.47,78.313,71301.6,1032.817,32.812,0.008,0.008,0,8.239,96.082,5.536,1094.033,0,5.549,5.552,NA,31
"5/26/2022 11:37:49 AM",1.07,29.469,49.468,78.309,71299.4,1032.816,32.811,0.023,0.023,0,8.238,96.183,5.542,1153.335,0,5.554,5.558,NA,31
"5/26/2022 11:37:49 AM",0.926,29.467,49.462,78.298,71291.6,1032.811,32.807,0,0,0,8.238,96.092,5.537,1340.162,0,5.55,5.553,NA,31
"5/26/2022 11:37:49 AM",0.813,29.467,49.462,78.298,71291.7,1032.811,32.807,0,0,0,8.238,96.109,5.537,1374.741,0,5.55,5.553,NA,31
"5/26/2022 11:37:50 AM",0.682,29.468,49.462,78.3,71292.5,1032.811,32.808,0.039,0.039,0.058,8.239,96.169,5.541,1433.873,0,5.554,5.557,NA,31
"5/26/2022 11:37:50 AM",0.55,29.468,49.462,78.299,71291.8,1032.81,32.807,0.047,0.047,0.102,8.24,96.201,5.544,1470.916,0,5.556,5.56,NA,31
"5/26/2022 11:37:50 AM",0.42,29.47,49.462,78.303,71291.9,1032.808,32.807,0.07,0.07,0.146,8.24,96.224,5.545,1446.023,0,5.558,5.561,NA,31
"5/26/2022 11:37:50 AM",0.277,29.471,49.452,78.29,71278.5,1032.8,32.798,0.039,0.039,0.058,8.242,96.282,5.548,1704.642,0,5.561,5.564,NA,31
"5/26/2022 11:37:50 AM",0.213,29.469,49.446,78.279,71272,1032.796,32.795,0,0,0,8.243,96.262,5.548,1497.764,0,5.56,5.564,NA,31
"5/26/2022 11:37:51 AM",0.168,29.471,49.448,78.284,71274.2,1032.797,32.796,0,0,0,8.241,96.331,5.552,1465.903,0,5.565,5.568,NA,31
"5/26/2022 11:37:51 AM",0.126,29.473,49.443,78.281,71267.7,1032.792,32.791,0,0,0,8.241,96.26,5.548,1203.291,0,5.561,5.564,NA,31
"5/26/2022 11:37:51 AM",0.126,29.472,49.43,78.261,71250.8,1032.782,32.781,0,0,0,8.24,96.31,5.551,821.055,0,5.564,5.567,NA,31
"5/26/2022 11:37:51 AM",0.142,29.468,49.44,78.268,71264.1,1032.791,32.791,0.647,0.647,1.34,8.241,96.262,5.547,941.954,0,5.56,5.563,NA,31
"5/26/2022 11:37:51 AM",0.15,29.471,49.446,78.281,71270.8,1032.794,32.794,0.702,0.702,1.501,8.24,96.246,5.546,1491.137,0,5.559,5.562,NA,31
"5/26/2022 11:37:52 AM",0.116,29.476,49.443,78.285,71266.9,1032.79,32.79,0.257,0.257,0.495,8.24,96.251,5.547,1480.007,0,5.56,5.563,NA,31
"5/26/2022 11:37:52 AM",0.029,29.478,49.44,78.285,71263.5,1032.787,32.787,0,0,0,8.241,96.22,5.546,1561.824,0,5.558,5.562,NA,31
"5/26/2022 11:37:52 AM",0,29.478,49.44,78.283,71262.2,1032.787,32.787,0,0,0,8.243,96.148,5.541,1738.286,0,5.554,5.557,NA,31
"5/26/2022 11:37:52 AM",0,29.478,49.44,78.284,71263,1032.787,32.787,0,0,0,8.246,96.28,5.55,2008.544,0,5.562,5.566,NA,31
"5/26/2022 11:37:52 AM",0,29.477,49.433,78.272,71254.9,1032.782,32.783,0,0,0,8.248,96.242,5.547,2046.946,0,5.56,5.563,NA,31
"5/26/2022 11:37:53 AM",0,29.474,49.438,78.274,71260.8,1032.787,32.787,0.686,0.686,0,8.249,96.297,5.551,2033.523,0,5.563,5.567,NA,31
"5/26/2022 11:37:53 AM",0,29.473,49.425,78.255,71244.6,1032.777,32.778,0.452,0.452,0,8.252,96.349,5.555,2108.627,0,5.567,5.571,NA,31
"5/26/2022 11:37:53 AM",0,29.475,1.991,4.13,3759.4,997.296,0,223.803,223.803,354.197,8.251,96.347,7.211,2066.997,0,7.232,7.232,NA,31
"5/26/2022 11:37:53 AM",0,29.487,1.187,2.532,2304.3,996.692,0,448.621,448.621,462.619,8.251,96.469,7.252,1993.506,0,7.273,7.273,NA,31
"5/26/2022 11:37:53 AM",0,29.501,1.014,2.18,1983.6,996.558,0,231.823,231.823,659.385,8.249,96.314,7.247,1595.043,0,7.268,7.268,NA,31
"5/26/2022 11:37:54 AM",0,29.589,0.844,1.832,1664.5,996.404,0,198.467,198.467,805.798,8.249,96.177,7.241,1823.671,0,7.262,7.262,NA,31
"5/26/2022 11:37:54 AM",0,29.886,1.043,2.256,2037.2,996.464,0,97.697,97.697,164.552,8.248,96.375,7.247,1889.345,0,7.268,7.268,NA,31
"5/26/2022 11:37:54 AM",0,30.052,0.853,1.869,1681.6,996.272,0,358.538,358.538,58.331,8.248,96.456,7.259,1843.806,0,7.28,7.28,NA,31
"5/26/2022 11:37:54 AM",0,30.253,0.768,1.696,1520.7,996.147,0,115.576,115.576,18.158,8.246,96.531,7.266,1855.191,0,7.287,7.287,NA,31
"5/26/2022 11:37:54 AM",0,30.593,0.696,1.553,1383,995.989,0,275.335,275.335,111.221,8.246,96.396,7.257,1846.015,0,7.278,7.278,NA,31
"5/26/2022 11:37:55 AM",0,30.767,0.599,1.35,1198,995.863,0,165.391,165.391,0,8.244,96.236,7.246,1923.414,0,7.267,7.267,NA,31
"5/26/2022 11:37:55 AM",0,30.771,0.566,1.278,1134.3,995.837,0,68.654,68.654,0,8.244,96.414,7.259,1958.588,0,7.28,7.28,NA,31
"5/26/2022 11:37:55 AM",0,30.603,0.54,1.218,1084.5,995.869,0,40.252,40.252,0,8.244,96.48,7.263,2035.307,0,7.284,7.285,NA,31
"5/26/2022 11:37:55 AM",0,30.435,0.513,1.154,1031,995.9,0,12.98,12.98,0,8.243,96.378,7.255,2039.13,0,7.276,7.276,NA,31
"5/26/2022 11:37:55 AM",0,30.41,0.49,1.104,986.4,995.891,0,0,0,2.157,8.242,96.304,7.248,2037.601,0,7.269,7.269,NA,31
"5/26/2022 11:37:56 AM",0,30.283,0.494,1.112,996,995.933,0,0,0,0,8.241,96.522,7.262,1984.161,0,7.283,7.283,NA,31
"5/26/2022 11:37:56 AM",0,30.075,0.472,1.058,952,995.979,0,484.551,484.551,10.587,8.239,96.408,7.253,2056.547,0,7.274,7.274,NA,31
"5/26/2022 11:37:56 AM",0,29.833,0.458,1.023,924.5,996.042,0,146.599,146.599,4.887,8.238,96.526,7.261,2014.916,0,7.282,7.282,NA,31
"5/26/2022 11:37:56 AM",0,29.665,0.439,0.979,887.9,996.078,0,91.378,91.378,21.769,8.236,96.426,7.253,2042.868,0,7.274,7.275,NA,31
"5/26/2022 11:37:56 AM",0,29.529,0.427,0.951,864.4,996.11,0,35.267,35.267,0,8.234,96.295,7.243,2022.393,0,7.264,7.264,NA,31
"5/26/2022 11:37:57 AM",0,29.312,0.395,0.879,803.2,996.151,0,44.854,44.854,0,8.234,95.923,7.215,1997.924,0,7.236,7.236,NA,31
"5/26/2022 11:37:57 AM",0,29.249,0.384,0.854,781.4,996.161,0,9.135,9.135,0,8.234,95.823,7.208,1979.063,0,7.229,7.229,NA,31
"5/26/2022 11:37:57 AM",0,29.164,0.377,0.837,766.7,996.181,0,2.972,2.972,3.076,8.234,95.783,7.205,1963.855,0,7.225,7.226,NA,31
"5/26/2022 11:37:57 AM",0,29.154,0.502,1.104,1012,996.278,0,5.788,5.788,0,8.233,95.784,7.198,1934.204,0,7.219,7.219,NA,31
"5/26/2022 11:37:57 AM",0,29.081,0.534,1.17,1074,996.323,0,21.585,21.585,15,8.231,95.634,7.185,1430.73,0,7.206,7.206,NA,31
"5/26/2022 11:37:58 AM",0,29.044,0.518,1.136,1042.8,996.322,0,6.943,6.943,0,8.23,95.478,7.174,880.273,0,7.194,7.194,NA,31
"5/26/2022 11:37:58 AM",0,29.03,0.493,1.083,995.2,996.307,0,26.468,26.468,28.737,8.229,95.479,7.175,908.14,0,7.196,7.196,NA,31
"5/26/2022 11:37:58 AM",0,28.884,0.478,1.048,965.3,996.339,0,205.768,205.768,38.548,8.228,95.469,7.176,1584.083,0,7.197,7.197,NA,31
"5/26/2022 11:37:58 AM",0,28.776,0.462,1.012,934,996.358,0,422.574,422.574,133.982,8.227,95.471,7.176,1527.924,0,7.197,7.197,NA,31
"5/26/2022 11:37:59 AM",0,28.741,0.449,0.983,908.2,996.359,0,90.793,90.793,171.156,8.228,95.134,7.153,1589.351,0,7.173,7.173,NA,31
"5/26/2022 11:37:59 AM",0,28.738,0.428,0.938,867.1,996.344,0,19.549,19.549,44.914,8.227,94.852,7.134,1439.396,0,7.154,7.154,NA,31
"5/26/2022 11:37:59 AM",0,28.713,0.442,0.969,895.5,996.362,0,0,0,9.853,8.225,94.936,7.142,926.151,0,7.163,7.163,NA,31
"5/26/2022 11:37:59 AM",0,28.635,0.458,1.002,927.4,996.397,0,0,0,2.492,8.226,94.702,7.126,767.191,0,7.146,7.146,NA,31
"5/26/2022 11:37:59 AM",0,28.484,0.427,0.933,866.3,996.417,0,0.281,0.281,0,8.228,94.526,7.115,1150.616,0,7.136,7.136,NA,31
"5/26/2022 11:38:00 AM",0,28.361,0.425,0.925,861.3,996.451,0,0,0,0,8.228,94.093,7.083,1473.21,0,7.104,7.104,NA,31
"5/26/2022 11:38:00 AM",0,28.113,0.43,0.931,871.6,996.526,0,1.147,1.147,0,8.229,94.09,7.083,1664.54,0,7.104,7.104,NA,31
"5/26/2022 11:38:00 AM",0,27.901,0.428,0.924,868.4,996.585,0,0.031,0.031,0,8.229,93.924,7.072,1777.028,0,7.092,7.093,NA,31
"5/26/2022 11:38:00 AM",0,27.724,0.412,0.888,837.7,996.623,0,0,0,0,8.227,93.625,7.05,1817.044,0,7.071,7.071,NA,31
"5/26/2022 11:38:00 AM",0,27.791,0.407,0.877,826.3,996.6,0,0,0,0,8.224,94.027,7.081,1792.236,0,7.102,7.102,NA,31
"5/26/2022 11:38:01 AM",0,27.845,0.389,0.842,791.9,996.571,0,0,0,0,8.222,94.28,7.101,1713.987,0,7.122,7.122,NA,31
"5/26/2022 11:38:01 AM",0,27.974,0.466,1.004,942.1,996.592,0,0,0,0,8.235,95.588,7.196,1631.576,0,7.216,7.216,NA,31
"5/26/2022 11:38:01 AM",0,30.503,2.618,5.446,4857.6,997.45,0,0,0,0,8.335,98.162,7.273,1621.89,0,7.294,7.294,NA,31
"5/26/2022 11:38:01 AM",0,31.859,1.968,4.269,3709.5,996.54,0,0,0,8.371,8.539,98.396,7.257,1626.563,0,7.278,7.278,NA,31
"5/26/2022 11:38:01 AM",0,32.027,1.873,4.089,3541.3,996.415,0,1.131,1.131,12.821,8.63,97.933,7.199,1603.114,0,7.219,7.219,NA,31
"5/26/2022 11:38:02 AM",0,32.111,1.762,3.864,3341.6,996.305,0,1.849,1.849,13.086,8.693,97.373,7.14,1615.773,0,7.161,7.161,NA,31
"5/26/2022 11:38:02 AM",0,32.11,1.261,2.816,2435.3,995.933,0,1.896,1.896,10.367,8.775,97.028,7.118,1605.153,0,7.139,7.139,NA,31
"5/26/2022 11:38:02 AM",0,32.109,1.243,2.778,2402.2,995.92,0,2.176,2.176,11.821,8.811,96.607,7.075,1608.891,0,7.095,7.095,NA,31
"5/26/2022 11:38:02 AM",0,32.125,1.359,3.023,2613.5,996.001,0,2.044,2.044,11.895,8.831,95.829,7.003,1443.134,0,7.024,7.023,NA,31
"5/26/2022 11:38:02 AM",0,32.14,1.215,2.719,2350.3,995.889,0,1.771,1.771,11.895,8.84,95.674,6.993,1369.474,0,7.013,7.013,NA,31
"5/26/2022 11:38:03 AM",0,32.129,1.222,2.735,2364.2,995.898,0,1.802,1.802,11.13,8.846,95.613,6.985,1521.637,0,7.005,7.005,NA,31
"5/26/2022 11:38:03 AM",0,32.124,1.219,2.727,2357.7,995.897,0,1.896,1.896,11.63,8.849,95.431,6.97,1562.418,0,6.99,6.99,NA,31
"5/26/2022 11:38:03 AM",0,32.131,1.244,2.781,2403.6,995.913,0,1.88,1.88,11.865,8.852,95.17,6.95,1647.209,0,6.969,6.969,NA,31
"5/26/2022 11:38:03 AM",0,32.131,1.27,2.836,2451.3,995.933,0,1.989,1.989,11.365,8.854,95.175,6.949,1674.056,0,6.968,6.968,NA,31
"5/26/2022 11:38:03 AM",0,32.136,1.253,2.8,2419.9,995.919,0,1.958,1.958,11.777,8.855,95.214,6.952,1680.768,0,6.972,6.972,NA,31
"5/26/2022 11:38:04 AM",0,32.142,1.224,2.739,2366.9,995.895,0,2.106,2.106,12.424,8.855,95.216,6.952,1683.062,0,6.972,6.971,NA,31
"5/26/2022 11:38:04 AM",0,32.15,1.224,2.74,2367.2,995.893,0,2.208,2.208,11.615,8.854,95.238,6.952,1684.846,0,6.972,6.972,NA,31
"5/26/2022 11:38:04 AM",0,32.161,1.264,2.825,2440.5,995.919,0,1.732,1.732,11.454,8.854,95.352,6.956,1687.65,0,6.976,6.976,NA,31
"5/26/2022 11:38:04 AM",0,32.158,1.215,2.722,2351.4,995.884,0,1.942,1.942,11.028,8.852,95.41,6.961,1686.12,0,6.981,6.981,NA,31
"5/26/2022 11:38:04 AM",0,32.154,1.235,2.762,2386.5,995.899,0,2.052,2.052,11.028,8.85,95.318,6.954,1686.375,0,6.974,6.973,NA,31
"5/26/2022 11:38:05 AM",0,32.148,1.208,2.705,2337.2,995.881,0,2.059,2.059,10.748,8.849,95.264,6.95,1681.787,0,6.97,6.97,NA,31
"5/26/2022 11:38:05 AM",0,32.142,1.207,2.703,2336.1,995.883,0,1.95,1.95,11.41,8.846,95.435,6.963,1667.429,0,6.983,6.983,NA,31
"5/26/2022 11:38:05 AM",0,32.143,1.204,2.696,2329.6,995.879,0,2.044,2.044,11.792,8.843,95.356,6.957,1632.85,0,6.977,6.977,NA,31
"5/26/2022 11:38:05 AM",0,32.134,1.22,2.73,2359.8,995.895,0,2.301,2.301,12.174,8.842,95.273,6.951,1630.981,0,6.971,6.97,NA,31
"5/26/2022 11:38:05 AM",0,32.129,1.209,2.706,2339.1,995.888,0,2.145,2.145,11.806,8.84,95.083,6.937,1647.039,0,6.957,6.957,NA,31
"5/26/2022 11:38:06 AM",0,32.129,1.245,2.783,2406.1,995.915,0,2.067,2.067,11.351,8.838,95.195,6.944,1663.096,0,6.964,6.964,NA,31
"5/26/2022 11:38:06 AM",0,32.129,1.21,2.708,2340.8,995.889,0,1.958,1.958,11.116,8.836,95.251,6.949,1672.272,0,6.969,6.969,NA,31
"5/26/2022 11:38:06 AM",0,32.124,1.207,2.702,2336.2,995.888,0,1.903,1.903,10.528,8.834,95.032,6.933,1677.03,0,6.953,6.953,NA,31
"5/26/2022 11:38:06 AM",0,32.118,1.224,2.738,2367.2,995.903,0,2.114,2.114,10.484,8.832,95.013,6.931,1686.63,0,6.951,6.95,NA,31
"5/26/2022 11:38:06 AM",0,32.118,1.219,2.727,2357.6,995.899,0,1.935,1.935,10.734,8.83,95.203,6.945,1700.309,0,6.965,6.965,NA,31
"5/26/2022 11:38:07 AM",0,32.138,1.235,2.761,2386.5,995.904,0,1.997,1.997,11.086,8.827,95.125,6.939,1709.23,0,6.959,6.959,NA,31
"5/26/2022 11:38:07 AM",0,32.143,1.224,2.739,2366.6,995.895,0,2.036,2.036,11.101,8.825,95.121,6.94,1713.053,0,6.96,6.959,NA,31
"5/26/2022 11:38:07 AM",0,32.143,1.217,2.725,2354.6,995.89,0,2.02,2.02,11.307,8.823,95.214,6.947,1717.726,0,6.967,6.967,NA,31
"5/26/2022 11:38:07 AM",0,32.146,1.208,2.705,2337.6,995.882,0,1.896,1.896,11.41,8.821,95.269,6.952,1721.804,0,6.972,6.972,NA,31
"5/26/2022 11:38:07 AM",0,32.148,1.215,2.721,2350.9,995.887,0,1.919,1.919,11.527,8.819,95.188,6.946,1723.843,0,6.966,6.966,NA,31
"5/26/2022 11:38:08 AM",0,32.147,1.207,2.703,2336,995.881,0,1.779,1.779,11.424,8.817,95.26,6.953,1725.712,0,6.973,6.973,NA,31
"5/26/2022 11:38:08 AM",0,32.144,1.219,2.728,2357.8,995.891,0,1.896,1.896,10.954,8.815,95.285,6.955,1725.372,0,6.975,6.975,NA,31
"5/26/2022 11:38:08 AM",0,32.144,1.212,2.713,2344.4,995.885,0,1.841,1.841,11.498,8.815,95.226,6.951,1724.183,0,6.971,6.971,NA,31
"5/26/2022 11:38:08 AM",0,32.138,1.221,2.732,2361.3,995.894,0,1.396,1.396,12.218,8.812,95.29,6.956,1722.313,0,6.975,6.975,NA,31
"5/26/2022 11:38:09 AM",0,32.134,1.221,2.732,2361.1,995.895,0,1.896,1.896,11.718,8.81,95.267,6.955,1716.621,0,6.975,6.975,NA,31
"5/26/2022 11:38:09 AM",0,32.13,1.213,2.716,2347.3,995.891,0,1.747,1.747,11.762,8.808,95.304,6.958,1712.373,0,6.978,6.978,NA,31
"5/26/2022 11:38:09 AM",0,32.125,1.218,2.725,2355.6,995.896,0,2.059,2.059,10.837,8.807,95.4,6.966,1707.445,0,6.986,6.985,NA,31
"5/26/2022 11:38:09 AM",0,32.12,1.219,2.727,2357.9,995.899,0,1.802,1.802,11.057,8.801,95.354,6.962,1703.112,0,6.982,6.982,NA,31
"5/26/2022 11:38:09 AM",0,32.116,1.218,2.726,2356.8,995.899,0,2.114,2.114,11.512,8.788,95.205,6.952,1698.779,0,6.972,6.971,NA,31
"5/26/2022 11:38:10 AM",0,32.108,1.216,2.721,2352.9,995.9,0,2.091,2.091,11.512,8.78,95.134,6.947,1692.917,0,6.967,6.967,NA,31
"5/26/2022 11:38:10 AM",0,32.105,1.217,2.723,2354.9,995.902,0,2.067,2.067,11.718,8.776,95.201,6.952,1689.944,0,6.972,6.972,NA,31
"5/26/2022 11:38:10 AM",0,32.103,1.217,2.722,2354.4,995.902,0,1.88,1.88,11.174,8.775,95.27,6.957,1687.14,0,6.977,6.977,NA,31
"5/26/2022 11:38:10 AM",0,32.1,1.216,2.72,2352.9,995.903,0,1.958,1.958,10.954,8.773,95.302,6.96,1685.101,0,6.98,6.98,NA,31
"5/26/2022 11:38:10 AM",0,32.104,1.215,2.718,2350.5,995.901,0,2.2,2.2,10.249,8.77,95.245,6.957,1684.676,0,6.977,6.977,NA,31
"5/26/2022 11:38:11 AM",0,32.098,1.216,2.719,2351.8,995.903,0,2.192,2.192,11.38,8.768,95.23,6.956,1684.166,0,6.976,6.976,NA,31
"5/26/2022 11:38:11 AM",0,32.094,1.212,2.712,2345.6,995.902,0,2.215,2.215,11.439,8.767,95.236,6.957,1685.271,0,6.977,6.977,NA,31
"5/26/2022 11:38:11 AM",0,32.095,1.216,2.719,2351.9,995.904,0,1.724,1.724,11.307,8.766,95.288,6.961,1685.101,0,6.981,6.981,NA,31
"5/26/2022 11:38:11 AM",0,32.078,1.209,2.705,2340.5,995.905,0,1.997,1.997,11.498,8.764,95.244,6.959,1687.904,0,6.979,6.979,NA,31
"5/26/2022 11:38:11 AM",0,32.061,1.213,2.712,2347.7,995.913,0,2.059,2.059,10.807,8.762,95.221,6.957,1691.048,0,6.977,6.977,NA,31
"5/26/2022 11:38:12 AM",0,32.051,1.211,2.706,2342.5,995.914,0,2.052,2.052,11.101,8.761,95.177,6.955,1693.002,0,6.975,6.974,NA,31
"5/26/2022 11:38:12 AM",0,32.03,1.21,2.703,2340.9,995.92,0,1.56,1.56,10.851,8.76,95.128,6.951,1694.361,0,6.971,6.971,NA,31
"5/26/2022 11:38:12 AM",0,32.022,1.208,2.7,2338.4,995.922,0,1.763,1.763,11.116,8.759,95.172,6.955,1695.806,0,6.975,6.975,NA,31
"5/26/2022 11:38:12 AM",0,32.016,1.209,2.7,2338.9,995.924,0,1.763,1.763,11.542,8.758,95.25,6.961,1696.57,0,6.981,6.981,NA,31
"5/26/2022 11:38:12 AM",0,32.006,1.208,2.697,2337.1,995.926,0,2.098,2.098,11.895,8.756,95.294,6.965,1696.825,0,6.985,6.984,NA,31
"5/26/2022 11:38:13 AM",0,32.002,1.205,2.691,2332,995.926,0,2.052,2.052,10.998,8.755,95.267,6.963,1696.74,0,6.983,6.983,NA,31
"5/26/2022 11:38:13 AM",0,32.013,1.207,2.696,2335.6,995.924,0,1.74,1.74,11.645,8.754,95.366,6.971,1695.551,0,6.991,6.991,NA,31
"5/26/2022 11:38:13 AM",0,32.023,1.203,2.689,2328.9,995.918,0,1.864,1.864,11.101,8.752,95.302,6.967,1695.466,0,6.987,6.987,NA,31
"5/26/2022 11:38:13 AM",0,32.027,1.205,2.693,2332.2,995.918,0,1.911,1.911,11.483,8.751,95.195,6.959,1695.126,0,6.979,6.979,NA,31
"5/26/2022 11:38:13 AM",0,32.032,1.206,2.695,2334.4,995.917,0,1.927,1.927,11.718,8.75,95.201,6.96,1694.701,0,6.98,6.98,NA,31
"5/26/2022 11:38:14 AM",0,32.03,1.21,2.704,2342.1,995.921,0,1.833,1.833,11.41,8.748,95.222,6.962,1695.721,0,6.982,6.982,NA,31
"5/26/2022 11:38:14 AM",0,32.027,1.208,2.7,2338.2,995.92,0,1.685,1.685,11.88,8.747,95.264,6.966,1697.42,0,6.985,6.985,NA,31
"5/26/2022 11:38:14 AM",0,32.03,1.211,2.705,2342.6,995.921,0,1.927,1.927,12.233,8.744,95.307,6.969,1700.054,0,6.989,6.988,NA,31
"5/26/2022 11:38:14 AM",0,32.023,1.21,2.704,2341.8,995.923,0,1.911,1.911,11.189,8.741,95.319,6.97,1704.217,0,6.99,6.99,NA,31
"5/26/2022 11:38:14 AM",0,32.018,1.207,2.697,2336.2,995.922,0,1.771,1.771,11.028,8.739,95.279,6.967,1707.955,0,6.987,6.987,NA,31
"5/26/2022 11:38:15 AM",0,32.016,1.206,2.694,2333.9,995.922,0,1.911,1.911,11.571,8.738,95.375,6.974,1712.883,0,6.994,6.994,NA,31
"5/26/2022 11:38:15 AM",0,32.014,1.209,2.7,2339.3,995.925,0,1.708,1.708,11.498,8.736,95.3,6.969,1718.575,0,6.989,6.989,NA,31
"5/26/2022 11:38:15 AM",0,32.012,1.209,2.7,2339.3,995.926,0,1.529,1.529,11.336,8.734,95.38,6.975,1727.071,0,6.995,6.995,NA,31
"5/26/2022 11:38:15 AM",0,32.011,1.208,2.698,2337.6,995.925,0,1.935,1.935,11.395,8.732,95.421,6.978,1731.234,0,6.998,6.998,NA,31
"5/26/2022 11:38:15 AM",0,32.013,1.21,2.704,2342.2,995.926,0,1.974,1.974,11.439,8.73,95.465,6.981,1733.613,0,7.001,7.001,NA,31
"5/26/2022 11:38:16 AM",0,32.014,1.208,2.699,2337.8,995.924,0,2.052,2.052,11.307,8.728,95.309,6.97,1734.293,0,6.99,6.99,NA,31
"5/26/2022 11:38:16 AM",0,32.014,1.209,2.701,2340.2,995.925,0,1.927,1.927,12.233,8.725,95.492,6.983,1732.679,0,7.003,7.003,NA,31
"5/26/2022 11:38:16 AM",0,32.02,1.207,2.697,2335.9,995.921,0,2.13,2.13,11.365,8.723,95.513,6.984,1729.45,0,7.004,7.004,NA,31
"5/26/2022 11:38:16 AM",0,32.017,1.205,2.692,2332,995.921,0,2.169,2.169,10.763,8.72,95.29,6.968,1724.947,0,6.988,6.988,NA,31
"5/26/2022 11:38:16 AM",0,32.021,1.199,2.68,2321.8,995.916,0,2.028,2.028,11.454,8.718,95.4,6.976,1718.83,0,6.996,6.996,NA,31
"5/26/2022 11:38:17 AM",0,32.027,1.194,2.671,2313,995.91,0,1.841,1.841,11.336,8.715,95.54,6.987,1712.203,0,7.007,7.007,NA,31
"5/26/2022 11:43:22 AM",0,29.511,49.016,77.747,70727.5,1032.454,32.454,0.273,0.273,0.364,8.147,95.903,5.508,2024.857,0,5.52,5.523,NA,31
"5/26/2022 11:43:22 AM",0,29.505,49.02,77.743,70733,1032.459,32.459,0.304,0.304,0.277,8.148,95.886,5.508,2063.768,0,5.52,5.524,NA,31
"5/26/2022 11:43:22 AM",0.057,29.508,49.019,77.746,70731.4,1032.458,32.457,0.757,0.757,0.481,8.149,95.799,5.503,2056.547,0,5.516,5.519,NA,31
"5/26/2022 11:43:22 AM",0.131,29.509,49.017,77.745,70728.8,1032.456,32.455,0.507,0.507,0.524,8.149,96.024,5.517,1204.736,0,5.53,5.533,NA,31
"5/26/2022 11:43:22 AM",0.171,29.507,49.024,77.752,70738.3,1032.463,32.462,0.312,0.312,0.583,8.151,96.111,5.522,1151.975,0,5.535,5.538,NA,31
"5/26/2022 11:43:23 AM",0.211,29.506,49.027,77.755,70742.1,1032.465,32.464,0.148,0.148,0.218,8.153,95.983,5.514,1464.119,0,5.527,5.53,NA,31
"5/26/2022 11:43:23 AM",0.234,29.507,49.016,77.741,70728.1,1032.457,32.456,0.156,0.156,0.277,8.153,95.921,5.512,1554.517,0,5.524,5.527,NA,31
"5/26/2022 11:43:23 AM",0.236,29.508,49.012,77.738,70723.3,1032.453,32.452,0.07,0.07,0.058,8.154,95.953,5.514,1272.194,0,5.526,5.529,NA,31
"5/26/2022 11:43:23 AM",0.227,29.51,49.014,77.743,70725,1032.454,32.453,0.125,0.125,0.189,8.158,95.861,5.509,1550.949,0,5.521,5.524,NA,31
"5/26/2022 11:43:23 AM",0.218,29.511,49.022,77.755,70735.6,1032.46,32.459,0.07,0.07,0.146,8.16,96.174,5.526,2069.546,0,5.539,5.542,NA,31
"5/26/2022 11:43:24 AM",0.237,29.51,49.026,77.76,70740.6,1032.463,32.462,0.172,0.172,0.073,8.164,96.001,5.516,1532.682,0,5.528,5.532,NA,31
"5/26/2022 11:43:24 AM",0.314,29.511,49.025,77.759,70738.6,1032.462,32.461,0.023,0.023,0,8.168,96.041,5.517,1576.267,0,5.53,5.533,NA,31
"5/26/2022 11:43:24 AM",0.434,29.508,49.031,77.763,70746.7,1032.468,32.466,0,0,0,8.169,96.006,5.515,1210.173,0,5.528,5.531,NA,31
"5/26/2022 11:43:24 AM",0.674,29.511,49.034,77.772,70750.7,1032.471,32.468,0.265,0.265,0.539,8.171,96.022,5.517,1247.896,0,5.53,5.533,NA,31
"5/26/2022 11:43:24 AM",0.832,29.506,49.036,77.768,70754.3,1032.475,32.472,0.351,0.351,0.83,8.171,96.041,5.519,1081.543,0,5.531,5.534,NA,31
"5/26/2022 11:43:25 AM",0.982,29.504,49.04,77.771,70759.6,1032.479,32.475,0.242,0.242,0.553,8.168,95.931,5.512,1166.079,0,5.524,5.527,NA,31
"5/26/2022 11:43:25 AM",1.091,29.501,49.057,77.79,70781.4,1032.494,32.489,0.273,0.273,0.597,8.164,95.993,5.515,1233.112,0,5.527,5.531,NA,31
"5/26/2022 11:43:25 AM",1.206,29.501,49.068,77.805,70794.1,1032.502,32.497,0.195,0.195,0.306,8.162,96.113,5.521,1365.48,0,5.534,5.537,NA,31
"5/26/2022 11:43:25 AM",1.319,29.503,49.071,77.813,70798.4,1032.504,32.499,0.086,0.086,0.029,8.165,96.015,5.515,1174.32,0,5.528,5.531,NA,31
"5/26/2022 11:43:25 AM",1.438,29.503,49.073,77.815,70801.4,1032.507,32.501,0.148,0.148,0.248,8.169,96.011,5.515,1468.112,0,5.527,5.53,NA,31
"5/26/2022 11:43:26 AM",1.586,29.502,49.083,77.827,70813.1,1032.515,32.508,0.125,0.125,0.175,8.172,96.079,5.517,1340.077,0,5.53,5.533,NA,31
"5/26/2022 11:43:26 AM",1.819,29.498,49.089,77.83,70821.4,1032.522,32.514,0.156,0.156,0.277,8.175,96.037,5.515,909.839,0,5.528,5.531,NA,31
"5/26/2022 11:43:26 AM",1.961,29.499,49.092,77.836,70825.8,1032.525,32.516,0.164,0.164,0.262,8.175,96.009,5.515,907.035,0,5.527,5.53,NA,31
"5/26/2022 11:43:26 AM",2.125,29.498,49.095,77.838,70829.6,1032.528,32.519,0.133,0.133,0.233,8.176,96.07,5.518,853.595,0,5.531,5.534,NA,31
"5/26/2022 11:43:26 AM",2.304,29.498,49.098,77.843,70833.4,1032.531,32.521,0.109,0.109,0.204,8.176,96.075,5.52,870.332,0,5.532,5.536,NA,31
"5/26/2022 11:43:27 AM",2.504,29.497,49.11,77.858,70848.4,1032.541,32.53,0.117,0.117,0.146,8.176,96.019,5.516,752.153,0,5.529,5.532,NA,31
"5/26/2022 11:43:27 AM",2.805,29.496,49.114,77.862,70853.5,1032.546,32.534,0.086,0.086,0.087,8.176,95.957,5.515,757.76,0,5.527,5.53,NA,31
"5/26/2022 11:43:27 AM",3.007,29.495,49.115,77.863,70855.2,1032.548,32.535,0.148,0.148,0.146,8.175,96.213,5.529,686.394,0,5.542,5.545,NA,31
"5/26/2022 11:43:27 AM",3.205,29.496,49.118,77.867,70859,1032.551,32.537,0.125,0.125,0.175,8.175,96.13,5.525,647.482,0,5.537,5.541,NA,31
"5/26/2022 11:43:27 AM",3.395,29.496,49.121,77.872,70862.6,1032.553,32.539,0.086,0.086,0.146,8.174,96.036,5.52,648.331,0,5.533,5.536,NA,31
"5/26/2022 11:43:28 AM",3.713,29.494,49.127,77.877,70870.5,1032.56,32.544,0.062,0.062,0.102,8.174,96.126,5.525,622.334,0,5.538,5.541,NA,31
"5/26/2022 11:43:28 AM",3.899,29.492,49.131,77.881,70875.8,1032.564,32.548,0.086,0.086,0.087,8.176,96.122,5.525,644.678,0,5.538,5.541,NA,31
"5/26/2022 11:43:28 AM",4.097,29.492,49.134,77.886,70880.2,1032.568,32.55,0.078,0.078,0.087,8.177,96.145,5.527,695.484,0,5.54,5.543,NA,31
"5/26/2022 11:43:28 AM",4.287,29.493,49.144,77.899,70891.9,1032.576,32.557,0.086,0.086,0.116,8.177,96.056,5.522,649.861,0,5.535,5.538,NA,31
"5/26/2022 11:43:29 AM",4.585,29.49,49.141,77.892,70889.6,1032.576,32.557,0.062,0.062,0.102,8.178,96.239,5.533,549.778,0,5.546,5.549,NA,31
"5/26/2022 11:43:29 AM",4.792,29.484,49.154,77.9,70905.9,1032.589,32.568,0.047,0.047,0.058,8.179,96.067,5.523,536.609,0,5.536,5.539,NA,31
"5/26/2022 11:43:29 AM",5.011,29.477,49.138,77.87,70887.8,1032.58,32.559,0.055,0.055,0.073,8.178,96.037,5.523,617.661,0,5.535,5.538,NA,31
"5/26/2022 11:43:29 AM",5.225,29.456,49.147,77.851,70901,1032.595,32.573,0.039,0.039,0.073,8.177,95.944,5.518,742.892,0,5.531,5.534,NA,31
"5/26/2022 11:43:29 AM",5.446,29.443,49.149,77.837,70905.9,1032.602,32.579,0.055,0.055,0.058,8.179,96.069,5.526,650.285,0,5.539,5.542,NA,31
"5/26/2022 11:43:30 AM",5.781,29.435,49.169,77.852,70931.5,1032.622,32.597,0.031,0.031,0.015,8.181,95.973,5.521,631.594,0,5.534,5.537,NA,31
"5/26/2022 11:43:30 AM",5.999,29.438,49.162,77.848,70923.1,1032.617,32.591,0.047,0.047,0.058,8.182,95.97,5.521,605.426,0,5.534,5.537,NA,31
"5/26/2022 11:43:30 AM",6.235,29.431,49.153,77.826,70912.7,1032.613,32.586,0.055,0.055,0.058,8.182,95.981,5.522,479.091,0,5.535,5.538,NA,31
"5/26/2022 11:43:30 AM",6.482,29.415,49.166,77.82,70930.1,1032.629,32.601,0.047,0.047,0.044,8.182,96.029,5.525,418.344,0,5.537,5.54,NA,31
"5/26/2022 11:43:30 AM",6.736,29.407,49.175,77.821,70942.9,1032.64,32.611,0.039,0.039,0.044,8.182,95.904,5.517,457.766,0,5.529,5.533,NA,31
"5/26/2022 11:43:31 AM",7.119,29.402,49.184,77.828,70955.4,1032.65,32.62,0.031,0.031,0.029,8.183,95.958,5.521,568.979,0,5.533,5.536,NA,31
"5/26/2022 11:43:31 AM",7.35,29.401,49.188,77.83,70959.8,1032.654,32.623,0.031,0.031,0.029,8.183,96.098,5.53,632.104,0,5.542,5.546,NA,31
"5/26/2022 11:43:31 AM",7.582,29.4,49.189,77.83,70961.8,1032.657,32.625,0.031,0.031,0,8.182,96.037,5.528,630.575,0,5.54,5.543,NA,31
"5/26/2022 11:43:31 AM",7.787,29.398,49.193,77.834,70967.8,1032.662,32.629,0.023,0.023,0.015,8.182,96.11,5.532,568.214,0,5.545,5.548,NA,31
"5/26/2022 11:43:31 AM",8.093,29.394,49.199,77.836,70975.2,1032.669,32.634,0.039,0.039,0,8.182,96.052,5.53,524.204,0,5.543,5.546,NA,31
"5/26/2022 11:43:32 AM",8.296,29.392,49.201,77.836,70978,1032.672,32.636,0.008,0.008,0,8.183,96.102,5.533,510.186,0,5.545,5.548,NA,31
"5/26/2022 11:43:32 AM",8.479,29.391,49.203,77.839,70981.3,1032.675,32.639,0,0,0,8.184,96.099,5.534,454.027,0,5.546,5.549,NA,31
"5/26/2022 11:43:32 AM",8.651,29.391,49.205,77.841,70983.8,1032.677,32.64,0.008,0.008,0,8.183,96.035,5.53,375.014,0,5.542,5.545,NA,31
"5/26/2022 11:43:32 AM",8.801,29.39,49.209,77.845,70988.1,1032.68,32.643,0,0,0,8.182,96.008,5.528,311.464,0,5.541,5.544,NA,31
"5/26/2022 11:43:32 AM",9.03,29.39,49.214,77.85,70994.5,1032.685,32.647,0,0,0,8.184,95.979,5.525,275.611,0,5.538,5.541,NA,31
"5/26/2022 11:43:33 AM",9.182,29.39,49.217,77.856,70999.2,1032.689,32.65,0.016,0.016,0,8.183,96.148,5.535,288.015,0,5.548,5.551,NA,31
"5/26/2022 11:43:33 AM",9.33,29.391,49.217,77.858,70999.3,1032.689,32.649,0,0,0,8.183,96.096,5.531,298.805,0,5.544,5.547,NA,31
"5/26/2022 11:43:33 AM",9.479,29.391,49.22,77.862,71002.6,1032.691,32.651,0.031,0.031,0.029,8.182,96.073,5.529,290.139,0,5.541,5.545,NA,31
"5/26/2022 11:43:33 AM",9.698,29.389,49.225,77.866,71009.7,1032.697,32.656,0.078,0.078,0.116,8.181,95.869,5.517,292.858,0,5.529,5.532,NA,31
"5/26/2022 11:43:33 AM",9.85,29.389,49.225,77.866,71009.6,1032.698,32.656,0.078,0.078,0.116,8.181,96.024,5.525,253.691,0,5.538,5.541,NA,31
"5/26/2022 11:43:34 AM",10.001,29.388,49.23,77.871,71015.9,1032.703,32.66,0.07,0.07,0.175,8.18,96.099,5.529,262.612,0,5.541,5.545,NA,31
"5/26/2022 11:43:34 AM",10.145,29.387,49.232,77.873,71019,1032.705,32.662,0.101,0.101,0.204,8.179,96.015,5.524,295.492,0,5.537,5.54,NA,31
"5/26/2022 11:43:34 AM",10.293,29.386,49.235,77.876,71022.7,1032.708,32.664,0.094,0.094,0.204,8.178,96.076,5.528,346.128,0,5.541,5.544,NA,31
"5/26/2022 11:43:34 AM",10.525,29.386,49.236,77.878,71024.2,1032.71,32.665,0.047,0.047,0.116,8.177,96.153,5.533,431.173,0,5.546,5.549,NA,31
"5/26/2022 11:43:34 AM",10.69,29.386,49.238,77.88,71026.3,1032.712,32.667,0.047,0.047,0.044,8.177,96.286,5.541,418.514,0,5.554,5.557,NA,31
"5/26/2022 11:43:35 AM",10.881,29.385,49.239,77.88,71027.4,1032.714,32.667,0.047,0.047,0.058,8.178,96.2,5.537,381.811,0,5.55,5.553,NA,31
"5/26/2022 11:43:35 AM",11.072,29.386,49.239,77.881,71028,1032.715,32.667,0.039,0.039,0.015,8.181,96.057,5.53,347.062,0,5.543,5.546,NA,31
"5/26/2022 11:43:35 AM",11.34,29.386,49.242,77.886,71031.9,1032.718,32.67,0.023,0.023,0.015,8.185,96.213,5.54,321.829,0,5.553,5.556,NA,31
"5/26/2022 11:43:35 AM",11.502,29.385,49.246,77.89,71036.7,1032.722,32.673,0.062,0.062,0.073,8.187,96.108,5.535,312.823,0,5.547,5.551,NA,31
"5/26/2022 11:43:35 AM",11.664,29.385,49.247,77.891,71037.9,1032.723,32.673,0.062,0.062,0.087,8.187,96.001,5.529,313.928,0,5.541,5.545,NA,31
"5/26/2022 11:43:36 AM",11.812,29.385,49.248,77.893,71039,1032.724,32.674,0.062,0.062,0.116,8.187,95.996,5.528,312.823,0,5.541,5.544,NA,31
"5/26/2022 11:43:36 AM",11.893,29.385,49.251,77.897,71043.1,1032.727,32.677,0.062,0.062,0.102,8.184,96.075,5.533,329.985,0,5.545,5.548,NA,31
"5/26/2022 11:43:36 AM",11.925,29.385,49.254,77.902,71047.8,1032.73,32.679,0.047,0.047,0.029,8.183,96.113,5.534,355.219,0,5.547,5.55,NA,31
"5/26/2022 11:43:36 AM",11.897,29.387,49.254,77.904,71046.6,1032.729,32.678,0.023,0.023,0.029,8.184,96.221,5.54,353.774,0,5.552,5.556,NA,31
"5/26/2022 11:43:36 AM",11.841,29.391,49.251,77.905,71042.8,1032.725,32.675,0.031,0.031,0.029,8.185,96.154,5.536,349.951,0,5.549,5.552,NA,31
"5/26/2022 11:43:37 AM",11.744,29.391,49.253,77.908,71044.9,1032.726,32.676,0.039,0.039,0.044,8.187,96.112,5.535,341.03,0,5.547,5.551,NA,31
"5/26/2022 11:43:37 AM",11.518,29.391,49.257,77.914,71050.4,1032.728,32.679,0.031,0.031,0.058,8.187,96.164,5.536,354.284,0,5.549,5.552,NA,31
"5/26/2022 11:43:37 AM",11.368,29.392,49.26,77.919,71053.6,1032.73,32.681,0.039,0.039,0.029,8.187,96.151,5.536,356.238,0,5.549,5.552,NA,31
"5/26/2022 11:43:37 AM",11.26,29.391,49.26,77.918,71053.7,1032.729,32.681,0.047,0.047,0.015,8.187,96.005,5.527,354.879,0,5.54,5.543,NA,31
"5/26/2022 11:43:37 AM",11.206,29.39,49.263,77.919,71057,1032.732,32.684,0.047,0.047,0.044,8.188,96.067,5.531,337.292,0,5.544,5.547,NA,31
"5/26/2022 11:43:38 AM",11.222,29.388,49.268,77.924,71064.1,1032.736,32.689,0.062,0.062,0.044,8.189,96.022,5.528,339.501,0,5.541,5.544,NA,31
"5/26/2022 11:43:38 AM",11.283,29.386,49.274,77.93,71071.7,1032.742,32.694,0.031,0.031,0.029,8.189,96.2,5.538,379.347,0,5.551,5.554,NA,31
"5/26/2022 11:43:38 AM",11.358,29.386,49.277,77.933,71075.7,1032.745,32.696,0.031,0.031,0,8.189,96.173,5.537,390.307,0,5.549,5.553,NA,31
"5/26/2022 11:43:38 AM",11.41,29.386,49.28,77.938,71079.4,1032.747,32.698,0.031,0.031,0.029,8.188,96.131,5.535,398.209,0,5.547,5.551,NA,31
"5/26/2022 11:43:39 AM",11.445,29.387,49.284,77.944,71084,1032.75,32.701,0.031,0.031,0.044,8.188,96.3,5.544,402.541,0,5.556,5.559,NA,31
"5/26/2022 11:43:39 AM",11.49,29.386,49.29,77.951,71091.8,1032.755,32.706,0.031,0.031,0.058,8.189,96.153,5.533,372.126,0,5.546,5.549,NA,31
"5/26/2022 11:43:39 AM",11.493,29.387,49.291,77.954,71092.6,1032.755,32.706,0.016,0.016,0.029,8.189,96.14,5.532,364.394,0,5.545,5.548,NA,31
"5/26/2022 11:43:39 AM",11.422,29.389,49.283,77.947,71083.2,1032.748,32.7,0.016,0.016,0.029,8.189,96.224,5.537,381.811,0,5.55,5.553,NA,31
"5/26/2022 11:43:39 AM",11.259,29.391,49.283,77.95,71082.6,1032.747,32.699,0.039,0.039,0,8.188,96.054,5.528,406.195,0,5.541,5.544,NA,31
"5/26/2022 11:43:40 AM",11.041,29.391,49.287,77.955,71087.7,1032.749,32.702,0.055,0.055,0,8.186,96.042,5.528,356.493,0,5.54,5.544,NA,31
"5/26/2022 11:43:40 AM",10.7,29.39,49.29,77.957,71090.8,1032.75,32.704,0.031,0.031,0.044,8.182,96.093,5.531,303.648,0,5.544,5.547,NA,31
"5/26/2022 11:43:40 AM",10.545,29.39,49.291,77.958,71092.1,1032.75,32.705,0.039,0.039,0.015,8.182,96.031,5.529,288.355,0,5.541,5.544,NA,31
"5/26/2022 11:43:40 AM",10.46,29.388,49.292,77.957,71093.5,1032.751,32.707,0.023,0.023,0.044,8.185,96.055,5.529,259.468,0,5.542,5.545,NA,31
"5/26/2022 11:43:40 AM",10.398,29.387,49.297,77.963,71099.9,1032.755,32.711,0.023,0.023,0.044,8.185,96,5.526,254.201,0,5.539,5.542,NA,31
"5/26/2022 11:43:41 AM",10.314,29.388,49.301,77.969,71104.8,1032.757,32.714,0.031,0.031,0.029,8.186,96.145,5.534,279.009,0,5.547,5.55,NA,31
"5/26/2022 11:43:41 AM",10.262,29.389,49.305,77.976,71110.5,1032.76,32.717,0.039,0.039,0.015,8.187,96.058,5.529,294.472,0,5.542,5.545,NA,31
"5/26/2022 11:43:41 AM",10.21,29.389,49.306,77.978,71111.6,1032.761,32.717,0.047,0.047,0.015,8.188,96.098,5.531,296.086,0,5.544,5.547,NA,31
"5/26/2022 11:43:41 AM",10.144,29.389,49.307,77.978,71112.1,1032.761,32.718,0.023,0.023,0.015,8.188,96.029,5.527,290.224,0,5.539,5.542,NA,31
"5/26/2022 11:43:41 AM",10.071,29.392,49.305,77.98,71109.2,1032.758,32.715,0.031,0.031,0.058,8.188,96.069,5.529,276.545,0,5.542,5.545,NA,31
"5/26/2022 11:43:42 AM",9.912,29.391,49.308,77.982,71112.7,1032.76,32.718,0.039,0.039,0.044,8.188,96.143,5.535,255.56,0,5.548,5.551,NA,31
"5/26/2022 11:43:42 AM",9.747,29.391,49.308,77.982,71112.5,1032.759,32.717,0.055,0.055,0.029,8.188,96.014,5.527,252.332,0,5.539,5.543,NA,31
"5/26/2022 11:43:42 AM",9.559,29.392,49.312,77.989,71118.1,1032.761,32.721,0.039,0.039,0.015,8.188,96.041,5.53,246.3,0,5.543,5.546,NA,31
"5/26/2022 11:43:42 AM",9.389,29.39,49.312,77.986,71117.4,1032.761,32.721,0.023,0.023,0.029,8.186,95.914,5.522,249.868,0,5.535,5.538,NA,31
"5/26/2022 11:43:42 AM",9.297,29.389,49.314,77.988,71120.9,1032.763,32.723,0.039,0.039,0.044,8.185,95.956,5.525,257.684,0,5.538,5.541,NA,31
"5/26/2022 11:43:43 AM",9.304,29.389,49.316,77.991,71123.1,1032.764,32.725,0.023,0.023,0.044,8.186,95.996,5.528,278.5,0,5.54,5.544,NA,31
"5/26/2022 11:43:43 AM",9.345,29.389,49.318,77.994,71126.2,1032.766,32.726,0.023,0.023,0,8.186,95.951,5.524,301.949,0,5.536,5.54,NA,31
"5/26/2022 11:43:43 AM",9.387,29.389,49.322,77.999,71130.5,1032.769,32.729,0.023,0.023,0.015,8.185,96.045,5.531,301.099,0,5.543,5.546,NA,31
"5/26/2022 11:43:43 AM",9.431,29.389,49.325,78.002,71134.1,1032.771,32.731,0.023,0.023,0.015,8.186,96.033,5.529,280.454,0,5.542,5.545,NA,31
"5/26/2022 11:43:43 AM",9.509,29.388,49.325,78.001,71134.4,1032.772,32.732,0.047,0.047,0.044,8.185,96.085,5.531,260.148,0,5.544,5.547,NA,31
"5/26/2022 11:43:44 AM",9.498,29.387,49.33,78.007,71140.9,1032.776,32.736,0.031,0.031,0.015,8.185,95.98,5.524,285.042,0,5.536,5.54,NA,31
"5/26/2022 11:43:44 AM",9.389,29.389,49.327,78.005,71136.3,1032.772,32.733,0.031,0.031,0.015,8.183,96.08,5.531,341.2,0,5.544,5.547,NA,31
"5/26/2022 11:43:44 AM",9.213,29.39,49.33,78.011,71139.9,1032.774,32.734,0.031,0.031,0.044,8.181,96.161,5.536,350.716,0,5.549,5.552,NA,31
"5/26/2022 11:43:44 AM",8.897,29.392,49.331,78.015,71141.6,1032.773,32.735,0.039,0.039,0.044,8.179,95.927,5.523,316.222,0,5.536,5.539,NA,31
"5/26/2022 11:43:44 AM",8.74,29.392,49.332,78.016,71141.9,1032.772,32.735,0.039,0.039,0.058,8.179,95.991,5.527,256.75,0,5.54,5.543,NA,31
"5/26/2022 11:43:45 AM",8.658,29.392,49.332,78.016,71142,1032.772,32.735,0.039,0.039,0.044,8.181,96.035,5.531,229.223,0,5.544,5.547,NA,31
"5/26/2022 11:43:45 AM",8.613,29.392,49.334,78.02,71145.5,1032.774,32.738,0.023,0.023,0.029,8.182,96.115,5.535,217.413,0,5.548,5.551,NA,31
"5/26/2022 11:43:45 AM",8.566,29.391,49.339,78.025,71151.9,1032.778,32.742,0.047,0.047,0,8.182,96.099,5.534,228.713,0,5.547,5.55,NA,31
"5/26/2022 11:43:45 AM",8.49,29.394,49.338,78.027,71149.1,1032.775,32.739,0.055,0.055,0,8.185,95.988,5.527,264.226,0,5.54,5.543,NA,31
"5/26/2022 11:43:45 AM",8.439,29.394,49.338,78.028,71149.4,1032.775,32.739,0.047,0.047,0.029,8.187,96.109,5.534,251.142,0,5.546,5.55,NA,31
"5/26/2022 11:43:46 AM",8.385,29.396,49.338,78.031,71149.1,1032.774,32.738,0.031,0.031,0.044,8.187,95.959,5.525,229.053,0,5.538,5.541,NA,31
"5/26/2022 11:43:46 AM",8.309,29.398,49.338,78.032,71148.7,1032.773,32.738,0.016,0.016,0.044,8.186,96.127,5.535,214.015,0,5.548,5.551,NA,31
"5/26/2022 11:43:46 AM",8.18,29.397,49.337,78.031,71148.1,1032.773,32.738,0.031,0.031,0.015,8.185,96.009,5.528,241.712,0,5.541,5.544,NA,31
"5/26/2022 11:43:46 AM",7.876,29.395,49.344,78.037,71156.9,1032.777,32.744,0.031,0.031,0.015,8.185,95.839,5.519,245.96,0,5.532,5.535,NA,31
"5/26/2022 11:43:46 AM",7.655,29.394,49.349,78.042,71162.9,1032.78,32.748,0.039,0.039,0,8.186,96.07,5.533,214.779,0,5.546,5.549,NA,31
"5/26/2022 11:43:47 AM",7.476,29.394,49.35,78.043,71164,1032.78,32.748,0.039,0.039,0.015,8.185,96.104,5.535,190.481,0,5.547,5.55,NA,31
"5/26/2022 11:43:47 AM",7.389,29.394,49.349,78.042,71162.9,1032.779,32.748,0.039,0.039,0.058,8.185,95.967,5.527,178.756,0,5.539,5.543,NA,31
"5/26/2022 11:43:47 AM",7.387,29.393,49.352,78.044,71166.5,1032.782,32.75,0.039,0.039,0.058,8.185,96.082,5.533,189.206,0,5.546,5.549,NA,31
"5/26/2022 11:43:47 AM",7.422,29.393,49.356,78.051,71171.5,1032.785,32.753,0.023,0.023,0.044,8.185,96.017,5.53,197.108,0,5.543,5.546,NA,31
"5/26/2022 11:43:47 AM",7.455,29.394,49.359,78.056,71175.4,1032.787,32.755,0.039,0.039,0.044,8.185,96.08,5.534,194.559,0,5.547,5.55,NA,31
"5/26/2022 11:43:48 AM",7.484,29.394,49.361,78.058,71177.6,1032.788,32.757,0.031,0.031,0,8.185,96.005,5.528,198.637,0,5.541,5.544,NA,31
"5/26/2022 11:43:48 AM",7.519,29.394,49.363,78.062,71181.1,1032.791,32.759,0.023,0.023,0.015,8.187,96.077,5.531,213.335,0,5.544,5.547,NA,31
"5/26/2022 11:43:48 AM",7.526,29.395,49.365,78.065,71183.2,1032.792,32.76,0.031,0.031,0.015,8.185,96.074,5.531,234.745,0,5.543,5.546,NA,31
"5/26/2022 11:43:48 AM",7.446,29.395,49.362,78.062,71178.9,1032.789,32.757,0.031,0.031,0.073,8.184,96.185,5.538,244.176,0,5.551,5.554,NA,31
"5/26/2022 11:43:49 AM",7.305,29.397,49.364,78.066,71180.8,1032.789,32.758,0.039,0.039,0.044,8.198,95.979,5.526,238.483,0,5.539,5.542,NA,31
"5/26/2022 11:43:49 AM",7.1,29.397,49.368,78.072,71185.6,1032.791,32.761,0.031,0.031,0.015,8.204,96.015,5.529,221.406,0,5.542,5.545,NA,31
"5/26/2022 11:43:49 AM",6.921,29.398,49.37,78.077,71188.7,1032.792,32.762,0.039,0.039,0.058,8.206,96.151,5.537,209.257,0,5.55,5.553,NA,31
"5/26/2022 11:43:49 AM",6.78,29.399,49.371,78.079,71189.4,1032.791,32.763,0.023,0.023,0.102,8.207,96.056,5.532,199.402,0,5.545,5.548,NA,31
"5/26/2022 11:43:49 AM",6.766,29.398,49.373,78.08,71191.5,1032.793,32.764,0.023,0.023,0.044,8.208,96.082,5.534,205.349,0,5.546,5.549,NA,31
"5/26/2022 11:43:50 AM",6.759,29.399,49.376,78.086,71195.9,1032.795,32.767,0.047,0.047,0.058,8.205,96.088,5.534,224.635,0,5.546,5.55,NA,31
"5/26/2022 11:43:50 AM",6.757,29.399,49.377,78.087,71196.5,1032.796,32.767,0.055,0.055,0.058,8.21,95.987,5.528,217.413,0,5.541,5.544,NA,31
"5/26/2022 11:43:50 AM",6.752,29.403,49.375,78.09,71193.8,1032.793,32.764,0.023,0.023,0.015,8.214,95.994,5.528,182.834,0,5.541,5.544,NA,31
"5/26/2022 11:43:50 AM",6.738,29.404,49.376,78.093,71194.7,1032.793,32.764,0.031,0.031,0.015,8.213,96.059,5.533,164.908,0,5.546,5.549,NA,31
"5/26/2022 11:43:50 AM",6.658,29.403,49.375,78.09,71193.7,1032.793,32.764,0.031,0.031,0,8.213,96.167,5.539,159.725,0,5.552,5.555,NA,31
"5/26/2022 11:43:51 AM",6.523,29.403,49.378,78.094,71197.4,1032.794,32.767,0.016,0.016,0,8.212,96.12,5.536,159.215,0,5.548,5.552,NA,31
"5/26/2022 11:43:51 AM",6.331,29.402,49.38,78.097,71200.7,1032.796,32.769,0.023,0.023,0.044,8.208,96.134,5.537,162.189,0,5.55,5.553,NA,31
"5/26/2022 11:43:51 AM",6.034,29.402,49.384,78.101,71205.4,1032.797,32.772,0.031,0.031,0.029,8.208,96.013,5.53,177.652,0,5.543,5.546,NA,31
"5/26/2022 11:43:51 AM",5.869,29.402,49.386,78.103,71207.1,1032.798,32.773,0.031,0.031,0.015,8.21,96.115,5.537,167.372,0,5.55,5.553,NA,31
"5/26/2022 11:43:51 AM",5.784,29.402,49.386,78.103,71207.3,1032.798,32.773,0.031,0.031,0.029,8.212,96.038,5.532,166.182,0,5.545,5.548,NA,31
"5/26/2022 11:43:52 AM",5.733,29.402,49.387,78.106,71209.1,1032.798,32.774,0.023,0.023,0.044,8.213,96.189,5.541,163.803,0,5.554,5.557,NA,31
"5/26/2022 11:43:52 AM",5.683,29.404,49.389,78.111,71211,1032.799,32.775,0.039,0.039,0.044,8.213,96.164,5.54,182.579,0,5.553,5.556,NA,31
"5/26/2022 11:43:52 AM",5.631,29.405,49.388,78.111,71209.4,1032.797,32.773,0.047,0.047,0.044,8.213,96.102,5.536,191.415,0,5.549,5.552,NA,31
"5/26/2022 11:43:52 AM",5.556,29.407,49.386,78.11,71206.9,1032.795,32.771,0.039,0.039,0.044,8.207,96.008,5.531,167.287,0,5.544,5.547,NA,31
"5/26/2022 11:43:52 AM",5.511,29.406,49.39,78.114,71211.5,1032.798,32.775,0.023,0.023,0.044,8.209,96.016,5.531,167.202,0,5.544,5.547,NA,31
"5/26/2022 11:43:53 AM",5.481,29.405,49.391,78.116,71213.7,1032.799,32.776,0.047,0.047,0.029,8.21,96,5.53,180.71,0,5.543,5.546,NA,31
"5/26/2022 11:43:53 AM",5.345,29.405,49.392,78.116,71214.5,1032.799,32.777,0.047,0.047,0.015,8.211,96.082,5.536,188.952,0,5.549,5.552,NA,31
"5/26/2022 11:43:53 AM",5.213,29.406,49.395,78.122,71218.5,1032.801,32.779,0.031,0.031,0.044,8.209,96.059,5.534,184.873,0,5.547,5.55,NA,31
"5/26/2022 11:43:53 AM",5.083,29.407,49.397,78.126,71220.7,1032.801,32.78,0.039,0.039,0.044,8.208,96.168,5.54,187.422,0,5.553,5.556,NA,31
"5/26/2022 11:43:53 AM",4.978,29.409,49.397,78.128,71220.6,1032.8,32.779,0.039,0.039,0.058,8.209,96.142,5.539,190.651,0,5.551,5.555,NA,31
"5/26/2022 11:43:54 AM",4.937,29.41,49.4,78.134,71223.7,1032.802,32.781,0.023,0.023,0.044,8.208,96.12,5.537,193.454,0,5.55,5.553,NA,31
"5/26/2022 11:43:54 AM",4.905,29.415,49.402,78.144,71225.8,1032.802,32.781,0.016,0.016,0.058,8.211,96.104,5.536,201.696,0,5.548,5.552,NA,31
"5/26/2022 11:43:54 AM",4.862,29.419,49.405,78.153,71228.6,1032.802,32.781,0.023,0.023,0.015,8.212,96.046,5.533,215.289,0,5.546,5.549,NA,31
"5/26/2022 11:43:54 AM",4.824,29.421,49.405,78.157,71229,1032.802,32.781,0.031,0.031,0.015,8.209,96.151,5.538,213.08,0,5.551,5.554,NA,31
"5/26/2022 11:43:54 AM",4.792,29.422,49.405,78.158,71227.8,1032.8,32.78,0.039,0.039,0.058,8.209,96.238,5.543,198.892,0,5.556,5.559,NA,31
"5/26/2022 11:43:55 AM",4.771,29.423,49.407,78.162,71230.9,1032.802,32.782,0.031,0.031,0.015,8.209,96.134,5.538,181.56,0,5.551,5.554,NA,31
"5/26/2022 11:43:55 AM",4.674,29.427,49.404,78.164,71226.6,1032.798,32.778,0.031,0.031,0.044,8.21,96.101,5.536,169.156,0,5.548,5.552,NA,31
"5/26/2022 11:43:55 AM",4.559,29.426,49.41,78.17,71233.9,1032.802,32.783,0.039,0.039,0.044,8.21,96.096,5.535,164.483,0,5.548,5.551,NA,31
"5/26/2022 11:43:55 AM",4.425,29.426,49.411,78.172,71235.6,1032.802,32.784,0.031,0.031,0.044,8.209,96.172,5.54,162.784,0,5.553,5.556,NA,31
"5/26/2022 11:43:55 AM",4.295,29.426,49.414,78.176,71239.3,1032.804,32.786,0.031,0.031,0.029,8.208,96.212,5.542,166.692,0,5.555,5.558,NA,31
"5/26/2022 11:43:56 AM",4.105,29.431,49.417,78.187,71242.1,1032.804,32.786,0.039,0.039,0.029,8.208,96.192,5.542,174.253,0,5.554,5.557,NA,31
"5/26/2022 11:43:56 AM",3.978,29.434,49.417,78.191,71241.4,1032.802,32.785,0.031,0.031,0,8.209,96.186,5.541,184.788,0,5.554,5.557,NA,31
"5/26/2022 11:43:56 AM",3.876,29.438,49.423,78.205,71248.4,1032.805,32.788,0.023,0.023,0.058,8.209,96.198,5.542,190.821,0,5.554,5.558,NA,31
"5/26/2022 11:43:56 AM",3.808,29.445,49.425,78.217,71250.2,1032.804,32.788,0.016,0.016,0.058,8.21,96.271,5.546,186.997,0,5.559,5.562,NA,31
"5/26/2022 11:43:56 AM",3.775,29.45,49.422,78.222,71246.1,1032.8,32.783,0.031,0.031,0.044,8.209,96.122,5.537,183.344,0,5.55,5.553,NA,31
"5/26/2022 11:43:57 AM",3.763,29.453,49.42,78.223,71243.3,1032.797,32.781,0.031,0.031,0.029,8.207,96.228,5.543,183.599,0,5.555,5.559,NA,31
"5/26/2022 11:43:57 AM",3.766,29.454,49.42,78.224,71242,1032.796,32.78,0.023,0.023,0.029,8.196,96.178,5.539,197.957,0,5.552,5.555,NA,31
"5/26/2022 11:43:57 AM",3.79,29.456,49.42,78.226,71242.3,1032.796,32.78,0.008,0.008,0,8.193,96.115,5.536,211.296,0,5.548,5.552,NA,31
"5/26/2022 11:43:57 AM",3.803,29.457,49.423,78.232,71246.7,1032.798,32.782,0.039,0.039,0.044,8.188,96.021,5.53,206.283,0,5.543,5.546,NA,31
"5/26/2022 11:43:57 AM",3.836,29.459,49.421,78.233,71243.9,1032.796,32.78,0.031,0.031,0.029,8.203,96.226,5.543,219.792,0,5.556,5.559,NA,31
"5/26/2022 11:43:58 AM",3.846,29.459,49.423,78.235,71245.4,1032.797,32.781,0.016,0.016,0.015,8.203,96.08,5.534,241.117,0,5.547,5.55,NA,31
"5/26/2022 11:43:58 AM",3.837,29.458,49.421,78.232,71243.6,1032.796,32.78,0.016,0.016,0,8.203,96.122,5.537,252.077,0,5.55,5.553,NA,31
"5/26/2022 11:43:58 AM",3.811,29.458,49.429,78.243,71253.9,1032.802,32.786,0.023,0.023,0.015,8.203,96.1,5.535,269.239,0,5.548,5.551,NA,31
"5/26/2022 11:43:58 AM",3.749,29.461,49.431,78.248,71255.1,1032.802,32.786,0.023,0.023,0,8.202,96.273,5.546,318.346,0,5.558,5.562,NA,31
"5/26/2022 11:43:58 AM",3.672,29.464,49.433,78.255,71257.2,1032.802,32.786,0.016,0.016,0.058,8.202,96.132,5.538,316.052,0,5.55,5.554,NA,31
"5/26/2022 11:43:59 AM",3.566,29.467,49.432,78.259,71256.3,1032.8,32.785,0.039,0.039,0.015,8.202,96.102,5.536,287.505,0,5.549,5.552,NA,31
"5/26/2022 11:43:59 AM",3.422,29.468,49.433,78.261,71256.6,1032.799,32.785,0.031,0.031,0.029,8.198,96.068,5.534,263.632,0,5.547,5.55,NA,31
"5/26/2022 11:43:59 AM",3.262,29.471,49.435,78.269,71259.6,1032.8,32.786,0.031,0.031,0.029,8.198,96.261,5.545,251.397,0,5.557,5.561,NA,31
"5/26/2022 11:43:59 AM",3.03,29.476,49.436,78.277,71259.9,1032.798,32.785,0.031,0.031,0,8.184,96.203,5.541,249.273,0,5.554,5.557,NA,31
"5/26/2022 11:44:00 AM",2.916,29.479,49.435,78.28,71258.5,1032.796,32.783,0.039,0.039,0.044,8.196,96.197,5.54,234.745,0,5.553,5.556,NA,31
"5/26/2022 11:44:00 AM",2.843,29.482,49.436,78.285,71258.7,1032.795,32.783,0.031,0.031,0.044,8.202,96.108,5.536,228.543,0,5.548,5.552,NA,31
"5/26/2022 11:44:00 AM",2.777,29.485,49.435,78.288,71257.7,1032.793,32.781,0.023,0.023,0.044,8.205,96.182,5.539,254.541,0,5.552,5.555,NA,31
"5/26/2022 11:44:00 AM",2.719,29.486,49.437,78.292,71259.6,1032.794,32.782,0.039,0.039,0.073,8.204,96.193,5.54,267.54,0,5.553,5.556,NA,31
"5/26/2022 11:44:00 AM",2.589,29.486,49.44,78.297,71263.1,1032.795,32.784,0.047,0.047,0.073,8.194,96.347,5.549,225.994,0,5.561,5.565,NA,31
"5/26/2022 11:44:01 AM",2.464,29.489,49.438,78.298,71260.2,1032.792,32.781,0.047,0.047,0.044,8.193,96.195,5.539,210.956,0,5.552,5.555,NA,31
"5/26/2022 11:44:01 AM",2.344,29.49,49.438,78.299,71259.9,1032.791,32.781,0.031,0.031,0.044,8.189,96.237,5.542,210.192,0,5.555,5.558,NA,31
"5/26/2022 11:44:01 AM",2.241,29.494,49.439,78.306,71260.6,1032.79,32.78,0.008,0.008,0,8.194,96.205,5.54,220.897,0,5.553,5.556,NA,31
"5/26/2022 11:44:01 AM",2.163,29.496,49.438,78.307,71259.4,1032.788,32.779,0.023,0.023,0,8.203,96.277,5.544,227.863,0,5.557,5.56,NA,31
"5/26/2022 11:44:01 AM",2.091,29.498,49.437,78.309,71258.2,1032.787,32.778,0.047,0.047,0.015,8.206,96.171,5.537,245.28,0,5.55,5.553,NA,31
"5/26/2022 11:44:02 AM",2.074,29.499,49.436,78.309,71256.8,1032.786,32.777,0,0,0,8.207,96.275,5.543,353.604,0,5.556,5.559,NA,31
"5/26/2022 11:44:02 AM",2.077,29.5,49.435,78.308,71254.5,1032.784,32.775,0,0,0,8.208,96.246,5.542,479.091,0,5.554,5.558,NA,31
"5/26/2022 11:44:02 AM",2.053,29.501,49.44,78.317,71260.9,1032.787,32.779,0,0,0,8.209,96.288,5.544,567.704,0,5.557,5.56,NA,31
"5/26/2022 11:44:02 AM",1.982,29.501,49.441,78.318,71262,1032.788,32.78,0.047,0.047,0.087,8.21,96.254,5.542,596.676,0,5.555,5.558,NA,31
"5/26/2022 11:44:02 AM",1.904,29.5,49.441,78.319,71262.9,1032.788,32.78,0.016,0.016,0.029,8.211,96.408,5.551,551.562,0,5.564,5.567,NA,31
"5/26/2022 11:44:03 AM",1.827,29.5,49.442,78.318,71263.2,1032.788,32.78,0.031,0.031,0.029,8.21,96.227,5.54,612.053,0,5.553,5.556,NA,31
"5/26/2022 11:44:03 AM",1.759,29.5,49.442,78.318,71263.8,1032.788,32.781,0.008,0.008,0,8.212,96.149,5.535,743.487,0,5.548,5.551,NA,31
"5/26/2022 11:44:03 AM",1.71,29.5,49.445,78.322,71266.9,1032.79,32.783,0,0,0,8.21,96.104,5.533,957.926,0,5.545,5.548,NA,31
"5/26/2022 11:44:03 AM",1.658,29.499,49.447,78.323,71269.4,1032.792,32.785,0,0,0,8.209,96.264,5.543,945.182,0,5.555,5.558,NA,31
"5/26/2022 11:44:03 AM",1.608,29.497,49.44,78.312,71261.9,1032.788,32.781,0.055,0.055,0.073,8.212,96.209,5.539,943.143,0,5.552,5.555,NA,31
"5/26/2022 11:44:04 AM",1.523,29.495,49.44,78.309,71261.3,1032.787,32.781,0.055,0.055,0.087,8.211,96.135,5.536,782.993,0,5.549,5.552,NA,31
"5/26/2022 11:44:04 AM",1.411,29.493,49.444,78.311,71266.9,1032.791,32.785,0,0,0,8.204,96.283,5.545,1026.574,0,5.558,5.561,NA,31
"5/26/2022 11:44:04 AM",1.309,29.491,49.447,78.312,71270.1,1032.793,32.787,0.109,0.109,0.204,8.211,96.267,5.543,773.563,0,5.556,5.559,NA,31
"5/26/2022 11:44:04 AM",1.142,29.492,49.445,78.312,71267.9,1032.79,32.786,0.008,0.008,0,8.214,96.18,5.539,769.824,0,5.552,5.555,NA,31
"5/26/2022 11:44:04 AM",1.039,29.493,49.443,78.309,71265.1,1032.788,32.784,0.055,0.055,0.058,8.213,96.135,5.536,605.936,0,5.549,5.552,NA,31
"5/26/2022 11:44:05 AM",0.933,29.494,49.444,78.313,71266.9,1032.789,32.785,0.023,0.023,0,8.212,96.178,5.539,439.499,0,5.552,5.555,NA,31
"5/26/2022 11:44:05 AM",0.846,29.496,49.441,78.31,71262.2,1032.785,32.781,0.047,0.047,0.073,8.21,96.296,5.547,313.843,0,5.559,5.563,NA,31
"5/26/2022 11:44:05 AM",0.714,29.497,49.441,78.313,71262.5,1032.784,32.781,0.023,0.023,0.044,8.201,96.324,5.548,178.926,0,5.561,5.564,NA,31
"5/26/2022 11:44:05 AM",0.643,29.499,49.438,78.311,71258.5,1032.781,32.778,0,0,0,8.203,96.284,5.546,128.63,0,5.559,5.562,NA,31
"5/26/2022 11:44:05 AM",0.594,29.501,49.437,78.313,71256.8,1032.779,32.777,0,0,0,8.209,96.309,5.547,105.096,0,5.56,5.563,NA,31
"5/26/2022 11:44:06 AM",0.554,29.502,49.437,78.313,71255.9,1032.778,32.776,0,0,0,8.209,96.258,5.544,81.647,0,5.557,5.56,NA,31
"5/26/2022 11:44:06 AM",0.493,29.502,49.433,78.308,71251.2,1032.775,32.773,0.101,0.101,0.16,8.21,96.27,5.545,41.631,0,5.558,5.561,NA,31
"5/26/2022 11:44:06 AM",0.439,29.502,49.43,78.305,71247.9,1032.773,32.771,0,0,0,8.2,96.171,5.54,129.904,0,5.552,5.556,NA,31
"5/26/2022 11:44:06 AM",0.417,29.503,49.427,78.301,71243.3,1032.77,32.768,0,0,0,8.203,96.19,5.541,1089.87,0,5.554,5.557,NA,31
"5/26/2022 11:44:06 AM",0.434,29.504,49.426,78.301,71242.3,1032.769,32.767,0,0,0,8.206,96.135,5.538,1352.736,0,5.551,5.554,NA,31
"5/26/2022 11:44:07 AM",0.46,29.505,49.425,78.302,71241.5,1032.768,32.766,0,0,0,8.208,96.308,5.548,1730.979,0,5.561,5.564,NA,31
"5/26/2022 11:44:07 AM",0.587,29.504,49.424,78.299,71239.7,1032.768,32.765,0,0,0,8.208,96.324,5.549,1534.721,0,5.562,5.565,NA,31
"5/26/2022 11:44:07 AM",0.658,29.504,49.426,78.303,71243.1,1032.77,32.768,0.047,0.047,0.073,8.194,96.351,5.551,1458.597,0,5.564,5.567,NA,31
"5/26/2022 11:44:07 AM",0.639,29.504,49.427,78.304,71244.1,1032.771,32.768,0.008,0.008,0,8.19,96.282,5.547,1552.138,0,5.56,5.563,NA,31
"5/26/2022 11:44:07 AM",0.597,29.505,49.428,78.305,71244.3,1032.771,32.768,0,0,0,8.193,96.243,5.545,1770.231,0,5.558,5.561,NA,31
"5/26/2022 11:44:08 AM",0.484,29.505,49.423,78.299,71238.7,1032.767,32.765,0,0,0,8.196,96.228,5.544,1443.644,0,5.557,5.56,NA,31
"5/26/2022 11:44:08 AM",0.368,29.506,49.425,78.302,71240.3,1032.767,32.765,0.07,0.07,0.073,8.193,96.147,5.54,1364.206,0,5.552,5.555,NA,31
"5/26/2022 11:44:08 AM",0.203,29.507,49.422,78.3,71237.4,1032.764,32.764,0,0,0,8.199,96.135,5.539,1684.166,0,5.552,5.555,NA,31
"5/26/2022 11:44:08 AM",0,29.506,49.421,78.297,71235.5,1032.763,32.763,0,0,0,8.208,96.263,5.547,1813.136,0,5.559,5.563,NA,31
"5/26/2022 11:44:08 AM",0,29.505,49.417,78.291,71231,1032.76,32.76,0,0,0,8.209,96.269,5.547,1880.849,0,5.56,5.563,NA,31
"5/26/2022 11:44:09 AM",0,29.505,49.4,78.267,71209.1,1032.746,32.747,0,0,0,8.211,96.228,5.546,2227.997,0,5.559,5.562,NA,31
"5/26/2022 11:44:09 AM",0,29.507,49.4,78.269,71208.6,1032.745,32.746,0,0,0,8.215,96.322,5.551,2204.717,0,5.564,5.567,NA,31
"5/26/2022 11:44:09 AM",0,29.509,33.213,55.202,50220.6,1020.552,20.553,0,0,0,8.217,96.251,6.064,2226.552,0,6.081,6.082,NA,31
"5/26/2022 11:44:09 AM",0,29.514,2.082,4.309,3919.3,997.351,0,136.841,136.841,25.969,8.217,96.403,7.208,2234.538,0,7.229,7.229,NA,31
"5/26/2022 11:44:09 AM",0,29.522,1.29,2.741,2492.8,996.758,0,47.561,47.561,0,8.218,96.349,7.234,2242.355,0,7.255,7.255,NA,31
"5/26/2022 11:44:10 AM",0,29.504,0.938,2.024,1841.7,996.5,0,91.3,91.3,566.604,8.218,96.292,7.243,2290.102,0,7.264,7.264,NA,31
"5/26/2022 11:44:10 AM",0,29.482,0.778,1.692,1539.9,996.387,0,185.72,185.72,103.07,8.218,96.378,7.254,2330.204,0,7.275,7.275,NA,31
"5/26/2022 11:44:10 AM",0,29.472,0.683,1.494,1360.4,996.319,0,495.028,495.028,114.672,8.216,96.128,7.238,2344.392,0,7.259,7.259,NA,31
"5/26/2022 11:44:10 AM",0,29.466,0.648,1.42,1293.2,996.294,0,310.236,310.236,0,8.214,96.249,7.247,2282.456,0,7.267,7.268,NA,31
"5/26/2022 11:44:11 AM",0,29.449,0.582,1.281,1167.1,996.25,0,346.143,346.143,63.414,8.214,96.168,7.241,2247.452,0,7.262,7.262,NA,31
"5/26/2022 11:44:11 AM",0,29.439,0.554,1.221,1112.5,996.232,0,136.802,136.802,15.03,8.213,96.183,7.243,2238.022,0,7.264,7.264,NA,31
"5/26/2022 11:44:11 AM",0,29.461,0.539,1.19,1083.3,996.214,0,134.259,134.259,0,8.213,96.076,7.235,2219.416,0,7.256,7.256,NA,31
"5/26/2022 11:44:11 AM",0,29.478,0.487,1.078,981.5,996.17,0,99.491,99.491,46.015,8.213,95.935,7.226,2185.771,0,7.247,7.247,NA,31
"5/26/2022 11:44:11 AM",0,29.498,0.472,1.046,952.2,996.153,0,68.436,68.436,4.288,8.213,95.892,7.224,2155.101,0,7.244,7.245,NA,31
"5/26/2022 11:44:12 AM",0,29.577,0.466,1.035,940.6,996.125,0,89.537,89.537,0,8.206,95.842,7.22,2041.679,0,7.24,7.24,NA,31
"5/26/2022 11:44:12 AM",0,29.645,0.453,1.009,915.5,996.095,0,413.393,413.393,59.993,8.194,95.922,7.226,2020.779,0,7.246,7.246,NA,31
"5/26/2022 11:44:12 AM",0,29.784,0.413,0.926,837.9,996.023,0,473.802,473.802,44.446,8.195,95.997,7.232,2015.256,0,7.253,7.253,NA,31
"5/26/2022 11:44:12 AM",0,29.906,0.424,0.951,858,995.994,0,115.116,115.116,2.726,8.2,96.173,7.244,2108.797,0,7.265,7.265,NA,31
"5/26/2022 11:44:12 AM",0,29.978,0.391,0.881,793.8,995.948,0,29.378,29.378,0,8.201,96.02,7.234,2130.717,0,7.255,7.255,NA,31
"5/26/2022 11:44:13 AM",0,30.024,0.381,0.859,773.2,995.926,0,0,0,0,8.202,95.767,7.215,1193.436,0,7.236,7.236,NA,31
"5/26/2022 11:44:13 AM",0,30.035,0.373,0.842,757.9,995.917,0,2.676,2.676,24.261,8.202,95.734,7.212,1748.566,0,7.233,7.233,NA,31
"5/26/2022 11:44:13 AM",0,30.064,0.37,0.835,751.7,995.906,0,28.855,28.855,0,8.201,95.873,7.222,2075.663,0,7.243,7.243,NA,31
"5/26/2022 11:44:13 AM",0,30.087,0.352,0.797,717.1,995.886,0,104.834,104.834,43.075,8.201,95.844,7.22,2175.321,0,7.241,7.241,NA,31
"5/26/2022 11:44:13 AM",0,30.146,0.346,0.784,704.1,995.863,0,57.195,57.195,0,8.201,96.031,7.232,2228.251,0,7.253,7.253,NA,31
"5/26/2022 11:44:14 AM",0,30.058,0.332,0.753,677.8,995.88,0,14.876,14.876,0,8.201,95.44,7.186,2165.211,0,7.207,7.207,NA,31
"5/26/2022 11:44:14 AM",0,29.77,0.368,0.827,748.8,995.994,0,33.668,33.668,0,8.194,95.932,7.219,2127.574,0,7.24,7.24,NA,31
"5/26/2022 11:44:14 AM",0,29.535,0.454,1.01,918,996.129,0,12.388,12.388,0,8.195,95.748,7.2,2091.72,0,7.221,7.221,NA,31
"5/26/2022 11:44:14 AM",0,29.312,0.749,1.626,1484.9,996.416,0,0.608,0.608,0,8.199,95.592,7.176,1999.539,0,7.197,7.197,NA,31
"5/26/2022 11:44:14 AM",0,29.014,0.701,1.517,1394.2,996.468,0,0,0,0,8.199,95.319,7.157,1720.699,0,7.178,7.178,NA,31
"5/26/2022 11:44:15 AM",0,28.886,0.733,1.581,1456.8,996.53,0,0,0,0,8.198,94.952,7.127,1199.128,0,7.148,7.148,NA,31
"5/26/2022 11:44:15 AM",0,28.79,0.935,1.99,1836.5,996.709,0,0,0,0,8.196,94.75,7.105,668.127,0,7.125,7.125,NA,31
"5/26/2022 11:44:15 AM",0,28.656,1.145,2.407,2228.1,996.905,0,0,0,0,8.194,94.677,7.091,703.98,0,7.111,7.111,NA,31
"5/26/2022 11:44:15 AM",0,28.508,0.868,1.843,1711.3,996.741,0,0,0,0,8.189,94.163,7.062,1253.333,0,7.083,7.083,NA,31
"5/26/2022 11:44:15 AM",0,28.403,0.629,1.351,1257.3,996.592,0,0,0,0,8.187,93.907,7.053,1864.197,0,7.073,7.073,NA,31
"5/26/2022 11:44:16 AM",0,28.395,0.586,1.263,1175.6,996.562,0,5.086,5.086,0,8.186,93.996,7.062,2023.582,0,7.082,7.082,NA,31
"5/26/2022 11:44:16 AM",0,28.425,0.556,1.201,1117.1,996.531,0,0,0,0,8.185,94.07,7.068,2032.673,0,7.089,7.089,NA,31
"5/26/2022 11:44:16 AM",0,28.394,0.511,1.107,1030.2,996.506,0,0,0,0,8.184,94.063,7.069,1882.973,0,7.09,7.09,NA,31
"5/26/2022 11:44:16 AM",0,28.297,0.493,1.068,996.1,996.521,0,0,0,0,8.184,94.184,7.079,675.858,0,7.1,7.1,NA,31
"5/26/2022 11:44:16 AM",0,28.287,0.499,1.08,1007.5,996.528,0,0,0,0,8.192,96.829,7.271,706.614,0,7.292,7.292,NA,31
"5/26/2022 11:44:17 AM",0,30.621,3.522,7.207,6414,998.086,0,0,0,0,8.281,98.846,7.266,1578.646,0,7.287,7.287,NA,31
"5/26/2022 11:44:17 AM",0,31.802,3.116,6.569,5714.3,997.411,0,0.796,0.796,5.282,8.36,98.351,7.214,1749.925,0,7.235,7.234,NA,31
"5/26/2022 11:44:17 AM",0,32.09,2.958,6.289,5440.3,997.201,0,1.412,1.412,8.474,8.419,97.781,7.152,1799.882,0,7.172,7.172,NA,31
"5/26/2022 11:44:17 AM",0,32.155,2.883,6.146,5310.5,997.124,0,1.599,1.599,8.972,8.483,96.881,7.061,1918.571,0,7.081,7.081,NA,31
"5/26/2022 11:44:17 AM",0,32.146,2.615,5.609,4847.2,996.929,0,1.833,1.833,10.572,8.51,96.442,7.026,1985.69,0,7.046,7.046,NA,31
"5/26/2022 11:44:18 AM",0,32.112,2.697,5.769,4988.6,997,0,1.545,1.545,10.264,8.529,96.111,6.989,2006.08,0,7.009,7.008,NA,31
"5/26/2022 11:44:18 AM",0,32.113,2.53,5.434,4698.4,996.876,0,1.607,1.607,10.308,8.54,95.812,6.966,2027.236,0,6.986,6.986,NA,31
"5/26/2022 11:44:18 AM",0,32.122,2.549,5.473,4731.3,996.887,0,1.935,1.935,10.557,8.554,95.556,6.938,2066.062,0,6.958,6.958,NA,31
"5/26/2022 11:44:18 AM",0,32.136,2.5,5.375,4645.7,996.846,0,1.303,1.303,11.277,8.561,95.547,6.936,2135.05,0,6.956,6.955,NA,31
"5/26/2022 11:44:18 AM",0,32.151,2.436,5.247,4534,996.794,0,1.529,1.529,11.424,8.566,95.511,6.933,2197.836,0,6.953,6.953,NA,31
"5/26/2022 11:44:19 AM",0,32.167,2.428,5.233,4520.3,996.783,0,1.989,1.989,12.218,8.57,95.565,6.936,2220.435,0,6.956,6.956,NA,31
"5/26/2022 11:44:19 AM",0,32.159,2.223,4.816,4160.7,996.633,0,1.677,1.677,11.219,8.573,95.346,6.927,2230.63,0,6.947,6.947,NA,31
"5/26/2022 11:44:19 AM",0,32.158,2.182,4.732,4088.3,996.603,0,1.662,1.662,10.66,8.577,95.527,6.941,2238.022,0,6.961,6.961,NA,31
"5/26/2022 11:44:19 AM",0,32.155,2.185,4.738,4093.7,996.606,0,1.693,1.693,11.468,8.579,95.664,6.95,2240.826,0,6.97,6.97,NA,31
"5/26/2022 11:44:19 AM",0,32.145,2.16,4.685,4048.7,996.59,0,1.849,1.849,11.042,8.583,95.527,6.941,2241.845,0,6.961,6.961,NA,31
"5/26/2022 11:44:20 AM",0,32.138,2.131,4.626,3998.1,996.571,0,2.036,2.036,10.513,8.586,95.681,6.953,2238.277,0,6.973,6.973,NA,31
"5/26/2022 11:44:20 AM",0,32.147,2.072,4.505,3892.9,996.524,0,1.935,1.935,12.483,8.588,95.551,6.945,2236.068,0,6.965,6.965,NA,31
"5/26/2022 11:44:20 AM",0,32.151,2.064,4.491,3880.2,996.517,0,1.841,1.841,10.998,8.589,95.661,6.953,2236.578,0,6.973,6.973,NA,31
"5/26/2022 11:44:20 AM",0,32.155,2.059,4.48,3870.6,996.512,0,1.958,1.958,11.028,8.589,95.78,6.962,2241.08,0,6.982,6.982,NA,31
"5/26/2022 11:44:20 AM",0,32.162,2.029,4.419,3817.9,996.488,0,2.231,2.231,11.189,8.589,95.787,6.964,2242.355,0,6.984,6.983,NA,31
"5/26/2022 11:44:21 AM",0,32.144,2.048,4.456,3850.8,996.507,0,1.942,1.942,11.336,8.588,95.529,6.944,2234.199,0,6.964,6.963,NA,31
"5/26/2022 11:44:21 AM",0,32.129,1.975,4.305,3721.6,996.458,0,1.685,1.685,11.571,8.588,95.672,6.957,2225.278,0,6.977,6.977,NA,31
"5/26/2022 11:44:21 AM",0,32.131,1.898,4.148,3585.2,996.401,0,1.981,1.981,11.086,8.588,95.704,6.962,2225.363,0,6.982,6.982,NA,31
"5/26/2022 11:44:21 AM",0,32.11,1.921,4.192,3625.2,996.424,0,1.786,1.786,11.145,8.588,95.695,6.961,2227.997,0,6.981,6.98,NA,31
"5/26/2022 11:44:22 AM",0,32.116,1.924,4.201,3632,996.425,0,1.95,1.95,10.969,8.588,95.714,6.962,2230.97,0,6.982,6.982,NA,31
"5/26/2022 11:44:22 AM",0,32.126,1.943,4.24,3665.3,996.436,0,1.389,1.389,10.822,8.588,95.631,6.956,2232.584,0,6.975,6.975,NA,31
"5/26/2022 11:44:22 AM",0,32.122,1.93,4.212,3641.4,996.427,0,1.935,1.935,11.086,8.584,95.621,6.955,2235.813,0,6.975,6.975,NA,31
"5/26/2022 11:44:22 AM",0,32.123,1.925,4.203,3633.4,996.423,0,2.137,2.137,11.498,8.584,95.785,6.968,2237.852,0,6.988,6.988,NA,31
"5/26/2022 11:44:22 AM",0,32.122,1.906,4.163,3599,996.409,0,1.849,1.849,11.615,8.583,95.66,6.96,2242.355,0,6.98,6.98,NA,31
"5/26/2022 11:44:23 AM",0,32.121,1.907,4.165,3601,996.41,0,1.857,1.857,10.337,8.583,95.858,6.975,2246.518,0,6.995,6.995,NA,31
"5/26/2022 11:44:23 AM",0,32.128,1.885,4.12,3561.1,996.391,0,1.966,1.966,10.278,8.581,95.813,6.973,2249.237,0,6.993,6.993,NA,31
"5/26/2022 11:44:23 AM",0,32.127,1.905,4.162,3597.7,996.407,0,2.208,2.208,10.939,8.58,95.728,6.967,2249.746,0,6.987,6.987,NA,31
"5/26/2022 11:44:23 AM",0,32.122,1.881,4.111,3553.7,996.39,0,2.332,2.332,11.557,8.579,95.82,6.975,2250.001,0,6.995,6.995,NA,31
"5/26/2022 11:44:23 AM",0,32.118,1.871,4.09,3536.7,996.384,0,1.841,1.841,11.028,8.578,95.896,6.981,2249.661,0,7.002,7.001,NA,31
"5/26/2022 11:44:24 AM",0,32.114,1.829,4.003,3461,996.354,0,1.552,1.552,11.88,8.577,95.849,6.98,2246.773,0,7,7,NA,31
"5/26/2022 11:44:24 AM",0,32.115,1.81,3.965,3428.3,996.34,0,1.857,1.857,11.042,8.578,96,6.993,2242.695,0,7.013,7.013,NA,31
"5/26/2022 11:44:24 AM",0,32.116,1.825,3.996,3455.1,996.351,0,1.81,1.81,11.204,8.576,95.919,6.987,2239.636,0,7.007,7.007,NA,31
"5/26/2022 11:44:24 AM",0,32.116,1.812,3.968,3430.7,996.341,0,1.755,1.755,10.939,8.575,95.82,6.981,2236.153,0,7.001,7,NA,31
"5/26/2022 11:44:24 AM",0,32.118,1.801,3.946,3411.9,996.332,0,1.591,1.591,10.998,8.575,95.825,6.982,2231.48,0,7.002,7.002,NA,31
"5/26/2022 11:44:25 AM",0,32.127,1.783,3.909,3379.2,996.316,0,1.607,1.607,10.543,8.577,95.756,6.977,2225.703,0,6.997,6.997,NA,31
"5/26/2022 11:44:25 AM",0,32.137,1.796,3.936,3402.2,996.322,0,1.833,1.833,10.954,8.577,95.846,6.983,2222.644,0,7.003,7.003,NA,31
"5/26/2022 11:44:25 AM",0,32.143,1.76,3.863,3338.2,996.294,0,2.098,2.098,11.13,8.577,95.749,6.977,2219.84,0,6.997,6.997,NA,31
"5/26/2022 11:44:25 AM",0,32.147,1.796,3.938,3403,996.319,0,1.818,1.818,11.718,8.577,95.934,6.989,2219.076,0,7.009,7.009,NA,31
"5/26/2022 11:44:25 AM",0,32.153,1.777,3.898,3368.2,996.303,0,1.864,1.864,11.557,8.578,95.695,6.971,2218.396,0,6.991,6.991,NA,31
"5/26/2022 11:44:26 AM",0,32.156,1.782,3.91,3378.1,996.306,0,1.49,1.49,11.204,8.579,95.655,6.967,2219.246,0,6.987,6.987,NA,31
"5/26/2022 11:44:26 AM",0,32.156,1.768,3.88,3352.4,996.295,0,1.529,1.529,11.042,8.579,95.729,6.972,2220.35,0,6.992,6.991,NA,31
"5/26/2022 11:44:26 AM",0,32.154,1.77,3.884,3355.8,996.298,0,1.771,1.771,10.998,8.582,95.917,6.984,2222.389,0,7.004,7.004,NA,31
"5/26/2022 11:44:26 AM",0,32.147,1.747,3.836,3314.8,996.283,0,1.81,1.81,10.939,8.583,95.74,6.971,2224.173,0,6.991,6.991,NA,31
"5/26/2022 11:44:26 AM",0,32.138,1.759,3.861,3336.7,996.295,0,1.794,1.794,10.264,8.583,95.688,6.966,2225.958,0,6.986,6.986,NA,31
"5/26/2022 11:44:27 AM",0,32.119,1.729,3.798,3283.8,996.279,0,1.747,1.747,10.734,8.586,95.615,6.96,2228.082,0,6.98,6.98,NA,31
"5/26/2022 11:44:27 AM",0,32.104,1.725,3.788,3275.8,996.28,0,1.966,1.966,10.117,8.587,95.706,6.967,2229.356,0,6.987,6.987,NA,31
"5/26/2022 11:44:27 AM",0,32.093,1.71,3.757,3249.4,996.273,0,2.028,2.028,11.292,8.588,95.594,6.959,2229.186,0,6.978,6.978,NA,31
"5/26/2022 11:44:27 AM",0,32.082,1.705,3.746,3240.7,996.273,0,1.981,1.981,10.837,8.588,95.472,6.949,2229.696,0,6.969,6.969,NA,31
"5/26/2022 11:44:27 AM",0,32.072,1.7,3.735,3231.8,996.272,0,1.623,1.623,10.881,8.588,95.563,6.955,2229.271,0,6.975,6.975,NA,31
"5/26/2022 11:44:28 AM",0,32.072,1.683,3.698,3199.9,996.259,0,1.927,1.927,10.308,8.588,95.613,6.959,2227.317,0,6.979,6.979,NA,31
"5/26/2022 11:44:28 AM",0,32.074,1.681,3.695,3197.4,996.257,0,1.903,1.903,10.895,8.589,95.667,6.962,2226.637,0,6.982,6.982,NA,31
"5/26/2022 11:44:28 AM",0,32.079,1.668,3.667,3173.1,996.246,0,2.052,2.052,10.969,8.589,95.605,6.957,2224.088,0,6.977,6.977,NA,31
"5/26/2022 11:44:28 AM",0,32.082,1.664,3.66,3166.4,996.242,0,2.036,2.036,11.659,8.59,95.629,6.959,2222.049,0,6.979,6.979,NA,31
"5/26/2022 11:44:28 AM",0,32.086,1.648,3.627,3137.7,996.229,0,1.974,1.974,11.836,8.591,95.515,6.951,2219.161,0,6.971,6.97,NA,31
"5/26/2022 11:44:29 AM",0,32.085,1.648,3.627,3137.6,996.229,0,1.794,1.794,10.939,8.591,95.495,6.949,2216.527,0,6.969,6.969,NA,31
"5/26/2022 11:44:29 AM",0,32.085,1.633,3.596,3110.9,996.218,0,1.911,1.911,10.249,8.592,95.545,6.953,2214.318,0,6.973,6.973,NA,31
"5/26/2022 11:44:29 AM",0,32.084,1.633,3.595,3110,996.218,0,1.818,1.818,10.484,8.591,95.429,6.944,2212.279,0,6.964,6.964,NA,31
"5/26/2022 11:44:29 AM",0,32.08,1.622,3.572,3090.7,996.211,0,2.137,2.137,10.998,8.592,95.442,6.946,2209.985,0,6.966,6.966,NA,31
"5/26/2022 11:44:29 AM",0,32.076,1.613,3.552,3073.7,996.206,0,2.106,2.106,11.527,8.593,95.469,6.949,2208.711,0,6.968,6.968,NA,31
"5/26/2022 11:44:30 AM",0,32.072,1.603,3.533,3057.3,996.2,0,2.059,2.059,11.674,8.595,95.468,6.949,2208.371,0,6.969,6.968,NA,31
"5/26/2022 11:48:43 AM",0,29.514,49.177,77.972,70928.8,1032.575,32.575,0,0,0.029,8.154,95.845,5.49,1348.319,0,5.503,5.506,NA,31
"5/26/2022 11:48:43 AM",0,29.557,49.168,78.021,70912.5,1032.553,32.553,0,0,0,8.163,95.706,5.483,1484.255,0,5.495,5.499,NA,31
"5/26/2022 11:48:43 AM",0.049,29.573,49.149,78.019,70887.3,1032.533,32.533,0.164,0.164,0.481,8.17,95.83,5.492,1533.617,0,5.505,5.508,NA,31
"5/26/2022 11:48:43 AM",0.087,29.553,49.176,78.028,70923.9,1032.561,32.561,0.304,0.304,0.626,8.176,95.955,5.499,1167.608,0,5.511,5.514,NA,31
"5/26/2022 11:48:44 AM",0.144,29.596,49.139,78.037,70871.4,1032.518,32.517,0.265,0.265,0.495,8.186,95.916,5.495,1223.512,0,5.508,5.511,NA,31
"5/26/2022 11:48:44 AM",0.18,29.636,49.158,78.121,70890.8,1032.518,32.518,0.234,0.234,0.481,8.191,96.199,5.509,967.782,0,5.521,5.525,NA,31
"5/26/2022 11:48:44 AM",0.229,29.615,49.16,78.093,70895.5,1032.527,32.526,0.148,0.148,0.291,8.196,96.17,5.506,919.354,0,5.518,5.522,NA,31
"5/26/2022 11:48:44 AM",0.267,29.585,49.088,77.953,70809.7,1032.484,32.483,0.125,0.125,0.218,8.2,96.098,5.503,936.431,0,5.515,5.519,NA,31
"5/26/2022 11:48:44 AM",0.321,29.526,49.142,77.943,70884.6,1032.546,32.545,0.109,0.109,0.233,8.205,95.868,5.488,1132.859,0,5.5,5.503,NA,31
"5/26/2022 11:48:45 AM",0.455,29.488,49.139,77.884,70885,1032.558,32.556,0.164,0.164,0.189,8.21,95.8,5.485,970.585,0,5.497,5.5,NA,31
"5/26/2022 11:48:45 AM",0.553,29.475,49.142,77.869,70890.2,1032.565,32.562,0.14,0.14,0.248,8.213,95.603,5.475,1069.649,0,5.487,5.49,NA,31
"5/26/2022 11:48:45 AM",0.685,29.464,49.146,77.861,70897.1,1032.572,32.569,0.078,0.078,0.16,8.215,95.593,5.476,819.696,0,5.488,5.492,NA,31
"5/26/2022 11:48:45 AM",0.831,29.463,49.146,77.859,70897.5,1032.574,32.57,0.07,0.07,0.087,8.219,95.834,5.492,920.799,0,5.504,5.507,NA,31
"5/26/2022 11:48:45 AM",0.958,29.461,49.156,77.868,70909.5,1032.582,32.578,0.094,0.094,0.16,8.221,95.775,5.491,1237.191,0,5.503,5.506,NA,31
"5/26/2022 11:48:46 AM",1.048,29.452,49.179,77.888,70940.1,1032.603,32.599,0.078,0.078,0.102,8.225,95.729,5.489,1195.9,0,5.501,5.504,NA,31
"5/26/2022 11:48:46 AM",1.027,29.454,49.184,77.897,70945.1,1032.606,32.601,0.062,0.062,0.102,8.227,95.787,5.493,1160.811,0,5.505,5.508,NA,31
"5/26/2022 11:48:46 AM",0.946,29.459,49.164,77.878,70919.9,1032.589,32.585,0.016,0.016,0,8.235,95.836,5.498,933.203,0,5.51,5.513,NA,31
"5/26/2022 11:48:46 AM",0.853,29.464,49.162,77.882,70917,1032.585,32.582,0.031,0.031,0.015,8.234,95.784,5.495,878.489,0,5.507,5.51,NA,31
"5/26/2022 11:48:46 AM",0.699,29.467,49.182,77.913,70941.6,1032.599,32.596,0.008,0.008,0,8.236,95.778,5.495,989.362,0,5.508,5.511,NA,31
"5/26/2022 11:48:47 AM",0.591,29.471,49.18,77.916,70939.1,1032.596,32.593,0,0,0,8.24,95.835,5.5,1041.017,0,5.512,5.515,NA,31
"5/26/2022 11:48:47 AM",0.462,29.469,49.174,77.905,70931.5,1032.591,32.589,0.023,0.023,0,8.239,95.877,5.503,1050.788,0,5.515,5.518,NA,31
"5/26/2022 11:48:47 AM",0.346,29.468,49.181,77.913,70939.7,1032.596,32.594,0.031,0.031,0.029,8.24,96.033,5.512,1036.515,0,5.525,5.528,NA,31
"5/26/2022 11:48:47 AM",0.168,29.48,49.166,77.91,70919.7,1032.58,32.579,0.008,0.008,0,8.25,96.003,5.51,1112.894,0,5.523,5.526,NA,31
"5/26/2022 11:48:48 AM",0.075,29.484,49.162,77.91,70913.6,1032.574,32.574,0.008,0.008,0,8.25,95.847,5.501,1221.983,0,5.514,5.517,NA,31
"5/26/2022 11:48:48 AM",0.036,29.485,49.153,77.899,70903.2,1032.568,32.568,0,0,0,8.248,95.865,5.502,1226.74,0,5.514,5.518,NA,31
"5/26/2022 11:48:48 AM",0.073,29.496,49.157,77.92,70906.4,1032.567,32.566,0,0,0,8.257,95.926,5.505,1444.493,0,5.517,5.52,NA,31
"5/26/2022 11:48:48 AM",0.189,29.506,49.173,77.956,70925.2,1032.576,32.575,0.008,0.008,0,8.272,95.848,5.5,917.315,0,5.512,5.515,NA,31
"5/26/2022 11:48:48 AM",0.373,29.499,49.14,77.9,70884.4,1032.554,32.552,0.039,0.039,0.015,8.278,95.893,5.503,950.195,0,5.515,5.518,NA,31
"5/26/2022 11:48:49 AM",0.492,29.487,49.155,77.904,70904.9,1032.57,32.568,0.218,0.218,0.481,8.28,95.895,5.502,739.918,0,5.515,5.518,NA,31
"5/26/2022 11:48:49 AM",0.586,29.483,49.16,77.905,70911.3,1032.575,32.573,0.296,0.296,0.67,8.28,95.969,5.507,853.51,0,5.519,5.522,NA,31
"5/26/2022 11:48:49 AM",0.633,29.484,49.165,77.914,70918.2,1032.579,32.577,0.218,0.218,0.451,8.28,95.8,5.497,842.55,0,5.509,5.513,NA,31
"5/26/2022 11:48:49 AM",0.674,29.484,49.166,77.916,70919.1,1032.58,32.577,0.125,0.125,0.233,8.28,95.921,5.504,806.102,0,5.516,5.519,NA,31
"5/26/2022 11:48:49 AM",0.706,29.483,49.178,77.929,70934,1032.59,32.587,0.062,0.062,0.073,8.283,96.028,5.508,810.605,0,5.521,5.524,NA,31
"5/26/2022 11:48:50 AM",0.693,29.485,49.183,77.94,70939.9,1032.592,32.589,0.101,0.101,0.189,8.285,95.894,5.501,829.042,0,5.513,5.516,NA,31
"5/26/2022 11:48:50 AM",0.664,29.494,49.164,77.927,70916.3,1032.576,32.573,0.117,0.117,0.248,8.286,95.747,5.493,870.842,0,5.505,5.508,NA,31
"5/26/2022 11:48:50 AM",0.627,29.498,49.162,77.929,70912.7,1032.572,32.57,0.055,0.055,0.087,8.288,95.926,5.503,944.078,0,5.516,5.519,NA,31
"5/26/2022 11:48:50 AM",0.584,29.495,49.166,77.93,70917.5,1032.576,32.573,0.039,0.039,0.073,8.29,95.935,5.505,1026.999,0,5.517,5.52,NA,31
"5/26/2022 11:48:50 AM",0.56,29.497,49.166,77.934,70918.3,1032.576,32.573,0.078,0.078,0.073,8.292,95.768,5.494,918.165,0,5.507,5.51,NA,31
"5/26/2022 11:48:51 AM",0.544,29.497,49.165,77.933,70916.7,1032.574,32.572,0.07,0.07,0.102,8.292,95.821,5.498,978.912,0,5.51,5.514,NA,31
"5/26/2022 11:48:51 AM",0.525,29.499,49.169,77.94,70920.7,1032.576,32.574,0.055,0.055,0,8.293,95.786,5.495,927.171,0,5.507,5.51,NA,31
"5/26/2022 11:48:51 AM",0.509,29.5,49.174,77.95,70927.9,1032.58,32.578,0.039,0.039,0.058,8.295,95.854,5.499,1093.268,0,5.511,5.515,NA,31
"5/26/2022 11:48:51 AM",0.441,29.5,49.164,77.936,70914.6,1032.572,32.57,0.062,0.062,0.087,8.296,95.87,5.5,863.96,0,5.513,5.516,NA,31
"5/26/2022 11:48:51 AM",0.394,29.499,49.171,77.944,70923.5,1032.577,32.576,0.023,0.023,0.029,8.296,95.698,5.49,880.103,0,5.503,5.506,NA,31
"5/26/2022 11:48:52 AM",0.365,29.496,49.178,77.949,70933.1,1032.584,32.582,0.031,0.031,0.073,8.295,95.911,5.502,1121.815,0,5.515,5.518,NA,31
"5/26/2022 11:48:52 AM",0.358,29.495,49.185,77.958,70941.6,1032.589,32.588,0,0,0,8.298,95.705,5.489,1173.895,0,5.502,5.505,NA,31
"5/26/2022 11:48:52 AM",0.366,29.5,49.183,77.961,70938.5,1032.586,32.585,0.023,0.023,0.029,8.297,95.743,5.492,1202.102,0,5.504,5.508,NA,31
"5/26/2022 11:48:52 AM",0.393,29.494,49.193,77.967,70952.4,1032.596,32.595,0.031,0.031,0.087,8.298,95.693,5.489,1269.815,0,5.501,5.504,NA,31
"5/26/2022 11:48:52 AM",0.41,29.492,49.189,77.958,70947.1,1032.594,32.592,0.055,0.055,0.102,8.299,95.864,5.499,1141.865,0,5.512,5.515,NA,31
"5/26/2022 11:48:53 AM",0.434,29.498,49.183,77.958,70938.5,1032.587,32.585,0.109,0.109,0.233,8.298,95.959,5.506,1110.94,0,5.518,5.521,NA,31
"5/26/2022 11:48:53 AM",0.514,29.485,49.187,77.946,70945.8,1032.595,32.593,0,0,0,8.297,96.043,5.51,1231.158,0,5.522,5.525,NA,31
"5/26/2022 11:48:53 AM",0.587,29.482,49.192,77.948,70951.9,1032.6,32.598,0.023,0.023,0.058,8.296,95.892,5.501,1156.393,0,5.514,5.517,NA,31
"5/26/2022 11:48:53 AM",0.645,29.481,49.192,77.948,70952.6,1032.601,32.598,0.086,0.086,0.116,8.298,95.919,5.502,1056.48,0,5.515,5.518,NA,31
"5/26/2022 11:48:53 AM",0.714,29.477,49.194,77.944,70954.8,1032.604,32.601,0.078,0.078,0.131,8.298,95.824,5.498,937.706,0,5.511,5.514,NA,31
"5/26/2022 11:48:54 AM",0.768,29.473,49.195,77.94,70956.7,1032.606,32.603,0.086,0.086,0.146,8.302,95.935,5.505,676.368,0,5.518,5.521,NA,31
"5/26/2022 11:48:54 AM",0.808,29.475,49.21,77.963,70975.2,1032.617,32.614,0.031,0.031,0.044,8.301,95.948,5.505,754.532,0,5.518,5.521,NA,31
"5/26/2022 11:48:54 AM",0.808,29.48,49.21,77.971,70975.6,1032.616,32.613,0.047,0.047,0.015,8.301,95.822,5.498,913.917,0,5.51,5.513,NA,31
"5/26/2022 11:48:54 AM",0.787,29.488,49.203,77.972,70965.2,1032.607,32.604,0.055,0.055,0.058,8.302,95.782,5.497,930.994,0,5.509,5.512,NA,31
"5/26/2022 11:48:54 AM",0.73,29.491,49.198,77.97,70959.1,1032.603,32.6,0,0,0,8.304,95.902,5.505,964.468,0,5.517,5.52,NA,31
"5/26/2022 11:48:55 AM",0.62,29.486,49.201,77.967,70963.4,1032.606,32.604,0.023,0.023,0,8.302,95.748,5.496,1084.687,0,5.509,5.512,NA,31
"5/26/2022 11:48:55 AM",0.528,29.484,49.211,77.977,70975.3,1032.613,32.611,0.039,0.039,0.029,8.304,95.922,5.507,1002.446,0,5.519,5.522,NA,31
"5/26/2022 11:48:55 AM",0.46,29.482,49.213,77.977,70978,1032.615,32.613,0.039,0.039,0.015,8.303,96.024,5.512,1016.294,0,5.524,5.528,NA,31
"5/26/2022 11:48:55 AM",0.462,29.482,49.209,77.972,70973.6,1032.613,32.611,0.039,0.039,0.058,8.303,95.909,5.505,925.896,0,5.518,5.521,NA,31
"5/26/2022 11:48:55 AM",0.553,29.477,49.206,77.96,70969.8,1032.612,32.61,0,0,0,8.303,95.821,5.501,1221.558,0,5.513,5.516,NA,31
"5/26/2022 11:48:56 AM",0.742,29.472,49.215,77.966,70982.5,1032.622,32.619,0.008,0.008,0.015,8.303,95.997,5.512,1200.658,0,5.525,5.528,NA,31
"5/26/2022 11:48:56 AM",0.887,29.468,49.214,77.959,70981.6,1032.623,32.619,0.031,0.031,0.087,8.303,95.968,5.511,967.442,0,5.524,5.527,NA,31
"5/26/2022 11:48:56 AM",1.026,29.461,49.216,77.952,70985.2,1032.628,32.623,0.062,0.062,0.116,8.303,96.033,5.516,822.84,0,5.529,5.532,NA,31
"5/26/2022 11:48:56 AM",1.172,29.457,49.227,77.961,70999.7,1032.638,32.634,0.117,0.117,0.262,8.303,95.936,5.511,888.174,0,5.523,5.526,NA,31
"5/26/2022 11:48:57 AM",1.358,29.457,49.236,77.973,71010.9,1032.646,32.64,0.078,0.078,0.131,8.304,95.748,5.5,1002.615,0,5.513,5.516,NA,31
"5/26/2022 11:48:57 AM",1.481,29.453,49.243,77.977,71020.2,1032.653,32.647,0.039,0.039,0.044,8.302,95.92,5.511,931.674,0,5.523,5.527,NA,31
"5/26/2022 11:48:57 AM",1.624,29.45,49.243,77.973,71020.1,1032.654,32.647,0.023,0.023,0,8.302,96.058,5.519,925.302,0,5.532,5.535,NA,31
"5/26/2022 11:48:57 AM",1.788,29.445,49.253,77.98,71033.5,1032.665,32.657,0.039,0.039,0.015,8.302,95.98,5.514,966.932,0,5.527,5.53,NA,31
"5/26/2022 11:48:57 AM",1.928,29.451,49.262,78.002,71044.1,1032.67,32.662,0.078,0.078,0.102,8.293,96.032,5.518,894.206,0,5.531,5.534,NA,31
"5/26/2022 11:48:58 AM",2.116,29.448,49.26,77.994,71042,1032.67,32.661,0.031,0.031,0.029,8.3,95.94,5.514,965.573,0,5.526,5.529,NA,31
"5/26/2022 11:48:58 AM",2.281,29.441,49.268,77.995,71052.9,1032.679,32.67,0.039,0.039,0.044,8.299,95.867,5.509,1024.535,0,5.522,5.525,NA,31
"5/26/2022 11:48:58 AM",2.464,29.44,49.271,77.997,71057,1032.683,32.673,0.062,0.062,0.102,8.299,95.961,5.515,875.175,0,5.528,5.531,NA,31
"5/26/2022 11:48:58 AM",2.652,29.443,49.282,78.017,71070.4,1032.691,32.68,0,0,0,8.29,96.019,5.519,729.213,0,5.532,5.535,NA,31
"5/26/2022 11:48:58 AM",2.93,29.428,49.284,77.999,71075.1,1032.699,32.687,0.062,0.062,0.131,8.29,95.96,5.516,771.269,0,5.528,5.532,NA,31
"5/26/2022 11:48:59 AM",3.087,29.424,49.289,78,71082.5,1032.705,32.692,0.062,0.062,0.116,8.302,96.051,5.523,775.347,0,5.535,5.538,NA,31
"5/26/2022 11:48:59 AM",3.256,29.423,49.286,77.994,71077.8,1032.703,32.69,0.039,0.039,0.058,8.304,96.24,5.534,703.725,0,5.547,5.55,NA,31
"5/26/2022 11:48:59 AM",3.429,29.419,49.291,77.997,71085.5,1032.71,32.695,0.062,0.062,0.073,8.304,95.948,5.518,765.322,0,5.53,5.533,NA,31
"5/26/2022 11:48:59 AM",3.609,29.418,49.3,78.007,71096.8,1032.718,32.702,0.055,0.055,0.102,8.305,96.122,5.527,680.701,0,5.54,5.543,NA,31
"5/26/2022 11:48:59 AM",3.861,29.418,49.302,78.01,71099.4,1032.72,32.704,0.023,0.023,0,8.305,96.022,5.523,626.072,0,5.535,5.539,NA,31
"5/26/2022 11:49:00 AM",4.038,29.416,49.307,78.015,71106.2,1032.726,32.708,0.023,0.023,0.015,8.305,95.99,5.521,685.544,0,5.534,5.537,NA,31
"5/26/2022 11:49:00 AM",4.212,29.418,49.31,78.021,71109.6,1032.728,32.71,0.031,0.031,0.029,8.304,95.973,5.52,612.648,0,5.532,5.536,NA,31
"5/26/2022 11:49:00 AM",4.39,29.419,49.31,78.022,71109.5,1032.728,32.71,0.047,0.047,0.044,8.303,95.936,5.519,560.313,0,5.531,5.534,NA,31
"5/26/2022 11:49:00 AM",4.657,29.414,49.31,78.016,71110.6,1032.731,32.711,0.039,0.039,0.044,8.304,96.106,5.529,485.038,0,5.542,5.545,NA,31
"5/26/2022 11:49:00 AM",4.837,29.41,49.318,78.021,71120.8,1032.739,32.719,0.031,0.031,0.044,8.304,96.071,5.527,454.367,0,5.539,5.543,NA,31
"5/26/2022 11:49:01 AM",5.005,29.411,49.321,78.026,71124.8,1032.742,32.721,0.023,0.023,0,8.305,95.956,5.52,421.233,0,5.533,5.536,NA,31
"5/26/2022 11:49:01 AM",5.165,29.41,49.32,78.024,71123.6,1032.742,32.72,0,0,0,8.305,95.913,5.518,428.284,0,5.531,5.534,NA,31
"5/26/2022 11:49:01 AM",5.317,29.41,49.322,78.026,71125.9,1032.744,32.722,0,0,0,8.305,96.031,5.525,342.39,0,5.538,5.541,NA,31
"5/26/2022 11:49:01 AM",5.55,29.409,49.33,78.036,71136.6,1032.752,32.728,0,0,0,8.305,96.145,5.53,236.614,0,5.542,5.546,NA,31
"5/26/2022 11:49:01 AM",5.692,29.41,49.334,78.043,71141.4,1032.755,32.731,0,0,0,8.305,96.024,5.522,179.351,0,5.535,5.538,NA,31
"5/26/2022 11:49:02 AM",5.824,29.409,49.337,78.047,71145.8,1032.758,32.734,0,0,0,8.306,96.176,5.531,147.321,0,5.544,5.547,NA,31
"5/26/2022 11:49:02 AM",5.97,29.409,49.337,78.047,71145.1,1032.759,32.733,0.039,0.039,0.058,8.306,96.08,5.526,119.794,0,5.539,5.542,NA,31
"5/26/2022 11:49:02 AM",6.181,29.407,49.339,78.046,71148.1,1032.762,32.736,0.109,0.109,0.233,8.305,96.011,5.524,132.538,0,5.537,5.54,NA,31
"5/26/2022 11:49:02 AM",6.327,29.406,49.344,78.051,71154.7,1032.767,32.74,0.078,0.078,0.131,8.302,95.954,5.521,201.696,0,5.534,5.537,NA,31
"5/26/2022 11:49:02 AM",6.47,29.404,49.348,78.053,71159.4,1032.771,32.743,0.117,0.117,0.189,8.3,96.164,5.533,285.976,0,5.546,5.549,NA,31
"5/26/2022 11:49:03 AM",6.623,29.402,49.348,78.052,71160.8,1032.773,32.745,0.109,0.109,0.189,8.3,96.077,5.528,270.089,0,5.541,5.544,NA,31
"5/26/2022 11:49:03 AM",6.767,29.4,49.348,78.049,71160.8,1032.774,32.745,0.039,0.039,0.029,8.299,96.01,5.524,265.161,0,5.536,5.54,NA,31
"5/26/2022 11:49:03 AM",6.997,29.394,49.354,78.049,71168.6,1032.781,32.751,0.101,0.101,0.175,8.299,96.048,5.526,275.781,0,5.539,5.542,NA,31
"5/26/2022 11:49:03 AM",7.157,29.393,49.354,78.048,71169.5,1032.783,32.752,0.07,0.07,0.058,8.298,95.981,5.521,353.604,0,5.534,5.537,NA,31
"5/26/2022 11:49:03 AM",7.317,29.393,49.357,78.053,71173.4,1032.785,32.754,0.023,0.023,0,8.3,96.087,5.528,321.404,0,5.541,5.544,NA,31
"5/26/2022 11:49:04 AM",7.477,29.393,49.358,78.053,71174.1,1032.787,32.755,0,0,0,8.3,96.154,5.533,333.724,0,5.545,5.548,NA,31
"5/26/2022 11:49:04 AM",7.703,29.392,49.363,78.059,71180.9,1032.792,32.759,0,0,0,8.303,96.093,5.528,204.754,0,5.541,5.544,NA,31
"5/26/2022 11:49:04 AM",7.861,29.393,49.366,78.063,71184.3,1032.794,32.761,0.086,0.086,0.073,8.3,95.976,5.521,160.235,0,5.534,5.537,NA,31
"5/26/2022 11:49:04 AM",8.002,29.393,49.367,78.065,71185.8,1032.796,32.762,0.086,0.086,0.087,8.302,95.91,5.518,180.71,0,5.531,5.534,NA,31
"5/26/2022 11:49:04 AM",8.144,29.392,49.369,78.067,71188.2,1032.798,32.763,0.047,0.047,0.044,8.304,96.045,5.525,209.257,0,5.538,5.541,NA,31
"5/26/2022 11:49:05 AM",8.287,29.392,49.371,78.069,71190.7,1032.8,32.765,0.039,0.039,0,8.305,96.106,5.529,242.052,0,5.542,5.545,NA,31
"5/26/2022 11:49:05 AM",8.494,29.392,49.372,78.071,71192.7,1032.802,32.766,0,0,0,8.304,96.1,5.529,224.635,0,5.541,5.544,NA,31
"5/26/2022 11:49:05 AM",8.631,29.392,49.375,78.076,71196.8,1032.805,32.769,0.016,0.016,0,8.304,95.922,5.518,192.775,0,5.531,5.534,NA,31
"5/26/2022 11:49:05 AM",8.755,29.392,49.377,78.078,71199,1032.807,32.77,0,0,0,8.304,95.998,5.523,142.648,0,5.536,5.539,NA,31
"5/26/2022 11:49:06 AM",8.892,29.393,49.38,78.083,71202.1,1032.809,32.771,0.062,0.062,0.087,8.305,96.04,5.526,125.911,0,5.539,5.542,NA,31
"5/26/2022 11:49:06 AM",9.085,29.392,49.385,78.09,71209.2,1032.815,32.776,0.008,0.008,0,8.304,96.028,5.526,160.66,0,5.538,5.542,NA,31
"5/26/2022 11:49:06 AM",9.226,29.393,49.387,78.093,71211.1,1032.816,32.777,0.101,0.101,0.175,8.303,96.035,5.527,211.381,0,5.54,5.543,NA,31
"5/26/2022 11:49:06 AM",9.36,29.392,49.385,78.089,71209.4,1032.816,32.776,0.055,0.055,0.044,8.301,95.922,5.521,244.855,0,5.534,5.537,NA,31
"5/26/2022 11:49:06 AM",9.484,29.391,49.387,78.091,71211.5,1032.818,32.777,0,0,0,8.301,96.034,5.527,173.744,0,5.54,5.543,NA,31
"5/26/2022 11:49:07 AM",9.63,29.392,49.388,78.094,71213.5,1032.819,32.778,0.047,0.047,0.102,8.301,95.979,5.523,144.772,0,5.536,5.539,NA,31
"5/26/2022 11:49:07 AM",9.818,29.392,49.39,78.097,71216.2,1032.822,32.78,0,0,0,8.3,96.088,5.53,107.815,0,5.543,5.546,NA,31
"5/26/2022 11:49:07 AM",9.957,29.392,49.392,78.1,71218.4,1032.823,32.781,0.008,0.008,0,8.301,95.96,5.522,98.299,0,5.535,5.538,NA,31
"5/26/2022 11:49:07 AM",10.084,29.392,49.394,78.103,71220.4,1032.825,32.782,0,0,0,8.301,95.935,5.522,87.509,0,5.535,5.538,NA,31
"5/26/2022 11:49:07 AM",10.197,29.394,49.388,78.097,71213.1,1032.821,32.777,0,0,0,8.3,96.166,5.536,64.485,0,5.549,5.552,NA,31
"5/26/2022 11:49:08 AM",10.411,29.395,49.387,78.097,71212.4,1032.821,32.777,0.047,0.047,0.058,8.301,96,5.528,86.405,0,5.541,5.544,NA,31
"5/26/2022 11:49:08 AM",10.544,29.396,49.387,78.098,71211.6,1032.821,32.776,0.031,0.031,0,8.3,96.111,5.536,64.74,0,5.548,5.551,NA,31
"5/26/2022 11:49:08 AM",10.694,29.396,49.388,78.1,71213.5,1032.823,32.777,0.148,0.148,0.32,8.299,96.099,5.535,70.602,0,5.547,5.55,NA,31
"5/26/2022 11:49:08 AM",10.826,29.394,49.393,78.104,71219.4,1032.827,32.781,0.086,0.086,0.131,8.299,96.103,5.535,77.654,0,5.547,5.551,NA,31
"5/26/2022 11:49:08 AM",10.977,29.392,49.394,78.103,71221.2,1032.829,32.782,0.218,0.218,0.422,8.299,96.169,5.539,104.586,0,5.552,5.555,NA,31
"5/26/2022 11:49:09 AM",11.197,29.391,49.397,78.106,71225.6,1032.833,32.786,0.094,0.094,0.116,8.298,96.18,5.54,124.212,0,5.553,5.556,NA,31
"5/26/2022 11:49:09 AM",11.343,29.389,49.399,78.106,71227.7,1032.835,32.787,0.094,0.094,0.116,8.297,96.09,5.535,158.536,0,5.547,5.55,NA,31
"5/26/2022 11:49:09 AM",11.477,29.389,49.398,78.103,71226.3,1032.835,32.786,0,0,0,8.298,96.01,5.529,172.979,0,5.542,5.545,NA,31
"5/26/2022 11:49:09 AM",11.626,29.389,49.399,78.105,71228.5,1032.837,32.788,0.016,0.016,0,8.298,96.136,5.535,143.073,0,5.548,5.551,NA,31
"5/26/2022 11:49:09 AM",11.837,29.388,49.401,78.106,71230.4,1032.839,32.789,0.062,0.062,0.058,8.298,96.215,5.54,134.407,0,5.553,5.556,NA,31
"5/26/2022 11:49:10 AM",11.972,29.387,49.402,78.108,71233,1032.842,32.791,0.14,0.14,0.248,8.298,96.118,5.535,132.028,0,5.548,5.551,NA,31
"5/26/2022 11:49:10 AM",12.099,29.387,49.401,78.107,71231.4,1032.841,32.79,0.133,0.133,0.262,8.297,96.124,5.535,148.68,0,5.548,5.551,NA,31
"5/26/2022 11:49:10 AM",12.235,29.386,49.403,78.108,71233.5,1032.843,32.791,0.094,0.094,0.175,8.295,96.158,5.537,178.926,0,5.55,5.553,NA,31
"5/26/2022 11:49:10 AM",12.381,29.386,49.406,78.111,71237.2,1032.846,32.794,0.062,0.062,0.058,8.295,96.172,5.538,219.027,0,5.551,5.554,NA,31
"5/26/2022 11:49:10 AM",12.591,29.385,49.406,78.111,71238.2,1032.848,32.794,0.039,0.039,0.029,8.296,96.118,5.534,245.45,0,5.547,5.55,NA,31
"5/26/2022 11:49:11 AM",12.678,29.386,49.408,78.114,71240.5,1032.849,32.796,0.055,0.055,0.073,8.297,96.212,5.54,279.349,0,5.553,5.556,NA,31
"5/26/2022 11:49:11 AM",12.746,29.386,49.41,78.118,71242.9,1032.851,32.797,0.047,0.047,0.029,8.296,96.136,5.535,281.218,0,5.548,5.551,NA,31
"5/26/2022 11:49:11 AM",12.849,29.386,49.41,78.117,71242.8,1032.851,32.797,0.039,0.039,0.015,8.296,96.161,5.536,252.077,0,5.549,5.552,NA,31
"5/26/2022 11:49:11 AM",13.05,29.387,49.412,78.121,71245.3,1032.854,32.798,0.047,0.047,0.015,8.299,95.965,5.524,204.669,0,5.537,5.54,NA,31
"5/26/2022 11:49:11 AM",13.179,29.386,49.413,78.123,71247.1,1032.855,32.799,0.047,0.047,0,8.299,96.148,5.536,199.826,0,5.548,5.552,NA,31
"5/26/2022 11:49:12 AM",13.209,29.386,49.416,78.127,71251.2,1032.858,32.802,0.031,0.031,0.029,8.299,96.132,5.535,209.342,0,5.548,5.551,NA,31
"5/26/2022 11:49:12 AM",13.183,29.387,49.417,78.129,71251.5,1032.858,32.801,0.047,0.047,0,8.301,96.125,5.536,203.48,0,5.548,5.551,NA,31
"5/26/2022 11:49:12 AM",13.111,29.389,49.415,78.128,71248.9,1032.855,32.8,0.039,0.039,0.029,8.302,96.208,5.541,217.753,0,5.553,5.557,NA,31
"5/26/2022 11:49:12 AM",12.946,29.39,49.417,78.133,71251.4,1032.856,32.801,0.031,0.031,0.058,8.303,96.097,5.534,244.94,0,5.547,5.55,NA,31
"5/26/2022 11:49:12 AM",12.812,29.39,49.42,78.137,71255,1032.857,32.803,0.055,0.055,0.029,8.304,95.988,5.528,245.79,0,5.54,5.544,NA,31
"5/26/2022 11:49:13 AM",12.711,29.39,49.42,78.137,71254.9,1032.857,32.803,0.039,0.039,0.073,8.305,96.118,5.535,236.529,0,5.548,5.551,NA,31
"5/26/2022 11:49:13 AM",12.644,29.389,49.421,78.137,71256.2,1032.858,32.804,0.055,0.055,0.044,8.306,96.036,5.53,219.452,0,5.542,5.546,NA,31
"5/26/2022 11:49:13 AM",12.64,29.388,49.424,78.141,71260.6,1032.861,32.807,0.031,0.031,0.029,8.306,96.206,5.54,202.205,0,5.552,5.556,NA,31
"5/26/2022 11:49:13 AM",12.661,29.388,49.428,78.144,71264.9,1032.864,32.81,0.031,0.031,0.029,8.305,96.038,5.53,187.932,0,5.543,5.546,NA,31
"5/26/2022 11:49:13 AM",12.64,29.387,49.429,78.146,71266.7,1032.865,32.811,0.031,0.031,0.044,8.306,96.04,5.53,187.847,0,5.543,5.546,NA,31
"5/26/2022 11:49:14 AM",12.567,29.389,49.428,78.147,71264.9,1032.863,32.809,0.055,0.055,0.044,8.308,96.078,5.533,196.853,0,5.546,5.549,NA,31
"5/26/2022 11:49:14 AM",12.471,29.39,49.428,78.148,71264.8,1032.862,32.809,0.039,0.039,0.029,8.307,96.061,5.532,208.153,0,5.544,5.547,NA,31
"5/26/2022 11:49:14 AM",12.322,29.39,49.431,78.153,71269.1,1032.864,32.812,0.039,0.039,0.015,8.307,96.103,5.534,186.318,0,5.547,5.55,NA,31
"5/26/2022 11:49:14 AM",12.27,29.39,49.433,78.154,71271.2,1032.865,32.813,0.047,0.047,0.044,8.306,96.135,5.535,164.993,0,5.548,5.551,NA,31
"5/26/2022 11:49:14 AM",12.251,29.39,49.434,78.155,71272.5,1032.866,32.814,0.047,0.047,0.029,8.305,96.169,5.537,154.543,0,5.55,5.553,NA,31
"5/26/2022 11:49:15 AM",12.284,29.389,49.438,78.159,71277.2,1032.869,32.817,0.039,0.039,0.015,8.305,96.151,5.537,153.183,0,5.549,5.553,NA,31
"5/26/2022 11:49:15 AM",12.303,29.388,49.44,78.161,71279.5,1032.871,32.819,0.039,0.039,0.015,8.307,96.144,5.536,155.902,0,5.549,5.552,NA,31
"5/26/2022 11:49:15 AM",12.285,29.388,49.439,78.159,71278.2,1032.87,32.818,0.055,0.055,0,8.307,96.013,5.529,160.49,0,5.542,5.545,NA,31
"5/26/2022 11:49:15 AM",12.242,29.389,49.44,78.163,71279.3,1032.87,32.818,0.039,0.039,0.029,8.308,96.057,5.531,171.195,0,5.544,5.547,NA,31
"5/26/2022 11:49:16 AM",12.181,29.391,49.438,78.163,71277.4,1032.868,32.816,0.039,0.039,0,8.309,96.071,5.532,175.528,0,5.545,5.548,NA,31
"5/26/2022 11:49:16 AM",12.089,29.391,49.44,78.165,71279.2,1032.869,32.818,0.039,0.039,0,8.309,96.096,5.534,175.103,0,5.547,5.55,NA,31
"5/26/2022 11:49:16 AM",11.955,29.391,49.444,78.17,71284.2,1032.872,32.821,0.039,0.039,0.015,8.305,96.001,5.528,167.372,0,5.54,5.544,NA,31
"5/26/2022 11:49:16 AM",11.87,29.39,49.443,78.168,71283.3,1032.871,32.82,0.031,0.031,0.015,8.305,96.133,5.535,163.124,0,5.548,5.551,NA,31
"5/26/2022 11:49:16 AM",11.764,29.389,49.448,78.173,71289.7,1032.875,32.825,0.039,0.039,0,8.304,96.09,5.532,158.536,0,5.545,5.548,NA,31
"5/26/2022 11:49:17 AM",11.624,29.389,49.446,78.171,71287.6,1032.873,32.823,0.039,0.039,0.015,8.304,95.856,5.519,158.791,0,5.532,5.535,NA,31
"5/26/2022 11:49:17 AM",11.484,29.389,49.45,78.176,71291.5,1032.875,32.826,0.039,0.039,0.015,8.305,95.982,5.527,161,0,5.54,5.543,NA,31
"5/26/2022 11:49:17 AM",11.339,29.39,49.45,78.176,71291.2,1032.874,32.825,0.039,0.039,0.029,8.305,96.047,5.531,158.026,0,5.544,5.547,NA,31
"5/26/2022 11:49:17 AM",11.306,29.389,49.449,78.175,71291.1,1032.874,32.826,0.031,0.031,0.015,8.306,96.018,5.53,153.778,0,5.542,5.546,NA,31
"5/26/2022 11:49:17 AM",11.275,29.389,49.454,78.181,71296.7,1032.877,32.829,0.039,0.039,0.044,8.307,95.972,5.527,149.615,0,5.54,5.543,NA,31
"5/26/2022 11:49:18 AM",11.212,29.389,49.454,78.181,71296.4,1032.876,32.829,0.055,0.055,0.044,8.308,96.011,5.529,145.027,0,5.541,5.545,NA,31
"5/26/2022 11:49:18 AM",11.122,29.391,49.455,78.185,71297.4,1032.876,32.829,0.031,0.031,0.029,8.307,96.214,5.541,143.158,0,5.553,5.557,NA,31
"5/26/2022 11:49:18 AM",10.95,29.39,49.46,78.191,71303.5,1032.879,32.833,0.031,0.031,0.029,8.308,96.12,5.535,144.347,0,5.547,5.551,NA,31
"5/26/2022 11:49:18 AM",10.819,29.391,49.46,78.192,71303.7,1032.879,32.833,0.039,0.039,0.044,8.308,96.204,5.539,144.687,0,5.552,5.555,NA,31
"5/26/2022 11:49:18 AM",10.685,29.391,49.46,78.191,71303.6,1032.878,32.833,0.047,0.047,0.044,8.309,96.1,5.533,141.799,0,5.546,5.549,NA,31
"5/26/2022 11:49:19 AM",10.548,29.391,49.462,78.194,71306,1032.879,32.834,0.039,0.039,0.015,8.305,96.052,5.53,136.021,0,5.543,5.546,NA,31
"5/26/2022 11:49:19 AM",10.32,29.392,49.462,78.196,71305.5,1032.878,32.834,0.023,0.023,0.015,8.303,96.055,5.531,129.479,0,5.544,5.547,NA,31
"5/26/2022 11:49:19 AM",10.183,29.391,49.463,78.196,71307.3,1032.879,32.835,0.031,0.031,0.029,8.305,96.042,5.529,127.185,0,5.542,5.545,NA,31
"5/26/2022 11:49:19 AM",10.091,29.391,49.464,78.198,71308.7,1032.879,32.836,0.031,0.031,0.015,8.305,96.121,5.534,126.336,0,5.547,5.55,NA,31
"5/26/2022 11:49:19 AM",10.08,29.39,49.466,78.199,71311,1032.88,32.838,0.039,0.039,0.015,8.308,96.115,5.534,126.166,0,5.547,5.55,NA,31
"5/26/2022 11:49:20 AM",10.124,29.389,49.466,78.196,71310.8,1032.881,32.838,0.031,0.031,0.015,8.309,95.997,5.528,129.224,0,5.541,5.544,NA,31
"5/26/2022 11:49:20 AM",10.165,29.388,49.472,78.204,71318.8,1032.886,32.843,0.039,0.039,0.073,8.31,96.115,5.535,129.479,0,5.548,5.551,NA,31
"5/26/2022 11:49:20 AM",10.141,29.389,49.471,78.204,71317.6,1032.885,32.842,0.039,0.039,0.044,8.308,96.088,5.534,127.185,0,5.547,5.55,NA,31
"5/26/2022 11:49:20 AM",10.108,29.391,49.47,78.204,71315.7,1032.883,32.84,0.031,0.031,0.058,8.309,96.012,5.529,125.911,0,5.542,5.545,NA,31
"5/26/2022 11:49:20 AM",10.072,29.391,49.471,78.206,71317,1032.884,32.841,0.039,0.039,0.029,8.309,96.076,5.533,125.486,0,5.546,5.549,NA,31
"5/26/2022 11:49:21 AM",9.985,29.39,49.473,78.209,71320.3,1032.886,32.843,0.055,0.055,0.058,8.309,96.152,5.536,125.486,0,5.549,5.552,NA,31
"5/26/2022 11:49:21 AM",9.906,29.39,49.474,78.21,71321.3,1032.886,32.844,0.031,0.031,0.044,8.311,96.125,5.534,131.773,0,5.547,5.55,NA,31
"5/26/2022 11:49:21 AM",9.816,29.391,49.474,78.21,71321.2,1032.886,32.844,0.031,0.031,0,8.31,96.009,5.527,134.832,0,5.54,5.543,NA,31
"5/26/2022 11:49:21 AM",9.718,29.391,49.478,78.215,71325.4,1032.888,32.846,0.031,0.031,0.044,8.309,96.049,5.53,126.931,0,5.542,5.546,NA,31
"5/26/2022 11:49:21 AM",9.557,29.391,49.482,78.221,71330.4,1032.89,32.849,0.031,0.031,0.029,8.307,95.973,5.525,120.219,0,5.538,5.541,NA,31
"5/26/2022 11:49:22 AM",9.456,29.391,49.479,78.217,71327.2,1032.888,32.848,0.023,0.023,0.073,8.303,96.159,5.537,118.859,0,5.549,5.552,NA,31
"5/26/2022 11:49:22 AM",9.385,29.391,49.478,78.216,71326,1032.887,32.847,0.031,0.031,0.044,8.303,96.182,5.538,119.029,0,5.551,5.554,NA,31
"5/26/2022 11:49:22 AM",9.339,29.391,49.478,78.216,71326,1032.886,32.847,0.039,0.039,0.044,8.303,96.094,5.534,119.794,0,5.546,5.549,NA,31
"5/26/2022 11:49:22 AM",9.272,29.392,49.48,78.219,71327.8,1032.887,32.848,0.039,0.039,0.044,8.306,96.203,5.54,118.435,0,5.553,5.556,NA,31
"5/26/2022 11:49:22 AM",9.098,29.391,49.482,78.221,71331,1032.889,32.85,0.039,0.039,0,8.306,96.12,5.537,117.755,0,5.549,5.552,NA,31
"5/26/2022 11:49:23 AM",8.972,29.391,49.485,78.226,71334.3,1032.89,32.852,0.039,0.039,0,8.305,96.116,5.536,117.67,0,5.549,5.552,NA,31
"5/26/2022 11:49:23 AM",8.866,29.391,49.484,78.224,71332.8,1032.889,32.851,0.039,0.039,0.044,8.306,96.103,5.536,119.539,0,5.548,5.552,NA,31
"5/26/2022 11:49:23 AM",8.802,29.39,49.486,78.226,71335.6,1032.89,32.853,0.039,0.039,0.058,8.307,96.17,5.54,123.022,0,5.552,5.556,NA,31
"5/26/2022 11:49:23 AM",8.767,29.391,49.486,78.226,71335.8,1032.89,32.853,0.039,0.039,0.044,8.306,96.165,5.54,123.447,0,5.552,5.556,NA,31
"5/26/2022 11:49:23 AM",8.736,29.39,49.487,78.227,71337.1,1032.891,32.854,0.039,0.039,0.029,8.308,96.195,5.542,121.493,0,5.554,5.558,NA,31
"5/26/2022 11:49:24 AM",8.731,29.391,49.488,78.229,71337.6,1032.891,32.854,0.031,0.031,0.015,8.309,96.202,5.541,119.709,0,5.554,5.557,NA,31
"5/26/2022 11:49:24 AM",8.727,29.392,49.489,78.231,71338.8,1032.892,32.854,0.031,0.031,0.015,8.308,96.271,5.545,118.944,0,5.558,5.561,NA,31
"5/26/2022 11:49:24 AM",8.717,29.392,49.487,78.23,71337,1032.89,32.853,0.023,0.023,0,8.307,96.182,5.541,118.265,0,5.553,5.557,NA,31
"5/26/2022 11:49:24 AM",8.677,29.392,49.489,78.233,71339.2,1032.891,32.855,0.047,0.047,0,8.31,96.236,5.544,117.33,0,5.557,5.56,NA,31
"5/26/2022 11:49:24 AM",8.619,29.393,49.49,78.234,71339.7,1032.891,32.855,0.039,0.039,0.015,8.311,96.058,5.534,115.461,0,5.547,5.55,NA,31
"5/26/2022 11:49:25 AM",8.503,29.393,49.491,78.236,71341.8,1032.892,32.856,0.047,0.047,0.029,8.31,96.123,5.537,113.252,0,5.55,5.553,NA,31
"5/26/2022 11:49:25 AM",8.32,29.393,49.494,78.24,71345.4,1032.894,32.858,0.055,0.055,0.029,8.308,96.103,5.536,111.893,0,5.549,5.552,NA,31
"5/26/2022 11:49:25 AM",8.115,29.392,49.495,78.24,71346,1032.893,32.859,0.039,0.039,0.058,8.303,96.066,5.534,111.468,0,5.547,5.55,NA,31
"5/26/2022 11:49:25 AM",7.866,29.392,49.498,78.244,71349.3,1032.894,32.861,0.039,0.039,0.015,8.3,96.146,5.539,111.468,0,5.552,5.555,NA,31
"5/26/2022 11:49:25 AM",7.778,29.393,49.498,78.244,71349.2,1032.894,32.861,0.047,0.047,0.015,8.301,96.069,5.535,110.193,0,5.548,5.551,NA,31
"5/26/2022 11:49:26 AM",7.738,29.393,49.498,78.244,71349.4,1032.894,32.861,0.047,0.047,0.029,8.303,96.267,5.546,108.239,0,5.559,5.562,NA,31
"5/26/2022 11:49:26 AM",7.726,29.394,49.499,78.247,71350.3,1032.894,32.861,0.031,0.031,0.044,8.305,96.11,5.537,107.39,0,5.55,5.553,NA,31
"5/26/2022 11:49:26 AM",7.71,29.394,49.499,78.249,71351.4,1032.894,32.862,0.023,0.023,0.029,8.305,96.207,5.543,106.115,0,5.556,5.559,NA,31
"5/26/2022 11:49:26 AM",7.727,29.396,49.5,78.253,71351.7,1032.894,32.861,0.031,0.031,0.015,8.306,96.199,5.543,106.37,0,5.556,5.559,NA,31
"5/26/2022 11:49:27 AM",7.733,29.396,49.501,78.254,71353.5,1032.895,32.863,0.031,0.031,0.015,8.307,96.232,5.545,107.39,0,5.558,5.561,NA,31
"5/26/2022 11:49:27 AM",7.68,29.397,49.503,78.258,71355.7,1032.896,32.864,0.031,0.031,0.029,8.309,96.228,5.545,107.984,0,5.558,5.561,NA,31
"5/26/2022 11:49:27 AM",7.613,29.398,49.504,78.26,71356,1032.896,32.864,0.016,0.016,0,8.309,96.266,5.547,108.069,0,5.56,5.563,NA,31
"5/26/2022 11:49:27 AM",7.522,29.399,49.505,78.263,71357.1,1032.896,32.864,0.047,0.047,0.044,8.309,96.181,5.542,106.88,0,5.555,5.558,NA,31
"5/26/2022 11:49:27 AM",7.479,29.4,49.507,78.268,71360.6,1032.898,32.866,0.023,0.023,0.029,8.308,96.226,5.544,106.455,0,5.557,5.56,NA,31
"5/26/2022 11:49:28 AM",7.46,29.401,49.508,78.27,71360.7,1032.897,32.866,0.039,0.039,0.029,8.308,96.105,5.537,106.03,0,5.55,5.553,NA,31
"5/26/2022 11:49:28 AM",7.475,29.4,49.508,78.269,71360.7,1032.898,32.866,0.039,0.039,0.044,8.309,96.258,5.546,104.756,0,5.558,5.562,NA,31
"5/26/2022 11:49:28 AM",7.506,29.401,49.509,78.271,71361.9,1032.898,32.866,0.039,0.039,0,8.311,96.279,5.547,103.651,0,5.56,5.563,NA,31
"5/26/2022 11:49:28 AM",7.515,29.402,49.509,78.273,71362.1,1032.898,32.866,0.047,0.047,0.029,8.312,96.21,5.544,102.717,0,5.556,5.56,NA,31
"5/26/2022 11:49:28 AM",7.487,29.401,49.51,78.273,71363.1,1032.899,32.867,0.047,0.047,0.029,8.312,96.16,5.541,102.037,0,5.553,5.557,NA,31
"5/26/2022 11:49:29 AM",7.428,29.402,49.509,78.273,71361.7,1032.897,32.866,0.031,0.031,0.044,8.312,96.245,5.546,100.423,0,5.558,5.562,NA,31
"5/26/2022 11:49:29 AM",7.331,29.403,49.51,78.276,71363.9,1032.898,32.867,0.039,0.039,0,8.311,96.206,5.545,98.299,0,5.557,5.561,NA,31
"5/26/2022 11:49:29 AM",7.16,29.402,49.513,78.278,71366.6,1032.899,32.869,0.039,0.039,0.029,8.309,96.241,5.546,95.495,0,5.558,5.562,NA,31
"5/26/2022 11:49:29 AM",7.073,29.402,49.512,78.277,71365.8,1032.898,32.868,0.047,0.047,0.029,8.309,96.21,5.544,95.24,0,5.557,5.56,NA,31
"5/26/2022 11:49:29 AM",7,29.401,49.515,78.28,71370,1032.901,32.871,0.039,0.039,0.029,8.309,96.204,5.544,96.685,0,5.557,5.56,NA,31
"5/26/2022 11:49:30 AM",6.912,29.402,49.517,78.283,71371.6,1032.902,32.872,0.039,0.039,0.015,8.31,96.217,5.544,98.639,0,5.557,5.56,NA,31
"5/26/2022 11:49:30 AM",6.816,29.403,49.515,78.283,71369.4,1032.899,32.87,0.023,0.023,0,8.31,96.125,5.539,99.234,0,5.552,5.555,NA,31
"5/26/2022 11:49:30 AM",6.653,29.403,49.517,78.285,71371.8,1032.9,32.872,0.023,0.023,0.015,8.311,96.086,5.537,99.234,0,5.549,5.553,NA,31
"5/26/2022 11:49:30 AM",6.552,29.404,49.521,78.292,71376.3,1032.902,32.874,0.031,0.031,0,8.309,96.094,5.538,100.763,0,5.55,5.554,NA,31
"5/26/2022 11:49:30 AM",6.474,29.407,49.52,78.295,71375.4,1032.901,32.873,0.031,0.031,0,8.308,96.228,5.545,103.057,0,5.558,5.561,NA,31
"5/26/2022 11:49:31 AM",6.404,29.409,49.52,78.298,71374.7,1032.899,32.872,0.039,0.039,0.029,8.309,96.279,5.548,105.181,0,5.561,5.564,NA,31
"5/26/2022 11:49:31 AM",6.287,29.41,49.52,78.3,71374.7,1032.898,32.872,0.039,0.039,0.058,8.312,96.184,5.542,107.56,0,5.555,5.558,NA,31
"5/26/2022 11:49:31 AM",6.202,29.411,49.523,78.304,71377.8,1032.9,32.874,0.047,0.047,0.029,8.31,96.116,5.539,108.579,0,5.551,5.555,NA,31
"5/26/2022 11:49:31 AM",6.112,29.413,49.525,78.31,71380.9,1032.901,32.875,0.039,0.039,0.015,8.312,96.188,5.543,108.324,0,5.556,5.559,NA,31
"5/26/2022 11:49:31 AM",6.025,29.416,49.527,78.317,71382.3,1032.9,32.875,0.031,0.031,0.015,8.311,96.353,5.553,108.154,0,5.566,5.569,NA,31
"5/26/2022 11:49:32 AM",5.948,29.421,49.528,78.326,71383.4,1032.899,32.874,0.031,0.031,0.044,8.31,96.24,5.546,106.71,0,5.559,5.562,NA,31
"5/26/2022 11:49:32 AM",5.835,29.425,49.527,78.33,71380.6,1032.896,32.871,0.047,0.047,0,8.311,96.249,5.545,105.436,0,5.558,5.561,NA,31
"5/26/2022 11:49:32 AM",5.754,29.428,49.527,78.334,71380.8,1032.895,32.871,0.031,0.031,0.015,8.312,96.224,5.545,104.586,0,5.557,5.561,NA,31
"5/26/2022 11:49:32 AM",5.675,29.431,49.525,78.335,71377.9,1032.892,32.868,0.039,0.039,0,8.312,96.254,5.547,103.906,0,5.559,5.563,NA,31
"5/26/2022 11:49:32 AM",5.585,29.431,49.527,78.339,71380.3,1032.893,32.869,0.031,0.031,0.015,8.312,96.272,5.548,102.462,0,5.56,5.564,NA,31
"5/26/2022 11:49:33 AM",5.488,29.431,49.529,78.341,71382.8,1032.895,32.871,0.047,0.047,0,8.312,96.351,5.552,100.933,0,5.564,5.568,NA,31
"5/26/2022 11:49:33 AM",5.331,29.428,49.527,78.335,71380.6,1032.893,32.871,0.031,0.031,0.015,8.313,96.282,5.548,99.234,0,5.561,5.564,NA,31
"5/26/2022 11:49:33 AM",5.244,29.428,49.529,78.337,71382.6,1032.894,32.872,0.031,0.031,0.029,8.313,96.28,5.548,99.403,0,5.56,5.564,NA,31
"5/26/2022 11:49:33 AM",5.19,29.428,49.532,78.34,71386.3,1032.896,32.874,0.031,0.031,0,8.313,96.13,5.538,100.933,0,5.551,5.554,NA,31
"5/26/2022 11:49:33 AM",5.124,29.428,49.539,78.35,71395.1,1032.901,32.879,0.031,0.031,0.044,8.313,96.118,5.537,103.057,0,5.55,5.553,NA,31
"5/26/2022 11:49:34 AM",5.039,29.431,49.537,78.351,71392.4,1032.899,32.877,0.031,0.031,0.044,8.313,96.154,5.539,103.397,0,5.552,5.555,NA,31
"5/26/2022 11:49:34 AM",4.901,29.433,49.537,78.354,71391.9,1032.897,32.876,0.023,0.023,0.044,8.313,96.161,5.541,103.566,0,5.553,5.557,NA,31
"5/26/2022 11:49:34 AM",4.823,29.433,49.538,78.356,71393.2,1032.898,32.877,0.031,0.031,0.015,8.314,96.333,5.551,105.945,0,5.564,5.567,NA,31
"5/26/2022 11:49:34 AM",4.74,29.434,49.538,78.357,71392.7,1032.897,32.876,0.039,0.039,0.029,8.314,96.255,5.546,109.769,0,5.559,5.562,NA,31
"5/26/2022 11:49:34 AM",4.635,29.435,49.54,78.362,71395.7,1032.898,32.878,0.039,0.039,0.015,8.314,96.131,5.539,110.448,0,5.552,5.555,NA,31
"5/26/2022 11:49:35 AM",4.448,29.436,49.539,78.362,71393.9,1032.896,32.877,0.039,0.039,0.029,8.314,96.123,5.539,109.174,0,5.552,5.555,NA,31
"5/26/2022 11:49:35 AM",4.335,29.437,49.541,78.365,71395.9,1032.896,32.878,0.039,0.039,0.029,8.314,96.221,5.545,107.39,0,5.557,5.561,NA,31
"5/26/2022 11:49:35 AM",4.239,29.44,49.547,78.379,71403.4,1032.899,32.881,0.039,0.039,0.029,8.314,96.299,5.55,107.73,0,5.562,5.566,NA,31
"5/26/2022 11:49:35 AM",4.155,29.447,49.542,78.381,71396.3,1032.893,32.875,0.039,0.039,0.029,8.314,96.349,5.553,107.39,0,5.566,5.569,NA,31
"5/26/2022 11:49:35 AM",4.082,29.451,49.539,78.383,71392.4,1032.889,32.872,0.023,0.023,0.029,8.313,96.314,5.55,108.239,0,5.563,5.566,NA,31
"5/26/2022 11:49:36 AM",3.997,29.456,49.54,78.391,71392.7,1032.888,32.871,0.031,0.031,0.029,8.314,96.293,5.549,112.912,0,5.562,5.565,NA,31
"5/26/2022 11:49:36 AM",3.964,29.457,49.539,78.391,71390.7,1032.886,32.869,0.031,0.031,0.015,8.314,96.402,5.555,115.631,0,5.568,5.571,NA,31
"5/26/2022 11:49:36 AM",3.94,29.457,49.541,78.395,71394.2,1032.888,32.871,0.016,0.016,0.015,8.314,96.27,5.547,117.245,0,5.56,5.563,NA,31
"5/26/2022 11:49:36 AM",3.912,29.457,49.539,78.392,71391.2,1032.886,32.869,0.039,0.039,0.029,8.315,96.339,5.551,117.5,0,5.564,5.567,NA,31
"5/26/2022 11:49:36 AM",3.874,29.458,49.539,78.393,71391.7,1032.886,32.869,0.031,0.031,0.015,8.314,96.273,5.548,117.33,0,5.561,5.564,NA,31
"5/26/2022 11:49:37 AM",3.849,29.458,49.542,78.397,71394.8,1032.888,32.871,0.023,0.023,0.029,8.314,96.282,5.548,118.01,0,5.561,5.564,NA,31
"5/26/2022 11:49:37 AM",3.783,29.46,49.543,78.401,71396.2,1032.888,32.872,0.031,0.031,0,8.314,96.266,5.546,116.99,0,5.559,5.562,NA,31
"5/26/2022 11:49:37 AM",3.682,29.459,49.541,78.397,71393.8,1032.886,32.87,0.031,0.031,0.015,8.314,96.33,5.55,114.951,0,5.563,5.566,NA,31
"5/26/2022 11:49:37 AM",3.552,29.459,49.546,78.403,71399.3,1032.889,32.874,0.039,0.039,0,8.314,96.362,5.553,110.873,0,5.566,5.569,NA,31
"5/26/2022 11:49:38 AM",3.361,29.46,49.544,78.402,71396.3,1032.886,32.872,0.016,0.016,0.044,8.312,96.252,5.547,107.22,0,5.56,5.563,NA,31
"5/26/2022 11:49:38 AM",3.239,29.461,49.546,78.406,71399.1,1032.887,32.873,0.016,0.016,0.015,8.312,96.299,5.55,122.173,0,5.563,5.566,NA,31
"5/26/2022 11:49:38 AM",3.142,29.462,49.545,78.406,71397.6,1032.885,32.872,0.016,0.016,0,8.311,96.234,5.545,140.354,0,5.558,5.561,NA,31
"5/26/2022 11:49:38 AM",3.063,29.462,49.544,78.405,71396.7,1032.885,32.872,0.023,0.023,0,8.311,96.272,5.547,148.85,0,5.56,5.563,NA,31
"5/26/2022 11:49:38 AM",2.987,29.463,49.545,78.408,71397.8,1032.885,32.872,0.047,0.047,0.044,8.311,96.398,5.555,148.001,0,5.568,5.571,NA,31
"5/26/2022 11:49:39 AM",2.947,29.464,49.545,78.41,71397.8,1032.884,32.872,0.039,0.039,0.015,8.312,96.438,5.558,150.889,0,5.571,5.574,NA,31
"5/26/2022 11:49:39 AM",2.907,29.465,49.543,78.407,71394.4,1032.882,32.869,0.016,0.016,0.029,8.312,96.32,5.551,157.431,0,5.564,5.567,NA,31
"5/26/2022 11:49:39 AM",2.874,29.464,49.546,78.411,71398.4,1032.884,32.872,0.016,0.016,0.015,8.312,96.272,5.547,156.497,0,5.56,5.563,NA,31
"5/26/2022 11:49:39 AM",2.848,29.464,49.548,78.413,71400.9,1032.886,32.874,0.031,0.031,0.015,8.311,96.354,5.552,164.228,0,5.564,5.568,NA,31
"5/26/2022 11:49:39 AM",2.846,29.469,49.545,78.417,71396.4,1032.881,32.869,0.031,0.031,0.015,8.313,96.293,5.549,191.925,0,5.561,5.565,NA,31
"5/26/2022 11:49:40 AM",2.865,29.471,49.546,78.42,71397.3,1032.882,32.869,0.023,0.023,0.058,8.313,96.297,5.548,191.415,0,5.56,5.564,NA,31
"5/26/2022 11:49:40 AM",2.869,29.471,49.545,78.42,71397.1,1032.881,32.869,0.023,0.023,0.029,8.313,96.201,5.543,191.585,0,5.555,5.559,NA,31
"5/26/2022 11:49:40 AM",2.816,29.472,49.543,78.418,71393.9,1032.879,32.867,0.031,0.031,0.029,8.314,96.347,5.551,190.141,0,5.564,5.567,NA,31
"5/26/2022 11:49:40 AM",2.736,29.472,49.542,78.416,71392.5,1032.878,32.866,0.016,0.016,0.015,8.314,96.357,5.552,197.363,0,5.565,5.568,NA,31
"5/26/2022 11:49:40 AM",2.538,29.469,49.548,78.42,71400.1,1032.883,32.872,0.016,0.016,0.029,8.313,96.295,5.548,204.414,0,5.561,5.564,NA,31
"5/26/2022 11:49:41 AM",2.392,29.469,49.549,78.422,71400.9,1032.882,32.872,0.023,0.023,0.058,8.313,96.276,5.548,198.637,0,5.561,5.564,NA,31
"5/26/2022 11:49:41 AM",2.234,29.47,49.549,78.423,71401.5,1032.882,32.872,0.031,0.031,0.044,8.313,96.365,5.553,178.247,0,5.566,5.569,NA,31
"5/26/2022 11:49:41 AM",2.074,29.473,49.549,78.427,71400.7,1032.88,32.871,0.031,0.031,0.029,8.313,96.283,5.549,161.254,0,5.561,5.565,NA,31
"5/26/2022 11:49:41 AM",1.862,29.479,49.549,78.435,71400.2,1032.877,32.869,0.031,0.031,0.029,8.313,96.356,5.553,151.909,0,5.565,5.569,NA,31
"5/26/2022 11:49:41 AM",1.764,29.481,49.549,78.439,71400.3,1032.876,32.869,0.023,0.023,0,8.313,96.268,5.548,154.628,0,5.561,5.564,NA,31
"5/26/2022 11:49:42 AM",1.702,29.483,49.55,78.443,71400.5,1032.876,32.868,0.031,0.031,0.015,8.313,96.226,5.545,167.711,0,5.558,5.561,NA,31
"5/26/2022 11:49:42 AM",1.636,29.485,49.546,78.439,71394.9,1032.871,32.864,0.023,0.023,0,8.313,96.41,5.556,173.234,0,5.569,5.572,NA,31
"5/26/2022 11:49:42 AM",1.615,29.484,49.545,78.438,71394.5,1032.871,32.864,0.031,0.031,0.015,8.313,96.189,5.544,179.776,0,5.556,5.56,NA,31
"5/26/2022 11:49:42 AM",1.606,29.487,49.544,78.439,71392.2,1032.869,32.862,0.016,0.016,0,8.313,96.345,5.551,218.178,0,5.564,5.568,NA,31
"5/26/2022 11:49:42 AM",1.622,29.487,49.545,78.442,71393.7,1032.87,32.863,0.023,0.023,0.015,8.312,96.366,5.553,239.588,0,5.566,5.569,NA,31
"5/26/2022 11:49:43 AM",1.606,29.488,49.546,78.444,71395.3,1032.871,32.864,0,0,0,8.312,96.348,5.552,250.038,0,5.565,5.568,NA,31
"5/26/2022 11:49:43 AM",1.547,29.488,49.547,78.444,71395.8,1032.871,32.864,0.016,0.016,0,8.313,96.474,5.559,241.372,0,5.572,5.575,NA,31
"5/26/2022 11:49:43 AM",1.448,29.487,49.547,78.445,71396.5,1032.871,32.865,0.016,0.016,0,8.313,96.286,5.549,249.868,0,5.561,5.565,NA,31
"5/26/2022 11:49:43 AM",1.39,29.487,49.546,78.443,71394.9,1032.87,32.864,0.008,0.008,0,8.313,96.409,5.556,261.083,0,5.569,5.572,NA,31
"5/26/2022 11:49:43 AM",1.323,29.487,49.547,78.445,71396.8,1032.871,32.865,0.023,0.023,0,8.313,96.411,5.556,299.825,0,5.569,5.572,NA,31
"5/26/2022 11:49:44 AM",1.283,29.487,49.545,78.441,71394.2,1032.869,32.864,0.031,0.031,0.029,8.313,96.399,5.556,331.43,0,5.569,5.572,NA,31
"5/26/2022 11:49:44 AM",1.206,29.486,49.544,78.438,71392.4,1032.868,32.863,0.031,0.031,0.058,8.313,96.293,5.549,350.376,0,5.562,5.565,NA,31
"5/26/2022 11:49:44 AM",1.119,29.486,49.545,78.44,71394.5,1032.869,32.864,0.008,0.008,0,8.313,96.365,5.554,485.208,0,5.567,5.57,NA,31
"5/26/2022 11:49:44 AM",1.062,29.485,49.543,78.436,71391.3,1032.867,32.862,0.008,0.008,0,8.313,96.506,5.561,622.418,0,5.574,5.577,NA,31
"5/26/2022 11:49:44 AM",0.966,29.485,49.546,78.44,71395.3,1032.869,32.865,0.008,0.008,0,8.312,96.496,5.561,566.77,0,5.574,5.577,NA,31
"5/26/2022 11:49:45 AM",0.876,29.484,49.549,78.443,71398.7,1032.871,32.867,0,0,0,8.312,96.32,5.55,443.662,0,5.562,5.566,NA,31
"5/26/2022 11:49:45 AM",0.73,29.492,49.544,78.446,71391.3,1032.864,32.861,0.062,0.062,0.102,8.312,96.26,5.547,252.587,0,5.56,5.563,NA,31
"5/26/2022 11:49:45 AM",0.671,29.497,49.535,78.441,71379.8,1032.855,32.852,0.062,0.062,0.073,8.312,96.336,5.552,130.159,0,5.565,5.568,NA,31
"5/26/2022 11:49:45 AM",0.611,29.499,49.54,78.452,71386.4,1032.858,32.856,0.117,0.117,0.262,8.312,96.437,5.557,68.393,0,5.57,5.573,NA,31
"5/26/2022 11:49:45 AM",0.589,29.503,49.532,78.445,71375,1032.85,32.848,0.094,0.094,0.175,8.312,96.44,5.558,58.368,0,5.571,5.574,NA,31
"5/26/2022 11:49:46 AM",0.566,29.505,49.525,78.438,71365.7,1032.844,32.842,0.07,0.07,0.131,8.312,96.504,5.562,66.184,0,5.575,5.578,NA,31
"5/26/2022 11:49:46 AM",0.545,29.506,49.521,78.435,71361,1032.841,32.838,0.023,0.023,0.029,8.312,96.489,5.561,62.786,0,5.574,5.577,NA,31
"5/26/2022 11:49:46 AM",0.545,29.506,49.572,78.504,71424.6,1032.879,32.877,0,0,0,8.313,96.333,5.55,66.439,0,5.563,5.566,NA,31
"5/26/2022 11:49:46 AM",0.575,29.544,49.544,78.521,71385,1032.845,32.842,0,0,0,8.31,96.41,5.555,118.519,0,5.568,5.571,NA,31
"5/26/2022 11:49:46 AM",0.618,29.576,49.511,78.523,71340.5,1032.809,32.806,0,0,0,8.309,96.46,5.559,380.962,0,5.572,5.575,NA,31
"5/26/2022 11:49:47 AM",0.564,29.577,49.52,78.537,71351.7,1032.815,32.813,0.016,0.016,0.131,8.308,96.61,5.567,1126.657,0,5.58,5.583,NA,31
"5/26/2022 11:49:47 AM",0.451,29.567,49.471,78.454,71291.1,1032.781,32.779,0.133,0.133,0.073,8.308,96.419,5.557,1341.012,0,5.57,5.573,NA,31
"5/26/2022 11:49:47 AM",0.344,29.562,49.465,78.439,71284.2,1032.777,32.776,0.047,0.047,0,8.308,96.6,5.568,1121.9,0,5.58,5.584,NA,31
"5/26/2022 11:49:47 AM",0.226,29.539,49.484,78.432,71310.7,1032.8,32.799,0.062,0.062,0.131,8.309,96.336,5.552,1408.3,0,5.564,5.568,NA,31
"5/26/2022 11:49:48 AM",0.142,29.521,49.501,78.43,71334.5,1032.819,32.818,0,0,0,8.308,96.313,5.55,1320.367,0,5.563,5.566,NA,31
"5/26/2022 11:49:48 AM",0.068,29.508,49.51,78.422,71346.5,1032.829,32.829,0.016,0.016,0.029,8.309,96.283,5.548,1396.491,0,5.561,5.564,NA,31
"5/26/2022 11:49:48 AM",0.031,29.505,49.514,78.424,71352.4,1032.834,32.834,0,0,0,8.309,96.214,5.545,1563.268,0,5.557,5.561,NA,31
"5/26/2022 11:49:48 AM",0,29.509,49.512,78.426,71348.9,1032.83,32.83,0,0,0,8.31,96.352,5.554,1645.679,0,5.567,5.57,NA,31
"5/26/2022 11:49:48 AM",0,29.509,49.5,78.411,71334.6,1032.821,32.822,0.039,0.039,0.015,8.31,96.381,5.555,1214.676,0,5.568,5.571,NA,31
"5/26/2022 11:49:49 AM",0,29.511,49.491,78.4,71322.1,1032.813,32.814,0,0,0,8.309,96.436,5.559,1600.65,0,5.572,5.575,NA,31
"5/26/2022 11:49:49 AM",0,29.513,17.951,31.734,28867.9,1009.156,9.157,0,0,0,8.309,96.261,6.6,1792.151,0,6.62,6.62,NA,31
"5/26/2022 11:49:49 AM",0,29.512,1.768,3.693,3359.7,997.118,0,311.109,311.109,129.224,8.308,96.456,7.23,1847.375,0,7.251,7.251,NA,31
"5/26/2022 11:49:49 AM",0,29.517,1.18,2.519,2291.1,996.677,0,439.159,439.159,165.141,8.307,96.48,7.254,1881.019,0,7.275,7.275,NA,31
"5/26/2022 11:49:49 AM",0,29.52,0.922,1.992,1811.5,996.483,0,386.348,386.348,0,8.304,96.192,7.242,1912.539,0,7.263,7.263,NA,31
"5/26/2022 11:49:50 AM",0,29.522,0.795,1.73,1573.3,996.388,0,38.848,38.848,8.562,8.298,96.465,7.266,1886.966,0,7.287,7.287,NA,31
"5/26/2022 11:49:50 AM",0,29.531,0.726,1.586,1442.1,996.333,0,112.448,112.448,306.746,8.297,96.475,7.269,1890.959,0,7.29,7.29,NA,31
"5/26/2022 11:49:50 AM",0,29.51,0.668,1.463,1330.7,996.296,0,111.941,111.941,250.004,8.296,96.482,7.271,1886.881,0,7.292,7.292,NA,31
"5/26/2022 11:49:50 AM",0,29.621,0.628,1.381,1253.7,996.233,0,14.525,14.525,14.647,8.297,96.504,7.273,1895.292,0,7.294,7.294,NA,31
"5/26/2022 11:49:50 AM",0,29.855,0.589,1.305,1179.1,996.134,0,5.968,5.968,0,8.296,96.669,7.286,1819.848,0,7.307,7.307,NA,31
"5/26/2022 11:49:51 AM",0,29.796,0.526,1.169,1057.2,996.104,0,123.088,123.088,108.189,8.296,96.869,7.303,1927.662,0,7.324,7.324,NA,31
"5/26/2022 11:49:51 AM",0,29.703,0.511,1.135,1028.3,996.121,0,45.642,45.642,20.643,8.295,96.82,7.299,1981.357,0,7.32,7.32,NA,31
"5/26/2022 11:49:51 AM",0,29.673,0.495,1.1,997.1,996.118,0,10.523,10.523,2.39,8.294,96.378,7.265,1944.484,0,7.286,7.286,NA,31
"5/26/2022 11:49:51 AM",0,29.698,0.476,1.06,961,996.096,0,9.689,9.689,46.181,8.292,96.292,7.259,1938.282,0,7.28,7.28,NA,31
"5/26/2022 11:49:51 AM",0,29.81,0.433,0.97,877,996.031,0,195.463,195.463,189.149,8.291,96.273,7.258,1996.65,0,7.279,7.279,NA,31
"5/26/2022 11:49:52 AM",0,29.857,0.426,0.956,863.6,996.011,0,42.584,42.584,23.667,8.289,96.352,7.264,1974.475,0,7.285,7.285,NA,31
"5/26/2022 11:49:52 AM",0,29.91,0.416,0.933,842.2,995.987,0,11.709,11.709,4.77,8.288,96.193,7.251,1877.451,0,7.272,7.272,NA,31
"5/26/2022 11:49:52 AM",0,29.93,0.4,0.9,811.8,995.97,0,4.618,4.618,0,8.287,96.328,7.262,1783.825,0,7.283,7.283,NA,31
"5/26/2022 11:49:52 AM",0,30.017,0.383,0.865,778.9,995.931,0,0,0,2.682,8.286,96.376,7.265,1957.313,0,7.286,7.286,NA,31
"5/26/2022 11:49:52 AM",0,30.098,0.366,0.829,745.1,995.893,0,1.942,1.942,0,8.285,96.465,7.271,1919.166,0,7.292,7.292,NA,31
"5/26/2022 11:49:53 AM",0,30.032,0.365,0.825,742.4,995.912,0,0.702,0.702,3.441,8.284,96.238,7.253,1854.087,0,7.274,7.274,NA,31
"5/26/2022 11:49:53 AM",0,29.844,0.362,0.816,737,995.967,0,6.849,6.849,0,8.283,95.956,7.231,1754.598,0,7.252,7.252,NA,31
"5/26/2022 11:49:53 AM",0,29.509,0.362,0.81,737,996.067,0,6.646,6.646,4.186,8.285,95.919,7.228,1740.495,0,7.249,7.249,NA,31
"5/26/2022 11:49:53 AM",0,29.293,0.353,0.788,720.2,996.125,0,0,0,0,8.286,95.744,7.215,1726.222,0,7.236,7.236,NA,31
"5/26/2022 11:49:53 AM",0,29.072,0.347,0.772,708.4,996.186,0,0,0,0,8.285,95.255,7.178,1286.722,0,7.199,7.199,NA,31
"5/26/2022 11:49:54 AM",0,28.885,0.373,0.824,758.9,996.26,0,0,0,0,8.283,94.895,7.15,1000.152,0,7.171,7.171,NA,31
"5/26/2022 11:49:54 AM",0,28.719,0.41,0.901,833,996.336,0,0,0,0,8.28,94.524,7.121,872.796,0,7.141,7.141,NA,31
"5/26/2022 11:49:54 AM",0,28.545,0.451,0.984,912.4,996.417,0,0,0,0,8.278,93.923,7.075,801.09,0,7.095,7.095,NA,31
"5/26/2022 11:49:54 AM",0,28.223,0.434,0.942,879.6,996.497,0,0,0,0,8.275,93.484,7.045,970.84,0,7.065,7.065,NA,31
"5/26/2022 11:49:54 AM",0,28.105,0.37,0.806,754.5,996.483,0,0,0,0,8.272,93.191,7.027,1464.034,0,7.047,7.048,NA,31
"5/26/2022 11:49:55 AM",0,27.999,0.351,0.764,717.2,996.499,0,0.14,0.14,0,8.269,93.306,7.039,1733.358,0,7.059,7.059,NA,31
"5/26/2022 11:49:55 AM",0,27.906,0.348,0.756,710.2,996.523,0,1.833,1.833,0,8.266,93.734,7.073,898.199,0,7.093,7.093,NA,31
"5/26/2022 11:49:55 AM",0,27.837,0.361,0.782,736.5,996.553,0,0,0,0,8.262,93.853,7.082,738.559,0,7.102,7.103,NA,31
"5/26/2022 11:49:55 AM",0,27.786,0.334,0.724,682.2,996.546,0,0,0,0,8.26,94.307,7.118,706.529,0,7.139,7.139,NA,31
"5/26/2022 11:49:55 AM",0,27.871,0.355,0.771,725.3,996.539,0,3.869,3.869,8.796,8.259,94.344,7.121,700.412,0,7.141,7.142,NA,31
"5/26/2022 11:49:56 AM",0,30.072,2.273,4.73,4254.7,997.325,0,0,0,19.104,8.285,97.589,7.271,663.114,0,7.293,7.292,NA,31
"5/26/2022 11:49:56 AM",0,31.666,2.248,4.823,4206,996.81,0,1.443,1.443,13.395,8.359,99.294,7.361,785.542,0,7.383,7.383,NA,31
"5/26/2022 11:49:56 AM",0,32.146,2.122,4.608,3981.6,996.562,0,2.091,2.091,11.601,8.439,98.576,7.264,1561.399,0,7.285,7.284,NA,31
"5/26/2022 11:49:56 AM",0,32.222,1.947,4.256,3672.3,996.408,0,1.903,1.903,11.512,8.502,97.76,7.184,1221.388,0,7.205,7.205,NA,31
"5/26/2022 11:49:56 AM",0,32.231,2.018,4.403,3798.5,996.457,0,1.802,1.802,10.587,8.554,97.368,7.133,696.079,0,7.154,7.154,NA,31
"5/26/2022 11:49:57 AM",0,32.195,1.908,4.174,3603.2,996.387,0,1.693,1.693,10.337,8.591,97.172,7.11,608.91,0,7.13,7.13,NA,31
"5/26/2022 11:49:57 AM",0,32.191,1.93,4.217,3641.1,996.404,0,1.693,1.693,9.823,8.621,96.817,7.07,1266.587,0,7.09,7.09,NA,31
"5/26/2022 11:49:57 AM",0,32.187,1.936,4.23,3652.9,996.411,0,1.646,1.646,9.897,8.634,96.442,7.036,1554.772,0,7.057,7.057,NA,31
"5/26/2022 11:49:57 AM",0,32.168,1.913,4.182,3612.3,996.4,0,1.919,1.919,10.044,8.64,96.41,7.031,1549.08,0,7.051,7.051,NA,31
"5/26/2022 11:49:58 AM",0,32.182,1.909,4.174,3604.7,996.392,0,1.545,1.545,10.411,8.65,96.424,7.03,944.673,0,7.05,7.05,NA,31
"5/26/2022 11:49:58 AM",0,32.161,1.897,4.147,3582.5,996.39,0,1.911,1.911,10.792,8.653,96.124,7.006,635.417,0,7.026,7.026,NA,31
"5/26/2022 11:49:58 AM",0,32.193,1.917,4.191,3618.5,996.394,0,2.247,2.247,11.424,8.662,95.974,6.992,478.071,0,7.012,7.012,NA,31
"5/26/2022 11:49:58 AM",0,32.207,1.911,4.179,3607.1,996.385,0,1.771,1.771,10.646,8.67,95.874,6.984,437.545,0,7.004,7.004,NA,31
"5/26/2022 11:49:58 AM",0,32.191,1.893,4.141,3575.6,996.377,0,2.161,2.161,10.69,8.673,95.794,6.978,415.795,0,6.998,6.998,NA,31
"5/26/2022 11:49:59 AM",0,32.174,1.862,4.077,3521.4,996.36,0,2.41,2.41,10.572,8.67,95.714,6.972,373.06,0,6.992,6.992,NA,31
"5/26/2022 11:49:59 AM",0,32.221,1.679,3.7,3193.2,996.209,0,3.019,3.019,12.321,8.7,95.623,6.969,313.503,0,6.989,6.988,NA,31
"5/26/2022 11:49:59 AM",0,32.221,1.581,3.495,3016,996.135,0,2.457,2.457,11.659,8.717,95.369,6.951,324.718,0,6.971,6.97,NA,31
"5/26/2022 11:49:59 AM",0,32.247,1.422,3.164,2728.6,996.009,0,2.348,2.348,11.219,8.726,95.382,6.955,349.271,0,6.975,6.975,NA,31
"5/26/2022 11:49:59 AM",0,32.252,1.426,3.172,2735.3,996.01,0,2.2,2.2,9.985,8.732,95.37,6.951,960.73,0,6.971,6.971,NA,31
"5/26/2022 11:50:00 AM",0,32.235,1.373,3.06,2640.2,995.976,0,1.373,1.373,9.163,8.737,95.362,6.945,1506.684,0,6.965,6.965,NA,31
"5/26/2022 11:50:00 AM",0,32.229,1.297,2.898,2500,995.921,0,1.311,1.311,9.383,8.747,95.5,6.955,1597.507,0,6.975,6.975,NA,31
"5/26/2022 11:50:00 AM",0,32.23,1.322,2.952,2547,995.94,0,1.295,1.295,9.427,8.747,95.348,6.942,1637.863,0,6.962,6.962,NA,31
"5/26/2022 11:50:00 AM",0,32.23,1.324,2.955,2549.2,995.941,0,1.513,1.513,9.647,8.741,95.267,6.934,1665.73,0,6.954,6.954,NA,31
"5/26/2022 11:50:00 AM",0,32.218,1.24,2.777,2396.5,995.883,0,1.513,1.513,10.367,8.739,95.227,6.933,1686.205,0,6.953,6.953,NA,31
"5/26/2022 11:50:01 AM",0,32.223,1.26,2.819,2432.7,995.896,0,1.95,1.95,10.646,8.729,95.183,6.928,1717.386,0,6.948,6.948,NA,31
"5/26/2022 11:50:01 AM",0,32.214,1.218,2.73,2356.2,995.868,0,2.122,2.122,10.587,8.724,95.126,6.924,1725.712,0,6.944,6.944,NA,31
"5/26/2022 11:50:01 AM",0,32.218,1.189,2.669,2303.4,995.845,0,2.223,2.223,12.145,8.72,95.256,6.935,1725.032,0,6.955,6.955,NA,31
"5/26/2022 11:50:01 AM",0,32.219,1.197,2.685,2317.3,995.85,0,1.693,1.693,11.086,8.714,95.22,6.931,1732.679,0,6.951,6.951,NA,31
"5/26/2022 11:50:01 AM",0,32.224,1.161,2.609,2251,995.822,0,2.122,2.122,11.057,8.706,95.156,6.928,1764.369,0,6.947,6.947,NA,31
"5/26/2022 11:50:02 AM",0,32.222,1.173,2.634,2272.5,995.831,0,1.646,1.646,10.22,8.701,95.322,6.939,1777.538,0,6.958,6.958,NA,31
"5/26/2022 11:50:02 AM",0,32.222,1.163,2.613,2254.6,995.824,0,1.958,1.958,10.91,8.694,95.278,6.936,1799.372,0,6.955,6.955,NA,31
"5/26/2022 11:50:02 AM",0,32.226,1.147,2.578,2224.5,995.81,0,2.169,2.169,10.352,8.689,95.335,6.94,1821.632,0,6.959,6.959,NA,31
"5/26/2022 11:50:02 AM",0,32.231,1.147,2.58,2225.6,995.809,0,1.763,1.763,10.484,8.686,95.221,6.93,1836.16,0,6.95,6.95,NA,31
"5/26/2022 11:50:02 AM",0,32.223,1.141,2.566,2214.5,995.807,0,2.005,2.005,10.411,8.68,95.3,6.936,1855.021,0,6.956,6.956,NA,31
"5/26/2022 11:50:03 AM",0,32.225,1.141,2.567,2214.7,995.807,0,2.137,2.137,11.821,8.677,95.041,6.917,1860.459,0,6.937,6.937,NA,31
"5/26/2022 11:50:03 AM",0,32.227,1.141,2.566,2214.1,995.806,0,2.317,2.317,11.483,8.673,95.258,6.933,1862.158,0,6.953,6.952,NA,31
"5/26/2022 11:50:03 AM",0,32.23,1.139,2.563,2211.2,995.804,0,2.145,2.145,11.336,8.667,95.227,6.93,1860.119,0,6.95,6.95,NA,31
"5/26/2022 11:50:03 AM",0,32.234,1.136,2.555,2204.6,995.8,0,1.997,1.997,10.572,8.661,95.042,6.917,1849.669,0,6.937,6.937,NA,31
"5/26/2022 11:50:03 AM",0,32.233,1.132,2.548,2198.5,995.798,0,2.059,2.059,10.425,8.658,95.07,6.919,1841.428,0,6.939,6.939,NA,31
"5/26/2022 11:50:04 AM",0,32.234,1.126,2.534,2185.8,995.792,0,2.098,2.098,10.572,8.654,95.194,6.929,1833.526,0,6.949,6.949,NA,31
"5/26/2022 11:50:04 AM",0,32.234,1.124,2.531,2183.6,995.791,0,2.122,2.122,10.557,8.65,95.243,6.932,1826.305,0,6.952,6.952,NA,31
"5/26/2022 11:50:04 AM",0,32.233,1.121,2.523,2176.7,995.789,0,2.348,2.348,10.631,8.645,95.378,6.942,1820.867,0,6.962,6.962,NA,31
"5/26/2022 11:50:04 AM",0,32.234,1.118,2.518,2172.7,995.787,0,1.935,1.935,11.116,8.641,95.086,6.921,1814.155,0,6.941,6.941,NA,31
"5/26/2022 11:50:04 AM",0,32.233,1.119,2.519,2173.4,995.788,0,1.81,1.81,11.116,8.638,95.206,6.93,1808.123,0,6.95,6.949,NA,31
"5/26/2022 11:50:05 AM",0,32.232,1.118,2.518,2172.7,995.787,0,1.607,1.607,11.072,8.635,95.169,6.927,1802.941,0,6.947,6.946,NA,31
"5/26/2022 11:50:05 AM",0,32.234,1.115,2.51,2165.6,995.784,0,1.935,1.935,10.925,8.631,95.039,6.917,1801.666,0,6.937,6.937,NA,31
"5/26/2022 11:50:05 AM",0,32.234,1.115,2.512,2166.9,995.785,0,1.974,1.974,10.822,8.626,95.009,6.915,1804.555,0,6.935,6.935,NA,31
"5/26/2022 11:50:05 AM",0,32.232,1.11,2.499,2156.3,995.781,0,1.896,1.896,10.69,8.624,94.914,6.908,1808.548,0,6.928,6.928,NA,31
"5/26/2022 11:50:06 AM",0,32.233,1.11,2.5,2156.9,995.781,0,1.958,1.958,11.321,8.621,95.12,6.923,1814.58,0,6.943,6.943,NA,31
"5/26/2022 11:50:06 AM",0,32.239,1.108,2.496,2152.7,995.777,0,1.708,1.708,10.983,8.619,95.173,6.927,1821.207,0,6.947,6.947,NA,31
"5/26/2022 11:50:06 AM",0,32.236,1.108,2.496,2153.3,995.778,0,1.654,1.654,10.837,8.614,95.304,6.937,1830.808,0,6.957,6.956,NA,31
"5/26/2022 11:50:06 AM",0,32.242,1.107,2.495,2151.7,995.776,0,1.396,1.396,11.013,8.612,95.177,6.928,1835.395,0,6.948,6.947,NA,31
"5/26/2022 11:50:06 AM",0,32.242,1.105,2.49,2147.7,995.774,0,2.013,2.013,10.734,8.608,95.22,6.931,1838.964,0,6.951,6.951,NA,31
"5/26/2022 11:50:07 AM",0,32.243,1.105,2.489,2146.9,995.774,0,1.935,1.935,10.381,8.606,95.043,6.918,1840.068,0,6.938,6.938,NA,31
"5/26/2022 11:50:07 AM",0,32.245,1.104,2.488,2146.3,995.773,0,1.802,1.802,10.499,8.603,95.002,6.916,1839.389,0,6.935,6.935,NA,31
"5/26/2022 11:50:07 AM",0,32.245,1.103,2.485,2143.3,995.772,0,1.857,1.857,11.16,8.598,94.98,6.914,1828.853,0,6.934,6.934,NA,31
"5/26/2022 11:50:07 AM",0,32.244,1.102,2.483,2142,995.771,0,2.231,2.231,11.924,8.594,95.025,6.918,1816.534,0,6.938,6.937,NA,31
"5/26/2022 11:50:07 AM",0,32.248,1.099,2.478,2137,995.768,0,2.145,2.145,10.851,8.59,95.049,6.92,1800.987,0,6.939,6.939,NA,31
"5/26/2022 11:50:08 AM",0,32.249,1.099,2.477,2136.1,995.767,0,1.779,1.779,11.263,8.587,95.054,6.92,1784.674,0,6.94,6.94,NA,31
"5/26/2022 11:50:08 AM",0,32.251,1.098,2.476,2135.2,995.766,0,1.974,1.974,10.631,8.584,94.989,6.916,1764.369,0,6.936,6.936,NA,31
"5/26/2022 11:50:08 AM",0,32.258,1.098,2.475,2134.3,995.764,0,1.989,1.989,10.337,8.581,95.138,6.927,1754.683,0,6.947,6.947,NA,31
"5/26/2022 11:50:08 AM",0,32.252,1.097,2.474,2133.6,995.765,0,1.911,1.911,10.557,8.579,95.034,6.919,1743.129,0,6.939,6.939,NA,31
"5/26/2022 11:50:08 AM",0,32.25,1.097,2.473,2133,995.766,0,2.239,2.239,11.101,8.577,95.004,6.918,1727.326,0,6.937,6.937,NA,31
"5/26/2022 11:50:09 AM",0,32.27,1.095,2.47,2129.4,995.758,0,2.028,2.028,10.278,8.575,95.056,6.922,1711.014,0,6.942,6.942,NA,31
"5/26/2022 11:50:09 AM",0,32.259,1.094,2.467,2127.7,995.761,0,2.137,2.137,10.117,8.571,95.223,6.935,1697.845,0,6.954,6.954,NA,31
"5/26/2022 11:50:09 AM",0,32.264,1.091,2.462,2122.7,995.757,0,1.841,1.841,11.013,8.57,94.999,6.918,1688.499,0,6.938,6.938,NA,31
"5/26/2022 11:50:09 AM",0,32.272,1.092,2.463,2123.2,995.755,0,2.208,2.208,12.071,8.568,95.234,6.936,1677.2,0,6.956,6.955,NA,31
"5/26/2022 11:50:09 AM",0,32.267,1.091,2.461,2121.8,995.756,0,1.786,1.786,11.248,8.565,95.048,6.923,1690.878,0,6.942,6.942,NA,31
"5/26/2022 11:50:10 AM",0,32.258,1.088,2.455,2117.2,995.757,0,1.693,1.693,11.204,8.563,95.15,6.931,1734.038,0,6.951,6.95,NA,31
"5/26/2022 11:50:10 AM",0,32.258,1.089,2.456,2118,995.757,0,1.685,1.685,10.411,8.562,95.024,6.922,1763.944,0,6.942,6.941,NA,31
"5/26/2022 11:50:10 AM",0,32.262,1.089,2.458,2119,995.756,0,2.013,2.013,10.822,8.56,95.109,6.929,1792.406,0,6.948,6.948,NA,31
"5/26/2022 11:50:10 AM",0,32.26,1.089,2.456,2118.2,995.757,0,1.451,1.451,10.425,8.559,95.225,6.937,1820.272,0,6.957,6.957,NA,31
"5/26/2022 11:50:10 AM",0,32.259,1.089,2.457,2118.8,995.757,0,1.935,1.935,10.102,8.561,95.162,6.933,1847.205,0,6.952,6.952,NA,31
"5/26/2022 11:50:11 AM",0,32.271,1.088,2.454,2115.5,995.752,0,1.872,1.872,11.41,8.561,95.281,6.941,1874.392,0,6.961,6.961,NA,31
"5/26/2022 11:50:11 AM",0,32.274,1.088,2.455,2116.3,995.751,0,1.903,1.903,10.704,8.557,95.137,6.931,1891.809,0,6.951,6.951,NA,31
"5/26/2022 11:50:11 AM",0,32.281,1.088,2.456,2116.8,995.749,0,1.919,1.919,11.204,8.554,95.089,6.927,1898.776,0,6.947,6.947,NA,31
"5/26/2022 11:50:11 AM",0,32.29,1.087,2.454,2115,995.746,0,2.013,2.013,11.557,8.55,95.212,6.935,1898.946,0,6.955,6.955,NA,31
"5/26/2022 11:50:11 AM",0,32.292,1.091,2.463,2122.7,995.748,0,2.371,2.371,11.601,8.548,95.352,6.943,1896.737,0,6.963,6.963,NA,31
"5/26/2022 11:50:12 AM",0,32.294,1.091,2.462,2121.7,995.747,0,2.403,2.403,11.645,8.545,95.444,6.949,1896.992,0,6.969,6.969,NA,31
"5/26/2022 11:50:12 AM",0,32.29,1.088,2.456,2116.5,995.746,0,2.465,2.465,11.351,8.542,95.35,6.942,1891.299,0,6.962,6.961,NA,31
