"Date","Depth..m.","Temp...degC.","Sal.","Cond...mS.cm.","EC25..µS.cm.","Density..kg.m3.","SigmaT","Chl.Flu...ppb.","Chl.a..µg.l.","Turb...FTU.","pH","DO....","Weiss.DO..mg.l.","Quant...µmol..m2.s..","Mark","G.G.DO..mg.l.","B.K.DO..mg.l.","X","Station"
"5/25/2022 8:38:37 AM",2.665,29.347,50.035,78.911,72024,1033.295,33.284,0.078,0.078,0,7.405,96.61,5.617,151.824,0,5.63,5.633,NA,24
"5/25/2022 8:38:37 AM",2.783,29.347,50.035,78.911,72024,1033.296,33.284,0.055,0.055,0,7.403,96.645,5.619,133.642,0,5.632,5.635,NA,24
"5/25/2022 8:38:37 AM",2.915,29.347,50.041,78.92,72032.1,1033.301,33.289,0.086,0.086,0.087,7.413,96.525,5.611,127.95,0,5.624,5.628,NA,24
"5/25/2022 8:38:38 AM",3.101,29.346,50.039,78.917,72029.7,1033.301,33.287,0.086,0.086,0.116,7.418,96.637,5.617,122.768,0,5.631,5.634,NA,24
"5/25/2022 8:38:38 AM",3.198,29.346,50.04,78.919,72031.3,1033.302,33.288,0.133,0.133,0.233,7.417,96.632,5.617,132.793,0,5.63,5.634,NA,24
"5/25/2022 8:38:38 AM",3.303,29.346,50.042,78.921,72033.4,1033.304,33.29,0.109,0.109,0.218,7.41,96.585,5.614,146.981,0,5.628,5.631,NA,24
"5/25/2022 8:38:38 AM",3.341,29.346,50.04,78.919,72031.1,1033.302,33.288,0.109,0.109,0.116,7.413,96.49,5.609,149.615,0,5.622,5.626,NA,24
"5/25/2022 8:38:38 AM",3.297,29.346,50.035,78.911,72025.2,1033.299,33.285,0.094,0.094,0.087,7.414,96.637,5.617,157.176,0,5.63,5.634,NA,24
"5/25/2022 8:38:39 AM",3.181,29.345,50.035,78.909,72024.5,1033.298,33.285,0.07,0.07,0.044,7.415,96.636,5.617,159.046,0,5.631,5.634,NA,24
"5/25/2022 8:38:39 AM",3.141,29.345,50.032,78.905,72020.5,1033.296,33.282,0.078,0.078,0.015,7.419,96.617,5.616,158.451,0,5.63,5.633,NA,24
"5/25/2022 8:38:39 AM",3.144,29.345,50.028,78.9,72016.1,1033.293,33.28,0.086,0.086,0.029,7.414,96.529,5.611,155.562,0,5.625,5.628,NA,24
"5/25/2022 8:38:39 AM",3.162,29.347,50.027,78.901,72014.9,1033.292,33.278,0.086,0.086,0.058,7.414,96.553,5.613,155.222,0,5.626,5.63,NA,24
"5/25/2022 8:38:39 AM",3.16,29.345,50.026,78.897,72012.9,1033.291,33.278,0.086,0.086,0.058,7.412,96.618,5.617,157.771,0,5.63,5.633,NA,24
"5/25/2022 8:38:40 AM",3.15,29.345,50.025,78.895,72011.7,1033.29,33.277,0.094,0.094,0.073,7.415,96.535,5.612,158.536,0,5.625,5.628,NA,24
"5/25/2022 8:38:40 AM",3.137,29.345,50.021,78.891,72007.3,1033.288,33.274,0.07,0.07,0.058,7.424,96.6,5.616,156.497,0,5.629,5.632,NA,24
"5/25/2022 8:38:40 AM",3.146,29.344,50.017,78.884,72002.8,1033.285,33.272,0.086,0.086,0.029,7.427,96.667,5.62,155.392,0,5.633,5.636,NA,24
"5/25/2022 8:38:40 AM",3.167,29.344,50.017,78.884,72002,1033.285,33.271,0.078,0.078,0.044,7.428,96.527,5.612,153.863,0,5.625,5.629,NA,24
"5/25/2022 8:38:40 AM",3.273,29.345,50.018,78.886,72003.4,1033.286,33.272,0.07,0.07,0.029,7.425,96.613,5.617,146.726,0,5.63,5.634,NA,24
"5/25/2022 8:38:41 AM",3.388,29.347,50.018,78.888,72002.9,1033.285,33.271,0.062,0.062,0.044,7.427,96.628,5.618,140.779,0,5.631,5.634,NA,24
"5/25/2022 8:38:41 AM",3.525,29.346,50.018,78.888,72003.7,1033.287,33.272,0.047,0.047,0,7.429,96.652,5.619,127.525,0,5.632,5.636,NA,24
"5/25/2022 8:38:41 AM",3.676,29.346,50.018,78.887,72003.1,1033.287,33.271,0.023,0.023,0,7.429,96.514,5.611,105.775,0,5.624,5.627,NA,24
"5/25/2022 8:38:41 AM",3.906,29.348,50.018,78.89,72003.2,1033.287,33.271,0.086,0.086,0.044,7.429,96.609,5.616,85.13,0,5.629,5.632,NA,24
"5/25/2022 8:38:41 AM",4.047,29.346,50.018,78.889,72003.6,1033.289,33.271,0.164,0.164,0.218,7.428,96.57,5.613,90.738,0,5.626,5.629,NA,24
"5/25/2022 8:38:42 AM",4.184,29.346,50.025,78.898,72012.6,1033.295,33.277,0.156,0.156,0.204,7.431,96.562,5.612,105.521,0,5.625,5.629,NA,24
"5/25/2022 8:38:42 AM",4.297,29.348,50.025,78.901,72012,1033.294,33.276,0.125,0.125,0.131,7.431,96.632,5.616,111.808,0,5.629,5.633,NA,24
"5/25/2022 8:38:42 AM",4.366,29.349,50.022,78.899,72008.2,1033.292,33.273,0.133,0.133,0.204,7.426,96.642,5.617,131.858,0,5.63,5.634,NA,24
"5/25/2022 8:38:42 AM",4.307,29.349,50.022,78.897,72008.4,1033.292,33.274,0.101,0.101,0.044,7.422,96.529,5.61,148.341,0,5.623,5.626,NA,24
"5/25/2022 8:38:43 AM",4.222,29.348,50.023,78.898,72010.4,1033.293,33.275,0.156,0.156,0.204,7.428,96.59,5.613,145.537,0,5.627,5.63,NA,24
"5/25/2022 8:38:43 AM",4.08,29.347,50.018,78.891,72004.2,1033.289,33.271,0.109,0.109,0.116,7.435,96.697,5.619,146.981,0,5.633,5.636,NA,24
"5/25/2022 8:38:43 AM",3.93,29.347,50.014,78.883,71998.3,1033.285,33.268,0.086,0.086,0.015,7.436,96.672,5.618,148.85,0,5.631,5.635,NA,24
"5/25/2022 8:38:43 AM",3.748,29.346,50.01,78.876,71993.2,1033.281,33.265,0.086,0.086,0.044,7.43,96.526,5.61,147.576,0,5.623,5.627,NA,24
"5/25/2022 8:38:43 AM",3.687,29.344,50.011,78.876,71994.9,1033.282,33.267,0.094,0.094,0.116,7.425,96.523,5.61,147.236,0,5.623,5.626,NA,24
"5/25/2022 8:38:44 AM",3.661,29.344,50.017,78.884,72002.5,1033.287,33.271,0.094,0.094,0.073,7.426,96.526,5.61,147.321,0,5.623,5.626,NA,24
"5/25/2022 8:38:44 AM",3.675,29.344,50.016,78.882,72001.5,1033.287,33.271,0.101,0.101,0.087,7.426,96.622,5.615,147.576,0,5.629,5.632,NA,24
"5/25/2022 8:38:44 AM",3.728,29.344,50.013,78.878,71997.5,1033.284,33.268,0.086,0.086,0.087,7.425,96.637,5.617,146.811,0,5.63,5.633,NA,24
"5/25/2022 8:38:44 AM",3.859,29.345,50.012,78.879,71996.3,1033.284,33.267,0.07,0.07,0.058,7.419,96.65,5.617,142.903,0,5.63,5.634,NA,24
"5/25/2022 8:38:44 AM",3.946,29.344,50.012,78.877,71996,1033.284,33.267,0.094,0.094,0.087,7.414,96.567,5.612,143.753,0,5.625,5.629,NA,24
"5/25/2022 8:38:45 AM",4.017,29.344,50.011,78.876,71994.8,1033.284,33.267,0.094,0.094,0.102,7.417,96.609,5.614,149.02,0,5.628,5.631,NA,24
"5/25/2022 8:38:45 AM",4.071,29.345,50.008,78.872,71991.5,1033.282,33.264,0.094,0.094,0.073,7.422,96.622,5.615,154.882,0,5.628,5.632,NA,24
"5/25/2022 8:38:45 AM",4.151,29.344,50.006,78.869,71988.9,1033.281,33.263,0.101,0.101,0.058,7.421,96.709,5.62,155.647,0,5.633,5.637,NA,24
"5/25/2022 8:38:45 AM",4.224,29.345,50.004,78.867,71986.7,1033.28,33.262,0.101,0.101,0.073,7.422,96.574,5.612,153.268,0,5.626,5.629,NA,24
"5/25/2022 8:38:45 AM",4.307,29.344,50.007,78.87,71990.2,1033.282,33.264,0.101,0.101,0.073,7.423,96.513,5.609,146.981,0,5.622,5.626,NA,24
"5/25/2022 8:38:46 AM",4.42,29.344,50.007,78.871,71990.4,1033.283,33.264,0.101,0.101,0.058,7.424,96.502,5.608,140.609,0,5.622,5.625,NA,24
"5/25/2022 8:38:46 AM",4.556,29.344,50.009,78.874,71993.3,1033.285,33.265,0.062,0.062,0.029,7.421,96.632,5.615,127.61,0,5.629,5.632,NA,24
"5/25/2022 8:38:46 AM",4.798,29.345,50.008,78.873,71991.5,1033.284,33.264,0.031,0.031,0,7.423,96.553,5.611,99.488,0,5.624,5.627,NA,24
"5/25/2022 8:38:46 AM",4.952,29.345,49.994,78.855,71974.8,1033.275,33.254,0.016,0.016,0,7.424,96.727,5.621,79.948,0,5.635,5.638,NA,24
"5/25/2022 8:38:46 AM",5.09,29.345,49.997,78.859,71978,1033.278,33.256,0.101,0.101,0.102,7.425,96.636,5.616,71.876,0,5.629,5.632,NA,24
"5/25/2022 8:38:47 AM",5.21,29.345,49.996,78.858,71977,1033.277,33.255,0.164,0.164,0.277,7.425,96.538,5.61,99.573,0,5.624,5.627,NA,24
"5/25/2022 8:38:47 AM",5.243,29.346,49.996,78.858,71976.8,1033.277,33.255,0.109,0.109,0.146,7.425,96.545,5.611,138.145,0,5.624,5.628,NA,24
"5/25/2022 8:38:47 AM",5.149,29.345,49.993,78.853,71973.7,1033.275,33.253,0.078,0.078,0.029,7.422,96.585,5.613,140.609,0,5.626,5.63,NA,24
"5/25/2022 8:38:47 AM",5.062,29.344,49.993,78.852,71973.8,1033.275,33.254,0.062,0.062,0.073,7.42,96.666,5.617,140.439,0,5.631,5.634,NA,24
"5/25/2022 8:38:47 AM",4.963,29.344,49.991,78.848,71970.8,1033.273,33.252,0.07,0.07,0.044,7.422,96.724,5.621,143.073,0,5.634,5.638,NA,24
"5/25/2022 8:38:48 AM",4.851,29.344,49.989,78.846,71968.3,1033.271,33.25,0.094,0.094,0.058,7.42,96.438,5.604,144.687,0,5.617,5.621,NA,24
"5/25/2022 8:38:48 AM",4.801,29.344,49.984,78.84,71962.5,1033.267,33.247,0.078,0.078,0.102,7.419,96.563,5.612,145.112,0,5.625,5.628,NA,24
"5/25/2022 8:38:48 AM",4.758,29.344,49.981,78.836,71958.1,1033.264,33.244,0.078,0.078,0.029,7.426,96.576,5.613,144.857,0,5.626,5.629,NA,24
"5/25/2022 8:38:48 AM",4.731,29.344,49.98,78.834,71957.6,1033.264,33.244,0.078,0.078,0.058,7.427,96.552,5.612,147.236,0,5.625,5.628,NA,24
"5/25/2022 8:38:48 AM",4.714,29.343,49.979,78.832,71956.4,1033.264,33.243,0.07,0.07,0.029,7.43,96.63,5.617,148.765,0,5.63,5.633,NA,24
"5/25/2022 8:38:49 AM",4.714,29.343,49.979,78.83,71955.6,1033.263,33.243,0.078,0.078,0.058,7.43,96.487,5.608,146.641,0,5.621,5.625,NA,24
"5/25/2022 8:38:49 AM",4.737,29.342,49.976,78.826,71951.8,1033.261,33.241,0.078,0.078,0.073,7.43,96.528,5.611,145.707,0,5.624,5.628,NA,24
"5/25/2022 8:38:49 AM",4.785,29.343,49.976,78.827,71952.5,1033.261,33.241,0.086,0.086,0.087,7.426,96.6,5.615,143.753,0,5.628,5.631,NA,24
"5/25/2022 8:38:49 AM",4.884,29.343,49.979,78.831,71955.9,1033.264,33.243,0.07,0.07,0.073,7.424,96.519,5.61,133.812,0,5.623,5.626,NA,24
"5/25/2022 8:38:49 AM",5.095,29.346,49.976,78.83,71951.5,1033.261,33.24,0.125,0.125,0.015,7.426,96.573,5.613,110.703,0,5.626,5.629,NA,24
"5/25/2022 8:38:50 AM",5.237,29.345,49.975,78.829,71951,1033.262,33.239,0.094,0.094,0.058,7.426,96.513,5.609,105.266,0,5.622,5.625,NA,24
"5/25/2022 8:38:50 AM",5.38,29.346,49.975,78.83,71951.3,1033.262,33.239,0.094,0.094,0.058,7.426,96.491,5.607,105.86,0,5.62,5.624,NA,24
"5/25/2022 8:38:50 AM",5.503,29.346,49.976,78.832,71952.4,1033.263,33.24,0.156,0.156,0.087,7.425,96.495,5.607,113.762,0,5.62,5.623,NA,24
"5/25/2022 8:38:50 AM",5.634,29.345,49.976,78.831,71952.7,1033.264,33.24,0.156,0.156,0.204,7.424,96.578,5.611,124.382,0,5.625,5.628,NA,24
"5/25/2022 8:38:50 AM",5.846,29.345,49.976,78.83,71952.2,1033.265,33.24,0.109,0.109,0.058,7.43,96.518,5.608,118.944,0,5.621,5.625,NA,24
"5/25/2022 8:38:51 AM",5.997,29.346,49.975,78.83,71951.3,1033.265,33.239,0.094,0.094,0.102,7.43,96.544,5.609,113.337,0,5.623,5.626,NA,24
"5/25/2022 8:38:51 AM",6.153,29.346,49.976,78.832,71953.1,1033.267,33.24,0.055,0.055,0.015,7.431,96.523,5.608,104.671,0,5.621,5.625,NA,24
"5/25/2022 8:38:51 AM",6.286,29.346,49.976,78.832,71953.1,1033.267,33.24,0.101,0.101,0.131,7.434,96.483,5.605,107.645,0,5.618,5.622,NA,24
"5/25/2022 8:38:51 AM",6.505,29.345,49.973,78.827,71948.7,1033.265,33.238,0.078,0.078,0.087,7.435,96.546,5.609,118.265,0,5.622,5.626,NA,24
"5/25/2022 8:38:52 AM",6.609,29.345,49.973,78.826,71948.9,1033.266,33.238,0.109,0.109,0.102,7.433,96.576,5.61,117.075,0,5.624,5.627,NA,24
"5/25/2022 8:38:52 AM",6.722,29.345,49.971,78.824,71946.6,1033.265,33.236,0.117,0.117,0.073,7.436,96.589,5.612,129.649,0,5.625,5.628,NA,24
"5/25/2022 8:38:52 AM",6.826,29.344,49.971,78.823,71946.9,1033.266,33.237,0.094,0.094,0.058,7.439,96.563,5.609,129.734,0,5.623,5.626,NA,24
"5/25/2022 8:38:52 AM",6.934,29.345,49.969,78.822,71944.7,1033.265,33.235,0.094,0.094,0.073,7.437,96.552,5.609,127.61,0,5.623,5.626,NA,24
"5/25/2022 8:38:52 AM",7.125,29.346,49.968,78.822,71943.6,1033.265,33.234,0.078,0.078,0.058,7.434,96.615,5.613,122.258,0,5.626,5.63,NA,24
"5/25/2022 8:38:53 AM",7.235,29.346,49.966,78.82,71940.9,1033.263,33.232,0.086,0.086,0.102,7.444,96.596,5.612,119.539,0,5.625,5.629,NA,24
"5/25/2022 8:38:53 AM",7.32,29.346,49.968,78.821,71942.6,1033.265,33.233,0.101,0.101,0.073,7.448,96.543,5.609,127.27,0,5.622,5.625,NA,24
"5/25/2022 8:38:53 AM",7.412,29.345,49.965,78.816,71939,1033.263,33.231,0.094,0.094,0.102,7.449,96.497,5.606,130.584,0,5.62,5.623,NA,24
"5/25/2022 8:38:53 AM",7.551,29.345,49.962,78.811,71935.3,1033.261,33.229,0.101,0.101,0.116,7.451,96.556,5.61,130.924,0,5.623,5.627,NA,24
"5/25/2022 8:38:53 AM",7.669,29.345,49.96,78.809,71933.5,1033.261,33.228,0.101,0.101,0.044,7.447,96.568,5.611,132.453,0,5.624,5.627,NA,24
"5/25/2022 8:38:54 AM",7.798,29.344,49.959,78.806,71932.5,1033.261,33.228,0.086,0.086,0.029,7.449,96.567,5.61,125.996,0,5.623,5.627,NA,24
"5/25/2022 8:38:54 AM",7.92,29.344,49.958,78.806,71931.4,1033.261,33.227,0.094,0.094,0.102,7.449,96.531,5.608,123.447,0,5.621,5.625,NA,24
"5/25/2022 8:38:54 AM",8.003,29.345,49.959,78.809,71932.7,1033.262,33.227,0.101,0.101,0.116,7.452,96.365,5.598,129.734,0,5.611,5.615,NA,24
"5/25/2022 8:38:54 AM",8.081,29.346,49.958,78.808,71931.1,1033.261,33.226,0.055,0.055,0.087,7.451,96.56,5.61,137.126,0,5.623,5.626,NA,24
"5/25/2022 8:38:54 AM",8.135,29.346,49.958,78.808,71931.3,1033.261,33.226,0.07,0.07,0.073,7.45,96.578,5.611,134.832,0,5.624,5.628,NA,24
"5/25/2022 8:38:55 AM",8.21,29.346,49.953,78.802,71924.8,1033.257,33.222,0.078,0.078,0.087,7.448,96.469,5.604,132.283,0,5.618,5.621,NA,24
"5/25/2022 8:38:55 AM",8.313,29.345,49.955,78.803,71927.8,1033.26,33.225,0.078,0.078,0.087,7.451,96.553,5.609,129.224,0,5.623,5.626,NA,24
"5/25/2022 8:38:55 AM",8.479,29.345,49.953,78.8,71925.1,1033.259,33.223,0.094,0.094,0.073,7.453,96.595,5.612,123.362,0,5.625,5.628,NA,24
"5/25/2022 8:38:55 AM",8.622,29.345,49.954,78.801,71926.5,1033.26,33.224,0.078,0.078,0.044,7.449,96.513,5.607,119.879,0,5.62,5.623,NA,24
"5/25/2022 8:38:55 AM",8.771,29.346,49.955,78.805,71927.3,1033.261,33.224,0.078,0.078,0,7.453,96.578,5.61,113.252,0,5.624,5.627,NA,24
"5/25/2022 8:38:56 AM",8.905,29.348,49.954,78.806,71926.4,1033.261,33.223,0.086,0.086,0.044,7.455,96.561,5.609,111.978,0,5.622,5.625,NA,24
"5/25/2022 8:38:56 AM",9.006,29.346,49.951,78.8,71922.6,1033.259,33.221,0.094,0.094,0.175,7.457,96.578,5.61,116.311,0,5.623,5.626,NA,24
"5/25/2022 8:38:56 AM",9.159,29.346,49.95,78.799,71922.1,1033.259,33.22,0.101,0.101,0.044,7.459,96.43,5.601,126.421,0,5.614,5.618,NA,24
"5/25/2022 8:38:56 AM",9.251,29.346,49.949,78.797,71920.6,1033.259,33.22,0.078,0.078,0.058,7.461,96.606,5.612,125.911,0,5.625,5.628,NA,24
"5/25/2022 8:38:56 AM",9.359,29.348,49.951,78.801,71922.2,1033.26,33.22,0.086,0.086,0.058,7.465,96.516,5.606,126.166,0,5.619,5.623,NA,24
"5/25/2022 8:38:57 AM",9.482,29.347,49.949,78.798,71920,1033.259,33.219,0.086,0.086,0.044,7.462,96.474,5.604,123.022,0,5.617,5.62,NA,24
"5/25/2022 8:38:57 AM",9.599,29.348,49.949,78.799,71920.2,1033.26,33.219,0.109,0.109,0.102,7.467,96.568,5.609,128.205,0,5.622,5.626,NA,24
"5/25/2022 8:38:57 AM",9.623,29.348,49.946,78.795,71916.7,1033.258,33.217,0.101,0.101,0.116,7.468,96.592,5.61,134.322,0,5.624,5.627,NA,24
"5/25/2022 8:38:57 AM",9.62,29.347,49.945,78.793,71915.4,1033.257,33.216,0.078,0.078,0.058,7.464,96.453,5.602,134.917,0,5.616,5.619,NA,24
"5/25/2022 8:38:57 AM",9.597,29.346,49.945,78.792,71916.1,1033.258,33.217,0.086,0.086,0.044,7.463,96.547,5.608,135.172,0,5.621,5.624,NA,24
"5/25/2022 8:38:58 AM",9.573,29.344,49.943,78.786,71913.1,1033.256,33.215,0.094,0.094,0.087,7.47,96.503,5.606,136.106,0,5.619,5.622,NA,24
"5/25/2022 8:38:58 AM",9.578,29.344,49.941,78.783,71910.1,1033.254,33.213,0.086,0.086,0.058,7.471,96.484,5.604,136.361,0,5.617,5.621,NA,24
"5/25/2022 8:38:58 AM",9.594,29.345,49.941,78.784,71910,1033.254,33.213,0.078,0.078,0.015,7.471,96.48,5.605,136.191,0,5.618,5.621,NA,24
"5/25/2022 8:38:58 AM",9.627,29.346,49.94,78.784,71909.2,1033.253,33.213,0.086,0.086,0.044,7.467,96.565,5.61,135.427,0,5.623,5.626,NA,24
"5/25/2022 8:38:58 AM",9.695,29.347,49.939,78.785,71908,1033.253,33.211,0.078,0.078,0.087,7.465,96.604,5.611,134.662,0,5.625,5.628,NA,24
"5/25/2022 8:38:59 AM",9.741,29.347,49.937,78.782,71905.5,1033.251,33.21,0.086,0.086,0.073,7.47,96.537,5.608,134.067,0,5.621,5.624,NA,24
"5/25/2022 8:38:59 AM",9.815,29.347,49.937,78.782,71905.6,1033.252,33.21,0.078,0.078,0.044,7.468,96.461,5.603,132.113,0,5.617,5.62,NA,24
"5/25/2022 8:38:59 AM",9.926,29.347,49.936,78.781,71904.4,1033.251,33.209,0.062,0.062,0.058,7.468,96.465,5.604,127.1,0,5.617,5.621,NA,24
"5/25/2022 8:38:59 AM",10.11,29.347,49.934,78.778,71902.4,1033.251,33.208,0.086,0.086,0.073,7.471,96.493,5.605,121.578,0,5.618,5.622,NA,24
"5/25/2022 8:38:59 AM",10.247,29.347,49.934,78.779,71902.5,1033.252,33.208,0.086,0.086,0.058,7.47,96.483,5.604,120.728,0,5.617,5.621,NA,24
"5/25/2022 8:39:00 AM",10.333,29.347,49.933,78.777,71900.6,1033.251,33.207,0.078,0.078,0.058,7.465,96.473,5.603,121.748,0,5.617,5.62,NA,24
"5/25/2022 8:39:00 AM",10.366,29.347,49.931,78.774,71898.1,1033.249,33.205,0.125,0.125,0.102,7.459,96.424,5.6,128.12,0,5.613,5.617,NA,24
"5/25/2022 8:39:00 AM",10.312,29.347,49.932,78.775,71899.8,1033.25,33.206,0.078,0.078,0.044,7.464,96.503,5.605,129.224,0,5.619,5.622,NA,24
"5/25/2022 8:39:00 AM",10.218,29.346,49.931,78.773,71898.5,1033.249,33.206,0.062,0.062,0.073,7.466,96.358,5.597,129.819,0,5.61,5.614,NA,24
"5/25/2022 8:39:01 AM",10.093,29.346,49.931,78.773,71897.8,1033.248,33.205,0.07,0.07,0.073,7.467,96.491,5.605,131.264,0,5.618,5.621,NA,24
"5/25/2022 8:39:01 AM",9.919,29.346,49.93,78.771,71896.7,1033.247,33.205,0.101,0.101,0.087,7.463,96.542,5.608,133.812,0,5.621,5.624,NA,24
"5/25/2022 8:39:01 AM",9.618,29.347,49.928,78.768,71893.6,1033.244,33.203,0.086,0.086,0.116,7.461,96.474,5.603,135.257,0,5.617,5.62,NA,24
"5/25/2022 8:39:01 AM",9.429,29.346,49.926,78.766,71892.1,1033.242,33.202,0.094,0.094,0.146,7.461,96.489,5.604,136.616,0,5.617,5.621,NA,24
"5/25/2022 8:39:01 AM",9.272,29.346,49.925,78.765,71890.7,1033.241,33.201,0.078,0.078,0.058,7.463,96.556,5.608,137.551,0,5.622,5.625,NA,24
"5/25/2022 8:39:02 AM",9.168,29.346,49.926,78.765,71891.5,1033.241,33.202,0.078,0.078,0.058,7.462,96.565,5.609,137.72,0,5.622,5.626,NA,24
"5/25/2022 8:39:02 AM",9.09,29.347,49.926,78.765,71890.9,1033.24,33.201,0.086,0.086,0.058,7.461,96.556,5.609,137.296,0,5.622,5.625,NA,24
"5/25/2022 8:39:02 AM",8.945,29.346,49.923,78.761,71887.7,1033.238,33.2,0.086,0.086,0.044,7.464,96.542,5.607,137.975,0,5.621,5.624,NA,24
"5/25/2022 8:39:02 AM",8.838,29.346,49.921,78.758,71885.2,1033.236,33.198,0.086,0.086,0.058,7.465,96.467,5.603,138.825,0,5.616,5.619,NA,24
"5/25/2022 8:39:02 AM",8.716,29.347,49.922,78.76,71885.7,1033.235,33.198,0.062,0.062,0.029,7.465,96.46,5.602,139.25,0,5.615,5.619,NA,24
"5/25/2022 8:39:03 AM",8.577,29.346,49.921,78.758,71884.8,1033.235,33.198,0.086,0.086,0.087,7.464,96.472,5.603,139.08,0,5.616,5.619,NA,24
"5/25/2022 8:39:03 AM",8.387,29.346,49.923,78.761,71887.9,1033.236,33.2,0.101,0.101,0.058,7.46,96.439,5.601,137.211,0,5.614,5.617,NA,24
"5/25/2022 8:39:03 AM",8.29,29.347,49.923,78.761,71886.6,1033.234,33.199,0.094,0.094,0.073,7.46,96.434,5.601,136.021,0,5.614,5.617,NA,24
"5/25/2022 8:39:03 AM",8.193,29.347,49.923,78.763,71887.6,1033.234,33.199,0.086,0.086,0.044,7.463,96.469,5.603,134.152,0,5.616,5.62,NA,24
"5/25/2022 8:39:03 AM",8.116,29.347,49.924,78.763,71887.9,1033.234,33.2,0.086,0.086,0.058,7.466,96.542,5.607,134.237,0,5.62,5.624,NA,24
"5/25/2022 8:39:04 AM",8,29.346,49.926,78.765,71891.2,1033.236,33.202,0.094,0.094,0.073,7.472,96.411,5.599,135.512,0,5.613,5.616,NA,24
"5/25/2022 8:39:04 AM",7.899,29.347,49.936,78.779,71903.1,1033.243,33.209,0.086,0.086,0.073,7.474,96.369,5.596,137.126,0,5.609,5.612,NA,24
"5/25/2022 8:39:04 AM",7.789,29.347,49.934,78.777,71901.3,1033.241,33.208,0.086,0.086,0.073,7.473,96.454,5.601,137.466,0,5.614,5.617,NA,24
"5/25/2022 8:39:04 AM",7.694,29.346,49.935,78.776,71901.7,1033.241,33.209,0.086,0.086,0.044,7.471,96.471,5.602,137.975,0,5.615,5.618,NA,24
"5/25/2022 8:39:04 AM",7.542,29.345,49.931,78.77,71897.2,1033.238,33.206,0.094,0.094,0.058,7.473,96.552,5.607,140.014,0,5.62,5.623,NA,24
"5/25/2022 8:39:05 AM",7.447,29.345,49.93,78.769,71896.1,1033.237,33.205,0.078,0.078,0.087,7.474,96.518,5.604,141.544,0,5.618,5.621,NA,24
"5/25/2022 8:39:05 AM",7.353,29.345,49.927,78.764,71892.6,1033.235,33.204,0.094,0.094,0.029,7.473,96.551,5.606,142.903,0,5.619,5.623,NA,24
"5/25/2022 8:39:05 AM",7.236,29.345,49.927,78.763,71891.6,1033.234,33.203,0.086,0.086,0.073,7.471,96.507,5.604,145.027,0,5.618,5.621,NA,24
"5/25/2022 8:39:05 AM",7.08,29.345,49.925,78.762,71889.6,1033.232,33.202,0.07,0.07,0.029,7.474,96.412,5.598,147.406,0,5.612,5.615,NA,24
"5/25/2022 8:39:05 AM",6.958,29.345,49.923,78.758,71887.3,1033.23,33.2,0.148,0.148,0.218,7.473,96.458,5.601,148.68,0,5.614,5.618,NA,24
"5/25/2022 8:39:06 AM",6.861,29.344,49.923,78.757,71886.7,1033.229,33.2,0.101,0.101,0.131,7.472,96.603,5.61,150.295,0,5.623,5.627,NA,24
"5/25/2022 8:39:06 AM",6.762,29.345,49.921,78.756,71884.8,1033.228,33.199,0.094,0.094,0.073,7.476,96.393,5.598,150.804,0,5.611,5.614,NA,24
"5/25/2022 8:39:06 AM",6.633,29.345,49.92,78.753,71882.3,1033.226,33.197,0.078,0.078,0.029,7.475,96.564,5.607,151.144,0,5.62,5.624,NA,24
"5/25/2022 8:39:06 AM",6.557,29.345,49.918,78.752,71880.9,1033.225,33.197,0.078,0.078,0.073,7.476,96.467,5.601,150.295,0,5.615,5.618,NA,24
"5/25/2022 8:39:06 AM",6.418,29.344,49.913,78.743,71874.4,1033.22,33.193,0.094,0.094,0.073,7.479,96.588,5.609,150.634,0,5.622,5.625,NA,24
"5/25/2022 8:39:07 AM",6.254,29.344,49.91,78.739,71870.4,1033.217,33.19,0.117,0.117,0.102,7.476,96.576,5.608,151.144,0,5.621,5.625,NA,24
"5/25/2022 8:39:07 AM",6.089,29.343,49.91,78.737,71869.9,1033.216,33.19,0.086,0.086,0.073,7.474,96.559,5.607,150.38,0,5.62,5.624,NA,24
"5/25/2022 8:39:07 AM",5.9,29.344,49.909,78.737,71868.8,1033.215,33.19,0.078,0.078,0.058,7.474,96.543,5.606,147.066,0,5.619,5.622,NA,24
"5/25/2022 8:39:07 AM",5.809,29.343,49.907,78.733,71866.4,1033.213,33.188,0.078,0.078,0.015,7.476,96.568,5.608,145.707,0,5.621,5.624,NA,24
"5/25/2022 8:39:08 AM",5.766,29.344,49.904,78.73,71862.3,1033.21,33.186,0.086,0.086,0.116,7.474,96.526,5.605,144.177,0,5.618,5.622,NA,24
"5/25/2022 8:39:08 AM",5.754,29.343,49.903,78.728,71861.1,1033.21,33.185,0.117,0.117,0.087,7.474,96.455,5.601,142.818,0,5.614,5.618,NA,24
"5/25/2022 8:39:08 AM",5.79,29.344,49.9,78.725,71857,1033.207,33.182,0.094,0.094,0.087,7.476,96.452,5.601,141.034,0,5.614,5.618,NA,24
"5/25/2022 8:39:08 AM",5.821,29.344,49.901,78.726,71858.5,1033.208,33.183,0.078,0.078,0.058,7.482,96.452,5.601,140.949,0,5.614,5.618,NA,24
"5/25/2022 8:39:08 AM",5.847,29.344,49.898,78.723,71855.5,1033.207,33.182,0.086,0.086,0.058,7.483,96.519,5.605,142.818,0,5.618,5.621,NA,24
"5/25/2022 8:39:09 AM",5.882,29.344,49.898,78.722,71855.2,1033.207,33.182,0.086,0.086,0.044,7.488,96.431,5.599,144.517,0,5.612,5.616,NA,24
"5/25/2022 8:39:09 AM",5.924,29.343,49.896,78.718,71852.8,1033.205,33.18,0.086,0.086,0.087,7.485,96.562,5.607,147.151,0,5.62,5.623,NA,24
"5/25/2022 8:39:09 AM",5.941,29.343,49.896,78.718,71853.4,1033.206,33.181,0.086,0.086,0.058,7.488,96.491,5.603,150.549,0,5.616,5.619,NA,24
"5/25/2022 8:39:09 AM",5.945,29.342,49.895,78.715,71851.6,1033.205,33.18,0.094,0.094,0.073,7.487,96.442,5.599,153.863,0,5.613,5.616,NA,24
"5/25/2022 8:39:09 AM",5.936,29.342,49.894,78.714,71850.5,1033.204,33.179,0.086,0.086,0.073,7.49,96.403,5.597,156.072,0,5.611,5.614,NA,24
"5/25/2022 8:39:10 AM",5.894,29.342,49.892,78.711,71848.1,1033.203,33.178,0.086,0.086,0.058,7.489,96.527,5.605,159.046,0,5.619,5.622,NA,24
"5/25/2022 8:39:10 AM",5.828,29.342,49.894,78.713,71850.6,1033.204,33.179,0.07,0.07,0.087,7.487,96.503,5.604,159.81,0,5.617,5.62,NA,24
"5/25/2022 8:39:10 AM",5.719,29.342,49.894,78.714,71850.5,1033.204,33.179,0.062,0.062,0.015,7.487,96.474,5.602,160.15,0,5.615,5.618,NA,24
"5/25/2022 8:39:10 AM",5.608,29.342,49.894,78.713,71849.6,1033.203,33.179,0.07,0.07,0.044,7.49,96.475,5.602,160.915,0,5.615,5.618,NA,24
"5/25/2022 8:39:10 AM",5.475,29.342,49.891,78.709,71846.6,1033.2,33.177,0.086,0.086,0.087,7.489,96.525,5.605,160.15,0,5.618,5.621,NA,24
"5/25/2022 8:39:11 AM",5.369,29.342,49.887,78.704,71841.5,1033.197,33.174,0.101,0.101,0.073,7.49,96.46,5.601,158.196,0,5.614,5.617,NA,24
"5/25/2022 8:39:11 AM",5.251,29.342,49.887,78.704,71841,1033.196,33.174,0.094,0.094,0.058,7.489,96.51,5.604,157.601,0,5.617,5.62,NA,24
"5/25/2022 8:39:11 AM",5.103,29.342,49.885,78.701,71838.3,1033.194,33.172,0.078,0.078,0.029,7.493,96.41,5.598,157.516,0,5.611,5.614,NA,24
"5/25/2022 8:39:11 AM",4.914,29.342,49.885,78.701,71838.8,1033.193,33.172,0.07,0.07,0.044,7.49,96.511,5.603,156.667,0,5.617,5.62,NA,24
"5/25/2022 8:39:11 AM",4.624,29.341,49.883,78.697,71836.6,1033.191,33.171,0.086,0.086,0.058,7.492,96.451,5.6,155.902,0,5.613,5.617,NA,24
"5/25/2022 8:39:12 AM",4.479,29.341,49.879,78.691,71831.4,1033.187,33.168,0.07,0.07,0.029,7.494,96.541,5.605,155.647,0,5.618,5.622,NA,24
"5/25/2022 8:39:12 AM",4.351,29.341,49.88,78.691,71831.8,1033.187,33.169,0.086,0.086,0.029,7.495,96.484,5.602,154.628,0,5.615,5.619,NA,24
"5/25/2022 8:39:12 AM",4.224,29.341,49.878,78.689,71830,1033.186,33.168,0.062,0.062,0.044,7.492,96.387,5.597,154.373,0,5.61,5.613,NA,24
"5/25/2022 8:39:12 AM",4.06,29.34,49.877,78.687,71828,1033.184,33.167,0.086,0.086,0.073,7.49,96.384,5.596,157.006,0,5.61,5.613,NA,24
"5/25/2022 8:39:12 AM",3.921,29.34,49.876,78.685,71827.2,1033.183,33.166,0.078,0.078,0.058,7.489,96.361,5.595,157.091,0,5.608,5.612,NA,24
"5/25/2022 8:39:13 AM",3.787,29.34,49.876,78.685,71826.6,1033.182,33.166,0.086,0.086,0.029,7.491,96.406,5.598,157.176,0,5.611,5.614,NA,24
"5/25/2022 8:39:13 AM",3.686,29.34,49.875,78.685,71826.3,1033.181,33.166,0.07,0.07,0.044,7.494,96.487,5.602,158.621,0,5.616,5.619,NA,24
"5/25/2022 8:39:13 AM",3.544,29.34,49.879,78.689,71830.4,1033.183,33.168,0.078,0.078,0.044,7.497,96.512,5.603,159.64,0,5.616,5.62,NA,24
"5/25/2022 8:39:13 AM",3.457,29.34,49.877,78.687,71828.2,1033.182,33.167,0.07,0.07,0.044,7.499,96.492,5.602,159.81,0,5.616,5.619,NA,24
"5/25/2022 8:39:13 AM",3.339,29.34,49.875,78.684,71825.6,1033.179,33.165,0.07,0.07,0.058,7.497,96.532,5.605,162.444,0,5.618,5.621,NA,24
"5/25/2022 8:39:14 AM",3.203,29.341,49.875,78.685,71825.8,1033.179,33.165,0.07,0.07,0.044,7.501,96.466,5.601,164.908,0,5.614,5.618,NA,24
"5/25/2022 8:39:14 AM",3.047,29.341,49.873,78.682,71822.7,1033.176,33.163,0.078,0.078,0.029,7.501,96.425,5.598,166.267,0,5.612,5.615,NA,24
"5/25/2022 8:39:14 AM",2.979,29.341,49.871,78.679,71820.3,1033.175,33.162,0.07,0.07,0.029,7.501,96.471,5.601,165.333,0,5.614,5.617,NA,24
"5/25/2022 8:39:14 AM",2.932,29.341,49.869,78.676,71817.6,1033.173,33.16,0.062,0.062,0,7.497,96.492,5.602,160.575,0,5.615,5.619,NA,24
"5/25/2022 8:39:14 AM",2.923,29.341,49.86,78.664,71806.7,1033.166,33.154,0.07,0.07,0.029,7.5,96.537,5.605,155.137,0,5.618,5.622,NA,24
"5/25/2022 8:39:15 AM",2.857,29.34,49.861,78.665,71808.1,1033.167,33.155,0.094,0.094,0.044,7.493,96.387,5.596,157.516,0,5.61,5.613,NA,24
"5/25/2022 8:39:15 AM",2.68,29.341,49.857,78.661,71803,1033.163,33.152,0.094,0.094,0.029,7.49,96.539,5.605,163.973,0,5.618,5.622,NA,24
"5/25/2022 8:39:15 AM",2.549,29.341,49.857,78.659,71802.4,1033.162,33.151,0.086,0.086,0.044,7.49,96.433,5.599,168.136,0,5.612,5.615,NA,24
"5/25/2022 8:39:15 AM",2.414,29.34,49.856,78.657,71801.8,1033.162,33.151,0.062,0.062,0.029,7.491,96.341,5.594,167.542,0,5.607,5.61,NA,24
"5/25/2022 8:39:16 AM",2.277,29.34,49.854,78.655,71799.3,1033.159,33.15,0.062,0.062,0.029,7.49,96.339,5.594,165.842,0,5.607,5.61,NA,24
"5/25/2022 8:39:16 AM",2.104,29.34,49.853,78.654,71797.9,1033.158,33.149,0.07,0.07,0.058,7.488,96.378,5.596,163.378,0,5.609,5.612,NA,24
"5/25/2022 8:39:16 AM",2.005,29.34,49.851,78.65,71794.9,1033.156,33.147,0.062,0.062,0.058,7.489,96.39,5.597,160.49,0,5.61,5.613,NA,24
"5/25/2022 8:39:16 AM",1.92,29.34,49.85,78.648,71793.2,1033.154,33.146,0.086,0.086,0.073,7.49,96.484,5.602,161.764,0,5.615,5.619,NA,24
"5/25/2022 8:39:16 AM",1.807,29.34,49.848,78.646,71791.5,1033.153,33.145,0.078,0.078,0.029,7.497,96.47,5.602,167.117,0,5.615,5.618,NA,24
"5/25/2022 8:39:17 AM",1.604,29.34,49.847,78.643,71789.3,1033.151,33.144,0.07,0.07,0,7.491,96.498,5.602,170.6,0,5.616,5.619,NA,24
"5/25/2022 8:39:17 AM",1.482,29.339,49.846,78.642,71788.7,1033.15,33.144,0.062,0.062,0.015,7.494,96.562,5.606,171.11,0,5.62,5.623,NA,24
"5/25/2022 8:39:17 AM",1.397,29.339,49.845,78.64,71786.7,1033.149,33.143,0.062,0.062,0.029,7.496,96.453,5.6,172.214,0,5.614,5.617,NA,24
"5/25/2022 8:39:17 AM",1.343,29.34,49.842,78.637,71783.5,1033.146,33.141,0.086,0.086,0.073,7.498,96.369,5.595,171.025,0,5.608,5.612,NA,24
"5/25/2022 8:39:17 AM",1.303,29.34,49.84,78.634,71780.7,1033.144,33.139,0.078,0.078,0.044,7.495,96.539,5.605,173.064,0,5.618,5.622,NA,24
"5/25/2022 8:39:18 AM",1.282,29.339,49.839,78.631,71779.3,1033.144,33.138,0.07,0.07,0.029,7.496,96.514,5.604,189.376,0,5.617,5.62,NA,24
"5/25/2022 8:39:18 AM",1.27,29.339,49.839,78.631,71779.6,1033.144,33.138,0.094,0.094,0.102,7.495,96.44,5.6,205.689,0,5.613,5.616,NA,24
"5/25/2022 8:39:18 AM",1.256,29.339,49.838,78.63,71778.4,1033.143,33.138,0.078,0.078,0.087,7.493,96.36,5.595,207.983,0,5.608,5.611,NA,24
"5/25/2022 8:39:18 AM",1.253,29.339,49.836,78.628,71776.3,1033.142,33.136,0.07,0.07,0.015,7.491,96.425,5.599,193.964,0,5.612,5.615,NA,24
"5/25/2022 8:39:18 AM",1.219,29.338,49.836,78.627,71776.3,1033.142,33.137,0.078,0.078,0.087,7.494,96.505,5.604,177.057,0,5.617,5.62,NA,24
"5/25/2022 8:39:19 AM",1.183,29.339,49.835,78.626,71774.5,1033.14,33.135,0.094,0.094,0.087,7.492,96.457,5.6,173.234,0,5.613,5.617,NA,24
"5/25/2022 8:39:19 AM",1.155,29.338,49.836,78.627,71776.1,1033.141,33.136,0.101,0.101,0.058,7.5,96.366,5.595,177.057,0,5.608,5.612,NA,24
"5/25/2022 8:39:19 AM",1.108,29.339,49.834,78.625,71773.9,1033.14,33.135,0.117,0.117,0.116,7.501,96.431,5.599,182.07,0,5.612,5.616,NA,24
"5/25/2022 8:39:19 AM",1.02,29.339,49.833,78.623,71771.6,1033.138,33.134,0.086,0.086,0.058,7.5,96.429,5.599,185.808,0,5.612,5.615,NA,24
"5/25/2022 8:39:19 AM",0.945,29.339,49.831,78.62,71769.8,1033.137,33.133,0.078,0.078,0.015,7.499,96.394,5.597,184.534,0,5.61,5.613,NA,24
"5/25/2022 8:39:20 AM",0.873,29.338,49.832,78.62,71770.2,1033.137,33.133,0.078,0.078,0.058,7.499,96.38,5.595,181.22,0,5.609,5.612,NA,24
"5/25/2022 8:39:20 AM",0.78,29.338,49.83,78.618,71768.5,1033.135,33.132,0.203,0.203,0.087,7.5,96.41,5.597,188.442,0,5.611,5.614,NA,24
"5/25/2022 8:39:20 AM",0.639,29.339,49.828,78.616,71765.8,1033.133,33.13,0.156,0.156,0.058,7.5,96.429,5.598,193.369,0,5.611,5.615,NA,24
"5/25/2022 8:39:20 AM",0.571,29.338,49.826,78.612,71763.2,1033.131,33.129,0.101,0.101,0.029,7.501,96.388,5.596,191.925,0,5.609,5.613,NA,24
"5/25/2022 8:39:20 AM",0.517,29.338,49.824,78.609,71760.6,1033.13,33.127,0.062,0.062,0.029,7.503,96.395,5.596,187.252,0,5.61,5.613,NA,24
"5/25/2022 8:39:21 AM",0.488,29.338,49.821,78.605,71756.8,1033.127,33.125,0.062,0.062,0.029,7.504,96.391,5.596,183.939,0,5.609,5.613,NA,24
"5/25/2022 8:39:21 AM",0.512,29.339,49.821,78.605,71756.3,1033.127,33.125,0.055,0.055,0.044,7.504,96.375,5.596,184.024,0,5.609,5.612,NA,24
"5/25/2022 8:39:21 AM",0.534,29.339,49.821,78.606,71756.6,1033.127,33.125,0.078,0.078,0.044,7.507,96.418,5.598,183.854,0,5.611,5.614,NA,24
"5/25/2022 8:39:21 AM",0.547,29.339,49.819,78.604,71755,1033.126,33.124,0.094,0.094,0.058,7.505,96.482,5.602,199.656,0,5.615,5.618,NA,24
"5/25/2022 8:39:21 AM",0.514,29.339,49.818,78.603,71753.2,1033.125,33.123,0.086,0.086,0.073,7.502,96.361,5.594,230.242,0,5.607,5.611,NA,24
"5/25/2022 8:39:22 AM",0.46,29.339,49.818,78.602,71753.6,1033.125,33.123,0.055,0.055,0.029,7.5,96.531,5.604,225.824,0,5.618,5.621,NA,24
"5/25/2022 8:39:22 AM",0.453,29.339,49.82,78.605,71755.2,1033.126,33.124,0.117,0.117,0.073,7.503,96.47,5.601,189.036,0,5.614,5.617,NA,24
"5/25/2022 8:39:22 AM",0.456,29.339,49.819,78.603,71754.4,1033.125,33.124,0.101,0.101,0.087,7.501,96.413,5.597,161.424,0,5.61,5.614,NA,24
"5/25/2022 8:39:22 AM",0.461,29.339,49.817,78.601,71751.7,1033.124,33.122,0.101,0.101,0.087,7.501,96.485,5.602,150.719,0,5.615,5.618,NA,24
"5/25/2022 8:39:22 AM",0.47,29.339,49.819,78.603,71754.1,1033.125,33.123,0.086,0.086,0.073,7.498,96.471,5.6,145.622,0,5.614,5.617,NA,24
"5/25/2022 8:39:23 AM",0.465,29.338,49.816,78.599,71750.7,1033.123,33.121,0.179,0.179,0.16,7.498,96.341,5.594,145.537,0,5.607,5.61,NA,24
"5/25/2022 8:39:23 AM",0.446,29.338,49.817,78.6,71751.3,1033.124,33.122,0.109,0.109,0.131,7.495,96.281,5.59,155.477,0,5.603,5.606,NA,24
"5/25/2022 8:39:23 AM",0.418,29.338,49.816,78.598,71750.1,1033.123,33.121,0.086,0.086,0.087,7.495,96.385,5.596,170.09,0,5.609,5.612,NA,24
"5/25/2022 8:39:23 AM",0.366,29.338,49.816,78.598,71750.2,1033.123,33.121,0.07,0.07,0.087,7.492,96.437,5.599,194.729,0,5.612,5.615,NA,24
"5/25/2022 8:39:24 AM",0.249,29.339,49.813,78.595,71746.4,1033.12,33.119,0.062,0.062,0.044,7.495,96.482,5.601,233.895,0,5.614,5.618,NA,24
"5/25/2022 8:39:24 AM",0.122,29.339,49.811,78.594,71744.5,1033.118,33.117,0.039,0.039,0,7.495,96.414,5.597,238.908,0,5.61,5.613,NA,24
"5/25/2022 8:39:24 AM",0.006,29.339,49.807,78.587,71738.9,1033.114,33.114,0.047,0.047,0,7.492,96.419,5.597,251.312,0,5.611,5.614,NA,24
"5/25/2022 8:39:24 AM",0,29.34,49.801,78.581,71731.7,1033.109,33.11,0,0,0,7.49,96.435,5.598,232.791,0,5.612,5.615,NA,24
"5/25/2022 8:39:24 AM",0,29.34,49.795,78.573,71724.2,1033.104,33.105,0,0,0,7.493,96.465,5.6,305.942,0,5.613,5.617,NA,24
"5/25/2022 8:39:25 AM",0,29.34,49.794,78.57,71721.9,1033.102,33.104,0,0,0,7.494,96.432,5.598,307.981,0,5.612,5.615,NA,24
"5/25/2022 8:39:25 AM",0,29.339,49.792,78.567,71720.3,1033.101,33.103,0.016,0.016,0,7.49,96.485,5.602,342.984,0,5.615,5.619,NA,24
"5/25/2022 8:39:25 AM",0,29.339,49.792,78.567,71720.1,1033.101,33.103,0.086,0.086,0.102,7.489,96.47,5.6,342.899,0,5.614,5.617,NA,24
"5/25/2022 8:39:25 AM",0,29.339,49.791,78.565,71718.3,1033.1,33.102,0.195,0.195,0.466,7.494,96.397,5.596,367.283,0,5.61,5.613,NA,24
"5/25/2022 8:39:25 AM",0,29.339,49.788,78.561,71714.9,1033.098,33.1,0.234,0.234,0.451,7.497,96.393,5.596,370.087,0,5.609,5.613,NA,24
"5/25/2022 8:39:26 AM",0,29.34,49.78,78.551,71705.2,1033.092,33.094,0.203,0.203,0.349,7.5,96.407,5.597,372.126,0,5.611,5.614,NA,24
"5/25/2022 8:39:26 AM",0,29.34,49.771,78.539,71694.2,1033.085,33.087,0.273,0.273,0.335,7.501,96.41,5.598,375.524,0,5.611,5.615,NA,24
"5/25/2022 8:39:26 AM",0,29.34,49.768,78.535,71689.6,1033.082,33.084,0.101,0.101,0.131,7.506,96.393,5.596,379.177,0,5.609,5.613,NA,24
"5/25/2022 8:39:26 AM",0,29.34,49.768,78.534,71689.7,1033.083,33.084,0.125,0.125,0.189,7.504,96.428,5.598,393.111,0,5.611,5.615,NA,24
"5/25/2022 8:39:26 AM",0,29.34,49.767,78.534,71689.3,1033.083,33.084,0.164,0.164,0.277,7.505,96.422,5.598,417.325,0,5.611,5.615,NA,24
"5/25/2022 8:39:27 AM",0,29.34,49.768,78.536,71690.3,1033.083,33.084,4.626,4.626,0.262,7.504,96.322,5.592,379.772,0,5.605,5.608,NA,24
"5/25/2022 8:39:27 AM",0,29.34,49.767,78.535,71689.2,1033.083,33.084,3.214,3.214,0.466,7.504,96.501,5.603,277.225,0,5.616,5.619,NA,24
"5/25/2022 8:39:27 AM",0,29.34,49.767,78.534,71689.1,1033.083,33.084,0.499,0.499,0.087,7.501,96.424,5.598,289.884,0,5.611,5.615,NA,24
"5/25/2022 8:39:27 AM",0,29.34,49.766,78.533,71687.8,1033.082,33.083,0.203,0.203,0.087,7.503,96.393,5.597,303.988,0,5.61,5.613,NA,24
"5/25/2022 8:39:27 AM",0,29.34,49.765,78.53,71686.1,1033.081,33.082,0.195,0.195,0.349,7.503,96.36,5.594,336.103,0,5.608,5.611,NA,24
"5/25/2022 8:39:28 AM",0,29.34,49.766,78.532,71687.7,1033.081,33.083,0.179,0.179,0.218,7.502,96.405,5.597,376.629,0,5.61,5.614,NA,24
"5/25/2022 8:39:28 AM",0,29.34,49.763,78.528,71683.3,1033.078,33.08,0.14,0.14,1.18,7.497,96.441,5.599,415.625,0,5.612,5.615,NA,24
"5/25/2022 8:39:28 AM",0,29.34,49.759,78.524,71679.1,1033.076,33.078,0.218,0.218,0.699,7.495,96.459,5.601,429.984,0,5.614,5.617,NA,24
"5/25/2022 8:39:28 AM",0,29.34,49.762,78.528,71683,1033.078,33.08,0.133,0.133,0.189,7.493,96.452,5.599,431.598,0,5.612,5.616,NA,24
"5/25/2022 8:39:28 AM",0,29.341,49.761,78.527,71681.5,1033.077,33.079,0.133,0.133,0.116,7.491,96.44,5.599,431.003,0,5.612,5.615,NA,24
"5/25/2022 8:39:29 AM",0,29.34,49.758,78.522,71677.6,1033.075,33.077,0.101,0.101,0.029,7.489,96.402,5.597,409.848,0,5.61,5.613,NA,24
"5/25/2022 8:39:29 AM",0,29.34,46.284,73.728,67301.3,1030.445,30.447,0.117,0.117,0.349,7.491,96.324,5.7,408.998,0,5.715,5.717,NA,24
"5/25/2022 8:39:29 AM",0,29.338,5.017,9.785,8932.5,999.59,0,5.827,5.827,0,7.49,96.392,7.165,419.958,0,7.186,7.186,NA,24
"5/25/2022 8:39:29 AM",0,29.293,1.321,2.791,2550.4,996.848,0,104.834,104.834,155.582,7.488,96.458,7.318,433.552,0,7.339,7.339,NA,24
"5/25/2022 8:39:29 AM",0,29.401,0.942,2.028,1848.7,996.532,0,301.678,301.678,218.113,7.486,96.491,7.337,460.314,0,7.359,7.359,NA,24
"5/25/2022 8:39:30 AM",0,29.485,0.809,1.757,1599.5,996.408,0,120.046,120.046,130.168,7.484,96.337,7.331,473.653,0,7.352,7.353,NA,24
"5/25/2022 8:39:30 AM",0,29.642,0.735,1.607,1458,996.305,0,113.665,113.665,183.664,7.483,96.449,7.344,469.83,0,7.365,7.365,NA,24
"5/25/2022 8:39:30 AM",0,29.84,0.694,1.527,1379.9,996.215,0,52.725,52.725,94.041,7.483,96.404,7.342,481.045,0,7.363,7.364,NA,24
"5/25/2022 8:39:30 AM",0,30.554,0.59,1.324,1180,995.92,0,489.2,489.2,165.272,7.487,96.311,7.341,515.963,0,7.362,7.362,NA,24
"5/25/2022 8:39:31 AM",0,30.479,0.582,1.306,1165.5,995.937,0,323.247,323.247,57.996,7.487,96.386,7.346,528.368,0,7.367,7.367,NA,24
"5/25/2022 8:39:31 AM",0,30.264,0.554,1.24,1111.4,995.982,0,94.724,94.724,16.254,7.481,96.563,7.36,525.649,0,7.381,7.381,NA,24
"5/25/2022 8:39:31 AM",0,30.083,0.527,1.178,1059.3,996.017,0,135.203,135.203,84.881,7.479,96.57,7.36,510.781,0,7.381,7.382,NA,24
"5/25/2022 8:39:31 AM",0,30.042,0.502,1.124,1011.9,996.011,0,44.121,44.121,52.933,7.478,96.547,7.358,492.769,0,7.379,7.38,NA,24
"5/25/2022 8:39:31 AM",0,30.395,0.458,1.034,924.4,995.87,0,35.813,35.813,80.741,7.475,96.703,7.372,460.314,0,7.393,7.393,NA,24
"5/25/2022 8:39:32 AM",0,30.494,0.497,1.121,999.9,995.868,0,28.535,28.535,49.447,7.475,96.713,7.371,430.833,0,7.392,7.392,NA,24
"5/25/2022 8:39:32 AM",0,30.685,0.452,1.028,913.8,995.777,0,44.558,44.558,47.073,7.481,97.053,7.398,423.782,0,7.419,7.42,NA,24
"5/25/2022 8:39:32 AM",0,31.013,0.42,0.962,849.8,995.651,0,126.505,126.505,241.971,7.476,96.916,7.388,461.079,0,7.409,7.409,NA,24
"5/25/2022 8:39:32 AM",0,31.009,0.402,0.924,815.7,995.639,0,295.765,295.765,196.766,7.475,96.515,7.353,524.289,0,7.374,7.375,NA,24
"5/25/2022 8:39:32 AM",0,30.662,0.391,0.893,793.7,995.738,0,159.931,159.931,113.183,7.47,96.538,7.354,540.432,0,7.375,7.375,NA,24
"5/25/2022 8:39:33 AM",0,30.327,0.384,0.87,779.1,995.835,0,87.017,87.017,40.847,7.466,96.471,7.348,540.177,0,7.369,7.369,NA,24
"5/25/2022 8:39:33 AM",0,29.745,0.373,0.838,758.9,996.004,0,37.451,37.451,9.046,7.465,96.226,7.328,530.152,0,7.349,7.349,NA,24
"5/25/2022 8:39:33 AM",0,29.165,0.36,0.801,734.1,996.166,0,9.384,9.384,1.603,7.462,95.796,7.295,530.577,0,7.316,7.316,NA,24
"5/25/2022 8:39:33 AM",0,28.972,0.353,0.783,720.4,996.218,0,5.07,5.07,0,7.46,95.596,7.28,513.415,0,7.301,7.301,NA,24
"5/25/2022 8:39:33 AM",0,28.839,0.343,0.758,699.3,996.249,0,24.05,24.05,35.235,7.457,95.47,7.271,510.696,0,7.292,7.292,NA,24
"5/25/2022 8:39:34 AM",0,28.734,0.339,0.749,691.9,996.277,0,209.965,209.965,101.64,7.451,95.377,7.265,484.613,0,7.286,7.286,NA,24
"5/25/2022 8:39:34 AM",0,28.577,0.345,0.76,704.5,996.327,0,115.763,115.763,120.96,7.45,95.388,7.267,477.137,0,7.288,7.288,NA,24
"5/25/2022 8:39:34 AM",0,28.059,0.332,0.724,678,996.466,0,23.808,23.808,16.505,7.453,95.019,7.243,458.19,0,7.264,7.264,NA,24
"5/25/2022 8:39:34 AM",0,27.953,0.327,0.713,669.4,996.493,0,7.028,7.028,4.04,7.459,94.893,7.235,407.809,0,7.255,7.255,NA,24
"5/25/2022 8:39:34 AM",0,27.959,0.33,0.718,673.8,996.493,0,2.114,2.114,0.029,7.461,94.631,7.217,341.2,0,7.238,7.238,NA,24
"5/25/2022 8:39:35 AM",0,27.975,0.344,0.748,702.5,996.499,0,0.187,0.187,0,7.459,94.527,7.21,280.539,0,7.23,7.23,NA,24
"5/25/2022 8:39:35 AM",0,28.001,0.392,0.851,798.4,996.528,0,0.374,0.374,0,7.46,94.36,7.197,197.278,0,7.217,7.217,NA,24
"5/25/2022 8:39:35 AM",0,28.008,0.373,0.811,760.9,996.512,0,1.1,1.1,1.967,7.457,94.334,7.196,180.795,0,7.217,7.217,NA,24
"5/25/2022 8:39:35 AM",0,28.015,0.328,0.716,671.4,996.476,0,1.116,1.116,1.603,7.456,94.383,7.203,201.95,0,7.224,7.224,NA,24
"5/25/2022 8:39:35 AM",0,27.976,0.304,0.664,622.9,996.469,0,1.069,1.069,0.087,7.458,94.392,7.206,276.036,0,7.227,7.227,NA,24
"5/25/2022 8:39:36 AM",0,27.926,0.299,0.653,613.4,996.479,0,0.437,0.437,0.786,7.457,94.224,7.193,348.252,0,7.214,7.214,NA,24
"5/25/2022 8:39:36 AM",0,27.762,0.289,0.63,593.6,996.518,0,18.987,18.987,11.777,7.459,94.13,7.188,348.677,0,7.209,7.209,NA,24
"5/25/2022 8:39:36 AM",0,27.647,0.285,0.618,584.2,996.547,0,60.698,60.698,21.976,7.457,94.156,7.191,356.323,0,7.212,7.212,NA,24
"5/25/2022 8:39:36 AM",0,27.584,0.279,0.604,572,996.56,0,47.858,47.858,79.719,7.456,94.223,7.197,354.284,0,7.218,7.218,NA,24
"5/25/2022 8:39:36 AM",0,27.562,0.273,0.592,560,996.562,0,38.848,38.848,47.239,7.454,94.169,7.194,346.723,0,7.214,7.214,NA,24
"5/25/2022 8:39:37 AM",0,27.612,0.38,0.819,774.1,996.629,0,69.887,69.887,185.932,7.456,94.049,7.181,304.752,0,7.202,7.202,NA,24
"5/25/2022 8:39:37 AM",0,27.508,1.722,3.466,3284.9,997.665,0,22.989,22.989,82.011,7.484,92.516,7.029,310.19,0,7.049,7.049,NA,24
"5/25/2022 8:39:37 AM",0,27.457,1.412,2.87,2723.2,997.448,0,7.614,7.614,27.025,7.527,92.119,7.036,332.959,0,7.056,7.056,NA,24
"5/25/2022 8:39:37 AM",0,27.423,1.417,2.877,2731.2,997.46,0,3.776,3.776,13.248,7.607,92.012,7.053,367.368,0,7.073,7.073,NA,24
"5/25/2022 8:39:37 AM",0,27.431,1.32,2.691,2554.8,997.386,0,2.598,2.598,10.146,7.707,91.783,7.061,362.95,0,7.082,7.082,NA,24
"5/25/2022 8:39:38 AM",0,27.408,1.078,2.219,2107.8,997.211,0,2.348,2.348,9.501,7.804,91.438,7.067,346.213,0,7.087,7.087,NA,24
"5/25/2022 8:39:38 AM",0,27.409,0.951,1.969,1869.5,997.114,0,2.052,2.052,9.662,7.834,91.244,7.066,334.573,0,7.086,7.086,NA,24
"5/25/2022 8:39:38 AM",0,27.414,0.911,1.891,1795.9,997.084,0,1.779,1.779,9.838,7.862,91.01,7.056,342.984,0,7.076,7.076,NA,24
"5/25/2022 8:39:38 AM",0,27.411,0.932,1.932,1834.3,997.1,0,2.059,2.059,10.044,7.882,90.81,7.043,361.93,0,7.063,7.063,NA,24
"5/25/2022 8:39:38 AM",0,27.416,0.891,1.851,1757.9,997.068,0,1.81,1.81,8.958,7.908,90.9,7.057,389.373,0,7.077,7.077,NA,24
"5/25/2022 8:39:39 AM",0,27.416,0.871,1.811,1719.4,997.052,0,1.763,1.763,8.489,7.917,90.9,7.059,409.083,0,7.079,7.08,NA,24
"5/25/2022 8:39:39 AM",0,27.419,0.867,1.804,1712.8,997.049,0,2.02,2.02,8.577,7.923,90.881,7.059,425.821,0,7.079,7.08,NA,24
"5/25/2022 8:39:39 AM",0,27.42,0.844,1.757,1668.5,997.031,0,1.997,1.997,9.266,7.931,90.859,7.06,426.925,0,7.08,7.08,NA,24
"5/25/2022 8:39:39 AM",0,27.423,0.829,1.727,1639.6,997.019,0,1.857,1.857,9.222,7.94,90.74,7.052,432.787,0,7.072,7.072,NA,24
"5/25/2022 8:39:40 AM",0,27.422,0.818,1.707,1620.3,997.011,0,1.927,1.927,9.442,7.942,90.81,7.058,445.446,0,7.078,7.078,NA,24
"5/25/2022 8:39:40 AM",0,27.42,0.816,1.702,1615.5,997.01,0,1.942,1.942,8.65,7.946,90.811,7.058,461.759,0,7.078,7.078,NA,24
"5/25/2022 8:39:40 AM",0,27.426,0.797,1.665,1580.7,996.995,0,1.888,1.888,8.635,7.947,90.875,7.063,490.39,0,7.083,7.083,NA,24
"5/25/2022 8:39:40 AM",0,27.426,0.796,1.662,1578.2,996.994,0,1.755,1.755,8.752,7.949,90.895,7.065,532.276,0,7.085,7.085,NA,24
"5/25/2022 8:39:40 AM",0,27.429,0.781,1.633,1550.3,996.982,0,2.044,2.044,8.371,7.949,90.84,7.061,556.914,0,7.081,7.081,NA,24
"5/25/2022 8:39:41 AM",0,27.429,0.786,1.642,1559,996.985,0,2.059,2.059,8.84,7.951,90.86,7.062,557.254,0,7.082,7.082,NA,24
"5/25/2022 8:39:41 AM",0,27.428,0.781,1.633,1550.1,996.982,0,1.903,1.903,8.708,7.951,90.85,7.061,554.28,0,7.081,7.081,NA,24
"5/25/2022 8:39:41 AM",0,27.43,0.786,1.641,1558.1,996.984,0,2.052,2.052,8.313,7.95,90.886,7.065,556.319,0,7.085,7.085,NA,24
"5/25/2022 8:39:41 AM",0,27.438,0.786,1.642,1558.4,996.982,0,1.849,1.849,8.972,7.962,90.794,7.058,561.332,0,7.078,7.078,NA,24
"5/25/2022 8:39:41 AM",0,27.44,0.76,1.59,1509.3,996.962,0,1.857,1.857,9.046,7.962,90.803,7.061,565.58,0,7.081,7.081,NA,24
"5/25/2022 8:39:42 AM",0,27.446,0.74,1.551,1471.6,996.946,0,1.794,1.794,8.562,7.961,90.904,7.07,570.168,0,7.09,7.09,NA,24
"5/25/2022 8:39:42 AM",0,27.449,0.739,1.548,1469,996.944,0,1.771,1.771,8.84,7.96,90.918,7.071,574.926,0,7.091,7.092,NA,24
"5/25/2022 8:39:42 AM",0,27.451,0.736,1.542,1463,996.941,0,1.685,1.685,9.236,7.956,90.792,7.062,578.919,0,7.082,7.082,NA,24
"5/25/2022 8:39:42 AM",0,27.455,0.725,1.522,1443.5,996.932,0,1.935,1.935,8.928,7.951,90.776,7.06,582.742,0,7.08,7.08,NA,24
"5/25/2022 8:39:42 AM",0,27.457,0.72,1.512,1434,996.928,0,2.013,2.013,8.826,7.952,90.781,7.061,583.337,0,7.081,7.082,NA,24
"5/25/2022 8:39:43 AM",0,27.456,0.696,1.462,1386.8,996.91,0,2.161,2.161,8.459,7.951,90.713,7.057,586.99,0,7.076,7.077,NA,24
"5/25/2022 8:39:43 AM",0,27.454,0.693,1.458,1382.9,996.909,0,1.802,1.802,8.708,7.953,90.699,7.056,591.408,0,7.076,7.076,NA,24
"5/25/2022 8:39:43 AM",0,27.448,0.691,1.453,1378.6,996.909,0,1.825,1.825,8.826,7.951,90.56,7.044,595.061,0,7.064,7.064,NA,24
"5/25/2022 8:39:43 AM",0,27.446,0.694,1.459,1384.5,996.912,0,2.013,2.013,9.031,7.948,90.481,7.037,595.486,0,7.057,7.057,NA,24
"5/25/2022 8:39:43 AM",0,27.447,0.703,1.476,1400.8,996.918,0,1.763,1.763,8.195,7.95,90.548,7.042,595.061,0,7.062,7.062,NA,24
"5/25/2022 8:39:44 AM",0,27.447,0.705,1.481,1405.6,996.92,0,1.747,1.747,8.811,7.948,90.578,7.043,594.467,0,7.063,7.064,NA,24
"5/25/2022 8:39:44 AM",0,27.448,0.709,1.489,1412.8,996.922,0,1.802,1.802,8.269,7.948,90.436,7.032,593.872,0,7.052,7.052,NA,24
"5/25/2022 8:39:44 AM",0,27.451,0.706,1.482,1405.9,996.919,0,1.786,1.786,8.752,7.953,90.399,7.028,593.107,0,7.048,7.048,NA,24
"5/25/2022 8:39:44 AM",0,27.453,0.698,1.467,1391.6,996.912,0,1.701,1.701,8.708,7.953,90.34,7.024,593.277,0,7.044,7.044,NA,24
"5/25/2022 8:39:44 AM",0,27.453,0.692,1.455,1380.3,996.908,0,1.732,1.732,8.503,7.952,90.308,7.021,593.957,0,7.041,7.041,NA,24
"5/25/2022 8:39:45 AM",0,27.455,0.685,1.44,1365.8,996.902,0,1.95,1.95,8.606,7.95,90.144,7.007,594.297,0,7.027,7.027,NA,24
"5/25/2022 8:39:45 AM",0,27.456,0.686,1.443,1369.2,996.903,0,1.903,1.903,8.723,7.945,90.346,7.023,594.891,0,7.043,7.043,NA,24
"5/25/2022 8:39:45 AM",0,27.456,0.717,1.506,1428.6,996.926,0,1.911,1.911,8.415,7.942,90.255,7.014,595.401,0,7.034,7.034,NA,24
"5/25/2022 8:39:45 AM",0,27.457,0.733,1.537,1458.5,996.938,0,1.95,1.95,9.295,7.942,90.32,7.018,595.401,0,7.038,7.039,NA,24
"5/25/2022 8:39:45 AM",0,27.458,0.733,1.538,1459.2,996.938,0,1.81,1.81,8.943,7.94,90.267,7.014,595.061,0,7.034,7.034,NA,24
"5/25/2022 8:39:46 AM",0,27.46,0.718,1.508,1430.2,996.926,0,1.989,1.989,9.251,7.937,90.19,7.008,594.552,0,7.028,7.028,NA,24
"5/25/2022 8:39:46 AM",0,27.463,0.712,1.495,1418,996.92,0,1.693,1.693,8.474,7.942,90.291,7.015,594.127,0,7.035,7.035,NA,24
"5/25/2022 8:39:46 AM",0,27.466,0.714,1.5,1422.4,996.921,0,1.638,1.638,9.207,7.941,90.205,7.008,593.957,0,7.027,7.028,NA,24
"5/25/2022 8:39:46 AM",0,27.466,0.717,1.506,1428.3,996.923,0,1.755,1.755,8.87,7.935,90.233,7.009,593.872,0,7.029,7.029,NA,24
"5/25/2022 8:39:46 AM",0,27.467,0.717,1.505,1427.6,996.923,0,2.028,2.028,8.708,7.933,90.327,7.017,593.872,0,7.037,7.037,NA,24
"5/25/2022 8:39:47 AM",0,27.469,0.717,1.504,1426.9,996.922,0,2.247,2.247,8.239,7.938,90.303,7.014,594.042,0,7.034,7.034,NA,24
"5/25/2022 8:39:47 AM",0,27.471,0.716,1.502,1424.9,996.92,0,1.958,1.958,8.664,7.937,90.284,7.012,595.231,0,7.032,7.032,NA,24
"5/25/2022 8:39:47 AM",0,27.472,0.715,1.501,1423.8,996.92,0,1.896,1.896,8.635,7.935,90.258,7.009,596.166,0,7.029,7.03,NA,24
"5/25/2022 8:39:47 AM",0,27.476,0.715,1.501,1423.6,996.918,0,1.786,1.786,8.738,7.936,90.292,7.012,597.1,0,7.032,7.032,NA,24
"5/25/2022 8:39:47 AM",0,27.479,0.714,1.499,1421.7,996.917,0,1.81,1.81,8.591,7.933,90.219,7.006,597.95,0,7.026,7.027,NA,24
"5/25/2022 8:39:48 AM",0,27.485,0.713,1.498,1420.4,996.915,0,1.747,1.747,8.972,7.931,90.206,7.004,598.46,0,7.024,7.024,NA,24
"5/25/2022 8:39:48 AM",0,27.493,0.714,1.499,1421,996.913,0,1.966,1.966,9.31,7.931,90.172,7.001,598.12,0,7.021,7.021,NA,24
"5/25/2022 8:39:48 AM",0,27.498,0.713,1.498,1419.7,996.911,0,2.052,2.052,8.415,7.927,90.276,7.009,596.761,0,7.029,7.029,NA,24
"5/25/2022 8:39:48 AM",0,27.505,0.712,1.497,1418.4,996.909,0,2.028,2.028,8.914,7.922,90.341,7.014,594.297,0,7.033,7.034,NA,24
"5/25/2022 8:39:48 AM",0,27.508,0.713,1.498,1419.2,996.908,0,1.935,1.935,8.489,7.924,90.231,7.005,590.304,0,7.025,7.025,NA,24
"5/25/2022 8:39:49 AM",0,27.509,0.712,1.497,1419,996.907,0,1.841,1.841,8.826,7.921,90.324,7.011,586.99,0,7.031,7.031,NA,24
"5/25/2022 8:39:49 AM",0,27.513,0.715,1.503,1424,996.908,0,1.896,1.896,8.063,7.919,90.2,7.001,585.886,0,7.021,7.021,NA,24
"5/25/2022 8:39:49 AM",0,27.517,0.716,1.505,1425.9,996.908,0,1.833,1.833,8.591,7.917,90.313,7.01,585.461,0,7.03,7.03,NA,24
"5/25/2022 8:39:49 AM",0,27.522,0.715,1.503,1423.8,996.906,0,1.927,1.927,8.298,7.916,90.35,7.012,586.565,0,7.032,7.032,NA,24
"5/25/2022 8:39:49 AM",0,27.527,0.705,1.482,1404,996.897,0,1.841,1.841,8.371,7.91,90.191,6.999,589.794,0,7.019,7.019,NA,24
"5/25/2022 8:39:50 AM",0,27.532,0.687,1.446,1369.9,996.882,0,1.88,1.88,8.899,7.912,90.285,7.007,593.192,0,7.027,7.027,NA,24
"5/25/2022 8:39:50 AM",0,27.536,0.676,1.424,1348.5,996.872,0,1.966,1.966,8.342,7.91,90.301,7.009,594.127,0,7.029,7.029,NA,24
"5/25/2022 8:39:50 AM",0,27.537,0.666,1.404,1329.5,996.864,0,1.966,1.966,9.016,7.909,90.233,7.004,593.872,0,7.023,7.024,NA,24
"5/25/2022 8:39:50 AM",0,27.538,0.655,1.382,1309.4,996.856,0,1.685,1.685,8.884,7.909,90.201,7.001,592.258,0,7.021,7.021,NA,24
"5/25/2022 8:39:51 AM",0,27.541,0.649,1.369,1296.6,996.851,0,1.693,1.693,8.313,7.906,90.25,7.004,589.369,0,7.024,7.024,NA,24
"5/25/2022 8:44:59 AM",0,29.349,49.756,78.531,71673.5,1033.071,33.072,0.234,0.234,0.466,7.109,96.939,5.668,313.163,0,5.682,5.685,NA,24
"5/25/2022 8:44:59 AM",0,29.347,49.727,78.489,71638.3,1033.051,33.051,0.296,0.296,0.539,7.128,96.876,5.663,316.052,0,5.677,5.68,NA,24
"5/25/2022 8:44:59 AM",0,29.344,49.746,78.511,71662.8,1033.066,33.067,0.476,0.476,0.553,7.142,96.943,5.665,335.763,0,5.679,5.682,NA,24
"5/25/2022 8:44:59 AM",0,29.337,49.775,78.54,71699.6,1033.091,33.091,0.328,0.328,0.728,7.158,96.839,5.657,338.397,0,5.671,5.674,NA,24
"5/25/2022 8:45:00 AM",0,29.332,49.771,78.528,71695.1,1033.089,33.09,0.328,0.328,0.583,7.171,96.755,5.651,328.371,0,5.665,5.668,NA,24
"5/25/2022 8:45:00 AM",0,29.325,49.795,78.55,71725.2,1033.109,33.11,0.546,0.546,0.51,7.192,96.807,5.653,320.895,0,5.667,5.67,NA,24
"5/25/2022 8:45:00 AM",0,29.317,49.827,78.582,71766.2,1033.136,33.137,0.39,0.39,0.524,7.204,96.866,5.655,320.385,0,5.668,5.672,NA,24
"5/25/2022 8:45:00 AM",0,29.32,49.827,78.587,71766.1,1033.135,33.136,0.226,0.226,0.408,7.214,96.867,5.655,325.483,0,5.668,5.671,NA,24
"5/25/2022 8:45:00 AM",0,29.318,49.823,78.578,71761.9,1033.133,33.134,0.187,0.187,0.408,7.221,96.783,5.648,338.312,0,5.662,5.665,NA,24
"5/25/2022 8:45:01 AM",0,29.319,49.824,78.581,71762.2,1033.133,33.134,0.46,0.46,0.422,7.23,96.81,5.65,343.239,0,5.663,5.666,NA,24
"5/25/2022 8:45:01 AM",0,29.322,49.828,78.591,71766.8,1033.135,33.136,0.452,0.452,0.466,7.246,96.68,5.641,386.314,0,5.654,5.658,NA,24
"5/25/2022 8:45:01 AM",0,29.331,49.818,78.591,71753.9,1033.124,33.126,0.367,0.367,0.393,7.255,96.71,5.642,359.212,0,5.656,5.659,NA,24
"5/25/2022 8:45:01 AM",0,29.333,49.82,78.596,71755.6,1033.124,33.126,0.289,0.289,0.306,7.262,96.695,5.641,410.613,0,5.654,5.658,NA,24
"5/25/2022 8:45:01 AM",0,29.333,49.821,78.598,71757.6,1033.126,33.127,0.195,0.195,0.364,7.272,96.718,5.642,423.187,0,5.655,5.659,NA,24
"5/25/2022 8:45:02 AM",0,29.337,49.815,78.595,71749.2,1033.12,33.121,0.218,0.218,0.408,7.285,96.848,5.648,438.819,0,5.661,5.664,NA,24
"5/25/2022 8:45:02 AM",0,29.337,49.807,78.584,71739.3,1033.114,33.115,0.265,0.265,0.32,7.296,96.878,5.649,446.891,0,5.662,5.666,NA,24
"5/25/2022 8:45:02 AM",0,29.34,49.796,78.573,71724.9,1033.104,33.105,0.211,0.211,0.364,7.306,96.739,5.64,359.042,0,5.654,5.657,NA,24
"5/25/2022 8:45:02 AM",0,29.345,49.818,78.61,71751.4,1033.119,33.12,0.133,0.133,0.204,7.314,96.762,5.641,271.958,0,5.655,5.658,NA,24
"5/25/2022 8:45:02 AM",0,29.35,49.818,78.619,71751.9,1033.119,33.119,0.101,0.101,0.102,7.323,96.819,5.645,290.309,0,5.658,5.662,NA,24
"5/25/2022 8:45:03 AM",0.202,29.351,49.821,78.625,71755.2,1033.121,33.12,0,0,0,7.34,96.717,5.638,223.53,0,5.651,5.655,NA,24
"5/25/2022 8:45:03 AM",0.324,29.351,49.823,78.627,71757.8,1033.123,33.122,0,0,0,7.35,96.736,5.638,160.32,0,5.652,5.655,NA,24
"5/25/2022 8:45:03 AM",0.447,29.352,49.824,78.631,71759.4,1033.125,33.123,0,0,0,7.36,96.807,5.641,117.245,0,5.655,5.658,NA,24
"5/25/2022 8:45:03 AM",0.569,29.354,49.83,78.64,71766.4,1033.129,33.126,0.398,0.398,0.786,7.368,96.779,5.639,109.004,0,5.652,5.656,NA,24
"5/25/2022 8:45:03 AM",0.689,29.353,49.831,78.642,71768,1033.13,33.127,0.702,0.702,1.603,7.376,96.834,5.641,145.452,0,5.655,5.658,NA,24
"5/25/2022 8:45:04 AM",0.807,29.352,49.835,78.645,71773.2,1033.134,33.131,0.367,0.367,0.757,7.369,96.803,5.639,210.107,0,5.653,5.656,NA,24
"5/25/2022 8:45:04 AM",0.819,29.351,49.831,78.638,71767.8,1033.131,33.128,0.203,0.203,0.393,7.373,96.799,5.639,237.209,0,5.652,5.656,NA,24
"5/25/2022 8:45:04 AM",0.797,29.35,49.833,78.639,71770.8,1033.134,33.13,0.133,0.133,0.146,7.375,96.795,5.639,250.463,0,5.652,5.656,NA,24
"5/25/2022 8:45:04 AM",0.753,29.347,49.836,78.639,71775,1033.137,33.134,0.133,0.133,0.146,7.382,96.8,5.64,255.73,0,5.653,5.657,NA,24
"5/25/2022 8:45:04 AM",0.705,29.345,49.842,78.643,71782.3,1033.142,33.139,0.078,0.078,0.16,7.389,96.716,5.635,259.214,0,5.648,5.651,NA,24
"5/25/2022 8:45:05 AM",0.684,29.342,49.844,78.642,71785,1033.144,33.141,0.062,0.062,0.204,7.392,96.787,5.639,251.822,0,5.652,5.656,NA,24
"5/25/2022 8:45:05 AM",0.649,29.341,49.841,78.636,71781.1,1033.142,33.139,0.078,0.078,0.204,7.394,96.772,5.638,244.091,0,5.651,5.655,NA,24
"5/25/2022 8:45:05 AM",0.625,29.34,49.842,78.637,71783,1033.143,33.14,0.078,0.078,0.146,7.395,96.804,5.64,246.894,0,5.653,5.657,NA,24
"5/25/2022 8:45:05 AM",0.605,29.342,49.84,78.636,71780.3,1033.141,33.138,0.07,0.07,0.116,7.395,96.74,5.636,255.815,0,5.649,5.653,NA,24
"5/25/2022 8:45:05 AM",0.614,29.344,49.831,78.628,71769.4,1033.134,33.131,0.062,0.062,0.116,7.4,96.846,5.642,257.599,0,5.656,5.659,NA,24
"5/25/2022 8:45:06 AM",0.637,29.346,49.826,78.624,71762.7,1033.129,33.127,0.086,0.086,0.131,7.403,96.777,5.638,249.443,0,5.652,5.655,NA,24
"5/25/2022 8:45:06 AM",0.642,29.345,49.83,78.628,71767.5,1033.132,33.129,0.109,0.109,0.087,7.402,96.656,5.63,250.038,0,5.644,5.647,NA,24
"5/25/2022 8:45:06 AM",0.661,29.344,49.833,78.63,71771,1033.135,33.132,0.133,0.133,0.073,7.404,96.803,5.638,256.92,0,5.652,5.655,NA,24
"5/25/2022 8:45:06 AM",0.687,29.344,49.83,78.627,71767.4,1033.133,33.13,0.101,0.101,0.087,7.408,96.781,5.637,259.044,0,5.651,5.654,NA,24
"5/25/2022 8:45:07 AM",0.705,29.346,49.825,78.623,71761.4,1033.128,33.125,0.078,0.078,0.073,7.409,96.761,5.637,254.796,0,5.65,5.654,NA,24
"5/25/2022 8:45:07 AM",0.729,29.349,49.824,78.625,71759.4,1033.127,33.124,0.078,0.078,0.087,7.408,96.903,5.646,252.757,0,5.659,5.663,NA,24
"5/25/2022 8:45:07 AM",0.745,29.349,49.822,78.622,71756.5,1033.125,33.122,0.078,0.078,0.087,7.411,96.844,5.642,252.672,0,5.656,5.659,NA,24
"5/25/2022 8:45:07 AM",0.774,29.349,49.827,78.628,71762.7,1033.129,33.126,0.078,0.078,0.131,7.413,96.844,5.642,254.116,0,5.656,5.659,NA,24
"5/25/2022 8:45:07 AM",0.818,29.346,49.837,78.639,71776,1033.138,33.134,0.148,0.148,0.131,7.414,96.789,5.638,245.705,0,5.652,5.655,NA,24
"5/25/2022 8:45:08 AM",0.844,29.345,49.84,78.641,71779.4,1033.14,33.137,0.172,0.172,0.16,7.418,96.795,5.638,243.921,0,5.651,5.654,NA,24
"5/25/2022 8:45:08 AM",0.87,29.346,49.837,78.64,71776.6,1033.138,33.135,0.117,0.117,0.131,7.42,96.795,5.638,245.365,0,5.651,5.655,NA,24
"5/25/2022 8:45:08 AM",0.891,29.345,49.839,78.641,71779.1,1033.14,33.136,0.109,0.109,0.16,7.42,96.759,5.635,245.195,0,5.649,5.652,NA,24
"5/25/2022 8:45:08 AM",0.91,29.346,49.845,78.649,71785.7,1033.144,33.14,0.265,0.265,0.146,7.424,96.866,5.641,242.561,0,5.655,5.658,NA,24
"5/25/2022 8:45:08 AM",0.917,29.344,49.848,78.652,71790.5,1033.148,33.144,0.273,0.273,0.102,7.423,96.832,5.639,247.064,0,5.653,5.656,NA,24
"5/25/2022 8:45:09 AM",0.906,29.343,49.85,78.653,71792.8,1033.149,33.145,0.156,0.156,0.116,7.426,96.695,5.631,248.848,0,5.644,5.648,NA,24
"5/25/2022 8:45:09 AM",0.894,29.343,49.85,78.652,71792.2,1033.149,33.145,0.101,0.101,0.087,7.428,96.715,5.632,241.882,0,5.645,5.649,NA,24
"5/25/2022 8:45:09 AM",0.868,29.342,49.851,78.652,71793.9,1033.15,33.146,0.117,0.117,0.058,7.426,96.74,5.633,242.052,0,5.647,5.65,NA,24
"5/25/2022 8:45:09 AM",0.831,29.341,49.85,78.65,71793.6,1033.15,33.146,0.086,0.086,0.058,7.424,96.743,5.633,242.901,0,5.647,5.65,NA,24
"5/25/2022 8:45:09 AM",0.805,29.341,49.85,78.65,71793.5,1033.15,33.146,0.086,0.086,0.393,7.422,96.776,5.636,250.463,0,5.649,5.652,NA,24
"5/25/2022 8:45:10 AM",0.772,29.338,49.85,78.646,71793.6,1033.15,33.147,0.094,0.094,0.248,7.423,96.727,5.633,257.769,0,5.646,5.65,NA,24
"5/25/2022 8:45:10 AM",0.741,29.341,49.846,78.643,71787.8,1033.146,33.143,0.078,0.078,0.16,7.426,96.823,5.639,258.449,0,5.653,5.656,NA,24
"5/25/2022 8:45:10 AM",0.701,29.342,49.839,78.637,71779.5,1033.141,33.138,0.101,0.101,0.131,7.426,96.804,5.638,260.233,0,5.652,5.655,NA,24
"5/25/2022 8:45:10 AM",0.67,29.343,49.835,78.631,71773.3,1033.136,33.134,0.117,0.117,0.146,7.424,96.856,5.642,265.925,0,5.656,5.659,NA,24
"5/25/2022 8:45:10 AM",0.651,29.346,49.828,78.627,71764.6,1033.13,33.127,0.172,0.172,0.364,7.422,96.929,5.647,253.521,0,5.66,5.663,NA,24
"5/25/2022 8:45:11 AM",0.628,29.347,49.824,78.623,71760.1,1033.127,33.125,0.117,0.117,0.262,7.425,96.878,5.643,245.705,0,5.657,5.66,NA,24
"5/25/2022 8:45:11 AM",0.625,29.348,49.818,78.616,71752.2,1033.122,33.119,0.218,0.218,0.218,7.427,96.874,5.643,243.921,0,5.656,5.66,NA,24
"5/25/2022 8:45:11 AM",0.645,29.347,49.815,78.61,71748.5,1033.12,33.118,0.156,0.156,0.248,7.428,96.783,5.638,251.652,0,5.652,5.655,NA,24
"5/25/2022 8:45:11 AM",0.659,29.346,49.826,78.624,71761.9,1033.129,33.126,0.117,0.117,0.146,7.429,96.841,5.641,255.815,0,5.655,5.658,NA,24
"5/25/2022 8:45:11 AM",0.706,29.348,49.816,78.612,71748.9,1033.121,33.117,0.094,0.094,0.102,7.429,96.805,5.64,251.567,0,5.653,5.656,NA,24
"5/25/2022 8:45:12 AM",0.793,29.349,49.829,78.633,71765.9,1033.131,33.127,0.109,0.109,0.218,7.431,96.833,5.64,239.078,0,5.654,5.657,NA,24
"5/25/2022 8:45:12 AM",1.023,29.351,49.831,78.637,71767.9,1033.132,33.128,0.047,0.047,0,7.44,96.694,5.632,209.257,0,5.645,5.649,NA,24
"5/25/2022 8:45:12 AM",1.203,29.351,49.831,78.638,71768,1033.133,33.128,0.008,0.008,0,7.441,96.757,5.635,175.188,0,5.648,5.652,NA,24
"5/25/2022 8:45:12 AM",1.384,29.351,49.832,78.64,71769.5,1033.135,33.129,0,0,0,7.44,96.742,5.633,139.675,0,5.647,5.65,NA,24
"5/25/2022 8:45:12 AM",1.558,29.352,49.832,78.64,71768.9,1033.135,33.128,0,0,0,7.443,96.779,5.634,104.926,0,5.648,5.651,NA,24
"5/25/2022 8:45:13 AM",1.737,29.352,49.835,78.644,71772.8,1033.138,33.131,0,0,0,7.45,96.857,5.639,75.36,0,5.652,5.655,NA,24
"5/25/2022 8:45:13 AM",1.962,29.351,49.847,78.66,71788.6,1033.149,33.14,0,0,0,7.45,96.786,5.633,42.225,0,5.646,5.65,NA,24
"5/25/2022 8:45:13 AM",2.113,29.351,49.852,78.667,71795.1,1033.153,33.144,0.803,0.803,1.894,7.447,96.809,5.634,39.506,0,5.647,5.651,NA,24
"5/25/2022 8:45:13 AM",2.243,29.351,49.858,78.675,71802.2,1033.158,33.149,1.108,1.108,2.58,7.446,96.821,5.634,76.549,0,5.648,5.651,NA,24
"5/25/2022 8:45:13 AM",2.382,29.351,49.864,78.683,71810,1033.163,33.153,0.421,0.421,0.874,7.444,96.832,5.635,115.461,0,5.648,5.651,NA,24
"5/25/2022 8:45:14 AM",2.605,29.351,49.863,78.683,71809.2,1033.164,33.153,0,0,0,7.445,96.686,5.626,101.188,0,5.64,5.643,NA,24
"5/25/2022 8:45:14 AM",2.758,29.351,49.86,78.679,71805.8,1033.162,33.151,0,0,0,7.444,96.791,5.632,71.367,0,5.646,5.649,NA,24
"5/25/2022 8:45:14 AM",2.899,29.35,49.856,78.672,71800.6,1033.16,33.148,0,0,0,7.446,96.855,5.636,45.284,0,5.649,5.653,NA,24
"5/25/2022 8:45:14 AM",3.026,29.349,49.856,78.67,71800.2,1033.16,33.148,0,0,0,7.448,96.802,5.633,29.481,0,5.646,5.65,NA,24
"5/25/2022 8:45:14 AM",3.139,29.348,49.856,78.669,71800.9,1033.162,33.148,0,0,0,7.45,96.763,5.63,19.966,0,5.643,5.647,NA,24
"5/25/2022 8:45:15 AM",3.352,29.348,49.855,78.668,71800.2,1033.162,33.148,0,0,0,7.447,96.716,5.626,12.574,0,5.64,5.643,NA,24
"5/25/2022 8:45:15 AM",3.507,29.348,49.857,78.669,71801.7,1033.164,33.149,0,0,0,7.445,96.801,5.631,10.705,0,5.645,5.648,NA,24
"5/25/2022 8:45:15 AM",3.672,29.348,49.857,78.67,71801.7,1033.164,33.149,0.195,0.195,0.204,7.442,96.717,5.627,11.47,0,5.641,5.644,NA,24
"5/25/2022 8:45:15 AM",3.82,29.348,49.857,78.67,71801.9,1033.165,33.149,0.515,0.515,0.495,7.445,96.733,5.628,16.142,0,5.641,5.645,NA,24
"5/25/2022 8:45:15 AM",3.95,29.348,49.856,78.67,71800.9,1033.165,33.148,1.997,1.997,4.42,7.446,96.725,5.628,30.841,0,5.641,5.644,NA,24
"5/25/2022 8:45:16 AM",4.121,29.35,49.855,78.671,71800.1,1033.165,33.147,0.936,0.936,2.069,7.453,96.824,5.633,77.399,0,5.646,5.649,NA,24
"5/25/2022 8:45:16 AM",4.242,29.35,49.86,78.677,71805.8,1033.168,33.15,0.367,0.367,0.714,7.454,96.785,5.63,102.037,0,5.644,5.647,NA,24
"5/25/2022 8:45:16 AM",4.39,29.352,49.86,78.68,71805.7,1033.168,33.15,0.148,0.148,0.204,7.454,96.713,5.626,105.69,0,5.639,5.643,NA,24
"5/25/2022 8:45:16 AM",4.533,29.354,49.863,78.688,71809.9,1033.171,33.152,0.14,0.14,0.073,7.453,96.773,5.629,94.051,0,5.643,5.646,NA,24
"5/25/2022 8:45:17 AM",4.757,29.353,49.861,78.683,71806.8,1033.17,33.15,0,0,0,7.452,96.75,5.628,61.001,0,5.641,5.644,NA,24
"5/25/2022 8:45:17 AM",4.894,29.352,49.86,78.682,71806.8,1033.171,33.15,0,0,0,7.454,96.785,5.63,40.101,0,5.643,5.646,NA,24
"5/25/2022 8:45:17 AM",5.03,29.352,49.858,78.679,71803.5,1033.169,33.148,0,0,0,7.454,96.759,5.628,26.253,0,5.641,5.644,NA,24
"5/25/2022 8:45:17 AM",5.166,29.352,49.858,78.678,71803.3,1033.17,33.148,0,0,0,7.457,96.712,5.625,18.436,0,5.638,5.641,NA,24
"5/25/2022 8:45:17 AM",5.286,29.351,49.86,78.68,71807.1,1033.173,33.151,0,0,0,7.458,96.857,5.633,14.443,0,5.646,5.65,NA,24
"5/25/2022 8:45:18 AM",5.491,29.35,49.863,78.682,71810.1,1033.176,33.153,0.086,0.086,0.233,7.454,96.859,5.632,12.999,0,5.646,5.649,NA,24
"5/25/2022 8:45:18 AM",5.635,29.349,49.863,78.682,71810.9,1033.177,33.153,1.037,1.037,2.405,7.454,96.756,5.627,16.992,0,5.64,5.643,NA,24
"5/25/2022 8:45:18 AM",5.772,29.352,49.858,78.678,71804.1,1033.173,33.148,1.482,1.482,3.499,7.457,96.778,5.628,27.782,0,5.641,5.644,NA,24
"5/25/2022 8:45:18 AM",5.91,29.352,49.86,78.681,71806.5,1033.175,33.15,0.764,0.764,1.69,7.459,96.725,5.624,42.055,0,5.638,5.641,NA,24
"5/25/2022 8:45:18 AM",6.117,29.351,49.86,78.681,71806.5,1033.176,33.15,0,0,0,7.463,96.66,5.621,42.82,0,5.634,5.638,NA,24
"5/25/2022 8:45:19 AM",6.247,29.351,49.86,78.681,71807.3,1033.177,33.15,0,0,0,7.462,96.64,5.621,31.35,0,5.634,5.637,NA,24
"5/25/2022 8:45:19 AM",6.381,29.351,49.859,78.678,71805.3,1033.176,33.149,0,0,0,7.462,96.722,5.625,20.221,0,5.638,5.642,NA,24
"5/25/2022 8:45:19 AM",6.494,29.35,49.86,78.679,71806.9,1033.178,33.15,0,0,0,7.463,96.748,5.626,13.169,0,5.639,5.643,NA,24
"5/25/2022 8:45:19 AM",6.649,29.349,49.864,78.683,71812,1033.182,33.154,0,0,0,7.463,96.703,5.623,9.77,0,5.636,5.64,NA,24
"5/25/2022 8:45:19 AM",6.913,29.349,49.866,78.687,71814.9,1033.185,33.155,0.094,0.094,0,7.462,96.656,5.621,8.241,0,5.634,5.637,NA,24
"5/25/2022 8:45:20 AM",7.102,29.35,49.865,78.686,71813.7,1033.184,33.154,0.101,0.101,0.364,7.463,96.603,5.617,8.071,0,5.63,5.634,NA,24
"5/25/2022 8:45:20 AM",7.295,29.351,49.86,78.681,71806.9,1033.181,33.15,0.195,0.195,0.277,7.464,96.6,5.617,8.326,0,5.63,5.634,NA,24
"5/25/2022 8:45:20 AM",7.481,29.351,49.86,78.682,71807.8,1033.182,33.15,0.172,0.172,0.32,7.463,96.735,5.625,9.091,0,5.639,5.642,NA,24
"5/25/2022 8:45:20 AM",7.653,29.352,49.858,78.68,71805.4,1033.181,33.149,0.179,0.179,0.248,7.463,96.722,5.624,9.855,0,5.638,5.641,NA,24
"5/25/2022 8:45:20 AM",7.892,29.354,49.859,78.685,71806.2,1033.182,33.148,0.086,0.086,0.175,7.464,96.632,5.619,10.705,0,5.633,5.636,NA,24
"5/25/2022 8:45:21 AM",8.053,29.354,49.86,78.686,71807.5,1033.183,33.149,0.242,0.242,0.218,7.467,96.645,5.62,11.3,0,5.633,5.636,NA,24
"5/25/2022 8:45:21 AM",8.215,29.355,49.857,78.683,71803.7,1033.181,33.146,0.148,0.148,0.16,7.47,96.718,5.624,11.64,0,5.638,5.641,NA,24
"5/25/2022 8:45:21 AM",8.373,29.355,49.856,78.682,71803.1,1033.182,33.146,0.101,0.101,0.044,7.47,96.602,5.618,11.809,0,5.631,5.634,NA,24
"5/25/2022 8:45:21 AM",8.627,29.355,49.855,78.68,71801.2,1033.182,33.145,0.133,0.133,0.073,7.475,96.678,5.621,11.64,0,5.635,5.638,NA,24
"5/25/2022 8:45:21 AM",8.81,29.355,49.857,78.683,71803.7,1033.184,33.146,0.148,0.148,0.146,7.474,96.741,5.625,11.64,0,5.638,5.642,NA,24
"5/25/2022 8:45:22 AM",8.987,29.354,49.856,78.681,71802.3,1033.184,33.146,0.179,0.179,0.204,7.475,96.754,5.626,11.979,0,5.639,5.642,NA,24
"5/25/2022 8:45:22 AM",9.176,29.354,49.854,78.679,71801,1033.184,33.145,0.117,0.117,0.233,7.474,96.688,5.622,12.404,0,5.635,5.638,NA,24
"5/25/2022 8:45:22 AM",9.35,29.355,49.853,78.679,71799.7,1033.183,33.144,0.148,0.148,0.175,7.472,96.659,5.62,12.659,0,5.633,5.636,NA,24
"5/25/2022 8:45:22 AM",9.627,29.355,49.846,78.669,71790.9,1033.179,33.138,0.125,0.125,0.175,7.469,96.724,5.624,12.659,0,5.637,5.641,NA,24
"5/25/2022 8:45:22 AM",9.814,29.355,49.849,78.673,71794.4,1033.182,33.14,0.172,0.172,0.306,7.47,96.696,5.622,12.489,0,5.635,5.639,NA,24
"5/25/2022 8:45:23 AM",10.002,29.357,49.847,78.673,71792.4,1033.181,33.139,0.179,0.179,0.306,7.473,96.612,5.617,12.659,0,5.63,5.633,NA,24
"5/25/2022 8:45:23 AM",10.183,29.357,49.847,78.673,71792.2,1033.182,33.138,0.164,0.164,0.233,7.472,96.68,5.62,12.914,0,5.634,5.637,NA,24
"5/25/2022 8:45:23 AM",10.466,29.356,49.844,78.668,71788.4,1033.181,33.136,0.179,0.179,0.277,7.471,96.585,5.615,13.169,0,5.628,5.632,NA,24
"5/25/2022 8:45:23 AM",10.652,29.356,49.843,78.667,71787.3,1033.181,33.135,0.257,0.257,0.495,7.47,96.617,5.617,13.254,0,5.63,5.633,NA,24
"5/25/2022 8:45:23 AM",10.842,29.357,49.84,78.665,71783.8,1033.179,33.133,0.382,0.382,0.83,7.47,96.664,5.62,13.849,0,5.633,5.636,NA,24
"5/25/2022 8:45:24 AM",11.024,29.357,49.837,78.66,71779.9,1033.178,33.131,0.64,0.64,1.369,7.472,96.689,5.621,17.077,0,5.635,5.638,NA,24
"5/25/2022 8:45:24 AM",11.179,29.356,49.838,78.661,71781.8,1033.18,33.132,0.593,0.593,1.282,7.472,96.741,5.624,23.534,0,5.637,5.641,NA,24
"5/25/2022 8:45:24 AM",11.405,29.355,49.837,78.658,71780.3,1033.18,33.131,0.14,0.14,0.16,7.473,96.75,5.625,25.488,0,5.638,5.642,NA,24
"5/25/2022 8:45:24 AM",11.562,29.355,49.837,78.659,71780.7,1033.181,33.131,0.819,0.819,1.807,7.472,96.555,5.614,32.285,0,5.627,5.63,NA,24
"5/25/2022 8:45:24 AM",11.668,29.355,49.836,78.657,71779.2,1033.18,33.13,0.702,0.702,1.486,7.472,96.751,5.625,71.791,0,5.638,5.641,NA,24
"5/25/2022 8:45:25 AM",11.666,29.355,49.839,78.661,71782.9,1033.182,33.133,0.281,0.281,0.466,7.472,96.698,5.621,104.161,0,5.634,5.638,NA,24
"5/25/2022 8:45:25 AM",11.602,29.355,49.839,78.661,71783.3,1033.182,33.133,0.133,0.133,0.175,7.473,96.605,5.615,104.331,0,5.629,5.632,NA,24
"5/25/2022 8:45:25 AM",11.405,29.354,49.84,78.66,71783.6,1033.182,33.133,0.094,0.094,0.073,7.475,96.78,5.625,114.187,0,5.638,5.642,NA,24
"5/25/2022 8:45:25 AM",11.278,29.354,49.837,78.657,71780.9,1033.18,33.132,0.109,0.109,0.116,7.475,96.733,5.623,117.585,0,5.636,5.639,NA,24
"5/25/2022 8:45:25 AM",11.176,29.355,49.835,78.654,71777.8,1033.177,33.13,0.086,0.086,0.058,7.475,96.637,5.617,119.539,0,5.63,5.634,NA,24
"5/25/2022 8:45:26 AM",11.103,29.355,49.836,78.655,71778.7,1033.178,33.131,0.086,0.086,0.044,7.474,96.546,5.612,120.304,0,5.625,5.629,NA,24
"5/25/2022 8:45:26 AM",10.983,29.354,49.832,78.649,71773.3,1033.174,33.127,0.078,0.078,0,7.476,96.633,5.618,119.794,0,5.631,5.635,NA,24
"5/25/2022 8:45:26 AM",10.88,29.354,49.834,78.651,71776.1,1033.175,33.129,0.086,0.086,0.058,7.477,96.717,5.623,119.709,0,5.636,5.64,NA,24
"5/25/2022 8:45:26 AM",10.781,29.354,49.831,78.648,71772.7,1033.173,33.127,0.117,0.117,0.073,7.476,96.68,5.621,119.114,0,5.634,5.638,NA,24
"5/25/2022 8:45:26 AM",10.68,29.355,49.831,78.649,71772.7,1033.172,33.127,0.101,0.101,0.073,7.477,96.693,5.621,119.029,0,5.635,5.638,NA,24
"5/25/2022 8:45:27 AM",10.586,29.354,49.83,78.647,71771.8,1033.172,33.127,0.094,0.094,0.058,7.477,96.665,5.62,119.114,0,5.633,5.636,NA,24
"5/25/2022 8:45:27 AM",10.468,29.355,49.83,78.647,71770.7,1033.17,33.126,0.094,0.094,0.058,7.479,96.769,5.626,119.199,0,5.64,5.643,NA,24
"5/25/2022 8:45:27 AM",10.419,29.355,49.828,78.645,71768,1033.168,33.124,0.101,0.101,0.044,7.483,96.658,5.62,120.049,0,5.633,5.637,NA,24
"5/25/2022 8:45:27 AM",10.399,29.354,49.828,78.643,71768.4,1033.169,33.125,0.101,0.101,0.044,7.482,96.7,5.623,120.643,0,5.636,5.64,NA,24
"5/25/2022 8:45:28 AM",10.392,29.353,49.826,78.639,71766.1,1033.168,33.123,0.07,0.07,0.058,7.481,96.707,5.623,119.454,0,5.637,5.64,NA,24
"5/25/2022 8:45:28 AM",10.39,29.354,49.823,78.636,71761.9,1033.165,33.121,0.086,0.086,0.087,7.481,96.629,5.619,119.454,0,5.632,5.636,NA,24
"5/25/2022 8:45:28 AM",10.355,29.353,49.827,78.641,71767.9,1033.169,33.125,0.094,0.094,0.073,7.482,96.742,5.625,119.964,0,5.639,5.642,NA,24
"5/25/2022 8:45:28 AM",10.282,29.352,49.828,78.641,71769.3,1033.17,33.126,0.078,0.078,0.044,7.484,96.791,5.628,119.624,0,5.641,5.645,NA,24
"5/25/2022 8:45:28 AM",10.192,29.353,49.825,78.637,71764.7,1033.166,33.123,0.078,0.078,0.029,7.485,96.61,5.618,121.323,0,5.631,5.634,NA,24
"5/25/2022 8:45:29 AM",10.091,29.353,49.826,78.639,71766.7,1033.167,33.124,0.086,0.086,0.029,7.485,96.589,5.617,123.277,0,5.63,5.633,NA,24
"5/25/2022 8:45:29 AM",9.929,29.353,49.822,78.634,71760.8,1033.163,33.12,0.086,0.086,0.029,7.481,96.615,5.618,124.552,0,5.631,5.635,NA,24
"5/25/2022 8:45:29 AM",9.799,29.353,49.823,78.635,71762.4,1033.163,33.122,0.062,0.062,0.073,7.48,96.551,5.614,124.552,0,5.627,5.631,NA,24
"5/25/2022 8:45:29 AM",9.665,29.352,49.822,78.632,71760.6,1033.162,33.121,0.078,0.078,0.044,7.481,96.703,5.623,124.297,0,5.636,5.639,NA,24
"5/25/2022 8:45:29 AM",9.581,29.353,49.823,78.634,71761.8,1033.162,33.121,0.078,0.078,0.029,7.482,96.786,5.628,124.297,0,5.641,5.644,NA,24
"5/25/2022 8:45:30 AM",9.495,29.354,49.823,78.635,71761.5,1033.161,33.121,0.078,0.078,0.029,7.48,96.775,5.626,124.637,0,5.64,5.643,NA,24
"5/25/2022 8:45:30 AM",9.397,29.354,49.822,78.635,71761,1033.161,33.121,0.078,0.078,0.015,7.478,96.691,5.621,126.336,0,5.635,5.638,NA,24
"5/25/2022 8:45:30 AM",9.265,29.354,49.822,78.635,71760.9,1033.16,33.12,0.078,0.078,0.029,7.479,96.732,5.624,127.185,0,5.637,5.64,NA,24
"5/25/2022 8:45:30 AM",9.096,29.354,49.82,78.632,71758.3,1033.158,33.119,0.086,0.086,0.029,7.476,96.648,5.618,128.375,0,5.632,5.635,NA,24
"5/25/2022 8:45:30 AM",8.764,29.353,49.82,78.63,71757.5,1033.156,33.119,0.078,0.078,0.058,7.473,96.766,5.625,129.649,0,5.638,5.642,NA,24
"5/25/2022 8:45:31 AM",8.566,29.354,49.822,78.634,71760.2,1033.157,33.12,0.078,0.078,0.029,7.475,96.779,5.626,130.074,0,5.639,5.642,NA,24
"5/25/2022 8:45:31 AM",8.399,29.354,49.819,78.63,71756.9,1033.154,33.118,0.101,0.101,0.131,7.477,96.6,5.615,131.348,0,5.628,5.632,NA,24
"5/25/2022 8:45:31 AM",8.288,29.353,49.819,78.629,71756.9,1033.154,33.118,0.094,0.094,0.058,7.474,96.634,5.618,129.904,0,5.631,5.634,NA,24
"5/25/2022 8:45:31 AM",8.211,29.353,49.824,78.634,71762.1,1033.157,33.122,0.078,0.078,0.058,7.475,96.628,5.617,126.846,0,5.631,5.634,NA,24
"5/25/2022 8:45:31 AM",8.156,29.35,49.827,78.635,71767.2,1033.16,33.126,0.094,0.094,0.029,7.476,96.728,5.623,124.467,0,5.636,5.64,NA,24
"5/25/2022 8:45:32 AM",8.14,29.35,49.826,78.633,71765.1,1033.159,33.124,0.078,0.078,0.029,7.477,96.729,5.623,122.428,0,5.637,5.64,NA,24
"5/25/2022 8:45:32 AM",8.152,29.35,49.823,78.63,71761.8,1033.157,33.122,0.094,0.094,0.029,7.478,96.604,5.616,120.643,0,5.629,5.633,NA,24
"5/25/2022 8:45:32 AM",8.168,29.351,49.824,78.632,71762.9,1033.158,33.123,0.094,0.094,0.058,7.48,96.66,5.619,121.748,0,5.633,5.636,NA,24
"5/25/2022 8:45:32 AM",8.111,29.35,49.825,78.632,71764.5,1033.159,33.124,0.078,0.078,0.058,7.477,96.674,5.62,125.316,0,5.633,5.637,NA,24
"5/25/2022 8:45:32 AM",7.972,29.35,49.823,78.63,71762.1,1033.157,33.123,0.086,0.086,0.029,7.479,96.659,5.618,128.97,0,5.632,5.635,NA,24
"5/25/2022 8:45:33 AM",7.874,29.35,49.821,78.627,71759.2,1033.154,33.121,0.07,0.07,0.087,7.478,96.648,5.618,131.009,0,5.631,5.634,NA,24
"5/25/2022 8:45:33 AM",7.751,29.35,49.819,78.622,71756.1,1033.152,33.119,0.062,0.062,0.029,7.477,96.681,5.62,130.414,0,5.633,5.637,NA,24
"5/25/2022 8:45:33 AM",7.634,29.349,49.819,78.622,71756.5,1033.152,33.12,0.078,0.078,0.029,7.476,96.655,5.619,129.904,0,5.632,5.635,NA,24
"5/25/2022 8:45:33 AM",7.46,29.348,49.817,78.618,71754.3,1033.15,33.119,0.07,0.07,0.044,7.478,96.557,5.613,131.518,0,5.626,5.63,NA,24
"5/25/2022 8:45:33 AM",7.346,29.349,49.813,78.614,71749.4,1033.147,33.116,0.094,0.094,0.044,7.479,96.556,5.613,131.858,0,5.626,5.63,NA,24
"5/25/2022 8:45:34 AM",7.257,29.349,49.814,78.614,71749.9,1033.147,33.116,0.078,0.078,0.044,7.479,96.64,5.618,130.839,0,5.631,5.634,NA,24
"5/25/2022 8:45:34 AM",7.208,29.348,49.813,78.612,71748.9,1033.146,33.115,0.109,0.109,0.044,7.48,96.659,5.618,129.649,0,5.632,5.635,NA,24
"5/25/2022 8:45:34 AM",7.16,29.347,49.81,78.608,71745.9,1033.144,33.114,0.14,0.14,0.116,7.478,96.619,5.616,129.734,0,5.63,5.633,NA,24
"5/25/2022 8:45:34 AM",7.008,29.347,49.811,78.607,71746.1,1033.144,33.114,0.101,0.101,0.102,7.481,96.579,5.613,131.858,0,5.627,5.63,NA,24
"5/25/2022 8:45:34 AM",6.847,29.348,49.807,78.603,71741,1033.14,33.111,0.094,0.094,0.087,7.483,96.534,5.611,133.727,0,5.624,5.627,NA,24
"5/25/2022 8:45:35 AM",6.642,29.349,49.808,78.606,71742.1,1033.14,33.111,0.078,0.078,0.087,7.482,96.68,5.619,134.747,0,5.632,5.636,NA,24
"5/25/2022 8:45:35 AM",6.436,29.35,49.812,78.614,71747.2,1033.142,33.114,0.086,0.086,0.058,7.481,96.673,5.619,134.662,0,5.632,5.635,NA,24
"5/25/2022 8:45:35 AM",6.144,29.352,49.806,78.609,71739.5,1033.135,33.109,0.07,0.07,0.087,7.479,96.581,5.613,135.427,0,5.627,5.63,NA,24
"5/25/2022 8:45:35 AM",6.019,29.353,49.804,78.606,71736.3,1033.132,33.107,0.078,0.078,0.073,7.481,96.649,5.618,135.172,0,5.631,5.634,NA,24
"5/25/2022 8:45:35 AM",5.892,29.353,49.8,78.6,71731.2,1033.129,33.104,0.086,0.086,0.073,7.48,96.735,5.622,135.002,0,5.636,5.639,NA,24
"5/25/2022 8:45:36 AM",5.804,29.352,49.798,78.597,71729,1033.127,33.103,0.07,0.07,0.044,7.479,96.604,5.615,134.747,0,5.628,5.631,NA,24
"5/25/2022 8:45:36 AM",5.727,29.351,49.798,78.595,71728.7,1033.127,33.103,0.086,0.086,0.073,7.479,96.597,5.615,135.342,0,5.628,5.631,NA,24
"5/25/2022 8:45:36 AM",5.677,29.35,49.795,78.589,71725.3,1033.125,33.101,0.078,0.078,0.044,7.479,96.625,5.617,137.72,0,5.63,5.634,NA,24
"5/25/2022 8:45:36 AM",5.677,29.349,49.788,78.58,71717.2,1033.121,33.096,0.07,0.07,0.044,7.481,96.659,5.619,139.59,0,5.632,5.636,NA,24
"5/25/2022 8:45:36 AM",5.621,29.348,49.79,78.58,71719.3,1033.122,33.098,0.078,0.078,0.087,7.482,96.693,5.621,141.969,0,5.634,5.638,NA,24
"5/25/2022 8:45:37 AM",5.536,29.349,49.789,78.58,71718.3,1033.121,33.097,0.07,0.07,0.058,7.482,96.639,5.617,145.027,0,5.63,5.634,NA,24
"5/25/2022 8:45:37 AM",5.386,29.349,49.789,78.58,71717.8,1033.12,33.097,0.086,0.086,0.058,7.481,96.595,5.615,148.68,0,5.628,5.631,NA,24
"5/25/2022 8:45:37 AM",5.287,29.35,49.788,78.58,71716.9,1033.119,33.096,0.07,0.07,0.044,7.484,96.573,5.613,148.341,0,5.626,5.63,NA,24
"5/25/2022 8:45:37 AM",5.209,29.351,49.787,78.581,71715.7,1033.117,33.095,0.078,0.078,0.015,7.482,96.577,5.613,146.386,0,5.626,5.63,NA,24
"5/25/2022 8:45:37 AM",5.164,29.351,49.788,78.582,71716.5,1033.117,33.096,0.07,0.07,0.058,7.482,96.606,5.614,145.197,0,5.628,5.631,NA,24
"5/25/2022 8:45:38 AM",5.16,29.353,49.789,78.585,71716.9,1033.117,33.095,0.086,0.086,0.073,7.482,96.629,5.616,143.328,0,5.629,5.632,NA,24
"5/25/2022 8:45:38 AM",5.176,29.356,49.785,78.584,71712.3,1033.114,33.092,0.07,0.07,0.044,7.483,96.688,5.62,142.818,0,5.633,5.636,NA,24
"5/25/2022 8:45:38 AM",5.108,29.355,49.787,78.586,71715,1033.115,33.094,0.07,0.07,0.029,7.484,96.702,5.62,143.498,0,5.633,5.636,NA,24
"5/25/2022 8:45:38 AM",4.985,29.355,49.789,78.588,71717.2,1033.116,33.095,0.07,0.07,0.015,7.486,96.714,5.62,142.308,0,5.633,5.637,NA,24
"5/25/2022 8:45:39 AM",4.844,29.355,49.787,78.586,71714.9,1033.114,33.094,0.078,0.078,0.044,7.487,96.555,5.611,145.027,0,5.625,5.628,NA,24
"5/25/2022 8:45:39 AM",4.632,29.355,49.787,78.585,71714.5,1033.113,33.094,0.086,0.086,0.073,7.488,96.583,5.612,148.001,0,5.626,5.629,NA,24
"5/25/2022 8:45:39 AM",4.508,29.355,49.787,78.586,71714.6,1033.113,33.094,0.078,0.078,0.058,7.488,96.497,5.607,148.341,0,5.621,5.624,NA,24
"5/25/2022 8:45:39 AM",4.392,29.354,49.785,78.582,71712.4,1033.111,33.092,0.078,0.078,0.087,7.49,96.565,5.611,150.38,0,5.624,5.628,NA,24
"5/25/2022 8:45:39 AM",4.293,29.354,49.785,78.581,71711.5,1033.11,33.092,0.078,0.078,0.044,7.487,96.609,5.614,152.249,0,5.627,5.631,NA,24
"5/25/2022 8:45:40 AM",4.197,29.354,49.783,78.578,71709.1,1033.108,33.091,0.07,0.07,0.073,7.487,96.678,5.618,153.523,0,5.631,5.635,NA,24
"5/25/2022 8:45:40 AM",4.058,29.353,49.786,78.58,71712.8,1033.111,33.093,0.07,0.07,0.029,7.485,96.655,5.617,154.967,0,5.63,5.634,NA,24
"5/25/2022 8:45:40 AM",3.975,29.353,49.787,78.582,71714.2,1033.111,33.094,0.062,0.062,0.044,7.482,96.625,5.615,158.366,0,5.628,5.632,NA,24
"5/25/2022 8:45:40 AM",3.926,29.353,49.787,78.582,71714.5,1033.111,33.094,0.062,0.062,0.044,7.481,96.576,5.612,159.13,0,5.626,5.629,NA,24
"5/25/2022 8:45:40 AM",3.896,29.353,49.785,78.58,71712.1,1033.109,33.093,0.078,0.078,0.044,7.481,96.574,5.612,158.111,0,5.625,5.629,NA,24
"5/25/2022 8:45:41 AM",3.895,29.355,49.783,78.579,71708.4,1033.107,33.09,0.078,0.078,0,7.485,96.621,5.615,154.373,0,5.628,5.632,NA,24
"5/25/2022 8:45:41 AM",3.886,29.356,49.783,78.581,71708.6,1033.106,33.09,0.078,0.078,0.029,7.487,96.486,5.608,153.523,0,5.621,5.624,NA,24
"5/25/2022 8:45:41 AM",3.823,29.356,49.786,78.584,71712.5,1033.109,33.092,0.07,0.07,0.058,7.487,96.684,5.618,153.183,0,5.632,5.635,NA,24
"5/25/2022 8:45:41 AM",3.742,29.355,49.786,78.583,71712,1033.108,33.092,0.078,0.078,0.044,7.483,96.633,5.615,153.523,0,5.629,5.632,NA,24
"5/25/2022 8:45:41 AM",3.618,29.356,49.783,78.581,71709.1,1033.106,33.09,0.07,0.07,0.029,7.484,96.655,5.617,154.967,0,5.63,5.634,NA,24
"5/25/2022 8:45:42 AM",3.432,29.356,49.781,78.579,71706.6,1033.103,33.089,0.07,0.07,0.029,7.483,96.569,5.612,160.15,0,5.625,5.628,NA,24
"5/25/2022 8:45:42 AM",3.331,29.355,49.781,78.577,71706.5,1033.103,33.089,0.055,0.055,0.029,7.483,96.624,5.615,162.444,0,5.628,5.631,NA,24
"5/25/2022 8:45:42 AM",3.274,29.355,49.779,78.573,71703.5,1033.101,33.087,0.07,0.07,0.044,7.477,96.589,5.613,162.104,0,5.626,5.629,NA,24
"5/25/2022 8:45:42 AM",3.249,29.355,49.779,78.573,71703.9,1033.101,33.088,0.078,0.078,0.029,7.472,96.647,5.616,163.718,0,5.63,5.633,NA,24
"5/25/2022 8:45:42 AM",3.225,29.353,49.773,78.562,71696.3,1033.097,33.083,0.086,0.086,0.058,7.465,96.604,5.614,166.182,0,5.627,5.631,NA,24
"5/25/2022 8:45:43 AM",3.216,29.351,49.778,78.566,71702.3,1033.101,33.088,0.117,0.117,0.087,7.464,96.645,5.616,165.163,0,5.63,5.633,NA,24
"5/25/2022 8:45:43 AM",3.185,29.352,49.773,78.56,71696.7,1033.098,33.084,0.086,0.086,0.058,7.461,96.517,5.609,164.908,0,5.622,5.625,NA,24
"5/25/2022 8:45:43 AM",3.156,29.352,49.773,78.561,71696.8,1033.098,33.084,0.094,0.094,0.058,7.451,96.67,5.618,167.287,0,5.631,5.634,NA,24
"5/25/2022 8:45:43 AM",3.117,29.352,49.771,78.558,71694.5,1033.096,33.083,0.086,0.086,0.044,7.449,96.684,5.619,167.287,0,5.632,5.635,NA,24
"5/25/2022 8:45:43 AM",3.004,29.351,49.77,78.555,71693,1033.095,33.082,0.094,0.094,0.044,7.448,96.655,5.617,169.156,0,5.63,5.633,NA,24
"5/25/2022 8:45:44 AM",2.877,29.351,49.769,78.553,71691.2,1033.093,33.081,0.062,0.062,0.044,7.449,96.604,5.614,171.195,0,5.628,5.631,NA,24
"5/25/2022 8:45:44 AM",2.735,29.351,49.764,78.547,71685.2,1033.089,33.077,0.062,0.062,0.044,7.449,96.618,5.615,174.508,0,5.629,5.632,NA,24
"5/25/2022 8:45:44 AM",2.598,29.351,49.759,78.54,71678.5,1033.084,33.073,0.078,0.078,0.044,7.448,96.637,5.616,179.096,0,5.629,5.633,NA,24
"5/25/2022 8:45:44 AM",2.467,29.352,49.757,78.538,71675.9,1033.082,33.072,0.062,0.062,0.044,7.445,96.585,5.614,181.22,0,5.627,5.63,NA,24
"5/25/2022 8:45:44 AM",2.302,29.351,49.757,78.538,71676.5,1033.082,33.072,0.148,0.148,0.087,7.436,96.627,5.616,178.162,0,5.629,5.632,NA,24
"5/25/2022 8:45:45 AM",2.236,29.351,49.756,78.536,71674.4,1033.08,33.071,0.086,0.086,0.087,7.435,96.515,5.609,178.247,0,5.622,5.625,NA,24
"5/25/2022 8:45:45 AM",2.203,29.352,49.753,78.534,71671.5,1033.078,33.069,0.109,0.109,0.058,7.434,96.545,5.611,180.625,0,5.624,5.627,NA,24
"5/25/2022 8:45:45 AM",2.203,29.352,49.751,78.53,71668.2,1033.076,33.067,0.109,0.109,0.116,7.435,96.551,5.611,183.344,0,5.625,5.628,NA,24
"5/25/2022 8:45:45 AM",2.224,29.353,49.752,78.532,71669.4,1033.077,33.068,0.094,0.094,0.073,7.437,96.665,5.618,179.691,0,5.631,5.634,NA,24
"5/25/2022 8:45:45 AM",2.227,29.352,49.751,78.53,71668.5,1033.077,33.067,0.094,0.094,0.073,7.438,96.464,5.606,175.613,0,5.619,5.623,NA,24
"5/25/2022 8:45:46 AM",2.205,29.353,49.75,78.53,71667.7,1033.076,33.066,0.078,0.078,0.015,7.438,96.57,5.612,174.338,0,5.625,5.628,NA,24
"5/25/2022 8:45:46 AM",2.128,29.353,49.749,78.529,71666.4,1033.075,33.066,0.078,0.078,0.015,7.437,96.627,5.615,175.188,0,5.628,5.631,NA,24
"5/25/2022 8:45:46 AM",1.989,29.353,49.748,78.529,71665,1033.073,33.065,0.07,0.07,0.073,7.44,96.691,5.618,175.443,0,5.632,5.635,NA,24
"5/25/2022 8:45:46 AM",1.759,29.352,49.747,78.524,71662.7,1033.071,33.064,0.07,0.07,0.029,7.442,96.524,5.608,176.717,0,5.621,5.625,NA,24
"5/25/2022 8:45:46 AM",1.638,29.353,49.743,78.52,71658.4,1033.068,33.061,0.086,0.086,0.029,7.442,96.649,5.616,178.671,0,5.629,5.632,NA,24
"5/25/2022 8:45:47 AM",1.544,29.353,49.742,78.519,71656.8,1033.067,33.06,0.078,0.078,0,7.447,96.636,5.615,184.024,0,5.628,5.631,NA,24
"5/25/2022 8:45:47 AM",1.469,29.352,49.741,78.516,71655.6,1033.066,33.06,0.086,0.086,0.073,7.444,96.628,5.615,193.2,0,5.628,5.631,NA,24
"5/25/2022 8:45:47 AM",1.398,29.352,49.74,78.515,71654.3,1033.065,33.059,0.07,0.07,0.044,7.443,96.66,5.617,201.356,0,5.63,5.633,NA,24
"5/25/2022 8:45:47 AM",1.372,29.353,49.738,78.513,71651.4,1033.063,33.057,0.07,0.07,0.044,7.44,96.521,5.608,204.074,0,5.621,5.625,NA,24
"5/25/2022 8:45:47 AM",1.38,29.352,49.737,78.511,71651,1033.063,33.057,0.062,0.062,0.058,7.44,96.56,5.611,200.421,0,5.624,5.627,NA,24
"5/25/2022 8:45:48 AM",1.401,29.352,49.737,78.51,71650.5,1033.063,33.057,0.07,0.07,0.102,7.44,96.593,5.613,194.049,0,5.626,5.63,NA,24
"5/25/2022 8:45:48 AM",1.436,29.352,49.737,78.51,71650.4,1033.063,33.056,0.078,0.078,0.073,7.444,96.584,5.612,185.808,0,5.625,5.628,NA,24
"5/25/2022 8:45:48 AM",1.473,29.352,49.735,78.507,71648.3,1033.062,33.055,0.117,0.117,0.116,7.44,96.585,5.612,187.252,0,5.625,5.629,NA,24
"5/25/2022 8:45:48 AM",1.457,29.352,49.737,78.511,71650.2,1033.062,33.056,0.094,0.094,0.058,7.438,96.609,5.613,196.853,0,5.626,5.63,NA,24
"5/25/2022 8:45:49 AM",1.42,29.352,49.735,78.508,71648.4,1033.061,33.055,0.094,0.094,0.073,7.438,96.621,5.614,198.892,0,5.627,5.63,NA,24
"5/25/2022 8:45:49 AM",1.328,29.351,49.736,78.508,71649.1,1033.062,33.056,0.086,0.086,0.087,7.439,96.502,5.606,203.48,0,5.62,5.623,NA,24
"5/25/2022 8:45:49 AM",1.208,29.351,49.736,78.508,71649.4,1033.061,33.056,0.078,0.078,0.058,7.438,96.514,5.607,211.466,0,5.621,5.624,NA,24
"5/25/2022 8:45:49 AM",1.026,29.352,49.733,78.505,71646,1033.058,33.054,0.062,0.062,0.044,7.437,96.69,5.618,216.224,0,5.631,5.634,NA,24
"5/25/2022 8:45:49 AM",0.953,29.352,49.731,78.502,71642.9,1033.056,33.052,0.086,0.086,0,7.438,96.667,5.617,211.126,0,5.631,5.634,NA,24
"5/25/2022 8:45:50 AM",0.937,29.352,49.728,78.498,71639.3,1033.054,33.05,0.086,0.086,0.073,7.439,96.595,5.613,212.57,0,5.627,5.63,NA,24
"5/25/2022 8:45:50 AM",0.918,29.351,49.729,78.498,71640.2,1033.055,33.051,0.086,0.086,0.073,7.44,96.643,5.616,211.636,0,5.629,5.633,NA,24
"5/25/2022 8:45:50 AM",0.85,29.352,49.726,78.495,71637,1033.052,33.049,0.109,0.109,0.087,7.441,96.62,5.614,219.877,0,5.628,5.631,NA,24
"5/25/2022 8:45:50 AM",0.784,29.352,49.724,78.492,71634.6,1033.051,33.047,0.094,0.094,0.073,7.438,96.692,5.619,219.537,0,5.632,5.636,NA,24
"5/25/2022 8:45:50 AM",0.664,29.351,49.725,78.492,71635,1033.05,33.048,0.07,0.07,0.073,7.439,96.609,5.613,225.739,0,5.627,5.63,NA,24
"5/25/2022 8:45:51 AM",0.518,29.351,49.722,78.489,71631.5,1033.048,33.045,0.086,0.086,0.029,7.442,96.623,5.614,232.621,0,5.627,5.631,NA,24
"5/25/2022 8:45:51 AM",0.37,29.352,49.719,78.485,71627.7,1033.045,33.043,0.078,0.078,0.058,7.438,96.596,5.613,241.457,0,5.626,5.629,NA,24
"5/25/2022 8:45:51 AM",0.108,29.352,49.706,78.468,71611.6,1033.034,33.033,0.078,0.078,0.044,7.434,96.62,5.614,269.919,0,5.628,5.631,NA,24
"5/25/2022 8:45:51 AM",0,29.352,49.701,78.46,71604.3,1033.029,33.029,0.094,0.094,0.087,7.437,96.55,5.61,300.844,0,5.624,5.627,NA,24
"5/25/2022 8:45:51 AM",0,29.352,49.698,78.456,71601.2,1033.026,33.027,0.07,0.07,0.073,7.437,96.596,5.613,327.946,0,5.626,5.629,NA,24
"5/25/2022 8:45:52 AM",0,29.352,49.696,78.454,71598.9,1033.025,33.026,0.031,0.031,0,7.437,96.533,5.609,365.414,0,5.622,5.626,NA,24
"5/25/2022 8:45:52 AM",0,29.352,49.694,78.45,71595.6,1033.022,33.024,0.008,0.008,0,7.437,96.527,5.609,360.061,0,5.622,5.626,NA,24
"5/25/2022 8:45:52 AM",0,29.352,49.692,78.449,71594,1033.021,33.023,0.031,0.031,0,7.436,96.487,5.606,411.717,0,5.62,5.623,NA,24
"5/25/2022 8:45:52 AM",0,29.351,49.689,78.443,71590,1033.018,33.021,0.078,0.078,0.029,7.438,96.654,5.616,415.37,0,5.63,5.633,NA,24
"5/25/2022 8:45:52 AM",0,29.351,49.703,78.461,71606.9,1033.029,33.031,0.101,0.101,0.102,7.437,96.681,5.617,442.388,0,5.63,5.634,NA,24
"5/25/2022 8:45:53 AM",0,29.347,2.218,4.56,4161.9,997.502,0,3.464,3.464,0,7.438,96.557,7.293,450.289,0,7.314,7.314,NA,24
"5/25/2022 8:45:53 AM",0,29.266,1.246,2.639,2412.3,996.799,0,313.216,313.216,720.232,7.435,96.52,7.33,454.027,0,7.351,7.351,NA,24
"5/25/2022 8:45:53 AM",0,29.163,0.987,2.112,1934.5,996.637,0,146.826,146.826,694.193,7.436,96.469,7.337,459.04,0,7.358,7.359,NA,24
"5/25/2022 8:45:53 AM",0,28.995,0.83,1.784,1639.9,996.569,0,292.138,292.138,1125.038,7.434,96.475,7.345,463.883,0,7.367,7.367,NA,24
"5/25/2022 8:45:53 AM",0,28.917,0.743,1.602,1474.6,996.526,0,228.538,228.538,710.788,7.43,96.422,7.346,467.111,0,7.368,7.368,NA,24
"5/25/2022 8:45:54 AM",0,28.91,0.659,1.428,1314.8,996.465,0,186.609,186.609,251.395,7.426,96.329,7.344,431.003,0,7.365,7.366,NA,24
"5/25/2022 8:45:54 AM",0,28.83,0.616,1.336,1232.3,996.457,0,506.05,506.05,383.307,7.428,96.193,7.337,474.928,0,7.358,7.358,NA,24
"5/25/2022 8:45:54 AM",0,28.643,0.562,1.22,1129,996.471,0,242.369,242.369,120.307,7.426,96.238,7.343,508.487,0,7.364,7.365,NA,24
"5/25/2022 8:45:54 AM",0,28.514,0.529,1.147,1064.9,996.483,0,77.407,77.407,101.153,7.425,96.074,7.333,509.167,0,7.354,7.354,NA,24
"5/25/2022 8:45:54 AM",0,28.471,0.499,1.084,1007,996.473,0,70.768,70.768,50.598,7.423,96.139,7.34,515.114,0,7.361,7.361,NA,24
"5/25/2022 8:45:55 AM",0,28.534,0.466,1.015,942.2,996.43,0,56.813,56.813,34.382,7.423,96.089,7.339,509.421,0,7.36,7.36,NA,24
"5/25/2022 8:45:55 AM",0,28.573,0.446,0.973,902.1,996.403,0,70.41,70.41,16.756,7.423,96.021,7.335,501.35,0,7.356,7.356,NA,24
"5/25/2022 8:45:55 AM",0,28.59,0.434,0.949,880,996.39,0,473.755,473.755,49.507,7.424,95.953,7.331,463.373,0,7.352,7.352,NA,24
"5/25/2022 8:45:55 AM",0,28.575,0.422,0.924,856.6,996.385,0,149.665,149.665,12.762,7.42,96.001,7.336,503.219,0,7.357,7.357,NA,24
"5/25/2022 8:45:55 AM",0,28.548,0.409,0.896,831,996.383,0,48.357,48.357,17.317,7.418,96.021,7.339,514.434,0,7.36,7.36,NA,24
"5/25/2022 8:45:56 AM",0,28.484,0.392,0.858,797.1,996.389,0,50.112,50.112,288.438,7.419,95.834,7.326,516.558,0,7.347,7.348,NA,24
"5/25/2022 8:45:56 AM",0,28.393,0.384,0.839,781,996.409,0,20.134,20.134,90.513,7.419,95.633,7.312,500.755,0,7.333,7.333,NA,24
"5/25/2022 8:45:56 AM",0,28.353,0.375,0.819,762.9,996.414,0,16.577,16.577,75.363,7.415,95.604,7.31,498.631,0,7.331,7.331,NA,24
"5/25/2022 8:45:56 AM",0,28.248,0.371,0.809,754.9,996.441,0,63.763,63.763,494.286,7.414,95.389,7.295,478.751,0,7.316,7.316,NA,24
"5/25/2022 8:45:56 AM",0,27.906,0.362,0.786,739.1,996.532,0,29.573,29.573,177.506,7.412,95.213,7.283,526.328,0,7.304,7.304,NA,24
"5/25/2022 8:45:57 AM",0,27.733,0.355,0.769,725.1,996.576,0,14.673,14.673,64.975,7.412,95.066,7.272,552.071,0,7.293,7.293,NA,24
"5/25/2022 8:45:57 AM",0,27.588,0.348,0.751,710.5,996.611,0,12.278,12.278,52.902,7.413,95.067,7.274,561.842,0,7.294,7.295,NA,24
"5/25/2022 8:45:57 AM",0,27.467,0.34,0.732,694.6,996.639,0,34.69,34.69,127.577,7.412,95.173,7.282,549.353,0,7.303,7.303,NA,24
"5/25/2022 8:45:57 AM",0,27.364,0.333,0.716,681,996.663,0,71.431,71.431,145.481,7.41,94.89,7.261,540.687,0,7.282,7.282,NA,24
"5/25/2022 8:45:57 AM",0,27.295,0.324,0.698,664.2,996.676,0,37.093,37.093,120.435,7.405,94.943,7.267,536.609,0,7.288,7.288,NA,24
"5/25/2022 8:45:58 AM",0,27.345,0.317,0.682,648.8,996.656,0,271.856,271.856,137.484,7.403,94.883,7.263,524.629,0,7.284,7.284,NA,24
"5/25/2022 8:45:58 AM",0,27.419,0.323,0.696,661,996.64,0,345.877,345.877,133.806,7.4,94.813,7.259,499.651,0,7.28,7.28,NA,24
"5/25/2022 8:45:58 AM",0,27.442,0.297,0.642,609.7,996.614,0,99.35,99.35,37.093,7.398,94.826,7.262,535.504,0,7.283,7.283,NA,24
"5/25/2022 8:45:58 AM",0,27.54,0.3,0.648,614.1,996.588,0,36.172,36.172,13.734,7.398,94.992,7.277,516.388,0,7.297,7.298,NA,24
"5/25/2022 8:45:58 AM",0,27.664,0.294,0.639,603.6,996.55,0,37.015,37.015,16.431,7.4,94.876,7.27,487.077,0,7.291,7.291,NA,24
"5/25/2022 8:45:59 AM",0,27.784,0.292,0.635,598.3,996.514,0,53.505,53.505,19.474,7.398,95.119,7.289,499.311,0,7.31,7.311,NA,24
"5/25/2022 8:45:59 AM",0,27.883,0.302,0.657,617.9,996.493,0,33.847,33.847,15.738,7.395,95.088,7.288,517.832,0,7.309,7.309,NA,24
"5/25/2022 8:45:59 AM",0,27.95,0.291,0.636,597.3,996.466,0,9.868,9.868,4.58,7.396,95.078,7.288,538.393,0,7.309,7.309,NA,24
"5/25/2022 8:45:59 AM",0,28.045,0.29,0.635,595.3,996.439,0,2.028,2.028,2.799,7.395,95.119,7.293,491.41,0,7.314,7.314,NA,24
"5/25/2022 8:46:00 AM",0,28.063,0.288,0.631,591.2,996.432,0,0.608,0.608,1.267,7.397,95.104,7.292,430.493,0,7.313,7.313,NA,24
"5/25/2022 8:46:00 AM",0,28.093,0.292,0.64,599.3,996.427,0,0,0,5.063,7.399,95.07,7.29,395.405,0,7.311,7.312,NA,24
"5/25/2022 8:46:00 AM",0,28.116,0.296,0.649,606.9,996.423,0,0.211,0.211,0.626,7.395,95.113,7.294,415.37,0,7.315,7.315,NA,24
"5/25/2022 8:46:00 AM",0,28.036,0.27,0.592,555.1,996.426,0,0.289,0.289,0.102,7.395,94.647,7.26,491.155,0,7.281,7.281,NA,24
"5/25/2022 8:46:00 AM",0,27.879,0.271,0.592,556.7,996.471,0,0.53,0.53,0.67,7.394,94.553,7.254,464.477,0,7.275,7.275,NA,24
"5/25/2022 8:46:01 AM",0,27.74,0.261,0.569,536.3,996.503,0,0.913,0.913,0.131,7.395,94.631,7.261,433.467,0,7.282,7.282,NA,24
"5/25/2022 8:46:01 AM",0,27.623,0.26,0.566,534.9,996.535,0,0.53,0.53,0.466,7.392,94.741,7.27,423.782,0,7.291,7.291,NA,24
"5/25/2022 8:46:01 AM",0,27.423,0.266,0.577,547.5,996.596,0,3.011,3.011,3.631,7.392,94.729,7.27,423.697,0,7.291,7.291,NA,24
"5/25/2022 8:46:01 AM",0,27.212,0.265,0.572,545.3,996.654,0,13.792,13.792,10.073,7.39,94.879,7.283,379.007,0,7.303,7.304,NA,24
"5/25/2022 8:46:01 AM",0,27.215,0.265,0.571,544.1,996.653,0,12.185,12.185,6.379,7.388,95.008,7.293,361.591,0,7.314,7.314,NA,24
"5/25/2022 8:46:02 AM",0,27.25,0.269,0.58,552.4,996.646,0,49.114,49.114,7.609,7.387,94.915,7.287,362.44,0,7.308,7.308,NA,24
"5/25/2022 8:46:02 AM",0,27.342,1.141,2.339,2224.4,997.276,0,24.479,24.479,12.542,7.396,93.698,7.172,379.602,0,7.193,7.193,NA,24
"5/25/2022 8:46:02 AM",0,27.46,1.662,3.348,3176.4,997.634,0,8.144,8.144,9.119,7.468,93.395,7.151,368.982,0,7.172,7.172,NA,24
"5/25/2022 8:46:02 AM",0,27.491,1.499,3.039,2881.3,997.503,0,2.722,2.722,10.543,7.554,93.005,7.154,338.906,0,7.174,7.174,NA,24
"5/25/2022 8:46:02 AM",0,27.497,1.397,2.844,2695.5,997.425,0,2.293,2.293,9.515,7.593,92.947,7.165,341.285,0,7.186,7.186,NA,24
"5/25/2022 8:46:03 AM",0,27.495,1.332,2.717,2575.5,997.376,0,2.013,2.013,9.677,7.635,92.829,7.169,360.316,0,7.189,7.189,NA,24
"5/25/2022 8:46:03 AM",0,27.501,1.354,2.76,2615.6,997.391,0,2.176,2.176,9.574,7.665,92.697,7.165,368.048,0,7.185,7.185,NA,24
"5/25/2022 8:46:03 AM",0,27.501,1.349,2.75,2606.4,997.387,0,2.083,2.083,9.163,7.693,92.461,7.155,375.864,0,7.175,7.175,NA,24
"5/25/2022 8:46:03 AM",0,27.501,1.345,2.743,2599.9,997.384,0,2.036,2.036,8.914,7.705,92.194,7.137,360.741,0,7.158,7.158,NA,24
"5/25/2022 8:46:03 AM",0,27.505,1.333,2.72,2578.1,997.375,0,2.059,2.059,9.369,7.719,92.044,7.128,339.331,0,7.148,7.149,NA,24
"5/25/2022 8:46:04 AM",0,27.504,1.358,2.769,2624.1,997.394,0,1.825,1.825,9.471,7.728,92.04,7.129,369.917,0,7.149,7.149,NA,24
"5/25/2022 8:46:04 AM",0,27.506,1.307,2.669,2529.9,997.355,0,1.911,1.911,9.31,7.734,92.028,7.131,408.404,0,7.151,7.151,NA,24
"5/25/2022 8:46:04 AM",0,27.5,1.297,2.649,2511.3,997.349,0,2.106,2.106,8.914,7.743,91.872,7.12,445.956,0,7.14,7.14,NA,24
"5/25/2022 8:46:04 AM",0,27.499,1.321,2.696,2555.4,997.367,0,2.091,2.091,8.87,7.748,91.593,7.097,441.198,0,7.117,7.117,NA,24
"5/25/2022 8:46:04 AM",0,27.503,1.28,2.616,2479.8,997.335,0,1.989,1.989,9.119,7.751,91.672,7.104,423.102,0,7.124,7.125,NA,24
"5/25/2022 8:46:05 AM",0,27.511,1.286,2.63,2492,997.338,0,1.81,1.81,9.545,7.753,91.478,7.089,409.338,0,7.109,7.109,NA,24
"5/25/2022 8:46:05 AM",0,27.517,1.249,2.558,2423.7,997.308,0,1.981,1.981,9.735,7.752,91.517,7.093,413.416,0,7.113,7.113,NA,24
"5/25/2022 8:46:05 AM",0,27.515,1.243,2.545,2411.5,997.304,0,1.935,1.935,9.119,7.757,91.416,7.085,431.088,0,7.105,7.105,NA,24
"5/25/2022 8:46:05 AM",0,27.514,1.192,2.447,2318.4,997.266,0,1.95,1.95,9.486,7.762,91.401,7.086,459.805,0,7.106,7.106,NA,24
"5/25/2022 8:46:05 AM",0,27.52,1.163,2.391,2265.3,997.243,0,1.732,1.732,9.31,7.764,91.32,7.08,501.435,0,7.1,7.1,NA,24
"5/25/2022 8:46:06 AM",0,27.516,1.102,2.27,2150.6,997.197,0,1.786,1.786,9.662,7.767,91.282,7.079,537.118,0,7.099,7.099,NA,24
"5/25/2022 8:46:06 AM",0,27.512,1.056,2.181,2066.4,997.165,0,1.88,1.88,9.236,7.769,91.283,7.08,564.306,0,7.1,7.1,NA,24
"5/25/2022 8:46:06 AM",0,27.513,1.018,2.106,1995.7,997.136,0,1.88,1.88,9.119,7.771,91.215,7.076,568.809,0,7.096,7.096,NA,24
"5/25/2022 8:46:06 AM",0,27.51,0.995,2.06,1952.5,997.12,0,2.013,2.013,9.222,7.777,91.255,7.079,571.867,0,7.099,7.099,NA,24
"5/25/2022 8:46:06 AM",0,27.507,0.949,1.969,1866.5,997.086,0,2.153,2.153,8.826,7.778,91.193,7.075,570.508,0,7.095,7.096,NA,24
"5/25/2022 8:46:07 AM",0,27.497,0.912,1.896,1797.4,997.061,0,2.044,2.044,9.369,7.78,91.145,7.072,568.554,0,7.092,7.093,NA,24
"5/25/2022 8:46:07 AM",0,27.495,0.894,1.86,1763,997.048,0,1.708,1.708,9.383,7.779,91.124,7.071,572.632,0,7.091,7.091,NA,24
"5/25/2022 8:46:07 AM",0,27.502,0.874,1.82,1725.2,997.031,0,1.911,1.911,9.794,7.78,91.077,7.068,577.729,0,7.088,7.088,NA,24
"5/25/2022 8:46:07 AM",0,27.512,0.869,1.811,1716.3,997.024,0,2.192,2.192,9.882,7.778,91.077,7.067,579.429,0,7.087,7.087,NA,24
"5/25/2022 8:46:07 AM",0,27.513,0.852,1.776,1683.4,997.011,0,1.919,1.919,9.457,7.778,91.076,7.067,578.579,0,7.087,7.087,NA,24
"5/25/2022 8:46:08 AM",0,27.511,0.846,1.764,1672.1,997.007,0,1.864,1.864,8.606,7.776,91.109,7.07,578.749,0,7.09,7.09,NA,24
"5/25/2022 8:46:08 AM",0,27.511,0.834,1.742,1650.4,996.998,0,1.685,1.685,9.369,7.775,91.101,7.07,579.853,0,7.09,7.09,NA,24
"5/25/2022 8:46:08 AM",0,27.512,0.836,1.745,1653.2,996.999,0,1.935,1.935,9.134,7.776,91.037,7.065,581.213,0,7.085,7.085,NA,24
"5/25/2022 8:46:08 AM",0,27.51,0.83,1.733,1641.9,996.995,0,1.911,1.911,9.662,7.776,91.08,7.068,582.657,0,7.088,7.089,NA,24
"5/25/2022 8:46:08 AM",0,27.51,0.835,1.742,1651,996.999,0,2.13,2.13,9.28,7.771,91.081,7.069,584.696,0,7.089,7.089,NA,24
"5/25/2022 8:46:09 AM",0,27.51,0.829,1.732,1640.9,996.995,0,2.052,2.052,9.721,7.771,91.067,7.068,587.075,0,7.088,7.089,NA,24
"5/25/2022 8:46:09 AM",0,27.513,0.833,1.738,1647.4,996.997,0,1.771,1.771,9.633,7.77,91.165,7.076,589.624,0,7.096,7.096,NA,24
"5/25/2022 8:46:09 AM",0,27.512,0.828,1.729,1638.4,996.993,0,1.849,1.849,9.823,7.767,91.112,7.072,591.408,0,7.092,7.092,NA,24
"5/25/2022 8:46:09 AM",0,27.511,0.832,1.737,1646,996.997,0,1.966,1.966,9.031,7.765,91.077,7.069,592.767,0,7.089,7.089,NA,24
"5/25/2022 8:46:09 AM",0,27.513,0.83,1.734,1643,996.995,0,2.028,2.028,9.354,7.754,91.033,7.066,593.362,0,7.086,7.086,NA,24
"5/25/2022 8:46:10 AM",0,27.523,0.829,1.732,1640.9,996.991,0,1.802,1.802,9.442,7.752,91.136,7.073,593.362,0,7.094,7.094,NA,24
"5/25/2022 8:46:10 AM",0,27.529,0.826,1.726,1635.1,996.987,0,1.779,1.779,9.178,7.756,91.017,7.065,592.852,0,7.085,7.085,NA,24
"5/25/2022 8:46:10 AM",0,27.527,0.824,1.722,1631.2,996.986,0,1.825,1.825,9.911,7.758,91.124,7.073,591.748,0,7.093,7.093,NA,24
"5/25/2022 8:46:10 AM",0,27.52,0.823,1.719,1628.7,996.987,0,1.841,1.841,9.163,7.759,91.16,7.076,589.794,0,7.096,7.096,NA,24
"5/25/2022 8:46:11 AM",0,27.517,0.819,1.712,1621.9,996.986,0,1.935,1.935,9.178,7.763,91.047,7.067,587.925,0,7.087,7.087,NA,24
"5/25/2022 8:46:11 AM",0,27.512,0.819,1.711,1621.7,996.987,0,1.81,1.81,9.207,7.765,91.078,7.069,585.886,0,7.089,7.089,NA,24
"5/25/2022 8:46:11 AM",0,27.507,0.817,1.707,1617.6,996.986,0,1.927,1.927,9.075,7.765,91.022,7.065,584.356,0,7.085,7.085,NA,24
"5/25/2022 8:46:11 AM",0,27.506,0.816,1.706,1616.5,996.986,0,1.903,1.903,9.192,7.765,91.055,7.068,583.592,0,7.088,7.088,NA,24
"5/25/2022 8:46:11 AM",0,27.505,0.814,1.701,1611.8,996.985,0,1.981,1.981,9.677,7.763,91.07,7.069,582.742,0,7.089,7.089,NA,24
"5/25/2022 8:46:12 AM",0,27.504,0.815,1.702,1613.3,996.986,0,1.825,1.825,9.985,7.761,90.966,7.061,582.317,0,7.081,7.081,NA,24
"5/25/2022 8:46:12 AM",0,27.504,0.812,1.697,1608.8,996.984,0,2.122,2.122,9.354,7.762,90.98,7.062,582.572,0,7.082,7.083,NA,24
"5/25/2022 8:46:12 AM",0,27.5,0.813,1.698,1609.8,996.985,0,2.169,2.169,9.06,7.762,90.917,7.058,583.592,0,7.078,7.078,NA,24
"5/25/2022 8:46:12 AM",0,27.497,0.811,1.694,1606,996.985,0,1.755,1.755,9.325,7.761,90.905,7.057,586.31,0,7.077,7.077,NA,24
"5/25/2022 8:46:12 AM",0,27.497,0.81,1.693,1604.4,996.984,0,1.857,1.857,9.207,7.759,90.854,7.054,588.095,0,7.074,7.074,NA,24
"5/25/2022 8:46:13 AM",0,27.495,0.81,1.692,1603.7,996.985,0,1.911,1.911,9.882,7.759,90.825,7.051,589.624,0,7.071,7.072,NA,24
"5/25/2022 8:46:13 AM",0,27.494,0.809,1.69,1601.7,996.984,0,2.114,2.114,9.119,7.759,90.803,7.05,591.153,0,7.07,7.07,NA,24
"5/25/2022 8:46:13 AM",0,27.495,0.808,1.687,1599.7,996.983,0,2.13,2.13,8.664,7.757,90.806,7.051,592.428,0,7.071,7.071,NA,24
"5/25/2022 8:46:13 AM",0,27.494,0.806,1.685,1597.1,996.982,0,1.935,1.935,8.914,7.754,90.688,7.042,593.277,0,7.061,7.062,NA,24
"5/25/2022 8:46:13 AM",0,27.495,0.804,1.681,1593.5,996.98,0,1.997,1.997,9.427,7.755,90.686,7.041,592.937,0,7.061,7.062,NA,24
"5/25/2022 8:46:14 AM",0,27.498,0.803,1.678,1590.2,996.978,0,1.935,1.935,8.855,7.755,90.647,7.038,592.003,0,7.058,7.059,NA,24
"5/25/2022 8:46:14 AM",0,27.499,0.8,1.673,1586.3,996.976,0,2.13,2.13,8.928,7.754,90.598,7.035,590.473,0,7.055,7.055,NA,24
"5/25/2022 8:46:14 AM",0,27.502,0.797,1.666,1579.2,996.973,0,1.872,1.872,9.119,7.751,90.635,7.037,588.349,0,7.057,7.058,NA,24
"5/25/2022 8:46:14 AM",0,27.512,0.794,1.661,1573.8,996.968,0,2.028,2.028,9.266,7.749,90.522,7.028,584.016,0,7.048,7.049,NA,24
"5/25/2022 8:46:14 AM",0,27.515,0.788,1.65,1563.5,996.963,0,1.911,1.911,9.53,7.749,90.608,7.035,581.043,0,7.055,7.055,NA,24
"5/25/2022 8:46:15 AM",0,27.523,0.788,1.649,1562.4,996.96,0,1.88,1.88,9.104,7.752,90.587,7.033,578.069,0,7.053,7.053,NA,24
"5/25/2022 8:46:15 AM",0,27.531,0.784,1.642,1555.2,996.955,0,1.989,1.989,9.016,7.751,90.573,7.033,575.52,0,7.052,7.053,NA,24
"5/25/2022 8:46:15 AM",0,27.536,0.784,1.641,1554.3,996.953,0,1.818,1.818,9.339,7.746,90.531,7.029,572.462,0,7.049,7.049,NA,24
"5/25/2022 8:46:15 AM",0,27.542,0.782,1.638,1551.5,996.951,0,1.584,1.584,9.471,7.747,90.471,7.024,570.848,0,7.044,7.044,NA,24
"5/25/2022 8:46:15 AM",0,27.546,0.783,1.64,1552.7,996.95,0,1.841,1.841,9.31,7.748,90.479,7.025,569.828,0,7.045,7.045,NA,24
"5/25/2022 8:46:16 AM",0,27.545,0.781,1.637,1550.1,996.949,0,1.646,1.646,9.779,7.747,90.447,7.022,569.403,0,7.042,7.042,NA,24
"5/25/2022 8:46:16 AM",0,27.547,0.782,1.639,1552,996.949,0,1.95,1.95,9.941,7.746,90.503,7.026,569.403,0,7.046,7.047,NA,24
"5/25/2022 8:46:16 AM",0,27.546,0.782,1.638,1551.4,996.95,0,1.88,1.88,9.618,7.743,90.341,7.014,570.168,0,7.033,7.034,NA,24
"5/25/2022 8:46:16 AM",0,27.543,0.782,1.638,1551.1,996.95,0,1.779,1.779,9.559,7.743,90.329,7.012,571.018,0,7.032,7.032,NA,24
"5/25/2022 8:46:16 AM",0,27.542,0.782,1.639,1552.1,996.951,0,1.669,1.669,9.559,7.743,90.331,7.013,571.952,0,7.032,7.033,NA,24
"5/25/2022 8:46:17 AM",0,27.546,0.782,1.639,1551.7,996.95,0,1.864,1.864,9.486,7.742,90.393,7.017,572.717,0,7.037,7.037,NA,24
"5/25/2022 8:50:50 AM",0,29.386,49.83,78.687,71762.1,1033.114,33.115,0.156,0.156,0.131,7.161,97.591,5.69,292.858,0,5.704,5.707,NA,24
"5/25/2022 8:50:50 AM",0,29.384,49.846,78.705,71781.9,1033.126,33.128,0.117,0.117,0.116,7.178,97.463,5.682,310.869,0,5.695,5.699,NA,24
"5/25/2022 8:50:51 AM",0,29.411,49.808,78.692,71730.7,1033.087,33.089,0.109,0.109,0.131,7.197,97.402,5.678,296.171,0,5.692,5.695,NA,24
"5/25/2022 8:50:51 AM",0,29.425,49.8,78.702,71720,1033.077,33.079,0.14,0.14,0.248,7.218,97.49,5.684,284.277,0,5.697,5.7,NA,24
"5/25/2022 8:50:51 AM",0,29.434,49.794,78.706,71710.8,1033.069,33.071,0.14,0.14,0.233,7.236,97.22,5.667,310.784,0,5.681,5.684,NA,24
"5/25/2022 8:50:51 AM",0,29.419,49.767,78.648,71679.5,1033.055,33.056,0.086,0.086,0.146,7.252,97.001,5.655,271.788,0,5.668,5.671,NA,24
"5/25/2022 8:50:51 AM",0,29.392,49.8,78.654,71723.3,1033.089,33.09,0.14,0.14,0.248,7.273,96.875,5.647,288.355,0,5.66,5.663,NA,24
"5/25/2022 8:50:52 AM",0,29.369,49.788,78.605,71711.3,1033.089,33.089,0.133,0.133,0.248,7.286,96.823,5.644,277.14,0,5.658,5.661,NA,24
"5/25/2022 8:50:52 AM",0,29.355,49.792,78.589,71717.7,1033.097,33.097,0.109,0.109,0.146,7.297,96.893,5.649,249.443,0,5.662,5.666,NA,24
"5/25/2022 8:50:52 AM",0.021,29.349,49.794,78.584,71722.1,1033.101,33.101,0.101,0.101,0.102,7.309,96.764,5.641,253.181,0,5.655,5.658,NA,24
"5/25/2022 8:50:52 AM",0.038,29.346,49.794,78.58,71722.2,1033.102,33.102,0.086,0.086,0.058,7.323,96.846,5.647,273.402,0,5.66,5.664,NA,24
"5/25/2022 8:50:52 AM",0.052,29.347,49.796,78.583,71724.8,1033.104,33.103,0.062,0.062,0.029,7.325,96.816,5.645,256.325,0,5.659,5.662,NA,24
"5/25/2022 8:50:53 AM",0.057,29.348,49.795,78.583,71722.7,1033.102,33.102,0.078,0.078,0.087,7.333,96.775,5.643,234.915,0,5.657,5.66,NA,24
"5/25/2022 8:50:53 AM",0.052,29.343,49.802,78.586,71732.1,1033.109,33.109,0.117,0.117,0.131,7.343,96.675,5.637,245.195,0,5.65,5.654,NA,24
"5/25/2022 8:50:53 AM",0.041,29.341,49.811,78.596,71744.3,1033.117,33.117,0.094,0.094,0.116,7.351,96.808,5.644,268.644,0,5.657,5.661,NA,24
"5/25/2022 8:50:53 AM",0.061,29.335,49.808,78.583,71740.8,1033.117,33.116,0.078,0.078,0.073,7.356,96.805,5.643,261.677,0,5.656,5.66,NA,24
"5/25/2022 8:50:53 AM",0.087,29.335,49.803,78.576,71734.1,1033.113,33.112,0.055,0.055,0.015,7.362,96.742,5.64,236.869,0,5.653,5.656,NA,24
"5/25/2022 8:50:54 AM",0.121,29.34,49.795,78.572,71724,1033.105,33.105,0.094,0.094,0.073,7.368,96.721,5.638,236.019,0,5.652,5.655,NA,24
"5/25/2022 8:50:54 AM",0.227,29.343,49.823,78.615,71758.9,1033.126,33.125,0.07,0.07,0.073,7.372,96.77,5.64,241.797,0,5.653,5.657,NA,24
"5/25/2022 8:50:54 AM",0.447,29.347,49.832,78.634,71769.8,1033.132,33.13,0.117,0.117,0.087,7.374,96.719,5.636,215.204,0,5.65,5.653,NA,24
"5/25/2022 8:50:54 AM",0.593,29.349,49.835,78.64,71773,1033.134,33.132,0.125,0.125,0.116,7.378,96.784,5.639,183.514,0,5.653,5.656,NA,24
"5/25/2022 8:50:54 AM",0.725,29.349,49.837,78.643,71775.4,1033.136,33.133,0.156,0.156,0.146,7.383,96.84,5.642,176.972,0,5.655,5.658,NA,24
"5/25/2022 8:50:55 AM",0.791,29.349,49.837,78.643,71775.4,1033.137,33.133,0.109,0.109,0.116,7.386,96.87,5.643,193.539,0,5.656,5.66,NA,24
"5/25/2022 8:50:55 AM",0.792,29.348,49.833,78.636,71770.4,1033.134,33.13,0.078,0.078,0.087,7.391,96.811,5.639,203.395,0,5.653,5.656,NA,24
"5/25/2022 8:50:55 AM",0.747,29.346,49.834,78.635,71772.4,1033.135,33.132,0.07,0.07,0.044,7.4,96.867,5.643,208.322,0,5.656,5.66,NA,24
"5/25/2022 8:50:55 AM",0.739,29.345,49.832,78.63,71770.6,1033.135,33.132,0.062,0.062,0.015,7.408,96.716,5.635,203.48,0,5.648,5.652,NA,24
"5/25/2022 8:50:56 AM",0.753,29.342,49.828,78.62,71764.8,1033.132,33.129,0.086,0.086,0.044,7.41,96.752,5.637,214.1,0,5.651,5.654,NA,24
"5/25/2022 8:50:56 AM",0.786,29.344,49.839,78.638,71778.5,1033.14,33.136,0.109,0.109,0.015,7.409,96.729,5.636,223.021,0,5.65,5.653,NA,24
"5/25/2022 8:50:56 AM",0.834,29.346,49.835,78.635,71773.3,1033.136,33.133,0.078,0.078,0.073,7.411,96.627,5.631,217.158,0,5.644,5.647,NA,24
"5/25/2022 8:50:56 AM",0.864,29.346,49.836,78.637,71774.6,1033.137,33.134,0.07,0.07,0.131,7.41,96.734,5.637,205.944,0,5.651,5.654,NA,24
"5/25/2022 8:50:56 AM",0.899,29.348,49.838,78.643,71776.5,1033.138,33.134,0.07,0.07,0.102,7.41,96.826,5.643,193.624,0,5.656,5.66,NA,24
"5/25/2022 8:50:57 AM",0.928,29.349,49.832,78.636,71769.8,1033.134,33.13,0.109,0.109,0.058,7.412,96.744,5.639,193.03,0,5.652,5.656,NA,24
"5/25/2022 8:50:57 AM",0.954,29.348,49.83,78.633,71767.5,1033.133,33.129,0.109,0.109,0.102,7.409,96.795,5.642,198.807,0,5.655,5.658,NA,24
"5/25/2022 8:50:57 AM",0.985,29.348,49.831,78.633,71768.3,1033.133,33.129,0.078,0.078,0.087,7.413,96.735,5.638,204.839,0,5.652,5.655,NA,24
"5/25/2022 8:50:57 AM",1.019,29.347,49.833,78.635,71771.2,1033.135,33.131,0.078,0.078,0.073,7.416,96.778,5.641,205.179,0,5.654,5.657,NA,24
"5/25/2022 8:50:57 AM",1.062,29.346,49.837,78.64,71776.7,1033.139,33.135,0.07,0.07,0.087,7.417,96.907,5.648,195.408,0,5.662,5.665,NA,24
"5/25/2022 8:50:58 AM",1.105,29.347,49.842,78.648,71782.5,1033.143,33.138,0.07,0.07,0.029,7.421,96.735,5.638,186.658,0,5.651,5.655,NA,24
"5/25/2022 8:50:58 AM",1.158,29.348,49.84,78.645,71779.9,1033.141,33.136,0.101,0.101,0.073,7.423,96.773,5.64,185.808,0,5.654,5.657,NA,24
"5/25/2022 8:50:58 AM",1.234,29.346,49.843,78.647,71783.8,1033.144,33.139,0.078,0.078,0.029,7.424,96.711,5.636,195.069,0,5.65,5.653,NA,24
"5/25/2022 8:50:58 AM",1.271,29.345,49.837,78.638,71776.9,1033.14,33.135,0.078,0.078,0.073,7.429,96.852,5.645,191.585,0,5.658,5.662,NA,24
"5/25/2022 8:50:58 AM",1.278,29.345,49.834,78.633,71772.9,1033.138,33.133,0.078,0.078,0.058,7.432,96.718,5.637,186.488,0,5.65,5.654,NA,24
"5/25/2022 8:50:59 AM",1.253,29.342,49.844,78.642,71785.4,1033.147,33.141,0.094,0.094,0.073,7.433,96.81,5.642,185.298,0,5.655,5.659,NA,24
"5/25/2022 8:50:59 AM",1.161,29.34,49.851,78.649,71795,1033.153,33.148,0.078,0.078,0.058,7.436,96.866,5.644,194.559,0,5.657,5.66,NA,24
"5/25/2022 8:50:59 AM",1.112,29.34,49.846,78.643,71788.4,1033.148,33.143,0.062,0.062,0.044,7.439,96.892,5.645,205.179,0,5.658,5.662,NA,24
"5/25/2022 8:50:59 AM",1.114,29.341,49.845,78.642,71786.7,1033.147,33.142,0.109,0.109,0.073,7.44,96.908,5.646,209.852,0,5.659,5.662,NA,24
"5/25/2022 8:50:59 AM",1.172,29.342,49.845,78.645,71786.7,1033.147,33.142,0.086,0.086,0.073,7.442,96.818,5.64,201.95,0,5.654,5.657,NA,24
"5/25/2022 8:51:00 AM",1.297,29.344,49.845,78.647,71786.3,1033.147,33.141,0.062,0.062,0.044,7.446,96.832,5.641,188.442,0,5.654,5.658,NA,24
"5/25/2022 8:51:00 AM",1.526,29.345,49.844,78.647,71785.5,1033.147,33.14,0.07,0.07,0.087,7.446,96.758,5.636,161.254,0,5.649,5.652,NA,24
"5/25/2022 8:51:00 AM",1.688,29.345,49.846,78.65,71788.1,1033.149,33.142,0.07,0.07,0.058,7.447,96.818,5.638,146.556,0,5.651,5.655,NA,24
"5/25/2022 8:51:00 AM",1.841,29.345,49.854,78.661,71798.2,1033.156,33.148,0.047,0.047,0.015,7.449,96.829,5.638,122.598,0,5.651,5.655,NA,24
"5/25/2022 8:51:00 AM",2.001,29.346,49.853,78.66,71796.2,1033.155,33.146,0,0,0,7.45,96.797,5.636,96.94,0,5.649,5.653,NA,24
"5/25/2022 8:51:01 AM",2.227,29.346,49.853,78.661,71797.2,1033.156,33.147,0,0,0,7.451,96.796,5.635,75.954,0,5.649,5.652,NA,24
"5/25/2022 8:51:01 AM",2.378,29.345,49.866,78.679,71813.8,1033.167,33.157,0.086,0.086,0.058,7.452,96.822,5.636,73.576,0,5.649,5.653,NA,24
"5/25/2022 8:51:01 AM",2.5,29.345,49.869,78.682,71817.1,1033.17,33.159,0.195,0.195,0.262,7.453,96.778,5.633,91.332,0,5.647,5.65,NA,24
"5/25/2022 8:51:01 AM",2.623,29.344,49.873,78.686,71821.6,1033.173,33.162,0.148,0.148,0.204,7.453,96.799,5.634,111.213,0,5.648,5.651,NA,24
"5/25/2022 8:51:01 AM",2.766,29.345,49.87,78.684,71818.8,1033.172,33.16,0.094,0.094,0.146,7.452,96.81,5.635,117.33,0,5.648,5.652,NA,24
"5/25/2022 8:51:02 AM",3.013,29.345,49.872,78.686,71820.9,1033.174,33.161,0.055,0.055,0.044,7.455,96.772,5.632,113.082,0,5.645,5.649,NA,24
"5/25/2022 8:51:02 AM",3.183,29.346,49.87,78.684,71818.1,1033.173,33.159,0.062,0.062,0.015,7.457,96.835,5.636,106.115,0,5.649,5.652,NA,24
"5/25/2022 8:51:02 AM",3.357,29.345,49.871,78.685,71820.2,1033.175,33.161,0.047,0.047,0.015,7.458,96.804,5.634,98.554,0,5.647,5.65,NA,24
"5/25/2022 8:51:02 AM",3.522,29.345,49.866,78.678,71813.7,1033.172,33.157,0.055,0.055,0,7.459,96.809,5.634,88.019,0,5.647,5.65,NA,24
"5/25/2022 8:51:02 AM",3.762,29.345,49.866,78.678,71813.4,1033.173,33.157,0.094,0.094,0,7.46,96.824,5.634,76.634,0,5.648,5.651,NA,24
"5/25/2022 8:51:03 AM",3.924,29.345,49.866,78.678,71814.2,1033.174,33.157,0.078,0.078,0.058,7.459,96.863,5.637,71.197,0,5.651,5.654,NA,24
"5/25/2022 8:51:03 AM",4.073,29.344,49.867,78.678,71814.9,1033.175,33.158,0.086,0.086,0.044,7.458,96.949,5.643,63.975,0,5.656,5.66,NA,24
"5/25/2022 8:51:03 AM",4.228,29.344,49.865,78.677,71813.4,1033.175,33.156,0.039,0.039,0,7.46,96.87,5.638,53.865,0,5.651,5.655,NA,24
"5/25/2022 8:51:03 AM",4.381,29.345,49.864,78.675,71811.2,1033.174,33.155,0.094,0.094,0.116,7.459,96.895,5.64,48.087,0,5.653,5.656,NA,24
"5/25/2022 8:51:03 AM",4.616,29.344,49.867,78.679,71815.7,1033.178,33.158,0.094,0.094,0.116,7.458,96.858,5.636,65.08,0,5.649,5.653,NA,24
"5/25/2022 8:51:04 AM",4.772,29.344,49.87,78.684,71819.9,1033.181,33.16,0.109,0.109,0.073,7.46,96.814,5.633,78.588,0,5.647,5.65,NA,24
"5/25/2022 8:51:04 AM",4.925,29.344,49.874,78.689,71824.5,1033.184,33.163,0.101,0.101,0.175,7.46,96.711,5.627,83.346,0,5.641,5.644,NA,24
"5/25/2022 8:51:04 AM",5.083,29.344,49.875,78.691,71826.1,1033.186,33.164,0.07,0.07,0.073,7.461,96.81,5.633,79.013,0,5.647,5.65,NA,24
"5/25/2022 8:51:04 AM",5.241,29.345,49.877,78.693,71827.9,1033.187,33.165,0.055,0.055,0,7.464,96.812,5.633,72.896,0,5.647,5.65,NA,24
"5/25/2022 8:51:04 AM",5.478,29.345,49.876,78.693,71827.6,1033.188,33.165,0.031,0.031,0,7.463,96.789,5.632,59.982,0,5.646,5.649,NA,24
"5/25/2022 8:51:05 AM",5.627,29.345,49.876,78.692,71826.9,1033.188,33.164,0.008,0.008,0,7.461,96.815,5.634,52.081,0,5.647,5.65,NA,24
"5/25/2022 8:51:05 AM",5.777,29.346,49.875,78.693,71826.5,1033.188,33.164,0,0,0,7.464,96.721,5.628,43.5,0,5.642,5.645,NA,24
"5/25/2022 8:51:05 AM",5.916,29.345,49.874,78.691,71824.8,1033.188,33.163,0,0,0,7.466,96.801,5.632,32.88,0,5.646,5.649,NA,24
"5/25/2022 8:51:05 AM",6.111,29.343,49.879,78.695,71831.5,1033.193,33.167,0,0,0,7.464,96.755,5.628,20.985,0,5.642,5.645,NA,24
"5/25/2022 8:51:05 AM",6.255,29.343,49.882,78.699,71835.2,1033.196,33.169,0,0,0,7.464,96.8,5.63,15.548,0,5.644,5.647,NA,24
"5/25/2022 8:51:06 AM",6.422,29.345,49.88,78.699,71833.2,1033.195,33.168,0,0,0,7.464,96.663,5.623,12.064,0,5.636,5.639,NA,24
"5/25/2022 8:51:06 AM",6.611,29.346,49.878,78.699,71830.8,1033.194,33.166,0,0,0,7.465,96.646,5.622,10.195,0,5.635,5.638,NA,24
"5/25/2022 8:51:06 AM",6.811,29.346,49.877,78.697,71828.9,1033.194,33.165,0.819,0.819,1.836,7.466,96.753,5.628,10.79,0,5.641,5.645,NA,24
"5/25/2022 8:51:06 AM",7.079,29.347,49.877,78.698,71829.5,1033.195,33.165,0.772,0.772,1.69,7.462,96.79,5.63,17.757,0,5.644,5.647,NA,24
"5/25/2022 8:51:07 AM",7.237,29.347,49.877,78.697,71828.7,1033.195,33.164,0.32,0.32,0.51,7.464,96.791,5.63,19.796,0,5.644,5.647,NA,24
"5/25/2022 8:51:07 AM",7.399,29.347,49.875,78.697,71827.1,1033.194,33.163,0.094,0.094,0,7.463,96.839,5.633,19.031,0,5.647,5.65,NA,24
"5/25/2022 8:51:07 AM",7.568,29.347,49.876,78.698,71828.5,1033.196,33.164,0.172,0.172,0.218,7.464,96.816,5.632,19.116,0,5.646,5.649,NA,24
"5/25/2022 8:51:07 AM",7.734,29.347,49.874,78.695,71825.9,1033.195,33.162,0.257,0.257,0.481,7.465,96.935,5.638,23.959,0,5.652,5.655,NA,24
"5/25/2022 8:51:07 AM",7.95,29.346,49.875,78.695,71826.6,1033.197,33.163,0.187,0.187,0.277,7.464,96.927,5.638,36.278,0,5.651,5.655,NA,24
"5/25/2022 8:51:08 AM",8.096,29.347,49.872,78.691,71823.5,1033.195,33.161,0.094,0.094,0.087,7.462,96.775,5.628,36.363,0,5.642,5.645,NA,24
"5/25/2022 8:51:08 AM",8.232,29.346,49.87,78.688,71820.8,1033.194,33.159,0.008,0.008,0,7.463,96.862,5.633,30.246,0,5.646,5.65,NA,24
"5/25/2022 8:51:08 AM",8.374,29.346,49.872,78.691,71823.5,1033.196,33.161,0,0,0,7.466,96.778,5.628,22.09,0,5.641,5.644,NA,24
"5/25/2022 8:51:08 AM",8.631,29.346,49.875,78.695,71827.6,1033.2,33.163,0,0,0,7.467,96.883,5.634,12.659,0,5.647,5.651,NA,24
"5/25/2022 8:51:08 AM",8.831,29.347,49.869,78.688,71820.3,1033.196,33.159,0,0,0,7.467,96.906,5.635,10.11,0,5.649,5.652,NA,24
"5/25/2022 8:51:09 AM",9.042,29.347,49.866,78.685,71816.1,1033.194,33.156,0.055,0.055,0.015,7.467,96.797,5.629,9.431,0,5.643,5.646,NA,24
"5/25/2022 8:51:09 AM",9.256,29.347,49.864,78.683,71814.3,1033.194,33.155,0.179,0.179,0.32,7.466,96.893,5.635,9.431,0,5.648,5.652,NA,24
"5/25/2022 8:51:09 AM",9.461,29.347,49.864,78.682,71813.8,1033.195,33.154,0.172,0.172,0.277,7.465,96.736,5.625,9.855,0,5.639,5.642,NA,24
"5/25/2022 8:51:09 AM",9.779,29.347,49.861,78.678,71809.8,1033.193,33.152,0.14,0.14,0.204,7.466,96.76,5.627,10.62,0,5.64,5.644,NA,24
"5/25/2022 8:51:09 AM",9.981,29.348,49.86,78.678,71808.7,1033.193,33.151,0.125,0.125,0.189,7.47,96.853,5.632,11.13,0,5.646,5.649,NA,24
"5/25/2022 8:51:10 AM",10.177,29.348,49.856,78.673,71804.1,1033.191,33.148,0.094,0.094,0.116,7.471,96.827,5.631,11.555,0,5.644,5.648,NA,24
"5/25/2022 8:51:10 AM",10.373,29.348,49.853,78.669,71801,1033.19,33.146,0.047,0.047,0.058,7.473,96.804,5.629,11.894,0,5.642,5.646,NA,24
"5/25/2022 8:51:10 AM",10.664,29.348,49.852,78.668,71799,1033.19,33.145,0.078,0.078,0.058,7.473,96.732,5.625,11.979,0,5.638,5.642,NA,24
"5/25/2022 8:51:10 AM",10.867,29.348,49.85,78.664,71797.1,1033.19,33.144,0.07,0.07,0,7.475,96.705,5.623,11.809,0,5.637,5.64,NA,24
"5/25/2022 8:51:10 AM",11.062,29.348,49.849,78.664,71795.7,1033.19,33.143,0.016,0.016,0,7.475,96.798,5.628,11.555,0,5.642,5.645,NA,24
"5/25/2022 8:51:11 AM",11.258,29.349,49.847,78.661,71793,1033.189,33.141,0,0,0,7.475,96.726,5.624,11.47,0,5.637,5.641,NA,24
"5/25/2022 8:51:11 AM",11.457,29.349,49.847,78.663,71793.4,1033.19,33.141,0.031,0.031,0,7.475,96.782,5.628,11.64,0,5.641,5.644,NA,24
"5/25/2022 8:51:11 AM",11.752,29.349,49.848,78.664,71794.5,1033.191,33.141,0.016,0.016,0,7.474,96.835,5.63,11.894,0,5.643,5.647,NA,24
"5/25/2022 8:51:11 AM",11.95,29.349,49.854,78.673,71803,1033.197,33.146,0.289,0.289,0.51,7.474,96.763,5.626,13.339,0,5.639,5.643,NA,24
"5/25/2022 8:51:11 AM",12.122,29.349,49.854,78.672,71802.1,1033.198,33.146,0.546,0.546,1.18,7.475,96.737,5.624,23.364,0,5.638,5.641,NA,24
"5/25/2022 8:51:12 AM",12.26,29.349,49.852,78.67,71800.2,1033.197,33.145,0.437,0.437,0.903,7.475,96.706,5.622,46.388,0,5.636,5.639,NA,24
"5/25/2022 8:51:12 AM",12.376,29.349,49.855,78.675,71804.5,1033.2,33.147,0.179,0.179,0.306,7.475,96.703,5.622,83.091,0,5.635,5.639,NA,24
"5/25/2022 8:51:12 AM",12.397,29.35,49.857,78.677,71806,1033.201,33.148,0.101,0.101,0.102,7.475,96.666,5.62,84.96,0,5.633,5.636,NA,24
"5/25/2022 8:51:12 AM",12.371,29.348,49.856,78.675,71805.8,1033.201,33.148,0.086,0.086,0.102,7.475,96.657,5.619,84.281,0,5.632,5.636,NA,24
"5/25/2022 8:51:12 AM",12.319,29.348,49.856,78.673,71805.3,1033.201,33.148,0.086,0.086,0.058,7.473,96.793,5.627,84.875,0,5.64,5.644,NA,24
"5/25/2022 8:51:13 AM",12.27,29.348,49.851,78.667,71798.6,1033.196,33.144,0.086,0.086,0.044,7.472,96.735,5.624,85.13,0,5.638,5.641,NA,24
"5/25/2022 8:51:13 AM",12.235,29.348,49.85,78.665,71797.3,1033.195,33.143,0.078,0.078,0.073,7.475,96.834,5.631,85.64,0,5.644,5.648,NA,24
"5/25/2022 8:51:13 AM",12.168,29.348,49.85,78.665,71797.9,1033.196,33.144,0.062,0.062,0.058,7.477,96.819,5.63,86.489,0,5.643,5.647,NA,24
"5/25/2022 8:51:13 AM",12.077,29.348,49.85,78.665,71797.9,1033.195,33.144,0.07,0.07,0.044,7.475,96.752,5.626,87.339,0,5.639,5.643,NA,24
"5/25/2022 8:51:13 AM",11.931,29.347,49.848,78.662,71795.4,1033.193,33.142,0.086,0.086,0.058,7.478,96.748,5.626,88.359,0,5.639,5.643,NA,24
"5/25/2022 8:51:14 AM",11.643,29.347,49.846,78.659,71792.5,1033.19,33.141,0.078,0.078,0.087,7.48,96.796,5.629,89.973,0,5.642,5.646,NA,24
"5/25/2022 8:51:14 AM",11.457,29.348,49.847,78.661,71793.9,1033.19,33.141,0.07,0.07,0.058,7.478,96.807,5.629,90.568,0,5.643,5.646,NA,24
"5/25/2022 8:51:14 AM",11.321,29.348,49.847,78.661,71793.5,1033.189,33.141,0.078,0.078,0.044,7.477,96.836,5.631,90.907,0,5.644,5.648,NA,24
"5/25/2022 8:51:14 AM",11.234,29.349,49.845,78.66,71791.3,1033.188,33.14,0.07,0.07,0.058,7.477,96.833,5.631,90.483,0,5.644,5.647,NA,24
"5/25/2022 8:51:14 AM",11.149,29.349,49.843,78.656,71788,1033.185,33.138,0.07,0.07,0.029,7.478,96.861,5.632,90.228,0,5.645,5.649,NA,24
"5/25/2022 8:51:15 AM",10.987,29.349,49.839,78.652,71783.7,1033.182,33.135,0.062,0.062,0.029,7.476,96.72,5.624,90.992,0,5.638,5.641,NA,24
"5/25/2022 8:51:15 AM",10.85,29.347,49.84,78.65,71785.1,1033.183,33.137,0.078,0.078,0.073,7.475,96.707,5.623,91.247,0,5.637,5.64,NA,24
"5/25/2022 8:51:15 AM",10.709,29.346,49.84,78.649,71784.6,1033.182,33.136,0.078,0.078,0.029,7.475,96.796,5.628,91.502,0,5.641,5.645,NA,24
"5/25/2022 8:51:15 AM",10.591,29.346,49.842,78.652,71787.5,1033.183,33.138,0.078,0.078,0.058,7.476,96.707,5.623,91.417,0,5.637,5.64,NA,24
"5/25/2022 8:51:15 AM",10.474,29.347,49.838,78.647,71782.2,1033.179,33.135,0.078,0.078,0.029,7.477,96.727,5.624,90.228,0,5.638,5.641,NA,24
"5/25/2022 8:51:16 AM",10.394,29.348,49.834,78.643,71777.3,1033.176,33.132,0.094,0.094,0.029,7.477,96.773,5.627,90.398,0,5.641,5.644,NA,24
"5/25/2022 8:51:16 AM",10.316,29.348,49.835,78.644,71778.2,1033.176,33.132,0.07,0.07,0.044,7.476,96.786,5.628,90.228,0,5.641,5.645,NA,24
"5/25/2022 8:51:16 AM",10.259,29.347,49.836,78.644,71779.7,1033.177,33.133,0.078,0.078,0.058,7.475,96.75,5.626,89.463,0,5.639,5.643,NA,24
"5/25/2022 8:51:16 AM",10.198,29.347,49.834,78.641,71776.8,1033.175,33.132,0.086,0.086,0.087,7.472,96.753,5.626,89.038,0,5.64,5.643,NA,24
"5/25/2022 8:51:17 AM",10.05,29.347,49.834,78.641,71776.4,1033.174,33.132,0.07,0.07,0.015,7.477,96.705,5.623,88.359,0,5.637,5.64,NA,24
"5/25/2022 8:51:17 AM",9.911,29.347,49.834,78.641,71776.6,1033.174,33.132,0.062,0.062,0.044,7.478,96.783,5.628,87.764,0,5.641,5.645,NA,24
"5/25/2022 8:51:17 AM",9.76,29.346,49.833,78.639,71775.2,1033.173,33.131,0.07,0.07,0.015,7.477,96.838,5.631,87.339,0,5.644,5.648,NA,24
"5/25/2022 8:51:17 AM",9.621,29.347,49.831,78.637,71773,1033.171,33.13,0.078,0.078,0.044,7.478,96.724,5.624,86.999,0,5.638,5.641,NA,24
"5/25/2022 8:51:17 AM",9.455,29.347,49.83,78.636,71771.9,1033.169,33.129,0.078,0.078,0.044,7.477,96.676,5.622,85.81,0,5.635,5.639,NA,24
"5/25/2022 8:51:18 AM",9.362,29.348,49.827,78.632,71767.9,1033.166,33.126,0.078,0.078,0.029,7.479,96.792,5.628,86.065,0,5.642,5.645,NA,24
"5/25/2022 8:51:18 AM",9.278,29.347,49.827,78.631,71767.7,1033.166,33.127,0.07,0.07,0.029,7.48,96.697,5.622,86.32,0,5.636,5.639,NA,24
"5/25/2022 8:51:18 AM",9.219,29.346,49.831,78.635,71772.4,1033.169,33.13,0.07,0.07,0.044,7.482,96.661,5.62,86.574,0,5.633,5.637,NA,24
"5/25/2022 8:51:18 AM",9.17,29.347,49.827,78.63,71767.3,1033.165,33.126,0.055,0.055,0.044,7.481,96.678,5.621,87.169,0,5.635,5.638,NA,24
"5/25/2022 8:51:18 AM",9.042,29.347,49.829,78.634,71770.1,1033.166,33.128,0.07,0.07,0.073,7.484,96.703,5.623,88.529,0,5.636,5.639,NA,24
"5/25/2022 8:51:19 AM",8.925,29.347,49.832,78.637,71773.4,1033.168,33.13,0.07,0.07,0.029,7.484,96.757,5.626,89.548,0,5.639,5.642,NA,24
"5/25/2022 8:51:19 AM",8.783,29.347,49.832,78.637,71773.7,1033.168,33.13,0.062,0.062,0.029,7.484,96.752,5.625,90.992,0,5.639,5.642,NA,24
"5/25/2022 8:51:19 AM",8.624,29.347,49.83,78.635,71771.8,1033.166,33.129,0.062,0.062,0.029,7.485,96.625,5.618,92.267,0,5.631,5.634,NA,24
"5/25/2022 8:51:19 AM",8.404,29.347,49.83,78.635,71771.3,1033.165,33.129,0.07,0.07,0.044,7.484,96.661,5.62,92.437,0,5.633,5.636,NA,24
"5/25/2022 8:51:19 AM",8.28,29.347,49.833,78.639,71774.1,1033.166,33.131,0.078,0.078,0.044,7.484,96.792,5.627,92.437,0,5.641,5.644,NA,24
"5/25/2022 8:51:20 AM",8.178,29.348,49.829,78.635,71769.4,1033.162,33.128,0.101,0.101,0.131,7.483,96.769,5.626,92.437,0,5.639,5.643,NA,24
"5/25/2022 8:51:20 AM",8.087,29.348,49.827,78.631,71766.5,1033.16,33.126,0.094,0.094,0.146,7.48,96.739,5.624,92.097,0,5.637,5.641,NA,24
"5/25/2022 8:51:20 AM",8.007,29.348,49.824,78.628,71763.4,1033.158,33.124,0.07,0.07,0.073,7.48,96.651,5.619,91.502,0,5.632,5.636,NA,24
"5/25/2022 8:51:20 AM",7.941,29.347,49.823,78.625,71761.6,1033.157,33.123,0.078,0.078,0.029,7.479,96.651,5.62,90.738,0,5.633,5.636,NA,24
"5/25/2022 8:51:20 AM",7.912,29.347,49.823,78.624,71762.2,1033.157,33.124,0.078,0.078,0.058,7.481,96.707,5.623,90.398,0,5.636,5.64,NA,24
"5/25/2022 8:51:21 AM",7.849,29.347,49.824,78.625,71762.7,1033.157,33.124,0.078,0.078,0.029,7.482,96.684,5.621,90.313,0,5.635,5.638,NA,24
"5/25/2022 8:51:21 AM",7.757,29.347,49.821,78.623,71759.7,1033.155,33.122,0.125,0.125,0.029,7.482,96.742,5.625,90.228,0,5.638,5.641,NA,24
"5/25/2022 8:51:21 AM",7.595,29.347,49.819,78.619,71756.5,1033.152,33.12,0.094,0.094,0.058,7.483,96.693,5.622,90.653,0,5.635,5.638,NA,24
"5/25/2022 8:51:21 AM",7.479,29.348,49.815,78.615,71751.5,1033.149,33.117,0.086,0.086,0.015,7.482,96.76,5.625,90.653,0,5.639,5.642,NA,24
"5/25/2022 8:51:21 AM",7.348,29.348,49.815,78.614,71751.6,1033.148,33.117,0.086,0.086,0.058,7.483,96.715,5.623,90.398,0,5.636,5.64,NA,24
"5/25/2022 8:51:22 AM",7.211,29.348,49.813,78.612,71748.8,1033.146,33.115,0.086,0.086,0.073,7.483,96.607,5.617,90.398,0,5.63,5.634,NA,24
"5/25/2022 8:51:22 AM",7.079,29.348,49.812,78.61,71747.3,1033.145,33.115,0.07,0.07,0.029,7.483,96.629,5.618,90.568,0,5.632,5.635,NA,24
"5/25/2022 8:51:22 AM",6.889,29.347,49.809,78.606,71744.3,1033.142,33.113,0.078,0.078,0.058,7.482,96.564,5.615,91.502,0,5.628,5.631,NA,24
"5/25/2022 8:51:22 AM",6.785,29.347,49.81,78.607,71745.4,1033.143,33.114,0.07,0.07,0.029,7.485,96.758,5.625,91.587,0,5.639,5.642,NA,24
"5/25/2022 8:51:22 AM",6.735,29.348,49.808,78.605,71743,1033.141,33.112,0.062,0.062,0.058,7.486,96.697,5.622,91.927,0,5.635,5.639,NA,24
"5/25/2022 8:51:23 AM",6.707,29.347,49.806,78.601,71739.9,1033.139,33.11,0.078,0.078,0.073,7.486,96.766,5.626,91.672,0,5.639,5.643,NA,24
"5/25/2022 8:51:23 AM",6.677,29.347,49.803,78.596,71735.9,1033.136,33.108,0.094,0.094,0.087,7.487,96.685,5.622,90.653,0,5.635,5.639,NA,24
"5/25/2022 8:51:23 AM",6.681,29.347,49.8,78.593,71733.3,1033.135,33.107,0.078,0.078,0.087,7.489,96.74,5.625,89.718,0,5.638,5.641,NA,24
"5/25/2022 8:51:23 AM",6.698,29.347,49.798,78.59,71730,1033.133,33.104,0.078,0.078,0.058,7.489,96.698,5.623,89.378,0,5.636,5.64,NA,24
"5/25/2022 8:51:23 AM",6.691,29.347,49.798,78.591,71730.6,1033.133,33.105,0.086,0.086,0.029,7.489,96.738,5.625,89.718,0,5.638,5.642,NA,24
"5/25/2022 8:51:24 AM",6.644,29.347,49.799,78.591,71731.1,1033.133,33.105,0.078,0.078,0.015,7.489,96.715,5.623,89.548,0,5.637,5.64,NA,24
"5/25/2022 8:51:24 AM",6.524,29.347,49.794,78.584,71725.6,1033.13,33.102,0.07,0.07,0.073,7.487,96.642,5.619,89.293,0,5.632,5.635,NA,24
"5/25/2022 8:51:24 AM",6.422,29.347,49.793,78.582,71723.4,1033.128,33.101,0.07,0.07,0.058,7.487,96.622,5.618,89.463,0,5.631,5.635,NA,24
"5/25/2022 8:51:24 AM",6.3,29.347,49.788,78.576,71717.8,1033.124,33.097,0.125,0.125,0.131,7.486,96.702,5.623,90.313,0,5.636,5.64,NA,24
"5/25/2022 8:51:24 AM",6.157,29.347,49.789,78.577,71718,1033.124,33.097,0.101,0.101,0.102,7.484,96.702,5.622,90.568,0,5.636,5.639,NA,24
"5/25/2022 8:51:25 AM",5.926,29.347,49.788,78.575,71717.3,1033.122,33.097,0.07,0.07,0.015,7.483,96.751,5.625,91.332,0,5.638,5.641,NA,24
"5/25/2022 8:51:25 AM",5.799,29.347,49.787,78.575,71716.1,1033.121,33.096,0.078,0.078,0.131,7.482,96.563,5.613,91.757,0,5.627,5.63,NA,24
"5/25/2022 8:51:25 AM",5.697,29.347,49.787,78.574,71715.7,1033.12,33.096,0.07,0.07,0.044,7.485,96.646,5.618,92.267,0,5.631,5.635,NA,24
"5/25/2022 8:51:25 AM",5.608,29.347,49.785,78.572,71713.9,1033.119,33.095,0.07,0.07,0.044,7.486,96.756,5.624,92.946,0,5.638,5.641,NA,24
"5/25/2022 8:51:25 AM",5.565,29.348,49.782,78.569,71709.5,1033.116,33.092,0.062,0.062,0.015,7.487,96.755,5.625,93.796,0,5.638,5.642,NA,24
"5/25/2022 8:51:26 AM",5.492,29.348,49.781,78.567,71708.6,1033.115,33.092,0.078,0.078,0.029,7.486,96.737,5.624,94.816,0,5.638,5.641,NA,24
"5/25/2022 8:51:26 AM",5.422,29.347,49.78,78.566,71707.4,1033.114,33.091,0.062,0.062,0.058,7.486,96.704,5.623,95.835,0,5.636,5.639,NA,24
"5/25/2022 8:51:26 AM",5.379,29.347,49.781,78.565,71707.9,1033.114,33.092,0.078,0.078,0.044,7.487,96.63,5.618,96.43,0,5.631,5.635,NA,24
"5/25/2022 8:51:26 AM",5.337,29.347,49.78,78.565,71706.4,1033.113,33.09,0.055,0.055,0.015,7.486,96.631,5.618,97.025,0,5.631,5.635,NA,24
"5/25/2022 8:51:27 AM",5.328,29.347,49.778,78.562,71704,1033.112,33.089,0.078,0.078,0.029,7.487,96.777,5.627,97.11,0,5.64,5.643,NA,24
"5/25/2022 8:51:27 AM",5.311,29.347,49.778,78.562,71704.7,1033.112,33.089,0.078,0.078,0.044,7.487,96.741,5.624,97.279,0,5.638,5.641,NA,24
"5/25/2022 8:51:27 AM",5.262,29.347,49.779,78.563,71705.9,1033.113,33.09,0.086,0.086,0.087,7.487,96.737,5.624,97.704,0,5.637,5.641,NA,24
"5/25/2022 8:51:27 AM",5.196,29.347,49.777,78.561,71703.3,1033.111,33.089,0.07,0.07,0.058,7.487,96.744,5.624,97.619,0,5.638,5.641,NA,24
"5/25/2022 8:51:27 AM",5.106,29.347,49.777,78.561,71703.2,1033.11,33.089,0.078,0.078,0.029,7.487,96.701,5.622,98.809,0,5.635,5.639,NA,24
"5/25/2022 8:51:28 AM",4.939,29.347,49.774,78.556,71699.3,1033.107,33.086,0.07,0.07,0.044,7.485,96.698,5.622,99.318,0,5.635,5.638,NA,24
"5/25/2022 8:51:28 AM",4.834,29.347,49.773,78.555,71698.4,1033.107,33.086,0.062,0.062,0.029,7.488,96.651,5.619,99.234,0,5.632,5.635,NA,24
"5/25/2022 8:51:28 AM",4.763,29.347,49.773,78.555,71697.6,1033.106,33.085,0.062,0.062,0.058,7.49,96.757,5.625,99.234,0,5.638,5.642,NA,24
"5/25/2022 8:51:28 AM",4.702,29.347,49.772,78.554,71696.8,1033.105,33.085,0.07,0.07,0.044,7.49,96.739,5.624,100.678,0,5.637,5.641,NA,24
"5/25/2022 8:51:28 AM",4.629,29.347,49.771,78.552,71695.1,1033.104,33.084,0.07,0.07,0.029,7.49,96.69,5.621,102.547,0,5.634,5.638,NA,24
"5/25/2022 8:51:29 AM",4.504,29.347,49.77,78.551,71694.4,1033.103,33.084,0.086,0.086,0.058,7.492,96.679,5.62,105.011,0,5.633,5.637,NA,24
"5/25/2022 8:51:29 AM",4.412,29.348,49.768,78.548,71690.8,1033.1,33.081,0.078,0.078,0.073,7.492,96.791,5.627,106.795,0,5.64,5.643,NA,24
"5/25/2022 8:51:29 AM",4.313,29.347,49.769,78.549,71693.3,1033.101,33.083,0.078,0.078,0.087,7.491,96.529,5.611,107.815,0,5.625,5.628,NA,24
"5/25/2022 8:51:29 AM",4.215,29.347,49.769,78.549,71692.7,1033.101,33.083,0.078,0.078,0.044,7.488,96.531,5.612,108.324,0,5.625,5.628,NA,24
"5/25/2022 8:51:29 AM",4.026,29.347,49.77,78.551,71694.1,1033.101,33.083,0.062,0.062,0.029,7.49,96.705,5.622,108.664,0,5.635,5.638,NA,24
"5/25/2022 8:51:30 AM",3.89,29.347,49.771,78.551,71694.4,1033.1,33.084,0.078,0.078,0.044,7.491,96.596,5.615,109.599,0,5.628,5.632,NA,24
"5/25/2022 8:51:30 AM",3.756,29.348,49.769,78.551,71692.8,1033.098,33.082,0.047,0.047,0.015,7.493,96.677,5.62,110.873,0,5.633,5.636,NA,24
"5/25/2022 8:51:30 AM",3.633,29.347,49.77,78.551,71693.9,1033.099,33.083,0.07,0.07,0.044,7.494,96.653,5.618,113.252,0,5.632,5.635,NA,24
"5/25/2022 8:51:30 AM",3.525,29.347,49.77,78.55,71693.4,1033.098,33.083,0.07,0.07,0.015,7.493,96.604,5.615,115.546,0,5.628,5.632,NA,24
"5/25/2022 8:51:30 AM",3.381,29.348,49.767,78.548,71690.2,1033.096,33.081,0.078,0.078,0.015,7.489,96.676,5.619,117.585,0,5.632,5.636,NA,24
"5/25/2022 8:51:31 AM",3.304,29.348,49.766,78.546,71688.5,1033.094,33.08,0.078,0.078,0.058,7.491,96.683,5.62,118.859,0,5.633,5.636,NA,24
"5/25/2022 8:51:31 AM",3.243,29.348,49.767,78.546,71689,1033.094,33.08,0.078,0.078,0.044,7.493,96.657,5.618,120.389,0,5.631,5.635,NA,24
"5/25/2022 8:51:31 AM",3.198,29.348,49.765,78.544,71687.3,1033.093,33.079,0.086,0.086,0.073,7.495,96.667,5.619,122.003,0,5.632,5.635,NA,24
"5/25/2022 8:51:31 AM",3.193,29.348,49.761,78.538,71682.3,1033.09,33.076,0.078,0.078,0.029,7.496,96.69,5.62,122.513,0,5.633,5.637,NA,24
"5/25/2022 8:51:31 AM",3.212,29.347,49.761,78.538,71682.6,1033.09,33.077,0.078,0.078,0.044,7.496,96.641,5.617,121.918,0,5.631,5.634,NA,24
"5/25/2022 8:51:32 AM",3.217,29.347,49.761,78.538,71682.3,1033.09,33.077,0.078,0.078,0.087,7.497,96.697,5.62,121.663,0,5.634,5.637,NA,24
"5/25/2022 8:51:32 AM",3.202,29.346,49.762,78.536,71683.1,1033.091,33.077,0.086,0.086,0.073,7.496,96.623,5.616,122.003,0,5.629,5.632,NA,24
"5/25/2022 8:51:32 AM",3.183,29.345,49.759,78.533,71680.1,1033.089,33.076,0.078,0.078,0.073,7.496,96.625,5.616,122.173,0,5.629,5.632,NA,24
"5/25/2022 8:51:32 AM",3.136,29.346,49.758,78.532,71678.7,1033.088,33.075,0.07,0.07,0.029,7.499,96.621,5.616,123.617,0,5.629,5.632,NA,24
"5/25/2022 8:51:32 AM",3.085,29.345,49.759,78.533,71680.3,1033.089,33.076,0.055,0.055,0.015,7.5,96.662,5.618,125.316,0,5.632,5.635,NA,24
"5/25/2022 8:51:33 AM",3.019,29.346,49.758,78.533,71678.6,1033.087,33.075,0.062,0.062,0.044,7.5,96.529,5.611,125.741,0,5.624,5.627,NA,24
"5/25/2022 8:51:33 AM",2.955,29.346,49.755,78.528,71674.6,1033.085,33.072,0.062,0.062,0.029,7.5,96.636,5.617,126.251,0,5.63,5.634,NA,24
"5/25/2022 8:51:33 AM",2.838,29.347,49.748,78.519,71665.4,1033.079,33.067,0.07,0.07,0.044,7.499,96.698,5.621,130.159,0,5.634,5.638,NA,24
"5/25/2022 8:51:33 AM",2.739,29.346,49.747,78.517,71664.5,1033.078,33.066,0.062,0.062,0.029,7.5,96.67,5.619,132.538,0,5.633,5.636,NA,24
"5/25/2022 8:51:33 AM",2.618,29.347,49.744,78.513,71660.1,1033.075,33.063,0.062,0.062,0.044,7.499,96.575,5.614,134.832,0,5.627,5.631,NA,24
"5/25/2022 8:51:34 AM",2.489,29.347,49.745,78.514,71661.4,1033.075,33.064,0.055,0.055,0.015,7.5,96.69,5.62,136.786,0,5.633,5.637,NA,24
"5/25/2022 8:51:34 AM",2.358,29.346,49.74,78.507,71655,1033.071,33.061,0.07,0.07,0.058,7.501,96.65,5.618,137.975,0,5.631,5.634,NA,24
"5/25/2022 8:51:34 AM",2.204,29.347,49.739,78.507,71654.6,1033.07,33.06,0.07,0.07,0.029,7.5,96.7,5.62,138.23,0,5.633,5.637,NA,24
"5/25/2022 8:51:34 AM",2.112,29.346,49.737,78.503,71651.4,1033.067,33.058,0.062,0.062,0.044,7.5,96.739,5.622,137.296,0,5.635,5.639,NA,24
"5/25/2022 8:51:34 AM",2.028,29.346,49.734,78.499,71647.7,1033.065,33.056,0.14,0.14,0.102,7.502,96.669,5.618,137.041,0,5.632,5.635,NA,24
"5/25/2022 8:51:35 AM",1.941,29.346,49.734,78.499,71648.4,1033.065,33.057,0.078,0.078,0.058,7.503,96.628,5.616,136.871,0,5.629,5.633,NA,24
"5/25/2022 8:51:35 AM",1.875,29.346,49.734,78.498,71647.4,1033.064,33.056,0.062,0.062,0.044,7.505,96.57,5.612,141.629,0,5.626,5.629,NA,24
"5/25/2022 8:51:35 AM",1.868,29.346,49.731,78.494,71643.5,1033.062,33.054,0.055,0.055,0.058,7.502,96.521,5.61,146.386,0,5.623,5.626,NA,24
"5/25/2022 8:51:35 AM",1.853,29.346,49.732,78.495,71644.9,1033.063,33.055,0.07,0.07,0.015,7.5,96.579,5.613,149.445,0,5.626,5.629,NA,24
"5/25/2022 8:51:35 AM",1.816,29.346,49.73,78.492,71642.6,1033.061,33.053,0.07,0.07,0.029,7.498,96.632,5.616,149.53,0,5.629,5.633,NA,24
"5/25/2022 8:51:36 AM",1.762,29.346,49.729,78.491,71641.3,1033.06,33.053,0.055,0.055,0.015,7.5,96.615,5.615,149.955,0,5.628,5.632,NA,24
"5/25/2022 8:51:36 AM",1.639,29.345,49.729,78.491,71642.1,1033.06,33.053,0.078,0.078,0.029,7.5,96.691,5.619,154.288,0,5.633,5.636,NA,24
"5/25/2022 8:51:36 AM",1.536,29.346,49.727,78.488,71639.2,1033.058,33.051,0.07,0.07,0.015,7.502,96.654,5.618,155.647,0,5.631,5.634,NA,24
"5/25/2022 8:51:36 AM",1.447,29.347,49.727,78.489,71638.5,1033.057,33.051,0.07,0.07,0.015,7.501,96.666,5.618,154.628,0,5.631,5.635,NA,24
"5/25/2022 8:51:36 AM",1.345,29.346,49.725,78.485,71635.8,1033.055,33.049,0.055,0.055,0.058,7.501,96.73,5.622,156.327,0,5.635,5.639,NA,24
"5/25/2022 8:51:37 AM",1.247,29.347,49.724,78.485,71634.9,1033.054,33.049,0.062,0.062,0.044,7.499,96.65,5.617,164.908,0,5.631,5.634,NA,24
"5/25/2022 8:51:37 AM",1.209,29.346,49.723,78.482,71633.3,1033.053,33.048,0.055,0.055,0.058,7.499,96.616,5.616,173.319,0,5.629,5.632,NA,24
"5/25/2022 8:51:37 AM",1.159,29.347,49.72,78.48,71630.2,1033.051,33.046,0.055,0.055,0.029,7.502,96.609,5.615,178.501,0,5.629,5.632,NA,24
"5/25/2022 8:51:37 AM",1.103,29.346,49.72,78.478,71629.6,1033.05,33.046,0.062,0.062,0.015,7.504,96.668,5.619,181.645,0,5.632,5.635,NA,24
"5/25/2022 8:51:38 AM",1.021,29.346,49.718,78.476,71627,1033.048,33.044,0.07,0.07,0.044,7.501,96.655,5.618,187.422,0,5.631,5.634,NA,24
"5/25/2022 8:51:38 AM",0.929,29.347,49.715,78.472,71623.6,1033.046,33.042,0.07,0.07,0.015,7.502,96.689,5.619,190.821,0,5.633,5.636,NA,24
"5/25/2022 8:51:38 AM",0.861,29.346,49.714,78.471,71622.5,1033.045,33.041,0.07,0.07,0.029,7.503,96.567,5.612,186.828,0,5.626,5.629,NA,24
"5/25/2022 8:51:38 AM",0.775,29.346,49.714,78.47,71622.8,1033.045,33.042,0.07,0.07,0.058,7.503,96.572,5.613,188.867,0,5.626,5.629,NA,24
"5/25/2022 8:51:38 AM",0.66,29.346,49.711,78.466,71618.1,1033.042,33.039,0.062,0.062,0.044,7.503,96.504,5.609,189.716,0,5.622,5.625,NA,24
"5/25/2022 8:51:39 AM",0.496,29.346,49.705,78.457,71610.9,1033.037,33.035,0.07,0.07,0.044,7.504,96.58,5.613,189.631,0,5.626,5.63,NA,24
"5/25/2022 8:51:39 AM",0.387,29.346,49.701,78.452,71606.3,1033.033,33.032,0.062,0.062,0.044,7.506,96.712,5.621,200.931,0,5.634,5.638,NA,24
"5/25/2022 8:51:39 AM",0.263,29.346,49.698,78.447,71601.9,1033.03,33.029,0.062,0.062,0,7.504,96.553,5.612,222.086,0,5.626,5.629,NA,24
"5/25/2022 8:51:39 AM",0.142,29.346,49.692,78.441,71594.7,1033.025,33.025,0.055,0.055,0,7.504,96.57,5.613,234.405,0,5.626,5.63,NA,24
"5/25/2022 8:51:39 AM",0.041,29.345,49.687,78.431,71587.8,1033.021,33.021,0.078,0.078,0.058,7.504,96.612,5.615,217.243,0,5.629,5.632,NA,24
"5/25/2022 8:51:40 AM",0,29.345,49.681,78.423,71581.4,1033.017,33.017,0.07,0.07,0.058,7.504,96.569,5.613,229.308,0,5.627,5.63,NA,24
"5/25/2022 8:51:40 AM",0,29.344,49.679,78.419,71578.2,1033.014,33.015,0.086,0.086,0.058,7.501,96.587,5.614,288.44,0,5.628,5.631,NA,24
"5/25/2022 8:51:40 AM",0,29.345,49.661,78.395,71555.3,1033,33.001,0.047,0.047,0,7.503,96.696,5.621,269.409,0,5.634,5.638,NA,24
"5/25/2022 8:51:40 AM",0,29.351,49.689,78.442,71589.5,1033.019,33.02,0.023,0.023,0,7.502,96.663,5.618,311.124,0,5.631,5.635,NA,24
"5/25/2022 8:51:40 AM",0,29.388,49.671,78.472,71563,1032.993,32.994,0.055,0.055,0.029,7.503,96.713,5.621,328.711,0,5.635,5.638,NA,24
"5/25/2022 8:51:41 AM",0,29.371,49.659,78.429,71549.6,1032.99,32.991,0.094,0.094,0.087,7.502,96.625,5.615,221.321,0,5.629,5.632,NA,24
"5/25/2022 8:51:41 AM",0,29.353,49.67,78.42,71566.4,1033.005,33.006,0.101,0.101,0.073,7.503,96.541,5.61,240.862,0,5.624,5.627,NA,24
"5/25/2022 8:51:41 AM",0,29.351,49.7,78.457,71603.1,1033.027,33.029,0.016,0.016,0,7.502,96.606,5.613,264.821,0,5.627,5.63,NA,24
"5/25/2022 8:51:41 AM",0,29.367,49.782,78.593,71704.4,1033.084,33.086,0.023,0.023,0,7.5,96.634,5.612,294.642,0,5.625,5.629,NA,24
"5/25/2022 8:51:41 AM",0,29.431,49.669,78.53,71554.3,1032.974,32.977,0.109,0.109,0,7.499,96.77,5.623,348.422,0,5.636,5.639,NA,24
"5/25/2022 8:51:42 AM",0,29.444,23.11,39.839,36290.9,1013.02,13.022,0,0,0,7.5,96.792,6.512,380.197,0,6.531,6.531,NA,24
"5/25/2022 8:51:42 AM",0,29.402,1.719,3.59,3272.8,997.113,0,339.598,339.598,238.727,7.502,96.812,7.329,388.693,0,7.35,7.35,NA,24
"5/25/2022 8:51:42 AM",0,29.393,1.126,2.403,2191.4,996.672,0,456.024,456.024,904.879,7.501,96.673,7.342,393.536,0,7.363,7.364,NA,24
"5/25/2022 8:51:42 AM",0,29.38,0.874,1.887,1720.9,996.487,0,506.05,506.05,1257.21,7.5,96.624,7.35,404.326,0,7.371,7.371,NA,24
"5/25/2022 8:51:42 AM",0,29.358,0.791,1.715,1565.1,996.432,0,381.675,381.675,756.597,7.499,96.492,7.344,417.834,0,7.366,7.366,NA,24
"5/25/2022 8:51:43 AM",0,29.307,0.691,1.507,1376.2,996.373,0,134.095,134.095,305.562,7.496,96.5,7.351,431.258,0,7.372,7.372,NA,24
"5/25/2022 8:51:43 AM",0,29.172,0.65,1.417,1298.1,996.382,0,91.409,91.409,197.049,7.497,96.332,7.341,441.963,0,7.362,7.362,NA,24
"5/25/2022 8:51:43 AM",0,28.991,0.608,1.323,1215.9,996.403,0,286.217,286.217,615.186,7.497,96.123,7.328,440.774,0,7.349,7.349,NA,24
"5/25/2022 8:51:43 AM",0,28.676,0.552,1.199,1109.5,996.453,0,220.41,220.41,1208.313,7.494,95.915,7.316,428.879,0,7.337,7.338,NA,24
"5/25/2022 8:51:43 AM",0,28.506,0.533,1.155,1071.9,996.488,0,228.304,228.304,940.017,7.492,95.874,7.316,415.286,0,7.337,7.337,NA,24
"5/25/2022 8:51:44 AM",0,28.257,0.514,1.11,1035.8,996.546,0,86.526,86.526,533.732,7.491,95.807,7.313,389.203,0,7.334,7.334,NA,24
"5/25/2022 8:51:44 AM",0,28.041,0.479,1.033,967.9,996.582,0,324.776,324.776,979.815,7.491,95.79,7.315,388.013,0,7.336,7.336,NA,24
"5/25/2022 8:51:44 AM",0,27.926,0.463,0.997,936.4,996.602,0,388.571,388.571,342.738,7.488,95.511,7.295,381.132,0,7.316,7.316,NA,24
"5/25/2022 8:51:44 AM",0,27.803,0.444,0.955,899.7,996.623,0,145.289,145.289,73.775,7.483,95.406,7.29,402.881,0,7.311,7.311,NA,24
"5/25/2022 8:51:44 AM",0,27.749,0.438,0.941,887.8,996.633,0,275.897,275.897,104.848,7.481,95.16,7.273,437.715,0,7.294,7.294,NA,24
"5/25/2022 8:51:45 AM",0,27.719,0.422,0.909,857.7,996.63,0,354.404,354.404,77.895,7.482,95.121,7.272,459.125,0,7.293,7.293,NA,24
"5/25/2022 8:51:45 AM",0,27.753,0.409,0.881,830.9,996.611,0,501.377,501.377,565.759,7.482,95.221,7.281,470.934,0,7.302,7.302,NA,24
"5/25/2022 8:51:45 AM",0,27.738,0.383,0.828,780.9,996.596,0,345.199,345.199,239.392,7.479,94.815,7.253,472.804,0,7.274,7.274,NA,24
"5/25/2022 8:51:45 AM",0,27.742,0.39,0.842,793.9,996.6,0,129.875,129.875,62.863,7.478,94.626,7.24,481.639,0,7.26,7.26,NA,24
"5/25/2022 8:51:45 AM",0,27.719,0.379,0.818,772,996.598,0,166.944,166.944,179.798,7.477,94.637,7.242,505.003,0,7.263,7.263,NA,24
"5/25/2022 8:51:46 AM",0,27.709,0.368,0.796,751.3,996.593,0,223.608,223.608,599.042,7.472,94.762,7.253,504.409,0,7.274,7.274,NA,24
"5/25/2022 8:51:46 AM",0,27.69,0.37,0.798,753.7,996.599,0,193.817,193.817,762.988,7.469,94.641,7.245,510.356,0,7.266,7.266,NA,24
"5/25/2022 8:51:46 AM",0,27.631,0.347,0.75,709.1,996.599,0,117.978,117.978,293.557,7.467,94.817,7.261,493.024,0,7.282,7.282,NA,24
"5/25/2022 8:51:46 AM",0,27.617,0.345,0.746,705.2,996.601,0,129.227,129.227,206.544,7.462,94.885,7.267,483.339,0,7.288,7.288,NA,24
"5/25/2022 8:51:46 AM",0,27.601,0.335,0.724,685.1,996.598,0,53.42,53.42,127.353,7.457,94.77,7.259,453.093,0,7.28,7.28,NA,24
"5/25/2022 8:51:47 AM",0,27.608,0.356,0.768,726.7,996.612,0,134.415,134.415,120.816,7.453,94.576,7.246,444.002,0,7.267,7.267,NA,24
"5/25/2022 8:51:47 AM",0,27.525,0.362,0.78,739.3,996.64,0,29.307,29.307,19.149,7.448,94.654,7.254,442.303,0,7.275,7.275,NA,24
"5/25/2022 8:51:47 AM",0,27.474,0.343,0.739,700.9,996.64,0,9.345,9.345,6.394,7.444,94.586,7.252,396.254,0,7.273,7.273,NA,24
"5/25/2022 8:51:47 AM",0,27.434,0.345,0.742,704.3,996.652,0,2.91,2.91,1.909,7.439,94.387,7.238,333.979,0,7.259,7.259,NA,24
"5/25/2022 8:51:48 AM",0,27.398,0.372,0.799,758.6,996.683,0,0.203,0.203,0,7.436,94.482,7.249,250.208,0,7.269,7.269,NA,24
"5/25/2022 8:51:48 AM",0,27.316,0.516,1.094,1041,996.814,0,0.101,0.101,0,7.435,94.446,7.243,166.437,0,7.264,7.264,NA,24
"5/25/2022 8:51:48 AM",0,27.144,0.423,0.9,859.9,996.792,0,1.513,1.513,3.529,7.436,94.292,7.238,130.329,0,7.258,7.258,NA,24
"5/25/2022 8:51:48 AM",0,27.072,0.346,0.74,707.5,996.754,0,1.053,1.053,1.88,7.434,94.152,7.231,177.142,0,7.252,7.252,NA,24
"5/25/2022 8:51:48 AM",0,27.106,0.306,0.657,628.1,996.714,0,0.64,0.64,1.661,7.43,94.192,7.237,291.244,0,7.257,7.258,NA,24
"5/25/2022 8:51:49 AM",0,27.16,0.292,0.628,599.1,996.688,0,0.679,0.679,1.501,7.429,94.151,7.235,403.986,0,7.256,7.256,NA,24
"5/25/2022 8:51:49 AM",0,27.222,0.268,0.577,550.5,996.653,0,0.46,0.46,4.434,7.426,94.389,7.256,421.658,0,7.277,7.277,NA,24
"5/25/2022 8:51:49 AM",0,27.271,0.262,0.565,538.5,996.635,0,0.686,0.686,9.134,7.425,94.423,7.26,443.662,0,7.28,7.281,NA,24
"5/25/2022 8:51:49 AM",0,27.291,0.258,0.558,530.8,996.627,0,0.967,0.967,8.591,7.424,94.351,7.255,434.571,0,7.276,7.276,NA,24
"5/25/2022 8:51:49 AM",0,27.282,0.587,1.237,1177.8,996.876,0,1.287,1.287,6.862,7.426,94.38,7.245,400.587,0,7.266,7.266,NA,24
"5/25/2022 8:51:50 AM",0,27.43,1.376,2.799,2656.5,997.428,0,2.27,2.27,7.682,7.477,93.221,7.141,385.719,0,7.162,7.162,NA,24
"5/25/2022 8:51:50 AM",0,27.52,1.278,2.614,2476.9,997.329,0,1.989,1.989,10.132,7.564,92.737,7.137,363.715,0,7.158,7.158,NA,24
"5/25/2022 8:51:50 AM",0,27.531,1.256,2.572,2436.5,997.309,0,1.833,1.833,9.941,7.598,92.61,7.14,394.47,0,7.161,7.161,NA,24
"5/25/2022 8:51:50 AM",0,27.545,1.165,2.396,2269,997.237,0,1.81,1.81,9.941,7.627,92.381,7.134,435.421,0,7.155,7.155,NA,24
"5/25/2022 8:51:50 AM",0,27.549,1.083,2.235,2116.2,997.174,0,1.771,1.771,10.058,7.649,92.235,7.132,450.374,0,7.152,7.153,NA,24
"5/25/2022 8:51:51 AM",0,27.548,1.042,2.154,2039.2,997.144,0,1.779,1.779,10.088,7.684,91.933,7.117,461.419,0,7.137,7.137,NA,24
"5/25/2022 8:51:51 AM",0,27.55,0.982,2.036,1928.1,997.098,0,1.825,1.825,10.44,7.702,91.864,7.117,463.458,0,7.137,7.137,NA,24
"5/25/2022 8:51:51 AM",0,27.555,0.961,1.996,1889.3,997.082,0,1.802,1.802,10.205,7.716,91.712,7.108,462.608,0,7.128,7.129,NA,24
"5/25/2022 8:51:51 AM",0,27.557,0.965,2.003,1896,997.084,0,1.849,1.849,9.985,7.727,91.665,7.106,460.739,0,7.126,7.127,NA,24
"5/25/2022 8:51:51 AM",0,27.558,0.936,1.945,1841.8,997.062,0,1.896,1.896,10.367,7.736,91.426,7.09,462.948,0,7.111,7.111,NA,24
"5/25/2022 8:51:52 AM",0,27.566,0.969,2.011,1903.3,997.084,0,1.708,1.708,9.501,7.753,91.394,7.088,452.753,0,7.108,7.108,NA,24
"5/25/2022 8:51:52 AM",0,27.569,0.998,2.069,1958.4,997.105,0,1.896,1.896,9.911,7.76,91.422,7.09,435.931,0,7.11,7.11,NA,24
"5/25/2022 8:51:52 AM",0,27.572,0.987,2.046,1936.7,997.096,0,1.911,1.911,10.146,7.767,91.387,7.089,425.481,0,7.109,7.109,NA,24
"5/25/2022 8:51:52 AM",0,27.575,0.919,1.911,1808.8,997.044,0,2.044,2.044,9.956,7.773,91.418,7.095,423.612,0,7.115,7.115,NA,24
"5/25/2022 8:51:52 AM",0,27.58,0.912,1.898,1795.8,997.037,0,1.747,1.747,10.367,7.78,91.344,7.089,428.03,0,7.109,7.109,NA,24
"5/25/2022 8:51:53 AM",0,27.581,0.865,1.805,1708.1,997.002,0,1.825,1.825,10.073,7.781,91.366,7.093,450.204,0,7.113,7.113,NA,24
"5/25/2022 8:51:53 AM",0,27.583,0.879,1.834,1735.3,997.012,0,1.95,1.95,9.97,7.787,91.266,7.085,473.483,0,7.105,7.105,NA,24
"5/25/2022 8:51:53 AM",0,27.582,0.852,1.778,1682.6,996.991,0,2.052,2.052,10.557,7.791,91.151,7.076,481.385,0,7.097,7.097,NA,24
"5/25/2022 8:51:53 AM",0,27.58,0.837,1.749,1655.2,996.981,0,1.825,1.825,10.631,7.795,91.141,7.076,471.869,0,7.096,7.096,NA,24
"5/25/2022 8:51:53 AM",0,27.578,0.831,1.738,1644.3,996.977,0,2.036,2.036,9.941,7.795,91.255,7.085,453.008,0,7.105,7.105,NA,24
"5/25/2022 8:51:54 AM",0,27.568,0.817,1.709,1617.8,996.97,0,1.818,1.818,10.044,7.798,91.233,7.084,449.609,0,7.104,7.104,NA,24
"5/25/2022 8:51:54 AM",0,27.568,0.807,1.689,1598.2,996.962,0,1.763,1.763,10.014,7.8,91.222,7.083,451.394,0,7.103,7.103,NA,24
"5/25/2022 8:51:54 AM",0,27.57,0.809,1.693,1602.4,996.963,0,1.95,1.95,9.545,7.803,91.061,7.07,456.831,0,7.09,7.091,NA,24
"5/25/2022 8:51:54 AM",0,27.572,0.806,1.688,1597.3,996.96,0,1.576,1.576,9.956,7.802,91.12,7.075,469.83,0,7.095,7.095,NA,24
"5/25/2022 8:51:54 AM",0,27.574,0.798,1.672,1582.1,996.954,0,1.864,1.864,10.264,7.804,91.096,7.073,487.417,0,7.093,7.093,NA,24
"5/25/2022 8:51:55 AM",0,27.571,0.793,1.661,1572.3,996.951,0,1.849,1.849,9.823,7.804,91.099,7.073,496.677,0,7.093,7.093,NA,24
"5/25/2022 8:51:55 AM",0,27.57,0.791,1.657,1568.4,996.949,0,1.747,1.747,10.073,7.806,91.042,7.069,500.755,0,7.089,7.089,NA,24
"5/25/2022 8:51:55 AM",0,27.572,0.797,1.67,1580.2,996.954,0,1.63,1.63,10.249,7.806,91.073,7.071,500.501,0,7.091,7.091,NA,24
"5/25/2022 8:51:55 AM",0,27.575,0.79,1.655,1566.2,996.947,0,2.013,2.013,9.985,7.804,91.104,7.073,499.056,0,7.093,7.093,NA,24
"5/25/2022 8:51:55 AM",0,27.576,0.787,1.65,1561.3,996.945,0,1.849,1.849,10.455,7.805,91.126,7.074,497.102,0,7.094,7.094,NA,24
"5/25/2022 8:51:56 AM",0,27.572,0.788,1.652,1563.4,996.947,0,1.849,1.849,9.867,7.805,91.073,7.07,495.658,0,7.09,7.09,NA,24
"5/25/2022 8:51:56 AM",0,27.571,0.789,1.652,1563.6,996.947,0,1.732,1.732,9.956,7.807,91.013,7.065,493.619,0,7.085,7.085,NA,24
"5/25/2022 8:51:56 AM",0,27.575,0.784,1.642,1554.2,996.942,0,1.724,1.724,10.234,7.809,91.102,7.072,491.24,0,7.092,7.092,NA,24
"5/25/2022 8:51:56 AM",0,27.575,0.786,1.647,1558.6,996.944,0,1.693,1.693,10.058,7.81,91.063,7.068,489.541,0,7.088,7.088,NA,24
"5/25/2022 8:51:57 AM",0,27.579,0.795,1.665,1576,996.95,0,1.841,1.841,9.838,7.812,90.939,7.058,487.757,0,7.078,7.078,NA,24
"5/25/2022 8:51:57 AM",0,27.581,0.812,1.699,1608,996.962,0,1.864,1.864,9.985,7.814,90.973,7.06,485.548,0,7.08,7.08,NA,24
"5/25/2022 8:51:57 AM",0,27.586,0.827,1.729,1635.6,996.971,0,1.755,1.755,9.662,7.811,91.02,7.062,481.554,0,7.082,7.082,NA,24
"5/25/2022 8:51:57 AM",0,27.593,0.826,1.727,1634,996.969,0,1.872,1.872,10.073,7.812,90.957,7.057,479.6,0,7.077,7.077,NA,24
"5/25/2022 8:51:57 AM",0,27.595,0.824,1.724,1630.7,996.967,0,1.818,1.818,10.176,7.813,90.971,7.057,478.921,0,7.077,7.078,NA,24
"5/25/2022 8:51:58 AM",0,27.593,0.832,1.739,1644.8,996.973,0,1.81,1.81,10.073,7.815,90.961,7.056,479.6,0,7.076,7.076,NA,24
"5/25/2022 8:51:58 AM",0,27.594,0.835,1.746,1651.4,996.976,0,1.849,1.849,10.044,7.812,91.029,7.06,480.875,0,7.08,7.081,NA,24
"5/25/2022 8:51:58 AM",0,27.594,0.839,1.753,1658.2,996.978,0,1.864,1.864,9.838,7.811,91.006,7.058,484.188,0,7.078,7.078,NA,24
"5/25/2022 8:51:58 AM",0,27.598,0.847,1.77,1674.3,996.984,0,1.794,1.794,10.058,7.812,90.918,7.051,487.077,0,7.071,7.071,NA,24
"5/25/2022 8:51:58 AM",0,27.601,0.844,1.763,1667.8,996.98,0,1.615,1.615,10,7.811,90.964,7.054,489.541,0,7.074,7.074,NA,24
"5/25/2022 8:51:59 AM",0,27.601,0.845,1.765,1669.4,996.981,0,1.857,1.857,10.264,7.806,91.019,7.058,491.92,0,7.078,7.078,NA,24
"5/25/2022 8:51:59 AM",0,27.605,0.831,1.739,1644.4,996.97,0,1.654,1.654,9.779,7.804,90.909,7.049,497.612,0,7.069,7.069,NA,24
"5/25/2022 8:51:59 AM",0,27.605,0.827,1.729,1635.6,996.966,0,1.88,1.88,9.823,7.807,90.928,7.05,501.01,0,7.07,7.07,NA,24
"5/25/2022 8:51:59 AM",0,27.605,0.825,1.726,1632.1,996.965,0,1.779,1.779,10.073,7.806,90.913,7.049,504.664,0,7.069,7.069,NA,24
"5/25/2022 8:51:59 AM",0,27.607,0.821,1.719,1625.6,996.962,0,1.747,1.747,9.706,7.806,90.847,7.043,508.572,0,7.063,7.063,NA,24
"5/25/2022 8:52:00 AM",0,27.609,0.816,1.709,1616.4,996.958,0,1.607,1.607,10.058,7.804,90.906,7.048,511.8,0,7.068,7.068,NA,24
"5/25/2022 8:52:00 AM",0,27.609,0.811,1.698,1606.2,996.953,0,1.818,1.818,9.926,7.808,90.841,7.042,513.924,0,7.062,7.062,NA,24
"5/25/2022 8:52:00 AM",0,27.612,0.796,1.668,1577.6,996.941,0,2.02,2.02,10.411,7.803,90.936,7.05,513.33,0,7.07,7.07,NA,24
"5/25/2022 8:52:00 AM",0,27.611,0.796,1.667,1576.8,996.941,0,2.145,2.145,10.073,7.802,90.874,7.045,511.63,0,7.065,7.065,NA,24
"5/25/2022 8:52:00 AM",0,27.611,0.798,1.672,1580.9,996.943,0,1.958,1.958,9.574,7.799,90.844,7.042,509.846,0,7.062,7.063,NA,24
"5/25/2022 8:52:01 AM",0,27.612,0.831,1.737,1643,996.967,0,1.966,1.966,9.794,7.797,90.795,7.036,509.336,0,7.056,7.057,NA,24
"5/25/2022 8:52:01 AM",0,27.61,0.832,1.74,1645.5,996.969,0,1.802,1.802,9.589,7.798,90.843,7.04,509.931,0,7.06,7.06,NA,24
"5/25/2022 8:52:01 AM",0,27.609,0.829,1.734,1640.3,996.967,0,1.693,1.693,10.44,7.798,90.741,7.032,509.082,0,7.052,7.052,NA,24
"5/25/2022 8:52:01 AM",0,27.61,0.813,1.702,1609.3,996.955,0,1.841,1.841,9.369,7.795,90.877,7.043,508.147,0,7.063,7.063,NA,24
"5/25/2022 8:52:01 AM",0,27.609,0.808,1.692,1600.4,996.951,0,1.888,1.888,9.662,7.792,90.828,7.039,507.127,0,7.059,7.059,NA,24
"5/25/2022 8:52:02 AM",0,27.61,0.794,1.664,1573.4,996.94,0,1.576,1.576,9.97,7.791,90.756,7.034,506.363,0,7.054,7.054,NA,24
"5/25/2022 8:52:02 AM",0,27.613,0.795,1.667,1576,996.94,0,1.88,1.88,10.029,7.79,90.635,7.025,505.258,0,7.045,7.045,NA,24
"5/25/2022 8:52:02 AM",0,27.615,0.799,1.674,1582.9,996.943,0,1.872,1.872,10.513,7.79,90.664,7.027,504.154,0,7.047,7.047,NA,24
"5/25/2022 8:52:02 AM",0,27.616,0.796,1.669,1578.5,996.941,0,1.747,1.747,10.323,7.79,90.818,7.039,502.964,0,7.059,7.06,NA,24
"5/25/2022 8:52:02 AM",0,27.62,0.799,1.675,1583.8,996.942,0,2.02,2.02,9.897,7.787,90.769,7.035,502.03,0,7.055,7.056,NA,24
"5/25/2022 8:52:03 AM",0,27.62,0.797,1.671,1579.5,996.94,0,1.903,1.903,9.853,7.784,90.646,7.026,501.775,0,7.046,7.047,NA,24
"5/25/2022 8:52:03 AM",0,27.621,0.781,1.639,1549.8,996.928,0,1.545,1.545,10.264,7.786,90.687,7.03,501.605,0,7.05,7.05,NA,24
"5/25/2022 8:52:03 AM",0,27.624,0.779,1.635,1545.7,996.925,0,1.732,1.732,10.293,7.785,90.608,7.024,501.605,0,7.044,7.044,NA,24
"5/25/2022 8:52:03 AM",0,27.623,0.767,1.611,1523.5,996.917,0,1.81,1.81,10.455,7.784,90.635,7.027,502.03,0,7.047,7.047,NA,24
"5/25/2022 8:52:03 AM",0,27.625,0.757,1.59,1503.1,996.908,0,1.786,1.786,10.117,7.784,90.679,7.031,503.049,0,7.051,7.051,NA,24
"5/25/2022 8:52:04 AM",0,27.625,0.755,1.586,1499.6,996.907,0,1.825,1.825,9.985,7.784,90.594,7.024,503.814,0,7.044,7.044,NA,24
"5/25/2022 8:52:04 AM",0,27.625,0.746,1.569,1483.3,996.9,0,1.779,1.779,10.088,7.783,90.644,7.029,504.834,0,7.049,7.049,NA,24
"5/25/2022 8:52:04 AM",0,27.625,0.74,1.556,1471,996.895,0,1.779,1.779,9.779,7.779,90.657,7.03,506.108,0,7.05,7.05,NA,24
"5/25/2022 8:52:04 AM",0,27.625,0.739,1.553,1468.5,996.895,0,1.911,1.911,9.721,7.78,90.596,7.025,507.467,0,7.045,7.045,NA,24
"5/25/2022 8:52:04 AM",0,27.624,0.725,1.526,1442.4,996.884,0,1.701,1.701,10.367,7.782,90.615,7.027,508.317,0,7.047,7.047,NA,24
"5/25/2022 8:52:05 AM",0,27.626,0.726,1.529,1445.4,996.885,0,1.498,1.498,9.867,7.783,90.596,7.025,508.742,0,7.045,7.045,NA,24
"5/25/2022 8:52:05 AM",0,27.625,0.724,1.524,1441.2,996.884,0,1.693,1.693,9.867,7.781,90.633,7.028,508.827,0,7.048,7.048,NA,24
"5/25/2022 8:52:05 AM",0,27.623,0.713,1.502,1419.9,996.876,0,1.576,1.576,9.662,7.781,90.68,7.032,507.807,0,7.052,7.052,NA,24
"5/25/2022 8:52:05 AM",0,27.625,0.715,1.505,1423.1,996.877,0,1.529,1.529,9.779,7.779,90.665,7.031,507.807,0,7.051,7.051,NA,24
"5/25/2022 8:52:05 AM",0,27.622,0.711,1.497,1415.8,996.874,0,1.708,1.708,10.073,7.778,90.649,7.03,508.572,0,7.05,7.05,NA,24
"5/25/2022 8:52:06 AM",0,27.623,0.709,1.494,1412.2,996.873,0,1.654,1.654,9.838,7.777,90.618,7.027,508.317,0,7.047,7.047,NA,24
"5/25/2022 8:52:06 AM",0,27.624,0.711,1.498,1416.5,996.874,0,1.833,1.833,9.75,7.776,90.648,7.029,507.212,0,7.049,7.05,NA,24
"5/25/2022 8:52:06 AM",0,27.622,0.705,1.486,1404.9,996.87,0,1.646,1.646,10.029,7.776,90.714,7.035,505.003,0,7.055,7.055,NA,24
"5/25/2022 8:52:06 AM",0,27.624,0.702,1.481,1399.7,996.868,0,1.989,1.989,10.278,7.772,90.615,7.027,504.324,0,7.047,7.047,NA,24
"5/25/2022 8:52:07 AM",0,27.625,0.706,1.488,1407.1,996.87,0,1.81,1.81,10.117,7.768,90.648,7.03,503.984,0,7.05,7.05,NA,24
"5/25/2022 8:52:07 AM",0,27.624,0.699,1.473,1392.8,996.865,0,1.896,1.896,9.897,7.767,90.701,7.034,503.474,0,7.054,7.054,NA,24
"5/25/2022 8:52:07 AM",0,27.625,0.699,1.473,1392.9,996.865,0,1.724,1.724,9.779,7.765,90.68,7.032,503.304,0,7.052,7.052,NA,24
"5/25/2022 8:52:07 AM",0,27.624,0.699,1.473,1392.6,996.865,0,1.872,1.872,9.559,7.764,90.641,7.029,502.795,0,7.049,7.05,NA,24
"5/25/2022 8:58:11 AM",0,29.317,46.308,73.73,67335.4,1030.473,30.474,18.449,18.449,13.572,7.107,98.303,5.857,400.417,0,5.872,5.875,NA,24
"5/25/2022 8:58:11 AM",0,29.324,49.569,78.239,71443.7,1032.939,32.94,6.662,6.662,6.072,7.136,98.084,5.738,333.214,0,5.751,5.755,NA,24
"5/25/2022 8:58:12 AM",0,29.325,49.214,77.754,70998.3,1032.669,32.67,3.822,3.822,8.518,7.171,97.981,5.741,307.896,0,5.755,5.758,NA,24
"5/25/2022 8:58:12 AM",0,29.324,49.64,78.337,71532.3,1032.993,32.993,5.515,5.515,6.028,7.193,97.709,5.71,284.957,0,5.724,5.727,NA,24
"5/25/2022 8:58:12 AM",0.034,29.326,49.71,78.435,71619.5,1033.046,33.045,3.994,3.994,5.267,7.216,97.63,5.701,260.743,0,5.715,5.718,NA,24
"5/25/2022 8:58:12 AM",0.106,29.327,49.709,78.436,71618.7,1033.045,33.045,1.771,1.771,2.784,7.24,97.623,5.699,238.398,0,5.713,5.716,NA,24
"5/25/2022 8:58:12 AM",0.173,29.322,49.759,78.497,71681.1,1033.084,33.084,3.627,3.627,3.061,7.267,97.314,5.677,225.314,0,5.691,5.694,NA,24
"5/25/2022 8:58:13 AM",0.212,29.32,49.764,78.501,71687.8,1033.089,33.088,4.056,4.056,4.01,7.28,97.201,5.67,212.825,0,5.683,5.687,NA,24
"5/25/2022 8:58:13 AM",0.224,29.317,49.776,78.513,71703.1,1033.099,33.098,2.278,2.278,2.609,7.293,97.211,5.67,212.401,0,5.683,5.687,NA,24
"5/25/2022 8:58:13 AM",0.175,29.316,49.785,78.523,71714,1033.106,33.105,2.504,2.504,2.069,7.303,97.288,5.673,222.936,0,5.687,5.69,NA,24
"5/25/2022 8:58:13 AM",0.085,29.317,49.737,78.46,71654.4,1033.069,33.069,1.194,1.194,1.049,7.313,97.2,5.669,229.393,0,5.683,5.686,NA,24
"5/25/2022 8:58:13 AM",0,29.321,49.713,78.432,71623.5,1033.049,33.049,1.646,1.646,2.507,7.328,97.006,5.658,262.187,0,5.671,5.675,NA,24
"5/25/2022 8:58:14 AM",0,29.322,49.737,78.468,71654.1,1033.067,33.067,1.513,1.513,1.369,7.334,96.905,5.65,317.921,0,5.664,5.667,NA,24
"5/25/2022 8:58:14 AM",0,29.323,49.677,78.386,71578.4,1033.02,33.021,1.248,1.248,1.675,7.342,96.94,5.654,347.402,0,5.667,5.671,NA,24
"5/25/2022 8:58:14 AM",0,29.323,49.809,78.567,71743.8,1033.12,33.122,2.902,2.902,2.04,7.353,96.9,5.647,360.061,0,5.66,5.664,NA,24
"5/25/2022 8:58:14 AM",0,29.323,49.775,78.52,71700.8,1033.094,33.096,0.803,0.803,0.845,7.369,96.865,5.646,432.278,0,5.659,5.663,NA,24
"5/25/2022 8:58:14 AM",0,29.326,49.771,78.519,71695.9,1033.09,33.092,0.983,0.983,1.807,7.378,96.829,5.643,449.27,0,5.657,5.66,NA,24
"5/25/2022 8:58:15 AM",0,29.325,49.769,78.514,71692.8,1033.089,33.09,0.991,0.991,2.463,7.385,96.858,5.644,471.444,0,5.658,5.661,NA,24
"5/25/2022 8:58:15 AM",0,29.324,49.777,78.524,71703.4,1033.096,33.097,0.905,0.905,1.967,7.388,96.784,5.64,478.326,0,5.653,5.657,NA,24
"5/25/2022 8:58:15 AM",0,29.326,49.81,78.573,71744.8,1033.12,33.121,1.825,1.825,1.909,7.393,96.927,5.647,385.549,0,5.661,5.664,NA,24
"5/25/2022 8:58:15 AM",0,29.335,49.783,78.548,71709.3,1033.097,33.097,2.176,2.176,1.224,7.394,96.958,5.649,246.979,0,5.662,5.666,NA,24
"5/25/2022 8:58:15 AM",0.095,29.331,49.787,78.549,71715.4,1033.102,33.102,0.546,0.546,0.335,7.401,96.87,5.644,191.67,0,5.657,5.661,NA,24
"5/25/2022 8:58:16 AM",0.236,29.33,49.783,78.541,71709.7,1033.1,33.099,0,0,0,7.405,96.939,5.648,149.955,0,5.661,5.665,NA,24
"5/25/2022 8:58:16 AM",0.391,29.33,49.785,78.546,71713.4,1033.103,33.101,0.172,0.172,0.437,7.409,96.896,5.645,133.388,0,5.659,5.662,NA,24
"5/25/2022 8:58:16 AM",0.556,29.33,49.796,78.56,71726.5,1033.111,33.109,0.811,0.811,1.821,7.414,96.811,5.64,136.701,0,5.653,5.657,NA,24
"5/25/2022 8:58:16 AM",0.665,29.33,49.8,78.565,71731.1,1033.114,33.112,0.733,0.733,1.559,7.416,96.912,5.646,153.693,0,5.659,5.662,NA,24
"5/25/2022 8:58:16 AM",0.744,29.331,49.798,78.563,71729.1,1033.113,33.11,0.468,0.468,0.947,7.418,96.959,5.648,167.711,0,5.661,5.665,NA,24
"5/25/2022 8:58:17 AM",0.766,29.329,49.797,78.56,71728.6,1033.114,33.11,0.203,0.203,0.379,7.421,96.874,5.643,171.195,0,5.657,5.66,NA,24
"5/25/2022 8:58:17 AM",0.719,29.327,49.805,78.567,71738.1,1033.12,33.117,0.125,0.125,0.189,7.421,97.01,5.651,164.313,0,5.664,5.667,NA,24
"5/25/2022 8:58:17 AM",0.645,29.324,49.804,78.561,71737.2,1033.12,33.117,0.07,0.07,0.102,7.427,96.927,5.646,153.863,0,5.659,5.662,NA,24
"5/25/2022 8:58:17 AM",0.592,29.325,49.799,78.556,71731.3,1033.116,33.113,0.07,0.07,0.087,7.428,97.03,5.653,162.444,0,5.666,5.669,NA,24
"5/25/2022 8:58:18 AM",0.558,29.327,49.797,78.556,71728.3,1033.113,33.111,0.07,0.07,0.131,7.429,96.903,5.646,174.678,0,5.66,5.663,NA,24
"5/25/2022 8:58:18 AM",0.551,29.327,49.793,78.55,71723,1033.11,33.108,0.078,0.078,0.073,7.429,96.839,5.643,180.286,0,5.656,5.66,NA,24
"5/25/2022 8:58:18 AM",0.549,29.325,49.789,78.543,71718.8,1033.108,33.106,0.125,0.125,0.233,7.431,96.891,5.645,182.24,0,5.659,5.662,NA,24
"5/25/2022 8:58:18 AM",0.549,29.325,49.784,78.535,71712,1033.104,33.102,0.086,0.086,0.146,7.435,96.849,5.643,186.658,0,5.657,5.66,NA,24
"5/25/2022 8:58:18 AM",0.535,29.325,49.78,78.53,71707.3,1033.101,33.099,0.086,0.086,0.116,7.434,96.785,5.639,189.376,0,5.653,5.656,NA,24
"5/25/2022 8:58:19 AM",0.533,29.325,49.786,78.539,71714.8,1033.105,33.103,0.062,0.062,0.058,7.433,96.886,5.645,191.84,0,5.658,5.662,NA,24
"5/25/2022 8:58:19 AM",0.538,29.324,49.796,78.551,71727.4,1033.113,33.111,0.055,0.055,0.044,7.437,96.88,5.644,186.403,0,5.658,5.661,NA,24
"5/25/2022 8:58:19 AM",0.565,29.322,49.801,78.554,71733.7,1033.118,33.116,0.055,0.055,0.058,7.437,96.939,5.648,176.717,0,5.661,5.664,NA,24
"5/25/2022 8:58:19 AM",0.589,29.32,49.796,78.545,71727.7,1033.115,33.112,0.047,0.047,0.044,7.437,96.874,5.644,184.364,0,5.657,5.661,NA,24
"5/25/2022 8:58:19 AM",0.625,29.321,49.795,78.544,71726.7,1033.114,33.112,0.062,0.062,0.058,7.438,96.753,5.637,181.22,0,5.65,5.654,NA,24
"5/25/2022 8:58:20 AM",0.658,29.323,49.796,78.549,71727.6,1033.114,33.112,0.07,0.07,0.087,7.44,96.781,5.638,168.731,0,5.651,5.655,NA,24
"5/25/2022 8:58:20 AM",0.681,29.322,49.805,78.561,71738.9,1033.121,33.119,0.07,0.07,0.058,7.438,96.823,5.64,151.569,0,5.653,5.656,NA,24
"5/25/2022 8:58:20 AM",0.695,29.323,49.807,78.565,71741.5,1033.123,33.12,0.078,0.078,0.044,7.436,96.901,5.644,145.112,0,5.657,5.661,NA,24
"5/25/2022 8:58:20 AM",0.685,29.324,49.809,78.568,71743.1,1033.123,33.121,0.07,0.07,0.058,7.436,96.816,5.639,133.133,0,5.653,5.656,NA,24
"5/25/2022 8:58:20 AM",0.686,29.324,49.807,78.566,71741.2,1033.122,33.119,0.07,0.07,0.058,7.437,96.756,5.636,110.533,0,5.649,5.653,NA,24
"5/25/2022 8:58:21 AM",0.681,29.326,49.799,78.558,71730.8,1033.116,33.113,0.078,0.078,0.058,7.439,96.793,5.638,90.483,0,5.651,5.655,NA,24
"5/25/2022 8:58:21 AM",0.683,29.326,49.793,78.551,71723.9,1033.111,33.108,0.07,0.07,0.058,7.439,96.789,5.638,79.778,0,5.651,5.655,NA,24
"5/25/2022 8:58:21 AM",0.686,29.326,49.795,78.553,71726.6,1033.113,33.11,0.07,0.07,0.073,7.438,96.744,5.635,81.052,0,5.649,5.652,NA,24
"5/25/2022 8:58:21 AM",0.671,29.327,49.794,78.551,71724.1,1033.111,33.108,0.078,0.078,0.029,7.438,96.829,5.641,80.287,0,5.654,5.657,NA,24
"5/25/2022 8:58:21 AM",0.641,29.328,49.79,78.548,71719.8,1033.108,33.106,0.07,0.07,0.058,7.44,96.798,5.639,81.222,0,5.652,5.655,NA,24
"5/25/2022 8:58:22 AM",0.587,29.328,49.792,78.55,71721.5,1033.109,33.106,0.039,0.039,0.058,7.441,96.744,5.635,79.693,0,5.648,5.652,NA,24
"5/25/2022 8:58:22 AM",0.545,29.327,49.792,78.549,71721.7,1033.109,33.107,0.062,0.062,0,7.441,96.724,5.633,82.921,0,5.647,5.65,NA,24
"5/25/2022 8:58:22 AM",0.505,29.327,49.791,78.548,71720.9,1033.109,33.106,0.055,0.055,0.015,7.441,96.767,5.636,87.424,0,5.649,5.653,NA,24
"5/25/2022 8:58:22 AM",0.436,29.326,49.792,78.548,71721.7,1033.109,33.107,0.062,0.062,0,7.44,96.74,5.635,90.738,0,5.648,5.652,NA,24
"5/25/2022 8:58:22 AM",0.379,29.325,49.791,78.546,71721.2,1033.109,33.107,0.07,0.07,0.015,7.439,96.813,5.639,95.92,0,5.652,5.656,NA,24
"5/25/2022 8:58:23 AM",0.319,29.325,49.794,78.55,71725.1,1033.111,33.109,0.055,0.055,0.044,7.438,96.716,5.633,145.027,0,5.646,5.65,NA,24
"5/25/2022 8:58:23 AM",0.316,29.328,49.788,78.545,71717.2,1033.105,33.104,0.055,0.055,0.058,7.439,96.726,5.634,183.684,0,5.647,5.651,NA,24
"5/25/2022 8:58:23 AM",0.333,29.327,49.785,78.541,71713.7,1033.103,33.102,0.047,0.047,0.044,7.442,96.787,5.637,199.911,0,5.651,5.654,NA,24
"5/25/2022 8:58:23 AM",0.349,29.325,49.79,78.544,71719,1033.107,33.106,0.07,0.07,0.015,7.443,96.776,5.637,187.932,0,5.651,5.654,NA,24
"5/25/2022 8:58:23 AM",0.372,29.325,49.787,78.539,71715.6,1033.105,33.104,0.07,0.07,0.029,7.445,96.791,5.638,188.102,0,5.652,5.655,NA,24
"5/25/2022 8:58:24 AM",0.363,29.325,49.793,78.549,71724,1033.11,33.109,0.055,0.055,0.087,7.445,96.78,5.636,196.768,0,5.65,5.653,NA,24
"5/25/2022 8:58:24 AM",0.344,29.324,49.798,78.553,71729.6,1033.114,33.113,0.055,0.055,0.029,7.445,96.805,5.638,180.625,0,5.651,5.655,NA,24
"5/25/2022 8:58:24 AM",0.321,29.325,49.794,78.55,71725,1033.111,33.109,0.047,0.047,0.058,7.447,96.755,5.635,170.6,0,5.648,5.651,NA,24
"5/25/2022 8:58:24 AM",0.325,29.326,49.788,78.543,71717.5,1033.106,33.105,0.078,0.078,0.102,7.447,96.723,5.634,173.404,0,5.647,5.65,NA,24
"5/25/2022 8:58:24 AM",0.372,29.325,49.785,78.537,71713.4,1033.104,33.102,0.07,0.07,0.073,7.446,96.863,5.642,180.625,0,5.655,5.659,NA,24
"5/25/2022 8:58:25 AM",0.401,29.325,49.786,78.539,71715.3,1033.105,33.103,0.109,0.109,0.116,7.448,96.779,5.636,193.794,0,5.649,5.653,NA,24
"5/25/2022 8:58:25 AM",0.387,29.325,49.792,78.547,71721.7,1033.109,33.107,0.101,0.101,0.146,7.447,96.752,5.633,194.474,0,5.647,5.65,NA,24
"5/25/2022 8:58:25 AM",0.339,29.325,49.79,78.543,71719.3,1033.107,33.106,0.14,0.14,0.146,7.444,96.736,5.632,174.933,0,5.645,5.649,NA,24
"5/25/2022 8:58:25 AM",0.285,29.325,49.786,78.539,71714.5,1033.104,33.103,0.156,0.156,0.233,7.444,96.825,5.637,161.764,0,5.651,5.654,NA,24
"5/25/2022 8:58:25 AM",0.192,29.326,49.778,78.529,71704.2,1033.097,33.097,0.125,0.125,0.218,7.445,96.801,5.636,183.599,0,5.65,5.653,NA,24
"5/25/2022 8:58:26 AM",0.1,29.327,49.781,78.534,71707.7,1033.099,33.099,0.117,0.117,0.32,7.445,96.71,5.631,195.408,0,5.644,5.648,NA,24
"5/25/2022 8:58:26 AM",0.004,29.326,49.78,78.531,71706.9,1033.098,33.098,0.117,0.117,0.248,7.446,96.711,5.631,215.374,0,5.644,5.648,NA,24
"5/25/2022 8:58:26 AM",0,29.327,49.778,78.529,71703.8,1033.096,33.096,0.062,0.062,0.131,7.448,96.844,5.639,221.406,0,5.652,5.656,NA,24
"5/25/2022 8:58:26 AM",0,29.327,49.772,78.523,71697.1,1033.091,33.092,0.039,0.039,0.015,7.45,96.754,5.634,256.41,0,5.647,5.65,NA,24
"5/25/2022 8:58:26 AM",0,29.327,49.762,78.508,71684.7,1033.083,33.085,0.039,0.039,0.218,7.45,96.698,5.63,300.504,0,5.643,5.647,NA,24
"5/25/2022 8:58:27 AM",0,29.328,49.751,78.493,71669.6,1033.074,33.075,0.039,0.039,0.116,7.452,96.768,5.634,378.668,0,5.648,5.651,NA,24
"5/25/2022 8:58:27 AM",0,29.335,49.75,78.503,71667.6,1033.07,33.072,0,0,0,7.45,96.696,5.63,462.353,0,5.644,5.647,NA,24
"5/25/2022 8:58:27 AM",0,29.415,49.679,78.521,71569.6,1032.989,32.99,0,0,0,7.448,96.743,5.635,481.3,0,5.648,5.652,NA,24
"5/25/2022 8:58:27 AM",0,29.557,49.523,78.512,71357.4,1032.821,32.822,114.874,114.874,17.612,7.446,97.131,5.659,396.084,0,5.673,5.676,NA,24
"5/25/2022 8:58:28 AM",0,29.485,49.629,78.554,71498.4,1032.926,32.928,31.866,31.866,5.955,7.447,96.946,5.644,286.061,0,5.658,5.661,NA,24
"5/25/2022 8:58:28 AM",0,29.439,49.649,78.514,71528.7,1032.958,32.959,8.581,8.581,1.617,7.445,96.866,5.639,311.549,0,5.653,5.656,NA,24
"5/25/2022 8:58:28 AM",0,29.383,49.695,78.497,71593.7,1033.013,33.014,2.449,2.449,0.524,7.445,96.781,5.634,368.133,0,5.647,5.65,NA,24
"5/25/2022 8:58:28 AM",0,29.356,49.717,78.489,71624.6,1033.038,33.04,0.413,0.413,0.015,7.449,96.823,5.636,444.427,0,5.65,5.653,NA,24
"5/25/2022 8:58:28 AM",0,29.356,49.716,78.486,71622.9,1033.037,33.039,0.218,0.218,0.189,7.447,96.826,5.637,477.391,0,5.651,5.654,NA,24
"5/25/2022 8:58:29 AM",0,29.343,49.719,78.472,71628.8,1033.044,33.046,0.335,0.335,0.655,7.447,96.589,5.623,490.645,0,5.637,5.64,NA,24
"5/25/2022 8:58:29 AM",0,29.332,49.729,78.47,71641.9,1033.056,33.057,1.17,1.17,0.51,7.445,96.698,5.629,492.939,0,5.642,5.646,NA,24
"5/25/2022 8:58:29 AM",0,29.326,49.73,78.463,71644.6,1033.06,33.061,0.515,0.515,0.437,7.447,96.773,5.633,490.9,0,5.646,5.65,NA,24
"5/25/2022 8:58:29 AM",0,29.324,49.734,78.465,71649.9,1033.064,33.065,0.226,0.226,0.306,7.45,96.776,5.633,252.842,0,5.646,5.65,NA,24
"5/25/2022 8:58:29 AM",0,29.325,49.732,78.464,71647.6,1033.063,33.063,0.086,0.086,0.073,7.449,96.735,5.631,234.15,0,5.644,5.647,NA,24
"5/25/2022 8:58:30 AM",0.021,29.326,49.734,78.469,71649,1033.063,33.063,0.086,0.086,0.073,7.448,96.692,5.629,281.643,0,5.642,5.645,NA,24
"5/25/2022 8:58:30 AM",0.081,29.327,49.73,78.464,71643.7,1033.06,33.06,0.14,0.14,0.146,7.448,96.649,5.626,289.799,0,5.64,5.643,NA,24
"5/25/2022 8:58:30 AM",0,29.326,49.733,78.467,71648.1,1033.063,33.063,0.203,0.203,0.233,7.447,96.756,5.632,280.793,0,5.646,5.649,NA,24
"5/25/2022 8:58:30 AM",0,29.326,49.729,78.461,71642.8,1033.059,33.06,0.156,0.156,0.131,7.448,96.713,5.63,281.048,0,5.644,5.647,NA,24
"5/25/2022 8:58:30 AM",0,29.325,49.729,78.461,71643.7,1033.059,33.06,0.062,0.062,0,7.45,96.698,5.629,324.888,0,5.642,5.646,NA,24
"5/25/2022 8:58:31 AM",0,29.327,49.725,78.457,71637.7,1033.054,33.056,2.605,2.605,0,7.451,96.662,5.626,458.955,0,5.64,5.643,NA,24
"5/25/2022 8:58:31 AM",0,29.327,45.986,73.297,66925.5,1030.225,30.227,0,0,0,7.452,96.711,5.747,495.998,0,5.762,5.764,NA,24
"5/25/2022 8:58:31 AM",0,29.271,1.722,3.586,3278,997.154,0,261.926,261.926,393.505,7.455,96.658,7.339,478.581,0,7.36,7.36,NA,24
"5/25/2022 8:58:31 AM",0,29.174,2.939,5.92,5422.5,998.092,0,191.032,191.032,291.539,7.456,96.668,7.291,501.69,0,7.313,7.313,NA,24
"5/25/2022 8:58:31 AM",0,29.251,6.664,12.714,11627.1,1000.842,0.845,279.555,279.555,619.005,7.451,96.63,7.14,536.524,0,7.161,7.16,NA,24
"5/25/2022 8:58:32 AM",0,29.293,9.582,17.795,16258.9,1002.999,3.002,168.075,168.075,421.576,7.452,96.71,7.032,543.915,0,7.053,7.052,NA,24
"5/25/2022 8:58:32 AM",0,29.251,1.289,2.725,2491.6,996.836,0,504.412,504.412,1257.21,7.459,96.483,7.346,556.659,0,7.367,7.367,NA,24
"5/25/2022 8:58:32 AM",0,28.981,1.332,2.798,2572.3,996.949,0,401.738,401.738,1257.21,7.455,96.283,7.331,547.993,0,7.352,7.352,NA,24
"5/25/2022 8:58:32 AM",0,28.67,0.937,1.99,1841.5,996.744,0,390.053,390.053,1257.21,7.452,96.265,7.348,542.216,0,7.369,7.369,NA,24
"5/25/2022 8:58:32 AM",0,28.582,17.622,30.664,28424.1,1009.202,9.204,130.819,130.819,646.601,7.451,96.17,6.694,541.197,0,6.714,6.714,NA,24
"5/25/2022 8:58:33 AM",0,29.145,30.105,50.234,46035.9,1018.344,18.346,36.976,36.976,162.656,7.449,96.403,6.261,545.53,0,6.279,6.279,NA,24
"5/25/2022 8:58:33 AM",0,29.305,49.81,78.542,71746.2,1033.126,33.128,6.038,6.038,25.538,7.45,96.538,5.62,533.295,0,5.633,5.637,NA,24
"5/25/2022 8:58:33 AM",0,29.322,49.708,78.427,71616.9,1033.043,33.045,2.465,2.465,9.501,7.451,96.517,5.621,498.207,0,5.635,5.638,NA,24
"5/25/2022 8:58:33 AM",0,29.327,49.709,78.435,71617.9,1033.043,33.044,1.077,1.077,3.864,7.452,96.664,5.629,423.017,0,5.643,5.646,NA,24
"5/25/2022 8:58:33 AM",0,29.328,49.707,78.434,71615.8,1033.043,33.043,0.593,0.593,1.938,7.453,96.636,5.627,232.451,0,5.641,5.644,NA,24
"5/25/2022 8:58:34 AM",0.296,29.328,49.712,78.441,71622,1033.048,33.046,0.351,0.351,1.02,7.453,96.722,5.632,258.619,0,5.645,5.648,NA,24
"5/25/2022 8:58:34 AM",0.504,29.33,49.714,78.446,71623.6,1033.049,33.047,0.257,0.257,0.786,7.454,96.731,5.632,244.77,0,5.645,5.649,NA,24
"5/25/2022 8:58:34 AM",0.722,29.331,49.716,78.45,71626.1,1033.051,33.048,0.211,0.211,0.583,7.457,96.775,5.634,237.379,0,5.647,5.651,NA,24
"5/25/2022 8:58:34 AM",0.915,29.331,49.719,78.456,71630.2,1033.054,33.05,0.211,0.211,0.597,7.458,96.717,5.63,208.577,0,5.644,5.647,NA,24
"5/25/2022 8:58:34 AM",1.118,29.333,49.719,78.458,71630.1,1033.054,33.05,0.203,0.203,0.393,7.458,96.65,5.626,171.79,0,5.639,5.643,NA,24
"5/25/2022 8:58:35 AM",1.393,29.331,49.727,78.467,71640.6,1033.062,33.056,0.14,0.14,0.248,7.46,96.824,5.635,111.213,0,5.649,5.652,NA,24
"5/25/2022 8:58:35 AM",1.567,29.333,49.731,78.477,71646.1,1033.066,33.059,0.218,0.218,0.451,7.459,96.702,5.627,109.684,0,5.641,5.644,NA,24
"5/25/2022 8:58:35 AM",1.741,29.333,49.736,78.482,71651.9,1033.07,33.063,0.148,0.148,0.335,7.46,96.743,5.629,103.227,0,5.643,5.646,NA,24
"5/25/2022 8:58:35 AM",1.907,29.333,49.745,78.494,71662.6,1033.077,33.069,0,0,0,7.463,96.756,5.63,76.719,0,5.643,5.646,NA,24
"5/25/2022 8:58:35 AM",2.066,29.333,49.754,78.507,71674.5,1033.085,33.076,0,0,0,7.464,96.753,5.629,42.99,0,5.642,5.646,NA,24
"5/25/2022 8:58:36 AM",2.292,29.333,49.76,78.516,71682.4,1033.091,33.081,0,0,0,7.463,96.811,5.632,13.424,0,5.645,5.649,NA,24
"5/25/2022 8:58:36 AM",2.427,29.333,49.765,78.522,71688.6,1033.095,33.085,0,0,0,7.466,96.764,5.629,9.261,0,5.642,5.645,NA,24
"5/25/2022 8:58:36 AM",2.582,29.332,49.768,78.525,71692.9,1033.098,33.087,0,0,0,7.465,96.738,5.627,8.496,0,5.64,5.643,NA,24
"5/25/2022 8:58:36 AM",2.747,29.331,49.77,78.527,71695.3,1033.101,33.089,0,0,0.379,7.465,96.807,5.63,8.581,0,5.644,5.647,NA,24
"5/25/2022 8:58:36 AM",3.006,29.333,49.767,78.525,71691.5,1033.099,33.086,0.25,0.25,0.349,7.464,96.721,5.626,8.666,0,5.639,5.642,NA,24
"5/25/2022 8:58:37 AM",3.213,29.332,49.763,78.52,71686.9,1033.097,33.083,0.187,0.187,0.437,7.465,96.814,5.631,9.091,0,5.645,5.648,NA,24
"5/25/2022 8:58:37 AM",3.408,29.333,49.761,78.518,71684.3,1033.096,33.082,0.421,0.421,1.18,7.465,96.789,5.63,10.535,0,5.643,5.647,NA,24
"5/25/2022 8:58:37 AM",3.575,29.333,49.765,78.522,71688.7,1033.1,33.084,0.983,0.983,2.346,7.467,96.745,5.627,10.96,0,5.641,5.644,NA,24
"5/25/2022 8:58:37 AM",3.724,29.333,49.766,78.525,71690.1,1033.101,33.085,1.646,1.646,3.835,7.468,96.744,5.627,11.979,0,5.64,5.644,NA,24
"5/25/2022 8:58:38 AM",3.959,29.334,49.769,78.529,71693.7,1033.104,33.087,0.655,0.655,1.486,7.469,96.608,5.619,28.886,0,5.632,5.635,NA,24
"5/25/2022 8:58:38 AM",4.122,29.334,49.771,78.533,71697.2,1033.107,33.089,0.304,0.304,0.612,7.468,96.701,5.624,41.376,0,5.637,5.64,NA,24
"5/25/2022 8:58:38 AM",4.282,29.334,49.774,78.537,71700.8,1033.109,33.091,0.211,0.211,0.408,7.47,96.751,5.626,56.668,0,5.64,5.643,NA,24
"5/25/2022 8:58:38 AM",4.455,29.334,49.775,78.538,71701.8,1033.111,33.092,0.133,0.133,0.248,7.47,96.763,5.627,74,0,5.64,5.643,NA,24
"5/25/2022 8:58:38 AM",4.743,29.334,49.779,78.544,71706.9,1033.115,33.095,0.086,0.086,0.116,7.469,96.689,5.623,80.117,0,5.636,5.639,NA,24
"5/25/2022 8:58:39 AM",4.92,29.334,49.781,78.547,71709.9,1033.117,33.097,0.016,0.016,0,7.471,96.743,5.625,64.74,0,5.639,5.642,NA,24
"5/25/2022 8:58:39 AM",5.087,29.333,49.78,78.544,71708,1033.117,33.095,0,0,0,7.471,96.677,5.622,44.944,0,5.635,5.638,NA,24
"5/25/2022 8:58:39 AM",5.256,29.334,49.782,78.548,71710.8,1033.119,33.097,0,0,0,7.472,96.702,5.623,28.632,0,5.636,5.64,NA,24
"5/25/2022 8:58:39 AM",5.416,29.333,49.78,78.546,71709.1,1033.119,33.096,0,0,0,7.473,96.656,5.62,18.351,0,5.633,5.637,NA,24
"5/25/2022 8:58:39 AM",5.637,29.333,49.783,78.548,71712.7,1033.122,33.098,0,0,0,7.471,96.722,5.624,11.809,0,5.637,5.64,NA,24
"5/25/2022 8:58:40 AM",5.807,29.332,49.784,78.55,71714.5,1033.124,33.099,0.07,0.07,0.131,7.472,96.711,5.623,11.3,0,5.636,5.639,NA,24
"5/25/2022 8:58:40 AM",5.964,29.333,49.783,78.548,71712.8,1033.124,33.098,1.802,1.802,4.098,7.471,96.63,5.618,15.888,0,5.631,5.634,NA,24
"5/25/2022 8:58:40 AM",6.104,29.333,49.781,78.546,71710.2,1033.123,33.097,1.233,1.233,2.799,7.469,96.769,5.626,33.729,0,5.639,5.643,NA,24
"5/25/2022 8:58:40 AM",6.308,29.333,49.78,78.546,71709.5,1033.123,33.096,0.296,0.296,0.641,7.469,96.655,5.619,72.386,0,5.632,5.636,NA,24
"5/25/2022 8:58:40 AM",6.482,29.334,49.779,78.546,71708.3,1033.123,33.095,0.14,0.14,0.233,7.47,96.642,5.619,81.817,0,5.632,5.635,NA,24
"5/25/2022 8:58:41 AM",6.67,29.334,49.78,78.546,71709,1033.124,33.095,0.078,0.078,0.087,7.469,96.658,5.619,76.804,0,5.633,5.636,NA,24
"5/25/2022 8:58:41 AM",6.833,29.334,49.78,78.546,71709.3,1033.125,33.096,0,0,0,7.47,96.635,5.618,62.021,0,5.632,5.635,NA,24
"5/25/2022 8:58:41 AM",6.996,29.334,49.779,78.545,71707.6,1033.124,33.094,0,0,0,7.472,96.571,5.614,42.735,0,5.628,5.631,NA,24
"5/25/2022 8:58:41 AM",7.226,29.334,49.777,78.544,71706.1,1033.124,33.093,0,0,0,7.471,96.703,5.622,23.619,0,5.635,5.639,NA,24
"5/25/2022 8:58:41 AM",7.358,29.334,49.777,78.543,71706,1033.125,33.093,0,0,0,7.474,96.717,5.623,16.482,0,5.636,5.639,NA,24
"5/25/2022 8:58:42 AM",7.518,29.334,49.779,78.545,71708.2,1033.127,33.095,0,0,0,7.474,96.712,5.622,12.659,0,5.635,5.639,NA,24
"5/25/2022 8:58:42 AM",7.701,29.334,49.778,78.545,71707.5,1033.127,33.094,0,0,0,7.476,96.643,5.618,10.96,0,5.631,5.635,NA,24
"5/25/2022 8:58:42 AM",7.993,29.333,49.777,78.542,71705.9,1033.127,33.093,0.008,0.008,0,7.476,96.702,5.622,10.025,0,5.635,5.638,NA,24
"5/25/2022 8:58:42 AM",8.196,29.333,49.777,78.543,71706.7,1033.129,33.094,0.07,0.07,0.087,7.475,96.593,5.615,10.11,0,5.628,5.632,NA,24
"5/25/2022 8:58:42 AM",8.399,29.334,49.777,78.543,71706.6,1033.129,33.094,0.078,0.078,0.073,7.476,96.694,5.621,10.45,0,5.635,5.638,NA,24
"5/25/2022 8:58:43 AM",8.617,29.334,49.776,78.542,71705.3,1033.129,33.093,0.195,0.195,0.306,7.475,96.619,5.617,11.809,0,5.63,5.634,NA,24
"5/25/2022 8:58:43 AM",8.801,29.334,49.774,78.539,71703.3,1033.129,33.091,0.835,0.835,1.894,7.475,96.733,5.624,16.397,0,5.637,5.64,NA,24
"5/25/2022 8:58:43 AM",9.032,29.333,49.773,78.537,71701.4,1033.129,33.09,1.147,1.147,2.653,7.475,96.71,5.622,25.913,0,5.635,5.639,NA,24
"5/25/2022 8:58:43 AM",9.177,29.333,49.775,78.539,71703.8,1033.131,33.092,0.523,0.523,1.151,7.473,96.691,5.621,32.03,0,5.634,5.637,NA,24
"5/25/2022 8:58:43 AM",9.319,29.333,49.772,78.536,71700.3,1033.129,33.089,0.179,0.179,0.291,7.471,96.651,5.618,33.899,0,5.632,5.635,NA,24
"5/25/2022 8:58:44 AM",9.467,29.333,49.772,78.536,71700.7,1033.13,33.09,0,0,0,7.472,96.659,5.619,31.435,0,5.632,5.635,NA,24
"5/25/2022 8:58:44 AM",9.67,29.333,49.771,78.534,71699.6,1033.13,33.089,0,0,0,7.474,96.686,5.62,26.253,0,5.634,5.637,NA,24
"5/25/2022 8:58:44 AM",9.796,29.333,49.769,78.532,71697.6,1033.13,33.088,0,0,0,7.474,96.585,5.614,22.175,0,5.627,5.631,NA,24
"5/25/2022 8:58:44 AM",9.94,29.33,49.769,78.529,71698,1033.131,33.089,0,0,0,7.474,96.662,5.618,17.162,0,5.632,5.635,NA,24
"5/25/2022 8:58:44 AM",10.115,29.33,49.769,78.527,71698,1033.132,33.089,0,0,0,7.473,96.702,5.621,12.574,0,5.634,5.638,NA,24
"5/25/2022 8:58:45 AM",10.315,29.33,49.767,78.526,71695.9,1033.131,33.087,0,0,0,7.474,96.662,5.619,10.025,0,5.632,5.635,NA,24
"5/25/2022 8:58:45 AM",10.635,29.33,49.765,78.522,71692.7,1033.131,33.085,0.133,0.133,0.189,7.473,96.606,5.616,9.431,0,5.629,5.633,NA,24
"5/25/2022 8:58:45 AM",10.847,29.331,49.763,78.521,71691.1,1033.13,33.084,0.156,0.156,0.204,7.473,96.607,5.616,9.77,0,5.629,5.633,NA,24
"5/25/2022 8:58:45 AM",11.061,29.331,49.765,78.524,71692.7,1033.132,33.085,0.14,0.14,0.233,7.472,96.723,5.622,10.11,0,5.636,5.639,NA,24
"5/25/2022 8:58:45 AM",11.272,29.331,49.76,78.518,71687.4,1033.13,33.082,0.133,0.133,0.204,7.474,96.718,5.622,10.45,0,5.636,5.639,NA,24
"5/25/2022 8:58:46 AM",11.598,29.332,49.768,78.529,71696.4,1033.136,33.087,0.14,0.14,0.116,7.475,96.65,5.618,11.3,0,5.631,5.635,NA,24
"5/25/2022 8:58:46 AM",11.786,29.332,49.767,78.528,71695.3,1033.136,33.086,0.827,0.827,1.778,7.475,96.634,5.617,18.181,0,5.631,5.634,NA,24
"5/25/2022 8:58:46 AM",11.934,29.332,49.765,78.526,71693.6,1033.136,33.085,1.155,1.155,2.624,7.474,96.626,5.617,31.01,0,5.63,5.634,NA,24
"5/25/2022 8:58:46 AM",12.068,29.331,49.767,78.527,71695.6,1033.138,33.086,0.725,0.725,1.617,7.475,96.581,5.614,44.859,0,5.627,5.631,NA,24
"5/25/2022 8:58:46 AM",12.19,29.331,49.767,78.527,71695.8,1033.138,33.086,0.367,0.367,0.772,7.474,96.534,5.611,63.38,0,5.624,5.628,NA,24
"5/25/2022 8:58:47 AM",12.315,29.332,49.767,78.528,71696.2,1033.139,33.087,0.133,0.133,0.189,7.474,96.663,5.618,85.13,0,5.632,5.635,NA,24
"5/25/2022 8:58:47 AM",12.353,29.332,49.767,78.529,71696.4,1033.139,33.087,0.101,0.101,0.116,7.474,96.558,5.612,87.084,0,5.626,5.629,NA,24
"5/25/2022 8:58:47 AM",12.355,29.331,49.767,78.528,71696.4,1033.139,33.087,0.094,0.094,0.087,7.473,96.644,5.617,87.764,0,5.631,5.634,NA,24
"5/25/2022 8:58:47 AM",12.346,29.33,49.768,78.528,71697.4,1033.14,33.088,0.094,0.094,0.058,7.475,96.546,5.611,88.359,0,5.625,5.628,NA,24
"5/25/2022 8:58:47 AM",12.332,29.33,49.767,78.526,71696.9,1033.14,33.088,0.094,0.094,0.044,7.476,96.648,5.618,88.783,0,5.632,5.635,NA,24
"5/25/2022 8:58:48 AM",12.306,29.33,49.765,78.523,71693.8,1033.138,33.086,0.086,0.086,0.044,7.476,96.677,5.62,89.888,0,5.633,5.637,NA,24
"5/25/2022 8:58:48 AM",12.28,29.33,49.765,78.523,71694.2,1033.138,33.086,0.078,0.078,0.044,7.476,96.621,5.617,90.228,0,5.63,5.634,NA,24
"5/25/2022 8:58:48 AM",12.237,29.329,49.766,78.524,71695.6,1033.139,33.087,0.07,0.07,0.058,7.474,96.601,5.616,90.483,0,5.629,5.632,NA,24
"5/25/2022 8:58:48 AM",12.179,29.329,49.766,78.525,71695.7,1033.139,33.087,0.078,0.078,0.073,7.474,96.561,5.614,90.568,0,5.627,5.63,NA,24
"5/25/2022 8:58:49 AM",12.071,29.329,49.764,78.521,71693.2,1033.137,33.085,0.078,0.078,0.087,7.476,96.641,5.619,90.653,0,5.632,5.635,NA,24
"5/25/2022 8:58:49 AM",11.991,29.33,49.764,78.521,71692.2,1033.136,33.085,0.078,0.078,0.044,7.477,96.638,5.618,90.568,0,5.632,5.635,NA,24
"5/25/2022 8:58:49 AM",11.92,29.329,49.763,78.519,71690.9,1033.135,33.084,0.086,0.086,0.044,7.477,96.636,5.619,90.398,0,5.632,5.635,NA,24
"5/25/2022 8:58:49 AM",11.851,29.33,49.762,78.519,71689.7,1033.134,33.083,0.07,0.07,0.058,7.478,96.674,5.621,89.888,0,5.634,5.638,NA,24
"5/25/2022 8:58:49 AM",11.767,29.33,49.762,78.519,71690.2,1033.134,33.084,0.078,0.078,0.044,7.479,96.62,5.618,89.123,0,5.631,5.635,NA,24
"5/25/2022 8:58:50 AM",11.6,29.329,49.763,78.519,71690.9,1033.134,33.084,0.078,0.078,0.044,7.477,96.634,5.619,89.548,0,5.632,5.636,NA,24
"5/25/2022 8:58:50 AM",11.468,29.33,49.759,78.515,71685.7,1033.13,33.081,0.07,0.07,0.044,7.475,96.629,5.619,91.502,0,5.632,5.635,NA,24
"5/25/2022 8:58:50 AM",11.334,29.33,49.758,78.514,71684.9,1033.129,33.08,0.078,0.078,0.073,7.475,96.652,5.62,91.587,0,5.633,5.636,NA,24
"5/25/2022 8:58:50 AM",11.174,29.33,49.757,78.512,71683,1033.127,33.079,0.078,0.078,0.044,7.476,96.692,5.622,87.849,0,5.635,5.639,NA,24
"5/25/2022 8:58:50 AM",10.891,29.33,49.754,78.508,71679.3,1033.123,33.077,0.117,0.117,0.146,7.474,96.643,5.618,86.235,0,5.632,5.635,NA,24
"5/25/2022 8:58:51 AM",10.714,29.331,49.753,78.507,71678.3,1033.122,33.076,0.086,0.086,0.073,7.474,96.715,5.623,85.81,0,5.636,5.639,NA,24
"5/25/2022 8:58:51 AM",10.583,29.329,49.755,78.507,71680,1033.123,33.078,0.101,0.101,0.058,7.476,96.679,5.621,85.385,0,5.634,5.637,NA,24
"5/25/2022 8:58:51 AM",10.5,29.33,49.753,78.505,71677.5,1033.121,33.076,0.062,0.062,0.044,7.476,96.646,5.618,85.215,0,5.632,5.635,NA,24
"5/25/2022 8:58:51 AM",10.458,29.33,49.753,78.506,71677.6,1033.121,33.076,0.07,0.07,0.058,7.476,96.658,5.619,84.62,0,5.633,5.636,NA,24
"5/25/2022 8:58:51 AM",10.484,29.33,49.755,78.509,71680.8,1033.123,33.078,0.07,0.07,0.058,7.474,96.604,5.616,84.111,0,5.629,5.633,NA,24
"5/25/2022 8:58:52 AM",10.515,29.333,49.753,78.51,71678.2,1033.121,33.076,0.07,0.07,0.058,7.475,96.561,5.613,84.281,0,5.627,5.63,NA,24
"5/25/2022 8:58:52 AM",10.538,29.333,49.754,78.511,71678.4,1033.121,33.076,0.07,0.07,0.058,7.476,96.742,5.624,84.535,0,5.637,5.641,NA,24
"5/25/2022 8:58:52 AM",10.548,29.333,49.752,78.51,71676.5,1033.12,33.075,0.07,0.07,0.044,7.475,96.634,5.617,84.96,0,5.631,5.634,NA,24
"5/25/2022 8:58:52 AM",10.547,29.333,49.752,78.51,71676.3,1033.119,33.075,0.062,0.062,0.029,7.476,96.629,5.617,85.64,0,5.63,5.634,NA,24
"5/25/2022 8:58:52 AM",10.508,29.332,49.756,78.513,71681.3,1033.123,33.078,0.062,0.062,0.044,7.477,96.662,5.619,86.405,0,5.632,5.635,NA,24
"5/25/2022 8:58:53 AM",10.494,29.332,49.756,78.513,71680.9,1033.122,33.078,0.094,0.094,0.073,7.479,96.726,5.622,86.659,0,5.636,5.639,NA,24
"5/25/2022 8:58:53 AM",10.451,29.332,49.756,78.514,71681.9,1033.123,33.078,0.086,0.086,0.044,7.48,96.678,5.62,87.424,0,5.633,5.637,NA,24
"5/25/2022 8:58:53 AM",10.374,29.332,49.755,78.512,71680.3,1033.122,33.077,0.086,0.086,0.015,7.48,96.725,5.622,87.679,0,5.636,5.639,NA,24
"5/25/2022 8:58:53 AM",10.208,29.333,49.755,78.512,71679.4,1033.12,33.077,0.07,0.07,0.058,7.478,96.579,5.614,87.594,0,5.627,5.631,NA,24
"5/25/2022 8:58:53 AM",10.081,29.333,49.753,78.509,71677,1033.118,33.075,0.07,0.07,0.058,7.479,96.635,5.617,87.764,0,5.631,5.634,NA,24
"5/25/2022 8:58:54 AM",9.938,29.333,49.753,78.509,71677,1033.118,33.075,0.078,0.078,0.029,7.479,96.662,5.619,87.764,0,5.632,5.636,NA,24
"5/25/2022 8:58:54 AM",9.794,29.333,49.754,78.512,71678.5,1033.118,33.076,0.078,0.078,0.029,7.476,96.67,5.619,87.849,0,5.633,5.636,NA,24
"5/25/2022 8:58:54 AM",9.663,29.332,49.753,78.509,71677.3,1033.117,33.076,0.086,0.086,0.058,7.473,96.583,5.614,87.679,0,5.628,5.631,NA,24
"5/25/2022 8:58:54 AM",9.479,29.332,49.753,78.508,71676.8,1033.116,33.076,0.062,0.062,0.044,7.47,96.642,5.618,87.254,0,5.631,5.634,NA,24
"5/25/2022 8:58:54 AM",9.366,29.332,49.754,78.509,71677.9,1033.116,33.076,0.078,0.078,0.044,7.468,96.528,5.611,86.489,0,5.624,5.628,NA,24
"5/25/2022 8:58:55 AM",9.258,29.333,49.754,78.51,71677.9,1033.116,33.076,0.078,0.078,0.044,7.467,96.735,5.623,85.64,0,5.636,5.64,NA,24
"5/25/2022 8:58:55 AM",9.14,29.333,49.753,78.51,71677.4,1033.115,33.076,0.07,0.07,0.044,7.469,96.636,5.617,84.62,0,5.63,5.634,NA,24
"5/25/2022 8:58:55 AM",8.952,29.333,49.753,78.509,71676.9,1033.114,33.076,0.07,0.07,0.058,7.471,96.643,5.617,82.836,0,5.631,5.634,NA,24
"5/25/2022 8:58:55 AM",8.851,29.333,49.76,78.519,71685.8,1033.119,33.081,0.07,0.07,0.058,7.474,96.611,5.616,81.222,0,5.629,5.632,NA,24
"5/25/2022 8:58:55 AM",8.763,29.333,49.763,78.523,71689.4,1033.12,33.083,0.062,0.062,0.044,7.473,96.679,5.619,79.693,0,5.633,5.636,NA,24
"5/25/2022 8:58:56 AM",8.693,29.333,49.762,78.522,71687.7,1033.119,33.082,0.078,0.078,0.087,7.472,96.636,5.617,78.163,0,5.63,5.633,NA,24
"5/25/2022 8:58:56 AM",8.631,29.333,49.76,78.519,71685.3,1033.117,33.081,0.07,0.07,0.058,7.474,96.642,5.618,76.719,0,5.631,5.634,NA,24
"5/25/2022 8:58:56 AM",8.596,29.333,49.759,78.518,71684.7,1033.117,33.08,0.07,0.07,0.044,7.475,96.631,5.616,75.615,0,5.63,5.633,NA,24
"5/25/2022 8:58:56 AM",8.605,29.334,49.756,78.515,71680.5,1033.114,33.077,0.07,0.07,0.029,7.475,96.704,5.621,75.36,0,5.634,5.638,NA,24
"5/25/2022 8:58:56 AM",8.658,29.334,49.762,78.523,71687.5,1033.119,33.082,0.062,0.062,0.058,7.474,96.682,5.62,75.105,0,5.633,5.636,NA,24
"5/25/2022 8:58:57 AM",8.737,29.335,49.762,78.524,71687.7,1033.119,33.082,0.062,0.062,0.058,7.471,96.62,5.616,75.275,0,5.629,5.633,NA,24
"5/25/2022 8:58:57 AM",8.831,29.335,49.76,78.521,71684.8,1033.117,33.08,0.07,0.07,0.073,7.472,96.776,5.625,76.039,0,5.638,5.642,NA,24
"5/25/2022 8:58:57 AM",8.872,29.334,49.762,78.523,71687.4,1033.119,33.082,0.078,0.078,0.087,7.475,96.642,5.617,76.804,0,5.63,5.634,NA,24
"5/25/2022 8:58:57 AM",8.878,29.334,49.76,78.521,71685.5,1033.118,33.08,0.07,0.07,0.073,7.477,96.673,5.619,77.993,0,5.632,5.635,NA,24
"5/25/2022 8:58:57 AM",8.827,29.333,49.761,78.52,71686.7,1033.119,33.081,0.086,0.086,0.087,7.475,96.638,5.616,78.928,0,5.629,5.633,NA,24
"5/25/2022 8:58:58 AM",8.777,29.333,49.761,78.52,71686.2,1033.119,33.081,0.062,0.062,0.029,7.477,96.576,5.612,79.863,0,5.626,5.629,NA,24
"5/25/2022 8:58:58 AM",8.641,29.334,49.758,78.517,71682.6,1033.116,33.079,0.078,0.078,0.044,7.475,96.675,5.618,81.987,0,5.632,5.635,NA,24
"5/25/2022 8:58:58 AM",8.528,29.333,49.76,78.518,71685,1033.117,33.081,0.07,0.07,0.044,7.473,96.664,5.618,83.346,0,5.631,5.634,NA,24
"5/25/2022 8:58:58 AM",8.403,29.333,49.756,78.514,71680.1,1033.113,33.077,0.07,0.07,0.044,7.473,96.62,5.615,84.705,0,5.629,5.632,NA,24
"5/25/2022 8:58:59 AM",8.26,29.334,49.754,78.512,71677.1,1033.111,33.075,0.14,0.14,0.218,7.473,96.646,5.617,85.725,0,5.63,5.633,NA,24
"5/25/2022 8:58:59 AM",8.013,29.334,49.751,78.507,71673.8,1033.108,33.074,0.086,0.086,0.073,7.475,96.61,5.615,86.744,0,5.628,5.631,NA,24
"5/25/2022 8:58:59 AM",7.867,29.334,49.751,78.507,71673.9,1033.107,33.074,0.078,0.078,0.044,7.474,96.69,5.619,86.744,0,5.632,5.636,NA,24
"5/25/2022 8:58:59 AM",7.734,29.334,49.75,78.506,71672,1033.105,33.073,0.078,0.078,0.058,7.473,96.605,5.614,86.235,0,5.628,5.631,NA,24
"5/25/2022 8:58:59 AM",7.619,29.334,49.748,78.502,71669.2,1033.103,33.071,0.101,0.101,0.131,7.474,96.65,5.617,85.98,0,5.631,5.634,NA,24
"5/25/2022 8:59:00 AM",7.516,29.334,49.744,78.497,71664.3,1033.1,33.068,0.109,0.109,0.102,7.473,96.597,5.614,85.215,0,5.627,5.63,NA,24
"5/25/2022 8:59:00 AM",7.375,29.334,49.741,78.493,71660.9,1033.098,33.066,0.094,0.094,0.102,7.472,96.633,5.616,83.261,0,5.629,5.633,NA,24
"5/25/2022 8:59:00 AM",7.294,29.333,49.736,78.485,71654.2,1033.093,33.062,0.101,0.101,0.058,7.476,96.592,5.613,82.411,0,5.627,5.63,NA,24
"5/25/2022 8:59:00 AM",7.214,29.334,49.734,78.484,71652.5,1033.092,33.061,0.07,0.07,0,7.478,96.721,5.621,81.732,0,5.634,5.638,NA,24
"5/25/2022 8:59:00 AM",7.132,29.333,49.734,78.482,71651.7,1033.091,33.061,0.07,0.07,0.029,7.476,96.675,5.618,80.797,0,5.631,5.635,NA,24
"5/25/2022 8:59:01 AM",7.062,29.333,49.733,78.482,71651.2,1033.09,33.06,0.078,0.078,0.058,7.476,96.638,5.616,79.863,0,5.629,5.633,NA,24
"5/25/2022 8:59:01 AM",6.986,29.334,49.732,78.48,71649.6,1033.089,33.059,0.07,0.07,0.044,7.476,96.644,5.616,78.333,0,5.629,5.633,NA,24
"5/25/2022 8:59:01 AM",6.986,29.333,49.731,78.478,71648,1033.088,33.059,0.07,0.07,0.058,7.476,96.579,5.612,77.654,0,5.625,5.629,NA,24
"5/25/2022 8:59:01 AM",7.005,29.334,49.728,78.476,71644.4,1033.086,33.056,0.078,0.078,0.073,7.477,96.534,5.61,77.314,0,5.623,5.627,NA,24
"5/25/2022 8:59:01 AM",7.019,29.334,49.727,78.475,71643.7,1033.086,33.056,0.062,0.062,0.073,7.478,96.651,5.617,76.889,0,5.63,5.634,NA,24
"5/25/2022 8:59:02 AM",7.007,29.333,49.728,78.473,71644.2,1033.086,33.056,0.086,0.086,0.058,7.477,96.566,5.612,76.889,0,5.625,5.628,NA,24
"5/25/2022 8:59:02 AM",7,29.332,49.728,78.473,71644.4,1033.086,33.057,0.07,0.07,0.044,7.475,96.713,5.62,78.418,0,5.633,5.637,NA,24
"5/25/2022 8:59:02 AM",6.982,29.331,49.728,78.472,71644.9,1033.087,33.057,0.125,0.125,0.189,7.476,96.621,5.615,79.693,0,5.628,5.632,NA,24
"5/25/2022 8:59:02 AM",6.958,29.332,49.729,78.474,71645.4,1033.087,33.057,0.117,0.117,0.116,7.474,96.661,5.617,81.222,0,5.631,5.634,NA,24
"5/25/2022 8:59:02 AM",6.925,29.333,49.727,78.472,71642.7,1033.085,33.055,0.078,0.078,0.058,7.474,96.691,5.619,83.176,0,5.633,5.636,NA,24
"5/25/2022 8:59:03 AM",6.892,29.333,49.727,78.473,71642.8,1033.085,33.055,0.07,0.07,0.073,7.474,96.536,5.61,85.555,0,5.624,5.627,NA,24
"5/25/2022 8:59:03 AM",6.862,29.333,49.725,78.469,71640.3,1033.083,33.054,0.07,0.07,0.058,7.473,96.546,5.611,86.829,0,5.624,5.628,NA,24
"5/25/2022 8:59:03 AM",6.821,29.333,49.726,78.471,71641.6,1033.084,33.055,0.07,0.07,0.044,7.474,96.565,5.612,87.679,0,5.626,5.629,NA,24
"5/25/2022 8:59:03 AM",6.751,29.332,49.726,78.471,71642.4,1033.084,33.055,0.07,0.07,0.044,7.473,96.662,5.617,87.764,0,5.631,5.634,NA,24
"5/25/2022 8:59:03 AM",6.631,29.333,49.721,78.465,71635.7,1033.079,33.051,0.101,0.101,0.073,7.478,96.679,5.619,87.594,0,5.632,5.635,NA,24
"5/25/2022 8:59:04 AM",6.544,29.333,49.722,78.467,71637.3,1033.08,33.052,0.094,0.094,0.073,7.478,96.65,5.617,87.169,0,5.63,5.633,NA,24
"5/25/2022 8:59:04 AM",6.431,29.334,49.72,78.464,71634,1033.077,33.05,0.101,0.101,0.087,7.478,96.685,5.619,87.509,0,5.632,5.636,NA,24
"5/25/2022 8:59:04 AM",6.318,29.334,49.72,78.463,71633.6,1033.077,33.05,0.101,0.101,0.102,7.48,96.725,5.621,88.189,0,5.635,5.638,NA,24
"5/25/2022 8:59:04 AM",6.23,29.334,49.719,78.463,71633.2,1033.076,33.05,0.078,0.078,0.073,7.479,96.613,5.615,88.529,0,5.628,5.632,NA,24
"5/25/2022 8:59:04 AM",6.097,29.333,49.718,78.46,71631.6,1033.075,33.049,0.125,0.125,0.146,7.48,96.685,5.619,89.718,0,5.632,5.636,NA,24
"5/25/2022 8:59:05 AM",6.026,29.334,49.718,78.46,71630.9,1033.074,33.048,0.094,0.094,0.044,7.481,96.487,5.607,90.058,0,5.62,5.624,NA,24
"5/25/2022 8:59:05 AM",5.939,29.333,49.715,78.457,71628.2,1033.072,33.047,0.086,0.086,0.073,7.479,96.531,5.61,90.228,0,5.623,5.626,NA,24
"5/25/2022 8:59:05 AM",5.884,29.333,49.714,78.455,71627.1,1033.071,33.046,0.055,0.055,0.058,7.477,96.636,5.616,90.398,0,5.629,5.633,NA,24
"5/25/2022 8:59:05 AM",5.826,29.333,49.715,78.456,71627.7,1033.071,33.047,0.07,0.07,0.058,7.475,96.459,5.605,90.228,0,5.619,5.622,NA,24
"5/25/2022 8:59:05 AM",5.805,29.333,49.713,78.453,71624.8,1033.07,33.045,0.07,0.07,0.044,7.475,96.625,5.615,90.313,0,5.629,5.632,NA,24
"5/25/2022 8:59:06 AM",5.788,29.333,49.715,78.455,71627.2,1033.071,33.046,0.086,0.086,0.044,7.475,96.564,5.612,90.058,0,5.625,5.628,NA,24
"5/25/2022 8:59:06 AM",5.75,29.333,49.713,78.453,71625.6,1033.07,33.045,0.094,0.094,0.102,7.475,96.567,5.612,89.888,0,5.625,5.628,NA,24
"5/25/2022 8:59:06 AM",5.724,29.333,49.712,78.452,71624.5,1033.069,33.045,0.109,0.109,0.146,7.477,96.544,5.61,88.953,0,5.624,5.627,NA,24
"5/25/2022 8:59:06 AM",5.722,29.333,49.712,78.451,71623.9,1033.069,33.044,0.078,0.078,0.087,7.479,96.599,5.614,88.953,0,5.627,5.63,NA,24
"5/25/2022 8:59:06 AM",5.736,29.333,49.711,78.451,71623,1033.068,33.044,0.062,0.062,0.073,7.478,96.594,5.614,89.548,0,5.627,5.63,NA,24
"5/25/2022 8:59:07 AM",5.758,29.334,49.71,78.449,71620.9,1033.067,33.042,0.062,0.062,0.102,7.479,96.62,5.615,90.143,0,5.629,5.632,NA,24
"5/25/2022 8:59:07 AM",5.783,29.334,49.708,78.448,71618.8,1033.066,33.041,0.062,0.062,0.044,7.478,96.721,5.621,90.143,0,5.634,5.638,NA,24
"5/25/2022 8:59:07 AM",5.772,29.334,49.711,78.451,71622.1,1033.068,33.043,0.062,0.062,0.058,7.478,96.565,5.611,91.842,0,5.625,5.628,NA,24
"5/25/2022 8:59:07 AM",5.727,29.334,49.711,78.451,71622.4,1033.068,33.043,0.062,0.062,0.058,7.479,96.5,5.607,93.541,0,5.621,5.624,NA,24
"5/25/2022 8:59:07 AM",5.663,29.334,49.715,78.457,71627.6,1033.071,33.046,0.07,0.07,0.029,7.478,96.661,5.616,95.07,0,5.63,5.633,NA,24
"5/25/2022 8:59:08 AM",5.562,29.334,49.714,78.455,71626.2,1033.069,33.046,0.062,0.062,0.029,7.479,96.651,5.616,96.43,0,5.629,5.632,NA,24
"5/25/2022 8:59:08 AM",5.445,29.334,49.712,78.453,71624,1033.067,33.044,0.055,0.055,0.044,7.477,96.536,5.609,97.534,0,5.622,5.626,NA,24
"5/25/2022 8:59:08 AM",5.259,29.335,49.711,78.453,71622.6,1033.066,33.043,0.086,0.086,0.029,7.476,96.663,5.616,100.083,0,5.63,5.633,NA,24
"5/25/2022 8:59:08 AM",5.155,29.334,49.71,78.45,71620.4,1033.064,33.042,0.086,0.086,0.044,7.477,96.661,5.616,102.462,0,5.629,5.633,NA,24
"5/25/2022 8:59:08 AM",5.061,29.334,49.71,78.451,71621.4,1033.064,33.043,0.086,0.086,0.058,7.474,96.602,5.613,103.991,0,5.626,5.63,NA,24
"5/25/2022 8:59:09 AM",4.979,29.334,49.708,78.447,71618.1,1033.062,33.041,0.078,0.078,0.044,7.477,96.623,5.614,104.161,0,5.627,5.63,NA,24
"5/25/2022 8:59:09 AM",4.872,29.334,49.707,78.447,71617.2,1033.061,33.04,0.07,0.07,0.029,7.48,96.56,5.61,103.397,0,5.623,5.627,NA,24
"5/25/2022 8:59:09 AM",4.816,29.334,49.708,78.447,71618.2,1033.061,33.041,0.062,0.062,0.029,7.481,96.569,5.611,103.906,0,5.624,5.628,NA,24
"5/25/2022 8:59:09 AM",4.779,29.335,49.706,78.446,71615.7,1033.06,33.039,0.078,0.078,0.029,7.478,96.527,5.609,104.501,0,5.622,5.625,NA,24
"5/25/2022 8:59:10 AM",4.762,29.335,49.706,78.446,71615.2,1033.059,33.039,0.062,0.062,0.044,7.478,96.57,5.611,104.586,0,5.625,5.628,NA,24
"5/25/2022 8:59:10 AM",4.76,29.335,49.707,78.447,71616.5,1033.06,33.04,0.078,0.078,0.029,7.475,96.583,5.612,104.926,0,5.626,5.629,NA,24
"5/25/2022 8:59:10 AM",4.759,29.335,49.709,78.45,71619.6,1033.062,33.042,0.078,0.078,0.044,7.474,96.576,5.611,105.181,0,5.625,5.628,NA,24
"5/25/2022 8:59:10 AM",4.739,29.335,49.71,78.452,71621.2,1033.063,33.042,0.07,0.07,0.029,7.474,96.58,5.611,105.181,0,5.625,5.628,NA,24
"5/25/2022 8:59:10 AM",4.686,29.335,49.712,78.453,71622.6,1033.063,33.043,0.094,0.094,0.058,7.47,96.513,5.607,105.096,0,5.62,5.624,NA,24
"5/25/2022 8:59:11 AM",4.626,29.335,49.709,78.449,71618.8,1033.061,33.041,0.07,0.07,0.044,7.471,96.532,5.608,105.266,0,5.622,5.625,NA,24
"5/25/2022 8:59:11 AM",4.567,29.336,49.708,78.449,71618.2,1033.06,33.041,0.07,0.07,0.015,7.473,96.621,5.613,105.266,0,5.626,5.63,NA,24
"5/25/2022 8:59:11 AM",4.505,29.336,49.709,78.45,71618.9,1033.06,33.041,0.078,0.078,0.044,7.474,96.507,5.607,106.115,0,5.62,5.624,NA,24
"5/25/2022 8:59:11 AM",4.468,29.336,49.705,78.446,71614.7,1033.057,33.038,0.078,0.078,0.058,7.476,96.593,5.612,106.54,0,5.625,5.629,NA,24
"5/25/2022 8:59:11 AM",4.418,29.335,49.707,78.447,71616.8,1033.059,33.04,0.055,0.055,0.073,7.476,96.542,5.609,106.965,0,5.622,5.626,NA,24
"5/25/2022 8:59:12 AM",4.338,29.336,49.71,78.452,71620.2,1033.06,33.042,0.062,0.062,0.044,7.478,96.61,5.612,108.834,0,5.626,5.629,NA,24
"5/25/2022 8:59:12 AM",4.19,29.336,49.705,78.446,71614.5,1033.056,33.038,0.055,0.055,0.044,7.478,96.644,5.615,111.043,0,5.628,5.631,NA,24
"5/25/2022 8:59:12 AM",4.063,29.336,49.704,78.445,71613.2,1033.055,33.037,0.109,0.109,0.087,7.48,96.591,5.611,112.487,0,5.625,5.628,NA,24
"5/25/2022 8:59:12 AM",3.943,29.337,49.705,78.447,71614.1,1033.055,33.038,0.078,0.078,0.073,7.481,96.659,5.615,115.461,0,5.629,5.632,NA,24
"5/25/2022 8:59:12 AM",3.828,29.337,49.705,78.446,71613.5,1033.054,33.038,0.078,0.078,0.102,7.482,96.626,5.614,119.454,0,5.627,5.631,NA,24
"5/25/2022 8:59:13 AM",3.747,29.337,49.71,78.453,71619.3,1033.057,33.041,0.062,0.062,0.058,7.482,96.615,5.613,123.532,0,5.626,5.63,NA,24
"5/25/2022 8:59:13 AM",3.674,29.337,49.707,78.45,71616.7,1033.055,33.039,0.062,0.062,0.044,7.481,96.617,5.613,127.016,0,5.626,5.63,NA,24
"5/25/2022 8:59:13 AM",3.646,29.338,49.708,78.451,71616.7,1033.055,33.039,0.062,0.062,0.044,7.481,96.608,5.612,127.695,0,5.626,5.629,NA,24
"5/25/2022 8:59:13 AM",3.628,29.338,49.709,78.453,71618,1033.056,33.04,0.078,0.078,0.058,7.48,96.596,5.612,128.8,0,5.625,5.629,NA,24
"5/25/2022 8:59:13 AM",3.595,29.338,49.71,78.454,71619.1,1033.056,33.041,0.078,0.078,0.044,7.479,96.765,5.622,129.224,0,5.635,5.638,NA,24
"5/25/2022 8:59:14 AM",3.54,29.338,49.711,78.456,71621.2,1033.057,33.042,0.07,0.07,0.029,7.48,96.536,5.608,131.264,0,5.621,5.625,NA,24
"5/25/2022 8:59:14 AM",3.491,29.338,49.71,78.455,71619.3,1033.056,33.041,0.047,0.047,0.044,7.483,96.507,5.606,131.688,0,5.619,5.623,NA,24
"5/25/2022 8:59:14 AM",3.448,29.339,49.71,78.456,71620,1033.056,33.041,0.055,0.055,0.015,7.484,96.589,5.611,130.329,0,5.624,5.628,NA,24
"5/25/2022 8:59:14 AM",3.404,29.339,49.714,78.462,71624.4,1033.058,33.044,0.055,0.055,0.015,7.484,96.554,5.609,129.394,0,5.622,5.626,NA,24
"5/25/2022 8:59:14 AM",3.335,29.339,49.713,78.461,71623.8,1033.058,33.043,0.055,0.055,0.044,7.483,96.609,5.612,130.414,0,5.625,5.629,NA,24
"5/25/2022 8:59:15 AM",3.204,29.339,49.712,78.459,71622.4,1033.056,33.043,0.055,0.055,0.058,7.481,96.61,5.612,137.126,0,5.625,5.629,NA,24
"5/25/2022 8:59:15 AM",3.128,29.339,49.71,78.456,71619.9,1033.054,33.041,0.055,0.055,0.073,7.482,96.63,5.613,141.289,0,5.627,5.63,NA,24
"5/25/2022 8:59:15 AM",3.051,29.339,49.71,78.455,71619.1,1033.054,33.041,0.062,0.062,0.029,7.483,96.515,5.607,144.432,0,5.62,5.623,NA,24
"5/25/2022 8:59:15 AM",2.976,29.339,49.71,78.455,71619.2,1033.053,33.041,0.055,0.055,0.044,7.484,96.548,5.609,146.217,0,5.622,5.625,NA,24
"5/25/2022 8:59:15 AM",2.761,29.339,49.709,78.454,71617.5,1033.052,33.04,0.055,0.055,0.015,7.481,96.611,5.612,153.353,0,5.625,5.629,NA,24
"5/25/2022 8:59:16 AM",2.582,29.339,49.7,78.441,71606.1,1033.044,33.033,0.047,0.047,0.029,7.48,96.504,5.606,158.791,0,5.619,5.622,NA,24
"5/25/2022 8:59:16 AM",2.39,29.339,49.696,78.436,71601.4,1033.04,33.03,0.086,0.086,0.102,7.481,96.554,5.609,166.012,0,5.622,5.625,NA,24
"5/25/2022 8:59:16 AM",2.232,29.338,49.695,78.433,71599.6,1033.039,33.029,0.055,0.055,0.058,7.482,96.646,5.614,174.593,0,5.627,5.631,NA,24
"5/25/2022 8:59:16 AM",2.064,29.339,49.692,78.43,71596.7,1033.036,33.027,0.055,0.055,0.029,7.484,96.617,5.612,180.371,0,5.626,5.629,NA,24
"5/25/2022 8:59:16 AM",1.817,29.338,49.691,78.428,71595.3,1033.035,33.027,0.078,0.078,0.131,7.483,96.585,5.611,183.004,0,5.624,5.627,NA,24
"5/25/2022 8:59:17 AM",1.672,29.338,49.687,78.423,71590.4,1033.031,33.024,0.109,0.109,0.087,7.484,96.592,5.611,181.475,0,5.624,5.628,NA,24
"5/25/2022 8:59:17 AM",1.591,29.339,49.686,78.423,71589,1033.03,33.023,0.07,0.07,0.029,7.487,96.728,5.619,177.992,0,5.632,5.636,NA,24
"5/25/2022 8:59:17 AM",1.54,29.339,49.686,78.422,71588.6,1033.029,33.023,0.055,0.055,0.044,7.488,96.587,5.611,169.581,0,5.624,5.627,NA,24
"5/25/2022 8:59:17 AM",1.424,29.339,49.684,78.42,71586.4,1033.027,33.021,0.055,0.055,0.058,7.488,96.61,5.612,172.639,0,5.625,5.629,NA,24
"5/25/2022 8:59:17 AM",1.295,29.339,49.686,78.421,71587.9,1033.028,33.022,0.078,0.078,0.058,7.489,96.523,5.607,185.128,0,5.62,5.623,NA,24
"5/25/2022 8:59:18 AM",1.156,29.339,49.683,78.418,71584.5,1033.025,33.02,0.07,0.07,0.073,7.49,96.562,5.609,198.977,0,5.622,5.626,NA,24
"5/25/2022 8:59:18 AM",1.031,29.339,49.682,78.416,71583.2,1033.024,33.019,0.055,0.055,0.044,7.492,96.633,5.613,211.721,0,5.627,5.63,NA,24
"5/25/2022 8:59:18 AM",0.914,29.339,49.681,78.415,71582.3,1033.023,33.019,0.086,0.086,0.044,7.493,96.7,5.617,220.387,0,5.63,5.634,NA,24
"5/25/2022 8:59:18 AM",0.758,29.338,49.675,78.406,71575,1033.018,33.015,0.062,0.062,0.044,7.492,96.569,5.61,215.969,0,5.623,5.626,NA,24
"5/25/2022 8:59:18 AM",0.627,29.339,49.674,78.404,71572.8,1033.016,33.013,0.062,0.062,0.058,7.494,96.487,5.605,217.753,0,5.618,5.621,NA,24
"5/25/2022 8:59:19 AM",0.502,29.338,49.673,78.402,71571.3,1033.015,33.013,0.062,0.062,0,7.494,96.525,5.607,225.569,0,5.62,5.624,NA,24
"5/25/2022 8:59:19 AM",0.408,29.338,49.669,78.398,71567.3,1033.012,33.01,0.07,0.07,0.044,7.494,96.631,5.613,215.374,0,5.627,5.63,NA,24
"5/25/2022 8:59:19 AM",0.321,29.338,49.663,78.39,71559.7,1033.007,33.006,0.062,0.062,0.044,7.494,96.606,5.612,232.451,0,5.625,5.628,NA,24
"5/25/2022 8:59:19 AM",0.248,29.338,49.666,78.392,71562.6,1033.009,33.007,0.055,0.055,0.044,7.494,96.494,5.605,254.881,0,5.619,5.622,NA,24
"5/25/2022 8:59:20 AM",0.141,29.339,49.663,78.389,71559.2,1033.006,33.005,0.039,0.039,0,7.494,96.623,5.613,274.676,0,5.626,5.629,NA,24
"5/25/2022 8:59:20 AM",0.041,29.338,49.653,78.375,71546.8,1032.998,32.998,0.047,0.047,0.029,7.496,96.615,5.613,287.59,0,5.626,5.629,NA,24
"5/25/2022 8:59:20 AM",0,29.338,49.648,78.368,71539.9,1032.994,32.994,0.039,0.039,0,7.495,96.514,5.607,293.622,0,5.621,5.624,NA,24
"5/25/2022 8:59:20 AM",0,29.338,49.639,78.356,71529.5,1032.987,32.987,0.062,0.062,0.029,7.493,96.547,5.609,277.48,0,5.623,5.626,NA,24
"5/25/2022 8:59:20 AM",0,29.338,49.643,78.362,71534.3,1032.99,32.99,0.055,0.055,0.015,7.493,96.546,5.609,304.073,0,5.622,5.626,NA,24
"5/25/2022 8:59:21 AM",0,29.339,49.639,78.356,71528.5,1032.986,32.987,0.031,0.031,0,7.494,96.554,5.61,379.687,0,5.623,5.626,NA,24
"5/25/2022 8:59:21 AM",0,29.338,49.635,78.35,71523.7,1032.982,32.984,0.039,0.039,0,7.492,96.567,5.61,393.026,0,5.624,5.627,NA,24
"5/25/2022 8:59:21 AM",0,29.339,49.634,78.35,71522.5,1032.981,32.983,0,0,0,7.495,96.611,5.613,466.517,0,5.626,5.63,NA,24
"5/25/2022 8:59:21 AM",0,29.338,49.62,78.33,71505.5,1032.971,32.973,3.253,3.253,5.911,7.495,96.52,5.608,459.89,0,5.621,5.625,NA,24
"5/25/2022 8:59:21 AM",0,29.338,41.333,66.771,60953.3,1026.71,26.712,4.485,4.485,9.207,7.496,96.54,5.872,478.241,0,5.887,5.889,NA,24
"5/25/2022 8:59:22 AM",0,29.338,14.84,26.597,24280.1,1006.895,6.897,2.683,2.683,4.931,7.496,96.604,6.802,490.305,0,6.822,6.821,NA,24
"5/25/2022 8:59:22 AM",0,29.338,26.856,45.514,41548.9,1015.85,15.853,5.812,5.812,7.082,7.498,96.666,6.368,503.474,0,6.387,6.387,NA,24
"5/25/2022 8:59:22 AM",0,29.311,1.66,3.466,3165.6,997.096,0,196.134,196.134,994.476,7.5,96.611,7.315,507.467,0,7.336,7.336,NA,24
"5/25/2022 8:59:22 AM",0,29.19,1.169,2.481,2271.8,996.765,0,184.004,184.004,506.261,7.499,96.572,7.332,512.48,0,7.354,7.354,NA,24
"5/25/2022 8:59:22 AM",0,28.971,0.939,2.006,1844.5,996.657,0,238.757,238.757,451.277,7.493,96.466,7.335,513.924,0,7.356,7.356,NA,24
"5/25/2022 8:59:23 AM",0,28.766,0.837,1.789,1652.2,996.641,0,126.076,126.076,587.972,7.49,96.153,7.317,500.161,0,7.338,7.338,NA,24
"5/25/2022 8:59:23 AM",0,28.462,0.712,1.524,1416.1,996.636,0,506.05,506.05,1257.21,7.487,95.885,7.302,498.801,0,7.323,7.323,NA,24
"5/25/2022 8:59:23 AM",0,28.321,0.658,1.409,1313,996.636,0,506.05,506.05,1036.108,7.487,95.098,7.246,486.907,0,7.267,7.267,NA,24
"5/25/2022 8:59:23 AM",0,28.148,0.618,1.323,1237.4,996.655,0,434.486,434.486,694.336,7.483,95.013,7.243,488.266,0,7.263,7.263,NA,24
"5/25/2022 8:59:23 AM",0,27.921,0.598,1.275,1198.2,996.705,0,425.734,425.734,616.565,7.481,94.648,7.218,457.341,0,7.239,7.239,NA,24
"5/25/2022 8:59:24 AM",0,27.516,0.529,1.125,1066.3,996.768,0,242.003,242.003,986.333,7.481,94.428,7.205,431.173,0,7.226,7.226,NA,24
"5/25/2022 8:59:24 AM",0,27.213,0.51,1.08,1029.9,996.838,0,467.569,467.569,1146.779,7.481,94.811,7.238,419.958,0,7.258,7.259,NA,24
"5/25/2022 8:59:24 AM",0,27.103,0.485,1.027,981.4,996.85,0,189.956,189.956,342.289,7.48,94.696,7.232,442.898,0,7.253,7.253,NA,24
"5/25/2022 8:59:24 AM",0,27.04,0.502,1.059,1013.6,996.88,0,311.156,311.156,437.533,7.479,94.682,7.232,453.603,0,7.252,7.253,NA,24
"5/25/2022 8:59:24 AM",0,27.01,0.468,0.989,947.3,996.862,0,145.96,145.96,157.128,7.477,94.677,7.235,475.097,0,7.256,7.256,NA,24
"5/25/2022 8:59:25 AM",0,26.991,0.433,0.917,878.9,996.841,0,68.857,68.857,24.914,7.473,94.682,7.24,503.389,0,7.26,7.261,NA,24
"5/25/2022 8:59:25 AM",0,27.06,0.424,0.9,860.9,996.815,0,24.502,24.502,9.779,7.469,94.745,7.247,535.929,0,7.268,7.268,NA,24
"5/25/2022 8:59:25 AM",0,27.142,0.416,0.885,844.8,996.787,0,14.884,14.884,3.324,7.465,94.596,7.237,526.668,0,7.258,7.258,NA,24
"5/25/2022 8:59:25 AM",0,27.157,0.399,0.852,813,996.77,0,112.588,112.588,0,7.461,94.414,7.227,551.477,0,7.247,7.248,NA,24
"5/25/2022 8:59:25 AM",0,27.177,0.384,0.82,782.3,996.753,0,41.009,41.009,0,7.456,94.696,7.252,570.933,0,7.273,7.273,NA,24
"5/25/2022 8:59:26 AM",0,27.19,0.37,0.792,755.3,996.739,0,15.945,15.945,0,7.45,94.826,7.269,594.976,0,7.29,7.29,NA,24
"5/25/2022 8:59:26 AM",0,27.145,0.374,0.798,761.9,996.754,0,9.774,9.774,1.865,7.448,94.719,7.266,589.454,0,7.287,7.287,NA,24
"5/25/2022 8:59:26 AM",0,27.07,0.391,0.833,797.2,996.788,0,15.016,15.016,0.175,7.447,94.636,7.263,618.595,0,7.284,7.284,NA,24
"5/25/2022 8:59:26 AM",0,26.999,0.362,0.772,739.3,996.786,0,34.081,34.081,0,7.443,94.801,7.282,623.183,0,7.303,7.303,NA,24
"5/25/2022 8:59:26 AM",0,26.972,0.347,0.74,709,996.782,0,50.861,50.861,1.107,7.434,94.487,7.265,595.061,0,7.285,7.286,NA,24
"5/25/2022 8:59:27 AM",0,26.966,0.344,0.733,702.8,996.781,0,103.297,103.297,9.222,7.429,94.552,7.273,569.573,0,7.294,7.294,NA,24
"5/25/2022 8:59:27 AM",0,26.89,0.344,0.733,703.4,996.802,0,67.406,67.406,9.794,7.425,94.69,7.287,545.275,0,7.308,7.308,NA,24
"5/25/2022 8:59:27 AM",0,26.582,0.353,0.747,721.5,996.893,0,33.426,33.426,40.546,7.421,94.708,7.29,516.558,0,7.31,7.311,NA,24
"5/25/2022 8:59:27 AM",0,26.291,0.82,1.673,1626.6,997.324,0,8.963,8.963,9.823,7.419,94.382,7.247,461.759,0,7.267,7.268,NA,24
"5/25/2022 8:59:27 AM",0,26.019,1.058,2.12,2073.8,997.576,0,0.32,0.32,0,7.411,94.04,7.215,294.727,0,7.236,7.236,NA,24
"5/25/2022 8:59:28 AM",0,25.947,1.747,3.406,3336.1,998.113,0,1.646,1.646,2.667,7.408,93.511,7.147,243.666,0,7.168,7.168,NA,24
"5/25/2022 8:59:28 AM",0,25.943,0.899,1.813,1776.6,997.477,0,1.545,1.545,2.813,7.403,93.726,7.2,297.701,0,7.22,7.22,NA,24
"5/25/2022 8:59:28 AM",0,26.007,0.698,1.425,1394.2,997.308,0,0.913,0.913,0.932,7.4,93.891,7.222,452.073,0,7.243,7.243,NA,24
"5/25/2022 8:59:28 AM",0,26.116,0.535,1.105,1078.9,997.156,0,0.585,0.585,0.262,7.395,94.06,7.244,548.248,0,7.264,7.265,NA,24
"5/25/2022 8:59:28 AM",0,26.103,0.492,1.02,995.8,997.127,0,0.367,0.367,0.976,7.392,93.885,7.232,559.123,0,7.252,7.253,NA,24
"5/25/2022 8:59:29 AM",0,26.127,0.456,0.949,926.1,997.094,0,0.788,0.788,1.603,7.39,93.89,7.234,549.947,0,7.255,7.255,NA,24
"5/25/2022 8:59:29 AM",0,26.202,0.428,0.894,871,997.052,0,0.741,0.741,5.384,7.386,94.042,7.248,532.276,0,7.269,7.269,NA,24
"5/25/2022 8:59:29 AM",0,26.317,0.41,0.859,834.6,997.008,0,0.866,0.866,13.204,7.384,94.048,7.25,518.002,0,7.27,7.271,NA,24
"5/25/2022 8:59:29 AM",0,26.459,0.387,0.814,789.1,996.952,0,0.835,0.835,11.512,7.384,94.49,7.285,522.42,0,7.306,7.306,NA,24
"5/25/2022 8:59:30 AM",0,26.485,0.377,0.794,768.5,996.937,0,0.866,0.866,8.181,7.384,94.68,7.3,488.266,0,7.321,7.321,NA,24
"5/25/2022 8:59:30 AM",0,26.577,0.365,0.772,746.2,996.904,0,0.195,0.195,82.693,7.387,94.019,7.25,444.257,0,7.271,7.271,NA,24
"5/25/2022 8:59:30 AM",0,26.969,1.394,2.807,2690.7,997.569,0,1.186,1.186,81.082,7.436,93.65,7.193,415.625,0,7.214,7.214,NA,24
"5/25/2022 8:59:30 AM",0,27.467,1.434,2.912,2761.8,997.461,0,2.262,2.262,20.125,7.532,93.294,7.182,427.52,0,7.202,7.202,NA,24
"5/25/2022 8:59:30 AM",0,27.548,1.566,3.17,3002.1,997.537,0,2.153,2.153,15.015,7.577,93.129,7.172,413.586,0,7.192,7.192,NA,24
"5/25/2022 8:59:31 AM",0,27.573,1.406,2.864,2710.2,997.41,0,2.137,2.137,12.88,7.608,92.957,7.172,421.403,0,7.192,7.192,NA,24
"5/25/2022 8:59:31 AM",0,27.581,1.346,2.748,2600.4,997.362,0,2.036,2.036,12.468,7.64,92.943,7.179,432.023,0,7.199,7.2,NA,24
"5/25/2022 8:59:31 AM",0,27.587,1.358,2.773,2623.5,997.37,0,2.262,2.262,12.218,7.671,92.747,7.168,431.428,0,7.188,7.188,NA,24
"5/25/2022 8:59:31 AM",0,27.59,1.337,2.732,2584.8,997.353,0,2.052,2.052,12.012,7.702,92.395,7.145,463.968,0,7.165,7.165,NA,24
"5/25/2022 8:59:31 AM",0,27.59,1.347,2.752,2603.7,997.361,0,1.888,1.888,12.851,7.717,92.199,7.131,453.008,0,7.151,7.151,NA,24
"5/25/2022 8:59:32 AM",0,27.589,1.352,2.761,2612.1,997.365,0,2.059,2.059,12.468,7.728,92.005,7.117,446.551,0,7.137,7.138,NA,24
"5/25/2022 8:59:32 AM",0,27.581,1.377,2.81,2658.6,997.386,0,2.247,2.247,11.748,7.738,91.994,7.117,458.615,0,7.137,7.137,NA,24
"5/25/2022 8:59:32 AM",0,27.594,1.272,2.607,2466.2,997.304,0,1.927,1.927,9.662,7.753,91.683,7.101,481.045,0,7.122,7.122,NA,24
"5/25/2022 8:59:32 AM",0,27.593,1.224,2.512,2376.2,997.268,0,1.779,1.779,8.679,7.767,91.581,7.096,477.731,0,7.117,7.117,NA,24
"5/25/2022 8:59:32 AM",0,27.592,1.23,2.524,2387.4,997.272,0,2.083,2.083,8.664,7.779,91.427,7.085,488.606,0,7.105,7.105,NA,24
"5/25/2022 8:59:33 AM",0,27.59,1.198,2.461,2328.6,997.249,0,2.083,2.083,8.518,7.785,91.341,7.08,530.577,0,7.1,7.101,NA,24
"5/25/2022 8:59:33 AM",0,27.593,1.217,2.498,2363.6,997.262,0,2.091,2.091,8.826,7.789,91.257,7.072,540.857,0,7.092,7.092,NA,24
"5/25/2022 8:59:33 AM",0,27.594,1.168,2.404,2274,997.226,0,2.278,2.278,8.489,7.795,91.165,7.066,530.322,0,7.086,7.087,NA,24
"5/25/2022 8:59:33 AM",0,27.593,1.147,2.362,2234.3,997.21,0,2.27,2.27,8.738,7.799,91.123,7.063,524.374,0,7.083,7.083,NA,24
"5/25/2022 8:59:33 AM",0,27.596,1.166,2.399,2269.2,997.223,0,2.161,2.161,8.503,7.801,91.068,7.057,516.048,0,7.078,7.078,NA,24
"5/25/2022 8:59:34 AM",0,27.6,1.149,2.367,2239.1,997.21,0,2.161,2.161,8.459,7.802,91.044,7.055,511.715,0,7.075,7.076,NA,24
"5/25/2022 8:59:34 AM",0,27.6,1.131,2.331,2205.2,997.196,0,2.122,2.122,8.621,7.804,90.839,7.039,526.328,0,7.059,7.059,NA,24
"5/25/2022 8:59:34 AM",0,27.6,1.139,2.347,2219.8,997.202,0,1.997,1.997,8.782,7.805,90.851,7.039,558.189,0,7.059,7.059,NA,24
"5/25/2022 8:59:34 AM",0,27.601,1.117,2.304,2179.5,997.185,0,1.958,1.958,8.972,7.807,90.92,7.045,546.719,0,7.065,7.065,NA,24
"5/25/2022 8:59:34 AM",0,27.608,1.124,2.317,2191.7,997.188,0,1.903,1.903,9.295,7.808,90.81,7.035,526.074,0,7.055,7.055,NA,24
"5/25/2022 8:59:35 AM",0,27.617,1.13,2.33,2203.4,997.191,0,1.981,1.981,8.679,7.81,90.868,7.039,517.917,0,7.059,7.059,NA,24
"5/25/2022 8:59:35 AM",0,27.617,1.11,2.292,2166.8,997.176,0,1.927,1.927,8.313,7.811,90.907,7.042,521.996,0,7.062,7.062,NA,24
"5/25/2022 8:59:35 AM",0,27.616,1.125,2.32,2194.1,997.187,0,1.935,1.935,8.87,7.811,90.9,7.04,523.78,0,7.06,7.06,NA,24
"5/25/2022 8:59:35 AM",0,27.61,1.113,2.297,2172,997.18,0,1.942,1.942,8.708,7.81,90.958,7.044,524.204,0,7.064,7.064,NA,24
"5/25/2022 8:59:35 AM",0,27.606,1.105,2.281,2157.7,997.175,0,1.974,1.974,8.752,7.811,90.807,7.033,523.27,0,7.053,7.053,NA,24
"5/25/2022 8:59:36 AM",0,27.605,1.117,2.303,2178.2,997.184,0,2.122,2.122,9.075,7.811,90.892,7.039,522.675,0,7.059,7.059,NA,24
"5/25/2022 8:59:36 AM",0,27.604,1.096,2.262,2139.6,997.168,0,2.2,2.2,8.84,7.813,90.928,7.042,523.44,0,7.062,7.062,NA,24
"5/25/2022 8:59:36 AM",0,27.606,1.105,2.28,2156.5,997.175,0,1.966,1.966,8.621,7.811,90.935,7.042,523.695,0,7.062,7.062,NA,24
"5/25/2022 8:59:36 AM",0,27.611,1.109,2.288,2164.1,997.177,0,1.958,1.958,8.928,7.81,90.95,7.043,523.27,0,7.063,7.063,NA,24
"5/25/2022 8:59:36 AM",0,27.616,1.102,2.275,2151.3,997.17,0,1.857,1.857,8.84,7.809,90.943,7.043,523.355,0,7.063,7.063,NA,24
"5/25/2022 8:59:37 AM",0,27.622,1.102,2.276,2151.5,997.168,0,2.028,2.028,8.518,7.808,90.979,7.045,525.394,0,7.065,7.065,NA,24
"5/25/2022 8:59:37 AM",0,27.622,1.104,2.28,2155.7,997.17,0,1.903,1.903,8.708,7.807,90.842,7.034,528.877,0,7.054,7.054,NA,24
"5/25/2022 8:59:37 AM",0,27.625,1.09,2.252,2129.5,997.159,0,2.028,2.028,8.899,7.807,90.739,7.027,534.909,0,7.047,7.047,NA,24
"5/25/2022 8:59:37 AM",0,27.626,1.098,2.267,2143.2,997.164,0,1.779,1.779,8.811,7.805,90.953,7.042,540.687,0,7.062,7.062,NA,24
"5/25/2022 8:59:37 AM",0,27.62,1.095,2.261,2137.8,997.163,0,1.942,1.942,9.104,7.798,90.98,7.045,547.654,0,7.065,7.065,NA,24
"5/25/2022 8:59:38 AM",0,27.621,1.085,2.242,2120.2,997.156,0,1.974,1.974,8.826,7.794,90.848,7.034,552.836,0,7.054,7.054,NA,24
"5/25/2022 8:59:38 AM",0,27.622,1.087,2.246,2123.3,997.157,0,1.989,1.989,8.371,7.796,90.849,7.033,554.875,0,7.053,7.053,NA,24
"5/25/2022 8:59:38 AM",0,27.631,1.079,2.231,2108.5,997.148,0,1.981,1.981,8.005,7.793,90.853,7.034,557.254,0,7.054,7.054,NA,24
"5/25/2022 8:59:38 AM",0,27.634,1.073,2.219,2097.5,997.143,0,2.231,2.231,8.547,7.792,90.924,7.039,558.698,0,7.059,7.059,NA,24
"5/25/2022 8:59:38 AM",0,27.64,1.078,2.229,2106.5,997.145,0,1.896,1.896,8.752,7.787,90.845,7.032,560.652,0,7.052,7.052,NA,24
"5/25/2022 8:59:39 AM",0,27.64,1.06,2.194,2073.9,997.132,0,1.693,1.693,8.547,7.785,90.888,7.036,563.116,0,7.056,7.056,NA,24
"5/25/2022 8:59:39 AM",0,27.64,1.062,2.197,2076.9,997.133,0,1.864,1.864,8.914,7.785,90.886,7.035,563.541,0,7.055,7.056,NA,24
"5/25/2022 8:59:39 AM",0,27.634,1.073,2.218,2096.4,997.143,0,1.927,1.927,8.591,7.783,90.887,7.035,563.031,0,7.055,7.055,NA,24
"5/25/2022 8:59:39 AM",0,27.633,1.043,2.16,2041.7,997.121,0,1.763,1.763,8.547,7.781,90.9,7.036,565.155,0,7.056,7.056,NA,24
"5/25/2022 8:59:39 AM",0,27.632,1.058,2.19,2069.7,997.132,0,2.145,2.145,8.357,7.78,90.919,7.037,566.77,0,7.057,7.057,NA,24
"5/25/2022 8:59:40 AM",0,27.626,1.048,2.169,2050.2,997.126,0,1.974,1.974,8.767,7.78,90.922,7.037,565.665,0,7.057,7.057,NA,24
"5/25/2022 8:59:40 AM",0,27.627,1.03,2.133,2016.8,997.113,0,2.028,2.028,7.741,7.78,90.969,7.041,564.561,0,7.061,7.061,NA,24
"5/25/2022 8:59:40 AM",0,27.627,1.035,2.144,2026.8,997.116,0,1.888,1.888,8.503,7.776,90.91,7.036,564.391,0,7.056,7.056,NA,24
"5/25/2022 8:59:40 AM",0,27.619,1.022,2.117,2001.7,997.109,0,1.942,1.942,8.811,7.777,90.98,7.042,565.07,0,7.062,7.062,NA,24
"5/25/2022 8:59:41 AM",0,27.622,1.009,2.092,1978.3,997.098,0,1.958,1.958,8.87,7.778,90.949,7.039,564.221,0,7.059,7.06,NA,24
"5/25/2022 8:59:41 AM",0,27.62,1.026,2.126,2010.3,997.112,0,1.974,1.974,8.958,7.776,90.888,7.034,563.371,0,7.054,7.054,NA,24
"5/25/2022 8:59:41 AM",0,27.615,1.005,2.085,1971.1,997.097,0,1.942,1.942,8.239,7.778,91.06,7.048,563.456,0,7.068,7.068,NA,24
"5/25/2022 8:59:41 AM",0,27.618,0.998,2.07,1957.1,997.091,0,2.067,2.067,8.621,7.777,91.034,7.047,563.966,0,7.067,7.067,NA,24
"5/25/2022 8:59:41 AM",0,27.614,1.009,2.091,1977.7,997.101,0,2.161,2.161,8.43,7.778,90.857,7.032,564.136,0,7.052,7.052,NA,24
"5/25/2022 8:59:42 AM",0,27.613,0.988,2.051,1939.1,997.085,0,1.997,1.997,8.503,7.778,90.881,7.035,565.155,0,7.055,7.055,NA,24
"5/25/2022 8:59:42 AM",0,27.615,0.994,2.063,1950.9,997.089,0,2.106,2.106,8.518,7.772,90.953,7.04,567.024,0,7.06,7.06,NA,24
"5/25/2022 8:59:42 AM",0,27.61,0.994,2.063,1950.6,997.091,0,2.122,2.122,8.577,7.77,90.965,7.041,568.809,0,7.061,7.061,NA,24
"5/25/2022 8:59:42 AM",0,27.61,0.976,2.026,1915.6,997.077,0,2.044,2.044,9.002,7.77,90.833,7.031,569.828,0,7.051,7.051,NA,24
"5/25/2022 8:59:42 AM",0,27.612,0.983,2.04,1928.8,997.081,0,2.169,2.169,8.151,7.767,90.875,7.034,570.933,0,7.054,7.054,NA,24
"5/25/2022 8:59:43 AM",0,27.611,0.97,2.014,1904.8,997.072,0,1.872,1.872,8.84,7.768,90.894,7.035,571.782,0,7.055,7.056,NA,24
"5/25/2022 8:59:43 AM",0,27.613,0.952,1.978,1870.6,997.058,0,1.872,1.872,8.195,7.768,90.851,7.032,571.697,0,7.052,7.053,NA,24
"5/25/2022 8:59:43 AM",0,27.616,0.961,1.996,1887.4,997.064,0,1.849,1.849,8.474,7.769,90.794,7.028,570.848,0,7.048,7.048,NA,24
"5/25/2022 8:59:43 AM",0,27.617,0.942,1.959,1852.7,997.05,0,2.028,2.028,7.99,7.769,90.803,7.03,570.168,0,7.05,7.05,NA,24
"5/25/2022 9:03:25 AM",0,29.516,49.647,78.622,71516.3,1032.928,32.93,132.496,132.496,212.975,7.395,97.679,5.684,365.329,0,5.698,5.701,NA,24
"5/25/2022 9:03:26 AM",0,29.494,49.581,78.5,71437.1,1032.886,32.888,164.533,164.533,383.197,7.403,97.215,5.657,362.355,0,5.67,5.673,NA,24
"5/25/2022 9:03:26 AM",0,29.574,49.023,77.846,70728.4,1032.435,32.437,188.825,188.825,271.598,7.416,97.374,5.681,342.475,0,5.694,5.698,NA,24
"5/25/2022 9:03:26 AM",0,29.682,49.399,78.518,71186.4,1032.682,32.683,170.197,170.197,204.098,7.421,97.681,5.685,314.947,0,5.698,5.701,NA,24
"5/25/2022 9:03:26 AM",0,29.504,49.612,78.558,71475.4,1032.907,32.908,66.525,66.525,66.905,7.428,96.964,5.637,273.232,0,5.65,5.654,NA,24
"5/25/2022 9:03:26 AM",0,29.423,49.698,78.558,71591.8,1033.001,33.002,26.757,26.757,19.578,7.434,96.651,5.619,247.489,0,5.632,5.635,NA,24
"5/25/2022 9:03:27 AM",0,29.372,49.749,78.555,71662.3,1033.057,33.059,9.759,9.759,4.493,7.44,96.62,5.619,233.641,0,5.632,5.635,NA,24
"5/25/2022 9:03:27 AM",0,29.351,49.768,78.551,71689,1033.079,33.081,2.691,2.691,1.18,7.447,96.621,5.62,262.952,0,5.633,5.636,NA,24
"5/25/2022 9:03:27 AM",0,29.357,49.757,78.544,71674.2,1033.069,33.07,0.725,0.725,0.044,7.448,96.762,5.629,322.084,0,5.643,5.646,NA,24
"5/25/2022 9:03:27 AM",0,29.357,49.758,78.546,71675,1033.069,33.07,0.25,0.25,0,7.448,96.77,5.631,321.404,0,5.644,5.648,NA,24
"5/25/2022 9:03:27 AM",0,29.35,49.771,78.554,71692.1,1033.081,33.083,0.265,0.265,0.437,7.451,96.722,5.629,288.95,0,5.642,5.645,NA,24
"5/25/2022 9:03:28 AM",0,29.343,49.777,78.552,71701,1033.089,33.09,0.211,0.211,0.277,7.456,96.753,5.631,285.636,0,5.644,5.648,NA,24
"5/25/2022 9:03:28 AM",0,29.343,49.781,78.557,71705.2,1033.091,33.093,0.117,0.117,0.146,7.458,96.801,5.634,283.087,0,5.648,5.651,NA,24
"5/25/2022 9:03:28 AM",0,29.346,49.779,78.559,71703.4,1033.089,33.091,0.148,0.148,0.16,7.46,96.801,5.635,320.725,0,5.648,5.652,NA,24
"5/25/2022 9:03:28 AM",0,29.349,49.76,78.537,71679.5,1033.074,33.076,0.101,0.101,0.116,7.465,96.584,5.622,334.403,0,5.636,5.639,NA,24
"5/25/2022 9:03:28 AM",0,29.348,49.774,78.555,71696.8,1033.084,33.086,0,0,0,7.47,96.734,5.631,329.985,0,5.644,5.648,NA,24
"5/25/2022 9:03:29 AM",0,29.348,49.776,78.557,71698.7,1033.085,33.087,0,0,0,7.473,96.685,5.628,316.732,0,5.641,5.644,NA,24
"5/25/2022 9:03:29 AM",0,29.347,49.78,78.561,71703.5,1033.089,33.091,0.016,0.016,0.189,7.476,96.71,5.629,290.479,0,5.642,5.646,NA,24
"5/25/2022 9:03:29 AM",0,29.343,49.782,78.56,71707.6,1033.092,33.094,0.218,0.218,0.495,7.475,96.721,5.629,289.799,0,5.642,5.646,NA,24
"5/25/2022 9:03:29 AM",0,29.342,49.781,78.556,71706,1033.091,33.093,0.148,0.148,0.32,7.474,96.669,5.626,329.136,0,5.639,5.642,NA,24
"5/25/2022 9:03:30 AM",0,29.342,49.847,78.645,71788,1033.141,33.143,0,0,0,7.475,96.643,5.623,334.064,0,5.636,5.639,NA,24
"5/25/2022 9:03:30 AM",0,29.365,49.765,78.567,71682.9,1033.071,33.073,0,0,0,7.477,96.745,5.631,293.028,0,5.644,5.648,NA,24
"5/25/2022 9:03:30 AM",0,29.39,49.737,78.563,71644.5,1033.041,33.043,0.211,0.211,0.408,7.48,96.807,5.634,208.747,0,5.648,5.651,NA,24
"5/25/2022 9:03:30 AM",0,29.369,49.761,78.566,71677.4,1033.067,33.069,0.335,0.335,0.655,7.481,96.708,5.627,165.672,0,5.641,5.644,NA,24
"5/25/2022 9:03:30 AM",0,29.352,49.774,78.561,71696.5,1033.084,33.085,0.273,0.273,0.51,7.485,96.759,5.63,167.542,0,5.643,5.647,NA,24
"5/25/2022 9:03:31 AM",0,29.35,49.773,78.556,71695.6,1033.085,33.085,0.156,0.156,0.175,7.486,96.775,5.632,151.144,0,5.645,5.649,NA,24
"5/25/2022 9:03:31 AM",0.045,29.347,49.771,78.549,71693,1033.084,33.084,0.062,0.062,0,7.488,96.69,5.627,133.982,0,5.641,5.644,NA,24
"5/25/2022 9:03:31 AM",0.182,29.345,49.771,78.548,71693.8,1033.086,33.085,0.039,0.039,0,7.49,96.783,5.632,131.688,0,5.646,5.649,NA,24
"5/25/2022 9:03:31 AM",0.316,29.347,49.776,78.556,71699.4,1033.089,33.088,0.226,0.226,0.379,7.492,96.718,5.628,126.676,0,5.642,5.645,NA,24
"5/25/2022 9:03:31 AM",0.533,29.348,49.784,78.568,71709.2,1033.096,33.093,0.133,0.133,0.189,7.492,96.598,5.62,116.226,0,5.634,5.637,NA,24
"5/25/2022 9:03:32 AM",0.662,29.348,49.787,78.573,71713.3,1033.099,33.096,0.14,0.14,0.218,7.493,96.606,5.621,116.65,0,5.634,5.637,NA,24
"5/25/2022 9:03:32 AM",0.721,29.348,49.796,78.585,71724.7,1033.106,33.103,0.179,0.179,0.32,7.494,96.752,5.628,133.642,0,5.642,5.645,NA,24
"5/25/2022 9:03:32 AM",0.719,29.346,49.799,78.587,71728.4,1033.109,33.105,0.101,0.101,0.131,7.492,96.643,5.622,144.262,0,5.635,5.638,NA,24
"5/25/2022 9:03:32 AM",0.677,29.346,49.798,78.585,71727.8,1033.108,33.105,0.086,0.086,0.087,7.495,96.727,5.627,145.622,0,5.64,5.644,NA,24
"5/25/2022 9:03:32 AM",0.596,29.345,49.798,78.585,71727.6,1033.108,33.105,0.078,0.078,0.073,7.5,96.762,5.63,144.687,0,5.643,5.646,NA,24
"5/25/2022 9:03:33 AM",0.552,29.346,49.797,78.584,71726,1033.106,33.104,0.07,0.07,0.044,7.498,96.66,5.624,142.903,0,5.637,5.64,NA,24
"5/25/2022 9:03:33 AM",0.511,29.346,49.793,78.579,71721.5,1033.104,33.101,0.062,0.062,0.029,7.498,96.792,5.632,140.014,0,5.646,5.649,NA,24
"5/25/2022 9:03:33 AM",0.484,29.347,49.785,78.569,71711.2,1033.097,33.095,0.062,0.062,0.073,7.496,96.732,5.629,137.636,0,5.642,5.646,NA,24
"5/25/2022 9:03:33 AM",0.455,29.347,49.782,78.565,71707,1033.094,33.092,0.055,0.055,0.029,7.496,96.767,5.631,136.871,0,5.644,5.647,NA,24
"5/25/2022 9:03:33 AM",0.441,29.345,49.782,78.562,71707.4,1033.095,33.093,0.047,0.047,0,7.494,96.667,5.625,134.322,0,5.638,5.641,NA,24
"5/25/2022 9:03:34 AM",0.415,29.344,49.784,78.564,71710.3,1033.097,33.095,0.039,0.039,0,7.494,96.693,5.626,130.584,0,5.639,5.643,NA,24
"5/25/2022 9:03:34 AM",0.375,29.344,49.783,78.561,71708.1,1033.096,33.094,0.07,0.07,0.058,7.495,96.78,5.631,122.937,0,5.644,5.648,NA,24
"5/25/2022 9:03:34 AM",0.345,29.344,49.784,78.563,71709.7,1033.096,33.095,0.094,0.094,0.087,7.498,96.69,5.626,120.304,0,5.639,5.642,NA,24
"5/25/2022 9:03:34 AM",0.3,29.346,49.778,78.557,71702,1033.091,33.09,0.055,0.055,0.015,7.503,96.598,5.621,116.056,0,5.634,5.637,NA,24
"5/25/2022 9:03:34 AM",0.271,29.344,49.773,78.548,71695.9,1033.088,33.087,0.07,0.07,0.073,7.504,96.607,5.621,116.82,0,5.635,5.638,NA,24
"5/25/2022 9:03:35 AM",0.246,29.343,49.769,78.541,71690.6,1033.085,33.084,0.304,0.304,0.422,7.504,96.69,5.626,114.017,0,5.64,5.643,NA,24
"5/25/2022 9:03:35 AM",0.203,29.341,49.768,78.537,71689.9,1033.085,33.084,0.179,0.179,0.204,7.505,96.713,5.627,94.051,0,5.641,5.644,NA,24
"5/25/2022 9:03:35 AM",0.142,29.341,49.769,78.538,71692,1033.086,33.085,0.109,0.109,0.116,7.506,96.62,5.622,20.985,0,5.635,5.638,NA,24
"5/25/2022 9:03:35 AM",0.121,29.343,49.773,78.546,71695.9,1033.088,33.087,0.101,0.101,0.131,7.509,96.624,5.622,6.117,0,5.635,5.639,NA,24
"5/25/2022 9:03:35 AM",0.064,29.343,49.766,78.536,71687,1033.082,33.082,0.094,0.094,0.146,7.512,96.701,5.627,3.993,0,5.64,5.643,NA,24
"5/25/2022 9:03:36 AM",0.074,29.343,49.765,78.536,71685.9,1033.081,33.081,0.156,0.156,0.131,7.514,96.766,5.631,3.738,0,5.644,5.647,NA,24
"5/25/2022 9:03:36 AM",0.05,29.344,49.762,78.532,71682.4,1033.079,33.079,0.117,0.117,0.146,7.513,96.819,5.633,3.993,0,5.646,5.65,NA,24
"5/25/2022 9:03:36 AM",0.06,29.345,49.759,78.529,71678.2,1033.076,33.076,0.047,0.047,0,7.514,96.753,5.629,5.692,0,5.642,5.645,NA,24
"5/25/2022 9:03:36 AM",0.072,29.344,49.759,78.529,71678.3,1033.076,33.076,0.039,0.039,0,7.515,96.678,5.625,21.75,0,5.638,5.641,NA,24
"5/25/2022 9:03:36 AM",0.116,29.344,49.756,78.525,71675.1,1033.075,33.074,0.062,0.062,0.015,7.516,96.784,5.631,81.987,0,5.644,5.648,NA,24
"5/25/2022 9:03:37 AM",0.145,29.345,49.753,78.522,71670.6,1033.072,33.071,0.094,0.094,0.087,7.517,96.767,5.63,101.527,0,5.643,5.647,NA,24
"5/25/2022 9:03:37 AM",0.211,29.344,49.751,78.516,71668,1033.071,33.07,0.023,0.023,0,7.515,96.704,5.626,114.696,0,5.639,5.643,NA,24
"5/25/2022 9:03:37 AM",0.231,29.341,49.752,78.516,71670.4,1033.073,33.072,0.047,0.047,0.029,7.516,96.708,5.626,123.192,0,5.64,5.643,NA,24
"5/25/2022 9:03:37 AM",0.205,29.342,49.75,78.513,71667.2,1033.071,33.07,0.062,0.062,0.029,7.518,96.646,5.623,120.474,0,5.636,5.639,NA,24
"5/25/2022 9:03:37 AM",0.182,29.342,49.748,78.511,71664.5,1033.069,33.068,0.086,0.086,0.073,7.52,96.604,5.62,121.663,0,5.634,5.637,NA,24
"5/25/2022 9:03:38 AM",0.154,29.343,49.743,78.506,71659.1,1033.065,33.065,0.086,0.086,0.073,7.52,96.594,5.62,130.754,0,5.633,5.637,NA,24
"5/25/2022 9:03:38 AM",0.105,29.344,49.743,78.506,71658.4,1033.064,33.064,0.055,0.055,0,7.52,96.634,5.621,140.439,0,5.635,5.638,NA,24
"5/25/2022 9:03:38 AM",0.092,29.344,49.74,78.503,71654.4,1033.062,33.061,0.047,0.047,0,7.521,96.689,5.625,139.335,0,5.638,5.642,NA,24
"5/25/2022 9:03:38 AM",0.055,29.344,49.741,78.504,71656,1033.063,33.062,0.07,0.07,0.058,7.521,96.7,5.626,142.648,0,5.639,5.642,NA,24
"5/25/2022 9:03:38 AM",0.027,29.344,49.742,78.507,71657.6,1033.063,33.063,0.055,0.055,0.073,7.522,96.678,5.624,136.956,0,5.638,5.641,NA,24
"5/25/2022 9:03:39 AM",0,29.345,49.737,78.499,71650.3,1033.059,33.059,0.062,0.062,0.029,7.521,96.684,5.625,128.12,0,5.638,5.641,NA,24
"5/25/2022 9:03:39 AM",0,29.345,49.738,78.501,71651.9,1033.06,33.06,0.047,0.047,0.218,7.522,96.776,5.63,135.766,0,5.643,5.646,NA,24
"5/25/2022 9:03:39 AM",0,29.345,49.74,78.503,71654.4,1033.061,33.061,0.047,0.047,0.087,7.524,96.75,5.628,136.361,0,5.641,5.645,NA,24
"5/25/2022 9:03:39 AM",0,29.345,49.733,78.495,71646.2,1033.056,33.056,0.078,0.078,0.131,7.521,96.697,5.625,132.198,0,5.638,5.642,NA,24
"5/25/2022 9:03:39 AM",0,29.344,49.734,78.495,71647.5,1033.057,33.057,0.094,0.094,0.102,7.519,96.681,5.624,144.262,0,5.637,5.64,NA,24
"5/25/2022 9:03:40 AM",0,29.345,49.734,78.495,71646.9,1033.057,33.057,0.062,0.062,0.044,7.521,96.675,5.624,149.955,0,5.637,5.64,NA,24
"5/25/2022 9:03:40 AM",0.024,29.345,49.732,78.494,71644.5,1033.055,33.055,0.086,0.086,0.073,7.523,96.773,5.629,148.171,0,5.643,5.646,NA,24
"5/25/2022 9:03:40 AM",0.02,29.347,49.731,78.494,71642.8,1033.054,33.054,0.07,0.07,0.058,7.521,96.733,5.627,152.249,0,5.64,5.643,NA,24
"5/25/2022 9:03:40 AM",0.05,29.346,49.73,78.492,71642,1033.054,33.053,0.039,0.039,0.029,7.524,96.682,5.624,146.811,0,5.637,5.641,NA,24
"5/25/2022 9:03:41 AM",0.036,29.346,49.729,78.491,71640.9,1033.053,33.053,0.039,0.039,0,7.525,96.735,5.627,139.165,0,5.64,5.644,NA,24
"5/25/2022 9:03:41 AM",0.043,29.347,49.729,78.491,71640.1,1033.052,33.052,0.07,0.07,0.073,7.526,96.697,5.625,146.556,0,5.638,5.641,NA,24
"5/25/2022 9:03:41 AM",0.072,29.347,49.727,78.49,71638.3,1033.051,33.051,0.039,0.039,0,7.527,96.799,5.63,153.098,0,5.644,5.647,NA,24
"5/25/2022 9:03:41 AM",0.105,29.348,49.725,78.487,71635,1033.049,33.049,0.055,0.055,0.015,7.524,96.644,5.622,138.825,0,5.635,5.638,NA,24
"5/25/2022 9:03:41 AM",0.182,29.347,49.727,78.489,71638.5,1033.052,33.051,0.039,0.039,0,7.525,96.631,5.621,123.022,0,5.634,5.637,NA,24
"5/25/2022 9:03:42 AM",0.326,29.346,49.724,78.485,71635.1,1033.05,33.049,0.101,0.101,0.015,7.528,96.703,5.625,114.441,0,5.638,5.642,NA,24
"5/25/2022 9:03:42 AM",0.439,29.346,49.724,78.484,71634.3,1033.05,33.049,0.07,0.07,0.015,7.528,96.645,5.622,103.142,0,5.635,5.638,NA,24
"5/25/2022 9:03:42 AM",0.582,29.348,49.72,78.482,71629.6,1033.048,33.045,0.008,0.008,0,7.528,96.702,5.625,92.522,0,5.638,5.642,NA,24
"5/25/2022 9:03:42 AM",0.714,29.349,49.722,78.486,71632.5,1033.05,33.047,0,0,0,7.529,96.766,5.628,83.006,0,5.642,5.645,NA,24
"5/25/2022 9:03:42 AM",0.848,29.349,49.728,78.493,71639.4,1033.054,33.051,0.117,0.117,0.189,7.529,96.601,5.618,82.157,0,5.632,5.635,NA,24
"5/25/2022 9:03:43 AM",1.03,29.348,49.735,78.502,71648.1,1033.061,33.056,0.094,0.094,0.087,7.531,96.66,5.621,88.359,0,5.634,5.638,NA,24
"5/25/2022 9:03:43 AM",1.156,29.348,49.736,78.503,71649.2,1033.062,33.057,0.047,0.047,0.015,7.531,96.652,5.62,82.666,0,5.634,5.637,NA,24
"5/25/2022 9:03:43 AM",1.244,29.348,49.741,78.511,71656,1033.066,33.061,0.156,0.156,0.233,7.532,96.686,5.622,80.967,0,5.635,5.639,NA,24
"5/25/2022 9:03:43 AM",1.283,29.347,49.747,78.517,71663.2,1033.071,33.066,0.125,0.125,0.16,7.53,96.703,5.622,84.45,0,5.636,5.639,NA,24
"5/25/2022 9:03:43 AM",1.3,29.347,49.747,78.518,71664,1033.072,33.066,0.07,0.07,0.073,7.53,96.636,5.619,74.51,0,5.632,5.635,NA,24
"5/25/2022 9:03:44 AM",1.286,29.347,49.749,78.52,71666.4,1033.073,33.068,0.07,0.07,0.073,7.531,96.594,5.616,69.158,0,5.63,5.633,NA,24
"5/25/2022 9:03:44 AM",1.256,29.348,49.747,78.519,71663.7,1033.071,33.066,0.062,0.062,0.015,7.533,96.709,5.623,66.694,0,5.637,5.64,NA,24
"5/25/2022 9:03:44 AM",1.21,29.348,49.745,78.516,71660.4,1033.069,33.064,0.086,0.086,0.058,7.531,96.625,5.618,66.609,0,5.631,5.635,NA,24
"5/25/2022 9:03:44 AM",1.168,29.349,49.746,78.519,71662.3,1033.07,33.065,0.086,0.086,0.087,7.531,96.683,5.622,65.334,0,5.635,5.638,NA,24
"5/25/2022 9:03:44 AM",1.119,29.348,49.745,78.516,71661,1033.069,33.064,0.055,0.055,0.044,7.532,96.696,5.622,62.361,0,5.636,5.639,NA,24
"5/25/2022 9:03:45 AM",1.102,29.348,49.744,78.514,71659.3,1033.068,33.063,0.055,0.055,0.044,7.532,96.711,5.623,61.596,0,5.636,5.64,NA,24
"5/25/2022 9:03:45 AM",1.088,29.348,49.742,78.512,71656.9,1033.066,33.061,0.078,0.078,0.044,7.532,96.665,5.62,63.295,0,5.634,5.637,NA,24
"5/25/2022 9:03:45 AM",1.07,29.348,49.741,78.511,71656,1033.066,33.061,0.094,0.094,0.131,7.534,96.658,5.62,67.628,0,5.633,5.637,NA,24
"5/25/2022 9:03:45 AM",1.055,29.348,49.738,78.507,71652.3,1033.063,33.059,0.055,0.055,0.073,7.536,96.741,5.625,71.961,0,5.638,5.642,NA,24
"5/25/2022 9:03:45 AM",1.048,29.348,49.736,78.504,71649.9,1033.062,33.057,0.039,0.039,0.044,7.536,96.655,5.62,73.151,0,5.634,5.637,NA,24
"5/25/2022 9:03:46 AM",1.051,29.349,49.736,78.505,71649.7,1033.061,33.057,0.047,0.047,0.029,7.536,96.582,5.616,72.386,0,5.63,5.633,NA,24
"5/25/2022 9:03:46 AM",1.062,29.348,49.735,78.502,71648.2,1033.061,33.056,0.07,0.07,0.073,7.537,96.639,5.62,71.536,0,5.633,5.637,NA,24
"5/25/2022 9:03:46 AM",1.081,29.348,49.731,78.497,71643.6,1033.058,33.054,0.07,0.07,0.058,7.538,96.743,5.626,71.027,0,5.639,5.643,NA,24
"5/25/2022 9:03:46 AM",1.112,29.349,49.73,78.496,71642.2,1033.057,33.052,0.086,0.086,0.116,7.535,96.706,5.623,72.811,0,5.637,5.64,NA,24
"5/25/2022 9:03:46 AM",1.133,29.348,49.731,78.497,71643.2,1033.058,33.053,0.086,0.086,0.146,7.535,96.77,5.627,74.935,0,5.641,5.644,NA,24
"5/25/2022 9:03:47 AM",1.138,29.349,49.729,78.495,71640.6,1033.056,33.051,0.094,0.094,0.146,7.536,96.807,5.63,76.379,0,5.643,5.646,NA,24
"5/25/2022 9:03:47 AM",1.143,29.348,49.73,78.496,71642,1033.057,33.052,0.094,0.094,0.116,7.537,96.841,5.631,74.68,0,5.645,5.648,NA,24
"5/25/2022 9:03:47 AM",1.147,29.348,49.728,78.493,71639.5,1033.056,33.051,0.07,0.07,0.058,7.538,96.787,5.628,71.791,0,5.642,5.645,NA,24
"5/25/2022 9:03:47 AM",1.142,29.349,49.726,78.492,71637.3,1033.054,33.049,0.078,0.078,0.058,7.538,96.685,5.623,70.092,0,5.636,5.639,NA,24
"5/25/2022 9:03:47 AM",1.149,29.349,49.726,78.491,71636.7,1033.054,33.049,0.07,0.07,0.058,7.538,96.736,5.625,68.648,0,5.639,5.642,NA,24
"5/25/2022 9:03:48 AM",1.145,29.349,49.726,78.491,71636.7,1033.054,33.049,0.07,0.07,0.044,7.539,96.705,5.623,67.968,0,5.637,5.64,NA,24
"5/25/2022 9:03:48 AM",1.147,29.348,49.725,78.488,71635.5,1033.053,33.048,0.055,0.055,0.015,7.54,96.679,5.622,67.373,0,5.635,5.639,NA,24
"5/25/2022 9:03:48 AM",1.133,29.349,49.722,78.486,71632.6,1033.052,33.047,0.055,0.055,0.058,7.538,96.694,5.622,63.89,0,5.636,5.639,NA,24
"5/25/2022 9:03:48 AM",1.105,29.349,49.722,78.485,71632.3,1033.051,33.047,0.055,0.055,0.058,7.535,96.663,5.621,60.832,0,5.634,5.637,NA,24
"5/25/2022 9:03:48 AM",1.086,29.348,49.721,78.484,71631.4,1033.051,33.046,0.062,0.062,0.044,7.533,96.709,5.624,57.518,0,5.637,5.64,NA,24
"5/25/2022 9:03:49 AM",1.057,29.348,49.722,78.484,71631.6,1033.051,33.046,0.062,0.062,0.029,7.535,96.614,5.618,54.12,0,5.631,5.635,NA,24
"5/25/2022 9:03:49 AM",1.032,29.349,49.721,78.485,71631.1,1033.05,33.046,0.047,0.047,0.058,7.538,96.674,5.621,49.192,0,5.634,5.638,NA,24
"5/25/2022 9:03:49 AM",1.023,29.349,49.72,78.483,71629.9,1033.049,33.045,0.047,0.047,0.073,7.539,96.715,5.623,47.833,0,5.637,5.64,NA,24
"5/25/2022 9:03:49 AM",1.01,29.349,49.72,78.482,71629.3,1033.049,33.045,0.055,0.055,0.044,7.541,96.641,5.619,47.068,0,5.632,5.635,NA,24
"5/25/2022 9:03:49 AM",0.999,29.348,49.72,78.482,71629.4,1033.049,33.045,0.07,0.07,0.058,7.54,96.669,5.62,47.493,0,5.634,5.637,NA,24
"5/25/2022 9:03:50 AM",0.996,29.349,49.717,78.478,71625.5,1033.047,33.042,0.078,0.078,0.073,7.542,96.695,5.622,48.512,0,5.635,5.639,NA,24
"5/25/2022 9:03:50 AM",0.99,29.349,49.715,78.477,71623.6,1033.045,33.041,0.07,0.07,0.044,7.542,96.663,5.62,50.381,0,5.633,5.637,NA,24
"5/25/2022 9:03:50 AM",0.992,29.349,49.714,78.474,71621.6,1033.044,33.04,0.062,0.062,0.073,7.543,96.62,5.617,52.166,0,5.631,5.634,NA,24
"5/25/2022 9:03:50 AM",0.992,29.349,49.713,78.473,71620.4,1033.044,33.039,0.062,0.062,0.102,7.547,96.684,5.621,55.989,0,5.634,5.638,NA,24
"5/25/2022 9:03:51 AM",0.996,29.349,49.713,78.472,71620.5,1033.044,33.039,0.055,0.055,0.058,7.549,96.629,5.618,61.171,0,5.631,5.635,NA,24
"5/25/2022 9:03:51 AM",1.01,29.348,49.712,78.472,71620.1,1033.043,33.039,0.055,0.055,0.015,7.545,96.652,5.619,65.419,0,5.632,5.636,NA,24
"5/25/2022 9:03:51 AM",1.015,29.349,49.711,78.47,71618,1033.042,33.038,0.055,0.055,0,7.547,96.611,5.617,66.949,0,5.63,5.634,NA,24
"5/25/2022 9:03:51 AM",1.029,29.35,49.709,78.469,71616.3,1033.041,33.037,0.055,0.055,0.044,7.547,96.597,5.616,68.053,0,5.629,5.633,NA,24
"5/25/2022 9:03:51 AM",1.039,29.349,49.707,78.466,71613.7,1033.04,33.035,0.055,0.055,0.058,7.55,96.628,5.618,70.007,0,5.631,5.634,NA,24
"5/25/2022 9:03:52 AM",1.06,29.348,49.707,78.464,71613,1033.039,33.035,0.062,0.062,0.015,7.553,96.491,5.61,73.151,0,5.623,5.626,NA,24
"5/25/2022 9:03:52 AM",1.088,29.348,49.707,78.463,71613.1,1033.04,33.035,0.062,0.062,0,7.551,96.7,5.622,72.896,0,5.635,5.638,NA,24
"5/25/2022 9:03:52 AM",1.1,29.348,49.704,78.459,71609.9,1033.038,33.033,0.047,0.047,0.044,7.548,96.615,5.617,73.576,0,5.63,5.633,NA,24
"5/25/2022 9:03:52 AM",1.117,29.346,49.707,78.461,71613.2,1033.04,33.036,0.047,0.047,0.044,7.545,96.688,5.621,75.615,0,5.634,5.638,NA,24
"5/25/2022 9:03:52 AM",1.135,29.346,49.704,78.456,71609.9,1033.039,33.034,0.047,0.047,0.073,7.545,96.738,5.624,78.163,0,5.637,5.641,NA,24
"5/25/2022 9:03:53 AM",1.163,29.348,49.702,78.457,71607.6,1033.037,33.032,0.047,0.047,0.058,7.549,96.768,5.626,77.399,0,5.639,5.643,NA,24
"5/25/2022 9:03:53 AM",1.183,29.347,49.703,78.456,71608.6,1033.038,33.033,0.047,0.047,0.058,7.551,96.75,5.625,74.085,0,5.638,5.641,NA,24
"5/25/2022 9:03:53 AM",1.201,29.347,49.703,78.457,71609.1,1033.038,33.033,0.062,0.062,0.044,7.55,96.751,5.624,74.255,0,5.638,5.641,NA,24
"5/25/2022 9:03:53 AM",1.215,29.348,49.703,78.458,71607.9,1033.037,33.032,0.117,0.117,0.102,7.548,96.589,5.615,77.484,0,5.628,5.632,NA,24
"5/25/2022 9:03:53 AM",1.234,29.349,49.703,78.459,71607.9,1033.037,33.032,0.101,0.101,0.277,7.55,96.649,5.619,79.523,0,5.632,5.635,NA,24
"5/25/2022 9:03:54 AM",1.248,29.35,49.701,78.458,71605.9,1033.035,33.03,0.062,0.062,0.102,7.547,96.689,5.621,77.399,0,5.634,5.637,NA,24
"5/25/2022 9:03:54 AM",1.244,29.35,49.701,78.458,71605.6,1033.035,33.03,0.055,0.055,0.044,7.547,96.765,5.625,71.876,0,5.638,5.642,NA,24
"5/25/2022 9:03:54 AM",1.239,29.349,49.702,78.457,71606.8,1033.036,33.031,0.062,0.062,0.029,7.549,96.612,5.616,64.91,0,5.629,5.632,NA,24
"5/25/2022 9:03:54 AM",1.232,29.347,49.702,78.456,71607.1,1033.037,33.032,0.055,0.055,0.044,7.547,96.636,5.618,59.217,0,5.631,5.634,NA,24
"5/25/2022 9:03:54 AM",1.21,29.348,49.7,78.454,71604.7,1033.035,33.03,0.062,0.062,0.058,7.547,96.666,5.619,54.969,0,5.632,5.636,NA,24
"5/25/2022 9:03:55 AM",1.192,29.348,49.7,78.454,71604.6,1033.035,33.03,0.07,0.07,0.073,7.548,96.631,5.617,51.741,0,5.63,5.634,NA,24
"5/25/2022 9:03:55 AM",1.168,29.347,49.699,78.452,71603.7,1033.035,33.03,0.101,0.101,0.146,7.548,96.611,5.616,50.211,0,5.629,5.632,NA,24
"5/25/2022 9:03:55 AM",1.147,29.348,49.698,78.451,71601.9,1033.033,33.028,0.094,0.094,0.116,7.549,96.694,5.62,51.061,0,5.634,5.637,NA,24
"5/25/2022 9:03:55 AM",1.102,29.35,49.695,78.451,71598.6,1033.03,33.026,0.062,0.062,0.102,7.548,96.629,5.616,51.571,0,5.63,5.633,NA,24
"5/25/2022 9:03:55 AM",1.077,29.35,49.695,78.449,71597.8,1033.03,33.025,0.07,0.07,0.073,7.546,96.536,5.611,52.505,0,5.624,5.628,NA,24
"5/25/2022 9:03:56 AM",1.041,29.351,49.693,78.449,71595.5,1033.028,33.024,0.055,0.055,0.029,7.549,96.566,5.613,52.251,0,5.626,5.629,NA,24
"5/25/2022 9:03:56 AM",1.01,29.351,49.694,78.45,71596.2,1033.028,33.024,0.07,0.07,0.029,7.551,96.713,5.621,51.656,0,5.635,5.638,NA,24
"5/25/2022 9:03:56 AM",0.961,29.352,49.694,78.45,71596.2,1033.028,33.024,0.078,0.078,0.073,7.549,96.648,5.618,51.826,0,5.631,5.634,NA,24
"5/25/2022 9:03:56 AM",0.898,29.352,49.692,78.449,71594.2,1033.026,33.023,0.047,0.047,0.029,7.551,96.625,5.616,50.466,0,5.629,5.633,NA,24
"5/25/2022 9:03:56 AM",0.857,29.353,49.693,78.451,71595.1,1033.027,33.023,0.055,0.055,0.058,7.553,96.708,5.621,48.427,0,5.634,5.637,NA,24
"5/25/2022 9:03:57 AM",0.811,29.353,49.691,78.449,71593,1033.025,33.022,0.07,0.07,0.073,7.552,96.594,5.614,49.617,0,5.627,5.631,NA,24
"5/25/2022 9:03:57 AM",0.78,29.353,49.692,78.45,71593.4,1033.025,33.022,0.062,0.062,0.058,7.552,96.616,5.615,53.44,0,5.628,5.632,NA,24
"5/25/2022 9:03:57 AM",0.754,29.354,49.689,78.446,71589.4,1033.022,33.019,0.047,0.047,0.029,7.553,96.645,5.617,59.897,0,5.63,5.633,NA,24
"5/25/2022 9:03:57 AM",0.726,29.353,49.688,78.444,71588.4,1033.022,33.019,0.055,0.055,0.015,7.552,96.587,5.613,62.871,0,5.627,5.63,NA,24
"5/25/2022 9:03:57 AM",0.709,29.353,49.687,78.444,71587.9,1033.022,33.018,0.055,0.055,0.044,7.554,96.639,5.616,63.295,0,5.63,5.633,NA,24
"5/25/2022 9:03:58 AM",0.681,29.353,49.685,78.441,71585.2,1033.02,33.017,0.062,0.062,0.015,7.554,96.593,5.614,60.832,0,5.627,5.63,NA,24
"5/25/2022 9:03:58 AM",0.648,29.354,49.685,78.442,71585.1,1033.019,33.017,0.078,0.078,0.058,7.554,96.664,5.618,61.001,0,5.631,5.634,NA,24
"5/25/2022 9:03:58 AM",0.596,29.354,49.684,78.441,71584.1,1033.019,33.016,0.078,0.078,0.058,7.554,96.668,5.618,68.563,0,5.631,5.635,NA,24
"5/25/2022 9:03:58 AM",0.537,29.355,49.682,78.438,71580.5,1033.016,33.014,0.055,0.055,0.058,7.554,96.561,5.612,60.662,0,5.625,5.628,NA,24
"5/25/2022 9:03:58 AM",0.49,29.354,49.681,78.435,71579.6,1033.016,33.013,0.07,0.07,0.073,7.556,96.634,5.616,48.767,0,5.629,5.632,NA,24
"5/25/2022 9:03:59 AM",0.443,29.353,49.679,78.431,71577.1,1033.014,33.012,0.078,0.078,0.102,7.556,96.712,5.62,49.022,0,5.633,5.637,NA,24
"5/25/2022 9:03:59 AM",0.404,29.351,49.676,78.424,71573.4,1033.012,33.011,0.047,0.047,0,7.556,96.71,5.62,60.747,0,5.634,5.637,NA,24
"5/25/2022 9:03:59 AM",0.359,29.35,49.676,78.424,71574.2,1033.013,33.011,0.07,0.07,0.029,7.554,96.687,5.619,59.217,0,5.632,5.635,NA,24
"5/25/2022 9:03:59 AM",0.342,29.351,49.672,78.419,71568.5,1033.009,33.008,0.07,0.07,0.044,7.555,96.693,5.619,58.708,0,5.632,5.636,NA,24
"5/25/2022 9:03:59 AM",0.297,29.35,49.661,78.403,71555.6,1033.001,33,0.078,0.078,0.058,7.556,96.536,5.61,50.806,0,5.624,5.627,NA,24
"5/25/2022 9:04:00 AM",0.283,29.349,49.653,78.391,71544.9,1032.995,32.994,0.055,0.055,0.029,7.558,96.649,5.617,46.473,0,5.631,5.634,NA,24
"5/25/2022 9:04:00 AM",0.229,29.349,49.651,78.387,71542.6,1032.993,32.992,0.062,0.062,0.073,7.555,96.657,5.618,37.807,0,5.631,5.634,NA,24
"5/25/2022 9:04:00 AM",0.185,29.349,49.652,78.388,71543.6,1032.994,32.993,0.055,0.055,0.058,7.551,96.69,5.619,31.52,0,5.633,5.636,NA,24
"5/25/2022 9:04:00 AM",0.142,29.35,49.647,78.384,71538,1032.99,32.989,0.062,0.062,0.044,7.551,96.615,5.615,22.09,0,5.629,5.632,NA,24
"5/25/2022 9:04:01 AM",0.109,29.35,49.646,78.382,71536.3,1032.989,32.988,0.078,0.078,0.087,7.553,96.646,5.617,12.829,0,5.63,5.634,NA,24
"5/25/2022 9:04:01 AM",0.116,29.348,49.64,78.372,71529.4,1032.985,32.985,0.055,0.055,0.029,7.552,96.672,5.619,4.673,0,5.632,5.635,NA,24
"5/25/2022 9:04:01 AM",0.09,29.347,49.646,78.377,71536.4,1032.99,32.989,0.039,0.039,0,7.553,96.621,5.616,4.418,0,5.629,5.632,NA,24
"5/25/2022 9:04:01 AM",0.109,29.347,49.645,78.376,71535.1,1032.989,32.988,0.047,0.047,0,7.55,96.76,5.624,49.107,0,5.637,5.641,NA,24
"5/25/2022 9:04:01 AM",0.13,29.347,49.642,78.374,71532,1032.987,32.986,0.062,0.062,0,7.549,96.543,5.611,104.671,0,5.624,5.628,NA,24
"5/25/2022 9:04:02 AM",0.158,29.35,49.644,78.381,71534.1,1032.987,32.987,0.101,0.101,0.087,7.551,96.646,5.617,125.911,0,5.63,5.634,NA,24
"5/25/2022 9:04:02 AM",0.166,29.351,49.641,78.378,71530.3,1032.985,32.984,0.101,0.101,0.087,7.551,96.71,5.621,131.518,0,5.634,5.638,NA,24
"5/25/2022 9:04:02 AM",0.166,29.354,49.637,78.376,71524.9,1032.981,32.98,0.055,0.055,0.044,7.549,96.627,5.616,132.963,0,5.63,5.633,NA,24
"5/25/2022 9:04:02 AM",0.133,29.353,49.638,78.375,71525.5,1032.982,32.981,0.07,0.07,0.044,7.551,96.577,5.613,151.229,0,5.626,5.63,NA,24
"5/25/2022 9:04:02 AM",0.079,29.352,49.638,78.375,71526.2,1032.982,32.982,0.094,0.094,0.044,7.552,96.67,5.618,153.863,0,5.631,5.635,NA,24
"5/25/2022 9:04:03 AM",0,29.349,49.637,78.369,71524.7,1032.981,32.981,0.062,0.062,0.015,7.551,96.566,5.612,157.091,0,5.626,5.629,NA,24
"5/25/2022 9:04:03 AM",0,29.348,49.638,78.368,71526.2,1032.983,32.983,0.055,0.055,0.015,7.552,96.576,5.613,158.791,0,5.626,5.629,NA,24
"5/25/2022 9:04:03 AM",0,29.35,49.635,78.367,71523.1,1032.98,32.98,0.047,0.047,0.015,7.552,96.597,5.614,149.7,0,5.627,5.63,NA,24
"5/25/2022 9:04:03 AM",0,29.356,49.646,78.391,71535.5,1032.986,32.986,0.055,0.055,0.058,7.552,96.634,5.616,164.993,0,5.629,5.632,NA,24
"5/25/2022 9:04:03 AM",0,29.364,49.633,78.384,71518,1032.973,32.973,0.023,0.023,0,7.556,96.705,5.62,167.881,0,5.634,5.637,NA,24
"5/25/2022 9:04:04 AM",0,29.385,49.654,78.443,71542.1,1032.981,32.982,0.055,0.055,0,7.556,96.752,5.622,165.927,0,5.635,5.639,NA,24
"5/25/2022 9:04:04 AM",0,29.422,49.635,78.471,71514.1,1032.953,32.955,0.086,0.086,0,7.555,96.743,5.621,221.321,0,5.635,5.638,NA,24
"5/25/2022 9:04:04 AM",0,29.453,49.644,78.527,71521,1032.949,32.95,0.109,0.109,0,7.555,96.817,5.625,248.169,0,5.638,5.641,NA,24
"5/25/2022 9:04:04 AM",0,29.499,49.638,78.586,71507.9,1032.928,32.93,0.125,0.125,0.408,7.554,96.764,5.62,285.381,0,5.633,5.637,NA,24
"5/25/2022 9:04:04 AM",0,29.528,49.613,78.594,71473.3,1032.898,32.9,1.389,1.389,1.457,7.557,96.84,5.622,290.054,0,5.635,5.639,NA,24
"5/25/2022 9:04:05 AM",0,29.561,49.621,78.652,71479.3,1032.893,32.895,0.757,0.757,2.055,7.557,97.194,5.64,284.702,0,5.653,5.656,NA,24
"5/25/2022 9:04:05 AM",0,29.564,49.708,78.775,71587.1,1032.957,32.959,4.563,4.563,6.408,7.558,96.994,5.624,277.395,0,5.637,5.641,NA,24
"5/25/2022 9:04:05 AM",0,29.652,49.408,78.488,71201.6,1032.7,32.701,6.482,6.482,9.691,7.558,97.079,5.636,273.572,0,5.649,5.653,NA,24
"5/25/2022 9:04:05 AM",0,29.586,49.654,78.734,71517.7,1032.909,32.911,1.825,1.825,2.901,7.564,97.018,5.623,332.789,0,5.637,5.64,NA,24
"5/25/2022 9:04:05 AM",0,29.595,50.143,79.419,72127.2,1033.276,33.278,2.145,2.145,1.18,7.566,97.052,5.61,341.285,0,5.623,5.627,NA,24
"5/25/2022 9:04:06 AM",0,29.686,49.79,79.065,71675,1032.976,32.978,1.077,1.077,1.151,7.566,97.042,5.62,338.142,0,5.633,5.636,NA,24
"5/25/2022 9:04:06 AM",0,29.771,48.348,77.19,69858,1031.854,31.856,2.988,2.988,1.107,7.565,97.058,5.665,337.717,0,5.679,5.682,NA,24
"5/25/2022 9:04:06 AM",0,29.645,47.746,76.178,69115.4,1031.444,31.446,114.234,114.234,255.849,7.564,96.933,5.676,354.199,0,5.69,5.693,NA,24
"5/25/2022 9:04:06 AM",0,29.566,49.387,78.336,71185.5,1032.714,32.716,208.81,208.81,433.249,7.563,96.87,5.621,357.003,0,5.634,5.637,NA,24
"5/25/2022 9:04:06 AM",0,29.469,49.487,78.336,71323.1,1032.824,32.826,91.043,91.043,176.83,7.563,96.585,5.603,357.343,0,5.616,5.619,NA,24
"5/25/2022 9:04:07 AM",0,29.392,49.578,78.349,71445.3,1032.919,32.922,35.961,35.961,60.389,7.564,96.358,5.589,363.29,0,5.602,5.606,NA,24
"5/25/2022 9:04:07 AM",0,29.361,49.607,78.344,71485.7,1032.953,32.955,13.87,13.87,19.888,7.563,96.304,5.588,360.571,0,5.601,5.604,NA,24
"5/25/2022 9:04:07 AM",0,29.347,49.621,78.344,71505.2,1032.968,32.97,5.835,5.835,6.979,7.563,96.357,5.592,368.557,0,5.606,5.609,NA,24
"5/25/2022 9:04:07 AM",0,29.345,49.63,78.353,71516.3,1032.976,32.978,1.108,1.108,1.486,7.561,96.472,5.601,391.242,0,5.614,5.618,NA,24
"5/25/2022 9:04:07 AM",0,29.35,49.62,78.347,71504.2,1032.967,32.969,0.421,0.421,0.67,7.561,96.536,5.606,394.215,0,5.619,5.623,NA,24
"5/25/2022 9:04:08 AM",0,29.35,49.6,78.319,71478.9,1032.952,32.954,0.242,0.242,0.408,7.561,96.574,5.61,393.281,0,5.623,5.626,NA,24
"5/25/2022 9:04:08 AM",0,29.339,44.676,71.484,65254.5,1029.231,29.233,0,0,0.932,7.564,96.536,5.763,390.987,0,5.778,5.78,NA,24
"5/25/2022 9:04:08 AM",0,29.323,2.366,4.843,4422.5,997.619,0,155.344,155.344,290.926,7.567,96.45,7.275,388.353,0,7.297,7.297,NA,24
"5/25/2022 9:04:08 AM",0,29.303,4.097,8.097,7397.2,998.916,0,99.896,99.896,130.52,7.567,96.481,7.21,393.281,0,7.231,7.231,NA,24
"5/25/2022 9:04:08 AM",0,29.32,4.437,8.725,7967.3,999.164,0,26.468,26.468,32.751,7.568,96.546,7.201,390.392,0,7.222,7.222,NA,24
"5/25/2022 9:04:09 AM",0,29.319,3.175,6.382,5827.9,998.224,0,8.183,8.183,10.176,7.567,96.523,7.25,394.385,0,7.271,7.271,NA,24
"5/25/2022 9:04:09 AM",0,29.319,14.412,25.886,23640.3,1006.583,6.585,3.23,3.23,8.063,7.567,96.483,6.811,404.665,0,6.832,6.831,NA,24
"5/25/2022 9:04:09 AM",0,29.337,19.956,34.82,31787,1010.704,10.706,7.294,7.294,3.266,7.568,96.428,6.602,413.501,0,6.621,6.621,NA,24
"5/25/2022 9:04:09 AM",0,29.344,22.044,38.106,34781.4,1012.258,12.26,4.056,4.056,1.719,7.57,96.504,6.531,411.207,0,6.55,6.55,NA,24
"5/25/2022 9:04:09 AM",0,29.346,28.542,48.075,43879.5,1017.109,17.111,11.686,11.686,2.405,7.572,96.487,6.299,412.652,0,6.317,6.318,NA,24
"5/25/2022 9:04:10 AM",0,29.348,29.962,50.209,45825.4,1018.169,18.172,5.453,5.453,2.055,7.573,96.449,6.247,414.691,0,6.265,6.266,NA,24
"5/25/2022 9:04:10 AM",0,29.347,31.553,52.581,47991.1,1019.361,19.363,1.389,1.389,0.918,7.57,96.536,6.198,417.749,0,6.216,6.216,NA,24
"5/25/2022 9:04:10 AM",0,29.343,32.026,53.279,48632.6,1019.717,19.719,0.39,0.39,0.131,7.57,96.554,6.183,422.422,0,6.201,6.201,NA,24
"5/25/2022 9:04:10 AM",0,29.341,20.334,35.42,32331.9,1010.984,10.986,1.022,1.022,4.42,7.571,96.605,6.599,430.069,0,6.619,6.618,NA,24
"5/25/2022 9:04:11 AM",0,29.316,3.015,6.079,5552.1,998.105,0,28.73,28.73,0,7.571,96.553,7.259,438.819,0,7.28,7.28,NA,24
"5/25/2022 9:04:11 AM",0,29.256,2.107,4.336,3964.5,997.446,0,104.007,104.007,17.036,7.569,96.446,7.288,447.485,0,7.309,7.309,NA,24
"5/25/2022 9:04:11 AM",0,29.147,0.846,1.821,1669.1,996.536,0,460.174,460.174,290.908,7.57,96.254,7.326,456.831,0,7.347,7.347,NA,24
"5/25/2022 9:04:11 AM",0,29.058,0.668,1.45,1331.2,996.428,0,491.19,491.19,155.224,7.571,96.119,7.323,459.04,0,7.344,7.344,NA,24
"5/25/2022 9:04:11 AM",0,28.964,0.562,1.226,1128,996.377,0,173.231,173.231,71.435,7.571,95.886,7.311,457.256,0,7.332,7.333,NA,24
"5/25/2022 9:04:12 AM",0,28.776,0.562,1.222,1128.2,996.432,0,165.251,165.251,52.296,7.573,95.502,7.283,455.217,0,7.304,7.304,NA,24
"5/25/2022 9:04:12 AM",0,28.35,0.573,1.234,1149.4,996.563,0,131.162,131.162,59.718,7.571,95.394,7.277,441.538,0,7.298,7.298,NA,24
"5/25/2022 9:04:12 AM",0,28.135,0.999,2.093,1958,996.945,0,424.423,424.423,98.392,7.569,95.389,7.26,434.062,0,7.281,7.281,NA,24
"5/25/2022 9:04:12 AM",0,28.294,26.521,44.133,41151.1,1015.938,15.94,145.195,145.195,36.913,7.568,95.875,6.338,415.965,0,6.356,6.356,NA,24
"5/25/2022 9:04:12 AM",0,29.097,37.004,60.294,55309.5,1023.536,23.537,40.899,40.899,23.059,7.565,96.237,6.002,388.438,0,6.018,6.02,NA,24
"5/25/2022 9:04:13 AM",0,29.291,40.806,65.964,60274,1026.331,26.332,12.356,12.356,15.133,7.564,96.355,5.883,213.25,0,5.898,5.9,NA,24
"5/25/2022 9:04:13 AM",0.248,29.347,48.401,76.667,69975.8,1032.048,32.047,2.551,2.551,3.397,7.565,96.353,5.639,142.563,0,5.652,5.656,NA,24
"5/25/2022 9:04:13 AM",0.484,29.353,48.64,77.004,70274.7,1032.227,32.225,1.069,1.069,1.02,7.566,96.486,5.638,148.935,0,5.652,5.655,NA,24
"5/25/2022 9:04:13 AM",0.742,29.354,49.614,78.344,71495.7,1032.966,32.962,0.569,0.569,0.393,7.567,96.398,5.602,168.561,0,5.615,5.619,NA,24
"5/25/2022 9:04:13 AM",0.973,29.353,49.625,78.36,71510.6,1032.976,32.972,0.398,0.398,0.204,7.571,96.504,5.608,173.489,0,5.621,5.624,NA,24
"5/25/2022 9:04:14 AM",1.22,29.353,49.635,78.372,71522.5,1032.984,32.979,0.328,0.328,0.204,7.569,96.562,5.61,172.129,0,5.624,5.627,NA,24
"5/25/2022 9:04:14 AM",1.587,29.354,49.643,78.386,71533.2,1032.991,32.985,0.265,0.265,0.218,7.571,96.517,5.607,159.98,0,5.62,5.623,NA,24
"5/25/2022 9:04:14 AM",1.837,29.355,49.648,78.393,71539,1032.996,32.988,0.218,0.218,0.116,7.57,96.54,5.608,149.105,0,5.621,5.624,NA,24
"5/25/2022 9:04:14 AM",2.086,29.355,49.668,78.421,71564.2,1033.012,33.003,0.187,0.187,0.087,7.57,96.53,5.606,132.368,0,5.62,5.623,NA,24
"5/25/2022 9:04:14 AM",2.31,29.354,49.676,78.431,71574.7,1033.02,33.01,0.164,0.164,0.087,7.567,96.492,5.604,111.383,0,5.617,5.62,NA,24
"5/25/2022 9:04:15 AM",2.639,29.355,49.681,78.439,71581.4,1033.025,33.013,0.148,0.148,0.073,7.571,96.564,5.607,88.698,0,5.621,5.624,NA,24
"5/25/2022 9:04:15 AM",2.839,29.356,49.681,78.439,71580.4,1033.025,33.013,0.125,0.125,0.015,7.57,96.569,5.608,69.158,0,5.621,5.624,NA,24
"5/25/2022 9:04:15 AM",3.018,29.356,49.678,78.437,71577,1033.023,33.01,0.078,0.078,0,7.571,96.714,5.616,47.323,0,5.629,5.633,NA,24
"5/25/2022 9:04:15 AM",3.173,29.356,49.68,78.44,71579.7,1033.025,33.012,0,0,0,7.573,96.54,5.606,28.207,0,5.619,5.623,NA,24
"5/25/2022 9:04:15 AM",3.326,29.356,49.68,78.439,71579.7,1033.026,33.012,0,0,0,7.572,96.611,5.61,15.548,0,5.623,5.627,NA,24
"5/25/2022 9:04:16 AM",3.547,29.356,49.683,78.443,71583.6,1033.029,33.014,0,0,0,7.569,96.583,5.608,11.64,0,5.621,5.625,NA,24
"5/25/2022 9:04:16 AM",3.694,29.354,49.686,78.446,71587.6,1033.033,33.017,0,0,0,7.567,96.596,5.609,11.385,0,5.622,5.625,NA,24
"5/25/2022 9:04:16 AM",3.872,29.355,49.687,78.448,71589.5,1033.035,33.018,0,0,0,7.568,96.672,5.613,11.3,0,5.626,5.629,NA,24
"5/25/2022 9:04:16 AM",4.053,29.354,49.689,78.45,71592.1,1033.037,33.02,0.133,0.133,0.218,7.569,96.703,5.615,11.215,0,5.628,5.631,NA,24
"5/25/2022 9:04:16 AM",4.36,29.355,49.692,78.456,71595.8,1033.04,33.022,0.234,0.234,0.684,7.571,96.602,5.609,11.47,0,5.622,5.626,NA,24
"5/25/2022 9:04:17 AM",4.56,29.354,49.695,78.459,71599.6,1033.043,33.024,0.296,0.296,0.626,7.571,96.5,5.603,12.064,0,5.616,5.62,NA,24
"5/25/2022 9:04:17 AM",4.755,29.355,49.696,78.46,71600.7,1033.045,33.025,0.273,0.273,0.51,7.569,96.645,5.611,12.744,0,5.624,5.628,NA,24
"5/25/2022 9:04:17 AM",4.938,29.355,49.7,78.467,71605.7,1033.048,33.027,0.242,0.242,0.32,7.568,96.692,5.614,13.254,0,5.627,5.631,NA,24
"5/25/2022 9:04:17 AM",5.124,29.355,49.703,78.471,71610,1033.052,33.03,0.265,0.265,0.495,7.565,96.674,5.613,14.188,0,5.626,5.629,NA,24
"5/25/2022 9:04:17 AM",5.39,29.355,49.706,78.474,71612.8,1033.055,33.032,0.203,0.203,0.291,7.564,96.6,5.608,15.633,0,5.621,5.625,NA,24
"5/25/2022 9:04:18 AM",5.567,29.355,49.706,78.475,71613.3,1033.056,33.032,0.234,0.234,0.379,7.564,96.621,5.609,16.652,0,5.623,5.626,NA,24
"5/25/2022 9:04:18 AM",5.751,29.355,49.709,78.479,71618,1033.059,33.035,0.265,0.265,0.451,7.565,96.56,5.606,17.502,0,5.619,5.622,NA,24
"5/25/2022 9:04:18 AM",5.93,29.355,49.71,78.48,71618.4,1033.06,33.035,0.281,0.281,0.495,7.565,96.607,5.609,18.097,0,5.622,5.625,NA,24
"5/25/2022 9:04:18 AM",6.209,29.355,49.71,78.481,71618.3,1033.061,33.035,0.25,0.25,0.437,7.565,96.774,5.618,18.521,0,5.632,5.635,NA,24
"5/25/2022 9:04:18 AM",6.388,29.355,49.711,78.483,71620.3,1033.063,33.036,0.312,0.312,0.568,7.565,96.562,5.606,19.116,0,5.619,5.622,NA,24
"5/25/2022 9:04:19 AM",6.579,29.355,49.712,78.484,71621.2,1033.064,33.036,0.242,0.242,0.451,7.564,96.685,5.613,19.371,0,5.626,5.629,NA,24
"5/25/2022 9:04:19 AM",6.753,29.356,49.712,78.485,71621.6,1033.065,33.036,0.211,0.211,0.349,7.567,96.655,5.611,19.116,0,5.624,5.627,NA,24
"5/25/2022 9:04:19 AM",6.951,29.356,49.71,78.483,71619,1033.064,33.035,0.164,0.164,0.262,7.565,96.597,5.608,18.436,0,5.621,5.624,NA,24
"5/25/2022 9:04:19 AM",7.234,29.355,49.715,78.488,71625.2,1033.069,33.038,0.094,0.094,0.058,7.561,96.649,5.61,17.587,0,5.624,5.627,NA,24
"5/25/2022 9:04:19 AM",7.424,29.354,49.714,78.485,71624.3,1033.07,33.038,0.101,0.101,0.015,7.562,96.523,5.603,17.162,0,5.616,5.619,NA,24
"5/25/2022 9:04:20 AM",7.617,29.354,49.714,78.486,71624.5,1033.071,33.038,0.016,0.016,0,7.56,96.631,5.609,16.737,0,5.623,5.626,NA,24
"5/25/2022 9:04:20 AM",7.803,29.354,49.715,78.486,71625.8,1033.072,33.039,0.016,0.016,0,7.562,96.535,5.604,16.397,0,5.617,5.62,NA,24
"5/25/2022 9:04:20 AM",8.093,29.354,49.715,78.488,71626.8,1033.074,33.04,0,0,0,7.568,96.587,5.607,15.888,0,5.62,5.623,NA,24
"5/25/2022 9:04:20 AM",8.293,29.355,49.713,78.486,71624.2,1033.073,33.038,0,0,0,7.571,96.702,5.613,15.718,0,5.627,5.63,NA,24
"5/25/2022 9:04:21 AM",8.474,29.354,49.714,78.487,71625.4,1033.075,33.038,0,0,0,7.572,96.564,5.605,15.463,0,5.619,5.622,NA,24
"5/25/2022 9:04:21 AM",8.676,29.354,49.713,78.485,71623.8,1033.074,33.038,0,0,0,7.567,96.599,5.607,15.293,0,5.621,5.624,NA,24
"5/25/2022 9:04:21 AM",8.959,29.354,49.714,78.486,71625.3,1033.077,33.038,0.062,0.062,0,7.566,96.563,5.605,15.208,0,5.618,5.622,NA,24
"5/25/2022 9:04:21 AM",9.15,29.354,49.712,78.484,71622.8,1033.076,33.037,0,0,0,7.569,96.535,5.603,15.123,0,5.617,5.62,NA,24
"5/25/2022 9:04:21 AM",9.352,29.354,49.711,78.484,71622.3,1033.076,33.036,0,0,0,7.57,96.645,5.61,14.868,0,5.623,5.626,NA,24
"5/25/2022 9:04:22 AM",9.538,29.354,49.707,78.477,71617.5,1033.074,33.033,0.062,0.062,0,7.569,96.579,5.606,15.208,0,5.619,5.623,NA,24
"5/25/2022 9:04:22 AM",9.731,29.354,49.707,78.478,71617.3,1033.075,33.033,0,0,0,7.571,96.612,5.608,18.097,0,5.621,5.624,NA,24
"5/25/2022 9:04:22 AM",9.968,29.354,49.707,78.476,71616.6,1033.075,33.033,1.279,1.279,2.974,7.571,96.616,5.608,36.703,0,5.621,5.625,NA,24
"5/25/2022 9:04:22 AM",10.11,29.354,49.705,78.475,71615.2,1033.075,33.032,0.975,0.975,2.215,7.57,96.613,5.608,51.826,0,5.621,5.624,NA,24
"5/25/2022 9:04:22 AM",10.26,29.354,49.704,78.473,71612.9,1033.074,33.03,0.655,0.655,1.442,7.571,96.638,5.609,62.956,0,5.622,5.626,NA,24
"5/25/2022 9:04:23 AM",10.409,29.354,49.704,78.473,71613.6,1033.075,33.031,0.273,0.273,0.481,7.574,96.576,5.606,67.968,0,5.619,5.622,NA,24
"5/25/2022 9:04:23 AM",10.639,29.354,49.703,78.472,71612.3,1033.075,33.03,0,0,0,7.573,96.62,5.608,60.916,0,5.621,5.625,NA,24
"5/25/2022 9:04:23 AM",10.787,29.354,49.7,78.468,71608.6,1033.074,33.028,0,0,0,7.577,96.679,5.611,48.257,0,5.625,5.628,NA,24
"5/25/2022 9:04:23 AM",10.936,29.354,49.7,78.469,71609.1,1033.074,33.028,0,0,0,7.577,96.543,5.604,35.853,0,5.617,5.62,NA,24
"5/25/2022 9:04:23 AM",11.08,29.355,49.698,78.467,71606.8,1033.074,33.026,1.303,1.303,2.988,7.577,96.533,5.603,38.912,0,5.616,5.62,NA,24
"5/25/2022 9:04:24 AM",11.159,29.355,49.706,78.477,71615.8,1033.079,33.032,1.069,1.069,2.39,7.576,96.521,5.602,81.817,0,5.615,5.618,NA,24
"5/25/2022 9:04:24 AM",11.166,29.354,49.706,78.476,71616.1,1033.08,33.032,0.25,0.25,0.408,7.577,96.55,5.604,157.176,0,5.617,5.62,NA,24
"5/25/2022 9:04:24 AM",11.099,29.353,49.705,78.474,71615.1,1033.079,33.032,0.117,0.117,0.116,7.578,96.648,5.61,162.784,0,5.623,5.626,NA,24
"5/25/2022 9:04:24 AM",11.004,29.354,49.706,78.477,71617,1033.08,33.033,0.086,0.086,0.073,7.577,96.637,5.609,163.548,0,5.622,5.625,NA,24
"5/25/2022 9:04:24 AM",10.886,29.353,49.705,78.473,71614.6,1033.078,33.031,0.094,0.094,0.087,7.576,96.638,5.609,161.679,0,5.622,5.626,NA,24
"5/25/2022 9:04:25 AM",10.672,29.353,49.705,78.474,71615,1033.077,33.032,0.086,0.086,0.044,7.578,96.55,5.604,156.922,0,5.617,5.621,NA,24
"5/25/2022 9:04:25 AM",10.526,29.354,49.703,78.471,71612.4,1033.075,33.03,0.078,0.078,0.058,7.581,96.641,5.609,156.922,0,5.623,5.626,NA,24
"5/25/2022 9:04:25 AM",10.381,29.354,49.702,78.471,71611.5,1033.074,33.03,0.094,0.094,0.087,7.583,96.559,5.605,160.745,0,5.618,5.621,NA,24
"5/25/2022 9:04:25 AM",10.239,29.354,49.702,78.471,71611.1,1033.073,33.029,0.078,0.078,0.044,7.581,96.593,5.607,161.679,0,5.62,5.623,NA,24
"5/25/2022 9:04:25 AM",10.027,29.353,49.701,78.468,71610.2,1033.072,33.029,0.086,0.086,0.087,7.581,96.651,5.61,156.242,0,5.624,5.627,NA,24
"5/25/2022 9:04:26 AM",9.886,29.354,49.7,78.468,71608.9,1033.07,33.028,0.086,0.086,0.058,7.579,96.632,5.609,156.922,0,5.622,5.626,NA,24
"5/25/2022 9:04:26 AM",9.761,29.354,49.7,78.467,71607.7,1033.069,33.028,0.07,0.07,0.029,7.578,96.624,5.609,159.13,0,5.622,5.625,NA,24
"5/25/2022 9:04:26 AM",9.637,29.353,49.698,78.464,71606,1033.068,33.027,0.07,0.07,0.058,7.579,96.61,5.608,163.888,0,5.622,5.625,NA,24
"5/25/2022 9:04:26 AM",9.519,29.353,49.7,78.466,71607.7,1033.068,33.028,0.078,0.078,0.029,7.578,96.559,5.605,164.143,0,5.618,5.622,NA,24
"5/25/2022 9:04:26 AM",9.39,29.354,49.697,78.463,71604.7,1033.066,33.026,0.086,0.086,0.058,7.582,96.538,5.604,157.261,0,5.617,5.621,NA,24
"5/25/2022 9:04:27 AM",9.309,29.354,49.697,78.463,71603.8,1033.065,33.025,0.101,0.101,0.044,7.582,96.579,5.606,152.589,0,5.62,5.623,NA,24
"5/25/2022 9:04:27 AM",9.206,29.353,49.696,78.461,71603.4,1033.064,33.025,0.086,0.086,0.029,7.58,96.603,5.608,153.693,0,5.621,5.624,NA,24
"5/25/2022 9:04:27 AM",9.103,29.353,49.696,78.461,71603.5,1033.064,33.025,0.086,0.086,0.073,7.578,96.652,5.61,162.784,0,5.624,5.627,NA,24
"5/25/2022 9:04:27 AM",9.011,29.353,49.698,78.463,71605.2,1033.065,33.026,0.094,0.094,0.058,7.578,96.649,5.611,167.711,0,5.624,5.627,NA,24
"5/25/2022 9:04:27 AM",8.904,29.353,49.7,78.465,71607.7,1033.066,33.028,0.078,0.078,0.029,7.575,96.55,5.605,158.621,0,5.618,5.621,NA,24
"5/25/2022 9:04:28 AM",8.846,29.352,49.701,78.466,71608.8,1033.067,33.029,0.078,0.078,0.029,7.57,96.592,5.607,155.477,0,5.62,5.623,NA,24
"5/25/2022 9:04:28 AM",8.813,29.353,49.698,78.463,71605.9,1033.064,33.027,0.086,0.086,0.073,7.571,96.661,5.611,154.458,0,5.624,5.627,NA,24
"5/25/2022 9:04:28 AM",8.785,29.353,49.698,78.463,71605.3,1033.064,33.027,0.07,0.07,0.058,7.57,96.632,5.61,153.098,0,5.623,5.626,NA,24
"5/25/2022 9:04:28 AM",8.707,29.353,49.699,78.464,71606.2,1033.064,33.027,0.086,0.086,0.044,7.568,96.655,5.611,156.667,0,5.624,5.627,NA,24
"5/25/2022 9:04:28 AM",8.622,29.353,49.703,78.469,71610.9,1033.067,33.03,0.086,0.086,0.058,7.572,96.62,5.609,156.412,0,5.622,5.625,NA,24
"5/25/2022 9:04:29 AM",8.514,29.353,49.703,78.47,71612.2,1033.067,33.031,0.086,0.086,0.058,7.572,96.593,5.607,152.419,0,5.62,5.624,NA,24
"5/25/2022 9:04:29 AM",8.394,29.354,49.714,78.486,71625.1,1033.074,33.038,0.078,0.078,0.029,7.573,96.603,5.607,150.295,0,5.621,5.624,NA,24
"5/25/2022 9:04:29 AM",8.278,29.353,49.714,78.485,71625.6,1033.074,33.039,0.078,0.078,0.044,7.577,96.549,5.604,147.661,0,5.617,5.621,NA,24
"5/25/2022 9:04:29 AM",8.079,29.353,49.712,78.482,71622.3,1033.071,33.037,0.07,0.07,0,7.577,96.641,5.609,148.595,0,5.623,5.626,NA,24
"5/25/2022 9:04:30 AM",7.951,29.353,49.712,78.481,71622,1033.071,33.037,0.062,0.062,0.015,7.577,96.561,5.605,154.543,0,5.618,5.621,NA,24
"5/25/2022 9:04:30 AM",7.826,29.353,49.712,78.481,71621.9,1033.07,33.037,0.07,0.07,0.087,7.576,96.518,5.602,154.373,0,5.616,5.619,NA,24
"5/25/2022 9:04:30 AM",7.69,29.353,49.71,78.478,71619.3,1033.068,33.035,0.07,0.07,0.073,7.576,96.421,5.597,144.942,0,5.61,5.613,NA,24
"5/25/2022 9:04:30 AM",7.551,29.353,49.709,78.478,71618.7,1033.067,33.035,0.07,0.07,0.058,7.574,96.564,5.605,135.681,0,5.618,5.621,NA,24
"5/25/2022 9:04:30 AM",7.384,29.354,49.709,78.478,71618.1,1033.066,33.035,0.086,0.086,0.044,7.574,96.623,5.608,126.506,0,5.621,5.625,NA,24
"5/25/2022 9:04:31 AM",7.318,29.354,49.706,78.475,71614.6,1033.063,33.032,0.078,0.078,0.073,7.577,96.684,5.612,122.937,0,5.625,5.628,NA,24
"5/25/2022 9:04:31 AM",7.278,29.354,49.706,78.474,71614.4,1033.063,33.032,0.078,0.078,0.029,7.582,96.659,5.61,121.323,0,5.624,5.627,NA,24
"5/25/2022 9:04:31 AM",7.226,29.354,49.707,78.475,71615.2,1033.064,33.033,0.07,0.07,0.029,7.584,96.573,5.605,121.578,0,5.619,5.622,NA,24
"5/25/2022 9:04:31 AM",7.146,29.354,49.706,78.474,71614,1033.062,33.032,0.078,0.078,0.087,7.586,96.498,5.601,124.722,0,5.614,5.617,NA,24
"5/25/2022 9:04:31 AM",7.092,29.355,49.705,78.475,71613.6,1033.062,33.032,0.094,0.094,0.684,7.588,96.58,5.606,125.911,0,5.619,5.622,NA,24
"5/25/2022 9:04:32 AM",7.029,29.355,49.705,78.473,71612.5,1033.061,33.031,0.094,0.094,0.277,7.589,96.629,5.608,125.911,0,5.622,5.625,NA,24
"5/25/2022 9:04:32 AM",6.963,29.355,49.703,78.472,71610.7,1033.06,33.03,0.07,0.07,0.073,7.588,96.584,5.606,123.617,0,5.619,5.622,NA,24
"5/25/2022 9:04:32 AM",6.883,29.354,49.702,78.469,71609.3,1033.059,33.029,0.078,0.078,0.058,7.589,96.561,5.604,117.075,0,5.617,5.621,NA,24
"5/25/2022 9:04:32 AM",6.834,29.355,49.699,78.465,71605.1,1033.056,33.027,0.07,0.07,0.044,7.59,96.598,5.607,116.565,0,5.62,5.623,NA,24
"5/25/2022 9:04:32 AM",6.774,29.354,49.697,78.462,71603.3,1033.055,33.026,0.062,0.062,0.029,7.591,96.569,5.605,116.395,0,5.618,5.621,NA,24
"5/25/2022 9:04:33 AM",6.669,29.354,49.696,78.46,71601.1,1033.053,33.024,0.078,0.078,0.073,7.594,96.653,5.61,116.311,0,5.623,5.626,NA,24
"5/25/2022 9:04:33 AM",6.558,29.355,49.695,78.46,71600.4,1033.052,33.024,0.07,0.07,0.044,7.592,96.608,5.607,114.866,0,5.62,5.623,NA,24
"5/25/2022 9:04:33 AM",6.405,29.354,49.695,78.46,71600.3,1033.051,33.024,0.062,0.062,0,7.591,96.617,5.608,109.429,0,5.621,5.624,NA,24
"5/25/2022 9:04:33 AM",6.353,29.354,49.694,78.458,71599.3,1033.05,33.023,0.07,0.07,0,7.592,96.662,5.61,105.606,0,5.623,5.627,NA,24
"5/25/2022 9:04:33 AM",6.328,29.354,49.694,78.457,71599,1033.05,33.023,0.07,0.07,0.029,7.591,96.675,5.611,102.802,0,5.624,5.627,NA,24
"5/25/2022 9:04:34 AM",6.304,29.354,49.693,78.456,71598.2,1033.05,33.023,0.062,0.062,0,7.592,96.63,5.608,101.867,0,5.621,5.625,NA,24
"5/25/2022 9:04:34 AM",6.268,29.355,49.691,78.454,71594.9,1033.047,33.021,0.078,0.078,0,7.59,96.563,5.604,102.632,0,5.618,5.621,NA,24
"5/25/2022 9:04:34 AM",6.179,29.354,49.692,78.453,71595.9,1033.048,33.022,0.07,0.07,0.044,7.588,96.624,5.608,102.122,0,5.621,5.625,NA,24
"5/25/2022 9:04:34 AM",6.109,29.354,49.691,78.453,71594.6,1033.047,33.021,0.07,0.07,0.029,7.586,96.508,5.601,99.743,0,5.614,5.618,NA,24
"5/25/2022 9:04:34 AM",6.029,29.355,49.689,78.451,71592.3,1033.045,33.019,0.07,0.07,0.029,7.586,96.513,5.601,96.26,0,5.615,5.618,NA,24
"5/25/2022 9:04:35 AM",5.934,29.354,49.689,78.451,71592.8,1033.045,33.02,0.062,0.062,0.029,7.588,96.616,5.607,92.946,0,5.62,5.624,NA,24
"5/25/2022 9:04:35 AM",5.762,29.355,49.689,78.451,71592.5,1033.044,33.019,0.07,0.07,0.087,7.589,96.564,5.604,87.424,0,5.618,5.621,NA,24
"5/25/2022 9:04:35 AM",5.628,29.355,49.689,78.452,71592.5,1033.043,33.019,0.062,0.062,0.044,7.59,96.693,5.612,82.836,0,5.625,5.628,NA,24
"5/25/2022 9:04:35 AM",5.506,29.356,49.691,78.455,71594.5,1033.044,33.02,0.055,0.055,0.029,7.592,96.618,5.607,77.399,0,5.62,5.624,NA,24
"5/25/2022 9:04:35 AM",5.403,29.357,49.69,78.456,71593.4,1033.042,33.019,0.062,0.062,0.029,7.59,96.562,5.604,72.641,0,5.617,5.62,NA,24
"5/25/2022 9:04:36 AM",5.315,29.358,49.689,78.455,71591.5,1033.04,33.018,0.078,0.078,0.073,7.592,96.551,5.603,68.818,0,5.617,5.62,NA,24
"5/25/2022 9:04:36 AM",5.264,29.359,49.686,78.453,71587.9,1033.038,33.015,0.062,0.062,0.029,7.595,96.485,5.599,64.23,0,5.613,5.616,NA,24
"5/25/2022 9:04:36 AM",5.271,29.359,49.688,78.455,71590.2,1033.039,33.017,0.094,0.094,0.102,7.593,96.583,5.605,62.531,0,5.618,5.622,NA,24
"5/25/2022 9:04:36 AM",5.299,29.358,49.687,78.453,71588.7,1033.039,33.016,0.101,0.101,0.102,7.596,96.643,5.609,63.04,0,5.622,5.625,NA,24
"5/25/2022 9:04:36 AM",5.317,29.359,49.686,78.453,71588.1,1033.038,33.016,0.078,0.078,0.058,7.595,96.559,5.603,64.995,0,5.617,5.62,NA,24
"5/25/2022 9:04:37 AM",5.341,29.357,49.686,78.45,71588,1033.039,33.016,0.078,0.078,0.175,7.598,96.56,5.603,67.204,0,5.617,5.62,NA,24
"5/25/2022 9:04:37 AM",5.341,29.356,49.687,78.451,71589.5,1033.04,33.017,0.109,0.109,0.204,7.601,96.398,5.594,68.393,0,5.607,5.611,NA,24
"5/25/2022 9:04:37 AM",5.334,29.357,49.686,78.45,71588.3,1033.039,33.016,0.078,0.078,0.073,7.601,96.553,5.603,68.733,0,5.616,5.62,NA,24
"5/25/2022 9:04:37 AM",5.32,29.357,49.685,78.449,71587.1,1033.038,33.016,0.078,0.078,0,7.599,96.526,5.602,69.667,0,5.615,5.618,NA,24
"5/25/2022 9:04:37 AM",5.278,29.357,49.686,78.45,71588.2,1033.039,33.016,0.109,0.109,0.102,7.598,96.468,5.598,69.497,0,5.612,5.615,NA,24
"5/25/2022 9:04:38 AM",5.193,29.357,49.686,78.451,71588.4,1033.038,33.016,0.07,0.07,0.044,7.598,96.528,5.602,70.007,0,5.615,5.618,NA,24
"5/25/2022 9:04:38 AM",5.137,29.357,49.687,78.452,71589.6,1033.039,33.017,0.055,0.055,0.073,7.6,96.569,5.604,70.007,0,5.617,5.621,NA,24
"5/25/2022 9:04:38 AM",5.084,29.357,49.685,78.45,71586.9,1033.037,33.015,0.078,0.078,0.087,7.598,96.624,5.607,69.922,0,5.62,5.624,NA,24
"5/25/2022 9:04:38 AM",5.007,29.358,49.683,78.447,71584.5,1033.035,33.014,0.078,0.078,0.073,7.599,96.546,5.602,68.988,0,5.616,5.619,NA,24
"5/25/2022 9:04:38 AM",4.897,29.358,49.684,78.448,71585.6,1033.035,33.015,0.133,0.133,0.087,7.601,96.574,5.604,67.458,0,5.617,5.621,NA,24
"5/25/2022 9:04:39 AM",4.739,29.358,49.683,78.448,71584.4,1033.034,33.014,0.086,0.086,0.029,7.602,96.553,5.603,61.936,0,5.616,5.619,NA,24
"5/25/2022 9:04:39 AM",4.652,29.358,49.685,78.45,71586.5,1033.035,33.015,0.172,0.172,0.218,7.603,96.561,5.603,58.283,0,5.617,5.62,NA,24
"5/25/2022 9:04:39 AM",4.588,29.359,49.683,78.447,71583.3,1033.032,33.013,0.172,0.172,0.306,7.604,96.508,5.6,55.819,0,5.613,5.617,NA,24
"5/25/2022 9:04:39 AM",4.517,29.359,49.682,78.447,71582.9,1033.032,33.013,0.109,0.109,0.175,7.604,96.57,5.604,53.61,0,5.617,5.62,NA,24
"5/25/2022 9:04:39 AM",4.425,29.358,49.681,78.445,71581.8,1033.031,33.012,0.07,0.07,0.044,7.602,96.646,5.608,49.787,0,5.622,5.625,NA,24
"5/25/2022 9:04:40 AM",4.362,29.358,49.682,78.446,71583.1,1033.032,33.013,0.086,0.086,0.073,7.601,96.497,5.599,46.898,0,5.613,5.616,NA,24
"5/25/2022 9:04:40 AM",4.301,29.359,49.682,78.447,71582.4,1033.031,33.012,0.07,0.07,0.058,7.601,96.523,5.601,44.349,0,5.614,5.618,NA,24
"5/25/2022 9:04:40 AM",4.258,29.359,49.682,78.448,71582.9,1033.031,33.013,0.062,0.062,0.044,7.602,96.547,5.602,41.97,0,5.616,5.619,NA,24
"5/25/2022 9:04:40 AM",4.202,29.358,49.686,78.451,71587.2,1033.033,33.016,0.055,0.055,0.029,7.605,96.472,5.598,38.912,0,5.611,5.615,NA,24
"5/25/2022 9:04:41 AM",4.178,29.359,49.685,78.451,71586.3,1033.033,33.015,0.179,0.179,0.058,7.607,96.589,5.605,37.807,0,5.618,5.621,NA,24
"5/25/2022 9:04:41 AM",4.162,29.359,49.685,78.451,71586.3,1033.033,33.015,0.078,0.078,0,7.609,96.649,5.608,36.958,0,5.621,5.625,NA,24
"5/25/2022 9:04:41 AM",4.165,29.358,49.686,78.451,71587.7,1033.034,33.016,0.062,0.062,0.044,7.61,96.523,5.6,37.043,0,5.614,5.617,NA,24
"5/25/2022 9:04:41 AM",4.176,29.358,49.685,78.45,71585.8,1033.032,33.015,0.07,0.07,0.029,7.608,96.566,5.603,38.147,0,5.617,5.62,NA,24
"5/25/2022 9:04:41 AM",4.197,29.359,49.684,78.449,71585.1,1033.032,33.014,0.062,0.062,0.058,7.606,96.6,5.605,40.441,0,5.619,5.622,NA,24
"5/25/2022 9:04:42 AM",4.214,29.358,49.685,78.451,71586.8,1033.033,33.015,0.07,0.07,0.044,7.607,96.617,5.606,42.31,0,5.619,5.623,NA,24
"5/25/2022 9:04:42 AM",4.232,29.359,49.685,78.45,71585.9,1033.033,33.015,0.07,0.07,0.015,7.609,96.512,5.6,44.434,0,5.613,5.617,NA,24
"5/25/2022 9:04:42 AM",4.242,29.359,49.685,78.451,71586,1033.033,33.015,0.055,0.055,0.029,7.611,96.653,5.608,46.728,0,5.622,5.625,NA,24
"5/25/2022 9:04:42 AM",4.258,29.359,49.685,78.451,71586.1,1033.033,33.015,0.07,0.07,0.073,7.612,96.659,5.609,50.042,0,5.622,5.625,NA,24
"5/25/2022 9:04:42 AM",4.265,29.359,49.683,78.448,71583.3,1033.031,33.013,0.07,0.07,0.058,7.613,96.624,5.607,51.401,0,5.62,5.623,NA,24
"5/25/2022 9:04:43 AM",4.265,29.359,49.685,78.45,71585.9,1033.033,33.015,0.117,0.117,0.131,7.611,96.64,5.608,52.76,0,5.621,5.624,NA,24
"5/25/2022 9:04:43 AM",4.251,29.359,49.684,78.45,71584.7,1033.032,33.014,0.101,0.101,0.102,7.613,96.541,5.602,53.61,0,5.615,5.618,NA,24
"5/25/2022 9:04:43 AM",4.235,29.359,49.685,78.452,71586.5,1033.033,33.015,0.086,0.086,0.087,7.613,96.534,5.601,53.78,0,5.614,5.618,NA,24
"5/25/2022 9:04:43 AM",4.178,29.359,49.684,78.45,71584.4,1033.031,33.014,0.109,0.109,0.058,7.612,96.611,5.606,53.525,0,5.619,5.622,NA,24
"5/25/2022 9:04:43 AM",4.115,29.359,49.685,78.451,71586.2,1033.032,33.015,0.07,0.07,0.087,7.611,96.543,5.602,51.741,0,5.615,5.618,NA,24
"5/25/2022 9:04:44 AM",4.052,29.359,49.685,78.45,71585.9,1033.032,33.015,0.062,0.062,0.073,7.612,96.629,5.607,49.617,0,5.62,5.623,NA,24
"5/25/2022 9:04:44 AM",4.007,29.359,49.684,78.45,71585.3,1033.031,33.014,0.055,0.055,0.044,7.614,96.602,5.605,47.663,0,5.618,5.622,NA,24
"5/25/2022 9:04:44 AM",3.936,29.359,49.684,78.45,71585.3,1033.031,33.014,0.062,0.062,0.015,7.613,96.619,5.606,44.859,0,5.619,5.623,NA,24
"5/25/2022 9:04:44 AM",3.88,29.359,49.685,78.451,71585.7,1033.031,33.014,0.062,0.062,0.044,7.612,96.565,5.603,42.82,0,5.616,5.619,NA,24
"5/25/2022 9:04:44 AM",3.819,29.359,49.685,78.45,71585.5,1033.031,33.015,0.07,0.07,0.044,7.611,96.545,5.602,41.291,0,5.615,5.618,NA,24
"5/25/2022 9:04:45 AM",3.753,29.358,49.684,78.449,71585.2,1033.03,33.014,0.055,0.055,0.058,7.61,96.497,5.599,40.101,0,5.612,5.615,NA,24
"5/25/2022 9:04:45 AM",3.696,29.358,49.684,78.448,71584.7,1033.03,33.014,0.07,0.07,0.044,7.611,96.542,5.601,39.931,0,5.614,5.618,NA,24
"5/25/2022 9:04:45 AM",3.625,29.358,49.684,78.448,71584.8,1033.03,33.014,0.07,0.07,0.029,7.612,96.509,5.6,41.121,0,5.613,5.616,NA,24
"5/25/2022 9:04:45 AM",3.588,29.358,49.683,78.446,71582.9,1033.028,33.013,0.055,0.055,0.015,7.613,96.615,5.606,42.225,0,5.619,5.622,NA,24
"5/25/2022 9:04:45 AM",3.559,29.359,49.684,78.449,71585.1,1033.03,33.014,0.055,0.055,0.029,7.615,96.661,5.608,43.67,0,5.621,5.625,NA,24
"5/25/2022 9:04:46 AM",3.536,29.359,49.684,78.449,71584.2,1033.029,33.014,0.101,0.101,0.087,7.614,96.613,5.606,44.859,0,5.619,5.622,NA,24
"5/25/2022 9:04:46 AM",3.517,29.359,49.684,78.45,71585.1,1033.029,33.014,0.07,0.07,0.029,7.614,96.683,5.61,45.709,0,5.623,5.626,NA,24
"5/25/2022 9:04:46 AM",3.5,29.359,49.682,78.446,71582.2,1033.028,33.013,0.055,0.055,0.015,7.61,96.551,5.602,46.303,0,5.615,5.618,NA,24
"5/25/2022 9:04:46 AM",3.503,29.359,49.683,78.448,71583.4,1033.028,33.013,0.07,0.07,0.058,7.61,96.619,5.606,46.728,0,5.619,5.622,NA,24
"5/25/2022 9:04:46 AM",3.501,29.359,49.684,78.449,71584.5,1033.029,33.014,0.07,0.07,0.058,7.611,96.592,5.604,46.643,0,5.617,5.621,NA,24
"5/25/2022 9:04:47 AM",3.496,29.359,49.684,78.449,71584.5,1033.029,33.014,0.055,0.055,0.029,7.614,96.601,5.605,46.388,0,5.618,5.621,NA,24
"5/25/2022 9:04:47 AM",3.473,29.358,49.683,78.447,71583.5,1033.028,33.013,0.062,0.062,0.029,7.613,96.627,5.606,47.153,0,5.619,5.623,NA,24
"5/25/2022 9:04:47 AM",3.463,29.359,49.683,78.447,71583,1033.028,33.013,0.07,0.07,0.044,7.614,96.66,5.608,48.172,0,5.621,5.625,NA,24
"5/25/2022 9:04:47 AM",3.475,29.358,49.682,78.446,71582.5,1033.028,33.013,0.07,0.07,0.044,7.612,96.659,5.608,49.192,0,5.621,5.624,NA,24
"5/25/2022 9:04:47 AM",3.5,29.357,49.682,78.445,71582.6,1033.028,33.013,0.062,0.062,0.015,7.61,96.437,5.595,50.296,0,5.608,5.612,NA,24
"5/25/2022 9:04:48 AM",3.534,29.356,49.683,78.444,71583.6,1033.029,33.014,0.062,0.062,0.044,7.606,96.489,5.598,50.466,0,5.611,5.615,NA,24
"5/25/2022 9:04:48 AM",3.536,29.357,49.683,78.446,71583.9,1033.029,33.014,0.078,0.078,0.029,7.604,96.54,5.601,49.957,0,5.614,5.618,NA,24
"5/25/2022 9:04:48 AM",3.512,29.358,49.683,78.447,71583.3,1033.028,33.013,0.086,0.086,0.029,7.602,96.533,5.6,49.277,0,5.614,5.617,NA,24
"5/25/2022 9:04:48 AM",3.465,29.358,49.682,78.446,71582.5,1033.028,33.013,0.195,0.195,0.087,7.599,96.479,5.598,47.663,0,5.611,5.614,NA,24
"5/25/2022 9:04:48 AM",3.411,29.359,49.681,78.445,71580.6,1033.026,33.012,0.101,0.101,0.029,7.599,96.471,5.597,45.879,0,5.61,5.614,NA,24
"5/25/2022 9:04:49 AM",3.317,29.359,49.681,78.445,71580.6,1033.026,33.012,0.078,0.078,0.058,7.598,96.572,5.603,44.349,0,5.616,5.62,NA,24
"5/25/2022 9:04:49 AM",3.272,29.358,49.681,78.444,71580.6,1033.026,33.012,0.078,0.078,0.073,7.596,96.599,5.604,45.369,0,5.617,5.621,NA,24
"5/25/2022 9:04:49 AM",3.227,29.358,49.681,78.444,71580.9,1033.026,33.012,0.062,0.062,0.044,7.595,96.532,5.6,47.408,0,5.614,5.617,NA,24
"5/25/2022 9:04:49 AM",3.19,29.358,49.68,78.443,71580.1,1033.025,33.012,0.062,0.062,0.044,7.596,96.516,5.599,49.107,0,5.613,5.616,NA,24
"5/25/2022 9:04:49 AM",3.143,29.358,49.679,78.442,71578.5,1033.024,33.011,0.055,0.055,0.087,7.597,96.532,5.6,50.721,0,5.614,5.617,NA,24
"5/25/2022 9:04:50 AM",3.067,29.358,49.678,78.439,71576.5,1033.023,33.01,0.086,0.086,0.175,7.599,96.565,5.602,52.76,0,5.615,5.619,NA,24
"5/25/2022 9:04:50 AM",3.023,29.358,49.678,78.439,71577.2,1033.023,33.01,0.07,0.07,0.073,7.595,96.611,5.605,53.525,0,5.618,5.622,NA,24
"5/25/2022 9:04:50 AM",2.981,29.358,49.675,78.435,71573.7,1033.021,33.008,0.055,0.055,0.044,7.591,96.5,5.599,53.525,0,5.612,5.615,NA,24
"5/25/2022 9:04:50 AM",2.945,29.357,49.67,78.427,71567.1,1033.017,33.004,0.062,0.062,0.073,7.595,96.558,5.602,53.185,0,5.615,5.619,NA,24
"5/25/2022 9:04:51 AM",2.896,29.357,49.669,78.425,71565.2,1033.015,33.003,0.078,0.078,0.102,7.596,96.561,5.602,52.76,0,5.615,5.619,NA,24
"5/25/2022 9:04:51 AM",2.867,29.357,49.668,78.425,71564.8,1033.015,33.003,0.062,0.062,0.073,7.596,96.596,5.604,52.845,0,5.617,5.621,NA,24
"5/25/2022 9:04:51 AM",2.846,29.358,49.668,78.426,71564.3,1033.014,33.002,0.055,0.055,0.044,7.599,96.555,5.602,52.59,0,5.615,5.619,NA,24
"5/25/2022 9:04:51 AM",2.847,29.358,49.669,78.427,71565.2,1033.015,33.003,0.055,0.055,0.029,7.6,96.561,5.602,53.78,0,5.615,5.619,NA,24
"5/25/2022 9:04:51 AM",2.881,29.358,49.667,78.424,71563.4,1033.014,33.002,0.07,0.07,0.058,7.602,96.553,5.602,55.989,0,5.615,5.618,NA,24
"5/25/2022 9:04:52 AM",2.907,29.358,49.668,78.426,71564.7,1033.015,33.003,0.062,0.062,0.029,7.603,96.647,5.607,56.329,0,5.62,5.624,NA,24
"5/25/2022 9:04:52 AM",2.921,29.358,49.668,78.426,71564.8,1033.015,33.003,0.062,0.062,0.044,7.605,96.544,5.601,56.583,0,5.614,5.618,NA,24
"5/25/2022 9:04:52 AM",2.924,29.359,49.668,78.427,71564,1033.014,33.002,0.062,0.062,0.044,7.605,96.527,5.6,57.603,0,5.613,5.617,NA,24
"5/25/2022 9:04:52 AM",2.914,29.359,49.666,78.425,71561.9,1033.013,33,0.062,0.062,0.073,7.603,96.479,5.597,58.453,0,5.61,5.614,NA,24
"5/25/2022 9:04:52 AM",2.846,29.36,49.667,78.427,71563,1033.013,33.001,0.062,0.062,0.073,7.602,96.553,5.602,58.623,0,5.615,5.618,NA,24
"5/25/2022 9:04:53 AM",2.787,29.359,49.668,78.427,71563.7,1033.013,33.001,0.055,0.055,0.029,7.602,96.561,5.602,58.538,0,5.615,5.619,NA,24
"5/25/2022 9:04:53 AM",2.74,29.359,49.669,78.428,71564.8,1033.014,33.002,0.047,0.047,0.044,7.603,96.602,5.604,57.773,0,5.618,5.621,NA,24
"5/25/2022 9:04:53 AM",2.701,29.359,49.665,78.423,71560.3,1033.011,32.999,0.078,0.078,0.058,7.603,96.519,5.599,57.603,0,5.613,5.616,NA,24
"5/25/2022 9:04:53 AM",2.674,29.359,49.666,78.425,71561.7,1033.012,33,0.078,0.078,0.058,7.605,96.522,5.6,57.688,0,5.613,5.616,NA,24
"5/25/2022 9:04:53 AM",2.663,29.359,49.665,78.424,71560.7,1033.011,33,0.07,0.07,0.073,7.605,96.575,5.603,58.283,0,5.616,5.62,NA,24
"5/25/2022 9:04:54 AM",2.651,29.358,49.665,78.422,71560.7,1033.011,33,0.07,0.07,0.058,7.606,96.607,5.605,59.047,0,5.618,5.621,NA,24
"5/25/2022 9:04:54 AM",2.641,29.358,49.665,78.421,71560.3,1033.011,33,0.078,0.078,0.044,7.607,96.563,5.602,60.067,0,5.615,5.619,NA,24
"5/25/2022 9:04:54 AM",2.63,29.358,49.665,78.421,71560.3,1033.011,33,0.062,0.062,0.029,7.605,96.406,5.593,60.492,0,5.606,5.609,NA,24
"5/25/2022 9:04:54 AM",2.623,29.357,49.662,78.417,71557.3,1033.009,32.998,0.07,0.07,0.058,7.605,96.485,5.598,60.407,0,5.611,5.614,NA,24
"5/25/2022 9:04:54 AM",2.62,29.357,49.663,78.418,71558.2,1033.01,32.999,0.07,0.07,0.044,7.606,96.462,5.596,59.982,0,5.61,5.613,NA,24
"5/25/2022 9:04:55 AM",2.614,29.358,49.663,78.419,71558.3,1033.01,32.999,0.062,0.062,0.029,7.605,96.572,5.603,59.727,0,5.616,5.619,NA,24
"5/25/2022 9:04:55 AM",2.613,29.358,49.662,78.417,71556.4,1033.009,32.998,0.047,0.047,0.044,7.608,96.493,5.598,59.217,0,5.611,5.615,NA,24
"5/25/2022 9:04:55 AM",2.595,29.358,49.662,78.418,71556.7,1033.009,32.998,0.047,0.047,0.029,7.611,96.423,5.594,59.472,0,5.607,5.611,NA,24
"5/25/2022 9:04:55 AM",2.581,29.358,49.662,78.416,71556.1,1033.008,32.997,0.055,0.055,0.058,7.612,96.597,5.604,59.982,0,5.617,5.621,NA,24
"5/25/2022 9:04:55 AM",2.566,29.358,49.662,78.417,71556.7,1033.009,32.998,0.047,0.047,0.044,7.611,96.442,5.595,60.577,0,5.608,5.612,NA,24
"5/25/2022 9:04:56 AM",2.552,29.358,49.661,78.416,71555.2,1033.008,32.997,0.055,0.055,0.044,7.611,96.546,5.601,61.086,0,5.614,5.618,NA,24
"5/25/2022 9:04:56 AM",2.529,29.358,49.662,78.417,71556.7,1033.009,32.998,0.07,0.07,0.058,7.609,96.597,5.604,60.747,0,5.617,5.621,NA,24
"5/25/2022 9:04:56 AM",2.522,29.357,49.66,78.414,71554.5,1033.007,32.997,0.078,0.078,0.044,7.606,96.622,5.606,60.662,0,5.619,5.622,NA,24
"5/25/2022 9:04:56 AM",2.538,29.357,49.661,78.414,71555.8,1033.008,32.997,0.062,0.062,0.029,7.607,96.536,5.601,60.407,0,5.614,5.617,NA,24
"5/25/2022 9:04:56 AM",2.55,29.357,49.66,78.414,71554.7,1033.008,32.997,0.07,0.07,0.029,7.609,96.491,5.598,60.322,0,5.611,5.614,NA,24
"5/25/2022 9:04:57 AM",2.545,29.357,49.66,78.413,71554.6,1033.008,32.997,0.062,0.062,0.044,7.61,96.517,5.599,60.832,0,5.613,5.616,NA,24
"5/25/2022 9:04:57 AM",2.526,29.356,49.661,78.413,71555.2,1033.008,32.997,0.078,0.078,0.058,7.611,96.535,5.6,60.577,0,5.614,5.617,NA,24
"5/25/2022 9:04:57 AM",2.522,29.357,49.659,78.411,71552.7,1033.006,32.996,0.062,0.062,0.058,7.611,96.592,5.604,59.387,0,5.617,5.62,NA,24
"5/25/2022 9:04:57 AM",2.512,29.357,49.66,78.412,71554.3,1033.007,32.997,0.062,0.062,0.044,7.61,96.59,5.603,59.472,0,5.617,5.62,NA,24
"5/25/2022 9:04:57 AM",2.475,29.356,49.659,78.409,71552.5,1033.006,32.996,0.055,0.055,0.029,7.611,96.619,5.605,59.982,0,5.618,5.622,NA,24
"5/25/2022 9:04:58 AM",2.435,29.356,49.659,78.41,71552.9,1033.006,32.996,0.062,0.062,0.058,7.612,96.558,5.602,60.322,0,5.615,5.618,NA,24
"5/25/2022 9:04:58 AM",2.392,29.356,49.659,78.41,71552.8,1033.006,32.996,0.078,0.078,0.058,7.611,96.564,5.602,61.341,0,5.615,5.618,NA,24
"5/25/2022 9:04:58 AM",2.368,29.356,49.659,78.41,71552.5,1033.006,32.996,0.07,0.07,0.058,7.611,96.488,5.598,61.851,0,5.611,5.614,NA,24
"5/25/2022 9:04:58 AM",2.347,29.356,49.658,78.409,71551.6,1033.005,32.995,0.062,0.062,0.044,7.614,96.515,5.599,61.681,0,5.613,5.616,NA,24
"5/25/2022 9:04:58 AM",2.324,29.356,49.659,78.409,71552.6,1033.006,32.996,0.055,0.055,0.044,7.615,96.554,5.602,61.681,0,5.615,5.618,NA,24
"5/25/2022 9:04:59 AM",2.291,29.355,49.658,78.408,71551.6,1033.005,32.995,0.062,0.062,0.029,7.616,96.453,5.596,60.492,0,5.609,5.612,NA,24
"5/25/2022 9:04:59 AM",2.277,29.355,49.658,78.407,71551.6,1033.005,32.995,0.062,0.062,0,7.617,96.48,5.597,59.897,0,5.61,5.614,NA,24
"5/25/2022 9:04:59 AM",2.256,29.356,49.657,78.406,71550,1033.004,32.994,0.062,0.062,0,7.616,96.547,5.601,60.916,0,5.614,5.618,NA,24
"5/25/2022 9:04:59 AM",2.249,29.355,49.657,78.406,71551.2,1033.005,32.995,0.101,0.101,0.073,7.616,96.531,5.6,63.465,0,5.613,5.617,NA,24
"5/25/2022 9:05:00 AM",2.246,29.355,49.658,78.407,71552,1033.005,32.996,0.062,0.062,0.087,7.616,96.601,5.604,66.864,0,5.617,5.621,NA,24
"5/25/2022 9:05:00 AM",2.244,29.355,49.656,78.404,71549.3,1033.004,32.994,0.062,0.062,0.058,7.616,96.428,5.594,71.536,0,5.608,5.611,NA,24
"5/25/2022 9:05:00 AM",2.239,29.355,49.658,78.407,71551.2,1033.005,32.995,0.062,0.062,0.015,7.616,96.563,5.602,74.34,0,5.615,5.618,NA,24
"5/25/2022 9:05:00 AM",2.232,29.355,49.657,78.406,71550.4,1033.004,32.995,0.062,0.062,0.044,7.617,96.531,5.6,75.954,0,5.613,5.617,NA,24
"5/25/2022 9:05:00 AM",2.22,29.356,49.655,78.405,71548.3,1033.003,32.993,0.078,0.078,0.058,7.617,96.534,5.6,76.889,0,5.613,5.617,NA,24
"5/25/2022 9:05:01 AM",2.19,29.356,49.656,78.406,71549.2,1033.003,32.994,0.07,0.07,0.015,7.621,96.586,5.603,77.059,0,5.616,5.62,NA,24
"5/25/2022 9:05:01 AM",2.162,29.357,49.654,78.404,71546.7,1033.001,32.992,0.062,0.062,0.058,7.622,96.563,5.602,76.294,0,5.615,5.618,NA,24
"5/25/2022 9:05:01 AM",2.148,29.356,49.655,78.404,71548,1033.002,32.993,0.055,0.055,0.029,7.619,96.557,5.602,74.68,0,5.615,5.618,NA,24
"5/25/2022 9:05:01 AM",2.128,29.356,49.655,78.404,71548,1033.002,32.993,0.062,0.062,0.029,7.619,96.58,5.603,72.981,0,5.616,5.619,NA,24
"5/25/2022 9:05:01 AM",2.1,29.356,49.653,78.402,71546,1033.001,32.992,0.078,0.078,0.058,7.618,96.482,5.597,70.857,0,5.61,5.614,NA,24
"5/25/2022 9:05:02 AM",2.062,29.356,49.653,78.402,71545.4,1033,32.992,0.062,0.062,0.044,7.617,96.51,5.599,67.883,0,5.612,5.615,NA,24
"5/25/2022 9:05:02 AM",2.039,29.356,49.652,78.401,71544.6,1033,32.991,0.062,0.062,0.058,7.614,96.577,5.603,66.524,0,5.616,5.619,NA,24
"5/25/2022 9:05:02 AM",2.002,29.355,49.653,78.4,71545,1033,32.991,0.062,0.062,0.044,7.616,96.584,5.603,66.524,0,5.616,5.62,NA,24
"5/25/2022 9:05:02 AM",1.945,29.355,49.654,78.401,71546.2,1033.001,32.992,0.086,0.086,0.073,7.618,96.548,5.601,66.524,0,5.614,5.617,NA,24
"5/25/2022 9:05:02 AM",1.853,29.355,49.65,78.397,71542.1,1032.998,32.99,0.055,0.055,0.087,7.619,96.514,5.599,64.995,0,5.612,5.616,NA,24
"5/25/2022 9:05:03 AM",1.794,29.355,49.651,78.397,71542.9,1032.998,32.99,0.055,0.055,0.044,7.624,96.573,5.602,64.06,0,5.616,5.619,NA,24
"5/25/2022 9:05:03 AM",1.729,29.355,49.652,78.399,71543.5,1032.998,32.991,0.062,0.062,0.058,7.623,96.558,5.602,63.21,0,5.615,5.618,NA,24
"5/25/2022 9:05:03 AM",1.672,29.356,49.65,78.397,71541.2,1032.996,32.989,0.062,0.062,0.044,7.624,96.471,5.596,63.38,0,5.609,5.613,NA,24
"5/25/2022 9:05:03 AM",1.623,29.355,49.65,78.397,71542.1,1032.997,32.99,0.062,0.062,0.015,7.624,96.426,5.594,63.975,0,5.607,5.61,NA,24
"5/25/2022 9:05:03 AM",1.557,29.356,49.649,78.396,71540.3,1032.995,32.989,0.07,0.07,0.058,7.624,96.462,5.596,66.609,0,5.609,5.613,NA,24
"5/25/2022 9:05:04 AM",1.516,29.355,49.65,78.397,71541.4,1032.996,32.989,0.351,0.351,0.51,7.626,96.51,5.599,69.837,0,5.612,5.615,NA,24
"5/25/2022 9:05:04 AM",1.472,29.356,49.649,78.396,71540.3,1032.995,32.989,0.273,0.273,0.553,7.626,96.48,5.597,73.491,0,5.61,5.613,NA,24
"5/25/2022 9:05:04 AM",1.437,29.356,49.65,78.397,71540.9,1032.995,32.989,0.164,0.164,0.291,7.624,96.521,5.599,77.654,0,5.613,5.616,NA,24
"5/25/2022 9:05:04 AM",1.382,29.355,49.652,78.399,71544,1032.997,32.991,0.062,0.062,0.044,7.623,96.534,5.6,86.489,0,5.613,5.616,NA,24
"5/25/2022 9:05:04 AM",1.349,29.355,49.649,78.395,71540.1,1032.994,32.989,0.031,0.031,0.029,7.621,96.474,5.597,93.201,0,5.61,5.613,NA,24
"5/25/2022 9:05:05 AM",1.352,29.356,49.649,78.396,71540.5,1032.995,32.989,0.047,0.047,0.044,7.622,96.544,5.601,101.018,0,5.614,5.617,NA,24
"5/25/2022 9:05:05 AM",1.373,29.357,49.647,78.395,71537.8,1032.993,32.987,0.055,0.055,0.029,7.62,96.623,5.605,106.455,0,5.618,5.622,NA,24
"5/25/2022 9:05:05 AM",1.389,29.357,49.647,78.395,71537.7,1032.993,32.987,0.062,0.062,0.058,7.617,96.523,5.599,107.22,0,5.612,5.616,NA,24
"5/25/2022 9:05:05 AM",1.408,29.357,49.651,78.4,71542.1,1032.995,32.989,0.062,0.062,0.058,7.622,96.54,5.6,103.482,0,5.613,5.617,NA,24
"5/25/2022 9:05:05 AM",1.425,29.358,49.649,78.398,71540.1,1032.994,32.988,0.07,0.07,0.029,7.624,96.545,5.6,106.37,0,5.613,5.617,NA,24
"5/25/2022 9:05:06 AM",1.425,29.358,49.65,78.4,71541.1,1032.995,32.989,0.07,0.07,0.015,7.625,96.626,5.605,112.572,0,5.618,5.622,NA,24
"5/25/2022 9:05:06 AM",1.404,29.358,49.649,78.399,71540,1032.994,32.988,0.055,0.055,0.029,7.625,96.584,5.603,117.755,0,5.616,5.619,NA,24
"5/25/2022 9:05:06 AM",1.368,29.358,49.648,78.398,71538.7,1032.993,32.987,0.125,0.125,0.16,7.624,96.558,5.601,117.84,0,5.614,5.618,NA,24
"5/25/2022 9:05:06 AM",1.34,29.358,49.648,78.397,71538.1,1032.992,32.987,0.094,0.094,0.233,7.624,96.45,5.595,116.565,0,5.608,5.611,NA,24
"5/25/2022 9:05:06 AM",1.302,29.359,49.649,78.4,71539.4,1032.993,32.987,0.062,0.062,0.087,7.621,96.588,5.603,111.723,0,5.616,5.619,NA,24
"5/25/2022 9:05:07 AM",1.246,29.359,49.648,78.398,71538,1032.992,32.986,0.086,0.086,0.131,7.621,96.565,5.602,103.821,0,5.615,5.618,NA,24
"5/25/2022 9:05:07 AM",1.17,29.358,49.648,78.398,71538.1,1032.992,32.987,0.078,0.078,0.116,7.622,96.511,5.598,97.959,0,5.612,5.615,NA,24
"5/25/2022 9:05:07 AM",1.044,29.358,49.647,78.396,71537.1,1032.991,32.986,0.047,0.047,0.058,7.621,96.455,5.595,98.214,0,5.608,5.612,NA,24
"5/25/2022 9:05:07 AM",0.983,29.359,49.646,78.396,71536,1032.99,32.985,0.062,0.062,0.044,7.619,96.471,5.596,96.175,0,5.609,5.612,NA,24
"5/25/2022 9:05:07 AM",0.937,29.359,49.644,78.393,71533.1,1032.988,32.984,0.055,0.055,0.015,7.618,96.578,5.602,91.417,0,5.616,5.619,NA,24
"5/25/2022 9:05:08 AM",0.883,29.359,49.643,78.392,71531.7,1032.986,32.983,0.047,0.047,0.029,7.618,96.585,5.603,86.914,0,5.616,5.619,NA,24
"5/25/2022 9:05:08 AM",0.806,29.359,49.643,78.392,71531.7,1032.986,32.983,0.047,0.047,0.044,7.616,96.463,5.596,77.569,0,5.609,5.612,NA,24
"5/25/2022 9:05:08 AM",0.763,29.359,49.643,78.392,71531.4,1032.986,32.983,0.047,0.047,0.073,7.617,96.599,5.603,70.857,0,5.617,5.62,NA,24
"5/25/2022 9:05:08 AM",0.742,29.36,49.64,78.389,71528.4,1032.984,32.981,0.062,0.062,0.058,7.619,96.528,5.599,70.687,0,5.612,5.616,NA,24
"5/25/2022 9:05:08 AM",0.73,29.36,49.638,78.386,71525.9,1032.982,32.979,0.047,0.047,0.029,7.617,96.485,5.597,77.909,0,5.61,5.613,NA,24
"5/25/2022 9:05:09 AM",0.721,29.361,49.639,78.389,71526.8,1032.982,32.979,0.07,0.07,0.044,7.617,96.54,5.6,95.07,0,5.613,5.617,NA,24
"5/25/2022 9:05:09 AM",0.7,29.361,49.638,78.387,71525.1,1032.981,32.978,0.07,0.07,0.015,7.619,96.534,5.6,99.318,0,5.613,5.616,NA,24
"5/25/2022 9:05:09 AM",0.662,29.361,49.638,78.388,71525.9,1032.982,32.979,0.062,0.062,0.058,7.617,96.608,5.604,94.306,0,5.617,5.621,NA,24
"5/25/2022 9:05:09 AM",0.636,29.361,49.636,78.385,71522.6,1032.979,32.977,0.062,0.062,0.058,7.618,96.496,5.598,87.509,0,5.611,5.614,NA,24
"5/25/2022 9:05:10 AM",0.637,29.361,49.636,78.385,71522.7,1032.98,32.977,0.062,0.062,0.058,7.619,96.535,5.6,88.104,0,5.613,5.616,NA,24
"5/25/2022 9:05:10 AM",0.662,29.361,49.635,78.383,71521,1032.979,32.976,0.062,0.062,0.087,7.622,96.536,5.6,108.579,0,5.613,5.616,NA,24
"5/25/2022 9:05:10 AM",0.702,29.361,49.634,78.383,71520.7,1032.978,32.975,0.078,0.078,0.116,7.62,96.554,5.601,127.27,0,5.614,5.617,NA,24
"5/25/2022 9:05:10 AM",0.712,29.361,49.635,78.382,71521.2,1032.979,32.976,0.14,0.14,0.131,7.618,96.532,5.599,139.59,0,5.613,5.616,NA,24
"5/25/2022 9:05:10 AM",0.733,29.36,49.635,78.382,71521.2,1032.979,32.976,0.07,0.07,0.058,7.617,96.525,5.599,144.687,0,5.612,5.615,NA,24
"5/25/2022 9:05:11 AM",0.728,29.36,49.635,78.382,71521.1,1032.979,32.976,0.07,0.07,0.087,7.613,96.532,5.599,147.661,0,5.613,5.616,NA,24
"5/25/2022 9:05:11 AM",0.667,29.359,49.635,78.382,71522.3,1032.98,32.977,0.07,0.07,0.102,7.611,96.647,5.606,154.882,0,5.619,5.623,NA,24
"5/25/2022 9:05:11 AM",0.573,29.36,49.634,78.381,71520.7,1032.978,32.976,0.086,0.086,0.102,7.61,96.482,5.597,162.189,0,5.61,5.613,NA,24
"5/25/2022 9:05:11 AM",0.483,29.36,49.633,78.379,71519.6,1032.977,32.975,0.148,0.148,0.277,7.609,96.55,5.6,178.586,0,5.614,5.617,NA,24
"5/25/2022 9:05:11 AM",0.371,29.359,49.632,78.376,71517.3,1032.976,32.974,0.086,0.086,0.116,7.609,96.494,5.597,192.435,0,5.61,5.614,NA,24
"5/25/2022 9:05:12 AM",0.178,29.356,49.624,78.361,71507.7,1032.97,32.969,0.047,0.047,0.029,7.608,96.547,5.601,201.611,0,5.614,5.617,NA,24
"5/25/2022 9:05:12 AM",0.055,29.356,49.62,78.356,71503.6,1032.967,32.967,0.055,0.055,0.044,7.608,96.482,5.597,216.309,0,5.61,5.613,NA,24
"5/25/2022 9:05:12 AM",0,29.357,49.613,78.348,71494.5,1032.961,32.961,0.055,0.055,0.029,7.608,96.545,5.601,230.582,0,5.614,5.617,NA,24
"5/25/2022 9:05:12 AM",0,29.357,49.612,78.345,71492.6,1032.959,32.96,0.062,0.062,0.029,7.609,96.524,5.599,231.092,0,5.613,5.616,NA,24
"5/25/2022 9:05:12 AM",0,29.358,49.608,78.341,71488.1,1032.957,32.957,0.047,0.047,0,7.61,96.506,5.599,219.452,0,5.612,5.615,NA,24
"5/25/2022 9:05:13 AM",0,29.359,49.603,78.336,71481.8,1032.952,32.953,0.039,0.039,0.015,7.608,96.461,5.596,227.014,0,5.61,5.613,NA,24
"5/25/2022 9:05:13 AM",0,29.358,49.604,78.336,71483.3,1032.953,32.954,0.039,0.039,0.029,7.611,96.547,5.601,242.222,0,5.614,5.618,NA,24
"5/25/2022 9:05:13 AM",0,29.359,49.604,78.337,71482.4,1032.952,32.953,0.047,0.047,0.029,7.613,96.502,5.599,249.868,0,5.612,5.615,NA,24
"5/25/2022 9:05:13 AM",0,29.359,49.604,78.337,71482.3,1032.952,32.953,0.039,0.039,0.029,7.61,96.667,5.608,286.486,0,5.621,5.625,NA,24
"5/25/2022 9:05:13 AM",0,29.359,49.598,78.328,71474.8,1032.947,32.949,0.023,0.023,0,7.616,96.566,5.602,285.551,0,5.615,5.619,NA,24
"5/25/2022 9:05:14 AM",0,29.353,49.586,78.304,71460.1,1032.939,32.941,0.016,0.016,0,7.612,96.573,5.603,353.01,0,5.617,5.62,NA,24
"5/25/2022 9:05:14 AM",0,29.348,49.573,78.28,71445.6,1032.932,32.934,0.086,0.086,0.073,7.61,96.569,5.603,395.405,0,5.617,5.62,NA,24
"5/25/2022 9:05:14 AM",0,29.346,49.575,78.28,71448.2,1032.934,32.936,0.101,0.101,0.131,7.61,96.568,5.604,400.078,0,5.617,5.62,NA,24
"5/25/2022 9:05:14 AM",0,29.349,49.583,78.294,71457.3,1032.939,32.941,0.047,0.047,0.044,7.609,96.483,5.598,391.327,0,5.611,5.615,NA,24
"5/25/2022 9:05:14 AM",0,29.354,49.575,78.291,71447.3,1032.932,32.933,0.086,0.086,0.102,7.609,96.518,5.6,342.22,0,5.614,5.617,NA,24
"5/25/2022 9:05:15 AM",0,29.354,49.576,78.293,71448.3,1032.932,32.934,0.07,0.07,0,7.608,96.413,5.594,325.483,0,5.607,5.611,NA,24
"5/25/2022 9:05:15 AM",0,29.355,49.574,78.291,71445.9,1032.93,32.932,0.156,0.156,0,7.607,96.518,5.6,346.298,0,5.614,5.617,NA,24
"5/25/2022 9:05:15 AM",0,29.355,49.57,78.285,71440.6,1032.927,32.929,0.367,0.367,0,7.607,96.447,5.596,364.649,0,5.61,5.613,NA,24
"5/25/2022 9:05:15 AM",0,29.354,49.565,78.277,71434.2,1032.923,32.926,0.289,0.289,0.16,7.61,96.682,5.61,364.139,0,5.623,5.627,NA,24
"5/25/2022 9:05:15 AM",0,29.341,2.627,5.346,4879.7,997.809,0,82.368,82.368,0,7.608,96.532,7.259,356.578,0,7.28,7.28,NA,24
"5/25/2022 9:05:16 AM",0,29.299,1.32,2.789,2548,996.845,0,115.545,115.545,66.001,7.611,96.31,7.295,368.387,0,7.316,7.316,NA,24
"5/25/2022 9:05:16 AM",0,29.161,1.033,2.205,2020.2,996.672,0,449.627,449.627,401.441,7.61,96.272,7.303,358.702,0,7.324,7.325,NA,24
"5/25/2022 9:05:16 AM",0,28.972,0.863,1.85,1701.6,996.6,0,183.169,183.169,138.691,7.609,96.177,7.304,375.439,0,7.326,7.326,NA,24
"5/25/2022 9:05:16 AM",0,28.731,0.703,1.513,1398.6,996.55,0,267.355,267.355,96.919,7.61,96.093,7.306,396.934,0,7.327,7.328,NA,24
"5/25/2022 9:05:16 AM",0,28.618,0.645,1.39,1287.5,996.54,0,141.162,141.162,51.628,7.612,96.016,7.302,425.821,0,7.323,7.323,NA,24
"5/25/2022 9:05:17 AM",0,28.493,0.598,1.291,1198.6,996.541,0,82.563,82.563,15.192,7.609,95.83,7.291,434.402,0,7.312,7.312,NA,24
"5/25/2022 9:05:17 AM",0,28.427,0.564,1.217,1132,996.534,0,209.083,209.083,0.408,7.607,95.915,7.299,466.092,0,7.32,7.321,NA,24
"5/25/2022 9:05:17 AM",0,28.399,0.524,1.135,1055.9,996.513,0,120.405,120.405,27.576,7.608,95.715,7.287,484.613,0,7.308,7.308,NA,24
"5/25/2022 9:05:17 AM",0,28.368,0.503,1.09,1014.9,996.506,0,181.804,181.804,50.083,7.61,95.615,7.28,496.423,0,7.301,7.301,NA,24
"5/25/2022 9:05:17 AM",0,28.341,0.482,1.045,973.3,996.498,0,109.842,109.842,99.662,7.606,95.614,7.282,484.613,0,7.303,7.303,NA,24
"5/25/2022 9:05:18 AM",0,28.274,0.467,1.012,944,996.506,0,486.728,486.728,436.934,7.605,95.551,7.278,471.614,0,7.299,7.299,NA,24
"5/25/2022 9:05:18 AM",0,28.166,0.442,0.958,895.4,996.518,0,218.967,218.967,281.483,7.603,95.419,7.269,445.022,0,7.29,7.29,NA,24
"5/25/2022 9:05:18 AM",0,28.129,0.43,0.932,871.6,996.52,0,79.092,79.092,37.078,7.6,95.415,7.274,461.844,0,7.295,7.295,NA,24
"5/25/2022 9:05:18 AM",0,28.132,0.419,0.908,849.7,996.51,0,54.067,54.067,10.44,7.6,95.421,7.279,525.479,0,7.3,7.3,NA,24
"5/25/2022 9:05:18 AM",0,28.121,0.396,0.861,806,996.497,0,42.163,42.163,4.96,7.599,95.452,7.286,597.865,0,7.307,7.307,NA,24
"5/25/2022 9:05:19 AM",0,28.075,0.389,0.846,792.1,996.505,0,38.746,38.746,3.937,7.599,95.285,7.276,609.59,0,7.297,7.297,NA,24
"5/25/2022 9:05:19 AM",0,27.985,0.381,0.826,775.3,996.524,0,43.567,43.567,0.626,7.601,95.428,7.29,587.67,0,7.311,7.311,NA,24
"5/25/2022 9:05:19 AM",0,27.947,0.367,0.797,748.6,996.524,0,43.068,43.068,19.785,7.598,95.179,7.275,599.224,0,7.296,7.296,NA,24
"5/25/2022 9:05:19 AM",0,27.91,0.349,0.758,712.4,996.521,0,34.511,34.511,116.574,7.601,94.877,7.253,593.192,0,7.274,7.274,NA,24
"5/25/2022 9:05:20 AM",0,27.821,0.342,0.743,699.5,996.541,0,9.72,9.72,32.692,7.601,94.943,7.261,571.442,0,7.282,7.282,NA,24
"5/25/2022 9:05:20 AM",0,27.786,0.339,0.736,693.6,996.549,0,6.872,6.872,9.633,7.601,94.952,7.262,561.757,0,7.283,7.283,NA,24
"5/25/2022 9:05:20 AM",0,27.773,0.329,0.715,673.7,996.545,0,76.861,76.861,0,7.601,94.981,7.269,555.47,0,7.29,7.29,NA,24
"5/25/2022 9:05:20 AM",0,27.781,0.325,0.705,664.2,996.539,0,62.008,62.008,0,7.599,95.196,7.288,551.137,0,7.309,7.309,NA,24
"5/25/2022 9:05:20 AM",0,27.815,0.318,0.69,650,996.524,0,136.427,136.427,39.645,7.596,95.043,7.278,541.706,0,7.299,7.299,NA,24
"5/25/2022 9:05:21 AM",0,27.863,0.314,0.683,642.7,996.508,0,100.591,100.591,33.32,7.595,95.244,7.296,505.598,0,7.317,7.317,NA,24
"5/25/2022 9:05:21 AM",0,27.889,0.299,0.652,612.7,996.49,0,110.217,110.217,122.217,7.594,95.131,7.289,513.754,0,7.31,7.31,NA,24
"5/25/2022 9:05:21 AM",0,27.892,0.289,0.629,591.7,996.481,0,32.038,32.038,30.825,7.594,94.977,7.28,466.941,0,7.301,7.301,NA,24
"5/25/2022 9:05:21 AM",0,27.88,0.287,0.625,587.9,996.483,0,8.261,8.261,5.574,7.593,94.957,7.28,428.284,0,7.3,7.301,NA,24
"5/25/2022 9:05:21 AM",0,27.848,0.409,0.883,831.2,996.584,0,1.412,1.412,0,7.593,94.803,7.262,350.291,0,7.283,7.283,NA,24
"5/25/2022 9:05:22 AM",0,27.802,0.715,1.51,1422.7,996.826,0,0.211,0.211,0,7.592,94.722,7.245,246.639,0,7.265,7.266,NA,24
"5/25/2022 9:05:22 AM",0,27.71,1.076,2.227,2101.7,997.123,0,0,0,0,7.587,94.269,7.195,155.222,0,7.216,7.216,NA,24
"5/25/2022 9:05:22 AM",0,27.555,0.928,1.93,1827.1,997.057,0,1.303,1.303,1.296,7.584,94.067,7.185,150.889,0,7.206,7.206,NA,24
"5/25/2022 9:05:22 AM",0,27.375,0.607,1.281,1217.6,996.866,0,1.646,1.646,1.413,7.582,94.089,7.2,169.411,0,7.221,7.221,NA,24
"5/25/2022 9:05:22 AM",0,27.229,0.536,1.133,1079.7,996.853,0,1.474,1.474,2.857,7.582,94.006,7.197,218.518,0,7.218,7.218,NA,24
"5/25/2022 9:05:23 AM",0,27.053,0.444,0.942,901.7,996.833,0,0.569,0.569,0.146,7.578,94.19,7.215,317.496,0,7.236,7.236,NA,24
"5/25/2022 9:05:23 AM",0,27.019,0.413,0.877,840.1,996.819,0,0.983,0.983,2.332,7.577,94.314,7.227,386.314,0,7.247,7.248,NA,24
"5/25/2022 9:05:23 AM",0,27,0.368,0.784,751.1,996.79,0,1.42,1.42,9.735,7.576,94.156,7.216,462.948,0,7.237,7.237,NA,24
"5/25/2022 9:05:23 AM",0,26.983,0.331,0.708,678.4,996.767,0,1.95,1.95,8.122,7.578,94.274,7.225,513.245,0,7.246,7.246,NA,24
"5/25/2022 9:05:23 AM",0,27.116,2.165,4.268,4078,998.107,0,30.033,30.033,20.11,7.575,94.338,7.159,543.83,0,7.179,7.179,NA,24
"5/25/2022 9:05:24 AM",0,27.479,1.568,3.17,3006.3,997.558,0,12.879,12.879,11.806,7.598,93.819,7.152,532.446,0,7.173,7.173,NA,24
"5/25/2022 9:05:24 AM",0,27.599,1.527,3.1,2931.9,997.493,0,5.039,5.039,8.796,7.63,93.358,7.135,494.723,0,7.155,7.155,NA,24
"5/25/2022 9:05:24 AM",0,27.634,1.469,2.99,2826.2,997.44,0,2.777,2.777,9.046,7.658,93.031,7.126,477.986,0,7.146,7.147,NA,24
"5/25/2022 9:05:24 AM",0,27.64,1.515,3.079,2909.8,997.473,0,2.613,2.613,9.383,7.681,93.017,7.133,471.104,0,7.153,7.153,NA,24
"5/25/2022 9:05:24 AM",0,27.643,1.437,2.928,2767.1,997.413,0,2.192,2.192,8.738,7.712,92.655,7.119,483.509,0,7.139,7.139,NA,24
"5/25/2022 9:05:25 AM",0,27.646,1.4,2.858,2700.5,997.385,0,2.005,2.005,7.946,7.729,92.699,7.13,504.664,0,7.15,7.15,NA,24
"5/25/2022 9:05:25 AM",0,27.65,1.385,2.828,2672.5,997.373,0,1.825,1.825,8.049,7.742,92.666,7.132,520.636,0,7.153,7.153,NA,24
"5/25/2022 9:05:25 AM",0,27.654,1.39,2.839,2682,997.375,0,1.872,1.872,8.049,7.753,92.507,7.124,538.903,0,7.145,7.145,NA,24
"5/25/2022 9:05:25 AM",0,27.657,1.39,2.838,2681.4,997.374,0,2.184,2.184,8.225,7.762,92.344,7.114,551.052,0,7.134,7.135,NA,24
"5/25/2022 9:05:25 AM",0,27.66,1.386,2.831,2674.6,997.371,0,2.052,2.052,8.357,7.775,92.074,7.096,561.927,0,7.116,7.117,NA,24
"5/25/2022 9:05:26 AM",0,27.661,1.383,2.825,2668.6,997.368,0,2.044,2.044,8.181,7.782,92.015,7.093,554.875,0,7.113,7.114,NA,24
"5/25/2022 9:05:26 AM",0,27.662,1.387,2.832,2675.3,997.37,0,1.981,1.981,8.239,7.791,91.91,7.087,556.999,0,7.107,7.107,NA,24
"5/25/2022 9:05:26 AM",0,27.66,1.385,2.828,2672,997.369,0,1.888,1.888,8.034,7.797,91.826,7.082,571.103,0,7.102,7.102,NA,24
"5/25/2022 9:05:26 AM",0,27.659,1.385,2.828,2672.2,997.37,0,1.755,1.755,8.518,7.81,91.472,7.055,589.114,0,7.075,7.076,NA,24
"5/25/2022 9:05:26 AM",0,27.661,1.385,2.829,2672.5,997.369,0,1.786,1.786,8.239,7.817,91.322,7.043,611.798,0,7.063,7.064,NA,24
"5/25/2022 9:05:27 AM",0,27.663,1.372,2.804,2648.7,997.359,0,1.849,1.849,8.547,7.819,91.424,7.051,636.947,0,7.072,7.072,NA,24
"5/25/2022 9:05:27 AM",0,27.665,1.363,2.787,2632.4,997.352,0,1.864,1.864,8.796,7.825,91.326,7.043,647.482,0,7.064,7.064,NA,24
"5/25/2022 9:05:27 AM",0,27.664,1.35,2.76,2607.5,997.342,0,2.02,2.02,9.398,7.829,91.276,7.04,649.266,0,7.06,7.06,NA,24
"5/25/2022 9:05:27 AM",0,27.669,1.328,2.719,2568.5,997.325,0,2.036,2.036,9.134,7.835,91.209,7.035,646.122,0,7.055,7.055,NA,24
"5/25/2022 9:05:27 AM",0,27.668,1.318,2.7,2549.9,997.317,0,2.067,2.067,8.503,7.839,91.102,7.026,643.404,0,7.047,7.047,NA,24
"5/25/2022 9:05:28 AM",0,27.666,1.301,2.667,2518.8,997.305,0,1.857,1.857,9.06,7.843,91.063,7.023,641.195,0,7.043,7.044,NA,24
"5/25/2022 9:05:28 AM",0,27.667,1.291,2.648,2500.8,997.297,0,2.005,2.005,9.148,7.843,90.967,7.017,638.051,0,7.037,7.037,NA,24
"5/25/2022 9:05:28 AM",0,27.67,1.267,2.599,2455,997.278,0,2.13,2.13,8.811,7.847,91.16,7.032,634.993,0,7.052,7.053,NA,24
"5/25/2022 9:05:28 AM",0,27.672,1.269,2.604,2459.4,997.279,0,2.176,2.176,9.134,7.848,90.861,7.009,632.359,0,7.029,7.029,NA,24
"5/25/2022 9:05:28 AM",0,27.675,1.248,2.563,2420.2,997.262,0,1.927,1.927,9.134,7.847,91.052,7.025,627.941,0,7.045,7.045,NA,24
"5/25/2022 9:05:29 AM",0,27.676,1.243,2.553,2411.5,997.258,0,1.942,1.942,8.972,7.846,90.868,7.011,624.882,0,7.031,7.031,NA,24
"5/25/2022 9:05:29 AM",0,27.679,1.218,2.505,2365.9,997.239,0,2.075,2.075,8.826,7.851,90.789,7.005,624.797,0,7.025,7.025,NA,24
"5/25/2022 9:05:29 AM",0,27.682,1.2,2.47,2332.5,997.225,0,1.981,1.981,8.547,7.854,90.839,7.009,626.497,0,7.029,7.029,NA,24
"5/25/2022 9:05:29 AM",0,27.684,1.189,2.448,2311.8,997.216,0,1.833,1.833,8.752,7.854,90.705,6.998,630.575,0,7.018,7.018,NA,24
"5/25/2022 9:05:30 AM",0,27.686,1.177,2.425,2290,997.206,0,1.669,1.669,8.84,7.857,90.805,7.007,635.332,0,7.027,7.027,NA,24
"5/25/2022 9:05:30 AM",0,27.687,1.165,2.403,2268.4,997.197,0,1.677,1.677,8.225,7.854,90.662,6.996,640.94,0,7.016,7.016,NA,24
"5/25/2022 9:05:30 AM",0,27.688,1.146,2.364,2232.4,997.182,0,1.599,1.599,8.899,7.854,90.597,6.991,647.312,0,7.011,7.011,NA,24
"5/25/2022 9:05:30 AM",0,27.687,1.131,2.336,2205.3,997.172,0,1.896,1.896,8.43,7.856,90.771,7.007,648.926,0,7.026,7.027,NA,24
"5/25/2022 9:05:30 AM",0,27.687,1.104,2.282,2154.8,997.151,0,2.02,2.02,7.741,7.855,90.836,7.012,652.579,0,7.032,7.032,NA,24
"5/25/2022 9:05:31 AM",0,27.689,1.102,2.279,2151.4,997.149,0,1.747,1.747,8.591,7.853,90.657,6.998,657.252,0,7.018,7.018,NA,24
"5/25/2022 9:05:31 AM",0,27.687,1.098,2.271,2144.3,997.147,0,1.974,1.974,8.122,7.855,90.793,7.009,663.539,0,7.029,7.029,NA,24
"5/25/2022 9:05:31 AM",0,27.689,1.107,2.288,2160,997.153,0,1.919,1.919,8.181,7.858,90.572,6.991,665.493,0,7.011,7.011,NA,24
"5/25/2022 9:05:31 AM",0,27.691,1.11,2.294,2165.4,997.154,0,1.74,1.74,8.063,7.859,90.607,6.995,662.265,0,7.015,7.015,NA,24
"5/25/2022 9:05:31 AM",0,27.693,1.114,2.303,2173.9,997.157,0,1.935,1.935,8.371,7.857,90.675,7,658.272,0,7.02,7.02,NA,24
"5/25/2022 9:05:32 AM",0,27.694,1.117,2.307,2178,997.159,0,1.903,1.903,8.928,7.857,90.662,6.998,653.344,0,7.018,7.018,NA,24
"5/25/2022 9:05:32 AM",0,27.697,1.12,2.313,2183.8,997.16,0,1.771,1.771,8.533,7.855,90.636,6.995,643.404,0,7.015,7.015,NA,24
"5/25/2022 9:05:32 AM",0,27.698,1.121,2.315,2185.7,997.161,0,1.942,1.942,8.005,7.855,90.764,7.004,637.796,0,7.024,7.024,NA,24
"5/25/2022 9:05:32 AM",0,27.701,1.119,2.312,2182.3,997.158,0,1.716,1.716,7.712,7.854,90.727,7.002,631.764,0,7.022,7.022,NA,24
"5/25/2022 9:05:32 AM",0,27.703,1.118,2.309,2179.7,997.157,0,1.786,1.786,8.474,7.852,90.782,7.007,627.431,0,7.027,7.027,NA,24
"5/25/2022 9:05:33 AM",0,27.707,1.117,2.308,2178.7,997.155,0,1.693,1.693,8.811,7.854,90.858,7.012,624.627,0,7.032,7.032,NA,24
"5/25/2022 9:05:33 AM",0,27.712,1.114,2.303,2173.2,997.152,0,1.888,1.888,8.386,7.855,90.705,7,624.203,0,7.02,7.02,NA,24
"5/25/2022 9:05:33 AM",0,27.712,1.109,2.292,2163.4,997.148,0,2.192,2.192,8.459,7.856,90.78,7.005,626.157,0,7.025,7.025,NA,24
"5/25/2022 9:05:33 AM",0,27.716,1.11,2.296,2166.3,997.148,0,1.802,1.802,8.928,7.851,90.584,6.99,631.509,0,7.01,7.01,NA,24
"5/25/2022 9:05:33 AM",0,27.719,1.102,2.28,2151,997.141,0,1.864,1.864,9.06,7.854,90.66,6.995,637.796,0,7.015,7.016,NA,24
"5/25/2022 9:05:34 AM",0,27.719,1.094,2.263,2135.4,997.134,0,2.036,2.036,8.489,7.854,90.723,7,649.946,0,7.02,7.02,NA,24
"5/25/2022 9:05:34 AM",0,27.722,1.089,2.253,2126,997.13,0,1.927,1.927,8.195,7.854,90.795,7.004,658.951,0,7.024,7.024,NA,24
"5/25/2022 9:05:34 AM",0,27.72,1.079,2.235,2108.8,997.123,0,1.935,1.935,8.401,7.853,90.816,7.007,668.297,0,7.027,7.027,NA,24
"5/25/2022 9:05:34 AM",0,27.716,1.074,2.224,2099,997.12,0,2.387,2.387,7.858,7.853,90.575,6.987,677.048,0,7.007,7.008,NA,24
"5/25/2022 9:05:34 AM",0,27.72,1.074,2.224,2098.3,997.119,0,1.833,1.833,8.591,7.851,90.643,6.992,684.354,0,7.012,7.012,NA,24
"5/25/2022 9:05:35 AM",0,27.713,1.057,2.191,2067.5,997.109,0,1.896,1.896,9.031,7.852,90.557,6.985,692.256,0,7.005,7.005,NA,24
"5/25/2022 9:05:35 AM",0,27.711,1.058,2.192,2068.4,997.11,0,1.638,1.638,8.752,7.852,90.785,7.002,694.55,0,7.022,7.023,NA,24
"5/25/2022 9:05:35 AM",0,27.715,1.05,2.178,2054.9,997.103,0,1.974,1.974,8.796,7.851,90.76,7.001,694.805,0,7.021,7.021,NA,24
"5/25/2022 9:05:35 AM",0,27.707,1.046,2.168,2046.3,997.102,0,1.584,1.584,8.533,7.847,90.758,7,692.681,0,7.02,7.02,NA,24
"5/25/2022 9:05:35 AM",0,27.714,1.047,2.172,2049.3,997.101,0,1.864,1.864,8.635,7.846,90.878,7.008,684.694,0,7.028,7.028,NA,24
"5/25/2022 9:05:36 AM",0,27.717,1.043,2.163,2041.4,997.097,0,1.88,1.88,8.445,7.846,90.706,6.996,677.643,0,7.015,7.016,NA,24
"5/25/2022 9:05:36 AM",0,27.717,1.043,2.163,2040.7,997.097,0,1.974,1.974,8.884,7.844,90.769,7,668.892,0,7.02,7.02,NA,24
"5/25/2022 9:05:36 AM",0,27.726,1.042,2.163,2040.2,997.094,0,2.02,2.02,8.782,7.844,90.717,6.995,659.971,0,7.015,7.015,NA,24
"5/25/2022 9:05:36 AM",0,27.73,1.037,2.152,2030,997.089,0,1.888,1.888,8.635,7.842,90.59,6.986,644.933,0,7.006,7.006,NA,24
"5/25/2022 9:05:36 AM",0,27.732,1.037,2.153,2030.6,997.089,0,2.013,2.013,8.621,7.842,90.85,7.004,635.672,0,7.024,7.024,NA,24
"5/25/2022 9:05:37 AM",0,27.742,1.037,2.152,2029.6,997.085,0,2.005,2.005,9.178,7.84,90.813,7.002,627.941,0,7.022,7.022,NA,24
"5/25/2022 9:05:37 AM",0,27.743,1.032,2.142,2020.5,997.081,0,1.974,1.974,8.474,7.838,90.86,7.005,621.314,0,7.025,7.025,NA,24
"5/25/2022 9:05:37 AM",0,27.741,1.034,2.147,2024.5,997.083,0,1.88,1.88,8.518,7.836,90.84,7.003,616.471,0,7.023,7.023,NA,24
"5/25/2022 9:05:37 AM",0,27.75,1.031,2.141,2019,997.079,0,1.903,1.903,8.782,7.833,90.708,6.994,613.243,0,7.014,7.014,NA,24
"5/25/2022 9:05:37 AM",0,27.743,1.03,2.139,2017.1,997.08,0,1.911,1.911,8.357,7.832,90.861,7.006,613.583,0,7.026,7.026,NA,24
