"Date","Depth..m.","Temp...degC.","Sal.","Cond...mS.cm.","EC25..µS.cm.","Density..kg.m3.","SigmaT","Chl.Flu...ppb.","Chl.a..µg.l.","Turb...FTU.","pH","DO....","Weiss.DO..mg.l.","Quant...µmol..m2.s..","Mark","G.G.DO..mg.l.","B.K.DO..mg.l.","X","Station"
"5/26/2022 8:21:12 AM",1.603,30.124,50.357,80.486,72331.2,1033.258,33.251,0.585,0.585,0.437,7.663,101.856,5.833,400.672,0,5.846,5.85,NA,32
"5/26/2022 8:21:12 AM",1.602,30.122,50.358,80.484,72332.8,1033.259,33.252,0.499,0.499,0.335,7.664,101.76,5.828,405.515,0,5.841,5.845,NA,32
"5/26/2022 8:21:12 AM",1.603,30.12,50.36,80.484,72335.2,1033.261,33.254,0.53,0.53,0.306,7.665,101.852,5.834,315.967,0,5.847,5.851,NA,32
"5/26/2022 8:21:12 AM",1.602,30.119,50.355,80.476,72329.9,1033.258,33.251,0.725,0.725,0.408,7.664,101.8,5.831,302.883,0,5.844,5.848,NA,32
"5/26/2022 8:21:13 AM",1.607,30.119,50.352,80.471,72325.8,1033.256,33.249,0.538,0.538,0.335,7.665,101.78,5.831,309,0,5.844,5.847,NA,32
"5/26/2022 8:21:13 AM",1.635,30.119,50.345,80.461,72316.9,1033.25,33.243,0.53,0.53,0.437,7.665,101.749,5.829,367.113,0,5.842,5.846,NA,32
"5/26/2022 8:21:13 AM",1.654,30.119,50.348,80.466,72321,1033.253,33.246,0.608,0.608,0.437,7.666,101.866,5.837,378.158,0,5.85,5.854,NA,32
"5/26/2022 8:21:13 AM",1.685,30.12,50.349,80.468,72322.1,1033.254,33.247,0.507,0.507,0.32,7.666,101.788,5.832,314.608,0,5.845,5.849,NA,32
"5/26/2022 8:21:13 AM",1.715,30.119,50.347,80.464,72319.8,1033.253,33.245,0.601,0.601,0.379,7.664,101.859,5.836,395.83,0,5.849,5.853,NA,32
"5/26/2022 8:21:14 AM",1.76,30.117,50.346,80.459,72318,1033.252,33.245,0.538,0.538,0.335,7.665,101.867,5.837,446.551,0,5.85,5.854,NA,32
"5/26/2022 8:21:14 AM",1.791,30.116,50.345,80.456,72317.4,1033.252,33.245,0.421,0.421,0.262,7.666,101.798,5.833,372.72,0,5.846,5.85,NA,32
"5/26/2022 8:21:14 AM",1.807,30.115,50.342,80.45,72313.5,1033.25,33.243,0.515,0.515,0.306,7.666,101.747,5.83,327.012,0,5.843,5.846,NA,32
"5/26/2022 8:21:14 AM",1.819,30.118,50.343,80.457,72314.1,1033.25,33.242,0.515,0.515,0.335,7.668,101.959,5.842,389.797,0,5.855,5.858,NA,32
"5/26/2022 8:21:14 AM",1.812,30.118,50.348,80.465,72321.3,1033.254,33.246,0.64,0.64,0.408,7.667,101.859,5.835,370.511,0,5.849,5.852,NA,32
"5/26/2022 8:21:15 AM",1.789,30.116,50.35,80.465,72323.7,1033.256,33.248,0.507,0.507,0.277,7.669,101.911,5.838,374.929,0,5.851,5.854,NA,32
"5/26/2022 8:21:15 AM",1.77,30.116,50.349,80.463,72322.4,1033.255,33.248,0.569,0.569,0.277,7.67,101.903,5.837,370.936,0,5.85,5.854,NA,32
"5/26/2022 8:21:15 AM",1.73,30.116,50.347,80.46,72320.4,1033.254,33.247,0.499,0.499,0.248,7.671,101.827,5.832,372.975,0,5.846,5.849,NA,32
"5/26/2022 8:21:15 AM",1.701,30.113,50.352,80.462,72326.6,1033.258,33.251,0.655,0.655,0.408,7.67,101.847,5.833,353.434,0,5.847,5.85,NA,32
"5/26/2022 8:21:16 AM",1.662,30.113,50.345,80.452,72317.5,1033.253,33.246,0.499,0.499,0.306,7.672,101.939,5.839,291.244,0,5.852,5.855,NA,32
"5/26/2022 8:21:16 AM",1.642,30.115,50.342,80.451,72313.8,1033.25,33.243,0.562,0.562,0.626,7.674,101.79,5.83,349.017,0,5.843,5.847,NA,32
"5/26/2022 8:21:16 AM",1.615,30.117,50.335,80.444,72305.2,1033.244,33.237,0.554,0.554,0.553,7.674,101.844,5.833,376.459,0,5.846,5.85,NA,32
"5/26/2022 8:21:16 AM",1.546,30.117,50.341,80.453,72312.5,1033.248,33.242,0.46,0.46,0.306,7.675,101.792,5.83,328.626,0,5.843,5.846,NA,32
"5/26/2022 8:21:16 AM",1.478,30.117,50.349,80.464,72322.4,1033.254,33.247,0.725,0.725,0.641,7.677,101.816,5.831,423.782,0,5.844,5.847,NA,32
"5/26/2022 8:21:17 AM",1.393,30.119,50.345,80.461,72316.8,1033.25,33.244,0.694,0.694,0.553,7.676,101.824,5.831,560.483,0,5.844,5.848,NA,32
"5/26/2022 8:21:17 AM",1.386,30.123,50.343,80.464,72314.1,1033.247,33.241,0.593,0.593,0.408,7.677,101.79,5.829,453.518,0,5.843,5.846,NA,32
"5/26/2022 8:21:17 AM",1.421,30.125,50.341,80.464,72311,1033.244,33.238,0.554,0.554,0.32,7.68,101.772,5.828,427.435,0,5.842,5.845,NA,32
"5/26/2022 8:21:17 AM",1.461,30.126,50.336,80.458,72304.6,1033.24,33.234,0.484,0.484,0.262,7.681,101.732,5.826,415.116,0,5.839,5.843,NA,32
"5/26/2022 8:21:17 AM",1.511,30.126,50.334,80.456,72302.9,1033.24,33.233,0.616,0.616,0.524,7.681,101.661,5.822,344.174,0,5.835,5.838,NA,32
"5/26/2022 8:21:18 AM",1.567,30.123,50.333,80.451,72301.2,1033.239,33.233,0.601,0.601,0.553,7.681,101.766,5.828,366.009,0,5.841,5.845,NA,32
"5/26/2022 8:21:18 AM",1.593,30.123,50.33,80.446,72297.6,1033.237,33.231,0.616,0.616,0.51,7.681,101.794,5.83,330.155,0,5.843,5.847,NA,32
"5/26/2022 8:21:18 AM",1.603,30.122,50.331,80.446,72299.5,1033.239,33.232,0.905,0.905,0.932,7.682,101.826,5.832,269.494,0,5.845,5.849,NA,32
"5/26/2022 8:21:18 AM",1.581,30.12,50.336,80.451,72306,1033.243,33.237,0.679,0.679,0.641,7.683,101.704,5.825,233.471,0,5.838,5.842,NA,32
"5/26/2022 8:21:18 AM",1.499,30.119,50.336,80.449,72305.7,1033.243,33.237,0.499,0.499,0.32,7.685,101.764,5.828,302.543,0,5.841,5.845,NA,32
"5/26/2022 8:21:19 AM",1.442,30.119,50.333,80.444,72301.3,1033.24,33.234,0.507,0.507,0.306,7.686,101.652,5.821,386.824,0,5.835,5.838,NA,32
"5/26/2022 8:21:19 AM",1.382,30.119,50.329,80.439,72296.6,1033.237,33.231,0.452,0.452,0.291,7.686,101.754,5.828,363.715,0,5.841,5.845,NA,32
"5/26/2022 8:21:19 AM",1.344,30.121,50.33,80.442,72297.4,1033.237,33.231,0.499,0.499,0.189,7.685,101.692,5.824,381.556,0,5.837,5.841,NA,32
"5/26/2022 8:21:19 AM",1.367,30.122,50.33,80.445,72298.1,1033.237,33.231,0.546,0.546,0.32,7.685,101.655,5.822,501.69,0,5.835,5.839,NA,32
"5/26/2022 8:21:19 AM",1.542,30.124,50.325,80.441,72291.3,1033.233,33.226,0.725,0.725,0.816,7.685,101.678,5.823,462.778,0,5.836,5.84,NA,32
"5/26/2022 8:21:20 AM",1.742,30.123,50.326,80.441,72293.2,1033.235,33.228,0.64,0.64,0.684,7.684,101.864,5.833,437.545,0,5.847,5.85,NA,32
"5/26/2022 8:21:20 AM",1.944,30.123,50.326,80.44,72292.8,1033.236,33.228,0.569,0.569,0.51,7.685,101.822,5.83,416.135,0,5.843,5.847,NA,32
"5/26/2022 8:21:20 AM",2.172,30.122,50.326,80.439,72293.2,1033.237,33.228,0.601,0.601,0.495,7.687,101.804,5.829,437.12,0,5.842,5.845,NA,32
"5/26/2022 8:21:20 AM",2.476,30.121,50.329,80.443,72297.2,1033.241,33.231,0.585,0.585,0.422,7.686,101.763,5.825,381.981,0,5.838,5.842,NA,32
"5/26/2022 8:21:20 AM",2.667,30.121,50.335,80.45,72304.3,1033.246,33.235,0.546,0.546,0.393,7.686,101.846,5.83,316.902,0,5.843,5.846,NA,32
"5/26/2022 8:21:21 AM",2.85,30.122,50.333,80.45,72302.3,1033.246,33.233,0.601,0.601,0.408,7.686,101.838,5.829,260.743,0,5.842,5.846,NA,32
"5/26/2022 8:21:21 AM",3.029,30.122,50.333,80.45,72302.4,1033.246,33.233,0.569,0.569,0.539,7.687,101.713,5.821,207.643,0,5.835,5.838,NA,32
"5/26/2022 8:21:21 AM",3.201,30.123,50.327,80.442,72294.3,1033.242,33.228,0.515,0.515,0.379,7.688,101.676,5.82,155.137,0,5.833,5.836,NA,32
"5/26/2022 8:21:21 AM",3.437,30.122,50.329,80.444,72296.9,1033.245,33.23,0.515,0.515,0.204,7.689,101.669,5.819,84.45,0,5.832,5.835,NA,32
"5/26/2022 8:21:21 AM",3.601,30.122,50.331,80.448,72300.6,1033.248,33.232,0.367,0.367,0,7.688,101.745,5.823,54.459,0,5.836,5.84,NA,32
"5/26/2022 8:21:22 AM",3.785,30.122,50.332,80.449,72301.9,1033.249,33.233,0.273,0.273,0,7.689,101.74,5.823,38.232,0,5.836,5.84,NA,32
"5/26/2022 8:21:22 AM",3.983,30.122,50.33,80.446,72299.5,1033.248,33.231,0.047,0.047,0,7.689,101.62,5.816,30.076,0,5.829,5.832,NA,32
"5/26/2022 8:21:22 AM",4.301,30.12,50.332,80.447,72302.3,1033.252,33.233,0.312,0.312,0,7.69,101.717,5.822,25.573,0,5.835,5.838,NA,32
"5/26/2022 8:21:22 AM",4.506,30.119,50.33,80.442,72300.2,1033.252,33.233,0.585,0.585,0.262,7.69,101.772,5.825,24.893,0,5.838,5.842,NA,32
"5/26/2022 8:21:22 AM",4.712,30.118,50.331,80.443,72301.2,1033.253,33.233,1.623,1.623,2.726,7.691,101.806,5.827,30.246,0,5.84,5.844,NA,32
"5/26/2022 8:21:23 AM",4.878,30.117,50.332,80.442,72302.4,1033.255,33.234,1.287,1.287,2.04,7.69,101.653,5.818,51.656,0,5.831,5.835,NA,32
"5/26/2022 8:21:23 AM",5.092,30.116,50.335,80.445,72305.9,1033.258,33.237,0.85,0.85,0.612,7.691,101.797,5.826,59.217,0,5.839,5.842,NA,32
"5/26/2022 8:21:23 AM",5.252,30.116,50.335,80.444,72306.2,1033.259,33.237,0.796,0.796,0.772,7.692,101.814,5.826,76.804,0,5.84,5.843,NA,32
"5/26/2022 8:21:23 AM",5.393,30.116,50.341,80.453,72313.8,1033.264,33.241,0.686,0.686,0.524,7.692,101.742,5.822,93.796,0,5.835,5.838,NA,32
"5/26/2022 8:21:23 AM",5.532,30.116,50.337,80.448,72309.1,1033.262,33.238,0.663,0.663,0.451,7.692,101.808,5.826,89.378,0,5.839,5.842,NA,32
"5/26/2022 8:21:24 AM",5.668,30.116,50.338,80.449,72310.3,1033.263,33.239,0.523,0.523,0.073,7.691,101.816,5.826,71.282,0,5.839,5.843,NA,32
"5/26/2022 8:21:24 AM",5.848,30.116,50.339,80.451,72312.2,1033.265,33.24,0.562,0.562,0.16,7.693,101.726,5.82,41.291,0,5.834,5.837,NA,32
"5/26/2022 8:21:24 AM",5.986,30.115,50.342,80.454,72316.3,1033.268,33.243,0,0,0,7.695,101.648,5.816,27.952,0,5.829,5.832,NA,32
"5/26/2022 8:21:24 AM",6.167,30.114,50.34,80.45,72313.6,1033.268,33.241,0,0,0,7.694,101.54,5.81,20.475,0,5.823,5.826,NA,32
"5/26/2022 8:21:24 AM",6.361,30.115,50.339,80.449,72312,1033.267,33.24,0.476,0.476,0,7.694,101.675,5.818,16.567,0,5.831,5.834,NA,32
"5/26/2022 8:21:25 AM",6.674,30.114,50.34,80.45,72313.4,1033.27,33.241,0.827,0.827,0.772,7.697,101.597,5.813,15.123,0,5.826,5.83,NA,32
"5/26/2022 8:21:25 AM",6.869,30.114,50.339,80.449,72312.6,1033.27,33.241,1.677,1.677,2.828,7.696,101.642,5.816,19.286,0,5.829,5.833,NA,32
"5/26/2022 8:21:25 AM",7.025,30.115,50.339,80.45,72313.2,1033.271,33.241,1.467,1.467,2.39,7.698,101.588,5.812,28.632,0,5.825,5.829,NA,32
"5/26/2022 8:21:25 AM",7.168,30.114,50.34,80.45,72314.2,1033.272,33.242,1.147,1.147,1.544,7.699,101.531,5.81,41.8,0,5.823,5.826,NA,32
"5/26/2022 8:21:25 AM",7.309,30.114,50.339,80.449,72313.2,1033.272,33.241,0.881,0.881,0.99,7.7,101.71,5.82,58.792,0,5.833,5.837,NA,32
"5/26/2022 8:21:26 AM",7.535,30.115,50.342,80.454,72316.2,1033.275,33.243,0.819,0.819,0.714,7.701,101.667,5.817,75.785,0,5.83,5.834,NA,32
"5/26/2022 8:21:26 AM",7.702,30.114,50.34,80.451,72314.4,1033.274,33.241,0.764,0.764,0.553,7.703,101.575,5.812,82.072,0,5.825,5.828,NA,32
"5/26/2022 8:21:26 AM",7.86,30.115,50.342,80.454,72316.5,1033.276,33.243,0.647,0.647,0.233,7.704,101.616,5.814,68.223,0,5.827,5.831,NA,32
"5/26/2022 8:21:26 AM",8.027,30.116,50.344,80.458,72318.6,1033.278,33.243,0.46,0.46,0,7.704,101.507,5.808,49.957,0,5.821,5.824,NA,32
"5/26/2022 8:21:27 AM",8.254,30.116,50.338,80.452,72312.1,1033.274,33.239,0.562,0.562,0,7.704,101.582,5.812,32.71,0,5.826,5.829,NA,32
"5/26/2022 8:21:27 AM",8.407,30.116,50.338,80.451,72312.3,1033.275,33.24,0.998,0.998,0.918,7.704,101.616,5.814,34.409,0,5.827,5.831,NA,32
"5/26/2022 8:21:27 AM",8.55,30.118,50.34,80.456,72313.7,1033.276,33.24,0.343,0.343,0,7.704,101.544,5.81,30.161,0,5.823,5.827,NA,32
"5/26/2022 8:21:27 AM",8.699,30.117,50.336,80.449,72309.6,1033.275,33.238,0,0,0,7.705,101.509,5.808,22.345,0,5.821,5.825,NA,32
"5/26/2022 8:21:27 AM",8.824,30.116,50.336,80.447,72309.4,1033.275,33.238,0,0,0,7.704,101.555,5.811,15.718,0,5.824,5.828,NA,32
"5/26/2022 8:21:28 AM",9.042,30.115,50.338,80.45,72312.3,1033.278,33.24,0.538,0.538,0,7.704,101.391,5.801,10.195,0,5.814,5.817,NA,32
"5/26/2022 8:21:28 AM",9.195,30.116,50.337,80.449,72310.7,1033.277,33.238,1.061,1.061,1.078,7.705,101.517,5.808,11.725,0,5.821,5.824,NA,32
"5/26/2022 8:21:28 AM",9.327,30.117,50.336,80.449,72309.4,1033.277,33.237,1.279,1.279,1.792,7.705,101.472,5.805,15.378,0,5.818,5.822,NA,32
"5/26/2022 8:21:28 AM",9.468,30.118,50.334,80.448,72307.5,1033.276,33.236,0.702,0.702,0.393,7.706,101.631,5.814,16.397,0,5.827,5.831,NA,32
"5/26/2022 8:21:28 AM",9.661,30.117,50.334,80.448,72308,1033.277,33.236,0.343,0.343,0,7.707,101.585,5.811,13.679,0,5.824,5.828,NA,32
"5/26/2022 8:21:29 AM",9.789,30.117,50.334,80.448,72308,1033.278,33.236,0.827,0.827,0.451,7.706,101.526,5.808,12.404,0,5.821,5.825,NA,32
"5/26/2022 8:21:29 AM",9.913,30.116,50.335,80.448,72308.9,1033.279,33.237,0.944,0.944,0.451,7.708,101.362,5.798,12.149,0,5.811,5.815,NA,32
"5/26/2022 8:21:29 AM",10.041,30.117,50.334,80.448,72308.2,1033.279,33.236,1.178,1.178,1.165,7.709,101.34,5.797,10.45,0,5.81,5.813,NA,32
"5/26/2022 8:21:29 AM",10.184,30.117,50.333,80.446,72307,1033.279,33.236,0.85,0.85,0.714,7.709,101.321,5.796,8.241,0,5.809,5.812,NA,32
"5/26/2022 8:21:29 AM",10.446,30.117,50.332,80.445,72305.8,1033.279,33.235,0.741,0.741,0.408,7.71,101.477,5.805,5.947,0,5.818,5.822,NA,32
"5/26/2022 8:21:30 AM",10.658,30.116,50.333,80.445,72306.6,1033.281,33.235,0.663,0.663,0.364,7.71,101.505,5.806,5.183,0,5.819,5.823,NA,32
"5/26/2022 8:21:30 AM",10.869,30.116,50.333,80.445,72306.6,1033.282,33.235,0.702,0.702,0.451,7.71,101.543,5.809,5.013,0,5.822,5.825,NA,32
"5/26/2022 8:21:30 AM",11.07,30.115,50.331,80.441,72304.9,1033.282,33.235,0.694,0.694,0.335,7.71,101.481,5.805,5.437,0,5.818,5.822,NA,32
"5/26/2022 8:21:30 AM",11.345,30.116,50.331,80.443,72304.9,1033.282,33.234,0.725,0.725,0.437,7.711,101.375,5.799,6.457,0,5.812,5.816,NA,32
"5/26/2022 8:21:30 AM",11.507,30.116,50.331,80.443,72304.5,1033.283,33.234,0.632,0.632,0.116,7.712,101.543,5.809,7.476,0,5.822,5.825,NA,32
"5/26/2022 8:21:31 AM",11.649,30.117,50.329,80.441,72302.6,1033.282,33.233,0.608,0.608,0.277,7.711,101.573,5.81,8.241,0,5.823,5.827,NA,32
"5/26/2022 8:21:31 AM",11.807,30.117,50.326,80.438,72298.8,1033.28,33.23,0.858,0.858,0.874,7.711,101.502,5.807,8.751,0,5.82,5.823,NA,32
"5/26/2022 8:21:31 AM",11.955,30.117,50.328,80.441,72301.3,1033.282,33.232,2.02,2.02,3.47,7.712,101.493,5.805,11.894,0,5.818,5.822,NA,32
"5/26/2022 8:21:31 AM",12.173,30.118,50.329,80.443,72302.5,1033.284,33.232,1.435,1.435,2.215,7.712,101.414,5.801,23.959,0,5.814,5.818,NA,32
"5/26/2022 8:21:31 AM",12.332,30.12,50.334,80.453,72308.4,1033.287,33.235,0.983,0.983,1.122,7.712,101.48,5.805,33.389,0,5.818,5.821,NA,32
"5/26/2022 8:21:32 AM",12.505,30.122,50.333,80.455,72307.6,1033.287,33.234,0.803,0.803,0.641,7.713,101.334,5.796,34.154,0,5.809,5.813,NA,32
"5/26/2022 8:21:32 AM",12.678,30.122,50.333,80.455,72307.2,1033.287,33.233,0.569,0.569,0.175,7.713,101.576,5.81,28.037,0,5.823,5.826,NA,32
"5/26/2022 8:21:32 AM",12.92,30.122,50.332,80.454,72305.4,1033.287,33.232,0.718,0.718,0.597,7.713,101.517,5.806,20.9,0,5.819,5.823,NA,32
"5/26/2022 8:21:32 AM",13.019,30.123,50.329,80.45,72301.7,1033.285,33.23,0.905,0.905,0.976,7.713,101.341,5.796,33.729,0,5.809,5.813,NA,32
"5/26/2022 8:21:32 AM",13.078,30.123,50.329,80.451,72302.1,1033.286,33.23,0.702,0.702,0.583,7.714,101.372,5.798,53.695,0,5.811,5.815,NA,32
"5/26/2022 8:21:33 AM",13.153,30.122,50.325,80.445,72297.7,1033.283,33.227,0.569,0.569,0.277,7.715,101.431,5.802,62.021,0,5.815,5.818,NA,32
"5/26/2022 8:21:33 AM",13.247,30.122,50.326,80.445,72298.4,1033.284,33.228,0.585,0.585,0.248,7.715,101.491,5.805,61.936,0,5.818,5.822,NA,32
"5/26/2022 8:21:33 AM",13.329,30.121,50.325,80.443,72297.6,1033.284,33.228,0.64,0.64,0.364,7.713,101.675,5.816,60.577,0,5.829,5.833,NA,32
"5/26/2022 8:21:33 AM",13.287,30.12,50.328,80.445,72301.5,1033.287,33.23,0.655,0.655,0.262,7.715,101.459,5.804,63.21,0,5.817,5.82,NA,32
"5/26/2022 8:21:33 AM",13.195,30.119,50.327,80.443,72300.1,1033.286,33.23,0.671,0.671,0.335,7.715,101.503,5.806,64.485,0,5.819,5.823,NA,32
"5/26/2022 8:21:34 AM",13.094,30.119,50.327,80.442,72300.1,1033.285,33.23,0.569,0.569,0.277,7.715,101.518,5.807,65.674,0,5.82,5.824,NA,32
"5/26/2022 8:21:34 AM",12.984,30.12,50.324,80.44,72296.8,1033.283,33.228,0.569,0.569,0.262,7.715,101.526,5.807,66.609,0,5.82,5.824,NA,32
"5/26/2022 8:21:34 AM",12.934,30.119,50.323,80.438,72295,1033.282,33.227,0.686,0.686,0.495,7.716,101.621,5.813,67.798,0,5.826,5.83,NA,32
"5/26/2022 8:21:34 AM",12.873,30.119,50.324,80.439,72296.2,1033.282,33.227,0.741,0.741,0.379,7.716,101.603,5.812,68.563,0,5.825,5.829,NA,32
"5/26/2022 8:21:34 AM",12.828,30.121,50.321,80.437,72292.7,1033.279,33.225,0.733,0.733,0.349,7.716,101.631,5.814,68.223,0,5.827,5.831,NA,32
"5/26/2022 8:21:35 AM",12.762,30.12,50.323,80.438,72294.5,1033.28,33.226,0.663,0.663,0.335,7.717,101.576,5.811,66.949,0,5.824,5.828,NA,32
"5/26/2022 8:21:35 AM",12.666,30.12,50.32,80.434,72290.8,1033.278,33.224,0.616,0.616,0.262,7.717,101.598,5.813,66.269,0,5.826,5.829,NA,32
"5/26/2022 8:21:35 AM",12.607,30.119,50.319,80.431,72289.6,1033.277,33.224,0.601,0.601,0.233,7.717,101.606,5.813,65.334,0,5.826,5.829,NA,32
"5/26/2022 8:21:35 AM",12.555,30.12,50.317,80.43,72288,1033.276,33.223,0.725,0.725,0.451,7.718,101.571,5.811,64.825,0,5.824,5.827,NA,32
"5/26/2022 8:21:36 AM",12.478,30.12,50.316,80.428,72285.7,1033.274,33.221,1.014,1.014,0.757,7.718,101.518,5.808,64.825,0,5.821,5.825,NA,32
"5/26/2022 8:21:36 AM",12.315,30.12,50.315,80.427,72284.3,1033.272,33.22,0.741,0.741,0.393,7.719,101.461,5.804,66.354,0,5.817,5.821,NA,32
"5/26/2022 8:21:36 AM",12.181,30.12,50.314,80.426,72283.9,1033.272,33.22,1.201,1.201,0.684,7.719,101.647,5.815,68.393,0,5.828,5.832,NA,32
"5/26/2022 8:21:36 AM",12.035,30.12,50.313,80.423,72282.1,1033.27,33.219,1.186,1.186,0.903,7.721,101.518,5.808,70.262,0,5.821,5.825,NA,32
"5/26/2022 8:21:36 AM",11.856,30.12,50.309,80.418,72277.3,1033.267,33.216,0.858,0.858,0.481,7.721,101.59,5.812,71.197,0,5.825,5.828,NA,32
"5/26/2022 8:21:37 AM",11.667,30.119,50.308,80.415,72275.6,1033.265,33.215,0.842,0.842,0.524,7.72,101.485,5.806,71.197,0,5.819,5.822,NA,32
"5/26/2022 8:21:37 AM",11.395,30.119,50.308,80.415,72275.9,1033.264,33.216,0.757,0.757,0.335,7.721,101.659,5.816,70.432,0,5.829,5.832,NA,32
"5/26/2022 8:21:37 AM",11.227,30.12,50.305,80.412,72272.2,1033.261,33.213,0.679,0.679,0.335,7.721,101.644,5.815,69.837,0,5.828,5.832,NA,32
"5/26/2022 8:21:37 AM",11.093,30.119,50.303,80.407,72269,1033.259,33.212,0.686,0.686,0.349,7.721,101.568,5.811,69.752,0,5.824,5.827,NA,32
"5/26/2022 8:21:37 AM",10.989,30.119,50.303,80.408,72269.8,1033.259,33.212,0.788,0.788,0.553,7.723,101.606,5.812,70.687,0,5.826,5.829,NA,32
"5/26/2022 8:21:38 AM",10.883,30.117,50.301,80.402,72266.6,1033.257,33.211,0.616,0.616,0.335,7.724,101.469,5.805,73.066,0,5.818,5.822,NA,32
"5/26/2022 8:21:38 AM",10.853,30.117,50.301,80.403,72267.4,1033.257,33.211,0.616,0.616,0.218,7.723,101.601,5.813,74.425,0,5.826,5.83,NA,32
"5/26/2022 8:21:38 AM",10.834,30.116,50.3,80.399,72265.3,1033.256,33.21,0.569,0.569,0.189,7.724,101.361,5.799,76.209,0,5.812,5.816,NA,32
"5/26/2022 8:21:38 AM",10.813,30.116,50.298,80.396,72263.1,1033.255,33.209,0.679,0.679,0.393,7.725,101.501,5.807,78.248,0,5.82,5.824,NA,32
"5/26/2022 8:21:38 AM",10.74,30.115,50.297,80.394,72262,1033.254,33.208,0.741,0.741,0.364,7.725,101.508,5.807,79.778,0,5.82,5.824,NA,32
"5/26/2022 8:21:39 AM",10.556,30.116,50.295,80.392,72259.5,1033.252,33.207,0.569,0.569,0.204,7.725,101.698,5.818,82.411,0,5.831,5.835,NA,32
"5/26/2022 8:21:39 AM",10.439,30.115,50.293,80.388,72256.8,1033.25,33.206,0.593,0.593,0.379,7.727,101.354,5.799,85.215,0,5.812,5.816,NA,32
"5/26/2022 8:21:39 AM",10.391,30.115,50.291,80.386,72254.8,1033.248,33.204,0.71,0.71,0.364,7.727,101.34,5.798,86.744,0,5.811,5.815,NA,32
"5/26/2022 8:21:39 AM",10.38,30.115,50.291,80.386,72254.6,1033.248,33.204,0.796,0.796,0.306,7.726,101.454,5.805,87.339,0,5.818,5.821,NA,32
"5/26/2022 8:21:39 AM",10.401,30.114,50.29,80.382,72253,1033.248,33.203,0.655,0.655,0.306,7.726,101.367,5.8,88.529,0,5.813,5.816,NA,32
"5/26/2022 8:21:40 AM",10.415,30.114,50.288,80.38,72251.3,1033.247,33.202,0.647,0.647,0.714,7.725,101.454,5.805,88.274,0,5.818,5.821,NA,32
"5/26/2022 8:21:40 AM",10.405,30.114,50.287,80.377,72249.6,1033.246,33.202,1.061,1.061,1.02,7.725,101.479,5.806,87.254,0,5.819,5.823,NA,32
"5/26/2022 8:21:40 AM",10.354,30.113,50.288,80.379,72251.2,1033.247,33.203,0.733,0.733,0.553,7.725,101.483,5.806,85.81,0,5.819,5.823,NA,32
"5/26/2022 8:21:40 AM",10.264,30.113,50.287,80.376,72249.2,1033.245,33.202,0.616,0.616,0.335,7.725,101.293,5.795,85.3,0,5.808,5.812,NA,32
"5/26/2022 8:21:40 AM",10.064,30.113,50.283,80.371,72244.5,1033.242,33.199,0.944,0.944,0.335,7.726,101.519,5.808,84.875,0,5.821,5.825,NA,32
"5/26/2022 8:21:41 AM",9.932,30.113,50.282,80.37,72243.4,1033.24,33.198,0.725,0.725,0.291,7.727,101.529,5.809,84.705,0,5.822,5.825,NA,32
"5/26/2022 8:21:41 AM",9.814,30.114,50.283,80.373,72245,1033.241,33.199,0.64,0.64,0.612,7.727,101.624,5.814,87.169,0,5.827,5.831,NA,32
"5/26/2022 8:21:41 AM",9.69,30.114,50.281,80.369,72242.2,1033.238,33.197,0.718,0.718,0.349,7.727,101.63,5.815,88.783,0,5.828,5.831,NA,32
"5/26/2022 8:21:41 AM",9.53,30.113,50.28,80.367,72240.6,1033.237,33.196,0.671,0.671,0.306,7.728,101.439,5.804,89.718,0,5.817,5.82,NA,32
"5/26/2022 8:21:41 AM",9.271,30.114,50.278,80.365,72238.3,1033.234,33.195,0.842,0.842,0.583,7.727,101.364,5.799,89.293,0,5.812,5.816,NA,32
"5/26/2022 8:21:42 AM",9.099,30.114,50.276,80.362,72235.8,1033.232,33.194,1.147,1.147,0.932,7.728,101.513,5.807,88.529,0,5.82,5.824,NA,32
"5/26/2022 8:21:42 AM",8.958,30.114,50.279,80.366,72238.7,1033.233,33.195,1.092,1.092,1.034,7.729,101.311,5.796,87.679,0,5.809,5.813,NA,32
"5/26/2022 8:21:42 AM",8.878,30.114,50.278,80.365,72237.2,1033.232,33.194,0.749,0.749,0.553,7.728,101.654,5.816,86.32,0,5.829,5.832,NA,32
"5/26/2022 8:21:42 AM",8.77,30.114,50.277,80.364,72235.9,1033.231,33.193,0.632,0.632,0.335,7.729,101.666,5.816,82.836,0,5.829,5.833,NA,32
"5/26/2022 8:21:42 AM",8.694,30.114,50.277,80.363,72236,1033.231,33.194,0.835,0.835,0.364,7.73,101.537,5.809,80.882,0,5.822,5.825,NA,32
"5/26/2022 8:21:43 AM",8.618,30.114,50.275,80.36,72233.6,1033.229,33.192,0.733,0.733,0.32,7.73,101.624,5.814,80.882,0,5.827,5.83,NA,32
"5/26/2022 8:21:43 AM",8.532,30.114,50.274,80.359,72233.1,1033.228,33.192,0.764,0.764,0.335,7.73,101.554,5.81,82.326,0,5.823,5.827,NA,32
"5/26/2022 8:21:43 AM",8.452,30.114,50.277,80.362,72235.8,1033.23,33.194,0.624,0.624,0.218,7.73,101.532,5.809,82.157,0,5.822,5.825,NA,32
"5/26/2022 8:21:43 AM",8.324,30.113,50.274,80.358,72232.5,1033.227,33.192,0.608,0.608,0.233,7.73,101.581,5.811,84.705,0,5.824,5.828,NA,32
"5/26/2022 8:21:43 AM",8.251,30.113,50.273,80.356,72231.6,1033.227,33.192,0.601,0.601,0.306,7.73,101.591,5.812,91.162,0,5.825,5.829,NA,32
"5/26/2022 8:21:44 AM",8.226,30.113,50.274,80.357,72232.3,1033.227,33.192,1.069,1.069,1.253,7.73,101.397,5.801,96.005,0,5.814,5.817,NA,32
"5/26/2022 8:21:44 AM",8.193,30.113,50.272,80.354,72229.7,1033.225,33.19,0.936,0.936,0.859,7.731,101.386,5.801,94.476,0,5.814,5.817,NA,32
"5/26/2022 8:21:44 AM",8.169,30.113,50.271,80.354,72229,1033.225,33.19,0.741,0.741,0.393,7.731,101.465,5.805,91.842,0,5.818,5.822,NA,32
"5/26/2022 8:21:44 AM",8.08,30.112,50.272,80.353,72229.5,1033.225,33.19,0.647,0.647,0.495,7.732,101.515,5.808,94.731,0,5.821,5.824,NA,32
"5/26/2022 8:21:44 AM",7.988,30.113,50.27,80.352,72227.7,1033.223,33.189,0.601,0.601,0.291,7.732,101.448,5.804,100.933,0,5.817,5.82,NA,32
"5/26/2022 8:21:45 AM",7.856,30.112,50.27,80.35,72227.2,1033.222,33.189,0.538,0.538,0.16,7.733,101.39,5.8,107.815,0,5.813,5.817,NA,32
"5/26/2022 8:21:45 AM",7.719,30.113,50.269,80.349,72225.8,1033.221,33.188,0.663,0.663,0.524,7.733,101.426,5.802,114.356,0,5.815,5.818,NA,32
"5/26/2022 8:21:45 AM",7.552,30.112,50.269,80.349,72226,1033.221,33.188,0.632,0.632,0.451,7.733,101.538,5.809,117.415,0,5.822,5.825,NA,32
"5/26/2022 8:21:45 AM",7.449,30.113,50.266,80.347,72222.3,1033.218,33.186,0.686,0.686,0.349,7.734,101.484,5.805,114.611,0,5.818,5.822,NA,32
"5/26/2022 8:21:45 AM",7.366,30.113,50.267,80.348,72223.8,1033.218,33.187,0.686,0.686,0.466,7.734,101.65,5.815,112.232,0,5.828,5.832,NA,32
"5/26/2022 8:21:46 AM",7.263,30.113,50.265,80.345,72221.2,1033.216,33.185,0.686,0.686,0.32,7.734,101.415,5.802,106.88,0,5.815,5.818,NA,32
"5/26/2022 8:21:46 AM",7.103,30.113,50.265,80.344,72220.6,1033.215,33.185,0.616,0.616,0.306,7.735,101.54,5.809,96.005,0,5.822,5.825,NA,32
"5/26/2022 8:21:46 AM",6.975,30.113,50.265,80.345,72220.4,1033.215,33.185,0.671,0.671,0.495,7.736,101.34,5.798,88.698,0,5.811,5.814,NA,32
"5/26/2022 8:21:46 AM",6.862,30.112,50.266,80.345,72221.9,1033.215,33.186,0.616,0.616,0.306,7.739,101.557,5.81,87.509,0,5.823,5.827,NA,32
"5/26/2022 8:21:46 AM",6.773,30.114,50.265,80.345,72220.5,1033.214,33.185,0.577,0.577,0.262,7.74,101.404,5.801,87.679,0,5.814,5.818,NA,32
"5/26/2022 8:21:47 AM",6.693,30.114,50.263,80.343,72217.4,1033.211,33.183,0.663,0.663,0.306,7.74,101.514,5.808,83.601,0,5.821,5.825,NA,32
"5/26/2022 8:21:47 AM",6.584,30.114,50.261,80.34,72215,1033.209,33.181,0.702,0.702,0.379,7.738,101.484,5.806,79.438,0,5.819,5.822,NA,32
"5/26/2022 8:21:47 AM",6.531,30.114,50.261,80.34,72215.3,1033.21,33.182,0.842,0.842,0.903,7.738,101.532,5.809,81.562,0,5.822,5.825,NA,32
"5/26/2022 8:21:47 AM",6.504,30.114,50.262,80.342,72216.7,1033.21,33.183,0.858,0.858,0.597,7.738,101.713,5.818,81.647,0,5.832,5.835,NA,32
"5/26/2022 8:21:48 AM",6.467,30.114,50.261,80.341,72215.5,1033.209,33.182,0.694,0.694,0.481,7.738,101.677,5.817,84.111,0,5.83,5.834,NA,32
"5/26/2022 8:21:48 AM",6.42,30.115,50.26,80.34,72214,1033.208,33.181,0.679,0.679,0.349,7.739,101.639,5.814,85.64,0,5.827,5.831,NA,32
"5/26/2022 8:21:48 AM",6.326,30.115,50.262,80.342,72216.1,1033.209,33.182,0.64,0.64,0.379,7.74,101.614,5.813,84.62,0,5.826,5.83,NA,32
"5/26/2022 8:21:48 AM",6.271,30.116,50.258,80.339,72211.9,1033.206,33.179,0.608,0.608,0.335,7.74,101.481,5.805,84.535,0,5.818,5.822,NA,32
"5/26/2022 8:21:48 AM",6.262,30.116,50.258,80.338,72211.4,1033.206,33.179,0.546,0.546,0.248,7.74,101.532,5.808,85.81,0,5.821,5.825,NA,32
"5/26/2022 8:21:49 AM",6.276,30.116,50.257,80.337,72209.6,1033.204,33.178,0.593,0.593,0.437,7.74,101.436,5.803,89.718,0,5.816,5.819,NA,32
"5/26/2022 8:21:49 AM",6.304,30.115,50.255,80.333,72207.7,1033.204,33.177,0.655,0.655,0.408,7.74,101.48,5.806,95.325,0,5.819,5.822,NA,32
"5/26/2022 8:21:49 AM",6.29,30.113,50.253,80.328,72205.5,1033.203,33.176,0.663,0.663,0.335,7.74,101.634,5.814,101.697,0,5.827,5.831,NA,32
"5/26/2022 8:21:49 AM",6.236,30.114,50.254,80.33,72206.3,1033.203,33.176,0.585,0.585,0.189,7.74,101.528,5.808,105.606,0,5.821,5.824,NA,32
"5/26/2022 8:21:49 AM",6.168,30.114,50.257,80.333,72209.6,1033.205,33.178,0.819,0.819,0.364,7.74,101.561,5.809,108.409,0,5.822,5.826,NA,32
"5/26/2022 8:21:50 AM",6.078,30.114,50.254,80.33,72206.2,1033.202,33.176,0.718,0.718,1.238,7.741,101.621,5.813,112.572,0,5.826,5.829,NA,32
"5/26/2022 8:21:50 AM",5.872,30.114,50.254,80.331,72206.5,1033.201,33.176,0.538,0.538,0.291,7.741,101.518,5.807,117.5,0,5.82,5.824,NA,32
"5/26/2022 8:21:50 AM",5.733,30.114,50.256,80.333,72209.3,1033.203,33.178,0.515,0.515,0.248,7.742,101.596,5.811,121.578,0,5.825,5.828,NA,32
"5/26/2022 8:21:50 AM",5.607,30.113,50.257,80.333,72210.5,1033.203,33.179,0.523,0.523,0.277,7.742,101.675,5.816,125.146,0,5.829,5.833,NA,32
"5/26/2022 8:21:50 AM",5.488,30.112,50.258,80.333,72211.8,1033.204,33.18,0.546,0.546,0.233,7.742,101.583,5.81,123.957,0,5.824,5.827,NA,32
"5/26/2022 8:21:51 AM",5.327,30.112,50.255,80.328,72207,1033.2,33.177,0.546,0.546,0.204,7.744,101.667,5.815,129.224,0,5.828,5.832,NA,32
"5/26/2022 8:21:51 AM",5.238,30.112,50.255,80.329,72207.5,1033.2,33.178,0.585,0.585,0.233,7.747,101.755,5.821,131.009,0,5.834,5.837,NA,32
"5/26/2022 8:21:51 AM",5.151,30.112,50.256,80.328,72208.2,1033.2,33.179,0.616,0.616,0.466,7.747,101.631,5.813,131.688,0,5.827,5.83,NA,32
"5/26/2022 8:21:51 AM",5.08,30.112,50.252,80.324,72203.6,1033.197,33.176,0.538,0.538,0.233,7.745,101.485,5.805,129.819,0,5.819,5.822,NA,32
"5/26/2022 8:21:51 AM",4.989,30.111,50.251,80.321,72202,1033.196,33.175,0.546,0.546,0.32,7.745,101.562,5.81,130.669,0,5.823,5.826,NA,32
"5/26/2022 8:21:52 AM",4.929,30.111,50.25,80.321,72201.6,1033.196,33.175,0.647,0.647,0.277,7.745,101.521,5.807,118.774,0,5.821,5.824,NA,32
"5/26/2022 8:21:52 AM",4.859,30.111,50.249,80.319,72200,1033.194,33.174,0.616,0.616,0.393,7.744,101.511,5.807,111.383,0,5.82,5.824,NA,32
"5/26/2022 8:21:52 AM",4.786,30.111,50.25,80.319,72200.5,1033.195,33.174,0.562,0.562,0.306,7.744,101.713,5.818,112.317,0,5.831,5.835,NA,32
"5/26/2022 8:21:52 AM",4.756,30.11,50.249,80.317,72200,1033.194,33.174,0.546,0.546,0.233,7.744,101.608,5.813,115.716,0,5.826,5.829,NA,32
"5/26/2022 8:21:52 AM",4.763,30.111,50.246,80.314,72196.4,1033.192,33.172,0.663,0.663,0.335,7.745,101.441,5.803,106.285,0,5.816,5.82,NA,32
"5/26/2022 8:21:53 AM",4.779,30.111,50.245,80.312,72194.4,1033.191,33.171,0.608,0.608,0.306,7.745,101.501,5.806,95.07,0,5.819,5.823,NA,32
"5/26/2022 8:21:53 AM",4.756,30.11,50.247,80.314,72197.2,1033.192,33.172,0.71,0.71,0.277,7.746,101.668,5.816,94.901,0,5.829,5.833,NA,32
"5/26/2022 8:21:53 AM",4.708,30.111,50.246,80.313,72195.9,1033.191,33.171,0.694,0.694,0.306,7.746,101.566,5.81,101.782,0,5.823,5.826,NA,32
"5/26/2022 8:21:53 AM",4.657,30.11,50.245,80.311,72194.5,1033.191,33.171,0.655,0.655,0.291,7.747,101.544,5.808,114.187,0,5.821,5.825,NA,32
"5/26/2022 8:21:53 AM",4.548,30.111,50.243,80.31,72192.1,1033.188,33.169,0.538,0.538,0.277,7.747,101.545,5.808,132.028,0,5.822,5.825,NA,32
"5/26/2022 8:21:54 AM",4.492,30.111,50.243,80.31,72192.3,1033.188,33.169,0.562,0.562,0.306,7.746,101.676,5.816,141.034,0,5.829,5.833,NA,32
"5/26/2022 8:21:54 AM",4.44,30.111,50.242,80.308,72190.9,1033.187,33.168,0.608,0.608,0.379,7.747,101.599,5.812,136.191,0,5.825,5.829,NA,32
"5/26/2022 8:21:54 AM",4.398,30.111,50.24,80.306,72188.9,1033.186,33.167,0.788,0.788,0.626,7.747,101.53,5.808,133.727,0,5.821,5.825,NA,32
"5/26/2022 8:21:54 AM",4.348,30.112,50.243,80.311,72192.1,1033.187,33.169,0.733,0.733,0.524,7.748,101.64,5.814,123.277,0,5.827,5.831,NA,32
"5/26/2022 8:21:54 AM",4.308,30.114,50.239,80.308,72187.2,1033.184,33.165,0.608,0.608,0.364,7.748,101.633,5.814,133.642,0,5.827,5.83,NA,32
"5/26/2022 8:21:55 AM",4.271,30.113,50.239,80.307,72187,1033.184,33.165,0.772,0.772,0.568,7.748,101.661,5.815,148.001,0,5.829,5.832,NA,32
"5/26/2022 8:21:55 AM",4.223,30.114,50.241,80.311,72188.8,1033.184,33.166,0.71,0.71,0.786,7.747,101.612,5.812,164.058,0,5.825,5.829,NA,32
"5/26/2022 8:21:55 AM",4.141,30.115,50.241,80.312,72188.7,1033.184,33.166,0.835,0.835,0.961,7.748,101.604,5.812,162.699,0,5.825,5.829,NA,32
"5/26/2022 8:21:55 AM",4.073,30.115,50.24,80.31,72187.3,1033.183,33.165,0.78,0.78,0.743,7.749,101.66,5.815,142.053,0,5.828,5.832,NA,32
"5/26/2022 8:21:55 AM",4.018,30.116,50.239,80.311,72186,1033.181,33.164,0.897,0.897,0.684,7.749,101.625,5.813,127.016,0,5.826,5.83,NA,32
"5/26/2022 8:21:56 AM",3.957,30.116,50.239,80.311,72186,1033.181,33.164,0.686,0.686,0.801,7.749,101.693,5.816,116.395,0,5.83,5.833,NA,32
"5/26/2022 8:21:56 AM",3.905,30.117,50.239,80.313,72186.1,1033.18,33.164,0.538,0.538,0.553,7.748,101.701,5.817,108.919,0,5.831,5.834,NA,32
"5/26/2022 8:21:56 AM",3.849,30.118,50.237,80.312,72184.1,1033.179,33.162,0.538,0.538,0.437,7.749,101.434,5.802,110.108,0,5.815,5.819,NA,32
"5/26/2022 8:21:56 AM",3.828,30.119,50.236,80.311,72182.6,1033.178,33.161,0.53,0.53,0.291,7.749,101.52,5.807,113.847,0,5.82,5.823,NA,32
"5/26/2022 8:21:57 AM",3.809,30.119,50.238,80.314,72184.6,1033.179,33.162,0.491,0.491,0.189,7.749,101.519,5.806,123.107,0,5.819,5.823,NA,32
"5/26/2022 8:21:57 AM",3.771,30.119,50.239,80.315,72185.5,1033.179,33.163,0.538,0.538,0.349,7.749,101.55,5.808,126.081,0,5.821,5.825,NA,32
"5/26/2022 8:21:57 AM",3.703,30.12,50.238,80.315,72184.7,1033.178,33.162,0.546,0.546,0.32,7.75,101.583,5.81,121.918,0,5.823,5.827,NA,32
"5/26/2022 8:21:57 AM",3.647,30.12,50.236,80.313,72182.3,1033.176,33.161,0.507,0.507,0.262,7.75,101.538,5.808,115.291,0,5.821,5.824,NA,32
"5/26/2022 8:21:57 AM",3.553,30.119,50.237,80.313,72183.3,1033.177,33.162,0.546,0.546,0.349,7.75,101.563,5.809,111.298,0,5.822,5.825,NA,32
"5/26/2022 8:21:58 AM",3.48,30.12,50.236,80.312,72182,1033.176,33.161,0.78,0.78,0.306,7.75,101.54,5.807,105.86,0,5.82,5.824,NA,32
"5/26/2022 8:21:58 AM",3.406,30.12,50.236,80.312,72181.6,1033.175,33.16,0.757,0.757,0.32,7.75,101.673,5.816,105.775,0,5.829,5.832,NA,32
"5/26/2022 8:21:58 AM",3.333,30.117,50.234,80.305,72179.7,1033.174,33.16,0.842,0.842,0.568,7.751,101.543,5.808,120.643,0,5.821,5.824,NA,32
"5/26/2022 8:21:58 AM",3.293,30.116,50.233,80.302,72178.7,1033.174,33.16,0.835,0.835,0.699,7.751,101.532,5.807,128.375,0,5.82,5.824,NA,32
"5/26/2022 8:21:58 AM",3.263,30.116,50.232,80.3,72176.8,1033.173,33.159,0.608,0.608,0.408,7.751,101.543,5.807,131.179,0,5.82,5.824,NA,32
"5/26/2022 8:21:59 AM",3.253,30.116,50.23,80.298,72175.1,1033.172,33.158,0.725,0.725,0.597,7.751,101.377,5.799,127.78,0,5.812,5.815,NA,32
"5/26/2022 8:21:59 AM",3.249,30.116,50.227,80.295,72171.3,1033.169,33.155,0.499,0.499,0.335,7.751,101.484,5.805,132.028,0,5.818,5.822,NA,32
"5/26/2022 8:21:59 AM",3.237,30.115,50.23,80.297,72175.4,1033.172,33.158,0.601,0.601,0.874,7.751,101.556,5.809,136.956,0,5.822,5.825,NA,32
"5/26/2022 8:21:59 AM",3.211,30.113,50.229,80.293,72174.2,1033.172,33.158,0.515,0.515,0.437,7.751,101.414,5.801,143.498,0,5.814,5.817,NA,32
"5/26/2022 8:21:59 AM",3.166,30.114,50.225,80.289,72168.6,1033.168,33.154,0.538,0.538,0.437,7.751,101.558,5.809,149.275,0,5.822,5.826,NA,32
"5/26/2022 8:22:00 AM",3.113,30.114,50.226,80.289,72170,1033.169,33.155,0.515,0.515,0.32,7.751,101.5,5.806,150.465,0,5.819,5.822,NA,32
"5/26/2022 8:22:00 AM",3.016,30.112,50.228,80.29,72172.5,1033.17,33.157,0.507,0.507,0.291,7.751,101.503,5.806,146.641,0,5.819,5.822,NA,32
"5/26/2022 8:22:00 AM",2.95,30.112,50.229,80.291,72173.8,1033.171,33.158,0.523,0.523,0.364,7.752,101.637,5.813,136.276,0,5.826,5.83,NA,32
"5/26/2022 8:22:00 AM",2.921,30.113,50.229,80.291,72173.5,1033.17,33.158,0.538,0.538,0.262,7.751,101.59,5.81,127.185,0,5.823,5.827,NA,32
"5/26/2022 8:22:00 AM",2.886,30.113,50.231,80.294,72176,1033.172,33.159,0.71,0.71,0.568,7.752,101.484,5.804,119.454,0,5.817,5.821,NA,32
"5/26/2022 8:22:01 AM",2.848,30.113,50.23,80.293,72175.1,1033.171,33.159,0.64,0.64,0.422,7.752,101.378,5.798,125.146,0,5.811,5.815,NA,32
"5/26/2022 8:22:01 AM",2.768,30.113,50.228,80.291,72173,1033.169,33.158,0.655,0.655,0.583,7.752,101.526,5.807,141.544,0,5.82,5.823,NA,32
"5/26/2022 8:22:01 AM",2.686,30.113,50.228,80.291,72172.7,1033.169,33.157,0.663,0.663,0.379,7.752,101.5,5.805,138.74,0,5.818,5.821,NA,32
"5/26/2022 8:22:01 AM",2.594,30.113,50.225,80.288,72169.1,1033.166,33.155,0.585,0.585,0.859,7.754,101.508,5.806,132.113,0,5.819,5.822,NA,32
"5/26/2022 8:22:01 AM",2.495,30.113,50.224,80.286,72167.9,1033.165,33.154,0.858,0.858,0.757,7.754,101.594,5.81,129.904,0,5.823,5.827,NA,32
"5/26/2022 8:22:02 AM",2.392,30.113,50.226,80.288,72169.5,1033.166,33.155,0.811,0.811,0.568,7.754,101.364,5.797,132.623,0,5.81,5.814,NA,32
"5/26/2022 8:22:02 AM",2.295,30.114,50.224,80.287,72167.6,1033.164,33.154,0.725,0.725,0.568,7.754,101.521,5.806,141.884,0,5.819,5.823,NA,32
"5/26/2022 8:22:02 AM",2.222,30.114,50.222,80.283,72164.6,1033.162,33.152,0.569,0.569,0.379,7.754,101.394,5.799,145.792,0,5.812,5.815,NA,32
"5/26/2022 8:22:02 AM",2.14,30.114,50.221,80.283,72163.6,1033.161,33.152,0.546,0.546,0.306,7.754,101.364,5.797,140.694,0,5.81,5.814,NA,32
"5/26/2022 8:22:02 AM",2.056,30.114,50.218,80.277,72159.4,1033.158,33.149,0.452,0.452,0.262,7.754,101.383,5.798,147.236,0,5.811,5.815,NA,32
"5/26/2022 8:22:03 AM",1.923,30.113,50.217,80.276,72158.7,1033.157,33.149,0.499,0.499,0.306,7.754,101.517,5.806,131.433,0,5.819,5.823,NA,32
"5/26/2022 8:22:03 AM",1.832,30.113,50.216,80.274,72157.4,1033.156,33.148,0.499,0.499,0.335,7.754,101.536,5.807,136.021,0,5.82,5.824,NA,32
"5/26/2022 8:22:03 AM",1.728,30.112,50.215,80.271,72156.4,1033.155,33.148,0.429,0.429,0.218,7.754,101.516,5.806,139.76,0,5.819,5.822,NA,32
"5/26/2022 8:22:03 AM",1.629,30.112,50.212,80.266,72151.5,1033.152,33.145,0.476,0.476,0.218,7.754,101.427,5.801,149.19,0,5.814,5.818,NA,32
"5/26/2022 8:22:03 AM",1.571,30.111,50.213,80.266,72153,1033.153,33.146,0.491,0.491,0.262,7.755,101.475,5.804,151.399,0,5.817,5.82,NA,32
"5/26/2022 8:22:04 AM",1.556,30.111,50.208,80.259,72147,1033.149,33.143,0.523,0.523,0.481,7.756,101.595,5.811,170.515,0,5.824,5.827,NA,32
"5/26/2022 8:22:04 AM",1.537,30.11,50.205,80.253,72143.4,1033.147,33.141,0.507,0.507,0.393,7.756,101.527,5.807,179.606,0,5.82,5.823,NA,32
"5/26/2022 8:22:04 AM",1.495,30.11,50.2,80.247,72136.9,1033.143,33.137,0.523,0.523,0.524,7.757,101.508,5.806,175.358,0,5.819,5.822,NA,32
"5/26/2022 8:22:04 AM",1.429,30.11,50.198,80.244,72134.9,1033.142,33.136,0.694,0.694,0.437,7.757,101.359,5.797,170.26,0,5.81,5.814,NA,32
"5/26/2022 8:22:04 AM",1.316,30.107,50.202,80.244,72139.6,1033.145,33.139,0.601,0.601,0.335,7.756,101.447,5.803,185.808,0,5.816,5.819,NA,32
"5/26/2022 8:22:05 AM",1.238,30.106,50.199,80.24,72136.5,1033.143,33.138,0.468,0.468,0.204,7.756,101.425,5.802,221.491,0,5.815,5.818,NA,32
"5/26/2022 8:22:05 AM",1.192,30.107,50.201,80.244,72139,1033.144,33.139,0.468,0.468,0.189,7.756,101.461,5.803,243.666,0,5.816,5.82,NA,32
"5/26/2022 8:22:05 AM",1.145,30.106,50.2,80.242,72138.1,1033.144,33.139,0.499,0.499,0.291,7.757,101.583,5.811,288.695,0,5.824,5.827,NA,32
"5/26/2022 8:22:05 AM",1.104,30.106,50.199,80.24,72136.8,1033.143,33.138,0.686,0.686,1.311,7.757,101.564,5.81,312.654,0,5.823,5.826,NA,32
"5/26/2022 8:22:05 AM",1.025,30.106,50.199,80.239,72136.3,1033.142,33.138,0.608,0.608,0.845,7.757,101.442,5.802,293.113,0,5.815,5.819,NA,32
"5/26/2022 8:22:06 AM",0.958,30.107,50.198,80.239,72134.7,1033.141,33.137,0.468,0.468,0.349,7.757,101.548,5.809,303.818,0,5.822,5.825,NA,32
"5/26/2022 8:22:06 AM",0.895,30.109,50.195,80.238,72130.9,1033.137,33.134,0.429,0.429,0.248,7.757,101.531,5.808,264.481,0,5.821,5.824,NA,32
"5/26/2022 8:22:06 AM",0.808,30.109,50.196,80.24,72132.1,1033.138,33.134,0.468,0.468,0.233,7.757,101.471,5.804,282.833,0,5.817,5.821,NA,32
"5/26/2022 8:22:06 AM",0.685,30.111,50.193,80.237,72127.6,1033.134,33.131,0.445,0.445,0.189,7.756,101.664,5.815,227.099,0,5.828,5.832,NA,32
"5/26/2022 8:22:06 AM",0.631,30.111,50.194,80.239,72129.4,1033.135,33.132,0.437,0.437,0.131,7.757,101.418,5.801,211.806,0,5.814,5.817,NA,32
"5/26/2022 8:22:07 AM",0.58,30.111,50.192,80.236,72126.6,1033.133,33.131,0.468,0.468,0.335,7.756,101.47,5.804,292.433,0,5.817,5.821,NA,32
"5/26/2022 8:22:07 AM",0.532,30.112,50.193,80.24,72128.1,1033.133,33.131,0.484,0.484,0.262,7.756,101.45,5.803,291.074,0,5.816,5.819,NA,32
"5/26/2022 8:22:07 AM",0.474,30.112,50.195,80.244,72130.7,1033.135,33.133,0.53,0.53,0.481,7.757,101.57,5.81,256.665,0,5.823,5.826,NA,32
"5/26/2022 8:22:07 AM",0.391,30.114,50.19,80.238,72124.2,1033.13,33.128,0.702,0.702,0.714,7.758,101.517,5.806,219.112,0,5.819,5.823,NA,32
"5/26/2022 8:22:07 AM",0.347,30.115,50.189,80.237,72122.1,1033.128,33.127,0.601,0.601,0.51,7.758,101.591,5.811,228.288,0,5.824,5.827,NA,32
"5/26/2022 8:22:08 AM",0.311,30.116,50.192,80.244,72126.6,1033.131,33.129,0.569,0.569,0.408,7.757,101.509,5.806,205.009,0,5.819,5.823,NA,32
"5/26/2022 8:22:08 AM",0.266,30.117,50.191,80.244,72124.7,1033.129,33.128,0.468,0.468,0.131,7.757,101.492,5.804,230.837,0,5.817,5.821,NA,32
"5/26/2022 8:22:08 AM",0.238,30.117,50.188,80.241,72121.4,1033.127,33.126,0.499,0.499,0.291,7.758,101.43,5.801,240.267,0,5.814,5.818,NA,32
"5/26/2022 8:22:08 AM",0.217,30.118,50.189,80.242,72122.4,1033.127,33.126,0.491,0.491,0.146,7.758,101.389,5.799,352.33,0,5.812,5.815,NA,32
"5/26/2022 8:22:09 AM",0.194,30.119,50.187,80.242,72119.5,1033.125,33.124,0.484,0.484,0.218,7.758,101.377,5.798,488.691,0,5.811,5.815,NA,32
"5/26/2022 8:22:09 AM",0.17,30.12,50.188,80.244,72120.9,1033.125,33.125,0.359,0.359,0.029,7.759,101.487,5.805,456.151,0,5.818,5.821,NA,32
"5/26/2022 8:22:09 AM",0.134,30.121,50.185,80.241,72117,1033.123,33.122,0.484,0.484,0.204,7.76,101.491,5.805,400.417,0,5.818,5.821,NA,32
"5/26/2022 8:22:09 AM",0.066,30.121,50.178,80.232,72107.8,1033.117,33.116,0.546,0.546,0.495,7.76,101.371,5.798,310.784,0,5.811,5.814,NA,32
"5/26/2022 8:22:09 AM",0.019,30.122,50.176,80.23,72105.3,1033.115,33.115,0.484,0.484,0.349,7.761,101.431,5.801,355.983,0,5.814,5.818,NA,32
"5/26/2022 8:22:10 AM",0,30.122,50.174,80.227,72102.1,1033.112,33.113,0.445,0.445,0.218,7.761,101.442,5.802,445.786,0,5.815,5.819,NA,32
"5/26/2022 8:22:10 AM",0,30.122,50.172,80.224,72099.7,1033.111,33.111,0.32,0.32,0,7.762,101.403,5.799,480.45,0,5.813,5.816,NA,32
"5/26/2022 8:22:10 AM",0,30.122,50.167,80.218,72094,1033.107,33.108,0.452,0.452,0.218,7.763,101.286,5.793,662.01,0,5.806,5.81,NA,32
"5/26/2022 8:22:10 AM",0,30.121,50.168,80.217,72095,1033.107,33.109,0.398,0.398,0.262,7.763,101.368,5.798,715.96,0,5.811,5.814,NA,32
"5/26/2022 8:22:10 AM",0,30.122,50.168,80.218,72095,1033.107,33.108,0.507,0.507,0.51,7.763,101.358,5.797,660.99,0,5.81,5.814,NA,32
"5/26/2022 8:22:11 AM",0,30.122,50.167,80.218,72093.8,1033.106,33.108,0.382,0.382,0.029,7.763,101.303,5.794,607.041,0,5.807,5.81,NA,32
"5/26/2022 8:22:11 AM",0,30.123,50.164,80.215,72090.4,1033.103,33.105,0.452,0.452,0.073,7.763,101.386,5.798,874.41,0,5.811,5.815,NA,32
"5/26/2022 8:22:11 AM",0,30.124,50.146,80.191,72066.6,1033.087,33.091,0,0,0,7.763,101.479,5.804,770.589,0,5.817,5.821,NA,32
"5/26/2022 8:22:11 AM",0,30.128,6.557,12.734,11443.2,1000.492,0.496,0,0,0,7.763,101.145,7.349,873.051,0,7.371,7.371,NA,32
"5/26/2022 8:22:11 AM",0,30.142,2.23,4.653,4179.9,997.269,0,61.61,61.61,0,7.762,101.816,7.576,932.438,0,7.598,7.598,NA,32
"5/26/2022 8:22:12 AM",0,30.209,1.289,2.775,2490,996.547,0,59.317,59.317,95.057,7.761,100.845,7.543,899.729,0,7.565,7.565,NA,32
"5/26/2022 8:22:12 AM",0,30.239,0.944,2.064,1851.1,996.28,0,431.709,431.709,1005.01,7.762,101.795,7.629,987.747,0,7.651,7.651,NA,32
"5/26/2022 8:22:12 AM",0,30.15,0.797,1.755,1576.1,996.197,0,209.099,209.099,586.111,7.761,100.945,7.572,994.119,0,7.594,7.594,NA,32
"5/26/2022 8:22:12 AM",0,30.12,0.727,1.606,1443.3,996.154,0,321.11,321.11,446.424,7.759,100.857,7.568,1096.496,0,7.59,7.59,NA,32
"5/26/2022 8:22:12 AM",0,30.1,0.662,1.467,1318.6,996.111,0,261.489,261.489,279.321,7.758,101.256,7.601,1207.03,0,7.623,7.623,NA,32
"5/26/2022 8:22:13 AM",0,30.136,0.602,1.34,1204.2,996.056,0,215.581,215.581,539.567,7.758,100.292,7.531,1299.636,0,7.553,7.553,NA,32
"5/26/2022 8:22:13 AM",0,30.153,0.564,1.259,1131,996.022,0,376.995,376.995,500.171,7.757,100.617,7.556,1318.497,0,7.578,7.578,NA,32
"5/26/2022 8:22:13 AM",0,30.098,0.525,1.174,1055.8,996.009,0,506.05,506.05,1185.949,7.756,100.429,7.544,1337.953,0,7.566,7.566,NA,32
"5/26/2022 8:22:13 AM",0,29.969,0.516,1.151,1037.6,996.041,0,371.994,371.994,345.903,7.755,100.194,7.527,1164.21,0,7.549,7.549,NA,32
"5/26/2022 8:22:13 AM",0,29.877,0.483,1.078,974,996.045,0,147.879,147.879,495.225,7.755,99.778,7.497,1024.195,0,7.518,7.518,NA,32
"5/26/2022 8:22:14 AM",0,29.698,0.47,1.047,948.5,996.089,0,277.098,277.098,377.13,7.753,99.523,7.478,836.093,0,7.5,7.5,NA,32
"5/26/2022 8:22:14 AM",0,29.95,0.446,1.001,902.8,995.995,0,454.003,454.003,620.266,7.753,99.478,7.476,843.91,0,7.498,7.498,NA,32
"5/26/2022 8:22:14 AM",0,30.266,0.432,0.975,874,995.889,0,157.895,157.895,142.493,7.754,99.418,7.473,830.571,0,7.494,7.495,NA,32
"5/26/2022 8:22:14 AM",0,30.354,0.413,0.935,836.3,995.847,0,51.462,51.462,27.963,7.753,99.269,7.463,907.715,0,7.484,7.485,NA,32
"5/26/2022 8:22:14 AM",0,30.061,0.396,0.893,803.4,995.924,0,2.543,2.543,0,7.751,98.97,7.441,1049.004,0,7.463,7.463,NA,32
"5/26/2022 8:22:15 AM",0,29.932,0.392,0.882,795.8,995.96,0,3.011,3.011,8.928,7.75,98.767,7.427,1159.877,0,7.448,7.448,NA,32
"5/26/2022 8:22:15 AM",0,29.761,0.377,0.847,766.8,996,0,9.291,9.291,0,7.75,98.707,7.423,1118.246,0,7.444,7.444,NA,32
"5/26/2022 8:22:15 AM",0,29.752,0.376,0.845,764.6,996.002,0,39.136,39.136,40.351,7.75,98.59,7.415,1026.489,0,7.436,7.436,NA,32
"5/26/2022 8:22:15 AM",0,29.615,0.37,0.83,753.2,996.039,0,219.63,219.63,59.093,7.75,98.371,7.399,947.051,0,7.42,7.421,NA,32
"5/26/2022 8:22:15 AM",0,29.499,0.365,0.817,743.6,996.07,0,107.486,107.486,29.155,7.749,98.346,7.397,979.931,0,7.419,7.419,NA,32
"5/26/2022 8:22:16 AM",0,29.391,0.368,0.822,749.3,996.104,0,221.385,221.385,17.139,7.749,98.157,7.384,1062.088,0,7.405,7.405,NA,32
"5/26/2022 8:22:16 AM",0,29.342,0.497,1.097,1001.4,996.215,0,33.902,33.902,0,7.747,97.992,7.367,632.189,0,7.388,7.388,NA,32
"5/26/2022 8:22:16 AM",0,29.215,0.596,1.304,1192.9,996.327,0,7.77,7.77,0,7.745,97.629,7.336,856.739,0,7.358,7.358,NA,32
"5/26/2022 8:22:16 AM",0,28.996,0.56,1.224,1125,996.365,0,0.733,0.733,0,7.745,97.063,7.297,1437.952,0,7.318,7.318,NA,32
"5/26/2022 8:22:16 AM",0,28.851,1.021,2.168,1998.6,996.753,0,2.543,2.543,0,7.743,96.584,7.243,1548.315,0,7.264,7.264,NA,32
"5/26/2022 8:22:17 AM",0,28.717,0.695,1.498,1384.6,996.548,0,1.303,1.303,0,7.743,96.352,7.24,978.487,0,7.261,7.261,NA,32
"5/26/2022 8:22:17 AM",0,28.374,0.61,1.312,1221,996.583,0,1.482,1.482,1.923,7.743,95.883,7.209,463.118,0,7.23,7.23,NA,32
"5/26/2022 8:22:17 AM",0,27.854,0.508,1.09,1025.6,996.655,0,0,0,7.932,7.741,95.113,7.157,515.708,0,7.178,7.178,NA,32
"5/26/2022 8:22:17 AM",0,27.61,0.478,1.021,965.9,996.701,0,1.888,1.888,0,7.74,94.638,7.124,1129.971,0,7.144,7.144,NA,32
"5/26/2022 8:22:18 AM",0,27.572,0.446,0.955,903.6,996.688,0,1.779,1.779,5.311,7.739,94.661,7.127,1273.808,0,7.148,7.148,NA,32
"5/26/2022 8:22:18 AM",0,27.634,0.451,0.967,913.9,996.675,0,6.584,6.584,5.999,7.738,94.701,7.131,1312.041,0,7.152,7.152,NA,32
"5/26/2022 8:22:18 AM",0,27.853,1.944,3.912,3680.8,997.732,0,7.746,7.746,106.88,7.744,94.638,7.071,1296.578,0,7.091,7.091,NA,32
"5/26/2022 8:22:18 AM",0,28.803,2.051,4.192,3868.4,997.537,0,3.409,3.409,28.723,7.834,93.918,7.034,1282.389,0,7.055,7.055,NA,32
"5/26/2022 8:22:18 AM",0,28.921,1.999,4.101,3775.7,997.464,0,2.621,2.621,17.774,7.868,93.565,7.023,1258.516,0,7.043,7.043,NA,32
"5/26/2022 8:22:19 AM",0,28.95,1.959,4.025,3702.9,997.425,0,2.512,2.512,14.558,7.89,93.155,7.003,686.903,0,7.023,7.023,NA,32
"5/26/2022 8:22:19 AM",0,28.969,1.802,3.721,3422,997.302,0,2.348,2.348,14.441,7.912,92.799,6.989,610.099,0,7.009,7.009,NA,32
"5/26/2022 8:22:19 AM",0,28.969,1.482,3.094,2845.2,997.063,0,2.254,2.254,14.102,7.934,92.693,6.999,1158.602,0,7.019,7.019,NA,32
"5/26/2022 8:22:19 AM",0,28.972,1.494,3.117,2866.4,997.071,0,2.332,2.332,13.086,7.97,92.488,6.989,460.824,0,7.009,7.009,NA,32
"5/26/2022 8:22:19 AM",0,28.974,1.499,3.127,2875.8,997.074,0,2.332,2.332,11.836,7.991,92.293,6.977,371.616,0,6.997,6.997,NA,32
"5/26/2022 8:22:20 AM",0,28.975,1.583,3.293,3028.5,997.136,0,2.13,2.13,11.424,8.01,92.222,6.971,353.604,0,6.992,6.992,NA,32
"5/26/2022 8:22:20 AM",0,28.98,1.578,3.284,3019.2,997.131,0,1.95,1.95,10.69,8.027,92.213,6.973,1090.294,0,6.993,6.993,NA,32
"5/26/2022 8:22:20 AM",0,28.983,1.557,3.242,2980.7,997.115,0,1.989,1.989,10.587,8.041,92.083,6.965,1450.781,0,6.985,6.985,NA,32
"5/26/2022 8:22:20 AM",0,28.983,1.471,3.073,2825.1,997.05,0,2.473,2.473,10.998,8.059,92.012,6.963,1592.409,0,6.983,6.983,NA,32
"5/26/2022 8:22:20 AM",0,28.985,1.42,2.973,2733.1,997.012,0,2.379,2.379,10.734,8.068,91.992,6.964,1609.911,0,6.984,6.984,NA,32
"5/26/2022 8:22:21 AM",0,28.986,1.482,3.094,2844.6,997.057,0,1.786,1.786,11.527,8.075,91.982,6.96,1617.812,0,6.98,6.98,NA,32
"5/26/2022 8:22:21 AM",0,28.986,1.501,3.132,2879.5,997.072,0,1.935,1.935,10.837,8.083,91.853,6.95,1623.165,0,6.97,6.97,NA,32
"5/26/2022 8:22:21 AM",0,28.992,1.501,3.132,2878.9,997.07,0,1.989,1.989,10.469,8.093,91.895,6.953,1628.177,0,6.973,6.973,NA,32
"5/26/2022 8:22:21 AM",0,28.996,1.539,3.208,2948.8,997.097,0,1.833,1.833,11.219,8.098,91.883,6.951,1629.027,0,6.971,6.971,NA,32
"5/26/2022 8:22:21 AM",0,29,1.517,3.165,2908.8,997.08,0,1.732,1.732,10.881,8.102,91.686,6.936,1629.367,0,6.956,6.956,NA,32
"5/26/2022 8:22:22 AM",0,28.994,1.474,3.08,2831.4,997.05,0,1.935,1.935,11.042,8.105,91.814,6.947,1630.811,0,6.967,6.967,NA,32
"5/26/2022 8:22:22 AM",0,28.988,1.45,3.032,2787.4,997.033,0,2.083,2.083,11.41,8.11,91.81,6.947,1633.275,0,6.967,6.967,NA,32
"5/26/2022 8:22:22 AM",0,28.988,1.463,3.057,2810.3,997.043,0,2.044,2.044,11.63,8.111,91.783,6.944,1635.824,0,6.964,6.964,NA,32
"5/26/2022 8:22:22 AM",0,28.992,1.426,2.984,2743.1,997.014,0,2.005,2.005,10.983,8.113,91.86,6.951,1640.667,0,6.971,6.971,NA,32
"5/26/2022 8:22:22 AM",0,28.992,1.426,2.985,2743.6,997.014,0,2.239,2.239,11.233,8.115,91.826,6.948,1644.745,0,6.969,6.969,NA,32
"5/26/2022 8:22:23 AM",0,28.993,1.427,2.987,2745.9,997.015,0,2.403,2.403,11.571,8.115,91.844,6.949,1648.568,0,6.969,6.969,NA,32
"5/26/2022 8:22:23 AM",0,28.995,1.423,2.978,2737.1,997.011,0,2.41,2.41,11.174,8.115,91.823,6.947,1655.45,0,6.967,6.968,NA,32
"5/26/2022 8:22:23 AM",0,28.996,1.408,2.948,2710,996.999,0,2.122,2.122,11.101,8.116,91.838,6.949,1660.123,0,6.969,6.969,NA,32
"5/26/2022 8:22:23 AM",0,28.996,1.366,2.865,2633.3,996.968,0,2.208,2.208,10.954,8.117,91.84,6.95,1665.56,0,6.97,6.97,NA,32
"5/26/2022 8:22:23 AM",0,28.998,1.376,2.885,2652,996.975,0,1.903,1.903,11.204,8.118,91.804,6.947,1671.167,0,6.967,6.967,NA,32
"5/26/2022 8:22:24 AM",0,28.998,1.359,2.851,2620.4,996.962,0,1.919,1.919,11.204,8.118,91.833,6.949,1676.945,0,6.969,6.969,NA,32
"5/26/2022 8:22:24 AM",0,28.998,1.352,2.838,2608.8,996.957,0,1.911,1.911,10.998,8.119,91.81,6.947,1684.761,0,6.967,6.967,NA,32
"5/26/2022 8:22:24 AM",0,29.001,1.356,2.845,2615.1,996.959,0,2.059,2.059,10.719,8.119,91.717,6.94,1686.8,0,6.96,6.96,NA,32
"5/26/2022 8:22:24 AM",0,29.004,1.347,2.827,2598.4,996.951,0,1.919,1.919,11.454,8.119,91.769,6.944,1685.611,0,6.964,6.964,NA,32
"5/26/2022 8:22:24 AM",0,29.007,1.319,2.773,2548.6,996.93,0,2.02,2.02,11.542,8.119,91.717,6.94,1682.977,0,6.96,6.961,NA,32
"5/26/2022 8:22:25 AM",0,29.013,1.308,2.751,2527.5,996.92,0,2.293,2.293,11.41,8.119,91.614,6.933,1676.605,0,6.953,6.953,NA,32
"5/26/2022 8:22:25 AM",0,29.015,1.312,2.759,2535.2,996.922,0,2.122,2.122,11.439,8.118,91.632,6.933,1671.252,0,6.953,6.953,NA,32
"5/26/2022 8:22:25 AM",0,29.016,1.311,2.756,2532.4,996.921,0,1.857,1.857,11.277,8.117,91.573,6.929,1664.201,0,6.949,6.949,NA,32
"5/26/2022 8:22:25 AM",0,29.013,1.3,2.734,2512.3,996.913,0,1.841,1.841,10.837,8.116,91.737,6.941,1657.404,0,6.961,6.961,NA,32
"5/26/2022 8:22:25 AM",0,29.01,1.287,2.708,2488.4,996.905,0,2.044,2.044,10.837,8.116,91.649,6.934,1650.862,0,6.954,6.954,NA,32
"5/26/2022 8:22:26 AM",0,29.01,1.266,2.667,2450.6,996.889,0,1.818,1.818,11.013,8.116,91.597,6.931,1641.346,0,6.951,6.951,NA,32
"5/26/2022 8:22:26 AM",0,29.007,1.264,2.663,2447.2,996.889,0,1.997,1.997,11.557,8.115,91.565,6.928,1635.654,0,6.948,6.948,NA,32
"5/26/2022 8:22:26 AM",0,29.01,1.258,2.651,2436,996.883,0,1.888,1.888,10.837,8.115,91.656,6.935,1631.406,0,6.955,6.955,NA,32
"5/26/2022 8:22:26 AM",0,29.01,1.254,2.643,2428.9,996.88,0,1.872,1.872,11.013,8.114,91.737,6.941,1629.027,0,6.961,6.961,NA,32
"5/26/2022 8:22:26 AM",0,29.009,1.247,2.629,2415.5,996.875,0,2.13,2.13,11.336,8.112,91.594,6.93,1628.942,0,6.95,6.95,NA,32
"5/26/2022 8:22:27 AM",0,29.01,1.24,2.616,2403.6,996.87,0,2.02,2.02,10.837,8.111,91.548,6.926,1631.746,0,6.947,6.947,NA,32
"5/26/2022 8:22:27 AM",0,29.01,1.239,2.612,2400.5,996.869,0,1.802,1.802,11.086,8.112,91.634,6.933,1636.249,0,6.953,6.953,NA,32
"5/26/2022 8:22:27 AM",0,29.015,1.236,2.606,2394.5,996.865,0,2.028,2.028,11.072,8.112,91.552,6.927,1642.876,0,6.947,6.947,NA,32
"5/26/2022 8:22:27 AM",0,29.018,1.239,2.614,2401.5,996.867,0,1.958,1.958,10.939,8.111,91.581,6.928,1650.947,0,6.948,6.948,NA,32
"5/26/2022 8:22:27 AM",0,29.023,1.23,2.595,2383.6,996.858,0,2.005,2.005,11.542,8.111,91.537,6.925,1664.71,0,6.945,6.945,NA,32
"5/26/2022 8:22:28 AM",0,29.025,1.232,2.599,2387.4,996.859,0,2.176,2.176,10.469,8.109,91.541,6.925,1673.631,0,6.945,6.945,NA,32
"5/26/2022 8:22:28 AM",0,29.025,1.232,2.6,2388.2,996.859,0,2.153,2.153,10.675,8.108,91.518,6.923,1681.108,0,6.943,6.943,NA,32
"5/26/2022 8:22:28 AM",0,29.026,1.223,2.581,2371.3,996.852,0,2.122,2.122,11.189,8.107,91.526,6.924,1687.904,0,6.944,6.944,NA,32
"5/26/2022 8:22:28 AM",0,29.03,1.223,2.582,2371.8,996.851,0,2.13,2.13,11.395,8.105,91.536,6.925,1698.27,0,6.945,6.945,NA,32
"5/26/2022 8:22:29 AM",0,29.03,1.232,2.6,2388.1,996.858,0,2.052,2.052,11.292,8.104,91.442,6.917,1705.236,0,6.937,6.937,NA,32
"5/26/2022 8:22:29 AM",0,29.031,1.216,2.568,2358.6,996.845,0,2.293,2.293,10.939,8.104,91.383,6.913,1708.55,0,6.933,6.933,NA,32
"5/26/2022 8:22:29 AM",0,29.034,1.232,2.6,2387.8,996.857,0,1.974,1.974,11.321,8.103,91.44,6.916,1711.438,0,6.936,6.936,NA,32
"5/26/2022 8:22:29 AM",0,29.032,1.217,2.569,2359.7,996.846,0,1.638,1.638,10.925,8.102,91.313,6.907,1713.223,0,6.927,6.927,NA,32
"5/26/2022 8:22:29 AM",0,29.035,1.214,2.563,2353.8,996.843,0,2.161,2.161,10.866,8.099,91.359,6.91,1714.157,0,6.93,6.93,NA,32
"5/26/2022 8:26:56 AM",0,30.105,49.938,79.874,71809.9,1032.938,32.94,0.577,0.577,0.524,7.606,100.803,5.787,776.621,0,5.801,5.804,NA,32
"5/26/2022 8:26:56 AM",0,30.104,49.948,79.888,71823.2,1032.946,32.949,0.64,0.64,0.67,7.614,100.908,5.793,990.636,0,5.806,5.809,NA,32
"5/26/2022 8:26:56 AM",0,30.106,49.953,79.897,71828.3,1032.949,32.951,1.178,1.178,0.641,7.626,100.822,5.787,921.393,0,5.8,5.803,NA,32
"5/26/2022 8:26:56 AM",0,30.103,49.961,79.904,71839.3,1032.956,32.959,1.716,1.716,0.408,7.643,100.982,5.794,1012.301,0,5.808,5.811,NA,32
"5/26/2022 8:26:56 AM",0,30.105,49.957,79.901,71834.2,1032.952,32.955,0.842,0.842,0.495,7.653,101.066,5.799,1112.299,0,5.812,5.815,NA,32
"5/26/2022 8:26:57 AM",0,30.107,49.952,79.897,71827.3,1032.948,32.95,0.725,0.725,0.772,7.663,101.152,5.804,1254.862,0,5.817,5.82,NA,32
"5/26/2022 8:26:57 AM",0,30.106,49.959,79.906,71835.9,1032.953,32.956,0.835,0.835,0.364,7.672,101.068,5.799,1469.897,0,5.812,5.815,NA,32
"5/26/2022 8:26:57 AM",0,30.105,49.965,79.913,71844,1032.958,32.961,1.513,1.513,0.379,7.683,101.261,5.809,1454.264,0,5.822,5.825,NA,32
"5/26/2022 8:26:57 AM",0,30.105,49.969,79.918,71848.5,1032.961,32.964,0.772,0.772,0.116,7.689,101.233,5.807,1331.072,0,5.82,5.824,NA,32
"5/26/2022 8:26:57 AM",0,30.105,49.971,79.921,71851.1,1032.962,32.965,0.593,0.593,0.189,7.694,101.268,5.809,1413.143,0,5.822,5.826,NA,32
"5/26/2022 8:26:58 AM",0,30.106,49.967,79.917,71846.4,1032.959,32.962,0.686,0.686,0.379,7.699,101.248,5.808,1494.62,0,5.821,5.824,NA,32
"5/26/2022 8:26:58 AM",0,30.105,49.97,79.92,71850.3,1032.961,32.965,0.468,0.468,0.16,7.703,101.124,5.8,1510.593,0,5.814,5.817,NA,32
"5/26/2022 8:26:58 AM",0,30.102,49.974,79.921,71855.3,1032.966,32.969,0.499,0.499,0.16,7.712,101.272,5.809,1497.764,0,5.822,5.825,NA,32
"5/26/2022 8:26:58 AM",0,30.104,49.971,79.919,71851.3,1032.963,32.966,0.796,0.796,0.379,7.716,101.186,5.804,837.283,0,5.817,5.82,NA,32
"5/26/2022 8:26:59 AM",0,30.103,49.969,79.916,71849.4,1032.962,32.965,0.788,0.788,0.932,7.72,101.255,5.807,694.465,0,5.821,5.824,NA,32
"5/26/2022 8:26:59 AM",0,30.106,49.964,79.914,71842.7,1032.958,32.96,0.632,0.632,0.626,7.725,101.209,5.805,568.809,0,5.818,5.822,NA,32
"5/26/2022 8:26:59 AM",0,30.106,49.965,79.915,71844.3,1032.959,32.961,0.757,0.757,0.83,7.729,101.336,5.812,564.391,0,5.825,5.829,NA,32
"5/26/2022 8:26:59 AM",0,30.106,49.969,79.921,71849.4,1032.963,32.964,1.248,1.248,1.821,7.733,101.303,5.809,687.073,0,5.823,5.826,NA,32
"5/26/2022 8:26:59 AM",0,30.105,49.982,79.937,71865.8,1032.974,32.974,1.482,1.482,1.807,7.738,101.32,5.81,884.861,0,5.823,5.827,NA,32
"5/26/2022 8:27:00 AM",0.033,30.106,49.985,79.942,71868.7,1032.976,32.976,0.998,0.998,1.092,7.741,101.271,5.807,868.718,0,5.82,5.824,NA,32
"5/26/2022 8:27:00 AM",0.096,30.106,49.983,79.94,71867.1,1032.975,32.975,0.796,0.796,0.859,7.742,101.25,5.806,920.714,0,5.819,5.822,NA,32
"5/26/2022 8:27:00 AM",0.209,30.108,49.978,79.935,71860.1,1032.971,32.97,0.905,0.905,1.02,7.744,101.252,5.806,763.537,0,5.819,5.823,NA,32
"5/26/2022 8:27:00 AM",0.269,30.108,49.987,79.948,71871.2,1032.977,32.976,0.983,0.983,0.947,7.746,101.236,5.805,794.208,0,5.818,5.822,NA,32
"5/26/2022 8:27:00 AM",0.353,30.109,49.986,79.948,71870.2,1032.977,32.976,0.71,0.71,0.743,7.748,101.302,5.809,705.51,0,5.822,5.826,NA,32
"5/26/2022 8:27:01 AM",0.445,30.108,49.989,79.951,71874.5,1032.98,32.978,0.593,0.593,0.597,7.75,101.198,5.803,659.206,0,5.816,5.82,NA,32
"5/26/2022 8:27:01 AM",0.588,30.108,49.989,79.95,71874.1,1032.981,32.978,0.64,0.64,0.655,7.752,101.255,5.806,726.325,0,5.82,5.823,NA,32
"5/26/2022 8:27:01 AM",0.666,30.108,49.999,79.964,71886.1,1032.988,32.985,0.679,0.679,0.801,7.754,101.174,5.802,660.566,0,5.815,5.818,NA,32
"5/26/2022 8:27:01 AM",0.673,30.107,49.999,79.963,71886.6,1032.989,32.986,0.725,0.725,0.859,7.756,101.315,5.809,592.682,0,5.822,5.826,NA,32
"5/26/2022 8:27:01 AM",0.652,30.106,49.997,79.96,71884.5,1032.988,32.985,0.803,0.803,0.539,7.756,101.374,5.813,487.077,0,5.826,5.829,NA,32
"5/26/2022 8:27:02 AM",0.64,30.104,50,79.961,71888,1032.99,32.988,0.608,0.608,0.422,7.756,101.349,5.811,629.555,0,5.825,5.828,NA,32
"5/26/2022 8:27:02 AM",0.687,30.105,50,79.962,71888.5,1032.991,32.988,0.632,0.632,0.553,7.757,101.338,5.81,458.445,0,5.823,5.827,NA,32
"5/26/2022 8:27:02 AM",0.732,30.104,50,79.962,71888.9,1032.991,32.988,0.624,0.624,0.757,7.759,101.374,5.813,524.459,0,5.826,5.829,NA,32
"5/26/2022 8:27:02 AM",0.765,30.104,50.002,79.963,71890.9,1032.993,32.989,0.538,0.538,0.597,7.759,101.3,5.808,587.925,0,5.822,5.825,NA,32
"5/26/2022 8:27:02 AM",0.777,30.103,50.001,79.959,71889.2,1032.992,32.989,0.569,0.569,0.583,7.759,101.324,5.81,688.263,0,5.823,5.827,NA,32
"5/26/2022 8:27:03 AM",0.777,30.101,50.002,79.96,71891.3,1032.994,32.99,0.92,0.92,7.126,7.759,101.324,5.81,467.026,0,5.823,5.827,NA,32
"5/26/2022 8:27:03 AM",0.775,30.101,50.004,79.963,71894.1,1032.995,32.992,0.858,0.858,2.186,7.76,101.34,5.811,574.076,0,5.824,5.827,NA,32
"5/26/2022 8:27:03 AM",0.782,30.101,50.002,79.96,71891.6,1032.994,32.991,0.749,0.749,0.786,7.76,101.396,5.814,509.591,0,5.827,5.831,NA,32
"5/26/2022 8:27:03 AM",0.807,30.102,50,79.957,71888.3,1032.992,32.988,0.569,0.569,0.466,7.761,101.396,5.814,484.953,0,5.827,5.831,NA,32
"5/26/2022 8:27:03 AM",0.835,30.102,50.001,79.959,71889.5,1032.993,32.989,0.601,0.601,0.597,7.762,101.342,5.811,486.822,0,5.824,5.828,NA,32
"5/26/2022 8:27:04 AM",0.88,30.102,50.003,79.962,71892.4,1032.995,32.991,0.585,0.585,0.422,7.764,101.32,5.81,383.34,0,5.823,5.826,NA,32
"5/26/2022 8:27:04 AM",0.939,30.1,50.004,79.96,71893.4,1032.996,32.992,0.53,0.53,0.393,7.764,101.222,5.804,397.529,0,5.817,5.821,NA,32
"5/26/2022 8:27:04 AM",0.954,30.1,50.002,79.958,71891.3,1032.995,32.991,0.476,0.476,0.379,7.765,101.437,5.817,363.885,0,5.83,5.833,NA,32
"5/26/2022 8:27:04 AM",0.977,30.1,50,79.955,71889.4,1032.994,32.99,0.507,0.507,0.422,7.767,101.382,5.814,490.73,0,5.827,5.83,NA,32
"5/26/2022 8:27:04 AM",1,30.098,50.001,79.954,71890.5,1032.995,32.991,0.499,0.499,0.422,7.767,101.304,5.809,420.893,0,5.823,5.826,NA,32
"5/26/2022 8:27:05 AM",1.024,30.098,50,79.952,71889.1,1032.994,32.99,0.523,0.523,0.408,7.768,101.368,5.814,397.954,0,5.827,5.83,NA,32
"5/26/2022 8:27:05 AM",1.041,30.097,50.004,79.956,71894.4,1032.998,32.993,0.718,0.718,0.379,7.768,101.482,5.82,365.414,0,5.833,5.837,NA,32
"5/26/2022 8:27:05 AM",1.054,30.098,50.006,79.961,71896.7,1032.999,32.994,0.507,0.507,0.335,7.767,101.434,5.817,428.794,0,5.83,5.834,NA,32
"5/26/2022 8:27:05 AM",1.078,30.098,50.003,79.956,71892.5,1032.996,32.992,0.741,0.741,0.583,7.767,101.417,5.816,481.47,0,5.83,5.833,NA,32
"5/26/2022 8:27:05 AM",1.088,30.1,50.01,79.968,71901.1,1033.001,32.997,0.608,0.608,0.568,7.767,101.485,5.82,382.066,0,5.833,5.836,NA,32
"5/26/2022 8:27:06 AM",1.092,30.1,50.007,79.965,71897.7,1032.999,32.994,0.718,0.718,0.539,7.767,101.463,5.818,433.552,0,5.831,5.834,NA,32
"5/26/2022 8:27:06 AM",1.09,30.101,50.012,79.973,71904,1033.003,32.998,0.601,0.601,0.393,7.766,101.45,5.817,393.621,0,5.83,5.833,NA,32
"5/26/2022 8:27:06 AM",1.074,30.101,50.013,79.973,71904.8,1033.003,32.999,0.484,0.484,0.233,7.766,101.388,5.813,348.592,0,5.826,5.829,NA,32
"5/26/2022 8:27:06 AM",1.057,30.1,50.011,79.971,71903.2,1033.002,32.998,0.429,0.429,0.233,7.766,101.522,5.821,385.974,0,5.834,5.837,NA,32
"5/26/2022 8:27:06 AM",1.017,30.1,50.013,79.974,71905.3,1033.003,32.999,0.554,0.554,0.422,7.767,101.381,5.812,387.928,0,5.826,5.829,NA,32
"5/26/2022 8:27:07 AM",1.019,30.1,50.013,79.973,71904.5,1033.003,32.999,0.53,0.53,0.379,7.765,101.424,5.815,383.001,0,5.828,5.832,NA,32
"5/26/2022 8:27:07 AM",1.08,30.101,50.013,79.973,71904.5,1033.003,32.998,0.468,0.468,0.32,7.765,101.426,5.815,358.787,0,5.829,5.832,NA,32
"5/26/2022 8:27:07 AM",1.201,30.1,50.012,79.972,71903.4,1033.003,32.998,0.406,0.406,0.218,7.764,101.39,5.813,368.387,0,5.827,5.83,NA,32
"5/26/2022 8:27:07 AM",1.473,30.097,50.013,79.968,71905.3,1033.006,33,0.608,0.608,0.51,7.765,101.343,5.81,366.094,0,5.823,5.827,NA,32
"5/26/2022 8:27:07 AM",1.667,30.099,50.028,79.992,71924.2,1033.018,33.011,0.601,0.601,0.495,7.765,101.401,5.812,288.1,0,5.826,5.829,NA,32
"5/26/2022 8:27:08 AM",1.822,30.103,50.029,79.999,71924.8,1033.018,33.01,0.632,0.632,0.699,7.768,101.387,5.811,307.981,0,5.824,5.828,NA,32
"5/26/2022 8:27:08 AM",1.98,30.101,50.029,79.996,71925.4,1033.019,33.011,0.554,0.554,0.51,7.769,101.397,5.812,337.122,0,5.825,5.829,NA,32
"5/26/2022 8:27:08 AM",2.121,30.098,50.031,79.995,71928.2,1033.022,33.013,0.577,0.577,0.466,7.768,101.343,5.809,242.731,0,5.822,5.825,NA,32
"5/26/2022 8:27:08 AM",2.314,30.095,50.037,80.001,71936.8,1033.029,33.019,0.608,0.608,0.481,7.768,101.398,5.812,133.727,0,5.825,5.828,NA,32
"5/26/2022 8:27:09 AM",2.481,30.096,50.038,80.002,71937.7,1033.03,33.02,0.671,0.671,0.51,7.771,101.299,5.806,151.399,0,5.819,5.822,NA,32
"5/26/2022 8:27:09 AM",2.622,30.096,50.043,80.009,71943.4,1033.034,33.023,0.546,0.546,0.451,7.771,101.479,5.816,181.9,0,5.829,5.832,NA,32
"5/26/2022 8:27:09 AM",2.733,30.098,50.043,80.012,71944.1,1033.035,33.023,0.562,0.562,0.451,7.77,101.52,5.818,196.088,0,5.831,5.835,NA,32
"5/26/2022 8:27:09 AM",2.818,30.097,50.042,80.01,71942.1,1033.034,33.022,0.538,0.538,0.393,7.77,101.438,5.813,170.26,0,5.826,5.83,NA,32
"5/26/2022 8:27:09 AM",2.961,30.097,50.045,80.014,71945.8,1033.037,33.024,0.569,0.569,0.277,7.77,101.452,5.814,125.996,0,5.827,5.831,NA,32
"5/26/2022 8:27:10 AM",3.145,30.097,50.044,80.014,71945.7,1033.037,33.024,0.585,0.585,0.422,7.77,101.525,5.819,118.859,0,5.832,5.836,NA,32
"5/26/2022 8:27:10 AM",3.37,30.097,50.048,80.018,71950.4,1033.041,33.027,0.647,0.647,0.466,7.77,101.415,5.813,119.964,0,5.826,5.829,NA,32
"5/26/2022 8:27:10 AM",3.597,30.097,50.052,80.023,71955,1033.045,33.03,0.78,0.78,0.583,7.769,101.463,5.815,125.996,0,5.828,5.831,NA,32
"5/26/2022 8:27:10 AM",3.933,30.098,50.052,80.026,71956.1,1033.046,33.03,0.538,0.538,0.306,7.771,101.378,5.809,127.355,0,5.822,5.826,NA,32
"5/26/2022 8:27:10 AM",4.123,30.097,50.054,80.027,71957.8,1033.048,33.031,0.421,0.421,0.102,7.772,101.539,5.818,118.859,0,5.831,5.835,NA,32
"5/26/2022 8:27:11 AM",4.27,30.098,50.054,80.028,71958.3,1033.049,33.031,0.538,0.538,0.233,7.772,101.44,5.812,97.789,0,5.825,5.829,NA,32
"5/26/2022 8:27:11 AM",4.429,30.097,50.053,80.026,71957.6,1033.05,33.031,0.421,0.421,0.044,7.772,101.51,5.817,76.039,0,5.83,5.833,NA,32
"5/26/2022 8:27:11 AM",4.554,30.096,50.057,80.031,71962.8,1033.053,33.034,0.398,0.398,0.029,7.772,101.4,5.81,60.916,0,5.823,5.826,NA,32
"5/26/2022 8:27:11 AM",4.752,30.097,50.057,80.032,71962.7,1033.054,33.034,0.304,0.304,0,7.773,101.393,5.809,38.997,0,5.822,5.826,NA,32
"5/26/2022 8:27:11 AM",4.948,30.096,50.061,80.036,71967.3,1033.058,33.037,0.234,0.234,0,7.773,101.467,5.813,28.717,0,5.826,5.83,NA,32
"5/26/2022 8:27:12 AM",5.122,30.096,50.061,80.036,71967.2,1033.058,33.037,0.429,0.429,0.058,7.773,101.402,5.81,24.384,0,5.823,5.826,NA,32
"5/26/2022 8:27:12 AM",5.329,30.097,50.061,80.037,71967.3,1033.059,33.036,0.624,0.624,0.583,7.773,101.401,5.81,24.553,0,5.823,5.827,NA,32
"5/26/2022 8:27:12 AM",5.6,30.097,50.068,80.046,71976,1033.065,33.042,0.842,0.842,0.801,7.772,101.315,5.805,27.867,0,5.818,5.821,NA,32
"5/26/2022 8:27:12 AM",5.778,30.097,50.069,80.049,71977.8,1033.067,33.043,0.64,0.64,0.495,7.773,101.284,5.803,28.462,0,5.816,5.819,NA,32
"5/26/2022 8:27:12 AM",5.948,30.096,50.071,80.05,71979.9,1033.069,33.044,0.491,0.491,0.233,7.773,101.407,5.81,28.207,0,5.823,5.826,NA,32
"5/26/2022 8:27:13 AM",6.112,30.097,50.071,80.051,71979.8,1033.07,33.044,0.507,0.507,0.335,7.773,101.391,5.809,27.782,0,5.822,5.825,NA,32
"5/26/2022 8:27:13 AM",6.27,30.097,50.071,80.052,71980.1,1033.071,33.044,0.593,0.593,0.364,7.773,101.428,5.811,27.527,0,5.824,5.827,NA,32
"5/26/2022 8:27:13 AM",6.518,30.096,50.073,80.054,71983.5,1033.074,33.046,0.523,0.523,0.233,7.771,101.319,5.805,25.998,0,5.818,5.821,NA,32
"5/26/2022 8:27:13 AM",6.682,30.095,50.075,80.055,71985.6,1033.076,33.048,0.335,0.335,0,7.771,101.42,5.81,23.704,0,5.823,5.827,NA,32
"5/26/2022 8:27:13 AM",6.856,30.096,50.077,80.059,71988.6,1033.078,33.049,0.242,0.242,0,7.773,101.505,5.815,21.41,0,5.828,5.832,NA,32
"5/26/2022 8:27:14 AM",7.026,30.096,50.079,80.062,71991.2,1033.081,33.051,0.632,0.632,0.262,7.773,101.459,5.812,19.541,0,5.825,5.829,NA,32
"5/26/2022 8:27:14 AM",7.296,30.096,50.082,80.066,71995.2,1033.084,33.053,0.647,0.647,0.495,7.773,101.479,5.813,18.097,0,5.827,5.83,NA,32
"5/26/2022 8:27:14 AM",7.461,30.096,50.08,80.064,71992.7,1033.083,33.051,0.538,0.538,0.277,7.771,101.5,5.815,17.587,0,5.828,5.831,NA,32
"5/26/2022 8:27:14 AM",7.621,30.096,50.081,80.066,71994,1033.085,33.052,0.429,0.429,0,7.772,101.36,5.807,16.992,0,5.82,5.823,NA,32
"5/26/2022 8:27:14 AM",7.779,30.096,50.083,80.068,71996,1033.086,33.053,0.507,0.507,0,7.772,101.363,5.806,16.397,0,5.82,5.823,NA,32
"5/26/2022 8:27:15 AM",7.942,30.097,50.082,80.067,71994.6,1033.086,33.052,0.562,0.562,0,7.772,101.438,5.811,15.718,0,5.824,5.827,NA,32
"5/26/2022 8:27:15 AM",8.181,30.096,50.084,80.069,71997.3,1033.089,33.054,0.367,0.367,0,7.773,101.355,5.806,14.188,0,5.819,5.822,NA,32
"5/26/2022 8:27:15 AM",8.346,30.096,50.085,80.071,71998.4,1033.09,33.055,0.039,0.039,0,7.773,101.281,5.802,12.999,0,5.815,5.818,NA,32
"5/26/2022 8:27:15 AM",8.525,30.097,50.083,80.069,71996.6,1033.09,33.053,0.133,0.133,0,7.773,101.311,5.803,11.809,0,5.817,5.82,NA,32
"5/26/2022 8:27:15 AM",8.704,30.097,50.083,80.069,71996.6,1033.09,33.053,0.523,0.523,0.175,7.772,101.349,5.805,10.79,0,5.818,5.822,NA,32
"5/26/2022 8:27:16 AM",8.98,30.096,50.083,80.068,71996.5,1033.091,33.053,0.421,0.421,0,7.774,101.418,5.809,10.45,0,5.822,5.826,NA,32
"5/26/2022 8:27:16 AM",9.137,30.096,50.083,80.068,71996.9,1033.092,33.054,1.256,1.256,1.734,7.776,101.356,5.805,12.064,0,5.818,5.822,NA,32
"5/26/2022 8:27:16 AM",9.281,30.096,50.084,80.069,71998.1,1033.094,33.054,1.412,1.412,2.58,7.776,101.456,5.811,14.698,0,5.824,5.828,NA,32
"5/26/2022 8:27:16 AM",9.42,30.096,50.083,80.068,71997.2,1033.094,33.054,1.545,1.545,2.974,7.776,101.382,5.807,19.031,0,5.82,5.823,NA,32
"5/26/2022 8:27:16 AM",9.565,30.096,50.083,80.068,71996.7,1033.094,33.053,1.069,1.069,1.53,7.776,101.347,5.805,22.345,0,5.818,5.821,NA,32
"5/26/2022 8:27:17 AM",9.778,30.096,50.085,80.071,71999.1,1033.096,33.055,0.624,0.624,0.029,7.775,101.323,5.803,19.541,0,5.816,5.82,NA,32
"5/26/2022 8:27:17 AM",9.914,30.096,50.084,80.071,71998.7,1033.096,33.054,0.406,0.406,0,7.775,101.39,5.807,16.397,0,5.82,5.824,NA,32
"5/26/2022 8:27:17 AM",10.043,30.095,50.083,80.068,71997.3,1033.096,33.054,0.616,0.616,0.015,7.775,101.305,5.802,13.509,0,5.815,5.819,NA,32
"5/26/2022 8:27:17 AM",10.164,30.095,50.085,80.071,72000,1033.098,33.055,0.047,0.047,0,7.774,101.328,5.803,10.705,0,5.816,5.82,NA,32
"5/26/2022 8:27:17 AM",10.385,30.094,50.087,80.072,72002.4,1033.101,33.057,0.507,0.507,0,7.773,101.384,5.806,7.222,0,5.819,5.823,NA,32
"5/26/2022 8:27:18 AM",10.573,30.095,50.086,80.072,72001.2,1033.101,33.056,0.725,0.725,0.393,7.773,101.311,5.802,5.862,0,5.815,5.819,NA,32
"5/26/2022 8:27:18 AM",10.773,30.096,50.086,80.074,72001.9,1033.102,33.056,0.741,0.741,0.641,7.773,101.379,5.806,5.522,0,5.819,5.823,NA,32
"5/26/2022 8:27:18 AM",10.957,30.096,50.09,80.079,72006.1,1033.105,33.058,0.819,0.819,0.743,7.773,101.34,5.804,6.032,0,5.817,5.82,NA,32
"5/26/2022 8:27:18 AM",11.121,30.096,50.091,80.081,72007.3,1033.106,33.059,0.733,0.733,0.364,7.772,101.412,5.808,6.372,0,5.821,5.825,NA,32
"5/26/2022 8:27:19 AM",11.373,30.097,50.083,80.071,71997.6,1033.101,33.053,0.718,0.718,0.393,7.773,101.254,5.799,5.862,0,5.812,5.816,NA,32
"5/26/2022 8:27:19 AM",11.555,30.097,50.083,80.071,71997.9,1033.102,33.053,0.702,0.702,0.481,7.773,101.305,5.802,6.372,0,5.815,5.819,NA,32
"5/26/2022 8:27:19 AM",11.675,30.097,50.089,80.08,72005.9,1033.108,33.058,1.896,1.896,3.237,7.774,101.234,5.797,13.424,0,5.81,5.814,NA,32
"5/26/2022 8:27:19 AM",11.691,30.096,50.084,80.072,71999.9,1033.104,33.055,1.225,1.225,1.909,7.775,101.254,5.799,36.363,0,5.812,5.815,NA,32
"5/26/2022 8:27:19 AM",11.641,30.094,50.085,80.07,72001.1,1033.105,33.056,0.835,0.835,1.136,7.775,101.272,5.8,51.571,0,5.813,5.816,NA,32
"5/26/2022 8:27:20 AM",11.557,30.095,50.086,80.073,72002.4,1033.105,33.056,0.686,0.686,0.568,7.775,101.294,5.801,51.061,0,5.814,5.817,NA,32
"5/26/2022 8:27:20 AM",11.444,30.095,50.087,80.075,72003.2,1033.105,33.057,0.647,0.647,0.51,7.774,101.276,5.8,50.891,0,5.813,5.816,NA,32
"5/26/2022 8:27:20 AM",11.293,30.096,50.084,80.071,71999.2,1033.102,33.054,0.632,0.632,0.466,7.773,101.164,5.793,50.976,0,5.806,5.81,NA,32
"5/26/2022 8:27:20 AM",11.119,30.095,50.086,80.073,72001.4,1033.103,33.056,0.64,0.64,0.349,7.773,101.275,5.8,50.551,0,5.813,5.816,NA,32
"5/26/2022 8:27:20 AM",10.898,30.096,50.085,80.073,72000.7,1033.102,33.055,0.686,0.686,0.393,7.772,101.321,5.802,50.466,0,5.815,5.819,NA,32
"5/26/2022 8:27:21 AM",10.804,30.096,50.09,80.079,72005.9,1033.104,33.058,0.562,0.562,0.277,7.772,101.298,5.801,50.042,0,5.814,5.818,NA,32
"5/26/2022 8:27:21 AM",10.738,30.097,50.089,80.079,72004.5,1033.103,33.057,0.663,0.663,0.364,7.771,101.229,5.797,50.466,0,5.81,5.814,NA,32
"5/26/2022 8:27:21 AM",10.676,30.098,50.088,80.079,72003.5,1033.102,33.056,0.663,0.663,0.364,7.772,101.264,5.799,50.551,0,5.813,5.816,NA,32
"5/26/2022 8:27:21 AM",10.552,30.097,50.087,80.077,72002.2,1033.101,33.056,0.601,0.601,0.262,7.773,101.206,5.796,49.702,0,5.809,5.813,NA,32
"5/26/2022 8:27:21 AM",10.439,30.098,50.084,80.073,71998.5,1033.098,33.054,0.515,0.515,0.175,7.773,101.285,5.801,49.277,0,5.814,5.817,NA,32
"5/26/2022 8:27:22 AM",10.319,30.097,50.085,80.074,72000,1033.099,33.055,0.569,0.569,0.291,7.773,101.238,5.798,48.257,0,5.811,5.814,NA,32
"5/26/2022 8:27:22 AM",10.191,30.096,50.085,80.073,72000.3,1033.098,33.055,0.577,0.577,0.306,7.773,101.303,5.801,47.238,0,5.815,5.818,NA,32
"5/26/2022 8:27:22 AM",10.071,30.096,50.087,80.074,72002.1,1033.099,33.056,0.632,0.632,0.306,7.773,101.185,5.795,46.048,0,5.808,5.811,NA,32
"5/26/2022 8:27:22 AM",9.919,30.096,50.085,80.071,71999.2,1033.097,33.055,0.811,0.811,0.451,7.773,101.342,5.804,44.264,0,5.817,5.82,NA,32
"5/26/2022 8:27:22 AM",9.9,30.096,50.084,80.071,71999,1033.097,33.054,0.881,0.881,0.568,7.773,101.354,5.805,44.434,0,5.818,5.821,NA,32
"5/26/2022 8:27:23 AM",9.9,30.096,50.084,80.07,71998.1,1033.096,33.054,0.725,0.725,0.349,7.773,101.296,5.801,46.218,0,5.814,5.818,NA,32
"5/26/2022 8:27:23 AM",9.931,30.096,50.084,80.071,71998.7,1033.096,33.054,0.725,0.725,0.379,7.774,101.248,5.799,47.748,0,5.812,5.815,NA,32
"5/26/2022 8:27:23 AM",9.984,30.096,50.085,80.072,72000.1,1033.098,33.055,0.858,0.858,0.641,7.774,101.267,5.8,48.852,0,5.813,5.816,NA,32
"5/26/2022 8:27:23 AM",10.003,30.096,50.083,80.07,71997.8,1033.096,33.054,0.85,0.85,0.714,7.774,101.309,5.802,48.937,0,5.815,5.819,NA,32
"5/26/2022 8:27:23 AM",9.982,30.095,50.084,80.069,71998.1,1033.097,33.054,0.569,0.569,0.291,7.774,101.285,5.801,48.937,0,5.814,5.818,NA,32
"5/26/2022 8:27:24 AM",9.902,30.095,50.083,80.068,71997.6,1033.096,33.054,0.515,0.515,0.291,7.775,101.346,5.805,49.362,0,5.818,5.822,NA,32
"5/26/2022 8:27:24 AM",9.766,30.095,50.086,80.071,72001.1,1033.098,33.056,0.608,0.608,0.291,7.774,101.284,5.801,49.702,0,5.814,5.818,NA,32
"5/26/2022 8:27:24 AM",9.542,30.095,50.084,80.069,71998.3,1033.095,33.054,0.64,0.64,0.481,7.775,101.366,5.806,50.976,0,5.819,5.822,NA,32
"5/26/2022 8:27:24 AM",9.41,30.096,50.082,80.068,71996,1033.093,33.053,0.663,0.663,0.451,7.776,101.301,5.802,51.996,0,5.815,5.819,NA,32
"5/26/2022 8:27:24 AM",9.302,30.095,50.083,80.067,71996.6,1033.093,33.053,0.53,0.53,0.291,7.776,101.279,5.801,52.081,0,5.814,5.817,NA,32
"5/26/2022 8:27:25 AM",9.231,30.096,50.082,80.067,71995.4,1033.092,33.053,0.569,0.569,0.277,7.776,101.259,5.799,52.505,0,5.813,5.816,NA,32
"5/26/2022 8:27:25 AM",9.172,30.096,50.082,80.068,71995.9,1033.092,33.053,0.554,0.554,0.248,7.776,101.248,5.799,52.675,0,5.812,5.815,NA,32
"5/26/2022 8:27:25 AM",9.062,30.095,50.081,80.065,71994.6,1033.091,33.052,0.538,0.538,0.218,7.776,101.438,5.81,52.081,0,5.823,5.827,NA,32
"5/26/2022 8:27:25 AM",8.951,30.095,50.081,80.065,71994.6,1033.09,33.052,0.523,0.523,0.175,7.776,101.248,5.799,51.826,0,5.812,5.815,NA,32
"5/26/2022 8:27:25 AM",8.8,30.095,50.081,80.065,71994.7,1033.09,33.053,0.577,0.577,0.32,7.776,101.325,5.803,51.656,0,5.816,5.819,NA,32
"5/26/2022 8:27:26 AM",8.614,30.095,50.082,80.066,71996.1,1033.09,33.053,0.632,0.632,0.335,7.776,101.358,5.805,50.976,0,5.818,5.821,NA,32
"5/26/2022 8:27:26 AM",8.33,30.095,50.081,80.065,71994.5,1033.088,33.052,0.671,0.671,0.306,7.776,101.31,5.802,50.466,0,5.815,5.818,NA,32
"5/26/2022 8:27:26 AM",8.174,30.096,50.08,80.063,71992.4,1033.086,33.051,0.601,0.601,0.204,7.776,101.398,5.807,50.806,0,5.82,5.824,NA,32
"5/26/2022 8:27:26 AM",8.069,30.096,50.079,80.063,71992,1033.085,33.051,0.569,0.569,0.379,7.776,101.518,5.814,51.316,0,5.827,5.831,NA,32
"5/26/2022 8:27:26 AM",8.026,30.096,50.079,80.063,71991.8,1033.085,33.051,0.562,0.562,0.408,7.776,101.387,5.806,51.741,0,5.82,5.823,NA,32
"5/26/2022 8:27:27 AM",7.981,30.096,50.079,80.063,71991.2,1033.084,33.05,0.515,0.515,0.218,7.776,101.414,5.808,51.996,0,5.821,5.825,NA,32
"5/26/2022 8:27:27 AM",7.996,30.097,50.081,80.067,71994.1,1033.086,33.052,0.655,0.655,0.466,7.776,101.396,5.807,52.251,0,5.82,5.824,NA,32
"5/26/2022 8:27:27 AM",8.014,30.098,50.083,80.07,71995.8,1033.087,33.053,0.546,0.546,0.306,7.776,101.232,5.797,52.505,0,5.81,5.814,NA,32
"5/26/2022 8:27:27 AM",8.024,30.098,50.083,80.07,71995.8,1033.087,33.053,0.554,0.554,0.218,7.776,101.259,5.799,52.675,0,5.812,5.816,NA,32
"5/26/2022 8:27:27 AM",8.024,30.099,50.082,80.07,71994.4,1033.086,33.051,0.608,0.608,0.291,7.776,101.287,5.801,52.505,0,5.814,5.817,NA,32
"5/26/2022 8:27:28 AM",7.972,30.097,50.08,80.065,71992.2,1033.085,33.051,0.585,0.585,0.801,7.776,101.342,5.804,52.251,0,5.817,5.821,NA,32
"5/26/2022 8:27:28 AM",7.915,30.096,50.084,80.069,71997.3,1033.088,33.054,0.655,0.655,0.495,7.777,101.249,5.799,52.76,0,5.812,5.815,NA,32
"5/26/2022 8:27:28 AM",7.869,30.096,50.085,80.071,71998.3,1033.088,33.055,0.593,0.593,0.379,7.777,101.328,5.803,53.44,0,5.816,5.819,NA,32
"5/26/2022 8:27:28 AM",7.809,30.096,50.083,80.068,71996.5,1033.087,33.054,0.64,0.64,0.248,7.777,101.294,5.801,54.12,0,5.814,5.818,NA,32
"5/26/2022 8:27:28 AM",7.741,30.096,50.083,80.068,71996.8,1033.087,33.054,0.53,0.53,0.218,7.777,101.145,5.793,54.544,0,5.806,5.809,NA,32
"5/26/2022 8:27:29 AM",7.602,30.096,50.083,80.067,71996,1033.086,33.054,0.484,0.484,0.189,7.777,101.176,5.794,54.799,0,5.807,5.811,NA,32
"5/26/2022 8:27:29 AM",7.49,30.096,50.083,80.068,71996.4,1033.086,33.054,0.562,0.562,0.306,7.777,101.356,5.805,55.224,0,5.818,5.821,NA,32
"5/26/2022 8:27:29 AM",7.377,30.096,50.08,80.064,71992.8,1033.083,33.052,0.874,0.874,0.481,7.776,101.353,5.804,55.054,0,5.817,5.821,NA,32
"5/26/2022 8:27:29 AM",7.24,30.096,50.081,80.066,71993.5,1033.083,33.052,0.788,0.788,0.335,7.777,101.255,5.798,54.969,0,5.812,5.815,NA,32
"5/26/2022 8:27:30 AM",7.059,30.096,50.082,80.066,71994.1,1033.082,33.052,0.616,0.616,0.233,7.777,101.299,5.801,54.629,0,5.814,5.817,NA,32
"5/26/2022 8:27:30 AM",6.988,30.097,50.079,80.063,71990.4,1033.08,33.05,0.764,0.764,0.583,7.777,101.344,5.803,54.714,0,5.817,5.82,NA,32
"5/26/2022 8:27:30 AM",6.936,30.096,50.079,80.063,71991.2,1033.08,33.051,0.624,0.624,0.437,7.777,101.3,5.801,54.714,0,5.814,5.818,NA,32
"5/26/2022 8:27:30 AM",6.889,30.096,50.078,80.061,71989.7,1033.079,33.05,0.499,0.499,0.218,7.776,101.312,5.802,54.035,0,5.815,5.819,NA,32
"5/26/2022 8:27:30 AM",6.826,30.096,50.077,80.06,71988.8,1033.078,33.049,0.562,0.562,0.349,7.776,101.302,5.801,53.95,0,5.815,5.818,NA,32
"5/26/2022 8:27:31 AM",6.722,30.097,50.078,80.062,71989.5,1033.078,33.049,0.616,0.616,0.335,7.777,101.175,5.794,53.61,0,5.807,5.811,NA,32
"5/26/2022 8:27:31 AM",6.607,30.096,50.079,80.062,71991.2,1033.079,33.051,0.554,0.554,0.262,7.777,101.191,5.795,53.185,0,5.808,5.812,NA,32
"5/26/2022 8:27:31 AM",6.473,30.096,50.078,80.061,71989.7,1033.077,33.05,0.53,0.53,0.218,7.777,101.162,5.793,52.335,0,5.806,5.809,NA,32
"5/26/2022 8:27:31 AM",6.319,30.096,50.078,80.059,71988.9,1033.076,33.049,0.601,0.601,0.335,7.777,101.225,5.796,51.826,0,5.81,5.813,NA,32
"5/26/2022 8:27:31 AM",6.214,30.096,50.076,80.058,71987.2,1033.075,33.048,0.624,0.624,0.335,7.777,101.247,5.798,51.911,0,5.811,5.815,NA,32
"5/26/2022 8:27:32 AM",6.04,30.096,50.076,80.056,71986.4,1033.074,33.048,0.601,0.601,0.437,7.777,101.277,5.8,52.251,0,5.813,5.816,NA,32
"5/26/2022 8:27:32 AM",5.934,30.095,50.075,80.055,71985.2,1033.073,33.048,0.577,0.577,0.277,7.777,101.265,5.799,52.845,0,5.812,5.816,NA,32
"5/26/2022 8:27:32 AM",5.83,30.096,50.074,80.055,71984.7,1033.072,33.047,0.569,0.569,0.451,7.777,101.256,5.799,53.695,0,5.812,5.815,NA,32
"5/26/2022 8:27:32 AM",5.738,30.096,50.074,80.054,71984.4,1033.071,33.047,0.764,0.764,0.67,7.777,101.224,5.797,54.884,0,5.81,5.813,NA,32
"5/26/2022 8:27:32 AM",5.604,30.096,50.073,80.053,71983.3,1033.07,33.046,0.749,0.749,0.422,7.777,101.302,5.801,56.668,0,5.814,5.818,NA,32
"5/26/2022 8:27:33 AM",5.515,30.095,50.074,80.053,71984.1,1033.071,33.047,0.569,0.569,0.306,7.777,101.28,5.8,58.198,0,5.813,5.816,NA,32
"5/26/2022 8:27:33 AM",5.454,30.095,50.074,80.053,71984.2,1033.07,33.047,0.577,0.577,0.291,7.777,101.347,5.804,59.982,0,5.817,5.82,NA,32
"5/26/2022 8:27:33 AM",5.446,30.095,50.075,80.054,71985.6,1033.071,33.048,0.554,0.554,0.248,7.777,101.426,5.808,62.021,0,5.822,5.825,NA,32
"5/26/2022 8:27:33 AM",5.519,30.095,50.081,80.062,71992.9,1033.076,33.052,0.523,0.523,0.306,7.777,101.297,5.801,63.72,0,5.814,5.817,NA,32
"5/26/2022 8:27:33 AM",5.585,30.096,50.081,80.064,71993,1033.076,33.052,0.702,0.702,0.51,7.778,101.426,5.808,62.531,0,5.821,5.824,NA,32
"5/26/2022 8:27:34 AM",5.625,30.095,50.082,80.065,71994.5,1033.077,33.053,0.624,0.624,0.379,7.779,101.33,5.802,61.511,0,5.815,5.819,NA,32
"5/26/2022 8:27:34 AM",5.67,30.095,50.081,80.063,71992.9,1033.076,33.052,0.601,0.601,0.393,7.779,101.456,5.81,61.511,0,5.823,5.826,NA,32
"5/26/2022 8:27:34 AM",5.698,30.095,50.082,80.065,71994.2,1033.077,33.053,0.554,0.554,0.583,7.778,101.341,5.803,61.681,0,5.816,5.819,NA,32
"5/26/2022 8:27:34 AM",5.705,30.095,50.083,80.066,71995.7,1033.078,33.054,0.546,0.546,0.422,7.778,101.464,5.81,61.256,0,5.823,5.826,NA,32
"5/26/2022 8:27:34 AM",5.672,30.095,50.082,80.064,71994.2,1033.077,33.053,0.515,0.515,0.291,7.778,101.418,5.807,61.086,0,5.82,5.824,NA,32
"5/26/2022 8:27:35 AM",5.609,30.095,50.085,80.067,71997.3,1033.079,33.055,0.569,0.569,0.364,7.778,101.33,5.802,60.747,0,5.815,5.819,NA,32
"5/26/2022 8:27:35 AM",5.51,30.095,50.084,80.067,71996.8,1033.078,33.055,0.499,0.499,0.349,7.779,101.349,5.803,60.152,0,5.816,5.82,NA,32
"5/26/2022 8:27:35 AM",5.399,30.095,50.083,80.064,71995.1,1033.077,33.054,0.601,0.601,0.364,7.778,101.356,5.803,59.302,0,5.817,5.82,NA,32
"5/26/2022 8:27:35 AM",5.244,30.095,50.084,80.066,71996.3,1033.077,33.055,0.538,0.538,0.233,7.779,101.297,5.8,58.877,0,5.813,5.817,NA,32
"5/26/2022 8:27:35 AM",5.134,30.095,50.082,80.065,71994.2,1033.075,33.053,0.484,0.484,0.204,7.779,101.328,5.802,58.283,0,5.815,5.819,NA,32
"5/26/2022 8:27:36 AM",5.011,30.095,50.081,80.062,71992.1,1033.073,33.052,0.554,0.554,0.306,7.779,101.45,5.809,57.688,0,5.822,5.825,NA,32
"5/26/2022 8:27:36 AM",4.919,30.095,50.082,80.064,71993.3,1033.074,33.053,0.523,0.523,0.379,7.779,101.248,5.797,57.433,0,5.81,5.814,NA,32
"5/26/2022 8:27:36 AM",4.78,30.096,50.08,80.061,71990.8,1033.072,33.051,0.554,0.554,0.349,7.779,101.285,5.799,57.178,0,5.812,5.816,NA,32
"5/26/2022 8:27:36 AM",4.695,30.096,50.08,80.061,71990.6,1033.071,33.051,0.601,0.601,0.32,7.78,101.303,5.8,57.688,0,5.813,5.817,NA,32
"5/26/2022 8:27:36 AM",4.608,30.095,50.081,80.063,71992.5,1033.072,33.052,0.562,0.562,0.248,7.779,101.399,5.806,58.877,0,5.819,5.823,NA,32
"5/26/2022 8:27:37 AM",4.535,30.095,50.081,80.061,71992,1033.072,33.052,0.491,0.491,0.204,7.779,101.41,5.807,60.577,0,5.82,5.823,NA,32
"5/26/2022 8:27:37 AM",4.467,30.094,50.079,80.059,71990.4,1033.07,33.051,0.507,0.507,0.204,7.78,101.317,5.801,62.531,0,5.815,5.818,NA,32
"5/26/2022 8:27:37 AM",4.368,30.094,50.078,80.056,71989.1,1033.069,33.051,0.491,0.491,0.189,7.78,101.414,5.807,64.74,0,5.82,5.824,NA,32
"5/26/2022 8:27:37 AM",4.324,30.094,50.078,80.057,71988.7,1033.069,33.05,0.546,0.546,0.248,7.78,101.35,5.804,66.014,0,5.817,5.82,NA,32
"5/26/2022 8:27:37 AM",4.331,30.095,50.079,80.058,71989.4,1033.069,33.051,0.577,0.577,0.495,7.78,101.426,5.808,67.373,0,5.821,5.825,NA,32
"5/26/2022 8:27:38 AM",4.352,30.095,50.077,80.057,71987.7,1033.068,33.05,0.562,0.562,0.553,7.78,101.447,5.809,68.053,0,5.822,5.826,NA,32
"5/26/2022 8:27:38 AM",4.415,30.094,50.079,80.057,71989.7,1033.07,33.051,0.499,0.499,0.306,7.779,101.417,5.807,64.74,0,5.82,5.824,NA,32
"5/26/2022 8:27:38 AM",4.442,30.094,50.079,80.058,71990,1033.07,33.051,0.46,0.46,0.233,7.779,101.387,5.805,64.4,0,5.818,5.822,NA,32
"5/26/2022 8:27:38 AM",4.456,30.094,50.078,80.057,71988.7,1033.069,33.05,0.507,0.507,0.481,7.779,101.425,5.807,64.74,0,5.821,5.824,NA,32
"5/26/2022 8:27:38 AM",4.463,30.094,50.076,80.055,71986.5,1033.068,33.049,0.733,0.733,0.612,7.78,101.45,5.809,64.06,0,5.822,5.825,NA,32
"5/26/2022 8:27:39 AM",4.432,30.094,50.078,80.056,71988.7,1033.069,33.05,0.866,0.866,0.626,7.78,101.426,5.807,64.315,0,5.82,5.824,NA,32
"5/26/2022 8:27:39 AM",4.369,30.094,50.078,80.056,71988.9,1033.069,33.051,0.772,0.772,0.699,7.781,101.404,5.806,65.249,0,5.819,5.822,NA,32
"5/26/2022 8:27:39 AM",4.312,30.093,50.078,80.055,71988.5,1033.069,33.051,0.616,0.616,0.379,7.781,101.337,5.802,65.334,0,5.815,5.818,NA,32
"5/26/2022 8:27:39 AM",4.237,30.094,50.078,80.055,71988.3,1033.068,33.05,0.554,0.554,0.335,7.78,101.453,5.809,65.249,0,5.822,5.825,NA,32
"5/26/2022 8:27:40 AM",4.171,30.093,50.078,80.055,71989,1033.069,33.051,0.546,0.546,0.349,7.781,101.436,5.807,65.164,0,5.82,5.824,NA,32
"5/26/2022 8:27:40 AM",4.06,30.094,50.077,80.054,71986.6,1033.067,33.049,0.499,0.499,0.262,7.782,101.271,5.799,65.589,0,5.812,5.815,NA,32
"5/26/2022 8:27:40 AM",3.987,30.094,50.077,80.054,71986.6,1033.066,33.049,0.569,0.569,0.816,7.779,101.314,5.8,65.759,0,5.813,5.817,NA,32
"5/26/2022 8:27:40 AM",3.924,30.094,50.078,80.055,71988.1,1033.067,33.05,0.585,0.585,0.699,7.781,101.357,5.803,66.099,0,5.816,5.82,NA,32
"5/26/2022 8:27:40 AM",3.85,30.094,50.076,80.053,71985.9,1033.065,33.049,0.546,0.546,0.408,7.78,101.341,5.802,66.269,0,5.815,5.818,NA,32
"5/26/2022 8:27:41 AM",3.785,30.093,50.076,80.052,71985.8,1033.065,33.049,0.476,0.476,0.248,7.781,101.288,5.799,66.354,0,5.812,5.816,NA,32
"5/26/2022 8:27:41 AM",3.684,30.094,50.077,80.054,71986.5,1033.065,33.049,0.515,0.515,0.277,7.78,101.362,5.803,66.524,0,5.816,5.82,NA,32
"5/26/2022 8:27:41 AM",3.608,30.094,50.075,80.052,71983.9,1033.063,33.048,0.507,0.507,0.218,7.78,101.296,5.8,66.609,0,5.813,5.816,NA,32
"5/26/2022 8:27:41 AM",3.54,30.095,50.075,80.052,71984,1033.063,33.048,0.554,0.554,0.262,7.78,101.345,5.803,67.034,0,5.816,5.819,NA,32
"5/26/2022 8:27:41 AM",3.477,30.095,50.077,80.055,71986.5,1033.064,33.049,0.476,0.476,0.262,7.781,101.356,5.803,68.138,0,5.816,5.82,NA,32
"5/26/2022 8:27:42 AM",3.399,30.095,50.074,80.052,71982.6,1033.061,33.047,0.585,0.585,0.335,7.777,101.343,5.802,68.478,0,5.815,5.819,NA,32
"5/26/2022 8:27:42 AM",3.394,30.095,50.076,80.054,71984.9,1033.063,33.048,0.452,0.452,0.218,7.778,101.243,5.797,68.733,0,5.81,5.813,NA,32
"5/26/2022 8:27:42 AM",3.441,30.096,50.076,80.055,71985.3,1033.063,33.048,0.429,0.429,0.204,7.778,101.314,5.801,69.582,0,5.814,5.817,NA,32
"5/26/2022 8:27:42 AM",3.493,30.097,50.075,80.056,71984.3,1033.062,33.047,0.476,0.476,0.568,7.78,101.392,5.805,70.007,0,5.818,5.822,NA,32
"5/26/2022 8:27:42 AM",3.547,30.097,50.075,80.055,71983.7,1033.062,33.047,0.733,0.733,0.291,7.781,101.377,5.804,67.288,0,5.817,5.821,NA,32
"5/26/2022 8:27:43 AM",3.582,30.097,50.074,80.053,71982.4,1033.061,33.046,0.796,0.796,0.335,7.782,101.292,5.799,68.393,0,5.812,5.816,NA,32
"5/26/2022 8:27:43 AM",3.564,30.097,50.072,80.052,71980.9,1033.06,33.045,0.663,0.663,0.379,7.781,101.296,5.799,68.818,0,5.812,5.816,NA,32
"5/26/2022 8:27:43 AM",3.557,30.095,50.075,80.054,71984.4,1033.063,33.048,0.702,0.702,0.335,7.781,101.392,5.805,67.798,0,5.818,5.821,NA,32
"5/26/2022 8:27:43 AM",3.493,30.096,50.076,80.055,71985.4,1033.063,33.048,0.546,0.546,0.277,7.781,101.374,5.803,67.204,0,5.816,5.82,NA,32
"5/26/2022 8:27:43 AM",3.408,30.096,50.076,80.055,71985.1,1033.063,33.048,0.772,0.772,0.422,7.781,101.395,5.804,67.034,0,5.818,5.821,NA,32
"5/26/2022 8:27:44 AM",3.288,30.096,50.077,80.057,71987.2,1033.063,33.049,0.842,0.842,0.583,7.781,101.48,5.809,66.354,0,5.822,5.825,NA,32
"5/26/2022 8:27:44 AM",3.177,30.096,50.076,80.056,71985.2,1033.062,33.048,0.679,0.679,0.379,7.781,101.381,5.803,66.269,0,5.816,5.82,NA,32
"5/26/2022 8:27:44 AM",3.067,30.096,50.075,80.054,71983.4,1033.06,33.047,0.484,0.484,0.277,7.782,101.414,5.805,67.288,0,5.818,5.822,NA,32
"5/26/2022 8:27:44 AM",2.937,30.096,50.075,80.054,71983.6,1033.06,33.047,0.53,0.53,0.32,7.782,101.361,5.802,69.497,0,5.815,5.819,NA,32
"5/26/2022 8:27:44 AM",2.857,30.096,50.074,80.052,71982.1,1033.059,33.046,0.546,0.546,0.306,7.781,101.552,5.813,70.857,0,5.826,5.83,NA,32
"5/26/2022 8:27:45 AM",2.773,30.096,50.075,80.054,71983.5,1033.059,33.047,0.601,0.601,0.379,7.781,101.422,5.806,72.386,0,5.819,5.822,NA,32
"5/26/2022 8:27:45 AM",2.711,30.096,50.074,80.052,71982.3,1033.058,33.047,0.491,0.491,0.233,7.781,101.364,5.802,74.255,0,5.815,5.819,NA,32
"5/26/2022 8:27:45 AM",2.626,30.096,50.072,80.05,71979.9,1033.056,33.045,0.499,0.499,0.233,7.78,101.468,5.808,75.275,0,5.821,5.825,NA,32
"5/26/2022 8:27:45 AM",2.542,30.096,50.072,80.049,71980.1,1033.056,33.045,0.499,0.499,0.291,7.781,101.366,5.802,77.654,0,5.816,5.819,NA,32
"5/26/2022 8:27:45 AM",2.495,30.095,50.072,80.049,71980.3,1033.056,33.046,0.437,0.437,0.277,7.781,101.366,5.802,79.438,0,5.816,5.819,NA,32
"5/26/2022 8:27:46 AM",2.433,30.096,50.073,80.051,71981.2,1033.056,33.046,0.507,0.507,0.306,7.782,101.245,5.796,79.778,0,5.809,5.812,NA,32
"5/26/2022 8:27:46 AM",2.389,30.096,50.071,80.048,71978.5,1033.055,33.044,0.507,0.507,0.291,7.782,101.256,5.796,79.608,0,5.809,5.813,NA,32
"5/26/2022 8:27:46 AM",2.408,30.096,50.073,80.051,71981.4,1033.056,33.046,0.554,0.554,0.422,7.783,101.249,5.796,79.693,0,5.809,5.813,NA,32
"5/26/2022 8:27:46 AM",2.455,30.096,50.074,80.053,71982.7,1033.057,33.047,0.491,0.491,0.277,7.782,101.474,5.809,79.948,0,5.822,5.826,NA,32
"5/26/2022 8:27:46 AM",2.523,30.096,50.075,80.054,71983.1,1033.058,33.047,0.468,0.468,0.262,7.781,101.422,5.806,77.314,0,5.819,5.822,NA,32
"5/26/2022 8:27:47 AM",2.563,30.096,50.075,80.054,71983.2,1033.058,33.047,0.491,0.491,0.277,7.782,101.478,5.809,76.039,0,5.822,5.825,NA,32
"5/26/2022 8:27:47 AM",2.587,30.096,50.075,80.055,71984,1033.058,33.047,0.562,0.562,0.481,7.782,101.326,5.8,76.549,0,5.813,5.816,NA,32
"5/26/2022 8:27:47 AM",2.599,30.096,50.075,80.054,71984.1,1033.059,33.048,0.523,0.523,0.364,7.782,101.327,5.8,73.915,0,5.813,5.817,NA,32
"5/26/2022 8:27:47 AM",2.572,30.095,50.075,80.053,71984.1,1033.059,33.048,0.546,0.546,0.437,7.783,101.34,5.801,72.216,0,5.814,5.817,NA,32
"5/26/2022 8:27:47 AM",2.53,30.095,50.075,80.053,71984.3,1033.059,33.048,0.468,0.468,0.306,7.783,101.35,5.801,71.452,0,5.814,5.818,NA,32
"5/26/2022 8:27:48 AM",2.436,30.095,50.079,80.059,71989.2,1033.061,33.051,0.445,0.445,0.262,7.783,101.366,5.802,70.262,0,5.815,5.818,NA,32
"5/26/2022 8:27:48 AM",2.255,30.096,50.077,80.056,71985.6,1033.058,33.049,0.445,0.445,0.262,7.782,101.354,5.802,67.373,0,5.815,5.818,NA,32
"5/26/2022 8:27:48 AM",2.132,30.096,50.075,80.055,71983.7,1033.057,33.047,0.499,0.499,0.262,7.783,101.249,5.796,67.204,0,5.809,5.812,NA,32
"5/26/2022 8:27:48 AM",2.007,30.096,50.075,80.055,71983.8,1033.056,33.048,0.515,0.515,0.335,7.784,101.393,5.803,68.478,0,5.817,5.82,NA,32
"5/26/2022 8:27:48 AM",1.921,30.096,50.074,80.052,71982,1033.055,33.047,0.499,0.499,0.349,7.784,101.483,5.809,71.027,0,5.822,5.825,NA,32
"5/26/2022 8:27:49 AM",1.819,30.096,50.073,80.051,71980.6,1033.053,33.046,0.429,0.429,0.306,7.785,101.382,5.803,74.425,0,5.816,5.819,NA,32
"5/26/2022 8:27:49 AM",1.72,30.097,50.072,80.05,71979.4,1033.052,33.045,0.421,0.421,0.248,7.786,101.224,5.794,78.843,0,5.807,5.811,NA,32
"5/26/2022 8:27:49 AM",1.657,30.096,50.069,80.046,71976.1,1033.05,33.043,0.46,0.46,0.277,7.787,101.264,5.797,81.307,0,5.81,5.813,NA,32
"5/26/2022 8:27:49 AM",1.614,30.096,50.069,80.045,71975.9,1033.05,33.043,0.452,0.452,0.218,7.786,101.355,5.802,83.941,0,5.815,5.818,NA,32
"5/26/2022 8:27:50 AM",1.591,30.096,50.07,80.047,71977.1,1033.05,33.044,0.671,0.671,0.539,7.785,101.448,5.807,85.81,0,5.82,5.823,NA,32
"5/26/2022 8:27:50 AM",1.563,30.096,50.067,80.043,71973.4,1033.048,33.041,0.499,0.499,0.248,7.784,101.425,5.806,85.895,0,5.819,5.823,NA,32
"5/26/2022 8:27:50 AM",1.535,30.096,50.067,80.042,71972.5,1033.047,33.041,0.406,0.406,0.16,7.784,101.391,5.804,87.084,0,5.817,5.821,NA,32
"5/26/2022 8:27:50 AM",1.52,30.095,50.068,80.043,71974.7,1033.049,33.042,0.616,0.616,0.481,7.784,101.464,5.808,90.992,0,5.821,5.824,NA,32
"5/26/2022 8:27:50 AM",1.504,30.095,50.069,80.044,71975.4,1033.049,33.043,0.499,0.499,0.349,7.784,101.321,5.8,97.364,0,5.813,5.816,NA,32
"5/26/2022 8:27:51 AM",1.558,30.096,50.068,80.043,71974,1033.048,33.042,0.577,0.577,0.932,7.783,101.301,5.799,104.416,0,5.812,5.815,NA,32
"5/26/2022 8:27:51 AM",1.636,30.097,50.067,80.043,71973.2,1033.048,33.041,0.491,0.491,0.393,7.784,101.3,5.799,105.86,0,5.812,5.815,NA,32
"5/26/2022 8:27:51 AM",1.674,30.097,50.067,80.044,71972.7,1033.048,33.041,0.585,0.585,0.51,7.785,101.319,5.8,102.972,0,5.813,5.816,NA,32
"5/26/2022 8:27:51 AM",1.706,30.098,50.066,80.044,71971.2,1033.047,33.039,0.53,0.53,0.408,7.788,101.434,5.806,103.142,0,5.82,5.823,NA,32
"5/26/2022 8:27:51 AM",1.728,30.098,50.066,80.043,71971.9,1033.047,33.04,0.562,0.562,0.364,7.786,101.385,5.803,102.037,0,5.817,5.82,NA,32
"5/26/2022 8:27:52 AM",1.723,30.097,50.067,80.045,71973.3,1033.048,33.041,0.523,0.523,0.437,7.787,101.239,5.795,99.234,0,5.808,5.811,NA,32
"5/26/2022 8:27:52 AM",1.674,30.097,50.067,80.043,71972.5,1033.048,33.041,0.491,0.491,0.306,7.786,101.275,5.797,98.894,0,5.81,5.813,NA,32
"5/26/2022 8:27:52 AM",1.626,30.098,50.066,80.043,71971.8,1033.047,33.04,0.437,0.437,0.248,7.785,101.415,5.805,97.874,0,5.818,5.821,NA,32
"5/26/2022 8:27:52 AM",1.535,30.097,50.068,80.045,71974,1033.048,33.042,0.616,0.616,0.786,7.786,101.41,5.804,96.855,0,5.817,5.821,NA,32
"5/26/2022 8:27:52 AM",1.448,30.097,50.067,80.044,71973,1033.047,33.041,0.507,0.507,0.451,7.786,101.366,5.802,95.24,0,5.815,5.818,NA,32
"5/26/2022 8:27:53 AM",1.299,30.097,50.065,80.042,71970.5,1033.045,33.039,0.429,0.429,0.277,7.786,101.289,5.797,91.417,0,5.81,5.814,NA,32
"5/26/2022 8:27:53 AM",1.215,30.097,50.064,80.041,71969.6,1033.044,33.039,0.554,0.554,0.466,7.787,101.399,5.804,86.15,0,5.817,5.82,NA,32
"5/26/2022 8:27:53 AM",1.123,30.097,50.064,80.04,71969.3,1033.043,33.039,0.46,0.46,0.233,7.787,101.454,5.807,78.333,0,5.82,5.823,NA,32
"5/26/2022 8:27:53 AM",1.052,30.098,50.06,80.034,71963.9,1033.04,33.035,0.445,0.445,0.32,7.787,101.485,5.808,71.791,0,5.821,5.825,NA,32
"5/26/2022 8:27:53 AM",0.944,30.098,50.06,80.035,71964.5,1033.04,33.036,0.608,0.608,0.437,7.787,101.41,5.804,68.478,0,5.817,5.821,NA,32
"5/26/2022 8:27:54 AM",0.897,30.097,50.059,80.033,71963.3,1033.039,33.035,0.46,0.46,0.277,7.787,101.362,5.802,70.092,0,5.815,5.818,NA,32
"5/26/2022 8:27:54 AM",0.883,30.098,50.058,80.032,71961.5,1033.038,33.034,0.616,0.616,0.874,7.787,101.407,5.804,73.915,0,5.817,5.821,NA,32
"5/26/2022 8:27:54 AM",0.871,30.097,50.058,80.032,71962,1033.038,33.034,1.357,1.357,1.471,7.786,101.393,5.804,79.693,0,5.817,5.82,NA,32
"5/26/2022 8:27:54 AM",0.894,30.096,50.057,80.028,71960.1,1033.037,33.033,0.702,0.702,0.553,7.786,101.322,5.799,85.725,0,5.812,5.816,NA,32
"5/26/2022 8:27:54 AM",0.92,30.098,50.057,80.03,71960,1033.037,33.033,0.507,0.507,0.32,7.787,101.338,5.801,93.881,0,5.814,5.817,NA,32
"5/26/2022 8:27:55 AM",0.937,30.098,50.056,80.029,71959.2,1033.037,33.033,0.476,0.476,0.277,7.786,101.469,5.808,98.469,0,5.821,5.824,NA,32
"5/26/2022 8:27:55 AM",0.956,30.098,50.056,80.029,71958.8,1033.036,33.032,0.484,0.484,0.466,7.787,101.422,5.805,103.227,0,5.818,5.822,NA,32
"5/26/2022 8:27:55 AM",0.956,30.097,50.056,80.029,71959.4,1033.037,33.033,0.53,0.53,0.612,7.787,101.374,5.802,107.984,0,5.815,5.819,NA,32
"5/26/2022 8:27:55 AM",0.941,30.098,50.057,80.03,71959.9,1033.037,33.033,0.413,0.413,0.291,7.785,101.393,5.803,118.35,0,5.816,5.82,NA,32
"5/26/2022 8:27:55 AM",0.916,30.098,50.058,80.033,71961.7,1033.038,33.034,0.46,0.46,0.277,7.786,101.457,5.807,125.486,0,5.82,5.823,NA,32
"5/26/2022 8:27:56 AM",0.847,30.099,50.056,80.031,71958.4,1033.035,33.032,1.022,1.022,0.451,7.786,101.498,5.809,129.309,0,5.823,5.826,NA,32
"5/26/2022 8:27:56 AM",0.77,30.099,50.055,80.03,71957.4,1033.034,33.031,0.796,0.796,0.553,7.786,101.429,5.805,132.878,0,5.818,5.822,NA,32
"5/26/2022 8:27:56 AM",0.676,30.099,50.056,80.031,71958.7,1033.035,33.032,0.663,0.663,0.626,7.788,101.484,5.808,129.309,0,5.821,5.825,NA,32
"5/26/2022 8:27:56 AM",0.65,30.099,50.056,80.032,71958.8,1033.035,33.032,0.538,0.538,0.364,7.788,101.322,5.799,125.061,0,5.812,5.816,NA,32
"5/26/2022 8:27:56 AM",0.635,30.099,50.056,80.031,71958.2,1033.034,33.032,0.671,0.671,0.451,7.787,101.24,5.794,120.643,0,5.808,5.811,NA,32
"5/26/2022 8:27:57 AM",0.602,30.099,50.055,80.03,71957.6,1033.034,33.031,0.632,0.632,0.408,7.787,101.35,5.801,121.748,0,5.814,5.817,NA,32
"5/26/2022 8:27:57 AM",0.548,30.1,50.055,80.031,71957.4,1033.033,33.031,0.593,0.593,0.437,7.788,101.483,5.808,125.911,0,5.821,5.825,NA,32
"5/26/2022 8:27:57 AM",0.41,30.1,50.055,80.03,71956.6,1033.032,33.03,0.53,0.53,0.393,7.788,101.282,5.797,137.805,0,5.81,5.813,NA,32
"5/26/2022 8:27:57 AM",0.278,30.1,50.053,80.028,71954.2,1033.03,33.029,0.484,0.484,0.335,7.788,101.324,5.799,149.53,0,5.812,5.815,NA,32
"5/26/2022 8:27:57 AM",0.134,30.1,50.051,80.025,71952,1033.028,33.028,0.507,0.507,0.379,7.787,101.23,5.794,160.49,0,5.807,5.81,NA,32
"5/26/2022 8:27:58 AM",0,30.1,50.048,80.02,71948.1,1033.025,33.025,0.569,0.569,0.408,7.787,101.287,5.797,166.607,0,5.81,5.814,NA,32
"5/26/2022 8:27:58 AM",0,30.1,50.041,80.011,71939.2,1033.019,33.02,0.554,0.554,0.364,7.786,101.291,5.797,193.03,0,5.81,5.814,NA,32
"5/26/2022 8:27:58 AM",0,30.101,50.035,80.004,71931.9,1033.014,33.015,0.499,0.499,0.233,7.786,101.272,5.796,208.747,0,5.809,5.813,NA,32
"5/26/2022 8:27:58 AM",0,30.102,50.033,80.002,71928.8,1033.011,33.013,0.374,0.374,0.073,7.785,101.473,5.808,205.944,0,5.821,5.824,NA,32
"5/26/2022 8:27:59 AM",0,30.101,50.031,79.999,71926.4,1033.01,33.012,0.382,0.382,0,7.785,101.271,5.796,269.919,0,5.809,5.813,NA,32
"5/26/2022 8:27:59 AM",0,30.102,50.029,79.996,71923.9,1033.008,33.01,0.39,0.39,0.073,7.785,101.177,5.791,248.424,0,5.804,5.808,NA,32
"5/26/2022 8:27:59 AM",0,30.101,50.026,79.992,71920.1,1033.005,33.008,0.725,0.725,0.451,7.785,101.273,5.797,311.294,0,5.81,5.813,NA,32
"5/26/2022 8:27:59 AM",0,30.101,50.02,79.983,71912.5,1033,33.004,0.554,0.554,0.393,7.785,101.228,5.794,343.579,0,5.807,5.811,NA,32
"5/26/2022 8:27:59 AM",0,30.101,50.01,79.97,71900.6,1032.993,32.997,0.491,0.491,0.379,7.786,101.343,5.801,342.814,0,5.814,5.818,NA,32
"5/26/2022 8:28:00 AM",0,30.099,3.605,7.295,6559,998.307,0,0,0,0,7.786,101.296,7.481,349.781,0,7.503,7.503,NA,32
"5/26/2022 8:28:00 AM",0,29.942,1.265,2.712,2446,996.61,0,195.783,195.783,246.814,7.785,101.203,7.571,376.374,0,7.593,7.593,NA,32
"5/26/2022 8:28:00 AM",0,29.713,0.993,2.146,1944.2,996.476,0,506.05,506.05,1167.854,7.785,101.18,7.581,387.164,0,7.603,7.603,NA,32
"5/26/2022 8:28:00 AM",0,29.539,0.858,1.86,1690.7,996.427,0,506.05,506.05,792.286,7.785,101.03,7.577,417.664,0,7.599,7.599,NA,32
"5/26/2022 8:28:00 AM",0,29.337,0.957,2.056,1877.2,996.561,0,441.624,441.624,889.874,7.783,100.882,7.563,481.215,0,7.585,7.585,NA,32
"5/26/2022 8:28:01 AM",0,29.205,0.887,1.908,1746.5,996.548,0,402.714,402.714,985.426,7.783,100.397,7.531,781.379,0,7.552,7.552,NA,32
"5/26/2022 8:28:01 AM",0,29.178,0.795,1.718,1573.2,996.487,0,114.538,114.538,395.804,7.782,100.37,7.534,929.465,0,7.556,7.556,NA,32
"5/26/2022 8:28:01 AM",0,29.103,0.705,1.529,1402,996.442,0,134.196,134.196,783.215,7.782,100.123,7.521,991.656,0,7.543,7.543,NA,32
"5/26/2022 8:28:01 AM",0,29.048,0.639,1.39,1276.5,996.408,0,263.478,263.478,276.708,7.782,99.999,7.516,702.366,0,7.537,7.537,NA,32
"5/26/2022 8:28:01 AM",0,29.068,0.597,1.302,1194.8,996.371,0,83.289,83.289,76.366,7.78,99.961,7.516,960.05,0,7.538,7.538,NA,32
"5/26/2022 8:28:02 AM",0,29.056,0.542,1.186,1089,996.333,0,55.362,55.362,0,7.78,100.107,7.532,1094.372,0,7.554,7.554,NA,32
"5/26/2022 8:28:02 AM",0,29.038,0.502,1.101,1011.2,996.308,0,15.758,15.758,0,7.779,99.72,7.506,1128.696,0,7.528,7.528,NA,32
"5/26/2022 8:28:02 AM",0,28.968,0.495,1.086,998.8,996.324,0,149.657,149.657,0,7.775,99.262,7.473,1012.471,0,7.495,7.495,NA,32
"5/26/2022 8:28:02 AM",0,28.935,0.469,1.03,948.2,996.314,0,62.546,62.546,23.741,7.774,99.172,7.469,1021.562,0,7.491,7.491,NA,32
"5/26/2022 8:28:02 AM",0,28.981,0.457,1.006,924.9,996.292,0,21.881,21.881,9.163,7.773,99.079,7.466,921.054,0,7.487,7.487,NA,32
"5/26/2022 8:28:03 AM",0,29.085,0.426,0.941,863.9,996.238,0,21.218,21.218,7.551,7.772,98.942,7.46,890.383,0,7.482,7.482,NA,32
"5/26/2022 8:28:03 AM",0,29.33,0.415,0.922,841.6,996.157,0,25.82,25.82,0,7.773,99.04,7.469,890.383,0,7.491,7.491,NA,32
"5/26/2022 8:28:03 AM",0,29.518,0.404,0.902,820.8,996.093,0,163.901,163.901,11.16,7.773,98.991,7.468,756.231,0,7.489,7.489,NA,32
"5/26/2022 8:28:03 AM",0,29.557,0.388,0.866,787.3,996.069,0,144.985,144.985,70.451,7.772,98.83,7.457,939.15,0,7.478,7.479,NA,32
"5/26/2022 8:28:03 AM",0,29.635,0.375,0.84,762.4,996.036,0,113.103,113.103,62.527,7.772,98.599,7.44,1096.666,0,7.462,7.462,NA,32
"5/26/2022 8:28:04 AM",0,29.67,0.368,0.825,748.1,996.021,0,39.105,39.105,72.343,7.772,98.362,7.423,1229.204,0,7.445,7.445,NA,32
"5/26/2022 8:28:04 AM",0,29.817,0.359,0.807,730.1,995.969,0,86.183,86.183,86.792,7.771,98.317,7.42,1280.095,0,7.442,7.442,NA,32
"5/26/2022 8:28:04 AM",0,29.901,0.349,0.787,710,995.937,0,340.074,340.074,86.513,7.771,98.108,7.404,1266.417,0,7.426,7.426,NA,32
"5/26/2022 8:28:04 AM",0,29.701,0.337,0.758,687,995.988,0,31.398,31.398,0,7.77,98.096,7.404,1196.75,0,7.425,7.425,NA,32
"5/26/2022 8:28:04 AM",0,29.574,0.333,0.747,679,996.023,0,36.539,36.539,1.442,7.768,97.817,7.383,1168.203,0,7.404,7.404,NA,32
"5/26/2022 8:28:05 AM",0,29.408,0.332,0.742,676.7,996.072,0,27.427,27.427,13.94,7.768,97.58,7.365,1160.981,0,7.386,7.386,NA,32
"5/26/2022 8:28:05 AM",0,29.209,0.709,1.541,1410.2,996.414,0,29.908,29.908,18.025,7.767,97.4,7.336,1055.461,0,7.357,7.357,NA,32
"5/26/2022 8:28:05 AM",0,29.098,0.396,0.877,804.5,996.212,0,0,0,35.25,7.766,97.017,7.321,1107.201,0,7.342,7.342,NA,32
"5/26/2022 8:28:05 AM",0,29.02,0.355,0.787,723.4,996.204,0,0,0,0,7.764,96.545,7.288,996.583,0,7.309,7.309,NA,32
"5/26/2022 8:28:05 AM",0,28.967,0.371,0.822,755.9,996.232,0,0,0,0,7.763,96.353,7.273,853.001,0,7.294,7.294,NA,32
"5/26/2022 8:28:06 AM",0,28.91,0.366,0.809,744.9,996.244,0,0,0,0,7.761,96.137,7.257,375.099,0,7.278,7.278,NA,32
"5/26/2022 8:28:06 AM",0,28.893,0.348,0.77,709.2,996.236,0,0,0,0,7.76,95.589,7.217,358.022,0,7.238,7.238,NA,32
"5/26/2022 8:28:06 AM",0,28.829,0.404,0.889,820,996.296,0,0,0,5.648,7.76,95.278,7.192,400.587,0,7.213,7.213,NA,32
"5/26/2022 8:28:06 AM",0,28.68,0.319,0.705,652,996.276,0,0,0,0,7.756,94.874,7.165,524.714,0,7.186,7.186,NA,32
"5/26/2022 8:28:06 AM",0,28.516,0.309,0.682,632.6,996.316,0,0,0,10.631,7.755,94.545,7.141,539.242,0,7.162,7.162,NA,32
"5/26/2022 8:28:07 AM",0,28.468,0.301,0.663,616.2,996.324,0,1.225,1.225,8.269,7.754,94.534,7.141,554.45,0,7.162,7.162,NA,32
"5/26/2022 8:28:07 AM",0,28.416,0.354,0.776,722,996.379,0,1.74,1.74,6.174,7.754,94.931,7.169,540.347,0,7.19,7.19,NA,32
"5/26/2022 8:28:07 AM",0,28.927,1.544,3.214,2958.2,997.122,0,4.485,4.485,11.806,7.86,94.407,7.092,521.486,0,7.113,7.113,NA,32
"5/26/2022 8:28:07 AM",0,29.045,1.543,3.218,2955.1,997.086,0,2.738,2.738,12.439,7.949,94.024,7.073,518.427,0,7.093,7.093,NA,32
"5/26/2022 8:28:07 AM",0,29.081,1.466,3.068,2815.3,997.017,0,2.044,2.044,11.718,7.994,93.751,7.062,1131.33,0,7.082,7.082,NA,32
"5/26/2022 8:28:08 AM",0,29.094,1.388,2.914,2673.4,996.955,0,2.044,2.044,11.013,8.04,93.535,7.054,1388.845,0,7.075,7.075,NA,32
"5/26/2022 8:28:08 AM",0,29.101,1.291,2.722,2496.4,996.881,0,1.997,1.997,9.882,8.088,93.188,7.039,1465.224,0,7.06,7.06,NA,32
"5/26/2022 8:28:08 AM",0,29.098,1.233,2.605,2389.4,996.838,0,1.841,1.841,10.234,8.112,92.86,7.019,1329.542,0,7.04,7.04,NA,32
"5/26/2022 8:28:08 AM",0,29.099,1.219,2.577,2363.4,996.827,0,2.091,2.091,10.44,8.126,92.719,7.011,652.664,0,7.032,7.032,NA,32
"5/26/2022 8:28:09 AM",0,29.102,1.205,2.55,2338.5,996.816,0,2.13,2.13,10.234,8.135,92.657,7.008,542.216,0,7.029,7.029,NA,32
"5/26/2022 8:28:09 AM",0,29.106,1.18,2.499,2291.9,996.796,0,2.231,2.231,10.264,8.141,92.374,6.989,520.551,0,7.009,7.009,NA,32
"5/26/2022 8:28:09 AM",0,29.109,1.101,2.34,2145.7,996.736,0,2.161,2.161,10.205,8.15,92.372,6.992,570.933,0,7.012,7.012,NA,32
"5/26/2022 8:28:09 AM",0,29.111,1.129,2.396,2196.9,996.757,0,1.935,1.935,10.396,8.155,92.36,6.99,1281.54,0,7.01,7.01,NA,32
"5/26/2022 8:28:09 AM",0,29.11,1.077,2.292,2101.6,996.718,0,1.942,1.942,9.897,8.161,92.416,6.996,787.836,0,7.016,7.016,NA,32
"5/26/2022 8:28:10 AM",0,29.11,1.027,2.19,2008,996.681,0,1.833,1.833,9.809,8.164,92.187,6.981,511.715,0,7.001,7.001,NA,32
"5/26/2022 8:28:10 AM",0,29.11,1.014,2.164,1984.5,996.671,0,2.059,2.059,10.264,8.167,92.214,6.983,404.835,0,7.003,7.003,NA,32
"5/26/2022 8:28:10 AM",0,29.109,1.063,2.263,2075.1,996.708,0,1.88,1.88,9.251,8.168,92.309,6.988,411.207,0,7.008,7.008,NA,32
"5/26/2022 8:28:10 AM",0,29.116,1.087,2.312,2119.6,996.724,0,1.708,1.708,9.633,8.168,92.166,6.976,1280.011,0,6.996,6.996,NA,32
"5/26/2022 8:28:10 AM",0,29.116,1.106,2.35,2155,996.738,0,1.903,1.903,10.249,8.169,92.228,6.979,1539.989,0,7,7,NA,32
"5/26/2022 8:28:11 AM",0,29.115,1.037,2.211,2027.1,996.687,0,1.833,1.833,10.323,8.169,92.14,6.975,1604.983,0,6.996,6.996,NA,32
"5/26/2022 8:28:11 AM",0,29.114,1.062,2.262,2073.9,996.706,0,1.732,1.732,9.647,8.169,92.212,6.98,1624.354,0,7,7,NA,32
"5/26/2022 8:28:11 AM",0,29.116,1.069,2.275,2086,996.71,0,1.857,1.857,9.779,8.168,92.142,6.974,1634.04,0,6.994,6.994,NA,32
"5/26/2022 8:28:11 AM",0,29.119,1.075,2.289,2098.5,996.714,0,2.052,2.052,9.53,8.169,92.252,6.982,1639.137,0,7.002,7.002,NA,32
"5/26/2022 8:28:11 AM",0,29.122,1.086,2.309,2117.1,996.721,0,2.2,2.2,10.073,8.168,92.293,6.984,1640.412,0,7.005,7.005,NA,32
"5/26/2022 8:28:12 AM",0,29.122,1.081,2.3,2108.4,996.718,0,2.208,2.208,9.956,8.168,92.195,6.977,1641.771,0,6.997,6.997,NA,32
"5/26/2022 8:28:12 AM",0,29.125,1.092,2.323,2129.6,996.725,0,1.888,1.888,10.587,8.166,92.22,6.979,1641.941,0,6.999,6.999,NA,32
"5/26/2022 8:28:12 AM",0,29.128,1.088,2.315,2121.8,996.721,0,1.825,1.825,10.073,8.165,92.228,6.979,1639.562,0,6.999,7,NA,32
"5/26/2022 8:28:12 AM",0,29.128,1.082,2.303,2111.4,996.717,0,2.169,2.169,9.779,8.164,92.216,6.978,1634.549,0,6.998,6.999,NA,32
"5/26/2022 8:28:12 AM",0,29.131,1.088,2.314,2121.6,996.72,0,2.044,2.044,9.97,8.162,92.109,6.97,1625.629,0,6.99,6.99,NA,32
"5/26/2022 8:28:13 AM",0,29.134,1.092,2.323,2129.8,996.723,0,2.044,2.044,10.058,8.16,92.064,6.966,1612.885,0,6.986,6.986,NA,32
"5/26/2022 8:28:13 AM",0,29.136,1.09,2.318,2124.7,996.72,0,2.278,2.278,10.058,8.159,92.061,6.966,1605.153,0,6.986,6.986,NA,32
"5/26/2022 8:28:13 AM",0,29.141,1.099,2.336,2141.3,996.725,0,1.997,1.997,9.985,8.158,92.089,6.967,1597.507,0,6.987,6.987,NA,32
"5/26/2022 8:28:13 AM",0,29.144,1.093,2.326,2131.4,996.72,0,1.849,1.849,9.765,8.156,92.081,6.967,1590.455,0,6.987,6.987,NA,32
"5/26/2022 8:28:13 AM",0,29.145,1.087,2.314,2120.2,996.716,0,2.192,2.192,9.911,8.154,92.034,6.963,1583.828,0,6.983,6.983,NA,32
"5/26/2022 8:28:14 AM",0,29.14,1.092,2.322,2128.5,996.72,0,1.786,1.786,10.763,8.152,91.957,6.956,1578.306,0,6.977,6.977,NA,32
"5/26/2022 8:28:14 AM",0,29.14,1.092,2.322,2128.5,996.72,0,1.685,1.685,10.073,8.15,91.954,6.956,1577.031,0,6.976,6.976,NA,32
"5/26/2022 8:28:14 AM",0,29.139,1.091,2.321,2127.6,996.72,0,1.771,1.771,10.161,8.148,92.011,6.96,1577.711,0,6.98,6.98,NA,32
"5/26/2022 8:28:14 AM",0,29.139,1.095,2.328,2133.9,996.723,0,2.059,2.059,10.616,8.148,91.961,6.956,1582.639,0,6.976,6.976,NA,32
"5/26/2022 8:28:14 AM",0,29.137,1.084,2.306,2113.9,996.715,0,2.044,2.044,9.911,8.145,91.894,6.951,1591.22,0,6.972,6.972,NA,32
"5/26/2022 8:28:15 AM",0,29.135,1.076,2.29,2098.6,996.71,0,1.997,1.997,10.337,8.143,91.884,6.951,1591.56,0,6.971,6.971,NA,32
"5/26/2022 8:28:15 AM",0,29.134,1.08,2.298,2106.3,996.713,0,1.997,1.997,10.308,8.142,92.027,6.962,1590.2,0,6.982,6.982,NA,32
"5/26/2022 8:28:15 AM",0,29.132,1.073,2.284,2093.4,996.708,0,2.239,2.239,10.308,8.14,92.069,6.965,1587.651,0,6.986,6.986,NA,32
"5/26/2022 8:28:15 AM",0,29.131,1.065,2.268,2079.2,996.703,0,2.005,2.005,10.014,8.138,91.917,6.954,1584.678,0,6.974,6.975,NA,32
"5/26/2022 8:28:15 AM",0,29.13,1.071,2.28,2089.7,996.707,0,1.927,1.927,10.822,8.136,91.963,6.957,1580.685,0,6.978,6.978,NA,32
"5/26/2022 8:28:16 AM",0,29.131,1.066,2.271,2081.5,996.704,0,2.013,2.013,10.337,8.135,91.935,6.956,1577.966,0,6.976,6.976,NA,32
"5/26/2022 8:28:16 AM",0,29.132,1.061,2.261,2072.2,996.7,0,2.083,2.083,10.088,8.134,91.852,6.95,1573.803,0,6.97,6.97,NA,32
"5/26/2022 8:28:16 AM",0,29.134,1.069,2.275,2085.5,996.705,0,2.059,2.059,9.192,8.132,91.775,6.943,1568.535,0,6.963,6.963,NA,32
"5/26/2022 8:28:16 AM",0,29.137,1.053,2.243,2056.3,996.692,0,1.693,1.693,9.985,8.131,91.747,6.941,1556.216,0,6.961,6.961,NA,32
"5/26/2022 8:28:16 AM",0,29.138,1.057,2.252,2064.3,996.695,0,1.732,1.732,10.513,8.131,91.837,6.949,1544.492,0,6.969,6.969,NA,32
"5/26/2022 8:28:17 AM",0,29.139,1.055,2.248,2059.9,996.693,0,1.989,1.989,10.22,8.13,91.88,6.952,1530.388,0,6.972,6.972,NA,32
"5/26/2022 8:28:17 AM",0,29.14,1.051,2.24,2053,996.69,0,2.13,2.13,11.057,8.128,91.89,6.953,1514.501,0,6.973,6.973,NA,32
"5/26/2022 8:28:17 AM",0,29.143,1.054,2.246,2058.1,996.691,0,1.95,1.95,10.308,8.126,91.812,6.946,1492.921,0,6.966,6.966,NA,32
"5/26/2022 8:28:17 AM",0,29.145,1.051,2.241,2053.4,996.688,0,1.857,1.857,10.748,8.125,91.849,6.95,1481.621,0,6.97,6.97,NA,32
"5/26/2022 8:28:17 AM",0,29.149,1.047,2.233,2046.2,996.684,0,1.857,1.857,10.102,8.124,91.747,6.942,1473.125,0,6.962,6.962,NA,32
"5/26/2022 8:28:18 AM",0,29.152,1.049,2.237,2050.1,996.685,0,1.802,1.802,10.308,8.123,91.839,6.948,1467.943,0,6.968,6.968,NA,32
"5/26/2022 8:28:18 AM",0,29.152,1.046,2.231,2044.5,996.683,0,1.927,1.927,9.941,8.121,91.796,6.945,1467.433,0,6.965,6.965,NA,32
"5/26/2022 8:28:18 AM",0,29.153,1.039,2.216,2030.1,996.677,0,1.708,1.708,10.469,8.119,91.817,6.947,1477.203,0,6.967,6.967,NA,32
"5/26/2022 8:28:18 AM",0,29.154,1.041,2.221,2034.6,996.678,0,1.997,1.997,10.014,8.118,91.78,6.944,1486.294,0,6.964,6.964,NA,32
"5/26/2022 8:28:19 AM",0,29.151,1.031,2.199,2015.1,996.671,0,2.106,2.106,9.97,8.117,91.837,6.948,1498.528,0,6.968,6.969,NA,32
"5/26/2022 8:28:19 AM",0,29.15,1.028,2.194,2010.7,996.67,0,2.02,2.02,9.809,8.117,91.753,6.942,1511.017,0,6.962,6.962,NA,32
"5/26/2022 8:28:19 AM",0,29.15,1.026,2.19,2007.1,996.668,0,1.638,1.638,9.662,8.115,91.797,6.945,1529.114,0,6.965,6.965,NA,32
"5/26/2022 8:28:19 AM",0,29.147,1.021,2.178,1996.2,996.665,0,1.662,1.662,10.22,8.115,91.747,6.941,1538.799,0,6.961,6.961,NA,32
"5/26/2022 8:28:19 AM",0,29.147,1.019,2.176,1993.7,996.664,0,1.825,1.825,9.882,8.114,91.711,6.938,1547.89,0,6.958,6.958,NA,32
"5/26/2022 8:28:20 AM",0,29.148,1.02,2.177,1995.1,996.664,0,1.833,1.833,10.102,8.113,91.832,6.947,1554.942,0,6.967,6.967,NA,32
"5/26/2022 8:28:20 AM",0,29.147,1.011,2.158,1978,996.658,0,1.981,1.981,10.308,8.113,91.718,6.939,1561.739,0,6.959,6.959,NA,32
"5/26/2022 8:28:20 AM",0,29.148,1.011,2.16,1979.2,996.658,0,2.098,2.098,10.323,8.111,91.827,6.948,1572.698,0,6.968,6.968,NA,32
"5/26/2022 8:28:20 AM",0,29.146,1.008,2.154,1973.7,996.656,0,1.841,1.841,10.425,8.111,91.765,6.943,1578.986,0,6.963,6.963,NA,32
"5/26/2022 8:28:20 AM",0,29.144,1.002,2.141,1962.5,996.652,0,1.81,1.81,9.735,8.11,91.834,6.948,1584.253,0,6.968,6.968,NA,32
"5/26/2022 8:28:21 AM",0,29.145,1.003,2.142,1963,996.652,0,1.81,1.81,10.161,8.109,91.748,6.941,1589.181,0,6.961,6.961,NA,32
"5/26/2022 8:28:21 AM",0,29.138,1,2.137,1958.4,996.652,0,1.88,1.88,10.323,8.107,91.847,6.949,1594.108,0,6.969,6.969,NA,32
"5/26/2022 8:28:21 AM",0,29.138,0.999,2.134,1956,996.651,0,1.747,1.747,9.794,8.106,91.837,6.948,1598.017,0,6.968,6.968,NA,32
"5/26/2022 8:28:21 AM",0,29.138,1,2.136,1958.1,996.652,0,2.153,2.153,10.22,8.104,91.752,6.941,1600.65,0,6.962,6.962,NA,32
"5/26/2022 8:28:21 AM",0,29.133,0.998,2.133,1954.8,996.652,0,2.044,2.044,10.323,8.103,91.687,6.937,1601.5,0,6.957,6.957,NA,32
"5/26/2022 8:28:22 AM",0,29.133,0.991,2.118,1941,996.647,0,1.911,1.911,10.763,8.103,91.74,6.941,1602.944,0,6.961,6.961,NA,32
"5/26/2022 8:28:22 AM",0,29.133,0.995,2.126,1948.5,996.65,0,2.137,2.137,9.545,8.101,91.799,6.945,1602.265,0,6.965,6.965,NA,32
"5/26/2022 8:32:46 AM",0,30.107,49.987,79.947,71871.7,1032.975,32.977,0.788,0.788,0.422,7.405,99.515,5.718,660.056,0,5.731,5.735,NA,32
"5/26/2022 8:32:46 AM",0,30.105,50.016,79.983,71907.4,1032.997,32.999,0.655,0.655,0.51,7.432,99.861,5.736,519.277,0,5.749,5.753,NA,32
"5/26/2022 8:32:46 AM",0,30.103,50.009,79.971,71899.4,1032.993,32.995,0.499,0.499,0.335,7.457,100.185,5.754,585.206,0,5.767,5.771,NA,32
"5/26/2022 8:32:47 AM",0,30.101,50.002,79.959,71890.7,1032.989,32.99,0.452,0.452,0.204,7.479,100.254,5.757,853.68,0,5.771,5.774,NA,32
"5/26/2022 8:32:47 AM",0,30.099,50.001,79.954,71889.7,1032.989,32.99,0.499,0.499,0.335,7.499,100.326,5.761,986.048,0,5.775,5.778,NA,32
"5/26/2022 8:32:47 AM",0,30.102,49.999,79.957,71887.2,1032.986,32.988,0.835,0.835,1.442,7.527,100.627,5.778,700.752,0,5.791,5.795,NA,32
"5/26/2022 8:32:47 AM",0,30.104,50.02,79.987,71912.9,1033.002,33.003,0.788,0.788,1.224,7.543,100.616,5.776,747.82,0,5.789,5.793,NA,32
"5/26/2022 8:32:48 AM",0,30.099,50.036,80.003,71932.7,1033.015,33.016,0.53,0.53,0.539,7.556,100.934,5.792,622.843,0,5.806,5.809,NA,32
"5/26/2022 8:32:48 AM",0,30.097,50.05,80.019,71950.5,1033.026,33.028,0.507,0.507,0.408,7.567,100.878,5.788,618.34,0,5.801,5.804,NA,32
"5/26/2022 8:32:48 AM",0,30.097,50.056,80.028,71958.9,1033.031,33.033,0.429,0.429,0.291,7.581,101.01,5.794,792.254,0,5.807,5.811,NA,32
"5/26/2022 8:32:48 AM",0,30.097,50.06,80.033,71963.8,1033.034,33.036,0.452,0.452,0.058,7.59,100.953,5.791,608.57,0,5.804,5.807,NA,32
"5/26/2022 8:32:48 AM",0,30.098,50.06,80.034,71963.2,1033.033,33.035,0.507,0.507,0.364,7.598,100.971,5.792,745.016,0,5.805,5.808,NA,32
"5/26/2022 8:32:49 AM",0,30.103,50.052,80.03,71952.2,1033.025,33.027,0.554,0.554,0.51,7.607,101.232,5.806,636.267,0,5.819,5.823,NA,32
"5/26/2022 8:32:49 AM",0,30.116,50.067,80.07,71969.7,1033.032,33.034,0.803,0.803,0.743,7.616,101.261,5.807,612.223,0,5.82,5.824,NA,32
"5/26/2022 8:32:49 AM",0,30.118,50.054,80.055,71953.1,1033.023,33.023,0.71,0.71,0.918,7.631,101.266,5.806,583.762,0,5.819,5.823,NA,32
"5/26/2022 8:32:49 AM",0.075,30.113,50.061,80.058,71963.4,1033.031,33.031,0.601,0.601,0.612,7.643,101.251,5.805,560.143,0,5.818,5.821,NA,32
"5/26/2022 8:32:49 AM",0.24,30.109,50.066,80.059,71969.7,1033.037,33.036,0.546,0.546,0.437,7.654,101.239,5.804,472.294,0,5.817,5.82,NA,32
"5/26/2022 8:32:50 AM",0.376,30.105,50.07,80.059,71975.8,1033.042,33.041,0.53,0.53,0.349,7.663,101.392,5.812,405.09,0,5.825,5.829,NA,32
"5/26/2022 8:32:50 AM",0.492,30.104,50.074,80.063,71980.7,1033.046,33.044,0.577,0.577,0.743,7.674,101.347,5.809,241.372,0,5.823,5.826,NA,32
"5/26/2022 8:32:50 AM",0.529,30.104,50.072,80.059,71977.8,1033.045,33.042,0.569,0.569,0.626,7.678,101.231,5.803,239.588,0,5.816,5.82,NA,32
"5/26/2022 8:32:50 AM",0.522,30.102,50.08,80.069,71988.3,1033.051,33.049,0.499,0.499,0.495,7.681,101.22,5.802,387.758,0,5.815,5.819,NA,32
"5/26/2022 8:32:50 AM",0.513,30.099,50.085,80.071,71995.2,1033.056,33.054,0.413,0.413,0.291,7.683,101.318,5.807,285.636,0,5.82,5.824,NA,32
"5/26/2022 8:32:51 AM",0.522,30.099,50.086,80.072,71995.4,1033.057,33.054,0.499,0.499,0.349,7.686,101.37,5.81,227.014,0,5.823,5.827,NA,32
"5/26/2022 8:32:51 AM",0.591,30.102,50.085,80.076,71994.5,1033.055,33.053,0.554,0.554,0.641,7.69,101.309,5.807,289.969,0,5.82,5.823,NA,32
"5/26/2022 8:32:51 AM",0.607,30.103,50.091,80.085,72001.3,1033.059,33.057,0.491,0.491,0.364,7.693,101.309,5.807,225.569,0,5.82,5.823,NA,32
"5/26/2022 8:32:51 AM",0.598,30.101,50.097,80.09,72008.9,1033.064,33.062,0.437,0.437,0.277,7.696,101.377,5.81,216.649,0,5.823,5.827,NA,32
"5/26/2022 8:32:51 AM",0.6,30.101,50.096,80.089,72008.7,1033.064,33.062,0.46,0.46,0.379,7.698,101.477,5.816,237.209,0,5.829,5.832,NA,32
"5/26/2022 8:32:52 AM",0.607,30.1,50.096,80.088,72008.6,1033.065,33.062,0.476,0.476,0.408,7.699,101.358,5.809,233.895,0,5.822,5.826,NA,32
"5/26/2022 8:32:52 AM",0.631,30.1,50.09,80.08,72001.4,1033.06,33.058,0.445,0.445,0.349,7.702,101.445,5.814,187.252,0,5.827,5.83,NA,32
"5/26/2022 8:32:52 AM",0.647,30.099,50.09,80.078,72000.5,1033.06,33.057,0.554,0.554,0.568,7.702,101.562,5.82,182.749,0,5.833,5.837,NA,32
"5/26/2022 8:32:52 AM",0.659,30.098,50.095,80.083,72007.3,1033.065,33.062,0.491,0.491,0.306,7.704,101.343,5.807,173.064,0,5.82,5.824,NA,32
"5/26/2022 8:32:52 AM",0.671,30.096,50.097,80.082,72009.7,1033.067,33.064,0.546,0.546,0.684,7.705,101.382,5.809,166.947,0,5.823,5.826,NA,32
"5/26/2022 8:32:53 AM",0.718,30.095,50.098,80.083,72011.1,1033.068,33.065,0.608,0.608,0.408,7.706,101.335,5.807,174.933,0,5.82,5.823,NA,32
"5/26/2022 8:32:53 AM",0.758,30.098,50.096,80.085,72009.2,1033.066,33.063,0.881,0.881,0.335,7.706,101.544,5.819,176.207,0,5.832,5.836,NA,32
"5/26/2022 8:32:53 AM",0.774,30.098,50.097,80.085,72009.4,1033.066,33.063,0.569,0.569,0.335,7.707,101.451,5.814,172.639,0,5.827,5.83,NA,32
"5/26/2022 8:32:53 AM",0.76,30.096,50.101,80.09,72015.6,1033.071,33.067,0.491,0.491,0.32,7.707,101.359,5.808,171.195,0,5.821,5.824,NA,32
"5/26/2022 8:32:53 AM",0.717,30.097,50.105,80.096,72020.3,1033.073,33.07,0.803,0.803,0.626,7.708,101.461,5.813,171.025,0,5.827,5.83,NA,32
"5/26/2022 8:32:54 AM",0.631,30.098,50.102,80.093,72016.6,1033.07,33.067,0.499,0.499,0.277,7.71,101.471,5.815,172.809,0,5.828,5.831,NA,32
"5/26/2022 8:32:54 AM",0.557,30.1,50.096,80.088,72008.2,1033.064,33.062,0.491,0.491,0.218,7.711,101.573,5.821,179.096,0,5.834,5.837,NA,32
"5/26/2022 8:32:54 AM",0.518,30.102,50.095,80.089,72006.4,1033.062,33.06,0.421,0.421,0.189,7.711,101.536,5.819,187.167,0,5.832,5.835,NA,32
"5/26/2022 8:32:54 AM",0.498,30.103,50.098,80.094,72010,1033.064,33.062,0.39,0.39,0.233,7.713,101.409,5.811,191.16,0,5.824,5.828,NA,32
"5/26/2022 8:32:54 AM",0.621,30.101,50.095,80.088,72007.4,1033.064,33.061,0.577,0.577,0.481,7.713,101.376,5.809,180.455,0,5.823,5.826,NA,32
"5/26/2022 8:32:55 AM",0.746,30.1,50.096,80.088,72009,1033.065,33.062,0.53,0.53,0.451,7.713,101.511,5.817,183.599,0,5.83,5.833,NA,32
"5/26/2022 8:32:55 AM",0.878,30.099,50.096,80.087,72009,1033.066,33.062,0.577,0.577,0.612,7.714,101.317,5.806,194.644,0,5.819,5.822,NA,32
"5/26/2022 8:32:55 AM",1.04,30.099,50.099,80.091,72012.1,1033.069,33.064,0.616,0.616,0.466,7.716,101.52,5.817,186.997,0,5.83,5.834,NA,32
"5/26/2022 8:32:55 AM",1.299,30.099,50.1,80.093,72014.2,1033.071,33.065,0.569,0.569,0.364,7.717,101.494,5.816,162.614,0,5.829,5.832,NA,32
"5/26/2022 8:32:55 AM",1.464,30.099,50.1,80.092,72013.6,1033.071,33.065,0.554,0.554,0.451,7.717,101.538,5.818,141.289,0,5.831,5.835,NA,32
"5/26/2022 8:32:56 AM",1.628,30.099,50.113,80.11,72030.1,1033.082,33.075,0.507,0.507,0.393,7.717,101.481,5.814,126.761,0,5.827,5.831,NA,32
"5/26/2022 8:32:56 AM",1.784,30.098,50.116,80.114,72034.6,1033.086,33.078,0.476,0.476,0.291,7.718,101.335,5.806,124.976,0,5.819,5.822,NA,32
"5/26/2022 8:32:56 AM",1.946,30.099,50.118,80.117,72036.8,1033.087,33.079,0.569,0.569,0.524,7.719,101.391,5.809,125.826,0,5.822,5.826,NA,32
"5/26/2022 8:32:56 AM",2.181,30.098,50.126,80.127,72046.8,1033.095,33.085,0.577,0.577,0.583,7.72,101.51,5.815,121.663,0,5.828,5.832,NA,32
"5/26/2022 8:32:57 AM",2.344,30.097,50.127,80.127,72047.8,1033.096,33.086,0.554,0.554,0.451,7.72,101.423,5.811,117.075,0,5.824,5.827,NA,32
"5/26/2022 8:32:57 AM",2.513,30.098,50.128,80.13,72049.1,1033.097,33.087,0.484,0.484,0.349,7.721,101.419,5.81,111.128,0,5.823,5.827,NA,32
"5/26/2022 8:32:57 AM",2.678,30.098,50.128,80.13,72049.2,1033.098,33.086,0.593,0.593,0.306,7.721,101.524,5.816,102.292,0,5.829,5.833,NA,32
"5/26/2022 8:32:57 AM",2.918,30.098,50.128,80.13,72049.3,1033.099,33.087,0.608,0.608,0.481,7.722,101.435,5.811,94.816,0,5.824,5.828,NA,32
"5/26/2022 8:32:57 AM",3.071,30.097,50.129,80.131,72050.8,1033.101,33.088,0.585,0.585,0.408,7.721,101.498,5.815,88.019,0,5.828,5.831,NA,32
"5/26/2022 8:32:58 AM",3.22,30.098,50.132,80.135,72054.4,1033.103,33.09,0.546,0.546,0.291,7.722,101.369,5.807,80.797,0,5.82,5.824,NA,32
"5/26/2022 8:32:58 AM",3.372,30.097,50.131,80.135,72054.3,1033.104,33.09,0.53,0.53,0.32,7.721,101.451,5.812,77.314,0,5.825,5.828,NA,32
"5/26/2022 8:32:58 AM",3.518,30.098,50.131,80.134,72053.4,1033.104,33.089,0.624,0.624,0.393,7.722,101.489,5.813,78.758,0,5.827,5.83,NA,32
"5/26/2022 8:32:58 AM",3.726,30.098,50.131,80.135,72054.1,1033.105,33.089,0.569,0.569,0.349,7.724,101.279,5.801,76.379,0,5.814,5.818,NA,32
"5/26/2022 8:32:58 AM",3.867,30.098,50.132,80.136,72055.3,1033.107,33.09,0.523,0.523,0.364,7.724,101.32,5.804,70.942,0,5.817,5.82,NA,32
"5/26/2022 8:32:59 AM",4.006,30.097,50.135,80.14,72058.9,1033.109,33.092,0.53,0.53,0.291,7.725,101.4,5.808,64.315,0,5.821,5.824,NA,32
"5/26/2022 8:32:59 AM",4.135,30.097,50.138,80.144,72062.9,1033.112,33.095,0.507,0.507,0.189,7.725,101.295,5.802,55.904,0,5.815,5.818,NA,32
"5/26/2022 8:32:59 AM",4.328,30.097,50.142,80.149,72067.9,1033.116,33.098,0.476,0.476,0.218,7.726,101.371,5.805,39.422,0,5.818,5.822,NA,32
"5/26/2022 8:32:59 AM",4.474,30.096,50.143,80.151,72069.9,1033.118,33.099,0.382,0.382,0.029,7.726,101.367,5.805,29.906,0,5.818,5.822,NA,32
"5/26/2022 8:32:59 AM",4.643,30.097,50.143,80.151,72069.4,1033.118,33.099,0.398,0.398,0.015,7.727,101.526,5.814,22.854,0,5.827,5.831,NA,32
"5/26/2022 8:33:00 AM",4.83,30.096,50.143,80.15,72069.8,1033.12,33.099,0.608,0.608,0.262,7.727,101.433,5.809,18.436,0,5.822,5.826,NA,32
"5/26/2022 8:33:00 AM",5.034,30.097,50.145,80.154,72071.9,1033.121,33.1,0.663,0.663,0.335,7.727,101.421,5.808,17.162,0,5.821,5.825,NA,32
"5/26/2022 8:33:00 AM",5.336,30.098,50.147,80.159,72075.2,1033.124,33.102,0.772,0.772,0.699,7.728,101.417,5.808,18.181,0,5.821,5.825,NA,32
"5/26/2022 8:33:00 AM",5.531,30.098,50.148,80.159,72075.7,1033.125,33.102,0.593,0.593,0.349,7.728,101.47,5.811,18.946,0,5.824,5.827,NA,32
"5/26/2022 8:33:00 AM",5.727,30.097,50.149,80.16,72077.5,1033.127,33.103,0.71,0.71,0.451,7.728,101.516,5.813,19.201,0,5.826,5.83,NA,32
"5/26/2022 8:33:01 AM",5.929,30.098,50.152,80.164,72080.6,1033.13,33.105,0.647,0.647,0.335,7.727,101.463,5.81,18.861,0,5.823,5.827,NA,32
"5/26/2022 8:33:01 AM",6.23,30.098,50.153,80.168,72082.9,1033.132,33.106,0.616,0.616,0.306,7.727,101.487,5.811,18.606,0,5.824,5.828,NA,32
"5/26/2022 8:33:01 AM",6.423,30.097,50.155,80.168,72084.8,1033.135,33.107,0.647,0.647,0.393,7.726,101.382,5.806,18.861,0,5.819,5.822,NA,32
"5/26/2022 8:33:01 AM",6.621,30.098,50.155,80.17,72085.6,1033.136,33.108,0.632,0.632,0.379,7.726,101.409,5.807,19.626,0,5.82,5.824,NA,32
"5/26/2022 8:33:01 AM",6.804,30.098,50.156,80.172,72087,1033.137,33.108,0.647,0.647,0.583,7.726,101.422,5.807,22.345,0,5.82,5.824,NA,32
"5/26/2022 8:33:02 AM",7.051,30.097,50.159,80.175,72090.1,1033.14,33.11,0.655,0.655,0.393,7.726,101.434,5.808,30.841,0,5.821,5.825,NA,32
"5/26/2022 8:33:02 AM",7.207,30.097,50.161,80.177,72092.9,1033.143,33.112,0.608,0.608,0.32,7.726,101.433,5.808,39.167,0,5.821,5.824,NA,32
"5/26/2022 8:33:02 AM",7.36,30.096,50.16,80.175,72091.6,1033.143,33.111,0.647,0.647,0.481,7.727,101.57,5.815,48.257,0,5.829,5.832,NA,32
"5/26/2022 8:33:02 AM",7.515,30.096,50.157,80.171,72088.9,1033.142,33.11,0.764,0.764,0.51,7.726,101.476,5.81,55.904,0,5.823,5.827,NA,32
"5/26/2022 8:33:02 AM",7.664,30.097,50.157,80.172,72088.7,1033.142,33.11,0.663,0.663,0.393,7.727,101.353,5.803,58.962,0,5.816,5.82,NA,32
"5/26/2022 8:33:03 AM",7.885,30.097,50.157,80.172,72088.6,1033.143,33.109,0.632,0.632,0.32,7.727,101.415,5.807,52.505,0,5.82,5.823,NA,32
"5/26/2022 8:33:03 AM",8.031,30.095,50.158,80.171,72089.5,1033.144,33.11,0.523,0.523,0.189,7.728,101.398,5.806,46.133,0,5.819,5.822,NA,32
"5/26/2022 8:33:03 AM",8.168,30.097,50.154,80.168,72085.2,1033.142,33.107,0.577,0.577,0.189,7.728,101.443,5.808,40.611,0,5.821,5.825,NA,32
"5/26/2022 8:33:03 AM",8.307,30.096,50.154,80.168,72085.3,1033.143,33.107,0.624,0.624,0.218,7.727,101.408,5.806,35.853,0,5.819,5.823,NA,32
"5/26/2022 8:33:03 AM",8.521,30.096,50.156,80.17,72087.9,1033.145,33.109,0.64,0.64,0.291,7.727,101.325,5.801,31.69,0,5.814,5.818,NA,32
"5/26/2022 8:33:04 AM",8.669,30.096,50.156,80.17,72087.8,1033.146,33.109,0.71,0.71,0.597,7.729,101.36,5.803,32.71,0,5.816,5.82,NA,32
"5/26/2022 8:33:04 AM",8.815,30.096,50.153,80.167,72084.6,1033.144,33.107,0.64,0.64,0.466,7.729,101.479,5.81,34.324,0,5.823,5.826,NA,32
"5/26/2022 8:33:04 AM",8.972,30.097,50.155,80.169,72086.4,1033.146,33.108,0.881,0.881,0.859,7.729,101.418,5.806,38.657,0,5.819,5.822,NA,32
"5/26/2022 8:33:04 AM",9.123,30.098,50.153,80.167,72083.4,1033.144,33.106,0.741,0.741,0.597,7.73,101.487,5.81,42.735,0,5.823,5.827,NA,32
"5/26/2022 8:33:04 AM",9.344,30.098,50.154,80.17,72085,1033.146,33.106,0.671,0.671,0.393,7.729,101.307,5.8,43.075,0,5.813,5.817,NA,32
"5/26/2022 8:33:05 AM",9.491,30.098,50.155,80.172,72086.8,1033.148,33.107,0.686,0.686,0.437,7.73,101.32,5.801,41.546,0,5.814,5.817,NA,32
"5/26/2022 8:33:05 AM",9.639,30.098,50.156,80.173,72087.4,1033.149,33.108,0.679,0.679,0.466,7.73,101.425,5.807,39.931,0,5.82,5.824,NA,32
"5/26/2022 8:33:05 AM",9.778,30.098,50.152,80.168,72083.2,1033.147,33.105,0.64,0.64,0.422,7.73,101.444,5.808,36.023,0,5.821,5.825,NA,32
"5/26/2022 8:33:05 AM",9.983,30.097,50.15,80.163,72080.2,1033.146,33.104,0.53,0.53,0.553,7.73,101.547,5.814,28.122,0,5.827,5.831,NA,32
"5/26/2022 8:33:06 AM",10.114,30.096,50.152,80.165,72083.1,1033.148,33.105,0.491,0.491,0.277,7.73,101.507,5.812,23.704,0,5.825,5.828,NA,32
"5/26/2022 8:33:06 AM",10.26,30.096,50.148,80.16,72078.8,1033.146,33.103,0.562,0.562,0.306,7.73,101.3,5.799,20.985,0,5.812,5.816,NA,32
"5/26/2022 8:33:06 AM",10.415,30.095,50.149,80.16,72079.6,1033.148,33.103,0.772,0.772,0.888,7.73,101.5,5.811,19.881,0,5.824,5.827,NA,32
"5/26/2022 8:33:06 AM",10.568,30.095,50.151,80.162,72082,1033.15,33.105,0.827,0.827,0.655,7.729,101.464,5.809,20.73,0,5.822,5.825,NA,32
"5/26/2022 8:33:06 AM",10.795,30.096,50.151,80.163,72082,1033.151,33.105,0.663,0.663,0.218,7.729,101.506,5.811,20.305,0,5.824,5.828,NA,32
"5/26/2022 8:33:07 AM",10.948,30.097,50.153,80.168,72085.1,1033.153,33.106,0.523,0.523,0.116,7.729,101.461,5.809,18.012,0,5.822,5.825,NA,32
"5/26/2022 8:33:07 AM",11.12,30.099,50.154,80.171,72085.6,1033.153,33.106,0.507,0.507,0.146,7.729,101.391,5.805,15.888,0,5.818,5.822,NA,32
"5/26/2022 8:33:07 AM",11.303,30.101,50.157,80.179,72089.3,1033.156,33.108,0.624,0.624,0.466,7.728,101.38,5.804,15.548,0,5.817,5.821,NA,32
"5/26/2022 8:33:07 AM",11.533,30.102,50.156,80.179,72088,1033.155,33.106,0.952,0.952,1.18,7.727,101.324,5.801,28.292,0,5.814,5.817,NA,32
"5/26/2022 8:33:07 AM",11.639,30.104,50.154,80.18,72086.1,1033.154,33.105,0.85,0.85,0.976,7.728,101.464,5.808,39.422,0,5.821,5.825,NA,32
"5/26/2022 8:33:08 AM",11.684,30.105,50.153,80.18,72083.9,1033.153,33.103,0.772,0.772,0.597,7.728,101.454,5.808,42.99,0,5.821,5.824,NA,32
"5/26/2022 8:33:08 AM",11.703,30.105,50.152,80.18,72083.7,1033.152,33.103,0.694,0.694,0.408,7.728,101.322,5.8,41.206,0,5.813,5.817,NA,32
"5/26/2022 8:33:08 AM",11.691,30.105,50.155,80.183,72087,1033.155,33.105,0.718,0.718,0.466,7.729,101.304,5.799,41.291,0,5.812,5.816,NA,32
"5/26/2022 8:33:08 AM",11.619,30.105,50.158,80.186,72090.4,1033.156,33.107,0.647,0.647,0.393,7.728,101.365,5.802,41.206,0,5.815,5.819,NA,32
"5/26/2022 8:33:08 AM",11.566,30.105,50.158,80.187,72090.2,1033.156,33.107,0.546,0.546,0.32,7.728,101.205,5.793,40.866,0,5.806,5.809,NA,32
"5/26/2022 8:33:09 AM",11.503,30.106,50.155,80.184,72087.1,1033.154,33.105,0.538,0.538,0.262,7.728,101.424,5.806,40.866,0,5.819,5.822,NA,32
"5/26/2022 8:33:09 AM",11.42,30.105,50.155,80.183,72086.2,1033.153,33.104,0.694,0.694,0.495,7.728,101.269,5.797,41.036,0,5.81,5.813,NA,32
"5/26/2022 8:33:09 AM",11.225,30.106,50.153,80.182,72084.5,1033.151,33.103,0.788,0.788,0.408,7.727,101.315,5.799,41.546,0,5.812,5.816,NA,32
"5/26/2022 8:33:09 AM",11.094,30.106,50.152,80.181,72083.1,1033.149,33.102,0.624,0.624,0.233,7.728,101.325,5.8,41.885,0,5.813,5.817,NA,32
"5/26/2022 8:33:09 AM",10.983,30.106,50.149,80.176,72078.4,1033.146,33.099,0.554,0.554,0.189,7.728,101.32,5.8,42.31,0,5.813,5.817,NA,32
"5/26/2022 8:33:10 AM",10.87,30.105,50.148,80.173,72077.1,1033.145,33.099,0.585,0.585,0.306,7.728,101.467,5.809,42.82,0,5.822,5.825,NA,32
"5/26/2022 8:33:10 AM",10.665,30.106,50.147,80.172,72076,1033.144,33.098,0.78,0.78,0.451,7.727,101.265,5.797,43.245,0,5.81,5.814,NA,32
"5/26/2022 8:33:10 AM",10.505,30.105,50.146,80.17,72074.7,1033.142,33.098,0.608,0.608,0.291,7.726,101.316,5.8,43.5,0,5.813,5.816,NA,32
"5/26/2022 8:33:10 AM",10.342,30.105,50.149,80.174,72079,1033.144,33.1,0.702,0.702,0.364,7.726,101.401,5.805,43.67,0,5.818,5.821,NA,32
"5/26/2022 8:33:10 AM",10.206,30.106,50.151,80.178,72081,1033.145,33.101,0.694,0.694,0.379,7.725,101.304,5.799,44.009,0,5.812,5.816,NA,32
"5/26/2022 8:33:11 AM",10.124,30.106,50.15,80.178,72080.1,1033.144,33.101,0.608,0.608,0.277,7.725,101.257,5.796,44.604,0,5.809,5.813,NA,32
"5/26/2022 8:33:11 AM",10.027,30.106,50.15,80.176,72079.3,1033.143,33.1,0.679,0.679,0.364,7.726,101.351,5.802,44.944,0,5.815,5.818,NA,32
"5/26/2022 8:33:11 AM",9.954,30.105,50.146,80.17,72074.9,1033.14,33.098,0.71,0.71,0.408,7.726,101.392,5.804,45.284,0,5.817,5.821,NA,32
"5/26/2022 8:33:11 AM",9.898,30.105,50.145,80.168,72073,1033.139,33.097,0.616,0.616,0.364,7.728,101.339,5.801,45.454,0,5.814,5.818,NA,32
"5/26/2022 8:33:11 AM",9.837,30.105,50.145,80.167,72073,1033.139,33.097,0.725,0.725,0.422,7.729,101.293,5.798,45.284,0,5.811,5.815,NA,32
"5/26/2022 8:33:12 AM",9.7,30.105,50.143,80.166,72071.1,1033.137,33.096,0.624,0.624,0.364,7.728,101.382,5.803,45.114,0,5.817,5.82,NA,32
"5/26/2022 8:33:12 AM",9.604,30.105,50.145,80.168,72072.8,1033.138,33.097,0.655,0.655,0.291,7.728,101.324,5.8,45.114,0,5.813,5.817,NA,32
"5/26/2022 8:33:12 AM",9.542,30.105,50.145,80.168,72073.9,1033.138,33.098,0.694,0.694,0.335,7.728,101.384,5.804,44.944,0,5.817,5.82,NA,32
"5/26/2022 8:33:12 AM",9.519,30.105,50.145,80.167,72073.1,1033.138,33.097,0.624,0.624,0.218,7.727,101.328,5.8,44.774,0,5.814,5.817,NA,32
"5/26/2022 8:33:12 AM",9.528,30.105,50.145,80.168,72073.8,1033.138,33.098,0.718,0.718,1.748,7.727,101.345,5.801,44.689,0,5.814,5.818,NA,32
"5/26/2022 8:33:13 AM",9.531,30.105,50.145,80.168,72073,1033.137,33.097,0.679,0.679,0.466,7.727,101.392,5.804,44.519,0,5.817,5.821,NA,32
"5/26/2022 8:33:13 AM",9.521,30.105,50.145,80.168,72073.4,1033.138,33.097,0.725,0.725,0.32,7.728,101.422,5.805,44.519,0,5.818,5.822,NA,32
"5/26/2022 8:33:13 AM",9.498,30.103,50.146,80.167,72074.5,1033.139,33.098,0.632,0.632,0.248,7.729,101.421,5.805,44.519,0,5.818,5.822,NA,32
"5/26/2022 8:33:13 AM",9.458,30.104,50.148,80.171,72077.1,1033.14,33.1,0.608,0.608,0.408,7.728,101.347,5.801,44.349,0,5.814,5.818,NA,32
"5/26/2022 8:33:13 AM",9.321,30.104,50.146,80.168,72074.6,1033.138,33.098,0.577,0.577,0.262,7.728,101.197,5.792,44.264,0,5.806,5.809,NA,32
"5/26/2022 8:33:14 AM",9.179,30.105,50.145,80.168,72073.7,1033.137,33.098,0.733,0.733,0.379,7.728,101.379,5.803,44.179,0,5.816,5.82,NA,32
"5/26/2022 8:33:14 AM",9.013,30.104,50.139,80.157,72065.2,1033.131,33.093,0.944,0.944,0.481,7.728,101.304,5.799,44.264,0,5.812,5.816,NA,32
"5/26/2022 8:33:14 AM",8.845,30.104,50.139,80.157,72065.8,1033.131,33.093,0.85,0.85,0.422,7.728,101.212,5.793,44.519,0,5.807,5.81,NA,32
"5/26/2022 8:33:14 AM",8.683,30.103,50.138,80.155,72064.7,1033.13,33.093,0.788,0.788,0.51,7.728,101.262,5.797,44.689,0,5.81,5.813,NA,32
"5/26/2022 8:33:14 AM",8.511,30.101,50.134,80.146,72059,1033.126,33.09,0.733,0.733,0.524,7.729,101.308,5.799,44.774,0,5.812,5.816,NA,32
"5/26/2022 8:33:15 AM",8.471,30.099,50.13,80.139,72055.1,1033.124,33.088,0.803,0.803,0.451,7.728,101.305,5.799,44.944,0,5.812,5.816,NA,32
"5/26/2022 8:33:15 AM",8.476,30.099,50.129,80.137,72053.6,1033.123,33.087,0.64,0.64,0.349,7.728,101.349,5.802,45.199,0,5.815,5.818,NA,32
"5/26/2022 8:33:15 AM",8.504,30.097,50.128,80.132,72052.1,1033.123,33.087,0.671,0.671,0.393,7.728,101.371,5.803,45.199,0,5.816,5.82,NA,32
"5/26/2022 8:33:15 AM",8.556,30.097,50.129,80.132,72053.5,1033.124,33.088,0.803,0.803,0.408,7.729,101.447,5.807,45.199,0,5.821,5.824,NA,32
"5/26/2022 8:33:16 AM",8.596,30.097,50.127,80.13,72050.9,1033.123,33.086,0.702,0.702,0.364,7.729,101.44,5.807,44.944,0,5.82,5.824,NA,32
"5/26/2022 8:33:16 AM",8.638,30.096,50.129,80.132,72053.9,1033.125,33.088,0.577,0.577,0.349,7.728,101.343,5.801,44.689,0,5.814,5.818,NA,32
"5/26/2022 8:33:16 AM",8.676,30.096,50.129,80.132,72054.1,1033.125,33.088,0.764,0.764,0.349,7.728,101.477,5.809,44.349,0,5.822,5.826,NA,32
"5/26/2022 8:33:16 AM",8.697,30.097,50.128,80.132,72052.2,1033.124,33.087,0.585,0.585,0.32,7.729,101.538,5.813,44.009,0,5.826,5.83,NA,32
"5/26/2022 8:33:16 AM",8.634,30.096,50.128,80.13,72052.7,1033.124,33.088,0.445,0.445,0.204,7.729,101.447,5.808,43.67,0,5.821,5.824,NA,32
"5/26/2022 8:33:17 AM",8.549,30.096,50.128,80.13,72052.8,1033.124,33.088,0.562,0.562,0.349,7.728,101.398,5.805,43.839,0,5.818,5.822,NA,32
"5/26/2022 8:33:17 AM",8.445,30.097,50.126,80.129,72050.4,1033.122,33.086,0.585,0.585,0.291,7.729,101.284,5.798,43.924,0,5.812,5.815,NA,32
"5/26/2022 8:33:17 AM",8.323,30.096,50.127,80.129,72051.1,1033.122,33.087,0.554,0.554,0.32,7.728,101.366,5.803,44.179,0,5.816,5.82,NA,32
"5/26/2022 8:33:17 AM",8.127,30.096,50.127,80.129,72051.2,1033.121,33.087,0.733,0.733,0.422,7.729,101.468,5.809,44.944,0,5.822,5.826,NA,32
"5/26/2022 8:33:17 AM",8.014,30.096,50.127,80.13,72051.6,1033.121,33.087,0.624,0.624,0.277,7.73,101.499,5.811,45.369,0,5.824,5.827,NA,32
"5/26/2022 8:33:18 AM",7.955,30.096,50.126,80.129,72050.4,1033.12,33.086,0.741,0.741,0.422,7.729,101.425,5.807,45.794,0,5.82,5.823,NA,32
"5/26/2022 8:33:18 AM",7.934,30.096,50.126,80.127,72049.9,1033.12,33.086,0.663,0.663,0.32,7.729,101.541,5.813,46.133,0,5.826,5.83,NA,32
"5/26/2022 8:33:18 AM",7.906,30.095,50.127,80.129,72051.8,1033.121,33.087,0.655,0.655,0.422,7.728,101.39,5.804,45.624,0,5.817,5.821,NA,32
"5/26/2022 8:33:18 AM",7.88,30.096,50.125,80.127,72048.8,1033.119,33.085,0.515,0.515,0.204,7.728,101.435,5.807,45.284,0,5.82,5.823,NA,32
"5/26/2022 8:33:18 AM",7.854,30.097,50.122,80.123,72044.6,1033.116,33.083,0.546,0.546,0.233,7.73,101.46,5.808,44.944,0,5.821,5.825,NA,32
"5/26/2022 8:33:19 AM",7.843,30.096,50.123,80.122,72045.6,1033.117,33.083,0.53,0.53,0.349,7.729,101.55,5.813,44.519,0,5.826,5.83,NA,32
"5/26/2022 8:33:19 AM",7.831,30.095,50.122,80.12,72044.4,1033.116,33.083,0.593,0.593,0.495,7.729,101.388,5.804,44.264,0,5.817,5.821,NA,32
"5/26/2022 8:33:19 AM",7.77,30.094,50.122,80.12,72045.3,1033.117,33.084,0.593,0.593,0.262,7.73,101.384,5.804,44.264,0,5.817,5.821,NA,32
"5/26/2022 8:33:19 AM",7.697,30.094,50.124,80.122,72047.3,1033.118,33.085,0.671,0.671,0.32,7.729,101.322,5.8,44.349,0,5.813,5.817,NA,32
"5/26/2022 8:33:19 AM",7.593,30.095,50.122,80.12,72045.1,1033.116,33.084,0.679,0.679,0.335,7.727,101.298,5.799,44.689,0,5.812,5.816,NA,32
"5/26/2022 8:33:20 AM",7.48,30.095,50.121,80.12,72044.1,1033.115,33.083,0.601,0.601,0.335,7.727,101.45,5.808,45.199,0,5.821,5.824,NA,32
"5/26/2022 8:33:20 AM",7.322,30.095,50.121,80.119,72043.7,1033.114,33.083,0.546,0.546,0.306,7.729,101.43,5.806,45.624,0,5.82,5.823,NA,32
"5/26/2022 8:33:20 AM",7.23,30.095,50.119,80.116,72040.8,1033.112,33.081,0.569,0.569,0.626,7.729,101.42,5.806,45.879,0,5.819,5.823,NA,32
"5/26/2022 8:33:20 AM",7.151,30.095,50.119,80.116,72041,1033.112,33.081,0.562,0.562,0.335,7.729,101.437,5.807,46.048,0,5.82,5.823,NA,32
"5/26/2022 8:33:20 AM",7.083,30.095,50.119,80.116,72040.7,1033.111,33.081,0.499,0.499,0.16,7.73,101.386,5.804,45.963,0,5.817,5.821,NA,32
"5/26/2022 8:33:21 AM",7.043,30.095,50.12,80.117,72041.7,1033.112,33.082,0.476,0.476,0.175,7.731,101.311,5.8,45.624,0,5.813,5.817,NA,32
"5/26/2022 8:33:21 AM",7.077,30.096,50.119,80.117,72040.9,1033.111,33.081,0.515,0.515,0.349,7.731,101.461,5.809,44.944,0,5.822,5.825,NA,32
"5/26/2022 8:33:21 AM",7.132,30.096,50.118,80.116,72039.9,1033.111,33.08,0.523,0.523,0.291,7.732,101.263,5.797,44.349,0,5.81,5.814,NA,32
"5/26/2022 8:33:21 AM",7.183,30.096,50.118,80.116,72040,1033.111,33.08,0.569,0.569,0.364,7.732,101.245,5.796,43.5,0,5.809,5.813,NA,32
"5/26/2022 8:33:21 AM",7.245,30.096,50.119,80.117,72041.4,1033.112,33.081,0.64,0.64,0.437,7.732,101.304,5.799,42.99,0,5.812,5.816,NA,32
"5/26/2022 8:33:22 AM",7.301,30.096,50.119,80.117,72040.7,1033.112,33.081,0.632,0.632,0.466,7.731,101.55,5.813,42.48,0,5.826,5.83,NA,32
"5/26/2022 8:33:22 AM",7.339,30.095,50.119,80.116,72040.7,1033.112,33.081,0.538,0.538,0.393,7.731,101.383,5.804,42.395,0,5.817,5.82,NA,32
"5/26/2022 8:33:22 AM",7.351,30.095,50.119,80.116,72040.7,1033.112,33.081,0.554,0.554,0.349,7.731,101.38,5.804,42.565,0,5.817,5.82,NA,32
"5/26/2022 8:33:22 AM",7.346,30.095,50.118,80.116,72040.2,1033.112,33.08,0.562,0.562,0.393,7.73,101.464,5.808,42.565,0,5.821,5.825,NA,32
"5/26/2022 8:33:22 AM",7.309,30.095,50.12,80.117,72041.6,1033.113,33.082,0.554,0.554,0.306,7.729,101.44,5.807,42.565,0,5.82,5.823,NA,32
"5/26/2022 8:33:23 AM",7.2,30.095,50.12,80.117,72041.9,1033.112,33.082,0.577,0.577,0.306,7.729,101.599,5.816,42.65,0,5.829,5.832,NA,32
"5/26/2022 8:33:23 AM",7.101,30.095,50.119,80.116,72040.6,1033.111,33.081,0.546,0.546,0.335,7.729,101.459,5.808,42.82,0,5.821,5.824,NA,32
"5/26/2022 8:33:23 AM",7.007,30.096,50.119,80.117,72040.8,1033.111,33.081,0.538,0.538,0.306,7.729,101.503,5.81,43.245,0,5.823,5.827,NA,32
"5/26/2022 8:33:23 AM",6.915,30.096,50.118,80.115,72039.2,1033.109,33.08,0.484,0.484,0.218,7.731,101.484,5.809,43.924,0,5.822,5.826,NA,32
"5/26/2022 8:33:23 AM",6.764,30.096,50.117,80.113,72037.5,1033.108,33.079,0.507,0.507,0.204,7.73,101.426,5.806,45.199,0,5.819,5.822,NA,32
"5/26/2022 8:33:24 AM",6.656,30.096,50.114,80.11,72034.3,1033.105,33.077,0.562,0.562,0.204,7.73,101.353,5.802,45.963,0,5.815,5.818,NA,32
"5/26/2022 8:33:24 AM",6.543,30.096,50.115,80.112,72035.5,1033.105,33.078,0.562,0.562,0.248,7.731,101.448,5.807,46.388,0,5.82,5.823,NA,32
"5/26/2022 8:33:24 AM",6.43,30.096,50.115,80.112,72035.6,1033.105,33.078,0.546,0.546,0.233,7.729,101.464,5.808,46.643,0,5.821,5.824,NA,32
"5/26/2022 8:33:24 AM",6.339,30.096,50.116,80.113,72037,1033.106,33.079,0.577,0.577,0.277,7.73,101.347,5.801,46.983,0,5.814,5.818,NA,32
"5/26/2022 8:33:25 AM",6.313,30.096,50.115,80.112,72035.6,1033.105,33.078,0.491,0.491,0.175,7.731,101.338,5.801,47.578,0,5.814,5.817,NA,32
"5/26/2022 8:33:25 AM",6.362,30.097,50.114,80.111,72034.1,1033.104,33.077,0.491,0.491,0.204,7.731,101.33,5.8,48.172,0,5.813,5.817,NA,32
"5/26/2022 8:33:25 AM",6.409,30.096,50.115,80.112,72035,1033.105,33.077,0.538,0.538,0.291,7.731,101.361,5.802,47.323,0,5.815,5.818,NA,32
"5/26/2022 8:33:25 AM",6.445,30.096,50.113,80.109,72032.8,1033.103,33.076,0.601,0.601,0.335,7.731,101.593,5.815,46.048,0,5.829,5.832,NA,32
"5/26/2022 8:33:25 AM",6.48,30.096,50.114,80.11,72034.6,1033.105,33.077,0.679,0.679,0.364,7.73,101.512,5.81,44.859,0,5.824,5.827,NA,32
"5/26/2022 8:33:26 AM",6.498,30.096,50.114,80.11,72034.6,1033.105,33.077,0.585,0.585,0.277,7.73,101.356,5.802,44.094,0,5.815,5.818,NA,32
"5/26/2022 8:33:26 AM",6.506,30.096,50.114,80.111,72034.7,1033.105,33.077,0.569,0.569,0.481,7.73,101.53,5.811,43.585,0,5.824,5.828,NA,32
"5/26/2022 8:33:26 AM",6.517,30.095,50.115,80.111,72036.1,1033.106,33.078,0.616,0.616,0.422,7.73,101.371,5.802,43.245,0,5.815,5.819,NA,32
"5/26/2022 8:33:26 AM",6.522,30.096,50.113,80.109,72033.1,1033.104,33.076,0.71,0.71,0.51,7.73,101.446,5.807,42.99,0,5.82,5.823,NA,32
"5/26/2022 8:33:26 AM",6.466,30.095,50.115,80.111,72035.5,1033.105,33.078,0.647,0.647,0.451,7.73,101.453,5.807,42.65,0,5.82,5.824,NA,32
"5/26/2022 8:33:27 AM",6.405,30.096,50.115,80.111,72035.1,1033.105,33.077,0.538,0.538,0.291,7.73,101.512,5.81,42.565,0,5.823,5.826,NA,32
"5/26/2022 8:33:27 AM",6.334,30.096,50.113,80.109,72033.1,1033.103,33.076,0.499,0.499,0.248,7.729,101.472,5.808,42.14,0,5.821,5.825,NA,32
"5/26/2022 8:33:27 AM",6.273,30.097,50.112,80.108,72031.5,1033.102,33.075,0.819,0.819,0.583,7.729,101.402,5.804,41.885,0,5.817,5.82,NA,32
"5/26/2022 8:33:27 AM",6.204,30.097,50.112,80.108,72031.5,1033.102,33.075,0.671,0.671,0.437,7.73,101.273,5.797,42.055,0,5.81,5.813,NA,32
"5/26/2022 8:33:27 AM",6.172,30.097,50.11,80.106,72029.3,1033.1,33.074,0.671,0.671,0.481,7.73,101.34,5.801,42.48,0,5.814,5.817,NA,32
"5/26/2022 8:33:28 AM",6.143,30.096,50.11,80.105,72029.3,1033.1,33.074,0.601,0.601,0.364,7.73,101.436,5.806,42.735,0,5.819,5.823,NA,32
"5/26/2022 8:33:28 AM",6.127,30.096,50.112,80.107,72031.1,1033.101,33.075,0.796,0.796,0.379,7.73,101.475,5.808,42.99,0,5.822,5.825,NA,32
"5/26/2022 8:33:28 AM",6.125,30.096,50.111,80.106,72029.9,1033.1,33.074,0.577,0.577,0.277,7.73,101.45,5.807,43.245,0,5.82,5.823,NA,32
"5/26/2022 8:33:28 AM",6.136,30.097,50.108,80.103,72026.7,1033.098,33.072,0.554,0.554,0.32,7.731,101.433,5.806,43.755,0,5.819,5.823,NA,32
"5/26/2022 8:33:28 AM",6.139,30.096,50.109,80.103,72028.1,1033.099,33.073,0.468,0.468,0.218,7.731,101.54,5.812,44.264,0,5.825,5.829,NA,32
"5/26/2022 8:33:29 AM",6.127,30.096,50.11,80.105,72029.2,1033.1,33.074,0.577,0.577,0.437,7.73,101.472,5.808,44.774,0,5.821,5.825,NA,32
"5/26/2022 8:33:29 AM",6.11,30.096,50.112,80.108,72032.2,1033.102,33.076,0.507,0.507,0.262,7.73,101.414,5.805,45.029,0,5.818,5.821,NA,32
"5/26/2022 8:33:29 AM",6.063,30.096,50.112,80.107,72031.8,1033.101,33.076,0.523,0.523,0.379,7.73,101.417,5.805,45.369,0,5.818,5.821,NA,32
"5/26/2022 8:33:29 AM",6.033,30.097,50.112,80.108,72031,1033.101,33.075,0.569,0.569,0.379,7.73,101.509,5.81,45.879,0,5.823,5.826,NA,32
"5/26/2022 8:33:29 AM",6.042,30.096,50.111,80.106,72030,1033.1,33.074,0.608,0.608,0.379,7.73,101.401,5.804,46.303,0,5.817,5.82,NA,32
"5/26/2022 8:33:30 AM",6.079,30.097,50.109,80.105,72028.2,1033.099,33.073,0.647,0.647,0.393,7.73,101.449,5.807,46.813,0,5.82,5.823,NA,32
"5/26/2022 8:33:30 AM",6.115,30.097,50.109,80.105,72027.3,1033.098,33.072,0.624,0.624,0.655,7.73,101.338,5.8,46.473,0,5.814,5.817,NA,32
"5/26/2022 8:33:30 AM",6.155,30.098,50.107,80.103,72025.4,1033.097,33.071,0.562,0.562,0.495,7.73,101.442,5.806,46.728,0,5.819,5.823,NA,32
"5/26/2022 8:33:30 AM",6.162,30.097,50.108,80.104,72026.5,1033.098,33.072,0.655,0.655,0.583,7.73,101.414,5.804,46.558,0,5.817,5.821,NA,32
"5/26/2022 8:33:30 AM",6.152,30.097,50.108,80.103,72026.6,1033.098,33.072,0.554,0.554,0.364,7.729,101.353,5.801,46.218,0,5.814,5.817,NA,32
"5/26/2022 8:33:31 AM",6.145,30.096,50.108,80.102,72026.2,1033.098,33.072,0.538,0.538,0.364,7.729,101.323,5.799,45.624,0,5.812,5.815,NA,32
"5/26/2022 8:33:31 AM",6.11,30.096,50.109,80.103,72027.6,1033.099,33.073,0.663,0.663,0.422,7.729,101.526,5.811,44.434,0,5.824,5.827,NA,32
"5/26/2022 8:33:31 AM",6.049,30.096,50.108,80.101,72026.8,1033.098,33.073,0.608,0.608,0.393,7.729,101.6,5.815,43.245,0,5.828,5.831,NA,32
"5/26/2022 8:33:31 AM",5.957,30.096,50.111,80.105,72030.1,1033.1,33.075,0.585,0.585,0.277,7.729,101.53,5.811,42.565,0,5.824,5.827,NA,32
"5/26/2022 8:33:31 AM",5.844,30.096,50.11,80.105,72029.4,1033.099,33.074,0.608,0.608,0.291,7.729,101.458,5.807,41.715,0,5.82,5.823,NA,32
"5/26/2022 8:33:32 AM",5.733,30.096,50.11,80.104,72029.1,1033.099,33.074,0.593,0.593,0.32,7.729,101.422,5.805,41.291,0,5.818,5.821,NA,32
"5/26/2022 8:33:32 AM",5.587,30.096,50.11,80.105,72028.8,1033.098,33.074,0.881,0.881,0.903,7.73,101.349,5.801,41.121,0,5.814,5.817,NA,32
"5/26/2022 8:33:32 AM",5.508,30.097,50.109,80.104,72027.8,1033.097,33.073,0.624,0.624,0.393,7.731,101.374,5.802,41.121,0,5.815,5.819,NA,32
"5/26/2022 8:33:32 AM",5.428,30.097,50.109,80.104,72027.6,1033.096,33.073,0.647,0.647,0.364,7.731,101.424,5.805,41.291,0,5.818,5.822,NA,32
"5/26/2022 8:33:32 AM",5.352,30.097,50.117,80.115,72037.5,1033.102,33.079,0.569,0.569,0.262,7.731,101.429,5.805,41.8,0,5.818,5.821,NA,32
"5/26/2022 8:33:33 AM",5.275,30.096,50.116,80.112,72035.8,1033.101,33.078,0.53,0.53,0.262,7.731,101.44,5.806,42.395,0,5.819,5.822,NA,32
"5/26/2022 8:33:33 AM",5.187,30.096,50.116,80.113,72036.4,1033.101,33.079,0.655,0.655,0.248,7.731,101.365,5.801,42.905,0,5.814,5.818,NA,32
"5/26/2022 8:33:33 AM",5.147,30.096,50.116,80.112,72035.7,1033.1,33.078,0.608,0.608,0.291,7.731,101.398,5.803,43.075,0,5.816,5.82,NA,32
"5/26/2022 8:33:33 AM",5.138,30.096,50.115,80.111,72035.3,1033.1,33.078,0.608,0.608,0.408,7.73,101.418,5.804,43.585,0,5.817,5.821,NA,32
"5/26/2022 8:33:33 AM",5.187,30.097,50.114,80.111,72034,1033.099,33.077,0.593,0.593,0.335,7.73,101.447,5.806,44.604,0,5.819,5.823,NA,32
"5/26/2022 8:33:34 AM",5.319,30.097,50.114,80.11,72032.9,1033.099,33.076,0.593,0.593,0.568,7.73,101.36,5.801,46.728,0,5.814,5.817,NA,32
"5/26/2022 8:33:34 AM",5.409,30.097,50.114,80.11,72033.1,1033.099,33.076,0.585,0.585,0.466,7.73,101.527,5.81,47.408,0,5.823,5.827,NA,32
"5/26/2022 8:33:34 AM",5.498,30.096,50.114,80.109,72033.2,1033.1,33.077,0.632,0.632,0.845,7.73,101.499,5.809,47.833,0,5.822,5.825,NA,32
"5/26/2022 8:33:34 AM",5.585,30.096,50.114,80.111,72034.1,1033.101,33.077,0.562,0.562,0.612,7.731,101.353,5.8,48.172,0,5.814,5.817,NA,32
"5/26/2022 8:33:35 AM",5.696,30.096,50.115,80.11,72034.6,1033.102,33.078,0.53,0.53,0.364,7.731,101.447,5.806,48.767,0,5.819,5.822,NA,32
"5/26/2022 8:33:35 AM",5.746,30.096,50.115,80.111,72034.7,1033.102,33.077,0.577,0.577,0.349,7.731,101.455,5.806,49.192,0,5.819,5.823,NA,32
"5/26/2022 8:33:35 AM",5.762,30.096,50.116,80.112,72036,1033.103,33.078,0.562,0.562,0.335,7.73,101.477,5.808,49.277,0,5.821,5.824,NA,32
"5/26/2022 8:33:35 AM",5.727,30.096,50.115,80.111,72034.9,1033.102,33.078,0.507,0.507,0.233,7.729,101.45,5.806,49.532,0,5.819,5.822,NA,32
"5/26/2022 8:33:35 AM",5.687,30.096,50.117,80.113,72037.2,1033.103,33.079,0.624,0.624,0.262,7.729,101.441,5.805,49.532,0,5.818,5.822,NA,32
"5/26/2022 8:33:36 AM",5.607,30.096,50.116,80.112,72036.2,1033.102,33.078,0.725,0.725,1.428,7.729,101.383,5.802,48.852,0,5.815,5.818,NA,32
"5/26/2022 8:33:36 AM",5.538,30.095,50.114,80.109,72034.2,1033.101,33.077,0.757,0.757,0.641,7.729,101.433,5.805,47.918,0,5.818,5.821,NA,32
"5/26/2022 8:33:36 AM",5.442,30.096,50.116,80.113,72036.4,1033.102,33.079,0.608,0.608,0.335,7.729,101.355,5.8,46.898,0,5.813,5.817,NA,32
"5/26/2022 8:33:36 AM",5.333,30.096,50.115,80.111,72034.7,1033.1,33.078,0.507,0.507,0.291,7.729,101.42,5.804,45.963,0,5.817,5.82,NA,32
"5/26/2022 8:33:36 AM",5.211,30.097,50.113,80.11,72032.2,1033.098,33.076,0.538,0.538,0.364,7.729,101.474,5.807,44.944,0,5.82,5.824,NA,32
"5/26/2022 8:33:37 AM",5.028,30.097,50.115,80.112,72034.2,1033.098,33.077,0.546,0.546,0.335,7.73,101.498,5.808,44.009,0,5.821,5.825,NA,32
"5/26/2022 8:33:37 AM",4.915,30.099,50.112,80.111,72030.9,1033.095,33.075,0.71,0.71,0.422,7.729,101.454,5.806,43.924,0,5.819,5.822,NA,32
"5/26/2022 8:33:37 AM",4.797,30.101,50.113,80.115,72031,1033.094,33.074,0.616,0.616,0.379,7.729,101.539,5.811,43.924,0,5.824,5.827,NA,32
"5/26/2022 8:33:37 AM",4.693,30.103,50.11,80.114,72028.1,1033.092,33.072,0.64,0.64,0.408,7.729,101.647,5.817,44.009,0,5.83,5.833,NA,32
"5/26/2022 8:33:37 AM",4.561,30.104,50.11,80.116,72027.8,1033.091,33.071,0.554,0.554,0.379,7.729,101.395,5.802,45.369,0,5.816,5.819,NA,32
"5/26/2022 8:33:38 AM",4.503,30.104,50.111,80.116,72028.1,1033.091,33.071,0.523,0.523,0.218,7.729,101.571,5.812,46.813,0,5.826,5.829,NA,32
"5/26/2022 8:33:38 AM",4.484,30.104,50.109,80.114,72026.2,1033.089,33.07,0.608,0.608,0.335,7.729,101.483,5.807,47.918,0,5.82,5.824,NA,32
"5/26/2022 8:33:38 AM",4.502,30.104,50.109,80.113,72025.6,1033.089,33.07,0.452,0.452,0.204,7.729,101.386,5.802,48.512,0,5.815,5.818,NA,32
"5/26/2022 8:33:38 AM",4.622,30.103,50.107,80.11,72023.3,1033.088,33.069,0.507,0.507,0.51,7.729,101.578,5.813,50.296,0,5.826,5.829,NA,32
"5/26/2022 8:33:38 AM",4.721,30.104,50.104,80.107,72019.9,1033.086,33.066,0.515,0.515,0.422,7.729,101.552,5.811,50.636,0,5.825,5.828,NA,32
"5/26/2022 8:33:39 AM",4.809,30.105,50.106,80.112,72022.6,1033.088,33.068,0.601,0.601,0.495,7.73,101.409,5.803,50.721,0,5.816,5.82,NA,32
"5/26/2022 8:33:39 AM",4.9,30.105,50.108,80.115,72025,1033.09,33.069,0.53,0.53,0.306,7.73,101.491,5.808,50.636,0,5.821,5.824,NA,32
"5/26/2022 8:33:39 AM",4.978,30.105,50.11,80.117,72027.4,1033.092,33.071,0.562,0.562,0.422,7.73,101.535,5.81,50.296,0,5.823,5.826,NA,32
"5/26/2022 8:33:39 AM",5.065,30.101,50.109,80.11,72026.9,1033.093,33.071,0.554,0.554,0.364,7.73,101.453,5.805,49.787,0,5.818,5.822,NA,32
"5/26/2022 8:33:39 AM",5.093,30.1,50.111,80.11,72028.8,1033.095,33.073,0.523,0.523,0.262,7.73,101.539,5.81,49.192,0,5.823,5.827,NA,32
"5/26/2022 8:33:40 AM",5.094,30.1,50.11,80.109,72028,1033.094,33.072,0.796,0.796,0.466,7.73,101.464,5.806,48.767,0,5.819,5.823,NA,32
"5/26/2022 8:33:40 AM",5.058,30.099,50.112,80.112,72031.3,1033.096,33.075,0.554,0.554,0.291,7.73,101.536,5.81,48.512,0,5.823,5.826,NA,32
"5/26/2022 8:33:40 AM",4.964,30.1,50.114,80.115,72032.8,1033.096,33.075,0.491,0.491,0.248,7.73,101.564,5.811,47.833,0,5.824,5.828,NA,32
"5/26/2022 8:33:40 AM",4.875,30.101,50.112,80.114,72030.7,1033.095,33.074,0.429,0.429,0.262,7.73,101.526,5.809,47.493,0,5.822,5.826,NA,32
"5/26/2022 8:33:40 AM",4.787,30.103,50.109,80.113,72026.7,1033.091,33.071,0.437,0.437,0.248,7.73,101.549,5.81,46.983,0,5.824,5.827,NA,32
"5/26/2022 8:33:41 AM",4.695,30.103,50.109,80.113,72026.6,1033.091,33.071,0.398,0.398,0.218,7.73,101.585,5.812,46.643,0,5.825,5.829,NA,32
"5/26/2022 8:33:41 AM",4.592,30.104,50.109,80.114,72026.6,1033.09,33.071,0.499,0.499,0.335,7.729,101.504,5.808,46.048,0,5.821,5.825,NA,32
"5/26/2022 8:33:41 AM",4.436,30.104,50.107,80.111,72024,1033.088,33.069,0.445,0.445,0.306,7.73,101.601,5.813,45.284,0,5.826,5.83,NA,32
"5/26/2022 8:33:41 AM",4.317,30.103,50.107,80.109,72023.6,1033.088,33.069,0.413,0.413,0.218,7.73,101.516,5.808,45.114,0,5.822,5.825,NA,32
"5/26/2022 8:33:41 AM",4.199,30.103,50.105,80.106,72020.8,1033.085,33.067,0.429,0.429,0.189,7.73,101.56,5.811,45.114,0,5.824,5.827,NA,32
"5/26/2022 8:33:42 AM",4.084,30.103,50.106,80.107,72021.8,1033.085,33.068,0.445,0.445,0.175,7.73,101.577,5.812,45.369,0,5.825,5.828,NA,32
"5/26/2022 8:33:42 AM",3.937,30.103,50.105,80.105,72020.5,1033.084,33.067,0.46,0.46,0.262,7.73,101.571,5.812,45.709,0,5.825,5.828,NA,32
"5/26/2022 8:33:42 AM",3.851,30.103,50.105,80.106,72021.4,1033.084,33.068,0.741,0.741,0.714,7.73,101.637,5.816,46.473,0,5.829,5.832,NA,32
"5/26/2022 8:33:42 AM",3.78,30.103,50.104,80.105,72019.9,1033.083,33.067,0.523,0.523,0.349,7.73,101.514,5.808,47.493,0,5.821,5.825,NA,32
"5/26/2022 8:33:42 AM",3.73,30.103,50.106,80.107,72022.4,1033.085,33.069,0.46,0.46,0.306,7.73,101.433,5.804,48.257,0,5.817,5.821,NA,32
"5/26/2022 8:33:43 AM",3.712,30.103,50.105,80.107,72021.2,1033.084,33.068,0.53,0.53,0.277,7.73,101.421,5.803,49.022,0,5.816,5.82,NA,32
"5/26/2022 8:33:43 AM",3.794,30.104,50.105,80.107,72020.4,1033.083,33.067,0.476,0.476,0.32,7.73,101.411,5.803,50.806,0,5.816,5.819,NA,32
"5/26/2022 8:33:43 AM",3.888,30.103,50.105,80.106,72020.8,1033.084,33.068,0.632,0.632,0.641,7.73,101.418,5.803,51.741,0,5.816,5.819,NA,32
"5/26/2022 8:33:43 AM",3.978,30.103,50.105,80.108,72021.5,1033.085,33.068,0.499,0.499,0.437,7.731,101.466,5.806,51.826,0,5.819,5.822,NA,32
"5/26/2022 8:33:44 AM",4.069,30.103,50.104,80.106,72019.7,1033.084,33.067,0.624,0.624,0.51,7.731,101.571,5.812,51.486,0,5.825,5.828,NA,32
"5/26/2022 8:33:44 AM",4.187,30.104,50.104,80.107,72020.3,1033.085,33.067,0.585,0.585,0.495,7.731,101.422,5.803,51.231,0,5.816,5.82,NA,32
"5/26/2022 8:33:44 AM",4.237,30.103,50.105,80.107,72020.4,1033.085,33.067,0.647,0.647,0.481,7.731,101.394,5.802,51.316,0,5.815,5.818,NA,32
"5/26/2022 8:33:44 AM",4.232,30.103,50.105,80.107,72021.3,1033.086,33.068,0.64,0.64,0.466,7.731,101.543,5.81,50.636,0,5.823,5.827,NA,32
"5/26/2022 8:33:44 AM",4.194,30.103,50.104,80.105,72019.5,1033.084,33.067,0.569,0.569,0.597,7.731,101.552,5.811,50.891,0,5.824,5.827,NA,32
"5/26/2022 8:33:45 AM",4.13,30.103,50.106,80.108,72022.3,1033.086,33.068,0.476,0.476,0.306,7.732,101.471,5.806,51.656,0,5.819,5.822,NA,32
"5/26/2022 8:33:45 AM",4.091,30.103,50.106,80.108,72022.8,1033.086,33.069,0.562,0.562,0.364,7.732,101.486,5.807,51.996,0,5.82,5.823,NA,32
"5/26/2022 8:33:45 AM",4.039,30.103,50.107,80.11,72023.2,1033.086,33.069,0.554,0.554,0.335,7.731,101.568,5.811,52.251,0,5.824,5.828,NA,32
"5/26/2022 8:33:45 AM",3.968,30.103,50.105,80.107,72020.8,1033.084,33.068,0.452,0.452,0.233,7.731,101.541,5.81,52.166,0,5.823,5.826,NA,32
"5/26/2022 8:33:45 AM",3.877,30.103,50.104,80.105,72019.3,1033.083,33.067,0.413,0.413,0.189,7.731,101.499,5.807,51.571,0,5.82,5.824,NA,32
"5/26/2022 8:33:46 AM",3.714,30.104,50.103,80.105,72018.3,1033.082,33.066,0.515,0.515,0.364,7.731,101.528,5.809,50.466,0,5.822,5.826,NA,32
"5/26/2022 8:33:46 AM",3.601,30.103,50.104,80.104,72019.1,1033.082,33.067,0.538,0.538,0.364,7.729,101.498,5.807,50.127,0,5.82,5.824,NA,32
"5/26/2022 8:33:46 AM",3.484,30.104,50.102,80.103,72016.5,1033.08,33.065,0.468,0.468,0.335,7.73,101.518,5.808,49.872,0,5.822,5.825,NA,32
"5/26/2022 8:33:46 AM",3.366,30.104,50.103,80.104,72017.6,1033.08,33.066,0.484,0.484,0.204,7.73,101.519,5.809,49.787,0,5.822,5.825,NA,32
"5/26/2022 8:33:46 AM",3.185,30.103,50.102,80.101,72016.3,1033.079,33.065,0.515,0.515,0.291,7.731,101.506,5.808,49.957,0,5.821,5.824,NA,32
"5/26/2022 8:33:47 AM",3.078,30.103,50.099,80.098,72013.3,1033.076,33.063,0.491,0.491,0.248,7.73,101.517,5.809,50.551,0,5.822,5.825,NA,32
"5/26/2022 8:33:47 AM",3.008,30.103,50.099,80.098,72013.3,1033.076,33.063,0.437,0.437,0.291,7.731,101.69,5.818,51.231,0,5.831,5.835,NA,32
"5/26/2022 8:33:47 AM",2.977,30.103,50.098,80.095,72011.4,1033.075,33.062,0.538,0.538,0.422,7.731,101.576,5.812,52.59,0,5.825,5.828,NA,32
"5/26/2022 8:33:47 AM",2.987,30.102,50.097,80.094,72010.3,1033.074,33.062,0.46,0.46,0.306,7.731,101.507,5.808,53.61,0,5.821,5.824,NA,32
"5/26/2022 8:33:47 AM",3.02,30.102,50.099,80.095,72012.6,1033.076,33.063,0.491,0.491,0.277,7.732,101.537,5.809,54.629,0,5.822,5.826,NA,32
"5/26/2022 8:33:48 AM",3.057,30.101,50.099,80.095,72013.2,1033.077,33.064,0.491,0.491,0.233,7.731,101.524,5.808,55.224,0,5.821,5.825,NA,32
"5/26/2022 8:33:48 AM",3.105,30.102,50.098,80.095,72012,1033.076,33.063,0.499,0.499,0.335,7.731,101.482,5.806,55.819,0,5.819,5.823,NA,32
"5/26/2022 8:33:48 AM",3.123,30.102,50.097,80.094,72010.7,1033.075,33.062,0.491,0.491,0.262,7.731,101.56,5.811,55.394,0,5.824,5.827,NA,32
"5/26/2022 8:33:48 AM",3.111,30.101,50.096,80.091,72009.8,1033.075,33.062,0.601,0.601,0.204,7.731,101.386,5.801,55.479,0,5.814,5.817,NA,32
"5/26/2022 8:33:48 AM",3.111,30.1,50.095,80.089,72008.8,1033.074,33.061,0.491,0.491,0.248,7.73,101.567,5.811,55.989,0,5.824,5.828,NA,32
"5/26/2022 8:33:49 AM",3.114,30.1,50.097,80.09,72010.5,1033.076,33.062,0.499,0.499,0.218,7.73,101.545,5.81,56.074,0,5.823,5.826,NA,32
"5/26/2022 8:33:49 AM",3.112,30.098,50.098,80.09,72012.7,1033.077,33.064,0.671,0.671,0.277,7.73,101.64,5.815,56.329,0,5.828,5.832,NA,32
"5/26/2022 8:33:49 AM",3.093,30.098,50.099,80.089,72013.3,1033.078,33.065,0.78,0.78,0.32,7.729,101.677,5.817,57.943,0,5.83,5.834,NA,32
"5/26/2022 8:33:49 AM",3.072,30.097,50.098,80.088,72012.6,1033.078,33.064,0.562,0.562,0.277,7.73,101.537,5.809,59.132,0,5.822,5.826,NA,32
"5/26/2022 8:33:49 AM",3.034,30.098,50.097,80.087,72010.8,1033.076,33.063,0.445,0.445,0.189,7.729,101.499,5.807,59.982,0,5.82,5.824,NA,32
"5/26/2022 8:33:50 AM",2.984,30.097,50.099,80.089,72014.1,1033.078,33.066,0.491,0.491,0.306,7.729,101.577,5.812,59.812,0,5.825,5.828,NA,32
"5/26/2022 8:33:50 AM",2.918,30.097,50.099,80.089,72013.4,1033.077,33.065,0.46,0.46,0.233,7.729,101.471,5.806,58.877,0,5.819,5.822,NA,32
"5/26/2022 8:33:50 AM",2.792,30.098,50.097,80.087,72011.3,1033.075,33.064,0.445,0.445,0.262,7.729,101.474,5.806,56.838,0,5.819,5.823,NA,32
"5/26/2022 8:33:50 AM",2.697,30.098,50.097,80.088,72011.5,1033.075,33.064,0.429,0.429,0.248,7.73,101.573,5.811,55.989,0,5.824,5.828,NA,32
"5/26/2022 8:33:50 AM",2.605,30.098,50.094,80.083,72006.9,1033.072,33.061,0.757,0.757,0.583,7.73,101.564,5.811,55.819,0,5.824,5.828,NA,32
"5/26/2022 8:33:51 AM",2.539,30.098,50.095,80.085,72008.6,1033.073,33.062,0.601,0.601,0.349,7.73,101.517,5.808,55.734,0,5.821,5.825,NA,32
"5/26/2022 8:33:51 AM",2.448,30.098,50.096,80.085,72009.1,1033.073,33.062,0.429,0.429,0.175,7.729,101.486,5.806,56.159,0,5.819,5.823,NA,32
"5/26/2022 8:33:51 AM",2.391,30.099,50.096,80.086,72009,1033.072,33.062,0.413,0.413,0.175,7.729,101.541,5.809,57.688,0,5.823,5.826,NA,32
"5/26/2022 8:33:51 AM",2.333,30.099,50.095,80.085,72007.9,1033.071,33.061,0.46,0.46,0.291,7.728,101.625,5.814,58.708,0,5.827,5.831,NA,32
"5/26/2022 8:33:51 AM",2.283,30.099,50.094,80.086,72007.4,1033.071,33.061,0.554,0.554,0.233,7.729,101.464,5.805,59.047,0,5.818,5.822,NA,32
"5/26/2022 8:33:52 AM",2.24,30.1,50.094,80.086,72006.4,1033.07,33.06,0.585,0.585,0.481,7.729,101.453,5.804,60.407,0,5.817,5.821,NA,32
"5/26/2022 8:33:52 AM",2.142,30.1,50.095,80.088,72008.4,1033.07,33.061,0.835,0.835,0.51,7.729,101.599,5.813,62.106,0,5.826,5.829,NA,32
"5/26/2022 8:33:52 AM",2.048,30.101,50.097,80.091,72009.9,1033.071,33.062,0.647,0.647,0.655,7.729,101.548,5.81,63.21,0,5.823,5.826,NA,32
"5/26/2022 8:33:52 AM",1.954,30.101,50.095,80.089,72007.7,1033.069,33.061,0.569,0.569,0.481,7.729,101.556,5.81,63.805,0,5.823,5.827,NA,32
"5/26/2022 8:33:52 AM",1.899,30.101,50.095,80.089,72007.7,1033.069,33.061,0.515,0.515,0.277,7.728,101.558,5.81,64.74,0,5.823,5.827,NA,32
"5/26/2022 8:33:53 AM",1.874,30.1,50.094,80.085,72006.1,1033.068,33.06,0.78,0.78,0.451,7.728,101.448,5.804,67.288,0,5.817,5.82,NA,32
"5/26/2022 8:33:53 AM",1.861,30.101,50.093,80.086,72005.5,1033.067,33.059,0.546,0.546,0.364,7.728,101.53,5.808,67.968,0,5.821,5.825,NA,32
"5/26/2022 8:33:53 AM",1.85,30.102,50.094,80.088,72006.1,1033.067,33.06,0.468,0.468,0.408,7.728,101.497,5.807,69.497,0,5.82,5.823,NA,32
"5/26/2022 8:33:53 AM",1.848,30.102,50.094,80.088,72006.7,1033.068,33.06,0.413,0.413,0.248,7.728,101.344,5.798,70.517,0,5.811,5.814,NA,32
"5/26/2022 8:33:54 AM",1.841,30.102,50.093,80.087,72005,1033.067,33.059,0.499,0.499,0.349,7.726,101.462,5.805,71.197,0,5.818,5.821,NA,32
"5/26/2022 8:33:54 AM",1.817,30.102,50.092,80.086,72003.6,1033.066,33.058,0.562,0.562,0.684,7.727,101.563,5.811,72.641,0,5.824,5.827,NA,32
"5/26/2022 8:33:54 AM",1.782,30.102,50.09,80.084,72001.8,1033.064,33.057,0.445,0.445,0.349,7.727,101.571,5.811,74,0,5.824,5.828,NA,32
"5/26/2022 8:33:54 AM",1.751,30.102,50.091,80.084,72002.3,1033.065,33.057,0.421,0.421,0.277,7.728,101.469,5.805,74.68,0,5.818,5.822,NA,32
"5/26/2022 8:33:54 AM",1.754,30.101,50.091,80.084,72003.2,1033.065,33.058,0.718,0.718,0.524,7.726,101.487,5.806,74.935,0,5.819,5.823,NA,32
"5/26/2022 8:33:55 AM",1.758,30.101,50.091,80.084,72003,1033.065,33.058,0.491,0.491,0.364,7.727,101.402,5.801,73.236,0,5.814,5.818,NA,32
"5/26/2022 8:33:55 AM",1.727,30.102,50.091,80.084,72002,1033.064,33.057,0.484,0.484,0.437,7.726,101.445,5.804,71.536,0,5.817,5.82,NA,32
"5/26/2022 8:33:55 AM",1.662,30.102,50.091,80.084,72002.2,1033.064,33.057,0.429,0.429,0.335,7.726,101.505,5.807,70.602,0,5.82,5.824,NA,32
"5/26/2022 8:33:55 AM",1.595,30.103,50.09,80.085,72001.5,1033.063,33.057,0.406,0.406,0.277,7.726,101.615,5.813,67.968,0,5.827,5.83,NA,32
"5/26/2022 8:33:55 AM",1.501,30.103,50.089,80.083,71999.6,1033.062,33.055,0.437,0.437,0.291,7.726,101.534,5.809,65.504,0,5.822,5.825,NA,32
"5/26/2022 8:33:56 AM",1.365,30.104,50.088,80.083,71998.6,1033.06,33.055,0.437,0.437,0.248,7.726,101.589,5.812,64.315,0,5.825,5.828,NA,32
"5/26/2022 8:33:56 AM",1.28,30.103,50.088,80.081,71998,1033.06,33.055,0.429,0.429,0.248,7.726,101.6,5.812,66.694,0,5.826,5.829,NA,32
"5/26/2022 8:33:56 AM",1.177,30.103,50.086,80.079,71996.3,1033.059,33.054,0.429,0.429,0.189,7.726,101.554,5.81,70.347,0,5.823,5.826,NA,32
"5/26/2022 8:33:56 AM",1.08,30.103,50.085,80.078,71995,1033.057,33.053,0.523,0.523,0.306,7.726,101.435,5.803,73.83,0,5.816,5.819,NA,32
"5/26/2022 8:33:56 AM",0.969,30.102,50.084,80.075,71993.5,1033.056,33.052,0.569,0.569,0.553,7.726,101.502,5.807,76.379,0,5.82,5.823,NA,32
"5/26/2022 8:33:57 AM",0.913,30.102,50.083,80.073,71991.8,1033.055,33.051,0.515,0.515,0.335,7.727,101.578,5.811,77.993,0,5.824,5.828,NA,32
"5/26/2022 8:33:57 AM",0.854,30.103,50.082,80.072,71990.2,1033.054,33.05,0.499,0.499,0.277,7.727,101.59,5.812,78.503,0,5.825,5.829,NA,32
"5/26/2022 8:33:57 AM",0.809,30.103,50.081,80.071,71989.2,1033.053,33.049,0.445,0.445,0.233,7.727,101.54,5.809,79.183,0,5.822,5.826,NA,32
"5/26/2022 8:33:57 AM",0.774,30.104,50.079,80.069,71986.3,1033.051,33.047,0.398,0.398,0.218,7.728,101.477,5.806,80.627,0,5.819,5.822,NA,32
"5/26/2022 8:33:57 AM",0.727,30.104,50.077,80.066,71984.1,1033.049,33.046,0.413,0.413,0.262,7.726,101.462,5.805,86.489,0,5.818,5.821,NA,32
"5/26/2022 8:33:58 AM",0.708,30.104,50.075,80.065,71982.1,1033.048,33.045,0.398,0.398,0.233,7.726,101.427,5.803,92.692,0,5.816,5.819,NA,32
"5/26/2022 8:33:58 AM",0.687,30.104,50.075,80.065,71981.9,1033.047,33.045,0.374,0.374,0.379,7.726,101.53,5.809,102.207,0,5.822,5.825,NA,32
"5/26/2022 8:33:58 AM",0.657,30.104,50.075,80.065,71981.8,1033.047,33.045,0.452,0.452,0.379,7.726,101.538,5.809,112.827,0,5.822,5.826,NA,32
"5/26/2022 8:33:58 AM",0.647,30.104,50.074,80.064,71981.2,1033.047,33.044,0.437,0.437,0.364,7.726,101.611,5.813,125.146,0,5.826,5.83,NA,32
"5/26/2022 8:33:58 AM",0.68,30.104,50.073,80.062,71979.3,1033.046,33.043,0.608,0.608,0.349,7.726,101.441,5.804,128.29,0,5.817,5.82,NA,32
"5/26/2022 8:33:59 AM",0.72,30.105,50.074,80.064,71980,1033.046,33.043,0.429,0.429,0.262,7.726,101.612,5.813,124.042,0,5.826,5.83,NA,32
"5/26/2022 8:33:59 AM",0.744,30.105,50.072,80.063,71978.3,1033.045,33.042,0.46,0.46,0.306,7.726,101.476,5.805,115.631,0,5.818,5.822,NA,32
"5/26/2022 8:33:59 AM",0.727,30.106,50.072,80.063,71977.3,1033.044,33.041,0.413,0.413,0.277,7.725,101.487,5.806,112.742,0,5.819,5.823,NA,32
"5/26/2022 8:33:59 AM",0.631,30.105,50.073,80.063,71979.2,1033.045,33.043,0.452,0.452,0.393,7.725,101.586,5.811,114.781,0,5.825,5.828,NA,32
"5/26/2022 8:33:59 AM",0.523,30.105,50.07,80.059,71975.6,1033.043,33.041,0.733,0.733,0.539,7.726,101.619,5.814,120.134,0,5.827,5.83,NA,32
"5/26/2022 8:34:00 AM",0.395,30.104,50.068,80.055,71972.8,1033.041,33.039,0.491,0.491,0.379,7.726,101.464,5.805,115.291,0,5.818,5.821,NA,32
"5/26/2022 8:34:00 AM",0.271,30.104,50.068,80.055,71972.7,1033.04,33.039,0.491,0.491,0.393,7.725,101.481,5.806,85.895,0,5.819,5.822,NA,32
"5/26/2022 8:34:00 AM",0.054,30.104,50.061,80.045,71964.6,1033.035,33.034,0.491,0.491,0.408,7.726,101.531,5.808,31.775,0,5.821,5.825,NA,32
"5/26/2022 8:34:00 AM",0,30.104,50.056,80.037,71957.2,1033.029,33.03,0.538,0.538,0.655,7.726,101.497,5.807,15.123,0,5.82,5.823,NA,32
"5/26/2022 8:34:00 AM",0,30.105,50.049,80.029,71949.2,1033.024,33.025,0.53,0.53,0.597,7.726,101.446,5.804,11.215,0,5.817,5.821,NA,32
"5/26/2022 8:34:01 AM",0,30.102,50.051,80.027,71951.7,1033.025,33.027,0.515,0.515,0.364,7.727,101.452,5.804,10.11,0,5.817,5.821,NA,32
"5/26/2022 8:34:01 AM",0,30.102,50.048,80.023,71947.4,1033.022,33.025,0.491,0.491,0.32,7.726,101.509,5.808,29.991,0,5.821,5.824,NA,32
"5/26/2022 8:34:01 AM",0,30.103,50.043,80.019,71941.6,1033.019,33.021,0.421,0.421,0.248,7.726,101.444,5.804,83.601,0,5.817,5.821,NA,32
"5/26/2022 8:34:01 AM",0,30.102,50.04,80.013,71937.8,1033.017,33.019,0.437,0.437,0.306,7.726,101.51,5.808,84.281,0,5.821,5.824,NA,32
"5/26/2022 8:34:01 AM",0,30.103,50.041,80.015,71938.9,1033.018,33.019,0.429,0.429,0.291,7.726,101.403,5.801,141.969,0,5.815,5.818,NA,32
"5/26/2022 8:34:02 AM",0,30.103,50.04,80.014,71937.6,1033.017,33.018,0.437,0.437,0.218,7.727,101.589,5.812,190.396,0,5.825,5.829,NA,32
"5/26/2022 8:34:02 AM",0,30.103,50.039,80.013,71936.6,1033.017,33.018,0.429,0.429,0.218,7.728,101.468,5.805,190.566,0,5.818,5.822,NA,32
"5/26/2022 8:34:02 AM",0,30.102,50.039,80.012,71936.6,1033.017,33.018,0.499,0.499,0.306,7.727,101.517,5.808,194.049,0,5.821,5.825,NA,32
"5/26/2022 8:34:02 AM",0,30.102,50.037,80.009,71934,1033.015,33.016,0.398,0.398,0.189,7.727,101.527,5.809,184.449,0,5.822,5.825,NA,32
"5/26/2022 8:34:02 AM",0,30.102,50.035,80.006,71932.3,1033.014,33.015,0.46,0.46,0.218,7.727,101.473,5.806,192.265,0,5.819,5.822,NA,32
"5/26/2022 8:34:03 AM",0,30.101,50.038,80.009,71936,1033.016,33.018,0.452,0.452,0.175,7.726,101.492,5.807,212.485,0,5.82,5.823,NA,32
"5/26/2022 8:34:03 AM",0,30.102,50.038,80.009,71935.1,1033.015,33.017,0.343,0.343,0.102,7.726,101.376,5.8,193.964,0,5.813,5.817,NA,32
"5/26/2022 8:34:03 AM",0,30.102,50.037,80.008,71934.1,1033.015,33.016,0.507,0.507,0.466,7.727,101.417,5.803,182.07,0,5.816,5.819,NA,32
"5/26/2022 8:34:03 AM",0,30.103,50.035,80.006,71930.9,1033.012,33.014,0.523,0.523,0.539,7.726,101.36,5.799,192.86,0,5.812,5.816,NA,32
"5/26/2022 8:34:04 AM",0,30.103,50.029,79.999,71924.3,1033.008,33.01,0.515,0.515,0.495,7.727,101.49,5.807,218.178,0,5.82,5.824,NA,32
"5/26/2022 8:34:04 AM",0,30.103,50.015,79.98,71906.9,1032.997,33,0.437,0.437,0.349,7.727,101.458,5.805,243.241,0,5.818,5.822,NA,32
"5/26/2022 8:34:04 AM",0,30.103,50.013,79.976,71904.5,1032.995,32.999,0.39,0.39,0.379,7.728,101.531,5.81,281.643,0,5.823,5.826,NA,32
"5/26/2022 8:34:04 AM",0,30.101,49.814,79.696,71655.4,1032.844,32.848,0.374,0.374,0.131,7.727,101.432,5.811,298.04,0,5.824,5.827,NA,32
"5/26/2022 8:34:04 AM",0,30.101,6.545,12.706,11424.3,1000.492,0.495,0,0,0,7.727,101.413,7.367,299.4,0,7.389,7.389,NA,32
"5/26/2022 8:34:05 AM",0,30.094,1.503,3.204,2880.9,996.742,0,229.373,229.373,77.385,7.726,101.457,7.577,320.3,0,7.599,7.599,NA,32
"5/26/2022 8:34:05 AM",0,29.949,0.922,2.008,1810.6,996.351,0,506.05,506.05,938.092,7.725,101.319,7.591,333.299,0,7.613,7.613,NA,32
"5/26/2022 8:34:05 AM",0,29.776,0.8,1.747,1580.7,996.312,0,428.667,428.667,1052.072,7.726,101.333,7.598,364.224,0,7.62,7.62,NA,32
"5/26/2022 8:34:05 AM",0,29.63,0.728,1.592,1444.8,996.302,0,260.537,260.537,637.348,7.725,101.241,7.595,450.969,0,7.617,7.617,NA,32
"5/26/2022 8:34:05 AM",0,29.523,0.676,1.48,1346.2,996.295,0,145.476,145.476,191.59,7.725,100.955,7.577,676.538,0,7.599,7.599,NA,32
"5/26/2022 8:34:06 AM",0,29.432,0.66,1.443,1315,996.31,0,446.983,446.983,129.72,7.724,100.808,7.568,1128.866,0,7.59,7.59,NA,32
"5/26/2022 8:34:06 AM",0,29.367,0.55,1.211,1105.2,996.248,0,130.561,130.561,28.559,7.722,100.755,7.57,1142.885,0,7.592,7.592,NA,32
"5/26/2022 8:34:06 AM",0,29.309,0.562,1.235,1128.3,996.274,0,63.81,63.81,17.376,7.721,100.611,7.56,1011.451,0,7.582,7.582,NA,32
"5/26/2022 8:34:06 AM",0,29.186,0.58,1.27,1163.1,996.324,0,28.886,28.886,8.928,7.719,100.454,7.549,537.288,0,7.57,7.57,NA,32
"5/26/2022 8:34:06 AM",0,29.062,0.606,1.322,1213.3,996.38,0,136.185,136.185,34.486,7.716,100.149,7.526,424.036,0,7.548,7.548,NA,32
"5/26/2022 8:34:07 AM",0,28.884,0.557,1.214,1118.7,996.395,0,64.348,64.348,47.375,7.713,100,7.518,335.678,0,7.54,7.54,NA,32
"5/26/2022 8:34:07 AM",0,28.756,0.531,1.157,1068.9,996.413,0,26.71,26.71,15.03,7.712,99.84,7.508,295.577,0,7.529,7.53,NA,32
"5/26/2022 8:34:07 AM",0,28.716,0.528,1.15,1062.9,996.422,0,9.915,9.915,4.405,7.711,99.399,7.475,298.04,0,7.497,7.497,NA,32
"5/26/2022 8:34:07 AM",0,28.669,0.501,1.092,1010.1,996.416,0,4.641,4.641,2.055,7.711,99.4,7.479,343.239,0,7.5,7.5,NA,32
"5/26/2022 8:34:07 AM",0,28.772,0.478,1.046,965.9,996.369,0,4.337,4.337,0.481,7.709,99.049,7.455,447.655,0,7.477,7.477,NA,32
"5/26/2022 8:34:08 AM",0,28.854,0.448,0.984,907.3,996.322,0,11.483,11.483,1.267,7.709,98.937,7.45,953.169,0,7.472,7.472,NA,32
"5/26/2022 8:34:08 AM",0,28.918,0.453,0.996,917.2,996.308,0,19.143,19.143,13.807,7.707,98.747,7.437,1101.424,0,7.459,7.459,NA,32
"5/26/2022 8:34:08 AM",0,28.987,0.47,1.034,950.5,996.3,0,38.255,38.255,63.154,7.706,98.59,7.426,1129.716,0,7.447,7.447,NA,32
"5/26/2022 8:34:08 AM",0,29.017,0.459,1.01,927.6,996.282,0,34.526,34.526,12.453,7.705,98.374,7.412,1215.016,0,7.434,7.434,NA,32
"5/26/2022 8:34:08 AM",0,29.019,0.46,1.012,930,996.283,0,54.886,54.886,0,7.705,98.301,7.41,1305.074,0,7.431,7.431,NA,32
"5/26/2022 8:34:09 AM",0,29.021,0.504,1.106,1015.9,996.315,0,16.21,16.21,3.529,7.704,98.196,7.402,1396.491,0,7.424,7.424,NA,32
"5/26/2022 8:34:09 AM",0,29.025,0.472,1.038,953.9,996.29,0,0,0,0,7.703,97.791,7.377,1474.399,0,7.398,7.398,NA,32
"5/26/2022 8:34:09 AM",0,29.016,0.466,1.024,940.9,996.288,0,0,0,0,7.702,97.518,7.36,1459.956,0,7.382,7.382,NA,32
"5/26/2022 8:34:09 AM",0,28.987,0.472,1.037,953.7,996.301,0,0.983,0.983,0,7.701,97.143,7.334,1326.399,0,7.355,7.355,NA,32
"5/26/2022 8:34:09 AM",0,28.866,0.776,1.668,1536.9,996.564,0,0,0,0,7.7,96.778,7.296,1373.637,0,7.317,7.317,NA,32
"5/26/2022 8:34:10 AM",0,28.783,1.262,2.647,2443.4,996.953,0,0,0,0,7.699,96.286,7.239,1404.477,0,7.26,7.26,NA,32
"5/26/2022 8:34:10 AM",0,28.711,0.645,1.393,1287.8,996.512,0,0,0,0,7.697,95.744,7.224,785.287,0,7.244,7.244,NA,32
"5/26/2022 8:34:10 AM",0,28.59,0.486,1.058,980.7,996.427,0,0,0,0.714,7.695,95.381,7.202,507.892,0,7.223,7.223,NA,32
"5/26/2022 8:34:10 AM",0,28.337,0.414,0.902,839.9,996.446,0,0,0,0,7.692,95.304,7.202,610.864,0,7.222,7.222,NA,32
"5/26/2022 8:34:10 AM",0,28.217,0.401,0.873,815.3,996.471,0,0,0,0,7.69,95.188,7.194,441.793,0,7.215,7.215,NA,32
"5/26/2022 8:34:11 AM",0,28.026,0.374,0.813,762.6,996.506,0,0.608,0.608,1.486,7.688,95.037,7.184,391.072,0,7.205,7.205,NA,32
"5/26/2022 8:34:11 AM",0,27.873,0.368,0.798,750.3,996.545,0,2.434,2.434,12.703,7.687,95.034,7.186,1108.221,0,7.206,7.206,NA,32
"5/26/2022 8:34:11 AM",0,27.861,0.35,0.759,714.2,996.534,0,1.201,1.201,13.616,7.687,95.033,7.186,1274.233,0,7.207,7.207,NA,32
"5/26/2022 8:34:11 AM",0,28.074,0.609,1.303,1220.6,996.669,0,6.826,6.826,14.588,7.716,95.088,7.185,1309.492,0,7.205,7.206,NA,32
"5/26/2022 8:34:11 AM",0,28.828,2.2,4.48,4132.2,997.641,0,4.602,4.602,12.027,7.798,94.975,7.119,1087.491,0,7.14,7.14,NA,32
"5/26/2022 8:34:12 AM",0,29.07,2.695,5.447,4999.1,997.939,0,2.722,2.722,11.689,7.857,94.611,7.077,1267.012,0,7.098,7.098,NA,32
"5/26/2022 8:34:12 AM",0,29.14,2.484,5.052,4630.7,997.761,0,2.332,2.332,10.895,7.895,94.452,7.076,1310.426,0,7.096,7.096,NA,32
"5/26/2022 8:34:12 AM",0,29.168,2.478,5.043,4619.1,997.748,0,2.41,2.41,10.337,7.927,94.199,7.061,610.949,0,7.081,7.081,NA,32
"5/26/2022 8:34:12 AM",0,29.175,2.197,4.504,4125.1,997.536,0,2.325,2.325,10.792,7.94,94.078,7.064,453.688,0,7.084,7.084,NA,32
"5/26/2022 8:34:12 AM",0,29.179,2.082,4.283,3922.1,997.449,0,1.974,1.974,10.763,7.95,93.926,7.057,427.945,0,7.078,7.078,NA,32
"5/26/2022 8:34:13 AM",0,29.182,2.169,4.451,4075.9,997.513,0,1.974,1.974,10.91,7.959,93.801,7.046,427.01,0,7.067,7.067,NA,32
"5/26/2022 8:34:13 AM",0,29.186,2.109,4.334,3968.8,997.467,0,1.974,1.974,11.454,7.966,93.702,7.041,395.575,0,7.062,7.062,NA,32
"5/26/2022 8:34:13 AM",0,29.185,1.963,4.051,3709.8,997.358,0,2.145,2.145,11.233,7.974,93.564,7.037,363.8,0,7.057,7.057,NA,32
"5/26/2022 8:34:13 AM",0,29.186,2.012,4.146,3796.4,997.394,0,2.208,2.208,10.837,7.979,93.56,7.035,377.138,0,7.056,7.055,NA,32
"5/26/2022 8:34:14 AM",0,29.188,1.908,3.945,3611.7,997.316,0,2.208,2.208,10.851,7.981,93.513,7.036,413.331,0,7.056,7.056,NA,32
"5/26/2022 8:34:14 AM",0,29.19,1.767,3.67,3359.8,997.21,0,2.192,2.192,11.689,7.984,93.325,7.027,422.337,0,7.047,7.047,NA,32
"5/26/2022 8:34:14 AM",0,29.19,1.731,3.597,3293.6,997.183,0,1.942,1.942,11.101,7.988,93.3,7.025,428.284,0,7.045,7.045,NA,32
"5/26/2022 8:34:14 AM",0,29.19,1.772,3.68,3369,997.214,0,1.849,1.849,11.028,7.991,93.137,7.011,414.521,0,7.031,7.031,NA,32
"5/26/2022 8:34:14 AM",0,29.192,1.574,3.29,3012.2,997.066,0,2.091,2.091,10.719,7.993,93.082,7.013,396.424,0,7.034,7.034,NA,32
"5/26/2022 8:34:15 AM",0,29.193,1.723,3.583,3280.4,997.177,0,2.106,2.106,10.895,7.995,93.095,7.01,393.621,0,7.03,7.03,NA,32
"5/26/2022 8:34:15 AM",0,29.192,1.656,3.451,3159.3,997.127,0,2.02,2.02,10.719,7.997,92.999,7.005,420.893,0,7.025,7.025,NA,32
"5/26/2022 8:34:15 AM",0,29.193,1.663,3.464,3171.6,997.132,0,1.872,1.872,10.469,8,92.99,7.004,1060.898,0,7.024,7.024,NA,32
"5/26/2022 8:34:15 AM",0,29.194,1.614,3.368,3083.3,997.095,0,1.903,1.903,10.499,8.001,92.872,6.996,1165.654,0,7.016,7.016,NA,32
"5/26/2022 8:34:15 AM",0,29.196,1.621,3.382,3096.5,997.1,0,1.935,1.935,10.881,8.001,92.904,6.999,590.983,0,7.02,7.02,NA,32
"5/26/2022 8:34:16 AM",0,29.198,1.635,3.41,3121.5,997.109,0,2.106,2.106,10.675,8.002,92.823,6.992,1084.092,0,7.012,7.012,NA,32
"5/26/2022 8:34:16 AM",0,29.2,1.634,3.409,3120.6,997.108,0,2.145,2.145,11.38,8.004,92.776,6.988,1424.528,0,7.008,7.008,NA,32
"5/26/2022 8:34:16 AM",0,29.203,1.645,3.429,3138.8,997.115,0,1.779,1.779,10.837,8.005,92.735,6.985,1474.739,0,7.005,7.005,NA,32
"5/26/2022 8:34:16 AM",0,29.203,1.62,3.38,3094.3,997.097,0,1.771,1.771,10.822,8.006,92.714,6.984,1522.657,0,7.004,7.004,NA,32
"5/26/2022 8:34:16 AM",0,29.205,1.604,3.35,3066.2,997.084,0,1.716,1.716,10.278,8.006,92.709,6.985,1549.929,0,7.005,7.005,NA,32
"5/26/2022 8:34:17 AM",0,29.207,1.571,3.285,3006.3,997.059,0,1.685,1.685,10.587,8.006,92.578,6.976,1550.014,0,6.996,6.996,NA,32
"5/26/2022 8:34:17 AM",0,29.209,1.57,3.282,3004,997.057,0,2.145,2.145,11.189,8.006,92.609,6.979,1551.883,0,6.999,6.999,NA,32
"5/26/2022 8:34:17 AM",0,29.214,1.565,3.272,2994.5,997.052,0,2.153,2.153,11.689,8.006,92.521,6.972,1549.334,0,6.992,6.992,NA,32
"5/26/2022 8:34:17 AM",0,29.217,1.551,3.245,2969.7,997.041,0,2.091,2.091,11.189,8.005,92.597,6.977,1544.831,0,6.997,6.997,NA,32
"5/26/2022 8:34:17 AM",0,29.222,1.558,3.258,2981.4,997.044,0,2.075,2.075,10.616,8.004,92.586,6.976,1541.773,0,6.996,6.996,NA,32
"5/26/2022 8:34:18 AM",0,29.225,1.557,3.257,2980,997.043,0,2.083,2.083,11.263,8.004,92.501,6.969,1540.923,0,6.99,6.99,NA,32
"5/26/2022 8:34:18 AM",0,29.228,1.502,3.149,2881.5,997.001,0,2.044,2.044,11.028,8.003,92.448,6.967,1541.433,0,6.987,6.987,NA,32
"5/26/2022 8:34:18 AM",0,29.227,1.54,3.225,2950.5,997.03,0,2.091,2.091,11.277,8.003,92.419,6.964,1541.093,0,6.985,6.985,NA,32
"5/26/2022 8:34:18 AM",0,29.227,1.509,3.163,2893.6,997.007,0,2.371,2.371,10.587,8.001,92.476,6.969,1541.688,0,6.989,6.989,NA,32
"5/26/2022 8:34:18 AM",0,29.228,1.539,3.221,2946.9,997.028,0,1.911,1.911,10.734,8,92.522,6.971,1543.217,0,6.991,6.991,NA,32
"5/26/2022 8:34:19 AM",0,29.231,1.53,3.204,2930.9,997.021,0,2.005,2.005,10.337,7.998,92.448,6.965,1546.531,0,6.986,6.986,NA,32
"5/26/2022 8:34:19 AM",0,29.226,1.52,3.183,2912.7,997.015,0,2.036,2.036,10.396,7.997,92.419,6.965,1548.655,0,6.985,6.985,NA,32
"5/26/2022 8:34:19 AM",0,29.225,1.502,3.148,2880.2,997.002,0,1.935,1.935,10.91,7.996,92.179,6.946,1550.864,0,6.966,6.966,NA,32
"5/26/2022 8:34:19 AM",0,29.224,1.485,3.114,2849.3,996.989,0,1.857,1.857,10.939,7.995,92.325,6.957,1551.883,0,6.977,6.977,NA,32
"5/26/2022 8:34:19 AM",0,29.223,1.471,3.088,2825.1,996.98,0,2.379,2.379,10.866,7.993,92.181,6.948,1554.092,0,6.968,6.968,NA,32
"5/26/2022 8:34:20 AM",0,29.221,1.486,3.117,2852.5,996.991,0,2.122,2.122,10.44,7.991,92.188,6.947,1555.112,0,6.967,6.967,NA,32
"5/26/2022 8:34:20 AM",0,29.221,1.438,3.021,2763.9,996.955,0,1.771,1.771,10.866,7.99,92.164,6.948,1556.386,0,6.968,6.968,NA,32
"5/26/2022 8:34:20 AM",0,29.217,1.453,3.051,2791.6,996.967,0,1.903,1.903,11.498,7.988,92.288,6.955,1557.321,0,6.975,6.975,NA,32
"5/26/2022 8:34:20 AM",0,29.213,1.424,2.992,2738.1,996.947,0,2.067,2.067,12.203,7.987,92.255,6.955,1557.915,0,6.975,6.975,NA,32
"5/26/2022 8:34:20 AM",0,29.214,1.382,2.909,2662.4,996.916,0,2.091,2.091,11.233,7.983,92.217,6.954,1559.445,0,6.974,6.974,NA,32
"5/26/2022 8:34:21 AM",0,29.216,1.399,2.944,2694,996.928,0,2.005,2.005,10.367,7.982,92.169,6.95,1560.294,0,6.97,6.97,NA,32
"5/26/2022 8:34:21 AM",0,29.217,1.37,2.886,2640.9,996.906,0,2.059,2.059,11.468,7.981,92.033,6.94,1561.144,0,6.961,6.961,NA,32
"5/26/2022 8:34:21 AM",0,29.219,1.383,2.912,2664.8,996.915,0,1.989,1.989,11.13,7.98,92.12,6.947,1562.163,0,6.967,6.967,NA,32
"5/26/2022 8:34:21 AM",0,29.22,1.363,2.872,2628.2,996.9,0,1.794,1.794,10.91,7.977,92.107,6.946,1564.797,0,6.966,6.966,NA,32
"5/26/2022 8:34:21 AM",0,29.22,1.376,2.898,2651.7,996.909,0,2.27,2.27,11.16,7.974,92.12,6.947,1566.411,0,6.967,6.967,NA,32
"5/26/2022 8:34:22 AM",0,29.221,1.359,2.864,2620.7,996.897,0,2.052,2.052,10.557,7.972,92.166,6.952,1567.601,0,6.972,6.972,NA,32
"5/26/2022 8:34:22 AM",0,29.219,1.368,2.882,2637.3,996.904,0,2.059,2.059,10.367,7.97,92.077,6.944,1567.941,0,6.964,6.964,NA,32
"5/26/2022 8:34:22 AM",0,29.219,1.35,2.846,2604.4,996.89,0,1.981,1.981,10.704,7.969,92.148,6.951,1567.856,0,6.971,6.971,NA,32
"5/26/2022 8:34:22 AM",0,29.22,1.343,2.831,2590.2,996.884,0,1.849,1.849,10.954,7.967,92.076,6.944,1564.797,0,6.964,6.964,NA,32
"5/26/2022 8:34:22 AM",0,29.219,1.342,2.829,2588.8,996.884,0,2.067,2.067,11.204,7.964,92.019,6.94,1562.588,0,6.96,6.96,NA,32
"5/26/2022 8:34:23 AM",0,29.22,1.333,2.811,2572,996.877,0,2.231,2.231,10.895,7.964,92.026,6.941,1560.209,0,6.961,6.961,NA,32
"5/26/2022 8:34:23 AM",0,29.221,1.319,2.784,2547.5,996.867,0,2.395,2.395,11.204,7.963,92.016,6.941,1557.491,0,6.961,6.961,NA,32
"5/26/2022 8:34:23 AM",0,29.221,1.308,2.761,2526.4,996.858,0,2.239,2.239,10.499,7.961,92.073,6.946,1554.177,0,6.966,6.966,NA,32
"5/26/2022 8:34:23 AM",0,29.221,1.301,2.747,2513.4,996.852,0,2.254,2.254,10.602,7.96,91.95,6.936,1550.609,0,6.956,6.956,NA,32
"5/26/2022 8:34:24 AM",0,29.222,1.271,2.688,2460,996.831,0,2.137,2.137,11.41,7.958,92.017,6.942,1548.485,0,6.962,6.962,NA,32
"5/26/2022 8:34:24 AM",0,29.223,1.266,2.678,2450.1,996.826,0,1.927,1.927,11.13,7.956,92.137,6.953,1547.38,0,6.973,6.973,NA,32
"5/26/2022 8:34:24 AM",0,29.224,1.244,2.633,2408.9,996.809,0,2.332,2.332,11.292,7.954,91.917,6.936,1546.446,0,6.956,6.956,NA,32
"5/26/2022 8:34:24 AM",0,29.226,1.23,2.605,2383.1,996.798,0,2.059,2.059,11.057,7.952,92.015,6.944,1546.871,0,6.964,6.964,NA,32
"5/26/2022 8:34:24 AM",0,29.227,1.185,2.515,2301.2,996.764,0,2.145,2.145,10.939,7.95,91.995,6.945,1548.4,0,6.965,6.965,NA,32
"5/26/2022 8:34:25 AM",0,29.229,1.193,2.531,2315.9,996.77,0,2.364,2.364,11.248,7.948,91.963,6.941,1549.844,0,6.961,6.961,NA,32
"5/26/2022 8:34:25 AM",0,29.23,1.161,2.467,2257.1,996.746,0,2.083,2.083,10.807,7.947,92.078,6.951,1553.243,0,6.971,6.971,NA,32
"5/26/2022 8:34:25 AM",0,29.23,1.16,2.465,2254.9,996.745,0,1.974,1.974,10.939,7.944,91.817,6.93,1558.34,0,6.95,6.95,NA,32
"5/26/2022 8:34:25 AM",0,29.231,1.151,2.446,2237.4,996.738,0,2.02,2.02,10.719,7.944,92.01,6.945,1562.588,0,6.965,6.965,NA,32
"5/26/2022 8:38:40 AM",0,30.106,50.006,79.971,71895.6,1032.991,32.992,0.413,0.413,0.306,7.657,101.392,5.811,209.342,0,5.824,5.827,NA,32
"5/26/2022 8:38:40 AM",0,30.106,50.004,79.969,71892,1032.988,32.99,0.468,0.468,0.306,7.658,101.347,5.808,218.688,0,5.821,5.825,NA,32
"5/26/2022 8:38:40 AM",0,30.11,50.009,79.982,71898.7,1032.991,32.993,0.484,0.484,0.379,7.66,101.621,5.824,227.014,0,5.837,5.84,NA,32
"5/26/2022 8:38:41 AM",0,30.119,49.967,79.935,71844.5,1032.956,32.957,0.655,0.655,0.583,7.664,101.488,5.817,236.699,0,5.831,5.834,NA,32
"5/26/2022 8:38:41 AM",0,30.123,49.991,79.975,71874.5,1032.972,32.974,0.507,0.507,0.393,7.666,101.503,5.817,229.647,0,5.83,5.834,NA,32
"5/26/2022 8:38:41 AM",0,30.131,49.987,79.981,71867.7,1032.966,32.968,0.507,0.507,0.364,7.668,101.558,5.82,242.561,0,5.833,5.837,NA,32
"5/26/2022 8:38:41 AM",0,30.142,49.987,79.998,71867.3,1032.962,32.964,0.468,0.468,0.349,7.671,101.547,5.819,236.019,0,5.832,5.835,NA,32
"5/26/2022 8:38:41 AM",0,30.161,49.996,80.036,71875.6,1032.962,32.964,0.819,0.819,0.903,7.673,101.776,5.831,262.442,0,5.844,5.848,NA,32
"5/26/2022 8:38:42 AM",0,30.188,49.982,80.057,71854.9,1032.941,32.944,0.764,0.764,1.224,7.676,101.561,5.819,280.284,0,5.832,5.836,NA,32
"5/26/2022 8:38:42 AM",0,30.174,50.023,80.094,71908.5,1032.978,32.98,0.881,0.881,1.369,7.678,101.591,5.819,325.313,0,5.832,5.835,NA,32
"5/26/2022 8:38:42 AM",0,30.213,50.025,80.153,71905.8,1032.965,32.967,1.069,1.069,2.667,7.679,101.7,5.823,310.53,0,5.836,5.839,NA,32
"5/26/2022 8:38:42 AM",0,30.234,49.947,80.076,71807.1,1032.9,32.901,0.928,0.928,1.369,7.68,101.702,5.823,258.704,0,5.836,5.84,NA,32
"5/26/2022 8:38:42 AM",0,30.135,49.981,79.979,71860.8,1032.962,32.962,0.655,0.655,0.583,7.683,101.358,5.802,220.812,0,5.816,5.819,NA,32
"5/26/2022 8:38:43 AM",0.01,30.117,50.003,79.983,71889.7,1032.985,32.985,0.515,0.515,0.349,7.685,101.43,5.807,211.721,0,5.82,5.823,NA,32
"5/26/2022 8:38:43 AM",0.154,30.114,50.01,79.987,71898.8,1032.992,32.992,0.515,0.515,0.393,7.686,101.24,5.797,189.801,0,5.81,5.813,NA,32
"5/26/2022 8:38:43 AM",0.306,30.113,50.013,79.991,71903,1032.995,32.994,0.538,0.538,0.524,7.687,101.284,5.8,172.214,0,5.813,5.816,NA,32
"5/26/2022 8:38:43 AM",0.438,30.111,50.016,79.993,71907.8,1033,32.998,0.632,0.632,0.728,7.687,101.318,5.803,175.698,0,5.816,5.819,NA,32
"5/26/2022 8:38:43 AM",0.577,30.11,50.021,79.999,71914.3,1033.004,33.002,0.554,0.554,0.539,7.689,101.427,5.81,173.319,0,5.823,5.826,NA,32
"5/26/2022 8:38:44 AM",0.633,30.111,50.021,80,71913.5,1033.004,33.001,0.484,0.484,0.495,7.689,101.567,5.818,176.207,0,5.831,5.835,NA,32
"5/26/2022 8:38:44 AM",0.652,30.11,50.025,80.004,71918.6,1033.007,33.004,0.616,0.616,0.728,7.689,101.576,5.818,180.71,0,5.832,5.835,NA,32
"5/26/2022 8:38:44 AM",0.674,30.108,50.028,80.006,71923.3,1033.011,33.008,0.491,0.491,0.466,7.689,101.478,5.813,178.162,0,5.827,5.83,NA,32
"5/26/2022 8:38:44 AM",0.754,30.109,50.032,80.013,71928.2,1033.014,33.01,0.484,0.484,0.32,7.69,101.597,5.82,174.933,0,5.833,5.837,NA,32
"5/26/2022 8:38:44 AM",0.815,30.108,50.033,80.013,71929.3,1033.015,33.011,0.476,0.476,0.393,7.691,101.6,5.82,169.75,0,5.833,5.837,NA,32
"5/26/2022 8:38:45 AM",0.841,30.108,50.033,80.012,71928.9,1033.015,33.011,0.468,0.468,0.349,7.691,101.488,5.814,162.614,0,5.827,5.831,NA,32
"5/26/2022 8:38:45 AM",0.819,30.107,50.036,80.015,71933.3,1033.018,33.014,0.46,0.46,0.291,7.692,101.441,5.811,158.621,0,5.824,5.828,NA,32
"5/26/2022 8:38:45 AM",0.796,30.105,50.037,80.014,71934.3,1033.019,33.015,0.452,0.452,0.335,7.693,101.476,5.813,157.941,0,5.826,5.83,NA,32
"5/26/2022 8:38:45 AM",0.765,30.104,50.037,80.013,71934.9,1033.019,33.016,0.491,0.491,0.481,7.693,101.591,5.82,154.373,0,5.833,5.836,NA,32
"5/26/2022 8:38:45 AM",0.758,30.104,50.035,80.008,71931.6,1033.017,33.014,0.437,0.437,0.335,7.693,101.628,5.822,150.549,0,5.835,5.839,NA,32
"5/26/2022 8:38:46 AM",0.763,30.104,50.032,80.005,71927.8,1033.015,33.012,0.437,0.437,0.233,7.694,101.509,5.815,143.498,0,5.828,5.832,NA,32
"5/26/2022 8:38:46 AM",0.767,30.104,50.032,80.005,71927.7,1033.015,33.012,0.585,0.585,0.393,7.693,101.599,5.821,142.563,0,5.834,5.837,NA,32
"5/26/2022 8:38:46 AM",0.768,30.104,50.032,80.005,71928.4,1033.015,33.012,0.46,0.46,0.349,7.695,101.659,5.824,145.707,0,5.837,5.841,NA,32
"5/26/2022 8:38:46 AM",0.767,30.104,50.033,80.007,71929.7,1033.016,33.013,0.382,0.382,0.291,7.695,101.738,5.829,142.053,0,5.842,5.845,NA,32
"5/26/2022 8:38:47 AM",0.761,30.104,50.032,80.006,71928.8,1033.016,33.012,0.452,0.452,0.306,7.695,101.618,5.822,136.276,0,5.835,5.838,NA,32
"5/26/2022 8:38:47 AM",0.77,30.103,50.034,80.007,71930.7,1033.017,33.014,0.367,0.367,0.189,7.694,101.677,5.825,132.538,0,5.838,5.842,NA,32
"5/26/2022 8:38:47 AM",0.786,30.104,50.034,80.008,71931.1,1033.017,33.014,0.406,0.406,0.248,7.696,101.574,5.819,125.911,0,5.833,5.836,NA,32
"5/26/2022 8:38:47 AM",0.779,30.104,50.037,80.012,71934.5,1033.019,33.016,0.429,0.429,0.306,7.697,101.674,5.825,126.421,0,5.838,5.842,NA,32
"5/26/2022 8:38:47 AM",0.791,30.104,50.039,80.014,71936.7,1033.021,33.017,0.421,0.421,0.306,7.698,101.648,5.823,128.375,0,5.836,5.84,NA,32
"5/26/2022 8:38:48 AM",0.794,30.104,50.04,80.016,71937.8,1033.021,33.018,0.601,0.601,0.437,7.698,101.591,5.82,127.95,0,5.833,5.836,NA,32
"5/26/2022 8:38:48 AM",0.814,30.105,50.038,80.016,71935.9,1033.02,33.016,0.663,0.663,0.553,7.698,101.563,5.818,122.683,0,5.831,5.835,NA,32
"5/26/2022 8:38:48 AM",0.833,30.105,50.038,80.015,71935.5,1033.02,33.016,0.507,0.507,0.277,7.699,101.642,5.822,117.16,0,5.835,5.839,NA,32
"5/26/2022 8:38:48 AM",0.848,30.106,50.037,80.015,71934.4,1033.019,33.015,0.491,0.491,0.422,7.699,101.689,5.825,114.781,0,5.838,5.842,NA,32
"5/26/2022 8:38:48 AM",0.848,30.105,50.035,80.011,71932,1033.017,33.014,0.468,0.468,0.349,7.699,101.638,5.822,111.128,0,5.835,5.838,NA,32
"5/26/2022 8:38:49 AM",0.853,30.105,50.036,80.013,71933.1,1033.018,33.015,0.53,0.53,0.393,7.699,101.488,5.813,106.88,0,5.826,5.83,NA,32
"5/26/2022 8:38:49 AM",0.845,30.105,50.039,80.015,71936.7,1033.021,33.017,0.593,0.593,0.349,7.699,101.508,5.814,101.782,0,5.828,5.831,NA,32
"5/26/2022 8:38:49 AM",0.829,30.106,50.039,80.018,71936.5,1033.02,33.016,0.46,0.46,0.481,7.699,101.437,5.811,95.495,0,5.824,5.827,NA,32
"5/26/2022 8:38:49 AM",0.803,30.107,50.037,80.016,71934.7,1033.019,33.015,0.445,0.445,0.437,7.699,101.514,5.815,95.24,0,5.828,5.832,NA,32
"5/26/2022 8:38:49 AM",0.772,30.107,50.036,80.015,71932.6,1033.017,33.014,0.421,0.421,0.291,7.699,101.608,5.821,97.959,0,5.834,5.837,NA,32
"5/26/2022 8:38:50 AM",0.728,30.109,50.035,80.015,71931,1033.015,33.012,0.484,0.484,0.349,7.699,101.473,5.813,101.358,0,5.826,5.83,NA,32
"5/26/2022 8:38:50 AM",0.654,30.109,50.033,80.014,71928.9,1033.014,33.011,0.413,0.413,0.393,7.7,101.701,5.826,104.161,0,5.839,5.843,NA,32
"5/26/2022 8:38:50 AM",0.598,30.109,50.033,80.014,71928.7,1033.013,33.011,0.499,0.499,0.51,7.7,101.546,5.817,103.312,0,5.831,5.834,NA,32
"5/26/2022 8:38:50 AM",0.509,30.109,50.033,80.013,71928.6,1033.013,33.011,0.803,0.803,0.481,7.701,101.523,5.816,97.874,0,5.829,5.832,NA,32
"5/26/2022 8:38:50 AM",0.441,30.109,50.03,80.009,71924.8,1033.01,33.009,0.702,0.702,0.393,7.701,101.582,5.819,92.352,0,5.832,5.836,NA,32
"5/26/2022 8:38:51 AM",0.375,30.109,50.032,80.011,71926.9,1033.011,33.01,0.484,0.484,0.306,7.701,101.691,5.825,92.607,0,5.838,5.842,NA,32
"5/26/2022 8:38:51 AM",0.341,30.109,50.031,80.011,71926.1,1033.011,33.009,0.398,0.398,0.248,7.701,101.599,5.82,98.894,0,5.833,5.837,NA,32
"5/26/2022 8:38:51 AM",0.363,30.11,50.029,80.009,71923.5,1033.009,33.008,0.445,0.445,0.291,7.701,101.597,5.82,120.304,0,5.833,5.836,NA,32
"5/26/2022 8:38:51 AM",0.447,30.11,50.026,80.005,71919.5,1033.007,33.005,0.445,0.445,0.393,7.701,101.577,5.819,130.754,0,5.832,5.835,NA,32
"5/26/2022 8:38:51 AM",0.568,30.112,50.025,80.006,71918.8,1033.007,33.004,0.499,0.499,0.379,7.702,101.476,5.813,132.708,0,5.826,5.829,NA,32
"5/26/2022 8:38:52 AM",0.716,30.112,50.027,80.009,71920.6,1033.008,33.005,0.569,0.569,0.393,7.703,101.422,5.81,130.499,0,5.823,5.826,NA,32
"5/26/2022 8:38:52 AM",0.944,30.111,50.028,80.009,71922.6,1033.011,33.007,0.554,0.554,0.714,7.703,101.372,5.807,126.421,0,5.82,5.823,NA,32
"5/26/2022 8:38:52 AM",1.093,30.11,50.029,80.009,71923.4,1033.012,33.007,0.562,0.562,0.597,7.704,101.694,5.825,123.957,0,5.838,5.842,NA,32
"5/26/2022 8:38:52 AM",1.255,30.111,50.03,80.012,71924.7,1033.013,33.008,0.515,0.515,0.364,7.704,101.595,5.819,118.604,0,5.832,5.836,NA,32
"5/26/2022 8:38:52 AM",1.412,30.111,50.04,80.026,71937.6,1033.021,33.015,0.491,0.491,0.393,7.703,101.544,5.816,111.553,0,5.829,5.833,NA,32
"5/26/2022 8:38:53 AM",1.57,30.111,50.045,80.034,71944,1033.026,33.019,0.507,0.507,0.379,7.704,101.519,5.814,103.482,0,5.827,5.831,NA,32
"5/26/2022 8:38:53 AM",1.805,30.111,50.045,80.034,71944.3,1033.027,33.019,0.437,0.437,0.379,7.705,101.568,5.817,90.653,0,5.83,5.834,NA,32
"5/26/2022 8:38:53 AM",1.961,30.112,50.047,80.038,71946.9,1033.029,33.021,0.452,0.452,0.408,7.705,101.601,5.819,81.817,0,5.832,5.835,NA,32
"5/26/2022 8:38:53 AM",2.112,30.111,50.052,80.044,71953.7,1033.034,33.025,0.476,0.476,0.437,7.705,101.572,5.817,73.406,0,5.83,5.833,NA,32
"5/26/2022 8:38:53 AM",2.264,30.112,50.057,80.051,71959.3,1033.038,33.028,0.445,0.445,0.291,7.705,101.349,5.804,66.609,0,5.817,5.82,NA,32
"5/26/2022 8:38:54 AM",2.486,30.112,50.06,80.056,71962.6,1033.041,33.03,0.53,0.53,0.393,7.705,101.44,5.809,62.701,0,5.822,5.825,NA,32
"5/26/2022 8:38:54 AM",2.629,30.111,50.063,80.06,71967.5,1033.044,33.033,0.546,0.546,0.553,7.707,101.458,5.81,62.191,0,5.823,5.826,NA,32
"5/26/2022 8:38:54 AM",2.777,30.111,50.064,80.061,71968,1033.045,33.033,0.507,0.507,0.583,7.707,101.544,5.815,58.283,0,5.828,5.831,NA,32
"5/26/2022 8:38:54 AM",2.926,30.111,50.067,80.064,71971.7,1033.048,33.036,0.515,0.515,0.451,7.707,101.459,5.81,56.499,0,5.823,5.826,NA,32
"5/26/2022 8:38:54 AM",3.077,30.111,50.065,80.061,71969.5,1033.048,33.034,0.491,0.491,0.393,7.707,101.607,5.818,52.675,0,5.831,5.834,NA,32
"5/26/2022 8:38:55 AM",3.303,30.111,50.063,80.059,71967.6,1033.047,33.033,0.468,0.468,0.32,7.706,101.732,5.825,46.558,0,5.838,5.842,NA,32
"5/26/2022 8:38:55 AM",3.448,30.11,50.064,80.06,71969,1033.049,33.034,0.406,0.406,0.277,7.706,101.465,5.81,41.376,0,5.823,5.826,NA,32
"5/26/2022 8:38:55 AM",3.59,30.111,50.064,80.061,71968.5,1033.049,33.034,0.523,0.523,0.349,7.707,101.474,5.81,38.742,0,5.823,5.827,NA,32
"5/26/2022 8:38:55 AM",3.742,30.11,50.066,80.064,71972,1033.052,33.036,0.53,0.53,0.379,7.707,101.562,5.815,36.278,0,5.828,5.831,NA,32
"5/26/2022 8:38:55 AM",3.935,30.11,50.069,80.067,71974.8,1033.054,33.037,0.367,0.367,0,7.707,101.663,5.82,29.566,0,5.833,5.837,NA,32
"5/26/2022 8:38:56 AM",4.082,30.11,50.071,80.069,71977.2,1033.056,33.039,0.374,0.374,0.044,7.707,101.562,5.814,23.704,0,5.827,5.831,NA,32
"5/26/2022 8:38:56 AM",4.254,30.11,50.071,80.069,71977.3,1033.057,33.039,0.421,0.421,0.233,7.708,101.643,5.819,21.325,0,5.832,5.835,NA,32
"5/26/2022 8:38:56 AM",4.43,30.111,50.071,80.071,71978,1033.058,33.039,0.445,0.445,0.277,7.707,101.565,5.815,20.9,0,5.828,5.831,NA,32
"5/26/2022 8:38:56 AM",4.682,30.11,50.083,80.086,71992.5,1033.068,33.048,0.491,0.491,0.422,7.707,101.622,5.818,22.26,0,5.831,5.834,NA,32
"5/26/2022 8:38:57 AM",4.842,30.11,50.083,80.088,71993.7,1033.069,33.049,0.562,0.562,0.51,7.707,101.628,5.818,24.469,0,5.831,5.835,NA,32
"5/26/2022 8:38:57 AM",4.995,30.111,50.083,80.087,71992.9,1033.069,33.048,0.671,0.671,0.947,7.707,101.455,5.808,25.998,0,5.821,5.825,NA,32
"5/26/2022 8:38:57 AM",5.148,30.11,50.082,80.087,71992.5,1033.07,33.048,1.256,1.256,1.209,7.708,101.534,5.813,27.612,0,5.826,5.829,NA,32
"5/26/2022 8:38:57 AM",5.298,30.11,50.085,80.089,71995.3,1033.072,33.05,0.71,0.71,0.568,7.708,101.673,5.82,28.886,0,5.834,5.837,NA,32
"5/26/2022 8:38:57 AM",5.513,30.11,50.087,80.093,71998.9,1033.075,33.052,0.546,0.546,0.408,7.708,101.602,5.816,31.69,0,5.829,5.832,NA,32
"5/26/2022 8:38:58 AM",5.666,30.11,50.089,80.096,72001.2,1033.077,33.053,0.562,0.562,0.437,7.708,101.583,5.815,33.559,0,5.828,5.831,NA,32
"5/26/2022 8:38:58 AM",5.818,30.111,50.09,80.097,72001.9,1033.078,33.053,0.499,0.499,0.335,7.708,101.489,5.809,34.834,0,5.822,5.826,NA,32
"5/26/2022 8:38:58 AM",5.974,30.111,50.091,80.1,72003.5,1033.08,33.054,0.515,0.515,0.335,7.708,101.626,5.817,34.069,0,5.83,5.833,NA,32
"5/26/2022 8:38:58 AM",6.117,30.111,50.093,80.102,72006.1,1033.082,33.056,0.491,0.491,0.277,7.708,101.58,5.814,32.625,0,5.827,5.831,NA,32
"5/26/2022 8:38:58 AM",6.33,30.111,50.093,80.102,72005.7,1033.082,33.055,0.406,0.406,0.146,7.707,101.633,5.817,28.377,0,5.83,5.834,NA,32
"5/26/2022 8:38:59 AM",6.456,30.111,50.091,80.101,72004.1,1033.082,33.054,0.312,0.312,0,7.708,101.583,5.814,23.959,0,5.827,5.83,NA,32
"5/26/2022 8:38:59 AM",6.605,30.111,50.093,80.104,72006.8,1033.084,33.056,0.328,0.328,0,7.708,101.555,5.812,19.966,0,5.825,5.829,NA,32
"5/26/2022 8:38:59 AM",6.769,30.111,50.097,80.108,72011.4,1033.088,33.059,0.445,0.445,0.189,7.708,101.521,5.81,18.266,0,5.823,5.827,NA,32
"5/26/2022 8:38:59 AM",7.022,30.11,50.096,80.107,72010.5,1033.088,33.058,0.694,0.694,0.437,7.709,101.601,5.815,17.502,0,5.828,5.831,NA,32
"5/26/2022 8:38:59 AM",7.191,30.111,50.097,80.108,72011.1,1033.089,33.059,0.554,0.554,0.248,7.709,101.535,5.811,17.672,0,5.824,5.828,NA,32
"5/26/2022 8:39:00 AM",7.355,30.11,50.098,80.109,72012.7,1033.091,33.059,0.546,0.546,0.306,7.709,101.622,5.816,17.502,0,5.829,5.833,NA,32
"5/26/2022 8:39:00 AM",7.534,30.11,50.099,80.11,72014.4,1033.093,33.061,0.585,0.585,0.218,7.708,101.467,5.808,16.567,0,5.821,5.824,NA,32
"5/26/2022 8:39:00 AM",7.709,30.111,50.098,80.11,72013,1033.092,33.059,0.452,0.452,0.131,7.709,101.637,5.817,16.142,0,5.831,5.834,NA,32
"5/26/2022 8:39:00 AM",7.974,30.111,50.098,80.111,72013.9,1033.094,33.06,0.562,0.562,0.248,7.71,101.653,5.818,16.227,0,5.831,5.835,NA,32
"5/26/2022 8:39:00 AM",8.144,30.11,50.098,80.11,72013.5,1033.094,33.06,0.686,0.686,0.451,7.71,101.71,5.821,16.482,0,5.834,5.838,NA,32
"5/26/2022 8:39:01 AM",8.306,30.111,50.098,80.11,72013.2,1033.095,33.059,0.671,0.671,0.32,7.71,101.609,5.816,17.587,0,5.829,5.832,NA,32
"5/26/2022 8:39:01 AM",8.467,30.11,50.1,80.111,72015.8,1033.097,33.061,0.577,0.577,0.262,7.71,101.525,5.811,18.097,0,5.824,5.827,NA,32
"5/26/2022 8:39:01 AM",8.624,30.11,50.097,80.109,72013,1033.096,33.059,0.718,0.718,0.655,7.711,101.567,5.813,17.757,0,5.826,5.83,NA,32
"5/26/2022 8:39:01 AM",8.865,30.11,50.097,80.108,72011.9,1033.096,33.059,0.741,0.741,0.684,7.711,101.549,5.812,18.351,0,5.825,5.829,NA,32
"5/26/2022 8:39:01 AM",9.02,30.11,50.098,80.109,72013.7,1033.098,33.06,0.733,0.733,0.816,7.711,101.558,5.812,21.24,0,5.825,5.829,NA,32
"5/26/2022 8:39:02 AM",9.168,30.109,50.097,80.106,72012.3,1033.098,33.059,0.655,0.655,0.612,7.711,101.546,5.812,23.704,0,5.825,5.829,NA,32
"5/26/2022 8:39:02 AM",9.323,30.109,50.097,80.108,72013.2,1033.099,33.059,0.562,0.562,0.466,7.711,101.56,5.812,24.808,0,5.826,5.829,NA,32
"5/26/2022 8:39:02 AM",9.547,30.108,50.097,80.105,72012.6,1033.1,33.059,0.632,0.632,0.67,7.711,101.5,5.809,26.593,0,5.822,5.825,NA,32
"5/26/2022 8:39:02 AM",9.698,30.108,50.095,80.104,72011.2,1033.1,33.058,0.71,0.71,0.597,7.711,101.465,5.807,27.697,0,5.82,5.824,NA,32
"5/26/2022 8:39:02 AM",9.843,30.108,50.099,80.109,72015.8,1033.103,33.061,0.647,0.647,0.597,7.711,101.441,5.805,28.122,0,5.818,5.822,NA,32
"5/26/2022 8:39:03 AM",9.982,30.109,50.102,80.114,72019.8,1033.106,33.063,0.663,0.663,0.655,7.712,101.56,5.812,27.952,0,5.825,5.829,NA,32
"5/26/2022 8:39:03 AM",10.133,30.111,50.101,80.116,72018.4,1033.105,33.062,0.749,0.749,0.83,7.712,101.672,5.819,27.697,0,5.832,5.835,NA,32
"5/26/2022 8:39:03 AM",10.343,30.11,50.1,80.113,72017.6,1033.106,33.062,0.616,0.616,0.495,7.712,101.729,5.822,27.782,0,5.835,5.838,NA,32
"5/26/2022 8:39:03 AM",10.488,30.109,50.099,80.111,72016.4,1033.106,33.061,0.718,0.718,0.626,7.712,101.66,5.818,28.462,0,5.831,5.835,NA,32
"5/26/2022 8:39:03 AM",10.628,30.109,50.097,80.109,72013.9,1033.105,33.059,0.686,0.686,0.626,7.712,101.497,5.809,29.991,0,5.822,5.825,NA,32
"5/26/2022 8:39:04 AM",10.773,30.109,50.1,80.111,72016.9,1033.107,33.061,0.772,0.772,0.626,7.712,101.496,5.809,31.265,0,5.822,5.825,NA,32
"5/26/2022 8:39:04 AM",10.994,30.109,50.098,80.11,72015.2,1033.107,33.06,0.624,0.624,0.393,7.712,101.337,5.8,30.586,0,5.813,5.816,NA,32
"5/26/2022 8:39:04 AM",11.145,30.109,50.098,80.109,72014.9,1033.107,33.06,0.523,0.523,0.218,7.712,101.55,5.812,28.292,0,5.825,5.829,NA,32
"5/26/2022 8:39:04 AM",11.289,30.109,50.098,80.11,72015,1033.108,33.06,0.608,0.608,0.349,7.712,101.493,5.809,26.678,0,5.822,5.825,NA,32
"5/26/2022 8:39:04 AM",11.428,30.11,50.097,80.11,72013.4,1033.107,33.059,0.562,0.562,0.262,7.713,101.503,5.809,24.893,0,5.822,5.826,NA,32
"5/26/2022 8:39:05 AM",11.567,30.111,50.098,80.113,72015.6,1033.109,33.06,0.647,0.647,0.524,7.712,101.504,5.809,25.403,0,5.822,5.826,NA,32
"5/26/2022 8:39:05 AM",11.715,30.11,50.096,80.109,72012.7,1033.108,33.058,0.827,0.827,0.99,7.713,101.403,5.803,36.703,0,5.816,5.82,NA,32
"5/26/2022 8:39:05 AM",11.753,30.11,50.095,80.108,72012,1033.108,33.058,1.061,1.061,0.99,7.713,101.573,5.813,42.31,0,5.826,5.829,NA,32
"5/26/2022 8:39:05 AM",11.75,30.111,50.096,80.11,72012.9,1033.108,33.058,0.842,0.842,0.568,7.713,101.612,5.815,43.5,0,5.828,5.832,NA,32
"5/26/2022 8:39:05 AM",11.715,30.11,50.095,80.107,72011.8,1033.108,33.058,1.81,1.81,0.466,7.713,101.494,5.809,44.179,0,5.822,5.825,NA,32
"5/26/2022 8:39:06 AM",11.625,30.108,50.1,80.112,72018.2,1033.112,33.062,0.952,0.952,0.67,7.714,101.48,5.807,44.604,0,5.821,5.824,NA,32
"5/26/2022 8:39:06 AM",11.559,30.11,50.096,80.108,72013.2,1033.108,33.059,0.686,0.686,0.466,7.714,101.492,5.808,45.199,0,5.822,5.825,NA,32
"5/26/2022 8:39:06 AM",11.5,30.11,50.096,80.108,72012.3,1033.107,33.058,0.694,0.694,0.306,7.714,101.502,5.809,45.879,0,5.822,5.825,NA,32
"5/26/2022 8:39:06 AM",11.447,30.11,50.096,80.108,72013,1033.107,33.059,0.749,0.749,0.481,7.713,101.585,5.813,46.558,0,5.826,5.83,NA,32
"5/26/2022 8:39:06 AM",11.413,30.109,50.095,80.106,72011.3,1033.106,33.058,0.624,0.624,0.349,7.714,101.51,5.81,46.133,0,5.823,5.826,NA,32
"5/26/2022 8:39:07 AM",11.371,30.109,50.097,80.108,72013.5,1033.107,33.059,0.538,0.538,0.379,7.713,101.508,5.809,44.859,0,5.822,5.826,NA,32
"5/26/2022 8:39:07 AM",11.333,30.11,50.093,80.104,72009.4,1033.105,33.056,0.491,0.491,0.233,7.713,101.419,5.805,44.859,0,5.818,5.821,NA,32
"5/26/2022 8:39:07 AM",11.291,30.109,50.094,80.103,72009.6,1033.105,33.057,0.616,0.616,0.408,7.713,101.377,5.802,45.114,0,5.815,5.818,NA,32
"5/26/2022 8:39:07 AM",11.239,30.109,50.092,80.101,72007.7,1033.103,33.056,0.593,0.593,0.291,7.713,101.567,5.813,45.539,0,5.826,5.83,NA,32
"5/26/2022 8:39:08 AM",11.089,30.108,50.097,80.107,72014.1,1033.107,33.06,0.601,0.601,0.568,7.713,101.547,5.812,46.643,0,5.825,5.828,NA,32
"5/26/2022 8:39:08 AM",10.933,30.109,50.096,80.106,72012.3,1033.105,33.059,0.874,0.874,0.845,7.714,101.592,5.814,46.983,0,5.827,5.831,NA,32
"5/26/2022 8:39:08 AM",10.766,30.11,50.094,80.105,72010.4,1033.103,33.057,0.663,0.663,0.422,7.714,101.443,5.806,47.323,0,5.819,5.822,NA,32
"5/26/2022 8:39:08 AM",10.592,30.109,50.096,80.106,72011.8,1033.103,33.058,0.694,0.694,0.379,7.714,101.391,5.803,47.578,0,5.816,5.819,NA,32
"5/26/2022 8:39:08 AM",10.416,30.11,50.094,80.104,72009.4,1033.101,33.057,0.749,0.749,0.32,7.714,101.265,5.795,46.898,0,5.808,5.812,NA,32
"5/26/2022 8:39:09 AM",10.204,30.11,50.095,80.107,72011.2,1033.101,33.058,0.632,0.632,0.335,7.715,101.526,5.81,46.133,0,5.823,5.827,NA,32
"5/26/2022 8:39:09 AM",10.142,30.11,50.096,80.108,72012.5,1033.102,33.059,0.64,0.64,0.408,7.714,101.546,5.811,45.454,0,5.824,5.828,NA,32
"5/26/2022 8:39:09 AM",10.133,30.11,50.098,80.11,72013.8,1033.102,33.059,0.569,0.569,0.335,7.715,101.574,5.813,44.944,0,5.826,5.829,NA,32
"5/26/2022 8:39:09 AM",10.178,30.11,50.095,80.106,72010.5,1033.101,33.057,0.663,0.663,0.32,7.714,101.558,5.812,44.604,0,5.825,5.829,NA,32
"5/26/2022 8:39:09 AM",10.249,30.109,50.094,80.104,72009.4,1033.1,33.057,0.663,0.663,0.408,7.715,101.547,5.811,45.029,0,5.825,5.828,NA,32
"5/26/2022 8:39:10 AM",10.295,30.109,50.094,80.105,72010.2,1033.101,33.057,0.616,0.616,0.408,7.716,101.378,5.802,45.539,0,5.815,5.818,NA,32
"5/26/2022 8:39:10 AM",10.342,30.11,50.094,80.104,72009.1,1033.1,33.056,0.554,0.554,0.539,7.717,101.464,5.807,45.794,0,5.82,5.823,NA,32
"5/26/2022 8:39:10 AM",10.382,30.11,50.096,80.107,72011.6,1033.102,33.058,0.679,0.679,0.481,7.717,101.429,5.805,45.879,0,5.818,5.821,NA,32
"5/26/2022 8:39:10 AM",10.404,30.11,50.095,80.106,72010.6,1033.102,33.057,0.655,0.655,0.451,7.716,101.507,5.809,45.709,0,5.823,5.826,NA,32
"5/26/2022 8:39:10 AM",10.416,30.109,50.096,80.106,72011.6,1033.102,33.058,0.546,0.546,0.306,7.717,101.306,5.798,45.369,0,5.811,5.814,NA,32
"5/26/2022 8:39:11 AM",10.408,30.109,50.097,80.108,72013.8,1033.104,33.06,0.546,0.546,0.277,7.717,101.471,5.807,45.114,0,5.82,5.824,NA,32
"5/26/2022 8:39:11 AM",10.359,30.108,50.101,80.111,72018.3,1033.107,33.063,0.679,0.679,0.32,7.717,101.515,5.81,44.944,0,5.823,5.826,NA,32
"5/26/2022 8:39:11 AM",10.269,30.108,50.098,80.108,72015.3,1033.105,33.061,0.64,0.64,0.364,7.717,101.505,5.809,44.774,0,5.822,5.826,NA,32
"5/26/2022 8:39:11 AM",10.067,30.109,50.094,80.103,72009.5,1033.1,33.057,0.569,0.569,0.291,7.717,101.497,5.808,44.519,0,5.822,5.825,NA,32
"5/26/2022 8:39:11 AM",9.923,30.108,50.094,80.102,72009.3,1033.099,33.057,0.53,0.53,0.262,7.717,101.567,5.813,44.944,0,5.826,5.829,NA,32
"5/26/2022 8:39:12 AM",9.789,30.108,50.092,80.099,72007.3,1033.098,33.056,0.702,0.702,0.393,7.717,101.529,5.811,45.284,0,5.824,5.827,NA,32
"5/26/2022 8:39:12 AM",9.677,30.107,50.092,80.098,72007.3,1033.098,33.056,0.655,0.655,0.379,7.718,101.402,5.803,45.794,0,5.816,5.82,NA,32
"5/26/2022 8:39:12 AM",9.61,30.107,50.094,80.099,72009.1,1033.098,33.058,0.546,0.546,0.262,7.717,101.594,5.814,46.303,0,5.827,5.83,NA,32
"5/26/2022 8:39:12 AM",9.552,30.107,50.091,80.096,72006.1,1033.096,33.056,0.523,0.523,0.189,7.718,101.492,5.808,46.558,0,5.821,5.825,NA,32
"5/26/2022 8:39:12 AM",9.54,30.107,50.091,80.095,72005.4,1033.096,33.055,0.554,0.554,0.131,7.718,101.503,5.809,46.388,0,5.822,5.825,NA,32
"5/26/2022 8:39:13 AM",9.521,30.106,50.091,80.094,72005.6,1033.096,33.056,0.562,0.562,0.204,7.719,101.442,5.806,46.303,0,5.819,5.822,NA,32
"5/26/2022 8:39:13 AM",9.509,30.105,50.091,80.094,72006.5,1033.097,33.057,0.546,0.546,0.233,7.719,101.549,5.811,46.048,0,5.825,5.828,NA,32
"5/26/2022 8:39:13 AM",9.495,30.105,50.091,80.094,72006.2,1033.097,33.056,0.507,0.507,0.16,7.718,101.409,5.803,46.218,0,5.816,5.82,NA,32
"5/26/2022 8:39:13 AM",9.488,30.105,50.092,80.095,72007.7,1033.098,33.057,0.905,0.905,0.583,7.719,101.41,5.804,46.473,0,5.817,5.82,NA,32
"5/26/2022 8:39:13 AM",9.448,30.105,50.092,80.094,72007,1033.097,33.057,0.733,0.733,0.349,7.718,101.52,5.81,46.473,0,5.823,5.826,NA,32
"5/26/2022 8:39:14 AM",9.38,30.105,50.092,80.094,72006.9,1033.097,33.057,0.601,0.601,0.248,7.719,101.499,5.808,46.218,0,5.821,5.825,NA,32
"5/26/2022 8:39:14 AM",9.283,30.106,50.093,80.097,72008.7,1033.097,33.058,0.546,0.546,0.233,7.719,101.547,5.811,45.709,0,5.824,5.828,NA,32
"5/26/2022 8:39:14 AM",9.102,30.107,50.092,80.096,72006.7,1033.095,33.056,0.562,0.562,0.291,7.719,101.586,5.814,45.114,0,5.827,5.83,NA,32
"5/26/2022 8:39:14 AM",8.989,30.106,50.091,80.094,72006,1033.094,33.056,0.757,0.757,0.379,7.719,101.564,5.812,44.604,0,5.825,5.829,NA,32
"5/26/2022 8:39:14 AM",8.902,30.106,50.092,80.096,72006.9,1033.095,33.057,1.326,1.326,1.326,7.719,101.547,5.811,44.094,0,5.824,5.828,NA,32
"5/26/2022 8:39:15 AM",8.836,30.107,50.09,80.094,72003.8,1033.092,33.055,0.858,0.858,0.612,7.719,101.507,5.809,43.755,0,5.822,5.826,NA,32
"5/26/2022 8:39:15 AM",8.824,30.107,50.09,80.094,72004.4,1033.093,33.055,0.647,0.647,0.379,7.719,101.568,5.813,43.33,0,5.826,5.829,NA,32
"5/26/2022 8:39:15 AM",8.846,30.105,50.092,80.094,72006.5,1033.094,33.057,0.733,0.733,0.408,7.719,101.451,5.806,43.16,0,5.819,5.822,NA,32
"5/26/2022 8:39:15 AM",8.876,30.106,50.09,80.092,72003.8,1033.093,33.055,0.538,0.538,0.291,7.719,101.505,5.809,43.075,0,5.822,5.825,NA,32
"5/26/2022 8:39:15 AM",8.888,30.106,50.089,80.091,72003.2,1033.092,33.055,0.53,0.53,0.291,7.719,101.524,5.81,43.16,0,5.823,5.826,NA,32
"5/26/2022 8:39:16 AM",8.9,30.106,50.089,80.091,72003,1033.092,33.054,0.515,0.515,0.291,7.719,101.506,5.809,43.415,0,5.822,5.825,NA,32
"5/26/2022 8:39:16 AM",8.909,30.107,50.093,80.098,72008.1,1033.095,33.057,0.546,0.546,0.379,7.719,101.473,5.807,43.755,0,5.82,5.823,NA,32
"5/26/2022 8:39:16 AM",8.9,30.106,50.093,80.098,72008.4,1033.095,33.058,0.507,0.507,0.204,7.719,101.603,5.814,43.924,0,5.827,5.83,NA,32
"5/26/2022 8:39:16 AM",8.845,30.106,50.095,80.101,72011,1033.097,33.059,0.53,0.53,0.233,7.719,101.581,5.812,44.264,0,5.825,5.829,NA,32
"5/26/2022 8:39:16 AM",8.766,30.107,50.094,80.1,72009.7,1033.095,33.058,0.538,0.538,0.233,7.719,101.618,5.815,44.434,0,5.828,5.831,NA,32
"5/26/2022 8:39:17 AM",8.652,30.107,50.094,80.1,72009.3,1033.095,33.058,0.515,0.515,0.218,7.719,101.492,5.808,44.689,0,5.821,5.824,NA,32
"5/26/2022 8:39:17 AM",8.452,30.108,50.093,80.1,72007,1033.092,33.056,0.53,0.53,0.248,7.719,101.446,5.805,45.029,0,5.818,5.821,NA,32
"5/26/2022 8:39:17 AM",8.314,30.108,50.091,80.097,72005.4,1033.091,33.055,0.632,0.632,0.408,7.719,101.46,5.805,45.284,0,5.818,5.822,NA,32
"5/26/2022 8:39:17 AM",8.182,30.108,50.09,80.096,72004,1033.089,33.054,0.554,0.554,0.262,7.719,101.697,5.819,45.454,0,5.832,5.836,NA,32
"5/26/2022 8:39:18 AM",8.074,30.108,50.09,80.096,72004.1,1033.089,33.055,0.499,0.499,0.204,7.719,101.557,5.811,45.284,0,5.824,5.828,NA,32
"5/26/2022 8:39:18 AM",7.98,30.109,50.088,80.094,72001.5,1033.087,33.053,0.452,0.452,0.146,7.719,101.546,5.81,44.859,0,5.824,5.827,NA,32
"5/26/2022 8:39:18 AM",7.963,30.11,50.088,80.094,72000.5,1033.086,33.052,0.468,0.468,0.175,7.719,101.515,5.809,44.689,0,5.822,5.826,NA,32
"5/26/2022 8:39:18 AM",7.965,30.109,50.087,80.093,71999.3,1033.085,33.051,0.523,0.523,0.233,7.718,101.547,5.811,44.349,0,5.824,5.827,NA,32
"5/26/2022 8:39:18 AM",7.965,30.109,50.086,80.092,71999,1033.085,33.051,0.507,0.507,0.32,7.718,101.522,5.809,43.755,0,5.822,5.826,NA,32
"5/26/2022 8:39:19 AM",8.001,30.108,50.088,80.092,72000.9,1033.087,33.053,0.499,0.499,0.291,7.719,101.602,5.814,42.905,0,5.827,5.83,NA,32
"5/26/2022 8:39:19 AM",8.017,30.107,50.089,80.093,72002.6,1033.088,33.054,0.608,0.608,0.393,7.719,101.667,5.817,42.565,0,5.83,5.834,NA,32
"5/26/2022 8:39:19 AM",8.045,30.108,50.087,80.091,72000,1033.087,33.052,0.53,0.53,0.277,7.719,101.627,5.815,42.31,0,5.828,5.831,NA,32
"5/26/2022 8:39:19 AM",8.055,30.108,50.088,80.091,72000.7,1033.087,33.053,0.569,0.569,0.451,7.718,101.526,5.809,42.055,0,5.822,5.826,NA,32
"5/26/2022 8:39:19 AM",8.033,30.107,50.09,80.094,72003.8,1033.089,33.055,0.601,0.601,0.408,7.719,101.507,5.808,41.97,0,5.821,5.825,NA,32
"5/26/2022 8:39:20 AM",7.953,30.106,50.091,80.094,72004.8,1033.089,33.056,0.491,0.491,0.218,7.719,101.601,5.813,41.376,0,5.826,5.829,NA,32
"5/26/2022 8:39:20 AM",7.852,30.109,50.087,80.092,71999.9,1033.085,33.052,0.499,0.499,0.218,7.719,101.585,5.812,41.036,0,5.825,5.829,NA,32
"5/26/2022 8:39:20 AM",7.746,30.109,50.089,80.094,72001.6,1033.086,33.053,0.491,0.491,0.379,7.72,101.669,5.817,40.866,0,5.83,5.834,NA,32
"5/26/2022 8:39:20 AM",7.641,30.11,50.087,80.093,71999.6,1033.084,33.052,0.491,0.491,0.248,7.719,101.629,5.815,40.781,0,5.828,5.831,NA,32
"5/26/2022 8:39:20 AM",7.495,30.109,50.087,80.093,71999.9,1033.084,33.052,0.546,0.546,0.451,7.72,101.73,5.82,40.866,0,5.833,5.837,NA,32
"5/26/2022 8:39:21 AM",7.447,30.109,50.085,80.09,71997.4,1033.082,33.051,0.577,0.577,0.393,7.72,101.755,5.822,40.951,0,5.835,5.839,NA,32
"5/26/2022 8:39:21 AM",7.428,30.108,50.086,80.089,71998.1,1033.083,33.051,0.632,0.632,0.408,7.72,101.661,5.817,41.036,0,5.83,5.833,NA,32
"5/26/2022 8:39:21 AM",7.455,30.108,50.085,80.088,71996.8,1033.082,33.05,0.624,0.624,0.481,7.72,101.649,5.816,41.291,0,5.829,5.833,NA,32
"5/26/2022 8:39:21 AM",7.459,30.109,50.085,80.09,71997.5,1033.082,33.051,0.593,0.593,0.291,7.72,101.657,5.816,41.631,0,5.83,5.833,NA,32
"5/26/2022 8:39:21 AM",7.481,30.11,50.084,80.09,71996,1033.081,33.049,0.562,0.562,0.335,7.721,101.695,5.819,42.225,0,5.832,5.835,NA,32
"5/26/2022 8:39:22 AM",7.501,30.109,50.085,80.089,71996.7,1033.082,33.05,0.46,0.46,0.248,7.721,101.749,5.822,42.735,0,5.835,5.838,NA,32
"5/26/2022 8:39:22 AM",7.502,30.109,50.085,80.089,71996.8,1033.082,33.05,0.468,0.468,0.218,7.72,101.561,5.811,43.245,0,5.824,5.827,NA,32
"5/26/2022 8:39:22 AM",7.457,30.109,50.085,80.089,71997.5,1033.082,33.051,0.608,0.608,0.291,7.72,101.562,5.811,43.585,0,5.824,5.827,NA,32
"5/26/2022 8:39:22 AM",7.308,30.108,50.087,80.091,72000.1,1033.084,33.053,0.647,0.647,0.976,7.72,101.5,5.807,43.415,0,5.82,5.824,NA,32
"5/26/2022 8:39:22 AM",7.155,30.108,50.086,80.089,71997.7,1033.081,33.051,0.593,0.593,0.51,7.72,101.62,5.814,42.99,0,5.827,5.83,NA,32
"5/26/2022 8:39:23 AM",7.007,30.108,50.085,80.089,71997.5,1033.081,33.051,0.78,0.78,0.757,7.72,101.6,5.813,42.82,0,5.826,5.829,NA,32
"5/26/2022 8:39:23 AM",6.854,30.109,50.085,80.09,71997.4,1033.08,33.051,0.671,0.671,0.524,7.72,101.616,5.814,42.565,0,5.827,5.831,NA,32
"5/26/2022 8:39:23 AM",6.723,30.109,50.086,80.09,71997.7,1033.08,33.051,0.601,0.601,0.349,7.72,101.602,5.813,42.31,0,5.826,5.829,NA,32
"5/26/2022 8:39:23 AM",6.546,30.109,50.086,80.09,71998.1,1033.079,33.051,0.546,0.546,0.335,7.721,101.503,5.808,41.8,0,5.821,5.824,NA,32
"5/26/2022 8:39:23 AM",6.471,30.108,50.085,80.088,71997,1033.078,33.051,0.515,0.515,0.248,7.72,101.592,5.813,41.631,0,5.826,5.829,NA,32
"5/26/2022 8:39:24 AM",6.44,30.108,50.089,80.093,72001.7,1033.081,33.054,0.468,0.468,0.218,7.721,101.619,5.814,41.376,0,5.827,5.83,NA,32
"5/26/2022 8:39:24 AM",6.449,30.108,50.087,80.091,71999.4,1033.08,33.052,0.491,0.491,0.277,7.721,101.806,5.824,41.206,0,5.838,5.841,NA,32
"5/26/2022 8:39:24 AM",6.464,30.109,50.088,80.093,72000.5,1033.08,33.053,0.616,0.616,0.451,7.722,101.688,5.818,41.036,0,5.831,5.835,NA,32
"5/26/2022 8:39:24 AM",6.51,30.109,50.089,80.093,72001.4,1033.081,33.053,0.523,0.523,0.277,7.722,101.74,5.821,40.611,0,5.834,5.837,NA,32
"5/26/2022 8:39:24 AM",6.55,30.109,50.088,80.092,71999.8,1033.08,33.052,0.741,0.741,0.481,7.721,101.579,5.811,39.931,0,5.825,5.828,NA,32
"5/26/2022 8:39:25 AM",6.584,30.109,50.088,80.092,72000.3,1033.081,33.053,0.632,0.632,0.422,7.722,101.486,5.806,39.422,0,5.819,5.823,NA,32
"5/26/2022 8:39:25 AM",6.633,30.109,50.089,80.095,72001.3,1033.081,33.053,0.624,0.624,0.335,7.722,101.636,5.815,39.082,0,5.828,5.831,NA,32
"5/26/2022 8:39:25 AM",6.609,30.111,50.09,80.098,72002.5,1033.082,33.053,0.546,0.546,0.379,7.722,101.673,5.817,38.657,0,5.83,5.833,NA,32
"5/26/2022 8:39:25 AM",6.583,30.11,50.095,80.105,72009.5,1033.086,33.058,0.523,0.523,0.233,7.723,101.52,5.808,38.572,0,5.821,5.824,NA,32
"5/26/2022 8:39:25 AM",6.55,30.111,50.095,80.105,72008.4,1033.085,33.057,0.476,0.476,0.189,7.723,101.636,5.814,38.742,0,5.828,5.831,NA,32
"5/26/2022 8:39:26 AM",6.494,30.111,50.089,80.098,72001.8,1033.081,33.053,0.484,0.484,0.218,7.723,101.56,5.81,38.912,0,5.823,5.827,NA,32
"5/26/2022 8:39:26 AM",6.416,30.11,50.092,80.1,72005.1,1033.082,33.055,0.554,0.554,0.451,7.723,101.391,5.801,39.252,0,5.814,5.817,NA,32
"5/26/2022 8:39:26 AM",6.365,30.109,50.092,80.099,72005.4,1033.083,33.056,0.64,0.64,0.379,7.723,101.62,5.814,39.337,0,5.827,5.83,NA,32
"5/26/2022 8:39:26 AM",6.308,30.11,50.09,80.098,72003.1,1033.081,33.054,0.718,0.718,0.379,7.723,101.561,5.81,39.337,0,5.823,5.827,NA,32
"5/26/2022 8:39:27 AM",6.284,30.109,50.093,80.1,72006.2,1033.083,33.056,0.499,0.499,0.218,7.724,101.652,5.815,39.422,0,5.828,5.832,NA,32
"5/26/2022 8:39:27 AM",6.299,30.11,50.093,80.101,72006.3,1033.083,33.056,0.484,0.484,0.233,7.724,101.617,5.814,39.591,0,5.827,5.83,NA,32
"5/26/2022 8:39:27 AM",6.367,30.111,50.092,80.101,72004.4,1033.082,33.055,0.546,0.546,0.437,7.724,101.493,5.806,40.186,0,5.819,5.823,NA,32
"5/26/2022 8:39:27 AM",6.379,30.111,50.092,80.101,72005.6,1033.083,33.055,0.507,0.507,0.393,7.724,101.533,5.809,40.526,0,5.822,5.825,NA,32
"5/26/2022 8:39:27 AM",6.355,30.111,50.091,80.1,72004.2,1033.082,33.055,0.499,0.499,0.291,7.724,101.628,5.814,40.866,0,5.827,5.83,NA,32
"5/26/2022 8:39:28 AM",6.334,30.111,50.09,80.099,72002.8,1033.081,33.054,0.484,0.484,0.291,7.724,101.594,5.812,41.291,0,5.825,5.829,NA,32
"5/26/2022 8:39:28 AM",6.299,30.111,50.092,80.102,72005.2,1033.082,33.055,0.585,0.585,0.32,7.724,101.66,5.816,41.97,0,5.829,5.832,NA,32
"5/26/2022 8:39:28 AM",6.247,30.111,50.094,80.103,72007,1033.083,33.056,0.577,0.577,0.495,7.724,101.585,5.811,42.225,0,5.824,5.828,NA,32
"5/26/2022 8:39:28 AM",6.167,30.11,50.093,80.101,72005.9,1033.082,33.056,0.562,0.562,0.349,7.724,101.608,5.813,42.48,0,5.826,5.829,NA,32
"5/26/2022 8:39:28 AM",6.066,30.111,50.093,80.102,72005.9,1033.081,33.056,0.499,0.499,0.306,7.724,101.519,5.807,42.65,0,5.82,5.824,NA,32
"5/26/2022 8:39:29 AM",5.951,30.111,50.091,80.1,72003.9,1033.08,33.054,0.538,0.538,0.277,7.724,101.674,5.816,42.82,0,5.83,5.833,NA,32
"5/26/2022 8:39:29 AM",5.781,30.11,50.091,80.099,72003.6,1033.079,33.054,0.608,0.608,0.364,7.724,101.572,5.811,42.735,0,5.824,5.827,NA,32
"5/26/2022 8:39:29 AM",5.675,30.11,50.091,80.099,72003.9,1033.079,33.055,0.554,0.554,0.335,7.724,101.556,5.809,42.565,0,5.823,5.826,NA,32
"5/26/2022 8:39:29 AM",5.574,30.11,50.093,80.102,72006.3,1033.08,33.056,0.593,0.593,0.437,7.724,101.573,5.81,42.31,0,5.823,5.827,NA,32
"5/26/2022 8:39:29 AM",5.477,30.111,50.093,80.102,72005.7,1033.079,33.056,0.647,0.647,0.451,7.723,101.418,5.802,41.8,0,5.815,5.818,NA,32
"5/26/2022 8:39:30 AM",5.404,30.111,50.092,80.1,72004.8,1033.078,33.055,0.554,0.554,0.364,7.723,101.554,5.81,41.206,0,5.823,5.826,NA,32
"5/26/2022 8:39:30 AM",5.374,30.11,50.092,80.099,72004.3,1033.078,33.055,0.881,0.881,0.772,7.723,101.475,5.805,40.271,0,5.818,5.822,NA,32
"5/26/2022 8:39:30 AM",5.4,30.109,50.089,80.094,72000.8,1033.076,33.053,0.796,0.796,0.495,7.723,101.556,5.81,39.676,0,5.823,5.826,NA,32
"5/26/2022 8:39:30 AM",5.4,30.109,50.091,80.097,72003.9,1033.078,33.055,0.538,0.538,0.291,7.724,101.466,5.804,38.997,0,5.818,5.821,NA,32
"5/26/2022 8:39:30 AM",5.414,30.109,50.094,80.1,72007.3,1033.08,33.057,0.569,0.569,0.233,7.724,101.52,5.807,38.572,0,5.821,5.824,NA,32
"5/26/2022 8:39:31 AM",5.444,30.109,50.1,80.109,72014.5,1033.085,33.062,0.554,0.554,0.306,7.723,101.459,5.803,38.232,0,5.816,5.82,NA,32
"5/26/2022 8:39:31 AM",5.449,30.109,50.099,80.107,72013.4,1033.084,33.061,0.546,0.546,0.335,7.723,101.452,5.803,38.232,0,5.816,5.82,NA,32
"5/26/2022 8:39:31 AM",5.416,30.109,50.101,80.11,72016.1,1033.086,33.063,0.585,0.585,0.393,7.723,101.583,5.811,38.317,0,5.824,5.827,NA,32
"5/26/2022 8:39:31 AM",5.357,30.109,50.1,80.109,72014.7,1033.084,33.062,0.632,0.632,0.379,7.724,101.468,5.804,38.487,0,5.817,5.82,NA,32
"5/26/2022 8:39:31 AM",5.275,30.109,50.101,80.111,72015.9,1033.085,33.062,0.624,0.624,0.451,7.724,101.56,5.809,38.912,0,5.822,5.826,NA,32
"5/26/2022 8:39:32 AM",5.167,30.11,50.1,80.11,72014.6,1033.083,33.061,0.491,0.491,0.248,7.725,101.575,5.81,39.761,0,5.823,5.826,NA,32
"5/26/2022 8:39:32 AM",5.096,30.11,50.1,80.109,72014.1,1033.083,33.061,0.429,0.429,0.175,7.725,101.666,5.815,40.441,0,5.829,5.832,NA,32
"5/26/2022 8:39:32 AM",5.049,30.11,50.097,80.106,72011.2,1033.081,33.059,0.46,0.46,0.218,7.725,101.521,5.807,41.121,0,5.82,5.824,NA,32
"5/26/2022 8:39:32 AM",4.992,30.11,50.099,80.108,72013.5,1033.082,33.061,0.39,0.39,0.175,7.726,101.494,5.805,41.8,0,5.819,5.822,NA,32
"5/26/2022 8:39:32 AM",4.905,30.11,50.097,80.106,72011,1033.08,33.059,0.546,0.546,0.262,7.726,101.577,5.81,42.82,0,5.823,5.827,NA,32
"5/26/2022 8:39:33 AM",4.872,30.109,50.097,80.104,72010.4,1033.08,33.059,0.71,0.71,0.437,7.727,101.581,5.811,43.245,0,5.824,5.827,NA,32
"5/26/2022 8:39:33 AM",4.887,30.109,50.096,80.102,72008.9,1033.079,33.058,0.554,0.554,0.349,7.727,101.564,5.81,43.415,0,5.823,5.826,NA,32
"5/26/2022 8:39:33 AM",4.941,30.107,50.095,80.099,72008.4,1033.079,33.058,0.562,0.562,0.32,7.728,101.637,5.814,43.585,0,5.827,5.831,NA,32
"5/26/2022 8:39:33 AM",5.002,30.107,50.095,80.1,72008.8,1033.08,33.059,0.499,0.499,0.306,7.727,101.638,5.814,43.415,0,5.827,5.831,NA,32
"5/26/2022 8:39:33 AM",5.053,30.108,50.096,80.101,72009.6,1033.081,33.059,0.523,0.523,0.466,7.728,101.533,5.808,43.245,0,5.821,5.824,NA,32
"5/26/2022 8:39:34 AM",5.068,30.107,50.096,80.101,72009.7,1033.081,33.059,0.515,0.515,0.349,7.728,101.689,5.817,43.33,0,5.83,5.833,NA,32
"5/26/2022 8:39:34 AM",5.093,30.107,50.094,80.097,72007.4,1033.08,33.058,0.546,0.546,0.349,7.728,101.623,5.813,43.415,0,5.826,5.829,NA,32
"5/26/2022 8:39:34 AM",5.093,30.106,50.096,80.1,72010.2,1033.081,33.06,0.757,0.757,0.481,7.729,101.618,5.813,43.5,0,5.826,5.829,NA,32
"5/26/2022 8:39:34 AM",5.035,30.105,50.098,80.101,72012.7,1033.083,33.062,0.507,0.507,0.32,7.73,101.568,5.81,43.415,0,5.823,5.826,NA,32
"5/26/2022 8:39:34 AM",4.973,30.106,50.097,80.1,72010.6,1033.081,33.06,0.772,0.772,0.583,7.73,101.556,5.809,43.67,0,5.822,5.825,NA,32
"5/26/2022 8:39:35 AM",4.886,30.106,50.097,80.1,72010.7,1033.081,33.06,0.593,0.593,0.349,7.73,101.672,5.816,43.755,0,5.829,5.832,NA,32
"5/26/2022 8:39:35 AM",4.795,30.107,50.096,80.1,72010.2,1033.08,33.06,0.725,0.725,0.218,7.729,101.651,5.814,44.179,0,5.828,5.831,NA,32
"5/26/2022 8:39:35 AM",4.667,30.106,50.095,80.099,72009,1033.079,33.059,0.608,0.608,0.262,7.73,101.615,5.812,45.029,0,5.826,5.829,NA,32
"5/26/2022 8:39:35 AM",4.59,30.106,50.097,80.101,72010.8,1033.08,33.06,0.562,0.562,0.349,7.73,101.669,5.815,45.539,0,5.829,5.832,NA,32
"5/26/2022 8:39:35 AM",4.524,30.107,50.096,80.101,72009.9,1033.079,33.06,0.452,0.452,0.175,7.73,101.711,5.818,45.794,0,5.831,5.835,NA,32
"5/26/2022 8:39:36 AM",4.474,30.108,50.094,80.098,72006.6,1033.076,33.057,0.523,0.523,0.277,7.73,101.666,5.815,46.218,0,5.828,5.832,NA,32
"5/26/2022 8:39:36 AM",4.388,30.107,50.094,80.097,72007.4,1033.077,33.058,0.515,0.515,0.306,7.729,101.508,5.806,46.133,0,5.819,5.823,NA,32
"5/26/2022 8:39:36 AM",4.328,30.107,50.094,80.097,72006.9,1033.076,33.058,0.468,0.468,0.233,7.728,101.566,5.81,46.218,0,5.823,5.826,NA,32
"5/26/2022 8:39:36 AM",4.268,30.106,50.093,80.095,72005.8,1033.075,33.057,0.647,0.647,0.801,7.729,101.612,5.812,46.303,0,5.825,5.829,NA,32
"5/26/2022 8:39:37 AM",4.206,30.106,50.092,80.094,72004.5,1033.074,33.057,0.694,0.694,0.495,7.729,101.458,5.803,46.048,0,5.816,5.82,NA,32
"5/26/2022 8:39:37 AM",4.159,30.106,50.093,80.095,72005.8,1033.075,33.057,0.686,0.686,0.524,7.729,101.489,5.805,45.539,0,5.818,5.822,NA,32
"5/26/2022 8:39:37 AM",4.129,30.106,50.093,80.095,72006.1,1033.075,33.058,0.507,0.507,0.466,7.73,101.462,5.804,44.859,0,5.817,5.82,NA,32
"5/26/2022 8:39:37 AM",4.155,30.106,50.081,80.078,71991.4,1033.066,33.049,0.538,0.538,0.32,7.73,101.56,5.81,44.349,0,5.823,5.827,NA,32
"5/26/2022 8:39:37 AM",4.204,30.106,50.083,80.08,71993.7,1033.068,33.05,0.523,0.523,0.291,7.73,101.627,5.813,43.839,0,5.826,5.83,NA,32
"5/26/2022 8:39:38 AM",4.248,30.106,50.082,80.079,71992.3,1033.067,33.049,0.624,0.624,0.51,7.73,101.574,5.811,43.33,0,5.824,5.827,NA,32
"5/26/2022 8:39:38 AM",4.294,30.105,50.084,80.081,71994.3,1033.069,33.051,0.632,0.632,0.349,7.73,101.571,5.81,42.99,0,5.823,5.827,NA,32
"5/26/2022 8:39:38 AM",4.347,30.105,50.092,80.092,72005.1,1033.076,33.057,0.632,0.632,0.539,7.73,101.625,5.813,43.075,0,5.826,5.83,NA,32
"5/26/2022 8:39:38 AM",4.374,30.105,50.092,80.092,72004.6,1033.075,33.057,0.562,0.562,0.335,7.731,101.702,5.817,43.33,0,5.83,5.834,NA,32
"5/26/2022 8:39:38 AM",4.394,30.106,50.092,80.093,72004.3,1033.075,33.057,0.78,0.78,0.801,7.731,101.544,5.808,43.839,0,5.821,5.825,NA,32
"5/26/2022 8:39:39 AM",4.374,30.106,50.094,80.096,72007.3,1033.077,33.058,0.593,0.593,0.816,7.731,101.541,5.808,44.179,0,5.821,5.824,NA,32
"5/26/2022 8:39:39 AM",4.347,30.105,50.096,80.097,72009.3,1033.078,33.06,0.499,0.499,0.451,7.732,101.561,5.809,45.369,0,5.822,5.826,NA,32
"5/26/2022 8:39:39 AM",4.312,30.106,50.099,80.102,72013.2,1033.08,33.062,0.608,0.608,0.568,7.732,101.547,5.808,46.388,0,5.821,5.825,NA,32
"5/26/2022 8:39:39 AM",4.277,30.107,50.101,80.106,72015.3,1033.081,33.063,0.725,0.725,0.684,7.732,101.587,5.81,47.238,0,5.823,5.827,NA,32
"5/26/2022 8:39:39 AM",4.232,30.11,50.095,80.103,72008.5,1033.076,33.058,0.78,0.78,0.437,7.732,101.5,5.805,48.342,0,5.818,5.822,NA,32
"5/26/2022 8:39:40 AM",4.201,30.111,50.095,80.104,72007.3,1033.075,33.057,0.718,0.718,0.408,7.732,101.594,5.811,49.107,0,5.824,5.827,NA,32
"5/26/2022 8:39:40 AM",4.143,30.11,50.094,80.101,72006.6,1033.074,33.057,0.772,0.772,0.845,7.733,101.656,5.814,49.872,0,5.827,5.831,NA,32
"5/26/2022 8:39:40 AM",4.096,30.109,50.093,80.099,72005.7,1033.074,33.057,0.601,0.601,0.393,7.733,101.629,5.813,50.891,0,5.826,5.829,NA,32
"5/26/2022 8:39:40 AM",4.041,30.108,50.094,80.099,72006.4,1033.074,33.057,0.515,0.515,0.335,7.734,101.586,5.811,51.826,0,5.824,5.827,NA,32
"5/26/2022 8:39:40 AM",3.983,30.108,50.094,80.099,72006.7,1033.074,33.057,0.437,0.437,0.233,7.734,101.616,5.812,52.59,0,5.825,5.829,NA,32
"5/26/2022 8:39:41 AM",3.856,30.108,50.094,80.098,72006,1033.073,33.057,0.569,0.569,0.364,7.733,101.556,5.809,53.695,0,5.822,5.825,NA,32
"5/26/2022 8:39:41 AM",3.755,30.108,50.094,80.099,72006.2,1033.073,33.057,0.585,0.585,0.379,7.733,101.57,5.81,54.544,0,5.823,5.826,NA,32
"5/26/2022 8:39:41 AM",3.686,30.109,50.098,80.106,72011.9,1033.076,33.061,0.53,0.53,0.393,7.733,101.544,5.808,54.969,0,5.821,5.824,NA,32
"5/26/2022 8:39:41 AM",3.642,30.11,50.098,80.107,72010.9,1033.075,33.06,0.491,0.491,0.335,7.733,101.475,5.804,54.969,0,5.817,5.821,NA,32
"5/26/2022 8:39:41 AM",3.622,30.111,50.096,80.105,72008.4,1033.073,33.058,0.452,0.452,0.379,7.734,101.662,5.815,54.884,0,5.828,5.832,NA,32
"5/26/2022 8:39:42 AM",3.594,30.111,50.097,80.107,72009.7,1033.074,33.058,0.46,0.46,0.495,7.734,101.513,5.806,54.375,0,5.819,5.822,NA,32
"5/26/2022 8:39:42 AM",3.573,30.111,50.099,80.11,72012.3,1033.075,33.06,0.46,0.46,0.408,7.734,101.793,5.822,53.525,0,5.835,5.838,NA,32
"5/26/2022 8:39:42 AM",3.557,30.111,50.098,80.109,72010.9,1033.074,33.059,0.468,0.468,0.291,7.734,101.581,5.81,52.59,0,5.823,5.827,NA,32
"5/26/2022 8:39:42 AM",3.524,30.112,50.097,80.108,72010.4,1033.074,33.059,0.491,0.491,0.32,7.734,101.542,5.808,51.741,0,5.821,5.824,NA,32
"5/26/2022 8:39:42 AM",3.46,30.111,50.096,80.105,72008.4,1033.072,33.058,0.413,0.413,0.218,7.734,101.664,5.815,50.042,0,5.828,5.831,NA,32
"5/26/2022 8:39:43 AM",3.383,30.112,50.095,80.105,72007.6,1033.072,33.057,0.499,0.499,0.335,7.735,101.528,5.807,49.022,0,5.82,5.823,NA,32
"5/26/2022 8:39:43 AM",3.3,30.112,50.095,80.106,72007.7,1033.071,33.057,0.452,0.452,0.248,7.735,101.479,5.804,48.937,0,5.817,5.82,NA,32
"5/26/2022 8:39:43 AM",3.194,30.112,50.097,80.108,72009.8,1033.072,33.059,0.499,0.499,0.349,7.735,101.57,5.809,48.852,0,5.822,5.825,NA,32
"5/26/2022 8:39:43 AM",3.126,30.112,50.094,80.104,72005.8,1033.069,33.056,0.507,0.507,0.364,7.735,101.515,5.806,48.937,0,5.819,5.822,NA,32
"5/26/2022 8:39:43 AM",3.023,30.113,50.096,80.107,72008.1,1033.07,33.057,0.515,0.515,0.364,7.736,101.595,5.81,50.466,0,5.823,5.827,NA,32
"5/26/2022 8:39:44 AM",2.985,30.113,50.093,80.104,72004.4,1033.068,33.055,0.421,0.421,0.248,7.736,101.583,5.81,52.335,0,5.823,5.826,NA,32
"5/26/2022 8:39:44 AM",2.99,30.112,50.095,80.105,72006.7,1033.069,33.057,0.46,0.46,0.32,7.736,101.591,5.81,54.29,0,5.823,5.827,NA,32
"5/26/2022 8:39:44 AM",2.968,30.113,50.094,80.104,72005,1033.068,33.055,0.468,0.468,0.466,7.736,101.505,5.805,56.244,0,5.818,5.822,NA,32
"5/26/2022 8:39:44 AM",2.985,30.113,50.094,80.104,72005.2,1033.068,33.056,0.437,0.437,0.379,7.737,101.538,5.807,58.198,0,5.821,5.824,NA,32
"5/26/2022 8:39:44 AM",2.99,30.113,50.092,80.103,72003.7,1033.067,33.055,0.835,0.835,0.874,7.736,101.522,5.806,60.662,0,5.819,5.823,NA,32
"5/26/2022 8:39:45 AM",3.022,30.113,50.093,80.103,72004,1033.068,33.055,0.554,0.554,0.393,7.735,101.414,5.8,61.681,0,5.813,5.817,NA,32
"5/26/2022 8:39:45 AM",3.077,30.113,50.093,80.103,72004.3,1033.068,33.055,0.491,0.491,0.262,7.734,101.445,5.802,61.851,0,5.815,5.818,NA,32
"5/26/2022 8:39:45 AM",3.123,30.113,50.092,80.101,72002.6,1033.067,33.054,0.546,0.546,0.422,7.735,101.598,5.811,61.426,0,5.824,5.827,NA,32
"5/26/2022 8:39:45 AM",3.173,30.112,50.091,80.101,72002.1,1033.067,33.054,0.546,0.546,0.32,7.736,101.586,5.81,62.021,0,5.823,5.826,NA,32
"5/26/2022 8:39:45 AM",3.197,30.113,50.093,80.104,72004.6,1033.069,33.055,0.554,0.554,0.655,7.735,101.504,5.805,63.04,0,5.818,5.822,NA,32
"5/26/2022 8:39:46 AM",3.21,30.113,50.093,80.104,72004.4,1033.069,33.055,0.53,0.53,0.422,7.735,101.57,5.809,64.145,0,5.822,5.825,NA,32
"5/26/2022 8:39:46 AM",3.183,30.113,50.093,80.104,72004.3,1033.068,33.055,0.445,0.445,0.291,7.735,101.637,5.812,64.4,0,5.825,5.829,NA,32
"5/26/2022 8:39:46 AM",3.117,30.113,50.094,80.104,72005.2,1033.069,33.056,0.499,0.499,0.379,7.735,101.569,5.808,64.485,0,5.821,5.825,NA,32
"5/26/2022 8:39:46 AM",3.063,30.113,50.093,80.103,72003.8,1033.068,33.055,0.811,0.811,0.568,7.735,101.472,5.803,63.805,0,5.816,5.82,NA,32
"5/26/2022 8:39:47 AM",2.992,30.112,50.094,80.104,72006.3,1033.069,33.056,1.014,1.014,0.379,7.735,101.471,5.803,62.531,0,5.816,5.819,NA,32
"5/26/2022 8:39:47 AM",2.9,30.112,50.093,80.102,72003.9,1033.067,33.055,0.71,0.71,0.393,7.736,101.524,5.806,61.511,0,5.819,5.822,NA,32
"5/26/2022 8:39:47 AM",2.803,30.111,50.093,80.102,72004.7,1033.068,33.056,0.569,0.569,0.379,7.736,101.533,5.806,60.237,0,5.819,5.823,NA,32
"5/26/2022 8:39:47 AM",2.677,30.112,50.092,80.101,72003.1,1033.066,33.055,0.608,0.608,0.641,7.736,101.625,5.812,58.708,0,5.825,5.828,NA,32
"5/26/2022 8:39:47 AM",2.589,30.112,50.092,80.1,72002.7,1033.065,33.054,0.452,0.452,0.422,7.736,101.547,5.808,57.603,0,5.821,5.824,NA,32
"5/26/2022 8:39:48 AM",2.514,30.112,50.092,80.101,72003.5,1033.066,33.055,0.398,0.398,0.233,7.736,101.536,5.807,57.093,0,5.82,5.823,NA,32
"5/26/2022 8:39:48 AM",2.429,30.112,50.091,80.099,72002.2,1033.065,33.054,0.538,0.538,0.379,7.737,101.513,5.805,57.093,0,5.818,5.822,NA,32
"5/26/2022 8:39:48 AM",2.337,30.112,50.09,80.097,71999.8,1033.063,33.053,0.484,0.484,0.291,7.738,101.476,5.803,58.113,0,5.816,5.82,NA,32
"5/26/2022 8:39:48 AM",2.248,30.112,50.089,80.097,71998.7,1033.061,33.052,0.452,0.452,0.233,7.738,101.418,5.8,59.302,0,5.813,5.816,NA,32
"5/26/2022 8:39:48 AM",2.17,30.113,50.088,80.096,71997.4,1033.06,33.051,0.437,0.437,0.277,7.739,101.477,5.804,61.001,0,5.817,5.82,NA,32
"5/26/2022 8:39:49 AM",2.093,30.112,50.089,80.096,71998.4,1033.061,33.052,0.468,0.468,0.175,7.74,101.578,5.809,63.04,0,5.822,5.826,NA,32
"5/26/2022 8:39:49 AM",2.036,30.112,50.087,80.094,71996.9,1033.06,33.051,0.421,0.421,0.175,7.74,101.466,5.803,65.249,0,5.816,5.819,NA,32
"5/26/2022 8:39:49 AM",2.048,30.112,50.087,80.094,71996.5,1033.059,33.051,0.796,0.796,0.583,7.742,101.483,5.804,68.733,0,5.817,5.82,NA,32
"5/26/2022 8:39:49 AM",2.074,30.112,50.091,80.099,72001.5,1033.063,33.054,0.647,0.647,0.349,7.741,101.503,5.805,70.347,0,5.818,5.821,NA,32
"5/26/2022 8:39:49 AM",2.128,30.113,50.09,80.098,71999.7,1033.061,33.052,0.562,0.562,0.306,7.741,101.441,5.801,70.432,0,5.814,5.818,NA,32
"5/26/2022 8:39:50 AM",2.165,30.112,50.09,80.099,72000.7,1033.062,33.053,0.437,0.437,0.248,7.741,101.54,5.807,71.961,0,5.82,5.823,NA,32
"5/26/2022 8:39:50 AM",2.196,30.111,50.091,80.098,72001.5,1033.063,33.054,0.445,0.445,0.262,7.74,101.735,5.818,73.661,0,5.831,5.835,NA,32
"5/26/2022 8:39:50 AM",2.22,30.112,50.089,80.097,71999.6,1033.062,33.053,0.413,0.413,0.248,7.74,101.394,5.798,75.19,0,5.811,5.815,NA,32
"5/26/2022 8:39:50 AM",2.232,30.111,50.09,80.096,71999.8,1033.062,33.053,0.53,0.53,0.466,7.74,101.46,5.802,75.954,0,5.815,5.819,NA,32
"5/26/2022 8:39:50 AM",2.194,30.111,50.091,80.099,72001.9,1033.063,33.054,0.429,0.429,0.248,7.74,101.492,5.804,76.124,0,5.817,5.821,NA,32
"5/26/2022 8:39:51 AM",2.154,30.111,50.094,80.102,72005.2,1033.065,33.056,0.468,0.468,0.291,7.74,101.656,5.814,77.654,0,5.827,5.83,NA,32
"5/26/2022 8:39:51 AM",2.076,30.112,50.092,80.1,72002.8,1033.063,33.055,0.484,0.484,0.32,7.741,101.55,5.807,81.307,0,5.821,5.824,NA,32
"5/26/2022 8:39:51 AM",2.019,30.112,50.091,80.099,72001.2,1033.062,33.053,0.694,0.694,0.626,7.741,101.642,5.813,82.836,0,5.826,5.829,NA,32
"5/26/2022 8:39:51 AM",1.963,30.112,50.089,80.097,71999.3,1033.061,33.052,0.71,0.71,0.451,7.741,101.584,5.809,83.431,0,5.822,5.826,NA,32
"5/26/2022 8:39:51 AM",1.859,30.112,50.088,80.095,71997.4,1033.059,33.051,0.562,0.562,0.364,7.742,101.574,5.809,84.365,0,5.822,5.825,NA,32
"5/26/2022 8:39:52 AM",1.681,30.112,50.088,80.094,71997.2,1033.058,33.051,0.601,0.601,0.393,7.741,101.546,5.807,84.111,0,5.82,5.824,NA,32
"5/26/2022 8:39:52 AM",1.547,30.112,50.087,80.094,71996.4,1033.057,33.051,0.546,0.546,0.466,7.741,101.558,5.808,82.921,0,5.821,5.825,NA,32
"5/26/2022 8:39:52 AM",1.415,30.113,50.088,80.095,71997,1033.057,33.051,0.523,0.523,0.364,7.742,101.56,5.808,79.863,0,5.821,5.824,NA,32
"5/26/2022 8:39:52 AM",1.339,30.113,50.086,80.093,71995.1,1033.056,33.05,0.546,0.546,0.481,7.743,101.489,5.804,76.634,0,5.817,5.821,NA,32
"5/26/2022 8:39:52 AM",1.299,30.113,50.086,80.093,71994.7,1033.055,33.05,0.546,0.546,0.481,7.744,101.493,5.804,75.53,0,5.817,5.821,NA,32
"5/26/2022 8:39:53 AM",1.207,30.113,50.082,80.088,71990.3,1033.052,33.047,0.421,0.421,0.233,7.743,101.482,5.803,75.36,0,5.816,5.82,NA,32
"5/26/2022 8:39:53 AM",1.14,30.112,50.082,80.087,71990.2,1033.052,33.047,0.484,0.484,0.277,7.744,101.492,5.804,74.085,0,5.817,5.821,NA,32
"5/26/2022 8:39:53 AM",1.14,30.113,50.082,80.087,71990.1,1033.052,33.047,0.562,0.562,0.349,7.744,101.631,5.812,75.53,0,5.825,5.829,NA,32
"5/26/2022 8:39:53 AM",1.095,30.113,50.081,80.086,71988.5,1033.051,33.046,0.538,0.538,0.248,7.744,101.534,5.807,76.549,0,5.82,5.823,NA,32
"5/26/2022 8:39:53 AM",1.1,30.113,50.082,80.087,71989.7,1033.051,33.047,0.421,0.421,0.524,7.743,101.48,5.803,77.739,0,5.816,5.82,NA,32
"5/26/2022 8:39:54 AM",1.043,30.113,50.082,80.088,71989.3,1033.051,33.046,0.507,0.507,0.335,7.743,101.6,5.811,82.072,0,5.824,5.827,NA,32
"5/26/2022 8:39:54 AM",1.012,30.113,50.082,80.087,71989.7,1033.051,33.047,0.64,0.64,0.393,7.742,101.584,5.809,83.601,0,5.822,5.826,NA,32
"5/26/2022 8:39:54 AM",0.998,30.113,50.08,80.085,71987.6,1033.05,33.045,0.46,0.46,0.277,7.742,101.571,5.809,86.32,0,5.822,5.825,NA,32
"5/26/2022 8:39:54 AM",0.972,30.113,50.08,80.085,71987.3,1033.049,33.045,0.398,0.398,0.218,7.742,101.465,5.803,92.946,0,5.816,5.819,NA,32
"5/26/2022 8:39:54 AM",0.965,30.113,50.077,80.081,71983.8,1033.047,33.043,0.421,0.421,0.349,7.742,101.66,5.814,105.351,0,5.827,5.83,NA,32
"5/26/2022 8:39:55 AM",0.96,30.113,50.078,80.082,71984.8,1033.048,33.044,0.476,0.476,0.349,7.742,101.541,5.807,111.468,0,5.82,5.824,NA,32
"5/26/2022 8:39:55 AM",0.939,30.113,50.077,80.08,71983.2,1033.047,33.043,0.452,0.452,0.233,7.742,101.608,5.811,116.395,0,5.824,5.828,NA,32
"5/26/2022 8:39:55 AM",0.887,30.113,50.077,80.08,71983.4,1033.047,33.043,0.476,0.476,0.248,7.743,101.598,5.811,119.454,0,5.824,5.827,NA,32
"5/26/2022 8:39:55 AM",0.734,30.112,50.077,80.079,71983,1033.046,33.043,0.413,0.413,0.204,7.745,101.632,5.812,125.826,0,5.825,5.829,NA,32
"5/26/2022 8:39:55 AM",0.603,30.113,50.075,80.078,71981.1,1033.044,33.042,0.39,0.39,0.204,7.744,101.614,5.811,128.12,0,5.824,5.827,NA,32
"5/26/2022 8:39:56 AM",0.511,30.113,50.072,80.074,71977.5,1033.042,33.039,0.515,0.515,0.466,7.744,101.598,5.81,124.127,0,5.823,5.827,NA,32
"5/26/2022 8:39:56 AM",0.435,30.114,50.071,80.073,71975.1,1033.039,33.038,0.406,0.406,0.248,7.743,101.526,5.806,122.852,0,5.819,5.823,NA,32
"5/26/2022 8:39:56 AM",0.316,30.114,50.069,80.07,71972.7,1033.038,33.036,0.491,0.491,0.277,7.742,101.565,5.809,129.309,0,5.822,5.825,NA,32
"5/26/2022 8:39:56 AM",0.095,30.115,50.063,80.063,71965.2,1033.032,33.032,0.46,0.46,0.262,7.742,101.539,5.807,155.647,0,5.82,5.824,NA,32
"5/26/2022 8:39:57 AM",0,30.117,50.067,80.071,71969.6,1033.033,33.034,0.452,0.452,0.291,7.741,101.61,5.811,170.515,0,5.824,5.827,NA,32
"5/26/2022 8:39:57 AM",0,30.141,50.064,80.103,71963.4,1033.022,33.023,0.491,0.491,0.335,7.743,101.662,5.814,170.77,0,5.827,5.83,NA,32
"5/26/2022 8:39:57 AM",0,30.159,50.025,80.074,71912.4,1032.986,32.987,0.476,0.476,0.291,7.743,101.613,5.811,155.477,0,5.825,5.828,NA,32
"5/26/2022 8:39:57 AM",0,30.159,50.026,80.076,71913.5,1032.986,32.987,0.476,0.476,0.277,7.743,101.743,5.818,156.752,0,5.831,5.835,NA,32
"5/26/2022 8:39:57 AM",0,30.147,50.025,80.057,71913.7,1032.99,32.991,0.468,0.468,0.32,7.744,101.578,5.809,191.245,0,5.822,5.825,NA,32
"5/26/2022 8:39:58 AM",0,30.143,50.025,80.05,71914.1,1032.991,32.993,0.429,0.429,0.218,7.743,101.591,5.809,206.878,0,5.822,5.826,NA,32
"5/26/2022 8:39:58 AM",0,30.141,50.035,80.062,71927.2,1032.999,33.001,0.46,0.46,0.248,7.743,101.579,5.808,201.78,0,5.821,5.825,NA,32
"5/26/2022 8:39:58 AM",0,30.142,50.035,80.063,71926.7,1032.998,33.001,0.398,0.398,0.189,7.742,101.47,5.802,201.78,0,5.815,5.818,NA,32
"5/26/2022 8:39:58 AM",0,30.145,50.006,80.027,71890,1032.974,32.977,0.421,0.421,0.175,7.743,101.566,5.808,212.995,0,5.821,5.825,NA,32
"5/26/2022 8:39:58 AM",0,30.14,49.993,80.001,71874.3,1032.966,32.969,0.515,0.515,0.291,7.743,101.66,5.814,260.573,0,5.827,5.831,NA,32
"5/26/2022 8:39:59 AM",0,30.128,50.001,79.996,71885.6,1032.976,32.98,0.554,0.554,0.364,7.743,101.678,5.815,276.291,0,5.828,5.832,NA,32
"5/26/2022 8:39:59 AM",0,30.123,50.008,79.999,71895.9,1032.984,32.987,0.803,0.803,0.451,7.743,101.724,5.818,303.308,0,5.831,5.834,NA,32
"5/26/2022 8:39:59 AM",0,30.124,50.004,79.995,71890.5,1032.981,32.984,0.476,0.476,0.233,7.743,101.63,5.813,301.864,0,5.826,5.829,NA,32
"5/26/2022 8:39:59 AM",0,30.125,50.003,79.995,71888.8,1032.979,32.982,0.523,0.523,0.481,7.743,101.512,5.806,338.736,0,5.819,5.823,NA,32
"5/26/2022 8:39:59 AM",0,30.125,49.996,79.985,71880.5,1032.974,32.977,0.476,0.476,0.248,7.743,101.452,5.803,337.972,0,5.816,5.819,NA,32
"5/26/2022 8:40:00 AM",0,30.124,4.976,9.856,8857.7,999.319,0,0,0,0,7.743,101.619,7.442,331.09,0,7.464,7.464,NA,32
"5/26/2022 8:40:00 AM",0,30.115,1.384,2.963,2663.6,996.646,0,236.214,236.214,77.153,7.742,101.602,7.59,323.274,0,7.612,7.611,NA,32
"5/26/2022 8:40:00 AM",0,30.031,0.967,2.105,1894.9,996.36,0,506.05,506.05,261.487,7.741,101.559,7.604,315.032,0,7.626,7.626,NA,32
"5/26/2022 8:40:00 AM",0,29.731,0.816,1.779,1611.1,996.337,0,312.553,312.553,161.856,7.739,101.457,7.603,323.359,0,7.625,7.625,NA,32
"5/26/2022 8:40:00 AM",0,29.508,0.705,1.541,1401.7,996.321,0,151.311,151.311,121.341,7.738,101.388,7.603,330.24,0,7.625,7.625,NA,32
"5/26/2022 8:40:01 AM",0,29.449,0.656,1.436,1308.4,996.302,0,214.895,214.895,61.427,7.737,101.216,7.592,341.71,0,7.614,7.614,NA,32
"5/26/2022 8:40:01 AM",0,29.444,0.647,1.417,1290.6,996.297,0,66.65,66.65,20.125,7.736,101.372,7.605,342.22,0,7.627,7.627,NA,32
"5/26/2022 8:40:01 AM",0,29.422,0.562,1.237,1127.2,996.24,0,50.658,50.658,16.46,7.736,101.154,7.593,365.499,0,7.615,7.615,NA,32
"5/26/2022 8:40:01 AM",0,29.408,0.948,2.04,1859.7,996.533,0,26.53,26.53,38.788,7.734,101.117,7.575,360.146,0,7.597,7.597,NA,32
"5/26/2022 8:40:01 AM",0,29.188,0.841,1.814,1660.8,996.519,0,52.46,52.46,54.041,7.732,100.908,7.565,371.531,0,7.587,7.587,NA,32
"5/26/2022 8:40:02 AM",0,29.013,0.797,1.716,1576.7,996.537,0,52.756,52.756,59.825,7.73,100.918,7.568,384.02,0,7.59,7.59,NA,32
"5/26/2022 8:40:02 AM",0,29.099,0.666,1.447,1327.5,996.413,0,26.164,26.164,15.015,7.73,100.691,7.558,440.519,0,7.58,7.58,NA,32
"5/26/2022 8:40:02 AM",0,29.188,0.605,1.321,1209.9,996.341,0,15.508,15.508,3.748,7.728,100.454,7.544,471.274,0,7.565,7.565,NA,32
"5/26/2022 8:40:02 AM",0,29.216,0.574,1.258,1150.9,996.31,0,7.504,7.504,0,7.728,100.346,7.538,509.846,0,7.56,7.56,NA,32
"5/26/2022 8:40:02 AM",0,29.226,0.528,1.162,1063,996.273,0,9.501,9.501,0,7.727,100.337,7.541,524.459,0,7.562,7.562,NA,32
"5/26/2022 8:40:03 AM",0,29.253,0.5,1.103,1008.7,996.244,0,0,0,3.149,7.725,100.177,7.531,1153.845,0,7.553,7.553,NA,32
"5/26/2022 8:40:03 AM",0,29.269,0.446,0.987,902.5,996.199,0,30.509,30.509,7.976,7.724,99.919,7.515,1433.704,0,7.537,7.537,NA,32
"5/26/2022 8:40:03 AM",0,29.161,0.438,0.969,887.5,996.225,0,14.86,14.86,0,7.723,99.398,7.477,958.606,0,7.499,7.499,NA,32
"5/26/2022 8:40:03 AM",0,29.074,0.429,0.948,870.2,996.244,0,19.377,19.377,0,7.722,99.335,7.474,1466.243,0,7.495,7.495,NA,32
"5/26/2022 8:40:03 AM",0,28.965,0.433,0.953,876.4,996.278,0,15.172,15.172,12.498,7.72,99.104,7.457,1703.027,0,7.478,7.478,NA,32
"5/26/2022 8:40:04 AM",0,28.897,0.422,0.929,855.3,996.29,0,0,0,0,7.718,98.62,7.422,1950.601,0,7.443,7.443,NA,32
"5/26/2022 8:40:04 AM",0,28.927,0.498,1.092,1004.7,996.338,0,0,0,0,7.717,98.15,7.384,1820.612,0,7.406,7.406,NA,32
"5/26/2022 8:40:04 AM",0,28.923,1.032,2.191,2017.1,996.739,0,0,0,0,7.715,98,7.352,1667.004,0,7.374,7.374,NA,32
"5/26/2022 8:40:04 AM",0,28.898,1.16,2.449,2255.8,996.843,0,0,0,0,7.714,97.453,7.307,1555.367,0,7.328,7.328,NA,32
"5/26/2022 8:40:04 AM",0,28.65,0.741,1.591,1472.4,996.602,0,0.53,0.53,0,7.712,96.692,7.268,1520.448,0,7.289,7.289,NA,32
"5/26/2022 8:40:05 AM",0,28.331,0.514,1.111,1035.3,996.523,0,0,0,0,7.71,96.207,7.241,628.621,0,7.262,7.262,NA,32
"5/26/2022 8:40:05 AM",0,28.155,0.454,0.982,918.6,996.529,0,0,0,0,7.709,96.142,7.24,426.67,0,7.26,7.261,NA,32
"5/26/2022 8:40:05 AM",0,28.041,0.429,0.928,870,996.542,0,1.412,1.412,2.653,7.707,95.975,7.229,398.124,0,7.249,7.25,NA,32
"5/26/2022 8:40:05 AM",0,27.997,0.4,0.868,814,996.534,0,2.169,2.169,7.346,7.705,95.655,7.206,400.672,0,7.227,7.227,NA,32
"5/26/2022 8:40:06 AM",0,28.061,0.383,0.832,779.5,996.502,0,5.156,5.156,7.419,7.703,95.515,7.197,417.579,0,7.218,7.218,NA,32
"5/26/2022 8:40:06 AM",0,28.422,1.43,2.959,2751.8,997.183,0,4.985,4.985,17.523,7.736,95.145,7.134,1180.522,0,7.154,7.154,NA,32
"5/26/2022 8:40:06 AM",0,29.038,1.823,3.768,3460.7,997.297,0,2.941,2.941,13.763,7.818,94.701,7.094,777.556,0,7.115,7.115,NA,32
"5/26/2022 8:40:06 AM",0,29.21,1.661,3.461,3167.9,997.125,0,2.332,2.332,11.806,7.871,94.351,7.082,1354.266,0,7.103,7.103,NA,32
"5/26/2022 8:40:06 AM",0,29.272,1.544,3.234,2956.4,997.019,0,2.059,2.059,10.455,7.914,93.939,7.063,1543.812,0,7.084,7.084,NA,32
"5/26/2022 8:40:07 AM",0,29.284,1.66,3.466,3167.1,997.103,0,2.083,2.083,10.925,7.938,93.716,7.046,1508.553,0,7.066,7.066,NA,32
"5/26/2022 8:40:07 AM",0,29.288,1.445,3.039,2776.9,996.941,0,2.387,2.387,10.616,7.957,93.534,7.043,1198.279,0,7.063,7.063,NA,32
"5/26/2022 8:40:07 AM",0,29.29,1.448,3.044,2781.6,996.942,0,2.208,2.208,11.013,7.971,93.563,7.047,488.351,0,7.067,7.067,NA,32
"5/26/2022 8:40:07 AM",0,29.293,1.527,3.202,2926.1,997,0,1.903,1.903,11.292,7.985,93.546,7.044,394.3,0,7.064,7.064,NA,32
"5/26/2022 8:40:07 AM",0,29.298,1.495,3.14,2868.7,996.975,0,2.036,2.036,11.248,8,93.224,7.022,394.895,0,7.042,7.042,NA,32
"5/26/2022 8:40:08 AM",0,29.298,1.453,3.056,2791.8,996.944,0,2.083,2.083,10.704,8.008,93.141,7.017,409.508,0,7.037,7.037,NA,32
"5/26/2022 8:40:08 AM",0,29.3,1.406,2.961,2705.1,996.908,0,2.083,2.083,10.44,8.014,93.07,7.014,415.88,0,7.034,7.034,NA,32
"5/26/2022 8:40:08 AM",0,29.302,1.405,2.961,2704.7,996.907,0,2.192,2.192,10.616,8.02,92.898,7.001,412.142,0,7.021,7.021,NA,32
"5/26/2022 8:40:08 AM",0,29.302,1.336,2.822,2577.8,996.855,0,2.091,2.091,10.44,8.028,92.802,6.996,414.011,0,7.016,7.016,NA,32
"5/26/2022 8:40:08 AM",0,29.302,1.301,2.752,2514,996.829,0,1.903,1.903,11.454,8.031,92.659,6.986,416.05,0,7.007,7.007,NA,32
"5/26/2022 8:40:09 AM",0,29.302,1.309,2.768,2528.4,996.835,0,1.958,1.958,11.424,8.035,92.604,6.982,427.435,0,7.002,7.002,NA,32
"5/26/2022 8:40:09 AM",0,29.302,1.28,2.71,2475.9,996.813,0,2.114,2.114,10.939,8.038,92.699,6.99,456.576,0,7.01,7.01,NA,32
"5/26/2022 8:40:09 AM",0,29.302,1.294,2.737,2500.3,996.823,0,2.114,2.114,10.748,8.04,92.608,6.982,588.859,0,7.003,7.003,NA,32
"5/26/2022 8:40:09 AM",0,29.303,1.286,2.722,2486.8,996.817,0,1.747,1.747,9.31,8.043,92.633,6.984,1704.981,0,7.004,7.004,NA,32
"5/26/2022 8:40:09 AM",0,29.305,1.261,2.671,2440.1,996.798,0,1.701,1.701,9.838,8.044,92.66,6.987,1783.4,0,7.008,7.008,NA,32
"5/26/2022 8:40:10 AM",0,29.306,1.251,2.651,2421.5,996.79,0,1.903,1.903,10.308,8.045,92.589,6.982,1805.744,0,7.002,7.002,NA,32
"5/26/2022 8:40:10 AM",0,29.306,1.245,2.64,2411.5,996.786,0,2.036,2.036,10.631,8.046,92.548,6.979,1814.325,0,6.999,6.999,NA,32
"5/26/2022 8:40:10 AM",0,29.308,1.241,2.632,2404.4,996.782,0,1.74,1.74,11.189,8.046,92.398,6.968,1812.966,0,6.988,6.988,NA,32
"5/26/2022 8:40:10 AM",0,29.308,1.24,2.63,2402.2,996.781,0,1.919,1.919,11.321,8.046,92.468,6.973,1808.888,0,6.993,6.993,NA,32
"5/26/2022 8:40:10 AM",0,29.31,1.254,2.658,2427.8,996.791,0,1.794,1.794,10.925,8.047,92.487,6.974,1804.895,0,6.994,6.994,NA,32
"5/26/2022 8:40:11 AM",0,29.308,1.219,2.588,2363.8,996.766,0,1.693,1.693,10.646,8.047,92.58,6.982,1802.346,0,7.003,7.003,NA,32
"5/26/2022 8:40:11 AM",0,29.308,1.239,2.628,2400.6,996.781,0,1.763,1.763,11.174,8.046,92.559,6.979,1802.686,0,7,7,NA,32
"5/26/2022 8:40:11 AM",0,29.309,1.251,2.651,2421.3,996.789,0,1.903,1.903,11.307,8.047,92.455,6.971,1809.143,0,6.991,6.991,NA,32
"5/26/2022 8:40:11 AM",0,29.308,1.208,2.565,2343.3,996.758,0,2.044,2.044,10.69,8.046,92.587,6.982,1814.75,0,7.003,7.003,NA,32
"5/26/2022 8:40:11 AM",0,29.307,1.206,2.561,2339.3,996.756,0,1.981,1.981,10.837,8.047,92.664,6.988,1821.462,0,7.008,7.008,NA,32
"5/26/2022 8:40:12 AM",0,29.311,1.193,2.536,2316.2,996.746,0,1.919,1.919,11.204,8.047,92.604,6.984,1826.984,0,7.004,7.004,NA,32
"5/26/2022 8:40:12 AM",0,29.315,1.189,2.527,2308,996.741,0,1.864,1.864,10.278,8.046,92.46,6.973,1832.847,0,6.993,6.993,NA,32
"5/26/2022 8:40:12 AM",0,29.314,1.188,2.526,2306.6,996.741,0,1.786,1.786,10.66,8.045,92.559,6.98,1837.774,0,7,7,NA,32
"5/26/2022 8:40:12 AM",0,29.316,1.181,2.512,2293.9,996.735,0,1.74,1.74,10.278,8.044,92.585,6.982,1841.343,0,7.003,7.003,NA,32
"5/26/2022 8:40:12 AM",0,29.319,1.181,2.511,2293.5,996.734,0,2.161,2.161,10.176,8.044,92.513,6.976,1844.486,0,6.997,6.997,NA,32
"5/26/2022 8:40:13 AM",0,29.322,1.186,2.522,2302.8,996.737,0,1.981,1.981,10.939,8.044,92.57,6.981,1847.715,0,7.001,7.001,NA,32
"5/26/2022 8:40:13 AM",0,29.326,1.168,2.484,2268.5,996.722,0,2.122,2.122,10.66,8.044,92.459,6.972,1851.283,0,6.993,6.993,NA,32
"5/26/2022 8:40:13 AM",0,29.326,1.177,2.504,2286,996.729,0,2.059,2.059,10.425,8.044,92.463,6.972,1851.963,0,6.992,6.992,NA,32
"5/26/2022 8:40:13 AM",0,29.326,1.164,2.477,2261.7,996.719,0,2.005,2.005,10.69,8.044,92.432,6.97,1853.152,0,6.991,6.991,NA,32
"5/26/2022 8:40:13 AM",0,29.327,1.168,2.485,2269,996.722,0,1.989,1.989,10.969,8.043,92.55,6.979,1852.387,0,6.999,6.999,NA,32
"5/26/2022 8:40:14 AM",0,29.329,1.164,2.478,2262.6,996.719,0,1.716,1.716,10.734,8.04,92.342,6.962,1850.858,0,6.982,6.982,NA,32
"5/26/2022 8:40:14 AM",0,29.331,1.168,2.484,2268.4,996.72,0,2.13,2.13,10.851,8.041,92.35,6.963,1849.924,0,6.984,6.984,NA,32
"5/26/2022 8:40:14 AM",0,29.333,1.164,2.478,2262.1,996.717,0,2.153,2.153,10.998,8.04,92.463,6.972,1850.433,0,6.992,6.992,NA,32
"5/26/2022 8:40:14 AM",0,29.336,1.164,2.479,2262.7,996.716,0,1.88,1.88,10.308,8.039,92.492,6.974,1852.048,0,6.994,6.994,NA,32
"5/26/2022 8:40:15 AM",0,29.339,1.161,2.472,2256.3,996.713,0,1.989,1.989,10.572,8.039,92.405,6.968,1856.89,0,6.988,6.988,NA,32
"5/26/2022 8:40:15 AM",0,29.34,1.16,2.47,2254.3,996.712,0,1.654,1.654,11.483,8.038,92.362,6.964,1862.923,0,6.984,6.984,NA,32
"5/26/2022 8:40:15 AM",0,29.338,1.162,2.475,2258.9,996.714,0,1.903,1.903,10.616,8.036,92.425,6.969,1872.523,0,6.989,6.989,NA,32
"5/26/2022 8:40:15 AM",0,29.331,1.167,2.483,2266.6,996.72,0,2.044,2.044,10.058,8.034,92.445,6.97,1881.784,0,6.99,6.99,NA,32
"5/26/2022 8:40:15 AM",0,29.328,1.169,2.487,2271.1,996.722,0,1.997,1.997,10.161,8.032,92.454,6.97,1892.404,0,6.99,6.99,NA,32
"5/26/2022 8:40:16 AM",0,29.331,1.164,2.477,2261.9,996.718,0,1.942,1.942,10.837,8.031,92.391,6.966,1911.435,0,6.986,6.986,NA,32
"5/26/2022 8:40:16 AM",0,29.334,1.164,2.477,2261.8,996.717,0,1.974,1.974,10.675,8.031,92.39,6.966,1923.754,0,6.986,6.986,NA,32
"5/26/2022 8:40:16 AM",0,29.338,1.158,2.465,2250,996.711,0,1.919,1.919,11.145,8.03,92.248,6.955,1935.988,0,6.975,6.975,NA,32
"5/26/2022 8:40:16 AM",0,29.341,1.156,2.462,2247.1,996.709,0,1.857,1.857,10.792,8.029,92.245,6.955,1945.504,0,6.975,6.975,NA,32
"5/26/2022 8:40:16 AM",0,29.343,1.152,2.454,2240.2,996.705,0,2.27,2.27,10.616,8.028,92.49,6.973,1951.961,0,6.993,6.993,NA,32
"5/26/2022 8:40:17 AM",0,29.339,1.152,2.453,2239,996.706,0,1.615,1.615,11.16,8.028,92.329,6.961,1955.699,0,6.981,6.981,NA,32
"5/26/2022 8:40:17 AM",0,29.34,1.153,2.456,2241.7,996.707,0,1.763,1.763,10.91,8.028,92.193,6.951,1955.869,0,6.971,6.971,NA,32
"5/26/2022 8:40:17 AM",0,29.341,1.153,2.456,2242.3,996.707,0,1.888,1.888,10.557,8.026,92.264,6.956,1952.641,0,6.976,6.976,NA,32
"5/26/2022 8:40:17 AM",0,29.342,1.155,2.461,2245.9,996.708,0,2.091,2.091,11.028,8.025,92.218,6.952,1946.863,0,6.973,6.973,NA,32
"5/26/2022 8:40:17 AM",0,29.347,1.151,2.452,2238.3,996.703,0,2.176,2.176,11.351,8.024,92.246,6.954,1936.328,0,6.974,6.974,NA,32
"5/26/2022 8:40:18 AM",0,29.349,1.151,2.452,2237.9,996.703,0,1.958,1.958,10.719,8.022,92.229,6.953,1927.662,0,6.973,6.973,NA,32
"5/26/2022 8:40:18 AM",0,29.349,1.148,2.447,2233.1,996.701,0,2.036,2.036,10.763,8.021,92.27,6.956,1917.297,0,6.976,6.976,NA,32
"5/26/2022 8:40:18 AM",0,29.352,1.146,2.442,2228.4,996.698,0,1.888,1.888,10.014,8.02,92.368,6.964,1908.716,0,6.984,6.984,NA,32
"5/26/2022 8:43:37 AM",0,30.131,49.904,79.866,71764.5,1032.904,32.905,0.476,0.476,0.32,7.576,100.224,5.748,806.018,0,5.761,5.764,NA,32
"5/26/2022 8:43:38 AM",0,30.131,49.897,79.857,71756.4,1032.899,32.9,0.53,0.53,0.539,7.582,100.354,5.755,894.631,0,5.768,5.772,NA,32
"5/26/2022 8:43:38 AM",0,30.129,49.913,79.875,71776.8,1032.912,32.913,0.64,0.64,0.641,7.591,100.452,5.76,1729.705,0,5.773,5.776,NA,32
"5/26/2022 8:43:38 AM",0,30.125,49.925,79.886,71791.5,1032.922,32.923,0.398,0.398,0.335,7.605,100.713,5.773,1151.041,0,5.786,5.789,NA,32
"5/26/2022 8:43:38 AM",0,30.124,49.924,79.883,71790,1032.921,32.923,0.328,0.328,0.087,7.612,100.744,5.775,1139.062,0,5.788,5.791,NA,32
"5/26/2022 8:43:38 AM",0,30.123,49.929,79.888,71796.7,1032.925,32.927,0.406,0.406,0.175,7.62,100.89,5.782,1073.132,0,5.795,5.799,NA,32
"5/26/2022 8:43:39 AM",0,30.122,49.928,79.886,71795.9,1032.925,32.927,0.608,0.608,0.539,7.627,100.912,5.784,956.737,0,5.797,5.8,NA,32
"5/26/2022 8:43:39 AM",0,30.126,49.948,79.919,71820.2,1032.939,32.94,0.53,0.53,0.32,7.64,101.178,5.798,971.945,0,5.811,5.815,NA,32
"5/26/2022 8:43:39 AM",0,30.129,49.95,79.927,71822.9,1032.941,32.941,0.679,0.679,0.816,7.652,101.113,5.794,958.351,0,5.807,5.811,NA,32
"5/26/2022 8:43:39 AM",0.043,30.13,49.957,79.939,71831.5,1032.946,32.946,0.569,0.569,0.553,7.663,101.117,5.794,1006.354,0,5.807,5.81,NA,32
"5/26/2022 8:43:39 AM",0.229,30.132,49.963,79.949,71839.1,1032.951,32.95,0.593,0.593,0.626,7.675,101.217,5.799,1283.749,0,5.812,5.816,NA,32
"5/26/2022 8:43:40 AM",0.41,30.129,49.968,79.952,71845.1,1032.956,32.954,0.679,0.679,0.786,7.685,101.356,5.807,797.012,0,5.82,5.823,NA,32
"5/26/2022 8:43:40 AM",0.612,30.131,49.978,79.97,71858.2,1032.964,32.962,0.421,0.421,0.32,7.699,101.324,5.804,802.024,0,5.817,5.82,NA,32
"5/26/2022 8:43:40 AM",0.664,30.13,49.983,79.975,71864.5,1032.969,32.966,0.437,0.437,0,7.705,101.388,5.807,773.308,0,5.82,5.823,NA,32
"5/26/2022 8:43:40 AM",0.678,30.13,49.986,79.978,71867.8,1032.971,32.968,0.523,0.523,0.422,7.71,101.413,5.808,952.999,0,5.821,5.825,NA,32
"5/26/2022 8:43:40 AM",0.671,30.129,49.987,79.979,71869,1032.972,32.969,0.46,0.46,0.233,7.713,101.521,5.814,937.621,0,5.827,5.831,NA,32
"5/26/2022 8:43:41 AM",0.667,30.129,49.991,79.984,71874,1032.975,32.972,0.679,0.679,0.888,7.72,101.456,5.811,780.954,0,5.824,5.827,NA,32
"5/26/2022 8:43:41 AM",0.664,30.129,49.99,79.983,71873.4,1032.974,32.972,0.507,0.507,0.379,7.722,101.376,5.806,1320.706,0,5.819,5.822,NA,32
"5/26/2022 8:43:41 AM",0.667,30.128,49.991,79.983,71874.3,1032.975,32.972,0.437,0.437,0.218,7.724,101.511,5.814,837.793,0,5.827,5.83,NA,32
"5/26/2022 8:43:41 AM",0.695,30.127,49.987,79.976,71869.2,1032.972,32.969,0.554,0.554,0.262,7.726,101.597,5.819,1047.984,0,5.832,5.835,NA,32
"5/26/2022 8:43:41 AM",0.712,30.126,49.988,79.976,71871.3,1032.974,32.971,0.554,0.554,0.539,7.728,101.544,5.816,1164.72,0,5.829,5.832,NA,32
"5/26/2022 8:43:42 AM",0.716,30.122,49.997,79.983,71881.9,1032.982,32.979,0.382,0.382,0.16,7.731,101.485,5.812,833.375,0,5.825,5.829,NA,32
"5/26/2022 8:43:42 AM",0.706,30.123,50.002,79.991,71888.6,1032.986,32.983,0.328,0.328,0.058,7.733,101.53,5.814,809.076,0,5.827,5.831,NA,32
"5/26/2022 8:43:42 AM",0.699,30.122,50.005,79.993,71891.8,1032.988,32.985,0.905,0.905,0.393,7.734,101.546,5.815,980.271,0,5.828,5.832,NA,32
"5/26/2022 8:43:42 AM",0.714,30.122,50.003,79.991,71890.2,1032.987,32.984,0.718,0.718,0.728,7.735,101.495,5.813,1045.945,0,5.826,5.829,NA,32
"5/26/2022 8:43:42 AM",0.704,30.124,50.003,79.994,71889.8,1032.986,32.983,0.499,0.499,0.335,7.738,101.51,5.813,983.839,0,5.826,5.83,NA,32
"5/26/2022 8:43:43 AM",0.669,30.125,50.006,79.999,71892.8,1032.987,32.984,0.429,0.429,0.218,7.739,101.638,5.82,969.396,0,5.833,5.837,NA,32
"5/26/2022 8:43:43 AM",0.632,30.125,50.004,79.996,71891,1032.986,32.984,0.499,0.499,0.437,7.74,101.583,5.817,959.371,0,5.83,5.834,NA,32
"5/26/2022 8:43:43 AM",0.605,30.125,50.005,79.997,71891.5,1032.986,32.984,0.437,0.437,0.291,7.741,101.633,5.82,769.4,0,5.833,5.837,NA,32
"5/26/2022 8:43:43 AM",0.613,30.125,50.001,79.992,71887.1,1032.984,32.981,0.351,0.351,0.073,7.742,101.514,5.814,811.795,0,5.827,5.83,NA,32
"5/26/2022 8:43:43 AM",0.657,30.126,49.999,79.992,71884.7,1032.982,32.979,0.468,0.468,0.306,7.745,101.535,5.815,720.632,0,5.828,5.831,NA,32
"5/26/2022 8:43:44 AM",0.69,30.128,49.996,79.989,71880.9,1032.979,32.976,0.655,0.655,0.67,7.746,101.511,5.813,883.076,0,5.827,5.83,NA,32
"5/26/2022 8:43:44 AM",0.718,30.13,49.995,79.992,71879.2,1032.978,32.975,0.546,0.546,0.466,7.749,101.535,5.815,744.676,0,5.828,5.831,NA,32
"5/26/2022 8:43:44 AM",0.742,30.131,49.996,79.994,71880.3,1032.978,32.975,0.468,0.468,0.262,7.749,101.517,5.814,725.475,0,5.827,5.83,NA,32
"5/26/2022 8:43:44 AM",0.799,30.132,49.997,79.997,71881.3,1032.979,32.975,0.476,0.476,0.32,7.751,101.66,5.821,645.613,0,5.834,5.838,NA,32
"5/26/2022 8:43:44 AM",0.843,30.133,50,80.003,71884.9,1032.981,32.977,0.523,0.523,0.408,7.752,101.649,5.821,939.32,0,5.834,5.838,NA,32
"5/26/2022 8:43:45 AM",0.876,30.135,50.001,80.007,71886,1032.981,32.977,0.554,0.554,0.524,7.752,101.535,5.815,952.319,0,5.828,5.832,NA,32
"5/26/2022 8:43:45 AM",0.902,30.134,50.003,80.009,71889.1,1032.983,32.98,0.421,0.421,0.204,7.752,101.538,5.815,706.869,0,5.828,5.831,NA,32
"5/26/2022 8:43:45 AM",0.897,30.133,50.012,80.02,71900,1032.99,32.986,0.359,0.359,0.116,7.753,101.585,5.817,591.068,0,5.83,5.834,NA,32
"5/26/2022 8:43:45 AM",0.912,30.133,50.012,80.019,71899.6,1032.99,32.986,0.398,0.398,0.364,7.753,101.61,5.818,642.809,0,5.831,5.835,NA,32
"5/26/2022 8:43:45 AM",0.966,30.131,50.017,80.024,71906.5,1032.995,32.991,0.406,0.406,0.248,7.754,101.649,5.82,555.13,0,5.834,5.837,NA,32
"5/26/2022 8:43:46 AM",1.079,30.132,50.02,80.029,71910.6,1032.998,32.993,0.468,0.468,0.306,7.755,101.64,5.82,658.102,0,5.833,5.836,NA,32
"5/26/2022 8:43:46 AM",1.224,30.132,50.027,80.039,71919.1,1033.003,32.998,0.452,0.452,0.349,7.756,101.575,5.815,648.501,0,5.828,5.832,NA,32
"5/26/2022 8:43:46 AM",1.352,30.13,50.026,80.035,71918.1,1033.004,32.998,0.421,0.421,0.218,7.757,101.561,5.814,549.013,0,5.827,5.831,NA,32
"5/26/2022 8:43:46 AM",1.518,30.126,50.031,80.037,71925.3,1033.01,33.004,0.585,0.585,0.583,7.758,101.616,5.817,443.662,0,5.83,5.834,NA,32
"5/26/2022 8:43:47 AM",1.591,30.126,50.033,80.037,71926.8,1033.011,33.005,0.585,0.585,0.451,7.759,101.619,5.817,412.312,0,5.831,5.834,NA,32
"5/26/2022 8:43:47 AM",1.679,30.126,50.034,80.04,71929.2,1033.013,33.006,0.452,0.452,0.218,7.76,101.613,5.817,513.075,0,5.83,5.833,NA,32
"5/26/2022 8:43:47 AM",1.829,30.126,50.037,80.044,71932.2,1033.016,33.008,0.452,0.452,0.364,7.759,101.625,5.818,675.094,0,5.831,5.834,NA,32
"5/26/2022 8:43:47 AM",2.081,30.126,50.041,80.05,71936.9,1033.019,33.01,0.437,0.437,0.379,7.76,101.675,5.82,653.004,0,5.833,5.837,NA,32
"5/26/2022 8:43:47 AM",2.269,30.126,50.049,80.061,71947.5,1033.027,33.017,0.452,0.452,0.539,7.761,101.594,5.816,524.035,0,5.829,5.832,NA,32
"5/26/2022 8:43:48 AM",2.456,30.125,50.05,80.062,71948.6,1033.028,33.018,0.507,0.507,0.481,7.761,101.642,5.818,466.856,0,5.831,5.834,NA,32
"5/26/2022 8:43:48 AM",2.629,30.121,50.051,80.056,71950.4,1033.031,33.02,0.523,0.523,0.364,7.76,101.596,5.815,471.529,0,5.828,5.832,NA,32
"5/26/2022 8:43:48 AM",2.787,30.118,50.056,80.06,71958.1,1033.037,33.025,0.484,0.484,0.277,7.761,101.707,5.822,496.762,0,5.835,5.838,NA,32
"5/26/2022 8:43:48 AM",3.062,30.12,50.062,80.072,71964.9,1033.042,33.029,0.64,0.64,0.422,7.764,101.566,5.813,442.133,0,5.826,5.83,NA,32
"5/26/2022 8:43:48 AM",3.235,30.124,50.053,80.065,71953.7,1033.035,33.021,0.679,0.679,0.67,7.765,101.684,5.82,415.71,0,5.833,5.837,NA,32
"5/26/2022 8:43:49 AM",3.421,30.125,50.052,80.065,71952,1033.034,33.019,0.546,0.546,0.481,7.764,101.786,5.826,422.592,0,5.839,5.842,NA,32
"5/26/2022 8:43:49 AM",3.635,30.124,50.053,80.065,71953.5,1033.036,33.021,0.538,0.538,0.451,7.765,101.678,5.82,389.882,0,5.833,5.836,NA,32
"5/26/2022 8:43:49 AM",3.844,30.124,50.055,80.067,71955.7,1033.038,33.022,0.546,0.546,0.495,7.766,101.676,5.819,372.381,0,5.833,5.836,NA,32
"5/26/2022 8:43:49 AM",4.157,30.121,50.061,80.071,71964,1033.045,33.028,0.515,0.515,0.277,7.768,101.84,5.828,385.125,0,5.841,5.845,NA,32
"5/26/2022 8:43:49 AM",4.346,30.121,50.062,80.074,71965.9,1033.047,33.029,0.64,0.64,0.539,7.768,101.628,5.816,369.407,0,5.829,5.833,NA,32
"5/26/2022 8:43:50 AM",4.524,30.118,50.065,80.074,71970.2,1033.051,33.032,0.686,0.686,0.466,7.768,101.677,5.819,334.403,0,5.832,5.836,NA,32
"5/26/2022 8:43:50 AM",4.689,30.119,50.068,80.079,71973.6,1033.054,33.034,0.733,0.733,0.67,7.768,101.701,5.82,295.407,0,5.833,5.837,NA,32
"5/26/2022 8:43:50 AM",4.887,30.12,50.063,80.074,71967.2,1033.05,33.03,0.632,0.632,0.466,7.77,101.657,5.818,262.952,0,5.831,5.835,NA,32
"5/26/2022 8:43:50 AM",4.922,30.121,50.064,80.076,71968.6,1033.051,33.03,0.663,0.663,0.903,7.77,101.775,5.824,250.548,0,5.837,5.841,NA,32
"5/26/2022 8:43:50 AM",4.873,30.121,50.068,80.082,71972.7,1033.054,33.033,0.499,0.499,0.408,7.77,101.669,5.818,241.032,0,5.832,5.835,NA,32
"5/26/2022 8:43:51 AM",4.795,30.12,50.068,80.081,71973.7,1033.054,33.034,0.562,0.562,0.379,7.77,101.709,5.821,235.765,0,5.834,5.837,NA,32
"5/26/2022 8:43:51 AM",4.666,30.119,50.068,80.079,71972.8,1033.053,33.033,0.686,0.686,0.335,7.768,101.651,5.817,241.542,0,5.831,5.834,NA,32
"5/26/2022 8:43:51 AM",4.588,30.12,50.067,80.078,71971.3,1033.052,33.033,0.608,0.608,0.277,7.768,101.581,5.814,255.39,0,5.827,5.83,NA,32
"5/26/2022 8:43:51 AM",4.526,30.12,50.064,80.074,71968.2,1033.05,33.031,0.562,0.562,0.335,7.767,101.607,5.815,270.598,0,5.828,5.832,NA,32
"5/26/2022 8:43:51 AM",4.473,30.12,50.065,80.076,71969.9,1033.051,33.032,0.491,0.491,0.175,7.768,101.454,5.807,269.749,0,5.82,5.824,NA,32
"5/26/2022 8:43:52 AM",4.425,30.119,50.065,80.075,71968.8,1033.05,33.031,0.593,0.593,0.612,7.769,101.715,5.822,273.827,0,5.835,5.838,NA,32
"5/26/2022 8:43:52 AM",4.373,30.119,50.066,80.076,71970.1,1033.051,33.032,0.507,0.507,0.262,7.769,101.668,5.819,290.989,0,5.832,5.836,NA,32
"5/26/2022 8:43:52 AM",4.355,30.12,50.062,80.072,71966.2,1033.048,33.029,0.546,0.546,0.277,7.768,101.717,5.822,278.075,0,5.835,5.839,NA,32
"5/26/2022 8:43:52 AM",4.38,30.12,50.064,80.074,71968.3,1033.049,33.031,0.554,0.554,0.32,7.767,101.565,5.813,274.591,0,5.826,5.83,NA,32
"5/26/2022 8:43:52 AM",4.475,30.121,50.063,80.074,71966.3,1033.048,33.029,0.491,0.491,0.32,7.767,101.599,5.816,281.473,0,5.829,5.832,NA,32
"5/26/2022 8:43:53 AM",4.659,30.119,50.066,80.076,71970.5,1033.052,33.032,0.491,0.491,0.481,7.766,101.671,5.819,274.931,0,5.832,5.836,NA,32
"5/26/2022 8:43:53 AM",4.802,30.121,50.069,80.082,71973.9,1033.054,33.034,0.554,0.554,0.335,7.768,101.7,5.821,260.488,0,5.834,5.838,NA,32
"5/26/2022 8:43:53 AM",4.957,30.122,50.067,80.081,71972.1,1033.053,33.032,0.515,0.515,0.291,7.769,101.71,5.821,250.208,0,5.834,5.838,NA,32
"5/26/2022 8:43:53 AM",5.138,30.121,50.068,80.081,71973,1033.055,33.033,0.476,0.476,0.408,7.77,101.616,5.816,244.261,0,5.829,5.832,NA,32
"5/26/2022 8:43:53 AM",5.287,30.119,50.07,80.083,71976.1,1033.058,33.035,0.445,0.445,0.277,7.77,101.567,5.813,239.418,0,5.826,5.829,NA,32
"5/26/2022 8:43:54 AM",5.506,30.119,50.072,80.085,71979.3,1033.061,33.037,0.671,0.671,0.248,7.769,101.61,5.815,226.079,0,5.828,5.832,NA,32
"5/26/2022 8:43:54 AM",5.657,30.119,50.073,80.086,71980.1,1033.062,33.038,0.546,0.546,0.218,7.77,101.746,5.823,226.759,0,5.836,5.839,NA,32
"5/26/2022 8:43:54 AM",5.788,30.12,50.074,80.089,71980.9,1033.062,33.038,0.554,0.554,0.262,7.769,101.776,5.824,233.216,0,5.838,5.841,NA,32
"5/26/2022 8:43:54 AM",5.941,30.119,50.076,80.091,71983.9,1033.065,33.04,0.554,0.554,0.349,7.769,101.714,5.821,261.932,0,5.834,5.838,NA,32
"5/26/2022 8:43:54 AM",6.137,30.121,50.073,80.09,71980.2,1033.063,33.037,0.53,0.53,0.32,7.767,101.714,5.821,246.045,0,5.834,5.838,NA,32
"5/26/2022 8:43:55 AM",6.276,30.119,50.075,80.09,71982.5,1033.066,33.039,0.671,0.671,0.583,7.767,101.639,5.816,222.936,0,5.829,5.833,NA,32
"5/26/2022 8:43:55 AM",6.405,30.118,50.078,80.091,71986.3,1033.069,33.042,0.608,0.608,0.451,7.767,101.617,5.815,242.561,0,5.828,5.832,NA,32
"5/26/2022 8:43:55 AM",6.541,30.117,50.078,80.091,71986.5,1033.07,33.042,0.593,0.593,0.597,7.767,101.773,5.824,274.676,0,5.837,5.84,NA,32
"5/26/2022 8:43:55 AM",6.702,30.117,50.079,80.092,71988.3,1033.071,33.043,0.554,0.554,0.408,7.767,101.786,5.825,257.344,0,5.838,5.842,NA,32
"5/26/2022 8:43:55 AM",6.948,30.115,50.079,80.09,71989.2,1033.074,33.044,0.632,0.632,0.408,7.768,101.61,5.815,234.915,0,5.828,5.832,NA,32
"5/26/2022 8:43:56 AM",7.104,30.116,50.083,80.096,71993.5,1033.077,33.046,0.585,0.585,0.349,7.768,101.664,5.818,229.053,0,5.831,5.835,NA,32
"5/26/2022 8:43:56 AM",7.269,30.116,50.081,80.095,71991.6,1033.076,33.045,0.608,0.608,0.393,7.767,101.688,5.819,213.59,0,5.832,5.836,NA,32
"5/26/2022 8:43:56 AM",7.426,30.116,50.084,80.098,71995.1,1033.079,33.047,0.523,0.523,0.189,7.767,101.499,5.808,201.441,0,5.821,5.825,NA,32
"5/26/2022 8:43:56 AM",7.697,30.116,50.085,80.099,71995.9,1033.08,33.047,0.554,0.554,0.291,7.769,101.726,5.821,203.989,0,5.834,5.838,NA,32
"5/26/2022 8:43:57 AM",7.902,30.118,50.088,80.107,71999.8,1033.083,33.049,0.53,0.53,0.262,7.769,101.626,5.815,208.237,0,5.828,5.832,NA,32
"5/26/2022 8:43:57 AM",8.111,30.118,50.085,80.103,71996.7,1033.082,33.047,0.632,0.632,0.335,7.769,101.698,5.819,199.147,0,5.832,5.836,NA,32
"5/26/2022 8:43:57 AM",8.377,30.117,50.086,80.102,71997.3,1033.084,33.048,0.616,0.616,0.262,7.769,101.681,5.818,182.325,0,5.831,5.835,NA,32
"5/26/2022 8:43:57 AM",8.726,30.118,50.087,80.106,71999.1,1033.086,33.049,0.694,0.694,0.335,7.77,101.516,5.808,166.097,0,5.821,5.824,NA,32
"5/26/2022 8:43:57 AM",8.918,30.117,50.088,80.107,72000.8,1033.088,33.05,0.624,0.624,0.335,7.77,101.617,5.814,164.653,0,5.827,5.831,NA,32
"5/26/2022 8:43:58 AM",9.105,30.117,50.087,80.105,71999.6,1033.088,33.049,0.874,0.874,0.597,7.77,101.647,5.816,166.607,0,5.829,5.832,NA,32
"5/26/2022 8:43:58 AM",9.281,30.117,50.088,80.106,72001.2,1033.09,33.05,0.64,0.64,0.291,7.771,101.586,5.812,165.333,0,5.825,5.829,NA,32
"5/26/2022 8:43:58 AM",9.441,30.117,50.089,80.107,72001.5,1033.09,33.05,0.601,0.601,0.262,7.771,101.514,5.808,147.831,0,5.821,5.825,NA,32
"5/26/2022 8:43:58 AM",9.669,30.116,50.089,80.107,72002.1,1033.092,33.051,0.577,0.577,0.073,7.771,101.606,5.814,116.226,0,5.827,5.83,NA,32
"5/26/2022 8:43:58 AM",9.822,30.117,50.092,80.112,72006,1033.094,33.053,0.562,0.562,0.087,7.771,101.632,5.815,97.874,0,5.828,5.831,NA,32
"5/26/2022 8:43:59 AM",9.954,30.117,50.09,80.109,72004.1,1033.094,33.052,0.608,0.608,0.218,7.771,101.622,5.814,84.705,0,5.827,5.831,NA,32
"5/26/2022 8:43:59 AM",10.096,30.117,50.094,80.115,72008.9,1033.097,33.055,0.608,0.608,0.218,7.77,101.649,5.816,73.661,0,5.829,5.832,NA,32
"5/26/2022 8:43:59 AM",10.246,30.117,50.093,80.114,72006.9,1033.097,33.053,0.725,0.725,0.408,7.77,101.591,5.812,72.981,0,5.825,5.829,NA,32
"5/26/2022 8:43:59 AM",10.474,30.117,50.094,80.116,72009.4,1033.099,33.055,0.772,0.772,0.597,7.77,101.596,5.812,88.359,0,5.825,5.829,NA,32
"5/26/2022 8:43:59 AM",10.627,30.117,50.096,80.119,72011.5,1033.101,33.056,0.694,0.694,0.495,7.77,101.567,5.81,98.129,0,5.823,5.827,NA,32
"5/26/2022 8:44:00 AM",10.776,30.117,50.094,80.115,72008.4,1033.1,33.054,0.757,0.757,0.568,7.77,101.521,5.808,107.899,0,5.821,5.824,NA,32
"5/26/2022 8:44:00 AM",10.924,30.119,50.098,80.124,72014,1033.103,33.057,0.842,0.842,0.539,7.77,101.454,5.804,116.056,0,5.817,5.82,NA,32
"5/26/2022 8:44:00 AM",11.141,30.12,50.095,80.122,72010,1033.101,33.054,0.671,0.671,0.306,7.77,101.585,5.812,109.259,0,5.825,5.828,NA,32
"5/26/2022 8:44:00 AM",11.282,30.12,50.096,80.123,72011.3,1033.103,33.055,0.569,0.569,0.087,7.77,101.55,5.81,88.444,0,5.823,5.826,NA,32
"5/26/2022 8:44:00 AM",11.412,30.12,50.096,80.122,72011,1033.103,33.054,0.608,0.608,0.131,7.77,101.514,5.808,66.949,0,5.821,5.824,NA,32
"5/26/2022 8:44:01 AM",11.555,30.12,50.098,80.127,72014.5,1033.106,33.056,0.842,0.842,0.714,7.772,101.607,5.812,61.936,0,5.826,5.829,NA,32
"5/26/2022 8:44:01 AM",11.64,30.121,50.096,80.125,72011.8,1033.104,33.055,0.998,0.998,1.122,7.772,101.393,5.8,100.423,0,5.813,5.816,NA,32
"5/26/2022 8:44:01 AM",11.588,30.12,50.098,80.126,72013.5,1033.105,33.056,0.655,0.655,0.379,7.774,101.564,5.81,112.317,0,5.823,5.826,NA,32
"5/26/2022 8:44:01 AM",11.489,30.12,50.096,80.123,72011.9,1033.104,33.055,0.694,0.694,0.408,7.774,101.508,5.807,114.017,0,5.82,5.823,NA,32
"5/26/2022 8:44:01 AM",11.399,30.12,50.093,80.119,72007.9,1033.101,33.052,0.593,0.593,0.291,7.774,101.478,5.805,115.971,0,5.818,5.822,NA,32
"5/26/2022 8:44:02 AM",11.317,30.12,50.094,80.12,72009.3,1033.102,33.053,0.569,0.569,0.218,7.774,101.412,5.802,117.075,0,5.815,5.818,NA,32
"5/26/2022 8:44:02 AM",11.239,30.12,50.094,80.119,72008.7,1033.101,33.053,0.694,0.694,0.393,7.775,101.497,5.807,116.395,0,5.82,5.823,NA,32
"5/26/2022 8:44:02 AM",11.105,30.119,50.093,80.117,72007.2,1033.1,33.052,0.616,0.616,0.277,7.775,101.529,5.808,114.271,0,5.821,5.825,NA,32
"5/26/2022 8:44:02 AM",10.993,30.12,50.09,80.115,72004.1,1033.097,33.05,0.64,0.64,0.248,7.776,101.507,5.807,112.742,0,5.82,5.824,NA,32
"5/26/2022 8:44:02 AM",10.87,30.119,50.093,80.117,72007.4,1033.099,33.053,0.655,0.655,0.233,7.776,101.409,5.801,113.677,0,5.814,5.818,NA,32
"5/26/2022 8:44:03 AM",10.75,30.119,50.092,80.116,72006.8,1033.098,33.052,0.593,0.593,0.204,7.775,101.353,5.798,114.951,0,5.811,5.815,NA,32
"5/26/2022 8:44:03 AM",10.587,30.119,50.092,80.115,72006.4,1033.097,33.052,0.585,0.585,0.262,7.776,101.486,5.806,114.271,0,5.819,5.823,NA,32
"5/26/2022 8:44:03 AM",10.501,30.12,50.089,80.111,72001.7,1033.094,33.049,0.718,0.718,0.422,7.776,101.501,5.807,114.781,0,5.82,5.823,NA,32
"5/26/2022 8:44:03 AM",10.418,30.118,50.089,80.111,72002.7,1033.094,33.05,0.647,0.647,0.291,7.776,101.475,5.805,117.84,0,5.818,5.822,NA,32
"5/26/2022 8:44:03 AM",10.338,30.119,50.089,80.111,72002.2,1033.094,33.05,0.624,0.624,0.189,7.776,101.496,5.807,122.003,0,5.82,5.823,NA,32
"5/26/2022 8:44:04 AM",10.234,30.118,50.089,80.109,72001.7,1033.093,33.05,0.562,0.562,0.175,7.775,101.528,5.808,126.251,0,5.821,5.825,NA,32
"5/26/2022 8:44:04 AM",10.004,30.118,50.089,80.109,72001.6,1033.092,33.05,0.601,0.601,0.262,7.776,101.47,5.805,130.159,0,5.818,5.822,NA,32
"5/26/2022 8:44:04 AM",9.837,30.118,50.087,80.108,72000.1,1033.091,33.049,0.632,0.632,0.32,7.776,101.537,5.809,130.584,0,5.822,5.825,NA,32
"5/26/2022 8:44:04 AM",9.705,30.118,50.088,80.108,72000.6,1033.09,33.049,0.655,0.655,0.379,7.777,101.503,5.807,132.453,0,5.82,5.824,NA,32
"5/26/2022 8:44:04 AM",9.611,30.118,50.086,80.105,71998.6,1033.089,33.048,0.702,0.702,0.408,7.776,101.658,5.816,131.264,0,5.829,5.832,NA,32
"5/26/2022 8:44:05 AM",9.549,30.117,50.087,80.104,71999.3,1033.089,33.049,0.725,0.725,0.408,7.776,101.511,5.808,129.14,0,5.821,5.824,NA,32
"5/26/2022 8:44:05 AM",9.45,30.116,50.085,80.101,71996.8,1033.088,33.048,0.64,0.64,0.379,7.775,101.376,5.8,133.642,0,5.813,5.816,NA,32
"5/26/2022 8:44:05 AM",9.366,30.116,50.086,80.102,71998.4,1033.088,33.048,0.569,0.569,0.306,7.775,101.415,5.802,143.243,0,5.815,5.819,NA,32
"5/26/2022 8:44:05 AM",9.265,30.116,50.085,80.101,71997,1033.087,33.048,0.577,0.577,0.291,7.775,101.554,5.81,157.006,0,5.823,5.827,NA,32
"5/26/2022 8:44:05 AM",9.144,30.116,50.085,80.1,71997.4,1033.087,33.048,0.686,0.686,0.408,7.776,101.493,5.807,167.457,0,5.82,5.823,NA,32
"5/26/2022 8:44:06 AM",8.963,30.116,50.084,80.098,71995.6,1033.085,33.047,0.632,0.632,0.262,7.777,101.545,5.81,164.228,0,5.823,5.827,NA,32
"5/26/2022 8:44:06 AM",8.886,30.116,50.085,80.1,71997.5,1033.086,33.048,0.624,0.624,0.277,7.78,101.571,5.811,157.516,0,5.824,5.828,NA,32
"5/26/2022 8:44:06 AM",8.808,30.116,50.084,80.099,71995.7,1033.085,33.047,0.562,0.562,0.218,7.78,101.446,5.804,151.399,0,5.817,5.82,NA,32
"5/26/2022 8:44:06 AM",8.681,30.116,50.084,80.099,71995.6,1033.084,33.047,0.632,0.632,0.189,7.777,101.58,5.812,152.249,0,5.825,5.828,NA,32
"5/26/2022 8:44:06 AM",8.542,30.115,50.084,80.097,71995.1,1033.083,33.047,0.632,0.632,0.218,7.778,101.401,5.802,161.254,0,5.815,5.818,NA,32
"5/26/2022 8:44:07 AM",8.439,30.115,50.083,80.096,71994,1033.082,33.046,0.601,0.601,0.248,7.777,101.603,5.813,171.705,0,5.826,5.83,NA,32
"5/26/2022 8:44:07 AM",8.377,30.115,50.084,80.098,71995.3,1033.083,33.047,0.562,0.562,0.218,7.777,101.582,5.812,170.855,0,5.825,5.829,NA,32
"5/26/2022 8:44:07 AM",8.295,30.116,50.081,80.095,71992,1033.08,33.045,0.601,0.601,0.189,7.777,101.62,5.814,164.143,0,5.827,5.831,NA,32
"5/26/2022 8:44:07 AM",8.175,30.115,50.084,80.097,71994.8,1033.082,33.047,0.827,0.827,0.714,7.777,101.538,5.809,162.189,0,5.822,5.826,NA,32
"5/26/2022 8:44:08 AM",7.98,30.115,50.083,80.096,71993.7,1033.08,33.046,0.655,0.655,0.306,7.777,101.575,5.811,162.869,0,5.824,5.828,NA,32
"5/26/2022 8:44:08 AM",7.85,30.115,50.081,80.093,71991.4,1033.078,33.045,0.764,0.764,0.481,7.777,101.643,5.815,167.287,0,5.828,5.832,NA,32
"5/26/2022 8:44:08 AM",7.74,30.115,50.081,80.092,71991.1,1033.078,33.045,0.718,0.718,0.291,7.777,101.594,5.813,174.083,0,5.826,5.829,NA,32
"5/26/2022 8:44:08 AM",7.633,30.115,50.078,80.089,71988,1033.076,33.043,0.725,0.725,0.335,7.776,101.527,5.809,179.266,0,5.822,5.825,NA,32
"5/26/2022 8:44:08 AM",7.506,30.115,50.079,80.09,71989.4,1033.076,33.044,0.577,0.577,0.262,7.776,101.729,5.82,175.273,0,5.834,5.837,NA,32
"5/26/2022 8:44:09 AM",7.287,30.115,50.078,80.089,71987.5,1033.074,33.043,0.616,0.616,0.189,7.777,101.672,5.817,172.469,0,5.83,5.833,NA,32
"5/26/2022 8:44:09 AM",7.149,30.115,50.077,80.087,71986.6,1033.073,33.042,0.585,0.585,0.175,7.777,101.637,5.815,168.816,0,5.828,5.832,NA,32
"5/26/2022 8:44:09 AM",7.028,30.115,50.078,80.088,71987.3,1033.073,33.043,0.585,0.585,0.189,7.779,101.697,5.819,174.168,0,5.832,5.835,NA,32
"5/26/2022 8:44:09 AM",6.967,30.115,50.079,80.09,71988.6,1033.073,33.044,0.554,0.554,0.218,7.779,101.569,5.811,191.67,0,5.824,5.828,NA,32
"5/26/2022 8:44:09 AM",6.928,30.116,50.078,80.089,71987.1,1033.072,33.043,0.608,0.608,0.349,7.781,101.454,5.804,219.197,0,5.817,5.821,NA,32
"5/26/2022 8:44:10 AM",6.93,30.116,50.077,80.089,71986.5,1033.072,33.042,0.647,0.647,0.495,7.779,101.574,5.811,223.87,0,5.824,5.828,NA,32
"5/26/2022 8:44:10 AM",6.915,30.116,50.077,80.088,71985.8,1033.071,33.042,0.679,0.679,0.51,7.779,101.61,5.813,218.857,0,5.826,5.83,NA,32
"5/26/2022 8:44:10 AM",6.838,30.116,50.079,80.091,71988.6,1033.073,33.043,0.733,0.733,0.364,7.779,101.57,5.811,204.754,0,5.824,5.828,NA,32
"5/26/2022 8:44:10 AM",6.709,30.116,50.079,80.091,71988.4,1033.072,33.043,0.608,0.608,0.248,7.778,101.705,5.818,207.813,0,5.832,5.835,NA,32
"5/26/2022 8:44:10 AM",6.471,30.115,50.08,80.091,71989.4,1033.072,33.044,0.601,0.601,0.291,7.779,101.535,5.809,212.825,0,5.822,5.825,NA,32
"5/26/2022 8:44:11 AM",6.346,30.116,50.081,80.093,71990.5,1033.072,33.045,0.577,0.577,0.277,7.779,101.585,5.812,207.303,0,5.825,5.828,NA,32
"5/26/2022 8:44:11 AM",6.296,30.118,50.08,80.095,71989.7,1033.071,33.044,0.569,0.569,0.306,7.778,101.68,5.817,211.296,0,5.83,5.834,NA,32
"5/26/2022 8:44:11 AM",6.263,30.12,50.078,80.095,71986.9,1033.068,33.041,0.53,0.53,0.262,7.779,101.723,5.82,218.178,0,5.833,5.836,NA,32
"5/26/2022 8:44:11 AM",6.139,30.12,50.083,80.102,71992.7,1033.071,33.045,0.554,0.554,0.349,7.779,101.675,5.817,242.476,0,5.83,5.833,NA,32
"5/26/2022 8:44:11 AM",6.005,30.121,50.085,80.106,71995.2,1033.072,33.046,0.515,0.515,0.728,7.779,101.778,5.823,249.358,0,5.836,5.839,NA,32
"5/26/2022 8:44:12 AM",5.861,30.122,50.082,80.104,71990.9,1033.068,33.043,0.452,0.452,0.422,7.778,101.643,5.815,244.6,0,5.828,5.831,NA,32
"5/26/2022 8:44:12 AM",5.751,30.124,50.083,80.108,71991.9,1033.068,33.043,0.499,0.499,0.233,7.778,101.538,5.809,234.83,0,5.822,5.825,NA,32
"5/26/2022 8:44:12 AM",5.654,30.126,50.091,80.121,72001.1,1033.072,33.048,0.663,0.663,0.335,7.777,101.662,5.815,231.262,0,5.828,5.832,NA,32
"5/26/2022 8:44:12 AM",5.491,30.127,50.086,80.117,71995.7,1033.068,33.045,0.811,0.811,0.772,7.778,101.626,5.813,221.491,0,5.826,5.83,NA,32
"5/26/2022 8:44:12 AM",5.39,30.127,50.086,80.117,71995.4,1033.068,33.045,0.624,0.624,0.393,7.778,101.74,5.82,242.052,0,5.833,5.837,NA,32
"5/26/2022 8:44:13 AM",5.287,30.127,50.088,80.119,71997.5,1033.069,33.046,0.499,0.499,0.277,7.778,101.726,5.819,247.234,0,5.832,5.835,NA,32
"5/26/2022 8:44:13 AM",5.202,30.127,50.087,80.118,71996.2,1033.067,33.045,0.445,0.445,0.248,7.778,101.835,5.825,243.071,0,5.839,5.842,NA,32
"5/26/2022 8:44:13 AM",5.051,30.127,50.087,80.117,71996.4,1033.067,33.045,0.437,0.437,0.204,7.778,101.801,5.824,227.184,0,5.837,5.84,NA,32
"5/26/2022 8:44:13 AM",4.894,30.126,50.087,80.116,71996.6,1033.067,33.046,0.507,0.507,0.291,7.778,101.765,5.821,226.844,0,5.834,5.838,NA,32
"5/26/2022 8:44:13 AM",4.746,30.127,50.086,80.116,71995.2,1033.065,33.045,0.499,0.499,0.277,7.778,101.729,5.819,232.961,0,5.832,5.836,NA,32
"5/26/2022 8:44:14 AM",4.647,30.127,50.085,80.115,71994.2,1033.064,33.044,0.538,0.538,0.641,7.78,101.69,5.817,241.882,0,5.83,5.834,NA,32
"5/26/2022 8:44:14 AM",4.571,30.127,50.084,80.112,71992.1,1033.062,33.043,0.694,0.694,0.757,7.78,101.515,5.807,245.365,0,5.82,5.823,NA,32
"5/26/2022 8:44:14 AM",4.397,30.127,50.085,80.114,71993.6,1033.063,33.044,0.538,0.538,0.393,7.78,101.636,5.814,252.077,0,5.827,5.83,NA,32
"5/26/2022 8:44:14 AM",4.267,30.127,50.086,80.115,71994.2,1033.063,33.044,0.515,0.515,0.364,7.78,101.606,5.812,245.45,0,5.825,5.828,NA,32
"5/26/2022 8:44:14 AM",4.188,30.127,50.086,80.114,71994.1,1033.062,33.044,0.437,0.437,0.248,7.78,101.629,5.813,239.163,0,5.827,5.83,NA,32
"5/26/2022 8:44:15 AM",4.152,30.127,50.085,80.115,71993.9,1033.062,33.044,0.445,0.445,0.262,7.782,101.552,5.809,235.51,0,5.822,5.826,NA,32
"5/26/2022 8:44:15 AM",4.1,30.127,50.083,80.111,71990.6,1033.06,33.042,0.476,0.476,0.277,7.78,101.726,5.819,235,0,5.832,5.835,NA,32
"5/26/2022 8:44:15 AM",4.02,30.126,50.085,80.112,71993.5,1033.061,33.044,0.484,0.484,0.189,7.782,101.685,5.816,236.954,0,5.829,5.833,NA,32
"5/26/2022 8:44:15 AM",3.919,30.126,50.085,80.113,71993.7,1033.061,33.044,0.468,0.468,0.306,7.782,101.657,5.815,252.502,0,5.828,5.831,NA,32
"5/26/2022 8:44:15 AM",3.821,30.125,50.084,80.11,71992.5,1033.06,33.044,0.546,0.546,0.437,7.782,101.674,5.816,256.41,0,5.829,5.832,NA,32
"5/26/2022 8:44:16 AM",3.721,30.125,50.084,80.109,71991.8,1033.059,33.044,0.46,0.46,0.364,7.781,101.546,5.808,262.272,0,5.822,5.825,NA,32
"5/26/2022 8:44:16 AM",3.587,30.126,50.082,80.108,71989.1,1033.057,33.042,0.367,0.367,0.175,7.78,101.716,5.818,268.474,0,5.831,5.835,NA,32
"5/26/2022 8:44:16 AM",3.496,30.126,50.083,80.109,71991.1,1033.058,33.043,0.452,0.452,0.175,7.78,101.66,5.815,266.265,0,5.828,5.831,NA,32
"5/26/2022 8:44:16 AM",3.418,30.126,50.083,80.109,71990,1033.057,33.042,0.64,0.64,0.306,7.78,101.641,5.814,289.714,0,5.827,5.831,NA,32
"5/26/2022 8:44:16 AM",3.31,30.125,50.084,80.109,71991.4,1033.058,33.043,0.593,0.593,0.277,7.78,101.68,5.816,304.837,0,5.829,5.833,NA,32
"5/26/2022 8:44:17 AM",3.14,30.125,50.087,80.113,71995.2,1033.059,33.046,0.515,0.515,0.262,7.78,101.738,5.819,304.752,0,5.832,5.836,NA,32
"5/26/2022 8:44:17 AM",2.827,30.126,50.083,80.109,71990,1033.054,33.042,0.507,0.507,0.204,7.78,101.716,5.818,300.419,0,5.831,5.835,NA,32
"5/26/2022 8:44:17 AM",2.681,30.127,50.081,80.108,71988.2,1033.053,33.041,0.46,0.46,0.175,7.78,101.664,5.815,330.41,0,5.828,5.831,NA,32
"5/26/2022 8:44:17 AM",2.592,30.127,50.081,80.107,71987.4,1033.052,33.041,0.476,0.476,0.218,7.78,101.697,5.817,338.821,0,5.83,5.833,NA,32
"5/26/2022 8:44:18 AM",2.528,30.127,50.081,80.107,71987.2,1033.051,33.041,0.819,0.819,0.932,7.781,101.929,5.83,370.257,0,5.843,5.847,NA,32
"5/26/2022 8:44:18 AM",2.479,30.126,50.078,80.102,71983.7,1033.049,33.039,0.632,0.632,0.772,7.78,101.583,5.811,457.086,0,5.824,5.827,NA,32
"5/26/2022 8:44:18 AM",2.458,30.127,50.077,80.102,71982.4,1033.048,33.038,0.53,0.53,0.51,7.78,101.744,5.82,442.133,0,5.833,5.836,NA,32
"5/26/2022 8:44:18 AM",2.439,30.128,50.076,80.102,71980.8,1033.047,33.036,0.554,0.554,0.524,7.781,101.932,5.831,423.017,0,5.844,5.847,NA,32
"5/26/2022 8:44:18 AM",2.425,30.128,50.075,80.1,71980.2,1033.047,33.036,0.429,0.429,0.364,7.78,101.725,5.818,461.929,0,5.831,5.835,NA,32
"5/26/2022 8:44:19 AM",2.427,30.128,50.076,80.102,71980.6,1033.047,33.036,0.437,0.437,0.32,7.781,101.629,5.814,455.047,0,5.827,5.83,NA,32
"5/26/2022 8:44:19 AM",2.397,30.128,50.076,80.102,71981.4,1033.047,33.037,0.476,0.476,0.393,7.781,101.725,5.819,403.646,0,5.832,5.835,NA,32
"5/26/2022 8:44:19 AM",2.363,30.127,50.076,80.101,71981.7,1033.047,33.037,0.507,0.507,0.277,7.781,101.747,5.82,351.48,0,5.833,5.836,NA,32
"5/26/2022 8:44:19 AM",2.349,30.127,50.076,80.101,71981.5,1033.047,33.037,0.562,0.562,0.277,7.781,101.846,5.826,331.09,0,5.839,5.842,NA,32
"5/26/2022 8:44:19 AM",2.37,30.128,50.075,80.1,71979.6,1033.046,33.036,0.53,0.53,0.291,7.781,101.83,5.825,371.786,0,5.838,5.841,NA,32
"5/26/2022 8:44:20 AM",2.338,30.128,50.077,80.102,71981.8,1033.047,33.037,0.476,0.476,0.262,7.781,101.588,5.811,443.407,0,5.824,5.827,NA,32
"5/26/2022 8:44:20 AM",2.243,30.128,50.077,80.102,71981.9,1033.047,33.037,0.538,0.538,0.364,7.781,101.615,5.812,502.285,0,5.825,5.829,NA,32
"5/26/2022 8:44:20 AM",2.077,30.128,50.076,80.101,71981.1,1033.046,33.037,0.437,0.437,0.189,7.782,101.668,5.815,557.509,0,5.828,5.832,NA,32
"5/26/2022 8:44:20 AM",1.884,30.127,50.076,80.101,71981.4,1033.045,33.037,0.351,0.351,0.058,7.783,101.645,5.814,545.02,0,5.827,5.831,NA,32
"5/26/2022 8:44:20 AM",1.726,30.129,50.074,80.1,71978.2,1033.042,33.035,0.452,0.452,0.248,7.783,101.81,5.823,460.569,0,5.837,5.84,NA,32
"5/26/2022 8:44:21 AM",1.596,30.131,50.07,80.096,71972.8,1033.038,33.031,0.437,0.437,0.248,7.783,101.749,5.82,400.502,0,5.833,5.836,NA,32
"5/26/2022 8:44:21 AM",1.507,30.131,50.068,80.095,71971,1033.036,33.03,0.445,0.445,0.248,7.783,101.706,5.818,410.698,0,5.831,5.834,NA,32
"5/26/2022 8:44:21 AM",1.356,30.131,50.071,80.099,71974.2,1033.038,33.032,0.398,0.398,0.189,7.783,101.713,5.818,407.469,0,5.831,5.834,NA,32
"5/26/2022 8:44:21 AM",1.191,30.13,50.072,80.099,71975.1,1033.038,33.033,0.413,0.413,0.291,7.783,101.731,5.819,379.602,0,5.832,5.835,NA,32
"5/26/2022 8:44:21 AM",0.911,30.131,50.068,80.094,71970.1,1033.033,33.03,0.476,0.476,0.379,7.783,101.687,5.816,438.989,0,5.829,5.833,NA,32
"5/26/2022 8:44:22 AM",0.693,30.131,50.065,80.09,71966.2,1033.03,33.027,0.484,0.484,0.364,7.783,101.654,5.814,766.851,0,5.827,5.831,NA,32
"5/26/2022 8:44:22 AM",0.507,30.131,50.062,80.087,71962.5,1033.027,33.025,0.53,0.53,0.408,7.783,101.615,5.812,948.071,0,5.825,5.829,NA,32
"5/26/2022 8:44:22 AM",0.382,30.131,50.059,80.082,71959.1,1033.025,33.023,0.46,0.46,0.335,7.783,101.667,5.815,408.234,0,5.828,5.831,NA,32
"5/26/2022 8:44:22 AM",0.321,30.131,50.056,80.077,71955.1,1033.022,33.021,0.491,0.491,0.422,7.784,101.51,5.806,334.658,0,5.819,5.823,NA,32
"5/26/2022 8:44:22 AM",0.236,30.13,50.05,80.067,71947,1033.017,33.016,0.484,0.484,0.335,7.786,101.68,5.816,271.958,0,5.829,5.833,NA,32
"5/26/2022 8:44:23 AM",0.191,30.13,50.049,80.065,71945.6,1033.016,33.015,0.187,0.187,0,7.786,101.67,5.815,354.369,0,5.828,5.832,NA,32
"5/26/2022 8:44:23 AM",0.151,30.13,50.048,80.064,71944.8,1033.015,33.015,0.476,0.476,0.364,7.786,101.572,5.81,646.292,0,5.823,5.827,NA,32
"5/26/2022 8:44:23 AM",0.123,30.13,50.044,80.059,71940.2,1033.012,33.012,0.343,0.343,0.073,7.787,101.62,5.813,695.229,0,5.826,5.829,NA,32
"5/26/2022 8:44:23 AM",0.144,30.13,50.038,80.051,71932.6,1033.008,33.007,0.273,0.273,0,7.787,101.513,5.807,548.503,0,5.82,5.824,NA,32
"5/26/2022 8:44:23 AM",0.158,30.131,50.039,80.053,71933.9,1033.009,33.008,0.374,0.374,0.248,7.787,101.653,5.815,552.666,0,5.828,5.832,NA,32
"5/26/2022 8:44:24 AM",0.094,30.13,50.037,80.05,71931.2,1033.007,33.006,0.476,0.476,0.262,7.788,101.597,5.812,935.837,0,5.825,5.828,NA,32
"5/26/2022 8:44:24 AM",0.024,30.131,50.037,80.051,71930.9,1033.006,33.006,0.608,0.608,0.553,7.788,101.62,5.813,1100.744,0,5.826,5.829,NA,32
"5/26/2022 8:44:24 AM",0,30.132,50.033,80.047,71926.4,1033.003,33.003,0.281,0.281,0,7.788,101.627,5.813,1004.654,0,5.826,5.83,NA,32
"5/26/2022 8:44:24 AM",0,30.132,50.03,80.043,71922.3,1032.999,33.001,0.39,0.39,0.306,7.788,101.704,5.818,846.374,0,5.831,5.835,NA,32
"5/26/2022 8:44:24 AM",0,30.135,50.032,80.049,71924.2,1032.999,33.001,0.374,0.374,0.175,7.788,101.647,5.815,972.285,0,5.828,5.831,NA,32
"5/26/2022 8:44:25 AM",0,30.139,50.021,80.04,71909.2,1032.988,32.991,0.14,0.14,0,7.788,101.656,5.815,1085.452,0,5.828,5.832,NA,32
"5/26/2022 8:44:25 AM",0,30.144,50.007,80.027,71891.6,1032.976,32.979,0.593,0.593,0.233,7.788,101.739,5.821,1085.027,0,5.834,5.837,NA,32
"5/26/2022 8:44:25 AM",0,30.151,49.993,80.017,71872.9,1032.963,32.965,0.491,0.491,0.612,7.788,101.724,5.82,1330.562,0,5.833,5.837,NA,32
"5/26/2022 8:44:25 AM",0,30.15,49.994,80.019,71875.3,1032.964,32.967,0.359,0.359,0.218,7.789,101.756,5.821,1294.539,0,5.835,5.838,NA,32
"5/26/2022 8:44:25 AM",0,30.153,50.007,80.041,71891.1,1032.973,32.976,0.632,0.632,0.539,7.79,101.667,5.816,1281.2,0,5.829,5.832,NA,32
"5/26/2022 8:44:26 AM",0,30.158,50.004,80.043,71885.6,1032.968,32.971,0.546,0.546,0.495,7.79,101.801,5.823,1300.911,0,5.836,5.84,NA,32
"5/26/2022 8:44:26 AM",0,30.169,49.988,80.037,71864.8,1032.952,32.955,0.351,0.351,0.087,7.789,101.657,5.816,1316.968,0,5.829,5.832,NA,32
"5/26/2022 8:44:26 AM",0,30.172,49.983,80.035,71858.4,1032.947,32.95,0.484,0.484,0.335,7.789,101.654,5.815,1381.538,0,5.828,5.832,NA,32
"5/26/2022 8:44:26 AM",0,30.172,45.209,73.337,65845.1,1029.34,29.343,0,0,0,7.788,101.839,5.98,1438.121,0,5.994,5.997,NA,32
"5/26/2022 8:44:26 AM",0,30.159,2.849,5.858,5261.2,997.725,0,0,0,0,7.788,101.596,7.527,1517.899,0,7.549,7.549,NA,32
"5/26/2022 8:44:27 AM",0,30.162,1.442,3.084,2769.8,996.675,0,123.759,123.759,97.906,7.787,101.527,7.581,1538.969,0,7.603,7.603,NA,32
"5/26/2022 8:44:27 AM",0,30.164,1.015,2.21,1984.4,996.356,0,89.264,89.264,0,7.787,100.209,7.5,1625.799,0,7.522,7.522,NA,32
"5/26/2022 8:44:27 AM",0,30.128,0.842,1.848,1661.1,996.237,0,286.709,286.709,207.382,7.788,101.489,7.603,1617.982,0,7.625,7.625,NA,32
"5/26/2022 8:44:27 AM",0,30.132,0.764,1.685,1513.9,996.178,0,294.252,294.252,931.319,7.788,100.808,7.556,1617.897,0,7.578,7.578,NA,32
"5/26/2022 8:44:28 AM",0,30.253,0.708,1.57,1407.4,996.099,0,52.92,52.92,51.81,7.787,101.308,7.596,1570.405,0,7.618,7.618,NA,32
"5/26/2022 8:44:28 AM",0,30.437,0.628,1.404,1253.6,995.983,0,506.05,506.05,167.908,7.785,101.264,7.596,1474.909,0,7.618,7.618,NA,32
"5/26/2022 8:44:28 AM",0,30.464,0.581,1.302,1162.7,995.939,0,251.73,251.73,26.177,7.783,101.073,7.584,1406.856,0,7.606,7.606,NA,32
"5/26/2022 8:44:28 AM",0,30.248,0.56,1.252,1122.1,995.989,0,99.179,99.179,0,7.782,100.97,7.577,1444.324,0,7.599,7.599,NA,32
"5/26/2022 8:44:28 AM",0,29.711,0.542,1.202,1089.1,996.139,0,145.359,145.359,38.593,7.78,100.831,7.567,974.154,0,7.589,7.589,NA,32
"5/26/2022 8:44:29 AM",0,29.263,0.523,1.151,1052.5,996.258,0,72.157,72.157,61.32,7.779,100.671,7.556,1007.203,0,7.578,7.578,NA,32
"5/26/2022 8:44:29 AM",0,28.894,0.499,1.092,1005.5,996.348,0,378.812,378.812,45.487,7.776,100.322,7.53,1429.371,0,7.552,7.552,NA,32
"5/26/2022 8:44:29 AM",0,28.781,0.467,1.022,943.8,996.358,0,112.424,112.424,0,7.776,100.151,7.519,1532.087,0,7.54,7.541,NA,32
"5/26/2022 8:44:29 AM",0,28.767,0.445,0.976,901.7,996.346,0,12.926,12.926,0,7.776,99.926,7.504,1578.051,0,7.526,7.526,NA,32
"5/26/2022 8:44:29 AM",0,28.759,0.435,0.954,881.3,996.34,0,0,0,0,7.775,99.723,7.49,1676.86,0,7.511,7.512,NA,32
"5/26/2022 8:44:30 AM",0,28.871,0.418,0.92,848.2,996.295,0,0,0,0,7.775,99.429,7.47,1704.132,0,7.491,7.491,NA,32
"5/26/2022 8:44:30 AM",0,28.965,0.406,0.897,824.6,996.258,0,43.396,43.396,0,7.773,99.329,7.464,1631.321,0,7.485,7.485,NA,32
"5/26/2022 8:44:30 AM",0,29.015,0.392,0.867,797.1,996.233,0,66.314,66.314,33.439,7.772,99.149,7.451,1617.388,0,7.472,7.472,NA,32
"5/26/2022 8:44:30 AM",0,28.834,0.39,0.86,793,996.284,0,40.853,40.853,6.892,7.771,99.134,7.451,1439.736,0,7.472,7.472,NA,32
"5/26/2022 8:44:30 AM",0,28.7,0.378,0.831,768.5,996.314,0,15.648,15.648,0,7.77,97.958,7.364,1381.283,0,7.385,7.385,NA,32
"5/26/2022 8:44:31 AM",0,28.664,0.368,0.81,749.7,996.318,0,0.343,0.343,0,7.769,97.813,7.355,1125.808,0,7.376,7.377,NA,32
"5/26/2022 8:44:31 AM",0,28.646,0.374,0.823,761.4,996.327,0,2.925,2.925,0,7.768,97.565,7.338,1124.703,0,7.359,7.359,NA,32
"5/26/2022 8:44:31 AM",0,28.616,0.388,0.851,788.5,996.346,0,1.576,1.576,0,7.767,97.145,7.307,1380.264,0,7.328,7.328,NA,32
"5/26/2022 8:44:31 AM",0,28.542,0.476,1.038,962.8,996.434,0,0,0,8.342,7.766,96.722,7.273,1462.845,0,7.294,7.294,NA,32
"5/26/2022 8:44:31 AM",0,28.418,0.622,1.338,1244.7,996.58,0,0,0,0.481,7.766,95.969,7.212,1458.512,0,7.233,7.233,NA,32
"5/26/2022 8:44:32 AM",0,28.319,0.436,0.949,884.3,996.469,0,0,0,0,7.765,95.523,7.187,523.015,0,7.208,7.208,NA,32
"5/26/2022 8:44:32 AM",0,28.148,0.382,0.831,777.1,996.477,0,0.749,0.749,1.894,7.764,94.662,7.126,366.433,0,7.147,7.147,NA,32
"5/26/2022 8:44:32 AM",0,27.809,0.364,0.788,742.3,996.56,0,0.998,0.998,3.718,7.763,94.342,7.104,380.537,0,7.125,7.125,NA,32
"5/26/2022 8:44:32 AM",0,27.491,0.349,0.751,712.2,996.638,0,1.927,1.927,9.163,7.761,95.26,7.176,408.913,0,7.197,7.197,NA,32
"5/26/2022 8:44:32 AM",0,27.484,0.338,0.728,690.1,996.631,0,1.654,1.654,6.482,7.76,95.555,7.201,360.656,0,7.222,7.222,NA,32
"5/26/2022 8:44:33 AM",0,28.11,1.812,3.68,3444.6,997.56,0,4.641,4.641,9.765,7.786,95.332,7.132,330.665,0,7.153,7.153,NA,32
"5/26/2022 8:44:33 AM",0,29.034,1.866,3.85,3536.3,997.33,0,2.777,2.777,10.029,7.848,94.736,7.093,329.816,0,7.114,7.114,NA,32
"5/26/2022 8:44:33 AM",0,29.282,1.874,3.885,3550.9,997.263,0,2.091,2.091,10.132,7.89,94.206,7.059,323.274,0,7.08,7.08,NA,32
"5/26/2022 8:44:33 AM",0,29.361,1.879,3.9,3558.8,997.243,0,2.223,2.223,10.469,7.927,93.642,7.022,357.088,0,7.042,7.042,NA,32
"5/26/2022 8:44:33 AM",0,29.374,1.851,3.847,3509.4,997.219,0,2.067,2.067,10.602,7.941,93.589,7.021,381.216,0,7.042,7.042,NA,32
"5/26/2022 8:44:34 AM",0,29.377,1.818,3.783,3450.7,997.193,0,2.067,2.067,10.572,7.955,93.524,7.019,411.462,0,7.04,7.04,NA,32
"5/26/2022 8:44:34 AM",0,29.375,1.784,3.715,3389.3,997.168,0,2.106,2.106,10.719,7.966,93.49,7.019,433.042,0,7.039,7.039,NA,32
"5/26/2022 8:44:34 AM",0,29.381,1.689,3.528,3218.2,997.095,0,1.818,1.818,10.572,7.98,93.305,7.01,427.775,0,7.03,7.03,NA,32
"5/26/2022 8:44:34 AM",0,29.38,1.674,3.5,3192.1,997.084,0,2.059,2.059,10.939,7.988,93.307,7.011,429.814,0,7.031,7.031,NA,32
"5/26/2022 8:44:34 AM",0,29.381,1.65,3.451,3148,997.066,0,1.95,1.95,10.264,7.994,93.307,7.012,428.879,0,7.032,7.032,NA,32
"5/26/2022 8:44:35 AM",0,29.38,1.66,3.472,3167,997.074,0,1.818,1.818,10.381,7.998,93.209,7.004,443.322,0,7.024,7.024,NA,32
"5/26/2022 8:44:35 AM",0,29.38,1.522,3.197,2916.2,996.971,0,1.888,1.888,10.161,8.004,93.188,7.008,427.605,0,7.029,7.029,NA,32
"5/26/2022 8:44:35 AM",0,29.384,1.495,3.144,2867.1,996.949,0,1.81,1.81,10.748,8.009,93.137,7.005,407.979,0,7.026,7.026,NA,32
"5/26/2022 8:44:35 AM",0,29.387,1.497,3.148,2870.7,996.95,0,1.794,1.794,10.396,8.013,93.165,7.008,415.116,0,7.028,7.028,NA,32
"5/26/2022 8:44:35 AM",0,29.389,1.477,3.108,2834.3,996.934,0,1.88,1.88,10.308,8.016,93.142,7.007,903.552,0,7.027,7.027,NA,32
"5/26/2022 8:44:36 AM",0,29.389,1.472,3.098,2825,996.93,0,1.849,1.849,9.911,8.019,93.105,7.004,1783.825,0,7.024,7.024,NA,32
"5/26/2022 8:44:36 AM",0,29.389,1.477,3.108,2834.3,996.934,0,1.747,1.747,10.176,8.019,93.015,6.997,1950.432,0,7.017,7.017,NA,32
"5/26/2022 8:44:36 AM",0,29.387,1.454,3.063,2793.3,996.918,0,1.849,1.849,10.073,8.022,92.851,6.986,2102.935,0,7.006,7.006,NA,32
"5/26/2022 8:44:36 AM",0,29.388,1.437,3.03,2762.9,996.905,0,1.794,1.794,10.249,8.022,92.944,6.994,2165.891,0,7.014,7.014,NA,32
"5/26/2022 8:44:37 AM",0,29.388,1.447,3.05,2781.2,996.913,0,1.747,1.747,10.748,8.023,92.975,6.995,2185.856,0,7.016,7.016,NA,32
"5/26/2022 8:44:37 AM",0,29.387,1.448,3.05,2781.8,996.913,0,2.036,2.036,10.763,8.025,92.959,6.994,2191.209,0,7.015,7.015,NA,32
"5/26/2022 8:44:37 AM",0,29.389,1.43,3.014,2748.8,996.899,0,2.098,2.098,10.278,8.025,92.847,6.986,2185.771,0,7.006,7.006,NA,32
"5/26/2022 8:44:37 AM",0,29.388,1.42,2.994,2730.7,996.892,0,1.888,1.888,10.367,8.026,92.846,6.986,2182.118,0,7.006,7.006,NA,32
"5/26/2022 8:44:37 AM",0,29.39,1.397,2.948,2688.3,996.874,0,1.872,1.872,10.704,8.027,92.821,6.985,2181.693,0,7.006,7.006,NA,32
"5/26/2022 8:44:38 AM",0,29.39,1.378,2.911,2654.2,996.86,0,2.332,2.332,11.512,8.027,92.762,6.981,2180.504,0,7.002,7.002,NA,32
"5/26/2022 8:44:38 AM",0,29.391,1.387,2.93,2671.7,996.867,0,2.091,2.091,11.013,8.028,92.58,6.967,2179.909,0,6.987,6.987,NA,32
"5/26/2022 8:44:38 AM",0,29.393,1.393,2.941,2681.6,996.87,0,1.849,1.849,10.881,8.028,92.732,6.978,2182.458,0,6.998,6.998,NA,32
"5/26/2022 8:44:38 AM",0,29.392,1.39,2.935,2676.7,996.869,0,2.169,2.169,11.042,8.029,92.698,6.976,2183.902,0,6.996,6.996,NA,32
"5/26/2022 8:44:38 AM",0,29.392,1.378,2.911,2654.8,996.86,0,1.903,1.903,10.866,8.029,92.627,6.97,2186.281,0,6.991,6.991,NA,32
"5/26/2022 8:44:39 AM",0,29.392,1.378,2.911,2654.9,996.86,0,1.903,1.903,10.969,8.028,92.662,6.972,2192.143,0,6.993,6.993,NA,32
"5/26/2022 8:44:39 AM",0,29.393,1.371,2.897,2641.8,996.854,0,1.989,1.989,11.042,8.028,92.669,6.973,2204.802,0,6.993,6.993,NA,32
"5/26/2022 8:44:39 AM",0,29.396,1.358,2.872,2618.5,996.844,0,2.27,2.27,11.395,8.028,92.683,6.974,2214.573,0,6.995,6.995,NA,32
"5/26/2022 8:44:39 AM",0,29.4,1.362,2.88,2625.4,996.845,0,1.935,1.935,10.367,8.027,92.687,6.975,2222.389,0,6.995,6.995,NA,32
"5/26/2022 8:44:39 AM",0,29.404,1.338,2.831,2581,996.826,0,2.192,2.192,11.116,8.027,92.771,6.982,2231.65,0,7.002,7.002,NA,32
"5/26/2022 8:44:40 AM",0,29.405,1.322,2.8,2552.3,996.814,0,2.052,2.052,10.792,8.028,92.629,6.971,2236.917,0,6.992,6.992,NA,32
"5/26/2022 8:44:40 AM",0,29.407,1.307,2.769,2524.7,996.802,0,1.677,1.677,10.557,8.027,92.613,6.97,2239.976,0,6.99,6.99,NA,32
"5/26/2022 8:44:40 AM",0,29.41,1.306,2.768,2523.2,996.8,0,2.098,2.098,10.19,8.027,92.684,6.975,2245.159,0,6.995,6.995,NA,32
"5/26/2022 8:44:40 AM",0,29.412,1.301,2.757,2513.2,996.796,0,2.083,2.083,10.381,8.028,92.679,6.975,2249.067,0,6.995,6.995,NA,32
"5/26/2022 8:44:40 AM",0,29.413,1.312,2.779,2533.2,996.804,0,2.013,2.013,10.587,8.027,92.594,6.968,2250.936,0,6.988,6.988,NA,32
"5/26/2022 8:44:41 AM",0,29.414,1.267,2.689,2450.6,996.77,0,2.27,2.27,10.293,8.027,92.628,6.972,2252.805,0,6.992,6.992,NA,32
"5/26/2022 8:44:41 AM",0,29.416,1.253,2.661,2425.3,996.759,0,2.176,2.176,10.572,8.027,92.587,6.969,2253.824,0,6.989,6.99,NA,32
"5/26/2022 8:44:41 AM",0,29.416,1.258,2.67,2434,996.762,0,1.849,1.849,10.895,8.027,92.661,6.975,2254.759,0,6.995,6.995,NA,32
"5/26/2022 8:44:41 AM",0,29.414,1.241,2.637,2403.7,996.751,0,1.849,1.849,10.866,8.027,92.553,6.967,2254.674,0,6.987,6.987,NA,32
"5/26/2022 8:44:41 AM",0,29.415,1.225,2.604,2373.5,996.738,0,1.74,1.74,10.557,8.027,92.728,6.98,2253.06,0,7.001,7.001,NA,32
"5/26/2022 8:44:42 AM",0,29.415,1.243,2.642,2407.7,996.752,0,1.942,1.942,10.513,8.027,92.71,6.978,2251.361,0,6.998,6.998,NA,32
"5/26/2022 8:44:42 AM",0,29.413,1.246,2.648,2413.4,996.755,0,1.732,1.732,10.381,8.028,92.667,6.975,2249.831,0,6.995,6.995,NA,32
"5/26/2022 8:44:42 AM",0,29.413,1.256,2.667,2430.9,996.762,0,1.958,1.958,11.248,8.028,92.696,6.977,2250.171,0,6.997,6.997,NA,32
"5/26/2022 8:44:42 AM",0,29.414,1.264,2.683,2445.9,996.768,0,2.028,2.028,10.998,8.03,92.671,6.974,2248.302,0,6.994,6.994,NA,32
"5/26/2022 8:44:42 AM",0,29.414,1.265,2.685,2447.2,996.768,0,2.169,2.169,10.528,8.03,92.69,6.976,2246.858,0,6.996,6.996,NA,32
"5/26/2022 8:44:43 AM",0,29.416,1.26,2.675,2438.3,996.764,0,1.903,1.903,10.587,8.03,92.772,6.982,2244.224,0,7.002,7.002,NA,32
"5/26/2022 8:44:43 AM",0,29.415,1.258,2.672,2435.5,996.763,0,2.161,2.161,10.469,8.03,92.756,6.981,2243.459,0,7.001,7.001,NA,32
"5/26/2022 8:44:43 AM",0,29.415,1.258,2.671,2434.2,996.763,0,1.685,1.685,11.116,8.03,92.67,6.974,2242.78,0,6.994,6.994,NA,32
"5/26/2022 8:44:43 AM",0,29.416,1.256,2.667,2431.3,996.761,0,1.903,1.903,11.042,8.03,92.721,6.977,2241.165,0,6.998,6.998,NA,32
"5/26/2022 8:44:43 AM",0,29.417,1.251,2.657,2421.7,996.757,0,1.825,1.825,11.204,8.031,92.723,6.978,2239.381,0,6.998,6.998,NA,32
