"Date","Depth..m.","Temp...degC.","Sal.","Cond...mS.cm.","EC25..µS.cm.","Density..kg.m3.","SigmaT","Chl.Flu...ppb.","Chl.a..µg.l.","Turb...FTU.","pH","DO....","Weiss.DO..mg.l.","Quant...µmol..m2.s..","Mark","G.G.DO..mg.l.","B.K.DO..mg.l.","X","Station"
"5/24/2022 10:41:15 AM",0.698,29.659,48.727,77.559,70348.2,1032.186,32.183,0,0,0,7.686,95.739,5.387,801.345,0,5.398,5.401,NA,14
"5/24/2022 10:41:15 AM",0.823,29.638,48.732,77.535,70356.3,1032.198,32.194,0.016,0.016,0.175,7.684,96.391,5.424,795.652,0,5.435,5.438,NA,14
"5/24/2022 10:41:15 AM",0.94,29.615,48.755,77.534,70387.9,1032.224,32.22,0.039,0.039,0.029,7.685,96.228,5.413,566.09,0,5.424,5.426,NA,14
"5/24/2022 10:41:15 AM",1.022,29.606,48.774,77.549,70413.2,1032.242,32.237,0.351,0.351,0.874,7.685,95.687,5.38,780.275,0,5.39,5.393,NA,14
"5/24/2022 10:41:15 AM",1.03,29.608,48.781,77.561,70422.1,1032.247,32.242,0.187,0.187,0.437,7.685,94.505,5.318,835.244,0,5.329,5.332,NA,14
"5/24/2022 10:41:16 AM",0.997,29.613,48.782,77.57,70423.2,1032.246,32.241,0.086,0.086,0.291,7.685,94.699,5.333,939.405,0,5.344,5.347,NA,14
"5/24/2022 10:41:16 AM",0.949,29.615,48.785,77.577,70425.7,1032.246,32.242,0.008,0.008,0.029,7.687,94.821,5.341,1131.415,0,5.352,5.355,NA,14
"5/24/2022 10:41:16 AM",0.907,29.617,48.792,77.589,70435.2,1032.252,32.248,0.016,0.016,0,7.687,95.003,5.352,1032.182,0,5.363,5.366,NA,14
"5/24/2022 10:41:16 AM",0.874,29.616,48.805,77.605,70451.6,1032.262,32.258,0,0,0,7.687,95.155,5.361,975.088,0,5.372,5.375,NA,14
"5/24/2022 10:41:17 AM",0.83,29.617,48.809,77.612,70456.1,1032.264,32.26,0,0,0.015,7.689,95.358,5.372,907.715,0,5.383,5.386,NA,14
"5/24/2022 10:41:17 AM",0.799,29.619,48.812,77.62,70459.2,1032.265,32.261,0.133,0.133,0.233,7.69,95.531,5.381,768.465,0,5.392,5.395,NA,14
"5/24/2022 10:41:17 AM",0.757,29.618,48.822,77.633,70472.5,1032.273,32.27,0.055,0.055,0.204,7.691,95.727,5.391,776.961,0,5.402,5.405,NA,14
"5/24/2022 10:41:17 AM",0.701,29.619,48.834,77.649,70486.5,1032.281,32.278,0,0,0.058,7.69,95.905,5.4,932.523,0,5.411,5.414,NA,14
"5/24/2022 10:41:17 AM",0.62,29.627,48.841,77.67,70494.1,1032.283,32.28,0.101,0.101,0.262,7.69,96.095,5.41,880.613,0,5.421,5.424,NA,14
"5/24/2022 10:41:18 AM",0.562,29.634,48.841,77.68,70493.8,1032.281,32.278,0.094,0.094,0.204,7.69,96.098,5.41,802.194,0,5.421,5.424,NA,14
"5/24/2022 10:41:18 AM",0.517,29.645,48.84,77.695,70491.2,1032.276,32.273,0.078,0.078,0.073,7.691,96.241,5.418,886.22,0,5.429,5.432,NA,14
"5/24/2022 10:41:18 AM",0.5,29.652,48.845,77.712,70496.9,1032.277,32.275,0,0,0,7.692,96.185,5.414,879.168,0,5.425,5.428,NA,14
"5/24/2022 10:41:18 AM",0.512,29.654,48.853,77.726,70506.2,1032.282,32.28,0,0,0,7.693,96.27,5.419,967.442,0,5.43,5.433,NA,14
"5/24/2022 10:41:18 AM",0.58,29.665,48.855,77.744,70507.7,1032.28,32.278,0.039,0.039,0.015,7.692,96.061,5.406,857.418,0,5.417,5.42,NA,14
"5/24/2022 10:41:19 AM",0.606,29.663,48.846,77.728,70496.2,1032.274,32.271,0.172,0.172,0.408,7.691,96.035,5.405,896.33,0,5.416,5.418,NA,14
"5/24/2022 10:41:19 AM",0.616,29.657,48.844,77.719,70495.5,1032.275,32.273,0.203,0.203,0.495,7.691,95.938,5.399,849.602,0,5.41,5.412,NA,14
"5/24/2022 10:41:19 AM",0.642,29.649,48.861,77.73,70517.1,1032.291,32.288,0.023,0.023,0,7.689,95.937,5.398,604.322,0,5.408,5.411,NA,14
"5/24/2022 10:41:19 AM",0.677,29.645,48.879,77.749,70540.2,1032.306,32.303,0.055,0.055,0.102,7.688,95.723,5.384,636.352,0,5.395,5.398,NA,14
"5/24/2022 10:41:19 AM",0.719,29.647,48.859,77.724,70515,1032.29,32.287,0.148,0.148,0.335,7.687,95.747,5.385,663.029,0,5.396,5.399,NA,14
"5/24/2022 10:41:20 AM",0.729,29.642,48.872,77.734,70531.7,1032.302,32.299,0.156,0.156,0.262,7.688,95.853,5.391,878.404,0,5.402,5.404,NA,14
"5/24/2022 10:41:20 AM",0.717,29.633,48.889,77.747,70554.8,1032.318,32.315,0.109,0.109,0.218,7.689,95.828,5.388,988.512,0,5.399,5.402,NA,14
"5/24/2022 10:41:20 AM",0.693,29.631,48.902,77.759,70570.3,1032.328,32.325,0.047,0.047,0,7.688,95.968,5.396,1044.586,0,5.407,5.41,NA,14
"5/24/2022 10:41:20 AM",0.689,29.628,48.915,77.775,70587.5,1032.339,32.336,0.055,0.055,0.087,7.691,95.78,5.385,898.284,0,5.396,5.399,NA,14
"5/24/2022 10:41:20 AM",0.684,29.624,48.927,77.785,70602.5,1032.349,32.347,0.125,0.125,0.524,7.692,95.726,5.382,836.093,0,5.392,5.395,NA,14
"5/24/2022 10:41:21 AM",0.677,29.624,48.929,77.788,70606,1032.352,32.349,0.086,0.086,0.116,7.694,95.772,5.384,745.186,0,5.395,5.398,NA,14
"5/24/2022 10:41:21 AM",0.674,29.626,48.933,77.796,70610,1032.353,32.351,0.086,0.086,0.087,7.694,95.483,5.368,785.712,0,5.379,5.382,NA,14
"5/24/2022 10:41:21 AM",0.677,29.626,48.936,77.801,70613.7,1032.356,32.353,0.047,0.047,0,7.694,95.439,5.365,772.543,0,5.376,5.379,NA,14
"5/24/2022 10:41:21 AM",0.684,29.625,48.946,77.814,70627.1,1032.364,32.361,0,0,0,7.693,95.526,5.369,820.801,0,5.38,5.383,NA,14
"5/24/2022 10:41:21 AM",0.689,29.63,48.949,77.824,70629.9,1032.364,32.361,0.047,0.047,0,7.692,95.484,5.366,786.222,0,5.377,5.38,NA,14
"5/24/2022 10:41:22 AM",0.684,29.637,48.946,77.83,70625.7,1032.36,32.357,0.07,0.07,0.058,7.692,95.33,5.358,652.494,0,5.369,5.372,NA,14
"5/24/2022 10:41:22 AM",0.681,29.639,48.952,77.841,70632,1032.363,32.36,0.086,0.086,0.218,7.691,95.27,5.354,556.15,0,5.365,5.368,NA,14
"5/24/2022 10:41:22 AM",0.665,29.642,48.957,77.852,70638.6,1032.366,32.363,0.078,0.078,0.146,7.692,95.18,5.349,686.309,0,5.359,5.362,NA,14
"5/24/2022 10:41:22 AM",0.66,29.643,48.965,77.865,70648.5,1032.372,32.369,0.023,0.023,0.087,7.692,95.234,5.351,693.615,0,5.362,5.365,NA,14
"5/24/2022 10:41:22 AM",0.649,29.643,48.972,77.874,70656.6,1032.377,32.374,0.078,0.078,0.087,7.695,95.387,5.36,791.065,0,5.37,5.373,NA,14
"5/24/2022 10:41:23 AM",0.641,29.641,48.98,77.884,70667.7,1032.384,32.381,0.031,0.031,0.146,7.697,95.349,5.357,788.856,0,5.368,5.371,NA,14
"5/24/2022 10:41:23 AM",0.651,29.641,48.985,77.89,70673.1,1032.387,32.384,0.117,0.117,0.218,7.697,95.323,5.356,802.704,0,5.366,5.369,NA,14
"5/24/2022 10:41:23 AM",0.681,29.64,48.993,77.9,70684,1032.394,32.391,0.055,0.055,0,7.7,95.395,5.359,824.029,0,5.37,5.373,NA,14
"5/24/2022 10:41:23 AM",0.71,29.64,48.994,77.901,70685.7,1032.395,32.392,0.062,0.062,0.015,7.696,95.496,5.364,779.085,0,5.375,5.378,NA,14
"5/24/2022 10:41:23 AM",0.734,29.639,48.995,77.899,70686.1,1032.396,32.393,0.07,0.07,0.073,7.697,95.467,5.363,742.042,0,5.373,5.376,NA,14
"5/24/2022 10:41:24 AM",0.761,29.638,48.997,77.901,70688.6,1032.398,32.395,0,0,0,7.697,95.476,5.363,801.26,0,5.374,5.377,NA,14
"5/24/2022 10:41:24 AM",0.797,29.64,48.995,77.902,70687,1032.397,32.393,0.133,0.133,0.16,7.697,95.418,5.36,536.694,0,5.37,5.373,NA,14
"5/24/2022 10:41:24 AM",0.828,29.638,48.995,77.898,70686.3,1032.397,32.393,0.148,0.148,0.248,7.695,95.481,5.363,709.078,0,5.374,5.377,NA,14
"5/24/2022 10:41:24 AM",0.842,29.634,49.01,77.914,70706.1,1032.41,32.406,0,0,0,7.694,95.42,5.359,616.471,0,5.37,5.373,NA,14
"5/24/2022 10:41:24 AM",0.858,29.63,49.026,77.931,70727,1032.424,32.42,0.101,0.101,0.306,7.695,95.673,5.373,639.92,0,5.384,5.387,NA,14
"5/24/2022 10:41:25 AM",0.87,29.632,49.035,77.945,70737.2,1032.429,32.426,0,0,0,7.697,95.6,5.369,896.585,0,5.38,5.383,NA,14
"5/24/2022 10:41:25 AM",0.902,29.636,49.041,77.96,70744.4,1032.433,32.429,0.172,0.172,0.349,7.701,95.726,5.376,892.677,0,5.387,5.39,NA,14
"5/24/2022 10:41:25 AM",0.968,29.64,49.042,77.967,70745.3,1032.432,32.428,0.047,0.047,0.029,7.704,95.853,5.384,1117.312,0,5.394,5.397,NA,14
"5/24/2022 10:41:25 AM",1.056,29.637,49.047,77.969,70751.7,1032.437,32.433,0,0,0,7.705,95.83,5.382,696.419,0,5.393,5.396,NA,14
"5/24/2022 10:41:25 AM",1.152,29.632,49.055,77.973,70762.2,1032.445,32.441,0.156,0.156,0.422,7.706,95.917,5.387,572.972,0,5.398,5.401,NA,14
"5/24/2022 10:41:26 AM",1.237,29.633,49.06,77.981,70768.4,1032.449,32.444,0.172,0.172,0.233,7.705,96.06,5.395,581.723,0,5.406,5.409,NA,14
"5/24/2022 10:41:26 AM",1.366,29.632,49.07,77.995,70781.8,1032.458,32.452,0.117,0.117,0.189,7.707,96.179,5.406,665.323,0,5.417,5.42,NA,14
"5/24/2022 10:41:26 AM",1.444,29.62,49.086,77.999,70803.4,1032.475,32.469,0.062,0.062,0.073,7.707,96.207,5.411,650.795,0,5.422,5.425,NA,14
"5/24/2022 10:41:26 AM",1.509,29.603,49.103,77.998,70826.2,1032.494,32.487,0.14,0.14,0.218,7.707,96.232,5.415,529.812,0,5.426,5.429,NA,14
"5/24/2022 10:41:26 AM",1.543,29.591,49.095,77.971,70818.1,1032.492,32.486,0.078,0.078,0.131,7.707,96.181,5.415,710.692,0,5.426,5.429,NA,14
"5/24/2022 10:41:27 AM",1.552,29.589,49.087,77.957,70808.5,1032.487,32.481,0,0,0,7.707,96.173,5.415,839.322,0,5.426,5.429,NA,14
"5/24/2022 10:41:27 AM",1.543,29.588,49.093,77.963,70815.3,1032.492,32.485,0.101,0.101,0.218,7.708,96.05,5.409,692.766,0,5.42,5.423,NA,14
"5/24/2022 10:41:27 AM",1.556,29.585,49.104,77.975,70829.8,1032.501,32.495,0.062,0.062,0.015,7.711,96.251,5.42,676.623,0,5.431,5.434,NA,14
"5/24/2022 10:41:27 AM",1.577,29.583,49.114,77.985,70842.5,1032.51,32.503,0.016,0.016,0,7.716,96.171,5.415,656.573,0,5.427,5.429,NA,14
"5/24/2022 10:41:27 AM",1.611,29.582,49.121,77.994,70851.9,1032.516,32.509,0.047,0.047,0.058,7.717,96.1,5.411,598.715,0,5.422,5.425,NA,14
"5/24/2022 10:41:28 AM",1.684,29.572,49.128,77.99,70862.2,1032.525,32.518,0,0,0,7.721,96.12,5.412,540.857,0,5.423,5.426,NA,14
"5/24/2022 10:41:28 AM",1.799,29.557,49.13,77.971,70866.3,1032.532,32.524,0.101,0.101,0.204,7.729,96.376,5.426,621.909,0,5.437,5.44,NA,14
"5/24/2022 10:41:28 AM",1.869,29.563,49.14,77.993,70877.7,1032.538,32.53,0.179,0.179,0.262,7.73,96.529,5.435,610.184,0,5.446,5.449,NA,14
"5/24/2022 10:41:28 AM",1.914,29.573,49.142,78.01,70878.9,1032.536,32.528,0.031,0.031,0,7.731,96.373,5.425,678.747,0,5.437,5.44,NA,14
"5/24/2022 10:41:29 AM",1.961,29.576,49.148,78.022,70885.9,1032.539,32.531,0.101,0.101,0.146,7.732,96.099,5.41,556.319,0,5.421,5.424,NA,14
"5/24/2022 10:41:29 AM",2.025,29.582,49.164,78.054,70905.9,1032.55,32.541,0,0,0,7.734,96.014,5.404,701.431,0,5.415,5.418,NA,14
"5/24/2022 10:41:29 AM",2.05,29.577,49.163,78.045,70904.9,1032.551,32.542,0.094,0.094,0.204,7.735,95.992,5.403,630.32,0,5.414,5.417,NA,14
"5/24/2022 10:41:29 AM",2.067,29.571,49.179,78.059,70925.5,1032.565,32.556,0,0,0,7.735,95.926,5.399,647.312,0,5.41,5.413,NA,14
"5/24/2022 10:41:29 AM",2.076,29.572,49.175,78.054,70920.7,1032.562,32.553,0.008,0.008,0,7.734,95.872,5.396,882.482,0,5.407,5.41,NA,14
"5/24/2022 10:41:30 AM",2.105,29.57,49.18,78.058,70926.8,1032.566,32.557,0.062,0.062,0.102,7.734,95.874,5.397,695.144,0,5.408,5.411,NA,14
"5/24/2022 10:41:30 AM",2.168,29.561,49.198,78.069,70950.8,1032.584,32.574,0,0,0,7.741,95.969,5.402,720.038,0,5.413,5.416,NA,14
"5/24/2022 10:41:30 AM",2.217,29.555,49.207,78.075,70962.8,1032.593,32.583,0.086,0.086,0.16,7.745,95.984,5.403,684.949,0,5.414,5.417,NA,14
"5/24/2022 10:41:30 AM",2.274,29.552,49.215,78.081,70973.2,1032.6,32.59,0.125,0.125,0.248,7.748,95.948,5.401,594.382,0,5.413,5.415,NA,14
"5/24/2022 10:41:30 AM",2.332,29.548,49.222,78.085,70982.8,1032.607,32.597,0.023,0.023,0.015,7.751,96.044,5.407,719.868,0,5.418,5.421,NA,14
"5/24/2022 10:41:31 AM",2.399,29.549,49.23,78.097,70992.3,1032.613,32.603,0.031,0.031,0,7.758,96.062,5.408,616.046,0,5.419,5.422,NA,14
"5/24/2022 10:41:31 AM",2.431,29.549,49.224,78.089,70985,1032.609,32.598,0.125,0.125,0.16,7.759,96.027,5.407,679.257,0,5.418,5.421,NA,14
"5/24/2022 10:41:31 AM",2.427,29.549,49.225,78.09,70985.7,1032.609,32.599,0.031,0.031,0,7.76,96.076,5.411,655.893,0,5.422,5.425,NA,14
"5/24/2022 10:41:31 AM",2.436,29.548,49.228,78.093,70990.6,1032.612,32.602,0.055,0.055,0.087,7.759,96.079,5.411,1006.524,0,5.422,5.425,NA,14
"5/24/2022 10:41:31 AM",2.424,29.544,49.235,78.098,70999.9,1032.619,32.609,0.078,0.078,0.175,7.759,96.228,5.42,995.564,0,5.431,5.434,NA,14
"5/24/2022 10:41:32 AM",2.432,29.543,49.249,78.116,71017.6,1032.63,32.62,0.031,0.031,0.029,7.761,96.371,5.428,677.813,0,5.44,5.443,NA,14
"5/24/2022 10:41:32 AM",2.469,29.543,49.258,78.126,71028.1,1032.637,32.626,0.031,0.031,0.029,7.765,96.31,5.425,646.717,0,5.436,5.439,NA,14
"5/24/2022 10:41:32 AM",2.525,29.541,49.265,78.134,71037.7,1032.643,32.632,0.031,0.031,0.015,7.77,96.419,5.431,658.612,0,5.443,5.446,NA,14
"5/24/2022 10:41:32 AM",2.615,29.539,49.27,78.138,71043.4,1032.647,32.636,0.055,0.055,0.058,7.771,96.505,5.436,504.154,0,5.448,5.451,NA,14
"5/24/2022 10:41:32 AM",2.779,29.534,49.28,78.145,71057.1,1032.658,32.646,0.031,0.031,0,7.776,96.927,5.46,677.813,0,5.472,5.475,NA,14
"5/24/2022 10:41:33 AM",2.886,29.531,49.286,78.149,71065.3,1032.664,32.652,0.023,0.023,0,7.776,97.119,5.471,752.917,0,5.483,5.486,NA,14
"5/24/2022 10:41:33 AM",3.01,29.529,49.302,78.169,71085.7,1032.677,32.665,0.109,0.109,0.175,7.774,96.916,5.459,654.364,0,5.471,5.474,NA,14
"5/24/2022 10:41:33 AM",3.125,29.528,49.316,78.185,71102.6,1032.689,32.675,0.086,0.086,0.116,7.778,96.725,5.448,499.566,0,5.459,5.462,NA,14
"5/24/2022 10:41:33 AM",3.25,29.527,49.319,78.189,71107.4,1032.692,32.678,0.101,0.101,0.146,7.781,96.572,5.438,506.788,0,5.45,5.453,NA,14
"5/24/2022 10:41:33 AM",3.406,29.522,49.334,78.203,71126.3,1032.705,32.691,0.094,0.094,0.131,7.771,96.404,5.428,441.028,0,5.439,5.442,NA,14
"5/24/2022 10:41:34 AM",3.507,29.52,49.336,78.204,71129.6,1032.708,32.693,0,0,0,7.77,96.32,5.423,546.719,0,5.434,5.437,NA,14
"5/24/2022 10:41:34 AM",3.593,29.52,49.348,78.219,71144.5,1032.718,32.702,0.047,0.047,0,7.769,96.176,5.414,649.011,0,5.425,5.428,NA,14
"5/24/2022 10:41:34 AM",3.653,29.522,49.358,78.235,71156.2,1032.725,32.709,0.133,0.133,0.218,7.763,96.128,5.411,579.004,0,5.422,5.425,NA,14
"5/24/2022 10:41:34 AM",3.716,29.523,49.363,78.245,71163.3,1032.729,32.713,0.078,0.078,0.087,7.768,95.789,5.391,538.648,0,5.402,5.405,NA,14
"5/24/2022 10:41:34 AM",3.744,29.524,49.364,78.247,71163.9,1032.729,32.713,0.047,0.047,0.058,7.778,95.68,5.385,525.734,0,5.396,5.399,NA,14
"5/24/2022 10:41:35 AM",3.768,29.525,49.365,78.25,71165.8,1032.73,32.714,0.07,0.07,0.073,7.785,95.696,5.386,468.131,0,5.397,5.4,NA,14
"5/24/2022 10:41:35 AM",3.765,29.526,49.365,78.252,71165.5,1032.73,32.714,0.039,0.039,0,7.791,95.814,5.393,608.485,0,5.404,5.407,NA,14
"5/24/2022 10:41:35 AM",3.753,29.527,49.364,78.251,71163.7,1032.728,32.712,0.055,0.055,0.015,7.792,95.936,5.4,793.189,0,5.411,5.414,NA,14
"5/24/2022 10:41:35 AM",3.732,29.527,49.365,78.253,71165.4,1032.729,32.713,0.133,0.133,0.16,7.791,95.95,5.401,531.256,0,5.412,5.415,NA,14
"5/24/2022 10:41:35 AM",3.72,29.527,49.365,78.251,71164.4,1032.729,32.713,0.078,0.078,0.116,7.793,95.873,5.397,478.921,0,5.408,5.411,NA,14
"5/24/2022 10:41:36 AM",3.72,29.526,49.373,78.261,71174.6,1032.735,32.719,0.039,0.039,0,7.8,95.983,5.403,530.067,0,5.414,5.417,NA,14
"5/24/2022 10:41:36 AM",3.732,29.526,49.378,78.268,71180.9,1032.739,32.723,0.062,0.062,0.087,7.806,96.015,5.405,440.179,0,5.416,5.419,NA,14
"5/24/2022 10:41:36 AM",3.763,29.522,49.383,78.27,71187.8,1032.744,32.728,0.031,0.031,0.058,7.811,96.09,5.41,492.09,0,5.421,5.424,NA,14
"5/24/2022 10:41:36 AM",3.831,29.514,49.403,78.287,71214.3,1032.763,32.746,0.016,0.016,0.015,7.816,96.073,5.409,525.989,0,5.42,5.423,NA,14
"5/24/2022 10:41:36 AM",3.88,29.508,49.412,78.29,71225.7,1032.771,32.755,0.094,0.094,0.189,7.811,96.191,5.415,504.579,0,5.426,5.429,NA,14
"5/24/2022 10:41:37 AM",3.939,29.505,49.418,78.294,71234.4,1032.778,32.761,0.062,0.062,0.073,7.811,96.005,5.405,459.38,0,5.416,5.419,NA,14
"5/24/2022 10:41:37 AM",4.006,29.504,49.411,78.283,71225.1,1032.773,32.756,0,0,0,7.811,96.045,5.408,470.255,0,5.419,5.422,NA,14
"5/24/2022 10:41:37 AM",4.12,29.504,49.415,78.288,71229.9,1032.776,32.759,0.062,0.062,0.16,7.812,96.112,5.412,471.699,0,5.423,5.426,NA,14
"5/24/2022 10:41:37 AM",4.201,29.504,49.418,78.294,71234.4,1032.779,32.761,0.07,0.07,0.116,7.812,96.151,5.414,519.022,0,5.425,5.428,NA,14
"5/24/2022 10:41:37 AM",4.288,29.503,49.428,78.305,71246.5,1032.787,32.769,0.094,0.094,0.16,7.812,96.017,5.406,589.624,0,5.418,5.421,NA,14
"5/24/2022 10:41:38 AM",4.379,29.5,49.434,78.31,71255.4,1032.794,32.775,0.101,0.101,0.16,7.809,96.052,5.408,416.985,0,5.419,5.422,NA,14
"5/24/2022 10:41:38 AM",4.455,29.498,49.442,78.317,71264.6,1032.8,32.781,0.055,0.055,0.044,7.804,95.927,5.401,420.978,0,5.412,5.415,NA,14
"5/24/2022 10:41:38 AM",4.532,29.502,49.455,78.341,71280.6,1032.809,32.79,0.07,0.07,0.102,7.799,95.827,5.396,353.774,0,5.407,5.41,NA,14
"5/24/2022 10:41:38 AM",4.575,29.504,49.458,78.347,71284.6,1032.811,32.792,0.016,0.016,0,7.799,95.844,5.397,478.241,0,5.408,5.411,NA,14
"5/24/2022 10:41:39 AM",4.624,29.504,49.46,78.35,71286.8,1032.812,32.793,0.062,0.062,0.058,7.801,95.785,5.395,695.569,0,5.406,5.409,NA,14
"5/24/2022 10:41:39 AM",4.666,29.504,49.462,78.353,71290,1032.815,32.795,0.133,0.133,0.218,7.803,95.742,5.393,758.61,0,5.404,5.407,NA,14
"5/24/2022 10:41:39 AM",4.678,29.506,49.462,78.357,71289.7,1032.814,32.794,0.062,0.062,0.058,7.805,95.683,5.39,433.382,0,5.401,5.404,NA,14
"5/24/2022 10:41:39 AM",4.66,29.507,49.462,78.358,71289.5,1032.814,32.794,0.008,0.008,0,7.802,95.773,5.396,517.068,0,5.407,5.41,NA,14
"5/24/2022 10:41:39 AM",4.62,29.508,49.464,78.361,71291,1032.814,32.794,0.07,0.07,0.116,7.801,95.781,5.397,605.257,0,5.409,5.412,NA,14
"5/24/2022 10:41:40 AM",4.556,29.507,49.464,78.36,71291.5,1032.814,32.795,0.047,0.047,0,7.799,95.826,5.401,569.318,0,5.412,5.415,NA,14
"5/24/2022 10:41:40 AM",4.429,29.506,49.476,78.376,71307.2,1032.824,32.805,0.07,0.07,0.131,7.803,95.894,5.406,439.414,0,5.417,5.42,NA,14
"5/24/2022 10:41:40 AM",4.328,29.505,49.479,78.377,71310.2,1032.825,32.807,0.023,0.023,0.015,7.81,95.984,5.412,398.888,0,5.423,5.426,NA,14
"5/24/2022 10:41:40 AM",4.226,29.505,49.48,78.379,71312.1,1032.826,32.808,0.039,0.039,0.029,7.823,95.99,5.414,396.169,0,5.425,5.428,NA,14
"5/24/2022 10:41:40 AM",4.13,29.504,49.486,78.386,71319.8,1032.831,32.813,0,0,0,7.825,95.92,5.412,483.424,0,5.423,5.426,NA,14
"5/24/2022 10:41:41 AM",4.005,29.504,49.489,78.39,71323.6,1032.832,32.815,0.023,0.023,0,7.819,95.765,5.405,614.177,0,5.416,5.419,NA,14
"5/24/2022 10:41:41 AM",3.942,29.504,49.497,78.401,71332.5,1032.837,32.821,0.062,0.062,0.044,7.814,95.759,5.406,408.574,0,5.417,5.42,NA,14
"5/24/2022 10:41:41 AM",3.892,29.505,49.5,78.406,71336,1032.839,32.823,0.008,0.008,0.044,7.809,95.66,5.401,520.381,0,5.412,5.415,NA,14
"5/24/2022 10:41:41 AM",3.86,29.505,49.503,78.411,71339.8,1032.841,32.825,0.047,0.047,0.058,7.807,95.757,5.407,523.525,0,5.418,5.421,NA,14
"5/24/2022 10:41:41 AM",3.838,29.506,49.507,78.418,71345.8,1032.845,32.828,0.039,0.039,0.044,7.805,95.572,5.396,561.757,0,5.408,5.411,NA,14
"5/24/2022 10:41:42 AM",3.833,29.507,49.511,78.425,71350,1032.847,32.83,0.031,0.031,0.029,7.803,95.771,5.407,522.76,0,5.419,5.422,NA,14
"5/24/2022 10:41:42 AM",3.834,29.507,49.513,78.428,71353.2,1032.849,32.832,0.078,0.078,0.058,7.8,95.59,5.397,539.073,0,5.409,5.412,NA,14
"5/24/2022 10:41:42 AM",3.841,29.506,49.52,78.435,71361,1032.854,32.837,0.078,0.078,0.029,7.799,95.473,5.39,522.59,0,5.401,5.404,NA,14
"5/24/2022 10:41:42 AM",3.878,29.506,49.524,78.442,71367.1,1032.858,32.841,0.094,0.094,0.116,7.803,95.471,5.389,504.239,0,5.401,5.404,NA,14
"5/24/2022 10:41:42 AM",3.914,29.506,49.529,78.448,71372.4,1032.861,32.844,0.055,0.055,0.044,7.802,95.398,5.385,490.39,0,5.396,5.399,NA,14
"5/24/2022 10:41:43 AM",3.954,29.505,49.532,78.451,71376.9,1032.864,32.847,0.062,0.062,0.087,7.799,95.416,5.385,516.728,0,5.396,5.4,NA,14
"5/24/2022 10:41:43 AM",3.994,29.506,49.535,78.456,71380.1,1032.866,32.849,0.07,0.07,0.058,7.796,95.34,5.381,491.58,0,5.392,5.395,NA,14
"5/24/2022 10:41:43 AM",4.04,29.508,49.533,78.456,71377.6,1032.864,32.847,0.047,0.047,0.044,7.794,95.276,5.376,437.46,0,5.387,5.391,NA,14
"5/24/2022 10:41:43 AM",4.066,29.506,49.538,78.46,71384.4,1032.869,32.852,0.078,0.078,0.073,7.794,95.215,5.373,411.547,0,5.384,5.387,NA,14
"5/24/2022 10:41:43 AM",4.092,29.504,49.543,78.465,71391.3,1032.874,32.856,0.062,0.062,0.058,7.793,95.24,5.373,399.823,0,5.385,5.388,NA,14
"5/24/2022 10:41:44 AM",4.113,29.505,49.546,78.47,71394.7,1032.875,32.858,0.055,0.055,0.073,7.792,95.395,5.382,377.308,0,5.393,5.396,NA,14
"5/24/2022 10:41:44 AM",4.194,29.503,49.554,78.478,71404.3,1032.882,32.864,0.023,0.023,0,7.79,95.373,5.38,480.705,0,5.391,5.395,NA,14
"5/24/2022 10:41:44 AM",4.29,29.501,49.558,78.48,71409.3,1032.886,32.868,0.039,0.039,0.087,7.786,95.355,5.379,493.364,0,5.39,5.393,NA,14
"5/24/2022 10:41:44 AM",4.368,29.502,49.565,78.491,71418,1032.892,32.873,0.094,0.094,0.218,7.782,95.536,5.389,437.46,0,5.401,5.404,NA,14
"5/24/2022 10:41:44 AM",4.436,29.502,49.571,78.5,71426.2,1032.897,32.878,0.101,0.101,0.175,7.779,95.576,5.392,408.319,0,5.403,5.406,NA,14
"5/24/2022 10:41:45 AM",4.485,29.501,49.578,78.509,71434.7,1032.902,32.883,0.062,0.062,0.058,7.778,95.367,5.38,438.904,0,5.391,5.394,NA,14
"5/24/2022 10:41:45 AM",4.476,29.504,49.578,78.513,71434.8,1032.902,32.882,0.031,0.031,0,7.778,95.37,5.38,553.516,0,5.391,5.394,NA,14
"5/24/2022 10:41:45 AM",4.459,29.504,49.581,78.518,71438.5,1032.903,32.885,0.101,0.101,0.044,7.778,95.4,5.382,580.108,0,5.393,5.396,NA,14
"5/24/2022 10:41:45 AM",4.448,29.505,49.582,78.52,71439.8,1032.904,32.885,0.062,0.062,0.073,7.776,95.374,5.38,519.362,0,5.392,5.395,NA,14
"5/24/2022 10:41:46 AM",4.441,29.505,49.589,78.529,71448.4,1032.909,32.891,0.078,0.078,0.102,7.776,95.338,5.378,441.878,0,5.389,5.392,NA,14
"5/24/2022 10:41:46 AM",4.44,29.504,49.597,78.538,71457.9,1032.915,32.896,0.07,0.07,0.087,7.778,95.308,5.376,424.291,0,5.387,5.39,NA,14
"5/24/2022 10:41:46 AM",4.448,29.505,49.599,78.543,71461.1,1032.917,32.898,0.195,0.195,0.029,7.781,95.359,5.379,455.132,0,5.39,5.393,NA,14
"5/24/2022 10:41:46 AM",4.46,29.505,49.602,78.548,71464.5,1032.919,32.9,0.101,0.101,0.058,7.783,95.348,5.378,456.406,0,5.389,5.392,NA,14
"5/24/2022 10:41:46 AM",4.48,29.506,49.607,78.555,71471.1,1032.923,32.904,0.086,0.086,0,7.789,95.339,5.377,504.834,0,5.388,5.391,NA,14
"5/24/2022 10:41:47 AM",4.502,29.506,49.61,78.559,71474.4,1032.925,32.906,0.078,0.078,0.087,7.788,95.276,5.373,615.452,0,5.385,5.388,NA,14
"5/24/2022 10:41:47 AM",4.582,29.502,49.616,78.563,71482.2,1032.931,32.912,0.055,0.055,0.044,7.787,95.428,5.382,499.821,0,5.393,5.396,NA,14
"5/24/2022 10:41:47 AM",4.643,29.503,49.62,78.569,71487,1032.934,32.914,0.101,0.101,0.087,7.788,95.375,5.378,626.242,0,5.39,5.393,NA,14
"5/24/2022 10:41:47 AM",4.685,29.502,49.626,78.577,71494.9,1032.939,32.919,0.062,0.062,0.087,7.79,95.278,5.373,599.309,0,5.384,5.387,NA,14
"5/24/2022 10:41:47 AM",4.704,29.503,49.627,78.579,71496.6,1032.94,32.92,0.086,0.086,0.175,7.791,95.375,5.378,452.753,0,5.389,5.392,NA,14
"5/24/2022 10:41:48 AM",4.704,29.505,49.626,78.58,71494.9,1032.939,32.919,0.062,0.062,0.073,7.794,95.372,5.378,472.039,0,5.389,5.392,NA,14
"5/24/2022 10:41:48 AM",4.678,29.505,49.63,78.585,71499.1,1032.941,32.921,0.031,0.031,0,7.8,95.298,5.374,573.736,0,5.385,5.388,NA,14
"5/24/2022 10:41:48 AM",4.662,29.505,49.635,78.592,71505.4,1032.945,32.925,0,0,0,7.801,95.289,5.373,621.059,0,5.384,5.387,NA,14
"5/24/2022 10:41:48 AM",4.676,29.505,49.639,78.597,71510.7,1032.948,32.928,0.117,0.117,0.218,7.8,95.237,5.37,758.1,0,5.381,5.384,NA,14
"5/24/2022 10:41:48 AM",4.721,29.502,49.645,78.604,71519.3,1032.954,32.934,0.117,0.117,0.218,7.801,95.336,5.376,1070.923,0,5.387,5.39,NA,14
"5/24/2022 10:41:49 AM",4.86,29.5,49.648,78.604,71523.4,1032.958,32.937,0.023,0.023,0,7.795,95.398,5.379,540.857,0,5.39,5.393,NA,14
"5/24/2022 10:41:49 AM",4.979,29.498,49.652,78.607,71528.3,1032.962,32.941,0.039,0.039,0.029,7.794,95.541,5.387,522.59,0,5.399,5.402,NA,14
"5/24/2022 10:41:49 AM",5.106,29.497,49.658,78.612,71535.5,1032.967,32.945,0.023,0.023,0,7.793,95.742,5.399,403.221,0,5.41,5.413,NA,14
"5/24/2022 10:41:49 AM",5.25,29.497,49.664,78.621,71543.1,1032.972,32.95,0.062,0.062,0.102,7.793,95.639,5.394,434.147,0,5.405,5.408,NA,14
"5/24/2022 10:41:49 AM",5.391,29.496,49.67,78.628,71550.7,1032.977,32.955,0.047,0.047,0.058,7.793,95.421,5.382,415.54,0,5.393,5.396,NA,14
"5/24/2022 10:41:50 AM",5.551,29.496,49.681,78.644,71565.2,1032.987,32.963,0.109,0.109,0.189,7.795,95.254,5.373,501.86,0,5.385,5.388,NA,14
"5/24/2022 10:41:50 AM",5.634,29.496,49.686,78.65,71570.8,1032.991,32.967,0.117,0.117,0.16,7.795,95.128,5.367,526.244,0,5.378,5.381,NA,14
"5/24/2022 10:41:50 AM",5.73,29.496,49.689,78.655,71575.6,1032.994,32.97,0.094,0.094,0.116,7.796,94.957,5.358,611.374,0,5.369,5.372,NA,14
"5/24/2022 10:41:50 AM",5.841,29.496,49.695,78.662,71582.2,1032.999,32.974,0.07,0.07,0.058,7.797,94.976,5.359,541.366,0,5.37,5.373,NA,14
"5/24/2022 10:41:50 AM",5.919,29.495,49.701,78.67,71589.7,1033.003,32.978,0.086,0.086,0.102,7.797,94.988,5.36,501.095,0,5.371,5.374,NA,14
"5/24/2022 10:41:51 AM",6.01,29.496,49.695,78.662,71582.2,1032.999,32.973,0.047,0.047,0.044,7.796,94.773,5.348,422.932,0,5.359,5.363,NA,14
"5/24/2022 10:41:51 AM",6.084,29.495,49.712,78.686,71604.2,1033.013,32.987,0.07,0.07,0.044,7.797,94.889,5.355,511.715,0,5.366,5.369,NA,14
"5/24/2022 10:41:51 AM",6.152,29.496,49.721,78.698,71615.3,1033.02,32.994,0.062,0.062,0.044,7.799,94.735,5.346,590.388,0,5.357,5.36,NA,14
"5/24/2022 10:41:51 AM",6.218,29.496,49.726,78.705,71621.2,1033.024,32.997,0.086,0.086,0.087,7.8,94.705,5.344,585.036,0,5.355,5.358,NA,14
"5/24/2022 10:41:51 AM",6.349,29.495,49.731,78.712,71628.4,1033.029,33.002,0.055,0.055,0.044,7.801,94.698,5.343,494.638,0,5.355,5.358,NA,14
"5/24/2022 10:41:52 AM",6.464,29.495,49.736,78.719,71634.9,1033.033,33.006,0.047,0.047,0.044,7.804,94.677,5.342,468.725,0,5.354,5.357,NA,14
"5/24/2022 10:41:52 AM",6.603,29.495,49.74,78.724,71639.8,1033.037,33.008,0.023,0.023,0.015,7.806,94.689,5.343,418.344,0,5.354,5.357,NA,14
"5/24/2022 10:41:52 AM",6.73,29.494,49.746,78.731,71646.5,1033.041,33.013,0.07,0.07,0.087,7.809,94.597,5.338,350.631,0,5.349,5.352,NA,14
"5/24/2022 10:41:52 AM",6.916,29.494,49.752,78.74,71654.8,1033.047,33.018,0.094,0.094,0.116,7.811,94.4,5.327,366.943,0,5.338,5.341,NA,14
"5/24/2022 10:41:52 AM",7.043,29.494,49.759,78.749,71663,1033.053,33.023,0.062,0.062,0.058,7.811,94.308,5.322,375.354,0,5.333,5.336,NA,14
"5/24/2022 10:41:53 AM",7.171,29.494,49.761,78.751,71665.4,1033.055,33.024,0.07,0.07,0.015,7.811,94.396,5.327,344.344,0,5.338,5.341,NA,14
"5/24/2022 10:41:53 AM",7.317,29.494,49.767,78.761,71674.1,1033.06,33.029,0.031,0.031,0,7.811,94.325,5.323,434.317,0,5.334,5.337,NA,14
"5/24/2022 10:41:53 AM",7.517,29.494,49.773,78.768,71681.3,1033.066,33.034,0.086,0.086,0.102,7.812,94.267,5.319,411.547,0,5.33,5.333,NA,14
"5/24/2022 10:41:53 AM",7.649,29.495,49.775,78.772,71683.6,1033.067,33.035,0.055,0.055,0.073,7.811,94.246,5.318,457.766,0,5.329,5.332,NA,14
"5/24/2022 10:41:53 AM",7.783,29.494,49.779,78.776,71688.6,1033.071,33.038,0.07,0.07,0.087,7.811,94.225,5.317,509.336,0,5.328,5.331,NA,14
"5/24/2022 10:41:54 AM",7.903,29.494,49.782,78.78,71692.6,1033.074,33.04,0.086,0.086,0.102,7.812,94.138,5.313,487.926,0,5.324,5.327,NA,14
"5/24/2022 10:41:54 AM",8.008,29.494,49.785,78.784,71696.5,1033.077,33.043,0.078,0.078,0.116,7.813,94.12,5.311,472.889,0,5.322,5.326,NA,14
"5/24/2022 10:41:54 AM",8.114,29.493,49.788,78.788,71699.8,1033.079,33.045,0.094,0.094,0.131,7.814,93.989,5.304,502.795,0,5.315,5.318,NA,14
"5/24/2022 10:41:54 AM",8.145,29.493,49.792,78.794,71705.6,1033.083,33.048,0.086,0.086,0.131,7.815,94.088,5.31,554.79,0,5.321,5.324,NA,14
"5/24/2022 10:41:54 AM",8.166,29.495,49.793,78.797,71706.2,1033.083,33.048,0.078,0.078,0.044,7.818,94.014,5.306,647.227,0,5.317,5.32,NA,14
"5/24/2022 10:41:55 AM",8.178,29.495,49.795,78.8,71708.3,1033.084,33.049,0.109,0.109,0.248,7.82,93.888,5.299,554.62,0,5.31,5.313,NA,14
"5/24/2022 10:41:55 AM",8.228,29.497,49.799,78.808,71714.1,1033.088,33.053,0.055,0.055,0.073,7.824,93.838,5.296,495.403,0,5.307,5.31,NA,14
"5/24/2022 10:41:55 AM",8.303,29.495,49.806,78.815,71722.8,1033.094,33.058,0.07,0.07,0.248,7.825,93.898,5.299,473.908,0,5.311,5.314,NA,14
"5/24/2022 10:41:55 AM",8.4,29.494,49.808,78.817,71725.9,1033.096,33.06,0.023,0.023,0.073,7.825,93.953,5.303,477.391,0,5.314,5.317,NA,14
"5/24/2022 10:41:56 AM",8.515,29.492,49.812,78.82,71730.3,1033.1,33.063,0.047,0.047,0.058,7.825,93.829,5.296,522.505,0,5.307,5.31,NA,14
"5/24/2022 10:41:56 AM",8.602,29.492,49.816,78.825,71736,1033.104,33.067,0.086,0.086,0.175,7.825,93.836,5.296,598.46,0,5.307,5.31,NA,14
"5/24/2022 10:41:56 AM",8.739,29.491,49.82,78.829,71741.3,1033.108,33.071,0.055,0.055,0.073,7.825,93.684,5.288,454.792,0,5.299,5.302,NA,14
"5/24/2022 10:41:56 AM",8.828,29.491,49.821,78.83,71741.8,1033.108,33.071,0.031,0.031,0.029,7.825,93.849,5.297,437.375,0,5.308,5.311,NA,14
"5/24/2022 10:41:56 AM",8.913,29.491,49.826,78.838,71748.9,1033.113,33.075,0.031,0.031,0.029,7.823,93.778,5.293,405.77,0,5.304,5.307,NA,14
"5/24/2022 10:41:57 AM",8.969,29.491,49.829,78.842,71752.8,1033.116,33.077,0.062,0.062,0.044,7.822,93.594,5.283,475.522,0,5.294,5.297,NA,14
"5/24/2022 10:41:57 AM",8.995,29.492,49.832,78.847,71755.7,1033.117,33.079,0.047,0.047,0.044,7.821,93.675,5.288,531.511,0,5.299,5.302,NA,14
"5/24/2022 10:41:57 AM",9.018,29.494,49.833,78.851,71757.1,1033.118,33.079,0.062,0.062,0.087,7.824,93.62,5.285,449.015,0,5.296,5.299,NA,14
"5/24/2022 10:41:57 AM",9.026,29.494,49.835,78.855,71760,1033.119,33.081,0.086,0.086,0.102,7.826,93.692,5.289,434.656,0,5.3,5.303,NA,14
"5/24/2022 10:41:57 AM",9.026,29.495,49.838,78.86,71763.3,1033.121,33.083,0.078,0.078,0.102,7.828,93.636,5.286,434.232,0,5.297,5.3,NA,14
"5/24/2022 10:41:58 AM",9.049,29.495,49.839,78.862,71764.8,1033.122,33.084,0.062,0.062,0.102,7.837,93.671,5.288,425.311,0,5.299,5.302,NA,14
"5/24/2022 10:41:58 AM",9.167,29.492,49.847,78.868,71774.3,1033.129,33.09,0.078,0.078,0.073,7.849,93.625,5.285,403.391,0,5.296,5.299,NA,14
"5/24/2022 10:41:58 AM",9.282,29.49,49.851,78.871,71780.3,1033.134,33.094,0.039,0.039,0.015,7.852,93.559,5.282,398.293,0,5.293,5.296,NA,14
"5/24/2022 10:41:58 AM",9.391,29.489,49.856,78.876,71786.3,1033.138,33.098,0.031,0.031,0,7.853,93.711,5.29,501.18,0,5.302,5.305,NA,14
"5/24/2022 10:41:58 AM",9.461,29.489,49.859,78.881,71790.4,1033.141,33.101,0.078,0.078,0.116,7.851,93.689,5.289,558.104,0,5.3,5.303,NA,14
"5/24/2022 10:41:59 AM",9.487,29.489,49.861,78.884,71793.2,1033.142,33.102,0.078,0.078,0.146,7.851,93.634,5.286,521.316,0,5.297,5.301,NA,14
"5/24/2022 10:41:59 AM",9.47,29.491,49.862,78.887,71793.2,1033.142,33.102,0.07,0.07,0.087,7.85,93.636,5.287,462.693,0,5.298,5.301,NA,14
"5/24/2022 10:41:59 AM",9.447,29.491,49.865,78.892,71797.9,1033.145,33.105,0.055,0.055,0.058,7.85,93.621,5.286,438.904,0,5.297,5.3,NA,14
"5/24/2022 10:41:59 AM",9.407,29.492,49.866,78.895,71799.2,1033.145,33.105,0.031,0.031,0.044,7.851,93.597,5.285,495.148,0,5.296,5.299,NA,14
"5/24/2022 10:41:59 AM",9.338,29.492,49.868,78.897,71801.5,1033.146,33.106,0.055,0.055,0.073,7.851,93.657,5.288,463.118,0,5.299,5.302,NA,14
"5/24/2022 10:42:00 AM",9.164,29.492,49.874,78.904,71808.3,1033.15,33.111,0.062,0.062,0.073,7.852,93.668,5.289,404.411,0,5.3,5.303,NA,14
"5/24/2022 10:42:00 AM",9.004,29.492,49.876,78.907,71811.3,1033.151,33.113,0.133,0.133,0.044,7.852,93.716,5.292,425.99,0,5.303,5.306,NA,14
"5/24/2022 10:42:00 AM",8.835,29.492,49.878,78.91,71813,1033.151,33.114,0.086,0.086,0.029,7.853,93.822,5.298,423.187,0,5.309,5.312,NA,14
"5/24/2022 10:42:00 AM",8.696,29.493,49.878,78.911,71812.9,1033.15,33.113,0.055,0.055,0.058,7.853,94.03,5.31,410.528,0,5.321,5.324,NA,14
"5/24/2022 10:42:00 AM",8.541,29.494,49.884,78.921,71820.1,1033.154,33.117,0.055,0.055,0.044,7.854,94.141,5.316,486.142,0,5.327,5.33,NA,14
"5/24/2022 10:42:01 AM",8.484,29.494,49.885,78.922,71821.6,1033.155,33.118,0.062,0.062,0.073,7.856,94.125,5.315,557.084,0,5.326,5.329,NA,14
"5/24/2022 10:42:01 AM",8.446,29.494,49.889,78.927,71826.4,1033.157,33.121,0.062,0.062,0.073,7.858,94.138,5.316,497.782,0,5.327,5.33,NA,14
"5/24/2022 10:42:01 AM",8.38,29.494,49.889,78.928,71826.2,1033.157,33.121,0.055,0.055,0.058,7.861,94.191,5.319,456.066,0,5.33,5.334,NA,14
"5/24/2022 10:42:01 AM",8.279,29.495,49.893,78.935,71831.8,1033.16,33.124,0.031,0.031,0.044,7.863,94.054,5.311,373.91,0,5.322,5.326,NA,14
"5/24/2022 10:42:01 AM",8.056,29.496,49.896,78.939,71834.6,1033.16,33.126,0.039,0.039,0,7.864,93.914,5.304,474.418,0,5.315,5.318,NA,14
"5/24/2022 10:42:02 AM",7.924,29.496,49.896,78.94,71834.4,1033.159,33.126,0.047,0.047,0,7.863,93.97,5.307,460.654,0,5.318,5.321,NA,14
"5/24/2022 10:42:02 AM",7.783,29.496,49.898,78.942,71836.7,1033.16,33.127,0.047,0.047,0,7.863,94.072,5.313,419.449,0,5.324,5.327,NA,14
"5/24/2022 10:42:02 AM",7.649,29.497,49.901,78.947,71840.6,1033.162,33.129,0.039,0.039,0.015,7.864,94.077,5.313,396.849,0,5.324,5.328,NA,14
"5/24/2022 10:42:02 AM",7.453,29.496,49.904,78.951,71845,1033.164,33.132,0.039,0.039,0.044,7.866,94.074,5.313,401.692,0,5.325,5.328,NA,14
"5/24/2022 10:42:02 AM",7.309,29.496,49.91,78.959,71852,1033.168,33.137,0.031,0.031,0.015,7.867,94.194,5.32,431.173,0,5.331,5.334,NA,14
"5/24/2022 10:42:03 AM",7.178,29.497,49.911,78.961,71853.1,1033.168,33.137,0.047,0.047,0.073,7.87,94.231,5.322,421.658,0,5.334,5.337,NA,14
"5/24/2022 10:42:03 AM",7.037,29.496,49.917,78.968,71861.2,1033.172,33.142,0.062,0.062,0.044,7.872,94.318,5.327,599.309,0,5.339,5.342,NA,14
"5/24/2022 10:42:03 AM",6.838,29.496,49.934,78.992,71882.2,1033.184,33.155,0.07,0.07,0.102,7.876,94.443,5.334,617.831,0,5.346,5.349,NA,14
"5/24/2022 10:42:03 AM",6.735,29.497,49.937,78.996,71884.8,1033.185,33.156,0.047,0.047,0.073,7.878,94.535,5.339,689.027,0,5.351,5.354,NA,14
"5/24/2022 10:42:03 AM",6.618,29.498,49.935,78.996,71883.2,1033.183,33.155,0.062,0.062,0.16,7.879,94.531,5.339,464.138,0,5.351,5.354,NA,14
"5/24/2022 10:42:04 AM",6.512,29.497,49.936,78.996,71884.1,1033.184,33.156,0.055,0.055,0.146,7.88,94.638,5.345,348.082,0,5.357,5.36,NA,14
"5/24/2022 10:42:04 AM",6.389,29.497,49.938,78.999,71886.4,1033.185,33.157,0.039,0.039,0.044,7.88,94.675,5.348,376.883,0,5.359,5.362,NA,14
"5/24/2022 10:42:04 AM",6.222,29.498,49.939,79,71887.4,1033.184,33.158,0.008,0.008,0,7.885,94.775,5.353,357.428,0,5.365,5.368,NA,14
"5/24/2022 10:42:04 AM",6.14,29.498,49.937,78.999,71885.5,1033.183,33.157,0.055,0.055,0.058,7.889,94.706,5.35,440.859,0,5.361,5.364,NA,14
"5/24/2022 10:42:05 AM",6.078,29.498,49.937,78.998,71884.9,1033.182,33.156,0.062,0.062,0.073,7.891,94.76,5.353,473.483,0,5.364,5.367,NA,14
"5/24/2022 10:42:05 AM",6.007,29.498,49.939,79.001,71887.2,1033.183,33.158,0.055,0.055,0.073,7.893,94.833,5.357,414.521,0,5.369,5.372,NA,14
"5/24/2022 10:42:05 AM",5.85,29.498,49.941,79.003,71889.7,1033.184,33.159,0.039,0.039,0,7.896,94.85,5.358,594.976,0,5.37,5.373,NA,14
"5/24/2022 10:42:05 AM",5.714,29.498,49.939,79.001,71887.5,1033.182,33.158,0.094,0.094,0.146,7.895,94.837,5.358,585.461,0,5.369,5.372,NA,14
"5/24/2022 10:42:05 AM",5.546,29.498,49.937,78.998,71885.2,1033.18,33.157,0.055,0.055,0.102,7.894,94.891,5.361,816.383,0,5.372,5.376,NA,14
"5/24/2022 10:42:06 AM",5.365,29.498,49.938,78.999,71885.7,1033.18,33.157,0.008,0.008,0,7.893,95.098,5.373,767.446,0,5.384,5.387,NA,14
"5/24/2022 10:42:06 AM",5.191,29.498,49.937,78.998,71884.8,1033.179,33.157,0.062,0.062,0.131,7.893,95.07,5.372,579.853,0,5.383,5.386,NA,14
"5/24/2022 10:42:06 AM",4.991,29.498,49.936,78.996,71883.6,1033.177,33.156,0.055,0.055,0.058,7.896,95.137,5.376,556.404,0,5.387,5.39,NA,14
"5/24/2022 10:42:06 AM",4.863,29.498,49.936,78.996,71882.7,1033.176,33.155,0.047,0.047,0,7.899,95.218,5.381,475.692,0,5.392,5.395,NA,14
"5/24/2022 10:42:06 AM",4.744,29.499,49.934,78.995,71880.8,1033.174,33.154,0.039,0.039,0.015,7.901,95.18,5.379,390.052,0,5.39,5.394,NA,14
"5/24/2022 10:42:07 AM",4.621,29.5,49.932,78.994,71878.3,1033.172,33.152,0.055,0.055,0.015,7.901,95.211,5.381,510.186,0,5.392,5.396,NA,14
"5/24/2022 10:42:07 AM",4.416,29.5,49.934,78.996,71879.6,1033.172,33.153,0.109,0.109,0.102,7.901,95.414,5.393,435.761,0,5.404,5.407,NA,14
"5/24/2022 10:42:07 AM",4.28,29.502,49.921,78.98,71863.4,1033.161,33.143,0.078,0.078,0.058,7.901,95.301,5.387,458.445,0,5.398,5.401,NA,14
"5/24/2022 10:42:07 AM",4.164,29.502,49.922,78.982,71864.6,1033.161,33.144,0.062,0.062,0,7.901,95.368,5.391,427.86,0,5.402,5.406,NA,14
"5/24/2022 10:42:07 AM",4.054,29.503,49.924,78.986,71866.8,1033.162,33.145,0.078,0.078,0,7.902,95.433,5.395,450.374,0,5.406,5.41,NA,14
"5/24/2022 10:42:08 AM",3.953,29.503,49.925,78.987,71868.1,1033.162,33.146,0.094,0.094,0.131,7.904,95.55,5.401,388.693,0,5.413,5.416,NA,14
"5/24/2022 10:42:08 AM",3.833,29.503,49.926,78.989,71869.4,1033.163,33.146,0.07,0.07,0.116,7.906,95.639,5.407,541.197,0,5.419,5.422,NA,14
"5/24/2022 10:42:08 AM",3.736,29.503,49.929,78.993,71873.2,1033.164,33.149,0,0,0,7.907,95.475,5.398,459.38,0,5.409,5.412,NA,14
"5/24/2022 10:42:08 AM",3.618,29.503,49.931,78.996,71875.5,1033.165,33.15,0,0,0,7.906,95.676,5.409,446.211,0,5.421,5.424,NA,14
"5/24/2022 10:42:08 AM",3.5,29.504,49.931,78.997,71875.2,1033.165,33.15,0.055,0.055,0.015,7.905,95.532,5.401,422.167,0,5.413,5.416,NA,14
"5/24/2022 10:42:09 AM",3.366,29.507,49.928,78.997,71871.2,1033.161,33.146,0.039,0.039,0.073,7.905,95.607,5.406,380.367,0,5.417,5.421,NA,14
"5/24/2022 10:42:09 AM",3.277,29.508,49.927,78.998,71870.1,1033.159,33.145,0.023,0.023,0,7.906,95.589,5.405,548.588,0,5.416,5.42,NA,14
"5/24/2022 10:42:09 AM",3.192,29.509,49.928,79.001,71871.5,1033.16,33.146,0.031,0.031,0.058,7.906,95.723,5.413,597.1,0,5.424,5.427,NA,14
"5/24/2022 10:42:09 AM",3.133,29.511,49.931,79.007,71874.3,1033.161,33.147,0.078,0.078,0.073,7.906,95.719,5.413,553.601,0,5.424,5.427,NA,14
"5/24/2022 10:42:09 AM",3.032,29.514,49.933,79.014,71876.5,1033.161,33.148,0.07,0.07,0.044,7.906,95.778,5.416,430.748,0,5.427,5.431,NA,14
"5/24/2022 10:42:10 AM",2.853,29.517,49.934,79.019,71876.7,1033.159,33.147,0.008,0.008,0,7.908,95.827,5.419,476.542,0,5.43,5.434,NA,14
"5/24/2022 10:42:10 AM",2.762,29.518,49.94,79.029,71884,1033.163,33.151,0.047,0.047,0.015,7.909,95.761,5.415,444.682,0,5.427,5.43,NA,14
"5/24/2022 10:42:10 AM",2.679,29.523,49.938,79.035,71881.3,1033.159,33.148,0.031,0.031,0,7.91,95.815,5.419,473.993,0,5.43,5.433,NA,14
"5/24/2022 10:42:10 AM",2.604,29.528,49.936,79.039,71878.8,1033.156,33.145,0.023,0.023,0.015,7.91,95.805,5.418,406.365,0,5.43,5.433,NA,14
"5/24/2022 10:42:10 AM",2.486,29.531,49.938,79.046,71880.7,1033.156,33.146,0.047,0.047,0.073,7.909,95.983,5.429,476.287,0,5.44,5.444,NA,14
"5/24/2022 10:42:11 AM",2.39,29.533,49.939,79.05,71881.5,1033.156,33.146,0.016,0.016,0,7.908,95.968,5.428,435.081,0,5.44,5.443,NA,14
"5/24/2022 10:42:11 AM",2.298,29.535,49.933,79.045,71873.6,1033.15,33.14,0.031,0.031,0,7.908,95.982,5.429,433.042,0,5.441,5.444,NA,14
"5/24/2022 10:42:11 AM",2.204,29.536,49.935,79.048,71875.2,1033.15,33.141,0.016,0.016,0,7.908,95.944,5.428,405.515,0,5.439,5.442,NA,14
"5/24/2022 10:42:11 AM",2.124,29.541,49.937,79.059,71877.6,1033.15,33.141,0.008,0.008,0,7.908,95.943,5.428,440.434,0,5.439,5.443,NA,14
"5/24/2022 10:42:11 AM",2.01,29.549,49.936,79.069,71875.4,1033.146,33.137,0.07,0.07,0.073,7.91,95.899,5.426,394.64,0,5.437,5.441,NA,14
"5/24/2022 10:42:12 AM",1.933,29.553,49.936,79.074,71874.4,1033.144,33.136,0.109,0.109,0.175,7.911,95.982,5.431,410.613,0,5.442,5.446,NA,14
"5/24/2022 10:42:12 AM",1.853,29.557,49.934,79.076,71871.7,1033.141,33.133,0.062,0.062,0.073,7.911,96.083,5.437,419.279,0,5.449,5.452,NA,14
"5/24/2022 10:42:12 AM",1.754,29.563,49.935,79.087,71872.3,1033.139,33.132,0,0,0,7.911,96.049,5.435,430.239,0,5.447,5.45,NA,14
"5/24/2022 10:42:12 AM",1.596,29.577,49.935,79.107,71871.1,1033.134,33.127,0.101,0.101,0.218,7.912,95.917,5.428,588.349,0,5.44,5.443,NA,14
"5/24/2022 10:42:12 AM",1.521,29.583,49.933,79.113,71867.3,1033.13,33.123,0,0,0,7.912,96.187,5.444,692.426,0,5.455,5.459,NA,14
"5/24/2022 10:42:13 AM",1.481,29.587,49.935,79.121,71868.7,1033.129,33.123,0.14,0.14,0.262,7.913,96.308,5.451,476.797,0,5.463,5.466,NA,14
"5/24/2022 10:42:13 AM",1.452,29.593,49.93,79.124,71862.4,1033.124,33.117,0.086,0.086,0.146,7.915,96.061,5.438,485.038,0,5.449,5.452,NA,14
"5/24/2022 10:42:13 AM",1.415,29.598,49.927,79.127,71857.4,1033.119,33.113,0,0,0,7.916,96.064,5.438,465.752,0,5.45,5.453,NA,14
"5/24/2022 10:42:13 AM",1.401,29.602,49.93,79.136,71860.9,1033.12,33.114,0.031,0.031,0,7.917,96.13,5.442,504.919,0,5.454,5.457,NA,14
"5/24/2022 10:42:14 AM",1.399,29.605,49.928,79.138,71858.5,1033.118,33.112,0.164,0.164,0.306,7.917,96.023,5.436,613.838,0,5.448,5.451,NA,14
"5/24/2022 10:42:14 AM",1.392,29.608,49.926,79.14,71855.5,1033.115,33.109,0.07,0.07,0.073,7.917,96.134,5.443,554.705,0,5.455,5.458,NA,14
"5/24/2022 10:42:14 AM",1.382,29.611,49.925,79.143,71854.3,1033.113,33.107,0.187,0.187,0.204,7.917,96.122,5.443,489.031,0,5.454,5.458,NA,14
"5/24/2022 10:42:14 AM",1.365,29.609,49.933,79.151,71863.6,1033.119,33.114,0.094,0.094,0.16,7.915,96.218,5.448,484.358,0,5.46,5.463,NA,14
"5/24/2022 10:42:14 AM",1.347,29.61,49.939,79.16,71871.4,1033.124,33.118,0.016,0.016,0,7.912,96.157,5.445,585.716,0,5.457,5.46,NA,14
"5/24/2022 10:42:15 AM",1.332,29.613,49.941,79.167,71873,1033.124,33.118,0.023,0.023,0,7.91,96.288,5.453,587.075,0,5.464,5.468,NA,14
"5/24/2022 10:42:15 AM",1.306,29.617,49.931,79.16,71860.7,1033.115,33.11,0.117,0.117,0.233,7.907,96.203,5.449,631.934,0,5.461,5.464,NA,14
"5/24/2022 10:42:15 AM",1.283,29.611,49.914,79.127,71840.3,1033.105,33.099,0.016,0.016,0.058,7.904,96.332,5.457,656.148,0,5.469,5.472,NA,14
"5/24/2022 10:42:15 AM",1.288,29.603,49.931,79.139,71862.2,1033.12,33.115,0.062,0.062,0.131,7.905,96.314,5.456,593.957,0,5.468,5.471,NA,14
"5/24/2022 10:42:15 AM",1.272,29.597,49.945,79.15,71880.1,1033.132,33.127,0.016,0.016,0,7.906,96.25,5.452,411.717,0,5.464,5.467,NA,14
"5/24/2022 10:42:16 AM",1.255,29.601,49.951,79.163,71887,1033.136,33.13,0.109,0.109,0.189,7.906,96.331,5.457,533.465,0,5.469,5.472,NA,14
"5/24/2022 10:42:16 AM",1.196,29.606,49.944,79.161,71878.2,1033.129,33.123,0.008,0.008,0,7.908,96.217,5.451,552.666,0,5.463,5.466,NA,14
"5/24/2022 10:42:16 AM",1.057,29.603,49.944,79.157,71877.9,1033.129,33.124,0.094,0.094,0.146,7.909,96.201,5.451,636.182,0,5.463,5.466,NA,14
"5/24/2022 10:42:16 AM",0.951,29.609,49.942,79.162,71874.7,1033.125,33.121,0.062,0.062,0.044,7.91,96.358,5.46,674.584,0,5.472,5.475,NA,14
"5/24/2022 10:42:16 AM",0.845,29.61,49.936,79.156,71867.3,1033.119,33.116,0.047,0.047,0,7.91,96.312,5.458,614.262,0,5.47,5.473,NA,14
"5/24/2022 10:42:17 AM",0.746,29.606,49.929,79.14,71858.9,1033.115,33.112,0,0,0,7.912,96.25,5.455,695.229,0,5.467,5.47,NA,14
"5/24/2022 10:42:17 AM",0.669,29.595,49.926,79.121,71856.9,1033.117,33.114,0.047,0.047,0.16,7.912,96.224,5.454,588.604,0,5.466,5.469,NA,14
"5/24/2022 10:42:17 AM",0.567,29.589,49.931,79.118,71863.7,1033.122,33.12,0,0,0,7.913,96.449,5.468,558.019,0,5.479,5.483,NA,14
"5/24/2022 10:42:17 AM",0.501,29.591,49.93,79.119,71861.7,1033.12,33.118,0.023,0.023,0,7.915,96.323,5.461,544.085,0,5.473,5.476,NA,14
"5/24/2022 10:42:17 AM",0.428,29.596,49.935,79.135,71868,1033.122,33.12,0,0,0,7.918,96.319,5.461,590.219,0,5.472,5.476,NA,14
"5/24/2022 10:42:18 AM",0.337,29.601,49.933,79.138,71864.1,1033.118,33.117,0.023,0.023,0,7.917,96.239,5.456,584.356,0,5.468,5.471,NA,14
"5/24/2022 10:42:18 AM",0.158,29.611,49.934,79.155,71864.7,1033.115,33.114,0.094,0.094,0.015,7.917,96.242,5.457,717.064,0,5.469,5.472,NA,14
"5/24/2022 10:42:18 AM",0.054,29.621,49.931,79.164,71859.2,1033.108,33.108,0,0,0,7.917,96.164,5.453,820.971,0,5.465,5.468,NA,14
"5/24/2022 10:42:18 AM",0,29.645,49.935,79.204,71861,1033.102,33.103,0,0,0,7.919,96.306,5.462,655.808,0,5.474,5.477,NA,14
"5/24/2022 10:42:18 AM",0,29.645,49.924,79.19,71848.3,1033.095,33.095,0,0,0,7.921,96.137,5.453,445.956,0,5.465,5.468,NA,14
"5/24/2022 10:42:19 AM",0.044,29.653,49.919,79.195,71841.1,1033.088,33.088,1.638,1.638,0,7.921,96.267,5.461,663.624,0,5.473,5.476,NA,14
"5/24/2022 10:42:19 AM",0.064,29.669,49.916,79.214,71835.3,1033.08,33.08,0.507,0.507,0,7.921,96.178,5.457,651.305,0,5.469,5.472,NA,14
"5/24/2022 10:42:19 AM",0.064,29.686,49.912,79.232,71827.8,1033.071,33.071,0,0,5.15,7.921,96.162,5.457,679.427,0,5.468,5.472,NA,14
"5/24/2022 10:42:19 AM",0.045,29.69,49.905,79.228,71818.2,1033.064,33.064,0,0,2.521,7.92,96.191,5.459,788.771,0,5.471,5.474,NA,14
"5/24/2022 10:42:19 AM",0,29.689,49.916,79.242,71831.9,1033.072,33.072,0.406,0.406,0.67,7.918,96.304,5.466,798.456,0,5.478,5.481,NA,14
"5/24/2022 10:42:20 AM",0,29.735,50.004,79.43,71936.7,1033.123,33.123,0,0,0,7.919,96.151,5.456,822.33,0,5.468,5.471,NA,14
"5/24/2022 10:42:20 AM",0,29.787,49.821,79.254,71702.4,1032.966,32.966,2.754,2.754,0,7.92,96.164,5.463,712.646,0,5.475,5.478,NA,14
"5/24/2022 10:42:20 AM",0,29.767,49.809,79.208,71689.8,1032.964,32.964,0,0,0,7.921,96.16,5.464,731.932,0,5.476,5.48,NA,14
"5/24/2022 10:42:20 AM",0.029,29.739,49.816,79.176,71701.7,1032.979,32.979,0,0,0,7.921,96.242,5.47,798.541,0,5.481,5.485,NA,14
"5/24/2022 10:42:20 AM",0,29.698,49.848,79.162,71746.5,1033.018,33.018,0,0,4.069,7.921,96.085,5.46,1054.526,0,5.472,5.475,NA,14
"5/24/2022 10:42:21 AM",0,29.661,49.906,79.188,71823.1,1033.075,33.075,0.039,0.039,0,7.923,96.205,5.466,1199.978,0,5.478,5.481,NA,14
"5/24/2022 10:42:21 AM",0,29.669,26.822,45.743,41481.8,1015.718,15.719,0,0,0,7.923,96.1,6.196,1262.679,0,6.214,6.214,NA,14
"5/24/2022 10:42:21 AM",0,29.684,2.343,4.832,4380.5,997.496,0,14.751,14.751,4.39,7.921,96.273,7.099,1329.967,0,7.119,7.119,NA,14
"5/24/2022 10:42:21 AM",0,29.647,1.386,2.941,2667.8,996.792,0,0,0,0,7.92,96.352,7.143,1403.713,0,7.163,7.163,NA,14
"5/24/2022 10:42:21 AM",0,29.624,5.603,10.902,9895.7,999.941,0,0,0,0,7.922,96.263,6.975,1510.253,0,6.996,6.995,NA,14
"5/24/2022 10:42:22 AM",0,29.646,2.571,5.269,4780.7,997.677,0,179.628,179.628,475.798,7.921,96.281,7.093,1607.362,0,7.114,7.114,NA,14
"5/24/2022 10:42:22 AM",0,29.651,3.441,6.925,6282.2,998.324,0,419.571,419.571,778.552,7.921,96.131,7.051,1724.352,0,7.071,7.071,NA,14
"5/24/2022 10:42:22 AM",0,29.638,1.963,4.086,3707.6,997.226,0,249.164,249.164,444.283,7.919,96.152,7.111,1767.342,0,7.132,7.132,NA,14
"5/24/2022 10:42:22 AM",0,29.625,1.253,2.672,2425.6,996.7,0,235.029,235.029,441.074,7.917,96.205,7.144,1838.114,0,7.165,7.165,NA,14
"5/24/2022 10:42:22 AM",0,29.752,0.897,1.949,1764.8,996.396,0,130.686,130.686,297.07,7.913,96.387,7.173,1858.42,0,7.194,7.194,NA,14
"5/24/2022 10:42:23 AM",0,29.791,0.77,1.686,1524.8,996.289,0,42.342,42.342,5.267,7.911,96.435,7.182,1912.03,0,7.203,7.203,NA,14
"5/24/2022 10:42:23 AM",0,29.806,0.722,1.585,1433.7,996.248,0,25.485,25.485,3.718,7.91,96.398,7.182,1922.395,0,7.203,7.203,NA,14
"5/24/2022 10:42:23 AM",0,29.928,0.666,1.47,1326.3,996.169,0,59.621,59.621,18.203,7.909,96.402,7.183,1927.152,0,7.204,7.204,NA,14
"5/24/2022 10:42:23 AM",0,30.036,0.612,1.36,1223.9,996.097,0,29.151,29.151,92.588,7.908,96.376,7.183,1924.519,0,7.203,7.203,NA,14
"5/24/2022 10:42:23 AM",0,30.211,0.557,1.246,1118,996.002,0,2.785,2.785,0,7.905,96.395,7.186,1893.423,0,7.207,7.207,NA,14
"5/24/2022 10:42:24 AM",0,30.353,0.527,1.184,1059,995.936,0,3.783,3.783,0,7.903,96.344,7.183,1880.934,0,7.204,7.204,NA,14
"5/24/2022 10:42:24 AM",0,30.393,0.492,1.108,990.8,995.898,0,0,0,0,7.9,96.353,7.185,1876.431,0,7.206,7.206,NA,14
"5/24/2022 10:42:24 AM",0,30.446,0.467,1.055,941.9,995.863,0,6.943,6.943,0,7.899,96.387,7.189,1878.215,0,7.209,7.209,NA,14
"5/24/2022 10:42:24 AM",0,30.485,0.442,1.001,893.3,995.832,0,0,0,0,7.895,96.39,7.189,1938.707,0,7.209,7.209,NA,14
"5/24/2022 10:42:25 AM",0,30.326,0.432,0.977,874.2,995.874,0,29.206,29.206,0,7.89,96.525,7.199,1941.681,0,7.22,7.22,NA,14
"5/24/2022 10:42:25 AM",0,30.1,0.413,0.93,836.6,995.928,0,33.06,33.06,42.563,7.885,96.401,7.191,1986.03,0,7.212,7.212,NA,14
"5/24/2022 10:42:25 AM",0,29.867,0.406,0.912,823.8,995.994,0,0,0,0,7.879,96.466,7.195,1909.566,0,7.216,7.216,NA,14
"5/24/2022 10:42:25 AM",0,29.684,0.405,0.907,822.2,996.048,0,6.74,6.74,31.601,7.874,96.469,7.195,1938.622,0,7.216,7.216,NA,14
"5/24/2022 10:42:25 AM",0,29.494,0.38,0.85,773.2,996.086,0,17.24,17.24,5.136,7.868,96.56,7.203,1962.836,0,7.224,7.224,NA,14
"5/24/2022 10:42:26 AM",0,29.419,0.375,0.837,762.5,996.104,0,11.163,11.163,0,7.864,96.468,7.195,1979.063,0,7.216,7.216,NA,14
"5/24/2022 10:42:26 AM",0,29.37,0.368,0.821,749.2,996.113,0,0,0,3.382,7.856,96.46,7.195,1914.154,0,7.216,7.216,NA,14
"5/24/2022 10:42:26 AM",0,29.467,0.387,0.863,785.8,996.099,0,0,0,0,7.851,96.555,7.202,784.523,0,7.222,7.222,NA,14
"5/24/2022 10:42:26 AM",0,29.483,0.347,0.778,707.9,996.064,0,0,0,0,7.844,96.518,7.2,456.151,0,7.221,7.221,NA,14
"5/24/2022 10:42:26 AM",0,29.107,0.339,0.753,690.7,996.169,0,3.705,3.705,4.288,7.845,96.621,7.208,395.065,0,7.229,7.229,NA,14
"5/24/2022 10:42:27 AM",0,28.757,0.339,0.749,691.8,996.272,0,3.963,3.963,0,7.845,96.493,7.199,344.344,0,7.219,7.219,NA,14
"5/24/2022 10:42:27 AM",0,28.532,0.338,0.745,691,996.337,0,1.638,1.638,0,7.84,96.411,7.194,310.105,0,7.215,7.215,NA,14
"5/24/2022 10:42:27 AM",0,28.425,0.481,1.046,972.4,996.475,0,0.179,0.179,0,7.835,96.524,7.197,297.191,0,7.218,7.218,NA,14
"5/24/2022 10:42:27 AM",0,28.46,0.612,1.319,1225.3,996.563,0,1.162,1.162,0,7.829,96.487,7.189,290.224,0,7.21,7.21,NA,14
"5/24/2022 10:42:27 AM",0,28.562,0.672,1.446,1340.6,996.579,0,0,0,8.181,7.826,96.546,7.191,280.709,0,7.212,7.212,NA,14
"5/24/2022 10:42:28 AM",0,28.646,0.548,1.189,1101.1,996.461,0,0,0,1.151,7.824,96.52,7.194,262.527,0,7.215,7.215,NA,14
"5/24/2022 10:42:28 AM",0,28.702,0.566,1.229,1136.2,996.458,0,0,0,0,7.823,96.786,7.213,258.619,0,7.234,7.234,NA,14
"5/24/2022 10:42:28 AM",0,28.757,0.36,0.793,732.7,996.287,0,0,0,0,7.822,96.715,7.216,320.555,0,7.237,7.237,NA,14
"5/24/2022 10:42:28 AM",0,28.778,0.318,0.703,649.1,996.25,0,0,0,0,7.822,96.765,7.221,1008.308,0,7.242,7.242,NA,14
"5/24/2022 10:42:28 AM",0,28.789,0.302,0.669,617.8,996.235,0,0,0,0,7.822,96.641,7.213,672.63,0,7.234,7.234,NA,14
"5/24/2022 10:42:29 AM",0,28.801,0.292,0.648,598.1,996.224,0,0,0,0,7.821,96.883,7.231,585.716,0,7.252,7.252,NA,14
"5/24/2022 10:42:29 AM",0,28.806,0.281,0.624,575.7,996.214,0,0,0,0,7.817,96.687,7.217,1548.145,0,7.238,7.238,NA,14
"5/24/2022 10:42:29 AM",0,28.881,0.277,0.617,568.1,996.189,0,0,0,0,7.814,96.507,7.203,1658.508,0,7.224,7.224,NA,14
"5/24/2022 10:42:29 AM",0,28.956,0.281,0.627,576.7,996.171,0,0,0,0,7.822,96.515,7.204,1459.446,0,7.225,7.225,NA,14
"5/24/2022 10:42:29 AM",0,30.873,2.361,4.977,4407.5,997.144,0,0,0,0,7.896,96.551,7.125,590.388,0,7.146,7.145,NA,14
"5/24/2022 10:42:30 AM",0,31.959,2.466,5.289,4587,996.878,0,1.576,1.576,0,7.991,96.584,7.124,414.266,0,7.144,7.144,NA,14
"5/24/2022 10:42:30 AM",0,32.226,2.65,5.687,4906.7,996.929,0,2.059,2.059,8.371,8.117,96.62,7.119,1095.137,0,7.139,7.139,NA,14
"5/24/2022 10:42:30 AM",0,32.275,2.311,5.005,4314.7,996.661,0,1.576,1.576,9.046,8.204,96.637,7.133,1777.198,0,7.154,7.154,NA,14
"5/24/2022 10:42:30 AM",0,32.294,2.021,4.414,3803.9,996.44,0,1.771,1.771,9.236,8.267,96.598,7.142,1881.869,0,7.163,7.163,NA,14
"5/24/2022 10:42:30 AM",0,32.293,1.843,4.046,3486.4,996.308,0,2.083,2.083,9.339,8.316,96.54,7.145,1912.624,0,7.166,7.165,NA,14
"5/24/2022 10:42:31 AM",0,32.291,1.822,4.002,3448.9,996.292,0,2.028,2.028,9.882,8.348,96.781,7.163,1942.445,0,7.184,7.184,NA,14
"5/24/2022 10:42:31 AM",0,32.284,1.52,3.373,2906.8,996.07,0,2.091,2.091,9.09,8.385,96.616,7.163,2016.021,0,7.184,7.184,NA,14
"5/24/2022 10:42:31 AM",0,32.293,1.459,3.245,2795.9,996.022,0,2.137,2.137,9.501,8.409,96.676,7.17,2043.293,0,7.191,7.191,NA,14
"5/24/2022 10:42:31 AM",0,32.299,1.399,3.118,2687,995.975,0,1.708,1.708,10.014,8.424,96.522,7.16,2057.906,0,7.181,7.181,NA,14
"5/24/2022 10:42:31 AM",0,32.289,1.325,2.96,2551.1,995.923,0,2.005,2.005,10.396,8.431,96.528,7.164,2063.683,0,7.185,7.185,NA,14
"5/24/2022 10:42:32 AM",0,32.291,1.549,3.434,2959.2,996.09,0,1.903,1.903,9.765,8.442,96.685,7.167,2066.402,0,7.188,7.187,NA,14
"5/24/2022 10:42:32 AM",0,32.277,1.222,2.743,2364,995.851,0,1.381,1.381,9.956,8.447,96.538,7.169,2064.618,0,7.19,7.19,NA,14
"5/24/2022 10:42:32 AM",0,32.277,1.17,2.632,2268.4,995.812,0,1.818,1.818,9.941,8.449,96.644,7.179,2057.991,0,7.2,7.2,NA,14
"5/24/2022 10:42:32 AM",0,32.29,1.193,2.68,2309.4,995.824,0,2.013,2.013,9.383,8.453,96.57,7.173,2050.515,0,7.194,7.194,NA,14
"5/24/2022 10:42:32 AM",0,32.285,1.151,2.59,2231.9,995.795,0,1.919,1.919,9.662,8.454,96.779,7.19,2043.973,0,7.211,7.211,NA,14
"5/24/2022 10:42:33 AM",0,32.28,1.212,2.721,2345.4,995.842,0,1.763,1.763,10.513,8.453,96.679,7.18,2036.666,0,7.201,7.2,NA,14
"5/24/2022 10:42:33 AM",0,32.273,1.116,2.516,2168.9,995.773,0,1.833,1.833,9.53,8.454,96.735,7.188,2034.797,0,7.209,7.209,NA,14
"5/24/2022 10:42:33 AM",0,32.28,1.101,2.484,2141.2,995.76,0,1.81,1.81,8.914,8.45,96.563,7.175,2033.862,0,7.196,7.196,NA,14
"5/24/2022 10:42:33 AM",0,32.28,1.282,2.87,2473.7,995.894,0,1.974,1.974,9.691,8.448,96.549,7.167,2035.732,0,7.188,7.188,NA,14
"5/24/2022 10:42:33 AM",0,32.271,1.078,2.434,2098.4,995.746,0,1.81,1.81,9.28,8.445,96.6,7.179,2039.81,0,7.2,7.2,NA,14
"5/24/2022 10:42:34 AM",0,32.273,1.061,2.397,2066.6,995.732,0,1.935,1.935,9.236,8.438,96.774,7.193,2045.077,0,7.213,7.213,NA,14
"5/24/2022 10:42:34 AM",0,32.276,1.271,2.845,2452.7,995.887,0,2.184,2.184,9.413,8.434,96.799,7.187,2050.685,0,7.208,7.208,NA,14
"5/24/2022 10:42:34 AM",0,32.272,1.058,2.391,2060.9,995.73,0,2.075,2.075,9.163,8.434,96.597,7.18,2057.227,0,7.2,7.2,NA,14
"5/24/2022 10:42:34 AM",0,32.273,1.039,2.351,2026.4,995.716,0,2.122,2.122,9.574,8.429,96.68,7.187,2065.638,0,7.208,7.208,NA,14
"5/24/2022 10:42:35 AM",0,32.293,1.041,2.354,2028.8,995.71,0,2.13,2.13,9.383,8.421,96.737,7.191,2076.173,0,7.211,7.211,NA,14
"5/24/2022 10:42:35 AM",0,32.282,1.012,2.293,1976.3,995.693,0,1.794,1.794,9.853,8.417,96.598,7.182,2082.8,0,7.202,7.202,NA,14
"5/24/2022 10:42:35 AM",0,32.286,0.999,2.264,1951.4,995.682,0,2.091,2.091,9.603,8.411,96.87,7.202,2087.897,0,7.223,7.223,NA,14
"5/24/2022 10:42:35 AM",0,32.305,1.037,2.346,2021.6,995.704,0,1.95,1.95,9.97,8.404,96.835,7.197,2090.531,0,7.218,7.218,NA,14
"5/24/2022 10:42:35 AM",0,32.309,0.982,2.228,1919.4,995.661,0,2.091,2.091,9.603,8.398,96.758,7.194,2091.975,0,7.215,7.215,NA,14
"5/24/2022 10:42:36 AM",0,32.305,0.979,2.222,1914.6,995.661,0,1.981,1.981,9.706,8.392,96.702,7.19,2091.975,0,7.211,7.211,NA,14
"5/24/2022 10:42:36 AM",0,32.293,0.984,2.232,1923.5,995.668,0,2.067,2.067,9.691,8.389,96.88,7.203,2089.257,0,7.224,7.224,NA,14
"5/24/2022 10:42:36 AM",0,32.295,0.971,2.205,1899.8,995.658,0,2.208,2.208,9.809,8.383,96.832,7.2,2084.669,0,7.22,7.22,NA,14
"5/24/2022 10:42:36 AM",0,32.299,0.965,2.192,1888.8,995.652,0,1.654,1.654,10.602,8.377,96.925,7.207,2080.336,0,7.228,7.228,NA,14
"5/24/2022 10:42:36 AM",0,32.286,0.962,2.184,1882.2,995.654,0,2.145,2.145,8.914,8.373,96.92,7.206,2071.16,0,7.227,7.227,NA,14
"5/24/2022 10:42:37 AM",0,32.291,0.961,2.182,1880.1,995.651,0,2.169,2.169,9.735,8.37,96.956,7.209,2065.892,0,7.229,7.229,NA,14
"5/24/2022 10:42:37 AM",0,32.297,1.004,2.275,1960,995.682,0,2.2,2.2,9.926,8.365,96.927,7.204,2060.71,0,7.225,7.225,NA,14
"5/24/2022 10:42:37 AM",0,32.301,0.966,2.193,1889.1,995.652,0,2.13,2.13,9.545,8.361,96.882,7.203,2056.037,0,7.224,7.224,NA,14
"5/24/2022 10:42:37 AM",0,32.287,0.959,2.179,1877.7,995.652,0,2.122,2.122,8.84,8.357,96.882,7.204,2054.933,0,7.224,7.224,NA,14
"5/24/2022 10:42:37 AM",0,32.307,1.207,2.711,2335.6,995.83,0,1.701,1.701,9.369,8.351,97.014,7.203,2056.547,0,7.224,7.224,NA,14
"5/24/2022 10:42:38 AM",0,32.308,0.957,2.173,1872.3,995.643,0,1.935,1.935,9.236,8.349,96.901,7.204,2061.814,0,7.225,7.225,NA,14
"5/24/2022 10:42:38 AM",0,32.29,0.962,2.184,1882.5,995.653,0,1.966,1.966,10.132,8.343,96.925,7.206,2067.507,0,7.227,7.226,NA,14
"5/24/2022 10:42:38 AM",0,32.293,1.094,2.469,2127.5,995.75,0,2.184,2.184,10.19,8.341,97.11,7.214,2074.304,0,7.235,7.235,NA,14
"5/24/2022 10:42:38 AM",0,32.292,0.956,2.171,1871.2,995.648,0,2.301,2.301,9.413,8.337,96.907,7.204,2087.302,0,7.225,7.225,NA,14
"5/24/2022 10:42:38 AM",0,32.297,0.968,2.197,1893.1,995.655,0,2.395,2.395,9.823,8.335,96.967,7.208,2096.818,0,7.229,7.229,NA,14
"5/24/2022 10:42:39 AM",0,32.323,0.954,2.168,1866.9,995.636,0,1.919,1.919,9.559,8.335,97.125,7.219,2103.955,0,7.24,7.24,NA,14
"5/24/2022 10:42:39 AM",0,32.317,0.954,2.168,1867.6,995.638,0,2.036,2.036,9.794,8.332,97.038,7.214,2110.666,0,7.234,7.234,NA,14
"5/24/2022 10:42:39 AM",0,32.317,0.954,2.167,1866.5,995.638,0,1.966,1.966,9.53,8.328,97.122,7.219,2118.143,0,7.24,7.24,NA,14
"5/24/2022 10:42:39 AM",0,32.323,0.949,2.157,1857.7,995.632,0,1.849,1.849,8.43,8.327,97.202,7.225,2121.796,0,7.246,7.246,NA,14
"5/24/2022 10:42:39 AM",0,32.312,0.938,2.133,1837.8,995.628,0,2.098,2.098,9.075,8.323,97.283,7.232,2121.626,0,7.253,7.253,NA,14
"5/24/2022 10:42:40 AM",0,32.316,0.929,2.115,1821.5,995.62,0,1.872,1.872,9.002,8.321,97.094,7.217,2120.267,0,7.238,7.238,NA,14
"5/24/2022 10:42:40 AM",0,32.323,0.94,2.138,1841.5,995.626,0,1.989,1.989,9.457,8.321,97.154,7.221,2116.274,0,7.242,7.242,NA,14
"5/24/2022 10:42:40 AM",0,32.315,0.925,2.104,1812.5,995.617,0,2.122,2.122,10.058,8.315,97.211,7.226,2107.863,0,7.247,7.247,NA,14
"5/24/2022 10:42:40 AM",0,32.327,0.94,2.138,1840.9,995.624,0,2.325,2.325,9.809,8.312,97.116,7.217,2100.556,0,7.238,7.238,NA,14
"5/24/2022 10:42:40 AM",0,32.343,0.92,2.094,1803,995.604,0,1.903,1.903,9.794,8.312,97.172,7.222,2091.89,0,7.243,7.243,NA,14
"5/24/2022 10:42:41 AM",0,32.343,0.923,2.102,1809.4,995.606,0,1.942,1.942,9.501,8.308,97.168,7.222,2082.885,0,7.243,7.243,NA,14
"5/24/2022 10:42:41 AM",0,32.334,0.933,2.124,1828.5,995.617,0,2.208,2.208,9.75,8.306,97.209,7.224,2070.14,0,7.245,7.245,NA,14
"5/24/2022 10:42:41 AM",0,32.352,0.925,2.106,1812.4,995.605,0,2.184,2.184,9.413,8.304,97.294,7.231,2063.174,0,7.252,7.252,NA,14
"5/24/2022 10:42:41 AM",0,32.356,0.944,2.147,1848.1,995.618,0,1.802,1.802,9.897,8.301,97.109,7.216,2057.821,0,7.237,7.237,NA,14
"5/24/2022 10:42:41 AM",0,32.343,0.983,2.233,1922.3,995.652,0,1.903,1.903,10.396,8.298,97.276,7.226,2054.933,0,7.247,7.247,NA,14
"5/24/2022 10:42:42 AM",0,32.354,0.926,2.109,1815.6,995.605,0,1.911,1.911,9.53,8.296,97.301,7.23,2054.253,0,7.251,7.251,NA,14
"5/24/2022 10:42:42 AM",0,32.356,1.057,2.392,2058.8,995.702,0,1.942,1.942,9.926,8.292,97.176,7.214,2058.161,0,7.235,7.235,NA,14
"5/24/2022 10:42:42 AM",0,32.351,0.917,2.09,1799.1,995.6,0,1.997,1.997,9.486,8.298,97.235,7.225,2063.429,0,7.246,7.246,NA,14
"5/24/2022 10:46:28 AM",0.377,29.699,49.647,78.886,71495.6,1032.867,32.866,0.164,0.164,0.233,7.879,95.115,5.265,996.838,0,5.274,5.277,NA,14
"5/24/2022 10:46:28 AM",0.357,29.697,49.643,78.878,71490.6,1032.865,32.863,0.07,0.07,0.044,7.899,94.898,5.253,923.178,0,5.262,5.265,NA,14
"5/24/2022 10:46:28 AM",0.36,29.706,49.64,78.886,71485.2,1032.859,32.857,0.109,0.109,0.073,7.917,94.897,5.253,1017.823,0,5.263,5.266,NA,14
"5/24/2022 10:46:29 AM",0.384,29.682,49.633,78.841,71479.3,1032.862,32.861,0,0,0,7.934,94.88,5.253,1355.03,0,5.262,5.265,NA,14
"5/24/2022 10:46:29 AM",0.393,29.683,49.636,78.849,71484,1032.865,32.863,0,0,0,7.953,94.881,5.252,995.394,0,5.262,5.265,NA,14
"5/24/2022 10:46:29 AM",0.372,29.691,49.585,78.79,71418.4,1032.822,32.821,0.148,0.148,0.233,7.982,94.914,5.256,1207.285,0,5.265,5.268,NA,14
"5/24/2022 10:46:29 AM",0.337,29.693,49.564,78.763,71392.4,1032.806,32.805,0.086,0.086,0.131,7.998,94.803,5.25,1437.527,0,5.26,5.263,NA,14
"5/24/2022 10:46:29 AM",0.289,29.693,49.535,78.723,71355.9,1032.784,32.783,0.156,0.156,0.306,8.01,94.803,5.251,1089.87,0,5.261,5.264,NA,14
"5/24/2022 10:46:30 AM",0.237,29.693,49.571,78.773,71401.2,1032.811,32.81,0.53,0.53,0,8.02,94.826,5.251,897.265,0,5.261,5.264,NA,14
"5/24/2022 10:46:30 AM",0.165,29.682,49.655,78.872,71506.9,1032.878,32.877,0.164,0.164,0.058,8.035,94.708,5.243,1566.326,0,5.252,5.255,NA,14
"5/24/2022 10:46:30 AM",0.129,29.692,49.639,78.865,71486.3,1032.863,32.862,0.257,0.257,0.408,8.046,94.767,5.246,1524.441,0,5.256,5.259,NA,14
"5/24/2022 10:46:30 AM",0.11,29.721,49.639,78.906,71482.9,1032.852,32.852,0.343,0.343,0.495,8.056,94.656,5.241,1797.503,0,5.25,5.253,NA,14
"5/24/2022 10:46:30 AM",0.101,29.736,49.649,78.942,71493.5,1032.854,32.854,0.133,0.133,0.204,8.064,94.644,5.24,1880.594,0,5.249,5.252,NA,14
"5/24/2022 10:46:31 AM",0.127,29.712,49.639,78.894,71483.6,1032.855,32.855,0.421,0.421,1.136,8.071,94.667,5.241,1908.886,0,5.251,5.254,NA,14
"5/24/2022 10:46:31 AM",0.212,29.673,49.624,78.817,71470.1,1032.858,32.857,0.523,0.523,0.495,8.085,94.713,5.244,1367.944,0,5.254,5.257,NA,14
"5/24/2022 10:46:31 AM",0.249,29.658,49.633,78.808,71482.7,1032.87,32.869,0.663,0.663,0.408,8.094,94.653,5.241,1211.787,0,5.25,5.253,NA,14
"5/24/2022 10:46:31 AM",0.28,29.655,49.616,78.78,71461.8,1032.859,32.857,0,0,0,8.101,94.556,5.236,928.955,0,5.246,5.249,NA,14
"5/24/2022 10:46:31 AM",0.346,29.651,49.596,78.747,71436.9,1032.845,32.843,0.203,0.203,0.437,8.107,94.461,5.232,1069.054,0,5.241,5.244,NA,14
"5/24/2022 10:46:32 AM",0.457,29.642,49.575,78.704,71411.8,1032.833,32.831,0.117,0.117,0,8.113,94.534,5.236,1101.339,0,5.246,5.249,NA,14
"5/24/2022 10:46:32 AM",0.666,29.635,49.575,78.696,71413.7,1032.837,32.834,0,0,0,8.122,94.375,5.228,1084.347,0,5.237,5.24,NA,14
"5/24/2022 10:46:32 AM",0.804,29.634,49.577,78.697,71415.8,1032.839,32.835,0,0,0,8.129,94.292,5.223,759.119,0,5.233,5.235,NA,14
"5/24/2022 10:46:32 AM",0.95,29.637,49.586,78.712,71426.5,1032.845,32.841,0.039,0.039,0.058,8.136,94,5.208,803.724,0,5.217,5.22,NA,14
"5/24/2022 10:46:32 AM",1.07,29.635,49.592,78.718,71434.6,1032.851,32.846,1.092,1.092,2.463,8.141,93.881,5.202,1115.697,0,5.211,5.214,NA,14
"5/24/2022 10:46:33 AM",1.143,29.635,49.61,78.743,71457,1032.865,32.86,0.772,0.772,1.661,8.144,93.853,5.2,1215.696,0,5.21,5.213,NA,14
"5/24/2022 10:46:33 AM",1.167,29.637,49.609,78.745,71455.1,1032.863,32.858,0.234,0.234,0.291,8.149,93.864,5.202,1029.803,0,5.211,5.214,NA,14
"5/24/2022 10:46:33 AM",1.188,29.642,49.616,78.763,71463.8,1032.867,32.862,0.062,0.062,0.044,8.15,93.894,5.204,924.367,0,5.213,5.216,NA,14
"5/24/2022 10:46:33 AM",1.247,29.638,49.615,78.756,71463.4,1032.868,32.863,0.039,0.039,0,8.153,93.962,5.208,752.578,0,5.218,5.221,NA,14
"5/24/2022 10:46:33 AM",1.306,29.633,49.62,78.755,71470,1032.874,32.868,0.195,0.195,0.393,8.159,93.827,5.201,1415.012,0,5.21,5.213,NA,14
"5/24/2022 10:46:34 AM",1.41,29.633,49.623,78.759,71473.5,1032.876,32.87,0.187,0.187,0.495,8.165,93.939,5.207,1100.065,0,5.217,5.22,NA,14
"5/24/2022 10:46:34 AM",1.471,29.631,49.624,78.758,71475.7,1032.878,32.872,0.117,0.117,0.248,8.166,93.896,5.205,872.286,0,5.215,5.218,NA,14
"5/24/2022 10:46:34 AM",1.511,29.632,49.63,78.767,71482.6,1032.883,32.876,0.008,0.008,0,8.167,93.835,5.202,940,0,5.212,5.214,NA,14
"5/24/2022 10:46:34 AM",1.536,29.633,49.637,78.778,71491.2,1032.888,32.881,0.039,0.039,0,8.168,93.813,5.201,1163.615,0,5.211,5.214,NA,14
"5/24/2022 10:46:34 AM",1.537,29.636,49.642,78.79,71497.7,1032.891,32.884,0.133,0.133,0.277,8.171,93.837,5.202,836.093,0,5.212,5.215,NA,14
"5/24/2022 10:46:35 AM",1.52,29.64,49.629,78.778,71480.1,1032.879,32.872,0.086,0.086,0.146,8.173,93.94,5.209,757.675,0,5.219,5.221,NA,14
"5/24/2022 10:46:35 AM",1.497,29.642,49.616,78.762,71464.2,1032.869,32.862,0,0,0,8.176,93.987,5.212,770.334,0,5.222,5.225,NA,14
"5/24/2022 10:46:35 AM",1.457,29.647,49.607,78.757,71452.3,1032.86,32.854,0.101,0.101,0.175,8.178,93.938,5.21,1200.403,0,5.219,5.222,NA,14
"5/24/2022 10:46:35 AM",1.398,29.645,49.608,78.755,71453,1032.861,32.855,0,0,0,8.181,93.93,5.21,1103.208,0,5.219,5.222,NA,14
"5/24/2022 10:46:35 AM",1.28,29.64,49.624,78.769,71473.6,1032.874,32.869,0,0,0,8.182,93.858,5.206,1018.078,0,5.215,5.218,NA,14
"5/24/2022 10:46:36 AM",1.195,29.637,49.635,78.782,71488.1,1032.883,32.878,0.086,0.086,0.087,8.182,93.909,5.208,986.898,0,5.218,5.221,NA,14
"5/24/2022 10:46:36 AM",1.104,29.64,49.643,78.796,71498.2,1032.888,32.884,0.133,0.133,0.218,8.185,93.858,5.205,1007.543,0,5.215,5.218,NA,14
"5/24/2022 10:46:36 AM",1.014,29.64,49.646,78.8,71500.9,1032.889,32.885,0.039,0.039,0.015,8.189,93.81,5.203,1118.331,0,5.213,5.216,NA,14
"5/24/2022 10:46:36 AM",0.944,29.637,49.654,78.807,71511.2,1032.896,32.892,0.062,0.062,0.073,8.191,93.785,5.202,1296.833,0,5.211,5.214,NA,14
"5/24/2022 10:46:36 AM",0.924,29.639,49.643,78.794,71497.2,1032.887,32.883,0.07,0.07,0.189,8.193,93.668,5.196,1564.033,0,5.206,5.209,NA,14
"5/24/2022 10:46:37 AM",0.958,29.644,49.647,78.807,71502.2,1032.889,32.885,0.117,0.117,0.277,8.193,93.59,5.192,1033.031,0,5.202,5.205,NA,14
"5/24/2022 10:46:37 AM",1.026,29.647,49.651,78.818,71507.4,1032.892,32.887,0.078,0.078,0.116,8.193,93.589,5.193,989.277,0,5.202,5.205,NA,14
"5/24/2022 10:46:37 AM",1.096,29.642,49.652,78.813,71509,1032.894,32.889,0.039,0.039,0.044,8.192,93.568,5.192,1039.148,0,5.201,5.204,NA,14
"5/24/2022 10:46:37 AM",1.195,29.631,49.643,78.783,71498.6,1032.891,32.886,0.257,0.257,0.51,8.193,93.409,5.184,1054.781,0,5.194,5.197,NA,14
"5/24/2022 10:46:38 AM",1.254,29.629,49.655,78.798,71514.4,1032.902,32.896,0.086,0.086,0.204,8.194,93.424,5.185,1193.861,0,5.194,5.197,NA,14
"5/24/2022 10:46:38 AM",1.304,29.63,49.659,78.804,71519.6,1032.905,32.899,0.172,0.172,0.32,8.195,93.374,5.183,1044.246,0,5.192,5.195,NA,14
"5/24/2022 10:46:38 AM",1.348,29.628,49.666,78.811,71527.9,1032.91,32.905,0.172,0.172,0.189,8.195,93.318,5.18,1596.657,0,5.189,5.192,NA,14
"5/24/2022 10:46:38 AM",1.419,29.627,49.667,78.811,71529.3,1032.912,32.906,0.101,0.101,0.16,8.196,93.279,5.178,953.508,0,5.187,5.19,NA,14
"5/24/2022 10:46:38 AM",1.595,29.624,49.652,78.786,71511.5,1032.903,32.896,0,0,0,8.197,93.321,5.182,963.024,0,5.191,5.194,NA,14
"5/24/2022 10:46:39 AM",1.734,29.622,49.655,78.787,71515,1032.906,32.899,0.086,0.086,0.116,8.198,93.367,5.184,758.95,0,5.194,5.197,NA,14
"5/24/2022 10:46:39 AM",1.88,29.619,49.659,78.789,71521,1032.911,32.903,0,0,0,8.199,93.367,5.185,578.324,0,5.195,5.197,NA,14
"5/24/2022 10:46:39 AM",2.031,29.618,49.665,78.795,71528,1032.916,32.907,0,0,0,8.199,93.283,5.181,701.007,0,5.191,5.194,NA,14
"5/24/2022 10:46:39 AM",2.25,29.622,49.685,78.829,71553.4,1032.931,32.922,0.031,0.031,0.015,8.201,93.185,5.176,598.8,0,5.186,5.189,NA,14
"5/24/2022 10:46:39 AM",2.403,29.622,49.697,78.846,71568.6,1032.941,32.931,0.187,0.187,0.408,8.202,93.182,5.176,534.06,0,5.186,5.189,NA,14
"5/24/2022 10:46:40 AM",2.551,29.622,49.71,78.863,71584.1,1032.951,32.94,0.055,0.055,0.116,8.202,93.261,5.181,492.769,0,5.191,5.194,NA,14
"5/24/2022 10:46:40 AM",2.701,29.623,49.725,78.886,71603.5,1032.963,32.952,0.008,0.008,0,8.203,93.36,5.187,580.023,0,5.197,5.199,NA,14
"5/24/2022 10:46:40 AM",2.849,29.625,49.727,78.891,71605.7,1032.965,32.952,0,0,0,8.204,93.503,5.196,514.944,0,5.205,5.208,NA,14
"5/24/2022 10:46:40 AM",3.066,29.618,49.737,78.895,71618.7,1032.975,32.962,0,0,0,8.205,93.448,5.193,304.582,0,5.203,5.206,NA,14
"5/24/2022 10:46:40 AM",3.205,29.606,49.737,78.878,71621,1032.981,32.967,0.07,0.07,0.087,8.205,93.452,5.194,241.797,0,5.204,5.206,NA,14
"5/24/2022 10:46:41 AM",3.344,29.604,49.742,78.883,71627.5,1032.985,32.971,0.476,0.476,1.107,8.203,93.477,5.195,410.358,0,5.205,5.208,NA,14
"5/24/2022 10:46:41 AM",3.48,29.598,49.755,78.891,71644.2,1032.998,32.983,0.476,0.476,1.224,8.2,93.633,5.205,428.03,0,5.215,5.218,NA,14
"5/24/2022 10:46:41 AM",3.68,29.547,49.749,78.81,71642.5,1033.012,32.996,0.125,0.125,0.277,8.2,93.76,5.215,404.835,0,5.224,5.227,NA,14
"5/24/2022 10:46:41 AM",3.831,29.56,49.772,78.859,71669.9,1033.026,33.009,0.031,0.031,0.029,8.2,93.75,5.215,485.548,0,5.225,5.228,NA,14
"5/24/2022 10:46:41 AM",3.968,29.583,49.768,78.887,71661.9,1033.015,32.998,0,0,0,8.202,93.641,5.211,406.62,0,5.221,5.224,NA,14
"5/24/2022 10:46:42 AM",4.116,29.583,49.754,78.869,71645.4,1033.005,32.988,0,0,0,8.202,93.84,5.224,369.152,0,5.234,5.237,NA,14
"5/24/2022 10:46:42 AM",4.26,29.552,49.781,78.86,71682,1033.037,33.019,0,0,0,8.203,93.775,5.221,337.462,0,5.231,5.234,NA,14
"5/24/2022 10:46:42 AM",4.473,29.556,49.78,78.866,71680.7,1033.036,33.017,0.25,0.25,0.481,8.206,93.888,5.23,284.277,0,5.24,5.243,NA,14
"5/24/2022 10:46:42 AM",4.606,29.531,49.79,78.843,71696.8,1033.053,33.034,0.499,0.499,1.078,8.204,93.893,5.231,292.263,0,5.241,5.244,NA,14
"5/24/2022 10:46:42 AM",4.718,29.515,49.777,78.803,71682.7,1033.049,33.029,0.343,0.343,0.772,8.202,93.987,5.238,498.292,0,5.248,5.251,NA,14
"5/24/2022 10:46:43 AM",4.857,29.51,49.777,78.795,71683.2,1033.052,33.031,0.156,0.156,0.306,8.203,93.986,5.238,771.948,0,5.248,5.251,NA,14
"5/24/2022 10:46:43 AM",5.022,29.505,49.78,78.793,71687.6,1033.056,33.035,0.109,0.109,0.189,8.203,94.063,5.245,685.799,0,5.255,5.258,NA,14
"5/24/2022 10:46:43 AM",5.283,29.503,49.784,78.796,71693.1,1033.061,33.039,0,0,0,8.206,94.119,5.251,521.656,0,5.261,5.264,NA,14
"5/24/2022 10:46:43 AM",5.441,29.503,49.79,78.803,71700.7,1033.067,33.044,0,0,0,8.21,94.128,5.255,585.971,0,5.265,5.268,NA,14
"5/24/2022 10:46:43 AM",5.591,29.503,49.797,78.812,71708.8,1033.072,33.048,0,0,0,8.213,94.259,5.265,380.877,0,5.276,5.279,NA,14
"5/24/2022 10:46:44 AM",5.74,29.504,49.802,78.821,71714.9,1033.076,33.052,0,0,0,8.215,94.211,5.265,214.355,0,5.275,5.278,NA,14
"5/24/2022 10:46:44 AM",5.942,29.507,49.8,78.823,71712.2,1033.074,33.049,0,0,0,8.216,94.289,5.272,94.136,0,5.282,5.285,NA,14
"5/24/2022 10:46:44 AM",6.095,29.51,49.802,78.83,71715,1033.076,33.05,0,0,0,8.214,94.243,5.27,71.876,0,5.28,5.283,NA,14
"5/24/2022 10:46:44 AM",6.243,29.51,49.826,78.865,71745.4,1033.095,33.068,0.484,0.484,1.005,8.207,94.18,5.266,103.227,0,5.276,5.279,NA,14
"5/24/2022 10:46:44 AM",6.371,29.511,49.833,78.875,71753.9,1033.1,33.073,0.109,0.109,0.073,8.206,94.14,5.264,111.893,0,5.275,5.278,NA,14
"5/24/2022 10:46:45 AM",6.514,29.511,49.839,78.883,71761,1033.105,33.077,0,0,0,8.206,94.325,5.275,93.201,0,5.285,5.288,NA,14
"5/24/2022 10:46:45 AM",6.726,29.508,49.848,78.89,71772.5,1033.114,33.085,0,0,0,8.209,94.252,5.271,72.131,0,5.282,5.285,NA,14
"5/24/2022 10:46:45 AM",6.877,29.507,49.85,78.892,71774.8,1033.116,33.087,0.179,0.179,0.291,8.209,94.208,5.269,75.36,0,5.279,5.282,NA,14
"5/24/2022 10:46:45 AM",7.025,29.507,49.854,78.897,71780.7,1033.12,33.091,0.554,0.554,1.253,8.208,94.429,5.282,103.312,0,5.292,5.295,NA,14
"5/24/2022 10:46:45 AM",7.164,29.505,49.863,78.907,71792.1,1033.128,33.098,0.507,0.507,1.122,8.207,94.608,5.291,123.447,0,5.302,5.305,NA,14
"5/24/2022 10:46:46 AM",7.38,29.506,49.862,78.908,71791.5,1033.128,33.097,0,0,0,8.209,94.532,5.288,102.547,0,5.298,5.301,NA,14
"5/24/2022 10:46:46 AM",7.524,29.507,49.858,78.904,71786.3,1033.126,33.094,0,0,0,8.207,94.512,5.288,79.098,0,5.299,5.302,NA,14
"5/24/2022 10:46:46 AM",7.666,29.507,49.862,78.909,71790.6,1033.129,33.096,0,0,0,8.207,94.48,5.289,56.838,0,5.299,5.303,NA,14
"5/24/2022 10:46:46 AM",7.821,29.508,49.863,78.911,71791.7,1033.13,33.097,0.07,0.07,0.146,8.207,94.612,5.298,51.401,0,5.309,5.312,NA,14
"5/24/2022 10:46:46 AM",7.969,29.505,49.868,78.914,71798.2,1033.135,33.101,0.078,0.078,0.146,8.207,94.505,5.293,52.93,0,5.304,5.307,NA,14
"5/24/2022 10:46:47 AM",8.2,29.503,49.871,78.917,71803.5,1033.14,33.105,0,0,0,8.207,94.588,5.298,46.898,0,5.309,5.312,NA,14
"5/24/2022 10:46:47 AM",8.364,29.502,49.872,78.916,71804.9,1033.142,33.106,0,0,0,8.206,94.544,5.295,39.761,0,5.306,5.309,NA,14
"5/24/2022 10:46:47 AM",8.541,29.501,49.876,78.921,71810,1033.146,33.109,0.203,0.203,0.335,8.207,94.484,5.291,37.807,0,5.301,5.304,NA,14
"5/24/2022 10:46:47 AM",8.706,29.5,49.881,78.926,71815.9,1033.15,33.113,0.858,0.858,1.967,8.207,94.484,5.29,49.872,0,5.3,5.303,NA,14
"5/24/2022 10:46:48 AM",8.915,29.498,49.888,78.932,71825.2,1033.157,33.119,1.053,1.053,2.448,8.206,94.461,5.287,167.032,0,5.298,5.301,NA,14
"5/24/2022 10:46:48 AM",9.05,29.493,49.894,78.934,71833.1,1033.164,33.125,0.46,0.46,1.049,8.208,94.637,5.296,245.45,0,5.307,5.31,NA,14
"5/24/2022 10:46:48 AM",9.198,29.491,49.899,78.938,71840,1033.169,33.13,0.172,0.172,0.306,8.209,94.66,5.297,270.683,0,5.307,5.31,NA,14
"5/24/2022 10:46:48 AM",9.337,29.491,49.903,78.944,71845.3,1033.173,33.133,0,0,0,8.208,94.669,5.297,239.588,0,5.308,5.311,NA,14
"5/24/2022 10:46:48 AM",9.48,29.492,49.903,78.945,71845.2,1033.173,33.133,0,0,0,8.206,94.702,5.299,176.207,0,5.309,5.312,NA,14
"5/24/2022 10:46:49 AM",9.685,29.493,49.904,78.949,71846.2,1033.174,33.133,0,0,0,8.208,94.842,5.307,130.584,0,5.318,5.321,NA,14
"5/24/2022 10:46:49 AM",9.817,29.496,49.903,78.951,71845.2,1033.174,33.132,0,0,0,8.209,95.014,5.318,109.174,0,5.328,5.331,NA,14
"5/24/2022 10:46:49 AM",9.942,29.497,49.905,78.955,71847.3,1033.175,33.133,0,0,0,8.21,95.01,5.319,89.293,0,5.33,5.333,NA,14
"5/24/2022 10:46:49 AM",10.085,29.497,49.908,78.959,71850.8,1033.178,33.135,0,0,0,8.212,95.039,5.323,58.368,0,5.333,5.336,NA,14
"5/24/2022 10:46:49 AM",10.339,29.496,49.908,78.957,71850.6,1033.179,33.135,0,0,0,8.213,95.302,5.342,36.873,0,5.352,5.356,NA,14
"5/24/2022 10:46:50 AM",10.516,29.493,49.91,78.957,71854.4,1033.183,33.138,0,0,0,8.213,95.387,5.348,32.795,0,5.358,5.362,NA,14
"5/24/2022 10:46:50 AM",10.686,29.492,49.915,78.961,71859.9,1033.187,33.141,0.047,0.047,0,8.208,95.541,5.357,33.219,0,5.367,5.37,NA,14
"5/24/2022 10:46:50 AM",10.862,29.491,49.92,78.967,71866.3,1033.192,33.146,0.554,0.554,1.136,8.206,95.674,5.363,37.807,0,5.374,5.377,NA,14
"5/24/2022 10:46:50 AM",11.032,29.488,49.927,78.973,71875.5,1033.199,33.152,0.554,0.554,1.136,8.206,95.717,5.365,41.461,0,5.376,5.379,NA,14
"5/24/2022 10:46:50 AM",11.281,29.485,49.936,78.981,71888.4,1033.209,33.161,0.983,0.983,2.215,8.206,95.915,5.375,66.779,0,5.386,5.389,NA,14
"5/24/2022 10:46:51 AM",11.418,29.482,49.942,78.985,71895.3,1033.214,33.165,0.772,0.772,1.675,8.208,95.949,5.376,226.419,0,5.387,5.39,NA,14
"5/24/2022 10:46:51 AM",11.521,29.478,49.95,78.989,71906,1033.222,33.173,0.421,0.421,0.888,8.207,96.016,5.379,392.686,0,5.39,5.393,NA,14
"5/24/2022 10:46:51 AM",11.543,29.476,49.95,78.986,71906.1,1033.223,33.174,0.218,0.218,0.568,8.207,96.145,5.386,449.949,0,5.396,5.399,NA,14
"5/24/2022 10:46:51 AM",11.503,29.477,49.946,78.984,71901.9,1033.22,33.171,0.094,0.094,0.087,8.206,96.343,5.398,406.365,0,5.409,5.412,NA,14
"5/24/2022 10:46:51 AM",11.43,29.479,49.945,78.985,71899.8,1033.218,33.169,0.078,0.078,0.073,8.208,96.352,5.4,328.116,0,5.41,5.414,NA,14
"5/24/2022 10:46:52 AM",11.34,29.482,49.946,78.989,71900.3,1033.217,33.169,0.062,0.062,0.044,8.212,96.544,5.411,325.822,0,5.422,5.425,NA,14
"5/24/2022 10:46:52 AM",11.248,29.483,49.949,78.995,71903.7,1033.218,33.17,0.047,0.047,0.029,8.215,96.477,5.407,311.719,0,5.418,5.421,NA,14
"5/24/2022 10:46:52 AM",11.163,29.484,49.953,79.003,71909.2,1033.221,33.173,0.094,0.094,0.044,8.216,96.616,5.415,371.871,0,5.426,5.429,NA,14
"5/24/2022 10:46:52 AM",11.086,29.482,49.958,79.006,71915.7,1033.225,33.178,0.07,0.07,0.087,8.222,96.747,5.421,531.851,0,5.432,5.435,NA,14
"5/24/2022 10:46:52 AM",11.032,29.482,49.962,79.012,71920.6,1033.228,33.181,0.07,0.07,0.073,8.224,96.731,5.42,487.502,0,5.43,5.434,NA,14
"5/24/2022 10:46:53 AM",10.987,29.482,49.96,79.01,71918,1033.226,33.179,0.055,0.055,0.073,8.226,96.8,5.423,357.682,0,5.434,5.437,NA,14
"5/24/2022 10:46:53 AM",10.928,29.483,49.96,79.011,71917.8,1033.226,33.179,0.055,0.055,0.073,8.227,96.835,5.424,326.842,0,5.435,5.438,NA,14
"5/24/2022 10:46:53 AM",10.778,29.483,49.961,79.013,71919.7,1033.226,33.18,0.039,0.039,0.029,8.224,96.854,5.425,439.329,0,5.436,5.439,NA,14
"5/24/2022 10:46:53 AM",10.664,29.485,49.964,79.02,71923,1033.227,33.182,0.055,0.055,0.015,8.222,96.821,5.423,383.51,0,5.433,5.437,NA,14
"5/24/2022 10:46:53 AM",10.546,29.486,49.969,79.027,71928.9,1033.23,33.185,0.047,0.047,0.029,8.22,96.912,5.428,355.389,0,5.439,5.442,NA,14
"5/24/2022 10:46:54 AM",10.401,29.487,49.968,79.027,71926.8,1033.228,33.183,0.047,0.047,0.015,8.219,96.958,5.43,393.791,0,5.441,5.444,NA,14
"5/24/2022 10:46:54 AM",10.224,29.489,49.969,79.031,71928,1033.227,33.184,0.062,0.062,0.073,8.218,97.098,5.438,454.282,0,5.449,5.452,NA,14
"5/24/2022 10:46:54 AM",9.961,29.489,49.974,79.038,71934.7,1033.23,33.188,0.062,0.062,0.073,8.221,97.262,5.447,535.844,0,5.458,5.461,NA,14
"5/24/2022 10:46:54 AM",9.796,29.49,49.975,79.04,71934.6,1033.229,33.188,0.062,0.062,0.029,8.222,97.27,5.447,572.717,0,5.457,5.461,NA,14
"5/24/2022 10:46:54 AM",9.636,29.491,49.981,79.05,71942.5,1033.233,33.192,0.055,0.055,0.044,8.224,97.22,5.444,543.406,0,5.455,5.458,NA,14
"5/24/2022 10:46:55 AM",9.478,29.492,49.978,79.048,71938.1,1033.23,33.189,0.055,0.055,0.058,8.225,97.146,5.44,421.403,0,5.45,5.454,NA,14
"5/24/2022 10:46:55 AM",9.231,29.494,49.982,79.056,71943.5,1033.231,33.192,0.055,0.055,0.044,8.227,97.255,5.445,332.619,0,5.456,5.459,NA,14
"5/24/2022 10:46:55 AM",9.087,29.493,49.982,79.055,71942.9,1033.231,33.192,0.039,0.039,0,8.228,97.152,5.44,391.752,0,5.451,5.454,NA,14
"5/24/2022 10:46:55 AM",8.981,29.493,49.984,79.057,71945.1,1033.232,33.193,0.016,0.016,0.015,8.228,97.231,5.444,505.598,0,5.455,5.458,NA,14
"5/24/2022 10:46:55 AM",8.899,29.492,49.988,79.061,71950.3,1033.235,33.197,0.031,0.031,0.029,8.229,97.308,5.448,460.399,0,5.459,5.462,NA,14
"5/24/2022 10:46:56 AM",8.83,29.492,49.996,79.073,71961.1,1033.241,33.203,0.031,0.031,0.058,8.229,97.254,5.445,478.071,0,5.456,5.459,NA,14
"5/24/2022 10:46:56 AM",8.722,29.494,49.997,79.077,71962,1033.241,33.203,0.047,0.047,0.058,8.23,97.18,5.441,433.552,0,5.451,5.455,NA,14
"5/24/2022 10:46:56 AM",8.645,29.495,50.001,79.083,71966.1,1033.242,33.206,0.047,0.047,0.015,8.23,97.278,5.447,400.927,0,5.457,5.461,NA,14
"5/24/2022 10:46:56 AM",8.59,29.495,50.004,79.087,71970.2,1033.245,33.208,0.031,0.031,0,8.231,97.301,5.448,513.415,0,5.459,5.462,NA,14
"5/24/2022 10:46:56 AM",8.539,29.495,50.007,79.091,71973.4,1033.246,33.21,0.039,0.039,0.073,8.232,97.281,5.447,624.203,0,5.458,5.461,NA,14
"5/24/2022 10:46:57 AM",8.459,29.497,50.006,79.094,71972.4,1033.245,33.209,0.055,0.055,0.058,8.231,97.278,5.446,460.994,0,5.457,5.46,NA,14
"5/24/2022 10:46:57 AM",8.385,29.497,50.008,79.096,71974.6,1033.246,33.21,0.062,0.062,0.087,8.232,97.291,5.447,357.937,0,5.458,5.461,NA,14
"5/24/2022 10:46:57 AM",8.308,29.498,50.01,79.1,71977.2,1033.247,33.212,0.078,0.078,0.116,8.234,97.203,5.442,305.857,0,5.453,5.456,NA,14
"5/24/2022 10:46:57 AM",8.23,29.498,50.016,79.108,71984,1033.251,33.216,0.047,0.047,0.015,8.232,97.228,5.444,436.101,0,5.454,5.458,NA,14
"5/24/2022 10:46:58 AM",8.145,29.498,50.02,79.114,71990.2,1033.254,33.22,0.055,0.055,0.058,8.23,97.231,5.443,422.592,0,5.454,5.457,NA,14
"5/24/2022 10:46:58 AM",8.02,29.499,50.038,79.139,72012.3,1033.267,33.233,0.062,0.062,0.073,8.229,97.24,5.443,416.135,0,5.454,5.457,NA,14
"5/24/2022 10:46:58 AM",7.931,29.499,50.042,79.144,72016.7,1033.269,33.236,0.07,0.07,0.073,8.228,97.277,5.445,520.041,0,5.456,5.459,NA,14
"5/24/2022 10:46:58 AM",7.818,29.499,50.041,79.144,72015.2,1033.268,33.234,0.078,0.078,0.102,8.228,97.356,5.45,496.677,0,5.461,5.464,NA,14
"5/24/2022 10:46:58 AM",7.696,29.501,50.038,79.142,72011.9,1033.265,33.232,0.062,0.062,0.073,8.227,97.269,5.445,437.205,0,5.456,5.459,NA,14
"5/24/2022 10:46:59 AM",7.484,29.5,50.048,79.154,72024.3,1033.272,33.24,0.039,0.039,0.029,8.226,97.37,5.451,437.8,0,5.462,5.465,NA,14
"5/24/2022 10:46:59 AM",7.345,29.5,50.043,79.148,72018.3,1033.268,33.236,0.117,0.117,0.102,8.226,97.438,5.454,498.886,0,5.465,5.468,NA,14
"5/24/2022 10:46:59 AM",7.204,29.502,50.039,79.145,72012.9,1033.263,33.233,0.055,0.055,0.058,8.226,97.352,5.449,505.003,0,5.46,5.464,NA,14
"5/24/2022 10:46:59 AM",7.076,29.502,50.042,79.148,72015.7,1033.264,33.234,0.07,0.07,0.058,8.227,97.328,5.448,507.382,0,5.459,5.462,NA,14
"5/24/2022 10:46:59 AM",6.971,29.503,50.04,79.148,72013.7,1033.262,33.233,0.062,0.062,0.175,8.227,97.337,5.449,483.848,0,5.46,5.463,NA,14
"5/24/2022 10:47:00 AM",6.905,29.501,50.041,79.146,72014.8,1033.263,33.234,0.055,0.055,0.029,8.23,97.338,5.449,422.252,0,5.46,5.463,NA,14
"5/24/2022 10:47:00 AM",6.907,29.501,50.044,79.15,72018.5,1033.266,33.236,0.078,0.078,0.044,8.231,97.384,5.452,462.778,0,5.463,5.466,NA,14
"5/24/2022 10:47:00 AM",6.918,29.501,50.048,79.155,72023.1,1033.268,33.239,0.062,0.062,0.102,8.231,97.344,5.45,514.179,0,5.461,5.464,NA,14
"5/24/2022 10:47:00 AM",6.876,29.503,50.044,79.153,72018.5,1033.265,33.236,0.07,0.07,0.102,8.232,97.264,5.447,523.95,0,5.457,5.461,NA,14
"5/24/2022 10:47:00 AM",6.77,29.503,50.048,79.159,72023.6,1033.268,33.239,0.109,0.109,0.16,8.234,97.327,5.452,460.314,0,5.462,5.466,NA,14
"5/24/2022 10:47:01 AM",6.728,29.503,50.05,79.161,72025.5,1033.269,33.24,0.078,0.078,0.131,8.233,97.151,5.442,445.022,0,5.453,5.456,NA,14
"5/24/2022 10:47:01 AM",6.704,29.504,50.051,79.164,72026.9,1033.269,33.241,0.07,0.07,0.073,8.232,97.214,5.446,423.612,0,5.457,5.46,NA,14
"5/24/2022 10:47:01 AM",6.738,29.504,50.05,79.163,72025.6,1033.268,33.24,0.062,0.062,0.044,8.233,97.196,5.446,376.374,0,5.457,5.46,NA,14
"5/24/2022 10:47:01 AM",6.765,29.502,50.055,79.167,72032.4,1033.273,33.245,0.031,0.031,0.029,8.234,97.273,5.45,467.621,0,5.461,5.464,NA,14
"5/24/2022 10:47:01 AM",6.679,29.502,50.054,79.166,72031.3,1033.272,33.244,0.133,0.133,0.175,8.235,97.235,5.449,453.348,0,5.46,5.463,NA,14
"5/24/2022 10:47:02 AM",6.559,29.504,50.096,79.227,72083.4,1033.303,33.275,0.156,0.156,0.175,8.235,97.209,5.446,402.881,0,5.457,5.46,NA,14
"5/24/2022 10:47:02 AM",6.415,29.518,50.071,79.212,72050.4,1033.278,33.251,0.086,0.086,0.102,8.231,97.296,5.452,420.808,0,5.462,5.466,NA,14
"5/24/2022 10:47:02 AM",6.266,29.525,50.082,79.237,72062.9,1033.283,33.257,0.078,0.078,0.073,8.229,97.397,5.457,435.846,0,5.468,5.471,NA,14
"5/24/2022 10:47:02 AM",6.184,29.543,50.065,79.239,72038.7,1033.263,33.237,0.07,0.07,0.102,8.229,97.39,5.457,430.578,0,5.468,5.472,NA,14
"5/24/2022 10:47:02 AM",6.059,29.548,50.069,79.251,72043.1,1033.264,33.238,0.086,0.086,0.116,8.23,97.293,5.452,411.887,0,5.463,5.466,NA,14
"5/24/2022 10:47:03 AM",5.89,29.556,50.09,79.293,72069.1,1033.277,33.252,0.094,0.094,0.102,8.23,97.243,5.449,352.5,0,5.46,5.463,NA,14
"5/24/2022 10:47:03 AM",5.697,29.579,50.071,79.3,72041.9,1033.253,33.229,0.031,0.031,0,8.23,97.326,5.454,399.143,0,5.465,5.468,NA,14
"5/24/2022 10:47:03 AM",5.393,29.604,50.053,79.311,72015.9,1033.229,33.206,0.031,0.031,0.16,8.23,97.234,5.45,663.709,0,5.461,5.464,NA,14
"5/24/2022 10:47:03 AM",5.195,29.609,50.05,79.314,72012.2,1033.225,33.203,0.039,0.039,0.073,8.231,97.14,5.445,686.563,0,5.456,5.459,NA,14
"5/24/2022 10:47:03 AM",5.01,29.607,50.049,79.31,72011.3,1033.224,33.203,0.07,0.07,0.189,8.232,97.073,5.441,569.913,0,5.452,5.456,NA,14
"5/24/2022 10:47:04 AM",4.88,29.604,50.045,79.299,72005.6,1033.221,33.2,0.086,0.086,0.058,8.232,97.123,5.446,578.324,0,5.457,5.46,NA,14
"5/24/2022 10:47:04 AM",4.755,29.595,50.053,79.298,72016.9,1033.23,33.209,0.047,0.047,0.058,8.233,97.046,5.442,512.48,0,5.453,5.456,NA,14
"5/24/2022 10:47:04 AM",4.525,29.594,50.039,79.277,72000.3,1033.219,33.2,0.047,0.047,0.058,8.231,97.081,5.446,679.172,0,5.457,5.46,NA,14
"5/24/2022 10:47:04 AM",4.385,29.584,50.044,79.269,72007.6,1033.226,33.207,0.094,0.094,0.116,8.23,97.186,5.452,662.86,0,5.463,5.466,NA,14
"5/24/2022 10:47:04 AM",4.253,29.574,50.051,79.263,72016.7,1033.234,33.216,0.101,0.101,0.218,8.23,97.367,5.463,577.644,0,5.474,5.477,NA,14
"5/24/2022 10:47:05 AM",4.133,29.567,50.058,79.264,72026.9,1033.241,33.224,0.062,0.062,0.087,8.23,97.271,5.459,545.784,0,5.47,5.473,NA,14
"5/24/2022 10:47:05 AM",4.013,29.563,50.055,79.254,72023.4,1033.24,33.223,0.047,0.047,0.087,8.23,97.186,5.455,508.572,0,5.466,5.469,NA,14
"5/24/2022 10:47:05 AM",3.967,29.566,50.057,79.261,72025.2,1033.24,33.223,0.031,0.031,0.029,8.231,97.157,5.454,427.52,0,5.465,5.468,NA,14
"5/24/2022 10:47:05 AM",3.915,29.57,50.064,79.275,72033.7,1033.244,33.227,0.016,0.016,0,8.232,97.182,5.455,506.363,0,5.466,5.469,NA,14
"5/24/2022 10:47:05 AM",3.821,29.574,50.059,79.274,72026.3,1033.238,33.222,0.07,0.07,0.073,8.233,97.172,5.455,844.25,0,5.466,5.469,NA,14
"5/24/2022 10:47:06 AM",3.71,29.576,50.059,79.279,72026.9,1033.237,33.221,0.062,0.062,0.087,8.232,97.09,5.45,740.513,0,5.461,5.464,NA,14
"5/24/2022 10:47:06 AM",3.564,29.575,50.069,79.289,72038.8,1033.244,33.229,0.023,0.023,0,8.23,96.943,5.441,536.184,0,5.452,5.455,NA,14
"5/24/2022 10:47:06 AM",3.446,29.577,50.069,79.293,72038.5,1033.243,33.228,0.016,0.016,0,8.229,96.848,5.435,663.624,0,5.446,5.45,NA,14
"5/24/2022 10:47:06 AM",3.316,29.578,50.066,79.291,72035,1033.24,33.226,0.047,0.047,0.131,8.229,96.94,5.44,737.455,0,5.451,5.455,NA,14
"5/24/2022 10:47:07 AM",3.203,29.583,50.064,79.294,72031.3,1033.236,33.222,0.031,0.031,0.116,8.228,96.787,5.432,727.429,0,5.443,5.446,NA,14
"5/24/2022 10:47:07 AM",2.994,29.582,50.069,79.3,72038.5,1033.24,33.227,0.039,0.039,0.029,8.226,96.892,5.438,762.348,0,5.449,5.452,NA,14
"5/24/2022 10:47:07 AM",2.799,29.586,50.079,79.318,72049.4,1033.244,33.233,0.031,0.031,0.058,8.226,96.948,5.441,806.357,0,5.452,5.455,NA,14
"5/24/2022 10:47:07 AM",2.566,29.593,50.07,79.317,72037.6,1033.234,33.223,0.016,0.016,0.015,8.224,96.854,5.436,840.256,0,5.447,5.451,NA,14
"5/24/2022 10:47:07 AM",2.384,29.597,50.07,79.322,72036.6,1033.232,33.222,0.031,0.031,0,8.223,96.685,5.427,715.875,0,5.438,5.441,NA,14
"5/24/2022 10:47:08 AM",2.1,29.598,50.064,79.316,72029.4,1033.226,33.217,0.047,0.047,0.029,8.226,96.687,5.429,1038.978,0,5.44,5.443,NA,14
"5/24/2022 10:47:08 AM",1.906,29.601,50.055,79.308,72018.1,1033.218,33.21,0.062,0.062,0,8.227,96.909,5.442,935.922,0,5.453,5.456,NA,14
"5/24/2022 10:47:08 AM",1.765,29.604,50.051,79.307,72012.4,1033.213,33.205,0.031,0.031,0.029,8.228,96.925,5.443,814.174,0,5.454,5.457,NA,14
"5/24/2022 10:47:08 AM",1.664,29.608,50.047,79.307,72006.2,1033.207,33.2,0,0,0,8.229,96.815,5.437,838.642,0,5.448,5.452,NA,14
"5/24/2022 10:47:08 AM",1.541,29.613,50.043,79.309,72001.5,1033.203,33.196,0.016,0.016,0,8.231,96.973,5.447,1254.692,0,5.458,5.461,NA,14
"5/24/2022 10:47:09 AM",1.329,29.615,50.052,79.324,72011.9,1033.208,33.202,0.203,0.203,0.16,8.232,96.707,5.43,1404.647,0,5.442,5.445,NA,14
"5/24/2022 10:47:09 AM",1.156,29.622,50.045,79.323,72001.8,1033.199,33.194,0.008,0.008,0,8.232,96.478,5.418,1151.636,0,5.429,5.433,NA,14
"5/24/2022 10:47:09 AM",1.036,29.624,50.043,79.324,71999.4,1033.196,33.192,0.086,0.086,0.349,8.232,96.531,5.421,1436.592,0,5.432,5.435,NA,14
"5/24/2022 10:47:09 AM",0.96,29.627,50.036,79.318,71990.5,1033.19,33.186,0.133,0.133,0.393,8.232,96.632,5.427,1524.526,0,5.438,5.441,NA,14
"5/24/2022 10:47:09 AM",0.878,29.628,50.038,79.322,71992,1033.19,33.186,0.148,0.148,0.044,8.234,96.678,5.429,1006.014,0,5.44,5.444,NA,14
"5/24/2022 10:47:10 AM",0.857,29.631,50.043,79.333,71997.8,1033.193,33.189,0.164,0.164,0.481,8.233,96.669,5.428,971.265,0,5.439,5.442,NA,14
"5/24/2022 10:47:10 AM",0.837,29.637,50.049,79.351,72005.2,1033.195,33.192,0.125,0.125,0.437,8.234,96.756,5.433,1202.272,0,5.444,5.447,NA,14
"5/24/2022 10:47:10 AM",0.788,29.649,50.032,79.344,71982.9,1033.178,33.175,0.538,0.538,0.583,8.236,96.615,5.425,949.77,0,5.436,5.44,NA,14
"5/24/2022 10:47:10 AM",0.699,29.652,50.025,79.339,71973.3,1033.171,33.168,0.195,0.195,0.029,8.239,96.662,5.428,1525.376,0,5.439,5.442,NA,14
"5/24/2022 10:47:10 AM",0.524,29.655,50.018,79.335,71964.6,1033.164,33.162,0.031,0.031,0,8.239,96.711,5.431,1166.589,0,5.442,5.445,NA,14
"5/24/2022 10:47:11 AM",0.385,29.658,50.012,79.329,71956.1,1033.158,33.156,0.25,0.25,0.568,8.235,96.645,5.427,1254.607,0,5.438,5.441,NA,14
"5/24/2022 10:47:11 AM",0.244,29.657,50.007,79.322,71949.7,1033.154,33.153,0,0,0,8.235,96.624,5.426,1334.215,0,5.437,5.44,NA,14
"5/24/2022 10:47:11 AM",0.133,29.658,49.974,79.277,71908.7,1033.128,33.128,0,0,0,8.234,96.763,5.434,1405.072,0,5.446,5.449,NA,14
"5/24/2022 10:47:11 AM",0.04,29.653,49.996,79.3,71936.3,1033.146,33.146,0.374,0.374,0.539,8.237,96.724,5.431,1521.382,0,5.442,5.446,NA,14
"5/24/2022 10:47:11 AM",0,29.647,49.999,79.297,71941.2,1033.15,33.15,0.109,0.109,0.248,8.238,96.694,5.43,1612.29,0,5.441,5.444,NA,14
"5/24/2022 10:47:12 AM",0,29.647,49.992,79.286,71932,1033.144,33.145,0,0,0,8.238,96.54,5.421,1645.085,0,5.432,5.435,NA,14
"5/24/2022 10:47:12 AM",0,29.646,16.019,28.683,26023.3,1007.677,7.678,2.824,2.824,0,8.237,96.609,6.527,1697.675,0,6.546,6.546,NA,14
"5/24/2022 10:47:12 AM",0,29.674,1.736,3.642,3302.3,997.046,0,229.896,229.896,20.747,8.235,96.322,7.036,1673.121,0,7.057,7.056,NA,14
"5/24/2022 10:47:12 AM",0,30.075,1.166,2.516,2263.1,996.498,0,34.667,34.667,0,8.233,96.235,7.056,1705.916,0,7.076,7.076,NA,14
"5/24/2022 10:47:12 AM",0,30.348,0.944,2.069,1851.5,996.25,0,0,0,0,8.231,96.357,7.074,1730.555,0,7.095,7.095,NA,14
"5/24/2022 10:47:13 AM",0,30.6,0.843,1.867,1661.9,996.097,0,0,0,0,8.228,96.481,7.089,1814.835,0,7.109,7.109,NA,14
"5/24/2022 10:47:13 AM",0,30.944,0.788,1.76,1556.7,995.949,0,58.779,58.779,0,8.227,96.379,7.084,1804.3,0,7.104,7.104,NA,14
"5/24/2022 10:47:13 AM",0,31.609,0.675,1.537,1342.1,995.656,0,32.724,32.724,0,8.225,96.417,7.092,1836.16,0,7.112,7.112,NA,14
"5/24/2022 10:47:13 AM",0,31.547,0.631,1.44,1259.1,995.643,0,345.347,345.347,0,8.223,96.612,7.108,1777.198,0,7.129,7.129,NA,14
"5/24/2022 10:47:13 AM",0,32.001,0.582,1.343,1164.1,995.462,0,254,254,0,8.222,96.415,7.096,1813.731,0,7.116,7.116,NA,14
"5/24/2022 10:47:14 AM",0,32.457,0.539,1.259,1081.3,995.284,0,223.624,223.624,0,8.22,96.385,7.096,1823.756,0,7.116,7.116,NA,14
"5/24/2022 10:47:14 AM",0,32.233,0.514,1.197,1032.4,995.337,0,265.561,265.561,18.942,8.217,96.426,7.1,1869.21,0,7.12,7.12,NA,14
"5/24/2022 10:47:14 AM",0,31.302,0.48,1.1,966.5,995.607,0,196.953,196.953,118.495,8.213,96.532,7.11,1926.558,0,7.13,7.13,NA,14
"5/24/2022 10:47:14 AM",0,30.975,0.703,1.579,1395.9,995.876,0,297.193,297.193,212.706,8.21,96.642,7.11,1959.777,0,7.13,7.13,NA,14
"5/24/2022 10:47:14 AM",0,31.089,0.694,1.564,1378.8,995.834,0,248.984,248.984,99.85,8.207,96.607,7.107,1951.961,0,7.128,7.128,NA,14
"5/24/2022 10:47:15 AM",0,31.601,0.617,1.41,1231.3,995.615,0,140.476,140.476,42.909,8.205,96.596,7.11,1978.638,0,7.13,7.13,NA,14
"5/24/2022 10:47:15 AM",0,30.957,0.552,1.253,1107.9,995.769,0,109.928,109.928,26.742,8.202,96.59,7.112,1981.017,0,7.133,7.133,NA,14
"5/24/2022 10:47:15 AM",0,30.147,0.521,1.166,1047,995.995,0,21.187,21.187,70.943,8.198,96.647,7.118,2059.52,0,7.138,7.138,NA,14
"5/24/2022 10:47:15 AM",0,29.857,0.452,1.01,912.8,996.03,0,26.803,26.803,0,8.196,96.7,7.125,2043.123,0,7.146,7.146,NA,14
"5/24/2022 10:47:15 AM",0,29.644,0.458,1.02,925.8,996.099,0,33.356,33.356,0,8.194,96.606,7.118,2024.517,0,7.139,7.139,NA,14
"5/24/2022 10:47:16 AM",0,29.498,0.506,1.12,1019.2,996.179,0,30.361,30.361,8.063,8.189,96.558,7.114,2004.636,0,7.134,7.134,NA,14
"5/24/2022 10:47:16 AM",0,29.349,0.442,0.98,894.5,996.175,0,8.643,8.643,60.633,8.179,96.697,7.126,2015.171,0,7.147,7.147,NA,14
"5/24/2022 10:47:16 AM",0,29.312,0.435,0.965,881.7,996.181,0,208.03,208.03,0,8.173,96.671,7.125,1938.792,0,7.146,7.146,NA,14
"5/24/2022 10:47:16 AM",0,29.421,0.422,0.939,855.8,996.139,0,454.331,454.331,414.87,8.168,96.753,7.132,1906.592,0,7.152,7.152,NA,14
"5/24/2022 10:47:17 AM",0,29.91,0.413,0.927,836.9,995.986,0,159.869,159.869,299.322,8.163,96.723,7.131,1910.245,0,7.151,7.151,NA,14
"5/24/2022 10:47:17 AM",0,30.379,0.404,0.917,819.9,995.837,0,74.084,74.084,340.798,8.158,96.638,7.125,1904.468,0,7.145,7.145,NA,14
"5/24/2022 10:47:17 AM",0,30.248,0.367,0.832,745.9,995.848,0,235.988,235.988,80.787,8.146,96.542,7.12,1823.671,0,7.14,7.14,NA,14
"5/24/2022 10:47:17 AM",0,30.064,0.433,0.973,875.5,995.954,0,56.243,56.243,0,8.132,96.612,7.123,1862.328,0,7.144,7.144,NA,14
"5/24/2022 10:47:17 AM",0,29.956,0.426,0.958,863.4,995.982,0,20.578,20.578,0,8.122,96.554,7.12,2065.892,0,7.141,7.141,NA,14
"5/24/2022 10:47:18 AM",0,29.857,0.41,0.919,830.4,995.999,0,37.132,37.132,0,8.116,96.58,7.124,2163.937,0,7.144,7.144,NA,14
"5/24/2022 10:47:18 AM",0,29.588,0.396,0.885,804,996.07,0,10.929,10.929,0,8.104,96.739,7.137,1979.148,0,7.157,7.157,NA,14
"5/24/2022 10:47:18 AM",0,29.402,0.385,0.858,781.8,996.117,0,9.868,9.868,5.882,8.095,96.782,7.141,1877.111,0,7.161,7.161,NA,14
"5/24/2022 10:47:18 AM",0,29.276,0.384,0.853,779.9,996.153,0,9.681,9.681,6.028,8.086,96.751,7.139,1803.111,0,7.16,7.159,NA,14
"5/24/2022 10:47:18 AM",0,29.189,0.618,1.35,1236.5,996.355,0,0,0,3.105,8.08,96.88,7.14,1709.654,0,7.161,7.16,NA,14
"5/24/2022 10:47:19 AM",0,29.16,0.442,0.976,894.5,996.231,0,0,0,0,8.073,96.798,7.142,1582.894,0,7.163,7.162,NA,14
"5/24/2022 10:47:19 AM",0,29.227,0.398,0.884,809.1,996.179,0,0,0,0,8.066,96.946,7.158,1498.443,0,7.178,7.178,NA,14
"5/24/2022 10:47:19 AM",0,31.07,3.522,7.267,6411.2,997.946,0,0,0,4.493,8.114,96.89,7.034,673.904,0,7.054,7.054,NA,14
"5/24/2022 10:47:19 AM",0,32.145,3.042,6.463,5585.4,997.246,0,1.451,1.451,7.419,8.221,96.891,7.054,493.959,0,7.074,7.074,NA,14
"5/24/2022 10:47:19 AM",0,32.477,3.366,7.148,6138.2,997.379,0,2.496,2.496,8.43,8.308,96.868,7.04,430.833,0,7.06,7.06,NA,14
"5/24/2022 10:47:20 AM",0,32.564,3.324,7.077,6067.3,997.319,0,2.02,2.02,8.914,8.384,96.831,7.04,1472.53,0,7.061,7.06,NA,14
"5/24/2022 10:47:20 AM",0,32.582,3.136,6.704,5745.3,997.174,0,1.771,1.771,8.195,8.422,97.013,7.061,1768.107,0,7.082,7.081,NA,14
"5/24/2022 10:47:20 AM",0,32.608,3.492,7.415,6352,997.429,0,1.373,1.373,8.943,8.451,96.941,7.043,1863.602,0,7.063,7.063,NA,14
"5/24/2022 10:47:20 AM",0,32.612,3.068,6.571,5628.1,997.114,0,1.693,1.693,10.044,8.472,97.022,7.065,1926.473,0,7.086,7.085,NA,14
"5/24/2022 10:47:20 AM",0,32.622,3.166,6.768,5796.3,997.183,0,1.942,1.942,10.073,8.493,96.934,7.055,1960.457,0,7.075,7.075,NA,14
"5/24/2022 10:47:21 AM",0,32.641,3.023,6.484,5550.6,997.071,0,1.966,1.966,9.28,8.518,96.955,7.062,1997.415,0,7.083,7.083,NA,14
"5/24/2022 10:47:21 AM",0,32.641,3.096,6.63,5676.3,997.125,0,1.794,1.794,8.767,8.533,97.112,7.071,2020.014,0,7.091,7.091,NA,14
"5/24/2022 10:47:21 AM",0,32.643,2.9,6.237,5339.1,996.979,0,1.981,1.981,9.823,8.548,97.204,7.085,2044.737,0,7.106,7.106,NA,14
"5/24/2022 10:47:21 AM",0,32.633,2.907,6.249,5350.5,996.987,0,1.935,1.935,10.249,8.554,97.22,7.086,2062.919,0,7.107,7.106,NA,14
"5/24/2022 10:47:21 AM",0,32.636,2.814,6.062,5189.7,996.917,0,2.254,2.254,10.425,8.57,97.155,7.085,2075.153,0,7.105,7.105,NA,14
"5/24/2022 10:47:22 AM",0,32.635,2.732,5.897,5048.6,996.857,0,1.997,1.997,10.073,8.577,97.041,7.08,2079.826,0,7.1,7.1,NA,14
"5/24/2022 10:47:22 AM",0,32.634,2.68,5.79,4957.7,996.818,0,1.716,1.716,10.014,8.582,97.21,7.094,2081.865,0,7.115,7.114,NA,14
"5/24/2022 10:47:22 AM",0,32.632,2.647,5.723,4900.7,996.795,0,1.818,1.818,9.53,8.588,97.28,7.1,2085.009,0,7.121,7.121,NA,14
"5/24/2022 10:47:22 AM",0,32.626,2.513,5.45,4667.2,996.697,0,1.903,1.903,9.222,8.594,97.322,7.108,2088.322,0,7.129,7.129,NA,14
"5/24/2022 10:47:22 AM",0,32.624,2.42,5.261,4505.4,996.629,0,2.176,2.176,9.236,8.595,97.249,7.107,2089.426,0,7.127,7.127,NA,14
"5/24/2022 10:47:23 AM",0,32.62,2.366,5.15,4410.9,996.59,0,2.044,2.044,9.369,8.599,97.149,7.101,2088.832,0,7.122,7.121,NA,14
"5/24/2022 10:47:23 AM",0,32.609,2.345,5.105,4373.3,996.578,0,2.348,2.348,9.002,8.602,97.129,7.1,2088.662,0,7.121,7.121,NA,14
"5/24/2022 10:47:23 AM",0,32.596,2.358,5.13,4395.8,996.591,0,2.13,2.13,9.002,8.603,97.329,7.115,2085.263,0,7.135,7.135,NA,14
"5/24/2022 10:47:23 AM",0,32.552,2.235,4.874,4179.8,996.514,0,2.083,2.083,9.618,8.606,97.325,7.119,2081.865,0,7.139,7.139,NA,14
"5/24/2022 10:47:23 AM",0,32.559,2.122,4.643,3980.7,996.428,0,1.896,1.896,9.735,8.604,97.326,7.124,2078.976,0,7.144,7.144,NA,14
"5/24/2022 10:47:24 AM",0,32.559,2.23,4.865,4171,996.508,0,1.802,1.802,8.635,8.603,97.33,7.119,2074.219,0,7.14,7.14,NA,14
"5/24/2022 10:47:24 AM",0,32.566,2.225,4.856,4162.9,996.503,0,1.849,1.849,9.222,8.603,97.376,7.123,2069.631,0,7.143,7.143,NA,14
"5/24/2022 10:47:24 AM",0,32.591,2.223,4.854,4159.3,996.493,0,1.755,1.755,9.677,8.602,97.472,7.13,2065.383,0,7.15,7.15,NA,14
"5/24/2022 10:47:24 AM",0,32.596,2.176,4.757,4075.9,996.456,0,2.059,2.059,9.926,8.601,97.376,7.125,2065.298,0,7.145,7.145,NA,14
"5/24/2022 10:47:25 AM",0,32.59,2.18,4.766,4083.9,996.462,0,1.872,1.872,9.603,8.601,97.438,7.129,2065.043,0,7.15,7.149,NA,14
"5/24/2022 10:47:25 AM",0,32.589,2.171,4.746,4066.8,996.455,0,1.818,1.818,9.251,8.598,97.576,7.139,2065.128,0,7.16,7.16,NA,14
"5/24/2022 10:47:25 AM",0,32.589,2.185,4.774,4091.4,996.465,0,2.036,2.036,9.427,8.598,97.574,7.138,2066.657,0,7.159,7.159,NA,14
"5/24/2022 10:47:25 AM",0,32.595,2.16,4.724,4048,996.445,0,2.208,2.208,9.603,8.599,97.433,7.129,2069.971,0,7.15,7.149,NA,14
"5/24/2022 10:47:25 AM",0,32.607,2.091,4.584,3926.5,996.39,0,1.903,1.903,9.589,8.597,97.459,7.134,2072.434,0,7.154,7.154,NA,14
"5/24/2022 10:47:26 AM",0,32.618,2.061,4.522,3872.6,996.364,0,1.638,1.638,9.838,8.598,97.442,7.134,2074.983,0,7.154,7.154,NA,14
"5/24/2022 10:47:26 AM",0,32.627,2.036,4.471,3828.2,996.342,0,2.075,2.075,10.499,8.598,97.552,7.142,2078.042,0,7.163,7.163,NA,14
"5/24/2022 10:47:26 AM",0,32.633,2.022,4.443,3804.3,996.33,0,1.794,1.794,9.882,8.596,97.617,7.148,2083.649,0,7.168,7.168,NA,14
"5/24/2022 10:51:39 AM",0.523,29.667,49.808,79.062,71700.6,1033.001,32.999,0.117,0.117,0.131,8.189,95.142,5.234,882.227,0,5.243,5.246,NA,14
"5/24/2022 10:51:39 AM",0.482,29.677,49.783,79.043,71668.5,1032.978,32.976,0.078,0.078,0.146,8.196,95.102,5.233,761.328,0,5.241,5.244,NA,14
"5/24/2022 10:51:39 AM",0.454,29.678,49.771,79.027,71652.7,1032.969,32.967,0.023,0.023,0,8.206,95.078,5.232,1039.828,0,5.241,5.244,NA,14
"5/24/2022 10:51:40 AM",0.414,29.679,49.77,79.027,71651.7,1032.968,32.966,0.039,0.039,0.044,8.215,95.095,5.234,709.248,0,5.243,5.245,NA,14
"5/24/2022 10:51:40 AM",0.384,29.679,49.785,79.048,71670.7,1032.979,32.977,0,0,0,8.221,95.125,5.235,817.402,0,5.244,5.247,NA,14
"5/24/2022 10:51:40 AM",0.341,29.679,49.788,79.053,71673.9,1032.981,32.979,0.023,0.023,0.102,8.223,95.132,5.235,974.409,0,5.244,5.247,NA,14
"5/24/2022 10:51:40 AM",0.276,29.681,49.789,79.057,71674.8,1032.98,32.979,0,0,0,8.227,95.048,5.231,1050.788,0,5.24,5.243,NA,14
"5/24/2022 10:51:40 AM",0.183,29.693,49.808,79.101,71697.6,1032.99,32.99,0,0,0,8.234,95.013,5.229,1284.598,0,5.238,5.241,NA,14
"5/24/2022 10:51:41 AM",0.132,29.7,49.799,79.097,71685.3,1032.981,32.98,0.031,0.031,0,8.236,95.069,5.232,1182.901,0,5.241,5.244,NA,14
"5/24/2022 10:51:41 AM",0.108,29.7,49.784,79.076,71665.7,1032.969,32.968,0.109,0.109,0.189,8.244,94.998,5.229,1374.231,0,5.238,5.241,NA,14
"5/24/2022 10:51:41 AM",0.113,29.696,49.783,79.069,71664.9,1032.969,32.969,0.14,0.14,0.277,8.247,94.929,5.226,1432.939,0,5.235,5.237,NA,14
"5/24/2022 10:51:41 AM",0.155,29.705,49.81,79.119,71698.3,1032.987,32.987,0.101,0.101,0.233,8.253,94.973,5.227,1482.896,0,5.236,5.239,NA,14
"5/24/2022 10:51:41 AM",0.252,29.692,49.771,79.047,71650.8,1032.963,32.962,0.109,0.109,0.306,8.259,94.786,5.218,809.501,0,5.227,5.23,NA,14
"5/24/2022 10:51:42 AM",0.315,29.665,49.777,79.016,71661.9,1032.977,32.976,0.133,0.133,0.189,8.262,94.933,5.227,892.762,0,5.236,5.238,NA,14
"5/24/2022 10:51:42 AM",0.374,29.663,49.804,79.05,71695.4,1032.998,32.997,0.156,0.156,0.189,8.262,94.798,5.219,1040.593,0,5.227,5.23,NA,14
"5/24/2022 10:51:42 AM",0.422,29.664,49.804,79.052,71695.1,1032.998,32.996,0.07,0.07,0.015,8.263,94.857,5.222,861.072,0,5.231,5.234,NA,14
"5/24/2022 10:51:42 AM",0.468,29.67,49.803,79.06,71694.3,1032.996,32.994,0.226,0.226,0.524,8.265,94.87,5.223,919.1,0,5.232,5.235,NA,14
"5/24/2022 10:51:42 AM",0.49,29.681,49.804,79.076,71693.4,1032.993,32.991,0.148,0.148,0.364,8.267,94.836,5.222,893.781,0,5.231,5.234,NA,14
"5/24/2022 10:51:43 AM",0.515,29.691,49.793,79.075,71678.4,1032.981,32.979,2.73,2.73,6.76,8.269,94.858,5.224,853.935,0,5.232,5.235,NA,14
"5/24/2022 10:51:43 AM",0.532,29.694,49.785,79.07,71669,1032.974,32.972,2.956,2.956,6.233,8.271,94.797,5.22,942.379,0,5.229,5.232,NA,14
"5/24/2022 10:51:43 AM",0.52,29.692,49.776,79.054,71658,1032.968,32.966,0.913,0.913,1.69,8.272,94.913,5.227,917.315,0,5.236,5.239,NA,14
"5/24/2022 10:51:43 AM",0.535,29.686,49.781,79.052,71664.5,1032.974,32.971,0.296,0.296,0.568,8.272,94.899,5.227,846.798,0,5.236,5.239,NA,14
"5/24/2022 10:51:44 AM",0.629,29.67,49.787,79.038,71673.6,1032.984,32.981,0.133,0.133,0.131,8.272,94.837,5.224,956.312,0,5.233,5.236,NA,14
"5/24/2022 10:51:44 AM",0.791,29.668,49.799,79.05,71688.9,1032.995,32.991,0.117,0.117,0.189,8.274,94.757,5.22,731.762,0,5.229,5.232,NA,14
"5/24/2022 10:51:44 AM",0.968,29.661,49.797,79.037,71687.2,1032.996,32.992,0,0,0,8.277,94.955,5.232,675.519,0,5.241,5.244,NA,14
"5/24/2022 10:51:44 AM",1.215,29.653,49.807,79.041,71701.8,1033.008,33.003,0.187,0.187,0.422,8.278,94.927,5.233,484.613,0,5.242,5.245,NA,14
"5/24/2022 10:51:44 AM",1.295,29.649,49.824,79.059,71723.1,1033.023,33.017,0.195,0.195,0.422,8.277,95.053,5.24,710.182,0,5.249,5.252,NA,14
"5/24/2022 10:51:45 AM",1.314,29.659,49.819,79.065,71715,1033.015,33.01,0.14,0.14,0.248,8.277,95.141,5.246,720.208,0,5.255,5.258,NA,14
"5/24/2022 10:51:45 AM",1.287,29.663,49.808,79.058,71701.8,1033.006,33,0.07,0.07,0.116,8.277,95.179,5.249,488.351,0,5.258,5.261,NA,14
"5/24/2022 10:51:45 AM",1.297,29.657,49.837,79.089,71738.1,1033.029,33.024,0.101,0.101,0.087,8.278,95.212,5.251,568.979,0,5.26,5.263,NA,14
"5/24/2022 10:51:45 AM",1.299,29.66,49.839,79.096,71740.6,1033.03,33.025,0.078,0.078,0.131,8.28,95.289,5.256,303.053,0,5.265,5.268,NA,14
"5/24/2022 10:51:45 AM",1.318,29.661,49.847,79.106,71749.7,1033.036,33.03,0.062,0.062,0.175,8.286,95.267,5.254,246.13,0,5.263,5.266,NA,14
"5/24/2022 10:51:46 AM",1.349,29.655,49.86,79.117,71766.8,1033.048,33.042,0.062,0.062,0.131,8.289,95.203,5.251,237.804,0,5.26,5.263,NA,14
"5/24/2022 10:51:46 AM",1.382,29.648,49.866,79.116,71776.1,1033.055,33.05,0.062,0.062,0.087,8.291,95.21,5.252,230.837,0,5.261,5.264,NA,14
"5/24/2022 10:51:46 AM",1.445,29.656,49.871,79.133,71780.3,1033.056,33.05,0.101,0.101,0.218,8.295,95.023,5.241,206.708,0,5.251,5.253,NA,14
"5/24/2022 10:51:46 AM",1.481,29.67,49.859,79.137,71764.3,1033.043,33.036,0.164,0.164,0.233,8.296,95.048,5.244,197.617,0,5.253,5.256,NA,14
"5/24/2022 10:51:46 AM",1.52,29.677,49.851,79.136,71753.3,1033.034,33.027,0.101,0.101,0.175,8.297,95.043,5.243,196.938,0,5.252,5.255,NA,14
"5/24/2022 10:51:47 AM",1.539,29.676,49.856,79.142,71760.4,1033.039,33.032,0.094,0.094,0.131,8.297,95.038,5.243,203.225,0,5.253,5.255,NA,14
"5/24/2022 10:51:47 AM",1.573,29.662,49.86,79.127,71766.4,1033.046,33.04,0.062,0.062,0.058,8.297,94.882,5.235,204.329,0,5.244,5.247,NA,14
"5/24/2022 10:51:47 AM",1.605,29.653,49.86,79.114,71767.3,1033.05,33.043,0.039,0.039,0.058,8.299,94.783,5.23,199.232,0,5.24,5.242,NA,14
"5/24/2022 10:51:47 AM",1.596,29.658,49.841,79.095,71742.8,1033.033,33.026,0.055,0.055,0.102,8.3,94.781,5.231,194.559,0,5.24,5.243,NA,14
"5/24/2022 10:51:47 AM",1.582,29.657,49.842,79.095,71744.2,1033.034,33.028,0.047,0.047,0.029,8.298,94.772,5.231,208.407,0,5.24,5.243,NA,14
"5/24/2022 10:51:48 AM",1.547,29.654,49.843,79.092,71745.8,1033.036,33.03,0.016,0.016,0.058,8.298,94.685,5.226,241.457,0,5.235,5.238,NA,14
"5/24/2022 10:51:48 AM",1.45,29.647,49.858,79.103,71765.1,1033.049,33.043,0.039,0.039,0.058,8.298,94.702,5.228,226.929,0,5.237,5.24,NA,14
"5/24/2022 10:51:48 AM",1.368,29.647,49.865,79.112,71774.2,1033.055,33.049,0.031,0.031,0.029,8.298,94.605,5.223,216.479,0,5.233,5.236,NA,14
"5/24/2022 10:51:48 AM",1.269,29.654,49.863,79.12,71771.2,1033.05,33.045,0.047,0.047,0.102,8.301,94.792,5.235,190.991,0,5.244,5.247,NA,14
"5/24/2022 10:51:48 AM",1.193,29.661,49.861,79.127,71768.1,1033.046,33.041,0.078,0.078,0.189,8.302,94.797,5.237,166.777,0,5.246,5.249,NA,14
"5/24/2022 10:51:49 AM",1.132,29.664,49.865,79.136,71772.2,1033.048,33.043,0.546,0.546,0.262,8.303,94.929,5.248,150.804,0,5.257,5.26,NA,14
"5/24/2022 10:51:49 AM",1.156,29.663,49.869,79.142,71777.9,1033.051,33.046,0.343,0.343,0.102,8.304,94.925,5.25,145.452,0,5.259,5.262,NA,14
"5/24/2022 10:51:49 AM",1.205,29.662,49.879,79.152,71789.8,1033.059,33.054,0.109,0.109,0.029,8.303,94.951,5.253,153.098,0,5.262,5.265,NA,14
"5/24/2022 10:51:49 AM",1.273,29.664,49.878,79.154,71788.5,1033.058,33.053,0.094,0.094,0.102,8.299,94.989,5.256,175.188,0,5.266,5.269,NA,14
"5/24/2022 10:51:49 AM",1.328,29.671,49.872,79.156,71779.9,1033.051,33.045,0.055,0.055,0.073,8.295,94.998,5.258,177.992,0,5.267,5.27,NA,14
"5/24/2022 10:51:50 AM",1.396,29.669,49.874,79.157,71783.5,1033.054,33.048,0.023,0.023,0.044,8.294,95.034,5.262,186.148,0,5.271,5.274,NA,14
"5/24/2022 10:51:50 AM",1.476,29.664,49.865,79.136,71772.2,1033.049,33.043,0.031,0.031,0.058,8.294,95.041,5.262,205.264,0,5.272,5.275,NA,14
"5/24/2022 10:51:50 AM",1.6,29.654,49.869,79.129,71779.1,1033.056,33.05,0.047,0.047,0.029,8.296,95.078,5.265,243.751,0,5.275,5.278,NA,14
"5/24/2022 10:51:50 AM",1.74,29.655,49.883,79.149,71795.8,1033.067,33.059,0.031,0.031,0,8.298,95.009,5.262,257.005,0,5.271,5.274,NA,14
"5/24/2022 10:51:50 AM",1.899,29.657,49.873,79.137,71783.4,1033.06,33.051,0.023,0.023,0,8.298,95.149,5.27,259.723,0,5.28,5.283,NA,14
"5/24/2022 10:51:51 AM",2.125,29.653,49.888,79.153,71803.2,1033.074,33.065,0.008,0.008,0,8.3,95.434,5.287,228.373,0,5.296,5.299,NA,14
"5/24/2022 10:51:51 AM",2.272,29.651,49.869,79.124,71779,1033.06,33.05,0.07,0.07,0.087,8.3,95.524,5.293,193.369,0,5.302,5.305,NA,14
"5/24/2022 10:51:51 AM",2.415,29.609,49.9,79.107,71823.2,1033.099,33.089,0.101,0.101,0.16,8.301,95.576,5.295,137.211,0,5.304,5.307,NA,14
"5/24/2022 10:51:51 AM",2.558,29.575,49.936,79.107,71872.6,1033.139,33.128,0.062,0.062,0.131,8.301,95.659,5.299,91.927,0,5.309,5.312,NA,14
"5/24/2022 10:51:51 AM",2.771,29.568,49.91,79.061,71841.5,1033.123,33.111,0,0,0,8.304,95.615,5.298,51.401,0,5.308,5.311,NA,14
"5/24/2022 10:51:52 AM",2.931,29.561,49.907,79.046,71838.4,1033.124,33.111,0,0,0,8.303,95.618,5.298,35.513,0,5.308,5.311,NA,14
"5/24/2022 10:51:52 AM",3.135,29.554,49.91,79.041,71843.2,1033.13,33.116,0.086,0.086,0.189,8.303,95.655,5.3,28.802,0,5.31,5.313,NA,14
"5/24/2022 10:51:52 AM",3.307,29.545,49.924,79.047,71861.1,1033.144,33.13,0.359,0.359,0.83,8.299,95.776,5.307,35.004,0,5.317,5.32,NA,14
"5/24/2022 10:51:52 AM",3.557,29.529,49.955,79.067,71901.9,1033.174,33.159,0.172,0.172,0.393,8.297,95.777,5.307,58.453,0,5.316,5.319,NA,14
"5/24/2022 10:51:52 AM",3.712,29.521,49.972,79.078,71924.5,1033.19,33.175,0.07,0.07,0.102,8.297,95.949,5.317,69.412,0,5.326,5.329,NA,14
"5/24/2022 10:51:53 AM",3.856,29.516,49.984,79.087,71940.3,1033.202,33.186,0.016,0.016,0,8.298,96.01,5.327,63.72,0,5.337,5.34,NA,14
"5/24/2022 10:51:53 AM",4.013,29.516,49.983,79.087,71939.2,1033.202,33.185,0,0,0,8.299,96.211,5.348,49.872,0,5.358,5.361,NA,14
"5/24/2022 10:51:53 AM",4.178,29.519,49.974,79.078,71927.6,1033.195,33.177,0,0,0,8.3,96.182,5.356,36.958,0,5.366,5.37,NA,14
"5/24/2022 10:51:53 AM",4.461,29.518,49.978,79.082,71932.8,1033.199,33.18,0,0,0,8.301,96.26,5.368,25.743,0,5.379,5.382,NA,14
"5/24/2022 10:51:54 AM",4.656,29.517,49.982,79.086,71937.7,1033.203,33.184,0,0,0,8.301,96.265,5.37,23.364,0,5.381,5.384,NA,14
"5/24/2022 10:51:54 AM",4.847,29.515,49.985,79.089,71941.9,1033.207,33.186,0,0,0,8.301,96.204,5.367,22.939,0,5.377,5.381,NA,14
"5/24/2022 10:51:54 AM",5.049,29.515,49.994,79.101,71953.6,1033.215,33.194,0,0,0,8.301,96.117,5.361,22.26,0,5.372,5.375,NA,14
"5/24/2022 10:51:54 AM",5.355,29.515,50.003,79.113,71964.4,1033.223,33.2,0,0,0,8.297,96.199,5.364,21.41,0,5.375,5.378,NA,14
"5/24/2022 10:51:54 AM",5.556,29.514,50.009,79.121,71973.1,1033.229,33.205,0,0,0,8.297,96.226,5.365,20.9,0,5.375,5.378,NA,14
"5/24/2022 10:51:55 AM",5.762,29.514,50.012,79.124,71977.1,1033.233,33.208,0,0,0,8.296,96.245,5.365,20.136,0,5.375,5.378,NA,14
"5/24/2022 10:51:55 AM",5.963,29.514,50.016,79.129,71981,1033.236,33.21,0,0,0,8.296,96.235,5.362,19.626,0,5.373,5.376,NA,14
"5/24/2022 10:51:55 AM",6.16,29.514,50.021,79.137,71988.1,1033.241,33.215,0.039,0.039,0.175,8.296,96.136,5.356,19.456,0,5.366,5.369,NA,14
"5/24/2022 10:51:55 AM",6.45,29.513,50.028,79.145,71997.5,1033.248,33.22,0.008,0.008,0.087,8.296,96.2,5.357,19.796,0,5.367,5.37,NA,14
"5/24/2022 10:51:55 AM",6.648,29.511,50.031,79.147,72001.2,1033.251,33.223,0.062,0.062,0.015,8.297,96.136,5.351,19.116,0,5.361,5.365,NA,14
"5/24/2022 10:51:56 AM",6.855,29.51,50.028,79.142,71998,1033.25,33.221,0.008,0.008,0,8.296,96.111,5.349,18.097,0,5.359,5.362,NA,14
"5/24/2022 10:51:56 AM",7.079,29.509,50.027,79.139,71997,1033.251,33.221,0.094,0.094,0.335,8.296,96.188,5.352,17.247,0,5.362,5.365,NA,14
"5/24/2022 10:51:56 AM",7.338,29.507,50.036,79.147,72007.9,1033.259,33.228,0.109,0.109,0.189,8.298,96.16,5.349,18.776,0,5.359,5.362,NA,14
"5/24/2022 10:51:56 AM",7.533,29.506,50.037,79.149,72009.6,1033.261,33.229,0,0,0,8.3,96.206,5.351,18.097,0,5.361,5.364,NA,14
"5/24/2022 10:51:56 AM",7.724,29.506,50.044,79.157,72018,1033.267,33.235,0,0,0,8.301,96.361,5.359,16.992,0,5.369,5.372,NA,14
"5/24/2022 10:51:57 AM",7.933,29.504,50.044,79.155,72018.2,1033.269,33.235,0.016,0.016,0.116,8.302,96.307,5.355,16.057,0,5.366,5.369,NA,14
"5/24/2022 10:51:57 AM",8.141,29.503,50.046,79.157,72021.9,1033.272,33.237,0.133,0.133,0.189,8.302,96.177,5.348,15.463,0,5.358,5.361,NA,14
"5/24/2022 10:51:57 AM",8.442,29.502,50.055,79.166,72032.5,1033.28,33.244,0.047,0.047,0.087,8.303,96.121,5.344,15.463,0,5.354,5.357,NA,14
"5/24/2022 10:51:57 AM",8.647,29.502,50.055,79.168,72032.9,1033.281,33.244,0.117,0.117,0.16,8.303,96.002,5.338,15.208,0,5.348,5.351,NA,14
"5/24/2022 10:51:57 AM",8.842,29.501,50.057,79.169,72035.8,1033.284,33.246,0.101,0.101,0.058,8.303,95.848,5.329,15.293,0,5.339,5.342,NA,14
"5/24/2022 10:51:58 AM",9.049,29.501,50.059,79.172,72038.9,1033.286,33.248,0.156,0.156,0.189,8.303,95.8,5.326,15.208,0,5.336,5.339,NA,14
"5/24/2022 10:51:58 AM",9.308,29.5,50.066,79.18,72047.1,1033.293,33.253,0.101,0.101,0.189,8.302,95.895,5.331,17.927,0,5.341,5.344,NA,14
"5/24/2022 10:51:58 AM",9.483,29.499,50.071,79.185,72053.5,1033.298,33.257,0,0,0.015,8.302,95.916,5.332,18.946,0,5.342,5.345,NA,14
"5/24/2022 10:51:58 AM",9.661,29.498,50.075,79.19,72059.3,1033.302,33.261,0.086,0.086,0,8.302,95.862,5.329,18.691,0,5.34,5.343,NA,14
"5/24/2022 10:51:58 AM",9.845,29.496,50.078,79.192,72063.7,1033.306,33.264,0.062,0.062,0.102,8.303,95.914,5.333,18.521,0,5.343,5.346,NA,14
"5/24/2022 10:51:59 AM",10.132,29.493,50.082,79.192,72068.3,1033.311,33.268,0.078,0.078,0.087,8.303,95.956,5.336,18.606,0,5.346,5.349,NA,14
"5/24/2022 10:51:59 AM",10.309,29.492,50.083,79.192,72069.7,1033.313,33.269,0.289,0.289,0.539,8.303,96.113,5.345,21.24,0,5.355,5.358,NA,14
"5/24/2022 10:51:59 AM",10.469,29.492,50.085,79.194,72072.1,1033.315,33.27,0.468,0.468,0.874,8.302,96.049,5.342,27.527,0,5.352,5.355,NA,14
"5/24/2022 10:51:59 AM",10.612,29.491,50.085,79.194,72073,1033.316,33.271,0.133,0.133,0.16,8.302,96.145,5.348,30.671,0,5.358,5.361,NA,14
"5/24/2022 10:51:59 AM",10.758,29.49,50.087,79.195,72075.1,1033.318,33.272,0.031,0.031,0,8.303,96.216,5.352,30.416,0,5.362,5.365,NA,14
"5/24/2022 10:52:00 AM",10.998,29.489,50.089,79.197,72078.2,1033.321,33.275,0.484,0.484,1.005,8.303,96.191,5.352,32.795,0,5.362,5.365,NA,14
"5/24/2022 10:52:00 AM",11.14,29.486,50.094,79.199,72085.2,1033.327,33.28,1.053,1.053,2.376,8.302,96.293,5.358,40.951,0,5.368,5.371,NA,14
"5/24/2022 10:52:00 AM",11.258,29.481,50.1,79.201,72093.6,1033.334,33.286,1.053,1.053,2.405,8.301,96.392,5.364,56.923,0,5.375,5.378,NA,14
"5/24/2022 10:52:00 AM",11.276,29.481,50.103,79.204,72097,1033.336,33.288,0.46,0.46,0.961,8.299,96.43,5.368,83.601,0,5.378,5.381,NA,14
"5/24/2022 10:52:00 AM",11.218,29.48,50.097,79.194,72089.4,1033.332,33.284,0.156,0.156,0.291,8.302,96.453,5.37,92.946,0,5.38,5.383,NA,14
"5/24/2022 10:52:01 AM",11.043,29.483,50.097,79.199,72089.1,1033.33,33.283,0.086,0.086,0.102,8.303,96.411,5.37,93.201,0,5.381,5.384,NA,14
"5/24/2022 10:52:01 AM",10.923,29.484,50.101,79.206,72094.2,1033.332,33.286,0.055,0.055,0.058,8.306,96.569,5.38,92.522,0,5.391,5.394,NA,14
"5/24/2022 10:52:01 AM",10.829,29.485,50.096,79.199,72086.9,1033.327,33.281,0.039,0.039,0.029,8.306,96.638,5.385,91.927,0,5.395,5.398,NA,14
"5/24/2022 10:52:01 AM",10.778,29.484,50.095,79.198,72086.2,1033.327,33.281,0.062,0.062,0.058,8.309,96.568,5.382,91.247,0,5.392,5.395,NA,14
"5/24/2022 10:52:01 AM",10.775,29.483,50.105,79.209,72098.5,1033.335,33.289,0.055,0.055,0.073,8.316,96.468,5.377,90.738,0,5.388,5.391,NA,14
"5/24/2022 10:52:02 AM",10.792,29.484,50.106,79.213,72100.2,1033.335,33.289,0.242,0.242,0.16,8.32,96.652,5.388,90.653,0,5.398,5.402,NA,14
"5/24/2022 10:52:02 AM",10.81,29.486,50.107,79.217,72101,1033.335,33.289,0.148,0.148,0.102,8.323,96.616,5.386,90.992,0,5.397,5.4,NA,14
"5/24/2022 10:52:02 AM",10.785,29.489,50.1,79.212,72091.5,1033.329,33.283,0.086,0.086,0.015,8.324,96.881,5.402,91.417,0,5.412,5.415,NA,14
"5/24/2022 10:52:02 AM",10.725,29.489,50.098,79.209,72089.7,1033.327,33.282,0.062,0.062,0.087,8.325,96.899,5.403,91.842,0,5.413,5.416,NA,14
"5/24/2022 10:52:03 AM",10.601,29.487,50.106,79.217,72099.4,1033.333,33.288,0.047,0.047,0.073,8.323,96.827,5.399,92.522,0,5.41,5.413,NA,14
"5/24/2022 10:52:03 AM",10.526,29.487,50.11,79.222,72104.1,1033.336,33.291,0.078,0.078,0.116,8.321,96.95,5.406,92.862,0,5.417,5.42,NA,14
"5/24/2022 10:52:03 AM",10.488,29.487,50.108,79.22,72101.9,1033.334,33.29,0.078,0.078,0.087,8.321,97.017,5.41,92.862,0,5.421,5.424,NA,14
"5/24/2022 10:52:03 AM",10.448,29.486,50.113,79.224,72108.3,1033.338,33.294,0.062,0.062,0.058,8.323,96.969,5.407,92.777,0,5.418,5.421,NA,14
"5/24/2022 10:52:03 AM",10.29,29.486,50.112,79.222,72106.5,1033.337,33.293,0.055,0.055,0.087,8.324,97.091,5.414,91.927,0,5.424,5.427,NA,14
"5/24/2022 10:52:04 AM",10.165,29.486,50.115,79.228,72110.5,1033.339,33.295,0.055,0.055,0.058,8.325,97.257,5.424,91.077,0,5.434,5.438,NA,14
"5/24/2022 10:52:04 AM",10.061,29.486,50.116,79.228,72111.7,1033.339,33.296,0.07,0.07,0.102,8.327,97.316,5.429,90.143,0,5.44,5.443,NA,14
"5/24/2022 10:52:04 AM",9.995,29.488,50.117,79.232,72112.6,1033.339,33.296,0.055,0.055,0.073,8.328,97.09,5.418,89.463,0,5.429,5.432,NA,14
"5/24/2022 10:52:04 AM",9.955,29.487,50.118,79.233,72113.9,1033.339,33.297,0.078,0.078,0.116,8.33,97.186,5.425,88.613,0,5.435,5.439,NA,14
"5/24/2022 10:52:04 AM",9.878,29.489,50.12,79.238,72115.8,1033.34,33.298,0.062,0.062,0.102,8.332,97.229,5.428,87.594,0,5.439,5.442,NA,14
"5/24/2022 10:52:05 AM",9.812,29.489,50.119,79.238,72115.2,1033.339,33.297,0.062,0.062,0.029,8.332,97.263,5.431,87.084,0,5.441,5.444,NA,14
"5/24/2022 10:52:05 AM",9.725,29.49,50.121,79.242,72117.9,1033.34,33.299,0.055,0.055,0.044,8.331,97.296,5.432,86.574,0,5.443,5.446,NA,14
"5/24/2022 10:52:05 AM",9.616,29.492,50.125,79.249,72122,1033.342,33.301,0.055,0.055,0.058,8.328,97.255,5.43,86.15,0,5.441,5.444,NA,14
"5/24/2022 10:52:05 AM",9.49,29.492,50.127,79.252,72124.8,1033.343,33.303,0.047,0.047,0.029,8.326,97.146,5.424,86.065,0,5.434,5.438,NA,14
"5/24/2022 10:52:05 AM",9.263,29.493,50.128,79.255,72125.1,1033.342,33.302,0.125,0.125,0.16,8.324,97.337,5.435,85.385,0,5.445,5.449,NA,14
"5/24/2022 10:52:06 AM",9.092,29.492,50.13,79.256,72127.6,1033.343,33.304,0.086,0.086,0.087,8.325,97.622,5.45,84.705,0,5.461,5.464,NA,14
"5/24/2022 10:52:06 AM",8.929,29.493,50.128,79.255,72125.6,1033.341,33.303,0.07,0.07,0.116,8.327,97.602,5.449,84.111,0,5.46,5.463,NA,14
"5/24/2022 10:52:06 AM",8.8,29.494,50.13,79.258,72127.2,1033.341,33.304,0.07,0.07,0.087,8.328,97.696,5.455,83.346,0,5.466,5.469,NA,14
"5/24/2022 10:52:06 AM",8.644,29.493,50.133,79.262,72131.5,1033.343,33.306,0.07,0.07,0.044,8.329,97.458,5.442,82.072,0,5.453,5.456,NA,14
"5/24/2022 10:52:06 AM",8.592,29.496,50.131,79.263,72129.1,1033.341,33.304,0.047,0.047,0.044,8.33,97.55,5.449,81.902,0,5.459,5.463,NA,14
"5/24/2022 10:52:07 AM",8.56,29.497,50.133,79.267,72131.3,1033.342,33.305,0.062,0.062,0.044,8.33,97.471,5.444,81.987,0,5.455,5.458,NA,14
"5/24/2022 10:52:07 AM",8.541,29.496,50.134,79.268,72132.8,1033.343,33.307,0.07,0.07,0.029,8.331,97.487,5.445,82.157,0,5.456,5.459,NA,14
"5/24/2022 10:52:07 AM",8.521,29.498,50.133,79.269,72131.3,1033.341,33.305,0.078,0.078,0.16,8.332,97.421,5.442,82.496,0,5.453,5.456,NA,14
"5/24/2022 10:52:07 AM",8.496,29.499,50.137,79.275,72135.5,1033.344,33.307,0.078,0.078,0.131,8.333,97.424,5.442,83.091,0,5.453,5.456,NA,14
"5/24/2022 10:52:07 AM",8.507,29.5,50.141,79.282,72140,1033.346,33.31,0.078,0.078,0.146,8.333,97.576,5.45,84.026,0,5.461,5.464,NA,14
"5/24/2022 10:52:08 AM",8.534,29.497,50.148,79.288,72150.3,1033.353,33.317,0.086,0.086,0.102,8.332,97.581,5.45,84.79,0,5.461,5.464,NA,14
"5/24/2022 10:52:08 AM",8.554,29.498,50.149,79.291,72150.9,1033.353,33.317,0.062,0.062,0.029,8.332,97.553,5.449,85.3,0,5.46,5.463,NA,14
"5/24/2022 10:52:08 AM",8.555,29.498,50.147,79.289,72148.4,1033.352,33.315,0.062,0.062,0.044,8.331,97.554,5.45,85.3,0,5.46,5.463,NA,14
"5/24/2022 10:52:08 AM",8.55,29.499,50.148,79.29,72149.8,1033.352,33.316,0.055,0.055,0.116,8.332,97.485,5.445,84.875,0,5.456,5.459,NA,14
"5/24/2022 10:52:08 AM",8.515,29.502,50.144,79.29,72144.5,1033.348,33.312,0.062,0.062,0.073,8.331,97.587,5.451,84.026,0,5.462,5.465,NA,14
"5/24/2022 10:52:09 AM",8.46,29.501,50.146,79.291,72146.2,1033.349,33.313,0.055,0.055,0.044,8.329,97.419,5.442,83.176,0,5.452,5.455,NA,14
"5/24/2022 10:52:09 AM",8.374,29.5,50.149,79.295,72151.1,1033.352,33.317,0.055,0.055,0.044,8.327,97.421,5.442,82.241,0,5.452,5.456,NA,14
"5/24/2022 10:52:09 AM",8.218,29.5,50.152,79.298,72154.7,1033.354,33.319,0.07,0.07,0.044,8.323,97.201,5.43,80.542,0,5.44,5.443,NA,14
"5/24/2022 10:52:09 AM",8.122,29.499,50.157,79.303,72160.7,1033.357,33.323,0.055,0.055,0.029,8.323,97.146,5.426,80.372,0,5.437,5.44,NA,14
"5/24/2022 10:52:09 AM",8.022,29.499,50.159,79.306,72162.8,1033.358,33.324,0.055,0.055,0.073,8.324,97.123,5.425,79.778,0,5.436,5.439,NA,14
"5/24/2022 10:52:10 AM",7.935,29.499,50.158,79.305,72162.2,1033.357,33.324,0.047,0.047,0.073,8.326,97.152,5.427,78.758,0,5.438,5.441,NA,14
"5/24/2022 10:52:10 AM",7.848,29.5,50.16,79.308,72163.6,1033.358,33.324,0.047,0.047,0.058,8.328,97.185,5.43,77.993,0,5.44,5.443,NA,14
"5/24/2022 10:52:10 AM",7.822,29.5,50.164,79.314,72169.1,1033.361,33.328,0.047,0.047,0.073,8.329,97.089,5.425,77.993,0,5.435,5.439,NA,14
"5/24/2022 10:52:10 AM",7.818,29.5,50.167,79.318,72173,1033.363,33.33,0.047,0.047,0.073,8.329,97.133,5.427,77.993,0,5.438,5.441,NA,14
"5/24/2022 10:52:10 AM",7.766,29.503,50.162,79.315,72166.1,1033.358,33.325,0.047,0.047,0.029,8.33,97.18,5.43,78.588,0,5.441,5.444,NA,14
"5/24/2022 10:52:11 AM",7.686,29.503,50.161,79.313,72164.9,1033.357,33.324,0.055,0.055,0.073,8.331,97.058,5.423,79.098,0,5.434,5.437,NA,14
"5/24/2022 10:52:11 AM",7.525,29.5,50.173,79.326,72180,1033.366,33.334,0.055,0.055,0.029,8.332,97.046,5.423,79.438,0,5.434,5.437,NA,14
"5/24/2022 10:52:11 AM",7.425,29.501,50.176,79.331,72184,1033.368,33.337,0.062,0.062,0.044,8.333,97.086,5.426,79.608,0,5.436,5.439,NA,14
"5/24/2022 10:52:11 AM",7.345,29.501,50.178,79.334,72186.3,1033.369,33.338,0.047,0.047,0.015,8.333,96.967,5.419,79.693,0,5.43,5.433,NA,14
"5/24/2022 10:52:11 AM",7.283,29.5,50.18,79.336,72188.7,1033.371,33.34,0.039,0.039,0.058,8.332,96.982,5.42,79.608,0,5.431,5.434,NA,14
"5/24/2022 10:52:12 AM",7.253,29.501,50.183,79.341,72192.4,1033.372,33.342,0.055,0.055,0.029,8.332,96.968,5.42,79.608,0,5.431,5.434,NA,14
"5/24/2022 10:52:12 AM",7.253,29.503,50.183,79.345,72192.3,1033.372,33.341,0.039,0.039,0.058,8.332,96.956,5.419,79.523,0,5.43,5.433,NA,14
"5/24/2022 10:52:12 AM",7.243,29.504,50.182,79.344,72190.9,1033.371,33.34,0.047,0.047,0.058,8.332,97.046,5.425,78.928,0,5.436,5.439,NA,14
"5/24/2022 10:52:12 AM",7.232,29.504,50.184,79.346,72193,1033.372,33.341,0.031,0.031,0.029,8.332,97.089,5.427,78.078,0,5.438,5.441,NA,14
"5/24/2022 10:52:13 AM",7.187,29.505,50.185,79.348,72193.7,1033.372,33.342,0.047,0.047,0.015,8.334,97.053,5.426,76.889,0,5.436,5.44,NA,14
"5/24/2022 10:52:13 AM",7.149,29.506,50.184,79.349,72193.4,1033.372,33.341,0.055,0.055,0.015,8.334,96.978,5.421,75.785,0,5.431,5.435,NA,14
"5/24/2022 10:52:13 AM",7.118,29.505,50.188,79.353,72197.7,1033.374,33.344,0.055,0.055,0.102,8.334,96.958,5.42,74.765,0,5.431,5.434,NA,14
"5/24/2022 10:52:13 AM",7.045,29.506,50.185,79.351,72194.6,1033.372,33.342,0.039,0.039,0,8.334,97.107,5.429,73.406,0,5.44,5.443,NA,14
"5/24/2022 10:52:13 AM",6.958,29.506,50.186,79.352,72195.7,1033.372,33.343,0.047,0.047,0.029,8.334,96.872,5.416,72.131,0,5.427,5.43,NA,14
"5/24/2022 10:52:14 AM",6.807,29.505,50.191,79.357,72201.5,1033.375,33.346,0.047,0.047,0.058,8.333,96.988,5.423,71.536,0,5.433,5.437,NA,14
"5/24/2022 10:52:14 AM",6.725,29.504,50.19,79.355,72200.1,1033.374,33.346,0.062,0.062,0.058,8.333,96.98,5.423,71.961,0,5.434,5.437,NA,14
"5/24/2022 10:52:14 AM",6.681,29.505,50.194,79.361,72204.9,1033.377,33.348,0.062,0.062,0.029,8.335,96.941,5.421,72.896,0,5.432,5.435,NA,14
"5/24/2022 10:52:14 AM",6.638,29.505,50.196,79.364,72207.8,1033.378,33.35,0.062,0.062,0.044,8.336,96.944,5.422,74.17,0,5.432,5.436,NA,14
"5/24/2022 10:52:14 AM",6.577,29.505,50.197,79.365,72208.4,1033.378,33.351,0.062,0.062,0.058,8.339,96.824,5.415,76.294,0,5.426,5.429,NA,14
"5/24/2022 10:52:15 AM",6.551,29.507,50.196,79.367,72207.5,1033.377,33.349,0.039,0.039,0.015,8.34,96.855,5.417,77.824,0,5.427,5.431,NA,14
"5/24/2022 10:52:15 AM",6.525,29.506,50.199,79.37,72211,1033.38,33.352,0.047,0.047,0.044,8.341,96.964,5.423,79.778,0,5.434,5.437,NA,14
"5/24/2022 10:52:15 AM",6.506,29.507,50.199,79.372,72211.2,1033.379,33.352,0.055,0.055,0.058,8.342,97.06,5.43,80.712,0,5.441,5.444,NA,14
"5/24/2022 10:52:15 AM",6.473,29.509,50.197,79.37,72208.1,1033.377,33.349,0.031,0.031,0.044,8.343,97.013,5.427,80.882,0,5.438,5.441,NA,14
"5/24/2022 10:52:15 AM",6.4,29.51,50.195,79.37,72206.2,1033.375,33.348,0.055,0.055,0.044,8.342,96.882,5.42,80.797,0,5.431,5.434,NA,14
"5/24/2022 10:52:16 AM",6.349,29.508,50.196,79.369,72207.5,1033.376,33.349,0.047,0.047,0.087,8.34,96.833,5.417,80.117,0,5.428,5.431,NA,14
"5/24/2022 10:52:16 AM",6.322,29.508,50.2,79.374,72212.4,1033.379,33.352,0.055,0.055,0.087,8.34,96.926,5.423,79.098,0,5.433,5.437,NA,14
"5/24/2022 10:52:16 AM",6.296,29.509,50.196,79.37,72207.3,1033.376,33.349,0.062,0.062,0.044,8.34,96.9,5.422,79.013,0,5.433,5.436,NA,14
"5/24/2022 10:52:16 AM",6.224,29.508,50.196,79.368,72207.1,1033.375,33.349,0.07,0.07,0.087,8.337,96.821,5.417,79.523,0,5.428,5.431,NA,14
"5/24/2022 10:52:16 AM",6.15,29.508,50.197,79.37,72208.8,1033.376,33.35,0.078,0.078,0.116,8.336,96.84,5.419,79.268,0,5.429,5.433,NA,14
"5/24/2022 10:52:17 AM",6.071,29.507,50.201,79.374,72213.4,1033.379,33.353,0.047,0.047,0.058,8.334,96.825,5.418,78.843,0,5.429,5.432,NA,14
"5/24/2022 10:52:17 AM",5.983,29.507,50.204,79.378,72217.4,1033.381,33.356,0.047,0.047,0.073,8.331,96.806,5.417,78.333,0,5.428,5.431,NA,14
"5/24/2022 10:52:17 AM",5.887,29.507,50.206,79.381,72219.9,1033.382,33.357,0.055,0.055,0.087,8.329,96.836,5.419,77.569,0,5.43,5.433,NA,14
"5/24/2022 10:52:17 AM",5.715,29.507,50.207,79.383,72221.2,1033.382,33.358,0.078,0.078,0.058,8.329,96.978,5.427,76.294,0,5.438,5.441,NA,14
"5/24/2022 10:52:17 AM",5.59,29.508,50.205,79.38,72218.6,1033.38,33.356,0.062,0.062,0.044,8.331,96.855,5.421,74.935,0,5.431,5.435,NA,14
"5/24/2022 10:52:18 AM",5.463,29.508,50.202,79.377,72214.3,1033.377,33.354,0.062,0.062,0.058,8.334,96.922,5.425,73.661,0,5.436,5.439,NA,14
"5/24/2022 10:52:18 AM",5.364,29.509,50.202,79.376,72213.5,1033.376,33.353,0.047,0.047,0.058,8.335,96.925,5.426,72.301,0,5.437,5.44,NA,14
"5/24/2022 10:52:18 AM",5.251,29.509,50.201,79.375,72212.5,1033.375,33.352,0.039,0.039,0.029,8.335,96.944,5.428,70.262,0,5.439,5.442,NA,14
"5/24/2022 10:52:18 AM",5.174,29.509,50.202,79.377,72213.3,1033.375,33.353,0.055,0.055,0.058,8.335,96.988,5.431,70.687,0,5.442,5.445,NA,14
"5/24/2022 10:52:18 AM",5.108,29.509,50.197,79.371,72207.7,1033.371,33.349,0.039,0.039,0.015,8.336,96.924,5.428,71.112,0,5.439,5.442,NA,14
"5/24/2022 10:52:19 AM",5.053,29.509,50.197,79.371,72208,1033.371,33.35,0.055,0.055,0.131,8.336,96.828,5.422,71.536,0,5.433,5.437,NA,14
"5/24/2022 10:52:19 AM",5.032,29.509,50.199,79.373,72209.8,1033.372,33.351,0.039,0.039,0.058,8.337,96.76,5.419,72.386,0,5.43,5.433,NA,14
"5/24/2022 10:52:19 AM",5.082,29.509,50.203,79.378,72214.6,1033.375,33.354,0.031,0.031,0.058,8.34,96.72,5.417,74,0,5.428,5.431,NA,14
"5/24/2022 10:52:19 AM",5.126,29.508,50.202,79.375,72213.7,1033.375,33.353,0.055,0.055,0.058,8.339,96.892,5.427,76.209,0,5.437,5.441,NA,14
"5/24/2022 10:52:19 AM",5.188,29.508,50.202,79.376,72214.1,1033.376,33.354,0.055,0.055,0.015,8.341,96.918,5.428,77.909,0,5.439,5.442,NA,14
"5/24/2022 10:52:20 AM",5.239,29.508,50.202,79.376,72214.7,1033.376,33.354,0.047,0.047,0.044,8.341,96.992,5.433,78.758,0,5.444,5.447,NA,14
"5/24/2022 10:52:20 AM",5.3,29.507,50.207,79.382,72220,1033.38,33.357,0.039,0.039,0.073,8.341,97.036,5.436,79.608,0,5.447,5.45,NA,14
"5/24/2022 10:52:20 AM",5.343,29.507,50.209,79.384,72222.5,1033.382,33.359,0.07,0.07,0.233,8.342,97.078,5.439,79.863,0,5.45,5.453,NA,14
"5/24/2022 10:52:20 AM",5.364,29.509,50.208,79.385,72220.9,1033.38,33.357,0.062,0.062,0.131,8.343,97.034,5.437,80.542,0,5.448,5.451,NA,14
"5/24/2022 10:52:20 AM",5.38,29.511,50.207,79.387,72220.3,1033.379,33.357,0.07,0.07,0.073,8.343,97.138,5.443,81.732,0,5.454,5.457,NA,14
"5/24/2022 10:52:21 AM",5.397,29.512,50.206,79.388,72219.2,1033.378,33.356,0.055,0.055,0.058,8.342,96.959,5.433,83.516,0,5.444,5.448,NA,14
"5/24/2022 10:52:21 AM",5.39,29.512,50.208,79.39,72221.2,1033.38,33.357,0.062,0.062,0.058,8.342,97.074,5.441,86.574,0,5.452,5.455,NA,14
"5/24/2022 10:52:21 AM",5.355,29.511,50.21,79.391,72223.5,1033.381,33.358,0.039,0.039,0.044,8.34,96.985,5.436,88.189,0,5.447,5.45,NA,14
"5/24/2022 10:52:21 AM",5.319,29.512,50.205,79.387,72217.7,1033.377,33.355,0.031,0.031,0.073,8.338,96.935,5.434,88.953,0,5.445,5.448,NA,14
"5/24/2022 10:52:22 AM",5.249,29.511,50.211,79.393,72225.2,1033.382,33.359,0.039,0.039,0.029,8.334,96.817,5.426,89.208,0,5.437,5.44,NA,14
"5/24/2022 10:52:22 AM",5.114,29.512,50.214,79.397,72228.2,1033.383,33.361,0.07,0.07,0.073,8.333,96.794,5.425,87.849,0,5.436,5.439,NA,14
"5/24/2022 10:52:22 AM",5.023,29.512,50.213,79.396,72227.3,1033.382,33.361,0.055,0.055,0.044,8.334,96.761,5.423,85.81,0,5.434,5.438,NA,14
"5/24/2022 10:52:22 AM",4.926,29.511,50.216,79.399,72231,1033.384,33.363,0.047,0.047,0.015,8.337,96.787,5.425,82.836,0,5.436,5.439,NA,14
"5/24/2022 10:52:22 AM",4.823,29.511,50.218,79.402,72233.9,1033.386,33.365,0.055,0.055,0.029,8.34,96.854,5.429,79.608,0,5.44,5.443,NA,14
"5/24/2022 10:52:23 AM",4.705,29.511,50.219,79.403,72234.1,1033.385,33.365,0.047,0.047,0.029,8.341,96.849,5.429,76.464,0,5.44,5.443,NA,14
"5/24/2022 10:52:23 AM",4.535,29.511,50.218,79.403,72233.5,1033.384,33.365,0.039,0.039,0,8.342,96.775,5.425,72.811,0,5.436,5.44,NA,14
"5/24/2022 10:52:23 AM",4.427,29.511,50.222,79.408,72238.3,1033.386,33.368,0.031,0.031,0.044,8.343,96.724,5.423,72.046,0,5.434,5.437,NA,14
"5/24/2022 10:52:23 AM",4.359,29.514,50.219,79.407,72234.1,1033.383,33.364,0.047,0.047,0.015,8.343,96.773,5.426,71.961,0,5.437,5.44,NA,14
"5/24/2022 10:52:23 AM",4.304,29.514,50.222,79.413,72238,1033.385,33.367,0.039,0.039,0,8.343,96.615,5.418,72.386,0,5.429,5.432,NA,14
"5/24/2022 10:52:24 AM",4.262,29.517,50.223,79.417,72238.8,1033.384,33.366,0.039,0.039,0.058,8.345,96.777,5.428,73.661,0,5.439,5.442,NA,14
"5/24/2022 10:52:24 AM",4.255,29.516,50.227,79.422,72244.1,1033.388,33.37,0.047,0.047,0.029,8.345,96.679,5.423,74.935,0,5.434,5.437,NA,14
"5/24/2022 10:52:24 AM",4.25,29.517,50.227,79.422,72243.8,1033.388,33.37,0.062,0.062,0.087,8.346,96.633,5.42,77.059,0,5.431,5.434,NA,14
"5/24/2022 10:52:24 AM",4.258,29.517,50.229,79.426,72245.8,1033.389,33.371,0.047,0.047,0.044,8.346,96.674,5.423,78.333,0,5.434,5.437,NA,14
"5/24/2022 10:52:24 AM",4.272,29.518,50.231,79.43,72248.3,1033.39,33.372,0.062,0.062,0.058,8.345,96.694,5.424,79.863,0,5.435,5.438,NA,14
"5/24/2022 10:52:25 AM",4.333,29.519,50.233,79.434,72250.3,1033.391,33.373,0.094,0.094,0.073,8.345,96.815,5.431,82.411,0,5.442,5.445,NA,14
"5/24/2022 10:52:25 AM",4.371,29.518,50.232,79.432,72250.3,1033.392,33.373,0.078,0.078,0.087,8.345,96.736,5.427,83.261,0,5.438,5.441,NA,14
"5/24/2022 10:52:25 AM",4.392,29.518,50.231,79.43,72248.8,1033.391,33.372,0.047,0.047,0.073,8.345,96.751,5.427,83.091,0,5.438,5.442,NA,14
"5/24/2022 10:52:25 AM",4.427,29.516,50.233,79.43,72251.8,1033.393,33.375,0.047,0.047,0.044,8.345,96.795,5.43,84.196,0,5.441,5.444,NA,14
"5/24/2022 10:52:25 AM",4.444,29.515,50.235,79.432,72254.4,1033.395,33.376,0.055,0.055,0.058,8.345,96.803,5.43,85.3,0,5.441,5.444,NA,14
"5/24/2022 10:52:26 AM",4.436,29.515,50.237,79.435,72256.8,1033.397,33.378,0.062,0.062,0.073,8.343,96.662,5.423,86.914,0,5.434,5.437,NA,14
"5/24/2022 10:52:26 AM",4.427,29.516,50.236,79.434,72255.3,1033.395,33.377,0.07,0.07,0.102,8.342,96.652,5.422,88.359,0,5.433,5.436,NA,14
"5/24/2022 10:52:26 AM",4.404,29.517,50.238,79.438,72257.8,1033.397,33.378,0.039,0.039,0.015,8.342,96.724,5.427,89.208,0,5.438,5.441,NA,14
"5/24/2022 10:52:26 AM",4.368,29.518,50.235,79.436,72254.1,1033.394,33.375,0.047,0.047,0.058,8.34,96.832,5.432,89.208,0,5.443,5.447,NA,14
"5/24/2022 10:52:26 AM",4.246,29.518,50.238,79.439,72256.6,1033.395,33.377,0.047,0.047,0.044,8.34,96.662,5.423,87.254,0,5.434,5.437,NA,14
"5/24/2022 10:52:27 AM",4.126,29.519,50.239,79.442,72258.1,1033.395,33.378,0.055,0.055,0.015,8.338,96.662,5.424,85.81,0,5.435,5.438,NA,14
"5/24/2022 10:52:27 AM",4.01,29.519,50.239,79.442,72258,1033.395,33.377,0.055,0.055,0,8.337,96.543,5.417,85.3,0,5.428,5.432,NA,14
"5/24/2022 10:52:27 AM",3.899,29.52,50.239,79.443,72258.5,1033.394,33.378,0.047,0.047,0.044,8.338,96.581,5.42,84.365,0,5.431,5.434,NA,14
"5/24/2022 10:52:27 AM",3.732,29.52,50.241,79.445,72260.5,1033.395,33.379,0.047,0.047,0.073,8.339,96.714,5.429,84.705,0,5.44,5.443,NA,14
"5/24/2022 10:52:27 AM",3.638,29.52,50.243,79.449,72263.1,1033.396,33.38,0.062,0.062,0.044,8.341,96.671,5.427,83.941,0,5.438,5.441,NA,14
"5/24/2022 10:52:28 AM",3.551,29.521,50.241,79.447,72260.9,1033.394,33.379,0.078,0.078,0.044,8.343,96.661,5.426,82.411,0,5.437,5.44,NA,14
"5/24/2022 10:52:28 AM",3.438,29.52,50.244,79.451,72264.6,1033.396,33.381,0.047,0.047,0.029,8.345,96.667,5.427,82.241,0,5.438,5.441,NA,14
"5/24/2022 10:52:28 AM",3.271,29.521,50.245,79.453,72264.9,1033.395,33.381,0.039,0.039,0.044,8.345,96.602,5.424,83.346,0,5.435,5.438,NA,14
"5/24/2022 10:52:28 AM",3.214,29.523,50.245,79.455,72264.4,1033.394,33.38,0.039,0.039,0.015,8.345,96.699,5.429,85.215,0,5.441,5.444,NA,14
"5/24/2022 10:52:28 AM",3.162,29.526,50.247,79.463,72267.1,1033.395,33.381,0.031,0.031,0.029,8.345,96.57,5.422,87.679,0,5.433,5.437,NA,14
"5/24/2022 10:52:29 AM",3.143,29.531,50.248,79.471,72267.5,1033.394,33.38,0.086,0.086,0.073,8.346,96.727,5.432,88.698,0,5.443,5.446,NA,14
"5/24/2022 10:52:29 AM",3.113,29.533,50.256,79.486,72277.4,1033.399,33.386,0.062,0.062,0.015,8.347,96.623,5.425,88.019,0,5.437,5.44,NA,14
"5/24/2022 10:52:29 AM",3.092,29.536,50.253,79.487,72273.7,1033.396,33.382,0.164,0.164,0.189,8.347,96.561,5.422,86.829,0,5.433,5.436,NA,14
"5/24/2022 10:52:29 AM",3.103,29.539,50.253,79.49,72272.8,1033.394,33.381,0.101,0.101,0.102,8.346,96.529,5.42,87.509,0,5.432,5.435,NA,14
"5/24/2022 10:52:29 AM",3.118,29.54,50.251,79.488,72269.8,1033.392,33.379,0.055,0.055,0.058,8.346,96.589,5.424,89.293,0,5.435,5.439,NA,14
"5/24/2022 10:52:30 AM",3.141,29.538,50.251,79.486,72270.1,1033.393,33.38,0.039,0.039,0.044,8.347,96.645,5.428,89.548,0,5.439,5.442,NA,14
"5/24/2022 10:52:30 AM",3.153,29.537,50.253,79.488,72273.4,1033.395,33.382,0.062,0.062,0.116,8.348,96.557,5.423,90.822,0,5.434,5.437,NA,14
"5/24/2022 10:52:30 AM",3.144,29.537,50.272,79.513,72296.9,1033.41,33.396,0.039,0.039,0.073,8.347,96.479,5.418,91.672,0,5.429,5.432,NA,14
"5/24/2022 10:52:30 AM",3.111,29.543,50.279,79.531,72305.2,1033.413,33.4,0.055,0.055,0.044,8.346,96.57,5.423,92.012,0,5.434,5.438,NA,14
"5/24/2022 10:52:31 AM",3.073,29.554,50.264,79.527,72284.9,1033.397,33.384,0.039,0.039,0.044,8.343,96.573,5.424,92.182,0,5.435,5.438,NA,14
"5/24/2022 10:52:31 AM",3,29.566,50.243,79.516,72257.4,1033.377,33.364,0.047,0.047,0.044,8.341,96.598,5.427,91.757,0,5.438,5.441,NA,14
"5/24/2022 10:52:31 AM",2.934,29.568,50.263,79.546,72282.2,1033.391,33.379,0.047,0.047,0.029,8.34,96.526,5.422,92.182,0,5.433,5.437,NA,14
"5/24/2022 10:52:31 AM",2.863,29.569,50.255,79.536,72271.3,1033.384,33.372,0.031,0.031,0,8.341,96.487,5.421,91.842,0,5.432,5.435,NA,14
"5/24/2022 10:52:31 AM",2.776,29.572,50.25,79.534,72265.4,1033.379,33.368,0.047,0.047,0.029,8.34,96.464,5.42,91.247,0,5.431,5.435,NA,14
"5/24/2022 10:52:32 AM",2.628,29.571,50.25,79.532,72265.3,1033.379,33.368,0.031,0.031,0,8.341,96.458,5.421,91.247,0,5.432,5.435,NA,14
"5/24/2022 10:52:32 AM",2.531,29.569,50.246,79.525,72260.6,1033.376,33.366,0.023,0.023,0.029,8.342,96.467,5.422,92.352,0,5.433,5.436,NA,14
"5/24/2022 10:52:32 AM",2.428,29.569,50.248,79.526,72263,1033.377,33.367,0.094,0.094,0.146,8.344,96.435,5.421,94.051,0,5.432,5.435,NA,14
"5/24/2022 10:52:32 AM",2.334,29.57,50.252,79.534,72267.3,1033.379,33.369,0.094,0.094,0.102,8.346,96.637,5.432,94.731,0,5.444,5.447,NA,14
"5/24/2022 10:52:32 AM",2.246,29.576,50.252,79.542,72266.8,1033.377,33.367,0.055,0.055,0.044,8.346,96.569,5.429,93.711,0,5.44,5.444,NA,14
"5/24/2022 10:52:33 AM",2.133,29.582,50.252,79.551,72266,1033.374,33.365,0.031,0.031,0.044,8.35,96.471,5.424,95.325,0,5.435,5.439,NA,14
"5/24/2022 10:52:33 AM",2.082,29.591,50.256,79.57,72270.2,1033.374,33.365,0.047,0.047,0.044,8.352,96.483,5.425,97.789,0,5.436,5.439,NA,14
"5/24/2022 10:52:33 AM",2.028,29.6,50.253,79.577,72264.2,1033.368,33.359,0.031,0.031,0,8.352,96.456,5.423,100.083,0,5.435,5.438,NA,14
"5/24/2022 10:52:33 AM",1.982,29.605,50.249,79.579,72258.6,1033.363,33.354,0.039,0.039,0.015,8.351,96.474,5.425,101.358,0,5.436,5.439,NA,14
"5/24/2022 10:52:33 AM",1.94,29.613,50.252,79.595,72261.9,1033.362,33.354,0.062,0.062,0.073,8.352,96.404,5.422,102.037,0,5.433,5.436,NA,14
"5/24/2022 10:52:34 AM",1.931,29.616,50.249,79.596,72257.9,1033.359,33.351,0.07,0.07,0.044,8.352,96.561,5.43,102.292,0,5.441,5.444,NA,14
"5/24/2022 10:52:34 AM",1.921,29.621,50.25,79.603,72257.9,1033.358,33.35,0.07,0.07,0.044,8.353,96.434,5.424,105.011,0,5.435,5.438,NA,14
"5/24/2022 10:52:34 AM",1.9,29.622,50.252,79.608,72261,1033.359,33.351,0.055,0.055,0.029,8.354,96.334,5.418,107.56,0,5.429,5.432,NA,14
"5/24/2022 10:52:34 AM",1.872,29.623,50.252,79.61,72260.9,1033.359,33.351,0.078,0.078,0.102,8.355,96.308,5.417,108.919,0,5.428,5.431,NA,14
"5/24/2022 10:52:34 AM",1.799,29.624,50.244,79.6,72250.1,1033.352,33.344,0.039,0.039,0.058,8.356,96.349,5.42,108.494,0,5.431,5.434,NA,14
"5/24/2022 10:52:35 AM",1.729,29.622,50.248,79.603,72255.1,1033.355,33.347,0.031,0.031,0.073,8.357,96.315,5.418,106.625,0,5.429,5.433,NA,14
"5/24/2022 10:52:35 AM",1.667,29.621,50.249,79.603,72257.5,1033.356,33.349,0.047,0.047,0.029,8.355,96.39,5.423,105.775,0,5.434,5.438,NA,14
"5/24/2022 10:52:35 AM",1.585,29.62,50.238,79.587,72243.4,1033.348,33.341,0.023,0.023,0.029,8.354,96.414,5.425,105.266,0,5.436,5.44,NA,14
"5/24/2022 10:52:35 AM",1.495,29.621,50.237,79.586,72241.4,1033.346,33.34,0.031,0.031,0.044,8.354,96.324,5.421,105.096,0,5.432,5.436,NA,14
"5/24/2022 10:52:35 AM",1.359,29.62,50.237,79.584,72241.5,1033.346,33.34,0.047,0.047,0.015,8.354,96.318,5.421,106.455,0,5.433,5.436,NA,14
"5/24/2022 10:52:36 AM",1.274,29.62,50.237,79.585,72242.5,1033.346,33.341,0.047,0.047,0.058,8.354,96.383,5.426,107.645,0,5.437,5.44,NA,14
"5/24/2022 10:52:36 AM",1.227,29.622,50.237,79.588,72242.2,1033.345,33.34,0.055,0.055,0.087,8.355,96.194,5.415,102.802,0,5.427,5.43,NA,14
"5/24/2022 10:52:36 AM",1.184,29.624,50.238,79.593,72243.1,1033.345,33.34,0.047,0.047,0.029,8.355,96.291,5.422,100.253,0,5.433,5.436,NA,14
"5/24/2022 10:52:36 AM",1.107,29.627,50.24,79.599,72245.4,1033.345,33.341,0.07,0.07,0.058,8.357,96.308,5.423,104.841,0,5.434,5.437,NA,14
"5/24/2022 10:52:36 AM",1.065,29.629,50.236,79.597,72240,1033.341,33.337,0.062,0.062,0.058,8.359,96.268,5.421,109.429,0,5.433,5.436,NA,14
"5/24/2022 10:52:37 AM",1.031,29.631,50.236,79.599,72239.1,1033.34,33.335,0.023,0.023,0.029,8.361,96.211,5.418,113.932,0,5.43,5.433,NA,14
"5/24/2022 10:52:37 AM",1.019,29.633,50.234,79.599,72236.8,1033.338,33.334,0.031,0.031,0,8.363,96.324,5.425,121.833,0,5.436,5.44,NA,14
"5/24/2022 10:52:37 AM",1.008,29.633,50.231,79.594,72232.2,1033.335,33.331,0.062,0.062,0.015,8.365,96.184,5.418,127.61,0,5.429,5.432,NA,14
"5/24/2022 10:52:37 AM",1.006,29.632,50.234,79.597,72236.1,1033.338,33.333,0.296,0.296,0.087,8.367,96.277,5.423,131.943,0,5.435,5.438,NA,14
"5/24/2022 10:52:37 AM",0.989,29.632,50.236,79.6,72238.8,1033.339,33.335,0.109,0.109,0.044,8.368,96.163,5.417,129.989,0,5.428,5.431,NA,14
"5/24/2022 10:52:38 AM",0.968,29.631,50.238,79.602,72241.6,1033.341,33.337,0.078,0.078,0.087,8.368,96.304,5.425,126.336,0,5.437,5.44,NA,14
"5/24/2022 10:52:38 AM",0.963,29.631,50.237,79.601,72240.4,1033.34,33.336,0.047,0.047,0.029,8.367,96.256,5.422,125.571,0,5.434,5.437,NA,14
"5/24/2022 10:52:38 AM",0.935,29.631,50.242,79.607,72246.4,1033.344,33.34,0.023,0.023,0.029,8.369,96.369,5.429,140.354,0,5.44,5.444,NA,14
"5/24/2022 10:52:38 AM",0.888,29.634,50.241,79.61,72245,1033.342,33.338,0.016,0.016,0.015,8.369,96.386,5.431,142.648,0,5.442,5.445,NA,14
"5/24/2022 10:52:38 AM",0.855,29.636,50.242,79.615,72246.5,1033.342,33.339,0.016,0.016,0.015,8.368,96.309,5.426,179.266,0,5.438,5.441,NA,14
"5/24/2022 10:52:39 AM",0.831,29.638,50.242,79.618,72246.3,1033.341,33.338,0.023,0.023,0.029,8.368,96.385,5.431,208.407,0,5.442,5.445,NA,14
"5/24/2022 10:52:39 AM",0.798,29.644,50.226,79.604,72225.6,1033.327,33.324,0.039,0.039,0.058,8.366,96.247,5.424,220.727,0,5.435,5.438,NA,14
"5/24/2022 10:52:39 AM",0.714,29.646,50.215,79.592,72211.4,1033.318,33.315,0.062,0.062,0.116,8.364,96.283,5.427,218.263,0,5.438,5.441,NA,14
"5/24/2022 10:52:39 AM",0.627,29.647,50.211,79.589,72206.2,1033.314,33.311,0.062,0.062,0.116,8.365,96.328,5.429,230.072,0,5.441,5.444,NA,14
"5/24/2022 10:52:40 AM",0.534,29.649,50.211,79.59,72206.1,1033.313,33.311,0.062,0.062,0.131,8.366,96.253,5.425,220.642,0,5.437,5.44,NA,14
"5/24/2022 10:52:40 AM",0.462,29.65,50.209,79.588,72202.5,1033.31,33.308,0.055,0.055,0.175,8.367,96.309,5.429,214.949,0,5.44,5.443,NA,14
"5/24/2022 10:52:40 AM",0.346,29.651,50.193,79.569,72182.9,1033.297,33.296,0.055,0.055,0.16,8.368,96.412,5.436,260.063,0,5.447,5.45,NA,14
"5/24/2022 10:52:40 AM",0.245,29.65,50.194,79.569,72184.2,1033.298,33.297,0.039,0.039,0.102,8.368,96.297,5.429,249.018,0,5.44,5.444,NA,14
"5/24/2022 10:52:40 AM",0.138,29.649,50.193,79.565,72182.6,1033.297,33.296,0.062,0.062,0.044,8.368,96.281,5.429,293.962,0,5.44,5.443,NA,14
"5/24/2022 10:52:41 AM",0,29.65,50.186,79.557,72173.9,1033.291,33.291,0.234,0.234,0.233,8.365,96.278,5.428,332.024,0,5.44,5.443,NA,14
"5/24/2022 10:52:41 AM",0,29.648,50.186,79.555,72173.8,1033.291,33.291,0.039,0.039,0.044,8.364,96.275,5.428,360.996,0,5.44,5.443,NA,14
"5/24/2022 10:52:41 AM",0,29.649,1.462,3.095,2807.7,996.849,0,409.617,409.617,623.13,8.366,96.261,7.08,352.5,0,7.101,7.101,NA,14
"5/24/2022 10:52:41 AM",0,29.657,1.046,2.252,2042.4,996.535,0,503.85,503.85,417.431,8.363,96.231,7.095,358.107,0,7.115,7.115,NA,14
"5/24/2022 10:52:41 AM",0,29.702,0.888,1.928,1747.7,996.404,0,429.704,429.704,439.518,8.36,96.304,7.107,366.433,0,7.128,7.128,NA,14
"5/24/2022 10:52:42 AM",0,29.856,0.75,1.645,1486.3,996.254,0,499.63,499.63,578.028,8.358,96.419,7.122,388.353,0,7.142,7.142,NA,14
"5/24/2022 10:52:42 AM",0,30.047,0.664,1.469,1322.2,996.132,0,120.061,120.061,89.843,8.356,96.337,7.12,400.672,0,7.141,7.141,NA,14
"5/24/2022 10:52:42 AM",0,29.998,0.593,1.318,1187.5,996.094,0,56.181,56.181,12.615,8.354,96.29,7.12,395.49,0,7.141,7.141,NA,14
"5/24/2022 10:52:42 AM",0,29.904,0.569,1.263,1140.3,996.104,0,133.869,133.869,20.599,8.353,96.301,7.122,414.181,0,7.143,7.143,NA,14
"5/24/2022 10:52:42 AM",0,29.797,0.543,1.205,1090.3,996.117,0,130.67,130.67,92.354,8.352,96.189,7.115,460.399,0,7.135,7.135,NA,14
"5/24/2022 10:52:43 AM",0,29.731,0.524,1.164,1054.2,996.123,0,206.743,206.743,160.24,8.353,96.319,7.126,595.401,0,7.146,7.146,NA,14
"5/24/2022 10:52:43 AM",0,29.586,0.477,1.059,961.9,996.131,0,323.013,323.013,69.437,8.352,96.483,7.14,1204.651,0,7.161,7.161,NA,14
"5/24/2022 10:52:43 AM",0,29.368,0.473,1.046,954.3,996.193,0,140.936,140.936,21.695,8.352,96.293,7.127,1488.333,0,7.147,7.147,NA,14
"5/24/2022 10:52:43 AM",0,29.269,0.464,1.025,936.7,996.215,0,82.821,82.821,0,8.35,96.407,7.136,1573.633,0,7.157,7.157,NA,14
"5/24/2022 10:52:43 AM",0,29.235,0.434,0.961,878.9,996.203,0,506.05,506.05,50.492,8.35,96.384,7.136,1616.878,0,7.157,7.156,NA,14
"5/24/2022 10:52:44 AM",0,29.232,0.412,0.914,836.3,996.188,0,126.466,126.466,0,8.347,96.369,7.136,1663.181,0,7.156,7.156,NA,14
"5/24/2022 10:52:44 AM",0,29.267,0.4,0.888,811.5,996.168,0,39.542,39.542,0,8.345,96.46,7.144,1722.823,0,7.164,7.164,NA,14
"5/24/2022 10:52:44 AM",0,29.32,0.385,0.858,783.5,996.141,0,26.133,26.133,0,8.344,96.447,7.143,1717.81,0,7.164,7.164,NA,14
"5/24/2022 10:52:44 AM",0,29.362,0.383,0.852,777.7,996.127,0,45.112,45.112,0,8.342,96.519,7.149,1671.932,0,7.17,7.17,NA,14
"5/24/2022 10:52:44 AM",0,29.363,0.375,0.835,762.3,996.121,0,24.362,24.362,0.888,8.339,96.402,7.141,1110.77,0,7.162,7.162,NA,14
"5/24/2022 10:52:45 AM",0,29.322,0.377,0.84,767.3,996.135,0,163.831,163.831,0,8.331,96.493,7.148,450.799,0,7.169,7.169,NA,14
"5/24/2022 10:52:45 AM",0,29.231,0.469,1.035,946.9,996.23,0,79.856,79.856,0,8.326,96.449,7.142,384.36,0,7.163,7.162,NA,14
"5/24/2022 10:52:45 AM",0,29.159,0.448,0.99,906.6,996.236,0,39.222,39.222,0,8.322,96.467,7.146,313.503,0,7.166,7.166,NA,14
"5/24/2022 10:52:45 AM",0,29.093,0.45,0.993,911.3,996.257,0,14.868,14.868,0,8.318,96.386,7.141,273.232,0,7.161,7.161,NA,14
"5/24/2022 10:52:45 AM",0,29.067,0.455,1.004,921.2,996.269,0,0.421,0.421,1.675,8.314,96.521,7.152,379.687,0,7.173,7.173,NA,14
"5/24/2022 10:52:46 AM",0,29.075,0.447,0.987,905.4,996.26,0,0,0,13.042,8.315,96.339,7.14,265.756,0,7.161,7.161,NA,14
"5/24/2022 10:52:46 AM",0,29.058,0.458,1.009,926.7,996.274,0,0,0,0.131,8.317,96.439,7.148,236.444,0,7.169,7.169,NA,14
"5/24/2022 10:52:46 AM",0,29.022,0.473,1.041,956,996.295,0,0.195,0.195,0,8.317,96.501,7.153,221.491,0,7.174,7.174,NA,14
"5/24/2022 10:52:46 AM",0,28.978,0.438,0.966,888,996.282,0,0,0,0,8.318,96.653,7.167,239.333,0,7.187,7.187,NA,14
"5/24/2022 10:52:46 AM",0,28.86,0.446,0.979,902.1,996.322,0,0,0,0,8.316,96.775,7.177,295.831,0,7.198,7.197,NA,14
"5/24/2022 10:52:47 AM",0,28.792,0.437,0.958,884.5,996.335,0,0.803,0.803,1.063,8.315,96.781,7.178,293.707,0,7.199,7.199,NA,14
"5/24/2022 10:52:47 AM",0,28.761,0.424,0.931,860.1,996.335,0,0,0,3.616,8.314,96.713,7.175,293.113,0,7.195,7.195,NA,14
"5/24/2022 10:52:47 AM",0,28.734,0.424,0.931,860.2,996.343,0,0,0,0,8.312,96.718,7.175,305.007,0,7.196,7.196,NA,14
"5/24/2022 10:52:47 AM",0,28.642,0.394,0.864,800.2,996.347,0,0,0,0,8.309,96.673,7.174,339.586,0,7.195,7.195,NA,14
"5/24/2022 10:52:47 AM",0,28.717,0.376,0.828,765.1,996.311,0,0,0,0,8.326,96.651,7.173,354.454,0,7.194,7.194,NA,14
"5/24/2022 10:52:48 AM",0,31.19,1.121,2.476,2179.3,996.121,0,0,0,0,8.449,96.677,7.146,368.727,0,7.167,7.167,NA,14
"5/24/2022 10:52:48 AM",0,32.405,1.555,3.453,2969.4,996.057,0,0,0,0,8.61,96.73,7.134,767.87,0,7.154,7.154,NA,14
"5/24/2022 10:52:48 AM",0,32.676,1.875,4.14,3542,996.207,0,0,0,4.639,8.752,96.755,7.124,1182.476,0,7.145,7.145,NA,14
"5/24/2022 10:52:48 AM",0,32.749,1.708,3.797,3243.9,996.059,0,1.568,1.568,7.961,8.837,96.651,7.125,554.96,0,7.146,7.145,NA,14
"5/24/2022 10:52:48 AM",0,32.742,2.038,4.484,3831.2,996.306,0,1.966,1.966,8.181,8.863,96.742,7.119,1287.317,0,7.14,7.139,NA,14
"5/24/2022 10:52:49 AM",0,32.73,2.119,4.652,3975.6,996.37,0,1.786,1.786,7.961,8.885,96.792,7.12,1431.24,0,7.141,7.141,NA,14
"5/24/2022 10:52:49 AM",0,32.726,2.007,4.419,3776.9,996.288,0,1.763,1.763,7.712,8.899,96.828,7.127,1436.592,0,7.148,7.148,NA,14
"5/24/2022 10:52:49 AM",0,32.719,1.72,3.82,3265.3,996.078,0,1.919,1.919,8.445,8.915,96.78,7.135,1471.426,0,7.156,7.156,NA,14
"5/24/2022 10:52:49 AM",0,32.708,1.735,3.85,3291.7,996.092,0,1.997,1.997,8.621,8.924,96.857,7.14,1514.501,0,7.161,7.161,NA,14
"5/24/2022 10:52:50 AM",0,32.701,1.66,3.692,3157.3,996.039,0,1.685,1.685,8.738,8.931,96.697,7.131,1572.953,0,7.152,7.152,NA,14
"5/24/2022 10:52:50 AM",0,32.709,1.656,3.686,3151.4,996.034,0,1.607,1.607,9.941,8.932,96.685,7.13,1632.68,0,7.151,7.151,NA,14
"5/24/2022 10:52:50 AM",0,32.713,1.681,3.738,3196.1,996.051,0,1.693,1.693,8.679,8.936,96.727,7.132,1676.01,0,7.153,7.153,NA,14
"5/24/2022 10:52:50 AM",0,32.727,1.661,3.696,3158.8,996.031,0,1.599,1.599,8.928,8.938,96.773,7.136,1690.963,0,7.157,7.157,NA,14
"5/24/2022 10:52:50 AM",0,32.724,1.684,3.744,3200.6,996.049,0,2.02,2.02,8.84,8.939,96.7,7.13,1697.59,0,7.151,7.15,NA,14
"5/24/2022 10:52:51 AM",0,32.732,1.635,3.643,3113.5,996.011,0,1.981,1.981,8.591,8.937,96.822,7.141,1692.492,0,7.161,7.161,NA,14
"5/24/2022 10:52:51 AM",0,32.729,1.64,3.653,3122,996.015,0,1.966,1.966,8.87,8.94,96.714,7.132,1680.938,0,7.153,7.153,NA,14
"5/24/2022 10:52:51 AM",0,32.713,1.686,3.748,3204.5,996.054,0,2.223,2.223,8.752,8.939,96.995,7.151,1658.083,0,7.172,7.172,NA,14
"5/24/2022 10:52:51 AM",0,32.712,1.784,3.954,3380.7,996.128,0,2.325,2.325,8.723,8.94,96.836,7.136,1641.091,0,7.156,7.156,NA,14
"5/24/2022 10:52:51 AM",0,32.709,1.697,3.77,3223.4,996.063,0,2.239,2.239,9.046,8.939,96.956,7.148,1626.053,0,7.168,7.168,NA,14
"5/24/2022 10:52:52 AM",0,32.705,2.875,6.192,5294.6,996.94,0,2.192,2.192,8.958,8.938,96.949,7.101,1611.1,0,7.122,7.122,NA,14
"5/24/2022 10:52:52 AM",0,32.702,1.812,4.011,3429.9,996.151,0,2.036,2.036,8.503,8.938,96.944,7.142,1592.154,0,7.163,7.162,NA,14
"5/24/2022 10:52:52 AM",0,32.69,2.172,4.757,4068.9,996.423,0,1.981,1.981,9.09,8.936,96.97,7.13,1583.064,0,7.15,7.15,NA,14
"5/24/2022 10:52:52 AM",0,32.685,4.089,8.605,7360.5,997.847,0,2.293,2.293,9.677,8.934,96.939,7.054,1577.116,0,7.074,7.074,NA,14
"5/24/2022 10:52:52 AM",0,32.692,2.4,5.225,4469,996.591,0,1.958,1.958,9.002,8.933,97.004,7.123,1574.907,0,7.144,7.144,NA,14
"5/24/2022 10:52:53 AM",0,32.694,2.336,5.095,4357.4,996.543,0,1.981,1.981,8.269,8.932,97.013,7.126,1576.352,0,7.147,7.147,NA,14
"5/24/2022 10:52:53 AM",0,32.71,1.917,4.23,3617,996.227,0,2.075,2.075,7.932,8.928,96.975,7.14,1585.018,0,7.16,7.16,NA,14
"5/24/2022 10:52:53 AM",0,32.72,1.795,3.977,3399.8,996.133,0,1.966,1.966,8.386,8.928,97.03,7.149,1593.854,0,7.17,7.169,NA,14
"5/24/2022 10:52:53 AM",0,32.732,1.753,3.89,3324.6,996.098,0,1.958,1.958,8.078,8.925,97.047,7.152,1603.624,0,7.172,7.172,NA,14
"5/24/2022 10:52:53 AM",0,32.742,1.9,4.197,3586.6,996.204,0,1.724,1.724,8.225,8.924,97.109,7.15,1614.329,0,7.171,7.17,NA,14
"5/24/2022 10:52:54 AM",0,32.745,1.619,3.61,3084.7,995.994,0,1.802,1.802,8.547,8.922,97.156,7.164,1629.537,0,7.185,7.185,NA,14
"5/24/2022 10:52:54 AM",0,32.738,1.637,3.647,3116.5,996.01,0,1.864,1.864,8.518,8.919,97.091,7.159,1639.647,0,7.179,7.179,NA,14
"5/24/2022 10:52:54 AM",0,32.734,1.595,3.559,3041.3,995.98,0,1.74,1.74,8.679,8.919,97.162,7.166,1647.378,0,7.186,7.186,NA,14
"5/24/2022 10:56:58 AM",0.244,29.719,49.89,79.25,71796.3,1033.043,33.042,0.172,0.172,0.379,8.004,96.67,5.326,1061.663,0,5.335,5.338,NA,14
"5/24/2022 10:56:58 AM",0.346,29.7,49.869,79.193,71772.4,1033.034,33.033,0.086,0.086,0.16,8.034,96.449,5.313,848.413,0,5.322,5.325,NA,14
"5/24/2022 10:56:58 AM",0.515,29.664,49.903,79.188,71819.3,1033.074,33.072,0.25,0.25,0.539,8.083,96.372,5.307,706.869,0,5.316,5.319,NA,14
"5/24/2022 10:56:58 AM",0.63,29.66,49.906,79.188,71823.9,1033.078,33.075,0,0,0,8.115,96.351,5.305,630.15,0,5.314,5.317,NA,14
"5/24/2022 10:56:59 AM",0.713,29.659,49.922,79.208,71843.4,1033.09,33.087,0.125,0.125,0.248,8.147,96.261,5.298,1284.853,0,5.307,5.31,NA,14
"5/24/2022 10:56:59 AM",0.76,29.658,49.951,79.245,71879.8,1033.113,33.11,0.094,0.094,0.116,8.177,96.312,5.3,917.655,0,5.309,5.312,NA,14
"5/24/2022 10:56:59 AM",0.76,29.662,49.965,79.271,71897.5,1033.123,33.12,0.187,0.187,0.16,8.201,96.339,5.301,707.379,0,5.31,5.313,NA,14
"5/24/2022 10:56:59 AM",0.689,29.687,49.904,79.222,71817.7,1033.067,33.064,0.031,0.031,0.029,8.229,96.298,5.3,834.309,0,5.309,5.312,NA,14
"5/24/2022 10:56:59 AM",0.609,29.695,49.881,79.203,71788.2,1033.047,33.044,0.14,0.14,0.233,8.243,96.239,5.297,1035.07,0,5.306,5.309,NA,14
"5/24/2022 10:57:00 AM",0.49,29.689,49.906,79.229,71820.2,1033.067,33.065,0.094,0.094,0.16,8.258,96.087,5.288,1002.021,0,5.297,5.3,NA,14
"5/24/2022 10:57:00 AM",0.341,29.682,49.922,79.241,71841.3,1033.081,33.08,0,0,0,8.273,96.096,5.288,1099.3,0,5.297,5.3,NA,14
"5/24/2022 10:57:00 AM",0.128,29.681,49.894,79.2,71806.4,1033.06,33.059,0.164,0.164,0.277,8.296,95.996,5.283,1218.075,0,5.292,5.295,NA,14
"5/24/2022 10:57:00 AM",0.119,29.681,49.912,79.226,71828.2,1033.073,33.072,0.125,0.125,0,8.312,95.849,5.275,1459.107,0,5.284,5.287,NA,14
"5/24/2022 10:57:01 AM",0.162,29.712,49.926,79.29,71842,1033.072,33.072,0.117,0.117,0.131,8.325,95.907,5.278,1527.16,0,5.287,5.29,NA,14
"5/24/2022 10:57:01 AM",0.232,29.688,49.917,79.242,71833.3,1033.074,33.073,0.148,0.148,0.204,8.335,95.656,5.264,1172.196,0,5.273,5.276,NA,14
"5/24/2022 10:57:01 AM",0.303,29.671,49.912,79.211,71829.2,1033.077,33.076,0.172,0.172,0.437,8.345,95.644,5.263,996.074,0,5.272,5.275,NA,14
"5/24/2022 10:57:01 AM",0.409,29.647,49.907,79.17,71827,1033.083,33.081,0.109,0.109,0.248,8.358,95.506,5.257,950.62,0,5.265,5.268,NA,14
"5/24/2022 10:57:01 AM",0.49,29.645,49.908,79.168,71827.7,1033.084,33.082,0.101,0.101,0.218,8.366,95.463,5.254,816.383,0,5.263,5.266,NA,14
"5/24/2022 10:57:02 AM",0.588,29.647,49.908,79.171,71828,1033.084,33.082,0.055,0.055,0.087,8.374,95.387,5.25,742.977,0,5.259,5.262,NA,14
"5/24/2022 10:57:02 AM",0.645,29.646,49.914,79.179,71835.7,1033.089,33.086,0.055,0.055,0.058,8.38,95.241,5.242,814.259,0,5.251,5.254,NA,14
"5/24/2022 10:57:02 AM",0.656,29.642,49.949,79.22,71880.1,1033.117,33.115,0.117,0.117,0.189,8.389,95.167,5.238,850.961,0,5.246,5.249,NA,14
"5/24/2022 10:57:02 AM",0.624,29.645,49.932,79.201,71857.6,1033.103,33.1,0.047,0.047,0.058,8.393,95.174,5.239,959.88,0,5.248,5.251,NA,14
"5/24/2022 10:57:02 AM",0.605,29.654,49.921,79.198,71843,1033.091,33.089,0.047,0.047,0.073,8.397,95.084,5.234,804.828,0,5.243,5.246,NA,14
"5/24/2022 10:57:03 AM",0.593,29.658,49.925,79.21,71847.7,1033.093,33.091,0,0,0.015,8.401,95.06,5.233,964.553,0,5.242,5.245,NA,14
"5/24/2022 10:57:03 AM",0.59,29.66,49.927,79.215,71850,1033.094,33.091,0.07,0.07,0.175,8.403,95.089,5.235,823.604,0,5.244,5.247,NA,14
"5/24/2022 10:57:03 AM",0.541,29.665,49.908,79.197,71825.1,1033.077,33.075,0.055,0.055,0.116,8.408,95.155,5.239,783.333,0,5.248,5.251,NA,14
"5/24/2022 10:57:03 AM",0.477,29.665,49.9,79.186,71815.2,1033.071,33.069,0.008,0.008,0,8.41,95.138,5.239,913.152,0,5.248,5.25,NA,14
"5/24/2022 10:57:03 AM",0.405,29.662,49.915,79.202,71834.3,1033.083,33.081,0.016,0.016,0,8.413,95.076,5.235,1041.102,0,5.244,5.247,NA,14
"5/24/2022 10:57:04 AM",0.376,29.661,49.919,79.206,71840,1033.087,33.085,0.078,0.078,0.16,8.417,95.106,5.237,1105.757,0,5.246,5.249,NA,14
"5/24/2022 10:57:04 AM",0.447,29.672,49.921,79.225,71840.8,1033.084,33.082,0.078,0.078,0.087,8.42,95.047,5.234,806.527,0,5.243,5.246,NA,14
"5/24/2022 10:57:04 AM",0.536,29.65,49.922,79.195,71845,1033.093,33.091,0.078,0.078,0.073,8.421,95.032,5.233,973.389,0,5.242,5.245,NA,14
"5/24/2022 10:57:04 AM",0.631,29.642,49.925,79.186,71849.1,1033.099,33.096,0,0,0,8.423,94.982,5.231,955.802,0,5.24,5.243,NA,14
"5/24/2022 10:57:04 AM",0.758,29.64,49.916,79.171,71838.4,1033.093,33.09,0.031,0.031,0.044,8.424,94.82,5.223,1716.791,0,5.232,5.234,NA,14
"5/24/2022 10:57:05 AM",0.892,29.635,49.922,79.173,71846.5,1033.1,33.096,0.172,0.172,0.32,8.427,94.899,5.227,906.865,0,5.236,5.239,NA,14
"5/24/2022 10:57:05 AM",1.134,29.632,49.922,79.169,71847.9,1033.103,33.098,0.047,0.047,0.029,8.43,94.865,5.225,695.569,0,5.234,5.237,NA,14
"5/24/2022 10:57:05 AM",1.287,29.625,49.928,79.167,71856.1,1033.11,33.105,0.047,0.047,0.073,8.432,94.941,5.23,736.775,0,5.239,5.242,NA,14
"5/24/2022 10:57:05 AM",1.403,29.618,49.934,79.165,71864.3,1033.118,33.112,0.125,0.125,0.262,8.435,94.757,5.219,664.304,0,5.228,5.231,NA,14
"5/24/2022 10:57:05 AM",1.502,29.608,49.935,79.152,71866.3,1033.122,33.116,0.023,0.023,0,8.436,94.758,5.22,659.461,0,5.229,5.232,NA,14
"5/24/2022 10:57:06 AM",1.582,29.59,49.959,79.159,71898.8,1033.147,33.14,0.086,0.086,0.16,8.438,94.794,5.222,988.852,0,5.231,5.234,NA,14
"5/24/2022 10:57:06 AM",1.645,29.583,49.958,79.148,71898,1033.149,33.142,0.031,0.031,0.029,8.439,94.805,5.223,861.497,0,5.232,5.235,NA,14
"5/24/2022 10:57:06 AM",1.721,29.582,49.954,79.141,71893.4,1033.146,33.139,0.078,0.078,0.131,8.44,94.81,5.224,726.92,0,5.233,5.235,NA,14
"5/24/2022 10:57:06 AM",1.768,29.583,49.962,79.154,71904,1033.153,33.145,0.078,0.078,0.058,8.441,94.796,5.223,635.672,0,5.232,5.235,NA,14
"5/24/2022 10:57:06 AM",1.78,29.578,49.982,79.174,71929.2,1033.169,33.162,0.062,0.062,0.102,8.444,94.839,5.225,512.735,0,5.234,5.237,NA,14
"5/24/2022 10:57:07 AM",1.74,29.584,49.972,79.169,71916.3,1033.16,33.153,0.055,0.055,0.102,8.445,94.801,5.224,524.289,0,5.233,5.236,NA,14
"5/24/2022 10:57:07 AM",1.721,29.59,49.969,79.173,71911.3,1033.155,33.148,0.016,0.016,0,8.446,94.836,5.226,549.183,0,5.235,5.238,NA,14
"5/24/2022 10:57:07 AM",1.706,29.594,49.967,79.177,71908.9,1033.152,33.145,0.094,0.094,0.087,8.447,94.706,5.219,544.255,0,5.228,5.231,NA,14
"5/24/2022 10:57:07 AM",1.692,29.598,49.956,79.168,71894.8,1033.143,33.136,0.07,0.07,0.102,8.448,94.565,5.212,523.015,0,5.221,5.224,NA,14
"5/24/2022 10:57:07 AM",1.673,29.602,49.954,79.17,71891.2,1033.139,33.132,0.047,0.047,0.029,8.45,94.546,5.212,545.53,0,5.221,5.224,NA,14
"5/24/2022 10:57:08 AM",1.657,29.6,49.955,79.167,71892.3,1033.141,33.134,0.016,0.016,0,8.451,94.602,5.215,586.99,0,5.224,5.227,NA,14
"5/24/2022 10:57:08 AM",1.647,29.597,49.972,79.187,71914.6,1033.155,33.148,0.101,0.101,0.16,8.452,94.724,5.222,603.982,0,5.231,5.234,NA,14
"5/24/2022 10:57:08 AM",1.634,29.597,49.999,79.224,71947.6,1033.175,33.168,0.047,0.047,0.073,8.453,94.612,5.215,618.34,0,5.224,5.227,NA,14
"5/24/2022 10:57:08 AM",1.626,29.605,49.999,79.235,71946.5,1033.172,33.165,0.016,0.016,0,8.453,94.605,5.215,655.978,0,5.224,5.227,NA,14
"5/24/2022 10:57:08 AM",1.638,29.613,49.999,79.248,71945.8,1033.169,33.162,0.078,0.078,0.087,8.454,94.655,5.218,936.431,0,5.228,5.23,NA,14
"5/24/2022 10:57:09 AM",1.645,29.619,49.998,79.255,71944.1,1033.167,33.16,0.031,0.031,0.029,8.454,94.533,5.212,840.511,0,5.221,5.224,NA,14
"5/24/2022 10:57:09 AM",1.673,29.607,50.006,79.249,71955.9,1033.177,33.17,0.055,0.055,0.116,8.454,94.446,5.208,733.546,0,5.217,5.22,NA,14
"5/24/2022 10:57:09 AM",1.709,29.594,49.986,79.202,71932.1,1033.167,33.159,0.109,0.109,0.262,8.454,94.451,5.209,866.084,0,5.218,5.221,NA,14
"5/24/2022 10:57:09 AM",1.756,29.586,49.989,79.195,71936.5,1033.172,33.164,0.078,0.078,0.189,8.455,94.492,5.211,1085.537,0,5.22,5.223,NA,14
"5/24/2022 10:57:09 AM",1.779,29.587,50.006,79.22,71957.9,1033.184,33.177,0.101,0.101,0.189,8.458,94.422,5.207,822.67,0,5.216,5.219,NA,14
"5/24/2022 10:57:10 AM",1.789,29.612,49.989,79.232,71933.8,1033.163,33.155,0.062,0.062,0,8.459,94.32,5.203,659.546,0,5.212,5.215,NA,14
"5/24/2022 10:57:10 AM",1.805,29.607,50.003,79.243,71951.4,1033.175,33.167,0.086,0.086,0.175,8.46,94.465,5.211,642.044,0,5.22,5.223,NA,14
"5/24/2022 10:57:10 AM",1.806,29.599,50.007,79.238,71958.3,1033.182,33.174,0.086,0.086,0.146,8.461,94.428,5.209,562.861,0,5.218,5.221,NA,14
"5/24/2022 10:57:10 AM",1.782,29.599,49.982,79.205,71926.7,1033.162,33.155,0.016,0.016,0,8.462,94.434,5.21,741.703,0,5.219,5.222,NA,14
"5/24/2022 10:57:11 AM",1.765,29.6,49.986,79.212,71932,1033.165,33.158,0.039,0.039,0.015,8.464,94.548,5.217,692.341,0,5.226,5.229,NA,14
"5/24/2022 10:57:11 AM",1.749,29.601,49.989,79.217,71935.4,1033.167,33.159,0.055,0.055,0.058,8.464,94.378,5.208,623.353,0,5.217,5.22,NA,14
"5/24/2022 10:57:11 AM",1.73,29.605,49.994,79.228,71940.6,1033.169,33.162,0.086,0.086,0.073,8.464,94.27,5.202,738.474,0,5.211,5.214,NA,14
"5/24/2022 10:57:11 AM",1.702,29.611,49.996,79.241,71942.2,1033.168,33.161,0.086,0.086,0.102,8.465,94.154,5.196,680.022,0,5.205,5.208,NA,14
"5/24/2022 10:57:11 AM",1.688,29.615,49.998,79.25,71945,1033.168,33.161,0,0,0,8.465,94.169,5.197,827.427,0,5.206,5.209,NA,14
"5/24/2022 10:57:12 AM",1.693,29.618,50.008,79.267,71957,1033.175,33.168,0.07,0.07,0.102,8.465,94.234,5.201,686.818,0,5.21,5.213,NA,14
"5/24/2022 10:57:12 AM",1.695,29.623,49.994,79.255,71938.6,1033.162,33.155,0,0,0,8.467,94.25,5.203,714.26,0,5.212,5.215,NA,14
"5/24/2022 10:57:12 AM",1.688,29.623,49.99,79.25,71933.7,1033.159,33.152,0.008,0.008,0,8.467,94.175,5.199,932.183,0,5.208,5.211,NA,14
"5/24/2022 10:57:12 AM",1.66,29.624,49.997,79.261,71941.9,1033.164,33.157,0.078,0.078,0.073,8.466,94.152,5.198,731.253,0,5.207,5.21,NA,14
"5/24/2022 10:57:12 AM",1.631,29.629,50.001,79.274,71947.2,1033.166,33.159,0.016,0.016,0,8.466,94.173,5.199,691.151,0,5.208,5.211,NA,14
"5/24/2022 10:57:13 AM",1.601,29.633,49.997,79.274,71940.7,1033.16,33.154,0.008,0.008,0,8.468,94.173,5.2,830.911,0,5.209,5.212,NA,14
"5/24/2022 10:57:13 AM",1.58,29.636,49.999,79.282,71943.2,1033.161,33.154,0.023,0.023,0,8.468,94.139,5.198,694.975,0,5.208,5.211,NA,14
"5/24/2022 10:57:13 AM",1.575,29.642,50,79.291,71944.1,1033.16,33.153,0.086,0.086,0.146,8.468,94.076,5.195,613.243,0,5.204,5.207,NA,14
"5/24/2022 10:57:13 AM",1.631,29.64,49.99,79.275,71931.8,1033.153,33.146,0.008,0.008,0.029,8.467,94.023,5.193,780.529,0,5.202,5.205,NA,14
"5/24/2022 10:57:13 AM",1.76,29.637,49.984,79.263,71924.9,1033.15,33.143,0.031,0.031,0.044,8.467,93.898,5.187,924.452,0,5.196,5.199,NA,14
"5/24/2022 10:57:14 AM",1.933,29.626,49.985,79.248,71927.6,1033.156,33.148,0.125,0.125,0.248,8.469,93.849,5.184,815.023,0,5.193,5.196,NA,14
"5/24/2022 10:57:14 AM",2.142,29.61,49.973,79.207,71914.3,1033.153,33.144,0.031,0.031,0.029,8.471,93.916,5.188,736.86,0,5.198,5.201,NA,14
"5/24/2022 10:57:14 AM",2.476,29.563,50.007,79.187,71963.1,1033.197,33.187,0.031,0.031,0.015,8.471,93.952,5.191,698.628,0,5.2,5.203,NA,14
"5/24/2022 10:57:14 AM",2.705,29.546,50.028,79.191,71991.5,1033.22,33.209,0.039,0.039,0.015,8.471,94.035,5.194,891.742,0,5.204,5.207,NA,14
"5/24/2022 10:57:14 AM",2.907,29.537,50.041,79.195,72008.2,1033.234,33.221,0.094,0.094,0.175,8.471,94.073,5.197,707.209,0,5.206,5.209,NA,14
"5/24/2022 10:57:15 AM",3.086,29.528,50.057,79.205,72029,1033.249,33.236,0.062,0.062,0.058,8.472,94.193,5.203,428.03,0,5.213,5.216,NA,14
"5/24/2022 10:57:15 AM",3.239,29.524,50.066,79.212,72041.2,1033.258,33.245,0.062,0.062,0.102,8.47,94.108,5.199,328.626,0,5.208,5.211,NA,14
"5/24/2022 10:57:15 AM",3.474,29.522,50.079,79.226,72057.4,1033.27,33.255,0,0,0,8.469,93.948,5.191,166.947,0,5.2,5.203,NA,14
"5/24/2022 10:57:15 AM",3.606,29.522,50.076,79.221,72053.7,1033.268,33.253,0,0,0,8.469,94.137,5.202,80.627,0,5.211,5.214,NA,14
"5/24/2022 10:57:15 AM",3.743,29.524,50.075,79.224,72052.3,1033.267,33.251,0,0,0,8.47,94.181,5.205,49.022,0,5.215,5.218,NA,14
"5/24/2022 10:57:16 AM",3.919,29.524,50.078,79.228,72056.8,1033.271,33.254,0,0,0,8.471,94.148,5.204,34.664,0,5.213,5.216,NA,14
"5/24/2022 10:57:16 AM",4.193,29.519,50.091,79.239,72073.5,1033.283,33.265,0,0,0,8.471,94.473,5.222,28.122,0,5.232,5.235,NA,14
"5/24/2022 10:57:16 AM",4.383,29.519,50.096,79.246,72079.5,1033.288,33.269,0,0,0,8.47,94.658,5.233,27.357,0,5.243,5.246,NA,14
"5/24/2022 10:57:16 AM",4.577,29.518,50.094,79.242,72077.3,1033.287,33.268,0,0,0,8.47,94.677,5.235,26.593,0,5.245,5.248,NA,14
"5/24/2022 10:57:16 AM",4.783,29.517,50.095,79.242,72078.8,1033.289,33.269,0.835,0.835,0,8.47,94.684,5.238,25.743,0,5.247,5.25,NA,14
"5/24/2022 10:57:17 AM",4.962,29.515,50.099,79.245,72084.9,1033.294,33.273,1.521,1.521,2.39,8.471,94.726,5.242,35.428,0,5.252,5.255,NA,14
"5/24/2022 10:57:17 AM",5.162,29.513,50.106,79.251,72093.2,1033.301,33.279,1.053,1.053,2.376,8.472,94.609,5.238,128.715,0,5.247,5.25,NA,14
"5/24/2022 10:57:17 AM",5.295,29.508,50.11,79.25,72099.7,1033.307,33.284,0.429,0.429,0.918,8.471,94.711,5.245,244.515,0,5.255,5.258,NA,14
"5/24/2022 10:57:17 AM",5.447,29.505,50.105,79.239,72093.7,1033.304,33.281,0.164,0.164,0.349,8.472,94.707,5.246,306.112,0,5.256,5.259,NA,14
"5/24/2022 10:57:17 AM",5.6,29.503,50.108,79.24,72097.1,1033.308,33.284,0,0,0.087,8.472,94.91,5.26,288.355,0,5.269,5.272,NA,14
"5/24/2022 10:57:18 AM",5.815,29.503,50.121,79.259,72114.4,1033.319,33.294,0,0,0,8.473,95.036,5.271,155.902,0,5.281,5.284,NA,14
"5/24/2022 10:57:18 AM",5.949,29.504,50.132,79.274,72127.1,1033.327,33.302,0,0,0,8.474,95.094,5.276,82.411,0,5.286,5.289,NA,14
"5/24/2022 10:57:18 AM",6.069,29.506,50.128,79.271,72121.9,1033.324,33.298,0,0,0,8.476,95.31,5.29,51.571,0,5.3,5.303,NA,14
"5/24/2022 10:57:18 AM",6.231,29.508,50.128,79.275,72121.9,1033.324,33.297,0.39,0.39,0,8.477,95.256,5.288,38.062,0,5.298,5.301,NA,14
"5/24/2022 10:57:18 AM",6.37,29.51,50.127,79.277,72121.4,1033.324,33.297,0.679,0.679,0,8.479,95.578,5.308,32.37,0,5.318,5.321,NA,14
"5/24/2022 10:57:19 AM",6.61,29.51,50.133,79.284,72128.2,1033.329,33.301,0,0,2.448,8.48,95.825,5.332,28.462,0,5.342,5.345,NA,14
"5/24/2022 10:57:19 AM",6.778,29.508,50.136,79.287,72133,1033.333,33.304,0.133,0.133,0,8.479,95.958,5.351,27.272,0,5.361,5.364,NA,14
"5/24/2022 10:57:19 AM",6.954,29.507,50.141,79.291,72138.4,1033.337,33.307,0.055,0.055,0.67,8.48,95.82,5.356,25.658,0,5.366,5.37,NA,14
"5/24/2022 10:57:19 AM",7.133,29.506,50.145,79.295,72144.2,1033.342,33.311,0,0,0.495,8.479,95.768,5.363,24.129,0,5.374,5.377,NA,14
"5/24/2022 10:57:19 AM",7.31,29.504,50.149,79.299,72149.4,1033.346,33.315,0,0,0.116,8.48,95.901,5.378,24.299,0,5.389,5.392,NA,14
"5/24/2022 10:57:20 AM",7.578,29.502,50.154,79.303,72155.5,1033.351,33.319,0.601,0.601,0,8.479,96.215,5.404,23.279,0,5.415,5.418,NA,14
"5/24/2022 10:57:20 AM",7.75,29.502,50.158,79.309,72161.7,1033.356,33.323,0,0,1.194,8.48,96.259,5.41,23.279,0,5.421,5.424,NA,14
"5/24/2022 10:57:20 AM",7.934,29.501,50.162,79.312,72166.2,1033.359,33.326,1.17,1.17,0,8.48,96.348,5.416,22.429,0,5.428,5.431,NA,14
"5/24/2022 10:57:20 AM",8.106,29.5,50.168,79.319,72174.4,1033.365,33.331,0.64,0.64,0,8.479,96.309,5.415,22.345,0,5.426,5.43,NA,14
"5/24/2022 10:57:20 AM",8.377,29.5,50.17,79.322,72176.4,1033.368,33.332,0.281,0.281,0,8.479,96.282,5.416,20.136,0,5.427,5.431,NA,14
"5/24/2022 10:57:21 AM",8.567,29.499,50.175,79.328,72183.7,1033.373,33.337,0,0,0,8.479,96.4,5.424,18.606,0,5.435,5.438,NA,14
"5/24/2022 10:57:21 AM",8.768,29.497,50.181,79.334,72191,1033.379,33.342,0.016,0.016,0.248,8.479,96.506,5.43,17.587,0,5.441,5.445,NA,14
"5/24/2022 10:57:21 AM",8.961,29.493,50.183,79.33,72194.1,1033.383,33.345,0.398,0.398,0.146,8.479,96.53,5.432,17.077,0,5.443,5.447,NA,14
"5/24/2022 10:57:21 AM",9.156,29.489,50.186,79.329,72198.9,1033.387,33.349,0.647,0.647,0.379,8.478,96.602,5.436,16.822,0,5.447,5.451,NA,14
"5/24/2022 10:57:22 AM",9.445,29.487,50.192,79.334,72206.1,1033.394,33.353,0.367,0.367,0.903,8.479,96.636,5.438,16.737,0,5.45,5.453,NA,14
"5/24/2022 10:57:22 AM",9.632,29.486,50.195,79.338,72210.7,1033.397,33.356,0,0,0.583,8.48,96.806,5.447,16.822,0,5.458,5.461,NA,14
"5/24/2022 10:57:22 AM",9.818,29.486,50.199,79.342,72215.1,1033.401,33.359,0,0,0.786,8.479,96.898,5.451,16.737,0,5.462,5.465,NA,14
"5/24/2022 10:57:22 AM",10.008,29.48,50.205,79.342,72223.4,1033.408,33.366,1.186,1.186,0,8.478,96.899,5.448,16.652,0,5.459,5.462,NA,14
"5/24/2022 10:57:22 AM",10.281,29.474,50.21,79.34,72230.6,1033.415,33.372,0.226,0.226,0,8.478,97.039,5.454,16.737,0,5.465,5.469,NA,14
"5/24/2022 10:57:23 AM",10.468,29.47,50.213,79.338,72234.7,1033.42,33.375,0,0,1.428,8.478,97.067,5.456,16.652,0,5.467,5.47,NA,14
"5/24/2022 10:57:23 AM",10.658,29.464,50.223,79.345,72248.9,1033.431,33.385,0.008,0.008,1.136,8.478,97.177,5.462,16.312,0,5.473,5.477,NA,14
"5/24/2022 10:57:23 AM",10.866,29.461,50.227,79.345,72254,1033.435,33.389,0.055,0.055,0,8.479,97.16,5.461,15.718,0,5.472,5.476,NA,14
"5/24/2022 10:57:23 AM",11.054,29.458,50.223,79.336,72249.8,1033.434,33.387,0.156,0.156,0.816,8.479,97.273,5.468,16.312,0,5.48,5.483,NA,14
"5/24/2022 10:57:23 AM",11.33,29.452,50.232,79.34,72262,1033.445,33.396,0.39,0.39,0.961,8.48,97.202,5.465,18.861,0,5.476,5.479,NA,14
"5/24/2022 10:57:24 AM",11.469,29.446,50.237,79.338,72268.6,1033.451,33.402,2.122,2.122,4.887,8.481,97.265,5.468,27.867,0,5.479,5.482,NA,14
"5/24/2022 10:57:24 AM",11.558,29.434,50.245,79.331,72280.7,1033.462,33.413,1.326,1.326,3.032,8.482,97.184,5.462,88.529,0,5.473,5.477,NA,14
"5/24/2022 10:57:24 AM",11.553,29.427,50.242,79.316,72277,1033.462,33.413,0.491,0.491,1.049,8.482,97.5,5.479,235.34,0,5.49,5.493,NA,14
"5/24/2022 10:57:24 AM",11.447,29.428,50.24,79.315,72273.9,1033.459,33.41,0.117,0.117,0.189,8.481,97.257,5.464,307.896,0,5.475,5.478,NA,14
"5/24/2022 10:57:24 AM",11.372,29.433,50.242,79.325,72276.2,1033.459,33.41,0.07,0.07,0.073,8.482,97.104,5.453,335.508,0,5.464,5.467,NA,14
"5/24/2022 10:57:25 AM",11.299,29.435,50.243,79.328,72276.8,1033.458,33.41,0.07,0.07,0.073,8.481,97.066,5.449,278.415,0,5.46,5.463,NA,14
"5/24/2022 10:57:25 AM",11.223,29.437,50.237,79.323,72269,1033.453,33.405,0.055,0.055,0.058,8.481,97.105,5.45,223.19,0,5.461,5.464,NA,14
"5/24/2022 10:57:25 AM",11.146,29.437,50.238,79.326,72270.8,1033.453,33.406,0.07,0.07,0.058,8.482,97.331,5.462,197.617,0,5.473,5.476,NA,14
"5/24/2022 10:57:25 AM",10.978,29.439,50.239,79.329,72271.6,1033.453,33.406,0.07,0.07,0.058,8.484,97.377,5.464,225.23,0,5.475,5.478,NA,14
"5/24/2022 10:57:25 AM",10.83,29.44,50.24,79.332,72272.9,1033.453,33.407,0.078,0.078,0.029,8.484,97.366,5.462,268.984,0,5.473,5.477,NA,14
"5/24/2022 10:57:26 AM",10.654,29.441,50.243,79.338,72275.7,1033.453,33.408,0.07,0.07,0.044,8.484,97.214,5.453,304.158,0,5.464,5.467,NA,14
"5/24/2022 10:57:26 AM",10.48,29.444,50.244,79.343,72277,1033.453,33.408,0.055,0.055,0.029,8.485,97.332,5.461,312.399,0,5.472,5.475,NA,14
"5/24/2022 10:57:26 AM",10.317,29.448,50.239,79.343,72270.2,1033.447,33.403,0.039,0.039,0.044,8.486,97.337,5.461,297.616,0,5.472,5.475,NA,14
"5/24/2022 10:57:26 AM",10.128,29.453,50.237,79.346,72266.6,1033.443,33.399,0.055,0.055,0.058,8.488,97.551,5.473,271.788,0,5.484,5.487,NA,14
"5/24/2022 10:57:26 AM",10.023,29.453,50.238,79.348,72268.5,1033.443,33.401,0.062,0.062,0.073,8.488,97.63,5.478,262.017,0,5.489,5.493,NA,14
"5/24/2022 10:57:27 AM",9.89,29.453,50.241,79.353,72272.1,1033.445,33.403,0.055,0.055,0.073,8.489,97.572,5.475,252.417,0,5.486,5.489,NA,14
"5/24/2022 10:57:27 AM",9.73,29.456,50.243,79.359,72273.3,1033.444,33.403,0.07,0.07,0.058,8.489,97.837,5.489,248.594,0,5.501,5.504,NA,14
"5/24/2022 10:57:27 AM",9.571,29.463,50.239,79.363,72268.1,1033.439,33.398,0.055,0.055,0.058,8.49,97.803,5.488,257.005,0,5.499,5.502,NA,14
"5/24/2022 10:57:27 AM",9.344,29.465,50.239,79.366,72267.2,1033.436,33.397,0.055,0.055,0.015,8.491,97.871,5.491,355.049,0,5.502,5.505,NA,14
"5/24/2022 10:57:27 AM",9.236,29.468,50.236,79.366,72263.1,1033.433,33.393,0.047,0.047,0.058,8.491,97.956,5.495,356.578,0,5.506,5.509,NA,14
"5/24/2022 10:57:28 AM",9.16,29.473,50.235,79.372,72261.5,1033.43,33.391,0.055,0.055,0.044,8.491,97.838,5.488,315.542,0,5.499,5.503,NA,14
"5/24/2022 10:57:28 AM",9.093,29.476,50.234,79.376,72259.8,1033.428,33.389,0.062,0.062,0.029,8.491,97.879,5.49,260.063,0,5.501,5.504,NA,14
"5/24/2022 10:57:28 AM",8.974,29.479,50.237,79.384,72263.8,1033.429,33.391,0.078,0.078,0.073,8.491,97.824,5.486,223.106,0,5.497,5.501,NA,14
"5/24/2022 10:57:28 AM",8.935,29.48,50.234,79.38,72259,1033.426,33.388,0.055,0.055,0.029,8.49,97.956,5.493,218.263,0,5.504,5.508,NA,14
"5/24/2022 10:57:28 AM",8.932,29.478,50.236,79.381,72261.5,1033.427,33.39,0.07,0.07,0.029,8.492,98.03,5.497,241.032,0,5.508,5.511,NA,14
"5/24/2022 10:57:29 AM",8.944,29.478,50.239,79.385,72265.7,1033.43,33.392,0.047,0.047,0.029,8.491,97.899,5.489,287.505,0,5.5,5.503,NA,14
"5/24/2022 10:57:29 AM",8.963,29.478,50.244,79.392,72272.5,1033.435,33.396,0.047,0.047,0.058,8.493,97.814,5.484,291.668,0,5.495,5.498,NA,14
"5/24/2022 10:57:29 AM",8.975,29.478,50.249,79.4,72278.3,1033.438,33.4,0.039,0.039,0.058,8.494,97.834,5.484,290.224,0,5.495,5.498,NA,14
"5/24/2022 10:57:29 AM",8.975,29.48,50.248,79.402,72277.3,1033.437,33.399,0.039,0.039,0.044,8.494,97.709,5.477,240.098,0,5.488,5.491,NA,14
"5/24/2022 10:57:29 AM",8.956,29.482,50.246,79.4,72273.9,1033.434,33.396,0.047,0.047,0.029,8.495,97.637,5.473,210.531,0,5.484,5.487,NA,14
"5/24/2022 10:57:30 AM",8.925,29.483,50.246,79.401,72273.4,1033.434,33.396,0.047,0.047,0.044,8.494,97.69,5.475,201.611,0,5.486,5.489,NA,14
"5/24/2022 10:57:30 AM",8.828,29.489,50.247,79.411,72274,1033.432,33.394,0.039,0.039,0.029,8.494,97.691,5.475,273.402,0,5.486,5.489,NA,14
"5/24/2022 10:57:30 AM",8.701,29.491,50.247,79.415,72274.6,1033.431,33.394,0.023,0.023,0.015,8.495,97.677,5.474,308.575,0,5.485,5.488,NA,14
"5/24/2022 10:57:30 AM",8.52,29.492,50.249,79.418,72275.8,1033.431,33.395,0.047,0.047,0.029,8.495,97.582,5.468,355.898,0,5.479,5.482,NA,14
"5/24/2022 10:57:30 AM",8.31,29.49,50.254,79.423,72282.1,1033.434,33.399,0.047,0.047,0.058,8.495,97.419,5.459,375.694,0,5.47,5.473,NA,14
"5/24/2022 10:57:31 AM",8.085,29.492,50.249,79.419,72276.1,1033.429,33.395,0.055,0.055,0.044,8.494,97.452,5.46,357.003,0,5.471,5.474,NA,14
"5/24/2022 10:57:31 AM",7.826,29.494,50.247,79.419,72273.8,1033.426,33.393,0.055,0.055,0.073,8.493,97.498,5.462,272.128,0,5.473,5.476,NA,14
"5/24/2022 10:57:31 AM",7.712,29.495,50.245,79.418,72270.3,1033.423,33.391,0.055,0.055,0.058,8.494,97.61,5.469,239.758,0,5.48,5.483,NA,14
"5/24/2022 10:57:31 AM",7.618,29.496,50.247,79.421,72272.3,1033.424,33.392,0.055,0.055,0.029,8.494,97.659,5.472,226.589,0,5.483,5.486,NA,14
"5/24/2022 10:57:32 AM",7.503,29.497,50.25,79.426,72276,1033.426,33.394,0.039,0.039,0.044,8.494,97.699,5.474,249.528,0,5.485,5.489,NA,14
"5/24/2022 10:57:32 AM",7.328,29.499,50.249,79.428,72274.4,1033.423,33.392,0.031,0.031,0.015,8.494,97.61,5.47,310.105,0,5.481,5.484,NA,14
"5/24/2022 10:57:32 AM",7.241,29.499,50.247,79.426,72271.9,1033.421,33.391,0.055,0.055,0.087,8.493,97.588,5.468,310.19,0,5.479,5.483,NA,14
"5/24/2022 10:57:32 AM",7.157,29.5,50.245,79.425,72269.7,1033.419,33.389,0.062,0.062,0.102,8.494,97.65,5.472,273.997,0,5.483,5.486,NA,14
"5/24/2022 10:57:32 AM",7.07,29.5,50.248,79.429,72273.4,1033.421,33.391,0.055,0.055,0.058,8.495,97.648,5.472,257.939,0,5.483,5.486,NA,14
"5/24/2022 10:57:33 AM",6.936,29.5,50.25,79.432,72276.1,1033.422,33.393,0.055,0.055,0.073,8.495,97.67,5.473,219.452,0,5.484,5.487,NA,14
"5/24/2022 10:57:33 AM",6.808,29.501,50.247,79.428,72271.6,1033.419,33.39,0.117,0.117,0.16,8.496,97.686,5.474,193.964,0,5.485,5.488,NA,14
"5/24/2022 10:57:33 AM",6.636,29.501,50.246,79.427,72270.5,1033.418,33.389,0.101,0.101,0.073,8.496,97.472,5.462,190.736,0,5.473,5.476,NA,14
"5/24/2022 10:57:33 AM",6.45,29.503,50.247,79.431,72272,1033.417,33.39,0.062,0.062,0.029,8.497,97.398,5.457,201.78,0,5.468,5.472,NA,14
"5/24/2022 10:57:33 AM",6.269,29.503,50.246,79.429,72269.6,1033.415,33.388,0.031,0.031,0.029,8.498,97.448,5.459,252.247,0,5.47,5.474,NA,14
"5/24/2022 10:57:34 AM",6.052,29.503,50.241,79.422,72263.5,1033.41,33.385,0.047,0.047,0.029,8.499,97.35,5.454,250.293,0,5.465,5.468,NA,14
"5/24/2022 10:57:34 AM",5.92,29.502,50.242,79.422,72265.3,1033.411,33.386,0.047,0.047,0.044,8.499,97.465,5.46,229.223,0,5.471,5.474,NA,14
"5/24/2022 10:57:34 AM",5.791,29.503,50.244,79.426,72267.2,1033.412,33.387,0.047,0.047,0.029,8.499,97.398,5.456,219.027,0,5.467,5.47,NA,14
"5/24/2022 10:57:34 AM",5.669,29.503,50.244,79.427,72267.9,1033.412,33.388,0.062,0.062,0.044,8.497,97.401,5.455,200.251,0,5.466,5.47,NA,14
"5/24/2022 10:57:34 AM",5.562,29.503,50.239,79.42,72261.5,1033.407,33.384,0.047,0.047,0.015,8.497,97.428,5.457,220.132,0,5.468,5.471,NA,14
"5/24/2022 10:57:35 AM",5.363,29.505,50.236,79.419,72257.3,1033.403,33.381,0.039,0.039,0.015,8.497,97.482,5.459,299.315,0,5.47,5.473,NA,14
"5/24/2022 10:57:35 AM",5.219,29.506,50.235,79.418,72255.1,1033.401,33.379,0.094,0.094,0.087,8.498,97.406,5.455,284.447,0,5.466,5.469,NA,14
"5/24/2022 10:57:35 AM",5.094,29.506,50.234,79.417,72254.6,1033.4,33.379,0.062,0.062,0.029,8.497,97.309,5.449,267.71,0,5.46,5.463,NA,14
"5/24/2022 10:57:35 AM",5.007,29.507,50.233,79.416,72252.2,1033.398,33.377,0.047,0.047,0,8.498,97.459,5.457,246.385,0,5.468,5.471,NA,14
"5/24/2022 10:57:35 AM",4.96,29.507,50.234,79.418,72253.8,1033.399,33.378,0.031,0.031,0,8.499,97.439,5.456,272.637,0,5.467,5.47,NA,14
"5/24/2022 10:57:36 AM",4.906,29.506,50.237,79.421,72257.5,1033.401,33.381,0.062,0.062,0.044,8.498,97.521,5.46,317.072,0,5.471,5.474,NA,14
"5/24/2022 10:57:36 AM",4.863,29.507,50.238,79.424,72259.1,1033.402,33.381,0.125,0.125,0.058,8.498,97.487,5.458,339.331,0,5.469,5.473,NA,14
"5/24/2022 10:57:36 AM",4.809,29.508,50.239,79.426,72259.5,1033.402,33.381,0.094,0.094,0.102,8.499,97.537,5.461,308.745,0,5.472,5.475,NA,14
"5/24/2022 10:57:36 AM",4.733,29.51,50.235,79.424,72255.2,1033.398,33.378,0.07,0.07,0.073,8.499,97.451,5.456,260.318,0,5.467,5.471,NA,14
"5/24/2022 10:57:36 AM",4.569,29.512,50.234,79.426,72253.5,1033.396,33.377,0.047,0.047,0.015,8.5,97.377,5.452,265.84,0,5.463,5.466,NA,14
"5/24/2022 10:57:37 AM",4.43,29.511,50.239,79.43,72259.2,1033.399,33.38,0.039,0.039,0.015,8.5,97.302,5.448,294.642,0,5.459,5.462,NA,14
"5/24/2022 10:57:37 AM",4.282,29.511,50.242,79.434,72263.3,1033.401,33.383,0.039,0.039,0.073,8.499,97.451,5.456,248.933,0,5.467,5.47,NA,14
"5/24/2022 10:57:37 AM",4.142,29.511,50.241,79.433,72261.9,1033.4,33.382,0.047,0.047,0.044,8.498,97.273,5.446,224.38,0,5.457,5.46,NA,14
"5/24/2022 10:57:37 AM",3.98,29.511,50.243,79.435,72264.5,1033.401,33.384,0.055,0.055,0,8.498,97.275,5.446,228.543,0,5.457,5.46,NA,14
"5/24/2022 10:57:37 AM",3.724,29.512,50.242,79.436,72262.1,1033.398,33.382,0.047,0.047,0.044,8.499,97.183,5.441,227.778,0,5.452,5.455,NA,14
"5/24/2022 10:57:38 AM",3.598,29.514,50.237,79.432,72256.6,1033.394,33.378,0.039,0.039,0.029,8.5,97.168,5.44,260.828,0,5.451,5.454,NA,14
"5/24/2022 10:57:38 AM",3.474,29.515,50.236,79.431,72254.4,1033.392,33.377,0.047,0.047,0.015,8.501,97.222,5.444,272.382,0,5.454,5.458,NA,14
"5/24/2022 10:57:38 AM",3.309,29.515,50.239,79.436,72259,1033.394,33.38,0.055,0.055,0.058,8.501,97.402,5.454,298.72,0,5.465,5.468,NA,14
"5/24/2022 10:57:38 AM",3.113,29.515,50.237,79.434,72256.2,1033.391,33.378,0.039,0.039,0.073,8.501,97.322,5.45,331.94,0,5.461,5.464,NA,14
"5/24/2022 10:57:38 AM",2.821,29.519,50.232,79.432,72249.3,1033.385,33.373,0.07,0.07,0.058,8.498,97.166,5.442,269.239,0,5.452,5.456,NA,14
"5/24/2022 10:57:39 AM",2.642,29.522,50.227,79.429,72241.9,1033.379,33.367,0.039,0.039,0.029,8.499,97.233,5.445,297.87,0,5.456,5.459,NA,14
"5/24/2022 10:57:39 AM",2.487,29.524,50.231,79.437,72246.6,1033.38,33.37,0.047,0.047,0.015,8.5,97.17,5.442,347.232,0,5.452,5.456,NA,14
"5/24/2022 10:57:39 AM",2.403,29.529,50.231,79.446,72246.3,1033.378,33.368,0.039,0.039,0.044,8.499,96.919,5.427,342.135,0,5.438,5.441,NA,14
"5/24/2022 10:57:39 AM",2.37,29.535,50.231,79.453,72245,1033.376,33.366,0.039,0.039,0.015,8.499,96.991,5.432,378.923,0,5.442,5.446,NA,14
"5/24/2022 10:57:39 AM",2.32,29.543,50.222,79.453,72233,1033.366,33.356,0.047,0.047,0,8.5,96.909,5.428,532.106,0,5.439,5.442,NA,14
"5/24/2022 10:57:40 AM",2.273,29.547,50.205,79.436,72211.8,1033.352,33.342,0.039,0.039,0.044,8.501,96.885,5.427,480.79,0,5.438,5.441,NA,14
"5/24/2022 10:57:40 AM",2.242,29.548,50.204,79.436,72210.6,1033.351,33.341,0.039,0.039,0,8.502,96.753,5.421,523.015,0,5.431,5.435,NA,14
"5/24/2022 10:57:40 AM",2.202,29.55,50.204,79.439,72210.1,1033.35,33.34,0.078,0.078,0.087,8.502,96.864,5.426,587.755,0,5.437,5.441,NA,14
"5/24/2022 10:57:40 AM",2.08,29.552,50.25,79.504,72266.7,1033.383,33.374,0.023,0.023,0,8.503,96.972,5.431,437.12,0,5.442,5.445,NA,14
"5/24/2022 10:57:40 AM",1.995,29.566,50.232,79.5,72242.7,1033.364,33.356,0.023,0.023,0,8.503,96.923,5.429,469.405,0,5.44,5.443,NA,14
"5/24/2022 10:57:41 AM",1.894,29.581,50.226,79.513,72234,1033.354,33.346,0.07,0.07,0.073,8.503,96.989,5.433,547.993,0,5.444,5.447,NA,14
"5/24/2022 10:57:41 AM",1.772,29.597,50.223,79.532,72227,1033.345,33.338,0.039,0.039,0.015,8.502,96.928,5.43,560.228,0,5.441,5.444,NA,14
"5/24/2022 10:57:41 AM",1.628,29.606,50.214,79.532,72214.7,1033.334,33.328,0,0,0,8.501,96.942,5.431,548.333,0,5.442,5.445,NA,14
"5/24/2022 10:57:41 AM",1.373,29.616,50.207,79.539,72205.6,1033.325,33.319,0.07,0.07,0.175,8.501,97.058,5.437,604.152,0,5.448,5.451,NA,14
"5/24/2022 10:57:41 AM",1.23,29.625,50.207,79.55,72203.9,1033.321,33.316,0.008,0.008,0.044,8.503,96.855,5.426,638.986,0,5.437,5.44,NA,14
"5/24/2022 10:57:42 AM",1.095,29.63,50.201,79.55,72195.5,1033.314,33.309,0,0,0,8.502,96.765,5.422,588.095,0,5.433,5.436,NA,14
"5/24/2022 10:57:42 AM",0.975,29.633,50.197,79.549,72190.7,1033.31,33.306,0,0,0,8.501,97.003,5.436,739.154,0,5.447,5.45,NA,14
"5/24/2022 10:57:42 AM",0.841,29.632,50.196,79.546,72189.1,1033.308,33.305,0.047,0.047,0.015,8.501,97.194,5.447,926.576,0,5.458,5.461,NA,14
"5/24/2022 10:57:42 AM",0.771,29.634,50.192,79.542,72183.9,1033.304,33.301,0,0,0,8.501,97.21,5.448,935.667,0,5.459,5.462,NA,14
"5/24/2022 10:57:43 AM",0.674,29.637,50.192,79.547,72183,1033.303,33.3,0,0,0,8.502,97.159,5.445,790.98,0,5.456,5.46,NA,14
"5/24/2022 10:57:43 AM",0.559,29.641,50.216,79.585,72212.7,1033.319,33.317,0,0,0,8.502,97.089,5.44,892.677,0,5.451,5.455,NA,14
"5/24/2022 10:57:43 AM",0.408,29.651,50.199,79.576,72189.9,1033.302,33.3,0.062,0.062,0.102,8.502,97.044,5.439,872.117,0,5.45,5.453,NA,14
"5/24/2022 10:57:43 AM",0.139,29.656,50.163,79.535,72145.2,1033.272,33.272,0,0,0,8.503,96.961,5.435,1143.564,0,5.446,5.449,NA,14
"5/24/2022 10:57:43 AM",0,29.657,50.152,79.521,72130.3,1033.262,33.262,0.078,0.078,0,8.503,96.89,5.431,1232.348,0,5.442,5.445,NA,14
"5/24/2022 10:57:44 AM",0,29.661,50.15,79.525,72128.1,1033.26,33.26,0,0,0,8.504,96.79,5.426,1261.659,0,5.437,5.44,NA,14
"5/24/2022 10:57:44 AM",0,29.665,7.608,14.485,13136.6,1001.42,1.42,183.115,183.115,377.294,8.503,96.659,6.829,1280.86,0,6.849,6.849,NA,14
"5/24/2022 10:57:44 AM",0,29.664,1.245,2.657,2410,996.682,0,436.787,436.787,513.484,8.503,96.576,7.067,1423.423,0,7.088,7.087,NA,14
"5/24/2022 10:57:44 AM",0,29.657,1.053,2.267,2056.5,996.541,0,442.396,442.396,493.827,8.502,96.601,7.078,1491.222,0,7.098,7.098,NA,14
"5/24/2022 10:57:44 AM",0,29.522,0.857,1.857,1688.6,996.434,0,472.912,472.912,905.639,8.498,96.703,7.094,1538.375,0,7.114,7.114,NA,14
"5/24/2022 10:57:45 AM",0,29.302,0.756,1.64,1498.6,996.424,0,267.831,267.831,995.495,8.493,96.645,7.094,1575.672,0,7.114,7.114,NA,14
"5/24/2022 10:57:45 AM",0,29.098,0.679,1.474,1352.4,996.427,0,306.803,306.803,460.861,8.49,96.696,7.101,1649.672,0,7.122,7.121,NA,14
"5/24/2022 10:57:45 AM",0,29.054,0.623,1.357,1245.9,996.398,0,145.944,145.944,29.274,8.482,96.865,7.117,1705.321,0,7.137,7.137,NA,14
"5/24/2022 10:57:45 AM",0,29.013,0.587,1.28,1176,996.383,0,183.224,183.224,0,8.478,96.842,7.117,1718.32,0,7.137,7.137,NA,14
"5/24/2022 10:57:45 AM",0,28.974,0.596,1.297,1192.9,996.401,0,13.605,13.605,0,8.474,96.795,7.113,1697.845,0,7.134,7.134,NA,14
"5/24/2022 10:57:46 AM",0,28.902,0.563,1.227,1129.7,996.398,0,0,0,0,8.47,96.772,7.112,1694.871,0,7.133,7.133,NA,14
"5/24/2022 10:57:46 AM",0,28.927,0.511,1.119,1030.3,996.352,0,0,0,0,8.462,96.925,7.127,1669.808,0,7.147,7.147,NA,14
"5/24/2022 10:57:46 AM",0,28.715,0.493,1.075,994,996.4,0,52.951,52.951,0,8.457,96.731,7.113,1689.009,0,7.134,7.133,NA,14
"5/24/2022 10:57:46 AM",0,28.986,0.475,1.044,959.8,996.307,0,0,0,0,8.451,96.883,7.125,1694.361,0,7.146,7.146,NA,14
"5/24/2022 10:57:46 AM",0,29.38,0.655,1.431,1305.6,996.325,0,0,0,0,8.444,96.765,7.11,1733.613,0,7.13,7.13,NA,14
"5/24/2022 10:57:47 AM",0,29.742,0.584,1.292,1169.6,996.164,0,0,0,12.38,8.438,96.827,7.117,1781.191,0,7.138,7.138,NA,14
"5/24/2022 10:57:47 AM",0,30.042,0.578,1.286,1157.6,996.069,0,42.147,42.147,0,8.43,96.786,7.115,1758.846,0,7.135,7.135,NA,14
"5/24/2022 10:57:47 AM",0,30.094,0.642,1.425,1281.3,996.102,0,209.957,209.957,8.093,8.426,96.721,7.108,1726.731,0,7.128,7.128,NA,14
"5/24/2022 10:57:47 AM",0,30.115,0.546,1.218,1095.2,996.023,0,295.695,295.695,0.204,8.422,96.76,7.115,1742.449,0,7.135,7.135,NA,14
"5/24/2022 10:57:47 AM",0,30.049,0.503,1.125,1012.7,996.011,0,71.119,71.119,0,8.417,96.792,7.119,1770.911,0,7.14,7.14,NA,14
"5/24/2022 10:57:48 AM",0,29.807,0.495,1.102,996.9,996.078,0,40.657,40.657,40.727,8.407,96.902,7.129,1801.496,0,7.149,7.149,NA,14
"5/24/2022 10:57:48 AM",0,29.656,0.521,1.155,1047.3,996.143,0,11.881,11.881,0,8.403,96.918,7.135,1844.146,0,7.155,7.155,NA,14
"5/24/2022 10:57:48 AM",0,29.557,0.484,1.074,976,996.145,0,36.718,36.718,0,8.398,97.069,7.151,1800.647,0,7.172,7.172,NA,14
"5/24/2022 10:57:48 AM",0,29.479,0.473,1.05,955.9,996.16,0,471.095,471.095,81.33,8.393,96.948,7.146,1675.5,0,7.166,7.166,NA,14
"5/24/2022 10:57:48 AM",0,29.375,0.481,1.063,969.7,996.196,0,135.335,135.335,15.915,8.385,97.057,7.156,1710.929,0,7.177,7.177,NA,14
"5/24/2022 10:57:49 AM",0,29.302,0.457,1.012,924.1,996.201,0,37.506,37.506,1.005,8.378,97.01,7.155,1722.058,0,7.175,7.175,NA,14
"5/24/2022 10:57:49 AM",0,29.208,0.442,0.977,894.5,996.217,0,10.001,10.001,0,8.367,97.054,7.159,1631.916,0,7.18,7.18,NA,14
"5/24/2022 10:57:49 AM",0,29.131,0.437,0.966,885.6,996.236,0,0.289,0.289,0,8.356,97.281,7.177,1395.896,0,7.197,7.197,NA,14
"5/24/2022 10:57:49 AM",0,29.071,0.475,1.044,958.4,996.282,0,0.031,0.031,0,8.347,97.305,7.178,1102.784,0,7.198,7.198,NA,14
"5/24/2022 10:57:49 AM",0,29.028,1.119,2.373,2179.8,996.777,0,0.772,0.772,0,8.332,97.201,7.146,933.798,0,7.166,7.166,NA,14
"5/24/2022 10:57:50 AM",0,29.056,0.767,1.655,1519.7,996.505,0,0.047,0.047,0,8.322,97.216,7.161,1016.209,0,7.182,7.182,NA,14
"5/24/2022 10:57:50 AM",0,28.985,0.563,1.228,1129.2,996.373,0,0,0,0,8.314,97.31,7.176,1167.778,0,7.197,7.197,NA,14
"5/24/2022 10:57:50 AM",0,28.821,0.484,1.06,977.5,996.362,0,0,0,2.624,8.304,97.269,7.177,1216.035,0,7.198,7.197,NA,14
"5/24/2022 10:57:50 AM",0,28.578,0.436,0.953,883.5,996.397,0,3.222,3.222,0,8.289,97.132,7.169,442.303,0,7.19,7.19,NA,14
"5/24/2022 10:57:50 AM",0,28.457,0.425,0.928,862.6,996.424,0,0.491,0.491,1.355,8.278,97.115,7.168,959.031,0,7.189,7.189,NA,14
"5/24/2022 10:57:51 AM",0,28.335,0.418,0.91,847.8,996.453,0,0,0,3.061,8.263,97.074,7.166,1373.467,0,7.186,7.186,NA,14
"5/24/2022 10:57:51 AM",0,28.272,0.386,0.842,785.8,996.448,0,0,0,1.428,8.249,97.032,7.164,1515.775,0,7.185,7.185,NA,14
"5/24/2022 10:57:51 AM",0,28.265,0.368,0.804,750.2,996.436,0,0,0,0,8.238,97.123,7.172,1498.273,0,7.192,7.192,NA,14
"5/24/2022 10:57:51 AM",0,31.354,1.848,3.986,3497.1,996.611,0,0,0,0,8.317,97.208,7.122,1383.832,0,7.142,7.142,NA,14
"5/24/2022 10:57:51 AM",0,32.374,1.832,4.03,3467.4,996.273,0,0.289,0.289,5.809,8.412,97.092,7.114,1598.271,0,7.135,7.135,NA,14
"5/24/2022 10:57:52 AM",0,32.647,1.755,3.887,3327.5,996.127,0,5.242,5.242,7.14,8.502,97.146,7.122,1667.344,0,7.143,7.142,NA,14
"5/24/2022 10:57:52 AM",0,32.732,1.717,3.815,3260.1,996.071,0,3.066,3.066,8.84,8.563,97.012,7.114,1691.303,0,7.135,7.135,NA,14
"5/24/2022 10:57:52 AM",0,32.751,1.631,3.635,3105.5,996.001,0,2.059,2.059,9.163,8.604,97.152,7.128,1703.537,0,7.148,7.148,NA,14
"5/24/2022 10:57:52 AM",0,32.762,1.68,3.739,3193.3,996.033,0,1.482,1.482,9.838,8.65,97.199,7.13,1730.894,0,7.15,7.15,NA,14
"5/24/2022 10:57:53 AM",0,32.752,1.568,3.502,2992,995.954,0,1.958,1.958,10.234,8.679,97.077,7.125,1747.462,0,7.146,7.145,NA,14
"5/24/2022 10:57:53 AM",0,32.743,1.554,3.473,2967.2,995.946,0,1.958,1.958,9.809,8.7,97.147,7.131,1748.651,0,7.151,7.151,NA,14
"5/24/2022 10:57:53 AM",0,32.742,1.571,3.508,2997.4,995.959,0,1.771,1.771,9.486,8.715,97.045,7.123,1737.266,0,7.144,7.143,NA,14
"5/24/2022 10:57:53 AM",0,32.728,1.481,3.317,2835.4,995.897,0,1.693,1.693,9.28,8.734,97.159,7.135,1718.49,0,7.155,7.155,NA,14
"5/24/2022 10:57:53 AM",0,32.72,1.466,3.285,2808.1,995.889,0,1.896,1.896,9.354,8.745,97.077,7.129,1721.294,0,7.15,7.149,NA,14
"5/24/2022 10:57:54 AM",0,32.715,1.497,3.351,2864.4,995.913,0,1.911,1.911,8.87,8.755,97.147,7.133,1723.758,0,7.154,7.153,NA,14
"5/24/2022 10:57:54 AM",0,32.719,1.366,3.071,2625.4,995.814,0,1.467,1.467,8.459,8.762,97.159,7.139,1726.731,0,7.16,7.16,NA,14
"5/24/2022 10:57:54 AM",0,32.721,1.366,3.073,2626.7,995.814,0,1.864,1.864,9.075,8.767,97.173,7.14,1719.085,0,7.16,7.16,NA,14
"5/24/2022 10:57:54 AM",0,32.721,1.37,3.08,2632.5,995.816,0,2.013,2.013,8.401,8.771,97.088,7.134,1701.838,0,7.154,7.154,NA,14
"5/24/2022 10:57:54 AM",0,32.722,1.348,3.034,2593.7,995.8,0,1.864,1.864,8.972,8.774,97.092,7.135,1678.304,0,7.155,7.155,NA,14
"5/24/2022 10:57:55 AM",0,32.719,1.359,3.058,2614,995.809,0,2.067,2.067,8.943,8.777,97.074,7.133,1667.769,0,7.153,7.153,NA,14
"5/24/2022 10:57:55 AM",0,32.715,1.351,3.04,2598.7,995.805,0,1.935,1.935,9.339,8.781,97.14,7.138,1682.212,0,7.159,7.159,NA,14
"5/24/2022 10:57:55 AM",0,32.71,1.342,3.021,2582.7,995.8,0,1.584,1.584,8.401,8.783,97.235,7.145,1717.81,0,7.166,7.166,NA,14
"5/24/2022 10:57:55 AM",0,32.702,1.35,3.037,2597.1,995.808,0,1.638,1.638,8.489,8.785,97.198,7.142,1731.574,0,7.163,7.163,NA,14
"5/24/2022 10:57:55 AM",0,32.693,1.35,3.036,2596.4,995.811,0,1.779,1.779,8.386,8.789,97.189,7.142,1738.966,0,7.162,7.162,NA,14
"5/24/2022 10:57:56 AM",0,32.69,1.32,2.971,2541.3,995.789,0,2.02,2.02,8.503,8.789,97.295,7.151,1751.625,0,7.171,7.171,NA,14
"5/24/2022 10:57:56 AM",0,32.689,1.348,3.032,2593.5,995.811,0,1.779,1.779,9.236,8.789,97.329,7.152,1769.211,0,7.172,7.172,NA,14
"5/24/2022 10:57:56 AM",0,32.688,1.26,2.844,2432.5,995.746,0,1.825,1.825,8.283,8.789,97.399,7.16,1802.346,0,7.181,7.181,NA,14
"5/24/2022 10:57:56 AM",0,32.69,1.285,2.898,2478.6,995.764,0,2.036,2.036,8.796,8.79,97.299,7.152,1818.998,0,7.172,7.172,NA,14
"5/24/2022 10:57:56 AM",0,32.691,1.267,2.86,2445.9,995.75,0,2.278,2.278,8.708,8.791,97.416,7.161,1833.781,0,7.182,7.182,NA,14
"5/24/2022 10:57:57 AM",0,32.688,1.268,2.861,2446.9,995.752,0,1.911,1.911,9.046,8.791,97.333,7.155,1843.297,0,7.175,7.175,NA,14
"5/24/2022 10:57:57 AM",0,32.687,1.292,2.913,2491.7,995.77,0,1.545,1.545,9.31,8.792,97.394,7.158,1858.25,0,7.179,7.179,NA,14
"5/24/2022 10:57:57 AM",0,32.682,1.285,2.897,2478.1,995.766,0,1.802,1.802,9.794,8.793,97.393,7.158,1865.301,0,7.179,7.179,NA,14
"5/24/2022 10:57:57 AM",0,32.677,1.285,2.896,2477.6,995.768,0,1.927,1.927,8.65,8.793,97.303,7.152,1873.458,0,7.172,7.172,NA,14
"5/24/2022 10:57:57 AM",0,32.676,1.284,2.895,2476.9,995.768,0,2.215,2.215,9.325,8.793,97.394,7.159,1879.235,0,7.179,7.179,NA,14
"5/24/2022 10:57:58 AM",0,32.673,1.275,2.874,2459.3,995.761,0,1.716,1.716,9.369,8.794,97.41,7.16,1880.424,0,7.181,7.181,NA,14
"5/24/2022 10:57:58 AM",0,32.671,1.297,2.922,2499.7,995.779,0,1.794,1.794,9.28,8.794,97.461,7.163,1877.196,0,7.183,7.183,NA,14
"5/24/2022 10:57:58 AM",0,32.671,1.297,2.922,2500.5,995.779,0,1.911,1.911,8.577,8.794,97.406,7.159,1873.712,0,7.179,7.179,NA,14
"5/24/2022 10:57:58 AM",0,32.669,1.306,2.942,2517.3,995.786,0,2.083,2.083,8.723,8.793,97.588,7.171,1868.19,0,7.192,7.192,NA,14
"5/24/2022 10:57:58 AM",0,32.666,1.316,2.962,2534.9,995.794,0,1.888,1.888,9.442,8.792,97.559,7.169,1861.053,0,7.19,7.19,NA,14
"5/24/2022 10:57:59 AM",0,32.665,1.315,2.96,2533.2,995.794,0,2.044,2.044,9.09,8.791,97.57,7.169,1848.904,0,7.19,7.19,NA,14
"5/24/2022 10:57:59 AM",0,32.662,1.303,2.934,2510.5,995.786,0,2.161,2.161,8.533,8.791,97.622,7.174,1840.663,0,7.194,7.194,NA,14
"5/24/2022 10:57:59 AM",0,32.66,1.29,2.907,2487.4,995.777,0,1.927,1.927,9.236,8.79,97.541,7.168,1834.801,0,7.189,7.189,NA,14
"5/24/2022 10:57:59 AM",0,32.659,1.297,2.922,2500.3,995.783,0,1.825,1.825,9.06,8.791,97.593,7.171,1830.043,0,7.192,7.192,NA,14
"5/24/2022 10:57:59 AM",0,32.655,1.274,2.872,2457.9,995.767,0,2.098,2.098,9.295,8.791,97.561,7.17,1825.88,0,7.19,7.19,NA,14
"5/24/2022 10:58:00 AM",0,32.652,1.284,2.893,2476.4,995.775,0,2.301,2.301,9.28,8.791,97.571,7.17,1825.88,0,7.191,7.191,NA,14
"5/24/2022 10:58:00 AM",0,32.649,1.285,2.895,2477.9,995.777,0,2.278,2.278,8.445,8.79,97.531,7.167,1827.239,0,7.187,7.187,NA,14
"5/24/2022 10:58:00 AM",0,32.645,1.286,2.898,2480.7,995.779,0,1.974,1.974,8.84,8.791,97.572,7.169,1830.893,0,7.19,7.19,NA,14
"5/24/2022 10:58:00 AM",0,32.646,1.289,2.903,2484.7,995.78,0,2.176,2.176,9.457,8.791,97.665,7.176,1837.095,0,7.197,7.197,NA,14
"5/24/2022 10:58:00 AM",0,32.647,1.276,2.876,2462.1,995.771,0,1.662,1.662,8.958,8.79,97.768,7.184,1849.839,0,7.205,7.205,NA,14
"5/24/2022 10:58:01 AM",0,32.645,1.272,2.866,2453.6,995.768,0,1.669,1.669,8.694,8.788,97.732,7.182,1856.89,0,7.202,7.202,NA,14
"5/24/2022 10:58:01 AM",0,32.643,1.274,2.871,2458.1,995.771,0,1.911,1.911,9.926,8.786,97.684,7.178,1865.556,0,7.198,7.198,NA,14
"5/24/2022 10:58:01 AM",0,32.64,1.257,2.835,2427.3,995.759,0,1.732,1.732,9.339,8.785,97.717,7.181,1873.458,0,7.201,7.201,NA,14
"5/24/2022 10:58:01 AM",0,32.628,1.247,2.814,2409.4,995.756,0,1.88,1.88,8.972,8.785,97.823,7.189,1881.444,0,7.209,7.209,NA,14
"5/24/2022 10:58:01 AM",0,32.622,1.254,2.827,2421.3,995.762,0,1.763,1.763,8.782,8.783,97.909,7.195,1890.535,0,7.215,7.215,NA,14
"5/24/2022 10:58:02 AM",0,32.615,1.247,2.812,2408.1,995.759,0,1.724,1.724,9.09,8.782,97.828,7.189,1893.508,0,7.209,7.209,NA,14
"5/24/2022 10:58:02 AM",0,32.613,1.252,2.823,2418.1,995.764,0,1.81,1.81,9.104,8.781,97.815,7.187,1893.933,0,7.208,7.208,NA,14
"5/24/2022 10:58:02 AM",0,32.613,1.253,2.825,2420,995.765,0,1.802,1.802,8.899,8.779,97.879,7.192,1893.678,0,7.213,7.213,NA,14
"5/24/2022 10:58:02 AM",0,32.612,1.247,2.812,2408.9,995.761,0,1.443,1.443,8.342,8.778,97.966,7.198,1888.581,0,7.219,7.219,NA,14
"5/24/2022 10:58:03 AM",0,32.612,1.251,2.82,2415.2,995.763,0,1.654,1.654,9.545,8.777,97.896,7.193,1882.039,0,7.213,7.213,NA,14
"5/24/2022 10:58:03 AM",0,32.6,1.249,2.817,2413.2,995.766,0,1.591,1.591,8.723,8.777,97.959,7.197,1876.771,0,7.218,7.218,NA,14
"5/24/2022 10:58:03 AM",0,32.59,1.24,2.797,2396.4,995.763,0,1.56,1.56,9.046,8.777,98.106,7.208,1870.229,0,7.229,7.229,NA,14
"5/24/2022 10:58:03 AM",0,32.582,1.245,2.805,2404.3,995.769,0,1.88,1.88,9.325,8.776,98.009,7.201,1863.942,0,7.221,7.221,NA,14
"5/24/2022 10:58:03 AM",0,32.604,1.228,2.77,2373.1,995.749,0,1.677,1.677,8.899,8.775,98.015,7.202,1856.126,0,7.222,7.222,NA,14
"5/24/2022 10:58:04 AM",0,32.609,1.211,2.734,2341.7,995.734,0,1.794,1.794,9.603,8.776,98.046,7.204,1851.623,0,7.225,7.225,NA,14
"5/24/2022 10:58:04 AM",0,32.619,1.209,2.732,2339.8,995.73,0,1.724,1.724,9.075,8.775,98.016,7.202,1849.754,0,7.223,7.222,NA,14
"5/24/2022 10:58:04 AM",0,32.624,1.194,2.7,2311.8,995.717,0,1.825,1.825,8.327,8.774,98.117,7.21,1851.198,0,7.231,7.231,NA,14
"5/24/2022 10:58:04 AM",0,32.617,1.167,2.641,2261.8,995.7,0,2.067,2.067,8.239,8.773,98.029,7.204,1854.257,0,7.225,7.225,NA,14
"5/24/2022 11:03:00 AM",0.231,29.595,49.737,78.861,71620.7,1032.972,32.971,0.14,0.14,0.146,8.063,96.571,5.287,1216.29,0,5.295,5.298,NA,14
"5/24/2022 11:03:00 AM",0.273,29.591,49.727,78.841,71608.3,1032.965,32.964,0.211,0.211,0.175,8.087,96.539,5.285,1154.015,0,5.294,5.296,NA,14
"5/24/2022 11:03:00 AM",0.308,29.585,49.754,78.87,71642.3,1032.988,32.986,0.148,0.148,0.291,8.11,96.649,5.291,1011.791,0,5.299,5.302,NA,14
"5/24/2022 11:03:01 AM",0.335,29.579,49.771,78.885,71665.3,1033.003,33.002,0.117,0.117,0.218,8.139,96.588,5.287,1063.532,0,5.296,5.299,NA,14
"5/24/2022 11:03:01 AM",0.334,29.572,49.82,78.941,71726.2,1033.042,33.041,0.031,0.031,0.015,8.155,96.48,5.28,1262.339,0,5.288,5.291,NA,14
"5/24/2022 11:03:01 AM",0.316,29.564,49.816,78.924,71722.7,1033.043,33.041,0.031,0.031,0.044,8.165,96.306,5.271,1082.648,0,5.279,5.282,NA,14
"5/24/2022 11:03:01 AM",0.292,29.568,49.798,78.905,71699.7,1033.027,33.026,0.039,0.039,0.087,8.173,96.393,5.276,1188.084,0,5.285,5.288,NA,14
"5/24/2022 11:03:01 AM",0.278,29.584,49.811,78.946,71713.5,1033.031,33.03,0.117,0.117,0.175,8.182,96.4,5.276,1556.981,0,5.285,5.288,NA,14
"5/24/2022 11:03:02 AM",0.268,29.576,49.789,78.905,71687.7,1033.018,33.017,0.109,0.109,0.189,8.194,96.186,5.266,1278.566,0,5.274,5.277,NA,14
"5/24/2022 11:03:02 AM",0.294,29.573,49.744,78.838,71631.7,1032.985,32.984,0.07,0.07,0.16,8.204,96.151,5.265,1301.59,0,5.273,5.276,NA,14
"5/24/2022 11:03:02 AM",0.344,29.563,49.733,78.808,71618.9,1032.98,32.979,0.016,0.016,0,8.212,96.032,5.258,1348.319,0,5.267,5.27,NA,14
"5/24/2022 11:03:02 AM",0.396,29.556,49.732,78.798,71619.5,1032.983,32.981,0.008,0.008,0.044,8.222,96.098,5.263,1439.141,0,5.271,5.274,NA,14
"5/24/2022 11:03:02 AM",0.53,29.551,49.722,78.775,71606.6,1032.977,32.975,0.078,0.078,0.189,8.237,95.938,5.255,1336.679,0,5.263,5.266,NA,14
"5/24/2022 11:03:03 AM",0.673,29.542,49.705,78.741,71586.7,1032.968,32.965,0.257,0.257,0.422,8.248,95.841,5.25,911.453,0,5.259,5.262,NA,14
"5/24/2022 11:03:03 AM",0.841,29.535,49.732,78.767,71621.2,1032.991,32.988,0.094,0.094,0.073,8.257,95.867,5.251,1175.255,0,5.259,5.262,NA,14
"5/24/2022 11:03:03 AM",1.024,29.553,49.729,78.789,71615.2,1032.983,32.979,0.094,0.094,0.102,8.267,95.886,5.252,1100.829,0,5.261,5.264,NA,14
"5/24/2022 11:03:03 AM",1.177,29.561,49.75,78.83,71641.2,1032.997,32.992,0.195,0.195,0.393,8.276,95.683,5.241,1011.621,0,5.25,5.252,NA,14
"5/24/2022 11:03:04 AM",1.253,29.602,49.763,78.906,71652.6,1032.993,32.988,0.07,0.07,0.131,8.286,95.783,5.246,1073.132,0,5.255,5.258,NA,14
"5/24/2022 11:03:04 AM",1.243,29.611,49.745,78.895,71629.1,1032.976,32.971,0.055,0.055,0.073,8.29,95.67,5.241,1171.092,0,5.25,5.253,NA,14
"5/24/2022 11:03:04 AM",1.199,29.617,49.73,78.883,71609.4,1032.962,32.957,0.008,0.008,0.073,8.294,95.489,5.232,1060.218,0,5.24,5.243,NA,14
"5/24/2022 11:03:04 AM",1.165,29.617,49.748,78.908,71632.1,1032.976,32.971,0.07,0.07,0.233,8.298,95.476,5.231,1129.886,0,5.239,5.242,NA,14
"5/24/2022 11:03:04 AM",1.154,29.613,49.771,78.934,71660.9,1032.995,32.99,0,0,0,8.301,95.547,5.235,1081.374,0,5.243,5.246,NA,14
"5/24/2022 11:03:05 AM",1.13,29.618,49.779,78.952,71670.6,1032.999,32.994,0.125,0.125,0.262,8.306,95.482,5.231,1147.303,0,5.24,5.243,NA,14
"5/24/2022 11:03:05 AM",1.116,29.623,49.776,78.956,71666.5,1032.995,32.99,0.078,0.078,0.204,8.307,95.386,5.226,1026.914,0,5.235,5.238,NA,14
"5/24/2022 11:03:05 AM",1.123,29.623,49.787,78.97,71679.5,1033.003,32.998,0.094,0.094,0.102,8.307,95.361,5.225,1055.206,0,5.233,5.236,NA,14
"5/24/2022 11:03:05 AM",1.137,29.624,49.782,78.965,71674,1032.999,32.994,0.078,0.078,0.087,8.306,95.361,5.226,1104.398,0,5.234,5.237,NA,14
"5/24/2022 11:03:05 AM",1.182,29.631,49.768,78.956,71654.9,1032.986,32.981,0.031,0.031,0.029,8.306,95.154,5.215,1218.075,0,5.223,5.226,NA,14
"5/24/2022 11:03:06 AM",1.218,29.632,49.77,78.959,71656.9,1032.987,32.982,0.172,0.172,0.466,8.307,95.092,5.212,1033.626,0,5.22,5.223,NA,14
"5/24/2022 11:03:06 AM",1.262,29.629,49.775,78.962,71664.2,1032.993,32.987,0.031,0.031,0.087,8.308,95.116,5.214,952.319,0,5.222,5.225,NA,14
"5/24/2022 11:03:06 AM",1.311,29.6,49.78,78.927,71673.8,1033.007,33.001,0,0,0,8.309,95.172,5.217,1338.378,0,5.225,5.228,NA,14
"5/24/2022 11:03:06 AM",1.389,29.542,49.768,78.828,71666.4,1033.019,33.013,0.07,0.07,0.102,8.311,95.113,5.214,910.604,0,5.223,5.226,NA,14
"5/24/2022 11:03:06 AM",1.427,29.53,49.79,78.839,71694.6,1033.039,33.033,0.055,0.055,0.102,8.313,95.011,5.209,1087.576,0,5.217,5.22,NA,14
"5/24/2022 11:03:07 AM",1.46,29.53,49.794,78.846,71700.4,1033.043,33.037,0.055,0.055,0.131,8.315,95.118,5.215,833.46,0,5.223,5.226,NA,14
"5/24/2022 11:03:07 AM",1.484,29.53,49.801,78.855,71708.7,1033.048,33.042,0.016,0.016,0.073,8.315,95.211,5.22,902.277,0,5.228,5.231,NA,14
"5/24/2022 11:03:07 AM",1.497,29.526,49.823,78.88,71736.6,1033.066,33.06,0.055,0.055,0.073,8.315,95.033,5.21,1071.773,0,5.218,5.221,NA,14
"5/24/2022 11:03:07 AM",1.483,29.548,49.812,78.895,71719.9,1033.05,33.044,0.055,0.055,0.029,8.314,94.973,5.207,890.808,0,5.216,5.219,NA,14
"5/24/2022 11:03:07 AM",1.448,29.554,49.791,78.875,71692.7,1033.032,33.026,0.047,0.047,0.058,8.314,94.949,5.207,937.706,0,5.216,5.218,NA,14
"5/24/2022 11:03:08 AM",1.394,29.562,49.775,78.866,71672.6,1033.017,33.011,0.039,0.039,0,8.315,94.88,5.204,956.907,0,5.213,5.216,NA,14
"5/24/2022 11:03:08 AM",1.326,29.566,49.777,78.873,71673.7,1033.016,33.011,0.094,0.094,0.175,8.315,94.861,5.204,1183.496,0,5.212,5.215,NA,14
"5/24/2022 11:03:08 AM",1.198,29.564,49.798,78.9,71700.5,1033.032,33.027,0.039,0.039,0.073,8.316,94.865,5.203,961.24,0,5.212,5.215,NA,14
"5/24/2022 11:03:08 AM",1.112,29.565,49.815,78.925,71721.9,1033.045,33.04,0.031,0.031,0,8.316,94.812,5.2,1257.581,0,5.209,5.212,NA,14
"5/24/2022 11:03:08 AM",1.031,29.565,49.806,78.912,71709.9,1033.037,33.033,0,0,0,8.317,94.877,5.205,1093.778,0,5.213,5.216,NA,14
"5/24/2022 11:03:09 AM",0.975,29.564,49.793,78.894,71694.3,1033.028,33.024,0.023,0.023,0,8.319,94.919,5.208,1272.874,0,5.216,5.219,NA,14
"5/24/2022 11:03:09 AM",0.963,29.557,49.801,78.894,71704.7,1033.036,33.032,0.109,0.109,0.233,8.32,94.856,5.204,1063.702,0,5.213,5.216,NA,14
"5/24/2022 11:03:09 AM",1.01,29.548,49.8,78.879,71704.8,1033.039,33.035,0,0,0,8.321,94.742,5.199,1368.794,0,5.207,5.21,NA,14
"5/24/2022 11:03:09 AM",1.053,29.541,49.815,78.89,71724.4,1033.053,33.049,0.101,0.101,0.131,8.324,94.757,5.199,1268.626,0,5.208,5.211,NA,14
"5/24/2022 11:03:09 AM",1.105,29.549,49.81,78.894,71717,1033.046,33.042,0.023,0.023,0,8.325,94.626,5.193,1257.241,0,5.201,5.204,NA,14
"5/24/2022 11:03:10 AM",1.165,29.557,49.813,78.911,71720.8,1033.047,33.042,0.14,0.14,0.277,8.326,94.611,5.192,1052.997,0,5.2,5.203,NA,14
"5/24/2022 11:03:10 AM",1.243,29.549,49.805,78.887,71711,1033.043,33.038,0.148,0.148,0.291,8.328,94.673,5.196,1085.197,0,5.204,5.207,NA,14
"5/24/2022 11:03:10 AM",1.29,29.541,49.816,78.891,71725.9,1033.055,33.049,0.094,0.094,0.131,8.328,94.641,5.195,787.836,0,5.203,5.206,NA,14
"5/24/2022 11:03:10 AM",1.338,29.535,49.826,78.897,71739.1,1033.065,33.059,0.101,0.101,0.146,8.328,94.706,5.198,837.878,0,5.207,5.209,NA,14
"5/24/2022 11:03:10 AM",1.375,29.535,49.828,78.899,71742.1,1033.067,33.061,0.07,0.07,0.116,8.326,94.656,5.196,1028.273,0,5.204,5.207,NA,14
"5/24/2022 11:03:11 AM",1.392,29.539,49.835,78.914,71749.8,1033.07,33.064,0.062,0.062,0.102,8.326,94.634,5.195,1127.252,0,5.203,5.206,NA,14
"5/24/2022 11:03:11 AM",1.401,29.558,49.832,78.938,71743.8,1033.061,33.055,0.086,0.086,0.058,8.326,94.539,5.19,1177.379,0,5.199,5.202,NA,14
"5/24/2022 11:03:11 AM",1.403,29.566,49.839,78.96,71752.4,1033.064,33.058,0.039,0.039,0.102,8.326,94.624,5.195,967.697,0,5.204,5.207,NA,14
"5/24/2022 11:03:11 AM",1.405,29.572,49.841,78.972,71754.1,1033.064,33.058,0.023,0.023,0.102,8.325,94.553,5.192,1024.365,0,5.2,5.203,NA,14
"5/24/2022 11:03:11 AM",1.408,29.574,49.843,78.976,71755.6,1033.064,33.058,0.047,0.047,0.087,8.325,94.538,5.191,1098.875,0,5.2,5.203,NA,14
"5/24/2022 11:03:12 AM",1.41,29.575,49.854,78.993,71769.8,1033.072,33.066,0.07,0.07,0.102,8.325,94.617,5.196,963.364,0,5.204,5.207,NA,14
"5/24/2022 11:03:12 AM",1.399,29.582,49.85,78.998,71763,1033.066,33.06,0.008,0.008,0,8.324,94.524,5.192,1046.2,0,5.2,5.203,NA,14
"5/24/2022 11:03:12 AM",1.391,29.589,49.832,78.983,71740.7,1033.051,33.045,0.133,0.133,0.087,8.323,94.416,5.186,969.311,0,5.195,5.198,NA,14
"5/24/2022 11:03:12 AM",1.363,29.586,49.824,78.968,71730.7,1033.045,33.039,0.047,0.047,0.058,8.322,94.552,5.194,1056.565,0,5.203,5.206,NA,14
"5/24/2022 11:03:13 AM",1.325,29.59,49.811,78.955,71714,1033.034,33.028,0.094,0.094,0.189,8.321,94.485,5.192,1117.991,0,5.2,5.203,NA,14
"5/24/2022 11:03:13 AM",1.258,29.596,49.796,78.945,71694.8,1033.02,33.015,0.047,0.047,0.073,8.32,94.579,5.198,1091.399,0,5.206,5.209,NA,14
"5/24/2022 11:03:13 AM",1.215,29.591,49.808,78.952,71710,1033.031,33.026,0.016,0.016,0.029,8.32,94.39,5.187,1194.031,0,5.196,5.199,NA,14
"5/24/2022 11:03:13 AM",1.184,29.585,49.825,78.967,71731.8,1033.046,33.041,0,0,0,8.319,94.443,5.19,1173.046,0,5.199,5.202,NA,14
"5/24/2022 11:03:13 AM",1.215,29.586,49.809,78.948,71711.9,1033.033,33.028,0.055,0.055,0.116,8.319,94.335,5.185,918.93,0,5.194,5.197,NA,14
"5/24/2022 11:03:14 AM",1.302,29.562,49.827,78.936,71736.9,1033.056,33.05,0.101,0.101,0.16,8.317,94.342,5.185,864.725,0,5.194,5.197,NA,14
"5/24/2022 11:03:14 AM",1.497,29.557,49.844,78.954,71759.7,1033.072,33.065,0.125,0.125,0.277,8.318,94.337,5.185,1147.473,0,5.194,5.197,NA,14
"5/24/2022 11:03:14 AM",1.665,29.564,49.848,78.969,71763.1,1033.072,33.065,0.094,0.094,0.131,8.318,94.34,5.186,870.927,0,5.195,5.197,NA,14
"5/24/2022 11:03:14 AM",1.872,29.563,49.833,78.946,71744.4,1033.062,33.054,0.031,0.031,0.058,8.317,94.394,5.189,837.028,0,5.198,5.201,NA,14
"5/24/2022 11:03:14 AM",2.095,29.554,49.834,78.935,71746.8,1033.067,33.058,0.047,0.047,0.058,8.317,94.44,5.193,716.724,0,5.201,5.204,NA,14
"5/24/2022 11:03:15 AM",2.436,29.545,49.856,78.952,71775.9,1033.089,33.078,0,0,0,8.316,94.442,5.192,765.576,0,5.201,5.204,NA,14
"5/24/2022 11:03:15 AM",2.646,29.53,49.872,78.954,71797.8,1033.107,33.095,0,0,0,8.316,94.511,5.196,623.438,0,5.205,5.208,NA,14
"5/24/2022 11:03:15 AM",2.828,29.539,49.906,79.013,71839.5,1033.13,33.118,0,0,0,8.316,94.423,5.191,413.161,0,5.2,5.203,NA,14
"5/24/2022 11:03:15 AM",2.98,29.549,49.914,79.039,71848.7,1033.134,33.121,0,0,0,8.316,94.38,5.189,203.565,0,5.198,5.201,NA,14
"5/24/2022 11:03:15 AM",3.134,29.551,49.915,79.042,71849.1,1033.134,33.121,0,0,0,8.316,94.406,5.191,79.013,0,5.2,5.203,NA,14
"5/24/2022 11:03:16 AM",3.343,29.552,49.925,79.059,71862,1033.142,33.128,0,0,0,8.316,94.517,5.198,33.899,0,5.207,5.209,NA,14
"5/24/2022 11:03:16 AM",3.482,29.56,49.928,79.073,71864.3,1033.142,33.127,0.289,0.289,0,8.315,94.535,5.199,25.913,0,5.208,5.211,NA,14
"5/24/2022 11:03:16 AM",3.632,29.566,49.938,79.096,71876.9,1033.149,33.133,0.569,0.569,0,8.315,94.364,5.19,22.769,0,5.199,5.202,NA,14
"5/24/2022 11:03:16 AM",3.812,29.573,49.934,79.102,71871.2,1033.144,33.128,0,0,0,8.315,94.217,5.183,21.41,0,5.192,5.195,NA,14
"5/24/2022 11:03:16 AM",4.108,29.581,49.931,79.109,71866,1033.14,33.122,0,0,0,8.315,94.404,5.194,20.9,0,5.203,5.206,NA,14
"5/24/2022 11:03:17 AM",4.315,29.577,49.941,79.117,71879.2,1033.15,33.131,0,0,0.277,8.314,94.542,5.203,20.9,0,5.211,5.214,NA,14
"5/24/2022 11:03:17 AM",4.53,29.576,49.949,79.128,71889.8,1033.157,33.138,0.086,0.086,0.539,8.314,94.761,5.215,20.985,0,5.224,5.227,NA,14
"5/24/2022 11:03:17 AM",4.723,29.577,49.949,79.13,71890,1033.158,33.138,0.32,0.32,0.248,8.307,94.498,5.202,20.815,0,5.211,5.214,NA,14
"5/24/2022 11:03:17 AM",4.904,29.578,49.941,79.12,71880.1,1033.152,33.131,0.569,0.569,0.845,8.301,94.506,5.203,21.155,0,5.212,5.215,NA,14
"5/24/2022 11:03:17 AM",5.156,29.575,49.951,79.129,71892.2,1033.161,33.139,0.803,0.803,2.988,8.299,94.707,5.216,26.847,0,5.225,5.228,NA,14
"5/24/2022 11:03:18 AM",5.302,29.532,49.991,79.121,71947.2,1033.207,33.185,1.545,1.545,3.777,8.298,94.843,5.234,84.705,0,5.243,5.246,NA,14
"5/24/2022 11:03:18 AM",5.445,29.514,49.984,79.086,71941.1,1033.209,33.186,0.796,0.796,1.865,8.297,94.887,5.25,197.023,0,5.26,5.263,NA,14
"5/24/2022 11:03:18 AM",5.581,29.505,49.986,79.076,71945.4,1033.215,33.191,0.234,0.234,0.481,8.296,95.046,5.267,208.068,0,5.276,5.279,NA,14
"5/24/2022 11:03:18 AM",5.725,29.501,49.992,79.077,71952.5,1033.221,33.197,0,0,0,8.296,94.94,5.264,194.899,0,5.273,5.276,NA,14
"5/24/2022 11:03:18 AM",5.94,29.508,50.002,79.103,71964.8,1033.227,33.202,0,0,0,8.296,94.876,5.262,98.809,0,5.272,5.275,NA,14
"5/24/2022 11:03:19 AM",6.085,29.515,49.999,79.108,71960.5,1033.223,33.198,0,0,0,8.296,94.944,5.266,57.858,0,5.276,5.279,NA,14
"5/24/2022 11:03:19 AM",6.232,29.517,50.002,79.114,71963.7,1033.225,33.199,0,0,0,8.295,94.945,5.266,43.585,0,5.276,5.279,NA,14
"5/24/2022 11:03:19 AM",6.366,29.522,50.002,79.122,71963,1033.224,33.197,0.452,0.452,1.005,8.294,94.896,5.263,40.101,0,5.273,5.276,NA,14
"5/24/2022 11:03:19 AM",6.594,29.515,50.016,79.132,71982.1,1033.238,33.21,0.016,0.016,0.015,8.294,94.913,5.263,38.317,0,5.273,5.276,NA,14
"5/24/2022 11:03:19 AM",6.74,29.511,50.022,79.133,71989.4,1033.245,33.216,0,0,0,8.295,94.861,5.26,34.494,0,5.269,5.272,NA,14
"5/24/2022 11:03:20 AM",6.877,29.507,50.022,79.129,71990.1,1033.247,33.217,0,0,0,8.293,94.849,5.259,31.945,0,5.269,5.272,NA,14
"5/24/2022 11:03:20 AM",7.022,29.507,50.023,79.13,71992,1033.248,33.219,0.039,0.039,0.058,8.291,94.86,5.259,32.455,0,5.269,5.272,NA,14
"5/24/2022 11:03:20 AM",7.152,29.511,50.027,79.14,71995.7,1033.25,33.22,0,0,0,8.291,94.881,5.26,33.474,0,5.269,5.272,NA,14
"5/24/2022 11:03:20 AM",7.35,29.509,50.038,79.154,72009.8,1033.26,33.229,0.374,0.374,0,8.292,94.796,5.255,34.409,0,5.264,5.267,NA,14
"5/24/2022 11:03:20 AM",7.493,29.51,50.039,79.157,72011.2,1033.261,33.229,1.092,1.092,0,8.293,94.834,5.257,34.069,0,5.267,5.27,NA,14
"5/24/2022 11:03:21 AM",7.625,29.512,50.037,79.158,72009.4,1033.26,33.227,0.343,0.343,0,8.293,94.863,5.259,32.37,0,5.269,5.272,NA,14
"5/24/2022 11:03:21 AM",7.764,29.515,50.033,79.156,72003.8,1033.256,33.223,0.164,0.164,0,8.291,95.001,5.267,30.416,0,5.277,5.28,NA,14
"5/24/2022 11:03:21 AM",7.894,29.515,50.039,79.164,72010.5,1033.261,33.227,0,0,0,8.291,95.153,5.276,28.717,0,5.286,5.289,NA,14
"5/24/2022 11:03:21 AM",8.101,29.519,50.036,79.166,72007.4,1033.259,33.224,0.14,0.14,0,8.293,95.186,5.279,26.083,0,5.289,5.292,NA,14
"5/24/2022 11:03:21 AM",8.251,29.518,50.037,79.167,72008.7,1033.26,33.225,0.031,0.031,0,8.292,95.329,5.29,24.893,0,5.3,5.303,NA,14
"5/24/2022 11:03:22 AM",8.397,29.518,50.039,79.169,72011.3,1033.262,33.227,0,0,0.335,8.292,95.603,5.313,23.959,0,5.323,5.326,NA,14
"5/24/2022 11:03:22 AM",8.551,29.517,50.046,79.178,72020.3,1033.269,33.232,0.343,0.343,0.99,8.291,95.804,5.335,25.743,0,5.345,5.348,NA,14
"5/24/2022 11:03:22 AM",8.76,29.518,50.053,79.187,72028.3,1033.274,33.237,0.429,0.429,0.99,8.291,96.549,5.391,33.389,0,5.401,5.404,NA,14
"5/24/2022 11:03:22 AM",8.89,29.518,50.053,79.189,72028.9,1033.275,33.237,0.616,0.616,1.296,8.292,96.93,5.418,38.997,0,5.429,5.432,NA,14
"5/24/2022 11:03:22 AM",9.04,29.517,50.059,79.195,72036,1033.28,33.242,0.374,0.374,0.786,8.292,97.362,5.447,43.075,0,5.458,5.461,NA,14
"5/24/2022 11:03:23 AM",9.179,29.515,50.063,79.198,72041.3,1033.284,33.245,0.094,0.094,0.116,8.291,97.725,5.471,43.5,0,5.482,5.485,NA,14
"5/24/2022 11:03:23 AM",9.379,29.499,50.072,79.187,72055.5,1033.298,33.259,0.265,0.265,0.539,8.291,97.789,5.478,42.905,0,5.489,5.492,NA,14
"5/24/2022 11:03:23 AM",9.516,29.5,50.074,79.191,72057.5,1033.3,33.26,0.741,0.741,1.661,8.291,97.962,5.488,50.296,0,5.499,5.502,NA,14
"5/24/2022 11:03:23 AM",9.65,29.475,50.095,79.183,72086.4,1033.325,33.284,0.593,0.593,1.326,8.291,98.07,5.494,69.582,0,5.505,5.509,NA,14
"5/24/2022 11:03:24 AM",9.789,29.467,50.094,79.171,72087.1,1033.328,33.287,0.273,0.273,0.539,8.29,98.099,5.497,83.091,0,5.508,5.511,NA,14
"5/24/2022 11:03:24 AM",9.93,29.477,50.092,79.183,72083.3,1033.324,33.281,0,0,0,8.289,98.168,5.501,78.758,0,5.512,5.516,NA,14
"5/24/2022 11:03:24 AM",10.151,29.499,50.08,79.197,72065.2,1033.307,33.264,0,0,0,8.29,98.236,5.507,57.688,0,5.518,5.521,NA,14
"5/24/2022 11:03:24 AM",10.298,29.505,50.076,79.201,72059.3,1033.303,33.259,0.148,0.148,0.277,8.289,98.236,5.508,56.923,0,5.519,5.522,NA,14
"5/24/2022 11:03:24 AM",10.441,29.501,50.078,79.198,72062.9,1033.307,33.262,0.265,0.265,0.553,8.29,98.2,5.506,67.798,0,5.517,5.52,NA,14
"5/24/2022 11:03:25 AM",10.587,29.499,50.08,79.2,72066.1,1033.31,33.265,0.226,0.226,0.408,8.29,98.221,5.506,82.326,0,5.517,5.521,NA,14
"5/24/2022 11:03:25 AM",10.804,29.496,50.088,79.204,72075.5,1033.317,33.271,0.289,0.289,0.524,8.291,98.282,5.509,101.188,0,5.52,5.523,NA,14
"5/24/2022 11:03:25 AM",10.956,29.497,50.093,79.213,72082,1033.321,33.275,0.203,0.203,0.437,8.29,98.286,5.508,126.166,0,5.519,5.522,NA,14
"5/24/2022 11:03:25 AM",11.112,29.502,50.088,79.214,72075,1033.316,33.269,0.055,0.055,0.029,8.29,98.289,5.508,124.552,0,5.519,5.522,NA,14
"5/24/2022 11:03:25 AM",11.272,29.499,50.086,79.208,72073.7,1033.317,33.269,0.023,0.023,0.029,8.289,98.193,5.502,111.808,0,5.513,5.516,NA,14
"5/24/2022 11:03:26 AM",11.35,29.498,50.094,79.216,72083.7,1033.324,33.275,0.413,0.413,0.932,8.289,98.116,5.496,169.156,0,5.508,5.511,NA,14
"5/24/2022 11:03:26 AM",11.251,29.498,50.093,79.214,72081.9,1033.322,33.274,0.125,0.125,0.233,8.287,97.879,5.482,334.658,0,5.493,5.496,NA,14
"5/24/2022 11:03:26 AM",11.096,29.499,50.093,79.216,72082.4,1033.322,33.274,0.07,0.07,0.073,8.286,97.9,5.485,353.095,0,5.496,5.499,NA,14
"5/24/2022 11:03:26 AM",10.895,29.498,50.099,79.223,72089.6,1033.325,33.279,0.062,0.062,0.058,8.286,97.822,5.486,361.761,0,5.497,5.5,NA,14
"5/24/2022 11:03:26 AM",10.672,29.495,50.1,79.22,72091.1,1033.326,33.281,0.062,0.062,0.087,8.285,97.944,5.497,345.788,0,5.509,5.512,NA,14
"5/24/2022 11:03:27 AM",10.361,29.485,50.109,79.218,72103.8,1033.336,33.291,0.031,0.031,0.044,8.285,98.112,5.512,307.386,0,5.523,5.527,NA,14
"5/24/2022 11:03:27 AM",10.199,29.486,50.113,79.224,72107.6,1033.337,33.294,0.047,0.047,0.073,8.285,98.254,5.522,299.74,0,5.534,5.537,NA,14
"5/24/2022 11:03:27 AM",10.073,29.49,50.112,79.229,72105.8,1033.334,33.291,0.055,0.055,0.029,8.285,98.276,5.524,295.746,0,5.536,5.539,NA,14
"5/24/2022 11:03:27 AM",9.966,29.49,50.115,79.232,72109.7,1033.336,33.294,0.047,0.047,0.044,8.285,98.27,5.524,291.838,0,5.535,5.538,NA,14
"5/24/2022 11:03:27 AM",9.878,29.489,50.119,79.237,72114.6,1033.339,33.297,0.062,0.062,0.073,8.285,98.12,5.514,296.511,0,5.526,5.529,NA,14
"5/24/2022 11:03:28 AM",9.727,29.489,50.119,79.237,72114.9,1033.339,33.297,0.039,0.039,0.029,8.285,98.328,5.525,303.903,0,5.536,5.54,NA,14
"5/24/2022 11:03:28 AM",9.598,29.488,50.12,79.236,72116.3,1033.339,33.299,0.039,0.039,0.044,8.284,98.262,5.521,338.397,0,5.532,5.535,NA,14
"5/24/2022 11:03:28 AM",9.428,29.484,50.125,79.237,72123,1033.344,33.304,0.047,0.047,0.058,8.284,98.266,5.52,402.711,0,5.531,5.535,NA,14
"5/24/2022 11:03:28 AM",9.235,29.478,50.133,79.241,72134.1,1033.351,33.312,0.047,0.047,0.044,8.284,98.384,5.526,414.266,0,5.537,5.54,NA,14
"5/24/2022 11:03:28 AM",8.969,29.469,50.137,79.232,72139.8,1033.356,33.318,0.062,0.062,0.058,8.284,98.328,5.521,407.129,0,5.532,5.536,NA,14
"5/24/2022 11:03:29 AM",8.847,29.47,50.138,79.234,72140.7,1033.356,33.319,0.062,0.062,0.102,8.284,98.318,5.52,360.911,0,5.531,5.534,NA,14
"5/24/2022 11:03:29 AM",8.751,29.47,50.138,79.235,72140.9,1033.356,33.319,0.055,0.055,0.073,8.284,98.442,5.525,338.142,0,5.537,5.54,NA,14
"5/24/2022 11:03:29 AM",8.652,29.471,50.145,79.245,72148.8,1033.36,33.323,0.055,0.055,0.087,8.276,98.345,5.518,306.367,0,5.53,5.533,NA,14
"5/24/2022 11:03:29 AM",8.52,29.474,50.143,79.247,72146.8,1033.358,33.321,0.055,0.055,0.058,8.258,98.161,5.506,352.925,0,5.518,5.521,NA,14
"5/24/2022 11:03:29 AM",8.425,29.477,50.145,79.254,72148.5,1033.357,33.322,0.047,0.047,0.087,8.256,98.029,5.498,377.308,0,5.509,5.512,NA,14
"5/24/2022 11:03:30 AM",8.334,29.481,50.15,79.268,72154.3,1033.359,33.324,0.031,0.031,0.029,8.256,98.178,5.505,403.986,0,5.516,5.519,NA,14
"5/24/2022 11:03:30 AM",8.253,29.484,50.152,79.274,72155.8,1033.359,33.324,0.039,0.039,0.073,8.257,98.206,5.505,412.142,0,5.516,5.519,NA,14
"5/24/2022 11:03:30 AM",8.159,29.487,50.151,79.277,72154.4,1033.357,33.322,0.062,0.062,0.248,8.257,98.012,5.493,424.461,0,5.504,5.507,NA,14
"5/24/2022 11:03:30 AM",8.027,29.489,50.154,79.284,72158.1,1033.358,33.324,0.055,0.055,0.116,8.259,97.903,5.485,451.733,0,5.496,5.499,NA,14
"5/24/2022 11:03:30 AM",7.954,29.489,50.155,79.286,72158.8,1033.358,33.324,0.062,0.062,0.029,8.261,97.848,5.481,408.659,0,5.492,5.495,NA,14
"5/24/2022 11:03:31 AM",7.861,29.489,50.156,79.288,72160.9,1033.359,33.326,0.07,0.07,0.058,8.262,97.906,5.483,366.009,0,5.494,5.497,NA,14
"5/24/2022 11:03:31 AM",7.731,29.49,50.157,79.289,72161,1033.359,33.326,0.055,0.055,0.044,8.263,97.737,5.473,365.499,0,5.484,5.487,NA,14
"5/24/2022 11:03:31 AM",7.549,29.493,50.157,79.294,72161.2,1033.357,33.325,0.047,0.047,0.015,8.265,97.522,5.46,397.274,0,5.47,5.474,NA,14
"5/24/2022 11:03:31 AM",7.265,29.496,50.157,79.298,72160.2,1033.354,33.324,0.039,0.039,0.073,8.267,97.539,5.459,438.735,0,5.47,5.473,NA,14
"5/24/2022 11:03:31 AM",7.093,29.499,50.159,79.304,72162.5,1033.354,33.324,0.047,0.047,0.015,8.267,97.271,5.443,441.623,0,5.454,5.457,NA,14
"5/24/2022 11:03:32 AM",6.945,29.501,50.157,79.305,72160.2,1033.352,33.322,0.039,0.039,0,8.268,97.428,5.451,442.983,0,5.461,5.465,NA,14
"5/24/2022 11:03:32 AM",6.799,29.502,50.161,79.312,72164.5,1033.354,33.325,0.055,0.055,0.087,8.27,97.488,5.453,367.113,0,5.464,5.467,NA,14
"5/24/2022 11:03:32 AM",6.61,29.501,50.16,79.308,72163.2,1033.352,33.324,0.062,0.062,0.029,8.272,97.324,5.442,380.962,0,5.453,5.456,NA,14
"5/24/2022 11:03:32 AM",6.513,29.5,50.164,79.312,72168.1,1033.355,33.328,0.195,0.195,0.058,8.273,97.115,5.43,419.788,0,5.441,5.444,NA,14
"5/24/2022 11:03:33 AM",6.414,29.503,50.163,79.315,72166.6,1033.353,33.326,0.086,0.086,0,8.274,97.084,5.427,559.463,0,5.438,5.441,NA,14
"5/24/2022 11:03:33 AM",6.271,29.505,50.163,79.319,72166,1033.351,33.325,0.078,0.078,0.087,8.275,97.06,5.425,533.21,0,5.436,5.439,NA,14
"5/24/2022 11:03:33 AM",6.094,29.507,50.164,79.324,72167.5,1033.351,33.325,0.078,0.078,0.087,8.276,96.984,5.42,484.698,0,5.431,5.434,NA,14
"5/24/2022 11:03:33 AM",5.83,29.509,50.157,79.316,72157.5,1033.343,33.319,0.062,0.062,0.058,8.277,96.854,5.412,468.216,0,5.423,5.426,NA,14
"5/24/2022 11:03:33 AM",5.706,29.509,50.151,79.307,72150.2,1033.339,33.314,0.047,0.047,0,8.278,96.748,5.406,473.993,0,5.417,5.42,NA,14
"5/24/2022 11:03:34 AM",5.593,29.507,50.154,79.309,72154.7,1033.341,33.318,0.031,0.031,0,8.28,96.852,5.411,526.328,0,5.422,5.425,NA,14
"5/24/2022 11:03:34 AM",5.487,29.508,50.153,79.309,72153.4,1033.34,33.317,0.039,0.039,0,8.281,96.681,5.401,433.127,0,5.412,5.415,NA,14
"5/24/2022 11:03:34 AM",5.317,29.507,50.152,79.306,72152.1,1033.339,33.316,0.016,0.016,0,8.283,96.641,5.398,477.306,0,5.409,5.412,NA,14
"5/24/2022 11:03:34 AM",5.228,29.508,50.153,79.309,72153,1033.339,33.317,0.023,0.023,0.044,8.283,96.586,5.395,491.41,0,5.405,5.408,NA,14
"5/24/2022 11:03:34 AM",5.152,29.509,50.154,79.311,72153.4,1033.338,33.317,0.062,0.062,0.073,8.284,96.76,5.404,576.03,0,5.414,5.417,NA,14
"5/24/2022 11:03:35 AM",5.051,29.509,50.155,79.313,72155.2,1033.339,33.318,0.062,0.062,0.102,8.285,96.607,5.395,494.299,0,5.406,5.409,NA,14
"5/24/2022 11:03:35 AM",4.875,29.511,50.154,79.315,72154.2,1033.337,33.317,0.039,0.039,0.058,8.286,96.581,5.393,479.6,0,5.403,5.406,NA,14
"5/24/2022 11:03:35 AM",4.767,29.522,50.162,79.342,72162.4,1033.339,33.318,0.055,0.055,0.146,8.287,96.602,5.393,462.693,0,5.404,5.407,NA,14
"5/24/2022 11:03:35 AM",4.66,29.539,50.155,79.356,72151.3,1033.327,33.307,0.031,0.031,0.073,8.288,96.557,5.39,447.4,0,5.401,5.404,NA,14
"5/24/2022 11:03:35 AM",4.55,29.541,50.155,79.358,72150.5,1033.325,33.306,0.055,0.055,0.058,8.289,96.575,5.391,480.45,0,5.401,5.405,NA,14
"5/24/2022 11:03:36 AM",4.42,29.547,50.148,79.358,72141.6,1033.318,33.299,0.039,0.039,0.015,8.29,96.473,5.385,525.734,0,5.396,5.399,NA,14
"5/24/2022 11:03:36 AM",4.213,29.57,50.148,79.391,72137.9,1033.308,33.29,0.039,0.039,0.058,8.291,96.575,5.39,472.464,0,5.401,5.404,NA,14
"5/24/2022 11:03:36 AM",4.065,29.59,50.152,79.425,72140.5,1033.303,33.286,0.031,0.031,0.015,8.292,96.58,5.39,456.746,0,5.401,5.404,NA,14
"5/24/2022 11:03:36 AM",3.904,29.605,50.142,79.433,72126.4,1033.29,33.274,0,0,0,8.292,96.631,5.393,497.442,0,5.404,5.407,NA,14
"5/24/2022 11:03:36 AM",3.737,29.609,50.144,79.441,72128.1,1033.289,33.274,0,0,0,8.292,96.713,5.397,659.206,0,5.408,5.411,NA,14
"5/24/2022 11:03:37 AM",3.486,29.61,50.145,79.445,72129.4,1033.289,33.274,0,0,0.029,8.292,96.618,5.392,559.718,0,5.402,5.406,NA,14
"5/24/2022 11:03:37 AM",3.37,29.608,50.139,79.434,72122.3,1033.285,33.27,0.039,0.039,0.073,8.292,96.676,5.395,441.878,0,5.406,5.409,NA,14
"5/24/2022 11:03:37 AM",3.255,29.6,50.142,79.425,72126.7,1033.289,33.275,0.023,0.023,0,8.293,96.62,5.392,616.556,0,5.402,5.405,NA,14
"5/24/2022 11:03:37 AM",3.156,29.596,50.145,79.424,72130.6,1033.292,33.279,0,0,0,8.293,96.566,5.389,852.576,0,5.399,5.402,NA,14
"5/24/2022 11:03:37 AM",3.05,29.591,50.147,79.42,72134.4,1033.296,33.283,0.14,0.14,0.218,8.293,96.574,5.388,661.5,0,5.399,5.402,NA,14
"5/24/2022 11:03:38 AM",2.873,29.583,50.148,79.409,72136.5,1033.298,33.286,0.07,0.07,0.102,8.293,96.712,5.395,577.899,0,5.406,5.409,NA,14
"5/24/2022 11:03:38 AM",2.77,29.58,50.146,79.402,72134.1,1033.297,33.286,0.008,0.008,0,8.293,96.657,5.392,820.036,0,5.403,5.406,NA,14
"5/24/2022 11:03:38 AM",2.652,29.575,50.144,79.391,72131.8,1033.297,33.286,0.008,0.008,0,8.293,96.632,5.391,794.378,0,5.401,5.404,NA,14
"5/24/2022 11:03:38 AM",2.539,29.572,50.143,79.387,72130.7,1033.296,33.286,0.055,0.055,0.044,8.293,96.723,5.396,706.614,0,5.406,5.409,NA,14
"5/24/2022 11:03:38 AM",2.367,29.571,50.142,79.384,72129.6,1033.295,33.285,0.172,0.172,0,8.293,96.843,5.402,531.681,0,5.412,5.415,NA,14
"5/24/2022 11:03:39 AM",2.283,29.572,50.144,79.388,72132.4,1033.297,33.287,0.039,0.039,0,8.292,96.766,5.397,551.986,0,5.408,5.411,NA,14
"5/24/2022 11:03:39 AM",2.193,29.581,50.139,79.395,72125.6,1033.29,33.28,0.039,0.039,0,8.291,96.676,5.392,650.116,0,5.403,5.406,NA,14
"5/24/2022 11:03:39 AM",2.104,29.591,50.139,79.409,72123.5,1033.285,33.276,0.062,0.062,0.116,8.29,96.822,5.4,725.985,0,5.411,5.414,NA,14
"5/24/2022 11:03:39 AM",1.99,29.594,50.14,79.413,72124.4,1033.284,33.276,0.101,0.101,0.218,8.289,96.826,5.4,740.513,0,5.411,5.414,NA,14
"5/24/2022 11:03:39 AM",1.84,29.596,50.144,79.422,72129.1,1033.286,33.278,0.07,0.07,0.146,8.289,96.914,5.405,681.211,0,5.416,5.419,NA,14
"5/24/2022 11:03:40 AM",1.748,29.601,50.139,79.423,72122.5,1033.28,33.273,0.023,0.023,0.058,8.289,96.951,5.407,728.789,0,5.417,5.421,NA,14
"5/24/2022 11:03:40 AM",1.675,29.603,50.137,79.422,72119.9,1033.278,33.271,0.062,0.062,0.116,8.289,96.888,5.403,669.656,0,5.414,5.417,NA,14
"5/24/2022 11:03:40 AM",1.592,29.599,50.139,79.42,72122.7,1033.28,33.274,0.094,0.094,0.16,8.288,96.823,5.4,657.847,0,5.41,5.413,NA,14
"5/24/2022 11:03:40 AM",1.465,29.59,50.137,79.403,72120.6,1033.281,33.275,0.016,0.016,0,8.288,96.897,5.403,739.324,0,5.414,5.417,NA,14
"5/24/2022 11:03:40 AM",1.386,29.585,50.138,79.398,72122.2,1033.283,33.277,0.039,0.039,0.058,8.288,96.926,5.405,730.488,0,5.416,5.419,NA,14
"5/24/2022 11:03:41 AM",1.319,29.584,50.139,79.398,72124.7,1033.285,33.279,0,0,0,8.288,97.057,5.412,843.4,0,5.423,5.426,NA,14
"5/24/2022 11:03:41 AM",1.249,29.584,50.139,79.397,72123.6,1033.284,33.279,0,0,0,8.286,96.969,5.408,880.018,0,5.418,5.421,NA,14
"5/24/2022 11:03:41 AM",1.141,29.586,50.138,79.398,72122.1,1033.282,33.277,0.133,0.133,0.189,8.285,96.88,5.403,918.76,0,5.413,5.416,NA,14
"5/24/2022 11:03:41 AM",0.955,29.591,50.133,79.399,72115.3,1033.276,33.272,0.07,0.07,0,8.284,96.968,5.408,982.735,0,5.418,5.421,NA,14
"5/24/2022 11:03:42 AM",0.811,29.591,50.13,79.396,72112,1033.273,33.27,0.117,0.117,0,8.283,96.914,5.405,1137.872,0,5.415,5.418,NA,14
"5/24/2022 11:03:42 AM",0.656,29.593,50.123,79.388,72102.3,1033.266,33.263,0.125,0.125,0.044,8.282,96.914,5.405,1117.482,0,5.415,5.419,NA,14
"5/24/2022 11:03:42 AM",0.484,29.595,50.119,79.385,72096.9,1033.262,33.26,0,0,0,8.282,96.979,5.409,1070.159,0,5.419,5.423,NA,14
"5/24/2022 11:03:42 AM",0.203,29.596,50.111,79.375,72086.7,1033.254,33.253,0,0,0,8.282,97.023,5.412,1234.047,0,5.422,5.425,NA,14
"5/24/2022 11:03:42 AM",0.046,29.596,50.085,79.34,72054.1,1033.233,33.233,0,0,0,8.281,96.972,5.41,1284.853,0,5.42,5.423,NA,14
"5/24/2022 11:03:43 AM",0,29.597,50.082,79.337,72050.1,1033.23,33.231,0,0,0,8.278,97.118,5.418,1365.735,0,5.429,5.432,NA,14
"5/24/2022 11:03:43 AM",0,29.599,50.067,79.319,72031.7,1033.219,33.219,0,0,0.845,8.276,96.912,5.408,1484.085,0,5.418,5.421,NA,14
"5/24/2022 11:03:43 AM",0,29.6,50.062,79.314,72025.3,1033.215,33.215,0,0,0,8.274,96.798,5.402,1548.145,0,5.413,5.416,NA,14
"5/24/2022 11:03:43 AM",0,29.599,10.25,19.042,17292.5,1003.403,3.404,0,0,0,8.275,96.749,6.705,1589.775,0,6.724,6.724,NA,14
"5/24/2022 11:03:43 AM",0,29.591,1.577,3.32,3015.8,996.952,0,15.843,15.843,13.793,8.273,96.642,7.022,1641.431,0,7.042,7.042,NA,14
"5/24/2022 11:03:44 AM",0,29.514,1.132,2.421,2202.5,996.643,0,214.544,214.544,240.365,8.271,96.833,7.055,1691.558,0,7.075,7.075,NA,14
"5/24/2022 11:03:44 AM",0,29.349,0.937,2.016,1840.2,996.546,0,186.399,186.399,116.13,8.267,96.948,7.072,1681.702,0,7.092,7.092,NA,14
"5/24/2022 11:03:44 AM",0,29.437,3.275,6.585,5999.4,998.265,0,9.353,9.353,17.169,8.259,96.868,6.978,1693.342,0,6.998,6.998,NA,14
"5/24/2022 11:03:44 AM",0,29.572,5.042,9.874,8971.8,999.54,0,2.894,2.894,9.603,8.26,96.91,6.915,1726.731,0,6.935,6.935,NA,14
"5/24/2022 11:03:44 AM",0,29.605,21.795,37.9,34413.2,1011.989,11.99,12.091,12.091,4.259,8.259,96.816,6.308,1756.892,0,6.326,6.325,NA,14
"5/24/2022 11:03:45 AM",0,29.617,1.832,3.828,3475.1,997.135,0,49.02,49.02,46.499,8.259,96.83,7.032,1814.75,0,7.052,7.052,NA,14
"5/24/2022 11:03:45 AM",0,29.735,1.033,2.228,2018.1,996.502,0,104.99,104.99,659.77,8.254,96.892,7.069,1852.218,0,7.089,7.089,NA,14
"5/24/2022 11:03:45 AM",0,29.807,0.888,1.932,1746.8,996.372,0,0,0,279.286,8.252,97.07,7.088,1866.321,0,7.109,7.109,NA,14
"5/24/2022 11:03:45 AM",0,30.024,0.76,1.672,1505.9,996.211,0,343.701,343.701,615.566,8.252,96.866,7.079,1858.165,0,7.099,7.099,NA,14
"5/24/2022 11:03:45 AM",0,30.294,0.704,1.563,1399.6,996.087,0,296.904,296.904,381.386,8.249,96.984,7.09,1861.223,0,7.11,7.11,NA,14
"5/24/2022 11:03:46 AM",0,30.456,0.657,1.467,1309.7,996.002,0,498.53,498.53,1063.726,8.247,97.063,7.098,1858.42,0,7.118,7.118,NA,14
"5/24/2022 11:03:46 AM",0,30.666,0.581,1.308,1163,995.881,0,318.419,318.419,177.127,8.244,97.16,7.108,1791.131,0,7.129,7.129,NA,14
"5/24/2022 11:03:46 AM",0,30.698,0.548,1.237,1099.4,995.846,0,119.141,119.141,58.956,8.243,97.214,7.114,1772.695,0,7.134,7.134,NA,14
"5/24/2022 11:03:46 AM",0,30.583,0.525,1.184,1054.1,995.864,0,134.774,134.774,29.289,8.241,97.136,7.109,1753.749,0,7.129,7.129,NA,14
"5/24/2022 11:03:46 AM",0,30.357,0.494,1.112,994.4,995.91,0,60.659,60.659,2.011,8.239,97.147,7.111,1757.232,0,7.132,7.131,NA,14
"5/24/2022 11:03:47 AM",0,30.137,0.476,1.069,960.8,995.964,0,253.033,253.033,0,8.236,97.308,7.124,1788.412,0,7.144,7.144,NA,14
"5/24/2022 11:03:47 AM",0,30.067,0.458,1.029,925.8,995.972,0,72.485,72.485,0,8.234,97.079,7.108,1889.6,0,7.128,7.128,NA,14
"5/24/2022 11:03:47 AM",0,29.992,0.444,0.996,897.2,995.984,0,91.854,91.854,0,8.232,97.135,7.113,1522.147,0,7.133,7.133,NA,14
"5/24/2022 11:03:47 AM",0,29.608,0.432,0.964,875.4,996.091,0,32.545,32.545,16.623,8.231,97.127,7.113,1700.139,0,7.133,7.133,NA,14
"5/24/2022 11:03:47 AM",0,29.421,0.421,0.937,853.7,996.138,0,109.639,109.639,9.647,8.23,97.186,7.118,1899.031,0,7.138,7.138,NA,14
"5/24/2022 11:03:48 AM",0,29.281,0.395,0.878,802.1,996.16,0,8.869,8.869,29.348,8.227,97.222,7.122,1913.899,0,7.142,7.142,NA,14
"5/24/2022 11:03:48 AM",0,29.268,0.377,0.839,766.7,996.151,0,3.682,3.682,4.712,8.226,97.083,7.112,1934.969,0,7.133,7.133,NA,14
"5/24/2022 11:03:48 AM",0,29.242,0.369,0.821,750.7,996.152,0,5.866,5.866,0,8.225,97.14,7.117,1919.081,0,7.138,7.137,NA,14
"5/24/2022 11:03:48 AM",0,29.121,0.358,0.795,728.8,996.18,0,0,0,0,8.223,97.275,7.128,1945.419,0,7.148,7.148,NA,14
"5/24/2022 11:03:48 AM",0,28.978,0.347,0.769,707,996.213,0,0,0,9.721,8.218,97.265,7.128,1916.532,0,7.148,7.148,NA,14
"5/24/2022 11:03:49 AM",0,29.005,0.337,0.749,688.4,996.198,0,0,0,21.606,8.216,97.222,7.125,1790.027,0,7.146,7.146,NA,14
"5/24/2022 11:03:49 AM",0,29.076,0.328,0.729,668.8,996.17,0,45.9,45.9,49.841,8.215,97.28,7.13,1681.957,0,7.151,7.151,NA,14
"5/24/2022 11:03:49 AM",0,29.133,0.316,0.704,645,996.144,0,28.761,28.761,0,8.214,97.379,7.138,1641.261,0,7.159,7.159,NA,14
"5/24/2022 11:03:49 AM",0,29.161,0.309,0.689,630.9,996.131,0,8.027,8.027,0,8.21,97.219,7.127,1504.985,0,7.147,7.147,NA,14
"5/24/2022 11:03:49 AM",0,29.079,0.308,0.687,630.1,996.155,0,0,0,0,8.209,97.316,7.135,969.056,0,7.155,7.155,NA,14
"5/24/2022 11:03:50 AM",0,29.048,0.381,0.845,775.8,996.219,0,0,0,0,8.209,97.349,7.135,619.615,0,7.155,7.155,NA,14
"5/24/2022 11:03:50 AM",0,29.011,0.443,0.975,896.3,996.276,0,0.234,0.234,0,8.212,97.374,7.135,586.65,0,7.155,7.155,NA,14
"5/24/2022 11:03:50 AM",0,28.934,0.358,0.793,730,996.235,0,0.023,0.023,0.248,8.212,97.399,7.14,804.573,0,7.161,7.161,NA,14
"5/24/2022 11:03:50 AM",0,28.645,0.345,0.761,704.7,996.31,0,0,0,0,8.211,97.279,7.133,1126.233,0,7.154,7.154,NA,14
"5/24/2022 11:03:51 AM",0,28.449,0.326,0.716,665.6,996.352,0,0,0,0,8.21,97.368,7.141,1260.979,0,7.162,7.162,NA,14
"5/24/2022 11:03:51 AM",0,28.322,0.308,0.676,629.7,996.374,0,2.145,2.145,0,8.21,97.502,7.153,822.33,0,7.173,7.173,NA,14
"5/24/2022 11:03:51 AM",0,28.289,0.301,0.66,615.5,996.379,0,0,0,0,8.208,97.537,7.156,472.634,0,7.177,7.176,NA,14
"5/24/2022 11:03:51 AM",0,28.306,0.29,0.637,594.2,996.366,0,0,0,0,8.206,97.352,7.144,464.902,0,7.164,7.164,NA,14
"5/24/2022 11:03:51 AM",0,28.427,0.277,0.611,568.3,996.321,0,0,0,0,8.205,97.468,7.153,488.436,0,7.173,7.173,NA,14
"5/24/2022 11:03:52 AM",0,29.067,1.131,2.398,2200.9,996.775,0,0,0,0,8.233,97.394,7.115,499.226,0,7.135,7.135,NA,14
"5/24/2022 11:03:52 AM",0,31.728,1.562,3.425,2983.2,996.28,0,0,0,0,8.331,97.347,7.095,614.687,0,7.116,7.115,NA,14
"5/24/2022 11:03:52 AM",0,32.603,1.643,3.65,3126.8,996.058,0,0,0,4.551,8.403,97.447,7.101,1483.15,0,7.121,7.121,NA,14
"5/24/2022 11:03:52 AM",0,32.863,1.662,3.709,3161.8,995.988,0,1.825,1.825,7.873,8.471,97.287,7.09,1242.883,0,7.111,7.11,NA,14
"5/24/2022 11:03:52 AM",0,32.912,1.734,3.864,3290.9,996.025,0,2.395,2.395,8.063,8.509,97.488,7.103,649.011,0,7.124,7.124,NA,14
"5/24/2022 11:03:53 AM",0,32.931,1.699,3.79,3226.6,995.992,0,1.786,1.786,7.858,8.546,97.457,7.104,625.222,0,7.124,7.124,NA,14
"5/24/2022 11:03:53 AM",0,32.931,2.189,4.814,4098.4,996.356,0,1.49,1.49,6.73,8.573,97.587,7.094,647.312,0,7.115,7.115,NA,14
"5/24/2022 11:03:53 AM",0,32.926,1.839,4.085,3478.3,996.098,0,1.373,1.373,8.195,8.597,97.649,7.113,1308.217,0,7.134,7.133,NA,14
"5/24/2022 11:03:53 AM",0,32.918,1.898,4.207,3583.1,996.145,0,2.02,2.02,9.06,8.605,97.598,7.107,1724.183,0,7.128,7.128,NA,14
"5/24/2022 11:03:53 AM",0,32.916,2.102,4.632,3945.2,996.297,0,1.771,1.771,8.577,8.619,97.627,7.102,1266.757,0,7.122,7.122,NA,14
"5/24/2022 11:03:54 AM",0,32.914,1.964,4.345,3700.5,996.195,0,1.623,1.623,9.192,8.623,97.469,7.096,1214.761,0,7.116,7.116,NA,14
"5/24/2022 11:03:54 AM",0,32.905,2.198,4.829,4113.8,996.371,0,1.209,1.209,9.295,8.632,97.431,7.084,1670.997,0,7.104,7.104,NA,14
"5/24/2022 11:03:54 AM",0,32.909,1.368,3.087,2629.6,995.754,0,2.176,2.176,9.662,8.639,97.579,7.127,777.386,0,7.148,7.147,NA,14
"5/24/2022 11:03:54 AM",0,32.91,1.614,3.611,3075.5,995.937,0,1.911,1.911,9.706,8.641,97.612,7.12,1528.434,0,7.14,7.14,NA,14
"5/24/2022 11:03:54 AM",0,32.914,2.092,4.612,3928,996.29,0,2.442,2.442,10.704,8.644,97.677,7.106,808.396,0,7.127,7.126,NA,14
"5/24/2022 11:03:55 AM",0,32.935,2.302,5.047,4296.8,996.439,0,1.864,1.864,9.735,8.647,97.74,7.103,568.554,0,7.123,7.123,NA,14
"5/24/2022 11:03:55 AM",0,32.946,1.565,3.507,2985.6,995.888,0,1.217,1.217,7.653,8.65,97.595,7.121,1674.651,0,7.141,7.141,NA,14
"5/24/2022 11:03:55 AM",0,32.95,2.128,4.688,3990.1,996.305,0,1.201,1.201,8.049,8.654,97.631,7.101,1864.877,0,7.122,7.122,NA,14
"5/24/2022 11:03:55 AM",0,32.956,1.469,3.304,2812.2,995.813,0,1.498,1.498,8.782,8.656,97.693,7.132,1961.816,0,7.152,7.152,NA,14
"5/24/2022 11:03:55 AM",0,32.963,1.496,3.363,2862,995.831,0,1.841,1.841,9.06,8.657,97.606,7.124,2011.943,0,7.145,7.144,NA,14
"5/24/2022 11:03:56 AM",0,32.962,1.766,3.933,3346.8,996.032,0,1.662,1.662,9.236,8.659,97.65,7.117,2053.488,0,7.137,7.137,NA,14
"5/24/2022 11:03:56 AM",0,32.96,1.472,3.311,2817.6,995.814,0,1.935,1.935,8.826,8.657,97.656,7.129,2089.596,0,7.149,7.149,NA,14
"5/24/2022 11:03:56 AM",0,32.957,1.432,3.226,2745.5,995.785,0,1.825,1.825,8.767,8.658,97.649,7.13,2100.471,0,7.15,7.15,NA,14
"5/24/2022 11:03:56 AM",0,32.952,1.576,3.532,3006.4,995.894,0,2.028,2.028,8.84,8.658,97.667,7.125,2108.118,0,7.146,7.146,NA,14
"5/24/2022 11:03:56 AM",0,32.951,1.435,3.233,2751.3,995.79,0,1.755,1.755,8.313,8.659,97.805,7.141,2112.111,0,7.162,7.162,NA,14
"5/24/2022 11:03:57 AM",0,32.947,1.458,3.28,2792.3,995.808,0,1.443,1.443,9.163,8.661,97.811,7.141,2115.169,0,7.161,7.161,NA,14
"5/24/2022 11:03:57 AM",0,32.947,1.438,3.237,2755.6,995.793,0,1.521,1.521,9.207,8.661,97.717,7.135,2114.405,0,7.155,7.155,NA,14
"5/24/2022 11:03:57 AM",0,32.948,1.448,3.26,2774.7,995.8,0,1.896,1.896,9.383,8.66,97.76,7.138,2112.451,0,7.158,7.158,NA,14
"5/24/2022 11:03:57 AM",0,32.944,1.477,3.321,2827.1,995.823,0,1.724,1.724,9.574,8.662,97.848,7.143,2110.157,0,7.163,7.163,NA,14
"5/24/2022 11:03:57 AM",0,32.942,1.506,3.384,2880.5,995.846,0,1.81,1.81,9.178,8.66,97.915,7.147,2106.673,0,7.167,7.167,NA,14
"5/24/2022 11:03:58 AM",0,32.943,1.5,3.37,2868.6,995.84,0,1.708,1.708,9.016,8.66,97.947,7.149,2100.216,0,7.17,7.169,NA,14
"5/24/2022 11:03:58 AM",0,32.94,2.762,5.99,5099.6,996.779,0,1.794,1.794,9.838,8.662,97.912,7.098,2096.053,0,7.118,7.118,NA,14
"5/24/2022 11:03:58 AM",0,32.94,1.604,3.591,3057.3,995.919,0,2.083,2.083,9.75,8.663,97.958,7.146,2092.06,0,7.167,7.166,NA,14
"5/24/2022 11:03:58 AM",0,32.939,1.557,3.49,2971.4,995.884,0,1.911,1.911,8.782,8.663,97.956,7.147,2088.662,0,7.168,7.168,NA,14
"5/24/2022 11:03:58 AM",0,32.938,3.018,6.508,5540,996.969,0,1.896,1.896,8.371,8.662,97.893,7.086,2085.518,0,7.107,7.106,NA,14
"5/24/2022 11:03:59 AM",0,32.94,1.461,3.287,2798.1,995.812,0,1.919,1.919,8.65,8.66,98.047,7.158,2085.178,0,7.178,7.178,NA,14
"5/24/2022 11:03:59 AM",0,32.94,2.876,6.221,5296.2,996.864,0,1.919,1.919,8.958,8.659,98.056,7.104,2085.943,0,7.124,7.124,NA,14
"5/24/2022 11:03:59 AM",0,32.941,1.629,3.644,3101.9,995.937,0,1.662,1.662,9.134,8.659,98.063,7.152,2087.387,0,7.173,7.173,NA,14
"5/24/2022 11:03:59 AM",0,32.942,1.515,3.401,2895.4,995.852,0,1.607,1.607,9.838,8.657,98.054,7.156,2091.55,0,7.177,7.177,NA,14
"5/24/2022 11:04:00 AM",0,32.943,2.053,4.532,3857.6,996.251,0,1.802,1.802,9.031,8.656,98.063,7.136,2095.204,0,7.157,7.156,NA,14
"5/24/2022 11:04:00 AM",0,32.942,1.88,4.171,3550.6,996.123,0,1.474,1.474,9.442,8.656,98.15,7.149,2099.282,0,7.169,7.169,NA,14
"5/24/2022 11:04:00 AM",0,32.946,1.439,3.241,2759.1,995.795,0,2.005,2.005,9.794,8.654,98.018,7.157,2103.615,0,7.177,7.177,NA,14
"5/24/2022 11:04:00 AM",0,32.945,1.941,4.298,3658.8,996.167,0,1.833,1.833,8.738,8.653,98.061,7.14,2106.673,0,7.16,7.16,NA,14
"5/24/2022 11:04:00 AM",0,32.945,1.439,3.24,2757.9,995.794,0,1.935,1.935,9.002,8.651,98.099,7.163,2112.536,0,7.183,7.183,NA,14
"5/24/2022 11:04:01 AM",0,32.946,1.455,3.275,2787.9,995.806,0,1.794,1.794,8.342,8.649,98.089,7.161,2116.699,0,7.182,7.181,NA,14
"5/24/2022 11:04:01 AM",0,32.943,1.511,3.394,2889.1,995.849,0,2.176,2.176,8.899,8.648,98.11,7.16,2118.653,0,7.181,7.18,NA,14
"5/24/2022 11:04:01 AM",0,32.943,1.431,3.223,2743.8,995.789,0,1.927,1.927,8.987,8.645,98.231,7.172,2120.777,0,7.193,7.193,NA,14
"5/24/2022 11:04:01 AM",0,32.942,1.439,3.24,2757.9,995.796,0,1.747,1.747,8.21,8.641,98.068,7.16,2122.391,0,7.18,7.18,NA,14
"5/24/2022 11:04:01 AM",0,32.937,1.489,3.347,2849.8,995.835,0,1.693,1.693,8.752,8.638,98.132,7.163,2122.391,0,7.183,7.183,NA,14
"5/24/2022 11:04:02 AM",0,32.935,1.425,3.21,2732.6,995.787,0,1.724,1.724,8.958,8.634,98.181,7.168,2121.796,0,7.189,7.189,NA,14
"5/24/2022 11:04:02 AM",0,32.931,1.441,3.244,2761.7,995.8,0,1.864,1.864,8.958,8.633,98.299,7.177,2120.607,0,7.197,7.197,NA,14
"5/24/2022 11:04:02 AM",0,32.925,1.523,3.418,2910.4,995.864,0,1.864,1.864,8.591,8.63,98.361,7.178,2118.313,0,7.198,7.198,NA,14
"5/24/2022 11:04:02 AM",0,32.921,1.445,3.253,2769.9,995.807,0,1.599,1.599,8.694,8.627,98.322,7.178,2114.915,0,7.198,7.198,NA,14
"5/24/2022 11:04:02 AM",0,32.916,1.543,3.46,2946.8,995.881,0,1.521,1.521,9.398,8.625,98.386,7.178,2111.771,0,7.199,7.199,NA,14
