"Date","Depth..m.","Temp...degC.","Sal.","Cond...mS.cm.","EC25..µS.cm.","Density..kg.m3.","SigmaT","Chl.Flu...ppb.","Chl.a..µg.l.","Turb...FTU.","pH","DO....","Weiss.DO..mg.l.","Quant...µmol..m2.s..","Mark","G.G.DO..mg.l.","B.K.DO..mg.l.","X","Station"
"5/26/2022 5:34:44 AM",0.35,29.999,51.335,81.651,73561.1,1034.038,34.037,0.187,0.187,0.131,7.31,96.74,5.506,0,0,5.518,5.522,NA,33
"5/26/2022 5:34:44 AM",0.39,29.999,51.334,81.65,73559.7,1034.037,34.036,0.164,0.164,0.087,7.309,96.715,5.505,0,0,5.517,5.52,NA,33
"5/26/2022 5:34:44 AM",0.455,29.999,51.336,81.652,73561.8,1034.039,34.037,0.179,0.179,0.146,7.305,96.712,5.504,0,0,5.516,5.52,NA,33
"5/26/2022 5:34:44 AM",0.583,29.998,51.332,81.646,73557.5,1034.037,34.034,0.203,0.203,0.131,7.32,96.797,5.509,0,0,5.521,5.525,NA,33
"5/26/2022 5:34:44 AM",0.705,29.998,51.332,81.646,73558.2,1034.038,34.035,0.195,0.195,0.102,7.332,96.796,5.509,0,0,5.521,5.525,NA,33
"5/26/2022 5:34:45 AM",0.851,29.998,51.333,81.647,73559.2,1034.039,34.036,0.172,0.172,0.058,7.34,96.851,5.512,0,0,5.524,5.528,NA,33
"5/26/2022 5:34:45 AM",1.026,29.998,51.337,81.654,73564.5,1034.043,34.039,0.172,0.172,0.131,7.351,96.862,5.513,0,0,5.525,5.528,NA,33
"5/26/2022 5:34:45 AM",1.207,30,51.339,81.659,73566.5,1034.044,34.039,0.172,0.172,0.146,7.353,96.745,5.506,0,0,5.518,5.521,NA,33
"5/26/2022 5:34:45 AM",1.483,30.002,51.335,81.658,73561.7,1034.042,34.036,0.164,0.164,0.087,7.353,96.952,5.517,0,0,5.53,5.533,NA,33
"5/26/2022 5:34:45 AM",1.641,30.002,51.349,81.675,73578.2,1034.053,34.046,0.14,0.14,0.087,7.356,96.945,5.516,0,0,5.528,5.532,NA,33
"5/26/2022 5:34:46 AM",1.763,30.002,51.348,81.675,73577.7,1034.053,34.045,0.14,0.14,0.029,7.358,96.913,5.514,0,0,5.527,5.53,NA,33
"5/26/2022 5:34:46 AM",1.825,30.002,51.349,81.675,73578.9,1034.054,34.046,0.148,0.148,0.058,7.355,96.961,5.517,0,0,5.529,5.533,NA,33
"5/26/2022 5:34:46 AM",1.85,30.001,51.349,81.674,73579.1,1034.054,34.047,0.14,0.14,0.044,7.358,97.012,5.52,0,0,5.532,5.536,NA,33
"5/26/2022 5:34:46 AM",1.844,30,51.347,81.671,73576.7,1034.053,34.045,0.148,0.148,0.029,7.358,96.924,5.515,0,0,5.527,5.531,NA,33
"5/26/2022 5:34:46 AM",1.827,30,51.346,81.668,73574.7,1034.052,34.044,0.148,0.148,0.073,7.359,96.791,5.508,0,0,5.52,5.523,NA,33
"5/26/2022 5:34:47 AM",1.794,30.001,51.341,81.663,73569.4,1034.048,34.041,0.218,0.218,0.087,7.358,96.733,5.505,0,0,5.517,5.52,NA,33
"5/26/2022 5:34:47 AM",1.792,30,51.339,81.659,73566.1,1034.047,34.039,0.179,0.179,0.087,7.353,96.751,5.506,0,0,5.518,5.521,NA,33
"5/26/2022 5:34:47 AM",1.817,30,51.337,81.657,73564.3,1034.045,34.038,0.148,0.148,0.058,7.364,96.701,5.503,0,0,5.515,5.519,NA,33
"5/26/2022 5:34:47 AM",1.851,30.001,51.337,81.657,73563.5,1034.045,34.037,0.148,0.148,0.102,7.364,96.737,5.505,0,0,5.517,5.521,NA,33
"5/26/2022 5:34:47 AM",1.898,30.001,51.334,81.654,73560.3,1034.043,34.035,0.156,0.156,0.073,7.366,96.796,5.508,0,0,5.521,5.524,NA,33
"5/26/2022 5:34:48 AM",1.957,30.001,51.332,81.651,73557.8,1034.042,34.033,0.148,0.148,0.073,7.362,96.793,5.509,0,0,5.521,5.524,NA,33
"5/26/2022 5:34:48 AM",2.021,30,51.331,81.648,73557.1,1034.042,34.033,0.148,0.148,0.073,7.358,96.811,5.51,0,0,5.522,5.525,NA,33
"5/26/2022 5:34:48 AM",2.041,29.999,51.33,81.645,73555.9,1034.042,34.033,0.14,0.14,0.058,7.352,96.83,5.511,0,0,5.523,5.527,NA,33
"5/26/2022 5:34:48 AM",2.039,29.999,51.328,81.642,73552.9,1034.04,34.031,0.14,0.14,0.073,7.349,96.823,5.51,0,0,5.522,5.526,NA,33
"5/26/2022 5:34:48 AM",2.046,29.999,51.324,81.637,73548.5,1034.037,34.028,0.156,0.156,0.073,7.348,96.731,5.505,0,0,5.517,5.521,NA,33
"5/26/2022 5:34:49 AM",2.068,29.998,51.324,81.635,73548.3,1034.037,34.029,0.148,0.148,0.073,7.351,96.845,5.512,0,0,5.524,5.528,NA,33
"5/26/2022 5:34:49 AM",2.169,29.998,51.321,81.631,73545,1034.036,34.027,0.164,0.164,0.102,7.357,96.788,5.509,0,0,5.521,5.525,NA,33
"5/26/2022 5:34:49 AM",2.254,29.998,51.318,81.628,73541.5,1034.034,34.024,0.156,0.156,0.087,7.359,96.804,5.51,0,0,5.522,5.526,NA,33
"5/26/2022 5:34:49 AM",2.319,29.998,51.316,81.624,73538,1034.032,34.022,0.203,0.203,0.102,7.36,96.892,5.515,0,0,5.527,5.531,NA,33
"5/26/2022 5:34:49 AM",2.393,29.998,51.313,81.62,73535.1,1034.031,34.02,0.195,0.195,0.058,7.366,96.883,5.514,0,0,5.527,5.53,NA,33
"5/26/2022 5:34:50 AM",2.584,29.998,51.306,81.612,73526.8,1034.026,34.015,0.164,0.164,0.073,7.36,96.901,5.516,0,0,5.528,5.531,NA,33
"5/26/2022 5:34:50 AM",2.727,29.998,51.306,81.611,73526.1,1034.026,34.015,0.14,0.14,0.073,7.356,96.826,5.511,0,0,5.523,5.527,NA,33
"5/26/2022 5:34:50 AM",2.88,29.998,51.308,81.614,73529.3,1034.029,34.017,0.148,0.148,0.044,7.364,96.932,5.517,0,0,5.529,5.533,NA,33
"5/26/2022 5:34:50 AM",3.041,29.998,51.309,81.616,73530,1034.03,34.017,0.14,0.14,0.087,7.364,96.906,5.516,0,0,5.528,5.531,NA,33
"5/26/2022 5:34:50 AM",3.168,29.998,51.308,81.614,73529.7,1034.03,34.017,0.133,0.133,0.102,7.365,96.971,5.519,0,0,5.531,5.535,NA,33
"5/26/2022 5:34:51 AM",3.416,29.998,51.308,81.614,73529.1,1034.031,34.016,0.133,0.133,0.102,7.369,96.846,5.512,0,0,5.524,5.527,NA,33
"5/26/2022 5:34:51 AM",3.628,29.998,51.309,81.617,73531,1034.033,34.017,0.133,0.133,0.029,7.371,96.803,5.509,0,0,5.521,5.525,NA,33
"5/26/2022 5:34:51 AM",3.825,29.999,51.31,81.618,73531.9,1034.034,34.018,0.148,0.148,0.087,7.378,96.98,5.519,0,0,5.531,5.535,NA,33
"5/26/2022 5:34:51 AM",4.026,29.999,51.309,81.619,73531.1,1034.034,34.017,0.133,0.133,0.073,7.376,96.928,5.516,0,0,5.528,5.532,NA,33
"5/26/2022 5:34:51 AM",4.321,29.999,51.309,81.616,73530.3,1034.035,34.017,0.14,0.14,0.073,7.375,96.906,5.515,0,0,5.527,5.53,NA,33
"5/26/2022 5:34:52 AM",4.539,29.998,51.308,81.616,73530.3,1034.036,34.017,0.14,0.14,0.087,7.373,96.989,5.52,0,0,5.532,5.535,NA,33
"5/26/2022 5:34:52 AM",4.74,29.998,51.309,81.617,73531.3,1034.037,34.017,0.14,0.14,0.058,7.375,96.838,5.511,0,0,5.523,5.527,NA,33
"5/26/2022 5:34:52 AM",4.94,29.998,51.31,81.618,73533.1,1034.039,34.018,0.133,0.133,0.058,7.371,96.808,5.509,0,0,5.521,5.525,NA,33
"5/26/2022 5:34:52 AM",5.202,29.998,51.306,81.613,73527.9,1034.037,34.015,0.133,0.133,0.029,7.352,96.994,5.52,0,0,5.532,5.536,NA,33
"5/26/2022 5:34:52 AM",5.357,29.998,51.306,81.614,73528.2,1034.038,34.015,0.14,0.14,0.073,7.358,96.933,5.516,0,0,5.528,5.532,NA,33
"5/26/2022 5:34:53 AM",5.503,29.998,51.302,81.607,73522.8,1034.035,34.012,0.14,0.14,0.073,7.363,96.821,5.51,0,0,5.522,5.526,NA,33
"5/26/2022 5:34:53 AM",5.647,29.998,51.299,81.604,73519.7,1034.034,34.01,0.14,0.14,0.087,7.359,96.898,5.514,0,0,5.526,5.53,NA,33
"5/26/2022 5:34:53 AM",5.793,29.997,51.299,81.602,73519.2,1034.034,34.01,0.133,0.133,0.029,7.359,96.885,5.514,0,0,5.526,5.529,NA,33
"5/26/2022 5:34:53 AM",5.996,29.997,51.301,81.605,73521.9,1034.037,34.011,0.117,0.117,0.029,7.344,96.763,5.507,0,0,5.519,5.522,NA,33
"5/26/2022 5:34:53 AM",6.121,29.998,51.3,81.605,73521.2,1034.037,34.011,0.125,0.125,0.102,7.349,96.789,5.508,0,0,5.52,5.524,NA,33
"5/26/2022 5:34:54 AM",6.262,29.998,51.3,81.605,73520.8,1034.037,34.01,0.125,0.125,0.073,7.361,96.893,5.514,0,0,5.526,5.53,NA,33
"5/26/2022 5:34:54 AM",6.409,29.998,51.298,81.602,73518.3,1034.036,34.009,0.133,0.133,0.044,7.35,96.732,5.505,0,0,5.517,5.52,NA,33
"5/26/2022 5:34:54 AM",6.62,29.998,51.298,81.603,73518.8,1034.037,34.009,0.133,0.133,0.087,7.344,96.693,5.503,0,0,5.515,5.518,NA,33
"5/26/2022 5:34:54 AM",6.757,29.998,51.302,81.607,73523.2,1034.04,34.012,0.14,0.14,0.058,7.34,96.735,5.505,0,0,5.517,5.521,NA,33
"5/26/2022 5:34:55 AM",6.925,29.997,51.301,81.604,73521.9,1034.041,34.011,0.133,0.133,0.087,7.337,96.735,5.505,0,0,5.517,5.52,NA,33
"5/26/2022 5:34:55 AM",7.08,29.995,51.3,81.601,73521.8,1034.042,34.012,0.117,0.117,0.058,7.33,96.871,5.513,0,0,5.525,5.528,NA,33
"5/26/2022 5:34:55 AM",7.241,29.995,51.299,81.599,73520.2,1034.041,34.011,0.133,0.133,0.102,7.327,96.83,5.511,0,0,5.523,5.526,NA,33
"5/26/2022 5:34:55 AM",7.476,29.993,51.299,81.597,73520.5,1034.043,34.011,0.133,0.133,0.058,7.325,96.917,5.515,0,0,5.528,5.531,NA,33
"5/26/2022 5:34:55 AM",7.61,29.993,51.296,81.593,73516.8,1034.041,34.009,0.14,0.14,0.058,7.319,96.75,5.506,0,0,5.518,5.522,NA,33
"5/26/2022 5:34:56 AM",7.761,29.994,51.295,81.593,73516.2,1034.041,34.008,0.133,0.133,0.044,7.317,96.768,5.507,0,0,5.519,5.523,NA,33
"5/26/2022 5:34:56 AM",7.91,29.995,51.294,81.594,73515,1034.041,34.007,0.14,0.14,0.102,7.319,96.814,5.51,0,0,5.522,5.525,NA,33
"5/26/2022 5:34:56 AM",8.169,29.997,51.29,81.59,73509.2,1034.038,34.003,0.133,0.133,0.073,7.279,96.906,5.515,0,0,5.527,5.531,NA,33
"5/26/2022 5:34:56 AM",8.324,29.998,51.288,81.59,73507,1034.037,34.001,0.133,0.133,0.116,7.271,96.811,5.509,0,0,5.522,5.525,NA,33
"5/26/2022 5:34:56 AM",8.461,29.999,51.283,81.584,73500.8,1034.033,33.997,0.133,0.133,0.073,7.273,96.873,5.513,0,0,5.525,5.529,NA,33
"5/26/2022 5:34:57 AM",8.61,29.999,51.283,81.585,73500.9,1034.034,33.997,0.133,0.133,0.073,7.282,96.898,5.514,0,0,5.527,5.53,NA,33
"5/26/2022 5:34:57 AM",8.756,29.999,51.282,81.583,73499.5,1034.034,33.996,0.195,0.195,0.116,7.281,96.779,5.508,0,0,5.52,5.524,NA,33
"5/26/2022 5:34:57 AM",8.966,29.999,51.28,81.58,73496.7,1034.033,33.995,0.133,0.133,0.058,7.288,96.87,5.513,0,0,5.525,5.528,NA,33
"5/26/2022 5:34:57 AM",9.098,29.999,51.279,81.579,73496,1034.033,33.994,0.14,0.14,0.058,7.279,96.892,5.514,0,0,5.526,5.53,NA,33
"5/26/2022 5:34:57 AM",9.281,29.999,51.277,81.575,73493.1,1034.032,33.992,0.14,0.14,0.073,7.277,96.825,5.511,0,0,5.523,5.526,NA,33
"5/26/2022 5:34:58 AM",9.477,29.999,51.277,81.576,73494.1,1034.033,33.993,0.125,0.125,0.058,7.281,96.754,5.507,0,0,5.519,5.522,NA,33
"5/26/2022 5:34:58 AM",9.696,29.999,51.275,81.573,73491.3,1034.032,33.991,0.117,0.117,0.102,7.284,96.803,5.509,0,0,5.521,5.525,NA,33
"5/26/2022 5:34:58 AM",9.788,29.998,51.273,81.57,73488.9,1034.031,33.99,0.125,0.125,0.058,7.283,96.762,5.507,0,0,5.519,5.523,NA,33
"5/26/2022 5:34:58 AM",9.903,29.999,51.269,81.566,73484.4,1034.029,33.987,0.125,0.125,0.073,7.291,96.795,5.509,0,0,5.521,5.525,NA,33
"5/26/2022 5:34:58 AM",10.066,29.998,51.268,81.564,73483.2,1034.029,33.986,0.133,0.133,0.073,7.289,96.857,5.512,0,0,5.525,5.528,NA,33
"5/26/2022 5:34:59 AM",10.266,29.998,51.266,81.56,73480,1034.028,33.984,0.133,0.133,0.087,7.295,96.669,5.502,0,0,5.514,5.518,NA,33
"5/26/2022 5:34:59 AM",10.58,29.999,51.264,81.558,73477.7,1034.028,33.983,0.133,0.133,0.073,7.302,96.64,5.5,0,0,5.512,5.516,NA,33
"5/26/2022 5:34:59 AM",10.778,29.999,51.261,81.556,73474.4,1034.026,33.98,0.125,0.125,0.058,7.304,96.756,5.507,0,0,5.519,5.523,NA,33
"5/26/2022 5:34:59 AM",10.973,30,51.259,81.555,73472.6,1034.025,33.979,0.117,0.117,0.073,7.306,96.772,5.508,0,0,5.52,5.523,NA,33
"5/26/2022 5:34:59 AM",11.145,30,51.258,81.553,73470.5,1034.025,33.978,0.133,0.133,0.073,7.3,96.723,5.505,0,0,5.517,5.521,NA,33
"5/26/2022 5:35:00 AM",11.384,30,51.254,81.548,73466,1034.023,33.975,0.125,0.125,0.087,7.297,96.774,5.508,0,0,5.52,5.524,NA,33
"5/26/2022 5:35:00 AM",11.537,29.999,51.254,81.546,73466.4,1034.024,33.975,0.133,0.133,0.087,7.302,96.862,5.513,0,0,5.525,5.529,NA,33
"5/26/2022 5:35:00 AM",11.669,29.999,51.251,81.542,73463,1034.023,33.973,0.125,0.125,0.058,7.309,96.765,5.507,0,0,5.52,5.523,NA,33
"5/26/2022 5:35:00 AM",11.815,29.998,51.249,81.539,73460.5,1034.022,33.972,0.133,0.133,0.058,7.306,96.551,5.496,0,0,5.508,5.511,NA,33
"5/26/2022 5:35:00 AM",12.072,29.998,51.245,81.533,73455.6,1034.02,33.969,0.14,0.14,0.044,7.309,96.666,5.502,0,0,5.514,5.518,NA,33
"5/26/2022 5:35:01 AM",12.234,29.998,51.246,81.534,73456.8,1034.021,33.97,0.133,0.133,0.058,7.312,96.601,5.498,0,0,5.51,5.514,NA,33
"5/26/2022 5:35:01 AM",12.338,29.998,51.242,81.53,73452.4,1034.019,33.967,0.14,0.14,0.029,7.314,96.686,5.503,0,0,5.515,5.519,NA,33
"5/26/2022 5:35:01 AM",12.392,29.999,51.24,81.527,73449.7,1034.018,33.965,0.125,0.125,0.058,7.313,96.664,5.502,0,0,5.514,5.518,NA,33
"5/26/2022 5:35:01 AM",12.401,29.998,51.238,81.523,73446.7,1034.016,33.963,0.14,0.14,0.073,7.316,96.659,5.502,0,0,5.514,5.518,NA,33
"5/26/2022 5:35:01 AM",12.314,29.999,51.233,81.517,73440.9,1034.012,33.96,0.133,0.133,0.044,7.317,96.574,5.498,0,0,5.51,5.513,NA,33
"5/26/2022 5:35:02 AM",12.18,29.998,51.232,81.514,73439.3,1034.011,33.959,0.133,0.133,0.058,7.319,96.618,5.5,0,0,5.512,5.515,NA,33
"5/26/2022 5:35:02 AM",11.989,29.997,51.23,81.51,73436.3,1034.008,33.957,0.133,0.133,0.073,7.317,96.572,5.497,0,0,5.509,5.513,NA,33
"5/26/2022 5:35:02 AM",11.742,29.996,51.227,81.504,73432.7,1034.005,33.955,0.133,0.133,0.058,7.314,96.603,5.499,0,0,5.511,5.515,NA,33
"5/26/2022 5:35:02 AM",11.388,29.996,51.222,81.498,73426.7,1034,33.952,0.148,0.148,0.058,7.334,96.802,5.511,0,0,5.523,5.526,NA,33
"5/26/2022 5:35:02 AM",11.179,29.996,51.219,81.493,73422.8,1033.997,33.95,0.14,0.14,0.087,7.339,96.654,5.502,0,0,5.515,5.518,NA,33
"5/26/2022 5:35:03 AM",10.95,29.997,51.214,81.488,73416.4,1033.992,33.945,0.133,0.133,0.073,7.339,96.764,5.509,0,0,5.521,5.524,NA,33
"5/26/2022 5:35:03 AM",10.752,29.998,51.211,81.483,73412.1,1033.988,33.943,0.125,0.125,0.029,7.329,96.656,5.502,0,0,5.515,5.518,NA,33
"5/26/2022 5:35:03 AM",10.568,29.997,51.209,81.48,73410.4,1033.987,33.942,0.117,0.117,0.029,7.317,96.735,5.507,0,0,5.519,5.523,NA,33
"5/26/2022 5:35:03 AM",10.372,29.997,51.204,81.474,73404,1033.982,33.938,0.14,0.14,0.058,7.316,96.672,5.504,0,0,5.516,5.52,NA,33
"5/26/2022 5:35:03 AM",10.243,29.997,51.201,81.469,73400,1033.979,33.936,0.14,0.14,0.087,7.323,96.574,5.498,0,0,5.51,5.514,NA,33
"5/26/2022 5:35:04 AM",10.111,29.998,51.195,81.462,73392.9,1033.974,33.931,0.133,0.133,0.073,7.319,96.631,5.502,0,0,5.514,5.517,NA,33
"5/26/2022 5:35:04 AM",10.008,29.997,51.194,81.46,73391.4,1033.973,33.93,0.14,0.14,0.029,7.325,96.653,5.503,0,0,5.515,5.519,NA,33
"5/26/2022 5:35:04 AM",9.876,29.997,51.192,81.456,73388.7,1033.971,33.929,0.148,0.148,0.058,7.338,96.604,5.5,0,0,5.513,5.516,NA,33
"5/26/2022 5:35:04 AM",9.793,29.997,51.186,81.449,73381.1,1033.966,33.924,0.125,0.125,0.058,7.334,96.47,5.493,0,0,5.505,5.509,NA,33
"5/26/2022 5:35:05 AM",9.725,29.997,51.183,81.445,73377.4,1033.963,33.922,0.133,0.133,0.029,7.34,96.557,5.498,0,0,5.511,5.514,NA,33
"5/26/2022 5:35:05 AM",9.658,29.997,51.182,81.443,73375.5,1033.962,33.921,0.156,0.156,0.044,7.348,96.596,5.5,0,0,5.513,5.516,NA,33
"5/26/2022 5:35:05 AM",9.592,29.998,51.178,81.439,73371.7,1033.959,33.918,0.133,0.133,0.044,7.342,96.628,5.503,0,0,5.515,5.518,NA,33
"5/26/2022 5:35:05 AM",9.585,29.998,51.176,81.435,73368.5,1033.957,33.917,0.148,0.148,0.058,7.325,96.649,5.504,0,0,5.516,5.519,NA,33
"5/26/2022 5:35:05 AM",9.569,29.998,51.176,81.435,73368.2,1033.957,33.916,0.14,0.14,0.058,7.328,96.647,5.503,0,0,5.516,5.519,NA,33
"5/26/2022 5:35:06 AM",9.508,29.998,51.171,81.428,73362.2,1033.953,33.913,0.14,0.14,0.029,7.331,96.616,5.502,0,0,5.514,5.518,NA,33
"5/26/2022 5:35:06 AM",9.387,29.998,51.169,81.426,73359.1,1033.951,33.911,0.133,0.133,0.058,7.335,96.574,5.5,0,0,5.512,5.516,NA,33
"5/26/2022 5:35:06 AM",9.086,29.997,51.164,81.418,73353.6,1033.946,33.908,0.133,0.133,0.058,7.333,96.595,5.501,0,0,5.513,5.517,NA,33
"5/26/2022 5:35:06 AM",8.848,29.997,51.16,81.412,73348,1033.942,33.904,0.125,0.125,0.058,7.338,96.656,5.504,0,0,5.516,5.52,NA,33
"5/26/2022 5:35:06 AM",8.64,29.996,51.158,81.409,73346.5,1033.94,33.904,0.133,0.133,0.029,7.34,96.661,5.505,0,0,5.517,5.52,NA,33
"5/26/2022 5:35:07 AM",8.475,29.997,51.155,81.404,73342.1,1033.937,33.901,0.133,0.133,0.015,7.343,96.642,5.504,0,0,5.516,5.519,NA,33
"5/26/2022 5:35:07 AM",8.311,29.997,51.154,81.403,73340.3,1033.935,33.9,0.148,0.148,0.058,7.341,96.527,5.497,0,0,5.509,5.513,NA,33
"5/26/2022 5:35:07 AM",8.016,29.997,51.151,81.399,73336.9,1033.932,33.898,0.133,0.133,0.073,7.343,96.649,5.504,0,0,5.516,5.52,NA,33
"5/26/2022 5:35:07 AM",7.797,29.997,51.15,81.398,73335.4,1033.93,33.897,0.133,0.133,0.015,7.345,96.678,5.506,0,0,5.518,5.522,NA,33
"5/26/2022 5:35:07 AM",7.59,29.998,51.147,81.394,73331.3,1033.927,33.894,0.148,0.148,0.058,7.346,96.637,5.504,0,0,5.516,5.519,NA,33
"5/26/2022 5:35:08 AM",7.382,29.998,51.144,81.39,73327.7,1033.924,33.892,0.14,0.14,0.044,7.34,96.65,5.504,0,0,5.516,5.52,NA,33
"5/26/2022 5:35:08 AM",7.104,29.998,51.141,81.387,73324.1,1033.92,33.89,0.148,0.148,0.073,7.346,96.612,5.502,0,0,5.515,5.518,NA,33
"5/26/2022 5:35:08 AM",6.927,29.998,51.147,81.395,73331.3,1033.924,33.894,0.148,0.148,0.044,7.349,96.668,5.505,0,0,5.517,5.521,NA,33
"5/26/2022 5:35:08 AM",6.739,29.998,51.144,81.39,73327.9,1033.921,33.893,0.156,0.156,0.073,7.35,96.655,5.504,0,0,5.517,5.52,NA,33
"5/26/2022 5:35:08 AM",6.557,29.998,51.141,81.386,73323.3,1033.918,33.89,0.148,0.148,0.044,7.351,96.546,5.499,0,0,5.511,5.514,NA,33
"5/26/2022 5:35:09 AM",6.451,29.999,51.14,81.386,73322.4,1033.917,33.889,0.14,0.14,0.058,7.353,96.546,5.499,0,0,5.511,5.514,NA,33
"5/26/2022 5:35:09 AM",6.345,30,51.135,81.38,73315.8,1033.912,33.885,0.14,0.14,0.102,7.348,96.663,5.505,0,0,5.517,5.521,NA,33
"5/26/2022 5:35:09 AM",6.327,30,51.134,81.378,73314,1033.911,33.884,0.148,0.148,0.087,7.349,96.658,5.505,0,0,5.517,5.52,NA,33
"5/26/2022 5:35:09 AM",6.341,30,51.132,81.375,73311.4,1033.909,33.882,0.14,0.14,0.073,7.35,96.643,5.504,0,0,5.516,5.52,NA,33
"5/26/2022 5:35:09 AM",6.336,30,51.126,81.368,73304.7,1033.905,33.878,0.14,0.14,0.058,7.349,96.504,5.496,0,0,5.509,5.512,NA,33
"5/26/2022 5:35:10 AM",6.275,30,51.123,81.364,73301.3,1033.903,33.876,0.133,0.133,0.058,7.351,96.621,5.503,0,0,5.515,5.519,NA,33
"5/26/2022 5:35:10 AM",6.213,30,51.119,81.358,73295.7,1033.899,33.872,0.14,0.14,0.058,7.352,96.484,5.495,0,0,5.507,5.511,NA,33
"5/26/2022 5:35:10 AM",6.117,30,51.115,81.353,73291.2,1033.896,33.87,0.133,0.133,0.058,7.353,96.504,5.497,0,0,5.509,5.512,NA,33
"5/26/2022 5:35:10 AM",5.987,30,51.113,81.349,73288.1,1033.893,33.868,0.14,0.14,0.044,7.351,96.579,5.501,0,0,5.513,5.517,NA,33
"5/26/2022 5:35:10 AM",5.757,29.999,51.106,81.339,73279.6,1033.888,33.863,0.125,0.125,0.044,7.348,96.617,5.503,0,0,5.516,5.519,NA,33
"5/26/2022 5:35:11 AM",5.612,29.998,51.107,81.338,73281,1033.888,33.864,0.133,0.133,0.058,7.344,96.629,5.504,0,0,5.517,5.52,NA,33
"5/26/2022 5:35:11 AM",5.438,29.998,51.103,81.332,73275.9,1033.884,33.861,0.133,0.133,0.116,7.344,96.589,5.502,0,0,5.514,5.518,NA,33
"5/26/2022 5:35:11 AM",5.245,29.998,51.099,81.327,73270.5,1033.88,33.858,0.125,0.125,0.073,7.347,96.65,5.506,0,0,5.518,5.521,NA,33
"5/26/2022 5:35:11 AM",5.024,29.997,51.095,81.32,73265.5,1033.877,33.855,0.14,0.14,0.044,7.35,96.642,5.505,0,0,5.518,5.521,NA,33
"5/26/2022 5:35:11 AM",4.652,29.997,51.087,81.309,73256.3,1033.87,33.85,0.148,0.148,0.073,7.353,96.598,5.503,0,0,5.515,5.519,NA,33
"5/26/2022 5:35:12 AM",4.388,29.997,51.084,81.304,73252.1,1033.866,33.847,0.14,0.14,0.029,7.349,96.621,5.504,0,0,5.517,5.52,NA,33
"5/26/2022 5:35:12 AM",4.156,29.996,51.08,81.297,73246.8,1033.862,33.844,0.14,0.14,0.073,7.348,96.609,5.504,0,0,5.516,5.519,NA,33
"5/26/2022 5:35:12 AM",3.987,29.995,51.077,81.292,73242.8,1033.859,33.842,0.14,0.14,0.058,7.348,96.609,5.504,0,0,5.516,5.52,NA,33
"5/26/2022 5:35:12 AM",3.801,29.996,51.073,81.287,73237.5,1033.855,33.839,0.14,0.14,0.058,7.355,96.641,5.506,0,0,5.518,5.521,NA,33
"5/26/2022 5:35:12 AM",3.695,29.997,51.068,81.281,73231.3,1033.851,33.835,0.14,0.14,0.044,7.356,96.706,5.509,0,0,5.522,5.525,NA,33
"5/26/2022 5:35:13 AM",3.581,29.997,51.066,81.28,73229.2,1033.849,33.834,0.117,0.117,0.058,7.357,96.545,5.5,0,0,5.513,5.516,NA,33
"5/26/2022 5:35:13 AM",3.506,29.997,51.063,81.275,73224.8,1033.846,33.831,0.133,0.133,0.058,7.358,96.423,5.494,0,0,5.506,5.509,NA,33
"5/26/2022 5:35:13 AM",3.448,29.996,51.058,81.267,73219.4,1033.843,33.828,0.148,0.148,0.044,7.351,96.573,5.502,0,0,5.515,5.518,NA,33
"5/26/2022 5:35:13 AM",3.429,29.996,51.055,81.263,73215,1033.84,33.825,0.156,0.156,0.058,7.348,96.593,5.503,0,0,5.516,5.519,NA,33
"5/26/2022 5:35:13 AM",3.438,29.996,51.054,81.261,73213.7,1033.839,33.824,0.148,0.148,0.073,7.342,96.521,5.5,0,0,5.512,5.515,NA,33
"5/26/2022 5:35:14 AM",3.428,29.996,51.052,81.258,73211.8,1033.838,33.823,0.148,0.148,0.087,7.335,96.546,5.501,0,0,5.513,5.517,NA,33
"5/26/2022 5:35:14 AM",3.379,29.996,51.049,81.255,73207.9,1033.835,33.821,0.133,0.133,0.073,7.341,96.669,5.508,0,0,5.52,5.524,NA,33
"5/26/2022 5:35:14 AM",3.25,29.996,51.046,81.251,73204.4,1033.833,33.819,0.133,0.133,0.073,7.347,96.581,5.503,0,0,5.516,5.519,NA,33
"5/26/2022 5:35:14 AM",3.169,29.996,51.043,81.246,73200.7,1033.83,33.817,0.133,0.133,0.044,7.353,96.54,5.501,0,0,5.513,5.517,NA,33
"5/26/2022 5:35:15 AM",3.092,29.996,51.04,81.242,73197,1033.828,33.814,0.148,0.148,0.044,7.355,96.662,5.508,0,0,5.52,5.524,NA,33
"5/26/2022 5:35:15 AM",2.981,29.996,51.038,81.239,73194.2,1033.825,33.813,0.14,0.14,0.029,7.355,96.691,5.51,0,0,5.522,5.525,NA,33
"5/26/2022 5:35:15 AM",2.854,29.995,51.035,81.233,73189.9,1033.822,33.81,0.125,0.125,0.073,7.36,96.567,5.503,0,0,5.515,5.518,NA,33
"5/26/2022 5:35:15 AM",2.62,29.994,51.032,81.228,73186.7,1033.82,33.809,0.14,0.14,0.044,7.36,96.683,5.51,0,0,5.522,5.525,NA,33
"5/26/2022 5:35:15 AM",2.437,29.993,51.03,81.224,73184.6,1033.818,33.808,0.179,0.179,0.044,7.356,96.595,5.505,0,0,5.517,5.52,NA,33
"5/26/2022 5:35:16 AM",2.238,29.994,51.026,81.219,73179.4,1033.814,33.805,0.148,0.148,0.029,7.353,96.594,5.505,0,0,5.517,5.52,NA,33
"5/26/2022 5:35:16 AM",2.034,29.994,51.024,81.216,73176.2,1033.811,33.803,0.14,0.14,0.058,7.35,96.622,5.506,0,0,5.519,5.522,NA,33
"5/26/2022 5:35:16 AM",1.866,29.995,51.021,81.214,73172.5,1033.808,33.8,0.133,0.133,0.102,7.353,96.603,5.505,0,0,5.518,5.521,NA,33
"5/26/2022 5:35:16 AM",1.793,29.996,51.014,81.205,73163.4,1033.802,33.794,0.14,0.14,0.087,7.344,96.549,5.502,0,0,5.515,5.518,NA,33
"5/26/2022 5:35:16 AM",1.76,29.996,51.01,81.2,73158.9,1033.799,33.791,0.148,0.148,0.102,7.345,96.54,5.502,0,0,5.514,5.518,NA,33
"5/26/2022 5:35:17 AM",1.728,29.997,51.007,81.197,73154.8,1033.796,33.789,0.14,0.14,0.073,7.349,96.706,5.512,0,0,5.524,5.527,NA,33
"5/26/2022 5:35:17 AM",1.701,29.997,51.003,81.192,73149.9,1033.793,33.786,0.14,0.14,0.087,7.346,96.628,5.507,0,0,5.52,5.523,NA,33
"5/26/2022 5:35:17 AM",1.682,29.997,51.001,81.189,73147.7,1033.792,33.784,0.14,0.14,0.058,7.353,96.658,5.509,0,0,5.521,5.525,NA,33
"5/26/2022 5:35:17 AM",1.643,29.997,50.998,81.185,73144,1033.789,33.782,0.187,0.187,0.087,7.351,96.705,5.512,0,0,5.524,5.528,NA,33
"5/26/2022 5:35:17 AM",1.577,29.997,50.997,81.183,73141.8,1033.788,33.781,0.164,0.164,0.058,7.352,96.644,5.508,0,0,5.521,5.524,NA,33
"5/26/2022 5:35:18 AM",1.478,29.996,50.994,81.178,73138.9,1033.786,33.779,0.156,0.156,0.058,7.348,96.636,5.508,0,0,5.52,5.524,NA,33
"5/26/2022 5:35:18 AM",1.28,29.996,50.989,81.17,73131.8,1033.781,33.775,0.14,0.14,0.073,7.351,96.681,5.511,0,0,5.523,5.527,NA,33
"5/26/2022 5:35:18 AM",1.16,29.996,50.986,81.166,73128.5,1033.778,33.773,0.148,0.148,0.146,7.349,96.779,5.516,0,0,5.529,5.532,NA,33
"5/26/2022 5:35:18 AM",1.07,29.996,50.984,81.163,73125.6,1033.776,33.771,0.148,0.148,0.102,7.343,96.61,5.507,0,0,5.519,5.522,NA,33
"5/26/2022 5:35:18 AM",0.973,29.996,50.974,81.149,73113.3,1033.768,33.764,0.148,0.148,0.029,7.351,96.632,5.508,0,0,5.521,5.524,NA,33
"5/26/2022 5:35:19 AM",0.83,29.997,50.96,81.131,73096,1033.757,33.753,0.187,0.187,0.102,7.354,96.739,5.515,0,0,5.527,5.53,NA,33
"5/26/2022 5:35:19 AM",0.768,29.996,50.957,81.127,73092.5,1033.755,33.751,0.164,0.164,0.116,7.349,96.67,5.511,0,0,5.523,5.527,NA,33
"5/26/2022 5:35:19 AM",0.693,29.996,50.957,81.127,73092.8,1033.754,33.751,0.156,0.156,0.218,7.362,96.617,5.508,0,0,5.52,5.523,NA,33
"5/26/2022 5:35:19 AM",0.568,29.997,50.952,81.12,73085.8,1033.749,33.747,0.203,0.203,0.131,7.38,96.592,5.507,0,0,5.519,5.522,NA,33
"5/26/2022 5:35:19 AM",0.373,29.996,50.945,81.11,73077.4,1033.744,33.742,0.156,0.156,0.087,7.376,96.633,5.509,0,0,5.521,5.525,NA,33
"5/26/2022 5:35:20 AM",0,29.997,50.936,81.098,73066.1,1033.735,33.735,0.156,0.156,0.087,7.379,96.629,5.509,0,0,5.522,5.525,NA,33
"5/26/2022 5:35:20 AM",0,29.997,50.931,81.091,73059.7,1033.731,33.731,39.308,39.308,34.801,7.379,96.645,5.51,0,0,5.522,5.526,NA,33
"5/26/2022 5:35:20 AM",0,29.981,23.96,41.568,37462.9,1013.479,13.48,351.057,351.057,705.378,7.376,96.691,6.393,0,0,6.412,6.412,NA,33
"5/26/2022 5:35:20 AM",0,29.971,1.747,3.685,3321.4,996.964,0,506.05,506.05,1256.3,7.375,96.661,7.221,0,0,7.242,7.242,NA,33
"5/26/2022 5:35:20 AM",0,29.835,1.056,2.281,2061.6,996.489,0,436.218,436.218,614.147,7.373,96.435,7.232,0,0,7.253,7.253,NA,33
"5/26/2022 5:35:21 AM",0,29.788,0.937,2.033,1839.5,996.414,0,403.369,403.369,1254.084,7.376,96.338,7.231,0,0,7.252,7.252,NA,33
"5/26/2022 5:35:21 AM",0,29.787,0.83,1.81,1637.6,996.334,0,360.855,360.855,968.637,7.376,96.166,7.223,0,0,7.244,7.244,NA,33
"5/26/2022 5:35:21 AM",0,29.792,0.755,1.654,1495.9,996.276,0,506.05,506.05,931.559,7.376,96.096,7.222,0,0,7.243,7.243,NA,33
"5/26/2022 5:35:21 AM",0,29.629,0.684,1.501,1362.2,996.273,0,327.296,327.296,270.071,7.376,96.094,7.226,0,0,7.247,7.247,NA,33
"5/26/2022 5:35:21 AM",0,29.484,0.618,1.356,1234.7,996.266,0,463.848,463.848,647.267,7.371,95.95,7.221,0,0,7.241,7.241,NA,33
"5/26/2022 5:35:22 AM",0,29.365,0.601,1.318,1202.4,996.289,0,314.331,314.331,484.959,7.37,95.944,7.222,0,0,7.243,7.243,NA,33
"5/26/2022 5:35:22 AM",0,29.278,0.535,1.176,1074.8,996.265,0,127.347,127.347,233.938,7.369,95.724,7.21,0,0,7.231,7.231,NA,33
"5/26/2022 5:35:22 AM",0,29.175,0.521,1.144,1047.8,996.285,0,429.868,429.868,210.739,7.367,95.861,7.222,0,0,7.243,7.243,NA,33
"5/26/2022 5:35:22 AM",0,29.032,0.506,1.11,1019.3,996.316,0,142.793,142.793,120.196,7.358,95.464,7.195,0,0,7.216,7.216,NA,33
"5/26/2022 5:35:22 AM",0,28.97,0.573,1.249,1149.1,996.385,0,85.785,85.785,95.98,7.361,95.497,7.196,0,0,7.217,7.217,NA,33
"5/26/2022 5:35:23 AM",0,28.678,0.457,1,925,996.383,0,47.062,47.062,47.345,7.362,95.488,7.202,0,0,7.223,7.223,NA,33
"5/26/2022 5:35:23 AM",0,28.432,0.436,0.95,883.1,996.438,0,34.526,34.526,61.397,7.357,95.29,7.188,0,0,7.209,7.209,NA,33
"5/26/2022 5:35:23 AM",0,28.031,0.424,0.919,861.2,996.545,0,64.676,64.676,115.068,7.354,95.123,7.18,0,0,7.201,7.201,NA,33
"5/26/2022 5:35:23 AM",0,27.79,0.409,0.882,831.3,996.602,0,208.194,208.194,125.469,7.354,95.143,7.184,0,0,7.204,7.205,NA,33
"5/26/2022 5:35:24 AM",0,27.769,0.409,0.881,830.5,996.607,0,206.135,206.135,181.681,7.353,94.855,7.164,0,0,7.184,7.184,NA,33
"5/26/2022 5:35:24 AM",0,27.837,0.382,0.827,778.8,996.569,0,132.48,132.48,104.564,7.336,94.926,7.172,0,0,7.192,7.192,NA,33
"5/26/2022 5:35:24 AM",0,27.835,0.364,0.789,742.8,996.555,0,38.309,38.309,30.691,7.331,94.761,7.161,0,0,7.182,7.182,NA,33
"5/26/2022 5:35:24 AM",0,27.931,0.357,0.774,727.5,996.522,0,8.752,8.752,5.34,7.334,94.607,7.153,0,0,7.173,7.173,NA,33
"5/26/2022 5:35:24 AM",0,27.938,0.346,0.753,707.2,996.513,0,14.385,14.385,10.66,7.332,94.505,7.148,0,0,7.169,7.169,NA,33
"5/26/2022 5:35:25 AM",0,27.817,0.341,0.74,696.9,996.543,0,21.444,21.444,11.85,7.329,94.429,7.146,0,0,7.166,7.166,NA,33
"5/26/2022 5:35:25 AM",0,27.752,0.335,0.727,685.1,996.557,0,28.465,28.465,21.561,7.33,94.472,7.153,0,0,7.173,7.174,NA,33
"5/26/2022 5:35:25 AM",0,27.771,0.39,0.843,794.4,996.593,0,22.809,22.809,14.382,7.333,94.426,7.15,0,0,7.17,7.171,NA,33
"5/26/2022 5:35:25 AM",0,27.809,0.33,0.716,674.1,996.537,0,6.872,6.872,5.443,7.335,94.406,7.153,0,0,7.173,7.173,NA,33
"5/26/2022 5:35:25 AM",0,27.703,0.357,0.772,728.5,996.587,0,3.448,3.448,2.273,7.336,94.256,7.143,0,0,7.163,7.163,NA,33
"5/26/2022 5:35:26 AM",0,27.491,0.385,0.828,785.1,996.668,0,1.217,1.217,0.801,7.33,94.025,7.126,0,0,7.146,7.146,NA,33
"5/26/2022 5:35:26 AM",0,27.137,0.341,0.729,696.6,996.733,0,0.398,0.398,0.335,7.318,93.761,7.11,0,0,7.131,7.131,NA,33
"5/26/2022 5:35:26 AM",0,26.929,0.34,0.726,696.3,996.79,0,2.192,2.192,0.466,7.328,93.536,7.095,0,0,7.115,7.115,NA,33
"5/26/2022 5:35:26 AM",0,26.812,0.307,0.655,629.8,996.797,0,2.403,2.403,0.379,7.328,93.296,7.079,0,0,7.099,7.099,NA,33
"5/26/2022 5:35:26 AM",0,26.902,0.297,0.635,609.4,996.765,0,0.889,0.889,0.335,7.318,93.011,7.059,0,0,7.079,7.08,NA,33
"5/26/2022 5:35:27 AM",0,26.984,0.306,0.654,626.7,996.749,0,1.24,1.24,0.408,7.326,92.803,7.045,0,0,7.065,7.065,NA,33
"5/26/2022 5:35:27 AM",0,27.066,0.305,0.653,624.8,996.726,0,0.991,0.991,3.295,7.326,93.227,7.083,0,0,7.103,7.103,NA,33
"5/26/2022 5:35:27 AM",0,27.098,0.287,0.617,589.4,996.703,0,0.647,0.647,9.398,7.323,92.993,7.069,0,0,7.089,7.089,NA,33
"5/26/2022 5:35:27 AM",0,27.132,0.281,0.605,577.8,996.69,0,1.123,1.123,15.856,7.32,93.092,7.078,0,0,7.098,7.099,NA,33
"5/26/2022 5:35:27 AM",0,28.512,1.485,3.072,2852.1,997.202,0,3.362,3.362,14.072,7.328,95.817,7.232,0,0,7.252,7.252,NA,33
"5/26/2022 5:35:28 AM",0,30.603,0.998,2.193,1952.3,996.211,0,2.286,2.286,11.439,7.412,96.109,7.239,0,0,7.26,7.26,NA,33
"5/26/2022 5:35:28 AM",0,30.817,0.868,1.926,1707.4,996.048,0,2.106,2.106,11.101,7.475,95.514,7.178,0,0,7.199,7.199,NA,33
"5/26/2022 5:35:28 AM",0,30.852,0.842,1.872,1658.6,996.017,0,2.044,2.044,11.101,7.542,95.075,7.131,0,0,7.151,7.151,NA,33
"5/26/2022 5:35:28 AM",0,30.874,0.856,1.904,1685.7,996.022,0,2.028,2.028,11.13,7.602,94.888,7.104,0,0,7.124,7.124,NA,33
"5/26/2022 5:35:28 AM",0,30.887,0.807,1.8,1593.3,995.981,0,2.02,2.02,11.174,7.647,94.64,7.077,0,0,7.098,7.098,NA,33
"5/26/2022 5:35:29 AM",0,30.872,0.817,1.82,1611.4,995.993,0,1.981,1.981,11.13,7.687,94.508,7.057,0,0,7.078,7.078,NA,33
"5/26/2022 5:35:29 AM",0,30.882,0.782,1.746,1545.9,995.964,0,1.966,1.966,11.072,7.706,94.48,7.052,0,0,7.072,7.072,NA,33
"5/26/2022 5:35:29 AM",0,30.879,0.793,1.77,1567.2,995.973,0,1.966,1.966,11.101,7.726,94.33,7.036,0,0,7.057,7.057,NA,33
"5/26/2022 5:35:29 AM",0,30.881,0.812,1.81,1602.9,995.986,0,1.966,1.966,11.116,7.739,94.279,7.03,0,0,7.05,7.05,NA,33
"5/26/2022 5:35:29 AM",0,30.874,0.781,1.744,1544.3,995.965,0,1.95,1.95,11.16,7.774,94.007,7.008,0,0,7.028,7.028,NA,33
"5/26/2022 5:35:30 AM",0,30.874,0.83,1.847,1635.9,996.002,0,1.974,1.974,11.16,7.793,93.923,6.998,0,0,7.018,7.018,NA,33
"5/26/2022 5:35:30 AM",0,30.871,0.833,1.854,1642.3,996.005,0,1.958,1.958,11.145,7.806,93.947,6.998,0,0,7.018,7.018,NA,33
"5/26/2022 5:35:30 AM",0,30.876,0.81,1.806,1599.3,995.986,0,1.95,1.95,11.116,7.827,93.876,6.992,0,0,7.013,7.013,NA,33
"5/26/2022 5:35:30 AM",0,30.876,0.816,1.818,1609.6,995.991,0,1.966,1.966,11.086,7.834,93.671,6.975,0,0,6.995,6.995,NA,33
"5/26/2022 5:35:30 AM",0,30.863,0.788,1.759,1558.1,995.974,0,1.966,1.966,11.145,7.859,93.802,6.986,0,0,7.006,7.006,NA,33
"5/26/2022 5:35:31 AM",0,30.854,0.788,1.757,1556.7,995.977,0,1.966,1.966,11.101,7.869,93.679,6.976,0,0,6.996,6.996,NA,33
"5/26/2022 5:35:31 AM",0,30.846,0.77,1.72,1524.3,995.966,0,1.966,1.966,11.086,7.874,93.682,6.976,0,0,6.996,6.996,NA,33
"5/26/2022 5:35:31 AM",0,30.847,0.776,1.731,1534.1,995.97,0,1.958,1.958,11.072,7.884,93.686,6.976,0,0,6.996,6.996,NA,33
"5/26/2022 5:35:31 AM",0,30.852,0.766,1.712,1516.3,995.961,0,1.958,1.958,11.101,7.885,93.499,6.961,0,0,6.981,6.981,NA,33
"5/26/2022 5:35:31 AM",0,30.845,0.753,1.683,1491.4,995.953,0,1.958,1.958,11.086,7.886,93.516,6.963,0,0,6.983,6.983,NA,33
"5/26/2022 5:35:32 AM",0,30.839,0.735,1.644,1456.8,995.942,0,1.974,1.974,11.086,7.894,93.493,6.962,0,0,6.982,6.982,NA,33
"5/26/2022 5:35:32 AM",0,30.827,0.714,1.599,1417.6,995.93,0,1.981,1.981,11.072,7.899,93.421,6.957,0,0,6.977,6.977,NA,33
"5/26/2022 5:35:32 AM",0,30.818,0.686,1.539,1364,995.912,0,1.95,1.95,11.101,7.907,93.273,6.948,0,0,6.968,6.968,NA,33
"5/26/2022 5:35:32 AM",0,30.818,0.685,1.537,1362.5,995.911,0,1.958,1.958,11.116,7.906,93.319,6.951,0,0,6.971,6.971,NA,33
"5/26/2022 5:35:32 AM",0,30.812,0.672,1.509,1337.7,995.903,0,1.974,1.974,11.116,7.908,93.357,6.955,0,0,6.975,6.975,NA,33
"5/26/2022 5:35:33 AM",0,30.809,0.675,1.514,1342.8,995.906,0,1.958,1.958,11.101,7.914,93.266,6.948,0,0,6.968,6.968,NA,33
"5/26/2022 5:35:33 AM",0,30.806,0.672,1.508,1337.2,995.905,0,1.958,1.958,11.072,7.92,93.072,6.933,0,0,6.953,6.953,NA,33
"5/26/2022 5:35:33 AM",0,30.808,0.668,1.499,1329,995.901,0,1.966,1.966,11.072,7.926,93.166,6.941,0,0,6.961,6.961,NA,33
"5/26/2022 5:35:33 AM",0,30.805,0.669,1.502,1331.6,995.903,0,1.958,1.958,11.086,7.931,93.3,6.951,0,0,6.971,6.971,NA,33
"5/26/2022 5:35:34 AM",0,30.802,0.669,1.501,1331.3,995.904,0,1.935,1.935,11.116,7.924,93.196,6.943,0,0,6.963,6.963,NA,33
"5/26/2022 5:35:34 AM",0,30.804,0.663,1.488,1319.2,995.899,0,1.942,1.942,11.086,7.918,93.161,6.94,0,0,6.96,6.96,NA,33
"5/26/2022 5:35:34 AM",0,30.802,0.663,1.488,1319.2,995.899,0,1.95,1.95,11.116,7.936,93.156,6.94,0,0,6.96,6.96,NA,33
"5/26/2022 5:35:34 AM",0,30.798,0.66,1.483,1315,995.899,0,1.966,1.966,11.116,7.945,93.087,6.935,0,0,6.955,6.955,NA,33
"5/26/2022 5:35:34 AM",0,30.799,0.646,1.453,1288.6,995.888,0,1.958,1.958,11.101,7.949,93.132,6.939,0,0,6.959,6.959,NA,33
"5/26/2022 5:35:35 AM",0,30.798,0.648,1.457,1292.4,995.89,0,1.958,1.958,11.086,7.95,93.079,6.935,0,0,6.955,6.955,NA,33
"5/26/2022 5:35:35 AM",0,30.796,0.645,1.45,1286.4,995.888,0,1.974,1.974,11.116,7.925,93.04,6.933,0,0,6.953,6.953,NA,33
"5/26/2022 5:35:35 AM",0,30.793,0.643,1.444,1281,995.887,0,1.966,1.966,11.145,7.939,93.151,6.941,0,0,6.961,6.961,NA,33
"5/26/2022 5:35:35 AM",0,30.79,0.642,1.443,1279.7,995.888,0,1.958,1.958,11.116,7.931,93.11,6.939,0,0,6.959,6.959,NA,33
"5/26/2022 5:42:31 AM",0.116,29.989,50.996,81.168,73141,1033.784,33.783,0.203,0.203,0.335,7.226,96.451,5.479,0,0,5.491,5.494,NA,33
"5/26/2022 5:42:31 AM",0.119,29.988,50.999,81.173,73145.4,1033.786,33.786,0.273,0.273,0.262,7.245,96.462,5.479,0,0,5.491,5.494,NA,33
"5/26/2022 5:42:31 AM",0.111,29.988,50.994,81.164,73138.6,1033.783,33.782,0.211,0.211,0.218,7.264,96.259,5.468,0,0,5.48,5.483,NA,33
"5/26/2022 5:42:31 AM",0.086,29.985,50.997,81.165,73143.6,1033.786,33.786,0.226,0.226,0.248,7.284,96.369,5.474,0,0,5.486,5.49,NA,33
"5/26/2022 5:42:31 AM",0.058,29.985,50.998,81.166,73144.2,1033.786,33.786,0.374,0.374,0.349,7.298,96.303,5.471,0,0,5.483,5.486,NA,33
"5/26/2022 5:42:32 AM",0.005,29.986,50.996,81.165,73142.1,1033.785,33.785,0.281,0.281,0.364,7.321,96.242,5.468,0,0,5.48,5.483,NA,33
"5/26/2022 5:42:32 AM",0,29.986,50.997,81.166,73142.8,1033.785,33.785,0.226,0.226,0.437,7.336,96.292,5.47,0.085,0,5.482,5.486,NA,33
"5/26/2022 5:42:32 AM",0,29.986,50.991,81.157,73135.3,1033.781,33.781,0.593,0.593,0.466,7.35,96.289,5.471,0.17,0,5.483,5.487,NA,33
"5/26/2022 5:42:32 AM",0.053,29.987,50.999,81.17,73145,1033.786,33.786,0.944,0.944,0.335,7.367,96.313,5.472,0.17,0,5.484,5.488,NA,33
"5/26/2022 5:42:32 AM",0.211,29.989,50.998,81.172,73143.2,1033.785,33.784,0.289,0.289,0.233,7.398,96.305,5.473,0,0,5.485,5.488,NA,33
"5/26/2022 5:42:33 AM",0.373,29.99,50.995,81.169,73140.3,1033.784,33.782,0.211,0.211,0.233,7.418,96.327,5.474,0,0,5.486,5.489,NA,33
"5/26/2022 5:42:33 AM",0.548,29.989,50.996,81.17,73142,1033.786,33.784,0.179,0.179,0.349,7.434,96.294,5.472,0,0,5.484,5.488,NA,33
"5/26/2022 5:42:33 AM",0.706,29.991,51.003,81.182,73150.2,1033.791,33.788,0.156,0.156,0.218,7.452,96.295,5.472,0,0,5.485,5.488,NA,33
"5/26/2022 5:42:33 AM",0.821,29.992,51.002,81.184,73149.3,1033.79,33.787,0.172,0.172,0.175,7.47,96.318,5.474,0,0,5.486,5.489,NA,33
"5/26/2022 5:42:33 AM",0.95,29.992,51.007,81.189,73155.5,1033.795,33.791,0.203,0.203,0.233,7.487,96.305,5.473,0,0,5.485,5.488,NA,33
"5/26/2022 5:42:34 AM",1.04,29.993,51.009,81.194,73157.8,1033.796,33.792,0.187,0.187,0.291,7.5,96.267,5.47,0,0,5.482,5.486,NA,33
"5/26/2022 5:42:34 AM",1.104,29.995,51.009,81.195,73156.8,1033.795,33.791,0.195,0.195,0.175,7.508,96.354,5.475,0,0,5.487,5.491,NA,33
"5/26/2022 5:42:34 AM",1.156,29.994,51.012,81.199,73160.8,1033.798,33.793,0.203,0.203,0.131,7.516,96.31,5.473,0,0,5.485,5.489,NA,33
"5/26/2022 5:42:34 AM",1.203,29.995,51.015,81.204,73164.4,1033.8,33.795,0.164,0.164,0.116,7.532,96.319,5.473,0,0,5.485,5.489,NA,33
"5/26/2022 5:42:34 AM",1.222,29.996,51.015,81.207,73165.3,1033.801,33.796,0.14,0.14,0.087,7.539,96.303,5.472,0,0,5.484,5.488,NA,33
"5/26/2022 5:42:35 AM",1.226,29.995,51.016,81.206,73165.4,1033.801,33.796,0.156,0.156,0.102,7.545,96.209,5.467,0,0,5.479,5.483,NA,33
"5/26/2022 5:42:35 AM",1.212,29.996,51.015,81.206,73164.6,1033.8,33.795,0.172,0.172,0.102,7.545,96.297,5.472,0,0,5.484,5.487,NA,33
"5/26/2022 5:42:35 AM",1.169,29.996,51.016,81.207,73165.4,1033.801,33.796,0.25,0.25,0.131,7.548,96.427,5.479,0,0,5.492,5.495,NA,33
"5/26/2022 5:42:35 AM",1.118,29.996,51.014,81.204,73163.2,1033.799,33.794,0.281,0.281,0.248,7.551,96.286,5.471,0,0,5.483,5.487,NA,33
"5/26/2022 5:42:35 AM",1.059,29.996,51.012,81.201,73160.7,1033.797,33.793,0.226,0.226,0.349,7.555,96.321,5.474,0,0,5.486,5.49,NA,33
"5/26/2022 5:42:36 AM",0.998,29.996,51.012,81.202,73161.3,1033.798,33.793,0.156,0.156,0.175,7.561,96.275,5.471,0,0,5.483,5.487,NA,33
"5/26/2022 5:42:36 AM",0.951,29.996,51.008,81.196,73155.6,1033.794,33.79,0.187,0.187,0.087,7.564,96.354,5.476,0,0,5.488,5.491,NA,33
"5/26/2022 5:42:36 AM",0.835,29.996,50.999,81.184,73144.5,1033.787,33.783,0.148,0.148,0.102,7.565,96.342,5.475,0,0,5.487,5.491,NA,33
"5/26/2022 5:42:36 AM",0.764,29.994,50.998,81.181,73144,1033.786,33.783,0.133,0.133,0.102,7.568,96.327,5.475,0,0,5.487,5.491,NA,33
"5/26/2022 5:42:36 AM",0.642,29.993,50.994,81.173,73138,1033.783,33.78,0.14,0.14,0.116,7.57,96.39,5.479,0,0,5.491,5.494,NA,33
"5/26/2022 5:42:37 AM",0.517,29.99,50.993,81.166,73137.5,1033.783,33.781,0.164,0.164,0.175,7.572,96.414,5.48,0,0,5.493,5.496,NA,33
"5/26/2022 5:42:37 AM",0.409,29.988,50.996,81.168,73141.1,1033.785,33.783,0.156,0.156,0.116,7.575,96.321,5.475,0,0,5.487,5.491,NA,33
"5/26/2022 5:42:37 AM",0.26,29.99,50.991,81.163,73135.4,1033.781,33.78,0.172,0.172,0.175,7.58,96.299,5.474,0,0,5.486,5.49,NA,33
"5/26/2022 5:42:37 AM",0.258,29.99,50.989,81.162,73132.9,1033.779,33.778,0.187,0.187,0.233,7.584,96.329,5.476,0,0,5.488,5.491,NA,33
"5/26/2022 5:42:37 AM",0.248,29.991,50.986,81.158,73128.6,1033.776,33.775,0.562,0.562,0.481,7.585,96.222,5.47,0,0,5.482,5.486,NA,33
"5/26/2022 5:42:38 AM",0.342,29.992,50.986,81.159,73128.5,1033.776,33.775,0.382,0.382,0.248,7.588,96.248,5.472,0,0,5.484,5.488,NA,33
"5/26/2022 5:42:38 AM",0.453,29.992,50.985,81.158,73127.1,1033.776,33.774,0.218,0.218,0.189,7.592,96.46,5.484,0,0,5.496,5.5,NA,33
"5/26/2022 5:42:38 AM",0.496,29.992,50.986,81.159,73128.1,1033.776,33.774,0.172,0.172,0.131,7.592,96.301,5.475,0,0,5.487,5.49,NA,33
"5/26/2022 5:42:38 AM",0.522,29.993,50.986,81.16,73128,1033.776,33.774,0.281,0.281,0.175,7.59,96.362,5.479,0,0,5.491,5.494,NA,33
"5/26/2022 5:42:38 AM",0.54,29.994,50.986,81.163,73128.2,1033.776,33.774,0.172,0.172,0.146,7.592,96.303,5.475,0,0,5.488,5.491,NA,33
"5/26/2022 5:42:39 AM",0.496,29.994,50.981,81.156,73122,1033.772,33.77,0.164,0.164,0.102,7.589,96.427,5.482,0,0,5.494,5.498,NA,33
"5/26/2022 5:42:39 AM",0.428,29.995,50.975,81.149,73114.8,1033.767,33.765,0.179,0.179,0.16,7.589,96.344,5.478,0,0,5.49,5.493,NA,33
"5/26/2022 5:42:39 AM",0.352,29.994,50.971,81.142,73110.3,1033.764,33.763,0.554,0.554,0.102,7.59,96.386,5.48,0,0,5.492,5.496,NA,33
"5/26/2022 5:42:39 AM",0.263,29.993,50.973,81.143,73112.3,1033.766,33.765,1.022,1.022,0.16,7.59,96.479,5.486,0,0,5.498,5.502,NA,33
"5/26/2022 5:42:39 AM",0.145,29.992,50.971,81.138,73109.4,1033.764,33.763,0.421,0.421,0.218,7.59,96.406,5.481,0,0,5.493,5.497,NA,33
"5/26/2022 5:42:40 AM",0,29.991,50.967,81.133,73105.4,1033.761,33.761,0.211,0.211,0.175,7.592,96.319,5.477,0.085,0,5.489,5.493,NA,33
"5/26/2022 5:42:40 AM",0,29.99,50.966,81.13,73104.1,1033.76,33.76,0.242,0.242,0.189,7.594,96.373,5.48,0.17,0,5.492,5.496,NA,33
"5/26/2022 5:42:40 AM",0,29.99,50.963,81.125,73099.5,1033.757,33.757,0.195,0.195,0.146,7.595,96.306,5.477,0.255,0,5.489,5.492,NA,33
"5/26/2022 5:42:40 AM",0,29.992,50.963,81.128,73099.5,1033.756,33.757,0.25,0.25,0.16,7.595,96.315,5.477,0.255,0,5.489,5.492,NA,33
"5/26/2022 5:42:40 AM",0,29.992,50.961,81.125,73097.3,1033.755,33.756,0.156,0.156,0.175,7.596,96.222,5.472,0.255,0,5.484,5.488,NA,33
"5/26/2022 5:42:41 AM",0,29.98,4.21,8.413,7581.9,998.796,0,53.271,53.271,42.804,7.6,96.236,7.073,0.255,0,7.094,7.094,NA,33
"5/26/2022 5:42:41 AM",0,29.973,1.197,2.575,2321.1,996.552,0,257.854,257.854,210.269,7.6,96.334,7.199,0.255,0,7.22,7.22,NA,33
"5/26/2022 5:42:41 AM",0,29.802,2.289,4.737,4284.4,997.419,0,130.889,130.889,302.845,7.598,96.277,7.152,0.255,0,7.173,7.173,NA,33
"5/26/2022 5:42:41 AM",0,29.151,1.818,3.765,3450.3,997.263,0,463.021,463.021,420.702,7.599,96.128,7.16,0.34,0,7.181,7.181,NA,33
"5/26/2022 5:42:41 AM",0.002,29.162,50.894,79.813,73117.3,1034.001,34.001,289.47,289.47,166.041,7.599,96.171,5.473,0.255,0,5.485,5.488,NA,33
"5/26/2022 5:42:42 AM",0.026,29.81,49.739,79.173,71596.7,1032.895,32.895,86.354,86.354,73.128,7.599,96.246,5.511,0.17,0,5.524,5.527,NA,33
"5/26/2022 5:42:42 AM",0.17,29.95,50.986,81.097,73133.2,1033.79,33.79,34.604,34.604,26.817,7.599,96.35,5.48,0,0,5.492,5.495,NA,33
"5/26/2022 5:42:42 AM",0.354,29.983,50.952,81.099,73087.6,1033.754,33.752,10.445,10.445,8.225,7.597,96.375,5.482,0,0,5.494,5.497,NA,33
"5/26/2022 5:42:42 AM",0.58,29.991,50.944,81.101,73076.9,1033.746,33.743,3.362,3.362,2.624,7.597,96.419,5.484,0,0,5.497,5.5,NA,33
"5/26/2022 5:42:43 AM",0.894,29.993,50.943,81.103,73075.6,1033.746,33.742,0.897,0.897,0.699,7.595,96.303,5.478,0,0,5.49,5.493,NA,33
"5/26/2022 5:42:43 AM",1.079,29.992,50.947,81.107,73081.1,1033.75,33.745,0.53,0.53,0.379,7.599,96.441,5.486,0,0,5.498,5.501,NA,33
"5/26/2022 5:42:43 AM",1.221,29.991,50.952,81.112,73086.8,1033.754,33.749,0.39,0.39,0.248,7.599,96.413,5.484,0,0,5.496,5.499,NA,33
"5/26/2022 5:42:43 AM",1.358,29.995,50.951,81.116,73084.8,1033.752,33.747,0.296,0.296,0.189,7.598,96.502,5.489,0,0,5.501,5.505,NA,33
"5/26/2022 5:42:43 AM",1.553,29.995,50.949,81.113,73082.4,1033.752,33.745,0.265,0.265,0.175,7.599,96.354,5.481,0,0,5.493,5.496,NA,33
"5/26/2022 5:42:44 AM",1.678,29.994,50.949,81.113,73083,1033.753,33.746,0.234,0.234,0.146,7.6,96.43,5.485,0,0,5.497,5.5,NA,33
"5/26/2022 5:42:44 AM",1.808,29.994,50.962,81.131,73099.7,1033.764,33.756,0.265,0.265,0.204,7.598,96.319,5.479,0,0,5.491,5.494,NA,33
"5/26/2022 5:42:44 AM",1.927,29.994,50.965,81.135,73103.3,1033.766,33.758,0.226,0.226,0.175,7.599,96.427,5.484,0,0,5.497,5.5,NA,33
"5/26/2022 5:42:44 AM",2.064,29.994,50.97,81.142,73109.7,1033.771,33.762,0.218,0.218,0.146,7.599,96.385,5.481,0,0,5.493,5.497,NA,33
"5/26/2022 5:42:44 AM",2.251,29.994,50.971,81.142,73110.5,1033.772,33.763,0.195,0.195,0.116,7.597,96.41,5.483,0,0,5.495,5.499,NA,33
"5/26/2022 5:42:45 AM",2.373,29.993,50.971,81.143,73110.9,1033.773,33.763,0.211,0.211,0.131,7.598,96.341,5.479,0,0,5.491,5.495,NA,33
"5/26/2022 5:42:45 AM",2.493,29.993,50.972,81.143,73112,1033.774,33.764,0.179,0.179,0.116,7.599,96.474,5.486,0,0,5.499,5.502,NA,33
"5/26/2022 5:42:45 AM",2.623,29.994,50.969,81.141,73109.1,1033.773,33.761,0.491,0.491,0.393,7.601,96.454,5.486,0,0,5.498,5.502,NA,33
"5/26/2022 5:42:45 AM",2.825,29.993,50.965,81.135,73103.9,1033.77,33.758,0.312,0.312,0.248,7.6,96.558,5.492,0,0,5.504,5.508,NA,33
"5/26/2022 5:42:45 AM",2.922,29.994,50.968,81.139,73107.7,1033.773,33.761,0.211,0.211,0.146,7.599,96.513,5.489,0,0,5.501,5.505,NA,33
"5/26/2022 5:42:46 AM",3.049,29.994,50.968,81.138,73106.9,1033.773,33.76,0.195,0.195,0.131,7.597,96.405,5.484,0,0,5.496,5.499,NA,33
"5/26/2022 5:42:46 AM",3.221,29.993,50.97,81.141,73110.2,1033.776,33.762,0.172,0.172,0.116,7.599,96.504,5.489,0,0,5.501,5.505,NA,33
"5/26/2022 5:42:46 AM",3.412,29.993,50.97,81.14,73109.6,1033.776,33.762,0.172,0.172,0.087,7.598,96.49,5.488,0,0,5.5,5.504,NA,33
"5/26/2022 5:42:46 AM",3.662,29.994,50.969,81.141,73109.2,1033.777,33.761,0.164,0.164,0.087,7.598,96.401,5.483,0,0,5.495,5.498,NA,33
"5/26/2022 5:42:46 AM",3.815,29.997,50.971,81.149,73110.9,1033.777,33.761,0.164,0.164,0.102,7.597,96.483,5.488,0,0,5.5,5.504,NA,33
"5/26/2022 5:42:47 AM",3.97,29.998,50.97,81.15,73110.4,1033.777,33.761,0.211,0.211,0.102,7.597,96.434,5.485,0,0,5.497,5.501,NA,33
"5/26/2022 5:42:47 AM",4.112,29.998,50.962,81.137,73099.6,1033.772,33.754,0.218,0.218,0.087,7.598,96.381,5.482,0,0,5.494,5.498,NA,33
"5/26/2022 5:42:47 AM",4.323,29.997,50.966,81.142,73105.4,1033.776,33.758,0.164,0.164,0.102,7.599,96.457,5.487,0,0,5.499,5.502,NA,33
"5/26/2022 5:42:47 AM",4.467,29.997,50.969,81.146,73109.6,1033.779,33.76,0.148,0.148,0.116,7.592,96.521,5.49,0,0,5.502,5.506,NA,33
"5/26/2022 5:42:47 AM",4.592,29.997,50.969,81.145,73108.7,1033.779,33.76,0.172,0.172,0.073,7.587,96.418,5.485,0,0,5.497,5.5,NA,33
"5/26/2022 5:42:48 AM",4.714,29.998,50.971,81.15,73110.9,1033.781,33.761,0.156,0.156,0.058,7.585,96.431,5.485,0,0,5.497,5.501,NA,33
"5/26/2022 5:42:48 AM",4.851,29.999,50.969,81.15,73109.5,1033.78,33.76,0.14,0.14,0.102,7.584,96.473,5.488,0,0,5.5,5.503,NA,33
"5/26/2022 5:42:48 AM",5.064,29.998,50.969,81.148,73108.8,1033.781,33.759,0.156,0.156,0.087,7.582,96.527,5.49,0,0,5.503,5.506,NA,33
"5/26/2022 5:42:48 AM",5.184,29.998,50.969,81.149,73109.8,1033.782,33.76,0.14,0.14,0.044,7.578,96.531,5.49,0,0,5.502,5.506,NA,33
"5/26/2022 5:42:48 AM",5.299,29.999,50.968,81.149,73108.3,1033.781,33.759,0.148,0.148,0.073,7.574,96.428,5.485,0,0,5.497,5.5,NA,33
"5/26/2022 5:42:49 AM",5.414,30,50.968,81.149,73108.1,1033.781,33.758,0.14,0.14,0.087,7.574,96.449,5.486,0,0,5.498,5.501,NA,33
"5/26/2022 5:42:49 AM",5.593,30,50.964,81.143,73102.5,1033.779,33.755,0.148,0.148,0.087,7.569,96.488,5.489,0,0,5.501,5.504,NA,33
"5/26/2022 5:42:49 AM",5.714,30,50.962,81.142,73100.9,1033.778,33.754,0.148,0.148,0.073,7.566,96.465,5.487,0,0,5.5,5.503,NA,33
"5/26/2022 5:42:49 AM",5.85,30,50.961,81.14,73100.1,1033.778,33.753,0.14,0.14,0.073,7.565,96.532,5.491,0,0,5.503,5.507,NA,33
"5/26/2022 5:42:49 AM",5.999,30,50.961,81.14,73099.8,1033.779,33.753,0.133,0.133,0.058,7.564,96.436,5.486,0,0,5.498,5.501,NA,33
"5/26/2022 5:42:50 AM",6.163,30,50.96,81.139,73098.3,1033.778,33.752,0.14,0.14,0.073,7.565,96.497,5.489,0,0,5.501,5.505,NA,33
"5/26/2022 5:42:50 AM",6.416,30,50.963,81.144,73102.5,1033.782,33.755,0.179,0.179,0.073,7.563,96.407,5.484,0,0,5.496,5.499,NA,33
"5/26/2022 5:42:50 AM",6.593,29.999,50.964,81.144,73103.7,1033.783,33.755,0.14,0.14,0.058,7.562,96.557,5.492,0,0,5.504,5.508,NA,33
"5/26/2022 5:42:50 AM",6.762,29.999,50.964,81.143,73103.3,1033.784,33.755,0.133,0.133,0.087,7.56,96.456,5.487,0,0,5.499,5.502,NA,33
"5/26/2022 5:42:50 AM",6.925,29.999,50.965,81.145,73104.5,1033.785,33.756,0.133,0.133,0.029,7.562,96.334,5.48,0,0,5.492,5.495,NA,33
"5/26/2022 5:42:51 AM",7.176,29.999,50.965,81.145,73105.1,1033.787,33.756,0.133,0.133,0.044,7.562,96.475,5.488,0,0,5.5,5.503,NA,33
"5/26/2022 5:42:51 AM",7.341,29.999,50.965,81.145,73105.2,1033.787,33.756,0.133,0.133,0.131,7.563,96.361,5.481,0,0,5.493,5.497,NA,33
"5/26/2022 5:42:51 AM",7.516,29.998,50.964,81.143,73104.4,1033.788,33.756,0.125,0.125,0.116,7.565,96.472,5.488,0,0,5.5,5.503,NA,33
"5/26/2022 5:42:51 AM",7.693,29.998,50.962,81.139,73101.8,1033.787,33.754,0.133,0.133,0.058,7.563,96.519,5.491,0,0,5.503,5.506,NA,33
"5/26/2022 5:42:52 AM",7.95,29.998,50.965,81.144,73105.8,1033.791,33.757,0.133,0.133,0.044,7.562,96.416,5.485,0,0,5.497,5.5,NA,33
"5/26/2022 5:42:52 AM",8.128,29.998,50.963,81.142,73103.7,1033.79,33.755,0.14,0.14,0.058,7.564,96.451,5.487,0,0,5.499,5.502,NA,33
"5/26/2022 5:42:52 AM",8.3,29.998,50.961,81.139,73101.5,1033.789,33.754,0.14,0.14,0.073,7.565,96.53,5.492,0,0,5.504,5.507,NA,33
"5/26/2022 5:42:52 AM",8.477,29.998,50.959,81.135,73098.2,1033.788,33.752,0.133,0.133,0.058,7.566,96.353,5.481,0,0,5.494,5.497,NA,33
"5/26/2022 5:42:52 AM",8.649,29.997,50.958,81.133,73097,1033.788,33.751,0.133,0.133,0.044,7.566,96.387,5.483,0,0,5.495,5.499,NA,33
"5/26/2022 5:42:53 AM",8.892,29.997,50.958,81.134,73097.4,1033.789,33.751,0.133,0.133,0.058,7.566,96.48,5.488,0,0,5.501,5.504,NA,33
"5/26/2022 5:42:53 AM",9.035,29.998,50.956,81.133,73094.8,1033.788,33.75,0.133,0.133,0.058,7.566,96.415,5.485,0,0,5.497,5.501,NA,33
"5/26/2022 5:42:53 AM",9.153,29.999,50.953,81.13,73090.7,1033.786,33.747,0.133,0.133,0.058,7.565,96.468,5.488,0,0,5.5,5.504,NA,33
"5/26/2022 5:42:53 AM",9.276,30,50.951,81.127,73088.1,1033.784,33.745,0.14,0.14,0.087,7.563,96.477,5.489,0,0,5.501,5.504,NA,33
"5/26/2022 5:42:53 AM",9.464,29.999,50.95,81.126,73087,1033.785,33.744,0.133,0.133,0.044,7.564,96.455,5.487,0,0,5.499,5.503,NA,33
"5/26/2022 5:42:54 AM",9.587,30,50.95,81.126,73087.2,1033.785,33.744,0.125,0.125,0.058,7.562,96.418,5.486,0,0,5.498,5.501,NA,33
"5/26/2022 5:42:54 AM",9.726,30,50.946,81.123,73083.1,1033.783,33.742,0.25,0.25,0.102,7.561,96.489,5.49,0,0,5.502,5.505,NA,33
"5/26/2022 5:42:54 AM",9.883,30.001,50.945,81.121,73081.1,1033.782,33.74,0.164,0.164,0.029,7.563,96.52,5.492,0,0,5.504,5.507,NA,33
"5/26/2022 5:42:54 AM",10.133,30.001,50.939,81.114,73074.7,1033.779,33.736,0.133,0.133,0.044,7.564,96.511,5.491,0,0,5.503,5.507,NA,33
"5/26/2022 5:42:54 AM",10.312,30.001,50.94,81.115,73075.8,1033.781,33.737,0.133,0.133,0.015,7.563,96.565,5.494,0,0,5.506,5.51,NA,33
"5/26/2022 5:42:55 AM",10.494,30.001,50.938,81.113,73073.6,1033.78,33.735,0.133,0.133,0.044,7.566,96.463,5.488,0,0,5.5,5.504,NA,33
"5/26/2022 5:42:55 AM",10.677,30,50.939,81.113,73074.2,1033.781,33.736,0.133,0.133,0.058,7.573,96.447,5.488,0,0,5.5,5.503,NA,33
"5/26/2022 5:42:55 AM",10.863,30.001,50.935,81.109,73070,1033.779,33.733,0.133,0.133,0.058,7.581,96.398,5.485,0,0,5.497,5.5,NA,33
"5/26/2022 5:42:55 AM",11.139,30.001,50.934,81.107,73068.3,1033.779,33.732,0.14,0.14,0.087,7.584,96.478,5.489,0,0,5.501,5.505,NA,33
"5/26/2022 5:42:55 AM",11.313,30.001,50.932,81.105,73065.8,1033.778,33.73,0.14,0.14,0.102,7.583,96.523,5.492,0,0,5.504,5.508,NA,33
"5/26/2022 5:42:56 AM",11.478,30,50.931,81.103,73065.3,1033.779,33.73,0.14,0.14,0.087,7.585,96.418,5.487,0,0,5.499,5.502,NA,33
"5/26/2022 5:42:56 AM",11.632,30.001,50.929,81.1,73062.7,1033.778,33.728,0.125,0.125,0.058,7.59,96.472,5.489,0,0,5.501,5.505,NA,33
"5/26/2022 5:42:56 AM",11.769,30,50.929,81.099,73062.7,1033.779,33.729,0.133,0.133,0.044,7.589,96.45,5.488,0,0,5.5,5.504,NA,33
"5/26/2022 5:42:56 AM",11.948,30,50.926,81.095,73059,1033.777,33.726,0.125,0.125,0.044,7.567,96.416,5.486,0,0,5.499,5.502,NA,33
"5/26/2022 5:42:56 AM",12.041,29.999,50.925,81.093,73058,1033.777,33.726,0.125,0.125,0.058,7.556,96.329,5.482,0,0,5.494,5.497,NA,33
"5/26/2022 5:42:57 AM",12.115,29.998,50.923,81.089,73055.6,1033.776,33.725,0.14,0.14,0.029,7.555,96.439,5.488,0,0,5.5,5.503,NA,33
"5/26/2022 5:42:57 AM",12.152,29.998,50.92,81.085,73051.6,1033.774,33.722,0.14,0.14,0.073,7.558,96.543,5.494,0,0,5.506,5.51,NA,33
"5/26/2022 5:42:57 AM",12.086,29.998,50.916,81.079,73047,1033.771,33.72,0.133,0.133,0.044,7.557,96.518,5.492,0,0,5.504,5.508,NA,33
"5/26/2022 5:42:57 AM",11.954,29.998,50.914,81.076,73044.7,1033.769,33.718,0.117,0.117,0.015,7.555,96.459,5.489,0,0,5.501,5.505,NA,33
"5/26/2022 5:42:57 AM",11.797,29.998,50.912,81.073,73041.7,1033.767,33.716,0.117,0.117,0.044,7.555,96.555,5.495,0,0,5.507,5.51,NA,33
"5/26/2022 5:42:58 AM",11.634,29.998,50.911,81.071,73040.1,1033.765,33.716,0.133,0.133,0.058,7.556,96.419,5.487,0,0,5.499,5.503,NA,33
"5/26/2022 5:42:58 AM",11.318,29.997,50.909,81.068,73037.9,1033.763,33.714,0.133,0.133,0.044,7.554,96.469,5.49,0,0,5.502,5.506,NA,33
"5/26/2022 5:42:58 AM",11.094,29.997,50.906,81.064,73034.6,1033.76,33.712,0.148,0.148,0.073,7.551,96.579,5.496,0,0,5.508,5.512,NA,33
"5/26/2022 5:42:58 AM",10.869,29.997,50.907,81.064,73034.9,1033.759,33.713,0.14,0.14,0.044,7.554,96.471,5.49,0,0,5.503,5.506,NA,33
"5/26/2022 5:42:58 AM",10.649,29.997,50.906,81.061,73033.4,1033.757,33.712,0.133,0.133,0.058,7.552,96.502,5.492,0,0,5.504,5.508,NA,33
"5/26/2022 5:42:59 AM",10.447,29.997,50.903,81.059,73030,1033.754,33.71,0.14,0.14,0.044,7.554,96.456,5.489,0,0,5.502,5.505,NA,33
"5/26/2022 5:42:59 AM",10.199,29.998,50.899,81.054,73024.9,1033.75,33.707,0.14,0.14,0.015,7.549,96.423,5.488,0,0,5.5,5.503,NA,33
"5/26/2022 5:42:59 AM",10.114,29.998,50.897,81.051,73022.7,1033.748,33.705,0.14,0.14,0.087,7.549,96.492,5.492,0,0,5.504,5.507,NA,33
"5/26/2022 5:42:59 AM",10.108,29.998,50.896,81.051,73021.2,1033.747,33.704,0.14,0.14,0.058,7.551,96.547,5.495,0,0,5.507,5.511,NA,33
"5/26/2022 5:42:59 AM",10.098,29.999,50.896,81.051,73020.9,1033.747,33.704,0.125,0.125,0.029,7.55,96.438,5.489,0,0,5.501,5.504,NA,33
"5/26/2022 5:43:00 AM",10.048,30,50.89,81.044,73013.5,1033.742,33.699,0.133,0.133,0.015,7.548,96.509,5.493,0,0,5.505,5.509,NA,33
"5/26/2022 5:43:00 AM",9.999,30,50.888,81.042,73011.3,1033.74,33.698,0.14,0.14,0.073,7.549,96.497,5.492,0,0,5.504,5.508,NA,33
"5/26/2022 5:43:00 AM",9.966,29.999,50.888,81.042,73011.4,1033.74,33.698,0.133,0.133,0.058,7.55,96.498,5.492,0,0,5.504,5.508,NA,33
"5/26/2022 5:43:00 AM",9.917,29.999,50.888,81.04,73010.3,1033.74,33.698,0.14,0.14,0.044,7.552,96.502,5.492,0,0,5.505,5.508,NA,33
"5/26/2022 5:43:00 AM",9.82,29.998,50.886,81.037,73008.9,1033.739,33.697,0.14,0.14,0.073,7.548,96.399,5.487,0,0,5.499,5.503,NA,33
"5/26/2022 5:43:01 AM",9.671,29.998,50.882,81.031,73003.6,1033.735,33.694,0.156,0.156,0.044,7.545,96.433,5.489,0,0,5.501,5.505,NA,33
"5/26/2022 5:43:01 AM",9.565,29.998,50.881,81.029,73001.6,1033.733,33.693,0.156,0.156,0.073,7.544,96.551,5.496,0,0,5.508,5.511,NA,33
"5/26/2022 5:43:01 AM",9.465,29.997,50.879,81.025,72999.9,1033.732,33.692,0.14,0.14,0.044,7.542,96.502,5.493,0,0,5.505,5.509,NA,33
"5/26/2022 5:43:01 AM",9.361,29.997,50.877,81.023,72997.3,1033.73,33.69,0.172,0.172,0.058,7.541,96.455,5.49,0,0,5.503,5.506,NA,33
"5/26/2022 5:43:02 AM",9.254,29.997,50.874,81.019,72993.9,1033.728,33.688,0.148,0.148,0.073,7.544,96.515,5.494,0,0,5.506,5.509,NA,33
"5/26/2022 5:43:02 AM",9.054,29.998,50.872,81.016,72991.2,1033.725,33.687,0.14,0.14,0.029,7.547,96.488,5.492,0,0,5.505,5.508,NA,33
"5/26/2022 5:43:02 AM",8.889,29.997,50.872,81.014,72990.4,1033.724,33.686,0.133,0.133,0.058,7.549,96.567,5.497,0,0,5.509,5.513,NA,33
"5/26/2022 5:43:02 AM",8.701,29.997,50.87,81.012,72987.9,1033.722,33.685,0.125,0.125,0.044,7.552,96.535,5.495,0,0,5.507,5.51,NA,33
"5/26/2022 5:43:02 AM",8.536,29.997,50.866,81.005,72982.6,1033.718,33.682,0.14,0.14,0.044,7.553,96.506,5.493,0,0,5.505,5.509,NA,33
"5/26/2022 5:43:03 AM",8.275,29.997,50.864,81.003,72980.8,1033.716,33.681,0.148,0.148,0.087,7.554,96.353,5.485,0,0,5.497,5.501,NA,33
"5/26/2022 5:43:03 AM",8.098,29.997,50.864,81.002,72980.2,1033.715,33.68,0.133,0.133,0.044,7.554,96.432,5.49,0,0,5.502,5.505,NA,33
"5/26/2022 5:43:03 AM",7.896,29.996,50.862,80.999,72977.2,1033.712,33.679,0.14,0.14,0.058,7.55,96.569,5.498,0,0,5.51,5.513,NA,33
"5/26/2022 5:43:03 AM",7.702,29.997,50.859,80.996,72973.5,1033.709,33.676,0.14,0.14,0.044,7.554,96.483,5.493,0,0,5.505,5.508,NA,33
"5/26/2022 5:43:03 AM",7.504,29.997,50.855,80.992,72969.2,1033.706,33.674,0.125,0.125,0.058,7.555,96.562,5.497,0,0,5.509,5.513,NA,33
"5/26/2022 5:43:04 AM",7.243,29.997,50.854,80.989,72967.8,1033.704,33.673,0.125,0.125,0,7.553,96.451,5.491,0,0,5.503,5.507,NA,33
"5/26/2022 5:43:04 AM",7.125,29.997,50.85,80.984,72962.1,1033.7,33.67,0.125,0.125,0.073,7.548,96.492,5.494,0,0,5.506,5.509,NA,33
"5/26/2022 5:43:04 AM",6.998,29.998,50.847,80.98,72958.8,1033.697,33.667,0.304,0.304,0.015,7.545,96.524,5.495,0,0,5.507,5.511,NA,33
"5/26/2022 5:43:04 AM",6.88,29.997,50.846,80.979,72957.7,1033.696,33.667,0.187,0.187,0.044,7.543,96.401,5.488,0,0,5.5,5.504,NA,33
"5/26/2022 5:43:04 AM",6.701,29.998,50.851,80.985,72963,1033.699,33.67,0.172,0.172,0.16,7.54,96.534,5.496,0,0,5.509,5.512,NA,33
"5/26/2022 5:43:05 AM",6.579,29.998,50.85,80.983,72961.6,1033.697,33.669,0.148,0.148,0.146,7.539,96.548,5.497,0,0,5.509,5.513,NA,33
"5/26/2022 5:43:05 AM",6.485,29.998,50.847,80.981,72958.1,1033.695,33.667,0.133,0.133,0.058,7.538,96.453,5.491,0,0,5.503,5.507,NA,33
"5/26/2022 5:43:05 AM",6.409,29.998,50.848,80.982,72959.5,1033.695,33.668,0.195,0.195,0.102,7.539,96.413,5.489,0,0,5.501,5.505,NA,33
"5/26/2022 5:43:05 AM",6.345,29.998,50.847,80.981,72958.4,1033.694,33.667,0.203,0.203,0.073,7.538,96.494,5.494,0,0,5.506,5.51,NA,33
"5/26/2022 5:43:05 AM",6.207,29.998,50.844,80.976,72954.6,1033.691,33.665,0.14,0.14,0.044,7.536,96.536,5.496,0,0,5.509,5.512,NA,33
"5/26/2022 5:43:06 AM",6.14,29.998,50.842,80.974,72952.4,1033.69,33.664,0.14,0.14,0.015,7.538,96.543,5.497,0,0,5.509,5.512,NA,33
"5/26/2022 5:43:06 AM",6.079,29.998,50.842,80.973,72952,1033.689,33.664,0.148,0.148,0.058,7.539,96.521,5.495,0,0,5.507,5.511,NA,33
"5/26/2022 5:43:06 AM",5.989,29.998,50.841,80.972,72950.5,1033.688,33.663,0.133,0.133,0.044,7.54,96.602,5.5,0,0,5.512,5.516,NA,33
"5/26/2022 5:43:06 AM",5.884,29.998,50.84,80.97,72949.1,1033.687,33.662,0.133,0.133,0,7.538,96.517,5.495,0,0,5.508,5.511,NA,33
"5/26/2022 5:43:06 AM",5.7,29.998,50.837,80.966,72944.9,1033.683,33.659,0.133,0.133,0,7.541,96.508,5.495,0,0,5.507,5.511,NA,33
"5/26/2022 5:43:07 AM",5.566,29.998,50.837,80.967,72945.5,1033.683,33.66,0.14,0.14,0.058,7.542,96.503,5.495,0,0,5.507,5.511,NA,33
"5/26/2022 5:43:07 AM",5.403,29.998,50.835,80.963,72942.4,1033.681,33.658,0.133,0.133,0.073,7.543,96.605,5.501,0,0,5.513,5.516,NA,33
"5/26/2022 5:43:07 AM",5.2,29.998,50.835,80.963,72942.2,1033.68,33.658,0.14,0.14,0.073,7.543,96.409,5.489,0,0,5.502,5.505,NA,33
"5/26/2022 5:43:07 AM",4.899,29.997,50.831,80.957,72937.7,1033.676,33.655,0.125,0.125,0.058,7.544,96.485,5.494,0,0,5.506,5.509,NA,33
"5/26/2022 5:43:07 AM",4.701,29.997,50.83,80.955,72936.3,1033.675,33.655,0.125,0.125,0.073,7.541,96.537,5.497,0,0,5.51,5.513,NA,33
"5/26/2022 5:43:08 AM",4.511,29.998,50.826,80.949,72930.8,1033.67,33.651,0.133,0.133,0.073,7.543,96.595,5.501,0,0,5.513,5.516,NA,33
"5/26/2022 5:43:08 AM",4.352,29.998,50.821,80.943,72925,1033.666,33.648,0.133,0.133,0.262,7.542,96.576,5.5,0,0,5.512,5.515,NA,33
"5/26/2022 5:43:08 AM",4.226,29.998,50.82,80.941,72923,1033.664,33.646,0.14,0.14,0.058,7.539,96.503,5.495,0,0,5.508,5.511,NA,33
"5/26/2022 5:43:08 AM",4.044,29.998,50.815,80.934,72917.3,1033.66,33.643,0.133,0.133,0.058,7.539,96.47,5.494,0,0,5.506,5.509,NA,33
"5/26/2022 5:43:08 AM",3.947,29.998,50.815,80.934,72916.9,1033.66,33.643,0.14,0.14,0.029,7.537,96.469,5.494,0,0,5.506,5.509,NA,33
"5/26/2022 5:43:09 AM",3.87,29.998,50.808,80.926,72909.1,1033.654,33.638,0.14,0.14,0.029,7.537,96.481,5.495,0,0,5.507,5.51,NA,33
"5/26/2022 5:43:09 AM",3.808,29.998,50.807,80.923,72907.1,1033.653,33.637,0.148,0.148,0.044,7.538,96.493,5.495,0,0,5.507,5.511,NA,33
"5/26/2022 5:43:09 AM",3.749,29.997,50.806,80.921,72906.6,1033.653,33.637,0.148,0.148,0.044,7.537,96.409,5.491,0,0,5.503,5.506,NA,33
"5/26/2022 5:43:09 AM",3.679,29.996,50.805,80.919,72905.4,1033.652,33.636,0.133,0.133,0.058,7.539,96.456,5.494,0,0,5.506,5.509,NA,33
"5/26/2022 5:43:09 AM",3.658,29.996,50.804,80.916,72903.7,1033.651,33.635,0.133,0.133,0.058,7.546,96.524,5.497,0,0,5.51,5.513,NA,33
"5/26/2022 5:43:10 AM",3.641,29.997,50.801,80.914,72900.5,1033.649,33.633,0.148,0.148,0.058,7.544,96.454,5.493,0,0,5.506,5.509,NA,33
"5/26/2022 5:43:10 AM",3.637,29.995,50.8,80.91,72898.8,1033.648,33.633,0.133,0.133,0.102,7.544,96.501,5.496,0,0,5.508,5.512,NA,33
"5/26/2022 5:43:10 AM",3.663,29.993,50.799,80.905,72897.7,1033.648,33.633,0.148,0.148,0.058,7.541,96.369,5.489,0,0,5.501,5.504,NA,33
"5/26/2022 5:43:10 AM",3.658,29.993,50.799,80.906,72897.9,1033.648,33.633,0.172,0.172,0.029,7.543,96.461,5.494,0,0,5.506,5.51,NA,33
"5/26/2022 5:43:10 AM",3.568,29.995,50.797,80.904,72894.6,1033.645,33.63,0.187,0.187,0.073,7.543,96.535,5.499,0,0,5.511,5.515,NA,33
"5/26/2022 5:43:11 AM",3.467,29.994,50.795,80.901,72892.3,1033.644,33.629,0.14,0.14,0.044,7.545,96.554,5.5,0,0,5.512,5.515,NA,33
"5/26/2022 5:43:11 AM",3.255,29.993,50.791,80.894,72887.2,1033.64,33.626,0.172,0.172,0.087,7.545,96.608,5.503,0,0,5.515,5.519,NA,33
"5/26/2022 5:43:11 AM",3.118,29.991,50.789,80.889,72885.2,1033.639,33.626,0.156,0.156,0.058,7.547,96.618,5.504,0,0,5.516,5.519,NA,33
"5/26/2022 5:43:11 AM",3.021,29.991,50.787,80.886,72882.7,1033.637,33.624,0.14,0.14,0.073,7.547,96.551,5.5,0,0,5.512,5.515,NA,33
"5/26/2022 5:43:11 AM",2.921,29.992,50.782,80.88,72876.5,1033.633,33.62,0.203,0.203,0.087,7.545,96.597,5.503,0,0,5.515,5.518,NA,33
"5/26/2022 5:43:12 AM",2.802,29.992,50.782,80.879,72875.8,1033.632,33.62,0.281,0.281,0.087,7.546,96.575,5.502,0,0,5.514,5.517,NA,33
"5/26/2022 5:43:12 AM",2.623,29.993,50.778,80.876,72871.4,1033.628,33.617,0.187,0.187,0.131,7.546,96.485,5.496,0,0,5.509,5.512,NA,33
"5/26/2022 5:43:12 AM",2.537,29.993,50.778,80.876,72871.3,1033.628,33.617,0.148,0.148,0.073,7.547,96.498,5.498,0,0,5.51,5.513,NA,33
"5/26/2022 5:43:12 AM",2.454,29.993,50.774,80.87,72866.1,1033.624,33.614,0.148,0.148,0.058,7.546,96.48,5.496,0,0,5.508,5.512,NA,33
"5/26/2022 5:43:13 AM",2.378,29.992,50.773,80.867,72864.9,1033.623,33.613,0.203,0.203,0.073,7.545,96.583,5.502,0,0,5.514,5.518,NA,33
"5/26/2022 5:43:13 AM",2.305,29.992,50.771,80.865,72862.5,1033.622,33.612,0.187,0.187,0.073,7.545,96.526,5.499,0,0,5.511,5.515,NA,33
"5/26/2022 5:43:13 AM",2.199,29.991,50.767,80.857,72856.9,1033.618,33.609,0.148,0.148,0.029,7.551,96.376,5.49,0,0,5.503,5.506,NA,33
"5/26/2022 5:43:13 AM",2.098,29.991,50.767,80.858,72857.5,1033.618,33.609,0.125,0.125,0.058,7.55,96.395,5.492,0,0,5.504,5.507,NA,33
"5/26/2022 5:43:13 AM",1.964,29.992,50.761,80.85,72849.9,1033.613,33.604,0.133,0.133,0.058,7.543,96.446,5.495,0,0,5.507,5.51,NA,33
"5/26/2022 5:43:14 AM",1.821,29.99,50.76,80.847,72849.1,1033.612,33.604,0.172,0.172,0.087,7.539,96.622,5.505,0,0,5.517,5.521,NA,33
"5/26/2022 5:43:14 AM",1.696,29.989,50.756,80.84,72844.4,1033.609,33.602,0.156,0.156,0.058,7.541,96.441,5.495,0,0,5.507,5.51,NA,33
"5/26/2022 5:43:14 AM",1.658,29.989,50.756,80.839,72843.6,1033.608,33.601,0.156,0.156,0.058,7.541,96.565,5.502,0,0,5.514,5.517,NA,33
"5/26/2022 5:43:14 AM",1.649,29.989,50.755,80.838,72843.1,1033.608,33.601,0.148,0.148,0.073,7.54,96.515,5.499,0,0,5.511,5.515,NA,33
"5/26/2022 5:43:14 AM",1.634,29.989,50.755,80.838,72843,1033.608,33.601,0.148,0.148,0.087,7.541,96.463,5.496,0,0,5.508,5.512,NA,33
"5/26/2022 5:43:15 AM",1.559,29.99,50.753,80.836,72840.4,1033.606,33.599,0.148,0.148,0.102,7.537,96.504,5.499,0,0,5.511,5.514,NA,33
"5/26/2022 5:43:15 AM",1.465,29.99,50.75,80.832,72836.1,1033.603,33.597,0.156,0.156,0.131,7.538,96.516,5.5,0,0,5.512,5.515,NA,33
"5/26/2022 5:43:15 AM",1.37,29.99,50.747,80.828,72831.8,1033.6,33.594,0.281,0.281,0.131,7.543,96.553,5.502,0,0,5.514,5.517,NA,33
"5/26/2022 5:43:15 AM",1.269,29.99,50.745,80.825,72829.6,1033.598,33.593,0.218,0.218,0.131,7.541,96.48,5.498,0,0,5.51,5.513,NA,33
"5/26/2022 5:43:15 AM",1.201,29.99,50.738,80.815,72820.4,1033.592,33.587,0.164,0.164,0.116,7.54,96.464,5.497,0,0,5.509,5.512,NA,33
"5/26/2022 5:43:16 AM",1.116,29.989,50.734,80.809,72816.1,1033.59,33.585,0.156,0.156,0.116,7.54,96.542,5.501,0,0,5.513,5.517,NA,33
"5/26/2022 5:43:16 AM",1.034,29.988,50.731,80.804,72812.9,1033.587,33.583,0.156,0.156,0.175,7.537,96.453,5.497,0,0,5.509,5.512,NA,33
"5/26/2022 5:43:16 AM",0.956,29.988,50.727,80.797,72807.9,1033.584,33.58,0.156,0.156,0.146,7.537,96.352,5.491,0,0,5.503,5.506,NA,33
"5/26/2022 5:43:16 AM",0.904,29.988,50.722,80.791,72801.9,1033.58,33.576,0.335,0.335,0.131,7.536,96.483,5.499,0,0,5.511,5.515,NA,33
"5/26/2022 5:43:16 AM",0.826,29.988,50.72,80.788,72798.7,1033.578,33.574,0.312,0.312,0.67,7.541,96.456,5.497,0,0,5.509,5.513,NA,33
"5/26/2022 5:43:17 AM",0.721,29.987,50.719,80.785,72797.5,1033.577,33.574,0.211,0.211,0.189,7.539,96.439,5.496,0,0,5.508,5.512,NA,33
"5/26/2022 5:43:17 AM",0.608,29.987,50.717,80.782,72794.4,1033.575,33.572,0.195,0.195,0.131,7.537,96.525,5.501,0,0,5.513,5.517,NA,33
"5/26/2022 5:43:17 AM",0.475,29.988,50.71,80.774,72786.4,1033.569,33.567,0.172,0.172,0.102,7.536,96.49,5.5,0,0,5.512,5.515,NA,33
"5/26/2022 5:43:17 AM",0.353,29.988,50.706,80.768,72781,1033.565,33.564,0.156,0.156,0.087,7.536,96.531,5.502,0,0,5.514,5.517,NA,33
"5/26/2022 5:43:17 AM",0.195,29.988,50.683,80.736,72752.5,1033.547,33.547,0.164,0.164,0.087,7.536,96.533,5.502,0,0,5.515,5.518,NA,33
"5/26/2022 5:43:18 AM",0.094,29.988,50.682,80.735,72751.7,1033.547,33.546,0.148,0.148,0.073,7.537,96.453,5.498,0,0,5.51,5.513,NA,33
"5/26/2022 5:43:18 AM",0,29.988,50.677,80.727,72744.4,1033.542,33.542,0.156,0.156,0.073,7.537,96.406,5.496,0.085,0,5.508,5.511,NA,33
"5/26/2022 5:43:18 AM",0,29.988,50.668,80.716,72733.9,1033.535,33.535,0.156,0.156,0.087,7.538,96.462,5.499,0.085,0,5.511,5.514,NA,33
"5/26/2022 5:43:18 AM",0,29.988,46.025,74.243,66901.5,1030.023,30.024,0.281,0.281,0.116,7.536,96.439,5.64,0.085,0,5.653,5.656,NA,33
"5/26/2022 5:43:18 AM",0,29.964,4.165,8.325,7505,998.767,0,284.095,284.095,515.625,7.537,96.483,7.1,0,0,7.121,7.121,NA,33
"5/26/2022 5:43:19 AM",0,29.929,1.432,3.05,2752,996.741,0,506.05,506.05,1040.267,7.537,96.462,7.206,0,0,7.227,7.227,NA,33
"5/26/2022 5:43:19 AM",0,29.82,1.101,2.372,2144.6,996.527,0,478.342,478.342,581.998,7.539,96.305,7.208,0,0,7.229,7.229,NA,33
"5/26/2022 5:43:19 AM",0,29.711,1.514,3.202,2901.3,996.868,0,453.426,453.426,1257.21,7.538,96.413,7.2,0,0,7.221,7.221,NA,33
"5/26/2022 5:43:19 AM",0,29.541,1.058,2.272,2065.9,996.579,0,481.283,481.283,951.1,7.529,96.118,7.196,0.085,0,7.217,7.217,NA,33
"5/26/2022 5:43:19 AM",0,29.508,0.856,1.854,1687,996.437,0,506.05,506.05,434.838,7.529,95.914,7.19,0,0,7.21,7.21,NA,33
"5/26/2022 5:43:20 AM",0,29.435,0.763,1.66,1512.7,996.39,0,465.798,465.798,167.711,7.53,95.75,7.182,0.085,0,7.203,7.203,NA,33
"5/26/2022 5:43:20 AM",0,29.349,0.759,1.648,1504.5,996.412,0,220.863,220.863,166.679,7.527,95.859,7.191,0.085,0,7.211,7.211,NA,33
"5/26/2022 5:43:20 AM",0,29.195,0.637,1.39,1272.4,996.366,0,250.303,250.303,223.519,7.518,95.843,7.196,0.17,0,7.217,7.217,NA,33
"5/26/2022 5:43:20 AM",0,28.541,0.593,1.281,1188.1,996.525,0,178.044,178.044,133.741,7.517,95.478,7.173,0.255,0,7.194,7.194,NA,33
"5/26/2022 5:43:20 AM",0,28.274,0.568,1.222,1140.2,996.583,0,408.424,408.424,170.795,7.512,95.365,7.168,0.255,0,7.189,7.189,NA,33
"5/26/2022 5:43:21 AM",0,27.94,0.562,1.203,1130,996.674,0,260.997,260.997,75.764,7.508,95.349,7.171,0.255,0,7.192,7.192,NA,33
"5/26/2022 5:43:21 AM",0,27.878,0.519,1.112,1046.1,996.659,0,460.26,460.26,94.994,7.502,95.303,7.173,0.255,0,7.194,7.194,NA,33
"5/26/2022 5:43:21 AM",0,28.049,0.473,1.02,955.7,996.576,0,118.415,118.415,131.449,7.502,94.495,7.119,0.34,0,7.139,7.139,NA,33
"5/26/2022 5:43:21 AM",0,27.843,0.459,0.987,929.2,996.624,0,215.901,215.901,160.306,7.5,94.366,7.114,0.34,0,7.135,7.135,NA,33
"5/26/2022 5:43:21 AM",0,27.435,0.448,0.956,907.8,996.731,0,81.494,81.494,59.306,7.499,94.589,7.136,0.34,0,7.156,7.156,NA,33
"5/26/2022 5:43:22 AM",0,27.06,0.431,0.915,875.7,996.823,0,117.877,117.877,60.832,7.5,94.617,7.143,0.34,0,7.164,7.164,NA,33
"5/26/2022 5:43:22 AM",0,26.798,0.42,0.889,854.9,996.886,0,104.717,104.717,75.888,7.501,94.345,7.128,0.425,0,7.149,7.149,NA,33
"5/26/2022 5:43:22 AM",0,26.835,0.415,0.878,843.5,996.872,0,157.364,157.364,55.834,7.503,94.446,7.14,0.34,0,7.16,7.16,NA,33
"5/26/2022 5:43:22 AM",0,26.833,0.375,0.796,765.3,996.843,0,62.039,62.039,20.762,7.498,93.957,7.108,0.34,0,7.128,7.128,NA,33
"5/26/2022 5:43:23 AM",0,26.867,0.41,0.869,834.9,996.86,0,310.696,310.696,192.038,7.493,93.871,7.103,0.34,0,7.124,7.124,NA,33
"5/26/2022 5:43:23 AM",0,26.979,0.419,0.889,852.3,996.836,0,93.57,93.57,51.886,7.491,94.148,7.126,0.34,0,7.147,7.147,NA,33
"5/26/2022 5:43:23 AM",0,27.197,0.389,0.83,792,996.753,0,28.418,28.418,11.586,7.487,94.346,7.146,0.34,0,7.166,7.166,NA,33
"5/26/2022 5:43:23 AM",0,27.292,0.379,0.812,772.6,996.719,0,63.28,63.28,17.435,7.489,94.318,7.145,0.255,0,7.166,7.166,NA,33
"5/26/2022 5:43:23 AM",0,27.401,0.369,0.792,752,996.681,0,90.099,90.099,37.003,7.483,94.215,7.139,0.17,0,7.16,7.16,NA,33
"5/26/2022 5:43:24 AM",0,27.488,0.362,0.779,738.7,996.651,0,25.04,25.04,10.513,7.483,94.146,7.135,0.085,0,7.156,7.156,NA,33
"5/26/2022 5:43:24 AM",0,27.538,0.367,0.789,747.7,996.641,0,9.181,9.181,2.536,7.481,93.853,7.114,0,0,7.134,7.134,NA,33
"5/26/2022 5:43:24 AM",0,27.502,0.502,1.07,1014.4,996.753,0,2.871,2.871,0.714,7.481,93.675,7.096,0,0,7.116,7.116,NA,33
"5/26/2022 5:43:24 AM",0,27.45,0.58,1.228,1165,996.826,0,1.256,1.256,0.553,7.481,93.394,7.072,0,0,7.093,7.093,NA,33
"5/26/2022 5:43:24 AM",0,27.411,0.531,1.126,1069.7,996.8,0,0.749,0.749,0.655,7.481,93.326,7.07,0,0,7.09,7.09,NA,33
"5/26/2022 5:43:25 AM",0,27.446,0.488,1.04,986.5,996.758,0,0.46,0.46,0.612,7.482,93.463,7.083,0,0,7.103,7.103,NA,33
"5/26/2022 5:43:25 AM",0,27.485,0.395,0.849,804.8,996.677,0,0.32,0.32,0.612,7.481,93.426,7.084,0,0,7.104,7.104,NA,33
"5/26/2022 5:43:25 AM",0,27.403,0.376,0.808,767,996.686,0,0.296,0.296,2.113,7.482,93.473,7.089,0,0,7.11,7.11,NA,33
"5/26/2022 5:43:25 AM",0,27.237,0.348,0.746,710.6,996.711,0,0.468,0.468,3.499,7.48,93.333,7.08,0.085,0,7.1,7.101,NA,33
"5/26/2022 5:43:25 AM",0,27.234,0.338,0.725,691.2,996.704,0,0.484,0.484,7.433,7.478,93.402,7.086,0.17,0,7.106,7.106,NA,33
"5/26/2022 5:43:26 AM",0,27.321,0.33,0.71,675.7,996.674,0,0.46,0.46,5.487,7.474,93.561,7.098,0.17,0,7.118,7.118,NA,33
"5/26/2022 5:43:26 AM",0,27.373,0.32,0.69,655.6,996.652,0,1.03,1.03,5.121,7.479,94.302,7.151,0.085,0,7.172,7.172,NA,33
"5/26/2022 5:43:26 AM",0,28.828,2.244,4.565,4210.4,997.677,0,7.442,7.442,18.927,7.562,95.322,7.139,0.085,0,7.159,7.159,NA,33
"5/26/2022 5:43:26 AM",0,30.076,2.364,4.908,4415,997.392,0,3.503,3.503,12.38,7.649,96.143,7.176,0.17,0,7.197,7.197,NA,33
"5/26/2022 5:43:26 AM",0,30.431,2.585,5.374,4800.6,997.447,0,2.325,2.325,10.631,7.728,95.644,7.109,0.17,0,7.13,7.13,NA,33
"5/26/2022 5:43:27 AM",0,30.507,2.716,5.638,5028.5,997.522,0,2.169,2.169,10.499,7.759,95.241,7.065,0.17,0,7.086,7.086,NA,33
"5/26/2022 5:43:27 AM",0,30.512,2.432,5.084,4533.7,997.309,0,2.114,2.114,10.499,7.779,94.805,7.035,0.17,0,7.055,7.055,NA,33
"5/26/2022 5:43:27 AM",0,30.507,2.496,5.207,4644.2,997.357,0,2.091,2.091,10.396,7.8,94.452,7,0.17,0,7.021,7.021,NA,33
"5/26/2022 5:43:27 AM",0,30.487,2.25,4.721,4212.8,997.18,0,2.067,2.067,10.484,7.821,94.114,6.98,0.255,0,7,7,NA,33
"5/26/2022 5:43:27 AM",0,30.468,2.147,4.516,4031.2,997.11,0,2.044,2.044,10.646,7.846,93.814,6.957,0.34,0,6.977,6.977,NA,33
"5/26/2022 5:43:28 AM",0,30.462,2.116,4.455,3977,997.089,0,2.457,2.457,10.734,7.859,93.719,6.949,0.34,0,6.969,6.969,NA,33
"5/26/2022 5:43:28 AM",0,30.463,2.119,4.461,3982.5,997.091,0,2.644,2.644,10.455,7.865,93.616,6.94,0.34,0,6.96,6.96,NA,33
"5/26/2022 5:43:28 AM",0,30.459,2.072,4.367,3898.4,997.056,0,2.192,2.192,10.44,7.874,93.527,6.934,0.34,0,6.954,6.954,NA,33
"5/26/2022 5:43:28 AM",0,30.453,1.959,4.143,3698.8,996.975,0,2.059,2.059,10.381,7.887,93.354,6.924,0.425,0,6.944,6.944,NA,33
"5/26/2022 5:43:28 AM",0,30.453,1.797,3.819,3409.8,996.854,0,2.044,2.044,10.381,7.892,93.31,6.927,0.34,0,6.947,6.947,NA,33
"5/26/2022 5:43:29 AM",0,30.451,1.797,3.817,3408.6,996.854,0,2.02,2.02,10.396,7.9,93.193,6.917,0.34,0,6.937,6.937,NA,33
"5/26/2022 5:43:29 AM",0,30.449,1.676,3.574,3191.5,996.765,0,2.013,2.013,10.411,7.902,93.206,6.922,0.425,0,6.943,6.942,NA,33
"5/26/2022 5:43:29 AM",0,30.45,1.666,3.554,3173.6,996.757,0,2.028,2.028,10.411,7.906,93.264,6.927,0.425,0,6.947,6.947,NA,33
"5/26/2022 5:43:29 AM",0,30.455,1.559,3.338,2980.4,996.675,0,2.005,2.005,10.396,7.905,93.186,6.925,0.425,0,6.945,6.945,NA,33
"5/26/2022 5:43:29 AM",0,30.466,1.439,3.095,2762.6,996.582,0,2.005,2.005,10.396,7.902,93.107,6.923,0.425,0,6.944,6.943,NA,33
"5/26/2022 5:43:30 AM",0,30.478,1.448,3.115,2779.6,996.586,0,2.02,2.02,10.367,7.903,93.178,6.928,0.425,0,6.948,6.948,NA,33
"5/26/2022 5:43:30 AM",0,30.486,1.467,3.154,2813.9,996.597,0,2.02,2.02,10.425,7.906,93.096,6.921,0.425,0,6.941,6.941,NA,33
"5/26/2022 5:43:30 AM",0,30.491,1.431,3.081,2748.8,996.569,0,2.013,2.013,10.396,7.905,93.121,6.925,0.425,0,6.945,6.945,NA,33
"5/26/2022 5:43:30 AM",0,30.495,1.421,3.061,2730.7,996.56,0,2.02,2.02,10.381,7.907,93.268,6.936,0.425,0,6.956,6.956,NA,33
"5/26/2022 5:43:30 AM",0,30.5,1.448,3.115,2778.9,996.579,0,2.036,2.036,10.44,7.927,93.065,6.919,0.425,0,6.939,6.939,NA,33
"5/26/2022 5:43:31 AM",0,30.503,1.385,2.988,2665.4,996.531,0,2.036,2.036,10.411,7.935,93.167,6.929,0.425,0,6.95,6.949,NA,33
"5/26/2022 5:43:31 AM",0,30.501,1.386,2.99,2667.4,996.533,0,2.013,2.013,10.396,7.937,93.21,6.933,0.425,0,6.953,6.953,NA,33
"5/26/2022 5:43:31 AM",0,30.501,1.393,3.004,2680,996.538,0,2.02,2.02,10.425,7.94,93.272,6.937,0.425,0,6.957,6.957,NA,33
"5/26/2022 5:43:31 AM",0,30.501,1.372,2.961,2641.4,996.522,0,2.005,2.005,10.499,7.942,93.289,6.939,0.425,0,6.96,6.959,NA,33
"5/26/2022 5:43:31 AM",0,30.5,1.398,3.014,2688.5,996.542,0,2.013,2.013,10.469,7.944,93.164,6.929,0.425,0,6.949,6.949,NA,33
"5/26/2022 5:43:32 AM",0,30.499,1.359,2.933,2616.8,996.513,0,2.02,2.02,10.44,7.946,93.261,6.938,0.425,0,6.958,6.958,NA,33
"5/26/2022 5:43:32 AM",0,30.497,1.352,2.92,2604.9,996.508,0,2.013,2.013,10.425,7.945,93.265,6.939,0.425,0,6.959,6.959,NA,33
"5/26/2022 5:43:32 AM",0,30.495,1.317,2.848,2541.1,996.483,0,1.997,1.997,10.425,7.945,93.176,6.933,0.425,0,6.954,6.953,NA,33
"5/26/2022 5:43:32 AM",0,30.491,1.283,2.777,2478.1,996.458,0,2.005,2.005,10.425,7.946,93.169,6.934,0.425,0,6.954,6.954,NA,33
"5/26/2022 5:43:33 AM",0,30.481,1.269,2.748,2451.9,996.451,0,1.997,1.997,10.455,7.947,93.099,6.929,0.425,0,6.949,6.949,NA,33
"5/26/2022 5:43:33 AM",0,30.477,1.243,2.695,2404.9,996.433,0,1.997,1.997,10.499,7.944,93.053,6.927,0.425,0,6.947,6.947,NA,33
"5/26/2022 5:43:33 AM",0,30.472,1.195,2.595,2316,996.398,0,1.981,1.981,10.499,7.943,93.017,6.926,0.425,0,6.946,6.946,NA,33
"5/26/2022 5:43:33 AM",0,30.475,1.18,2.564,2288.8,996.386,0,1.989,1.989,10.513,7.942,92.88,6.916,0.425,0,6.936,6.936,NA,33
"5/26/2022 5:43:33 AM",0,30.478,1.142,2.486,2218.9,996.357,0,1.997,1.997,10.543,7.94,92.988,6.926,0.425,0,6.946,6.946,NA,33
"5/26/2022 5:43:34 AM",0,30.478,1.111,2.422,2161.9,996.334,0,1.997,1.997,10.513,7.938,93.009,6.928,0.425,0,6.948,6.948,NA,33
"5/26/2022 5:42:27 AM",0,27.403,0.024,0.036,34.3,996.42,0,1.178,1.178,5.896,7.39,92.133,6.899,0.255,0,6.919,6.919,NA,33
"5/26/2022 5:42:28 AM",0,27.51,0.024,0.036,34.1,996.39,0,0.351,0.351,1.501,7.388,92.033,6.893,0.34,0,6.913,6.913,NA,33
"5/26/2022 5:42:28 AM",0,27.628,0.024,0.036,34.4,996.358,0,0.53,0.53,3.733,7.383,91.852,6.882,0.255,0,6.902,6.902,NA,33
"5/26/2022 5:42:28 AM",0,27.729,0.024,0.036,33.9,996.329,0,0.055,0.055,0.918,7.378,92.162,6.908,0.255,0,6.928,6.928,NA,33
"5/26/2022 5:42:28 AM",0,27.777,0.024,0.036,34,996.316,0,0.413,0.413,1.326,7.374,92.205,6.912,0.255,0,6.932,6.932,NA,33
"5/26/2022 5:42:28 AM",0,27.677,0.024,0.036,33.7,996.344,0,0.062,0.062,0.408,7.372,92.307,6.923,0.255,0,6.943,6.943,NA,33
"5/26/2022 5:42:29 AM",0,28.495,42.559,67.445,62628.9,1027.924,27.925,0.725,0.725,11.351,7.128,94.463,5.613,0.255,0,5.627,5.629,NA,33
"5/26/2022 5:42:29 AM",0,29.647,46.72,74.754,67820.1,1030.669,30.67,0.328,0.328,3.237,6.991,96.3,5.596,0.255,0,5.609,5.611,NA,33
"5/26/2022 5:47:29 AM",0.541,29.966,50.762,80.813,72852.9,1033.616,33.614,0.148,0.148,0.058,7.391,96.346,5.491,0.34,0,5.503,5.507,NA,33
"5/26/2022 5:47:29 AM",0.556,29.967,50.762,80.814,72853.4,1033.616,33.614,0.148,0.148,0.058,7.403,96.351,5.491,0.34,0,5.503,5.507,NA,33
"5/26/2022 5:47:30 AM",0.567,29.966,50.757,80.806,72847.1,1033.613,33.61,0.14,0.14,0.087,7.426,96.209,5.483,0.34,0,5.495,5.499,NA,33
"5/26/2022 5:47:30 AM",0.529,29.964,50.765,80.813,72857.2,1033.619,33.617,0.133,0.133,0.044,7.444,96.288,5.487,0.34,0,5.5,5.503,NA,33
"5/26/2022 5:47:30 AM",0.431,29.96,50.776,80.823,72871.1,1033.629,33.627,0.14,0.14,0.102,7.464,96.266,5.486,0.34,0,5.498,5.501,NA,33
"5/26/2022 5:47:30 AM",0.329,29.961,50.766,80.81,72858.7,1033.62,33.619,0.14,0.14,0.073,7.477,96.257,5.485,0.34,0,5.498,5.501,NA,33
"5/26/2022 5:47:30 AM",0.233,29.961,50.765,80.809,72857.2,1033.619,33.618,0.156,0.156,0.248,7.492,96.239,5.484,0.34,0,5.497,5.5,NA,33
"5/26/2022 5:47:31 AM",0.12,29.958,50.788,80.837,72886.9,1033.637,33.637,0.172,0.172,0.349,7.506,96.18,5.48,0.425,0,5.493,5.496,NA,33
"5/26/2022 5:47:31 AM",0.011,30.03,50.805,80.967,72899.5,1033.624,33.624,0.281,0.281,0.67,7.528,96.327,5.488,0.595,0,5.5,5.503,NA,33
"5/26/2022 5:47:31 AM",0,30.038,50.77,80.93,72854.1,1033.594,33.594,1.194,1.194,0.772,7.542,96.516,5.499,0.595,0,5.511,5.515,NA,33
"5/26/2022 5:47:31 AM",0,30.047,50.762,80.931,72843.8,1033.585,33.585,0.803,0.803,0.932,7.554,96.536,5.5,0.765,0,5.512,5.516,NA,33
"5/26/2022 5:47:31 AM",0.011,30.07,50.758,80.961,72836.2,1033.574,33.574,0.53,0.53,1.049,7.566,96.598,5.502,0.765,0,5.514,5.518,NA,33
"5/26/2022 5:47:32 AM",0.115,30.088,50.79,81.03,72873.1,1033.592,33.591,0.686,0.686,0.976,7.575,96.551,5.497,0.34,0,5.509,5.513,NA,33
"5/26/2022 5:47:32 AM",0.332,30.18,50.732,81.086,72790.1,1033.516,33.514,0.374,0.374,0.859,7.588,96.72,5.506,0.255,0,5.518,5.522,NA,33
"5/26/2022 5:47:32 AM",0.478,30.037,50.713,80.849,72783.6,1033.554,33.551,0.257,0.257,0.422,7.594,96.531,5.495,0.085,0,5.507,5.511,NA,33
"5/26/2022 5:47:32 AM",0.605,29.983,50.766,80.843,72855.9,1033.613,33.611,0.148,0.148,0.175,7.602,96.403,5.487,0,0,5.499,5.502,NA,33
"5/26/2022 5:47:32 AM",0.735,29.973,50.781,80.85,72876.9,1033.63,33.627,0.125,0.125,0.102,7.609,96.45,5.49,0,0,5.502,5.506,NA,33
"5/26/2022 5:47:33 AM",0.916,29.976,50.792,80.869,72889.6,1033.637,33.633,0.164,0.164,0.146,7.616,96.492,5.494,0,0,5.506,5.509,NA,33
"5/26/2022 5:47:33 AM",1.024,29.978,50.784,80.861,72879.4,1033.631,33.626,0.25,0.25,0.306,7.62,96.563,5.499,0,0,5.511,5.515,NA,33
"5/26/2022 5:47:33 AM",1.116,29.98,50.795,80.878,72892.9,1033.639,33.634,0.164,0.164,0.175,7.624,96.557,5.499,0.085,0,5.511,5.515,NA,33
"5/26/2022 5:47:33 AM",1.194,29.98,50.796,80.881,72894.3,1033.64,33.635,0.172,0.172,0.262,7.626,96.655,5.505,0.085,0,5.517,5.52,NA,33
"5/26/2022 5:47:33 AM",1.238,29.983,50.797,80.885,72894.8,1033.64,33.635,0.156,0.156,0.16,7.626,96.666,5.506,0.17,0,5.518,5.522,NA,33
"5/26/2022 5:47:34 AM",1.264,29.984,50.792,80.882,72889.5,1033.636,33.631,0.14,0.14,0.102,7.629,96.696,5.508,0.17,0,5.52,5.524,NA,33
"5/26/2022 5:47:34 AM",1.248,29.984,50.796,80.887,72894.6,1033.639,33.634,0.125,0.125,0.102,7.636,96.687,5.507,0.17,0,5.52,5.523,NA,33
"5/26/2022 5:47:34 AM",1.21,29.983,50.801,80.892,72900.5,1033.643,33.638,0.148,0.148,0.058,7.638,96.832,5.516,0.17,0,5.528,5.531,NA,33
"5/26/2022 5:47:34 AM",1.158,29.982,50.8,80.889,72898.9,1033.642,33.637,0.172,0.172,0.16,7.636,96.762,5.512,0.17,0,5.524,5.528,NA,33
"5/26/2022 5:47:34 AM",1.095,29.983,50.796,80.884,72894,1033.639,33.634,0.452,0.452,0.32,7.638,96.82,5.515,0.17,0,5.527,5.531,NA,33
"5/26/2022 5:47:35 AM",1.001,29.982,50.795,80.882,72892.2,1033.637,33.633,0.218,0.218,0.131,7.641,96.769,5.512,0.255,0,5.525,5.528,NA,33
"5/26/2022 5:47:35 AM",0.94,29.982,50.785,80.869,72880.9,1033.63,33.626,0.164,0.164,0.175,7.642,96.782,5.514,0.255,0,5.526,5.529,NA,33
"5/26/2022 5:47:35 AM",0.887,29.981,50.784,80.866,72879.7,1033.63,33.626,0.172,0.172,0.408,7.644,96.742,5.512,0.255,0,5.524,5.527,NA,33
"5/26/2022 5:47:35 AM",0.843,29.98,50.781,80.86,72875.9,1033.627,33.624,0.663,0.663,0.757,7.645,96.75,5.512,0.34,0,5.524,5.528,NA,33
"5/26/2022 5:47:35 AM",0.817,29.978,50.776,80.851,72870,1033.624,33.621,0.367,0.367,0.816,7.646,96.575,5.502,0.34,0,5.514,5.518,NA,33
"5/26/2022 5:47:36 AM",0.808,29.979,50.779,80.855,72872.9,1033.626,33.622,0.803,0.803,0.743,7.647,96.634,5.505,0.34,0,5.518,5.521,NA,33
"5/26/2022 5:47:36 AM",0.824,29.981,50.779,80.858,72873.2,1033.626,33.622,0.632,0.632,0.291,7.648,96.757,5.512,0.255,0,5.525,5.528,NA,33
"5/26/2022 5:47:36 AM",0.862,29.984,50.772,80.853,72864,1033.619,33.616,1.233,1.233,0.146,7.647,96.653,5.507,0.255,0,5.519,5.523,NA,33
"5/26/2022 5:47:36 AM",0.94,29.984,50.778,80.861,72871,1033.624,33.62,0.608,0.608,0.087,7.649,96.65,5.506,0.255,0,5.518,5.522,NA,33
"5/26/2022 5:47:36 AM",1.123,29.985,50.78,80.865,72873.5,1033.626,33.621,0.187,0.187,0.087,7.65,96.708,5.51,0.17,0,5.522,5.526,NA,33
"5/26/2022 5:47:37 AM",1.265,29.985,50.781,80.866,72874.9,1033.627,33.622,0.156,0.156,0.044,7.65,96.613,5.504,0.085,0,5.517,5.52,NA,33
"5/26/2022 5:47:37 AM",1.415,29.985,50.782,80.869,72876.4,1033.629,33.623,0.14,0.14,0.073,7.65,96.57,5.502,0,0,5.514,5.518,NA,33
"5/26/2022 5:47:37 AM",1.554,29.985,50.787,80.876,72882.5,1033.633,33.626,0.133,0.133,0.073,7.653,96.527,5.499,0,0,5.511,5.515,NA,33
"5/26/2022 5:47:37 AM",1.743,29.985,50.79,80.881,72886.7,1033.636,33.629,0.133,0.133,0.044,7.652,96.492,5.498,0,0,5.51,5.513,NA,33
"5/26/2022 5:47:38 AM",1.87,29.986,50.807,80.905,72907.1,1033.649,33.641,0.117,0.117,0.015,7.653,96.503,5.497,0,0,5.51,5.513,NA,33
"5/26/2022 5:47:38 AM",1.995,29.986,50.808,80.906,72908.5,1033.65,33.642,0.125,0.125,0.044,7.654,96.471,5.496,0,0,5.508,5.511,NA,33
"5/26/2022 5:47:38 AM",2.098,29.986,50.812,80.913,72914,1033.654,33.645,0.117,0.117,0.058,7.655,96.484,5.497,0,0,5.509,5.512,NA,33
"5/26/2022 5:47:38 AM",2.216,29.986,50.816,80.918,72919.5,1033.658,33.648,0.125,0.125,0.073,7.655,96.52,5.498,0,0,5.511,5.514,NA,33
"5/26/2022 5:47:38 AM",2.397,29.986,50.82,80.923,72924.6,1033.662,33.651,0.125,0.125,0.058,7.658,96.442,5.494,0,0,5.506,5.51,NA,33
"5/26/2022 5:47:39 AM",2.529,29.986,50.82,80.923,72924.1,1033.662,33.651,0.117,0.117,0.044,7.658,96.457,5.495,0,0,5.507,5.511,NA,33
"5/26/2022 5:47:39 AM",2.673,29.985,50.82,80.923,72924.9,1033.663,33.652,0.125,0.125,0.029,7.658,96.469,5.495,0,0,5.508,5.511,NA,33
"5/26/2022 5:47:39 AM",2.824,29.985,50.823,80.926,72928.2,1033.666,33.654,0.117,0.117,0.044,7.657,96.445,5.494,0,0,5.506,5.51,NA,33
"5/26/2022 5:47:39 AM",3.059,29.986,50.824,80.928,72928.9,1033.667,33.654,0.133,0.133,0.029,7.658,96.453,5.495,0,0,5.507,5.51,NA,33
"5/26/2022 5:47:39 AM",3.208,29.986,50.826,80.931,72931.7,1033.669,33.656,0.133,0.133,0.044,7.659,96.355,5.489,0,0,5.501,5.505,NA,33
"5/26/2022 5:47:40 AM",3.342,29.986,50.824,80.93,72929.3,1033.668,33.654,0.133,0.133,0.058,7.659,96.492,5.497,0,0,5.509,5.512,NA,33
"5/26/2022 5:47:40 AM",3.471,29.987,50.825,80.932,72930.4,1033.669,33.654,0.125,0.125,0.044,7.659,96.477,5.496,0,0,5.508,5.512,NA,33
"5/26/2022 5:47:40 AM",3.604,29.987,50.826,80.933,72931.5,1033.67,33.655,0.117,0.117,0.058,7.659,96.577,5.502,0,0,5.514,5.518,NA,33
"5/26/2022 5:47:40 AM",3.811,29.986,50.828,80.935,72934.7,1033.673,33.657,0.117,0.117,0.044,7.659,96.421,5.493,0,0,5.505,5.509,NA,33
"5/26/2022 5:47:40 AM",3.959,29.986,50.829,80.936,72935.6,1033.674,33.658,0.109,0.109,0.058,7.659,96.459,5.495,0,0,5.507,5.51,NA,33
"5/26/2022 5:47:41 AM",4.122,29.986,50.829,80.938,72936.4,1033.675,33.658,0.125,0.125,0.044,7.66,96.53,5.499,0,0,5.511,5.515,NA,33
"5/26/2022 5:47:41 AM",4.313,29.988,50.83,80.941,72937.5,1033.677,33.658,0.109,0.109,0.044,7.659,96.494,5.497,0,0,5.509,5.513,NA,33
"5/26/2022 5:47:41 AM",4.513,29.987,50.829,80.939,72936.9,1033.677,33.658,0.125,0.125,0.073,7.661,96.529,5.499,0,0,5.511,5.515,NA,33
"5/26/2022 5:47:41 AM",4.826,29.986,50.833,80.943,72941.7,1033.682,33.661,0.125,0.125,0.087,7.662,96.447,5.494,0,0,5.507,5.51,NA,33
"5/26/2022 5:47:41 AM",5.029,29.986,50.834,80.944,72943.1,1033.683,33.662,0.133,0.133,0.015,7.661,96.456,5.495,0,0,5.507,5.511,NA,33
"5/26/2022 5:47:42 AM",5.229,29.986,50.833,80.943,72942.2,1033.684,33.661,0.125,0.125,0.029,7.661,96.463,5.495,0,0,5.507,5.511,NA,33
"5/26/2022 5:47:42 AM",5.427,29.985,50.834,80.943,72943.3,1033.685,33.662,0.125,0.125,0.029,7.664,96.355,5.489,0,0,5.501,5.505,NA,33
"5/26/2022 5:47:42 AM",5.728,29.985,50.83,80.938,72938.7,1033.683,33.659,0.109,0.109,0.058,7.661,96.496,5.497,0,0,5.51,5.513,NA,33
"5/26/2022 5:47:42 AM",5.917,29.986,50.831,80.939,72939.2,1033.684,33.659,0.117,0.117,0.029,7.662,96.459,5.495,0,0,5.507,5.511,NA,33
"5/26/2022 5:47:42 AM",6.087,29.985,50.833,80.941,72941.8,1033.687,33.661,0.125,0.125,0.073,7.664,96.568,5.502,0,0,5.514,5.517,NA,33
"5/26/2022 5:47:43 AM",6.226,29.985,50.837,80.948,72947.4,1033.691,33.664,0.125,0.125,0.044,7.662,96.489,5.497,0,0,5.509,5.512,NA,33
"5/26/2022 5:47:43 AM",6.359,29.985,50.839,80.949,72949.4,1033.693,33.666,0.125,0.125,0,7.661,96.493,5.497,0,0,5.509,5.512,NA,33
"5/26/2022 5:47:43 AM",6.572,29.985,50.84,80.952,72950.9,1033.694,33.666,0.133,0.133,0.015,7.66,96.454,5.495,0,0,5.507,5.51,NA,33
"5/26/2022 5:47:43 AM",6.729,29.986,50.838,80.951,72948.9,1033.693,33.665,0.133,0.133,0.015,7.661,96.481,5.496,0,0,5.508,5.512,NA,33
"5/26/2022 5:47:43 AM",6.904,29.986,50.838,80.951,72949.2,1033.694,33.665,0.133,0.133,0.029,7.661,96.29,5.485,0,0,5.498,5.501,NA,33
"5/26/2022 5:47:44 AM",7.081,29.985,50.837,80.948,72947.4,1033.694,33.664,0.133,0.133,0.044,7.661,96.495,5.497,0,0,5.51,5.513,NA,33
"5/26/2022 5:47:44 AM",7.384,29.984,50.839,80.951,72951,1033.698,33.666,0.109,0.109,0.058,7.66,96.546,5.5,0,0,5.512,5.516,NA,33
"5/26/2022 5:47:44 AM",7.591,29.984,50.841,80.953,72953,1033.7,33.668,0.117,0.117,0.058,7.662,96.442,5.494,0,0,5.506,5.51,NA,33
"5/26/2022 5:47:44 AM",7.79,29.984,50.84,80.95,72952.2,1033.7,33.667,0.117,0.117,0.073,7.662,96.491,5.497,0,0,5.509,5.513,NA,33
"5/26/2022 5:47:44 AM",7.999,29.984,50.841,80.952,72953.3,1033.702,33.668,0.125,0.125,0.058,7.663,96.421,5.493,0,0,5.505,5.509,NA,33
"5/26/2022 5:47:45 AM",8.195,29.984,50.839,80.949,72950.4,1033.701,33.666,0.101,0.101,0.015,7.66,96.469,5.496,0,0,5.508,5.512,NA,33
"5/26/2022 5:47:45 AM",8.491,29.985,50.836,80.947,72947,1033.7,33.663,0.125,0.125,0.044,7.663,96.382,5.491,0,0,5.503,5.507,NA,33
"5/26/2022 5:47:45 AM",8.689,29.985,50.836,80.947,72946.9,1033.7,33.663,0.109,0.109,0.044,7.663,96.523,5.499,0,0,5.511,5.515,NA,33
"5/26/2022 5:47:45 AM",8.878,29.984,50.835,80.944,72945.7,1033.701,33.663,0.101,0.101,0.029,7.661,96.489,5.497,0,0,5.509,5.513,NA,33
"5/26/2022 5:47:45 AM",9.073,29.985,50.832,80.941,72942.3,1033.699,33.66,0.133,0.133,0.058,7.661,96.602,5.504,0,0,5.516,5.519,NA,33
"5/26/2022 5:47:46 AM",9.269,29.985,50.831,80.94,72941,1033.699,33.66,0.14,0.14,0.058,7.664,96.523,5.499,0,0,5.511,5.515,NA,33
"5/26/2022 5:47:46 AM",9.559,29.985,50.831,80.941,72941.1,1033.7,33.659,0.148,0.148,0.044,7.663,96.517,5.499,0,0,5.511,5.515,NA,33
"5/26/2022 5:47:46 AM",9.745,29.985,50.83,80.94,72940.7,1033.701,33.659,0.117,0.117,0.029,7.665,96.548,5.501,0,0,5.513,5.517,NA,33
"5/26/2022 5:47:46 AM",9.933,29.985,50.828,80.938,72938.4,1033.7,33.658,0.117,0.117,0.044,7.665,96.445,5.495,0,0,5.507,5.511,NA,33
"5/26/2022 5:47:46 AM",10.119,29.986,50.826,80.936,72935.5,1033.699,33.656,0.125,0.125,0.044,7.666,96.461,5.496,0,0,5.508,5.512,NA,33
"5/26/2022 5:47:47 AM",10.303,29.987,50.825,80.935,72933.6,1033.698,33.654,0.156,0.156,0.058,7.664,96.487,5.497,0,0,5.51,5.513,NA,33
"5/26/2022 5:47:47 AM",10.578,29.989,50.824,80.937,72932.7,1033.698,33.653,0.125,0.125,0.044,7.665,96.62,5.505,0,0,5.517,5.521,NA,33
"5/26/2022 5:47:47 AM",10.762,29.99,50.823,80.938,72931.4,1033.698,33.652,0.148,0.148,0.058,7.667,96.591,5.503,0,0,5.515,5.519,NA,33
"5/26/2022 5:47:47 AM",10.949,29.991,50.822,80.937,72930,1033.697,33.651,0.133,0.133,0.029,7.667,96.561,5.502,0,0,5.514,5.517,NA,33
"5/26/2022 5:47:47 AM",11.135,29.99,50.82,80.935,72928.1,1033.697,33.65,0.125,0.125,0.015,7.665,96.593,5.503,0,0,5.516,5.519,NA,33
"5/26/2022 5:47:48 AM",11.363,29.989,50.817,80.929,72924.1,1033.696,33.647,0.117,0.117,0.058,7.667,96.463,5.496,0,0,5.508,5.512,NA,33
"5/26/2022 5:47:48 AM",11.505,29.99,50.813,80.925,72919.6,1033.693,33.644,0.109,0.109,0.058,7.667,96.475,5.497,0,0,5.509,5.513,NA,33
"5/26/2022 5:47:48 AM",11.617,29.988,50.812,80.92,72918.3,1033.693,33.644,0.117,0.117,0.058,7.668,96.554,5.502,0,0,5.514,5.517,NA,33
"5/26/2022 5:47:48 AM",11.65,29.988,50.812,80.92,72919,1033.694,33.645,0.125,0.125,0.015,7.669,96.609,5.505,0,0,5.517,5.521,NA,33
"5/26/2022 5:47:49 AM",11.651,29.986,50.811,80.915,72917,1033.693,33.644,0.125,0.125,0.015,7.67,96.55,5.501,0,0,5.513,5.517,NA,33
"5/26/2022 5:47:49 AM",11.575,29.986,50.809,80.914,72915.4,1033.692,33.643,0.125,0.125,0.044,7.671,96.549,5.502,0,0,5.514,5.517,NA,33
"5/26/2022 5:47:49 AM",11.53,29.988,50.807,80.912,72911.8,1033.689,33.64,0.133,0.133,0.058,7.669,96.596,5.504,0,0,5.516,5.52,NA,33
"5/26/2022 5:47:49 AM",11.497,29.988,50.806,80.912,72911.2,1033.689,33.64,0.133,0.133,0.044,7.669,96.537,5.501,0,0,5.513,5.517,NA,33
"5/26/2022 5:47:49 AM",11.474,29.988,50.804,80.909,72909,1033.687,33.639,0.133,0.133,0.044,7.669,96.544,5.501,0,0,5.514,5.517,NA,33
"5/26/2022 5:47:50 AM",11.448,29.989,50.803,80.909,72906.5,1033.685,33.637,0.125,0.125,0.029,7.672,96.57,5.503,0,0,5.515,5.519,NA,33
"5/26/2022 5:47:50 AM",11.405,29.989,50.801,80.906,72904.4,1033.684,33.635,0.133,0.133,0.058,7.673,96.619,5.505,0,0,5.518,5.521,NA,33
"5/26/2022 5:47:50 AM",11.332,29.989,50.799,80.904,72902.7,1033.683,33.635,0.125,0.125,0.029,7.673,96.625,5.506,0,0,5.518,5.522,NA,33
"5/26/2022 5:47:50 AM",11.219,29.989,50.797,80.9,72899.8,1033.68,33.633,0.117,0.117,0.029,7.673,96.614,5.506,0,0,5.518,5.521,NA,33
"5/26/2022 5:47:50 AM",11,29.988,50.799,80.901,72902.1,1033.681,33.635,0.125,0.125,0.058,7.676,96.533,5.501,0,0,5.513,5.517,NA,33
"5/26/2022 5:47:51 AM",10.857,29.988,50.798,80.9,72900.4,1033.68,33.633,0.148,0.148,0.044,7.673,96.495,5.499,0,0,5.511,5.514,NA,33
"5/26/2022 5:47:51 AM",10.748,29.989,50.795,80.897,72896.5,1033.677,33.631,0.125,0.125,0.015,7.674,96.525,5.501,0,0,5.513,5.516,NA,33
"5/26/2022 5:47:51 AM",10.611,29.991,50.791,80.895,72891.8,1033.673,33.628,0.125,0.125,0.015,7.672,96.559,5.503,0,0,5.515,5.518,NA,33
"5/26/2022 5:47:51 AM",10.449,29.991,50.792,80.896,72892.5,1033.672,33.628,0.125,0.125,0.058,7.667,96.53,5.501,0,0,5.513,5.516,NA,33
"5/26/2022 5:47:51 AM",10.178,29.991,50.788,80.89,72887.2,1033.668,33.625,0.109,0.109,0.058,7.673,96.575,5.504,0,0,5.516,5.519,NA,33
"5/26/2022 5:47:52 AM",10.053,29.991,50.785,80.887,72884.5,1033.666,33.623,0.133,0.133,0.058,7.677,96.583,5.504,0,0,5.516,5.52,NA,33
"5/26/2022 5:47:52 AM",9.988,29.992,50.783,80.885,72881,1033.663,33.621,0.133,0.133,0.073,7.678,96.564,5.503,0,0,5.515,5.519,NA,33
"5/26/2022 5:47:52 AM",9.935,29.992,50.781,80.882,72878.4,1033.661,33.619,0.125,0.125,0.044,7.677,96.601,5.505,0,0,5.518,5.521,NA,33
"5/26/2022 5:47:52 AM",9.879,29.992,50.779,80.879,72875.7,1033.66,33.618,0.125,0.125,0.015,7.677,96.58,5.504,0,0,5.516,5.52,NA,33
"5/26/2022 5:47:52 AM",9.808,29.992,50.778,80.878,72874.7,1033.659,33.617,0.117,0.117,0.015,7.679,96.596,5.505,0,0,5.517,5.521,NA,33
"5/26/2022 5:47:53 AM",9.816,29.992,50.775,80.874,72871,1033.656,33.615,0.125,0.125,0.058,7.68,96.514,5.5,0,0,5.512,5.516,NA,33
"5/26/2022 5:47:53 AM",9.849,29.992,50.774,80.873,72869.8,1033.656,33.614,0.117,0.117,0.044,7.68,96.516,5.5,0,0,5.513,5.516,NA,33
"5/26/2022 5:47:53 AM",9.818,29.993,50.772,80.871,72867.8,1033.654,33.613,0.117,0.117,0.015,7.679,96.553,5.503,0,0,5.515,5.518,NA,33
"5/26/2022 5:47:53 AM",9.658,29.992,50.771,80.869,72866.4,1033.653,33.612,0.125,0.125,0.029,7.679,96.585,5.504,0,0,5.517,5.52,NA,33
"5/26/2022 5:47:53 AM",9.53,29.992,50.768,80.866,72862.8,1033.65,33.61,0.148,0.148,0.058,7.676,96.621,5.507,0,0,5.519,5.522,NA,33
"5/26/2022 5:47:54 AM",9.432,29.991,50.768,80.862,72861.8,1033.65,33.609,0.125,0.125,0.044,7.678,96.566,5.503,0,0,5.516,5.519,NA,33
"5/26/2022 5:47:54 AM",9.363,29.991,50.766,80.861,72860.5,1033.649,33.609,0.109,0.109,0.073,7.677,96.514,5.5,0,0,5.513,5.516,NA,33
"5/26/2022 5:47:54 AM",9.295,29.989,50.763,80.854,72856.8,1033.646,33.607,0.117,0.117,0.044,7.677,96.512,5.5,0,0,5.513,5.516,NA,33
"5/26/2022 5:47:54 AM",9.114,29.989,50.758,80.847,72850.4,1033.642,33.603,0.117,0.117,0.044,7.676,96.534,5.502,0,0,5.514,5.518,NA,33
"5/26/2022 5:47:54 AM",8.946,29.988,50.757,80.844,72849.4,1033.641,33.603,0.117,0.117,0.029,7.678,96.553,5.503,0,0,5.516,5.519,NA,33
"5/26/2022 5:47:55 AM",8.749,29.986,50.758,80.842,72850.6,1033.641,33.604,0.133,0.133,0.058,7.677,96.657,5.509,0,0,5.522,5.525,NA,33
"5/26/2022 5:47:55 AM",8.551,29.985,50.756,80.837,72847.3,1033.639,33.603,0.133,0.133,0.015,7.677,96.518,5.502,0,0,5.514,5.517,NA,33
"5/26/2022 5:47:55 AM",8.277,29.983,50.753,80.83,72844.2,1033.637,33.601,0.117,0.117,0.029,7.675,96.514,5.501,0,0,5.513,5.517,NA,33
"5/26/2022 5:47:55 AM",8.065,29.983,50.752,80.827,72842.2,1033.635,33.6,0.101,0.101,0.058,7.675,96.626,5.508,0,0,5.52,5.524,NA,33
"5/26/2022 5:47:55 AM",7.849,29.983,50.749,80.825,72839.3,1033.632,33.599,0.117,0.117,0.058,7.673,96.564,5.505,0,0,5.517,5.52,NA,33
"5/26/2022 5:47:56 AM",7.646,29.983,50.748,80.823,72838,1033.63,33.598,0.109,0.109,0.073,7.673,96.497,5.501,0,0,5.513,5.517,NA,33
"5/26/2022 5:47:56 AM",7.516,29.984,50.75,80.827,72839.7,1033.63,33.599,0.109,0.109,0.087,7.671,96.414,5.496,0,0,5.508,5.512,NA,33
"5/26/2022 5:47:56 AM",7.43,29.985,50.745,80.822,72833.9,1033.626,33.595,0.117,0.117,0.015,7.67,96.491,5.5,0,0,5.513,5.516,NA,33
"5/26/2022 5:47:56 AM",7.394,29.986,50.744,80.821,72832.1,1033.625,33.594,0.125,0.125,0.044,7.674,96.522,5.503,0,0,5.515,5.518,NA,33
"5/26/2022 5:47:56 AM",7.351,29.988,50.744,80.824,72832.4,1033.624,33.593,0.133,0.133,0.087,7.676,96.483,5.5,0,0,5.512,5.516,NA,33
"5/26/2022 5:47:57 AM",7.302,29.988,50.744,80.823,72831.3,1033.624,33.593,0.125,0.125,0.044,7.676,96.572,5.505,0,0,5.518,5.521,NA,33
"5/26/2022 5:47:57 AM",7.26,29.988,50.741,80.821,72828.3,1033.621,33.591,0.125,0.125,0.029,7.67,96.591,5.507,0,0,5.519,5.522,NA,33
"5/26/2022 5:47:57 AM",7.232,29.987,50.74,80.818,72826.9,1033.621,33.59,0.125,0.125,0.073,7.672,96.637,5.509,0,0,5.521,5.525,NA,33
"5/26/2022 5:47:57 AM",7.144,29.987,50.736,80.812,72821.3,1033.617,33.587,0.117,0.117,0.058,7.664,96.525,5.503,0,0,5.515,5.518,NA,33
"5/26/2022 5:47:57 AM",7.01,29.986,50.737,80.811,72822.9,1033.618,33.588,0.117,0.117,0.058,7.667,96.499,5.501,0,0,5.514,5.517,NA,33
"5/26/2022 5:47:58 AM",6.786,29.985,50.734,80.805,72819,1033.615,33.586,0.117,0.117,0.073,7.671,96.543,5.504,0,0,5.516,5.52,NA,33
"5/26/2022 5:47:58 AM",6.688,29.983,50.731,80.798,72815.4,1033.613,33.584,0.187,0.187,0.044,7.671,96.505,5.502,0,0,5.514,5.517,NA,33
"5/26/2022 5:47:58 AM",6.605,29.982,50.731,80.797,72815.8,1033.613,33.585,0.133,0.133,0.058,7.673,96.555,5.505,0,0,5.517,5.521,NA,33
"5/26/2022 5:47:58 AM",6.513,29.982,50.731,80.797,72815.5,1033.612,33.585,0.109,0.109,0.044,7.68,96.5,5.502,0,0,5.514,5.517,NA,33
"5/26/2022 5:47:59 AM",6.407,29.982,50.729,80.794,72813.2,1033.611,33.583,0.109,0.109,0,7.676,96.483,5.501,0,0,5.513,5.517,NA,33
"5/26/2022 5:47:59 AM",6.193,29.982,50.735,80.801,72820.6,1033.614,33.588,0.117,0.117,0.058,7.674,96.637,5.51,0,0,5.522,5.526,NA,33
"5/26/2022 5:47:59 AM",6.073,29.982,50.733,80.8,72818.5,1033.612,33.587,0.133,0.133,0.102,7.675,96.605,5.508,0,0,5.52,5.523,NA,33
"5/26/2022 5:47:59 AM",5.91,29.983,50.732,80.799,72817.3,1033.611,33.586,0.133,0.133,0.044,7.673,96.577,5.506,0,0,5.518,5.522,NA,33
"5/26/2022 5:47:59 AM",5.705,29.983,50.731,80.797,72814.9,1033.609,33.584,0.117,0.117,0.044,7.672,96.517,5.503,0,0,5.515,5.519,NA,33
"5/26/2022 5:48:00 AM",5.475,29.984,50.733,80.801,72817.2,1033.609,33.586,0.827,0.827,0.16,7.675,96.487,5.501,0.085,0,5.514,5.517,NA,33
"5/26/2022 5:48:00 AM",5.258,29.985,50.729,80.798,72812.5,1033.605,33.582,0.25,0.25,0.073,7.677,96.569,5.506,0,0,5.518,5.522,NA,33
"5/26/2022 5:48:00 AM",5.19,29.987,50.727,80.798,72809.3,1033.602,33.58,0.164,0.164,0.029,7.675,96.585,5.507,0,0,5.519,5.523,NA,33
"5/26/2022 5:48:00 AM",5.168,29.988,50.724,80.796,72806.1,1033.6,33.578,0.133,0.133,0.029,7.681,96.635,5.51,0,0,5.522,5.525,NA,33
"5/26/2022 5:48:00 AM",5.166,29.989,50.724,80.796,72805.3,1033.599,33.577,0.133,0.133,0.029,7.678,96.537,5.504,0,0,5.517,5.52,NA,33
"5/26/2022 5:48:01 AM",5.182,29.989,50.72,80.792,72801.2,1033.597,33.574,0.125,0.125,0.015,7.669,96.561,5.505,0,0,5.518,5.521,NA,33
"5/26/2022 5:48:01 AM",5.215,29.989,50.718,80.789,72798.1,1033.595,33.572,0.117,0.117,0.044,7.665,96.47,5.501,0,0,5.513,5.516,NA,33
"5/26/2022 5:48:01 AM",5.277,29.989,50.718,80.788,72798.1,1033.595,33.573,0.109,0.109,0.044,7.662,96.518,5.503,0,0,5.515,5.519,NA,33
"5/26/2022 5:48:01 AM",5.307,29.989,50.717,80.787,72797.6,1033.595,33.572,0.117,0.117,0.044,7.67,96.551,5.505,0,0,5.517,5.521,NA,33
"5/26/2022 5:48:01 AM",5.244,29.989,50.715,80.784,72794.5,1033.593,33.57,0.125,0.125,0.015,7.675,96.562,5.506,0.085,0,5.518,5.522,NA,33
"5/26/2022 5:48:02 AM",5.116,29.988,50.713,80.781,72792.3,1033.591,33.569,0.117,0.117,0.015,7.682,96.502,5.502,0.085,0,5.515,5.518,NA,33
"5/26/2022 5:48:02 AM",5.003,29.989,50.713,80.782,72792.6,1033.591,33.569,0.125,0.125,0.044,7.683,96.553,5.505,0.085,0,5.517,5.521,NA,33
"5/26/2022 5:48:02 AM",4.928,29.988,50.712,80.779,72791.5,1033.59,33.569,0.14,0.14,0.044,7.684,96.504,5.503,0.085,0,5.515,5.518,NA,33
"5/26/2022 5:48:02 AM",4.89,29.988,50.71,80.775,72787.8,1033.587,33.567,0.133,0.133,0.029,7.69,96.561,5.506,0.085,0,5.518,5.521,NA,33
"5/26/2022 5:48:02 AM",4.822,29.989,50.708,80.774,72786.1,1033.586,33.565,0.117,0.117,0,7.689,96.511,5.503,0.085,0,5.515,5.519,NA,33
"5/26/2022 5:48:03 AM",4.737,29.989,50.707,80.773,72784.8,1033.585,33.565,0.125,0.125,0.029,7.689,96.452,5.5,0.085,0,5.512,5.516,NA,33
"5/26/2022 5:48:03 AM",4.636,29.988,50.705,80.77,72782.3,1033.583,33.563,0.125,0.125,0.102,7.684,96.543,5.505,0.085,0,5.517,5.52,NA,33
"5/26/2022 5:48:03 AM",4.525,29.988,50.703,80.766,72779.4,1033.581,33.562,0.133,0.133,0.087,7.679,96.424,5.498,0.085,0,5.511,5.514,NA,33
"5/26/2022 5:48:03 AM",4.299,29.988,50.7,80.761,72775.5,1033.578,33.559,0.117,0.117,0.087,7.68,96.565,5.507,0.085,0,5.519,5.522,NA,33
"5/26/2022 5:48:03 AM",4.123,29.988,50.699,80.76,72774.3,1033.576,33.559,0.117,0.117,0.058,7.685,96.403,5.497,0.085,0,5.509,5.513,NA,33
"5/26/2022 5:48:04 AM",3.929,29.988,50.651,80.693,72714.5,1033.539,33.522,0.125,0.125,0.073,7.686,96.501,5.504,0.085,0,5.517,5.52,NA,33
"5/26/2022 5:48:04 AM",3.732,29.987,50.694,80.753,72768.1,1033.571,33.555,0.133,0.133,0.058,7.684,96.524,5.504,0.085,0,5.516,5.52,NA,33
"5/26/2022 5:48:04 AM",3.564,29.988,50.691,80.749,72763.6,1033.567,33.552,0.125,0.125,0.044,7.686,96.483,5.502,0.085,0,5.514,5.518,NA,33
"5/26/2022 5:48:04 AM",3.414,29.988,50.688,80.745,72760.7,1033.565,33.551,0.117,0.117,0.044,7.688,96.546,5.506,0.085,0,5.518,5.522,NA,33
"5/26/2022 5:48:04 AM",3.392,29.988,50.688,80.744,72759.7,1033.565,33.55,0.125,0.125,0.044,7.688,96.474,5.502,0.085,0,5.514,5.517,NA,33
"5/26/2022 5:48:05 AM",3.42,29.988,50.684,80.739,72755.8,1033.562,33.548,0.133,0.133,0.044,7.686,96.491,5.503,0.085,0,5.515,5.519,NA,33
"5/26/2022 5:48:05 AM",3.458,29.988,50.682,80.735,72752.5,1033.56,33.546,0.109,0.109,0.029,7.687,96.517,5.504,0.085,0,5.517,5.52,NA,33
"5/26/2022 5:48:05 AM",3.522,29.986,50.681,80.732,72751.6,1033.561,33.546,0.117,0.117,0.044,7.687,96.508,5.504,0.085,0,5.516,5.52,NA,33
"5/26/2022 5:48:05 AM",3.564,29.986,50.678,80.728,72748.4,1033.559,33.544,0.117,0.117,0.044,7.684,96.517,5.504,0.085,0,5.517,5.52,NA,33
"5/26/2022 5:48:05 AM",3.579,29.986,50.678,80.727,72747.6,1033.559,33.543,0.109,0.109,0.029,7.68,96.707,5.516,0.085,0,5.528,5.531,NA,33
"5/26/2022 5:48:06 AM",3.573,29.985,50.679,80.728,72749.3,1033.56,33.544,0.117,0.117,0.015,7.685,96.528,5.505,0.085,0,5.518,5.521,NA,33
"5/26/2022 5:48:06 AM",3.503,29.985,50.678,80.726,72748.2,1033.559,33.544,0.117,0.117,0.015,7.691,96.436,5.5,0.085,0,5.512,5.516,NA,33
"5/26/2022 5:48:06 AM",3.331,29.984,50.677,80.724,72747,1033.558,33.543,0.125,0.125,0.058,7.687,96.574,5.508,0.17,0,5.52,5.524,NA,33
"5/26/2022 5:48:06 AM",3.223,29.985,50.673,80.72,72742.4,1033.554,33.54,0.125,0.125,0.015,7.685,96.591,5.509,0.17,0,5.521,5.525,NA,33
"5/26/2022 5:48:06 AM",3.164,29.985,50.672,80.718,72740.6,1033.553,33.539,0.125,0.125,0.058,7.689,96.588,5.509,0.17,0,5.521,5.525,NA,33
"5/26/2022 5:48:07 AM",3.131,29.985,50.67,80.716,72738.3,1033.551,33.538,0.14,0.14,0.044,7.689,96.467,5.502,0.17,0,5.514,5.518,NA,33
"5/26/2022 5:48:07 AM",3.037,29.986,50.665,80.71,72731.6,1033.546,33.534,0.133,0.133,0.102,7.695,96.427,5.5,0.17,0,5.512,5.516,NA,33
"5/26/2022 5:48:07 AM",2.982,29.985,50.665,80.708,72731.5,1033.546,33.534,0.125,0.125,0.087,7.695,96.649,5.513,0.17,0,5.525,5.528,NA,33
"5/26/2022 5:48:07 AM",2.935,29.984,50.665,80.707,72731.4,1033.547,33.534,0.125,0.125,0.073,7.692,96.62,5.511,0.085,0,5.523,5.527,NA,33
"5/26/2022 5:48:07 AM",2.881,29.984,50.662,80.703,72727.9,1033.544,33.532,0.148,0.148,0.087,7.687,96.65,5.513,0.085,0,5.525,5.529,NA,33
"5/26/2022 5:48:08 AM",2.785,29.984,50.664,80.705,72730,1033.545,33.533,0.172,0.172,0.189,7.685,96.515,5.505,0.17,0,5.517,5.521,NA,33
"5/26/2022 5:48:08 AM",2.551,29.984,50.662,80.703,72728.6,1033.543,33.533,0.14,0.14,0.131,7.683,96.573,5.509,0.17,0,5.521,5.524,NA,33
"5/26/2022 5:48:08 AM",2.38,29.984,50.657,80.695,72721.5,1033.538,33.528,0.117,0.117,0.102,7.666,96.491,5.504,0.17,0,5.516,5.52,NA,33
"5/26/2022 5:48:08 AM",2.24,29.983,50.652,80.687,72715.4,1033.534,33.525,0.125,0.125,0.058,7.668,96.643,5.513,0.255,0,5.525,5.529,NA,33
"5/26/2022 5:48:08 AM",2.137,29.982,50.648,80.68,72710,1033.531,33.522,0.164,0.164,0.073,7.666,96.492,5.504,0.17,0,5.517,5.52,NA,33
"5/26/2022 5:48:09 AM",2.095,29.982,50.646,80.678,72708.2,1033.53,33.521,0.133,0.133,0.087,7.668,96.517,5.506,0.17,0,5.518,5.522,NA,33
"5/26/2022 5:48:09 AM",2.127,29.983,50.642,80.673,72702.7,1033.526,33.517,0.133,0.133,0.087,7.668,96.596,5.51,0.17,0,5.523,5.526,NA,33
"5/26/2022 5:48:09 AM",2.186,29.983,50.64,80.67,72700,1033.525,33.515,0.125,0.125,0.087,7.665,96.634,5.513,0.17,0,5.525,5.529,NA,33
"5/26/2022 5:48:09 AM",2.252,29.983,50.64,80.671,72700.8,1033.525,33.516,0.117,0.117,0.058,7.659,96.557,5.508,0.17,0,5.521,5.524,NA,33
"5/26/2022 5:48:10 AM",2.314,29.983,50.64,80.671,72701,1033.526,33.516,0.125,0.125,0.029,7.659,96.471,5.504,0.17,0,5.516,5.519,NA,33
"5/26/2022 5:48:10 AM",2.401,29.983,50.638,80.668,72698.8,1033.525,33.515,0.109,0.109,0.029,7.657,96.537,5.507,0.17,0,5.52,5.523,NA,33
"5/26/2022 5:48:10 AM",2.406,29.983,50.638,80.667,72697.6,1033.524,33.514,0.109,0.109,0.058,7.666,96.547,5.508,0.255,0,5.52,5.524,NA,33
"5/26/2022 5:48:10 AM",2.323,29.982,50.636,80.663,72695.7,1033.523,33.513,0.117,0.117,0.073,7.657,96.54,5.508,0.255,0,5.52,5.523,NA,33
"5/26/2022 5:48:10 AM",2.224,29.982,50.636,80.664,72696.3,1033.523,33.514,0.14,0.14,0.204,7.652,96.573,5.509,0.255,0,5.522,5.525,NA,33
"5/26/2022 5:48:11 AM",2.113,29.982,50.636,80.663,72695.5,1033.522,33.513,0.117,0.117,0.102,7.65,96.687,5.516,0.255,0,5.528,5.532,NA,33
"5/26/2022 5:48:11 AM",1.965,29.982,50.632,80.658,72690.7,1033.518,33.51,0.203,0.203,0.044,7.655,96.673,5.515,0.255,0,5.527,5.531,NA,33
"5/26/2022 5:48:11 AM",1.923,29.983,50.63,80.656,72687.8,1033.516,33.508,0.156,0.156,0.058,7.654,96.62,5.513,0.255,0,5.525,5.528,NA,33
"5/26/2022 5:48:11 AM",1.908,29.983,50.631,80.658,72689.7,1033.518,33.509,0.148,0.148,0.073,7.653,96.578,5.51,0.255,0,5.523,5.526,NA,33
"5/26/2022 5:48:11 AM",1.895,29.983,50.629,80.655,72686.2,1033.515,33.507,0.14,0.14,0.087,7.654,96.715,5.518,0.255,0,5.53,5.534,NA,33
"5/26/2022 5:48:12 AM",1.836,29.985,50.627,80.655,72684.2,1033.513,33.505,0.117,0.117,0.029,7.654,96.529,5.507,0.255,0,5.52,5.523,NA,33
"5/26/2022 5:48:12 AM",1.789,29.985,50.623,80.65,72679,1033.51,33.502,0.109,0.109,0.044,7.653,96.643,5.514,0.255,0,5.526,5.53,NA,33
"5/26/2022 5:48:12 AM",1.748,29.985,50.623,80.649,72678.9,1033.51,33.502,0.109,0.109,0,7.654,96.556,5.509,0.255,0,5.521,5.525,NA,33
"5/26/2022 5:48:12 AM",1.694,29.984,50.62,80.644,72674.7,1033.507,33.5,0.117,0.117,0.029,7.658,96.643,5.514,0.255,0,5.526,5.53,NA,33
"5/26/2022 5:48:12 AM",1.609,29.983,50.619,80.641,72673.5,1033.506,33.499,0.179,0.179,0.044,7.661,96.567,5.51,0.255,0,5.522,5.525,NA,33
"5/26/2022 5:48:13 AM",1.445,29.983,50.615,80.635,72669,1033.503,33.497,0.125,0.125,0.044,7.662,96.514,5.507,0.34,0,5.519,5.522,NA,33
"5/26/2022 5:48:13 AM",1.327,29.982,50.611,80.628,72663.7,1033.499,33.494,0.125,0.125,0.029,7.657,96.543,5.508,0.34,0,5.521,5.524,NA,33
"5/26/2022 5:48:13 AM",1.218,29.983,50.603,80.619,72654.6,1033.493,33.488,0.14,0.14,0.058,7.659,96.578,5.511,0.425,0,5.523,5.527,NA,33
"5/26/2022 5:48:13 AM",1.155,29.984,50.598,80.613,72647.8,1033.489,33.484,0.156,0.156,0.16,7.661,96.636,5.515,0.425,0,5.527,5.53,NA,33
"5/26/2022 5:48:13 AM",1.164,29.984,50.596,80.61,72645.1,1033.487,33.482,0.195,0.195,0.073,7.662,96.493,5.506,0.34,0,5.519,5.522,NA,33
"5/26/2022 5:48:14 AM",1.202,29.984,50.594,80.608,72642,1033.485,33.48,0.14,0.14,0.131,7.67,96.606,5.513,0.255,0,5.525,5.528,NA,33
"5/26/2022 5:48:14 AM",1.247,29.984,50.592,80.605,72640,1033.484,33.479,0.172,0.172,0.116,7.668,96.544,5.509,0.255,0,5.521,5.525,NA,33
"5/26/2022 5:48:14 AM",1.275,29.984,50.592,80.604,72640.1,1033.485,33.479,0.148,0.148,0.073,7.666,96.589,5.512,0.255,0,5.524,5.528,NA,33
"5/26/2022 5:48:14 AM",1.296,29.983,50.592,80.603,72640.4,1033.485,33.48,0.117,0.117,0.044,7.66,96.538,5.509,0.255,0,5.521,5.525,NA,33
"5/26/2022 5:48:14 AM",1.296,29.984,50.591,80.603,72639.2,1033.484,33.479,0.125,0.125,0.087,7.66,96.598,5.512,0.255,0,5.525,5.528,NA,33
"5/26/2022 5:48:15 AM",1.207,29.985,50.588,80.6,72634.9,1033.481,33.476,0.133,0.133,0.131,7.659,96.651,5.516,0.34,0,5.528,5.531,NA,33
"5/26/2022 5:48:15 AM",1.086,29.984,50.588,80.6,72635.4,1033.481,33.476,0.14,0.14,0.102,7.657,96.618,5.514,0.34,0,5.526,5.53,NA,33
"5/26/2022 5:48:15 AM",0.903,29.984,50.585,80.596,72631.5,1033.478,33.474,0.14,0.14,0.102,7.656,96.67,5.517,0.34,0,5.529,5.533,NA,33
"5/26/2022 5:48:15 AM",0.733,29.984,50.582,80.592,72627.5,1033.475,33.471,0.164,0.164,0.116,7.659,96.564,5.511,0.34,0,5.523,5.527,NA,33
"5/26/2022 5:48:15 AM",0.555,29.984,50.571,80.576,72614,1033.466,33.463,0.14,0.14,0.087,7.669,96.637,5.515,0.34,0,5.527,5.531,NA,33
"5/26/2022 5:48:16 AM",0.47,29.984,50.555,80.554,72594.1,1033.453,33.451,0.133,0.133,0.102,7.672,96.64,5.516,0.425,0,5.528,5.532,NA,33
"5/26/2022 5:48:16 AM",0.409,29.983,50.55,80.546,72587.8,1033.449,33.448,0.164,0.164,0.16,7.676,96.504,5.508,0.51,0,5.52,5.524,NA,33
"5/26/2022 5:48:16 AM",0.347,29.984,50.552,80.548,72589.7,1033.45,33.449,0.46,0.46,0.16,7.678,96.6,5.514,0.51,0,5.526,5.529,NA,33
"5/26/2022 5:48:16 AM",0.253,29.984,50.545,80.541,72581.8,1033.445,33.444,0.218,0.218,0.146,7.683,96.514,5.509,0.51,0,5.521,5.525,NA,33
"5/26/2022 5:48:16 AM",0.187,29.987,50.549,80.549,72586.3,1033.447,33.446,0.156,0.156,0.087,7.68,96.62,5.515,0.51,0,5.527,5.531,NA,33
"5/26/2022 5:48:17 AM",0.067,29.998,50.563,80.584,72602,1033.453,33.452,0.133,0.133,0.116,7.68,96.682,5.518,0.595,0,5.53,5.533,NA,33
"5/26/2022 5:48:17 AM",0,30.013,50.535,80.568,72565.7,1033.426,33.426,13.917,13.917,0.364,7.679,96.63,5.515,0.68,0,5.527,5.531,NA,33
"5/26/2022 5:48:17 AM",0,30.021,50.516,80.553,72540.1,1033.407,33.408,2.379,2.379,0.684,7.676,96.764,5.522,0.765,0,5.535,5.538,NA,33
"5/26/2022 5:48:17 AM",0,30.034,50.406,80.42,72402.6,1033.32,33.321,0.866,0.866,0.437,7.676,96.664,5.52,1.02,0,5.532,5.536,NA,33
"5/26/2022 5:48:17 AM",0,30.033,50.478,80.517,72491.3,1033.374,33.375,0.421,0.421,0.291,7.68,96.632,5.516,1.02,0,5.528,5.531,NA,33
"5/26/2022 5:48:18 AM",0,30.033,50.476,80.516,72489.3,1033.373,33.374,0.203,0.203,0.204,7.685,96.568,5.512,1.02,0,5.524,5.528,NA,33
"5/26/2022 5:48:18 AM",0,30.036,50.514,80.572,72536.2,1033.401,33.401,0.304,0.304,0.16,7.683,96.793,5.523,1.02,0,5.536,5.539,NA,33
"5/26/2022 5:48:18 AM",0,30.052,50.55,80.646,72579.3,1033.422,33.423,0.187,0.187,0.175,7.683,96.911,5.527,1.02,0,5.539,5.542,NA,33
"5/26/2022 5:48:18 AM",0,30.105,50.607,80.803,72643.6,1033.446,33.447,0.203,0.203,0.146,7.687,96.939,5.525,1.104,0,5.537,5.541,NA,33
"5/26/2022 5:48:18 AM",0,30.143,4.839,9.607,8630.6,999.214,0,110.022,110.022,87.446,7.691,96.903,7.099,1.104,0,7.12,7.119,NA,33
"5/26/2022 5:48:19 AM",0,30.003,1.338,2.865,2580.9,996.649,0,506.05,506.05,1240.228,7.684,96.758,7.225,1.104,0,7.246,7.246,NA,33
"5/26/2022 5:48:19 AM",0,29.856,1.012,2.19,1978.5,996.449,0,459.417,459.417,1149.088,7.681,96.76,7.237,1.189,0,7.258,7.258,NA,33
"5/26/2022 5:48:19 AM",0,29.442,0.867,1.876,1708.6,996.465,0,506.05,506.05,1172.607,7.682,96.377,7.217,1.189,0,7.238,7.238,NA,33
"5/26/2022 5:48:19 AM",0,29.283,0.786,1.702,1555.4,996.452,0,472.694,472.694,715.589,7.683,96.469,7.229,1.189,0,7.25,7.25,NA,33
"5/26/2022 5:48:20 AM",0,29.138,0.718,1.557,1426.6,996.444,0,193.607,193.607,400.316,7.683,96.352,7.225,1.189,0,7.246,7.246,NA,33
"5/26/2022 5:48:20 AM",0,28.989,0.665,1.442,1325.7,996.448,0,88.562,88.562,138.063,7.685,96.166,7.215,1.104,0,7.236,7.236,NA,33
"5/26/2022 5:48:20 AM",0,28.835,0.626,1.357,1251.7,996.464,0,161.202,161.202,85.021,7.683,95.952,7.202,1.02,0,7.223,7.223,NA,33
"5/26/2022 5:48:20 AM",0,28.612,0.581,1.257,1164.6,996.495,0,113.992,113.992,96.121,7.683,95.825,7.197,1.104,0,7.218,7.218,NA,33
"5/26/2022 5:48:20 AM",0,28.502,0.549,1.188,1103.4,996.503,0,67.445,67.445,41.193,7.684,95.604,7.184,1.104,0,7.205,7.205,NA,33
"5/26/2022 5:48:21 AM",0,28.396,0.487,1.057,983.5,996.487,0,301.655,301.655,273.891,7.679,95.636,7.193,1.189,0,7.214,7.214,NA,33
"5/26/2022 5:48:21 AM",0,28.303,0.481,1.043,972.7,996.51,0,118.142,118.142,78.9,7.68,95.407,7.179,1.274,0,7.2,7.2,NA,33
"5/26/2022 5:48:21 AM",0,28.116,0.462,0.998,934,996.548,0,43.637,43.637,27.606,7.683,95.231,7.173,1.444,0,7.194,7.194,NA,33
"5/26/2022 5:48:21 AM",0,28.035,0.454,0.981,919.8,996.566,0,47.195,47.195,21.058,7.684,95.137,7.17,1.529,0,7.191,7.191,NA,33
"5/26/2022 5:48:21 AM",0,27.848,0.448,0.964,907.4,996.614,0,46.57,46.57,16.815,7.683,94.967,7.162,1.444,0,7.183,7.183,NA,33
"5/26/2022 5:48:22 AM",0,27.434,0.414,0.887,841.5,996.705,0,505.574,505.574,249.06,7.682,94.839,7.156,1.359,0,7.177,7.177,NA,33
"5/26/2022 5:48:22 AM",0,27.286,0.409,0.873,831.4,996.743,0,108.61,108.61,35.744,7.684,94.592,7.143,1.359,0,7.164,7.164,NA,33
"5/26/2022 5:48:22 AM",0,27.308,0.4,0.855,813.3,996.73,0,43.715,43.715,15.664,7.687,94.319,7.126,1.359,0,7.147,7.147,NA,33
"5/26/2022 5:48:22 AM",0,27.372,0.393,0.842,800.1,996.707,0,21.826,21.826,9.075,7.686,94.129,7.117,1.359,0,7.137,7.137,NA,33
"5/26/2022 5:48:22 AM",0,27.423,0.545,1.155,1096.3,996.807,0,50.167,50.167,16.8,7.682,94.169,7.117,1.359,0,7.138,7.138,NA,33
"5/26/2022 5:48:23 AM",0,27.358,0.395,0.846,804.5,996.713,0,22.412,22.412,9.163,7.676,94.129,7.124,1.274,0,7.145,7.145,NA,33
"5/26/2022 5:48:23 AM",0,27.127,0.368,0.786,750.7,996.756,0,5.063,5.063,3.748,7.672,93.687,7.096,1.104,0,7.116,7.116,NA,33
"5/26/2022 5:48:23 AM",0,26.983,0.367,0.782,749.4,996.795,0,1.638,1.638,1.296,7.667,93.421,7.077,0.85,0,7.097,7.097,NA,33
"5/26/2022 5:48:23 AM",0,26.918,0.357,0.761,730.1,996.806,0,0.702,0.702,0.481,7.666,93.354,7.074,0.765,0,7.094,7.094,NA,33
"5/26/2022 5:48:23 AM",0,26.92,0.348,0.741,710.7,996.798,0,0.452,0.452,0.393,7.665,93.396,7.079,0.68,0,7.099,7.099,NA,33
"5/26/2022 5:48:24 AM",0,26.969,0.338,0.72,690.5,996.777,0,0.733,0.733,0.218,7.668,93.504,7.089,1.02,0,7.109,7.109,NA,33
"5/26/2022 5:48:24 AM",0,26.929,0.323,0.69,662.2,996.777,0,0.406,0.406,0.175,7.666,93.332,7.077,1.274,0,7.098,7.098,NA,33
"5/26/2022 5:48:24 AM",0,26.918,0.315,0.674,646.4,996.774,0,0.281,0.281,0.262,7.66,93.125,7.063,1.189,0,7.083,7.083,NA,33
"5/26/2022 5:48:24 AM",0,26.956,0.309,0.662,634.6,996.759,0,0.281,0.281,0.801,7.658,93.089,7.061,1.02,0,7.082,7.082,NA,33
"5/26/2022 5:48:24 AM",0,26.947,0.305,0.652,625.5,996.758,0,0.718,0.718,4.873,7.666,92.683,7.033,0.935,0,7.053,7.053,NA,33
"5/26/2022 5:48:25 AM",0,26.96,0.297,0.635,609.1,996.749,0,0.718,0.718,9.236,7.671,92.868,7.049,0.935,0,7.069,7.069,NA,33
"5/26/2022 5:48:25 AM",0,27.049,0.294,0.63,602.6,996.722,0,4.088,4.088,15.752,7.675,93.878,7.127,0.85,0,7.148,7.148,NA,33
"5/26/2022 5:48:25 AM",0,27.148,0.291,0.626,598.2,996.693,0,83.328,83.328,55.819,7.679,94.265,7.158,0.765,0,7.179,7.179,NA,33
"5/26/2022 5:48:25 AM",0,28.181,3.138,6.176,5771.6,998.533,0,88.882,88.882,43.21,7.723,95.852,7.158,0.68,0,7.179,7.179,NA,33
"5/26/2022 5:48:25 AM",0,30.026,3.181,6.479,5834.1,998.016,0,14.4,14.4,15.841,7.866,96.253,7.17,0.68,0,7.191,7.191,NA,33
"5/26/2022 5:48:26 AM",0,30.22,3.27,6.674,5986.5,998.023,0,5.468,5.468,12.512,7.923,95.895,7.128,0.68,0,7.149,7.149,NA,33
"5/26/2022 5:48:26 AM",0,30.253,3.261,6.66,5969.8,998.006,0,3.081,3.081,11.542,7.97,95.434,7.085,0.68,0,7.106,7.106,NA,33
"5/26/2022 5:48:26 AM",0,30.269,3.071,6.298,5643.5,997.859,0,2.426,2.426,11.263,8.015,94.884,7.045,0.765,0,7.065,7.065,NA,33
"5/26/2022 5:48:26 AM",0,30.279,3.297,6.732,6032,998.025,0,2.2,2.2,11.277,8.064,94.351,6.987,1.02,0,7.007,7.007,NA,33
"5/26/2022 5:48:26 AM",0,30.279,3.147,6.445,5774.3,997.913,0,2.153,2.153,11.439,8.085,94.19,6.976,1.104,0,6.996,6.996,NA,33
"5/26/2022 5:48:27 AM",0,30.262,3.084,6.323,5666.7,997.871,0,2.137,2.137,11.189,8.102,94.011,6.961,1.02,0,6.982,6.981,NA,33
"5/26/2022 5:48:27 AM",0,30.26,2.856,5.882,5271.7,997.701,0,2.122,2.122,11.189,8.107,93.799,6.951,0.85,0,6.972,6.971,NA,33
"5/26/2022 5:48:27 AM",0,30.259,3.037,6.231,5584.9,997.837,0,2.122,2.122,11.145,8.128,93.675,6.931,0.765,0,6.951,6.951,NA,33
"5/26/2022 5:48:27 AM",0,30.265,2.998,6.157,5518.1,997.806,0,2.106,2.106,11.042,8.138,93.706,6.933,0.935,0,6.953,6.953,NA,33
"5/26/2022 5:48:27 AM",0,30.272,2.918,6.005,5380.4,997.745,0,2.098,2.098,11.013,8.152,93.496,6.919,1.189,0,6.939,6.939,NA,33
"5/26/2022 5:48:28 AM",0,30.28,2.966,6.098,5463.4,997.778,0,2.083,2.083,11.042,8.16,93.466,6.914,1.274,0,6.934,6.934,NA,33
"5/26/2022 5:48:28 AM",0,30.283,2.874,5.92,5303.3,997.708,0,2.083,2.083,11.057,8.163,93.332,6.907,1.359,0,6.927,6.927,NA,33
"5/26/2022 5:48:28 AM",0,30.292,2.896,5.963,5341.4,997.722,0,2.075,2.075,11.057,8.17,93.39,6.91,1.359,0,6.93,6.93,NA,33
"5/26/2022 5:48:28 AM",0,30.289,2.844,5.863,5251.6,997.684,0,2.075,2.075,11.072,8.171,93.192,6.896,1.359,0,6.917,6.916,NA,33
"5/26/2022 5:48:29 AM",0,30.288,2.677,5.539,4961.6,997.56,0,2.075,2.075,11.042,8.168,93.11,6.896,1.359,0,6.916,6.916,NA,33
"5/26/2022 5:48:29 AM",0,30.282,2.559,5.308,4755.8,997.474,0,2.059,2.059,11.042,8.17,93.093,6.899,1.444,0,6.919,6.919,NA,33
"5/26/2022 5:48:29 AM",0,30.281,2.504,5.202,4660.6,997.434,0,2.075,2.075,11.072,8.169,93.005,6.894,1.444,0,6.914,6.914,NA,33
"5/26/2022 5:48:29 AM",0,30.28,2.395,4.988,4468.9,997.352,0,2.059,2.059,11.072,8.16,93.013,6.899,1.444,0,6.919,6.919,NA,33
"5/26/2022 5:48:29 AM",0,30.278,2.246,4.695,4206.7,997.242,0,2.059,2.059,11.13,8.161,92.964,6.901,1.444,0,6.921,6.921,NA,33
"5/26/2022 5:48:30 AM",0,30.275,2.033,4.275,3830.4,997.084,0,2.067,2.067,11.086,8.162,92.857,6.901,1.444,0,6.921,6.921,NA,33
"5/26/2022 5:48:30 AM",0,30.272,1.911,4.033,3614.1,996.994,0,2.067,2.067,11.189,8.166,92.813,6.902,1.359,0,6.923,6.922,NA,33
"5/26/2022 5:48:30 AM",0,30.274,1.803,3.817,3419.8,996.913,0,2.075,2.075,11.219,8.168,92.785,6.905,1.359,0,6.925,6.925,NA,33
"5/26/2022 5:48:30 AM",0,30.279,1.728,3.667,3285.1,996.855,0,2.075,2.075,11.116,8.165,92.791,6.908,1.359,0,6.928,6.928,NA,33
"5/26/2022 5:48:30 AM",0,30.281,1.673,3.558,3187.6,996.814,0,2.067,2.067,11.13,8.162,92.826,6.913,1.359,0,6.933,6.933,NA,33
"5/26/2022 5:48:31 AM",0,30.281,1.653,3.517,3150.9,996.799,0,2.075,2.075,11.101,8.163,92.642,6.9,1.359,0,6.92,6.92,NA,33
"5/26/2022 5:48:31 AM",0,30.275,1.622,3.454,3094.6,996.778,0,2.059,2.059,11.057,8.166,92.673,6.903,1.359,0,6.923,6.923,NA,33
"5/26/2022 5:48:31 AM",0,30.272,1.632,3.474,3112.5,996.786,0,2.059,2.059,11.072,8.161,92.632,6.9,1.359,0,6.92,6.92,NA,33
"5/26/2022 5:48:31 AM",0,30.271,1.633,3.476,3114.9,996.787,0,2.067,2.067,11.116,8.159,92.622,6.899,1.359,0,6.919,6.919,NA,33
"5/26/2022 5:48:31 AM",0,30.271,1.631,3.473,3111.8,996.786,0,2.067,2.067,11.145,8.16,92.548,6.893,1.359,0,6.913,6.913,NA,33
"5/26/2022 5:48:32 AM",0,30.271,1.624,3.458,3098.5,996.78,0,2.075,2.075,11.145,8.155,92.537,6.892,1.359,0,6.912,6.912,NA,33
"5/26/2022 5:54:28 AM",0.193,29.971,50.804,80.879,72905.3,1033.645,33.644,0.242,0.242,0.189,7.544,96.393,5.492,1.869,0,5.504,5.507,NA,33
"5/26/2022 5:54:31 AM",0.201,29.967,50.822,80.897,72927.2,1033.66,33.659,0.92,0.92,0.204,7.735,96.536,5.503,0.425,0,5.515,5.518,NA,33
"5/26/2022 5:54:32 AM",0.325,29.968,50.821,80.898,72926.9,1033.66,33.658,0.523,0.523,1.107,7.741,96.471,5.499,0.255,0,5.511,5.515,NA,33
"5/26/2022 5:54:32 AM",0.518,29.972,50.813,80.891,72916,1033.653,33.651,0.952,0.952,0.99,7.749,96.426,5.497,0.17,0,5.509,5.512,NA,33
"5/26/2022 5:54:32 AM",0.643,29.974,50.819,80.904,72923.7,1033.657,33.655,0.679,0.679,0.714,7.753,96.544,5.503,0.425,0,5.515,5.519,NA,33
"5/26/2022 5:54:32 AM",0.742,29.978,50.82,80.91,72924.2,1033.657,33.654,1.342,1.342,0.51,7.758,96.576,5.505,1.02,0,5.517,5.521,NA,33
"5/26/2022 5:54:32 AM",0.811,29.977,50.82,80.909,72924.1,1033.657,33.654,0.998,0.998,0.728,7.765,96.66,5.51,1.274,0,5.522,5.525,NA,33
"5/26/2022 5:54:33 AM",0.879,29.975,50.833,80.925,72940.8,1033.668,33.665,1.069,1.069,0.481,7.768,96.517,5.501,1.359,0,5.513,5.517,NA,33
"5/26/2022 5:54:33 AM",0.931,29.973,50.823,80.907,72929,1033.662,33.658,1.498,1.498,1.748,7.77,96.555,5.504,1.359,0,5.516,5.519,NA,33
"5/26/2022 5:54:33 AM",0.961,29.974,50.82,80.905,72924.7,1033.659,33.655,0.913,0.913,0.99,7.771,96.545,5.503,1.359,0,5.515,5.519,NA,33
"5/26/2022 5:54:33 AM",1.027,29.975,50.832,80.922,72939.6,1033.668,33.664,1.256,1.256,1.573,7.768,96.521,5.501,1.274,0,5.514,5.517,NA,33
"5/26/2022 5:54:33 AM",1.098,29.973,50.829,80.916,72936.3,1033.667,33.663,1.95,1.95,0.99,7.772,96.422,5.496,1.189,0,5.508,5.511,NA,33
"5/26/2022 5:54:34 AM",1.221,29.966,50.849,80.933,72962,1033.685,33.68,0.608,0.608,0.204,7.769,96.442,5.496,1.104,0,5.509,5.512,NA,33
"5/26/2022 5:54:34 AM",1.298,29.961,50.836,80.908,72947,1033.678,33.673,0.242,0.242,0.073,7.775,96.432,5.497,1.02,0,5.509,5.512,NA,33
"5/26/2022 5:54:34 AM",1.371,29.959,50.846,80.918,72958.7,1033.686,33.68,0.148,0.148,0.058,7.775,96.445,5.497,1.02,0,5.509,5.513,NA,33
"5/26/2022 5:54:34 AM",1.433,29.958,50.849,80.922,72963.2,1033.689,33.683,0.14,0.14,0.044,7.779,96.524,5.502,1.02,0,5.514,5.517,NA,33
"5/26/2022 5:54:34 AM",1.487,29.958,50.853,80.927,72968.6,1033.693,33.686,0.117,0.117,0.044,7.778,96.456,5.498,1.104,0,5.51,5.513,NA,33
"5/26/2022 5:54:35 AM",1.492,29.958,50.851,80.924,72965.3,1033.691,33.684,0.109,0.109,0.029,7.78,96.515,5.502,1.104,0,5.514,5.517,NA,33
"5/26/2022 5:54:35 AM",1.466,29.958,50.847,80.92,72961,1033.688,33.682,0.117,0.117,0.044,7.779,96.526,5.502,1.189,0,5.515,5.518,NA,33
"5/26/2022 5:54:35 AM",1.418,29.957,50.848,80.919,72961.9,1033.689,33.683,0.125,0.125,0.029,7.78,96.456,5.498,1.189,0,5.511,5.514,NA,33
"5/26/2022 5:54:35 AM",1.336,29.956,50.846,80.914,72959.6,1033.687,33.682,0.133,0.133,0.058,7.78,96.511,5.501,1.189,0,5.514,5.517,NA,33
"5/26/2022 5:54:35 AM",1.178,29.954,50.843,80.907,72955.5,1033.685,33.68,0.133,0.133,0.058,7.779,96.389,5.495,1.274,0,5.507,5.511,NA,33
"5/26/2022 5:54:36 AM",1.051,29.952,50.839,80.898,72951.4,1033.682,33.678,0.125,0.125,0.058,7.786,96.498,5.501,1.274,0,5.513,5.517,NA,33
"5/26/2022 5:54:36 AM",0.926,29.95,50.834,80.889,72945.3,1033.679,33.675,0.109,0.109,0.044,7.783,96.438,5.498,1.274,0,5.51,5.514,NA,33
"5/26/2022 5:54:36 AM",0.834,29.951,50.829,80.883,72938.5,1033.674,33.67,0.125,0.125,0.073,7.784,96.396,5.496,1.359,0,5.508,5.511,NA,33
"5/26/2022 5:54:36 AM",0.777,29.953,50.824,80.88,72932.7,1033.67,33.666,0.14,0.14,0.044,7.784,96.406,5.497,1.359,0,5.509,5.512,NA,33
"5/26/2022 5:54:36 AM",0.822,29.952,50.82,80.874,72927.9,1033.667,33.663,0.133,0.133,0.058,7.783,96.416,5.497,1.274,0,5.51,5.513,NA,33
"5/26/2022 5:54:37 AM",0.921,29.952,50.818,80.869,72925.1,1033.666,33.662,0.109,0.109,0.073,7.788,96.408,5.497,1.189,0,5.509,5.513,NA,33
"5/26/2022 5:54:37 AM",1.067,29.95,50.821,80.871,72929,1033.669,33.665,0.109,0.109,0.058,7.787,96.404,5.497,1.02,0,5.509,5.513,NA,33
"5/26/2022 5:54:37 AM",1.213,29.951,50.828,80.882,72937.4,1033.675,33.669,0.117,0.117,0.058,7.781,96.438,5.499,0.68,0,5.511,5.514,NA,33
"5/26/2022 5:54:37 AM",1.425,29.977,50.815,80.904,72919,1033.657,33.651,0.125,0.125,0.044,7.782,96.484,5.502,0.34,0,5.514,5.517,NA,33
"5/26/2022 5:54:37 AM",1.55,29.981,50.816,80.91,72919.3,1033.656,33.65,0.125,0.125,0.058,7.784,96.497,5.502,0.17,0,5.514,5.518,NA,33
"5/26/2022 5:54:38 AM",1.671,29.981,50.82,80.914,72923.8,1033.66,33.653,0.109,0.109,0.058,7.788,96.597,5.507,0,0,5.52,5.523,NA,33
"5/26/2022 5:54:38 AM",1.798,29.976,50.822,80.91,72927,1033.664,33.656,0.109,0.109,0.029,7.786,96.482,5.501,0,0,5.513,5.516,NA,33
"5/26/2022 5:54:38 AM",1.927,29.973,50.837,80.928,72947,1033.677,33.669,0.125,0.125,0.044,7.788,96.463,5.499,0,0,5.511,5.515,NA,33
"5/26/2022 5:54:38 AM",2.137,29.968,50.848,80.936,72961.4,1033.688,33.679,0.125,0.125,0.029,7.787,96.572,5.505,0,0,5.517,5.521,NA,33
"5/26/2022 5:54:38 AM",2.283,29.967,50.854,80.942,72968.8,1033.693,33.684,0.117,0.117,0.058,7.786,96.468,5.499,0,0,5.511,5.515,NA,33
"5/26/2022 5:54:39 AM",2.436,29.968,50.852,80.941,72966.7,1033.693,33.682,0.109,0.109,0,7.789,96.521,5.502,0.17,0,5.514,5.518,NA,33
"5/26/2022 5:54:39 AM",2.584,29.973,50.85,80.946,72962.8,1033.689,33.678,0.109,0.109,0.015,7.788,96.522,5.502,0.17,0,5.514,5.517,NA,33
"5/26/2022 5:54:39 AM",2.801,29.974,50.856,80.956,72971,1033.695,33.683,0.101,0.101,0.029,7.788,96.533,5.502,0,0,5.514,5.518,NA,33
"5/26/2022 5:54:39 AM",2.945,29.981,50.852,80.96,72964.2,1033.689,33.677,0.101,0.101,0.044,7.786,96.48,5.499,0,0,5.511,5.515,NA,33
"5/26/2022 5:54:40 AM",3.084,29.984,50.854,80.967,72967.1,1033.691,33.678,0.109,0.109,0,7.782,96.56,5.504,0,0,5.516,5.519,NA,33
"5/26/2022 5:54:40 AM",3.23,29.984,50.851,80.963,72963.4,1033.689,33.675,0.101,0.101,0,7.785,96.573,5.504,0,0,5.516,5.52,NA,33
"5/26/2022 5:54:40 AM",3.388,29.983,50.853,80.964,72966,1033.692,33.677,0.109,0.109,0.015,7.785,96.492,5.499,0,0,5.512,5.515,NA,33
"5/26/2022 5:54:40 AM",3.675,29.982,50.854,80.966,72967.7,1033.694,33.678,0.101,0.101,0,7.786,96.556,5.503,0,0,5.515,5.519,NA,33
"5/26/2022 5:54:40 AM",3.878,29.982,50.853,80.964,72966.3,1033.694,33.677,0.133,0.133,0.058,7.788,96.566,5.504,0,0,5.516,5.519,NA,33
"5/26/2022 5:54:41 AM",4.082,29.981,50.854,80.963,72967.7,1033.696,33.679,0.133,0.133,0.073,7.789,96.523,5.501,0,0,5.513,5.517,NA,33
"5/26/2022 5:54:41 AM",4.271,29.979,50.855,80.963,72969.7,1033.698,33.68,0.133,0.133,0.058,7.784,96.591,5.505,0,0,5.517,5.521,NA,33
"5/26/2022 5:54:41 AM",4.547,29.981,50.86,80.972,72974.9,1033.702,33.683,0.133,0.133,0.073,7.783,96.534,5.502,0,0,5.514,5.517,NA,33
"5/26/2022 5:54:41 AM",4.704,29.983,50.86,80.975,72975.3,1033.702,33.682,0.25,0.25,0.175,7.787,96.627,5.507,0,0,5.519,5.522,NA,33
"5/26/2022 5:54:41 AM",4.843,29.983,50.861,80.977,72976.2,1033.703,33.683,0.148,0.148,0.073,7.791,96.61,5.506,0,0,5.518,5.521,NA,33
"5/26/2022 5:54:42 AM",4.975,29.985,50.859,80.977,72974.4,1033.702,33.681,0.125,0.125,0.029,7.786,96.553,5.503,0.085,0,5.515,5.518,NA,33
"5/26/2022 5:54:42 AM",5.11,29.985,50.861,80.979,72976.3,1033.704,33.682,0.109,0.109,0.029,7.788,96.489,5.499,0.085,0,5.511,5.515,NA,33
"5/26/2022 5:54:42 AM",5.32,29.985,50.861,80.98,72976.9,1033.705,33.683,0.109,0.109,0.044,7.789,96.523,5.501,0,0,5.513,5.516,NA,33
"5/26/2022 5:54:42 AM",5.458,29.985,50.86,80.979,72975,1033.705,33.681,0.101,0.101,0.015,7.785,96.586,5.504,0,0,5.517,5.52,NA,33
"5/26/2022 5:54:42 AM",5.59,29.985,50.854,80.97,72967.7,1033.701,33.677,0.109,0.109,0.015,7.782,96.526,5.501,0,0,5.513,5.517,NA,33
"5/26/2022 5:54:43 AM",5.718,29.983,50.85,80.963,72963.3,1033.699,33.675,0.117,0.117,0,7.784,96.635,5.508,0,0,5.52,5.523,NA,33
"5/26/2022 5:54:43 AM",5.937,29.982,50.847,80.956,72960,1033.698,33.673,0.101,0.101,0.029,7.784,96.485,5.499,0,0,5.511,5.515,NA,33
"5/26/2022 5:54:43 AM",6.104,29.982,50.853,80.964,72967,1033.703,33.677,0.117,0.117,0.029,7.787,96.575,5.504,0,0,5.516,5.52,NA,33
"5/26/2022 5:54:43 AM",6.287,29.977,50.855,80.961,72970.7,1033.707,33.681,0.109,0.109,0.029,7.788,96.611,5.506,0,0,5.518,5.522,NA,33
"5/26/2022 5:54:43 AM",6.486,29.976,50.856,80.96,72971.6,1033.709,33.682,0.117,0.117,0.044,7.788,96.546,5.503,0,0,5.515,5.518,NA,33
"5/26/2022 5:54:44 AM",6.691,29.978,50.856,80.963,72972,1033.71,33.681,0.117,0.117,0.044,7.785,96.534,5.502,0,0,5.514,5.517,NA,33
"5/26/2022 5:54:44 AM",6.999,29.977,50.859,80.966,72975.3,1033.713,33.683,0.117,0.117,0.044,7.791,96.481,5.499,0,0,5.511,5.515,NA,33
"5/26/2022 5:54:44 AM",7.209,29.976,50.859,80.965,72976.1,1033.715,33.684,0.117,0.117,0.029,7.791,96.443,5.497,0,0,5.509,5.512,NA,33
"5/26/2022 5:54:44 AM",7.407,29.975,50.858,80.962,72974.9,1033.715,33.684,0.117,0.117,0.015,7.793,96.566,5.504,0,0,5.516,5.519,NA,33
"5/26/2022 5:54:44 AM",7.616,29.974,50.86,80.964,72978.2,1033.718,33.686,0.109,0.109,0.044,7.792,96.643,5.508,0,0,5.521,5.524,NA,33
"5/26/2022 5:54:45 AM",7.821,29.973,50.862,80.965,72980.3,1033.721,33.687,0.117,0.117,0.073,7.795,96.545,5.503,0,0,5.515,5.518,NA,33
"5/26/2022 5:54:45 AM",8.128,29.973,50.859,80.962,72977.2,1033.72,33.685,0.101,0.101,0.058,7.792,96.635,5.508,0,0,5.52,5.524,NA,33
"5/26/2022 5:54:45 AM",8.327,29.973,50.86,80.963,72978.1,1033.721,33.686,0.109,0.109,0.058,7.791,96.566,5.504,0,0,5.516,5.52,NA,33
"5/26/2022 5:54:45 AM",8.526,29.973,50.86,80.963,72977.9,1033.722,33.686,0.109,0.109,0.058,7.792,96.535,5.502,0,0,5.515,5.518,NA,33
"5/26/2022 5:54:45 AM",8.723,29.977,50.854,80.961,72970.8,1033.717,33.68,0.125,0.125,0.044,7.795,96.492,5.5,0,0,5.512,5.516,NA,33
"5/26/2022 5:54:46 AM",8.975,29.981,50.855,80.969,72972.1,1033.718,33.68,0.133,0.133,0.087,7.795,96.569,5.504,0,0,5.516,5.52,NA,33
"5/26/2022 5:54:46 AM",9.103,29.983,50.855,80.971,72971,1033.717,33.678,0.117,0.117,0.044,7.793,96.565,5.504,0,0,5.516,5.519,NA,33
"5/26/2022 5:54:46 AM",9.234,29.985,50.851,80.968,72966.2,1033.714,33.675,0.125,0.125,0.015,7.794,96.504,5.5,0,0,5.513,5.516,NA,33
"5/26/2022 5:54:46 AM",9.38,29.985,50.851,80.969,72965.7,1033.714,33.674,0.125,0.125,0.015,7.793,96.54,5.502,0,0,5.515,5.518,NA,33
"5/26/2022 5:54:46 AM",9.583,29.986,50.847,80.965,72961.1,1033.712,33.671,0.117,0.117,0.029,7.795,96.584,5.505,0.17,0,5.517,5.521,NA,33
"5/26/2022 5:54:47 AM",9.647,29.986,50.845,80.961,72958.5,1033.711,33.67,0.109,0.109,0.015,7.796,96.591,5.505,0.425,0,5.518,5.521,NA,33
"5/26/2022 5:54:47 AM",9.68,29.985,50.845,80.96,72958.7,1033.711,33.67,0.109,0.109,0.044,7.795,96.591,5.505,0.34,0,5.518,5.521,NA,33
"5/26/2022 5:54:47 AM",9.691,29.984,50.843,80.956,72956.7,1033.71,33.669,0.133,0.133,0.073,7.794,96.475,5.499,0.34,0,5.511,5.514,NA,33
"5/26/2022 5:54:47 AM",9.675,29.984,50.844,80.958,72958.4,1033.712,33.67,0.117,0.117,0.087,7.795,96.585,5.505,0.34,0,5.517,5.521,NA,33
"5/26/2022 5:54:47 AM",9.645,29.984,50.84,80.952,72952.9,1033.708,33.667,0.125,0.125,0.058,7.791,96.468,5.499,0.255,0,5.511,5.514,NA,33
"5/26/2022 5:54:48 AM",9.628,29.984,50.838,80.95,72950.6,1033.706,33.665,0.125,0.125,0.044,7.795,96.522,5.502,0.34,0,5.514,5.517,NA,33
"5/26/2022 5:54:48 AM",9.619,29.984,50.835,80.945,72946.3,1033.704,33.663,0.117,0.117,0.044,7.792,96.487,5.5,0.255,0,5.512,5.516,NA,33
"5/26/2022 5:54:48 AM",9.633,29.985,50.833,80.944,72944.1,1033.702,33.661,0.117,0.117,0.044,7.789,96.457,5.498,0.34,0,5.51,5.514,NA,33
"5/26/2022 5:54:48 AM",9.711,29.983,50.829,80.936,72939.2,1033.7,33.659,0.101,0.101,0,7.79,96.492,5.5,0.34,0,5.512,5.516,NA,33
"5/26/2022 5:54:48 AM",9.765,29.982,50.828,80.933,72937.8,1033.7,33.658,0.117,0.117,0.044,7.787,96.603,5.506,0.34,0,5.519,5.522,NA,33
"5/26/2022 5:54:49 AM",9.798,29.983,50.826,80.931,72935.2,1033.698,33.656,0.125,0.125,0.058,7.788,96.485,5.5,0.255,0,5.512,5.516,NA,33
"5/26/2022 5:54:49 AM",9.777,29.982,50.827,80.931,72937,1033.699,33.658,0.125,0.125,0.087,7.788,96.635,5.508,0.34,0,5.521,5.524,NA,33
"5/26/2022 5:54:49 AM",9.72,29.982,50.826,80.93,72935.6,1033.698,33.657,0.117,0.117,0.044,7.786,96.569,5.505,0.255,0,5.517,5.521,NA,33
"5/26/2022 5:54:49 AM",9.583,29.983,50.824,80.928,72932.7,1033.696,33.655,0.109,0.109,0.029,7.786,96.558,5.504,0.255,0,5.517,5.52,NA,33
"5/26/2022 5:54:49 AM",9.461,29.984,50.82,80.924,72928.2,1033.692,33.652,0.117,0.117,0.029,7.789,96.495,5.501,0.34,0,5.513,5.516,NA,33
"5/26/2022 5:54:50 AM",9.326,29.984,50.817,80.921,72924.7,1033.69,33.65,0.125,0.125,0.044,7.787,96.545,5.504,0.34,0,5.516,5.519,NA,33
"5/26/2022 5:54:50 AM",9.15,29.984,50.818,80.922,72925.2,1033.689,33.65,0.125,0.125,0.073,7.791,96.602,5.507,0.34,0,5.519,5.523,NA,33
"5/26/2022 5:54:50 AM",8.853,29.981,50.813,80.909,72918.9,1033.685,33.647,0.101,0.101,0,7.794,96.587,5.506,0.34,0,5.518,5.522,NA,33
"5/26/2022 5:54:50 AM",8.643,29.978,50.81,80.9,72915.5,1033.683,33.646,0.109,0.109,0,7.791,96.628,5.509,0.34,0,5.521,5.525,NA,33
"5/26/2022 5:54:51 AM",8.457,29.977,50.81,80.899,72915.2,1033.682,33.646,0.117,0.117,0.044,7.791,96.566,5.505,0.34,0,5.518,5.521,NA,33
"5/26/2022 5:54:51 AM",8.311,29.975,50.806,80.892,72911,1033.68,33.644,0.117,0.117,0.015,7.795,96.523,5.503,0.34,0,5.515,5.519,NA,33
"5/26/2022 5:54:51 AM",8.196,29.974,50.805,80.888,72909.4,1033.679,33.644,0.117,0.117,0.029,7.795,96.442,5.498,0.34,0,5.511,5.514,NA,33
"5/26/2022 5:54:51 AM",8.024,29.974,50.803,80.886,72907.3,1033.676,33.642,0.117,0.117,0.058,7.796,96.534,5.504,0.34,0,5.516,5.52,NA,33
"5/26/2022 5:54:51 AM",7.896,29.974,50.802,80.884,72906.2,1033.675,33.642,0.117,0.117,0.058,7.794,96.636,5.51,0.34,0,5.522,5.525,NA,33
"5/26/2022 5:54:52 AM",7.765,29.976,50.798,80.881,72900.1,1033.671,33.638,0.125,0.125,0.044,7.791,96.517,5.503,0.34,0,5.516,5.519,NA,33
"5/26/2022 5:54:52 AM",7.652,29.979,50.8,80.888,72902.3,1033.671,33.638,0.125,0.125,0.058,7.791,96.444,5.499,0.34,0,5.511,5.515,NA,33
"5/26/2022 5:54:52 AM",7.508,29.983,50.793,80.884,72893.5,1033.664,33.632,0.117,0.117,0.044,7.789,96.589,5.507,0.34,0,5.52,5.523,NA,33
"5/26/2022 5:54:52 AM",7.31,29.984,50.791,80.884,72890.5,1033.661,33.63,0.125,0.125,0.073,7.795,96.587,5.507,0.34,0,5.519,5.523,NA,33
"5/26/2022 5:54:52 AM",7.173,29.986,50.788,80.881,72886.7,1033.657,33.627,0.125,0.125,0.029,7.793,96.517,5.503,0.34,0,5.515,5.519,NA,33
"5/26/2022 5:54:53 AM",7.061,29.985,50.785,80.876,72882.4,1033.654,33.624,0.125,0.125,0.029,7.792,96.544,5.505,0.34,0,5.517,5.52,NA,33
"5/26/2022 5:54:53 AM",6.985,29.986,50.785,80.878,72883.3,1033.655,33.625,0.133,0.133,0.029,7.79,96.576,5.507,0.34,0,5.519,5.522,NA,33
"5/26/2022 5:54:53 AM",6.9,29.987,50.779,80.87,72875.4,1033.649,33.62,0.117,0.117,0.044,7.789,96.58,5.507,0.255,0,5.519,5.523,NA,33
"5/26/2022 5:54:53 AM",6.874,29.987,50.778,80.868,72873.5,1033.648,33.619,0.125,0.125,0.058,7.79,96.622,5.509,0.255,0,5.521,5.525,NA,33
"5/26/2022 5:54:53 AM",6.872,29.987,50.774,80.864,72869.3,1033.645,33.616,0.125,0.125,0.058,7.792,96.622,5.509,0.255,0,5.522,5.525,NA,33
"5/26/2022 5:54:54 AM",6.872,29.987,50.774,80.864,72868.7,1033.645,33.616,0.125,0.125,0.058,7.789,96.606,5.508,0.255,0,5.521,5.524,NA,33
"5/26/2022 5:54:54 AM",6.851,29.987,50.773,80.862,72867.6,1033.644,33.615,0.109,0.109,0.058,7.789,96.568,5.506,0.255,0,5.518,5.522,NA,33
"5/26/2022 5:54:54 AM",6.787,29.988,50.769,80.858,72863,1033.641,33.612,0.109,0.109,0.058,7.788,96.572,5.507,0.255,0,5.519,5.522,NA,33
"5/26/2022 5:54:54 AM",6.728,29.987,50.766,80.853,72858.7,1033.638,33.609,0.117,0.117,0.044,7.787,96.654,5.511,0.255,0,5.523,5.527,NA,33
"5/26/2022 5:54:54 AM",6.655,29.987,50.763,80.848,72855.9,1033.636,33.608,0.125,0.125,0.044,7.788,96.483,5.502,0.255,0,5.514,5.517,NA,33
"5/26/2022 5:54:55 AM",6.528,29.986,50.763,80.847,72855.5,1033.636,33.608,0.117,0.117,0.015,7.787,96.53,5.504,0.255,0,5.516,5.52,NA,33
"5/26/2022 5:54:55 AM",6.297,29.985,50.76,80.84,72851.6,1033.633,33.606,0.117,0.117,0.029,7.788,96.57,5.507,0.255,0,5.519,5.523,NA,33
"5/26/2022 5:54:55 AM",6.139,29.985,50.758,80.838,72848.5,1033.63,33.604,0.109,0.109,0,7.787,96.637,5.511,0.255,0,5.523,5.526,NA,33
"5/26/2022 5:54:55 AM",5.963,29.985,50.756,80.835,72846.2,1033.628,33.603,0.125,0.125,0.058,7.788,96.643,5.511,0.255,0,5.523,5.527,NA,33
"5/26/2022 5:54:55 AM",5.786,29.984,50.756,80.834,72847.1,1033.628,33.604,0.109,0.109,0.029,7.79,96.613,5.51,0.255,0,5.522,5.525,NA,33
"5/26/2022 5:54:56 AM",5.654,29.984,50.765,80.845,72857.1,1033.634,33.61,0.109,0.109,0.058,7.791,96.541,5.505,0.17,0,5.517,5.521,NA,33
"5/26/2022 5:54:56 AM",5.517,29.984,50.762,80.841,72853.3,1033.631,33.607,0.125,0.125,0.044,7.794,96.594,5.508,0.17,0,5.521,5.524,NA,33
"5/26/2022 5:54:56 AM",5.438,29.984,50.759,80.839,72850.5,1033.629,33.606,0.117,0.117,0.073,7.793,96.621,5.51,0.17,0,5.522,5.526,NA,33
"5/26/2022 5:54:56 AM",5.365,29.984,50.757,80.835,72848,1033.627,33.604,0.117,0.117,0.044,7.792,96.541,5.505,0.255,0,5.518,5.521,NA,33
"5/26/2022 5:54:56 AM",5.308,29.984,50.754,80.832,72844.3,1033.625,33.602,0.117,0.117,0.044,7.792,96.584,5.508,0.255,0,5.52,5.524,NA,33
"5/26/2022 5:54:57 AM",5.228,29.984,50.75,80.826,72838.7,1033.621,33.599,0.117,0.117,0.044,7.795,96.54,5.506,0.255,0,5.518,5.521,NA,33
"5/26/2022 5:54:57 AM",5.166,29.984,50.75,80.826,72838.6,1033.621,33.599,0.109,0.109,0.044,7.794,96.564,5.507,0.255,0,5.519,5.522,NA,33
"5/26/2022 5:54:57 AM",5.11,29.985,50.747,80.823,72834.9,1033.618,33.596,0.101,0.101,0.044,7.791,96.581,5.508,0.255,0,5.52,5.524,NA,33
"5/26/2022 5:54:57 AM",5.042,29.986,50.744,80.82,72831.1,1033.615,33.594,0.109,0.109,0.029,7.791,96.678,5.514,0.255,0,5.526,5.529,NA,33
"5/26/2022 5:54:57 AM",5.002,29.985,50.743,80.817,72829.5,1033.614,33.593,0.109,0.109,0.073,7.789,96.616,5.51,0.255,0,5.522,5.526,NA,33
"5/26/2022 5:54:58 AM",4.974,29.986,50.739,80.813,72824.2,1033.611,33.589,0.117,0.117,0.015,7.792,96.504,5.504,0.255,0,5.516,5.52,NA,33
"5/26/2022 5:54:58 AM",4.978,29.987,50.739,80.813,72824.1,1033.61,33.589,0.117,0.117,0.015,7.79,96.611,5.51,0.17,0,5.522,5.526,NA,33
"5/26/2022 5:54:58 AM",4.994,29.987,50.737,80.812,72822.6,1033.609,33.588,0.117,0.117,0.015,7.791,96.57,5.507,0.17,0,5.52,5.523,NA,33
"5/26/2022 5:54:58 AM",5.011,29.987,50.736,80.81,72820.3,1033.608,33.587,0.117,0.117,0.044,7.791,96.521,5.505,0.17,0,5.517,5.521,NA,33
"5/26/2022 5:54:58 AM",5.014,29.987,50.734,80.808,72818.4,1033.607,33.585,0.109,0.109,0.029,7.792,96.683,5.514,0.17,0,5.526,5.53,NA,33
"5/26/2022 5:54:59 AM",4.999,29.988,50.734,80.808,72817.8,1033.606,33.585,0.109,0.109,0,7.793,96.538,5.506,0.255,0,5.518,5.522,NA,33
"5/26/2022 5:54:59 AM",4.971,29.987,50.731,80.804,72815.1,1033.605,33.584,0.117,0.117,0.044,7.792,96.544,5.506,0.255,0,5.518,5.522,NA,33
"5/26/2022 5:54:59 AM",4.928,29.987,50.731,80.804,72814.6,1033.604,33.583,0.125,0.125,0.044,7.793,96.575,5.508,0.255,0,5.52,5.523,NA,33
"5/26/2022 5:54:59 AM",4.884,29.987,50.729,80.8,72811.7,1033.602,33.581,0.125,0.125,0.058,7.793,96.612,5.51,0.255,0,5.522,5.526,NA,33
"5/26/2022 5:54:59 AM",4.773,29.988,50.727,80.798,72809,1033.6,33.58,0.125,0.125,0.058,7.791,96.719,5.516,0.255,0,5.529,5.532,NA,33
"5/26/2022 5:55:00 AM",4.67,29.987,50.724,80.794,72806,1033.598,33.578,0.117,0.117,0.015,7.79,96.597,5.509,0.34,0,5.522,5.525,NA,33
"5/26/2022 5:55:00 AM",4.556,29.987,50.722,80.791,72803.2,1033.596,33.576,0.117,0.117,0.029,7.791,96.594,5.509,0.34,0,5.521,5.525,NA,33
"5/26/2022 5:55:00 AM",4.436,29.987,50.722,80.79,72803,1033.595,33.576,0.109,0.109,0.015,7.792,96.692,5.515,0.34,0,5.527,5.531,NA,33
"5/26/2022 5:55:00 AM",4.25,29.987,50.717,80.784,72796.5,1033.59,33.572,0.117,0.117,0.044,7.793,96.545,5.507,0.34,0,5.519,5.523,NA,33
"5/26/2022 5:55:01 AM",4.144,29.987,50.716,80.782,72795.3,1033.589,33.572,0.125,0.125,0.015,7.789,96.527,5.506,0.34,0,5.518,5.522,NA,33
"5/26/2022 5:55:01 AM",4.085,29.987,50.714,80.78,72792.9,1033.588,33.57,0.125,0.125,0.044,7.789,96.584,5.509,0.34,0,5.521,5.525,NA,33
"5/26/2022 5:55:01 AM",4.033,29.987,50.712,80.777,72790.3,1033.586,33.569,0.125,0.125,0.044,7.79,96.639,5.512,0.34,0,5.525,5.528,NA,33
"5/26/2022 5:55:01 AM",3.984,29.987,50.711,80.775,72789.3,1033.585,33.568,0.109,0.109,0.029,7.792,96.664,5.514,0.255,0,5.526,5.529,NA,33
"5/26/2022 5:55:01 AM",3.911,29.987,50.709,80.772,72787,1033.584,33.567,0.109,0.109,0.044,7.793,96.627,5.512,0.255,0,5.524,5.527,NA,33
"5/26/2022 5:55:02 AM",3.871,29.986,50.707,80.768,72784,1033.582,33.565,0.133,0.133,0.073,7.795,96.639,5.513,0.255,0,5.525,5.528,NA,33
"5/26/2022 5:55:02 AM",3.859,29.987,50.705,80.767,72782.3,1033.58,33.564,0.14,0.14,0.015,7.797,96.566,5.509,0.255,0,5.521,5.524,NA,33
"5/26/2022 5:55:02 AM",3.859,29.987,50.703,80.765,72779.1,1033.578,33.562,0.14,0.14,0.058,7.797,96.622,5.512,0.255,0,5.524,5.527,NA,33
"5/26/2022 5:55:02 AM",3.881,29.987,50.702,80.763,72778.3,1033.578,33.562,0.109,0.109,0.029,7.796,96.519,5.506,0.255,0,5.518,5.522,NA,33
"5/26/2022 5:55:02 AM",3.876,29.987,50.7,80.76,72775,1033.576,33.559,0.117,0.117,0,7.797,96.594,5.51,0.255,0,5.522,5.526,NA,33
"5/26/2022 5:55:03 AM",3.845,29.987,50.699,80.759,72774.8,1033.576,33.559,0.109,0.109,0.029,7.798,96.579,5.509,0.255,0,5.522,5.525,NA,33
"5/26/2022 5:55:03 AM",3.793,29.987,50.698,80.758,72772.8,1033.574,33.558,0.117,0.117,0.029,7.797,96.595,5.51,0.255,0,5.523,5.526,NA,33
"5/26/2022 5:55:03 AM",3.668,29.987,50.697,80.755,72771.6,1033.573,33.557,0.109,0.109,0.073,7.797,96.639,5.513,0.34,0,5.525,5.529,NA,33
"5/26/2022 5:55:03 AM",3.607,29.987,50.695,80.753,72769,1033.571,33.556,0.125,0.125,0.044,7.796,96.618,5.512,0.34,0,5.524,5.527,NA,33
"5/26/2022 5:55:03 AM",3.574,29.987,50.693,80.75,72766.6,1033.57,33.554,0.117,0.117,0.029,7.796,96.556,5.508,0.34,0,5.521,5.524,NA,33
"5/26/2022 5:55:04 AM",3.556,29.988,50.69,80.747,72762.5,1033.567,33.552,0.109,0.109,0.029,7.789,96.507,5.505,0.34,0,5.518,5.521,NA,33
"5/26/2022 5:55:04 AM",3.539,29.987,50.689,80.745,72762.1,1033.567,33.552,0.117,0.117,0.029,7.794,96.472,5.504,0.34,0,5.516,5.519,NA,33
"5/26/2022 5:55:04 AM",3.508,29.987,50.686,80.741,72758.4,1033.564,33.549,0.109,0.109,0.029,7.796,96.514,5.506,0.34,0,5.518,5.522,NA,33
"5/26/2022 5:55:04 AM",3.482,29.987,50.686,80.741,72758.1,1033.564,33.549,0.117,0.117,0.044,7.797,96.454,5.503,0.34,0,5.515,5.518,NA,33
"5/26/2022 5:55:04 AM",3.456,29.987,50.683,80.735,72753.7,1033.561,33.547,0.109,0.109,0.029,7.799,96.661,5.514,0.34,0,5.527,5.53,NA,33
"5/26/2022 5:55:05 AM",3.431,29.987,50.682,80.735,72752.8,1033.561,33.546,0.117,0.117,0.044,7.799,96.589,5.511,0.255,0,5.523,5.526,NA,33
"5/26/2022 5:55:05 AM",3.393,29.988,50.678,80.731,72748.2,1033.558,33.543,0.125,0.125,0.029,7.797,96.585,5.51,0.255,0,5.523,5.526,NA,33
"5/26/2022 5:55:05 AM",3.37,29.987,50.677,80.728,72746.3,1033.556,33.542,0.125,0.125,0.044,7.796,96.606,5.512,0.17,0,5.524,5.528,NA,33
"5/26/2022 5:55:05 AM",3.332,29.987,50.676,80.727,72745.9,1033.556,33.542,0.109,0.109,0.029,7.795,96.627,5.513,0.17,0,5.525,5.528,NA,33
"5/26/2022 5:55:05 AM",3.264,29.987,50.674,80.724,72742.9,1033.554,33.54,0.125,0.125,0.029,7.797,96.594,5.511,0.17,0,5.523,5.527,NA,33
"5/26/2022 5:55:06 AM",3.178,29.987,50.673,80.722,72741.5,1033.553,33.539,0.117,0.117,0.015,7.799,96.581,5.51,0.17,0,5.523,5.526,NA,33
"5/26/2022 5:55:06 AM",3.058,29.987,50.67,80.719,72738,1033.55,33.537,0.133,0.133,0.044,7.797,96.692,5.517,0.17,0,5.529,5.533,NA,33
"5/26/2022 5:55:06 AM",2.979,29.987,50.669,80.716,72736.2,1033.549,33.536,0.133,0.133,0.058,7.799,96.583,5.51,0.17,0,5.523,5.526,NA,33
"5/26/2022 5:55:06 AM",2.919,29.987,50.67,80.718,72738,1033.55,33.537,0.117,0.117,0.029,7.799,96.593,5.511,0.17,0,5.523,5.527,NA,33
"5/26/2022 5:55:06 AM",2.88,29.987,50.67,80.718,72737.4,1033.549,33.537,0.117,0.117,0.029,7.797,96.664,5.515,0.17,0,5.528,5.531,NA,33
"5/26/2022 5:55:07 AM",2.851,29.988,50.667,80.715,72734.1,1033.547,33.535,0.117,0.117,0.044,7.797,96.6,5.511,0.17,0,5.524,5.527,NA,33
"5/26/2022 5:55:07 AM",2.799,29.987,50.665,80.711,72731.1,1033.545,33.533,0.117,0.117,0.029,7.797,96.565,5.51,0.17,0,5.522,5.525,NA,33
"5/26/2022 5:55:07 AM",2.757,29.987,50.663,80.708,72729,1033.544,33.532,0.125,0.125,0.058,7.797,96.508,5.507,0.17,0,5.519,5.522,NA,33
"5/26/2022 5:55:07 AM",2.72,29.987,50.662,80.706,72727.6,1033.543,33.531,0.117,0.117,0.044,7.796,96.471,5.504,0.17,0,5.517,5.52,NA,33
"5/26/2022 5:55:07 AM",2.717,29.987,50.659,80.703,72724.2,1033.541,33.529,0.109,0.109,0.015,7.797,96.601,5.512,0.17,0,5.524,5.528,NA,33
"5/26/2022 5:55:08 AM",2.734,29.987,50.658,80.701,72722.6,1033.54,33.528,0.117,0.117,0.029,7.797,96.646,5.515,0.255,0,5.527,5.53,NA,33
"5/26/2022 5:55:08 AM",2.738,29.987,50.657,80.699,72721.1,1033.539,33.527,0.101,0.101,0.029,7.796,96.641,5.515,0.255,0,5.527,5.53,NA,33
"5/26/2022 5:55:08 AM",2.727,29.987,50.655,80.696,72718.4,1033.537,33.525,0.125,0.125,0.044,7.797,96.582,5.511,0.34,0,5.523,5.527,NA,33
"5/26/2022 5:55:08 AM",2.727,29.987,50.654,80.696,72718.1,1033.537,33.525,0.125,0.125,0.044,7.795,96.581,5.511,0.34,0,5.523,5.526,NA,33
"5/26/2022 5:55:08 AM",2.764,29.987,50.652,80.693,72715.4,1033.535,33.524,0.117,0.117,0.029,7.793,96.665,5.516,0.425,0,5.528,5.532,NA,33
"5/26/2022 5:55:09 AM",2.809,29.987,50.653,80.695,72716.4,1033.536,33.524,0.125,0.125,0.044,7.796,96.533,5.508,0.425,0,5.521,5.524,NA,33
"5/26/2022 5:55:09 AM",2.865,29.987,50.65,80.691,72713,1033.534,33.522,0.125,0.125,0.029,7.8,96.55,5.509,0.425,0,5.522,5.525,NA,33
"5/26/2022 5:55:09 AM",2.898,29.987,50.65,80.689,72712.3,1033.534,33.522,0.117,0.117,0.015,7.801,96.645,5.515,0.425,0,5.527,5.53,NA,33
"5/26/2022 5:55:09 AM",2.894,29.987,50.649,80.69,72711.9,1033.534,33.521,0.133,0.133,0,7.799,96.62,5.513,0.425,0,5.526,5.529,NA,33
"5/26/2022 5:55:09 AM",2.832,29.986,50.646,80.683,72707.4,1033.531,33.519,0.125,0.125,0,7.798,96.639,5.515,0.51,0,5.527,5.53,NA,33
"5/26/2022 5:55:10 AM",2.767,29.984,50.646,80.68,72707.9,1033.532,33.52,0.109,0.109,0.044,7.797,96.692,5.518,0.51,0,5.53,5.533,NA,33
"5/26/2022 5:55:10 AM",2.705,29.982,50.645,80.675,72706.7,1033.531,33.52,0.101,0.101,0.044,7.797,96.548,5.509,0.425,0,5.522,5.525,NA,33
"5/26/2022 5:55:10 AM",2.634,29.978,50.646,80.671,72708.3,1033.533,33.522,0.109,0.109,0.058,7.795,96.613,5.513,0.425,0,5.525,5.529,NA,33
"5/26/2022 5:55:10 AM",2.507,29.975,50.645,80.666,72707.3,1033.533,33.522,0.109,0.109,0.029,7.797,96.528,5.508,0.425,0,5.521,5.524,NA,33
"5/26/2022 5:55:11 AM",2.397,29.974,50.644,80.662,72706.4,1033.532,33.522,0.125,0.125,0.058,7.796,96.68,5.517,0.425,0,5.53,5.533,NA,33
"5/26/2022 5:55:11 AM",2.281,29.973,50.64,80.656,72702.2,1033.529,33.52,0.125,0.125,0.029,7.797,96.501,5.507,0.34,0,5.519,5.523,NA,33
"5/26/2022 5:55:11 AM",2.164,29.972,50.638,80.652,72699.4,1033.527,33.518,0.125,0.125,0.044,7.799,96.59,5.512,0.255,0,5.525,5.528,NA,33
"5/26/2022 5:55:11 AM",2.053,29.972,50.636,80.648,72697.3,1033.526,33.517,0.125,0.125,0.087,7.798,96.526,5.509,0.17,0,5.521,5.525,NA,33
"5/26/2022 5:55:11 AM",1.89,29.971,50.63,80.639,72689.6,1033.521,33.513,0.117,0.117,0.073,7.796,96.604,5.514,0.17,0,5.526,5.53,NA,33
"5/26/2022 5:55:12 AM",1.808,29.968,50.627,80.63,72685.8,1033.519,33.511,0.133,0.133,0.029,7.787,96.665,5.517,0.17,0,5.53,5.533,NA,33
"5/26/2022 5:55:12 AM",1.742,29.969,50.627,80.631,72685.9,1033.519,33.511,0.117,0.117,0.058,7.783,96.554,5.511,0.17,0,5.523,5.527,NA,33
"5/26/2022 5:55:12 AM",1.707,29.97,50.622,80.626,72679.6,1033.514,33.507,0.125,0.125,0.015,7.787,96.574,5.513,0.17,0,5.525,5.528,NA,33
"5/26/2022 5:55:12 AM",1.693,29.969,50.622,80.625,72679.2,1033.514,33.507,0.117,0.117,0.015,7.791,96.705,5.52,0.17,0,5.532,5.536,NA,33
"5/26/2022 5:55:12 AM",1.711,29.967,50.62,80.618,72677.1,1033.514,33.506,0.133,0.133,0,7.786,96.52,5.51,0.17,0,5.522,5.525,NA,33
"5/26/2022 5:55:13 AM",1.739,29.968,50.618,80.618,72675.1,1033.512,33.505,0.14,0.14,0.029,7.782,96.488,5.508,0.34,0,5.52,5.524,NA,33
"5/26/2022 5:55:13 AM",1.789,29.969,50.615,80.615,72670.4,1033.509,33.501,0.125,0.125,0.044,7.786,96.591,5.514,0.425,0,5.526,5.53,NA,33
"5/26/2022 5:55:13 AM",1.876,29.973,50.611,80.615,72665.9,1033.506,33.498,0.125,0.125,0.058,7.786,96.601,5.514,0.595,0,5.527,5.53,NA,33
"5/26/2022 5:55:13 AM",2.057,29.978,50.61,80.622,72664.1,1033.504,33.495,0.125,0.125,0.044,7.795,96.605,5.514,0.68,0,5.527,5.53,NA,33
"5/26/2022 5:55:13 AM",2.173,29.976,50.609,80.617,72662.8,1033.504,33.495,0.117,0.117,0.058,7.797,96.598,5.514,0.595,0,5.526,5.53,NA,33
"5/26/2022 5:55:14 AM",2.277,29.974,50.611,80.617,72665.6,1033.507,33.497,0.109,0.109,0.029,7.792,96.697,5.52,0.595,0,5.532,5.536,NA,33
"5/26/2022 5:55:14 AM",2.356,29.973,50.61,80.614,72664.3,1033.507,33.497,0.117,0.117,0.029,7.79,96.497,5.509,0.595,0,5.521,5.524,NA,33
"5/26/2022 5:55:14 AM",2.423,29.973,50.61,80.614,72665.1,1033.507,33.497,0.117,0.117,0.058,7.784,96.424,5.504,0.595,0,5.517,5.52,NA,33
"5/26/2022 5:55:14 AM",2.404,29.972,50.613,80.617,72668,1033.509,33.499,0.117,0.117,0.073,7.784,96.51,5.509,0.595,0,5.521,5.525,NA,33
"5/26/2022 5:55:14 AM",2.364,29.973,50.615,80.621,72670.9,1033.511,33.501,0.109,0.109,0.058,7.785,96.58,5.513,0.51,0,5.526,5.529,NA,33
"5/26/2022 5:55:15 AM",2.295,29.975,50.613,80.622,72668.2,1033.508,33.498,0.117,0.117,0.073,7.782,96.709,5.521,0.51,0,5.533,5.536,NA,33
"5/26/2022 5:55:15 AM",2.183,29.977,50.609,80.618,72662.6,1033.504,33.494,0.14,0.14,0.058,7.78,96.672,5.519,0.51,0,5.531,5.534,NA,33
"5/26/2022 5:55:15 AM",1.973,29.979,50.607,80.619,72659.4,1033.5,33.492,0.117,0.117,0.015,7.786,96.695,5.52,0.51,0,5.532,5.536,NA,33
"5/26/2022 5:55:15 AM",1.831,29.981,50.602,80.615,72653.8,1033.496,33.488,0.125,0.125,0.015,7.772,96.518,5.51,0.425,0,5.522,5.526,NA,33
"5/26/2022 5:55:15 AM",1.688,29.981,50.601,80.613,72652.2,1033.494,33.487,0.125,0.125,0.073,7.783,96.542,5.511,0.425,0,5.523,5.527,NA,33
"5/26/2022 5:55:16 AM",1.556,29.982,50.598,80.611,72648.5,1033.491,33.485,0.117,0.117,0.044,7.785,96.7,5.52,0.34,0,5.533,5.536,NA,33
"5/26/2022 5:55:16 AM",1.457,29.983,50.593,80.606,72642.2,1033.487,33.48,0.125,0.125,0.029,7.786,96.691,5.519,0.34,0,5.532,5.535,NA,33
"5/26/2022 5:55:16 AM",1.365,29.984,50.581,80.591,72627.1,1033.477,33.471,0.125,0.125,0.029,7.78,96.636,5.517,0.255,0,5.529,5.533,NA,33
"5/26/2022 5:55:16 AM",1.33,29.985,50.576,80.584,72620.6,1033.473,33.467,0.109,0.109,0.015,7.785,96.515,5.51,0.34,0,5.522,5.526,NA,33
"5/26/2022 5:55:16 AM",1.309,29.985,50.572,80.579,72615.3,1033.469,33.464,0.109,0.109,0.044,7.789,96.543,5.512,0.425,0,5.524,5.527,NA,33
"5/26/2022 5:55:17 AM",1.292,29.984,50.57,80.575,72612.7,1033.468,33.462,0.117,0.117,0.058,7.784,96.641,5.518,0.595,0,5.53,5.533,NA,33
"5/26/2022 5:55:17 AM",1.29,29.981,50.568,80.568,72611.2,1033.468,33.462,0.117,0.117,0.073,7.788,96.674,5.519,0.935,0,5.532,5.535,NA,33
"5/26/2022 5:55:17 AM",1.341,29.976,50.567,80.559,72610,1033.469,33.463,0.133,0.133,0.087,7.786,96.578,5.514,1.189,0,5.526,5.53,NA,33
"5/26/2022 5:55:17 AM",1.4,29.974,50.567,80.556,72610.3,1033.47,33.464,0.125,0.125,0.073,7.788,96.608,5.516,1.274,0,5.528,5.532,NA,33
"5/26/2022 5:55:17 AM",1.481,29.973,50.571,80.561,72616,1033.474,33.467,0.117,0.117,0.044,7.789,96.539,5.512,1.189,0,5.524,5.527,NA,33
"5/26/2022 5:55:18 AM",1.54,29.978,50.569,80.566,72612.8,1033.47,33.464,0.109,0.109,0.073,7.79,96.554,5.512,1.189,0,5.525,5.528,NA,33
"5/26/2022 5:55:18 AM",1.53,29.98,50.561,80.556,72602.1,1033.464,33.457,0.234,0.234,0.16,7.791,96.593,5.515,1.189,0,5.528,5.531,NA,33
"5/26/2022 5:55:18 AM",1.506,29.977,50.562,80.554,72604.4,1033.466,33.459,0.421,0.421,0.175,7.782,96.613,5.516,1.274,0,5.529,5.532,NA,33
"5/26/2022 5:55:18 AM",1.467,29.975,50.565,80.555,72607.7,1033.468,33.462,0.234,0.234,0.087,7.785,96.631,5.517,1.274,0,5.53,5.533,NA,33
"5/26/2022 5:55:18 AM",1.454,29.974,50.565,80.553,72607.5,1033.468,33.462,0.14,0.14,0.087,7.784,96.673,5.52,1.359,0,5.532,5.536,NA,33
"5/26/2022 5:55:19 AM",1.49,29.974,50.563,80.55,72605.7,1033.467,33.461,0.14,0.14,0.087,7.783,96.65,5.519,1.274,0,5.531,5.534,NA,33
"5/26/2022 5:55:19 AM",1.591,29.973,50.562,80.547,72604.3,1033.467,33.46,0.125,0.125,0.131,7.796,96.747,5.524,1.189,0,5.537,5.54,NA,33
"5/26/2022 5:55:19 AM",1.615,29.973,50.562,80.547,72604.6,1033.467,33.461,0.156,0.156,0.131,7.795,96.608,5.516,1.274,0,5.529,5.532,NA,33
"5/26/2022 5:55:19 AM",1.57,29.972,50.559,80.542,72600.5,1033.465,33.458,0.14,0.14,0.102,7.796,96.593,5.516,1.359,0,5.528,5.532,NA,33
"5/26/2022 5:55:19 AM",1.473,29.971,50.558,80.539,72599.3,1033.464,33.458,0.14,0.14,0.044,7.797,96.67,5.52,1.359,0,5.532,5.536,NA,33
"5/26/2022 5:55:20 AM",1.236,29.97,50.558,80.537,72599.5,1033.464,33.458,0.125,0.125,0.073,7.795,96.729,5.523,1.444,0,5.536,5.539,NA,33
"5/26/2022 5:55:20 AM",1.09,29.971,50.554,80.532,72593.8,1033.459,33.455,0.125,0.125,0.073,7.795,96.671,5.52,1.359,0,5.533,5.536,NA,33
"5/26/2022 5:55:20 AM",0.969,29.972,50.552,80.533,72592.3,1033.457,33.453,0.164,0.164,0.189,7.797,96.627,5.518,1.189,0,5.53,5.534,NA,33
"5/26/2022 5:55:20 AM",0.894,29.973,50.551,80.531,72589.9,1033.456,33.452,0.203,0.203,0.233,7.797,96.73,5.524,1.104,0,5.536,5.54,NA,33
"5/26/2022 5:55:21 AM",0.852,29.973,50.547,80.526,72585.1,1033.452,33.449,0.367,0.367,0.218,7.801,96.782,5.527,1.104,0,5.539,5.543,NA,33
"5/26/2022 5:55:21 AM",0.847,29.975,50.544,80.525,72581.6,1033.45,33.446,0.936,0.936,0.597,7.799,96.755,5.525,1.02,0,5.538,5.541,NA,33
"5/26/2022 5:55:21 AM",0.84,29.975,50.537,80.517,72573.2,1033.445,33.441,0.632,0.632,0.67,7.798,96.657,5.52,1.104,0,5.532,5.536,NA,33
"5/26/2022 5:55:21 AM",0.798,29.974,50.537,80.514,72572.4,1033.444,33.441,0.296,0.296,0.524,7.799,96.755,5.526,1.104,0,5.538,5.541,NA,33
"5/26/2022 5:55:21 AM",0.757,29.972,50.534,80.508,72569.3,1033.443,33.439,0.601,0.601,0.233,7.793,96.808,5.529,0.85,0,5.541,5.545,NA,33
"5/26/2022 5:55:22 AM",0.732,29.974,50.514,80.482,72544.3,1033.427,33.424,0.359,0.359,0.233,7.797,96.622,5.519,0.68,0,5.531,5.534,NA,33
"5/26/2022 5:55:22 AM",0.704,29.977,50.517,80.491,72547.1,1033.427,33.424,0.226,0.226,0.102,7.8,96.642,5.52,0.68,0,5.532,5.536,NA,33
"5/26/2022 5:55:22 AM",0.661,29.98,50.512,80.489,72541.1,1033.423,33.42,0.14,0.14,0.044,7.786,96.629,5.519,0.765,0,5.531,5.535,NA,33
"5/26/2022 5:55:22 AM",0.618,29.982,50.506,80.484,72533.5,1033.417,33.415,0.117,0.117,0.044,7.77,96.725,5.525,0.85,0,5.537,5.54,NA,33
"5/26/2022 5:55:22 AM",0.546,29.983,50.504,80.481,72530.1,1033.415,33.413,0.117,0.117,0,7.782,96.573,5.516,1.274,0,5.528,5.532,NA,33
"5/26/2022 5:55:23 AM",0.494,29.983,50.5,80.477,72526,1033.412,33.41,0.125,0.125,0.015,7.793,96.502,5.512,1.529,0,5.524,5.528,NA,33
"5/26/2022 5:55:23 AM",0.456,29.983,50.498,80.473,72523.2,1033.41,33.408,0.101,0.101,0.029,7.794,96.629,5.519,1.529,0,5.531,5.535,NA,33
"5/26/2022 5:55:23 AM",0.451,29.983,50.495,80.469,72519.3,1033.408,33.406,0.109,0.109,0.044,7.79,96.603,5.518,1.444,0,5.53,5.533,NA,33
"5/26/2022 5:55:23 AM",0.451,29.983,50.493,80.467,72516.6,1033.406,33.404,0.117,0.117,0.044,7.796,96.718,5.524,1.359,0,5.537,5.54,NA,33
"5/26/2022 5:55:23 AM",0.437,29.983,50.49,80.462,72513.3,1033.404,33.402,0.117,0.117,0.058,7.799,96.645,5.52,1.359,0,5.532,5.536,NA,33
"5/26/2022 5:55:24 AM",0.39,29.982,50.489,80.459,72511.3,1033.403,33.401,0.109,0.109,0.058,7.798,96.603,5.518,1.444,0,5.53,5.534,NA,33
"5/26/2022 5:55:24 AM",0.305,29.982,50.488,80.458,72510.9,1033.403,33.401,0.125,0.125,0.058,7.801,96.634,5.52,1.614,0,5.532,5.536,NA,33
"5/26/2022 5:55:24 AM",0.18,29.982,50.485,80.454,72507,1033.4,33.399,0.117,0.117,0.044,7.799,96.632,5.52,1.699,0,5.532,5.536,NA,33
"5/26/2022 5:55:24 AM",0,29.983,50.479,80.447,72499.2,1033.394,33.394,0.101,0.101,0.044,7.8,96.611,5.519,2.209,0,5.531,5.534,NA,33
"5/26/2022 5:55:24 AM",0,29.984,50.478,80.447,72497.3,1033.392,33.393,0.109,0.109,0.015,7.797,96.578,5.517,2.549,0,5.529,5.533,NA,33
"5/26/2022 5:55:25 AM",0,29.984,50.476,80.445,72494.9,1033.39,33.391,0.133,0.133,0.073,7.799,96.533,5.514,2.804,0,5.527,5.53,NA,33
"5/26/2022 5:55:25 AM",0,29.984,50.341,80.256,72326.5,1033.288,33.289,0.195,0.195,0.175,7.798,96.579,5.521,2.889,0,5.533,5.536,NA,33
"5/26/2022 5:55:25 AM",0,29.973,50.475,80.427,72495.3,1033.394,33.395,0.406,0.406,1.224,7.796,96.648,5.521,2.889,0,5.533,5.537,NA,33
"5/26/2022 5:55:25 AM",0,29.972,50.483,80.436,72504.9,1033.4,33.401,5.031,5.031,10.205,7.799,96.574,5.516,2.889,0,5.529,5.532,NA,33
"5/26/2022 5:55:25 AM",0,29.981,50.485,80.452,72506.8,1033.399,33.399,2.995,2.995,5.852,7.797,96.61,5.518,2.719,0,5.531,5.534,NA,33
"5/26/2022 5:55:26 AM",0,29.987,50.463,80.43,72478.3,1033.38,33.38,1.162,1.162,2.025,7.799,96.59,5.518,2.634,0,5.53,5.534,NA,33
"5/26/2022 5:55:26 AM",0,29.983,50.155,79.999,72095.1,1033.148,33.148,1.272,1.272,1.734,7.801,96.522,5.523,2.889,0,5.536,5.539,NA,33
"5/26/2022 5:55:26 AM",0,29.99,50.376,80.315,72369.9,1033.313,33.313,1.997,1.997,4.785,7.799,96.532,5.517,3.313,0,5.53,5.533,NA,33
"5/26/2022 5:55:26 AM",0,29.99,50.455,80.424,72468.5,1033.373,33.373,1.147,1.147,2.872,7.799,96.599,5.519,3.483,0,5.531,5.534,NA,33
"5/26/2022 5:55:26 AM",0,29.986,50.463,80.43,72479,1033.38,33.381,1.194,1.194,4.946,7.797,96.653,5.521,3.398,0,5.534,5.537,NA,33
"5/26/2022 5:55:27 AM",0,29.989,50.46,80.429,72474.4,1033.377,33.377,0.647,0.647,2.084,7.799,96.64,5.521,3.313,0,5.533,5.536,NA,33
"5/26/2022 5:55:27 AM",0,29.989,50.423,80.378,72428.6,1033.349,33.349,20.415,20.415,22.095,7.8,96.751,5.528,3.398,0,5.54,5.544,NA,33
"5/26/2022 5:55:27 AM",0,29.988,50.445,80.408,72456.7,1033.366,33.367,52.156,52.156,37.048,7.802,96.713,5.525,3.483,0,5.538,5.541,NA,33
"5/26/2022 5:55:27 AM",0,29.989,48.149,77.221,69583.7,1031.628,31.629,21.491,21.491,21.961,7.802,96.614,5.59,3.483,0,5.603,5.606,NA,33
"5/26/2022 5:55:27 AM",0,29.993,50.285,80.194,72256.8,1033.243,33.244,50.159,50.159,134.592,7.805,96.786,5.534,3.653,0,5.546,5.55,NA,33
"5/26/2022 5:55:28 AM",0,29.999,49.176,78.665,70871.1,1032.401,32.402,43.474,43.474,55.257,7.796,96.725,5.564,3.738,0,5.577,5.58,NA,33
"5/26/2022 5:55:28 AM",0,29.987,3.374,6.842,6165.3,998.171,0,492.633,492.633,1167.28,7.803,96.732,7.157,3.738,0,7.177,7.177,NA,33
"5/26/2022 5:55:28 AM",0,29.887,1.376,2.935,2650.2,996.712,0,320.244,320.244,719.881,7.804,96.711,7.234,3.823,0,7.255,7.254,NA,33
"5/26/2022 5:55:28 AM",0,29.747,1.068,2.301,2083.4,996.524,0,281.537,281.537,616.045,7.802,96.707,7.246,3.993,0,7.267,7.267,NA,33
"5/26/2022 5:55:28 AM",0,29.558,0.881,1.908,1734.4,996.441,0,506.05,506.05,735.11,7.802,96.638,7.248,3.993,0,7.269,7.269,NA,33
"5/26/2022 5:55:29 AM",0,29.347,0.779,1.69,1542.8,996.428,0,408.057,408.057,918.829,7.801,96.226,7.222,3.738,0,7.243,7.243,NA,33
"5/26/2022 5:55:29 AM",0,29.104,0.66,1.435,1316.2,996.411,0,504.584,504.584,324.184,7.798,96.129,7.22,3.908,0,7.241,7.241,NA,33
"5/26/2022 5:55:29 AM",0,28.976,0.609,1.326,1219.7,996.41,0,209.637,209.637,103.746,7.801,96.221,7.23,3.823,0,7.251,7.251,NA,33
"5/26/2022 5:55:29 AM",0,28.876,0.592,1.287,1185.6,996.426,0,147.091,147.091,99.725,7.801,96.089,7.222,3.993,0,7.242,7.242,NA,33
"5/26/2022 5:55:29 AM",0,28.791,0.536,1.169,1078.7,996.41,0,506.05,506.05,263.353,7.8,96.153,7.229,3.993,0,7.25,7.25,NA,33
"5/26/2022 5:55:30 AM",0,28.698,0.497,1.085,1003.4,996.408,0,202.422,202.422,46.665,7.801,96.026,7.224,4.333,0,7.245,7.245,NA,33
"5/26/2022 5:55:30 AM",0,28.628,0.49,1.068,988.9,996.422,0,61.704,61.704,14.662,7.799,95.896,7.218,4.503,0,7.238,7.239,NA,33
"5/26/2022 5:55:30 AM",0,28.552,0.475,1.035,959.9,996.433,0,27.1,27.1,5.691,7.803,95.991,7.228,4.758,0,7.248,7.249,NA,33
"5/26/2022 5:55:30 AM",0,28.506,0.461,1.005,932.7,996.436,0,21.421,21.421,2.755,7.805,95.842,7.219,4.843,0,7.24,7.24,NA,33
"5/26/2022 5:55:31 AM",0,28.438,0.442,0.964,895.8,996.441,0,12.996,12.996,1.763,7.804,95.669,7.209,5.098,0,7.23,7.23,NA,33
"5/26/2022 5:55:31 AM",0,28.429,0.432,0.942,875.7,996.436,0,127.254,127.254,23.059,7.799,95.415,7.193,5.183,0,7.213,7.213,NA,33
"5/26/2022 5:55:31 AM",0,28.423,0.424,0.924,859.4,996.432,0,134.875,134.875,24.246,7.8,95.551,7.205,5.098,0,7.226,7.226,NA,33
"5/26/2022 5:55:31 AM",0,28.447,0.414,0.904,840.4,996.418,0,61.696,61.696,34.786,7.801,95.592,7.211,4.928,0,7.232,7.232,NA,33
"5/26/2022 5:55:31 AM",0,28.437,0.389,0.851,791,996.402,0,310.641,310.641,90.7,7.799,95.57,7.212,4.673,0,7.233,7.233,NA,33
"5/26/2022 5:55:32 AM",0,28.433,0.377,0.825,766.9,996.394,0,103.945,103.945,57.889,7.8,95.339,7.199,4.503,0,7.22,7.22,NA,33
"5/26/2022 5:55:32 AM",0,28.435,0.381,0.834,775.7,996.396,0,66.728,66.728,52.857,7.796,95.475,7.212,4.333,0,7.233,7.233,NA,33
"5/26/2022 5:55:32 AM",0,28.407,0.376,0.824,766.3,996.401,0,46.095,46.095,21.191,7.797,95.445,7.212,3.993,0,7.232,7.233,NA,33
"5/26/2022 5:55:32 AM",0,28.296,0.377,0.822,766.7,996.433,0,49.426,49.426,18.824,7.795,95.379,7.209,3.653,0,7.23,7.23,NA,33
"5/26/2022 5:55:32 AM",0,28.091,0.356,0.776,726.2,996.476,0,16.873,16.873,6.365,7.795,95.006,7.183,3.228,0,7.203,7.203,NA,33
"5/26/2022 5:55:33 AM",0,27.808,0.436,0.938,883.6,996.617,0,3.261,3.261,0.306,7.793,94.407,7.135,2.124,0,7.156,7.156,NA,33
"5/26/2022 5:55:33 AM",0,27.602,0.668,1.41,1333.7,996.849,0,1.49,1.49,0.918,7.791,94.223,7.113,2.124,0,7.134,7.134,NA,33
"5/26/2022 5:55:33 AM",0,27.503,0.406,0.871,825.1,996.68,0,0.757,0.757,0.684,7.791,94.235,7.125,3.059,0,7.145,7.145,NA,33
"5/26/2022 5:55:33 AM",0,27.452,0.356,0.766,726.8,996.657,0,0.413,0.413,0.553,7.793,94.166,7.122,3.653,0,7.143,7.143,NA,33
"5/26/2022 5:55:33 AM",0,27.444,0.329,0.709,672.6,996.639,0,0.601,0.601,1.267,7.794,93.993,7.11,3.483,0,7.131,7.131,NA,33
"5/26/2022 5:55:34 AM",0,27.47,0.301,0.65,616.8,996.61,0,0.632,0.632,2.551,7.794,94.125,7.122,3.483,0,7.143,7.143,NA,33
"5/26/2022 5:55:34 AM",0,27.419,0.309,0.667,633.6,996.631,0,20.118,20.118,11.395,7.794,93.973,7.111,3.313,0,7.131,7.131,NA,33
"5/26/2022 5:55:34 AM",0,27.402,0.299,0.646,613.4,996.628,0,13.87,13.87,8.723,7.793,93.971,7.112,3.313,0,7.132,7.132,NA,33
"5/26/2022 5:55:34 AM",0,27.455,0.79,1.651,1566.4,996.982,0,6.389,6.389,44.748,7.795,94.041,7.099,3.144,0,7.119,7.119,NA,33
"5/26/2022 5:55:34 AM",0,29.492,3.023,6.116,5566,998.06,0,8.433,8.433,32.512,7.953,95.643,7.124,3.144,0,7.145,7.145,NA,33
"5/26/2022 5:55:35 AM",0,29.887,2.282,4.732,4272.7,997.388,0,3.838,3.838,17.405,8.092,95.004,7.097,3.059,0,7.118,7.118,NA,33
"5/26/2022 5:55:35 AM",0,29.984,1.328,2.843,2561.7,996.647,0,2.582,2.582,12.703,8.198,94.559,7.095,2.549,0,7.116,7.116,NA,33
"5/26/2022 5:55:35 AM",0,30.006,1.181,2.545,2292.1,996.531,0,2.2,2.2,11.351,8.271,94.175,7.067,2.294,0,7.088,7.088,NA,33
"5/26/2022 5:55:35 AM",0,30.012,1.092,2.361,2126.9,996.462,0,2.098,2.098,10.763,8.307,93.82,7.041,2.294,0,7.061,7.061,NA,33
"5/26/2022 5:55:35 AM",0,30.01,0.975,2.121,1910.3,996.375,0,2.028,2.028,10.572,8.338,93.439,7.014,3.483,0,7.034,7.034,NA,33
"5/26/2022 5:55:36 AM",0,30.013,0.966,2.101,1892.3,996.367,0,1.989,1.989,10.587,8.348,93.062,6.984,3.653,0,7.004,7.004,NA,33
"5/26/2022 5:55:36 AM",0,30.014,0.924,2.014,1813.6,996.336,0,1.974,1.974,10.675,8.359,92.828,6.967,3.653,0,6.987,6.987,NA,33
"5/26/2022 5:55:36 AM",0,30.015,0.916,1.998,1799.3,996.33,0,1.981,1.981,10.763,8.361,92.669,6.955,3.738,0,6.975,6.975,NA,33
"5/26/2022 5:55:36 AM",0,30.014,0.896,1.956,1761.8,996.315,0,2.005,2.005,10.822,8.364,92.612,6.95,3.144,0,6.97,6.97,NA,33
"5/26/2022 5:55:36 AM",0,30.013,0.884,1.931,1739.4,996.306,0,1.997,1.997,10.792,8.376,92.628,6.951,3.059,0,6.972,6.972,NA,33
"5/26/2022 5:55:37 AM",0,30.013,0.854,1.868,1682.4,996.284,0,2.013,2.013,10.866,8.381,92.362,6.932,2.889,0,6.952,6.952,NA,33
"5/26/2022 5:55:37 AM",0,30.006,0.858,1.878,1691.3,996.289,0,2.028,2.028,10.851,8.377,92.336,6.93,2.549,0,6.95,6.95,NA,33
"5/26/2022 5:55:37 AM",0,29.998,0.843,1.845,1662.1,996.28,0,2.013,2.013,10.792,8.378,92.366,6.932,2.379,0,6.952,6.952,NA,33
"5/26/2022 5:55:37 AM",0,29.998,0.804,1.763,1588.1,996.251,0,2.005,2.005,10.69,8.377,92.314,6.929,2.379,0,6.95,6.95,NA,33
"5/26/2022 5:55:37 AM",0,30.001,0.824,1.806,1626.6,996.265,0,1.989,1.989,10.69,8.376,92.108,6.913,2.379,0,6.933,6.933,NA,33
"5/26/2022 5:55:38 AM",0,30,0.779,1.711,1541.3,996.232,0,1.966,1.966,10.616,8.374,92.214,6.923,2.379,0,6.943,6.943,NA,33
"5/26/2022 5:55:38 AM",0,29.998,0.811,1.779,1602.4,996.256,0,1.974,1.974,10.616,8.372,92.241,6.923,2.379,0,6.943,6.943,NA,33
"5/26/2022 5:55:38 AM",0,29.997,0.792,1.738,1565.5,996.242,0,1.974,1.974,10.602,8.368,92.064,6.911,2.549,0,6.931,6.931,NA,33
"5/26/2022 5:55:38 AM",0,29.998,0.783,1.72,1549.3,996.235,0,1.974,1.974,10.572,8.368,92.041,6.909,2.634,0,6.929,6.929,NA,33
"5/26/2022 5:55:38 AM",0,29.998,0.781,1.716,1545.7,996.234,0,1.966,1.966,10.587,8.364,92.058,6.91,2.549,0,6.93,6.93,NA,33
"5/26/2022 5:55:39 AM",0,30.001,0.777,1.706,1537.1,996.23,0,1.958,1.958,10.528,8.364,92.107,6.914,2.464,0,6.934,6.934,NA,33
"5/26/2022 5:55:39 AM",0,30.007,0.78,1.713,1542.7,996.23,0,1.958,1.958,10.572,8.359,92.092,6.913,2.464,0,6.933,6.933,NA,33
"5/26/2022 5:55:39 AM",0,30.01,0.74,1.629,1467.6,996.2,0,1.966,1.966,10.557,8.361,92.059,6.912,2.464,0,6.932,6.932,NA,33
"5/26/2022 5:55:39 AM",0,30.013,0.746,1.642,1479.3,996.203,0,1.942,1.942,10.528,8.358,91.954,6.904,2.464,0,6.924,6.924,NA,33
"5/26/2022 5:55:39 AM",0,30.015,0.753,1.656,1491.5,996.208,0,1.966,1.966,10.557,8.355,92.027,6.909,2.549,0,6.929,6.929,NA,33
"5/26/2022 5:55:40 AM",0,30.009,0.759,1.669,1503.4,996.214,0,1.966,1.966,10.587,8.341,91.94,6.903,2.549,0,6.922,6.923,NA,33
"5/26/2022 5:55:40 AM",0,30.009,0.765,1.683,1516,996.219,0,1.958,1.958,10.646,8.34,91.961,6.904,2.549,0,6.923,6.924,NA,33
"5/26/2022 5:55:40 AM",0,30.004,0.725,1.598,1439.3,996.19,0,1.966,1.966,10.631,8.338,91.941,6.904,2.549,0,6.924,6.924,NA,33
"5/26/2022 5:55:40 AM",0,30,0.723,1.593,1435.3,996.19,0,1.974,1.974,10.587,8.33,91.831,6.896,2.549,0,6.916,6.916,NA,33
"5/26/2022 5:55:41 AM",0,30,0.706,1.557,1402.4,996.177,0,1.935,1.935,10.572,8.328,91.869,6.899,2.634,0,6.919,6.919,NA,33
"5/26/2022 5:55:41 AM",0,30.002,0.702,1.549,1395.6,996.174,0,1.95,1.95,10.616,8.329,91.885,6.901,2.634,0,6.921,6.921,NA,33
"5/26/2022 5:55:41 AM",0,30.002,0.706,1.557,1402.7,996.176,0,1.958,1.958,10.602,8.32,91.831,6.897,2.634,0,6.917,6.917,NA,33
"5/26/2022 5:55:41 AM",0,30.005,0.71,1.567,1411.5,996.179,0,1.958,1.958,10.631,8.32,91.939,6.905,2.634,0,6.925,6.925,NA,33
"5/26/2022 5:55:41 AM",0,30.002,0.698,1.541,1388.5,996.171,0,1.958,1.958,10.631,8.317,91.927,6.904,2.634,0,6.924,6.924,NA,33
"5/26/2022 5:59:21 AM",0.4,29.98,50.7,80.747,72774.6,1033.564,33.562,0.179,0.179,0.146,7.518,96.116,5.494,3.823,0,5.506,5.509,NA,33
"5/26/2022 5:59:22 AM",0.381,29.98,50.695,80.74,72768.6,1033.56,33.559,0.164,0.164,0.073,7.543,96.073,5.49,3.823,0,5.502,5.506,NA,33
"5/26/2022 5:59:22 AM",0.351,29.978,50.685,80.724,72756.7,1033.554,33.552,0.172,0.172,0.087,7.561,96.167,5.495,4.078,0,5.507,5.51,NA,33
"5/26/2022 5:59:22 AM",0.329,29.975,50.671,80.702,72739.4,1033.544,33.542,0.156,0.156,0.146,7.577,96.266,5.5,4.418,0,5.513,5.516,NA,33
"5/26/2022 5:59:22 AM",0.308,29.97,50.696,80.728,72771.3,1033.564,33.563,0.148,0.148,0.102,7.594,96.165,5.493,4.248,0,5.506,5.509,NA,33
"5/26/2022 5:59:22 AM",0.2,29.959,50.712,80.734,72791.9,1033.58,33.579,0.195,0.195,0.626,7.614,96.189,5.493,4.673,0,5.506,5.509,NA,33
"5/26/2022 5:59:23 AM",0.099,29.956,50.722,80.743,72804.6,1033.588,33.588,1.045,1.045,0.583,7.631,96.251,5.496,4.843,0,5.508,5.512,NA,33
"5/26/2022 5:59:23 AM",0,29.957,50.711,80.729,72791.1,1033.579,33.579,0.484,0.484,0.32,7.647,96.442,5.507,5.437,0,5.52,5.523,NA,33
"5/26/2022 5:59:23 AM",0,29.952,50.714,80.726,72794.8,1033.582,33.583,0.499,0.499,0.408,7.666,96.408,5.505,5.098,0,5.518,5.521,NA,33
"5/26/2022 5:59:23 AM",0,29.975,50.764,80.828,72854.7,1033.612,33.613,0.257,0.257,0.218,7.692,96.5,5.509,6.032,0,5.521,5.525,NA,33
"5/26/2022 5:59:24 AM",0,30.002,50.717,80.805,72793.4,1033.567,33.567,0.281,0.281,0.146,7.709,96.487,5.509,6.032,0,5.521,5.525,NA,33
"5/26/2022 5:59:24 AM",0,29.984,50.726,80.79,72806.3,1033.58,33.58,0.164,0.164,0.058,7.724,96.401,5.503,6.117,0,5.516,5.519,NA,33
"5/26/2022 5:59:24 AM",0,29.98,50.719,80.774,72798.3,1033.577,33.577,0.133,0.133,0.116,7.736,96.531,5.511,6.117,0,5.523,5.527,NA,33
"5/26/2022 5:59:24 AM",0.004,29.988,50.721,80.789,72799.8,1033.575,33.575,0.148,0.148,0.218,7.74,96.397,5.503,6.117,0,5.515,5.519,NA,33
"5/26/2022 5:59:24 AM",0.118,30.006,50.72,80.813,72796.6,1033.569,33.568,0.125,0.125,0.131,7.759,96.646,5.517,3.908,0,5.529,5.533,NA,33
"5/26/2022 5:59:25 AM",0.275,30.002,50.716,80.802,72791.5,1033.567,33.566,0.125,0.125,0.116,7.766,96.565,5.512,4.333,0,5.524,5.527,NA,33
"5/26/2022 5:59:25 AM",0.454,29.986,50.709,80.769,72784.8,1033.569,33.567,0.117,0.117,0.116,7.773,96.441,5.505,3.993,0,5.517,5.52,NA,33
"5/26/2022 5:59:25 AM",0.588,29.97,50.723,80.764,72804,1033.586,33.583,0.117,0.117,0.087,7.78,96.536,5.51,2.719,0,5.522,5.526,NA,33
"5/26/2022 5:59:25 AM",0.787,29.976,50.733,80.787,72816.3,1033.592,33.589,0.101,0.101,0.015,7.789,96.557,5.511,1.274,0,5.523,5.527,NA,33
"5/26/2022 5:59:25 AM",0.933,29.979,50.735,80.794,72818.3,1033.593,33.589,0.117,0.117,0.073,7.794,96.598,5.513,1.104,0,5.526,5.529,NA,33
"5/26/2022 5:59:26 AM",1.067,29.975,50.739,80.794,72824.3,1033.598,33.594,0.117,0.117,0.102,7.798,96.575,5.512,1.529,0,5.524,5.528,NA,33
"5/26/2022 5:59:26 AM",1.177,29.972,50.742,80.795,72828.5,1033.602,33.597,0.109,0.109,0.087,7.803,96.578,5.512,2.039,0,5.524,5.528,NA,33
"5/26/2022 5:59:26 AM",1.26,29.971,50.745,80.798,72832.5,1033.605,33.6,0.148,0.148,0.073,7.805,96.584,5.512,2.634,0,5.524,5.528,NA,33
"5/26/2022 5:59:26 AM",1.302,29.973,50.745,80.8,72831.5,1033.604,33.599,0.133,0.133,0.102,7.806,96.577,5.512,3.228,0,5.525,5.528,NA,33
"5/26/2022 5:59:26 AM",1.295,29.972,50.748,80.803,72835.7,1033.607,33.601,0.133,0.133,0.102,7.806,96.681,5.518,3.313,0,5.531,5.534,NA,33
"5/26/2022 5:59:27 AM",1.253,29.971,50.751,80.806,72840,1033.61,33.604,0.156,0.156,0.131,7.806,96.616,5.514,3.313,0,5.527,5.53,NA,33
"5/26/2022 5:59:27 AM",1.217,29.971,50.755,80.811,72844.8,1033.613,33.607,0.156,0.156,0.087,7.806,96.53,5.509,3.313,0,5.522,5.525,NA,33
"5/26/2022 5:59:27 AM",1.198,29.973,50.75,80.808,72838.4,1033.608,33.603,0.25,0.25,0.146,7.808,96.637,5.516,3.228,0,5.528,5.531,NA,33
"5/26/2022 5:59:27 AM",1.184,29.979,50.748,80.813,72835.1,1033.604,33.599,0.148,0.148,0.073,7.811,96.572,5.512,3.144,0,5.524,5.528,NA,33
"5/26/2022 5:59:27 AM",1.131,29.983,50.747,80.818,72833.2,1033.602,33.597,0.125,0.125,0.058,7.811,96.614,5.514,3.228,0,5.526,5.53,NA,33
"5/26/2022 5:59:28 AM",1.05,29.984,50.748,80.82,72833.8,1033.601,33.597,0.117,0.117,0.058,7.809,96.641,5.515,3.313,0,5.528,5.531,NA,33
"5/26/2022 5:59:28 AM",0.973,29.984,50.743,80.814,72827.8,1033.597,33.593,0.117,0.117,0.073,7.811,96.59,5.513,3.483,0,5.525,5.528,NA,33
"5/26/2022 5:59:28 AM",0.89,29.985,50.733,80.801,72815.7,1033.59,33.586,0.133,0.133,0.058,7.812,96.561,5.511,3.823,0,5.523,5.527,NA,33
"5/26/2022 5:59:28 AM",0.859,29.982,50.73,80.792,72811.7,1033.588,33.584,0.133,0.133,0.029,7.812,96.617,5.515,3.993,0,5.527,5.53,NA,33
"5/26/2022 5:59:28 AM",0.9,29.981,50.727,80.788,72808.7,1033.586,33.583,0.133,0.133,0.073,7.812,96.669,5.518,3.993,0,5.53,5.533,NA,33
"5/26/2022 5:59:29 AM",0.987,29.982,50.731,80.794,72813.5,1033.59,33.585,0.117,0.117,0.029,7.812,96.696,5.519,3.568,0,5.531,5.535,NA,33
"5/26/2022 5:59:29 AM",1.184,29.985,50.729,80.796,72810.8,1033.588,33.583,0.125,0.125,0.058,7.811,96.643,5.516,3.144,0,5.528,5.532,NA,33
"5/26/2022 5:59:29 AM",1.34,29.982,50.728,80.789,72809.8,1033.589,33.583,0.117,0.117,0.029,7.811,96.64,5.516,2.974,0,5.528,5.531,NA,33
"5/26/2022 5:59:29 AM",1.509,29.983,50.738,80.806,72822.5,1033.597,33.59,0.117,0.117,0.029,7.811,96.601,5.513,2.549,0,5.526,5.529,NA,33
"5/26/2022 5:59:29 AM",1.656,29.986,50.744,80.817,72829.4,1033.601,33.594,0.125,0.125,0.029,7.81,96.65,5.516,1.784,0,5.528,5.531,NA,33
"5/26/2022 5:59:30 AM",1.877,29.988,50.753,80.835,72840.8,1033.608,33.6,0.101,0.101,0.044,7.811,96.562,5.51,0.765,0,5.523,5.526,NA,33
"5/26/2022 5:59:30 AM",2.009,29.988,50.765,80.851,72855.5,1033.617,33.609,0.094,0.094,0.029,7.813,96.563,5.51,0.425,0,5.522,5.526,NA,33
"5/26/2022 5:59:30 AM",2.145,29.988,50.771,80.858,72862.8,1033.622,33.613,0.094,0.094,0.044,7.811,96.527,5.508,0.17,0,5.52,5.523,NA,33
"5/26/2022 5:59:30 AM",2.294,29.987,50.778,80.867,72872.2,1033.629,33.619,0.117,0.117,0.073,7.811,96.647,5.514,0.085,0,5.527,5.53,NA,33
"5/26/2022 5:59:30 AM",2.442,29.988,50.776,80.865,72869.3,1033.628,33.617,0.117,0.117,0.058,7.81,96.689,5.517,0.17,0,5.529,5.532,NA,33
"5/26/2022 5:59:31 AM",2.659,29.988,50.779,80.87,72873.6,1033.631,33.62,0.125,0.125,0.102,7.815,96.603,5.511,0.595,0,5.524,5.527,NA,33
"5/26/2022 5:59:31 AM",2.801,29.988,50.787,80.88,72882.9,1033.637,33.625,0.117,0.117,0.058,7.813,96.542,5.508,1.359,0,5.52,5.524,NA,33
"5/26/2022 5:59:31 AM",2.953,29.988,50.787,80.881,72883.7,1033.638,33.626,0.117,0.117,0.058,7.813,96.714,5.518,1.614,0,5.53,5.534,NA,33
"5/26/2022 5:59:31 AM",3.116,29.988,50.786,80.88,72882,1033.638,33.624,0.125,0.125,0.058,7.814,96.65,5.514,1.359,0,5.526,5.53,NA,33
"5/26/2022 5:59:31 AM",3.354,29.989,50.779,80.871,72873.4,1033.633,33.619,0.109,0.109,0.058,7.816,96.68,5.516,0.595,0,5.528,5.532,NA,33
"5/26/2022 5:59:32 AM",3.497,29.988,50.781,80.873,72875.3,1033.635,33.62,0.109,0.109,0.044,7.816,96.626,5.513,0.255,0,5.525,5.529,NA,33
"5/26/2022 5:59:32 AM",3.637,29.985,50.781,80.869,72876.6,1033.638,33.622,0.101,0.101,0.015,7.815,96.728,5.518,0,0,5.531,5.534,NA,33
"5/26/2022 5:59:32 AM",3.782,29.984,50.783,80.87,72879.5,1033.64,33.624,0.133,0.133,0.029,7.816,96.733,5.519,0,0,5.531,5.535,NA,33
"5/26/2022 5:59:32 AM",4.018,29.983,50.784,80.87,72881.1,1033.642,33.625,0.086,0.086,0,7.816,96.63,5.513,0,0,5.525,5.529,NA,33
"5/26/2022 5:59:33 AM",4.19,29.982,50.784,80.868,72880.3,1033.643,33.625,0.109,0.109,0.015,7.817,96.612,5.512,0,0,5.524,5.528,NA,33
"5/26/2022 5:59:33 AM",4.379,29.982,50.783,80.867,72879.5,1033.643,33.624,0.117,0.117,0.058,7.815,96.607,5.512,0,0,5.524,5.528,NA,33
"5/26/2022 5:59:33 AM",4.583,29.981,50.785,80.868,72881.7,1033.645,33.626,0.133,0.133,0.058,7.812,96.558,5.509,0,0,5.521,5.525,NA,33
"5/26/2022 5:59:33 AM",4.77,29.98,50.787,80.87,72884.5,1033.648,33.628,0.14,0.14,0.087,7.811,96.548,5.509,0,0,5.521,5.524,NA,33
"5/26/2022 5:59:33 AM",5.071,29.98,50.787,80.871,72885.5,1033.65,33.628,0.117,0.117,0.044,7.812,96.628,5.513,0,0,5.525,5.529,NA,33
"5/26/2022 5:59:34 AM",5.253,29.981,50.787,80.872,72885.6,1033.651,33.628,0.117,0.117,0.058,7.811,96.583,5.51,0,0,5.523,5.526,NA,33
"5/26/2022 5:59:34 AM",5.431,29.98,50.789,80.873,72887.7,1033.653,33.63,0.117,0.117,0.058,7.81,96.563,5.509,0,0,5.522,5.525,NA,33
"5/26/2022 5:59:34 AM",5.597,29.981,50.789,80.875,72887.8,1033.653,33.629,0.117,0.117,0.073,7.809,96.536,5.508,0,0,5.52,5.524,NA,33
"5/26/2022 5:59:34 AM",5.856,29.983,50.783,80.87,72880.7,1033.649,33.624,0.117,0.117,0.029,7.809,96.553,5.509,0,0,5.521,5.525,NA,33
"5/26/2022 5:59:34 AM",6.041,29.984,50.79,80.881,72888.6,1033.655,33.629,0.117,0.117,0.044,7.811,96.66,5.515,0,0,5.527,5.531,NA,33
"5/26/2022 5:59:35 AM",6.225,29.984,50.792,80.885,72891.9,1033.657,33.631,0.125,0.125,0.044,7.811,96.686,5.516,0,0,5.529,5.532,NA,33
"5/26/2022 5:59:35 AM",6.419,29.985,50.791,80.884,72890.7,1033.657,33.63,0.117,0.117,0.058,7.81,96.65,5.514,0,0,5.526,5.53,NA,33
"5/26/2022 5:59:35 AM",6.713,29.985,50.795,80.889,72895.3,1033.661,33.633,0.125,0.125,0.073,7.811,96.637,5.513,0,0,5.526,5.529,NA,33
"5/26/2022 5:59:35 AM",6.909,29.985,50.795,80.89,72895.4,1033.662,33.633,0.117,0.117,0,7.813,96.544,5.508,0,0,5.52,5.523,NA,33
"5/26/2022 5:59:35 AM",7.104,29.985,50.796,80.89,72896.2,1033.663,33.633,0.109,0.109,0,7.814,96.735,5.519,0,0,5.531,5.535,NA,33
"5/26/2022 5:59:36 AM",7.311,29.985,50.798,80.894,72899.2,1033.666,33.635,0.117,0.117,0.029,7.814,96.587,5.51,0,0,5.523,5.526,NA,33
"5/26/2022 5:59:36 AM",7.502,29.986,50.795,80.891,72895.2,1033.664,33.632,0.125,0.125,0.058,7.815,96.524,5.507,0,0,5.519,5.523,NA,33
"5/26/2022 5:59:36 AM",7.789,29.986,50.797,80.894,72898.2,1033.667,33.634,0.125,0.125,0.058,7.815,96.582,5.51,0,0,5.522,5.526,NA,33
"5/26/2022 5:59:36 AM",7.98,29.986,50.795,80.892,72895.9,1033.666,33.632,0.117,0.117,0.029,7.815,96.701,5.517,0,0,5.529,5.533,NA,33
"5/26/2022 5:59:36 AM",8.178,29.986,50.795,80.891,72895.4,1033.667,33.632,0.117,0.117,0.015,7.816,96.557,5.508,0,0,5.521,5.524,NA,33
"5/26/2022 5:59:37 AM",8.36,29.985,50.793,80.889,72894.2,1033.667,33.631,0.109,0.109,0.029,7.816,96.55,5.508,0,0,5.52,5.524,NA,33
"5/26/2022 5:59:37 AM",8.651,29.986,50.792,80.888,72892.2,1033.667,33.63,0.109,0.109,0.073,7.817,96.653,5.514,0,0,5.527,5.53,NA,33
"5/26/2022 5:59:37 AM",8.838,29.986,50.788,80.883,72888.2,1033.665,33.627,0.109,0.109,0.058,7.816,96.654,5.514,0,0,5.526,5.53,NA,33
"5/26/2022 5:59:37 AM",9.028,29.986,50.787,80.882,72886.8,1033.665,33.626,0.117,0.117,0.044,7.814,96.635,5.513,0,0,5.526,5.529,NA,33
"5/26/2022 5:59:37 AM",9.221,29.986,50.786,80.88,72885.3,1033.664,33.625,0.109,0.109,0.029,7.815,96.625,5.513,0,0,5.525,5.528,NA,33
"5/26/2022 5:59:38 AM",9.417,29.986,50.785,80.878,72884,1033.665,33.625,0.125,0.125,0.029,7.815,96.602,5.511,0,0,5.523,5.527,NA,33
"5/26/2022 5:59:38 AM",9.709,29.986,50.782,80.875,72880.6,1033.664,33.622,0.117,0.117,0.029,7.814,96.579,5.51,0,0,5.522,5.526,NA,33
"5/26/2022 5:59:38 AM",9.909,29.986,50.78,80.873,72878.5,1033.663,33.621,0.117,0.117,0.015,7.815,96.634,5.513,0,0,5.526,5.529,NA,33
"5/26/2022 5:59:38 AM",10.103,29.986,50.78,80.873,72878.2,1033.664,33.621,0.133,0.133,0.058,7.813,96.657,5.515,0,0,5.527,5.531,NA,33
"5/26/2022 5:59:38 AM",10.298,29.986,50.78,80.872,72877.9,1033.664,33.62,0.117,0.117,0.029,7.817,96.588,5.51,0,0,5.523,5.526,NA,33
"5/26/2022 5:59:39 AM",10.588,29.987,50.778,80.87,72875.4,1033.664,33.619,0.101,0.101,0.044,7.816,96.564,5.509,0,0,5.521,5.525,NA,33
"5/26/2022 5:59:39 AM",10.779,29.986,50.774,80.866,72871.6,1033.662,33.616,0.125,0.125,0.029,7.815,96.628,5.513,0,0,5.525,5.529,NA,33
"5/26/2022 5:59:39 AM",10.979,29.986,50.775,80.866,72872.1,1033.663,33.617,0.117,0.117,0.029,7.815,96.698,5.517,0,0,5.529,5.533,NA,33
"5/26/2022 5:59:39 AM",11.169,29.986,50.774,80.865,72871.3,1033.664,33.616,0.109,0.109,0.044,7.814,96.631,5.513,0,0,5.526,5.529,NA,33
"5/26/2022 5:59:39 AM",11.368,29.986,50.771,80.861,72868.1,1033.663,33.614,0.125,0.125,0.029,7.814,96.623,5.513,0,0,5.525,5.529,NA,33
"5/26/2022 5:59:40 AM",11.629,29.987,50.768,80.858,72864.4,1033.661,33.612,0.125,0.125,0.044,7.813,96.608,5.512,0,0,5.524,5.528,NA,33
"5/26/2022 5:59:40 AM",11.789,29.987,50.765,80.855,72860.7,1033.659,33.609,0.125,0.125,0.073,7.813,96.61,5.512,0,0,5.525,5.528,NA,33
"5/26/2022 5:59:40 AM",11.928,29.987,50.763,80.852,72858.2,1033.658,33.608,0.125,0.125,0.073,7.81,96.669,5.516,0,0,5.528,5.532,NA,33
"5/26/2022 5:59:40 AM",12.053,29.988,50.761,80.85,72855.4,1033.657,33.606,0.109,0.109,0.073,7.812,96.666,5.515,0.51,0,5.528,5.531,NA,33
"5/26/2022 5:59:40 AM",12.22,29.987,50.761,80.849,72855.1,1033.658,33.606,0.117,0.117,0.073,7.81,96.538,5.508,1.104,0,5.521,5.524,NA,33
"5/26/2022 5:59:41 AM",12.291,29.988,50.758,80.846,72851.5,1033.656,33.603,0.109,0.109,0,7.811,96.722,5.519,1.189,0,5.531,5.535,NA,33
"5/26/2022 5:59:41 AM",12.35,29.987,50.755,80.841,72848.5,1033.654,33.602,0.109,0.109,0.015,7.813,96.643,5.514,1.189,0,5.527,5.53,NA,33
"5/26/2022 5:59:41 AM",12.362,29.987,50.753,80.838,72845.2,1033.652,33.6,0.117,0.117,0.029,7.815,96.698,5.518,1.104,0,5.53,5.534,NA,33
"5/26/2022 5:59:41 AM",12.352,29.987,50.752,80.837,72844.7,1033.652,33.599,0.101,0.101,0.044,7.813,96.714,5.519,1.104,0,5.531,5.534,NA,33
"5/26/2022 5:59:42 AM",12.275,29.987,50.749,80.833,72840.9,1033.649,33.597,0.109,0.109,0.029,7.812,96.678,5.517,1.104,0,5.529,5.532,NA,33
"5/26/2022 5:59:42 AM",12.199,29.987,50.747,80.829,72837.5,1033.647,33.595,0.109,0.109,0.015,7.813,96.673,5.517,1.104,0,5.529,5.532,NA,33
"5/26/2022 5:59:42 AM",12.086,29.987,50.746,80.827,72836.6,1033.646,33.595,0.125,0.125,0.073,7.814,96.543,5.509,1.104,0,5.521,5.525,NA,33
"5/26/2022 5:59:42 AM",11.9,29.986,50.745,80.825,72835.5,1033.645,33.594,0.117,0.117,0.073,7.815,96.765,5.522,1.189,0,5.534,5.538,NA,33
"5/26/2022 5:59:42 AM",11.537,29.986,50.742,80.82,72831.2,1033.641,33.592,0.109,0.109,0.044,7.815,96.722,5.52,1.189,0,5.532,5.535,NA,33
"5/26/2022 5:59:43 AM",11.28,29.985,50.74,80.817,72829.9,1033.639,33.591,0.109,0.109,0.029,7.815,96.692,5.518,1.189,0,5.53,5.534,NA,33
"5/26/2022 5:59:43 AM",11.043,29.985,50.741,80.817,72829.9,1033.638,33.591,0.125,0.125,0.058,7.813,96.739,5.521,1.189,0,5.533,5.536,NA,33
"5/26/2022 5:59:43 AM",10.842,29.985,50.737,80.811,72824.8,1033.634,33.588,0.117,0.117,0.058,7.814,96.692,5.518,1.274,0,5.53,5.534,NA,33
"5/26/2022 5:59:43 AM",10.677,29.984,50.735,80.808,72822.7,1033.633,33.587,0.109,0.109,0.044,7.813,96.691,5.518,1.189,0,5.53,5.534,NA,33
"5/26/2022 5:59:43 AM",10.468,29.984,50.732,80.803,72819.4,1033.63,33.585,0.117,0.117,0.044,7.813,96.743,5.521,1.189,0,5.533,5.537,NA,33
"5/26/2022 5:59:44 AM",10.343,29.985,50.732,80.805,72819,1033.629,33.585,0.125,0.125,0.058,7.814,96.724,5.52,1.189,0,5.533,5.536,NA,33
"5/26/2022 5:59:44 AM",10.246,29.985,50.73,80.803,72816.5,1033.627,33.583,0.133,0.133,0.044,7.813,96.802,5.524,1.274,0,5.537,5.54,NA,33
"5/26/2022 5:59:44 AM",10.155,29.986,50.729,80.802,72814.2,1033.625,33.582,0.187,0.187,0.073,7.812,96.641,5.515,1.274,0,5.527,5.531,NA,33
"5/26/2022 5:59:44 AM",10.063,29.986,50.725,80.797,72809.7,1033.622,33.579,0.117,0.117,0.044,7.812,96.741,5.521,1.274,0,5.533,5.537,NA,33
"5/26/2022 5:59:44 AM",10.027,29.987,50.722,80.794,72806.2,1033.619,33.577,0.125,0.125,0.044,7.813,96.645,5.516,1.274,0,5.528,5.531,NA,33
"5/26/2022 5:59:45 AM",10.02,29.986,50.722,80.793,72806,1033.619,33.577,0.125,0.125,0.015,7.814,96.722,5.52,1.274,0,5.532,5.536,NA,33
"5/26/2022 5:59:45 AM",10.016,29.987,50.72,80.79,72803.3,1033.618,33.575,0.125,0.125,0.044,7.814,96.691,5.519,1.274,0,5.531,5.534,NA,33
"5/26/2022 5:59:45 AM",9.996,29.987,50.719,80.79,72802.8,1033.617,33.575,0.117,0.117,0.058,7.812,96.653,5.516,1.274,0,5.529,5.532,NA,33
"5/26/2022 5:59:45 AM",9.91,29.986,50.719,80.789,72802.2,1033.617,33.574,0.117,0.117,0.044,7.814,96.617,5.514,1.274,0,5.526,5.53,NA,33
"5/26/2022 5:59:45 AM",9.858,29.986,50.715,80.783,72797.5,1033.613,33.572,0.125,0.125,0.044,7.812,96.65,5.516,1.274,0,5.528,5.532,NA,33
"5/26/2022 5:59:46 AM",9.785,29.987,50.713,80.781,72794.9,1033.612,33.57,0.187,0.187,0.102,7.813,96.627,5.515,1.274,0,5.527,5.531,NA,33
"5/26/2022 5:59:46 AM",9.693,29.987,50.713,80.78,72794.5,1033.611,33.57,0.156,0.156,0.073,7.811,96.606,5.514,1.274,0,5.526,5.529,NA,33
"5/26/2022 5:59:46 AM",9.519,29.986,50.711,80.777,72791.9,1033.609,33.568,0.125,0.125,0.044,7.809,96.602,5.513,1.274,0,5.526,5.529,NA,33
"5/26/2022 5:59:46 AM",9.37,29.986,50.709,80.774,72789.7,1033.607,33.567,0.117,0.117,0.015,7.81,96.675,5.518,1.274,0,5.53,5.534,NA,33
"5/26/2022 5:59:46 AM",9.207,29.986,50.706,80.77,72785.9,1033.604,33.565,0.117,0.117,0.058,7.812,96.677,5.518,1.274,0,5.53,5.534,NA,33
"5/26/2022 5:59:47 AM",9.028,29.986,50.706,80.769,72785.2,1033.603,33.564,0.117,0.117,0.058,7.811,96.448,5.505,1.274,0,5.517,5.521,NA,33
"5/26/2022 5:59:47 AM",8.842,29.986,50.704,80.766,72783,1033.601,33.563,0.133,0.133,0.044,7.813,96.568,5.512,1.274,0,5.524,5.528,NA,33
"5/26/2022 5:59:47 AM",8.544,29.986,50.703,80.765,72781.3,1033.599,33.562,0.164,0.164,0.073,7.813,96.691,5.519,1.274,0,5.531,5.535,NA,33
"5/26/2022 5:59:47 AM",8.357,29.986,50.7,80.761,72777.9,1033.596,33.56,0.125,0.125,0.073,7.812,96.639,5.516,1.274,0,5.528,5.532,NA,33
"5/26/2022 5:59:47 AM",8.192,29.986,50.698,80.758,72775.6,1033.594,33.559,0.125,0.125,0.044,7.813,96.584,5.513,1.274,0,5.525,5.529,NA,33
"5/26/2022 5:59:48 AM",8.072,29.985,50.696,80.755,72773.2,1033.592,33.558,0.117,0.117,0,7.814,96.719,5.521,1.274,0,5.533,5.537,NA,33
"5/26/2022 5:59:48 AM",7.933,29.985,50.693,80.749,72768.6,1033.589,33.555,0.117,0.117,0.015,7.813,96.7,5.519,1.189,0,5.532,5.535,NA,33
"5/26/2022 5:59:48 AM",7.863,29.986,50.691,80.748,72766.9,1033.587,33.554,0.125,0.125,0.029,7.811,96.628,5.516,1.189,0,5.528,5.531,NA,33
"5/26/2022 5:59:48 AM",7.797,29.986,50.687,80.743,72761.7,1033.584,33.551,0.125,0.125,0.015,7.814,96.63,5.516,1.189,0,5.528,5.532,NA,33
"5/26/2022 5:59:48 AM",7.728,29.985,50.687,80.741,72761,1033.583,33.55,0.133,0.133,0.044,7.814,96.611,5.515,1.189,0,5.527,5.531,NA,33
"5/26/2022 5:59:49 AM",7.669,29.985,50.685,80.738,72758.7,1033.582,33.549,0.117,0.117,0.044,7.812,96.599,5.514,1.189,0,5.527,5.53,NA,33
"5/26/2022 5:59:49 AM",7.634,29.985,50.683,80.736,72756.4,1033.58,33.548,0.125,0.125,0.044,7.814,96.623,5.516,1.189,0,5.528,5.532,NA,33
"5/26/2022 5:59:49 AM",7.65,29.985,50.68,80.732,72752.6,1033.578,33.545,0.117,0.117,0.073,7.812,96.567,5.513,1.274,0,5.525,5.528,NA,33
"5/26/2022 5:59:49 AM",7.665,29.985,50.679,80.731,72752,1033.577,33.545,0.117,0.117,0.073,7.812,96.577,5.513,1.274,0,5.526,5.529,NA,33
"5/26/2022 5:59:49 AM",7.679,29.986,50.68,80.733,72752.9,1033.578,33.545,0.109,0.109,0.044,7.81,96.653,5.518,1.274,0,5.53,5.533,NA,33
"5/26/2022 5:59:50 AM",7.646,29.986,50.676,80.727,72747.5,1033.575,33.542,0.109,0.109,0.029,7.812,96.672,5.519,1.274,0,5.531,5.535,NA,33
"5/26/2022 5:59:50 AM",7.604,29.985,50.677,80.727,72748.8,1033.575,33.543,0.117,0.117,0.044,7.814,96.545,5.511,1.274,0,5.524,5.527,NA,33
"5/26/2022 5:59:50 AM",7.544,29.985,50.676,80.726,72747.6,1033.574,33.542,0.117,0.117,0.058,7.814,96.575,5.513,1.274,0,5.526,5.529,NA,33
"5/26/2022 5:59:50 AM",7.476,29.985,50.673,80.722,72744.5,1033.572,33.54,0.117,0.117,0.073,7.814,96.715,5.521,1.274,0,5.534,5.537,NA,33
"5/26/2022 5:59:50 AM",7.387,29.985,50.672,80.721,72742.9,1033.571,33.539,0.117,0.117,0.044,7.813,96.538,5.511,1.274,0,5.524,5.527,NA,33
"5/26/2022 5:59:51 AM",7.272,29.986,50.669,80.717,72738.7,1033.568,33.537,0.125,0.125,0.044,7.812,96.618,5.516,1.274,0,5.528,5.532,NA,33
"5/26/2022 5:59:51 AM",7.206,29.985,50.668,80.715,72738,1033.567,33.537,0.117,0.117,0.029,7.81,96.72,5.522,1.274,0,5.534,5.537,NA,33
"5/26/2022 5:59:51 AM",7.17,29.985,50.667,80.714,72736.2,1033.566,33.535,0.125,0.125,0.058,7.809,96.648,5.517,1.274,0,5.53,5.533,NA,33
"5/26/2022 5:59:51 AM",7.159,29.985,50.666,80.712,72735.4,1033.565,33.535,0.125,0.125,0.044,7.808,96.696,5.52,1.274,0,5.533,5.536,NA,33
"5/26/2022 5:59:52 AM",7.102,29.986,50.663,80.709,72731.5,1033.563,33.532,0.109,0.109,0.044,7.81,96.653,5.518,1.274,0,5.531,5.534,NA,33
"5/26/2022 5:59:52 AM",7.01,29.985,50.662,80.707,72730.5,1033.562,33.532,0.117,0.117,0.073,7.813,96.634,5.517,1.359,0,5.529,5.533,NA,33
"5/26/2022 5:59:52 AM",6.871,29.985,50.66,80.705,72728,1033.56,33.53,0.117,0.117,0.087,7.814,96.648,5.518,1.359,0,5.53,5.534,NA,33
"5/26/2022 5:59:52 AM",6.704,29.985,50.658,80.701,72725.3,1033.557,33.529,0.125,0.125,0.058,7.813,96.658,5.518,1.359,0,5.531,5.534,NA,33
"5/26/2022 5:59:52 AM",6.523,29.985,50.659,80.701,72725.8,1033.557,33.529,0.125,0.125,0.044,7.814,96.646,5.518,1.359,0,5.53,5.533,NA,33
"5/26/2022 5:59:53 AM",6.254,29.984,50.667,80.712,72736.4,1033.563,33.536,0.117,0.117,0.029,7.812,96.716,5.521,1.359,0,5.534,5.537,NA,33
"5/26/2022 5:59:53 AM",6.091,29.984,50.664,80.708,72732,1033.559,33.533,0.101,0.101,0.029,7.812,96.696,5.52,1.444,0,5.533,5.536,NA,33
"5/26/2022 5:59:53 AM",5.953,29.985,50.661,80.704,72728.4,1033.556,33.531,0.109,0.109,0.029,7.813,96.673,5.519,1.444,0,5.532,5.535,NA,33
"5/26/2022 5:59:53 AM",5.82,29.984,50.659,80.701,72726.4,1033.555,33.53,0.117,0.117,0.015,7.813,96.708,5.521,1.444,0,5.534,5.537,NA,33
"5/26/2022 5:59:53 AM",5.703,29.984,50.658,80.699,72724.2,1033.553,33.529,0.109,0.109,0.029,7.813,96.595,5.515,1.444,0,5.527,5.531,NA,33
"5/26/2022 5:59:54 AM",5.531,29.985,50.656,80.697,72722.1,1033.551,33.527,0.109,0.109,0.044,7.811,96.651,5.518,1.444,0,5.53,5.534,NA,33
"5/26/2022 5:59:54 AM",5.423,29.985,50.655,80.695,72720.2,1033.549,33.526,0.117,0.117,0.058,7.81,96.582,5.514,1.444,0,5.527,5.53,NA,33
"5/26/2022 5:59:54 AM",5.335,29.985,50.653,80.693,72717.5,1033.547,33.525,0.133,0.133,0.044,7.81,96.599,5.515,1.529,0,5.528,5.531,NA,33
"5/26/2022 5:59:54 AM",5.276,29.984,50.652,80.691,72716.8,1033.547,33.524,0.117,0.117,0.044,7.809,96.701,5.521,1.444,0,5.533,5.537,NA,33
"5/26/2022 5:59:54 AM",5.276,29.985,50.65,80.688,72713.8,1033.545,33.522,0.125,0.125,0.058,7.809,96.71,5.522,1.444,0,5.534,5.537,NA,33
"5/26/2022 5:59:55 AM",5.314,29.986,50.648,80.687,72711.8,1033.544,33.521,0.117,0.117,0.029,7.808,96.598,5.515,1.444,0,5.528,5.531,NA,33
"5/26/2022 5:59:55 AM",5.376,29.986,50.646,80.685,72709.6,1033.542,33.52,0.109,0.109,0.029,7.811,96.655,5.519,1.444,0,5.531,5.535,NA,33
"5/26/2022 5:59:55 AM",5.444,29.985,50.647,80.685,72710.2,1033.543,33.52,0.101,0.101,0.029,7.812,96.572,5.514,1.444,0,5.526,5.53,NA,33
"5/26/2022 5:59:55 AM",5.482,29.986,50.645,80.684,72708.4,1033.542,33.519,0.14,0.14,0.073,7.811,96.711,5.522,1.444,0,5.534,5.538,NA,33
"5/26/2022 5:59:55 AM",5.515,29.986,50.645,80.683,72707.9,1033.542,33.518,0.109,0.109,0.029,7.814,96.694,5.521,1.529,0,5.533,5.537,NA,33
"5/26/2022 5:59:56 AM",5.561,29.986,50.643,80.68,72705,1033.54,33.517,0.109,0.109,0.029,7.812,96.699,5.521,1.529,0,5.534,5.537,NA,33
"5/26/2022 5:59:56 AM",5.59,29.984,50.645,80.681,72708.3,1033.543,33.519,0.109,0.109,0.029,7.814,96.817,5.528,1.529,0,5.54,5.544,NA,33
"5/26/2022 5:59:56 AM",5.562,29.984,50.642,80.677,72704.7,1033.541,33.517,0.101,0.101,0.029,7.812,96.668,5.519,1.529,0,5.532,5.535,NA,33
"5/26/2022 5:59:56 AM",5.453,29.985,50.641,80.676,72703.4,1033.539,33.516,0.117,0.117,0.029,7.812,96.7,5.521,1.614,0,5.533,5.537,NA,33
"5/26/2022 5:59:56 AM",5.316,29.985,50.64,80.675,72701.9,1033.538,33.515,0.117,0.117,0.015,7.814,96.745,5.524,1.614,0,5.536,5.54,NA,33
"5/26/2022 5:59:57 AM",5.143,29.985,50.639,80.673,72700.3,1033.536,33.514,0.109,0.109,0.044,7.813,96.671,5.52,1.699,0,5.532,5.536,NA,33
"5/26/2022 5:59:57 AM",4.999,29.984,50.638,80.672,72699.5,1033.535,33.514,0.117,0.117,0.058,7.814,96.623,5.517,1.699,0,5.529,5.533,NA,33
"5/26/2022 5:59:57 AM",4.772,29.985,50.635,80.668,72695.6,1033.532,33.511,0.109,0.109,0.044,7.812,96.612,5.516,1.699,0,5.529,5.532,NA,33
"5/26/2022 5:59:57 AM",4.624,29.985,50.634,80.667,72694.6,1033.531,33.511,0.117,0.117,0.058,7.813,96.696,5.521,1.784,0,5.533,5.537,NA,33
"5/26/2022 5:59:57 AM",4.467,29.985,50.633,80.666,72693.2,1033.529,33.51,0.125,0.125,0.044,7.813,96.638,5.518,1.784,0,5.53,5.534,NA,33
"5/26/2022 5:59:58 AM",4.346,29.985,50.631,80.662,72690.2,1033.527,33.508,0.109,0.109,0.058,7.811,96.61,5.516,1.784,0,5.529,5.532,NA,33
"5/26/2022 5:59:58 AM",4.235,29.984,50.629,80.658,72687.3,1033.525,33.507,0.125,0.125,0.044,7.812,96.585,5.515,1.869,0,5.527,5.531,NA,33
"5/26/2022 5:59:58 AM",4.023,29.984,50.626,80.653,72683.3,1033.522,33.505,0.125,0.125,0.044,7.814,96.6,5.516,1.869,0,5.528,5.532,NA,33
"5/26/2022 5:59:58 AM",3.838,29.983,50.625,80.65,72682.7,1033.521,33.505,0.117,0.117,0.058,7.812,96.684,5.521,1.869,0,5.533,5.536,NA,33
"5/26/2022 5:59:58 AM",3.628,29.984,50.623,80.649,72680.4,1033.518,33.503,0.109,0.109,0.029,7.809,96.716,5.523,1.954,0,5.535,5.539,NA,33
"5/26/2022 5:59:59 AM",3.426,29.984,50.619,80.644,72675.5,1033.515,33.5,0.101,0.101,0.044,7.814,96.642,5.519,1.954,0,5.531,5.534,NA,33
"5/26/2022 5:59:59 AM",3.258,29.983,50.617,80.639,72672,1033.512,33.498,0.109,0.109,0.044,7.815,96.679,5.52,1.954,0,5.533,5.536,NA,33
"5/26/2022 5:59:59 AM",3.051,29.983,50.611,80.631,72664.8,1033.507,33.494,0.109,0.109,0.058,7.815,96.659,5.52,1.954,0,5.532,5.536,NA,33
"5/26/2022 5:59:59 AM",2.948,29.983,50.609,80.629,72663,1033.505,33.493,0.109,0.109,0.044,7.816,96.615,5.517,2.039,0,5.53,5.533,NA,33
"5/26/2022 5:59:59 AM",2.869,29.983,50.607,80.625,72659.9,1033.503,33.491,0.117,0.117,0.015,7.818,96.598,5.517,1.954,0,5.529,5.532,NA,33
"5/26/2022 6:00:00 AM",2.844,29.983,50.605,80.623,72657.9,1033.502,33.49,0.133,0.133,0.058,7.816,96.615,5.518,1.954,0,5.53,5.533,NA,33
"5/26/2022 6:00:00 AM",2.889,29.981,50.604,80.618,72656.1,1033.501,33.489,0.125,0.125,0.073,7.814,96.79,5.528,1.784,0,5.54,5.543,NA,33
"5/26/2022 6:00:00 AM",2.969,29.98,50.603,80.615,72654.8,1033.501,33.489,0.117,0.117,0.058,7.814,96.678,5.521,1.784,0,5.534,5.537,NA,33
"5/26/2022 6:00:00 AM",3.039,29.979,50.603,80.615,72655.5,1033.502,33.489,0.117,0.117,0.044,7.814,96.624,5.518,1.869,0,5.531,5.534,NA,33
"5/26/2022 6:00:00 AM",3.053,29.98,50.599,80.61,72650.8,1033.499,33.486,0.109,0.109,0.029,7.815,96.614,5.518,1.869,0,5.53,5.533,NA,33
"5/26/2022 6:00:01 AM",2.966,29.98,50.599,80.61,72650.3,1033.498,33.486,0.117,0.117,0.058,7.813,96.634,5.519,1.954,0,5.531,5.535,NA,33
"5/26/2022 6:00:01 AM",2.849,29.98,50.599,80.609,72650,1033.498,33.486,0.117,0.117,0.058,7.814,96.607,5.517,2.039,0,5.53,5.533,NA,33
"5/26/2022 6:00:01 AM",2.681,29.979,50.598,80.606,72648.4,1033.496,33.485,0.109,0.109,0.044,7.814,96.556,5.515,2.124,0,5.527,5.53,NA,33
"5/26/2022 6:00:01 AM",2.502,29.979,50.598,80.608,72649.3,1033.496,33.486,0.109,0.109,0.029,7.813,96.706,5.523,2.124,0,5.535,5.539,NA,33
"5/26/2022 6:00:02 AM",2.318,29.979,50.597,80.605,72647.4,1033.495,33.485,0.109,0.109,0,7.813,96.721,5.524,2.209,0,5.537,5.54,NA,33
"5/26/2022 6:00:02 AM",2.052,29.979,50.591,80.597,72640.1,1033.489,33.48,0.14,0.14,0.044,7.812,96.724,5.524,2.379,0,5.537,5.54,NA,33
"5/26/2022 6:00:02 AM",1.918,29.978,50.588,80.591,72635.8,1033.486,33.478,0.117,0.117,0.044,7.813,96.702,5.523,2.379,0,5.536,5.539,NA,33
"5/26/2022 6:00:02 AM",1.819,29.977,50.581,80.579,72627.4,1033.481,33.473,0.109,0.109,0,7.813,96.569,5.516,2.379,0,5.528,5.532,NA,33
"5/26/2022 6:00:02 AM",1.754,29.975,50.583,80.58,72630.4,1033.483,33.476,0.125,0.125,0.015,7.814,96.694,5.523,2.549,0,5.535,5.539,NA,33
"5/26/2022 6:00:03 AM",1.706,29.975,50.577,80.572,72623.2,1033.478,33.471,0.109,0.109,0.029,7.815,96.64,5.52,2.549,0,5.532,5.536,NA,33
"5/26/2022 6:00:03 AM",1.695,29.975,50.575,80.568,72620.1,1033.477,33.469,0.429,0.429,0.102,7.814,96.69,5.523,2.634,0,5.536,5.539,NA,33
"5/26/2022 6:00:03 AM",1.681,29.975,50.573,80.566,72617.6,1033.475,33.468,0.187,0.187,0.029,7.813,96.73,5.526,2.804,0,5.538,5.541,NA,33
"5/26/2022 6:00:03 AM",1.652,29.975,50.57,80.561,72613.6,1033.472,33.465,0.125,0.125,0.029,7.809,96.641,5.52,2.889,0,5.533,5.536,NA,33
"5/26/2022 6:00:03 AM",1.593,29.974,50.563,80.551,72606.1,1033.468,33.461,0.101,0.101,0.029,7.812,96.616,5.519,3.059,0,5.532,5.535,NA,33
"5/26/2022 6:00:04 AM",1.463,29.969,50.569,80.552,72614,1033.474,33.467,0.117,0.117,0.029,7.811,96.617,5.519,3.144,0,5.532,5.535,NA,33
"5/26/2022 6:00:04 AM",1.351,29.97,50.567,80.549,72610.6,1033.471,33.465,0.117,0.117,0,7.81,96.665,5.522,3.228,0,5.534,5.538,NA,33
"5/26/2022 6:00:04 AM",1.226,29.97,50.561,80.543,72603.7,1033.466,33.461,0.117,0.117,0.058,7.81,96.639,5.521,3.228,0,5.533,5.536,NA,33
"5/26/2022 6:00:04 AM",1.11,29.972,50.558,80.54,72598.6,1033.462,33.457,0.117,0.117,0.029,7.811,96.602,5.519,3.228,0,5.531,5.535,NA,33
"5/26/2022 6:00:04 AM",0.96,29.974,50.55,80.532,72588.5,1033.455,33.451,0.117,0.117,0.044,7.812,96.627,5.521,3.313,0,5.533,5.536,NA,33
"5/26/2022 6:00:05 AM",0.896,29.974,50.544,80.525,72581.6,1033.45,33.446,0.133,0.133,0.015,7.809,96.597,5.519,3.398,0,5.531,5.535,NA,33
"5/26/2022 6:00:05 AM",0.849,29.974,50.538,80.515,72573.7,1033.445,33.442,0.125,0.125,0.015,7.812,96.605,5.52,3.483,0,5.532,5.535,NA,33
"5/26/2022 6:00:05 AM",0.816,29.974,50.534,80.51,72569.4,1033.443,33.439,0.133,0.133,0.029,7.813,96.614,5.52,3.483,0,5.533,5.536,NA,33
"5/26/2022 6:00:05 AM",0.795,29.973,50.531,80.506,72565.7,1033.44,33.437,0.133,0.133,0.029,7.813,96.624,5.521,3.568,0,5.533,5.537,NA,33
"5/26/2022 6:00:05 AM",0.748,29.974,50.526,80.499,72559.1,1033.436,33.433,0.125,0.125,0.029,7.812,96.58,5.519,3.993,0,5.531,5.534,NA,33
"5/26/2022 6:00:06 AM",0.7,29.973,50.524,80.495,72556.6,1033.434,33.431,0.133,0.133,0.029,7.813,96.63,5.521,4.078,0,5.534,5.537,NA,33
"5/26/2022 6:00:06 AM",0.607,29.973,50.521,80.491,72553.4,1033.432,33.43,0.125,0.125,0.073,7.813,96.659,5.523,3.823,0,5.536,5.539,NA,33
"5/26/2022 6:00:06 AM",0.472,29.973,50.518,80.486,72548.5,1033.429,33.427,0.133,0.133,0.058,7.813,96.685,5.525,3.653,0,5.537,5.541,NA,33
"5/26/2022 6:00:06 AM",0.256,29.973,50.511,80.476,72540.2,1033.423,33.422,0.14,0.14,0.102,7.81,96.57,5.519,4.078,0,5.531,5.534,NA,33
"5/26/2022 6:00:06 AM",0.119,29.975,50.491,80.452,72515.3,1033.407,33.406,0.133,0.133,0.073,7.81,96.652,5.523,4.078,0,5.536,5.539,NA,33
"5/26/2022 6:00:07 AM",0.009,29.977,50.484,80.444,72505.5,1033.4,33.4,0.133,0.133,0.044,7.811,96.749,5.529,5.098,0,5.542,5.545,NA,33
"5/26/2022 6:00:07 AM",0,29.98,50.463,80.42,72479.4,1033.383,33.383,0.148,0.148,0.626,7.811,96.644,5.524,5.098,0,5.536,5.54,NA,33
"5/26/2022 6:00:07 AM",0,29.982,50.449,80.404,72461.5,1033.371,33.371,0.179,0.179,0.539,7.81,96.797,5.533,6.032,0,5.545,5.549,NA,33
"5/26/2022 6:00:07 AM",0,29.996,50.457,80.436,72470.5,1033.372,33.373,0.64,0.64,1.486,7.811,96.611,5.522,6.202,0,5.534,5.538,NA,33
"5/26/2022 6:00:07 AM",0,30.017,50.483,80.502,72499.3,1033.384,33.384,0.429,0.429,0.859,7.811,96.792,5.531,6.712,0,5.543,5.547,NA,33
"5/26/2022 6:00:08 AM",0,30.037,50.508,80.567,72529.1,1033.396,33.397,0.359,0.359,0.684,7.809,96.93,5.537,6.882,0,5.549,5.553,NA,33
"5/26/2022 6:00:08 AM",0,30.066,50.545,80.66,72571.6,1033.414,33.414,0.343,0.343,1.209,7.809,96.962,5.536,6.627,0,5.549,5.552,NA,33
"5/26/2022 6:00:08 AM",0,30.14,50.465,80.657,72462.5,1033.326,33.326,0.304,0.304,0.583,7.811,97.162,5.547,6.967,0,5.559,5.563,NA,33
"5/26/2022 6:00:08 AM",0,30.16,50.382,80.571,72357.2,1033.256,33.257,0.218,0.218,0.466,7.809,97.114,5.545,7.222,0,5.557,5.561,NA,33
"5/26/2022 6:00:08 AM",0,30.157,50.348,80.519,72315.3,1033.231,33.232,0.601,0.601,0.393,7.81,96.935,5.535,7.307,0,5.547,5.551,NA,33
"5/26/2022 6:00:09 AM",0,30.112,50.448,80.593,72445.6,1033.324,33.324,0.413,0.413,0.451,7.81,96.794,5.525,7.392,0,5.537,5.541,NA,33
"5/26/2022 6:00:09 AM",0,30.077,2.65,5.464,4915.3,997.604,0,0.328,0.328,0.786,7.814,96.718,7.178,7.392,0,7.199,7.199,NA,33
"5/26/2022 6:00:09 AM",0,30.062,1.061,2.301,2070.4,996.424,0,139.002,139.002,36.119,7.815,96.864,7.253,7.731,0,7.274,7.274,NA,33
"5/26/2022 6:00:09 AM",0,29.996,0.872,1.905,1716.4,996.302,0,79.326,79.326,74.114,7.811,96.888,7.263,7.816,0,7.284,7.284,NA,33
"5/26/2022 6:00:09 AM",0,29.887,0.76,1.669,1506.6,996.252,0,69.083,69.083,159.278,7.81,96.882,7.267,8.071,0,7.288,7.288,NA,33
"5/26/2022 6:00:10 AM",0,29.711,0.7,1.537,1392.5,996.26,0,104.132,104.132,100.666,7.81,96.704,7.256,8.496,0,7.277,7.277,NA,33
"5/26/2022 6:00:10 AM",0,29.425,0.611,1.342,1222.6,996.279,0,473.973,473.973,185.535,7.814,96.495,7.245,8.921,0,7.266,7.266,NA,33
"5/26/2022 6:00:10 AM",0,29.297,0.576,1.265,1155.7,996.291,0,506.05,506.05,249.592,7.815,96.327,7.234,9.176,0,7.255,7.255,NA,33
"5/26/2022 6:00:10 AM",0,29.136,0.562,1.23,1127.3,996.327,0,219.583,219.583,113.975,7.815,96.215,7.227,9.346,0,7.248,7.248,NA,33
"5/26/2022 6:00:10 AM",0,28.942,0.55,1.201,1105.6,996.376,0,191.423,191.423,146.596,7.815,95.913,7.205,9.346,0,7.226,7.226,NA,33
"5/26/2022 6:00:11 AM",0,28.765,0.529,1.153,1064.8,996.412,0,97.806,97.806,166.025,7.813,95.046,7.142,9.431,0,7.163,7.163,NA,33
"5/26/2022 6:00:11 AM",0,28.434,0.5,1.084,1008.2,996.486,0,113.041,113.041,166.188,7.81,94.291,7.087,8.666,0,7.107,7.108,NA,33
"5/26/2022 6:00:11 AM",0,28.221,0.49,1.059,989,996.54,0,128.861,128.861,78.374,7.81,94.238,7.086,8.496,0,7.107,7.107,NA,33
"5/26/2022 6:00:11 AM",0,28.043,0.471,1.017,953.4,996.577,0,142.067,142.067,50.022,7.809,95.038,7.15,8.071,0,7.171,7.171,NA,33
"5/26/2022 6:00:12 AM",0,27.955,0.454,0.979,919.6,996.589,0,41.89,41.89,22.243,7.809,95.056,7.155,8.156,0,7.176,7.176,NA,33
"5/26/2022 6:00:12 AM",0,27.861,0.431,0.93,875.2,996.599,0,15.843,15.843,18.055,7.808,94.596,7.127,8.326,0,7.148,7.148,NA,33
"5/26/2022 6:00:12 AM",0,27.647,0.419,0.902,851.9,996.65,0,15.172,15.172,19.001,7.807,94.383,7.117,8.836,0,7.137,7.137,NA,33
"5/26/2022 6:00:12 AM",0,27.433,0.402,0.862,818.3,996.697,0,27.381,27.381,37.768,7.808,94.449,7.126,9.091,0,7.147,7.147,NA,33
"5/26/2022 6:00:12 AM",0,27.472,0.393,0.844,800,996.679,0,58.131,58.131,32.886,7.806,94.664,7.145,9.431,0,7.166,7.166,NA,33
"5/26/2022 6:00:13 AM",0,27.433,0.37,0.795,754.9,996.673,0,59.738,59.738,21.947,7.804,94.629,7.148,9.685,0,7.168,7.168,NA,33
"5/26/2022 6:00:13 AM",0,27.464,0.378,0.812,770.5,996.67,0,42.358,42.358,21.428,7.803,94.626,7.151,10.11,0,7.171,7.171,NA,33
"5/26/2022 6:00:13 AM",0,27.524,0.358,0.77,729.9,996.638,0,24.955,24.955,12.159,7.802,94.471,7.145,10.28,0,7.166,7.166,NA,33
"5/26/2022 6:00:13 AM",0,27.609,0.354,0.764,722.5,996.611,0,56.758,56.758,60.099,7.8,94.555,7.158,10.025,0,7.178,7.178,NA,33
"5/26/2022 6:00:13 AM",0,27.599,0.353,0.761,720.1,996.613,0,44.846,44.846,81.996,7.8,94.53,7.161,9.77,0,7.181,7.182,NA,33
"5/26/2022 6:00:14 AM",0,27.573,0.389,0.837,791.9,996.648,0,25.789,25.789,29.17,7.798,94.279,7.148,9.261,0,7.169,7.169,NA,33
"5/26/2022 6:00:14 AM",0,27.596,0.364,0.785,743,996.623,0,6.872,6.872,7.097,7.797,94.05,7.14,8.326,0,7.16,7.16,NA,33
"5/26/2022 6:00:14 AM",0,27.587,0.38,0.818,773.8,996.637,0,1.287,1.287,0.029,7.797,94.114,7.149,7.222,0,7.169,7.169,NA,33
"5/26/2022 6:00:14 AM",0,27.401,0.507,1.077,1022.7,996.785,0,0,0,0,7.796,93.924,7.132,5.862,0,7.153,7.153,NA,33
"5/26/2022 6:00:14 AM",0,27.163,0.718,1.499,1431,997.01,0,0.179,0.179,0,7.795,93.764,7.114,5.183,0,7.134,7.135,NA,33
"5/26/2022 6:00:15 AM",0,26.942,0.581,1.218,1167.9,996.968,0,0.905,0.905,1.763,7.793,93.408,7.095,6.202,0,7.115,7.115,NA,33
"5/26/2022 6:00:15 AM",0,26.746,0.479,1.008,970.4,996.945,0,0.569,0.569,1.078,7.793,93.044,7.072,7.137,0,7.092,7.092,NA,33
"5/26/2022 6:00:15 AM",0,26.521,0.452,0.947,916.5,996.985,0,0.172,0.172,0.349,7.792,92.852,7.059,7.646,0,7.079,7.079,NA,33
"5/26/2022 6:00:15 AM",0,26.363,0.421,0.881,855.7,997.005,0,0,0,0.888,7.792,92.797,7.057,7.986,0,7.077,7.077,NA,33
"5/26/2022 6:00:15 AM",0,26.324,0.372,0.783,760.5,996.979,0,0.671,0.671,6.291,7.79,93.144,7.087,8.326,0,7.107,7.107,NA,33
"5/26/2022 6:00:16 AM",0,26.48,0.35,0.74,716.5,996.92,0,0.858,0.858,6.833,7.791,93.548,7.119,7.646,0,7.139,7.139,NA,33
"5/26/2022 6:00:16 AM",0,26.632,0.338,0.716,691,996.869,0,1.662,1.662,5.37,7.79,93.797,7.139,7.307,0,7.16,7.16,NA,33
"5/26/2022 6:00:16 AM",0,26.779,0.317,0.675,649.4,996.813,0,5.726,5.726,13.115,7.793,94.663,7.205,7.307,0,7.225,7.226,NA,33
"5/26/2022 6:00:16 AM",0,28.147,1.707,3.481,3255.8,997.474,0,4.025,4.025,10.455,7.869,94.975,7.166,7.137,0,7.187,7.187,NA,33
"5/26/2022 6:00:16 AM",0,29.564,2.11,4.369,3970.1,997.358,0,2.364,2.364,10.572,7.979,95.385,7.165,6.967,0,7.186,7.186,NA,33
"5/26/2022 6:00:17 AM",0,29.713,2.309,4.768,4320.2,997.461,0,2.13,2.13,10.572,8.025,95.21,7.136,6.882,0,7.156,7.156,NA,33
"5/26/2022 6:00:17 AM",0,29.768,2.397,4.945,4475.3,997.51,0,2.052,2.052,10.543,8.057,95.126,7.119,6.882,0,7.14,7.14,NA,33
"5/26/2022 6:00:17 AM",0,29.792,2.375,4.905,4436.8,997.487,0,2.028,2.028,10.572,8.077,94.932,7.101,7.052,0,7.122,7.121,NA,33
"5/26/2022 6:00:17 AM",0,29.805,2.304,4.768,4311.8,997.43,0,2.02,2.02,10.616,8.101,94.601,7.074,6.967,0,7.095,7.094,NA,33
"5/26/2022 6:00:17 AM",0,29.816,2.399,4.952,4477.5,997.497,0,2.02,2.02,10.69,8.111,94.459,7.058,7.052,0,7.078,7.078,NA,33
"5/26/2022 6:00:18 AM",0,29.819,2.283,4.727,4273.8,997.409,0,1.989,1.989,10.66,8.121,94.519,7.065,7.307,0,7.085,7.085,NA,33
"5/26/2022 6:00:18 AM",0,29.813,2.16,4.487,4057.7,997.32,0,1.981,1.981,10.66,8.131,94.229,7.046,7.392,0,7.066,7.066,NA,33
"5/26/2022 6:00:18 AM",0,29.811,2.2,4.564,4127.5,997.35,0,1.966,1.966,10.719,8.137,94.13,7.036,7.392,0,7.056,7.056,NA,33
"5/26/2022 6:00:18 AM",0,29.808,2.16,4.487,4057.6,997.321,0,1.966,1.966,10.719,8.145,94.141,7.037,7.392,0,7.057,7.057,NA,33
"5/26/2022 6:00:18 AM",0,29.805,2.134,4.435,4011.3,997.303,0,1.966,1.966,10.69,8.151,94.093,7.034,7.392,0,7.054,7.054,NA,33
"5/26/2022 6:00:19 AM",0,29.804,2.108,4.384,3965.3,997.284,0,1.966,1.966,10.66,8.155,93.895,7.019,7.476,0,7.039,7.039,NA,33
"5/26/2022 6:00:19 AM",0,29.799,2.022,4.216,3813.3,997.221,0,2.176,2.176,10.675,8.159,93.885,7.021,7.476,0,7.041,7.041,NA,33
"5/26/2022 6:00:19 AM",0,29.796,2.01,4.191,3790.7,997.213,0,1.989,1.989,10.66,8.164,93.826,7.017,7.392,0,7.037,7.037,NA,33
"5/26/2022 6:00:19 AM",0,29.795,1.932,4.038,3652.4,997.155,0,1.919,1.919,10.616,8.165,93.584,7.001,7.476,0,7.021,7.021,NA,33
"5/26/2022 6:00:19 AM",0,29.801,1.932,4.038,3652.7,997.153,0,1.919,1.919,10.631,8.168,93.567,7,7.731,0,7.02,7.02,NA,33
"5/26/2022 6:00:20 AM",0,29.804,1.986,4.145,3749.2,997.193,0,1.942,1.942,10.807,8.168,93.454,6.989,7.816,0,7.009,7.009,NA,33
"5/26/2022 6:00:20 AM",0,29.799,1.975,4.122,3728,997.186,0,1.95,1.95,10.881,8.17,93.368,6.982,7.901,0,7.003,7.003,NA,33
"5/26/2022 6:00:20 AM",0,29.798,1.992,4.156,3758.8,997.199,0,1.935,1.935,10.69,8.173,93.317,6.978,7.901,0,6.998,6.998,NA,33
"5/26/2022 6:00:20 AM",0,29.8,1.948,4.07,3680.9,997.166,0,1.927,1.927,10.66,8.175,93.206,6.971,7.901,0,6.991,6.991,NA,33
"5/26/2022 6:00:20 AM",0,29.802,1.979,4.13,3735.2,997.188,0,1.935,1.935,10.69,8.175,93.206,6.97,7.901,0,6.99,6.99,NA,33
"5/26/2022 6:00:21 AM",0,29.801,1.9,3.975,3595.6,997.129,0,1.966,1.966,10.675,8.178,93.012,6.958,7.986,0,6.978,6.978,NA,33
"5/26/2022 6:00:21 AM",0,29.802,1.91,3.995,3613.6,997.137,0,1.942,1.942,10.66,8.179,92.851,6.946,7.986,0,6.966,6.966,NA,33
"5/26/2022 6:00:21 AM",0,29.802,1.908,3.99,3608.7,997.135,0,1.95,1.95,10.631,8.182,92.737,6.937,7.986,0,6.957,6.957,NA,33
"5/26/2022 6:00:21 AM",0,29.803,1.893,3.961,3582.3,997.123,0,1.942,1.942,10.675,8.182,92.582,6.926,7.986,0,6.946,6.946,NA,33
"5/26/2022 6:00:22 AM",0,29.802,1.908,3.99,3609.2,997.135,0,1.935,1.935,10.646,8.184,92.489,6.918,8.071,0,6.938,6.938,NA,33
"5/26/2022 6:00:22 AM",0,29.798,1.862,3.9,3527.2,997.102,0,1.935,1.935,10.631,8.181,92.566,6.926,8.071,0,6.946,6.946,NA,33
"5/26/2022 6:00:22 AM",0,29.801,1.696,3.57,3229.4,996.977,0,1.919,1.919,10.675,8.184,92.394,6.92,8.071,0,6.94,6.94,NA,33
"5/26/2022 6:00:22 AM",0,29.803,1.805,3.788,3425.7,997.058,0,1.935,1.935,10.631,8.182,92.333,6.911,8.071,0,6.931,6.931,NA,33
"5/26/2022 6:00:22 AM",0,29.803,1.583,3.346,3025.9,996.892,0,1.942,1.942,10.66,8.181,92.345,6.92,8.071,0,6.94,6.94,NA,33
"5/26/2022 6:00:23 AM",0,29.806,1.594,3.368,3045.9,996.9,0,1.927,1.927,10.646,8.181,92.266,6.914,8.071,0,6.934,6.934,NA,33
"5/26/2022 6:00:23 AM",0,29.805,1.529,3.237,2927.9,996.851,0,1.942,1.942,10.837,8.184,92.193,6.911,8.071,0,6.931,6.931,NA,33
"5/26/2022 6:00:23 AM",0,29.806,1.456,3.091,2795.4,996.796,0,1.927,1.927,10.895,8.179,92.044,6.903,8.071,0,6.923,6.923,NA,33
"5/26/2022 6:00:23 AM",0,29.807,1.457,3.094,2797.6,996.797,0,1.927,1.927,10.734,8.178,92.103,6.906,8.071,0,6.927,6.926,NA,33
"5/26/2022 6:00:23 AM",0,29.806,1.444,3.066,2773.1,996.787,0,1.919,1.919,10.66,8.176,92.006,6.9,8.071,0,6.92,6.92,NA,33
