"Date","Depth..m.","Temp...degC.","Sal.","Cond...mS.cm.","EC25..µS.cm.","Density..kg.m3.","SigmaT","Chl.Flu...ppb.","Chl.a..µg.l.","Turb...FTU.","pH","DO....","Weiss.DO..mg.l.","Quant...µmol..m2.s..","Mark","G.G.DO..mg.l.","B.K.DO..mg.l.","Station"
"5/25/2022 11:46:14 AM",1.585,29.441,48.518,76.961,70111.4,1032.109,32.102,0.039,0.039,0.131,7.57,95.753,5.54,733.122,0,5.553,5.556,21
"5/25/2022 11:46:15 AM",1.611,29.44,48.524,76.969,70119.5,1032.114,32.107,0.086,0.086,0.175,7.572,95.765,5.539,688.178,0,5.552,5.555,21
"5/25/2022 11:46:15 AM",1.645,29.438,48.525,76.967,70121.1,1032.116,32.109,0.047,0.047,0.102,7.573,95.728,5.538,642.384,0,5.551,5.554,21
"5/25/2022 11:46:15 AM",1.705,29.432,48.539,76.978,70139.9,1032.129,32.122,0.031,0.031,0.073,7.575,95.687,5.535,592.258,0,5.548,5.551,21
"5/25/2022 11:46:15 AM",1.726,29.433,48.537,76.977,70137.1,1032.127,32.12,0.039,0.039,0.029,7.579,95.835,5.544,616.216,0,5.557,5.56,21
"5/25/2022 11:46:15 AM",1.679,29.435,48.53,76.971,70128,1032.121,32.113,0.008,0.008,0,7.581,95.796,5.542,662.86,0,5.555,5.558,21
"5/25/2022 11:46:16 AM",1.611,29.435,48.535,76.977,70133.4,1032.123,32.117,0.016,0.016,0.058,7.58,95.765,5.541,633.039,0,5.554,5.557,21
"5/25/2022 11:46:16 AM",1.497,29.435,48.546,76.992,70147.1,1032.131,32.125,0,0,0,7.581,95.688,5.535,712.731,0,5.548,5.551,21
"5/25/2022 11:46:16 AM",1.427,29.437,48.546,76.995,70147.6,1032.131,32.125,0.062,0.062,0.16,7.582,95.87,5.546,768.975,0,5.559,5.562,21
"5/25/2022 11:46:16 AM",1.364,29.438,48.551,77.003,70154.1,1032.134,32.129,0.078,0.078,0.131,7.582,95.72,5.537,653.344,0,5.55,5.553,21
"5/25/2022 11:46:16 AM",1.316,29.437,48.556,77.008,70159.7,1032.138,32.132,0.023,0.023,0.015,7.587,95.799,5.542,602.963,0,5.554,5.557,21
"5/25/2022 11:46:17 AM",1.295,29.436,48.56,77.013,70165.7,1032.142,32.136,0.023,0.023,0.015,7.59,95.795,5.541,633.378,0,5.554,5.557,21
"5/25/2022 11:46:17 AM",1.283,29.436,48.565,77.019,70171,1032.145,32.139,0.031,0.031,0,7.595,95.824,5.542,652.579,0,5.555,5.558,21
"5/25/2022 11:46:17 AM",1.274,29.436,48.567,77.023,70174.3,1032.147,32.141,0.031,0.031,0.058,7.598,95.772,5.54,620.379,0,5.552,5.555,21
"5/25/2022 11:46:17 AM",1.274,29.437,48.572,77.03,70179.7,1032.15,32.144,0.047,0.047,0.073,7.598,95.704,5.536,557.594,0,5.548,5.551,21
"5/25/2022 11:46:17 AM",1.312,29.438,48.577,77.039,70185.9,1032.153,32.148,0.039,0.039,0.058,7.613,95.702,5.535,562.352,0,5.548,5.551,21
"5/25/2022 11:46:18 AM",1.359,29.439,48.58,77.044,70189.9,1032.156,32.15,0.008,0.008,0.058,7.616,95.689,5.534,581.553,0,5.547,5.55,21
"5/25/2022 11:46:18 AM",1.422,29.438,48.586,77.052,70198.1,1032.161,32.155,0.031,0.031,0.044,7.616,95.785,5.54,578.579,0,5.553,5.556,21
"5/25/2022 11:46:18 AM",1.526,29.438,48.59,77.057,70203,1032.164,32.158,0.047,0.047,0.015,7.611,95.776,5.54,547.229,0,5.553,5.556,21
"5/25/2022 11:46:18 AM",1.589,29.437,48.591,77.057,70204.3,1032.166,32.159,0.055,0.055,0.087,7.611,95.8,5.541,501.18,0,5.554,5.557,21
"5/25/2022 11:46:19 AM",1.625,29.438,48.589,77.056,70200.7,1032.163,32.156,0.008,0.008,0,7.607,95.78,5.541,505.853,0,5.554,5.557,21
"5/25/2022 11:46:19 AM",1.643,29.44,48.586,77.054,70197,1032.161,32.154,0.023,0.023,0.044,7.6,95.748,5.54,608.145,0,5.553,5.556,21
"5/25/2022 11:46:19 AM",1.646,29.438,48.591,77.058,70204.1,1032.166,32.159,0.094,0.094,0.189,7.612,95.627,5.532,679.427,0,5.545,5.548,21
"5/25/2022 11:46:19 AM",1.618,29.436,48.597,77.065,70212.3,1032.171,32.164,0.062,0.062,0.116,7.613,95.732,5.538,538.223,0,5.551,5.554,21
"5/25/2022 11:46:19 AM",1.547,29.434,48.603,77.07,70219.7,1032.175,32.169,0.031,0.031,0.029,7.618,95.757,5.539,548.673,0,5.552,5.555,21
"5/25/2022 11:46:20 AM",1.486,29.434,48.607,77.075,70224,1032.178,32.172,0.008,0.008,0.015,7.618,95.753,5.539,548.673,0,5.552,5.555,21
"5/25/2022 11:46:20 AM",1.415,29.434,48.611,77.081,70229.5,1032.181,32.175,0,0,0,7.62,95.719,5.537,594.297,0,5.549,5.553,21
"5/25/2022 11:46:20 AM",1.314,29.436,48.618,77.092,70238,1032.185,32.18,0.023,0.023,0.029,7.623,95.802,5.541,611.374,0,5.554,5.557,21
"5/25/2022 11:46:20 AM",1.244,29.436,48.618,77.093,70237.8,1032.185,32.179,0.008,0.008,0,7.619,95.752,5.538,640.175,0,5.551,5.554,21
"5/25/2022 11:46:20 AM",1.189,29.438,48.621,77.1,70241.2,1032.186,32.181,0,0,0,7.621,95.712,5.536,676.538,0,5.549,5.552,21
"5/25/2022 11:46:21 AM",1.135,29.437,48.63,77.11,70252.5,1032.193,32.188,0.055,0.055,0.087,7.624,95.772,5.539,664.134,0,5.552,5.555,21
"5/25/2022 11:46:21 AM",1.102,29.436,48.635,77.116,70259.8,1032.198,32.193,0.07,0.07,0.102,7.629,95.725,5.537,699.987,0,5.55,5.553,21
"5/25/2022 11:46:21 AM",1.112,29.436,48.639,77.122,70264.5,1032.2,32.196,0.031,0.031,0.015,7.625,95.732,5.537,636.692,0,5.55,5.553,21
"5/25/2022 11:46:21 AM",1.109,29.438,48.642,77.128,70268.2,1032.202,32.197,0.047,0.047,0.044,7.629,95.742,5.537,620.04,0,5.55,5.553,21
"5/25/2022 11:46:21 AM",1.131,29.436,48.645,77.131,70272.2,1032.205,32.2,0.055,0.055,0.058,7.632,95.745,5.537,632.699,0,5.549,5.552,21
"5/25/2022 11:46:22 AM",1.142,29.436,48.65,77.136,70278.1,1032.209,32.204,0.039,0.039,0.029,7.628,95.663,5.533,649.521,0,5.546,5.549,21
"5/25/2022 11:46:22 AM",1.119,29.436,48.65,77.138,70278.5,1032.209,32.204,0.016,0.016,0,7.63,95.758,5.538,594.891,0,5.551,5.554,21
"5/25/2022 11:46:22 AM",1.114,29.438,48.654,77.144,70282.6,1032.211,32.206,0,0,0,7.635,95.854,5.544,602.623,0,5.557,5.56,21
"5/25/2022 11:46:22 AM",1.163,29.438,48.658,77.151,70288.4,1032.214,32.21,0.031,0.031,0.015,7.629,95.691,5.534,650.625,0,5.547,5.55,21
"5/25/2022 11:46:23 AM",1.194,29.438,48.663,77.157,70294.2,1032.218,32.213,0.086,0.086,0.146,7.627,95.762,5.539,633.208,0,5.551,5.554,21
"5/25/2022 11:46:23 AM",1.187,29.438,48.659,77.153,70289.5,1032.215,32.21,0.062,0.062,0.102,7.63,95.744,5.539,609.42,0,5.552,5.555,21
"5/25/2022 11:46:23 AM",1.119,29.44,48.663,77.16,70293.4,1032.217,32.212,0.039,0.039,0.146,7.631,95.923,5.549,531.766,0,5.562,5.565,21
"5/25/2022 11:46:23 AM",1.041,29.441,48.669,77.17,70301.7,1032.221,32.217,0.055,0.055,0.058,7.631,95.797,5.542,539.922,0,5.555,5.558,21
"5/25/2022 11:46:23 AM",0.982,29.44,48.672,77.173,70305.6,1032.223,32.219,0.039,0.039,0.073,7.638,95.81,5.542,527.943,0,5.555,5.558,21
"5/25/2022 11:46:24 AM",0.882,29.44,48.675,77.177,70309.2,1032.225,32.221,0.023,0.023,0,7.639,95.835,5.543,559.548,0,5.556,5.559,21
"5/25/2022 11:46:24 AM",0.799,29.44,48.68,77.183,70315,1032.229,32.225,0,0,0.015,7.641,95.867,5.545,665.153,0,5.558,5.561,21
"5/25/2022 11:46:24 AM",0.694,29.439,48.679,77.181,70313.7,1032.227,32.224,0,0,0,7.64,95.882,5.546,909.669,0,5.559,5.562,21
"5/25/2022 11:46:24 AM",0.587,29.437,48.679,77.179,70314.5,1032.228,32.225,0,0,0,7.635,95.746,5.538,893.357,0,5.551,5.554,21
"5/25/2022 11:46:24 AM",0.435,29.436,48.681,77.179,70316.8,1032.229,32.227,0,0,0.015,7.632,95.748,5.539,694.635,0,5.552,5.555,21
"5/25/2022 11:46:25 AM",0.348,29.437,48.681,77.18,70316.4,1032.228,32.227,0.023,0.023,0,7.638,95.787,5.542,851.386,0,5.555,5.558,21
"5/25/2022 11:46:25 AM",0.263,29.436,48.683,77.182,70319,1032.23,32.229,0,0,0,7.635,95.821,5.543,732.527,0,5.556,5.559,21
"5/25/2022 11:46:25 AM",0.145,29.438,48.678,77.177,70312.9,1032.225,32.225,0,0,0,7.643,95.722,5.538,876.704,0,5.551,5.554,21
"5/25/2022 11:46:25 AM",0.063,29.438,48.679,77.179,70313.5,1032.225,32.225,0.039,0.039,0.044,7.637,95.922,5.549,664.219,0,5.562,5.565,21
"5/25/2022 11:46:25 AM",0,29.439,48.681,77.183,70315.6,1032.226,32.226,0,0,0,7.637,95.763,5.54,636.012,0,5.553,5.556,21
"5/25/2022 11:46:26 AM",0,29.44,48.684,77.187,70319.2,1032.227,32.228,0,0,0,7.632,95.846,5.545,705.425,0,5.558,5.561,21
"5/25/2022 11:46:26 AM",0,29.439,48.689,77.194,70325.8,1032.231,32.232,0,0,0,7.632,95.801,5.542,737.794,0,5.555,5.558,21
"5/25/2022 11:46:26 AM",0,29.439,48.693,77.199,70330.8,1032.234,32.235,0,0,0,7.632,95.775,5.541,694.04,0,5.553,5.556,21
"5/25/2022 11:46:26 AM",0,29.439,48.695,77.203,70333.3,1032.236,32.236,0,0,0,7.634,95.856,5.545,634.993,0,5.558,5.561,21
"5/25/2022 11:46:27 AM",0.03,29.44,48.699,77.209,70338.4,1032.24,32.239,0,0,0,7.621,95.791,5.542,517.748,0,5.555,5.558,21
"5/25/2022 11:46:27 AM",0.141,29.442,48.696,77.209,70334.7,1032.237,32.236,0.016,0.016,0.058,7.621,95.878,5.547,430.833,0,5.56,5.563,21
"5/25/2022 11:46:27 AM",0.263,29.442,48.703,77.218,70342.9,1032.242,32.241,0.008,0.008,0,7.623,95.895,5.549,421.658,0,5.561,5.565,21
"5/25/2022 11:46:27 AM",0.454,29.44,48.708,77.222,70350.3,1032.248,32.246,0.062,0.062,0.16,7.631,95.817,5.544,327.692,0,5.557,5.56,21
"5/25/2022 11:46:27 AM",0.574,29.44,48.71,77.225,70353.3,1032.251,32.248,0.491,0.491,1.063,7.632,95.781,5.543,382.661,0,5.555,5.559,21
"5/25/2022 11:46:28 AM",0.686,29.437,48.715,77.227,70359.1,1032.255,32.252,0.616,0.616,1.617,7.619,95.72,5.539,498.801,0,5.552,5.555,21
"5/25/2022 11:46:28 AM",0.839,29.435,48.724,77.237,70371.5,1032.264,32.261,0.164,0.164,0.699,7.611,95.744,5.54,608.06,0,5.553,5.556,21
"5/25/2022 11:46:28 AM",0.961,29.434,48.73,77.243,70378,1032.269,32.265,0.086,0.086,0.495,7.609,95.94,5.552,536.269,0,5.565,5.568,21
"5/25/2022 11:46:28 AM",1.095,29.434,48.733,77.248,70381.8,1032.271,32.267,0.031,0.031,0.291,7.608,95.868,5.548,428.794,0,5.561,5.564,21
"5/25/2022 11:46:28 AM",1.234,29.434,48.748,77.269,70400.7,1032.283,32.278,0,0,0,7.588,95.831,5.544,338.142,0,5.557,5.561,21
"5/25/2022 11:46:29 AM",1.444,29.438,48.756,77.285,70410.5,1032.289,32.283,0,0,0,7.584,95.861,5.546,204.159,0,5.559,5.562,21
"5/25/2022 11:46:29 AM",1.582,29.439,48.761,77.294,70416.7,1032.293,32.286,0,0,0,7.578,95.881,5.547,122.852,0,5.56,5.563,21
"5/25/2022 11:46:29 AM",1.718,29.439,48.766,77.301,70423.9,1032.298,32.291,0,0,0,7.575,95.816,5.544,77.484,0,5.557,5.56,21
"5/25/2022 11:46:29 AM",1.841,29.44,48.769,77.306,70427.2,1032.3,32.292,0.694,0.694,1.661,7.574,95.87,5.547,88.104,0,5.56,5.563,21
"5/25/2022 11:46:29 AM",2.029,29.437,48.779,77.317,70440.7,1032.31,32.301,0.608,0.608,1.428,7.573,95.893,5.549,385.21,0,5.562,5.565,21
"5/25/2022 11:46:30 AM",2.151,29.435,48.784,77.32,70446.4,1032.314,32.305,0.133,0.133,0.32,7.575,95.992,5.554,329.985,0,5.567,5.57,21
"5/25/2022 11:46:30 AM",2.269,29.433,48.788,77.323,70452.5,1032.319,32.309,0,0,0,7.583,95.913,5.548,280.624,0,5.561,5.564,21
"5/25/2022 11:46:30 AM",2.447,29.433,48.794,77.331,70459.6,1032.324,32.314,0,0,0,7.591,95.852,5.545,273.232,0,5.558,5.561,21
"5/25/2022 11:46:30 AM",2.574,29.433,48.799,77.338,70465.8,1032.328,32.317,0.148,0.148,0.277,7.594,95.823,5.544,280.963,0,5.557,5.56,21
"5/25/2022 11:46:31 AM",2.701,29.433,48.802,77.342,70470.2,1032.332,32.32,0.008,0.008,0,7.594,95.848,5.545,237.549,0,5.558,5.561,21
"5/25/2022 11:46:31 AM",2.833,29.434,48.805,77.349,70474.2,1032.334,32.322,0,0,0,7.596,95.822,5.543,139.165,0,5.556,5.559,21
"5/25/2022 11:46:31 AM",3.038,29.436,48.812,77.361,70481.8,1032.339,32.326,0.437,0.437,1.005,7.591,95.945,5.551,149.02,0,5.564,5.567,21
"5/25/2022 11:46:31 AM",3.156,29.436,48.816,77.366,70486.9,1032.342,32.329,0.156,0.156,0.349,7.587,95.864,5.546,136.956,0,5.559,5.562,21
"5/25/2022 11:46:31 AM",3.296,29.436,48.818,77.37,70490.5,1032.345,32.331,0.055,0.055,0.087,7.583,95.752,5.54,130.074,0,5.553,5.556,21
"5/25/2022 11:46:32 AM",3.43,29.436,48.819,77.371,70491.7,1032.346,32.332,0.211,0.211,0.495,7.579,95.929,5.55,161.424,0,5.563,5.566,21
"5/25/2022 11:46:32 AM",3.621,29.434,48.824,77.376,70498.1,1032.352,32.336,0.289,0.289,0.67,7.575,95.922,5.55,220.642,0,5.563,5.566,21
"5/25/2022 11:46:32 AM",3.758,29.434,48.826,77.379,70501,1032.354,32.338,0.14,0.14,0.233,7.572,95.998,5.554,412.142,0,5.567,5.57,21
"5/25/2022 11:46:32 AM",3.899,29.434,48.831,77.385,70507.2,1032.358,32.342,0,0,0,7.573,95.986,5.553,299.145,0,5.566,5.569,21
"5/25/2022 11:46:32 AM",4.117,29.434,48.835,77.391,70512.3,1032.362,32.345,0,0,0,7.569,95.845,5.545,154.118,0,5.558,5.561,21
"5/25/2022 11:46:33 AM",4.256,29.434,48.843,77.402,70522.5,1032.369,32.351,0.023,0.023,0.102,7.571,95.856,5.545,149.445,0,5.558,5.561,21
"5/25/2022 11:46:33 AM",4.357,29.434,48.849,77.41,70529.5,1032.373,32.355,0.468,0.468,1.107,7.574,95.827,5.544,236.784,0,5.557,5.56,21
"5/25/2022 11:46:33 AM",4.319,29.434,48.853,77.416,70534.9,1032.377,32.358,0.164,0.164,0.291,7.57,95.873,5.547,499.226,0,5.56,5.563,21
"5/25/2022 11:46:33 AM",4.265,29.435,48.855,77.421,70537.4,1032.378,32.359,0.047,0.047,0.102,7.573,95.886,5.548,467.281,0,5.561,5.564,21
"5/25/2022 11:46:33 AM",4.214,29.436,48.857,77.424,70540.1,1032.379,32.361,0.016,0.016,0.015,7.575,95.952,5.551,618.255,0,5.564,5.568,21
"5/25/2022 11:46:34 AM",4.171,29.437,48.859,77.426,70541.3,1032.379,32.361,0.055,0.055,0.073,7.579,96.03,5.556,722.077,0,5.569,5.572,21
"5/25/2022 11:46:34 AM",4.183,29.435,48.864,77.431,70548.2,1032.384,32.366,0.047,0.047,0.029,7.59,95.859,5.546,519.277,0,5.559,5.562,21
"5/25/2022 11:46:34 AM",4.258,29.434,48.865,77.432,70549.3,1032.385,32.367,0.031,0.031,0.015,7.591,95.929,5.549,590.219,0,5.562,5.565,21
"5/25/2022 11:46:34 AM",4.437,29.428,48.87,77.43,70557.2,1032.392,32.373,0.047,0.047,0.087,7.592,95.919,5.549,418.004,0,5.562,5.565,21
"5/25/2022 11:46:35 AM",4.576,29.427,48.876,77.437,70564.3,1032.397,32.378,0.023,0.023,0,7.593,95.878,5.546,357.003,0,5.559,5.562,21
"5/25/2022 11:46:35 AM",4.731,29.427,48.882,77.446,70572.3,1032.403,32.383,0,0,0,7.592,95.878,5.547,371.276,0,5.559,5.563,21
"5/25/2022 11:46:35 AM",4.954,29.431,48.886,77.457,70576.3,1032.405,32.384,0.055,0.055,0.116,7.592,95.837,5.544,323.104,0,5.557,5.56,21
"5/25/2022 11:46:35 AM",5.093,29.429,48.89,77.461,70582.6,1032.41,32.388,0.039,0.039,0.029,7.59,95.764,5.54,356.493,0,5.553,5.556,21
"5/25/2022 11:46:35 AM",5.234,29.431,48.894,77.468,70587.2,1032.413,32.39,0,0,0,7.586,95.899,5.547,218.348,0,5.56,5.563,21
"5/25/2022 11:46:36 AM",5.38,29.432,48.896,77.472,70589.4,1032.414,32.391,0,0,0,7.585,95.858,5.546,145.537,0,5.559,5.562,21
"5/25/2022 11:46:36 AM",5.598,29.431,48.897,77.472,70590.8,1032.416,32.392,0,0,0,7.583,95.78,5.541,87.509,0,5.554,5.557,21
"5/25/2022 11:46:36 AM",5.728,29.428,48.903,77.476,70598.6,1032.422,32.398,0,0,0,7.58,95.906,5.548,49.532,0,5.561,5.564,21
"5/25/2022 11:46:36 AM",5.857,29.426,48.905,77.476,70601.1,1032.425,32.4,0,0,0,7.578,95.875,5.547,32.455,0,5.56,5.563,21
"5/25/2022 11:46:36 AM",5.991,29.427,48.908,77.483,70605.9,1032.428,32.402,0,0,0,7.577,95.842,5.546,24.214,0,5.559,5.562,21
"5/25/2022 11:46:37 AM",6.217,29.429,48.902,77.478,70598.1,1032.424,32.397,0,0,0,7.57,95.788,5.542,20.56,0,5.555,5.558,21
"5/25/2022 11:46:37 AM",6.379,29.426,48.908,77.48,70605.5,1032.43,32.403,0.023,0.023,0,7.567,95.977,5.553,20.136,0,5.566,5.569,21
"5/25/2022 11:46:37 AM",6.547,29.424,48.907,77.477,70605.1,1032.431,32.403,0.499,0.499,0,7.567,95.916,5.549,20.645,0,5.562,5.565,21
"5/25/2022 11:46:37 AM",6.714,29.418,48.915,77.479,70616,1032.44,32.411,0.577,0.577,0.51,7.572,95.909,5.549,20.73,0,5.562,5.565,21
"5/25/2022 11:46:37 AM",6.974,29.413,48.926,77.487,70630.5,1032.451,32.421,0.484,0.484,1.442,7.575,95.893,5.547,23.194,0,5.56,5.563,21
"5/25/2022 11:46:38 AM",7.122,29.412,48.928,77.488,70632.4,1032.453,32.422,1.966,1.966,4.683,7.577,95.862,5.545,41.376,0,5.558,5.561,21
"5/25/2022 11:46:38 AM",7.247,29.409,48.933,77.491,70639.5,1032.458,32.428,1.381,1.381,3.251,7.576,95.888,5.547,140.609,0,5.56,5.563,21
"5/25/2022 11:46:38 AM",7.36,29.407,48.938,77.496,70646.3,1032.463,32.432,0.343,0.343,0.772,7.574,95.756,5.54,402.032,0,5.553,5.556,21
"5/25/2022 11:46:38 AM",7.4,29.407,48.939,77.497,70647,1032.464,32.432,0.125,0.125,0.233,7.58,95.86,5.546,605.087,0,5.559,5.562,21
"5/25/2022 11:46:39 AM",7.416,29.408,48.94,77.5,70648.8,1032.465,32.433,0.047,0.047,0.087,7.585,95.835,5.545,699.902,0,5.558,5.561,21
"5/25/2022 11:46:39 AM",7.393,29.409,48.939,77.5,70647.5,1032.464,32.432,0.078,0.078,0.146,7.589,95.854,5.546,492.09,0,5.559,5.562,21
"5/25/2022 11:46:39 AM",7.318,29.409,48.943,77.506,70652.6,1032.467,32.435,0.047,0.047,0.058,7.592,95.946,5.552,321.15,0,5.564,5.568,21
"5/25/2022 11:46:39 AM",7.304,29.408,48.948,77.511,70658.8,1032.47,32.439,0.031,0.031,0.044,7.593,95.95,5.551,336.527,0,5.564,5.567,21
"5/25/2022 11:46:39 AM",7.336,29.407,48.949,77.511,70659.8,1032.471,32.44,0.039,0.039,0,7.592,95.896,5.548,411.887,0,5.561,5.564,21
"5/25/2022 11:46:40 AM",7.41,29.407,48.952,77.514,70663.4,1032.474,32.442,0.023,0.023,0.058,7.594,95.864,5.546,493.789,0,5.559,5.562,21
"5/25/2022 11:46:40 AM",7.579,29.406,48.954,77.516,70666.3,1032.477,32.444,0.031,0.031,0,7.597,96.003,5.554,481.979,0,5.567,5.57,21
"5/25/2022 11:46:40 AM",7.723,29.405,48.957,77.519,70669.9,1032.48,32.447,0.023,0.023,0.044,7.595,95.979,5.553,350.546,0,5.566,5.569,21
"5/25/2022 11:46:40 AM",7.885,29.406,48.961,77.525,70675.2,1032.483,32.45,0.016,0.016,0.029,7.591,95.875,5.547,361.761,0,5.559,5.563,21
"5/25/2022 11:46:40 AM",8.131,29.405,48.966,77.531,70681.3,1032.488,32.454,0.016,0.016,0,7.588,95.782,5.542,302.968,0,5.555,5.558,21
"5/25/2022 11:46:41 AM",8.294,29.404,48.967,77.532,70683.9,1032.491,32.455,0.008,0.008,0,7.584,95.87,5.547,311.379,0,5.56,5.563,21
"5/25/2022 11:46:41 AM",8.449,29.404,48.969,77.535,70686.1,1032.493,32.457,0,0,0,7.582,95.843,5.546,270.089,0,5.558,5.562,21
"5/25/2022 11:46:41 AM",8.677,29.403,48.974,77.54,70692.4,1032.498,32.461,0.062,0.062,0.16,7.576,95.895,5.548,391.497,0,5.561,5.564,21
"5/25/2022 11:46:41 AM",8.821,29.403,48.978,77.545,70697.3,1032.501,32.464,0.101,0.101,0.189,7.57,95.956,5.552,351.65,0,5.565,5.568,21
"5/25/2022 11:46:41 AM",8.983,29.402,48.979,77.546,70699.2,1032.503,32.465,0.062,0.062,0.073,7.565,95.909,5.549,325.143,0,5.562,5.565,21
"5/25/2022 11:46:42 AM",9.145,29.402,48.982,77.55,70702.9,1032.506,32.467,0.023,0.023,0,7.562,95.982,5.554,269.834,0,5.566,5.57,21
"5/25/2022 11:46:42 AM",9.38,29.401,48.985,77.553,70706.6,1032.509,32.47,0,0,0,7.562,95.912,5.55,252.842,0,5.563,5.566,21
"5/25/2022 11:46:42 AM",9.538,29.4,48.99,77.559,70713,1032.514,32.474,0,0,0,7.567,95.978,5.554,168.731,0,5.567,5.57,21
"5/25/2022 11:46:42 AM",9.695,29.402,48.99,77.561,70713.3,1032.515,32.473,0,0,0,7.571,96.012,5.556,116.056,0,5.569,5.572,21
"5/25/2022 11:46:42 AM",9.827,29.403,48.991,77.564,70714.9,1032.516,32.474,0.187,0.187,0.349,7.571,95.86,5.547,157.261,0,5.56,5.563,21
"5/25/2022 11:46:43 AM",9.877,29.402,48.995,77.568,70720,1032.519,32.477,0.187,0.187,0.364,7.564,95.905,5.55,403.221,0,5.563,5.566,21
"5/25/2022 11:46:43 AM",9.783,29.402,48.997,77.571,70721.6,1032.52,32.478,0.094,0.094,0.131,7.568,95.932,5.552,407.809,0,5.565,5.568,21
"5/25/2022 11:46:43 AM",9.66,29.403,48.998,77.573,70723.4,1032.52,32.479,0.062,0.062,0.073,7.572,95.901,5.55,365.499,0,5.563,5.566,21
"5/25/2022 11:46:43 AM",9.5,29.403,49.003,77.581,70729.1,1032.523,32.482,0.055,0.055,0.058,7.573,95.893,5.549,399.313,0,5.562,5.565,21
"5/25/2022 11:46:44 AM",9.202,29.404,49.002,77.581,70728,1032.521,32.482,0.039,0.039,0.015,7.578,95.862,5.547,450.289,0,5.56,5.563,21
"5/25/2022 11:46:44 AM",8.997,29.403,49.005,77.583,70730.9,1032.522,32.484,0.031,0.031,0.044,7.583,95.931,5.551,461.249,0,5.563,5.567,21
"5/25/2022 11:46:44 AM",8.809,29.404,49.006,77.586,70732.9,1032.522,32.485,0.031,0.031,0.044,7.588,95.979,5.554,461.249,0,5.566,5.57,21
"5/25/2022 11:46:44 AM",8.522,29.404,49.007,77.587,70733.7,1032.522,32.485,0.039,0.039,0.029,7.593,95.932,5.551,426.415,0,5.564,5.567,21
"5/25/2022 11:46:44 AM",8.338,29.404,49.01,77.59,70737.1,1032.523,32.488,0.031,0.031,0,7.596,95.941,5.551,398.293,0,5.564,5.567,21
"5/25/2022 11:46:45 AM",8.165,29.404,49.01,77.591,70737.4,1032.522,32.488,0.031,0.031,0.015,7.595,95.96,5.552,398.209,0,5.565,5.568,21
"5/25/2022 11:46:45 AM",8.004,29.405,49.012,77.595,70739.7,1032.523,32.489,0.008,0.008,0,7.592,95.937,5.551,477.731,0,5.564,5.567,21
"5/25/2022 11:46:45 AM",7.873,29.405,49.015,77.599,70742.6,1032.524,32.491,0.023,0.023,0.029,7.591,95.955,5.552,492.005,0,5.565,5.568,21
"5/25/2022 11:46:45 AM",7.713,29.406,49.017,77.603,70745.9,1032.525,32.492,0.039,0.039,0.015,7.593,95.966,5.552,464.647,0,5.565,5.569,21
"5/25/2022 11:46:45 AM",7.631,29.406,49.02,77.606,70748.9,1032.527,32.494,0.008,0.008,0.015,7.592,96.073,5.558,465.582,0,5.571,5.574,21
"5/25/2022 11:46:46 AM",7.541,29.406,49.022,77.61,70752.2,1032.528,32.496,0.086,0.086,0.058,7.589,95.917,5.549,431.853,0,5.562,5.565,21
"5/25/2022 11:46:46 AM",7.421,29.406,49.026,77.615,70756.4,1032.53,32.499,0.055,0.055,0.073,7.589,95.919,5.549,514.264,0,5.562,5.565,21
"5/25/2022 11:46:46 AM",7.245,29.406,49.028,77.618,70758.9,1032.531,32.5,0.016,0.016,0.029,7.588,95.949,5.551,553.856,0,5.564,5.567,21
"5/25/2022 11:46:46 AM",7.186,29.406,49.028,77.619,70759.2,1032.531,32.5,0.047,0.047,0.044,7.586,95.939,5.551,427.69,0,5.564,5.567,21
"5/25/2022 11:46:46 AM",7.16,29.406,49.031,77.622,70762.4,1032.533,32.502,0.062,0.062,0.073,7.584,96.001,5.554,392.516,0,5.567,5.57,21
"5/25/2022 11:46:47 AM",7.129,29.407,49.032,77.625,70763.9,1032.534,32.503,0.055,0.055,0.058,7.587,96.026,5.555,328.966,0,5.567,5.571,21
"5/25/2022 11:46:47 AM",7.09,29.408,49.035,77.63,70767.8,1032.536,32.505,0.047,0.047,0.044,7.59,95.912,5.548,375.524,0,5.561,5.564,21
"5/25/2022 11:46:47 AM",6.996,29.407,49.046,77.645,70781.5,1032.544,32.514,0.047,0.047,0,7.59,95.991,5.553,390.987,0,5.566,5.569,21
"5/25/2022 11:46:47 AM",6.88,29.408,49.048,77.649,70784.2,1032.544,32.515,0.023,0.023,0.029,7.59,95.908,5.548,453.263,0,5.561,5.564,21
"5/25/2022 11:46:47 AM",6.723,29.408,49.049,77.649,70784.7,1032.544,32.516,0.031,0.031,0.029,7.593,95.948,5.551,550.372,0,5.564,5.567,21
"5/25/2022 11:46:48 AM",6.466,29.408,49.052,77.653,70788,1032.545,32.518,0.047,0.047,0.058,7.591,95.865,5.547,436.865,0,5.559,5.563,21
"5/25/2022 11:46:48 AM",6.342,29.409,49.053,77.655,70789.7,1032.546,32.519,0.023,0.023,0.029,7.592,95.964,5.552,401.607,0,5.565,5.568,21
"5/25/2022 11:46:48 AM",6.236,29.409,49.053,77.656,70789.3,1032.545,32.518,0.016,0.016,0.029,7.594,95.919,5.549,404.665,0,5.562,5.565,21
"5/25/2022 11:46:48 AM",6.144,29.41,49.051,77.655,70786.5,1032.542,32.516,0.055,0.055,0.087,7.599,95.94,5.551,453.008,0,5.564,5.567,21
"5/25/2022 11:46:48 AM",5.977,29.41,49.051,77.654,70786.2,1032.541,32.516,0.023,0.023,0,7.603,95.964,5.553,473.313,0,5.566,5.569,21
"5/25/2022 11:46:49 AM",5.852,29.411,49.053,77.658,70788.6,1032.542,32.517,0.016,0.016,0.044,7.603,95.849,5.546,494.723,0,5.559,5.562,21
"5/25/2022 11:46:49 AM",5.725,29.412,49.052,77.658,70787.9,1032.541,32.517,0.031,0.031,0.058,7.601,95.911,5.55,470.51,0,5.563,5.566,21
"5/25/2022 11:46:49 AM",5.601,29.414,49.054,77.663,70789.7,1032.541,32.517,0.039,0.039,0.058,7.597,95.888,5.548,457.936,0,5.561,5.564,21
"5/25/2022 11:46:49 AM",5.426,29.415,49.053,77.664,70788.3,1032.539,32.516,0.031,0.031,0.044,7.593,95.997,5.554,479.77,0,5.567,5.57,21
"5/25/2022 11:46:50 AM",5.342,29.415,49.054,77.666,70789.2,1032.539,32.517,0.023,0.023,0.044,7.595,95.961,5.552,488.351,0,5.565,5.568,21
"5/25/2022 11:46:50 AM",5.276,29.415,49.055,77.667,70790.6,1032.54,32.518,0.023,0.023,0,7.596,95.98,5.554,442.898,0,5.566,5.57,21
"5/25/2022 11:46:50 AM",5.22,29.414,49.057,77.669,70793.8,1032.542,32.52,0.031,0.031,0.073,7.599,95.888,5.548,394.215,0,5.561,5.564,21
"5/25/2022 11:46:50 AM",5.142,29.415,49.059,77.672,70795.2,1032.542,32.52,0.039,0.039,0.044,7.61,96.104,5.56,324.293,0,5.573,5.576,21
"5/25/2022 11:46:50 AM",5.092,29.416,49.062,77.677,70799.1,1032.544,32.523,0.039,0.039,0.029,7.611,95.9,5.549,398.548,0,5.562,5.565,21
"5/25/2022 11:46:51 AM",5.05,29.415,49.063,77.677,70800.7,1032.545,32.524,0.039,0.039,0.029,7.612,95.879,5.548,462.523,0,5.561,5.564,21
"5/25/2022 11:46:51 AM",4.998,29.416,49.064,77.68,70801.6,1032.545,32.524,0.055,0.055,0.058,7.611,95.977,5.553,509.931,0,5.566,5.569,21
"5/25/2022 11:46:51 AM",4.926,29.416,49.068,77.685,70806.7,1032.548,32.527,0.023,0.023,0.015,7.61,95.942,5.551,505.428,0,5.564,5.567,21
"5/25/2022 11:46:51 AM",4.869,29.416,49.069,77.687,70808.4,1032.549,32.528,0.016,0.016,0.015,7.611,95.906,5.549,508.487,0,5.562,5.565,21
"5/25/2022 11:46:51 AM",4.803,29.416,49.07,77.689,70809.9,1032.55,32.529,0.023,0.023,0.058,7.612,95.99,5.554,581.892,0,5.567,5.57,21
"5/25/2022 11:46:52 AM",4.73,29.417,49.071,77.691,70810.2,1032.549,32.529,0.047,0.047,0.073,7.612,95.989,5.554,602.708,0,5.567,5.57,21
"5/25/2022 11:46:52 AM",4.594,29.417,49.071,77.692,70810.9,1032.549,32.529,0.078,0.078,0.102,7.608,95.998,5.554,444.342,0,5.567,5.57,21
"5/25/2022 11:46:52 AM",4.502,29.418,49.074,77.697,70813.8,1032.55,32.531,0.047,0.047,0.073,7.612,95.92,5.55,466.262,0,5.563,5.566,21
"5/25/2022 11:46:52 AM",4.415,29.418,49.074,77.697,70813.8,1032.55,32.531,0.023,0.023,0,7.615,95.959,5.552,516.643,0,5.565,5.568,21
"5/25/2022 11:46:52 AM",4.314,29.419,49.076,77.7,70815.9,1032.551,32.532,0.039,0.039,0.029,7.615,95.96,5.552,389.712,0,5.565,5.568,21
"5/25/2022 11:46:53 AM",4.096,29.419,49.078,77.703,70818.6,1032.551,32.534,0.008,0.008,0,7.616,95.922,5.55,350.461,0,5.563,5.566,21
"5/25/2022 11:46:53 AM",3.947,29.419,49.08,77.706,70821.3,1032.552,32.535,0.039,0.039,0,7.614,95.971,5.553,408.404,0,5.565,5.569,21
"5/25/2022 11:46:53 AM",3.802,29.42,49.079,77.706,70820.3,1032.551,32.535,0,0,0,7.611,95.947,5.551,619.275,0,5.564,5.567,21
"5/25/2022 11:46:53 AM",3.599,29.419,49.087,77.717,70829.9,1032.556,32.541,0.008,0.008,0,7.611,96.064,5.558,573.481,0,5.571,5.574,21
"5/25/2022 11:46:53 AM",3.477,29.419,49.089,77.719,70832.6,1032.557,32.542,0.016,0.016,0,7.61,95.964,5.552,519.956,0,5.565,5.568,21
"5/25/2022 11:46:54 AM",3.373,29.42,49.093,77.724,70836.4,1032.559,32.544,0,0,0,7.61,95.923,5.55,796.842,0,5.563,5.566,21
"5/25/2022 11:46:54 AM",3.227,29.42,49.094,77.726,70838.4,1032.559,32.546,0.109,0.109,0.146,7.612,95.998,5.554,487.077,0,5.567,5.571,21
"5/25/2022 11:46:54 AM",3.117,29.42,49.095,77.727,70838.8,1032.559,32.546,0.078,0.078,0.116,7.613,96.027,5.556,426.755,0,5.569,5.572,21
"5/25/2022 11:46:54 AM",3.021,29.42,49.096,77.729,70840,1032.559,32.547,0.031,0.031,0.058,7.613,96.054,5.558,468.98,0,5.571,5.574,21
"5/25/2022 11:46:55 AM",2.936,29.42,49.097,77.731,70842,1032.56,32.548,0.047,0.047,0,7.612,96.052,5.558,398.039,0,5.571,5.574,21
"5/25/2022 11:46:55 AM",2.9,29.42,49.101,77.735,70846.3,1032.563,32.551,0.031,0.031,0.044,7.615,95.937,5.551,420.043,0,5.564,5.567,21
"5/25/2022 11:46:55 AM",2.865,29.42,49.103,77.738,70849.3,1032.565,32.552,0.023,0.023,0.015,7.616,95.94,5.551,388.608,0,5.564,5.567,21
"5/25/2022 11:46:55 AM",2.821,29.421,49.104,77.742,70850.2,1032.565,32.553,0.047,0.047,0.087,7.616,96.039,5.557,408.064,0,5.569,5.573,21
"5/25/2022 11:46:55 AM",2.741,29.424,49.102,77.743,70847,1032.561,32.55,0.016,0.016,0.015,7.617,96.059,5.558,687.838,0,5.571,5.574,21
"5/25/2022 11:46:56 AM",2.679,29.424,49.105,77.747,70850.5,1032.563,32.552,0.039,0.039,0.073,7.617,95.979,5.553,654.364,0,5.566,5.569,21
"5/25/2022 11:46:56 AM",2.597,29.425,49.103,77.746,70848.9,1032.562,32.551,0,0,0,7.617,96.129,5.562,703.64,0,5.575,5.578,21
"5/25/2022 11:46:56 AM",2.496,29.424,49.099,77.739,70843.9,1032.559,32.548,0.07,0.07,0.073,7.616,96.012,5.556,646.207,0,5.569,5.572,21
"5/25/2022 11:46:56 AM",2.454,29.423,49.099,77.738,70844.1,1032.559,32.549,0.039,0.039,0.073,7.618,96.031,5.557,594.297,0,5.57,5.573,21
"5/25/2022 11:46:56 AM",2.42,29.421,49.101,77.738,70846.6,1032.561,32.55,0.086,0.086,0.131,7.621,96.087,5.56,547.654,0,5.573,5.576,21
"5/25/2022 11:46:57 AM",2.385,29.42,49.103,77.739,70849,1032.562,32.552,0.055,0.055,0.029,7.622,95.898,5.549,470.085,0,5.562,5.565,21
"5/25/2022 11:46:57 AM",2.355,29.42,49.106,77.742,70853,1032.565,32.555,0.086,0.086,0.131,7.623,95.979,5.553,380.452,0,5.566,5.569,21
"5/25/2022 11:46:57 AM",2.317,29.42,49.108,77.746,70855.6,1032.566,32.556,0.039,0.039,0,7.625,95.916,5.549,415.965,0,5.562,5.565,21
"5/25/2022 11:46:57 AM",2.251,29.422,49.107,77.746,70853.7,1032.564,32.555,0.07,0.07,0.087,7.625,96.061,5.558,452.413,0,5.571,5.574,21
"5/25/2022 11:46:57 AM",2.129,29.423,49.109,77.75,70855.6,1032.565,32.556,0.039,0.039,0.015,7.621,96.039,5.557,557.339,0,5.57,5.573,21
"5/25/2022 11:46:58 AM",2.077,29.424,49.109,77.752,70855.6,1032.564,32.555,0,0,0,7.622,95.967,5.552,654.873,0,5.565,5.568,21
"5/25/2022 11:46:58 AM",2.011,29.426,49.112,77.759,70859.5,1032.566,32.557,0.008,0.008,0,7.627,95.846,5.546,575.011,0,5.559,5.562,21
"5/25/2022 11:46:58 AM",1.974,29.425,49.114,77.76,70861.5,1032.567,32.559,0.023,0.023,0,7.626,95.859,5.546,714.6,0,5.559,5.562,21
"5/25/2022 11:46:58 AM",1.932,29.426,49.114,77.762,70861.8,1032.567,32.558,0.031,0.031,0,7.63,95.974,5.553,700.412,0,5.566,5.569,21
"5/25/2022 11:46:59 AM",1.887,29.426,49.117,77.766,70865,1032.568,32.56,0.016,0.016,0,7.63,96.059,5.558,667.957,0,5.571,5.574,21
"5/25/2022 11:46:59 AM",1.797,29.427,49.119,77.77,70867.3,1032.569,32.561,0.055,0.055,0.058,7.626,96.096,5.56,599.904,0,5.573,5.577,21
"5/25/2022 11:46:59 AM",1.724,29.429,49.119,77.773,70867.9,1032.569,32.561,0.023,0.023,0,7.628,95.992,5.554,513.245,0,5.567,5.571,21
"5/25/2022 11:46:59 AM",1.638,29.43,49.117,77.771,70865.2,1032.567,32.56,0,0,0,7.629,96.042,5.557,512.99,0,5.57,5.573,21
"5/25/2022 11:46:59 AM",1.574,29.43,49.119,77.775,70867.6,1032.568,32.561,0.031,0.031,0.058,7.63,96.079,5.56,482.574,0,5.572,5.576,21
"5/25/2022 11:47:00 AM",1.512,29.43,49.12,77.777,70869.1,1032.568,32.562,0.039,0.039,0.058,7.629,95.99,5.554,650.88,0,5.567,5.57,21
"5/25/2022 11:47:00 AM",1.468,29.431,49.123,77.78,70871.8,1032.57,32.563,0.055,0.055,0.116,7.633,96.033,5.556,594.127,0,5.569,5.572,21
"5/25/2022 11:47:00 AM",1.428,29.431,49.123,77.781,70872,1032.569,32.563,0.023,0.023,0.029,7.634,96.034,5.557,562.607,0,5.57,5.573,21
"5/25/2022 11:47:00 AM",1.367,29.431,49.123,77.782,70872.7,1032.57,32.564,0,0,0.015,7.634,96.026,5.556,559.378,0,5.569,5.572,21
"5/25/2022 11:47:00 AM",1.324,29.432,49.125,77.785,70874.8,1032.571,32.565,0.055,0.055,0.116,7.632,96.016,5.556,523.525,0,5.569,5.572,21
"5/25/2022 11:47:01 AM",1.264,29.432,49.125,77.785,70875,1032.57,32.565,0,0,0,7.632,95.971,5.553,619.7,0,5.566,5.569,21
"5/25/2022 11:47:01 AM",1.184,29.432,49.124,77.784,70873.3,1032.569,32.564,0,0,0,7.634,96.043,5.557,787.326,0,5.57,5.573,21
"5/25/2022 11:47:01 AM",1.073,29.432,49.125,77.785,70874.8,1032.569,32.565,0.172,0.172,0.335,7.636,96.098,5.561,836.688,0,5.574,5.577,21
"5/25/2022 11:47:01 AM",1.035,29.432,49.126,77.786,70875.5,1032.57,32.566,0.086,0.086,0.204,7.635,96.096,5.56,672.12,0,5.573,5.576,21
"5/25/2022 11:47:01 AM",1.005,29.431,49.127,77.786,70876.6,1032.571,32.566,0.055,0.055,0.102,7.639,95.995,5.554,422.337,0,5.567,5.57,21
"5/25/2022 11:47:02 AM",0.991,29.431,49.127,77.787,70876.9,1032.571,32.566,0.031,0.031,0.058,7.64,96.023,5.556,437.29,0,5.569,5.573,21
"5/25/2022 11:47:02 AM",0.969,29.431,49.13,77.791,70881.1,1032.573,32.569,0.008,0.008,0,7.639,96.062,5.559,645.783,0,5.572,5.575,21
"5/25/2022 11:47:02 AM",0.958,29.432,49.13,77.792,70881.3,1032.573,32.569,0.109,0.109,0.204,7.639,96.016,5.556,593.957,0,5.568,5.572,21
"5/25/2022 11:47:02 AM",0.944,29.432,49.13,77.793,70881.2,1032.573,32.569,0.039,0.039,0.029,7.641,96.038,5.557,680.022,0,5.57,5.573,21
"5/25/2022 11:47:03 AM",0.922,29.431,49.132,77.793,70882.9,1032.574,32.57,0.031,0.031,0.029,7.64,96.027,5.556,621.654,0,5.569,5.572,21
"5/25/2022 11:47:03 AM",0.87,29.432,49.133,77.796,70883.8,1032.574,32.57,0.008,0.008,0,7.638,96.021,5.557,642.384,0,5.57,5.573,21
"5/25/2022 11:47:03 AM",0.84,29.432,49.132,77.795,70883.7,1032.574,32.57,0,0,0,7.64,95.977,5.554,704.915,0,5.567,5.57,21
"5/25/2022 11:47:03 AM",0.817,29.433,49.132,77.796,70883.4,1032.574,32.57,0.039,0.039,0.044,7.639,95.975,5.554,672.97,0,5.567,5.57,21
"5/25/2022 11:47:03 AM",0.795,29.433,49.133,77.797,70884.4,1032.574,32.571,0.07,0.07,0.204,7.64,96.073,5.56,508.147,0,5.573,5.576,21
"5/25/2022 11:47:04 AM",0.765,29.434,49.133,77.8,70884.5,1032.574,32.57,0,0,0,7.64,96.168,5.565,573.821,0,5.578,5.581,21
"5/25/2022 11:47:04 AM",0.725,29.435,49.136,77.804,70888,1032.575,32.572,0,0,0.073,7.64,96.034,5.557,752.493,0,5.57,5.573,21
"5/25/2022 11:47:04 AM",0.697,29.436,49.134,77.803,70885.1,1032.573,32.57,0,0,0,7.638,96.003,5.555,681.466,0,5.568,5.572,21
"5/25/2022 11:47:04 AM",0.649,29.437,49.137,77.808,70888.1,1032.574,32.572,0.109,0.109,0,7.638,96.071,5.559,591.663,0,5.572,5.575,21
"5/25/2022 11:47:04 AM",0.563,29.437,49.138,77.81,70889.8,1032.575,32.573,0.172,0.172,0,7.64,96.021,5.556,608.57,0,5.569,5.573,21
"5/25/2022 11:47:05 AM",0.506,29.437,49.135,77.807,70886.6,1032.573,32.571,0.148,0.148,0.218,7.642,96.191,5.567,659.376,0,5.58,5.583,21
"5/25/2022 11:47:05 AM",0.476,29.437,49.137,77.809,70888.4,1032.574,32.572,0.031,0.031,0.029,7.64,96.129,5.563,647.567,0,5.576,5.579,21
"5/25/2022 11:47:05 AM",0.457,29.438,49.138,77.811,70889.9,1032.575,32.573,0.023,0.023,0,7.639,95.961,5.553,673.14,0,5.566,5.569,21
"5/25/2022 11:47:05 AM",0.436,29.438,49.138,77.81,70889.3,1032.574,32.572,0,0,0,7.641,96.118,5.562,761.159,0,5.575,5.578,21
"5/25/2022 11:47:05 AM",0.431,29.438,49.138,77.81,70889.3,1032.574,32.572,0.117,0.117,0.233,7.64,96.151,5.564,643.744,0,5.577,5.58,21
"5/25/2022 11:47:06 AM",0.421,29.437,49.14,77.813,70892.1,1032.576,32.574,0.055,0.055,0.044,7.64,96.105,5.561,599.224,0,5.574,5.577,21
"5/25/2022 11:47:06 AM",0.41,29.437,49.141,77.814,70893.4,1032.577,32.575,0.031,0.031,0,7.639,96.068,5.559,567.959,0,5.572,5.575,21
"5/25/2022 11:47:06 AM",0.39,29.437,49.142,77.816,70895.3,1032.578,32.576,0.07,0.07,0.073,7.638,96.185,5.566,659.206,0,5.579,5.582,21
"5/25/2022 11:47:06 AM",0.343,29.437,49.142,77.815,70895.4,1032.578,32.576,0.086,0.086,0.131,7.628,96.091,5.56,617.491,0,5.573,5.577,21
"5/25/2022 11:47:06 AM",0.263,29.438,49.14,77.814,70892.4,1032.575,32.574,0.039,0.039,0.087,7.622,96.081,5.56,626.242,0,5.573,5.577,21
"5/25/2022 11:47:07 AM",0.169,29.437,49.141,77.813,70892.8,1032.575,32.575,0.101,0.101,0.16,7.624,96.21,5.568,611.034,0,5.581,5.584,21
"5/25/2022 11:47:07 AM",0.009,29.437,49.135,77.806,70886.4,1032.571,32.571,0.062,0.062,0.029,7.624,96.15,5.565,740.683,0,5.578,5.581,21
"5/25/2022 11:47:07 AM",0,29.437,49.134,77.803,70884.3,1032.569,32.57,0,0,0,7.627,96.212,5.568,912.133,0,5.581,5.584,21
"5/25/2022 11:47:07 AM",0,29.437,49.132,77.801,70882.2,1032.568,32.568,0,0,0,7.629,96.079,5.561,782.399,0,5.574,5.577,21
"5/25/2022 11:47:07 AM",0,29.435,49.133,77.801,70884.1,1032.57,32.57,0,0,0,7.632,95.974,5.554,653.344,0,5.567,5.571,21
"5/25/2022 11:47:08 AM",0,29.436,49.133,77.802,70883.1,1032.569,32.569,0.094,0.094,0.189,7.631,96.035,5.558,814.514,0,5.571,5.574,21
"5/25/2022 11:47:08 AM",0,29.438,49.133,77.804,70883.3,1032.568,32.569,0.117,0.117,0.495,7.63,96.123,5.563,859.967,0,5.576,5.579,21
"5/25/2022 11:47:08 AM",0,29.44,49.134,77.809,70884.5,1032.568,32.569,0.055,0.055,0.16,7.631,96.011,5.557,854.955,0,5.57,5.573,21
"5/25/2022 11:47:08 AM",0,29.441,49.134,77.81,70884.2,1032.568,32.568,0.016,0.016,0.073,7.632,95.989,5.555,770.079,0,5.568,5.571,21
"5/25/2022 11:47:09 AM",0,29.44,49.136,77.811,70886.2,1032.569,32.57,0.031,0.031,0.058,7.636,96.157,5.564,792.254,0,5.577,5.581,21
"5/25/2022 11:47:09 AM",0,29.44,49.134,77.808,70884.1,1032.568,32.569,0,0,0,7.637,96.044,5.558,982.395,0,5.571,5.575,21
"5/25/2022 11:47:09 AM",0,29.444,49.131,77.81,70879.8,1032.564,32.565,0,0,0,7.64,96.027,5.558,1048.409,0,5.571,5.574,21
"5/25/2022 11:47:09 AM",0,29.453,49.123,77.812,70869.2,1032.555,32.556,0.078,0.078,0,7.641,96.121,5.564,1032.946,0,5.577,5.58,21
"5/25/2022 11:47:09 AM",0,29.449,49.125,77.808,70871.6,1032.557,32.559,0.016,0.016,0.248,7.64,96.034,5.559,1251.294,0,5.572,5.575,21
"5/25/2022 11:47:10 AM",0,29.45,49.123,77.807,70869.3,1032.555,32.557,0.047,0.047,0,7.64,96.159,5.566,1256.901,0,5.579,5.582,21
"5/25/2022 11:47:10 AM",0,29.449,49.119,77.8,70864.4,1032.553,32.554,0.694,0.694,0,7.64,96.051,5.56,1256.646,0,5.573,5.576,21
"5/25/2022 11:47:10 AM",0,29.447,49.127,77.807,70874,1032.559,32.561,0.328,0.328,0,7.638,96.103,5.563,1305.329,0,5.576,5.579,21
"5/25/2022 11:47:10 AM",0,29.449,49.119,77.801,70864.2,1032.552,32.554,0,0,0,7.635,96.016,5.558,1218.159,0,5.571,5.574,21
"5/25/2022 11:47:10 AM",0,29.447,49.1,77.771,70840.2,1032.538,32.54,1.069,1.069,1.02,7.632,96.032,5.56,1317.393,0,5.573,5.576,21
"5/25/2022 11:47:11 AM",0,29.444,49.043,77.689,70769.6,1032.497,32.499,0.187,0.187,1.384,7.632,96.027,5.561,1385.531,0,5.574,5.577,21
"5/25/2022 11:47:11 AM",0,29.442,49.127,77.802,70875.1,1032.561,32.563,0.109,0.109,0,7.631,96.057,5.56,1381.283,0,5.573,5.576,21
"5/25/2022 11:47:11 AM",0,29.442,49.131,77.806,70879.5,1032.564,32.566,0,0,0,7.628,96.099,5.563,1396.491,0,5.576,5.579,21
"5/25/2022 11:47:11 AM",0,29.443,49.122,77.796,70868.4,1032.556,32.558,0,0,0,7.628,96.116,5.564,1415.522,0,5.577,5.58,21
"5/25/2022 11:47:11 AM",0,29.445,49.128,77.806,70875.8,1032.56,32.562,7.333,7.333,0,7.629,96.088,5.563,1459.192,0,5.576,5.579,21
"5/25/2022 11:47:12 AM",0,29.442,49.132,77.808,70881.7,1032.565,32.567,2.239,2.239,1.413,7.63,96.133,5.565,1613.649,0,5.578,5.582,21
"5/25/2022 11:47:12 AM",0,29.439,3.969,7.881,7179.5,998.78,0,0,0,0,7.631,96.06,7.132,1692.237,0,7.153,7.152,21
"5/25/2022 11:47:12 AM",0,29.369,1.444,3.042,2775,996.917,0,415.585,415.585,89.563,7.627,96.032,7.229,1748.311,0,7.25,7.25,21
"5/25/2022 11:47:12 AM",0,29.351,1.049,2.244,2048.3,996.627,0,419.017,419.017,532.217,7.625,96.139,7.253,1757.997,0,7.274,7.274,21
"5/25/2022 11:47:12 AM",0,29.382,0.836,1.808,1649.5,996.458,0,177.865,177.865,141.107,7.623,96.15,7.261,1785.864,0,7.282,7.282,21
"5/25/2022 11:47:13 AM",0,29.384,0.755,1.64,1496.2,996.397,0,48.092,48.092,0,7.623,96.063,7.257,1673.461,0,7.277,7.278,21
"5/25/2022 11:47:13 AM",0,29.392,0.689,1.504,1371.4,996.346,0,500.121,500.121,629.187,7.625,96.11,7.262,1744.488,0,7.283,7.283,21
"5/25/2022 11:47:13 AM",0,29.647,0.628,1.382,1254.2,996.224,0,166.944,166.944,163.62,7.631,95.99,7.254,1716.621,0,7.275,7.275,21
"5/25/2022 11:47:13 AM",0,30.097,0.575,1.281,1151.4,996.048,0,355.55,355.55,124.863,7.641,96.543,7.297,1645.339,0,7.318,7.318,21
"5/25/2022 11:47:13 AM",0,30.792,0.517,1.172,1039.8,995.792,0,2.364,2.364,0,7.654,96.839,7.32,1545.256,0,7.341,7.342,21
"5/25/2022 11:47:14 AM",0,30.98,0.501,1.141,1007.9,995.722,0,38.013,38.013,0,7.653,96.456,7.291,1584.678,0,7.312,7.312,21
"5/25/2022 11:47:14 AM",0,31.014,0.492,1.122,991.2,995.705,0,5.975,5.975,0,7.654,96.61,7.302,1563.778,0,7.323,7.323,21
"5/25/2022 11:47:14 AM",0,31.027,0.466,1.066,940.8,995.681,0,0,0,0,7.651,96.752,7.313,1533.192,0,7.334,7.334,21
"5/25/2022 11:47:14 AM",0,31.039,0.447,1.022,902.5,995.663,0,10.968,10.968,0,7.644,96.448,7.288,1438.037,0,7.309,7.31,21
"5/25/2022 11:47:14 AM",0,31.321,0.425,0.98,860.1,995.559,0,425.336,425.336,9.926,7.64,96.666,7.304,1514.671,0,7.325,7.325,21
"5/25/2022 11:47:15 AM",0,31.008,0.411,0.943,833,995.646,0,119.905,119.905,0,7.637,96.711,7.305,1556.981,0,7.326,7.327,21
"5/25/2022 11:47:15 AM",0,30.769,0.395,0.903,801.4,995.708,0,54.972,54.972,0,7.635,96.549,7.292,1577.966,0,7.313,7.313,21
"5/25/2022 11:47:15 AM",0,30.394,0.377,0.857,765.7,995.81,0,57.702,57.702,43.497,7.637,96.413,7.28,1585.867,0,7.301,7.301,21
"5/25/2022 11:47:15 AM",0,30.278,0.367,0.833,746.5,995.838,0,34.698,34.698,5.604,7.637,96.383,7.277,1538.29,0,7.298,7.298,21
"5/25/2022 11:47:16 AM",0,30.006,0.362,0.817,736.3,995.916,0,275.647,275.647,78.219,7.636,96.215,7.263,1559.784,0,7.284,7.284,21
"5/25/2022 11:47:16 AM",0,29.64,0.351,0.787,714.5,996.018,0,273.931,273.931,1.253,7.635,95.879,7.237,1592.409,0,7.258,7.258,21
"5/25/2022 11:47:16 AM",0,29.405,0.345,0.771,702.8,996.084,0,88.851,88.851,0,7.631,95.706,7.223,1577.966,0,7.244,7.244,21
"5/25/2022 11:47:16 AM",0,29.189,0.341,0.759,694.9,996.145,0,41.141,41.141,0,7.628,95.653,7.219,1533.362,0,7.24,7.24,21
"5/25/2022 11:47:16 AM",0,29.08,0.337,0.749,687.3,996.174,0,14.595,14.595,0,7.625,95.548,7.211,1467.008,0,7.231,7.232,21
"5/25/2022 11:47:17 AM",0,28.934,0.331,0.734,675.2,996.212,0,28.543,28.543,18.72,7.619,95.597,7.214,1491.731,0,7.235,7.235,21
"5/25/2022 11:47:17 AM",0,28.549,0.325,0.717,664.8,996.32,0,9.376,9.376,8.151,7.614,95.157,7.181,1480.771,0,7.202,7.202,21
"5/25/2022 11:47:17 AM",0,28.431,0.323,0.709,659.6,996.352,0,32.95,32.95,10.631,7.61,95.246,7.188,1330.307,0,7.209,7.209,21
"5/25/2022 11:47:17 AM",0,28.604,0.32,0.706,654.4,996.3,0,42.569,42.569,66.966,7.608,95.061,7.175,1009.497,0,7.195,7.195,21
"5/25/2022 11:47:17 AM",0,28.75,0.318,0.704,650.1,996.257,0,44.394,44.394,26.088,7.609,94.972,7.169,616.981,0,7.189,7.189,21
"5/25/2022 11:47:18 AM",0,29.479,0.321,0.72,655.6,996.044,0,42.943,42.943,25.835,7.606,95.317,7.195,758.95,0,7.215,7.215,21
"5/25/2022 11:47:18 AM",0,29.894,0.447,1.001,903.4,996.014,0,52.086,52.086,4.23,7.606,95.326,7.191,632.359,0,7.212,7.212,21
"5/25/2022 11:47:18 AM",0,30.166,0.371,0.84,754.5,995.875,0,21.475,21.475,0,7.608,95.457,7.204,542.386,0,7.225,7.225,21
"5/25/2022 11:47:18 AM",0,29.851,0.34,0.767,693.4,995.947,0,35.064,35.064,16.77,7.607,95.338,7.197,936.856,0,7.217,7.217,21
"5/25/2022 11:47:18 AM",0,29.356,0.317,0.711,648.4,996.078,0,43.177,43.177,31.78,7.609,94.998,7.171,1468.877,0,7.192,7.192,21
"5/25/2022 11:47:19 AM",0,29.103,0.31,0.692,634.6,996.147,0,22.833,22.833,12.63,7.61,94.8,7.156,1486.124,0,7.177,7.177,21
"5/25/2022 11:47:19 AM",0,28.962,0.296,0.659,605.9,996.178,0,31.25,31.25,26.698,7.606,94.791,7.156,1482.641,0,7.177,7.177,21
"5/25/2022 11:47:19 AM",0,28.841,0.291,0.646,595.7,996.21,0,81.51,81.51,196.516,7.604,94.499,7.134,1489.013,0,7.155,7.155,21
"5/25/2022 11:47:19 AM",0,28.681,0.28,0.619,573.1,996.248,0,30.517,30.517,108.252,7.605,94.481,7.134,1492.496,0,7.154,7.154,21
"5/25/2022 11:47:19 AM",0,28.642,0.276,0.612,566.8,996.257,0,210.371,210.371,95.104,7.605,94.249,7.117,1437.272,0,7.137,7.138,21
"5/25/2022 11:47:20 AM",0,28.551,0.271,0.599,555.1,996.279,0,109.546,109.546,23.786,7.604,93.886,7.09,1284.683,0,7.11,7.11,21
"5/25/2022 11:47:20 AM",0,28.441,0.271,0.598,555.5,996.311,0,29.37,29.37,5.926,7.6,93.728,7.078,1044.671,0,7.098,7.098,21
"5/25/2022 11:47:20 AM",0,28.396,0.285,0.627,583.7,996.334,0,4.134,4.134,0,7.595,93.743,7.079,927.681,0,7.099,7.099,21
"5/25/2022 11:47:20 AM",0,28.357,0.265,0.585,545,996.331,0,0,0,0,7.595,93.827,7.086,1163.36,0,7.106,7.106,21
"5/25/2022 11:47:20 AM",0,28.187,0.261,0.573,535.5,996.376,0,0.304,0.304,0,7.599,93.774,7.082,1369.304,0,7.102,7.102,21
"5/25/2022 11:47:21 AM",0,28.01,0.261,0.571,535.3,996.427,0,0.936,0.936,0,7.602,93.679,7.075,1480.941,0,7.095,7.095,21
"5/25/2022 11:47:21 AM",0,27.94,0.261,0.572,537.1,996.447,0,0.686,0.686,0.116,7.607,93.974,7.097,1456.983,0,7.117,7.117,21
"5/25/2022 11:47:21 AM",0,27.982,0.251,0.549,515.5,996.427,0,14.244,14.244,0,7.605,94.015,7.1,1427.756,0,7.121,7.121,21
"5/25/2022 11:47:21 AM",0,28.068,0.249,0.546,511.7,996.401,0,123.915,123.915,0,7.601,94.294,7.122,1416.627,0,7.142,7.142,21
"5/25/2022 11:47:22 AM",0,28.116,0.244,0.537,502.6,996.384,0,15.079,15.079,0,7.61,94.805,7.161,1387.655,0,7.181,7.181,21
"5/25/2022 11:47:22 AM",0,29.256,1.11,2.365,2162.5,996.701,0,0,0,8.225,7.737,97.438,7.31,1245.772,0,7.331,7.331,21
"5/25/2022 11:47:22 AM",0,30.907,1.49,3.225,2853.9,996.482,0,1.513,1.513,10.132,7.92,97.312,7.254,411.122,0,7.275,7.275,21
"5/25/2022 11:47:22 AM",0,31.142,1.369,2.99,2634,996.319,0,2.301,2.301,9.574,7.98,96.668,7.193,321.235,0,7.214,7.214,21
"5/25/2022 11:47:22 AM",0,31.196,1.329,2.911,2561.7,996.273,0,1.95,1.95,10.337,8.014,96.047,7.136,287.59,0,7.156,7.156,21
"5/25/2022 11:47:23 AM",0,31.225,1.308,2.869,2523.5,996.248,0,2.808,2.808,11.439,8.031,95.81,7.11,273.487,0,7.13,7.13,21
"5/25/2022 11:47:23 AM",0,31.24,1.315,2.884,2535.5,996.248,0,1.56,1.56,8.533,8.049,95.724,7.094,270.089,0,7.114,7.114,21
"5/25/2022 11:47:23 AM",0,31.236,1.271,2.791,2454.2,996.216,0,1.279,1.279,8.313,8.051,95.65,7.086,926.321,0,7.106,7.106,21
"5/25/2022 11:47:23 AM",0,31.234,1.292,2.835,2492.8,996.233,0,1.576,1.576,9.941,8.052,95.582,7.077,1228.355,0,7.098,7.097,21
"5/25/2022 11:47:23 AM",0,31.233,1.2,2.643,2324.2,996.165,0,1.888,1.888,10.176,8.048,95.645,7.084,1311.956,0,7.104,7.104,21
"5/25/2022 11:47:24 AM",0,31.221,1.205,2.653,2333.9,996.172,0,1.95,1.95,10.22,8.048,95.321,7.058,1341.607,0,7.078,7.078,21
"5/25/2022 11:47:24 AM",0,31.219,1.189,2.62,2304.4,996.161,0,2.137,2.137,10.146,8.047,95.331,7.059,1364.291,0,7.079,7.079,21
"5/25/2022 11:47:24 AM",0,31.22,1.179,2.6,2286.7,996.154,0,1.896,1.896,11.189,8.046,95.4,7.064,1378.989,0,7.084,7.084,21
"5/25/2022 11:47:24 AM",0,31.218,1.197,2.637,2319.7,996.167,0,1.74,1.74,10.455,8.049,95.258,7.052,1400.994,0,7.072,7.072,21
"5/25/2022 11:47:24 AM",0,31.223,1.156,2.551,2243.8,996.135,0,1.857,1.857,10.073,8.052,95.358,7.061,1426.907,0,7.081,7.081,21
"5/25/2022 11:47:25 AM",0,31.224,1.183,2.607,2293.2,996.155,0,2.098,2.098,9.838,8.058,95.459,7.067,1468.537,0,7.087,7.087,21
"5/25/2022 11:47:25 AM",0,31.211,1.164,2.566,2257.7,996.145,0,2.27,2.27,10.102,8.063,95.374,7.061,1503.881,0,7.082,7.082,21
"5/25/2022 11:47:25 AM",0,31.204,1.175,2.589,2278.4,996.155,0,1.747,1.747,10.161,8.065,95.251,7.052,1502.521,0,7.072,7.072,21
"5/25/2022 11:47:25 AM",0,31.199,1.165,2.569,2260.9,996.149,0,2.231,2.231,9.794,8.066,95.331,7.058,1506.005,0,7.079,7.078,21
"5/25/2022 11:47:25 AM",0,31.2,1.173,2.585,2275,996.155,0,1.857,1.857,9.794,8.067,95.444,7.066,1508.893,0,7.087,7.087,21
"5/25/2022 11:47:26 AM",0,31.199,1.16,2.558,2251.3,996.146,0,1.903,1.903,9.647,8.066,95.549,7.075,1508.808,0,7.095,7.095,21
"5/25/2022 11:47:26 AM",0,31.195,1.153,2.543,2237.6,996.141,0,2.013,2.013,10.088,8.065,95.399,7.064,1508.299,0,7.085,7.085,21
"5/25/2022 11:47:26 AM",0,31.194,1.161,2.559,2252,996.148,0,1.818,1.818,9.471,8.066,95.382,7.063,1515.945,0,7.083,7.083,21
"5/25/2022 11:47:26 AM",0,31.195,1.151,2.538,2233.4,996.14,0,1.935,1.935,9.75,8.065,95.375,7.063,1518.494,0,7.083,7.083,21
"5/25/2022 11:47:27 AM",0,31.19,1.148,2.531,2228,996.139,0,2.223,2.223,9.545,8.064,95.319,7.059,1519.343,0,7.08,7.08,21
"5/25/2022 11:47:27 AM",0,31.187,1.119,2.472,2175.6,996.119,0,2.067,2.067,9.501,8.064,95.355,7.063,1516.88,0,7.083,7.083,21
"5/25/2022 11:47:27 AM",0,31.186,1.12,2.474,2177.8,996.12,0,1.966,1.966,9.559,8.064,95.387,7.066,1511.357,0,7.086,7.086,21
"5/25/2022 11:47:27 AM",0,31.183,1.09,2.41,2121.7,996.098,0,1.63,1.63,9.677,8.063,95.421,7.069,1509.658,0,7.09,7.09,21
"5/25/2022 11:47:27 AM",0,31.184,1.075,2.379,2094.2,996.087,0,1.849,1.849,10.337,8.06,95.313,7.062,1510.083,0,7.082,7.082,21
"5/25/2022 11:47:28 AM",0,31.185,1.045,2.315,2037.7,996.064,0,1.833,1.833,11.072,8.057,95.507,7.078,1510.847,0,7.098,7.098,21
"5/25/2022 11:47:28 AM",0,31.195,1.049,2.325,2046.3,996.064,0,2.067,2.067,10.851,8.053,95.508,7.078,1508.638,0,7.098,7.098,21
"5/25/2022 11:47:28 AM",0,31.211,1.03,2.285,2010.3,996.045,0,1.818,1.818,10.704,8.05,95.422,7.072,1503.796,0,7.092,7.092,21
"5/25/2022 11:47:28 AM",0,31.221,1.033,2.292,2015.7,996.044,0,2.028,2.028,10.778,8.053,95.448,7.074,1496.999,0,7.094,7.094,21
"5/25/2022 11:47:28 AM",0,31.231,1.015,2.254,1982.4,996.027,0,2.028,2.028,10.367,8.056,95.391,7.071,1494.96,0,7.091,7.091,21
"5/25/2022 11:47:29 AM",0,31.24,1.026,2.277,2002.3,996.033,0,1.818,1.818,10.557,8.054,95.386,7.069,1494.62,0,7.09,7.09,21
"5/25/2022 11:47:29 AM",0,31.248,1.03,2.287,2010.5,996.033,0,1.763,1.763,10.058,8.053,95.395,7.07,1496.744,0,7.09,7.09,21
"5/25/2022 11:47:29 AM",0,31.25,1.024,2.274,1999,996.028,0,1.864,1.864,9.867,8.05,95.319,7.065,1504.221,0,7.085,7.085,21
"5/25/2022 11:47:29 AM",0,31.252,1.038,2.304,2025.6,996.038,0,1.942,1.942,9.325,8.047,95.326,7.064,1514.416,0,7.085,7.085,21
"5/25/2022 11:47:29 AM",0,31.253,1.037,2.301,2023.1,996.037,0,1.966,1.966,9.148,8.047,95.454,7.074,1523.676,0,7.094,7.094,21
"5/25/2022 11:47:30 AM",0,31.253,1.058,2.346,2062.3,996.053,0,1.482,1.482,10.234,8.045,95.43,7.071,1534.721,0,7.091,7.091,21
"5/25/2022 11:47:30 AM",0,31.254,1.057,2.343,2059.9,996.051,0,1.896,1.896,9.691,8.047,95.321,7.063,1540.838,0,7.083,7.083,21
"5/25/2022 11:47:30 AM",0,31.255,1.065,2.36,2074.7,996.057,0,1.903,1.903,9.53,8.045,95.376,7.067,1546.446,0,7.087,7.087,21
"5/25/2022 11:47:30 AM",0,31.252,1.059,2.349,2064.8,996.054,0,1.981,1.981,10.088,8.042,95.311,7.062,1550.949,0,7.082,7.082,21
"5/25/2022 11:47:30 AM",0,31.25,1.063,2.356,2070.9,996.057,0,1.786,1.786,9.779,8.04,95.379,7.068,1553.837,0,7.088,7.088,21
"5/25/2022 11:47:31 AM",0,31.254,1.058,2.346,2062.3,996.052,0,1.919,1.919,10.323,8.039,95.29,7.061,1552.988,0,7.081,7.081,21
"5/25/2022 11:47:31 AM",0,31.256,1.055,2.34,2056.5,996.049,0,1.693,1.693,10.234,8.037,95.381,7.068,1552.563,0,7.089,7.089,21
"5/25/2022 11:47:31 AM",0,31.255,1.049,2.327,2045.5,996.045,0,1.779,1.779,9.618,8.036,95.397,7.07,1552.818,0,7.09,7.09,21
"5/25/2022 11:47:31 AM",0,31.255,1.045,2.318,2038,996.042,0,1.919,1.919,9.471,8.035,95.393,7.07,1552.818,0,7.09,7.09,21
"5/25/2022 11:47:31 AM",0,31.255,1.032,2.292,2014.8,996.033,0,1.591,1.591,10.146,8.035,95.316,7.065,1553.243,0,7.085,7.085,21
"5/25/2022 11:47:32 AM",0,31.254,1.011,2.246,1974.7,996.017,0,1.857,1.857,9.985,8.036,95.469,7.077,1551.713,0,7.098,7.098,21
"5/25/2022 11:47:32 AM",0,31.254,0.988,2.199,1933,996.001,0,1.701,1.701,9.677,8.033,95.321,7.067,1547.635,0,7.088,7.087,21
"5/25/2022 11:47:32 AM",0,31.253,0.961,2.14,1881,995.98,0,1.763,1.763,9.53,8.028,95.414,7.075,1539.904,0,7.095,7.095,21
"5/25/2022 11:47:32 AM",0,31.251,0.945,2.107,1851.9,995.969,0,1.646,1.646,9.765,8.024,95.475,7.08,1533.872,0,7.101,7.1,21
"5/25/2022 11:47:33 AM",0,31.253,0.923,2.061,1811.5,995.952,0,2.091,2.091,10.234,8.023,95.417,7.077,1526.905,0,7.097,7.097,21
"5/25/2022 11:47:33 AM",0,31.257,0.914,2.041,1793.9,995.944,0,1.997,1.997,9.867,8.02,95.398,7.076,1513.991,0,7.096,7.096,21
"5/25/2022 11:47:33 AM",0,31.259,0.904,2.02,1775.7,995.936,0,2.098,2.098,9.457,8.022,95.516,7.084,1507.449,0,7.105,7.105,21
"5/25/2022 11:47:33 AM",0,31.258,0.91,2.032,1786.1,995.94,0,2.27,2.27,9.867,8.028,95.474,7.081,1500.652,0,7.102,7.102,21
"5/25/2022 11:47:33 AM",0,31.246,0.918,2.049,1801.1,995.95,0,2.013,2.013,9.75,8.028,95.489,7.082,1501.162,0,7.102,7.102,21
"5/25/2022 11:47:34 AM",0,31.244,0.917,2.047,1800,995.95,0,2.098,2.098,9.721,8.028,95.539,7.085,1506.514,0,7.106,7.106,21
"5/25/2022 11:47:34 AM",0,31.247,0.933,2.08,1828.8,995.961,0,2.044,2.044,9.721,8.033,95.415,7.075,1513.141,0,7.096,7.096,21
"5/25/2022 11:47:34 AM",0,31.253,0.938,2.091,1838.2,995.963,0,1.537,1.537,10.264,8.035,95.46,7.078,1522.062,0,7.098,7.098,21
"5/25/2022 11:47:34 AM",0,31.257,0.963,2.145,1885.2,995.98,0,1.903,1.903,10.073,8.035,95.542,7.083,1535.061,0,7.103,7.103,21
"5/25/2022 11:47:34 AM",0,31.261,0.968,2.156,1895.3,995.983,0,3.557,3.557,10,8.036,95.536,7.081,1540.499,0,7.102,7.102,21
"5/25/2022 11:47:35 AM",0,31.267,0.977,2.175,1911.8,995.988,0,5.312,5.312,10.19,8.035,95.422,7.072,1544.747,0,7.092,7.092,21
"5/25/2022 11:47:35 AM",0,31.268,0.977,2.175,1911.3,995.987,0,2.746,2.746,10.176,8.032,95.565,7.082,1547.295,0,7.103,7.103,21
"5/25/2022 11:47:35 AM",0,31.265,0.974,2.168,1905.2,995.986,0,1.927,1.927,10.029,8.03,95.567,7.082,1544.492,0,7.102,7.102,21
"5/25/2022 11:47:35 AM",0,31.264,0.97,2.161,1899.1,995.984,0,1.997,1.997,9.413,8.026,95.563,7.081,1544.322,0,7.102,7.102,21
"5/25/2022 11:47:36 AM",0,31.26,0.965,2.149,1888.8,995.981,0,2.067,2.067,9.926,8.024,95.543,7.08,1541.263,0,7.1,7.1,21
"5/25/2022 11:47:36 AM",0,31.258,0.955,2.129,1871.2,995.974,0,1.833,1.833,9.501,8.024,95.488,7.076,1538.29,0,7.096,7.096,21
"5/25/2022 11:47:36 AM",0,31.256,0.944,2.105,1850.2,995.967,0,1.841,1.841,10,8.021,95.475,7.075,1531.578,0,7.095,7.095,21
"5/25/2022 11:47:36 AM",0,31.25,0.936,2.087,1834.6,995.962,0,1.966,1.966,9.779,8.019,95.5,7.077,1521.213,0,7.097,7.097,21
"5/25/2022 11:47:36 AM",0,31.244,0.924,2.063,1813.5,995.956,0,1.981,1.981,9.647,8.015,95.432,7.072,1514.926,0,7.092,7.092,21
"5/25/2022 11:51:03 AM",0.132,29.463,48.997,77.653,70710.1,1032.458,32.457,0.062,0.062,0.146,7.591,95.692,5.508,1120.965,0,5.521,5.524,21
"5/25/2022 11:51:03 AM",0.172,29.461,48.998,77.652,70711.1,1032.459,32.458,0.055,0.055,0.16,7.599,95.717,5.51,1047.984,0,5.523,5.526,21
"5/25/2022 11:51:03 AM",0.256,29.458,48.998,77.648,70712.1,1032.461,32.459,0.148,0.148,0.277,7.615,95.609,5.504,934.902,0,5.517,5.52,21
"5/25/2022 11:51:03 AM",0.367,29.454,49.007,77.654,70723.2,1032.469,32.467,0.101,0.101,0.189,7.644,95.65,5.508,897.35,0,5.521,5.524,21
"5/25/2022 11:51:04 AM",0.418,29.452,49.012,77.658,70730.6,1032.474,32.473,0.07,0.07,0.058,7.654,95.69,5.511,784.183,0,5.523,5.526,21
"5/25/2022 11:51:04 AM",0.447,29.446,49.019,77.658,70739,1032.481,32.479,0.094,0.094,0.175,7.662,95.704,5.512,946.712,0,5.524,5.527,21
"5/25/2022 11:51:04 AM",0.451,29.442,49.043,77.687,70770.4,1032.501,32.499,0.039,0.039,0.087,7.669,95.758,5.514,768.635,0,5.527,5.53,21
"5/25/2022 11:51:04 AM",0.358,29.448,49.008,77.646,70724.9,1032.472,32.47,0.008,0.008,0,7.683,95.682,5.512,619.53,0,5.525,5.528,21
"5/25/2022 11:51:04 AM",0.264,29.452,49.013,77.659,70731.5,1032.474,32.473,0.078,0.078,0.16,7.688,95.754,5.516,738.049,0,5.529,5.532,21
"5/25/2022 11:51:05 AM",0.136,29.452,49.034,77.689,70757.9,1032.489,32.489,0.016,0.016,0,7.696,95.816,5.519,827.767,0,5.532,5.535,21
"5/25/2022 11:51:05 AM",0.023,29.451,49.021,77.668,70740.9,1032.479,32.479,0.008,0.008,0,7.704,95.905,5.525,1009.582,0,5.537,5.541,21
"5/25/2022 11:51:05 AM",0,29.448,49.012,77.651,70729.8,1032.473,32.473,0.008,0.008,0,7.719,95.781,5.518,884.606,0,5.531,5.534,21
"5/25/2022 11:51:05 AM",0.054,29.444,49.015,77.651,70734.8,1032.477,32.477,0.016,0.016,0,7.723,95.725,5.516,938.725,0,5.528,5.532,21
"5/25/2022 11:51:05 AM",0.19,29.435,49.017,77.641,70738.6,1032.483,32.482,0.047,0.047,0.073,7.731,95.867,5.525,926.831,0,5.537,5.54,21
"5/25/2022 11:51:06 AM",0.377,29.432,49.021,77.641,70743.6,1032.488,32.486,0.062,0.062,0.146,7.74,95.733,5.517,921.733,0,5.53,5.533,21
"5/25/2022 11:51:06 AM",0.564,29.435,49.027,77.653,70750.5,1032.492,32.489,0.016,0.016,0.015,7.748,95.749,5.519,679.087,0,5.532,5.535,21
"5/25/2022 11:51:06 AM",0.645,29.436,49.028,77.656,70752,1032.493,32.49,0,0,0,7.755,95.786,5.521,511.63,0,5.534,5.537,21
"5/25/2022 11:51:06 AM",0.699,29.437,49.039,77.673,70765.6,1032.501,32.498,0.133,0.133,0.306,7.764,95.86,5.525,335.083,0,5.538,5.541,21
"5/25/2022 11:51:06 AM",0.758,29.437,49.032,77.665,70757.6,1032.496,32.493,0.055,0.055,0.102,7.765,95.799,5.522,370.257,0,5.534,5.537,21
"5/25/2022 11:51:07 AM",0.891,29.433,49.026,77.651,70750.5,1032.493,32.49,0.031,0.031,0.015,7.772,95.769,5.52,530.152,0,5.533,5.536,21
"5/25/2022 11:51:07 AM",0.979,29.432,49.029,77.653,70754.2,1032.496,32.492,0.047,0.047,0.044,7.774,95.666,5.514,567.194,0,5.527,5.53,21
"5/25/2022 11:51:07 AM",1.065,29.429,49.033,77.655,70759.5,1032.501,32.496,0.023,0.023,0.029,7.773,95.713,5.516,621.484,0,5.529,5.532,21
"5/25/2022 11:51:07 AM",1.139,29.429,49.036,77.658,70762.8,1032.503,32.498,0.031,0.031,0.029,7.772,95.765,5.52,532.785,0,5.533,5.536,21
"5/25/2022 11:51:07 AM",1.228,29.426,49.039,77.657,70767.2,1032.507,32.502,0.031,0.031,0.044,7.774,95.804,5.522,483.424,0,5.534,5.538,21
"5/25/2022 11:51:08 AM",1.272,29.429,49.042,77.666,70770.6,1032.508,32.503,0.031,0.031,0.044,7.773,95.663,5.513,476.202,0,5.526,5.529,21
"5/25/2022 11:51:08 AM",1.287,29.43,49.049,77.678,70779.6,1032.513,32.508,0.023,0.023,0.015,7.773,95.768,5.519,547.654,0,5.531,5.535,21
"5/25/2022 11:51:08 AM",1.287,29.431,49.054,77.686,70785.3,1032.516,32.511,0.008,0.008,0.044,7.775,95.798,5.52,610.864,0,5.532,5.535,21
"5/25/2022 11:51:08 AM",1.259,29.438,49.036,77.671,70762.2,1032.501,32.495,0.016,0.016,0.015,7.777,95.752,5.518,632.019,0,5.531,5.534,21
"5/25/2022 11:51:09 AM",1.211,29.441,49.034,77.672,70759.1,1032.498,32.493,0.016,0.016,0.029,7.78,95.656,5.513,593.192,0,5.526,5.529,21
"5/25/2022 11:51:09 AM",1.148,29.439,49.032,77.667,70756.7,1032.496,32.492,0.023,0.023,0.058,7.781,95.69,5.516,575.52,0,5.529,5.532,21
"5/25/2022 11:51:09 AM",1.046,29.441,49.036,77.675,70761.3,1032.498,32.494,0,0,0,7.782,95.722,5.517,714.091,0,5.53,5.533,21
"5/25/2022 11:51:09 AM",0.988,29.44,49.045,77.685,70772.8,1032.505,32.501,0.031,0.031,0.015,7.78,95.761,5.52,695.909,0,5.532,5.536,21
"5/25/2022 11:51:09 AM",0.941,29.438,49.043,77.682,70771.2,1032.505,32.501,0.023,0.023,0,7.778,95.75,5.52,660.226,0,5.532,5.535,21
"5/25/2022 11:51:10 AM",0.887,29.439,49.046,77.687,70774.9,1032.506,32.503,0.047,0.047,0.044,7.777,95.766,5.521,740.768,0,5.534,5.537,21
"5/25/2022 11:51:10 AM",0.852,29.444,49.046,77.693,70773.8,1032.504,32.501,0.039,0.039,0.058,7.778,95.834,5.525,741.363,0,5.537,5.541,21
"5/25/2022 11:51:10 AM",0.839,29.444,49.053,77.703,70782.8,1032.51,32.506,0.023,0.023,0,7.779,95.683,5.516,670.166,0,5.528,5.531,21
"5/25/2022 11:51:10 AM",0.833,29.442,49.066,77.718,70798.9,1032.52,32.516,0.055,0.055,0.116,7.778,95.779,5.52,637.966,0,5.533,5.536,21
"5/25/2022 11:51:10 AM",0.852,29.439,49.075,77.727,70811.2,1032.528,32.525,0.047,0.047,0.102,7.778,95.753,5.518,557.424,0,5.531,5.534,21
"5/25/2022 11:51:11 AM",0.88,29.438,49.066,77.713,70799.4,1032.521,32.518,0.031,0.031,0.029,7.781,95.844,5.523,551.817,0,5.536,5.539,21
"5/25/2022 11:51:11 AM",0.92,29.439,49.063,77.709,70796.3,1032.52,32.516,0.023,0.023,0.029,7.782,95.784,5.52,656.488,0,5.533,5.536,21
"5/25/2022 11:51:11 AM",0.955,29.437,49.063,77.707,70796.5,1032.52,32.516,0,0,0,7.784,95.793,5.52,784.608,0,5.533,5.536,21
"5/25/2022 11:51:11 AM",1.007,29.436,49.065,77.708,70798.5,1032.522,32.518,0.055,0.055,0.073,7.788,95.866,5.524,799.306,0,5.536,5.54,21
"5/25/2022 11:51:11 AM",1.054,29.435,49.067,77.71,70801.8,1032.525,32.52,0.047,0.047,0.087,7.792,95.84,5.522,673.734,0,5.534,5.537,21
"5/25/2022 11:51:12 AM",1.091,29.435,49.068,77.712,70803,1032.525,32.521,0.047,0.047,0.058,7.791,95.898,5.525,721.907,0,5.538,5.541,21
"5/25/2022 11:51:12 AM",1.122,29.437,49.07,77.716,70804.7,1032.526,32.521,0.023,0.023,0,7.792,95.736,5.515,756.231,0,5.528,5.531,21
"5/25/2022 11:51:12 AM",1.155,29.44,49.077,77.731,70813,1032.53,32.525,0.039,0.039,0.058,7.799,95.822,5.52,783.588,0,5.532,5.536,21
"5/25/2022 11:51:12 AM",1.157,29.445,49.064,77.72,70796.9,1032.519,32.514,0.008,0.008,0,7.796,95.849,5.522,702.366,0,5.535,5.538,21
"5/25/2022 11:51:12 AM",1.155,29.446,49.061,77.717,70792.9,1032.517,32.512,0.016,0.016,0,7.797,95.817,5.522,864.895,0,5.534,5.537,21
"5/25/2022 11:51:13 AM",1.127,29.447,49.06,77.717,70791.4,1032.515,32.51,0.055,0.055,0.131,7.799,95.618,5.511,923.178,0,5.524,5.527,21
"5/25/2022 11:51:13 AM",1.092,29.447,49.059,77.716,70789.5,1032.514,32.509,0.062,0.062,0.116,7.802,95.727,5.517,786.986,0,5.53,5.533,21
"5/25/2022 11:51:13 AM",1.073,29.447,49.06,77.717,70791,1032.515,32.51,0.023,0.023,0.015,7.801,95.754,5.519,658.697,0,5.532,5.535,21
"5/25/2022 11:51:13 AM",1.052,29.449,49.062,77.722,70793.8,1032.516,32.511,0,0,0,7.8,95.807,5.522,763.283,0,5.535,5.538,21
"5/25/2022 11:51:14 AM",1.028,29.451,49.062,77.725,70793,1032.515,32.51,0.047,0.047,0.087,7.794,95.807,5.522,796.757,0,5.535,5.538,21
"5/25/2022 11:51:14 AM",1.037,29.452,49.067,77.733,70799.1,1032.518,32.514,0.07,0.07,0.146,7.794,95.766,5.52,762.348,0,5.532,5.536,21
"5/25/2022 11:51:14 AM",1.091,29.447,49.064,77.724,70796.6,1032.518,32.513,0.062,0.062,0.146,7.794,95.832,5.524,584.951,0,5.537,5.54,21
"5/25/2022 11:51:14 AM",1.228,29.442,49.067,77.72,70800.8,1032.523,32.517,0.023,0.023,0.015,7.796,95.689,5.516,611.629,0,5.528,5.531,21
"5/25/2022 11:51:14 AM",1.468,29.439,49.067,77.716,70801.3,1032.525,32.518,0.008,0.008,0,7.798,95.721,5.519,935.157,0,5.532,5.535,21
"5/25/2022 11:51:15 AM",1.658,29.436,49.072,77.718,70807.4,1032.53,32.523,0.078,0.078,0.175,7.801,95.76,5.523,597.185,0,5.536,5.539,21
"5/25/2022 11:51:15 AM",1.816,29.436,49.083,77.733,70821.3,1032.539,32.531,0.047,0.047,0.102,7.804,95.69,5.519,401.437,0,5.532,5.535,21
"5/25/2022 11:51:15 AM",2.053,29.433,49.087,77.735,70826.8,1032.544,32.535,0.016,0.016,0,7.806,95.907,5.533,269.834,0,5.545,5.549,21
"5/25/2022 11:51:15 AM",2.211,29.426,49.091,77.731,70833.2,1032.551,32.541,0.062,0.062,0.073,7.806,95.793,5.526,238.228,0,5.539,5.542,21
"5/25/2022 11:51:15 AM",2.359,29.424,49.097,77.737,70841.4,1032.557,32.547,0.07,0.07,0.102,7.804,95.708,5.522,220.812,0,5.534,5.538,21
"5/25/2022 11:51:16 AM",2.515,29.423,49.1,77.738,70844.6,1032.56,32.549,0.023,0.023,0,7.802,95.796,5.527,217.668,0,5.54,5.543,21
"5/25/2022 11:51:16 AM",2.719,29.425,49.105,77.748,70851,1032.564,32.552,0.07,0.07,0.102,7.798,95.79,5.527,127.016,0,5.54,5.543,21
"5/25/2022 11:51:16 AM",2.853,29.426,49.103,77.747,70849.1,1032.563,32.551,0.031,0.031,0.015,7.796,95.823,5.53,73.066,0,5.543,5.546,21
"5/25/2022 11:51:16 AM",2.997,29.427,49.107,77.755,70853.7,1032.566,32.553,0.023,0.023,0,7.796,95.764,5.526,57.603,0,5.539,5.542,21
"5/25/2022 11:51:16 AM",3.135,29.428,49.11,77.76,70857,1032.568,32.555,0,0,0,7.798,95.83,5.531,53.95,0,5.544,5.547,21
"5/25/2022 11:51:17 AM",3.356,29.429,49.109,77.759,70855.8,1032.568,32.554,0,0,0,7.807,95.849,5.532,42.48,0,5.545,5.548,21
"5/25/2022 11:51:17 AM",3.528,29.428,49.107,77.755,70853.1,1032.567,32.552,0,0,0,7.805,95.839,5.531,35.258,0,5.544,5.547,21
"5/25/2022 11:51:17 AM",3.695,29.426,49.106,77.751,70853,1032.569,32.553,0,0,0,7.804,95.792,5.528,29.226,0,5.541,5.544,21
"5/25/2022 11:51:17 AM",3.978,29.423,49.115,77.759,70864,1032.577,32.56,0,0,0,7.799,95.746,5.526,24.214,0,5.539,5.542,21
"5/25/2022 11:51:17 AM",4.175,29.422,49.119,77.765,70869.7,1032.581,32.564,0.07,0.07,0,7.799,95.892,5.534,23.704,0,5.547,5.55,21
"5/25/2022 11:51:18 AM",4.373,29.422,49.128,77.777,70881.2,1032.589,32.571,0.086,0.086,0,7.8,95.813,5.529,26.168,0,5.542,5.545,21
"5/25/2022 11:51:18 AM",4.554,29.423,49.135,77.788,70889.8,1032.595,32.576,0,0,0,7.803,95.83,5.53,28.717,0,5.543,5.546,21
"5/25/2022 11:51:18 AM",4.827,29.423,49.133,77.786,70887.4,1032.594,32.574,0,0,0,7.806,95.937,5.537,27.272,0,5.549,5.553,21
"5/25/2022 11:51:18 AM",5.008,29.423,49.134,77.787,70889.3,1032.596,32.575,0.374,0.374,1.02,7.81,95.841,5.531,25.913,0,5.544,5.547,21
"5/25/2022 11:51:19 AM",5.193,29.421,49.14,77.793,70897,1032.602,32.58,0.218,0.218,0.466,7.811,95.839,5.531,24.978,0,5.544,5.547,21
"5/25/2022 11:51:19 AM",5.48,29.418,49.147,77.798,70906,1032.61,32.586,0,0,0,7.808,95.784,5.528,26.253,0,5.541,5.544,21
"5/25/2022 11:51:19 AM",5.65,29.418,49.148,77.799,70907.1,1032.611,32.587,0.273,0.273,0,7.807,95.872,5.533,26.678,0,5.546,5.549,21
"5/25/2022 11:51:19 AM",5.838,29.417,49.149,77.799,70908.2,1032.613,32.588,0.593,0.593,1.063,7.81,95.918,5.536,28.802,0,5.549,5.552,21
"5/25/2022 11:51:19 AM",5.998,29.416,49.153,77.803,70913.9,1032.617,32.592,1.069,1.069,2.317,7.81,95.775,5.528,33.304,0,5.541,5.544,21
"5/25/2022 11:51:20 AM",6.226,29.415,49.155,77.804,70916.7,1032.62,32.594,0,0,0,7.809,95.783,5.529,31.69,0,5.542,5.545,21
"5/25/2022 11:51:20 AM",6.388,29.415,49.155,77.805,70916.8,1032.621,32.594,0,0,0,7.809,95.895,5.536,29.056,0,5.549,5.552,21
"5/25/2022 11:51:20 AM",6.555,29.412,49.159,77.806,70922.3,1032.626,32.598,0.359,0.359,0.874,7.809,95.83,5.532,28.122,0,5.545,5.548,21
"5/25/2022 11:51:20 AM",6.716,29.41,49.161,77.807,70924.7,1032.628,32.599,0,0,0,7.81,95.737,5.527,25.998,0,5.54,5.543,21
"5/25/2022 11:51:20 AM",6.976,29.41,49.157,77.8,70920.3,1032.627,32.597,0,0,0,7.816,95.816,5.531,23.194,0,5.544,5.547,21
"5/25/2022 11:51:21 AM",7.153,29.409,49.161,77.804,70925.5,1032.631,32.6,0.023,0.023,0,7.815,95.827,5.532,21.75,0,5.545,5.548,21
"5/25/2022 11:51:21 AM",7.344,29.408,49.163,77.807,70928.4,1032.633,32.602,0.125,0.125,0,7.818,95.963,5.54,20.9,0,5.552,5.556,21
"5/25/2022 11:51:21 AM",7.532,29.407,49.167,77.811,70933.8,1032.638,32.606,0,0,0.218,7.817,95.993,5.541,20.305,0,5.554,5.557,21
"5/25/2022 11:51:21 AM",7.817,29.407,49.17,77.815,70937.2,1032.641,32.608,0.016,0.016,0.131,7.823,95.866,5.535,19.371,0,5.547,5.551,21
"5/25/2022 11:51:21 AM",8.009,29.408,49.17,77.816,70937.7,1032.642,32.608,0.117,0.117,0,7.819,95.873,5.535,19.116,0,5.548,5.551,21
"5/25/2022 11:51:22 AM",8.186,29.408,49.172,77.819,70940.4,1032.644,32.609,0.062,0.062,0,7.821,95.862,5.535,18.861,0,5.548,5.551,21
"5/25/2022 11:51:22 AM",8.458,29.407,49.173,77.818,70940.8,1032.646,32.61,0.117,0.117,0,7.818,95.926,5.539,18.606,0,5.552,5.555,21
"5/25/2022 11:51:22 AM",8.652,29.407,49.176,77.823,70944.6,1032.649,32.612,0.265,0.265,0.175,7.818,95.956,5.541,18.351,0,5.554,5.557,21
"5/25/2022 11:51:22 AM",8.828,29.405,49.179,77.825,70949,1032.653,32.615,0.148,0.148,0.146,7.814,95.863,5.536,18.012,0,5.549,5.552,21
"5/25/2022 11:51:23 AM",9.11,29.406,49.178,77.825,70948.1,1032.653,32.614,0.25,0.25,0,7.812,95.831,5.534,17.842,0,5.547,5.55,21
"5/25/2022 11:51:23 AM",9.294,29.405,49.178,77.824,70948.1,1032.654,32.614,0.179,0.179,0,7.815,95.873,5.536,17.587,0,5.549,5.552,21
"5/25/2022 11:51:23 AM",9.48,29.405,49.178,77.824,70948.6,1032.655,32.615,0.351,0.351,0.655,7.813,95.912,5.538,16.992,0,5.551,5.554,21
"5/25/2022 11:51:23 AM",9.668,29.404,49.178,77.824,70949.1,1032.656,32.615,0.094,0.094,0.233,7.812,95.96,5.541,16.652,0,5.554,5.557,21
"5/25/2022 11:51:23 AM",9.945,29.404,49.18,77.824,70950.7,1032.658,32.616,0,0,0,7.813,95.932,5.54,16.567,0,5.553,5.556,21
"5/25/2022 11:51:24 AM",10.136,29.404,49.181,77.827,70952.7,1032.66,32.617,0,0,0,7.813,95.981,5.543,16.312,0,5.556,5.559,21
"5/25/2022 11:51:24 AM",10.319,29.404,49.184,77.83,70956,1032.663,32.619,0,0,0.102,7.816,95.77,5.531,16.312,0,5.544,5.547,21
"5/25/2022 11:51:24 AM",10.507,29.403,49.182,77.827,70954.1,1032.663,32.618,0.242,0.242,0.612,7.815,95.886,5.538,16.482,0,5.551,5.554,21
"5/25/2022 11:51:24 AM",10.778,29.402,49.188,77.834,70961.5,1032.669,32.623,0.218,0.218,0.553,7.812,95.895,5.538,17.247,0,5.551,5.554,21
"5/25/2022 11:51:24 AM",10.952,29.402,49.188,77.834,70961.8,1032.67,32.623,0.195,0.195,0.364,7.812,95.791,5.532,17.927,0,5.545,5.548,21
"5/25/2022 11:51:25 AM",11.112,29.402,49.188,77.836,70962.5,1032.671,32.623,0.125,0.125,0.189,7.81,95.916,5.54,18.861,0,5.552,5.556,21
"5/25/2022 11:51:25 AM",11.272,29.402,49.189,77.836,70963.4,1032.672,32.624,0,0,0,7.811,95.892,5.538,18.776,0,5.551,5.554,21
"5/25/2022 11:51:25 AM",11.519,29.402,49.198,77.848,70974.9,1032.68,32.631,2.13,2.13,4.99,7.814,95.868,5.537,23.789,0,5.55,5.553,21
"5/25/2022 11:51:25 AM",11.604,29.4,49.203,77.852,70981.1,1032.684,32.635,1.123,1.123,2.609,7.809,95.833,5.536,50.636,0,5.549,5.552,21
"5/25/2022 11:51:25 AM",11.634,29.399,49.208,77.857,70987.2,1032.689,32.639,0.398,0.398,0.845,7.808,95.836,5.536,95.835,0,5.549,5.552,21
"5/25/2022 11:51:26 AM",11.635,29.399,49.203,77.851,70981.2,1032.685,32.635,0.148,0.148,0.233,7.809,95.926,5.541,112.912,0,5.554,5.557,21
"5/25/2022 11:51:26 AM",11.601,29.4,49.204,77.854,70982.3,1032.685,32.636,0.055,0.055,0.044,7.813,95.888,5.539,119.539,0,5.552,5.555,21
"5/25/2022 11:51:26 AM",11.585,29.401,49.206,77.857,70984.6,1032.686,32.637,0.055,0.055,0.073,7.815,95.961,5.543,128.63,0,5.556,5.559,21
"5/25/2022 11:51:26 AM",11.55,29.4,49.207,77.858,70986.2,1032.687,32.638,0.039,0.039,0.044,7.821,95.998,5.545,121.238,0,5.558,5.561,21
"5/25/2022 11:51:26 AM",11.468,29.4,49.206,77.857,70984.7,1032.686,32.637,0.039,0.039,0.029,7.82,95.93,5.541,113.932,0,5.554,5.557,21
"5/25/2022 11:51:27 AM",11.34,29.401,49.209,77.861,70988.1,1032.687,32.639,0.047,0.047,0.029,7.824,95.902,5.539,112.063,0,5.552,5.555,21
"5/25/2022 11:51:27 AM",11.26,29.401,49.21,77.863,70989.7,1032.688,32.64,0.055,0.055,0.058,7.826,95.894,5.539,111.808,0,5.552,5.555,21
"5/25/2022 11:51:27 AM",11.161,29.4,49.212,77.865,70992,1032.689,32.642,0.047,0.047,0.044,7.83,95.859,5.536,104.161,0,5.549,5.552,21
"5/25/2022 11:51:27 AM",10.978,29.401,49.209,77.862,70988.9,1032.686,32.64,0.055,0.055,0.044,7.829,95.859,5.536,96.855,0,5.549,5.552,21
"5/25/2022 11:51:28 AM",10.854,29.401,49.209,77.862,70988.4,1032.686,32.639,0.047,0.047,0.087,7.83,95.99,5.544,94.646,0,5.557,5.56,21
"5/25/2022 11:51:28 AM",10.762,29.401,49.211,77.864,70991.2,1032.687,32.641,0.047,0.047,0.087,7.832,95.964,5.542,94.646,0,5.555,5.558,21
"5/25/2022 11:51:28 AM",10.611,29.4,49.216,77.87,70997,1032.69,32.645,0.031,0.031,0.029,7.832,95.882,5.538,97.789,0,5.551,5.554,21
"5/25/2022 11:51:28 AM",10.527,29.401,49.219,77.875,71001.3,1032.692,32.647,0.039,0.039,0.029,7.832,95.968,5.543,99.998,0,5.556,5.559,21
"5/25/2022 11:51:28 AM",10.474,29.4,49.217,77.87,70997.7,1032.69,32.645,0.055,0.055,0.044,7.83,95.966,5.543,96.94,0,5.556,5.559,21
"5/25/2022 11:51:29 AM",10.421,29.401,49.22,77.875,71001.4,1032.692,32.647,0.039,0.039,0.029,7.831,95.943,5.541,93.456,0,5.554,5.557,21
"5/25/2022 11:51:29 AM",10.291,29.401,49.219,77.876,71000.5,1032.691,32.647,0.055,0.055,0,7.835,95.953,5.542,89.888,0,5.555,5.558,21
"5/25/2022 11:51:29 AM",10.174,29.402,49.218,77.875,70999.4,1032.689,32.646,0.039,0.039,0.029,7.836,95.95,5.542,88.698,0,5.555,5.558,21
"5/25/2022 11:51:29 AM",10.054,29.401,49.22,77.876,71001.3,1032.69,32.647,0.039,0.039,0.015,7.836,95.909,5.539,88.189,0,5.552,5.555,21
"5/25/2022 11:51:29 AM",9.953,29.402,49.218,77.875,70999.2,1032.688,32.646,0.031,0.031,0.044,7.837,95.974,5.543,89.548,0,5.555,5.559,21
"5/25/2022 11:51:30 AM",9.809,29.401,49.222,77.878,71004,1032.691,32.649,0.039,0.039,0.029,7.841,95.907,5.538,89.633,0,5.551,5.554,21
"5/25/2022 11:51:30 AM",9.713,29.402,49.223,77.882,71004.8,1032.691,32.649,0.039,0.039,0.044,7.843,95.955,5.541,91.162,0,5.554,5.557,21
"5/25/2022 11:51:30 AM",9.614,29.402,49.225,77.885,71007.4,1032.692,32.651,0.047,0.047,0.029,7.841,95.862,5.536,93.711,0,5.548,5.552,21
"5/25/2022 11:51:30 AM",9.513,29.403,49.226,77.887,71009.2,1032.692,32.652,0.047,0.047,0.044,7.839,95.989,5.543,100.678,0,5.556,5.559,21
"5/25/2022 11:51:30 AM",9.353,29.402,49.229,77.89,71012.5,1032.694,32.654,0.031,0.031,0.029,7.843,95.893,5.538,100.848,0,5.55,5.554,21
"5/25/2022 11:51:31 AM",9.268,29.403,49.226,77.886,71008.4,1032.691,32.651,0.047,0.047,0.029,7.847,95.982,5.543,96.26,0,5.556,5.559,21
"5/25/2022 11:51:31 AM",9.188,29.403,49.226,77.887,71008,1032.69,32.651,0.055,0.055,0.015,7.85,96.075,5.548,93.711,0,5.561,5.564,21
"5/25/2022 11:51:31 AM",9.099,29.402,49.231,77.892,71014.5,1032.694,32.655,0.031,0.031,0.015,7.85,95.964,5.542,93.796,0,5.555,5.558,21
"5/25/2022 11:51:31 AM",8.938,29.404,49.231,77.895,71014.6,1032.693,32.655,0.047,0.047,0.029,7.846,95.946,5.541,103.397,0,5.554,5.557,21
"5/25/2022 11:51:31 AM",8.849,29.404,49.232,77.896,71015.6,1032.693,32.656,0.031,0.031,0.029,7.844,95.816,5.534,110.958,0,5.547,5.55,21
"5/25/2022 11:51:32 AM",8.779,29.403,49.233,77.896,71016.6,1032.694,32.656,0.047,0.047,0.029,7.844,95.796,5.532,114.187,0,5.545,5.548,21
"5/25/2022 11:51:32 AM",8.628,29.403,49.237,77.902,71022.2,1032.697,32.66,0.047,0.047,0.044,7.842,95.956,5.541,115.376,0,5.554,5.557,21
"5/25/2022 11:51:32 AM",8.501,29.403,49.239,77.904,71023.9,1032.697,32.661,0.039,0.039,0.087,7.842,96.086,5.549,109.939,0,5.562,5.565,21
"5/25/2022 11:51:32 AM",8.383,29.403,49.239,77.904,71024,1032.697,32.661,0.047,0.047,0.044,7.847,95.943,5.541,108.919,0,5.554,5.557,21
"5/25/2022 11:51:33 AM",8.254,29.403,49.239,77.904,71024,1032.696,32.661,0.039,0.039,0.058,7.848,95.98,5.543,113.082,0,5.556,5.559,21
"5/25/2022 11:51:33 AM",8.106,29.403,49.24,77.905,71025,1032.696,32.662,0.055,0.055,0.058,7.847,95.929,5.54,111.553,0,5.553,5.556,21
"5/25/2022 11:51:33 AM",8.035,29.403,49.24,77.905,71025.5,1032.696,32.662,0.023,0.023,0.044,7.845,95.954,5.542,102.547,0,5.554,5.558,21
"5/25/2022 11:51:33 AM",7.997,29.404,49.244,77.912,71031.1,1032.699,32.665,0.031,0.031,0.044,7.845,96.001,5.544,93.966,0,5.557,5.56,21
"5/25/2022 11:51:33 AM",7.974,29.404,49.247,77.916,71033.8,1032.701,32.667,0.031,0.031,0.015,7.847,96.029,5.546,89.633,0,5.558,5.562,21
"5/25/2022 11:51:34 AM",7.908,29.404,49.251,77.921,71038.9,1032.704,32.67,0.047,0.047,0.044,7.849,95.968,5.542,88.868,0,5.555,5.558,21
"5/25/2022 11:51:34 AM",7.821,29.404,49.249,77.919,71036.3,1032.702,32.668,0.047,0.047,0.029,7.846,95.8,5.533,89.463,0,5.545,5.549,21
"5/25/2022 11:51:34 AM",7.744,29.405,49.251,77.923,71038.9,1032.703,32.67,0.047,0.047,0,7.846,95.885,5.538,88.868,0,5.551,5.554,21
"5/25/2022 11:51:34 AM",7.671,29.404,49.252,77.924,71040.8,1032.704,32.671,0.062,0.062,0,7.846,95.999,5.544,86.744,0,5.557,5.56,21
"5/25/2022 11:51:34 AM",7.558,29.405,49.255,77.929,71043.8,1032.705,32.673,0.055,0.055,0.029,7.847,95.994,5.543,81.987,0,5.556,5.559,21
"5/25/2022 11:51:35 AM",7.461,29.406,49.255,77.93,71043.8,1032.704,32.672,0.055,0.055,0.044,7.847,95.946,5.54,79.608,0,5.553,5.556,21
"5/25/2022 11:51:35 AM",7.351,29.405,49.258,77.932,71046.9,1032.706,32.675,0.055,0.055,0.044,7.846,95.876,5.536,78.928,0,5.549,5.552,21
"5/25/2022 11:51:35 AM",7.231,29.405,49.258,77.933,71047.9,1032.706,32.675,0.047,0.047,0.015,7.844,95.932,5.539,78.843,0,5.552,5.555,21
"5/25/2022 11:51:35 AM",7.129,29.405,49.255,77.929,71044.1,1032.703,32.673,0.039,0.039,0.015,7.843,95.995,5.543,79.608,0,5.556,5.559,21
"5/25/2022 11:51:35 AM",6.988,29.407,49.254,77.93,71042.4,1032.701,32.672,0.039,0.039,0.015,7.843,95.911,5.538,88.613,0,5.551,5.554,21
"5/25/2022 11:51:36 AM",6.922,29.406,49.255,77.93,71043.9,1032.702,32.673,0.039,0.039,0.029,7.845,95.818,5.533,87.679,0,5.546,5.549,21
"5/25/2022 11:51:36 AM",6.854,29.406,49.257,77.932,71045.4,1032.703,32.674,0.039,0.039,0.015,7.846,95.837,5.534,85.385,0,5.547,5.55,21
"5/25/2022 11:51:36 AM",6.755,29.406,49.258,77.934,71046.9,1032.703,32.674,0.023,0.023,0.015,7.845,95.895,5.538,83.856,0,5.551,5.554,21
"5/25/2022 11:51:36 AM",6.701,29.406,49.26,77.938,71050.1,1032.705,32.676,0.039,0.039,0.029,7.844,95.907,5.538,86.829,0,5.551,5.554,21
"5/25/2022 11:51:36 AM",6.614,29.406,49.26,77.937,71048.9,1032.704,32.676,0.039,0.039,0.015,7.842,95.839,5.534,100.593,0,5.547,5.55,21
"5/25/2022 11:51:37 AM",6.563,29.407,49.26,77.938,71049.7,1032.704,32.676,0.031,0.031,0.058,7.842,95.974,5.542,97.194,0,5.555,5.558,21
"5/25/2022 11:51:37 AM",6.553,29.407,49.261,77.939,71050.1,1032.704,32.676,0.023,0.023,0.044,7.84,95.983,5.542,93.456,0,5.555,5.558,21
"5/25/2022 11:51:37 AM",6.56,29.407,49.26,77.938,71049.8,1032.704,32.676,0.023,0.023,0.015,7.84,96.052,5.546,94.986,0,5.558,5.562,21
"5/25/2022 11:51:37 AM",6.614,29.406,49.261,77.938,71050.5,1032.705,32.677,0.031,0.031,0.015,7.844,95.925,5.538,104.076,0,5.551,5.554,21
"5/25/2022 11:51:38 AM",6.637,29.406,49.264,77.942,71054.8,1032.708,32.679,0.047,0.047,0.029,7.848,95.93,5.539,109.854,0,5.552,5.555,21
"5/25/2022 11:51:38 AM",6.633,29.406,49.267,77.947,71058.1,1032.709,32.681,0.031,0.031,0.044,7.847,95.91,5.538,101.612,0,5.551,5.554,21
"5/25/2022 11:51:38 AM",6.598,29.408,49.262,77.941,71051.6,1032.705,32.677,0.031,0.031,0.029,7.846,95.953,5.541,96.685,0,5.554,5.557,21
"5/25/2022 11:51:38 AM",6.563,29.408,49.262,77.942,71051.4,1032.705,32.677,0.039,0.039,0,7.846,95.981,5.543,98.724,0,5.556,5.559,21
"5/25/2022 11:51:38 AM",6.517,29.409,49.264,77.946,71054,1032.706,32.678,0.031,0.031,0,7.845,95.963,5.542,105.521,0,5.555,5.558,21
"5/25/2022 11:51:39 AM",6.431,29.41,49.263,77.946,71052.6,1032.704,32.677,0.047,0.047,0.029,7.847,95.913,5.539,105.945,0,5.552,5.555,21
"5/25/2022 11:51:39 AM",6.374,29.411,49.263,77.947,71052.4,1032.704,32.677,0.047,0.047,0.073,7.849,95.989,5.543,102.207,0,5.556,5.559,21
"5/25/2022 11:51:39 AM",6.287,29.411,49.264,77.948,71053.5,1032.704,32.677,0.039,0.039,0.044,7.847,95.983,5.544,99.149,0,5.557,5.56,21
"5/25/2022 11:51:39 AM",6.198,29.41,49.268,77.954,71059.3,1032.707,32.681,0.047,0.047,0.029,7.849,96.04,5.547,99.318,0,5.56,5.563,21
"5/25/2022 11:51:39 AM",6.068,29.41,49.269,77.956,71060.6,1032.708,32.682,0.047,0.047,0.044,7.85,96.083,5.549,99.573,0,5.562,5.565,21
"5/25/2022 11:51:40 AM",5.857,29.409,49.27,77.955,71061.2,1032.707,32.682,0.039,0.039,0.029,7.85,95.967,5.542,98.894,0,5.555,5.558,21
"5/25/2022 11:51:40 AM",5.716,29.41,49.27,77.956,71061.5,1032.707,32.682,0.039,0.039,0.044,7.851,95.865,5.537,93.201,0,5.549,5.553,21
"5/25/2022 11:51:40 AM",5.567,29.41,49.271,77.956,71061.8,1032.706,32.683,0.039,0.039,0.015,7.851,95.894,5.538,91.502,0,5.551,5.554,21
"5/25/2022 11:51:40 AM",5.386,29.411,49.27,77.956,71060.3,1032.705,32.682,0.031,0.031,0.029,7.852,95.99,5.545,92.182,0,5.557,5.561,21
"5/25/2022 11:51:40 AM",5.261,29.413,49.269,77.959,71059.8,1032.703,32.681,0.031,0.031,0.029,7.85,95.953,5.542,90.483,0,5.555,5.558,21
"5/25/2022 11:51:41 AM",5.167,29.416,49.269,77.963,71059.1,1032.702,32.68,0.023,0.023,0.029,7.851,95.924,5.54,86.659,0,5.553,5.557,21
"5/25/2022 11:51:41 AM",5.075,29.42,49.271,77.971,71060.5,1032.701,32.679,0.031,0.031,0.044,7.852,95.914,5.54,87.254,0,5.553,5.556,21
"5/25/2022 11:51:41 AM",4.965,29.425,49.272,77.979,71061,1032.699,32.678,0.039,0.039,0.029,7.854,95.978,5.543,94.136,0,5.556,5.559,21
"5/25/2022 11:51:41 AM",4.932,29.43,49.27,77.983,71058.6,1032.697,32.676,0.031,0.031,0.029,7.858,95.973,5.543,101.527,0,5.556,5.559,21
"5/25/2022 11:51:42 AM",4.89,29.433,49.273,77.992,71061.9,1032.698,32.677,0.031,0.031,0.029,7.857,96.014,5.545,99.488,0,5.558,5.561,21
"5/25/2022 11:51:42 AM",4.902,29.433,49.276,77.996,71065.1,1032.699,32.678,0.023,0.023,0.058,7.859,96.035,5.546,97.11,0,5.559,5.562,21
"5/25/2022 11:51:42 AM",4.932,29.431,49.279,77.997,71069.6,1032.703,32.682,0.039,0.039,0.044,7.86,95.985,5.543,102.802,0,5.556,5.559,21
"5/25/2022 11:51:42 AM",4.979,29.424,49.281,77.991,71073,1032.707,32.686,0.031,0.031,0.058,7.862,95.857,5.535,112.063,0,5.548,5.551,21
"5/25/2022 11:51:42 AM",5.062,29.419,49.278,77.98,71070.3,1032.707,32.685,0.047,0.047,0.073,7.864,95.844,5.535,115.546,0,5.548,5.551,21
"5/25/2022 11:51:43 AM",5.101,29.417,49.281,77.981,71074,1032.71,32.688,0.047,0.047,0.058,7.862,96.027,5.546,107.305,0,5.558,5.562,21
"5/25/2022 11:51:43 AM",5.123,29.416,49.284,77.984,71078,1032.713,32.691,0.023,0.023,0.029,7.861,95.876,5.537,115.546,0,5.549,5.553,21
"5/25/2022 11:51:43 AM",5.151,29.415,49.287,77.986,71081.6,1032.715,32.693,0.031,0.031,0.029,7.867,95.92,5.539,120.389,0,5.552,5.556,21
"5/25/2022 11:51:43 AM",5.163,29.418,49.281,77.981,71073.8,1032.71,32.688,0.031,0.031,0.029,7.862,96.122,5.552,126.676,0,5.565,5.568,21
"5/25/2022 11:51:43 AM",5.123,29.419,49.281,77.983,71073.1,1032.709,32.687,0.039,0.039,0.015,7.862,95.992,5.545,131.009,0,5.558,5.561,21
"5/25/2022 11:51:44 AM",5.092,29.421,49.281,77.985,71072.9,1032.708,32.687,0.039,0.039,0.029,7.863,96.132,5.553,131.518,0,5.566,5.569,21
"5/25/2022 11:51:44 AM",5.029,29.421,49.279,77.983,71070.2,1032.706,32.685,0.031,0.031,0.015,7.86,96.097,5.551,125.401,0,5.564,5.567,21
"5/25/2022 11:51:44 AM",4.89,29.422,49.281,77.987,71072.9,1032.707,32.686,0.023,0.023,0.044,7.857,96.016,5.546,136.276,0,5.559,5.562,21
"5/25/2022 11:51:44 AM",4.775,29.421,49.282,77.988,71074.7,1032.708,32.688,0.031,0.031,0.029,7.857,95.943,5.541,136.106,0,5.554,5.557,21
"5/25/2022 11:51:44 AM",4.666,29.421,49.285,77.991,71078.7,1032.71,32.69,0.031,0.031,0.029,7.86,95.987,5.544,125.146,0,5.557,5.56,21
"5/25/2022 11:51:45 AM",4.548,29.421,49.283,77.989,71076,1032.708,32.689,0.031,0.031,0.044,7.859,96.052,5.548,125.571,0,5.56,5.564,21
"5/25/2022 11:51:45 AM",4.382,29.421,49.283,77.988,71075.5,1032.707,32.688,0.031,0.031,0.029,7.862,96.017,5.546,129.564,0,5.558,5.562,21
"5/25/2022 11:51:45 AM",4.259,29.421,49.288,77.996,71082,1032.71,32.692,0.047,0.047,0.029,7.862,96.064,5.548,132.113,0,5.561,5.564,21
"5/25/2022 11:51:45 AM",4.099,29.424,49.29,78.002,71083.7,1032.71,32.693,0.039,0.039,0.029,7.861,95.959,5.542,123.362,0,5.555,5.558,21
"5/25/2022 11:51:45 AM",3.904,29.433,49.288,78.013,71079.8,1032.704,32.688,0.039,0.039,0.058,7.86,95.947,5.541,110.448,0,5.554,5.557,21
"5/25/2022 11:51:46 AM",3.801,29.436,49.288,78.017,71080.1,1032.703,32.687,0.031,0.031,0.058,7.858,96.001,5.545,104.756,0,5.558,5.561,21
"5/25/2022 11:51:46 AM",3.732,29.438,49.289,78.02,71080.2,1032.703,32.687,0.031,0.031,0,7.86,96.045,5.547,107.899,0,5.56,5.563,21
"5/25/2022 11:51:46 AM",3.721,29.438,49.289,78.021,71080.7,1032.703,32.687,0.023,0.023,0.015,7.861,96.112,5.551,111.723,0,5.564,5.567,21
"5/25/2022 11:51:46 AM",3.73,29.439,49.291,78.024,71083.1,1032.704,32.688,0.031,0.031,0.044,7.865,95.972,5.543,117.755,0,5.556,5.559,21
"5/25/2022 11:51:47 AM",3.748,29.44,49.291,78.026,71082.8,1032.704,32.688,0.031,0.031,0,7.865,96.069,5.548,121.323,0,5.561,5.564,21
"5/25/2022 11:51:47 AM",3.744,29.44,49.293,78.029,71084.9,1032.705,32.689,0.023,0.023,0.044,7.865,95.992,5.545,118.265,0,5.557,5.561,21
"5/25/2022 11:51:47 AM",3.732,29.441,49.292,78.03,71084.3,1032.704,32.688,0.031,0.031,0.029,7.867,95.853,5.537,114.441,0,5.55,5.553,21
"5/25/2022 11:51:47 AM",3.713,29.442,49.295,78.034,71087.3,1032.706,32.69,0.031,0.031,0.029,7.869,95.944,5.542,121.408,0,5.555,5.558,21
"5/25/2022 11:51:47 AM",3.687,29.444,49.299,78.042,71091.9,1032.708,32.692,0.023,0.023,0.044,7.866,96.012,5.546,140.779,0,5.559,5.562,21
"5/25/2022 11:51:48 AM",3.659,29.444,49.299,78.044,71092.9,1032.708,32.693,0.023,0.023,0.015,7.864,95.987,5.544,164.483,0,5.557,5.56,21
"5/25/2022 11:51:48 AM",3.593,29.442,49.304,78.047,71098.5,1032.712,32.697,0.039,0.039,0.029,7.863,96.033,5.546,184.109,0,5.559,5.562,21
"5/25/2022 11:51:48 AM",3.553,29.442,49.304,78.046,71098.5,1032.712,32.697,0.023,0.023,0.015,7.861,96.036,5.546,167.287,0,5.559,5.562,21
"5/25/2022 11:51:48 AM",3.52,29.442,49.304,78.046,71098.7,1032.712,32.697,0.031,0.031,0.044,7.861,95.938,5.54,143.668,0,5.553,5.557,21
"5/25/2022 11:51:48 AM",3.468,29.441,49.303,78.045,71098,1032.711,32.696,0.016,0.016,0.015,7.865,96.112,5.551,168.561,0,5.564,5.567,21
"5/25/2022 11:51:49 AM",3.419,29.443,49.304,78.048,71098.9,1032.711,32.697,0.008,0.008,0,7.868,96.021,5.545,235,0,5.558,5.561,21
"5/25/2022 11:51:49 AM",3.363,29.443,49.305,78.05,71099.6,1032.711,32.697,0.016,0.016,0.058,7.868,95.979,5.542,325.992,0,5.555,5.558,21
"5/25/2022 11:51:49 AM",3.288,29.443,49.304,78.048,71098.9,1032.711,32.697,0.039,0.039,0.073,7.867,95.909,5.538,242.137,0,5.551,5.554,21
"5/25/2022 11:51:49 AM",3.163,29.443,49.305,78.049,71099.9,1032.711,32.697,0.023,0.023,0.073,7.864,95.979,5.542,143.073,0,5.555,5.558,21
"5/25/2022 11:51:49 AM",3.114,29.443,49.307,78.051,71101.6,1032.712,32.698,0.039,0.039,0.058,7.866,96.002,5.543,129.564,0,5.556,5.559,21
"5/25/2022 11:51:50 AM",3.066,29.442,49.307,78.051,71102.5,1032.712,32.699,0.031,0.031,0.029,7.863,96.089,5.548,131.688,0,5.561,5.564,21
"5/25/2022 11:51:50 AM",3.059,29.442,49.308,78.051,71103.2,1032.713,32.7,0.023,0.023,0.015,7.862,95.947,5.54,166.182,0,5.553,5.557,21
"5/25/2022 11:51:50 AM",3.045,29.441,49.301,78.041,71094.4,1032.707,32.695,0.047,0.047,0.073,7.862,95.958,5.541,159.13,0,5.554,5.558,21
"5/25/2022 11:51:50 AM",3.038,29.442,49.301,78.042,71094.4,1032.707,32.694,0.055,0.055,0.029,7.862,95.957,5.542,138.825,0,5.555,5.558,21
"5/25/2022 11:51:51 AM",3.031,29.442,49.298,78.038,71091.2,1032.705,32.692,0.031,0.031,0,7.862,95.937,5.541,132.708,0,5.554,5.557,21
"5/25/2022 11:51:51 AM",2.963,29.441,49.302,78.042,71095.6,1032.708,32.695,0.023,0.023,0,7.862,96.124,5.552,142.223,0,5.565,5.568,21
"5/25/2022 11:51:51 AM",2.833,29.442,49.303,78.045,71097,1032.708,32.696,0.023,0.023,0.058,7.864,96.053,5.548,148.425,0,5.561,5.564,21
"5/25/2022 11:51:51 AM",2.746,29.442,49.302,78.043,71095.9,1032.707,32.695,0.016,0.016,0.058,7.865,96.013,5.546,150.889,0,5.559,5.562,21
"5/25/2022 11:51:51 AM",2.627,29.442,49.303,78.044,71096.6,1032.707,32.696,0.023,0.023,0.058,7.865,96.055,5.548,158.196,0,5.561,5.564,21
"5/25/2022 11:51:52 AM",2.473,29.441,49.304,78.045,71097.8,1032.707,32.697,0.039,0.039,0.044,7.872,96.067,5.549,159.64,0,5.562,5.565,21
"5/25/2022 11:51:52 AM",2.375,29.441,49.303,78.044,71097.3,1032.707,32.696,0.039,0.039,0.029,7.869,96.003,5.545,137.381,0,5.558,5.561,21
"5/25/2022 11:51:52 AM",2.307,29.441,49.304,78.045,71098.2,1032.707,32.697,0.039,0.039,0.044,7.872,96.064,5.549,127.865,0,5.562,5.565,21
"5/25/2022 11:51:52 AM",2.25,29.442,49.303,78.045,71097.3,1032.706,32.696,0.031,0.031,0.029,7.874,96.063,5.549,126.591,0,5.562,5.565,21
"5/25/2022 11:51:52 AM",2.109,29.442,49.303,78.045,71097,1032.705,32.696,0.016,0.016,0,7.874,96.087,5.552,253.946,0,5.565,5.568,21
"5/25/2022 11:51:53 AM",1.979,29.441,49.304,78.046,71098.6,1032.706,32.697,0.055,0.055,0.087,7.869,95.978,5.545,260.658,0,5.558,5.562,21
"5/25/2022 11:51:53 AM",1.845,29.442,49.304,78.046,71098.4,1032.705,32.697,0.047,0.047,0.102,7.873,96.054,5.55,148.171,0,5.563,5.566,21
"5/25/2022 11:51:53 AM",1.671,29.443,49.305,78.048,71098.6,1032.704,32.697,0.023,0.023,0.029,7.869,96.089,5.552,125.826,0,5.565,5.568,21
"5/25/2022 11:51:53 AM",1.608,29.444,49.304,78.05,71098,1032.703,32.696,0.016,0.016,0.029,7.867,96.065,5.551,136.106,0,5.564,5.567,21
"5/25/2022 11:51:53 AM",1.551,29.445,49.303,78.05,71096.5,1032.702,32.695,0.023,0.023,0.029,7.866,96.019,5.548,161.085,0,5.561,5.564,21
"5/25/2022 11:51:54 AM",1.514,29.446,49.304,78.051,71097.7,1032.702,32.696,0.031,0.031,0.044,7.866,96.071,5.55,174.083,0,5.563,5.566,21
"5/25/2022 11:51:54 AM",1.506,29.447,49.303,78.05,71095.5,1032.701,32.694,0.016,0.016,0,7.865,96.075,5.55,162.444,0,5.563,5.567,21
"5/25/2022 11:51:54 AM",1.479,29.447,49.303,78.051,71095.9,1032.701,32.694,0.008,0.008,0,7.864,96.038,5.549,268.729,0,5.562,5.565,21
"5/25/2022 11:51:54 AM",1.479,29.447,49.304,78.053,71096.9,1032.701,32.695,0,0,0,7.867,96.096,5.552,531.681,0,5.565,5.568,21
"5/25/2022 11:51:54 AM",1.436,29.447,49.305,78.054,71098.2,1032.702,32.696,0,0,0,7.868,96.028,5.548,711.542,0,5.561,5.564,21
"5/25/2022 11:51:55 AM",1.384,29.447,49.306,78.056,71100,1032.703,32.697,0.125,0.125,0.233,7.869,95.938,5.542,776.536,0,5.555,5.559,21
"5/25/2022 11:51:55 AM",1.351,29.447,49.306,78.056,71100,1032.702,32.697,0.055,0.055,0.087,7.87,96.044,5.549,580.533,0,5.562,5.565,21
"5/25/2022 11:51:55 AM",1.307,29.447,49.306,78.055,71099.3,1032.702,32.696,0.008,0.008,0,7.871,96.097,5.551,727.684,0,5.564,5.567,21
"5/25/2022 11:51:55 AM",1.297,29.447,49.306,78.056,71100,1032.702,32.697,0.039,0.039,0.015,7.87,96.06,5.55,822.755,0,5.562,5.566,21
"5/25/2022 11:51:56 AM",1.266,29.447,49.309,78.059,71102.9,1032.704,32.699,0.031,0.031,0.029,7.871,96.077,5.55,622.928,0,5.563,5.567,21
"5/25/2022 11:51:56 AM",1.21,29.447,49.306,78.056,71100,1032.702,32.697,0,0,0,7.874,95.983,5.546,771.524,0,5.559,5.562,21
"5/25/2022 11:51:56 AM",1.132,29.447,49.308,78.059,71102.3,1032.703,32.698,0.008,0.008,0,7.873,96.024,5.548,906.61,0,5.561,5.565,21
"5/25/2022 11:51:56 AM",0.977,29.447,49.309,78.058,71102.7,1032.703,32.699,0.062,0.062,0.044,7.874,96.132,5.554,644.423,0,5.567,5.571,21
"5/25/2022 11:51:56 AM",0.846,29.447,49.311,78.061,71105,1032.704,32.7,0,0,0,7.872,96.151,5.556,873.561,0,5.569,5.572,21
"5/25/2022 11:51:57 AM",0.704,29.447,49.307,78.056,71099.9,1032.7,32.697,0,0,0,7.873,96.126,5.554,927.681,0,5.567,5.57,21
"5/25/2022 11:51:57 AM",0.556,29.446,49.306,78.054,71099.6,1032.699,32.697,0.031,0.031,0.073,7.873,96.231,5.56,1142.97,0,5.573,5.577,21
"5/25/2022 11:51:57 AM",0.365,29.447,49.304,78.052,71097,1032.697,32.695,0,0,0,7.875,96.066,5.551,1350.612,0,5.564,5.567,21
"5/25/2022 11:51:57 AM",0.231,29.448,49.303,78.052,71095.5,1032.695,32.694,0.094,0.094,0.204,7.875,96.02,5.548,1104.058,0,5.561,5.564,21
"5/25/2022 11:51:57 AM",0.118,29.447,49.298,78.045,71089.2,1032.691,32.69,0.016,0.016,0.015,7.875,96.141,5.555,1268.201,0,5.568,5.572,21
"5/25/2022 11:51:58 AM",0.016,29.448,49.292,78.036,71080.9,1032.686,32.685,0,0,0,7.875,96.068,5.552,1370.493,0,5.565,5.568,21
"5/25/2022 11:51:58 AM",0,29.448,49.291,78.035,71079.6,1032.685,32.685,0.016,0.016,0.015,7.873,96.039,5.55,1073.557,0,5.563,5.566,21
"5/25/2022 11:51:58 AM",0,29.447,49.29,78.033,71078.1,1032.683,32.684,0.101,0.101,0.189,7.873,96.166,5.558,985.708,0,5.571,5.574,21
"5/25/2022 11:51:58 AM",0,29.448,49.287,78.03,71074.4,1032.68,32.681,0,0,0,7.871,96.089,5.554,1306.603,0,5.567,5.57,21
"5/25/2022 11:51:58 AM",0,29.448,49.281,78.022,71067.4,1032.675,32.677,0.008,0.008,0,7.866,96.178,5.559,1332.346,0,5.572,5.576,21
"5/25/2022 11:51:59 AM",0,29.448,49.283,78.025,71070.2,1032.677,32.679,0,0,0,7.863,96.09,5.554,1085.027,0,5.567,5.57,21
"5/25/2022 11:51:59 AM",0,29.449,5.801,11.223,10222.1,1000.14,0.143,224.623,224.623,285.604,7.866,96.05,7.053,920.374,0,7.074,7.074,21
"5/25/2022 11:51:59 AM",0,29.455,1.548,3.253,2962.8,996.969,0,170.657,170.657,553.973,7.862,96.184,7.231,1267.012,0,7.252,7.252,21
"5/25/2022 11:51:59 AM",0,29.538,1.096,2.349,2135.4,996.607,0,75.574,75.574,20.51,7.858,96.111,7.243,1342.286,0,7.263,7.264,21
"5/25/2022 11:52:00 AM",0,30.225,0.901,1.975,1771.2,996.254,0,10.983,10.983,0,7.854,96.371,7.269,1394.367,0,7.29,7.29,21
"5/25/2022 11:52:00 AM",0,30.842,0.803,1.789,1585.6,995.99,0,0,0,0,7.852,96.313,7.267,1387.655,0,7.288,7.288,21
"5/25/2022 11:52:00 AM",0,30.439,0.732,1.625,1451.1,996.061,0,0,0,0,7.853,96.61,7.29,1445.343,0,7.311,7.311,21
"5/25/2022 11:52:00 AM",0,30.172,0.65,1.444,1296.7,996.082,0,0,0,0,7.856,96.411,7.277,1458.172,0,7.298,7.298,21
"5/25/2022 11:52:00 AM",0,29.98,0.572,1.271,1145.6,996.081,0,0,0,0,7.854,96.402,7.278,1515.52,0,7.299,7.299,21
"5/25/2022 11:52:01 AM",0,29.728,0.682,1.498,1357.1,996.24,0,0,0,0,7.843,96.237,7.26,1536.251,0,7.281,7.281,21
"5/25/2022 11:52:01 AM",0,29.812,0.678,1.492,1349.6,996.212,0,66.852,66.852,0,7.843,96.28,7.263,1546.701,0,7.284,7.284,21
"5/25/2022 11:52:01 AM",0,29.931,0.657,1.452,1310,996.16,0,103.914,103.914,48.403,7.845,96.1,7.248,1515.69,0,7.269,7.269,21
"5/25/2022 11:52:01 AM",0,29.906,0.69,1.52,1372.3,996.192,0,366.744,366.744,80.261,7.841,96.186,7.253,1513.651,0,7.274,7.274,21
"5/25/2022 11:52:01 AM",0,29.794,0.645,1.423,1287.6,996.193,0,190.393,190.393,163.244,7.839,96.244,7.258,1467.263,0,7.279,7.279,21
"5/25/2022 11:52:02 AM",0,29.683,0.609,1.343,1217.8,996.199,0,501.9,501.9,34.501,7.834,96.064,7.245,1382.133,0,7.265,7.266,21
"5/25/2022 11:52:02 AM",0,29.685,0.584,1.29,1169.8,996.18,0,210.386,210.386,27.501,7.828,96.122,7.248,1434.978,0,7.269,7.269,21
"5/25/2022 11:52:02 AM",0,29.718,0.549,1.217,1102.6,996.144,0,301.819,301.819,59.017,7.824,96.028,7.243,1514.161,0,7.264,7.264,21
"5/25/2022 11:52:02 AM",0,29.721,0.523,1.16,1051.1,996.123,0,85.208,85.208,13.483,7.82,95.971,7.239,1554.432,0,7.26,7.26,21
"5/25/2022 11:52:02 AM",0,29.654,0.496,1.103,1000.3,996.123,0,30.641,30.641,0,7.824,95.822,7.228,1584.848,0,7.249,7.249,21
"5/25/2022 11:52:03 AM",0,29.462,0.481,1.067,971.2,996.169,0,114.133,114.133,202.793,7.828,95.774,7.224,1581.11,0,7.245,7.245,21
"5/25/2022 11:52:03 AM",0,29.18,0.466,1.028,941.2,996.241,0,78.304,78.304,525.816,7.826,95.712,7.221,1569.13,0,7.242,7.242,21
"5/25/2022 11:52:03 AM",0,28.904,0.431,0.948,872.6,996.296,0,283.83,283.83,187.523,7.817,95.439,7.202,1508.553,0,7.223,7.223,21
"5/25/2022 11:52:03 AM",0,28.873,0.624,1.355,1248.6,996.451,0,95.224,95.224,141.3,7.814,95.145,7.172,1482.131,0,7.193,7.193,21
"5/25/2022 11:52:03 AM",0,28.862,0.67,1.45,1336.4,996.488,0,47.811,47.811,147.519,7.809,95.042,7.163,1397.935,0,7.184,7.184,21
"5/25/2022 11:52:04 AM",0,28.836,1.356,2.837,2616.4,997.009,0,4.361,4.361,0,7.803,94.981,7.131,1011.281,0,7.152,7.152,21
"5/25/2022 11:52:04 AM",0,28.776,1.05,2.223,2052.1,996.798,0,2.184,2.184,0,7.798,94.945,7.142,618.765,0,7.163,7.163,21
"5/25/2022 11:52:04 AM",0,28.672,0.991,2.098,1941.5,996.784,0,4.86,4.86,0,7.798,94.847,7.136,828.787,0,7.156,7.157,21
"5/25/2022 11:52:04 AM",0,28.388,0.853,1.809,1683.9,996.763,0,0.281,0.281,0,7.797,94.749,7.135,1158.942,0,7.156,7.156,21
"5/25/2022 11:52:05 AM",0,28.1,0.654,1.394,1305.4,996.696,0,0.803,0.803,0,7.789,94.527,7.127,1338.633,0,7.148,7.148,21
"5/25/2022 11:52:05 AM",0,28.02,0.606,1.295,1214.2,996.683,0,2.777,2.777,3.689,7.789,94.537,7.132,623.778,0,7.153,7.153,21
"5/25/2022 11:52:05 AM",0,27.973,0.537,1.152,1081.6,996.645,0,0,0,24.038,7.781,94.587,7.138,477.221,0,7.159,7.159,21
"5/25/2022 11:52:05 AM",0,28.029,0.503,1.082,1014.3,996.603,0,0,0,9.911,7.774,94.472,7.13,407.384,0,7.151,7.151,21
"5/25/2022 11:52:05 AM",0,28.127,0.48,1.036,969.1,996.558,0,0,0,21.561,7.769,94.453,7.13,347.487,0,7.151,7.151,21
"5/25/2022 11:52:06 AM",0,30.159,3.16,6.455,5797.4,997.958,0,0,0,10.132,7.787,97.022,7.204,368.387,0,7.225,7.224,21
"5/25/2022 11:52:06 AM",0,31.041,2.334,4.939,4359.4,997.07,0,1.162,1.162,9.222,7.875,96.94,7.206,388.098,0,7.226,7.226,21
"5/25/2022 11:52:06 AM",0,31.214,2.584,5.452,4796.3,997.202,0,1.872,1.872,10.249,7.96,96.519,7.145,842.041,0,7.166,7.166,21
"5/25/2022 11:52:06 AM",0,31.262,2.595,5.479,4815.5,997.195,0,2.184,2.184,9.486,8.033,96.176,7.098,1462.59,0,7.118,7.118,21
"5/25/2022 11:52:06 AM",0,31.279,2.651,5.591,4912.7,997.231,0,1.669,1.669,10.763,8.062,96.05,7.075,1542.198,0,7.096,7.095,21
"5/25/2022 11:52:07 AM",0,31.294,2.679,5.648,4961.5,997.247,0,1.654,1.654,10.396,8.09,96.019,7.063,1586.377,0,7.084,7.084,21
"5/25/2022 11:52:07 AM",0,31.292,2.64,5.571,4893.4,997.219,0,1.997,1.997,10.396,8.117,95.849,7.044,1602.519,0,7.064,7.064,21
"5/25/2022 11:52:07 AM",0,31.296,2.514,5.321,4673.5,997.123,0,1.576,1.576,10.381,8.136,95.831,7.042,1595.723,0,7.062,7.062,21
"5/25/2022 11:52:07 AM",0,31.297,2.489,5.271,4629.7,997.104,0,1.802,1.802,10.866,8.152,95.643,7.025,1590.88,0,7.046,7.045,21
"5/25/2022 11:52:07 AM",0,31.29,2.441,5.174,4545,997.07,0,1.545,1.545,10.851,8.163,95.85,7.04,1592.154,0,7.06,7.06,21
"5/25/2022 11:52:08 AM",0,31.288,2.445,5.182,4552.6,997.075,0,1.755,1.755,10.205,8.174,95.669,7.024,1595.468,0,7.044,7.044,21
"5/25/2022 11:52:08 AM",0,31.302,2.299,4.892,4296.7,996.961,0,1.974,1.974,10.792,8.178,95.774,7.035,1597.932,0,7.055,7.055,21
"5/25/2022 11:52:08 AM",0,31.314,2.231,4.758,4177.3,996.907,0,1.56,1.56,9.53,8.186,95.65,7.027,1582.894,0,7.047,7.047,21
"5/25/2022 11:52:08 AM",0,31.316,2.095,4.485,3937.6,996.806,0,1.654,1.654,10.323,8.196,95.584,7.027,1528.774,0,7.047,7.047,21
"5/25/2022 11:52:08 AM",0,31.315,2.136,4.566,4009,996.836,0,1.708,1.708,10.734,8.2,95.685,7.032,1469.557,0,7.053,7.053,21
"5/25/2022 11:52:09 AM",0,31.317,2.016,4.325,3797.5,996.746,0,1.599,1.599,10.323,8.205,95.659,7.034,1504.9,0,7.055,7.055,21
"5/25/2022 11:52:09 AM",0,31.317,2.021,4.335,3806.5,996.75,0,1.81,1.81,9.823,8.212,95.656,7.034,1552.903,0,7.054,7.054,21
"5/25/2022 11:52:09 AM",0,31.31,1.936,4.161,3653.8,996.688,0,1.981,1.981,9.222,8.219,95.644,7.036,1574.992,0,7.056,7.056,21
"5/25/2022 11:52:09 AM",0,31.305,1.842,3.97,3486.4,996.62,0,2.098,2.098,10.044,8.22,95.608,7.036,1569.725,0,7.056,7.056,21
"5/25/2022 11:52:09 AM",0,31.304,1.825,3.935,3455.9,996.608,0,1.755,1.755,10.557,8.215,95.489,7.027,1588.841,0,7.048,7.047,21
"5/25/2022 11:52:10 AM",0,31.293,1.772,3.828,3362.1,996.572,0,1.88,1.88,10.557,8.217,95.326,7.017,1614.754,0,7.037,7.037,21
"5/25/2022 11:52:10 AM",0,31.282,1.744,3.77,3312.1,996.555,0,2.215,2.215,9.677,8.217,95.452,7.027,1625.629,0,7.047,7.047,21
"5/25/2022 11:52:10 AM",0,31.276,1.756,3.794,3333.8,996.566,0,2.145,2.145,9.956,8.221,95.412,7.022,1633.53,0,7.042,7.042,21
"5/25/2022 11:52:10 AM",0,31.272,1.709,3.696,3248.2,996.532,0,1.841,1.841,10.499,8.227,95.373,7.021,1637.693,0,7.041,7.041,21
"5/25/2022 11:52:11 AM",0,31.273,1.692,3.663,3219.1,996.519,0,1.599,1.599,10.088,8.227,95.393,7.022,1641.176,0,7.043,7.042,21
"5/25/2022 11:52:11 AM",0,31.285,1.696,3.671,3224.8,996.518,0,1.474,1.474,10.161,8.227,95.357,7.02,1643.81,0,7.04,7.04,21
"5/25/2022 11:52:11 AM",0,31.29,1.661,3.6,3162,996.49,0,1.576,1.576,10.323,8.227,95.255,7.013,1645,0,7.034,7.033,21
"5/25/2022 11:52:11 AM",0,31.293,1.651,3.581,3145.3,996.482,0,1.81,1.81,10.19,8.23,95.309,7.018,1647.039,0,7.038,7.038,21
"5/25/2022 11:52:11 AM",0,31.3,1.615,3.507,3079.9,996.453,0,1.779,1.779,10.19,8.237,95.421,7.027,1650.012,0,7.047,7.047,21
"5/25/2022 11:52:12 AM",0,31.298,1.614,3.504,3077.8,996.453,0,1.599,1.599,10.176,8.238,95.343,7.021,1652.816,0,7.041,7.041,21
"5/25/2022 11:52:12 AM",0,31.302,1.604,3.485,3060.2,996.444,0,1.607,1.607,10.528,8.23,95.268,7.016,1657.744,0,7.036,7.036,21
"5/25/2022 11:52:12 AM",0,31.306,1.587,3.45,3029.2,996.43,0,1.685,1.685,10.528,8.229,95.212,7.012,1660.038,0,7.032,7.032,21
"5/25/2022 11:52:12 AM",0,31.304,1.565,3.404,2989,996.414,0,1.732,1.732,10.602,8.227,95.256,7.015,1661.142,0,7.035,7.035,21
"5/25/2022 11:52:12 AM",0,31.307,1.569,3.412,2996.6,996.416,0,1.833,1.833,10.278,8.228,95.287,7.019,1662.671,0,7.039,7.039,21
"5/25/2022 11:52:13 AM",0,31.305,1.536,3.345,2937.1,996.392,0,1.552,1.552,10.983,8.23,95.269,7.018,1664.031,0,7.038,7.038,21
"5/25/2022 11:52:13 AM",0,31.305,1.532,3.335,2929.1,996.389,0,1.521,1.521,10.381,8.232,95.235,7.014,1665.22,0,7.035,7.035,21
"5/25/2022 11:52:13 AM",0,31.303,1.513,3.297,2895.4,996.376,0,1.935,1.935,9.985,8.229,95.209,7.014,1665.05,0,7.034,7.034,21
"5/25/2022 11:52:13 AM",0,31.304,1.49,3.249,2852.9,996.358,0,1.958,1.958,10.425,8.228,95.198,7.014,1662.671,0,7.034,7.034,21
"5/25/2022 11:52:13 AM",0,31.308,1.475,3.218,2825.9,996.346,0,2.013,2.013,10.396,8.227,95.249,7.018,1662.077,0,7.038,7.038,21
"5/25/2022 11:52:14 AM",0,31.304,1.454,3.176,2789.2,996.332,0,2.254,2.254,10.249,8.225,95.182,7.014,1660.547,0,7.034,7.034,21
"5/25/2022 11:52:14 AM",0,31.305,1.446,3.159,2774.3,996.326,0,1.693,1.693,11.351,8.221,95.216,7.017,1660.717,0,7.037,7.037,21
"5/25/2022 11:52:14 AM",0,31.303,1.445,3.156,2771.8,996.325,0,1.63,1.63,10.969,8.217,95.307,7.024,1658.338,0,7.044,7.044,21
"5/25/2022 11:52:14 AM",0,31.296,1.428,3.122,2741.9,996.315,0,1.693,1.693,10.895,8.215,95.256,7.019,1657.149,0,7.04,7.04,21
"5/25/2022 11:52:14 AM",0,31.294,1.429,3.124,2743.8,996.317,0,1.646,1.646,11.277,8.212,95.428,7.033,1656.384,0,7.054,7.054,21
"5/25/2022 11:52:15 AM",0,31.292,1.421,3.107,2729.2,996.311,0,1.802,1.802,10.675,8.214,95.421,7.033,1656.724,0,7.053,7.053,21
"5/25/2022 11:52:15 AM",0,31.294,1.405,3.073,2699.1,996.298,0,1.771,1.771,10.132,8.212,95.301,7.025,1657.998,0,7.046,7.046,21
"5/25/2022 11:52:15 AM",0,31.295,1.408,3.079,2704.2,996.3,0,2.075,2.075,10.528,8.211,95.309,7.025,1660.802,0,7.045,7.045,21
"5/25/2022 11:52:15 AM",0,31.295,1.392,3.047,2675.9,996.289,0,1.896,1.896,10.704,8.212,95.315,7.026,1663.096,0,7.046,7.046,21
"5/25/2022 11:52:16 AM",0,31.297,1.373,3.008,2641.7,996.274,0,1.56,1.56,10.587,8.211,95.455,7.036,1665.9,0,7.057,7.057,21
"5/25/2022 11:52:16 AM",0,31.302,1.374,3.01,2643.7,996.273,0,1.716,1.716,11.41,8.211,95.317,7.027,1669.468,0,7.047,7.047,21
"5/25/2022 11:52:16 AM",0,31.299,1.359,2.978,2615.4,996.262,0,1.576,1.576,11.16,8.213,95.298,7.025,1672.357,0,7.045,7.045,21
"5/25/2022 11:52:16 AM",0,31.306,1.362,2.985,2621.6,996.263,0,1.537,1.537,11.527,8.219,95.258,7.023,1675.075,0,7.043,7.043,21
"5/25/2022 11:52:16 AM",0,31.31,1.358,2.977,2614,996.259,0,1.693,1.693,10.543,8.22,95.203,7.02,1677.2,0,7.04,7.04,21
"5/25/2022 11:52:17 AM",0,31.311,1.327,2.912,2556.7,996.235,0,1.849,1.849,10,8.225,95.352,7.033,1680.598,0,7.053,7.053,21
"5/25/2022 11:52:17 AM",0,31.307,1.328,2.914,2559,996.237,0,1.669,1.669,10.323,8.232,95.302,7.028,1682.892,0,7.049,7.049,21
"5/25/2022 11:52:17 AM",0,31.307,1.313,2.883,2531.9,996.226,0,1.771,1.771,10.939,8.228,95.366,7.033,1685.356,0,7.054,7.054,21
"5/25/2022 11:52:17 AM",0,31.306,1.292,2.838,2492.6,996.21,0,1.482,1.482,10.352,8.225,95.47,7.043,1687.225,0,7.063,7.063,21
"5/25/2022 11:52:17 AM",0,31.301,1.289,2.834,2488.6,996.21,0,1.833,1.833,10.044,8.213,95.545,7.049,1688.839,0,7.069,7.069,21
"5/25/2022 11:52:18 AM",0,31.3,1.279,2.811,2468.9,996.202,0,1.989,1.989,10.631,8.211,95.432,7.041,1689.604,0,7.061,7.061,21
"5/25/2022 11:52:18 AM",0,31.299,1.257,2.766,2429.7,996.187,0,1.935,1.935,10.323,8.209,95.32,7.034,1689.179,0,7.054,7.054,21
"5/25/2022 11:52:18 AM",0,31.297,1.255,2.76,2424.6,996.185,0,1.903,1.903,10.073,8.211,95.472,7.046,1687.225,0,7.066,7.066,21
"5/25/2022 11:56:48 AM",0,29.461,49.223,77.96,70992.4,1032.627,32.628,0.117,0.117,0.218,7.671,95.588,5.486,772.118,0,5.498,5.501,21
"5/25/2022 11:56:49 AM",0,29.465,49.222,77.965,70991.7,1032.626,32.627,0,0,0,7.694,95.59,5.487,768.975,0,5.5,5.503,21
"5/25/2022 11:56:49 AM",0,29.467,49.233,77.983,71004.6,1032.633,32.634,0,0,0,7.708,95.596,5.488,754.702,0,5.501,5.504,21
"5/25/2022 11:56:49 AM",0,29.468,49.189,77.923,70949.5,1032.599,32.601,0.218,0.218,0,7.723,95.665,5.494,777.896,0,5.506,5.51,21
"5/25/2022 11:56:49 AM",0,29.471,48.649,77.184,70272.2,1032.19,32.191,0.156,0.156,0.029,7.74,95.703,5.513,782.229,0,5.525,5.528,21
"5/25/2022 11:56:49 AM",0,29.467,49.21,77.951,70975.6,1032.616,32.616,0.343,0.343,0.291,7.77,95.792,5.502,600.754,0,5.515,5.518,21
"5/25/2022 11:56:50 AM",0,29.468,49.197,77.935,70959.1,1032.606,32.606,0.476,0.476,0.786,7.778,95.652,5.495,609.25,0,5.508,5.511,21
"5/25/2022 11:56:50 AM",0,29.476,49.091,77.799,70825.4,1032.523,32.523,0.468,0.468,0.903,7.796,95.709,5.502,643.913,0,5.515,5.518,21
"5/25/2022 11:56:50 AM",0,29.487,49.188,77.951,70946.6,1032.593,32.593,0.741,0.741,0.859,7.804,95.75,5.502,537.203,0,5.515,5.518,21
"5/25/2022 11:56:50 AM",0.038,29.471,49.194,77.935,70955.9,1032.604,32.603,0.312,0.312,0.553,7.817,95.839,5.508,576.54,0,5.52,5.523,21
"5/25/2022 11:56:50 AM",0.057,29.464,49.211,77.948,70978,1032.619,32.619,0.172,0.172,0.364,7.828,95.772,5.505,566.005,0,5.517,5.52,21
"5/25/2022 11:56:51 AM",0.095,29.465,49.218,77.961,70986.9,1032.624,32.624,0.109,0.109,0.262,7.838,95.81,5.508,504.069,0,5.52,5.523,21
"5/25/2022 11:56:51 AM",0.196,29.464,49.194,77.925,70956.7,1032.607,32.606,0.133,0.133,0.306,7.84,95.701,5.503,563.966,0,5.515,5.519,21
"5/25/2022 11:56:51 AM",0.356,29.463,49.196,77.926,70959.6,1032.609,32.608,0.203,0.203,0.277,7.85,95.742,5.506,624.543,0,5.518,5.521,21
"5/25/2022 11:56:51 AM",0.676,29.459,49.194,77.917,70957.4,1032.61,32.608,0.156,0.156,0.364,7.871,95.667,5.503,498.462,0,5.515,5.519,21
"5/25/2022 11:56:51 AM",0.878,29.456,49.188,77.907,70950.9,1032.608,32.604,0.148,0.148,0.32,7.874,95.826,5.514,429.984,0,5.526,5.53,21
"5/25/2022 11:56:52 AM",1.031,29.455,49.206,77.93,70973.2,1032.622,32.618,0.125,0.125,0.291,7.878,95.921,5.52,417.664,0,5.532,5.536,21
"5/25/2022 11:56:52 AM",1.113,29.455,49.224,77.954,70995.9,1032.636,32.632,0.125,0.125,0.233,7.882,95.981,5.524,480.96,0,5.536,5.54,21
"5/25/2022 11:56:52 AM",1.085,29.458,49.21,77.938,70977.9,1032.625,32.62,0.101,0.101,0.233,7.897,95.923,5.521,497.527,0,5.534,5.537,21
"5/25/2022 11:56:52 AM",1.042,29.461,49.213,77.947,70980.6,1032.625,32.621,0.078,0.078,0.189,7.911,96.039,5.528,517.832,0,5.541,5.544,21
"5/25/2022 11:56:53 AM",0.995,29.463,49.208,77.944,70974.2,1032.62,32.616,0.062,0.062,0.175,7.908,95.963,5.524,470.934,0,5.536,5.539,21
"5/25/2022 11:56:53 AM",0.934,29.464,49.223,77.966,70993,1032.631,32.627,0.039,0.039,0.131,7.902,95.908,5.519,482.744,0,5.531,5.535,21
"5/25/2022 11:56:53 AM",0.92,29.46,49.235,77.975,71008.4,1032.642,32.638,0.101,0.101,0.175,7.903,95.907,5.518,567.194,0,5.53,5.534,21
"5/25/2022 11:56:53 AM",0.901,29.456,49.228,77.962,71000.6,1032.638,32.634,0.062,0.062,0.291,7.911,95.995,5.523,541.536,0,5.535,5.539,21
"5/25/2022 11:56:53 AM",0.883,29.456,49.237,77.973,71011.3,1032.644,32.641,0.14,0.14,0.408,7.91,95.94,5.519,506.618,0,5.532,5.535,21
"5/25/2022 11:56:54 AM",0.899,29.46,49.231,77.971,71003.5,1032.639,32.635,0.07,0.07,0.248,7.912,95.831,5.514,475.267,0,5.526,5.529,21
"5/25/2022 11:56:54 AM",0.897,29.461,49.243,77.988,71018.1,1032.647,32.643,0.265,0.265,0.146,7.916,95.936,5.52,492.005,0,5.533,5.536,21
"5/25/2022 11:56:54 AM",0.909,29.462,49.233,77.977,71006.2,1032.64,32.636,0.491,0.491,0.146,7.921,95.955,5.522,624.967,0,5.535,5.538,21
"5/25/2022 11:56:54 AM",0.915,29.46,49.23,77.97,71002.9,1032.638,32.635,0.25,0.25,0.102,7.922,95.883,5.518,536.609,0,5.531,5.534,21
"5/25/2022 11:56:54 AM",0.937,29.452,49.242,77.974,71018.2,1032.65,32.646,0.086,0.086,0.058,7.924,95.828,5.514,489.371,0,5.527,5.53,21
"5/25/2022 11:56:55 AM",0.972,29.451,49.238,77.968,71014.3,1032.648,32.644,0.062,0.062,0.073,7.923,95.793,5.513,445.531,0,5.525,5.528,21
"5/25/2022 11:56:55 AM",1.009,29.451,49.234,77.962,71009.4,1032.645,32.641,0.055,0.055,0.146,7.923,95.967,5.522,520.466,0,5.535,5.538,21
"5/25/2022 11:56:55 AM",1.069,29.452,49.242,77.975,71019.2,1032.651,32.647,0.07,0.07,0.218,7.935,95.843,5.514,562.267,0,5.527,5.53,21
"5/25/2022 11:56:55 AM",1.089,29.453,49.23,77.959,71004,1032.642,32.637,0.016,0.016,0.102,7.938,95.958,5.521,531.851,0,5.534,5.537,21
"5/25/2022 11:56:55 AM",1.08,29.457,49.225,77.959,70997.1,1032.636,32.632,0.078,0.078,0.291,7.936,95.873,5.518,542.896,0,5.53,5.533,21
"5/25/2022 11:56:56 AM",1.071,29.459,49.224,77.961,70995.7,1032.635,32.63,0.179,0.179,1.151,7.95,95.919,5.522,495.488,0,5.534,5.537,21
"5/25/2022 11:56:56 AM",1.059,29.462,49.22,77.959,70990.1,1032.631,32.626,0.133,0.133,0.364,7.954,95.988,5.526,532.531,0,5.538,5.541,21
"5/25/2022 11:56:56 AM",1.052,29.463,49.22,77.961,70990,1032.63,32.626,0.733,0.733,0.218,7.953,95.875,5.519,450.119,0,5.532,5.535,21
"5/25/2022 11:56:56 AM",1.054,29.463,49.224,77.965,70995.4,1032.634,32.629,0.234,0.234,0.553,7.944,96.1,5.532,519.107,0,5.545,5.548,21
"5/25/2022 11:56:56 AM",1.066,29.464,49.226,77.97,70996.8,1032.634,32.63,0.133,0.133,0.51,7.948,95.931,5.522,542.386,0,5.535,5.538,21
"5/25/2022 11:56:57 AM",1.097,29.461,49.235,77.978,71009,1032.643,32.638,0.179,0.179,0.248,7.948,95.919,5.521,477.476,0,5.534,5.537,21
"5/25/2022 11:56:57 AM",1.108,29.458,49.233,77.971,71007.2,1032.642,32.638,0.055,0.055,0.146,7.954,96.156,5.535,544.51,0,5.548,5.551,21
"5/25/2022 11:56:57 AM",1.099,29.456,49.227,77.96,70999.2,1032.638,32.633,0.07,0.07,0.262,7.949,96.018,5.527,469.32,0,5.54,5.543,21
"5/25/2022 11:56:57 AM",1.073,29.457,49.223,77.956,70994.4,1032.635,32.63,0.164,0.164,0.175,7.945,95.914,5.522,500.331,0,5.534,5.537,21
"5/25/2022 11:56:58 AM",1.047,29.456,49.229,77.963,71002.5,1032.64,32.635,0.094,0.094,0.029,7.949,95.945,5.524,567.194,0,5.536,5.54,21
"5/25/2022 11:56:58 AM",1.015,29.46,49.223,77.959,70993.7,1032.633,32.629,0.086,0.086,0.044,7.951,95.932,5.524,412.907,0,5.536,5.539,21
"5/25/2022 11:56:58 AM",0.944,29.459,49.225,77.961,70996.8,1032.635,32.631,0.016,0.016,0,7.951,95.871,5.52,451.818,0,5.533,5.536,21
"5/25/2022 11:56:58 AM",0.909,29.458,49.234,77.971,71008.1,1032.642,32.638,0.07,0.07,0.029,7.963,95.931,5.523,510.271,0,5.535,5.539,21
"5/25/2022 11:56:58 AM",0.916,29.457,49.237,77.974,71011.8,1032.645,32.641,0.094,0.094,0.146,7.962,95.862,5.519,464.393,0,5.531,5.534,21
"5/25/2022 11:56:59 AM",1.038,29.453,49.232,77.962,71005.9,1032.643,32.638,0.694,0.694,0,7.951,95.997,5.526,465.837,0,5.539,5.542,21
"5/25/2022 11:56:59 AM",1.146,29.452,49.228,77.956,71001.2,1032.641,32.636,0.203,0.203,0,7.952,95.912,5.522,369.662,0,5.535,5.538,21
"5/25/2022 11:56:59 AM",1.278,29.454,49.221,77.948,70991.9,1032.635,32.629,0.133,0.133,0.175,7.958,95.903,5.523,376.799,0,5.535,5.539,21
"5/25/2022 11:56:59 AM",1.421,29.453,49.229,77.959,71002.7,1032.642,32.636,0.055,0.055,0.087,7.951,95.994,5.528,427.945,0,5.541,5.544,21
"5/25/2022 11:56:59 AM",1.668,29.45,49.236,77.964,71011.4,1032.649,32.642,0.109,0.109,0.073,7.949,95.894,5.523,476.967,0,5.535,5.539,21
"5/25/2022 11:57:00 AM",1.835,29.45,49.243,77.974,71020.9,1032.656,32.648,0.016,0.016,0,7.953,95.869,5.522,356.153,0,5.534,5.537,21
"5/25/2022 11:57:00 AM",1.997,29.451,49.248,77.982,71026.6,1032.66,32.651,0,0,0,7.959,96.014,5.53,288.27,0,5.543,5.546,21
"5/25/2022 11:57:00 AM",2.162,29.45,49.254,77.989,71034.9,1032.666,32.656,0.047,0.047,0.146,7.964,96.111,5.536,258.534,0,5.549,5.552,21
"5/25/2022 11:57:00 AM",2.397,29.45,49.258,77.994,71039.3,1032.669,32.659,0,0,0,7.956,96.088,5.535,271.193,0,5.547,5.551,21
"5/25/2022 11:57:00 AM",2.55,29.45,49.257,77.993,71038.8,1032.669,32.659,0,0,0,7.95,95.951,5.527,224.975,0,5.54,5.543,21
"5/25/2022 11:57:01 AM",2.704,29.448,49.261,77.996,71043.2,1032.673,32.662,0,0,0,7.949,96.133,5.538,179.436,0,5.551,5.554,21
"5/25/2022 11:57:01 AM",2.877,29.449,49.266,78.005,71050.5,1032.678,32.666,0.265,0.265,0.51,7.951,96.119,5.537,181.22,0,5.55,5.553,21
"5/25/2022 11:57:01 AM",3.068,29.448,49.271,78.011,71056.9,1032.683,32.67,0.289,0.289,0.641,7.949,96.074,5.535,303.648,0,5.548,5.551,21
"5/25/2022 11:57:01 AM",3.19,29.448,49.272,78.011,71057.6,1032.684,32.67,0.14,0.14,0.291,7.947,96.193,5.542,351.82,0,5.555,5.558,21
"5/25/2022 11:57:02 AM",3.327,29.448,49.272,78.01,71057.4,1032.684,32.67,0.101,0.101,0.16,7.943,96.25,5.545,352.585,0,5.557,5.561,21
"5/25/2022 11:57:02 AM",3.591,29.449,49.273,78.014,71059.4,1032.686,32.671,0.023,0.023,0.058,7.947,96.215,5.543,255.56,0,5.555,5.559,21
"5/25/2022 11:57:02 AM",3.8,29.449,49.277,78.02,71064.1,1032.69,32.674,0.016,0.016,0,7.949,96.281,5.546,240.183,0,5.559,5.562,21
"5/25/2022 11:57:02 AM",4.004,29.45,49.277,78.021,71064.3,1032.691,32.674,0,0,0,7.948,96.22,5.543,229.562,0,5.556,5.559,21
"5/25/2022 11:57:02 AM",4.204,29.451,49.279,78.025,71066.5,1032.693,32.675,0,0,0,7.951,96.169,5.541,244.176,0,5.554,5.557,21
"5/25/2022 11:57:03 AM",4.499,29.451,49.282,78.029,71070.2,1032.696,32.677,0.055,0.055,0.131,7.947,96.211,5.544,210.701,0,5.556,5.56,21
"5/25/2022 11:57:03 AM",4.686,29.45,49.285,78.034,71074.6,1032.699,32.679,0.109,0.109,0.233,7.947,96.16,5.541,206.283,0,5.554,5.557,21
"5/25/2022 11:57:03 AM",4.886,29.449,49.287,78.035,71077.6,1032.702,32.681,0.094,0.094,0.233,7.951,96.269,5.548,255.475,0,5.56,5.564,21
"5/25/2022 11:57:03 AM",5.08,29.448,49.289,78.036,71080,1032.705,32.683,0.094,0.094,0.233,7.953,96.411,5.556,231.432,0,5.569,5.572,21
"5/25/2022 11:57:03 AM",5.378,29.449,49.293,78.042,71084.5,1032.709,32.686,0.031,0.031,0.073,7.964,96.36,5.553,278.33,0,5.566,5.569,21
"5/25/2022 11:57:04 AM",5.593,29.449,49.295,78.046,71087.3,1032.711,32.687,0,0,0,7.956,96.214,5.544,310.954,0,5.557,5.56,21
"5/25/2022 11:57:04 AM",5.813,29.449,49.297,78.048,71089.7,1032.713,32.689,0,0,0,7.96,96.244,5.546,180.031,0,5.559,5.562,21
"5/25/2022 11:57:04 AM",5.988,29.45,49.3,78.054,71093.8,1032.716,32.691,0,0,0,7.964,96.181,5.543,113.167,0,5.556,5.559,21
"5/25/2022 11:57:04 AM",6.244,29.45,49.302,78.057,71096.3,1032.719,32.692,0,0,0,7.96,96.217,5.545,44.944,0,5.558,5.561,21
"5/25/2022 11:57:04 AM",6.4,29.451,49.302,78.059,71096.3,1032.719,32.692,0,0,0,7.958,96.178,5.543,30.161,0,5.556,5.559,21
"5/25/2022 11:57:05 AM",6.557,29.454,49.296,78.055,71089.2,1032.715,32.687,0,0,0,7.959,96.166,5.543,22.854,0,5.556,5.559,21
"5/25/2022 11:57:05 AM",6.741,29.453,49.292,78.047,71083.6,1032.712,32.684,0,0,0,7.956,96.117,5.541,19.286,0,5.553,5.557,21
"5/25/2022 11:57:05 AM",6.952,29.449,49.3,78.052,71094.2,1032.721,32.691,0.406,0.406,0.976,7.962,96.16,5.543,22.345,0,5.556,5.559,21
"5/25/2022 11:57:05 AM",7.197,29.445,49.308,78.058,71105,1032.729,32.699,1.623,1.623,3.806,7.96,96.032,5.536,50.721,0,5.548,5.552,21
"5/25/2022 11:57:05 AM",7.348,29.433,49.324,78.063,71126.7,1032.746,32.715,0.679,0.679,1.544,7.964,95.873,5.526,88.613,0,5.539,5.542,21
"5/25/2022 11:57:06 AM",7.501,29.423,49.311,78.031,71111.9,1032.741,32.709,0.382,0.382,0.786,7.954,95.885,5.528,120.898,0,5.541,5.544,21
"5/25/2022 11:57:06 AM",7.653,29.416,49.308,78.018,71109.1,1032.742,32.709,0.117,0.117,0.175,7.952,96.106,5.541,119.794,0,5.554,5.557,21
"5/25/2022 11:57:06 AM",7.872,29.41,49.314,78.018,71117.4,1032.749,32.716,0,0,0,7.959,96.144,5.543,74.935,0,5.556,5.559,21
"5/25/2022 11:57:06 AM",8.008,29.409,49.317,78.021,71121.5,1032.752,32.718,0,0,0,7.96,96.1,5.54,43.755,0,5.553,5.556,21
"5/25/2022 11:57:06 AM",8.152,29.409,49.317,78.02,71121.2,1032.753,32.718,0,0,0,7.966,96.053,5.538,31.01,0,5.551,5.554,21
"5/25/2022 11:57:07 AM",8.298,29.409,49.318,78.022,71122.4,1032.754,32.719,0.211,0.211,0.524,7.971,96.095,5.541,28.886,0,5.554,5.557,21
"5/25/2022 11:57:07 AM",8.495,29.412,49.316,78.023,71119.7,1032.752,32.716,0,0,0,7.971,96.017,5.538,29.056,0,5.551,5.554,21
"5/25/2022 11:57:07 AM",8.634,29.413,49.316,78.025,71120.3,1032.753,32.716,0,0,0,7.969,96.013,5.538,26.168,0,5.551,5.554,21
"5/25/2022 11:57:07 AM",8.787,29.411,49.315,78.02,71118.9,1032.753,32.716,0,0,0,7.967,95.909,5.532,22.599,0,5.545,5.548,21
"5/25/2022 11:57:08 AM",8.959,29.41,49.315,78.019,71119.6,1032.755,32.717,0,0,0,7.966,96.016,5.538,20.221,0,5.55,5.554,21
"5/25/2022 11:57:08 AM",9.237,29.408,49.319,78.022,71124.8,1032.76,32.72,0.195,0.195,0.233,7.965,95.923,5.532,19.371,0,5.544,5.548,21
"5/25/2022 11:57:08 AM",9.42,29.406,49.322,78.024,71128.8,1032.763,32.723,0.234,0.234,0.364,7.965,95.983,5.535,20.221,0,5.548,5.551,21
"5/25/2022 11:57:08 AM",9.599,29.406,49.326,78.028,71133.5,1032.767,32.726,0.101,0.101,0.233,7.965,96.011,5.537,20.9,0,5.55,5.553,21
"5/25/2022 11:57:08 AM",9.872,29.405,49.327,78.028,71135,1032.769,32.727,0.156,0.156,0.218,7.975,96.019,5.538,21.07,0,5.55,5.553,21
"5/25/2022 11:57:09 AM",10.056,29.405,49.329,78.031,71137.6,1032.772,32.729,0.601,0.601,1.296,7.981,96.008,5.537,23.874,0,5.55,5.553,21
"5/25/2022 11:57:09 AM",10.223,29.405,49.329,78.033,71138.3,1032.772,32.729,1.521,1.521,3.485,7.97,96.033,5.538,33.05,0,5.551,5.554,21
"5/25/2022 11:57:09 AM",10.434,29.406,49.33,78.035,71139.4,1032.774,32.729,0.46,0.46,0.99,7.972,95.812,5.525,52.59,0,5.538,5.541,21
"5/25/2022 11:57:09 AM",10.566,29.406,49.332,78.038,71142.1,1032.776,32.731,0,0,0,7.974,95.973,5.535,51.146,0,5.548,5.551,21
"5/25/2022 11:57:09 AM",10.702,29.406,49.336,78.044,71146.4,1032.779,32.733,0,0,0,7.975,96.003,5.538,40.951,0,5.55,5.554,21
"5/25/2022 11:57:10 AM",10.846,29.408,49.332,78.041,71142.2,1032.777,32.73,0,0,0,7.978,95.92,5.533,29.736,0,5.546,5.549,21
"5/25/2022 11:57:10 AM",11.105,29.408,49.33,78.037,71138.9,1032.776,32.728,0,0,0,7.978,95.945,5.535,19.371,0,5.547,5.551,21
"5/25/2022 11:57:10 AM",11.303,29.408,49.331,78.04,71140.5,1032.777,32.729,0.016,0.016,0.116,7.976,95.998,5.538,17.927,0,5.55,5.554,21
"5/25/2022 11:57:10 AM",11.486,29.407,49.341,78.052,71152.8,1032.786,32.737,2.239,2.239,5.37,7.978,95.986,5.537,28.207,0,5.55,5.553,21
"5/25/2022 11:57:10 AM",11.629,29.407,49.347,78.06,71161.2,1032.791,32.742,0.686,0.686,1.617,7.969,95.983,5.537,194.389,0,5.55,5.553,21
"5/25/2022 11:57:11 AM",11.632,29.406,49.351,78.064,71165.5,1032.794,32.745,0.218,0.218,0.51,7.972,96.126,5.545,259.553,0,5.558,5.561,21
"5/25/2022 11:57:11 AM",11.589,29.407,49.347,78.059,71160.3,1032.791,32.741,0.094,0.094,0.175,7.977,96.012,5.539,247.489,0,5.551,5.555,21
"5/25/2022 11:57:11 AM",11.519,29.408,49.344,78.058,71157.1,1032.788,32.739,0.086,0.086,0.102,7.97,96.033,5.54,240.352,0,5.553,5.556,21
"5/25/2022 11:57:11 AM",11.382,29.407,49.344,78.057,71157.1,1032.788,32.739,0.047,0.047,0.044,7.971,96.068,5.542,213.76,0,5.555,5.558,21
"5/25/2022 11:57:12 AM",11.284,29.408,49.345,78.059,71158,1032.788,32.74,0.031,0.031,0.029,7.97,96.096,5.544,234.15,0,5.556,5.56,21
"5/25/2022 11:57:12 AM",11.18,29.408,49.345,78.059,71158.7,1032.788,32.74,0.047,0.047,0.029,7.965,96.021,5.538,270.513,0,5.551,5.554,21
"5/25/2022 11:57:12 AM",11.065,29.409,49.346,78.06,71158.7,1032.787,32.74,0.047,0.047,0.029,7.96,96.087,5.542,272.807,0,5.555,5.558,21
"5/25/2022 11:57:12 AM",10.888,29.407,49.351,78.065,71165,1032.791,32.744,0.055,0.055,0.044,7.957,96.175,5.547,265.246,0,5.559,5.563,21
"5/25/2022 11:57:12 AM",10.792,29.407,49.348,78.061,71161.7,1032.788,32.743,0.047,0.047,0.029,7.964,96.186,5.547,263.971,0,5.56,5.563,21
"5/25/2022 11:57:13 AM",10.7,29.407,49.351,78.064,71164.9,1032.79,32.745,0.047,0.047,0.044,7.97,96.171,5.546,249.698,0,5.559,5.562,21
"5/25/2022 11:57:13 AM",10.589,29.407,49.347,78.061,71160.9,1032.787,32.742,0.047,0.047,0.029,7.97,96.148,5.545,236.019,0,5.558,5.561,21
"5/25/2022 11:57:13 AM",10.576,29.406,49.347,78.058,71160,1032.787,32.742,0.031,0.031,0,7.972,96.032,5.538,244.431,0,5.551,5.554,21
"5/25/2022 11:57:13 AM",10.556,29.406,49.349,78.061,71163.3,1032.789,32.744,0.055,0.055,0.044,7.973,95.992,5.535,268.644,0,5.548,5.551,21
"5/25/2022 11:57:13 AM",10.469,29.407,49.349,78.062,71162.8,1032.788,32.743,0.047,0.047,0.044,7.97,95.898,5.531,244.855,0,5.543,5.547,21
"5/25/2022 11:57:14 AM",10.389,29.408,49.347,78.061,71160.2,1032.786,32.741,0.039,0.039,0.044,7.971,95.983,5.536,248.933,0,5.549,5.552,21
"5/25/2022 11:57:14 AM",10.267,29.408,49.348,78.062,71161.2,1032.786,32.742,0.039,0.039,0,7.97,96.069,5.541,266.605,0,5.554,5.557,21
"5/25/2022 11:57:14 AM",10.065,29.406,49.351,78.064,71165.5,1032.788,32.745,0.031,0.031,0,7.97,96.094,5.542,289.969,0,5.555,5.558,21
"5/25/2022 11:57:14 AM",9.973,29.406,49.348,78.059,71161.8,1032.786,32.743,0.031,0.031,0.029,7.979,96.013,5.537,267.795,0,5.55,5.553,21
"5/25/2022 11:57:14 AM",9.884,29.404,49.35,78.059,71164,1032.787,32.745,0.055,0.055,0.044,7.974,96.045,5.539,247.744,0,5.552,5.555,21
"5/25/2022 11:57:15 AM",9.782,29.404,49.354,78.064,71169.1,1032.79,32.748,0.047,0.047,0.058,7.972,96.015,5.538,246.3,0,5.551,5.554,21
"5/25/2022 11:57:15 AM",9.602,29.404,49.35,78.059,71164.2,1032.786,32.745,0.055,0.055,0.058,7.97,96.12,5.544,244.94,0,5.557,5.561,21
"5/25/2022 11:57:15 AM",9.467,29.405,49.354,78.065,71168.2,1032.788,32.747,0.055,0.055,0.029,7.969,96.093,5.543,246.979,0,5.556,5.559,21
"5/25/2022 11:57:15 AM",9.296,29.404,49.355,78.065,71169.6,1032.788,32.748,0.047,0.047,0.015,7.97,96.075,5.542,253.861,0,5.555,5.558,21
"5/25/2022 11:57:16 AM",9.009,29.404,49.353,78.062,71167.1,1032.786,32.747,0.039,0.039,0,7.968,96.09,5.543,245.705,0,5.555,5.559,21
"5/25/2022 11:57:16 AM",8.855,29.403,49.351,78.059,71165.6,1032.784,32.747,0.039,0.039,0.029,7.973,96.082,5.542,231.177,0,5.555,5.558,21
"5/25/2022 11:57:16 AM",8.715,29.404,49.351,78.061,71165.4,1032.783,32.746,0.031,0.031,0.015,7.975,96.142,5.545,225.314,0,5.558,5.561,21
"5/25/2022 11:57:16 AM",8.575,29.404,49.355,78.065,71169.7,1032.785,32.749,0.031,0.031,0,7.979,96.092,5.543,249.188,0,5.556,5.559,21
"5/25/2022 11:57:16 AM",8.43,29.407,49.353,78.066,71166.3,1032.782,32.746,0.031,0.031,0.044,7.981,96.096,5.543,270.853,0,5.556,5.559,21
"5/25/2022 11:57:17 AM",8.369,29.41,49.351,78.068,71164,1032.779,32.744,0.047,0.047,0.058,7.977,96.044,5.54,248.424,0,5.553,5.556,21
"5/25/2022 11:57:17 AM",8.293,29.413,49.352,78.073,71164.7,1032.779,32.743,0.047,0.047,0.044,7.977,96.02,5.538,250.463,0,5.551,5.554,21
"5/25/2022 11:57:17 AM",8.208,29.414,49.352,78.074,71164.1,1032.778,32.743,0.039,0.039,0.015,7.976,95.976,5.536,248.169,0,5.548,5.552,21
"5/25/2022 11:57:17 AM",8.032,29.415,49.354,78.08,71167.3,1032.779,32.744,0.031,0.031,0,7.974,96.118,5.544,275.356,0,5.557,5.56,21
"5/25/2022 11:57:17 AM",7.908,29.416,49.357,78.085,71170.4,1032.78,32.746,0.031,0.031,0.015,7.971,96.024,5.539,289.205,0,5.552,5.555,21
"5/25/2022 11:57:18 AM",7.802,29.421,49.363,78.1,71177.4,1032.782,32.749,0.031,0.031,0.029,7.974,96.021,5.539,277.65,0,5.552,5.555,21
"5/25/2022 11:57:18 AM",7.618,29.431,49.359,78.108,71170.4,1032.774,32.742,0.039,0.039,0.058,7.974,95.912,5.532,257.939,0,5.545,5.548,21
"5/25/2022 11:57:18 AM",7.479,29.434,49.362,78.118,71174.1,1032.775,32.743,0.039,0.039,0.058,7.984,96.069,5.541,266.01,0,5.554,5.557,21
"5/25/2022 11:57:18 AM",7.366,29.438,49.363,78.125,71175.6,1032.775,32.743,0.039,0.039,0.058,7.986,96.016,5.538,262.697,0,5.551,5.554,21
"5/25/2022 11:57:18 AM",7.26,29.441,49.363,78.128,71174,1032.772,32.741,0.039,0.039,0.044,7.983,96.032,5.539,280.114,0,5.552,5.555,21
"5/25/2022 11:57:19 AM",7.091,29.439,49.361,78.124,71172.4,1032.771,32.741,0.031,0.031,0,7.994,95.985,5.536,286.911,0,5.548,5.552,21
"5/25/2022 11:57:19 AM",6.935,29.436,49.362,78.12,71173.2,1032.772,32.742,0.047,0.047,0.029,7.994,95.975,5.536,279.349,0,5.548,5.552,21
"5/25/2022 11:57:19 AM",6.743,29.435,49.359,78.115,71170.6,1032.77,32.741,0.039,0.039,0.015,7.987,96.051,5.54,286.656,0,5.553,5.556,21
"5/25/2022 11:57:19 AM",6.583,29.434,49.36,78.115,71171.5,1032.77,32.742,0.039,0.039,0.058,7.984,95.955,5.534,286.911,0,5.547,5.55,21
"5/25/2022 11:57:19 AM",6.428,29.435,49.358,78.112,71168.2,1032.767,32.74,0.039,0.039,0.044,7.988,95.896,5.531,276.8,0,5.544,5.547,21
"5/25/2022 11:57:20 AM",6.347,29.435,49.36,78.115,71170.6,1032.768,32.741,0.031,0.031,0.015,7.99,96.149,5.546,329.221,0,5.559,5.562,21
"5/25/2022 11:57:20 AM",6.286,29.436,49.359,78.115,71170.1,1032.768,32.741,0.023,0.023,0.029,7.99,96.169,5.547,358.872,0,5.56,5.563,21
"5/25/2022 11:57:20 AM",6.275,29.437,49.359,78.118,71170.1,1032.767,32.74,0.039,0.039,0.044,7.99,96.174,5.547,279.094,0,5.56,5.563,21
"5/25/2022 11:57:20 AM",6.301,29.438,49.361,78.12,71171.6,1032.768,32.741,0.039,0.039,0.058,7.99,96.039,5.54,262.952,0,5.552,5.556,21
"5/25/2022 11:57:21 AM",6.284,29.439,49.357,78.117,71167.3,1032.765,32.738,0.031,0.031,0.087,7.989,96.028,5.539,328.286,0,5.552,5.556,21
"5/25/2022 11:57:21 AM",6.223,29.44,49.356,78.116,71164.9,1032.763,32.737,0.039,0.039,0.029,7.988,95.988,5.538,318.261,0,5.551,5.554,21
"5/25/2022 11:57:21 AM",6.14,29.438,49.358,78.117,71168.3,1032.765,32.739,0.039,0.039,0,7.986,96.031,5.54,340.521,0,5.553,5.556,21
"5/25/2022 11:57:21 AM",5.983,29.437,49.36,78.118,71171.2,1032.767,32.741,0.039,0.039,0.044,7.98,96.039,5.54,310.19,0,5.553,5.556,21
"5/25/2022 11:57:21 AM",5.894,29.435,49.366,78.124,71178,1032.771,32.746,0.039,0.039,0.073,7.989,95.965,5.535,308.575,0,5.548,5.551,21
"5/25/2022 11:57:22 AM",5.799,29.437,49.368,78.128,71180.4,1032.772,32.747,0.031,0.031,0.044,7.991,96.112,5.543,350.886,0,5.556,5.56,21
"5/25/2022 11:57:22 AM",5.649,29.44,49.364,78.127,71175.7,1032.767,32.743,0.031,0.031,0.044,7.996,96.158,5.546,304.667,0,5.559,5.562,21
"5/25/2022 11:57:22 AM",5.543,29.441,49.362,78.127,71172.9,1032.765,32.741,0.047,0.047,0.073,7.994,95.994,5.537,303.733,0,5.55,5.553,21
"5/25/2022 11:57:22 AM",5.404,29.443,49.359,78.125,71168.7,1032.761,32.738,0.055,0.055,0.073,7.995,96.044,5.54,326.162,0,5.553,5.556,21
"5/25/2022 11:57:22 AM",5.242,29.444,49.361,78.129,71171,1032.762,32.739,0.047,0.047,0.029,7.995,96.01,5.539,368.982,0,5.551,5.555,21
"5/25/2022 11:57:23 AM",4.957,29.445,49.36,78.128,71169.4,1032.759,32.738,0.047,0.047,0.044,7.994,95.992,5.538,392.601,0,5.55,5.554,21
"5/25/2022 11:57:23 AM",4.75,29.444,49.362,78.13,71171.1,1032.76,32.739,0.031,0.031,0.044,7.996,96.009,5.539,377.903,0,5.551,5.555,21
"5/25/2022 11:57:23 AM",4.567,29.446,49.361,78.131,71170.6,1032.758,32.739,0.023,0.023,0.044,7.994,96.031,5.54,371.786,0,5.553,5.556,21
"5/25/2022 11:57:23 AM",4.348,29.448,49.359,78.131,71167.4,1032.755,32.736,0.023,0.023,0.015,7.987,96.118,5.545,357.767,0,5.558,5.561,21
"5/25/2022 11:57:23 AM",4.228,29.449,49.359,78.133,71167.4,1032.754,32.736,0.031,0.031,0.058,7.982,96.15,5.547,363.12,0,5.56,5.563,21
"5/25/2022 11:57:24 AM",4.152,29.449,49.358,78.132,71165.9,1032.753,32.735,0.031,0.031,0.102,7.976,96.044,5.541,415.116,0,5.554,5.557,21
"5/25/2022 11:57:24 AM",4.058,29.449,49.36,78.134,71168.3,1032.754,32.737,0.031,0.031,0.175,7.974,96.119,5.545,371.616,0,5.558,5.561,21
"5/25/2022 11:57:24 AM",4.011,29.449,49.363,78.139,71172.3,1032.756,32.739,0.07,0.07,0.131,7.975,96.055,5.54,355.474,0,5.553,5.557,21
"5/25/2022 11:57:24 AM",4.013,29.449,49.362,78.137,71170.9,1032.755,32.738,0.094,0.094,0.189,7.976,96.071,5.541,349.017,0,5.554,5.557,21
"5/25/2022 11:57:25 AM",4.053,29.449,49.361,78.137,71170,1032.755,32.738,0.07,0.07,0.277,7.974,96.109,5.544,366.858,0,5.557,5.56,21
"5/25/2022 11:57:25 AM",4.143,29.448,49.366,78.141,71175.6,1032.759,32.741,0.047,0.047,0.102,7.974,95.983,5.536,446.976,0,5.549,5.552,21
"5/25/2022 11:57:25 AM",4.2,29.448,49.366,78.142,71176.1,1032.759,32.742,0.055,0.055,0.087,7.97,96.136,5.545,416.305,0,5.558,5.561,21
"5/25/2022 11:57:25 AM",4.213,29.448,49.369,78.145,71179.4,1032.762,32.744,0.047,0.047,0.087,7.969,96.142,5.545,422.592,0,5.558,5.561,21
"5/25/2022 11:57:25 AM",4.094,29.45,49.367,78.144,71176.5,1032.759,32.741,0.14,0.14,0.087,7.962,96.074,5.542,402.711,0,5.554,5.558,21
"5/25/2022 11:57:26 AM",3.966,29.45,49.367,78.145,71177.1,1032.759,32.742,0.07,0.07,0.073,7.96,96.081,5.542,373.4,0,5.555,5.558,21
"5/25/2022 11:57:26 AM",3.832,29.45,49.369,78.147,71179.5,1032.76,32.743,0.047,0.047,0.087,7.962,96.103,5.543,343.239,0,5.556,5.559,21
"5/25/2022 11:57:26 AM",3.722,29.45,49.369,78.148,71179.4,1032.759,32.743,0.031,0.031,0.044,7.961,96.075,5.542,373.485,0,5.555,5.558,21
"5/25/2022 11:57:26 AM",3.62,29.45,49.37,78.149,71180.5,1032.759,32.744,0.008,0.008,0,7.965,96.117,5.545,411.972,0,5.557,5.561,21
"5/25/2022 11:57:26 AM",3.557,29.451,49.369,78.148,71178.6,1032.758,32.743,0.047,0.047,0.044,7.963,96.152,5.547,451.564,0,5.559,5.563,21
"5/25/2022 11:57:27 AM",3.498,29.451,49.374,78.156,71184.8,1032.761,32.746,0.086,0.086,0.116,7.967,96.13,5.546,445.701,0,5.558,5.562,21
"5/25/2022 11:57:27 AM",3.453,29.452,49.378,78.163,71190.7,1032.764,32.75,0.164,0.164,0.175,7.971,96.064,5.542,443.492,0,5.554,5.558,21
"5/25/2022 11:57:27 AM",3.397,29.453,49.377,78.163,71188.2,1032.762,32.748,0.554,0.554,0.32,7.969,96.16,5.547,372.466,0,5.56,5.563,21
"5/25/2022 11:57:27 AM",3.34,29.455,49.374,78.16,71184.2,1032.759,32.745,0.265,0.265,0.16,7.969,96.024,5.539,367.538,0,5.552,5.555,21
"5/25/2022 11:57:27 AM",3.225,29.455,49.374,78.16,71184.2,1032.759,32.745,0.086,0.086,0.073,7.965,96.079,5.542,403.986,0,5.554,5.558,21
"5/25/2022 11:57:28 AM",2.959,29.454,49.376,78.162,71186.5,1032.759,32.747,0.047,0.047,0.175,7.963,96.149,5.546,556.659,0,5.559,5.562,21
"5/25/2022 11:57:28 AM",2.795,29.452,49.376,78.16,71187.4,1032.76,32.748,0.117,0.117,0.146,7.96,95.966,5.536,426.84,0,5.549,5.552,21
"5/25/2022 11:57:28 AM",2.668,29.452,49.377,78.161,71189.2,1032.76,32.749,0.055,0.055,0.102,7.947,96.086,5.543,460.654,0,5.556,5.559,21
"5/25/2022 11:57:28 AM",2.555,29.451,49.377,78.159,71188.4,1032.76,32.749,0.039,0.039,0.131,7.932,95.986,5.536,592.852,0,5.549,5.552,21
"5/25/2022 11:57:29 AM",2.486,29.45,49.376,78.157,71187.5,1032.759,32.748,0.055,0.055,0.087,7.933,96.013,5.538,497.102,0,5.551,5.554,21
"5/25/2022 11:57:29 AM",2.406,29.451,49.376,78.158,71186.7,1032.758,32.748,0.031,0.031,0.044,7.937,96.133,5.545,533.38,0,5.558,5.561,21
"5/25/2022 11:57:29 AM",2.308,29.452,49.371,78.153,71180.9,1032.754,32.744,0.055,0.055,0.044,7.936,96.14,5.545,548.928,0,5.558,5.561,21
"5/25/2022 11:57:29 AM",2.164,29.452,49.366,78.147,71175.1,1032.75,32.74,0.031,0.031,0.044,7.936,96.14,5.546,599.309,0,5.559,5.562,21
"5/25/2022 11:57:29 AM",2.033,29.452,49.367,78.147,71175.4,1032.749,32.741,0.039,0.039,0.044,7.936,96.106,5.544,615.282,0,5.557,5.56,21
"5/25/2022 11:57:30 AM",1.913,29.452,49.368,78.148,71176.5,1032.75,32.741,0.031,0.031,0.044,7.935,96.06,5.542,645.358,0,5.555,5.558,21
"5/25/2022 11:57:30 AM",1.757,29.452,49.367,78.146,71175,1032.748,32.741,0.031,0.031,0.058,7.934,96.042,5.541,587.415,0,5.554,5.557,21
"5/25/2022 11:57:30 AM",1.672,29.452,49.367,78.146,71175.6,1032.748,32.741,0.023,0.023,0.015,7.935,96.086,5.544,587.415,0,5.557,5.56,21
"5/25/2022 11:57:30 AM",1.614,29.452,49.37,78.15,71178.7,1032.75,32.743,0.016,0.016,0.015,7.933,96.055,5.542,482.064,0,5.555,5.558,21
"5/25/2022 11:57:30 AM",1.52,29.454,49.373,78.157,71182.1,1032.751,32.744,0.062,0.062,0.116,7.937,96.102,5.545,515.878,0,5.558,5.561,21
"5/25/2022 11:57:31 AM",1.331,29.456,49.363,78.147,71169.9,1032.742,32.736,0.047,0.047,0.058,7.944,96.113,5.545,679.597,0,5.558,5.561,21
"5/25/2022 11:57:31 AM",1.2,29.456,49.363,78.148,71170.4,1032.742,32.737,0.031,0.031,0.044,7.943,96.088,5.544,547.993,0,5.557,5.56,21
"5/25/2022 11:57:31 AM",1.093,29.456,49.362,78.145,71168.9,1032.741,32.736,0.039,0.039,0.015,7.944,96.165,5.548,736.18,0,5.561,5.565,21
"5/25/2022 11:57:31 AM",0.96,29.453,49.364,78.144,71170.7,1032.742,32.738,0.039,0.039,0.073,7.94,95.971,5.537,714.855,0,5.55,5.554,21
"5/25/2022 11:57:31 AM",0.846,29.452,49.364,78.143,71171.4,1032.742,32.739,0.039,0.039,0.058,7.938,96.017,5.54,708.398,0,5.553,5.556,21
"5/25/2022 11:57:32 AM",0.741,29.453,49.36,78.139,71166.5,1032.739,32.735,0.016,0.016,0.015,7.935,95.957,5.537,790.81,0,5.549,5.553,21
"5/25/2022 11:57:32 AM",0.632,29.454,49.36,78.139,71165.6,1032.737,32.735,0.039,0.039,0.073,7.932,95.865,5.531,818.762,0,5.544,5.547,21
"5/25/2022 11:57:32 AM",0.433,29.455,49.37,78.155,71177.8,1032.744,32.742,0.023,0.023,0,7.935,95.99,5.538,691.406,0,5.551,5.554,21
"5/25/2022 11:57:32 AM",0.272,29.457,49.376,78.166,71185.9,1032.747,32.746,0.047,0.047,0.058,7.931,96.109,5.545,833.29,0,5.558,5.561,21
"5/25/2022 11:57:32 AM",0.075,29.469,49.362,78.164,71166.7,1032.732,32.731,0.055,0.055,0.116,7.93,96.124,5.546,792.084,0,5.559,5.563,21
"5/25/2022 11:57:33 AM",0,29.491,49.365,78.198,71167,1032.725,32.726,0,0,0,7.93,96.119,5.546,888.854,0,5.559,5.562,21
"5/25/2022 11:57:33 AM",0,29.525,49.359,78.24,71156.2,1032.708,32.709,0.172,0.172,0.16,7.926,96.18,5.549,915.956,0,5.562,5.565,21
"5/25/2022 11:57:33 AM",0,29.541,49.343,78.24,71133.8,1032.69,32.691,0.148,0.148,0,7.924,96.233,5.552,1015.529,0,5.564,5.568,21
"5/25/2022 11:57:33 AM",0,29.546,49.347,78.253,71137.6,1032.691,32.692,0.031,0.031,0,7.921,96.109,5.543,999.472,0,5.556,5.559,21
"5/25/2022 11:57:34 AM",0,29.547,49.326,78.225,71111.3,1032.674,32.676,0.125,0.125,0.393,7.922,96.071,5.541,1092.163,0,5.554,5.557,21
"5/25/2022 11:57:34 AM",0,29.55,49.331,78.237,71117.6,1032.677,32.679,0.016,0.016,0.102,7.919,96.094,5.542,1090.379,0,5.555,5.558,21
"5/25/2022 11:57:34 AM",0,29.554,43.343,69.889,63524.5,1028.151,28.153,2.083,2.083,0.597,7.918,96.149,5.731,1080.949,0,5.745,5.747,21
"5/25/2022 11:57:34 AM",0,29.601,1.205,2.574,2337.1,996.669,0,0,0,0,7.922,96.316,7.238,1076.446,0,7.258,7.259,21
"5/25/2022 11:57:34 AM",0,29.669,1.032,2.224,2016.9,996.52,0,151.007,151.007,258.364,7.917,96.282,7.241,1057.16,0,7.262,7.262,21
"5/25/2022 11:57:35 AM",0,29.548,0.91,1.968,1789.1,996.465,0,132.816,132.816,430.671,7.914,96.214,7.24,1018.928,0,7.261,7.261,21
"5/25/2022 11:57:35 AM",0,29.364,0.789,1.712,1562.2,996.429,0,185.393,185.393,364.989,7.912,96.063,7.232,999.472,0,7.253,7.253,21
"5/25/2022 11:57:35 AM",0,29.141,0.677,1.473,1349.7,996.411,0,383.071,383.071,1225.221,7.911,96.014,7.231,1043.141,0,7.252,7.252,21
"5/25/2022 11:57:35 AM",0,29.096,0.639,1.392,1277,996.396,0,208.998,208.998,524.208,7.905,95.898,7.225,1057.585,0,7.246,7.246,21
"5/25/2022 11:57:35 AM",0,29.253,0.58,1.271,1162.5,996.305,0,506.05,506.05,233.36,7.903,96.032,7.238,1064.551,0,7.259,7.259,21
"5/25/2022 11:57:36 AM",0,29.543,0.535,1.182,1075,996.185,0,443.683,443.683,78.606,7.903,96.03,7.24,1081.034,0,7.261,7.261,21
"5/25/2022 11:57:36 AM",0,29.926,0.505,1.126,1015.9,996.048,0,125.842,125.842,0,7.899,96.011,7.24,1182.731,0,7.261,7.261,21
"5/25/2022 11:57:36 AM",0,30.203,0.472,1.062,953.1,995.939,0,37.654,37.654,0,7.896,96.1,7.248,1205.161,0,7.269,7.269,21
"5/25/2022 11:57:36 AM",0,30.458,0.448,1.013,904.5,995.843,0,14.899,14.899,0,7.893,96.068,7.246,1233.622,0,7.267,7.267,21
"5/25/2022 11:57:36 AM",0,30.153,0.415,0.937,841.3,995.912,0,494.201,494.201,87.337,7.891,96.197,7.255,1220.199,0,7.276,7.276,21
"5/25/2022 11:57:37 AM",0,29.893,0.412,0.926,835.7,995.988,0,209.45,209.45,245.684,7.889,96.132,7.25,1215.781,0,7.271,7.271,21
"5/25/2022 11:57:37 AM",0,29.652,0.411,0.919,833.8,996.06,0,381.105,381.105,58.697,7.889,95.988,7.238,1201.507,0,7.259,7.259,21
"5/25/2022 11:57:37 AM",0,29.428,0.414,0.922,840.2,996.129,0,76.323,76.323,3.543,7.883,95.897,7.23,1244.752,0,7.251,7.251,21
"5/25/2022 11:57:37 AM",0,29.304,0.398,0.885,808.4,996.154,0,27.544,27.544,1.865,7.879,95.844,7.226,1301.251,0,7.246,7.246,21
"5/25/2022 11:57:38 AM",0,29.14,0.384,0.852,780.9,996.192,0,9.65,9.65,0,7.878,95.762,7.22,1356.05,0,7.241,7.241,21
"5/25/2022 11:57:38 AM",0,28.894,0.379,0.838,771.4,996.26,0,329.995,329.995,128.936,7.873,95.51,7.201,1341.947,0,7.222,7.222,21
"5/25/2022 11:57:38 AM",0,28.484,0.367,0.804,746.8,996.37,0,137.605,137.605,57.31,7.872,95.534,7.205,1290.121,0,7.226,7.226,21
"5/25/2022 11:57:38 AM",0,28.272,0.359,0.784,731.4,996.425,0,72.859,72.859,14.367,7.874,95.345,7.191,1196.665,0,7.212,7.212,21
"5/25/2022 11:57:38 AM",0,28.129,0.351,0.766,717,996.461,0,506.05,506.05,57.112,7.874,95.161,7.178,1188.848,0,7.198,7.199,21
"5/25/2022 11:57:39 AM",0,28.063,0.375,0.816,764.5,996.498,0,503.663,503.663,69.452,7.867,95.215,7.181,1292.5,0,7.202,7.202,21
"5/25/2022 11:57:39 AM",0,28.057,0.355,0.774,724.8,996.484,0,198.521,198.521,73.559,7.867,95.199,7.182,1316.628,0,7.203,7.203,21
"5/25/2022 11:57:39 AM",0,28.107,0.35,0.764,714.9,996.466,0,64.442,64.442,3.397,7.858,95.091,7.175,1171.092,0,7.196,7.196,21
"5/25/2022 11:57:39 AM",0,28.412,0.352,0.771,717.5,996.38,0,0,0,0,7.846,95.226,7.186,567.619,0,7.207,7.207,21
"5/25/2022 11:57:39 AM",0,28.604,0.386,0.848,786,996.35,0,0,0,0,7.838,94.924,7.162,322.849,0,7.182,7.183,21
"5/25/2022 11:57:40 AM",0,28.609,0.352,0.774,717.1,996.323,0,0.367,0.367,0,7.834,94.536,7.133,428.794,0,7.154,7.154,21
"5/25/2022 11:57:40 AM",0,28.545,0.335,0.738,684.9,996.329,0,0.234,0.234,0,7.83,94.245,7.112,772.628,0,7.133,7.133,21
"5/25/2022 11:57:40 AM",0,28.373,0.317,0.697,648.5,996.365,0,0,0,4.814,7.817,94.192,7.109,1076.701,0,7.129,7.129,21
"5/25/2022 11:57:40 AM",0,28.281,0.308,0.677,631.2,996.385,0,0,0,1.982,7.81,94.127,7.105,1122.154,0,7.125,7.125,21
"5/25/2022 11:57:41 AM",0,28.175,0.3,0.657,613.7,996.409,0,1.272,1.272,4.23,7.805,94.098,7.103,1167.268,0,7.124,7.124,21
"5/25/2022 11:57:41 AM",0,28.108,0.292,0.641,599.5,996.423,0,1.233,1.233,6.716,7.799,94.05,7.099,1174.235,0,7.12,7.12,21
"5/25/2022 11:57:41 AM",0,28.096,0.287,0.628,587.5,996.422,0,0,0,6.116,7.795,94.207,7.111,1176.019,0,7.132,7.132,21
"5/25/2022 11:57:41 AM",0,28.132,0.284,0.623,582.8,996.41,0,0,0,3.368,7.794,94.553,7.137,1174.49,0,7.158,7.158,21
"5/25/2022 11:57:41 AM",0,28.687,1.16,2.439,2255.6,996.906,0,0,0,1.559,7.799,97.111,7.285,1205.84,0,7.306,7.306,21
"5/25/2022 11:57:42 AM",0,30.704,2.035,4.314,3833.1,996.952,0,1.037,1.037,7.419,7.958,98.391,7.316,1216.715,0,7.337,7.337,21
"5/25/2022 11:57:42 AM",0,31.206,1.894,4.07,3580.7,996.691,0,2.106,2.106,9.706,8.084,98.051,7.269,1176.614,0,7.29,7.29,21
"5/25/2022 11:57:42 AM",0,31.35,1.449,3.168,2779.7,996.314,0,1.927,1.927,8.987,8.172,97.091,7.186,1091.654,0,7.207,7.207,21
"5/25/2022 11:57:42 AM",0,31.372,1.439,3.148,2760.8,996.299,0,1.701,1.701,8.357,8.204,96.731,7.147,1104.058,0,7.167,7.167,21
"5/25/2022 11:57:42 AM",0,31.37,1.419,3.106,2724,996.285,0,2.067,2.067,9.603,8.223,96.479,7.12,1105.247,0,7.141,7.141,21
"5/25/2022 11:57:43 AM",0,31.363,1.255,2.765,2425.2,996.165,0,1.872,1.872,9.016,8.234,96.132,7.095,1064.551,0,7.115,7.115,21
"5/25/2022 11:57:43 AM",0,31.372,1.183,2.614,2293,996.108,0,2.161,2.161,10.014,8.243,95.758,7.065,1016.974,0,7.085,7.085,21
"5/25/2022 11:57:43 AM",0,31.383,1.183,2.616,2293.5,996.105,0,2.621,2.621,10.484,8.256,95.722,7.058,380.792,0,7.079,7.078,21
"5/25/2022 11:57:43 AM",0,31.376,1.184,2.617,2295.5,996.108,0,0.881,0.881,6.54,8.266,95.659,7.051,428.964,0,7.071,7.071,21
"5/25/2022 11:57:43 AM",0,31.378,1.153,2.551,2237.3,996.084,0,1.474,1.474,7.507,8.277,95.684,7.053,1081.798,0,7.073,7.073,21
"5/25/2022 11:57:44 AM",0,31.374,1.136,2.516,2207,996.073,0,2.176,2.176,9.251,8.286,95.592,7.045,1260.13,0,7.066,7.066,21
"5/25/2022 11:57:44 AM",0,31.382,1.127,2.496,2189,996.063,0,1.833,1.833,8.87,8.294,95.555,7.042,1282.389,0,7.062,7.062,21
"5/25/2022 11:57:44 AM",0,31.388,1.143,2.53,2218.6,996.073,0,1.802,1.802,8.943,8.299,95.676,7.049,1285.958,0,7.07,7.07,21
"5/25/2022 11:57:44 AM",0,31.379,1.132,2.508,2199.6,996.068,0,1.779,1.779,9.046,8.304,95.527,7.039,1289.611,0,7.059,7.059,21
"5/25/2022 11:57:44 AM",0,31.38,1.12,2.483,2177,996.059,0,1.958,1.958,9.002,8.307,95.401,7.03,1299.551,0,7.05,7.05,21
"5/25/2022 11:57:45 AM",0,31.379,1.157,2.56,2245.3,996.087,0,2.013,2.013,8.87,8.303,95.423,7.029,1303.29,0,7.05,7.05,21
"5/25/2022 11:57:45 AM",0,31.383,1.129,2.501,2193.4,996.065,0,2.013,2.013,8.796,8.304,95.491,7.035,1306.773,0,7.056,7.056,21
"5/25/2022 11:57:45 AM",0,31.37,1.11,2.461,2158.9,996.055,0,1.888,1.888,9.471,8.31,95.534,7.039,1308.727,0,7.06,7.06,21
"5/25/2022 11:57:45 AM",0,31.366,1.107,2.454,2152.1,996.053,0,1.864,1.864,9.735,8.311,95.357,7.026,1308.472,0,7.046,7.046,21
"5/25/2022 11:57:46 AM",0,31.375,1.111,2.463,2160.4,996.054,0,1.708,1.708,8.606,8.311,95.429,7.031,1307.708,0,7.051,7.051,21
"5/25/2022 11:57:46 AM",0,31.386,1.103,2.447,2145.3,996.044,0,1.771,1.771,8.972,8.313,95.497,7.037,1306.858,0,7.057,7.057,21
"5/25/2022 11:57:46 AM",0,31.373,1.098,2.435,2135.6,996.044,0,1.56,1.56,9.853,8.315,95.401,7.029,1308.132,0,7.049,7.049,21
"5/25/2022 11:57:46 AM",0,31.382,1.095,2.429,2130,996.039,0,1.56,1.56,9.002,8.315,95.536,7.04,1311.106,0,7.06,7.06,21
"5/25/2022 11:57:46 AM",0,31.393,1.088,2.415,2117.1,996.031,0,1.88,1.88,9.016,8.322,95.342,7.026,1317.223,0,7.046,7.046,21
"5/25/2022 11:57:47 AM",0,31.395,1.092,2.425,2125.8,996.034,0,1.747,1.747,8.401,8.319,95.346,7.026,1320.706,0,7.046,7.046,21
"5/25/2022 11:57:47 AM",0,31.398,1.088,2.416,2117.6,996.029,0,1.919,1.919,8.972,8.321,95.288,7.022,1324.19,0,7.043,7.043,21
"5/25/2022 11:57:47 AM",0,31.398,1.083,2.404,2107.7,996.025,0,2.028,2.028,8.679,8.319,95.346,7.027,1326.994,0,7.047,7.047,21
"5/25/2022 11:57:47 AM",0,31.396,1.073,2.384,2090.1,996.019,0,1.857,1.857,9.119,8.316,95.368,7.029,1331.666,0,7.049,7.049,21
"5/25/2022 11:57:47 AM",0,31.4,1.073,2.384,2090,996.018,0,1.903,1.903,8.811,8.315,95.301,7.024,1334.81,0,7.044,7.044,21
"5/25/2022 11:57:48 AM",0,31.396,1.073,2.383,2089.1,996.018,0,2.091,2.091,8.752,8.317,95.453,7.035,1338.293,0,7.056,7.055,21
"5/25/2022 11:57:48 AM",0,31.386,1.068,2.372,2079.9,996.018,0,1.935,1.935,8.401,8.312,95.483,7.038,1343.731,0,7.058,7.058,21
"5/25/2022 11:57:48 AM",0,31.385,1.068,2.373,2081,996.019,0,2.239,2.239,9.031,8.315,95.369,7.029,1347.214,0,7.05,7.05,21
"5/25/2022 11:57:48 AM",0,31.386,1.067,2.37,2078.1,996.017,0,1.888,1.888,9.104,8.315,95.357,7.028,1350.612,0,7.049,7.048,21
"5/25/2022 11:57:48 AM",0,31.385,1.067,2.372,2079.6,996.018,0,1.911,1.911,9.53,8.314,95.478,7.038,1353.501,0,7.058,7.058,21
"5/25/2022 11:57:49 AM",0,31.389,1.066,2.37,2077.6,996.016,0,1.935,1.935,8.415,8.314,95.369,7.03,1358.939,0,7.05,7.05,21
"5/25/2022 11:57:49 AM",0,31.387,1.061,2.359,2068.4,996.013,0,1.623,1.623,8.767,8.315,95.41,7.032,1361.232,0,7.053,7.053,21
"5/25/2022 11:57:49 AM",0,31.386,1.067,2.371,2078.7,996.017,0,1.81,1.81,8.87,8.312,95.309,7.025,1364.291,0,7.045,7.045,21
"5/25/2022 11:57:49 AM",0,31.387,1.06,2.355,2065,996.012,0,1.599,1.599,10.425,8.314,95.285,7.024,1366.585,0,7.045,7.045,21
"5/25/2022 11:57:50 AM",0,31.393,1.066,2.37,2077.7,996.015,0,1.646,1.646,9.633,8.314,95.319,7.027,1368.114,0,7.047,7.047,21
"5/25/2022 11:57:50 AM",0,31.396,1.061,2.358,2067.3,996.01,0,1.498,1.498,8.855,8.314,95.332,7.028,1369.389,0,7.048,7.048,21
"5/25/2022 11:57:50 AM",0,31.396,1.075,2.388,2093.2,996.02,0,1.763,1.763,8.738,8.315,95.27,7.023,1370.153,0,7.043,7.043,21
"5/25/2022 11:57:50 AM",0,31.403,1.073,2.384,2089.3,996.016,0,1.646,1.646,9.823,8.317,95.439,7.036,1370.663,0,7.056,7.056,21
"5/25/2022 11:57:50 AM",0,31.41,1.074,2.386,2091.3,996.015,0,1.662,1.662,9.28,8.313,95.423,7.035,1370.833,0,7.055,7.055,21
"5/25/2022 11:57:51 AM",0,31.412,1.073,2.384,2089.7,996.014,0,1.857,1.857,8.503,8.315,95.306,7.027,1370.748,0,7.047,7.047,21
"5/25/2022 11:57:51 AM",0,31.408,1.073,2.384,2089.1,996.015,0,2.036,2.036,9.119,8.315,95.213,7.021,1369.559,0,7.041,7.041,21
"5/25/2022 11:57:51 AM",0,31.404,1.072,2.382,2087.9,996.015,0,1.63,1.63,9.677,8.311,95.363,7.031,1369.219,0,7.052,7.051,21
"5/25/2022 11:57:51 AM",0,31.403,1.073,2.384,2089.4,996.016,0,1.646,1.646,9.325,8.308,95.381,7.033,1368.624,0,7.054,7.053,21
"5/25/2022 11:57:51 AM",0,31.402,1.073,2.384,2089.4,996.017,0,1.927,1.927,9.119,8.307,95.276,7.025,1367.604,0,7.046,7.046,21
"5/25/2022 11:57:52 AM",0,31.402,1.073,2.384,2089.9,996.017,0,1.818,1.818,8.826,8.309,95.269,7.025,1366.67,0,7.045,7.045,21
"5/25/2022 11:57:52 AM",0,31.401,1.072,2.383,2088.4,996.017,0,1.911,1.911,9.178,8.306,95.414,7.036,1366.075,0,7.056,7.056,21
"5/25/2022 11:57:52 AM",0,31.4,1.074,2.386,2091.1,996.018,0,1.685,1.685,8.738,8.303,95.492,7.041,1365.056,0,7.062,7.061,21
"5/25/2022 11:57:52 AM",0,31.397,1.072,2.381,2087.6,996.017,0,1.669,1.669,9.633,8.297,95.385,7.034,1363.866,0,7.054,7.054,21
"5/25/2022 11:57:52 AM",0,31.4,1.075,2.387,2092.6,996.019,0,1.693,1.693,9.236,8.297,95.339,7.03,1363.272,0,7.05,7.05,21
"5/25/2022 11:57:53 AM",0,31.399,1.07,2.378,2084.4,996.016,0,1.942,1.942,9.06,8.295,95.301,7.027,1362.592,0,7.047,7.047,21
"5/25/2022 11:57:53 AM",0,31.396,1.074,2.386,2091.5,996.02,0,1.833,1.833,9.354,8.295,95.448,7.037,1362.762,0,7.058,7.058,21
"5/25/2022 11:57:53 AM",0,31.392,1.071,2.379,2085.6,996.018,0,1.841,1.841,9.09,8.292,95.406,7.034,1363.187,0,7.055,7.055,21
"5/25/2022 11:57:53 AM",0,31.388,1.073,2.383,2089.7,996.021,0,1.833,1.833,9.031,8.294,95.402,7.034,1364.291,0,7.055,7.055,21
"5/25/2022 11:57:53 AM",0,31.382,1.069,2.375,2082.2,996.02,0,1.701,1.701,9.662,8.294,95.443,7.037,1367.095,0,7.058,7.058,21
"5/25/2022 11:57:54 AM",0,31.378,1.07,2.376,2083.4,996.022,0,1.693,1.693,9.486,8.291,95.517,7.043,1371.088,0,7.063,7.063,21
"5/25/2022 11:57:54 AM",0,31.38,1.068,2.373,2080.9,996.02,0,1.942,1.942,9.589,8.293,95.431,7.036,1375.251,0,7.057,7.056,21
"5/25/2022 11:57:54 AM",0,31.377,1.066,2.368,2076.6,996.02,0,1.872,1.872,9.046,8.294,95.419,7.036,1379.669,0,7.056,7.056,21
"5/25/2022 11:57:54 AM",0,31.381,1.063,2.362,2071,996.016,0,2.083,2.083,9.867,8.291,95.395,7.034,1383.747,0,7.054,7.054,21
"5/25/2022 12:02:12 PM",0.233,29.461,48.602,77.106,70214.7,1032.16,32.159,1.467,1.467,2.419,7.774,96.507,5.559,900.578,0,5.571,5.574,21
"5/25/2022 12:02:12 PM",0.209,29.466,48.956,77.601,70657.7,1032.425,32.424,1.311,1.311,2.011,7.791,96.658,5.558,788.091,0,5.571,5.574,21
"5/25/2022 12:02:12 PM",0.158,29.473,48.97,77.63,70674.5,1032.433,32.433,1.911,1.911,3.967,7.803,96.605,5.555,768.635,0,5.568,5.571,21
"5/25/2022 12:02:13 PM",0.096,29.476,48.952,77.608,70651.5,1032.418,32.418,3.916,3.916,5.238,7.817,96.553,5.553,793.273,0,5.565,5.568,21
"5/25/2022 12:02:13 PM",0,29.475,48.969,77.63,70672.6,1032.431,32.431,2.902,2.902,4.113,7.833,96.519,5.55,833.884,0,5.563,5.566,21
"5/25/2022 12:02:13 PM",0,29.475,48.972,77.635,70677,1032.433,32.434,2.114,2.114,2.478,7.844,96.532,5.551,1125.468,0,5.564,5.567,21
"5/25/2022 12:02:13 PM",0,29.479,48.959,77.623,70660.1,1032.422,32.422,2.738,2.738,2.259,7.856,96.655,5.559,1381.708,0,5.572,5.575,21
"5/25/2022 12:02:13 PM",0,29.479,48.979,77.651,70684.8,1032.436,32.437,1.178,1.178,1.807,7.867,96.575,5.554,1075.766,0,5.566,5.569,21
"5/25/2022 12:02:14 PM",0,29.475,48.968,77.63,70671.5,1032.429,32.43,0.889,0.889,2.069,7.876,96.635,5.557,1406.261,0,5.569,5.573,21
"5/25/2022 12:02:14 PM",0,29.477,48.928,77.577,70621.9,1032.399,32.4,1.513,1.513,2.303,7.885,96.482,5.549,1316.628,0,5.562,5.565,21
"5/25/2022 12:02:14 PM",0,29.482,48.979,77.655,70684.3,1032.436,32.436,1.084,1.084,2.653,7.891,96.478,5.548,1226.231,0,5.561,5.564,21
"5/25/2022 12:02:14 PM",0.054,29.489,48.948,77.621,70644.9,1032.411,32.411,0.764,0.764,2.303,7.91,96.599,5.556,1011.026,0,5.569,5.572,21
"5/25/2022 12:02:15 PM",0.224,29.471,48.897,77.526,70583.2,1032.379,32.378,0.624,0.624,1.792,7.922,96.62,5.56,870.842,0,5.572,5.575,21
"5/25/2022 12:02:15 PM",0.402,29.461,48.973,77.617,70680.4,1032.441,32.44,0.655,0.655,1.763,7.923,96.635,5.56,852.916,0,5.573,5.576,21
"5/25/2022 12:02:15 PM",0.628,29.453,48.97,77.602,70677.2,1032.443,32.44,0.445,0.445,1.661,7.929,96.69,5.566,787.496,0,5.579,5.582,21
"5/25/2022 12:02:15 PM",0.762,29.453,48.97,77.602,70677.8,1032.443,32.44,0.585,0.585,1.923,7.937,96.818,5.575,746.206,0,5.587,5.59,21
"5/25/2022 12:02:15 PM",0.892,29.456,48.993,77.638,70706.2,1032.46,32.457,0.624,0.624,1.953,7.939,96.845,5.576,694.465,0,5.589,5.592,21
"5/25/2022 12:02:16 PM",1.011,29.452,49.007,77.651,70724.3,1032.473,32.468,0.335,0.335,0.743,7.937,96.897,5.579,680.276,0,5.592,5.595,21
"5/25/2022 12:02:16 PM",1.14,29.447,49.014,77.655,70734.1,1032.481,32.476,0.749,0.749,1.588,7.951,96.84,5.576,612.563,0,5.589,5.592,21
"5/25/2022 12:02:16 PM",1.185,29.45,49.013,77.656,70731.3,1032.478,32.473,0.842,0.842,1.865,7.952,97.02,5.586,558.189,0,5.599,5.602,21
"5/25/2022 12:02:16 PM",1.24,29.456,49.026,77.683,70747,1032.486,32.481,0.437,0.437,0.918,7.952,96.962,5.581,630.065,0,5.594,5.597,21
"5/25/2022 12:02:16 PM",1.279,29.447,49.026,77.671,70748.7,1032.49,32.484,0.304,0.304,0.786,7.963,96.886,5.576,625.987,0,5.589,5.592,21
"5/25/2022 12:02:17 PM",1.258,29.447,49.033,77.68,70757.2,1032.495,32.49,0.156,0.156,0.306,7.959,97.107,5.589,594.467,0,5.601,5.605,21
"5/25/2022 12:02:17 PM",1.197,29.452,49.028,77.68,70750.3,1032.489,32.484,0.055,0.055,0.102,7.968,97.037,5.586,561.247,0,5.599,5.602,21
"5/25/2022 12:02:17 PM",1.127,29.455,49.027,77.682,70748.3,1032.487,32.482,0.047,0.047,0.131,7.979,96.906,5.578,541.112,0,5.591,5.594,21
"5/25/2022 12:02:17 PM",0.979,29.457,49.033,77.694,70756.3,1032.491,32.486,0,0,0,7.98,96.664,5.564,579.514,0,5.577,5.58,21
"5/25/2022 12:02:17 PM",0.886,29.459,49.037,77.703,70760.8,1032.492,32.488,0,0,0,7.98,96.669,5.565,628.621,0,5.578,5.581,21
"5/25/2022 12:02:18 PM",0.781,29.46,49.02,77.679,70738.8,1032.478,32.475,0,0,0,7.984,96.569,5.56,666.088,0,5.573,5.576,21
"5/25/2022 12:02:18 PM",0.654,29.453,49.021,77.672,70741.4,1032.481,32.479,0,0,0,7.98,96.505,5.557,715.025,0,5.57,5.573,21
"5/25/2022 12:02:18 PM",0.602,29.454,49.031,77.686,70753.9,1032.489,32.486,0,0,0,7.974,96.449,5.553,751.133,0,5.566,5.569,21
"5/25/2022 12:02:18 PM",0.572,29.452,49.035,77.69,70759.3,1032.492,32.49,0,0,0,7.973,96.384,5.55,776.366,0,5.563,5.566,21
"5/25/2022 12:02:19 PM",0.581,29.449,49.045,77.699,70772.3,1032.501,32.498,0,0,0,7.98,96.208,5.538,839.237,0,5.551,5.554,21
"5/25/2022 12:02:19 PM",0.649,29.437,49.046,77.683,70774.2,1032.506,32.503,0.14,0.14,0.233,7.983,96.117,5.533,752.917,0,5.546,5.549,21
"5/25/2022 12:02:19 PM",0.713,29.433,49.034,77.66,70759.7,1032.498,32.495,0.218,0.218,0.408,7.979,96.112,5.534,825.813,0,5.546,5.549,21
"5/25/2022 12:02:19 PM",0.781,29.429,49.038,77.661,70765.5,1032.503,32.5,0.195,0.195,0.364,7.981,96.059,5.53,763.452,0,5.542,5.546,21
"5/25/2022 12:02:19 PM",0.844,29.431,49.037,77.662,70763.6,1032.502,32.498,0.203,0.203,0.481,7.992,96.27,5.542,733.292,0,5.554,5.557,21
"5/25/2022 12:02:20 PM",0.908,29.432,49.046,77.677,70775.6,1032.509,32.505,0.265,0.265,0.553,7.994,96.156,5.535,678.237,0,5.547,5.55,21
"5/25/2022 12:02:20 PM",0.946,29.432,49.049,77.68,70779.1,1032.511,32.507,0.172,0.172,0.32,7.997,96.206,5.537,639.75,0,5.55,5.553,21
"5/25/2022 12:02:20 PM",0.99,29.429,49.057,77.686,70789.3,1032.518,32.514,0.156,0.156,0.349,7.995,96.217,5.537,621.399,0,5.55,5.553,21
"5/25/2022 12:02:20 PM",1.044,29.432,49.058,77.694,70790.6,1032.518,32.514,0.133,0.133,0.277,7.996,96.284,5.541,806.527,0,5.554,5.557,21
"5/25/2022 12:02:20 PM",1.058,29.437,49.044,77.68,70772.3,1032.506,32.502,0.117,0.117,0.233,7.996,96.386,5.549,673.48,0,5.561,5.564,21
"5/25/2022 12:02:21 PM",1.056,29.44,49.038,77.676,70764,1032.5,32.496,0.117,0.117,0.248,7.992,96.333,5.547,641.195,0,5.56,5.563,21
"5/25/2022 12:02:21 PM",1.053,29.44,49.039,77.678,70766.2,1032.502,32.497,0.062,0.062,0.131,7.992,96.29,5.546,575.181,0,5.559,5.562,21
"5/25/2022 12:02:21 PM",1.018,29.44,49.037,77.675,70762.7,1032.499,32.495,0.109,0.109,0.044,8.002,96.158,5.539,607.041,0,5.552,5.555,21
"5/25/2022 12:02:21 PM",0.976,29.443,49.035,77.676,70760.3,1032.497,32.493,0.062,0.062,0.044,8.01,96.107,5.537,583.337,0,5.55,5.553,21
"5/25/2022 12:02:21 PM",0.912,29.44,49.043,77.684,70770.9,1032.504,32.5,0.086,0.086,0.131,8.006,96.206,5.542,569.828,0,5.555,5.558,21
"5/25/2022 12:02:22 PM",0.84,29.44,49.051,77.694,70780.3,1032.509,32.506,0.023,0.023,0.073,8.005,96.114,5.536,707.039,0,5.549,5.552,21
"5/25/2022 12:02:22 PM",0.712,29.439,49.058,77.702,70788.9,1032.514,32.511,0,0,0,8.001,96.105,5.536,855.889,0,5.548,5.551,21
"5/25/2022 12:02:22 PM",0.632,29.44,49.061,77.708,70793.2,1032.516,32.514,0,0,0,8.001,96.121,5.537,852.151,0,5.55,5.553,21
"5/25/2022 12:02:22 PM",0.541,29.441,49.056,77.703,70787,1032.512,32.51,0,0,0,8,96.046,5.533,970.925,0,5.546,5.549,21
"5/25/2022 12:02:22 PM",0.487,29.443,49.053,77.702,70782.9,1032.509,32.507,0,0,0,7.995,96.16,5.54,1008.902,0,5.553,5.556,21
"5/25/2022 12:02:23 PM",0.492,29.442,49.059,77.708,70790.7,1032.514,32.512,0,0,0,8.003,96.022,5.532,1030.058,0,5.545,5.548,21
"5/25/2022 12:02:23 PM",0.525,29.438,49.065,77.711,70798.7,1032.52,32.518,0.039,0.039,0.087,8.003,95.976,5.529,824.964,0,5.542,5.545,21
"5/25/2022 12:02:23 PM",0.576,29.443,49.056,77.705,70785.9,1032.511,32.508,0.218,0.218,0.335,8.003,96.048,5.534,707.294,0,5.547,5.55,21
"5/25/2022 12:02:23 PM",0.642,29.447,49.047,77.7,70775,1032.503,32.5,0.203,0.203,0.495,8.003,95.985,5.531,743.912,0,5.543,5.546,21
"5/25/2022 12:02:24 PM",0.812,29.447,49.045,77.697,70772.1,1032.502,32.499,0.094,0.094,0,8.008,96.166,5.541,785.372,0,5.554,5.557,21
"5/25/2022 12:02:24 PM",0.939,29.445,49.047,77.696,70775,1032.505,32.501,0.14,0.14,0.32,8.011,96.2,5.543,719.188,0,5.556,5.559,21
"5/25/2022 12:02:24 PM",1.072,29.445,49.056,77.708,70785.7,1032.512,32.507,0,0,0,8.008,96.346,5.551,581.468,0,5.564,5.567,21
"5/25/2022 12:02:24 PM",1.249,29.445,49.062,77.718,70794.5,1032.518,32.513,0,0,0,8.016,96.619,5.567,442.048,0,5.58,5.583,21
"5/25/2022 12:02:24 PM",1.357,29.444,49.064,77.718,70796.7,1032.52,32.514,0,0,0,8.022,96.399,5.555,402.626,0,5.568,5.571,21
"5/25/2022 12:02:25 PM",1.484,29.442,49.07,77.722,70804,1032.526,32.519,0.039,0.039,0,8.026,96.45,5.559,288.355,0,5.572,5.575,21
"5/25/2022 12:02:25 PM",1.604,29.442,49.079,77.737,70815.8,1032.533,32.526,0.281,0.281,0,8.029,96.483,5.561,204.329,0,5.574,5.577,21
"5/25/2022 12:02:25 PM",1.818,29.441,49.082,77.739,70819.7,1032.537,32.529,0.109,0.109,0.102,8.031,96.363,5.555,140.439,0,5.568,5.571,21
"5/25/2022 12:02:25 PM",1.952,29.442,49.084,77.743,70822,1032.538,32.53,0.078,0.078,0.393,8.033,96.318,5.554,114.102,0,5.566,5.57,21
"5/25/2022 12:02:25 PM",2.098,29.442,49.084,77.744,70822.4,1032.539,32.53,0.055,0.055,0.306,8.032,96.298,5.553,92.692,0,5.566,5.569,21
"5/25/2022 12:02:26 PM",2.249,29.441,49.094,77.757,70835.1,1032.548,32.538,0.242,0.242,0.204,8.033,96.255,5.549,85.47,0,5.562,5.565,21
"5/25/2022 12:02:26 PM",2.474,29.439,49.1,77.762,70843.3,1032.554,32.543,0.179,0.179,0.51,8.031,96.166,5.544,83.346,0,5.557,5.56,21
"5/25/2022 12:02:26 PM",2.618,29.439,49.106,77.769,70850.7,1032.559,32.548,0.14,0.14,0.466,8.029,96.242,5.548,85.555,0,5.561,5.564,21
"5/25/2022 12:02:26 PM",2.752,29.439,49.111,77.776,70856.3,1032.563,32.551,0.109,0.109,0.218,8.031,96.162,5.544,87.594,0,5.556,5.56,21
"5/25/2022 12:02:26 PM",2.891,29.439,49.108,77.773,70853.6,1032.562,32.55,0.07,0.07,0.175,8.03,96.196,5.546,82.836,0,5.559,5.562,21
"5/25/2022 12:02:27 PM",3.1,29.437,49.115,77.779,70862.3,1032.569,32.555,0,0,0,8.026,96.028,5.537,68.733,0,5.549,5.552,21
"5/25/2022 12:02:27 PM",3.248,29.435,49.118,77.781,70866.4,1032.572,32.558,0.008,0.008,0,8.028,96.007,5.534,59.727,0,5.547,5.55,21
"5/25/2022 12:02:27 PM",3.408,29.432,49.114,77.771,70861.3,1032.57,32.556,0,0,0.058,8.028,96.014,5.535,51.401,0,5.548,5.551,21
"5/25/2022 12:02:27 PM",3.578,29.431,49.117,77.774,70865.9,1032.574,32.559,0.055,0.055,0.116,8.026,96.046,5.537,47.068,0,5.55,5.553,21
"5/25/2022 12:02:27 PM",3.838,29.431,49.122,77.782,70872.2,1032.579,32.563,0.062,0.062,0,8.028,96.011,5.535,45.114,0,5.548,5.551,21
"5/25/2022 12:02:28 PM",4.018,29.433,49.125,77.788,70875.8,1032.582,32.564,0.062,0.062,0,8.027,95.959,5.532,45.454,0,5.545,5.548,21
"5/25/2022 12:02:28 PM",4.198,29.434,49.128,77.793,70879.6,1032.584,32.566,0.281,0.281,0.772,8.023,96.03,5.536,46.558,0,5.549,5.552,21
"5/25/2022 12:02:28 PM",4.466,29.435,49.131,77.799,70883.2,1032.587,32.568,0,0,0,8.017,96.108,5.541,46.218,0,5.554,5.557,21
"5/25/2022 12:02:28 PM",4.653,29.436,49.137,77.808,70890.3,1032.592,32.572,0,0,0,8.017,96.115,5.542,44.179,0,5.555,5.558,21
"5/25/2022 12:02:29 PM",4.841,29.435,49.142,77.815,70897.3,1032.597,32.577,0,0,0,8.019,96.155,5.544,42.31,0,5.557,5.56,21
"5/25/2022 12:02:29 PM",5.036,29.435,49.143,77.816,70898.3,1032.598,32.577,0.133,0.133,0.306,8.016,96.175,5.545,39.337,0,5.558,5.561,21
"5/25/2022 12:02:29 PM",5.33,29.433,49.147,77.819,70903.9,1032.604,32.581,0.078,0.078,0,8.017,96.003,5.536,37.722,0,5.548,5.552,21
"5/25/2022 12:02:29 PM",5.527,29.428,49.147,77.813,70905.2,1032.607,32.583,0.109,0.109,0.262,8.013,96.031,5.538,36.448,0,5.551,5.554,21
"5/25/2022 12:02:29 PM",5.727,29.423,49.15,77.81,70909.5,1032.611,32.587,0,0,0,8.008,96.141,5.544,35.004,0,5.557,5.56,21
"5/25/2022 12:02:30 PM",5.925,29.42,49.155,77.812,70915.8,1032.617,32.592,0.343,0.343,0.116,8.016,96.119,5.544,34.919,0,5.556,5.56,21
"5/25/2022 12:02:30 PM",6.229,29.419,49.15,77.804,70910.5,1032.615,32.589,0.14,0.14,0.335,8.005,95.94,5.533,35.768,0,5.546,5.549,21
"5/25/2022 12:02:30 PM",6.421,29.419,49.15,77.804,70910.7,1032.616,32.589,0.055,0.055,0.131,8.012,95.957,5.534,37.552,0,5.547,5.55,21
"5/25/2022 12:02:30 PM",6.619,29.417,49.154,77.807,70915.5,1032.62,32.592,0.078,0.078,0.262,8.018,96.098,5.543,38.487,0,5.556,5.559,21
"5/25/2022 12:02:30 PM",6.896,29.416,49.156,77.807,70917.9,1032.623,32.594,0.101,0.101,0.306,8.029,96.058,5.541,37.382,0,5.554,5.557,21
"5/25/2022 12:02:31 PM",7.085,29.414,49.16,77.811,70923.4,1032.628,32.598,0.148,0.148,0,8.026,96.007,5.538,36.363,0,5.551,5.554,21
"5/25/2022 12:02:31 PM",7.28,29.414,49.158,77.808,70921.5,1032.627,32.596,0.086,0.086,0,8.028,96.115,5.545,35.174,0,5.558,5.561,21
"5/25/2022 12:02:31 PM",7.466,29.411,49.161,77.808,70925,1032.631,32.599,0.109,0.109,0,8.029,96.159,5.548,33.304,0,5.561,5.564,21
"5/25/2022 12:02:31 PM",7.769,29.409,49.16,77.804,70924.4,1032.632,32.599,0,0,0,8.016,96.12,5.546,30.756,0,5.558,5.562,21
"5/25/2022 12:02:31 PM",7.971,29.409,49.159,77.802,70923.2,1032.633,32.599,0,0,0,8.016,95.974,5.538,29.736,0,5.551,5.554,21
"5/25/2022 12:02:32 PM",8.174,29.408,49.162,77.806,70927.6,1032.636,32.601,0.055,0.055,0.044,8.023,96.087,5.544,29.226,0,5.557,5.56,21
"5/25/2022 12:02:32 PM",8.473,29.408,49.167,77.812,70933.6,1032.641,32.605,0.078,0.078,0.393,8.023,96.145,5.547,27.952,0,5.56,5.563,21
"5/25/2022 12:02:32 PM",8.677,29.406,49.171,77.815,70938.8,1032.646,32.609,0,0,0,8.022,96.125,5.546,27.187,0,5.559,5.562,21
"5/25/2022 12:02:32 PM",8.882,29.406,49.17,77.814,70937.4,1032.646,32.608,0.172,0.172,0.379,8.022,96.186,5.55,25.658,0,5.563,5.566,21
"5/25/2022 12:02:32 PM",9.084,29.405,49.172,77.817,70941.1,1032.649,32.61,0.133,0.133,0.349,8.023,96.151,5.548,24.384,0,5.561,5.564,21
"5/25/2022 12:02:33 PM",9.388,29.405,49.173,77.817,70942.2,1032.651,32.611,0,0,0.218,8.02,96.16,5.549,22.09,0,5.562,5.565,21
"5/25/2022 12:02:33 PM",9.588,29.405,49.173,77.817,70942.4,1032.652,32.611,0,0,0,8.026,96.258,5.555,20.985,0,5.568,5.571,21
"5/25/2022 12:02:33 PM",9.788,29.404,49.169,77.81,70937,1032.649,32.608,0,0,0,8.027,96.078,5.545,20.73,0,5.557,5.561,21
"5/25/2022 12:02:33 PM",10.072,29.404,49.175,77.818,70944.4,1032.655,32.612,0.39,0.39,0.233,8.027,96.099,5.546,22.769,0,5.559,5.562,21
"5/25/2022 12:02:34 PM",10.246,29.403,49.179,77.822,70950.3,1032.66,32.616,0.211,0.211,0.349,8.023,96.117,5.546,24.384,0,5.559,5.562,21
"5/25/2022 12:02:34 PM",10.407,29.403,49.181,77.825,70952.2,1032.661,32.617,0.32,0.32,0.408,8.024,96.273,5.556,25.233,0,5.568,5.572,21
"5/25/2022 12:02:34 PM",10.569,29.403,49.183,77.828,70956,1032.664,32.619,0.109,0.109,0,8.023,96.24,5.554,24.808,0,5.566,5.57,21
"5/25/2022 12:02:34 PM",10.811,29.403,49.187,77.833,70960,1032.668,32.622,0,0,0,8.016,96.143,5.548,23.704,0,5.561,5.564,21
"5/25/2022 12:02:34 PM",10.974,29.404,49.189,77.839,70963.3,1032.67,32.623,0,0,0.058,8.022,96.119,5.547,22.26,0,5.56,5.563,21
"5/25/2022 12:02:35 PM",11.145,29.405,49.186,77.836,70959.8,1032.668,32.621,0,0,0,8.022,96.152,5.549,20.645,0,5.562,5.565,21
"5/25/2022 12:02:35 PM",11.328,29.405,49.193,77.845,70968,1032.674,32.626,0.148,0.148,0.058,8.018,95.973,5.538,19.796,0,5.551,5.554,21
"5/25/2022 12:02:35 PM",11.557,29.405,49.194,77.847,70970.1,1032.676,32.627,2.348,2.348,5.545,8.014,96.117,5.547,35.768,0,5.56,5.563,21
"5/25/2022 12:02:35 PM",11.637,29.403,49.198,77.851,70974.9,1032.68,32.63,1.162,1.162,2.711,8.016,96.307,5.559,157.261,0,5.572,5.575,21
"5/25/2022 12:02:35 PM",11.63,29.405,49.199,77.853,70975.3,1032.68,32.63,0.226,0.226,0.51,8.007,96.221,5.554,330.92,0,5.567,5.57,21
"5/25/2022 12:02:36 PM",11.529,29.405,49.193,77.845,70968.1,1032.675,32.626,0.086,0.086,0.131,8.015,96.279,5.558,343.324,0,5.57,5.574,21
"5/25/2022 12:02:36 PM",11.401,29.405,49.197,77.85,70972.5,1032.677,32.629,0.047,0.047,0.029,8.024,96.221,5.554,310.36,0,5.567,5.57,21
"5/25/2022 12:02:36 PM",11.291,29.404,49.199,77.853,70975.7,1032.679,32.631,0.039,0.039,0.044,8.024,96.112,5.548,282.748,0,5.561,5.564,21
"5/25/2022 12:02:36 PM",11.187,29.403,49.197,77.849,70973.8,1032.677,32.63,0.031,0.031,0.015,8.019,96.153,5.55,333.299,0,5.563,5.566,21
"5/25/2022 12:02:36 PM",11.136,29.404,49.199,77.852,70975.4,1032.678,32.631,0.047,0.047,0.015,8.026,96.305,5.559,451.054,0,5.571,5.575,21
"5/25/2022 12:02:37 PM",11.065,29.404,49.201,77.855,70977.8,1032.679,32.632,0.055,0.055,0.073,8.029,96.247,5.555,381.132,0,5.568,5.571,21
"5/25/2022 12:02:37 PM",10.988,29.405,49.202,77.858,70978.9,1032.679,32.632,0.062,0.062,0.058,8.027,96.132,5.549,277.14,0,5.561,5.565,21
"5/25/2022 12:02:37 PM",10.834,29.404,49.208,77.864,70986.6,1032.684,32.638,0.047,0.047,0.029,8.032,96.289,5.557,255.56,0,5.57,5.573,21
"5/25/2022 12:02:37 PM",10.7,29.403,49.205,77.86,70983.6,1032.681,32.636,0.031,0.031,0,8.032,96.295,5.557,290.989,0,5.57,5.573,21
"5/25/2022 12:02:38 PM",10.543,29.403,49.208,77.863,70986.6,1032.683,32.638,0.031,0.031,0,8.028,96.142,5.548,377.478,0,5.561,5.564,21
"5/25/2022 12:02:38 PM",10.409,29.403,49.209,77.865,70988.4,1032.683,32.639,0.031,0.031,0.044,8.034,96.08,5.544,418.939,0,5.557,5.56,21
"5/25/2022 12:02:38 PM",10.303,29.402,49.208,77.862,70986.8,1032.682,32.638,0.023,0.023,0.044,8.04,96.133,5.548,327.607,0,5.561,5.564,21
"5/25/2022 12:02:38 PM",10.247,29.402,49.213,77.868,70992.3,1032.685,32.641,0.031,0.031,0.015,8.035,96.221,5.553,294.217,0,5.566,5.569,21
"5/25/2022 12:02:38 PM",10.19,29.403,49.214,77.87,70993.9,1032.686,32.642,0.039,0.039,0.058,8.034,96.265,5.556,279.944,0,5.569,5.572,21
"5/25/2022 12:02:39 PM",10.107,29.403,49.214,77.872,70994.5,1032.686,32.643,0.008,0.008,0,8.034,96.12,5.547,445.786,0,5.56,5.564,21
"5/25/2022 12:02:39 PM",9.92,29.404,49.214,77.872,70994,1032.684,32.642,0.039,0.039,0.073,8.036,96.113,5.547,493.279,0,5.56,5.563,21
"5/25/2022 12:02:39 PM",9.759,29.403,49.218,77.876,70999.2,1032.687,32.646,0.039,0.039,0.087,8.043,96.119,5.548,388.013,0,5.561,5.564,21
"5/25/2022 12:02:39 PM",9.604,29.402,49.215,77.871,70995,1032.684,32.643,0.031,0.031,0,8.04,96.239,5.554,350.801,0,5.567,5.57,21
"5/25/2022 12:02:39 PM",9.428,29.4,49.22,77.874,71001,1032.688,32.648,0.016,0.016,0.015,8.038,96.15,5.549,427.775,0,5.562,5.565,21
"5/25/2022 12:02:40 PM",9.355,29.4,49.221,77.876,71002.3,1032.688,32.648,0.031,0.031,0.058,8.044,96.122,5.547,311.804,0,5.56,5.563,21
"5/25/2022 12:02:40 PM",9.331,29.4,49.224,77.88,71006.3,1032.691,32.651,0.031,0.031,0.058,8.04,96.015,5.54,337.632,0,5.553,5.556,21
"5/25/2022 12:02:40 PM",9.348,29.4,49.227,77.883,71009.7,1032.693,32.653,0.039,0.039,0.058,8.043,96.139,5.547,421.573,0,5.56,5.563,21
"5/25/2022 12:02:40 PM",9.369,29.401,49.227,77.886,71010.3,1032.693,32.653,0.047,0.047,0.073,8.048,96.063,5.543,447.57,0,5.556,5.559,21
"5/25/2022 12:02:40 PM",9.336,29.401,49.229,77.888,71012.2,1032.694,32.654,0.039,0.039,0.073,8.047,96.2,5.552,400.672,0,5.565,5.568,21
"5/25/2022 12:02:41 PM",9.279,29.402,49.229,77.89,71013.1,1032.694,32.655,0.039,0.039,0.058,8.05,96.214,5.553,354.539,0,5.565,5.569,21
"5/25/2022 12:02:41 PM",9.209,29.403,49.229,77.89,71012.3,1032.693,32.654,0.039,0.039,0.073,8.048,96.069,5.544,317.072,0,5.557,5.56,21
"5/25/2022 12:02:41 PM",9.056,29.403,49.232,77.895,71015.8,1032.694,32.656,0.039,0.039,0.044,8.052,96.154,5.55,292.093,0,5.563,5.566,21
"5/25/2022 12:02:41 PM",8.901,29.403,49.235,77.899,71020,1032.696,32.659,0.039,0.039,0.058,8.052,96.136,5.548,304.073,0,5.561,5.564,21
"5/25/2022 12:02:41 PM",8.712,29.402,49.237,77.901,71022,1032.697,32.66,0.039,0.039,0.015,8.051,96.186,5.551,352.075,0,5.564,5.567,21
"5/25/2022 12:02:42 PM",8.428,29.402,49.234,77.897,71018.8,1032.694,32.658,0.031,0.031,0,8.052,96.088,5.545,436.356,0,5.558,5.561,21
"5/25/2022 12:02:42 PM",8.296,29.402,49.234,77.896,71018,1032.693,32.658,0.039,0.039,0,8.051,95.896,5.535,379.177,0,5.547,5.551,21
"5/25/2022 12:02:42 PM",8.193,29.402,49.235,77.898,71019.4,1032.693,32.659,0.023,0.023,0,8.048,96.08,5.545,364.734,0,5.558,5.561,21
"5/25/2022 12:02:42 PM",8.118,29.402,49.239,77.903,71025,1032.697,32.662,0.031,0.031,0.015,8.042,96.046,5.544,363.97,0,5.556,5.56,21
"5/25/2022 12:02:43 PM",8.058,29.403,49.244,77.912,71031.1,1032.7,32.665,0.031,0.031,0.058,8.039,96.221,5.554,328.796,0,5.567,5.57,21
"5/25/2022 12:02:43 PM",8.073,29.403,49.244,77.911,71030.3,1032.699,32.665,0.047,0.047,0.044,8.041,96.247,5.555,330.835,0,5.568,5.571,21
"5/25/2022 12:02:43 PM",8.134,29.403,49.247,77.915,71034.6,1032.702,32.668,0.023,0.023,0.058,8.036,96.05,5.543,389.882,0,5.556,5.559,21
"5/25/2022 12:02:43 PM",8.232,29.402,49.25,77.918,71038.2,1032.705,32.67,0.047,0.047,0.044,8.035,96.146,5.549,415.201,0,5.562,5.565,21
"5/25/2022 12:02:43 PM",8.251,29.402,49.253,77.921,71041.8,1032.707,32.672,0.062,0.062,0.073,8.038,96.193,5.552,319.111,0,5.565,5.568,21
"5/25/2022 12:02:44 PM",8.24,29.403,49.252,77.922,71040.7,1032.706,32.671,0.023,0.023,0.029,8.036,96.065,5.545,293.877,0,5.558,5.561,21
"5/25/2022 12:02:44 PM",8.158,29.405,49.252,77.925,71040.8,1032.706,32.671,0.031,0.031,0,8.046,96.217,5.554,276.545,0,5.566,5.57,21
"5/25/2022 12:02:44 PM",8.099,29.405,49.255,77.929,71044.2,1032.707,32.673,0.031,0.031,0.015,8.047,96.26,5.556,331.09,0,5.569,5.573,21
"5/25/2022 12:02:44 PM",8.061,29.404,49.26,77.935,71050.2,1032.711,32.677,0.023,0.023,0.044,8.038,96.18,5.552,409.423,0,5.564,5.568,21
"5/25/2022 12:02:44 PM",8.044,29.405,49.263,77.94,71054.4,1032.713,32.679,0.031,0.031,0.087,8.033,96.24,5.555,389.458,0,5.568,5.571,21
"5/25/2022 12:02:45 PM",8.019,29.406,49.259,77.935,71048.6,1032.709,32.675,0.047,0.047,0.044,8.038,96.122,5.548,349.696,0,5.561,5.564,21
"5/25/2022 12:02:45 PM",8.005,29.407,49.261,77.94,71050.9,1032.71,32.676,0.047,0.047,0.029,8.04,96.029,5.542,373.995,0,5.555,5.558,21
"5/25/2022 12:02:45 PM",7.976,29.406,49.262,77.941,71053.2,1032.712,32.678,0.047,0.047,0.058,8.039,96.145,5.549,343.154,0,5.562,5.565,21
"5/25/2022 12:02:45 PM",7.858,29.406,49.263,77.941,71054.3,1032.712,32.679,0.031,0.031,0.029,8.033,95.956,5.538,421.148,0,5.551,5.554,21
"5/25/2022 12:02:45 PM",7.729,29.405,49.265,77.942,71056.3,1032.713,32.68,0.039,0.039,0.044,8.03,96.054,5.543,421.912,0,5.556,5.559,21
"5/25/2022 12:02:46 PM",7.562,29.405,49.266,77.944,71058.2,1032.714,32.681,0.047,0.047,0.058,8.031,96.003,5.541,336.527,0,5.554,5.557,21
"5/25/2022 12:02:46 PM",7.379,29.405,49.265,77.942,71056.3,1032.712,32.68,0.039,0.039,0.058,8.031,96.111,5.548,309.255,0,5.56,5.564,21
"5/25/2022 12:02:46 PM",7.131,29.404,49.266,77.942,71057.7,1032.712,32.682,0.031,0.031,0.044,8.034,96.102,5.548,330.495,0,5.56,5.564,21
"5/25/2022 12:02:46 PM",7.012,29.404,49.265,77.941,71055.7,1032.71,32.68,0.023,0.023,0.015,8.037,96.144,5.551,367.708,0,5.563,5.567,21
"5/25/2022 12:02:47 PM",6.941,29.404,49.266,77.942,71057.4,1032.711,32.681,0.023,0.023,0.044,8.035,96.146,5.551,363.205,0,5.564,5.567,21
"5/25/2022 12:02:47 PM",6.891,29.404,49.269,77.945,71060.7,1032.713,32.683,0.039,0.039,0.044,8.035,96.18,5.553,389.628,0,5.566,5.569,21
"5/25/2022 12:02:47 PM",6.889,29.404,49.268,77.945,71060,1032.712,32.683,0.055,0.055,0.044,8.034,96.225,5.555,338.821,0,5.568,5.571,21
"5/25/2022 12:02:47 PM",6.884,29.403,49.269,77.945,71061,1032.713,32.684,0.047,0.047,0.029,8.04,96.056,5.545,287.25,0,5.558,5.561,21
"5/25/2022 12:02:47 PM",6.824,29.405,49.27,77.948,71061.9,1032.713,32.684,0.039,0.039,0.015,8.041,95.956,5.54,280.793,0,5.553,5.556,21
"5/25/2022 12:02:48 PM",6.663,29.405,49.269,77.947,71061.3,1032.712,32.684,0.039,0.039,0.058,8.041,96.015,5.543,420.128,0,5.556,5.559,21
"5/25/2022 12:02:48 PM",6.485,29.405,49.271,77.95,71063.5,1032.713,32.685,0.031,0.031,0.029,8.037,95.874,5.535,395.66,0,5.548,5.551,21
"5/25/2022 12:02:48 PM",6.297,29.404,49.272,77.951,71065.3,1032.713,32.686,0.023,0.023,0,8.035,95.907,5.537,368.812,0,5.55,5.553,21
"5/25/2022 12:02:48 PM",6.15,29.404,49.271,77.949,71063,1032.711,32.685,0.031,0.031,0,8.04,95.876,5.536,354.624,0,5.548,5.552,21
"5/25/2022 12:02:48 PM",5.993,29.405,49.275,77.954,71068,1032.713,32.688,0.023,0.023,0,8.043,95.953,5.54,397.359,0,5.553,5.556,21
"5/25/2022 12:02:49 PM",5.955,29.406,49.276,77.958,71068.9,1032.713,32.688,0.023,0.023,0,8.043,95.989,5.542,347.317,0,5.555,5.558,21
"5/25/2022 12:02:49 PM",5.969,29.41,49.275,77.963,71067.8,1032.712,32.686,0.023,0.023,0,8.039,96.017,5.544,324.038,0,5.557,5.56,21
"5/25/2022 12:02:49 PM",6.007,29.414,49.27,77.962,71060.9,1032.707,32.681,0.031,0.031,0.044,8.033,96.121,5.55,338.651,0,5.563,5.566,21
"5/25/2022 12:02:49 PM",6.056,29.416,49.272,77.968,71063.3,1032.708,32.682,0.047,0.047,0.029,8.036,96.022,5.544,338.481,0,5.557,5.56,21
"5/25/2022 12:02:49 PM",6.092,29.416,49.275,77.971,71066.6,1032.71,32.684,0.062,0.062,0.044,8.037,96.045,5.546,314.353,0,5.558,5.562,21
"5/25/2022 12:02:50 PM",6.134,29.416,49.276,77.973,71068.7,1032.711,32.685,0.055,0.055,0.087,8.04,95.974,5.542,300.504,0,5.555,5.558,21
"5/25/2022 12:02:50 PM",6.172,29.413,49.28,77.974,71073.3,1032.715,32.689,0.055,0.055,0.058,8.04,96.067,5.547,302.713,0,5.56,5.563,21
"5/25/2022 12:02:50 PM",6.139,29.416,49.274,77.969,71065.7,1032.71,32.683,0.039,0.039,0.058,8.038,96.073,5.548,310.699,0,5.561,5.564,21
"5/25/2022 12:02:50 PM",6.042,29.417,49.274,77.971,71066,1032.709,32.683,0.023,0.023,0.044,8.042,96.157,5.552,320.895,0,5.565,5.569,21
"5/25/2022 12:02:51 PM",5.826,29.417,49.279,77.978,71072,1032.712,32.687,0.016,0.016,0,8.035,96.137,5.551,413.246,0,5.564,5.567,21
"5/25/2022 12:02:51 PM",5.67,29.417,49.281,77.98,71074,1032.712,32.688,0.031,0.031,0.029,8.037,96.034,5.545,446.126,0,5.558,5.561,21
"5/25/2022 12:02:51 PM",5.515,29.417,49.28,77.979,71073.2,1032.711,32.688,0.023,0.023,0.029,8.037,96.102,5.55,437.46,0,5.562,5.566,21
"5/25/2022 12:02:51 PM",5.36,29.42,49.282,77.986,71074.4,1032.71,32.688,0.016,0.016,0,8.038,96.204,5.555,362.185,0,5.568,5.571,21
"5/25/2022 12:02:51 PM",5.306,29.423,49.282,77.99,71074.1,1032.709,32.687,0.023,0.023,0,8.039,96.128,5.551,452.328,0,5.563,5.567,21
"5/25/2022 12:02:52 PM",5.292,29.424,49.282,77.991,71074.6,1032.709,32.687,0.023,0.023,0,8.037,96.102,5.549,597.1,0,5.562,5.565,21
"5/25/2022 12:02:52 PM",5.29,29.425,49.279,77.989,71070.8,1032.707,32.684,0.023,0.023,0.044,8.035,96.194,5.554,608.4,0,5.567,5.57,21
"5/25/2022 12:02:52 PM",5.292,29.426,49.283,77.996,71075.7,1032.709,32.687,0.047,0.047,0.073,8.04,96.009,5.543,366.603,0,5.556,5.559,21
"5/25/2022 12:02:52 PM",5.273,29.427,49.284,77.999,71076.7,1032.71,32.687,0.047,0.047,0.044,8.039,96.064,5.546,369.067,0,5.559,5.562,21
"5/25/2022 12:02:52 PM",5.212,29.428,49.286,78.002,71078.2,1032.71,32.688,0.023,0.023,0.044,8.039,96.09,5.547,510.781,0,5.56,5.563,21
"5/25/2022 12:02:53 PM",5.11,29.428,49.285,78.001,71076.9,1032.709,32.687,0.047,0.047,0.029,8.04,96.073,5.547,454.282,0,5.56,5.563,21
"5/25/2022 12:02:53 PM",4.967,29.428,49.287,78.005,71080.2,1032.71,32.689,0.039,0.039,0.044,8.038,96.004,5.543,430.833,0,5.556,5.559,21
"5/25/2022 12:02:53 PM",4.727,29.429,49.287,78.005,71079,1032.708,32.688,0.039,0.039,0.015,8.037,96.172,5.552,365.244,0,5.565,5.568,21
"5/25/2022 12:02:53 PM",4.56,29.428,49.285,78.001,71076.7,1032.706,32.687,0.047,0.047,0.073,8.036,96.051,5.545,305.687,0,5.558,5.561,21
"5/25/2022 12:02:53 PM",4.391,29.428,49.286,78.003,71078.1,1032.707,32.688,0.023,0.023,0,8.035,96.164,5.552,389.882,0,5.565,5.568,21
"5/25/2022 12:02:54 PM",4.179,29.426,49.288,78.002,71081,1032.708,32.69,0.047,0.047,0.044,8.038,96.03,5.544,555.215,0,5.557,5.56,21
"5/25/2022 12:02:54 PM",4.055,29.428,49.291,78.009,71084.8,1032.709,32.692,0.055,0.055,0.058,8.041,95.946,5.54,426.5,0,5.553,5.556,21
"5/25/2022 12:02:54 PM",3.965,29.431,49.29,78.013,71083.1,1032.707,32.69,0.016,0.016,0,8.043,96.07,5.547,387.928,0,5.56,5.563,21
"5/25/2022 12:02:54 PM",3.908,29.432,49.291,78.015,71083.7,1032.707,32.69,0.023,0.023,0.073,8.039,95.952,5.54,336.867,0,5.553,5.556,21
"5/25/2022 12:02:54 PM",3.918,29.438,49.295,78.029,71087.6,1032.708,32.691,0.023,0.023,0,8.036,96.057,5.546,419.958,0,5.559,5.562,21
"5/25/2022 12:02:55 PM",3.989,29.441,49.295,78.033,71087.9,1032.707,32.69,0.023,0.023,0.015,8.034,96.137,5.551,428.624,0,5.563,5.567,21
"5/25/2022 12:02:55 PM",4.073,29.442,49.294,78.034,71086.5,1032.706,32.689,0.031,0.031,0.015,8.036,96.119,5.549,413.416,0,5.562,5.565,21
"5/25/2022 12:02:55 PM",4.167,29.442,49.294,78.035,71086.9,1032.707,32.689,0.047,0.047,0.044,8.028,96.03,5.544,416.05,0,5.557,5.56,21
"5/25/2022 12:02:55 PM",4.261,29.443,49.296,78.037,71088.7,1032.708,32.69,0.055,0.055,0.087,8.026,96.067,5.546,354.539,0,5.559,5.562,21
"5/25/2022 12:02:56 PM",4.309,29.443,49.297,78.039,71089.9,1032.709,32.691,0.039,0.039,0.087,8.031,96.05,5.545,307.641,0,5.558,5.561,21
"5/25/2022 12:02:56 PM",4.342,29.443,49.298,78.04,71091.6,1032.71,32.692,0.031,0.031,0.087,8.03,96.217,5.555,297.87,0,5.568,5.571,21
"5/25/2022 12:02:56 PM",4.428,29.443,49.3,78.043,71094.1,1032.712,32.693,0.008,0.008,0.015,8.034,96.219,5.555,386.654,0,5.568,5.571,21
"5/25/2022 12:02:56 PM",4.522,29.443,49.299,78.041,71092.5,1032.712,32.692,0.023,0.023,0.029,8.033,96.162,5.552,385.889,0,5.565,5.568,21
"5/25/2022 12:02:56 PM",4.536,29.443,49.299,78.043,71093.4,1032.712,32.693,0.062,0.062,0.087,8.027,96.208,5.555,372.89,0,5.567,5.571,21
"5/25/2022 12:02:57 PM",4.469,29.443,49.299,78.043,71093.4,1032.712,32.693,0.047,0.047,0.044,8.026,96.195,5.554,434.317,0,5.567,5.57,21
"5/25/2022 12:02:57 PM",4.302,29.444,49.3,78.045,71094,1032.711,32.693,0.016,0.016,0.015,8.026,96.154,5.551,319.79,0,5.564,5.567,21
"5/25/2022 12:02:57 PM",4.148,29.445,49.3,78.045,71093.3,1032.71,32.693,0.023,0.023,0,8.024,96.127,5.55,345.193,0,5.563,5.566,21
"5/25/2022 12:02:57 PM",3.96,29.445,49.301,78.048,71095.3,1032.711,32.694,0.008,0.008,0,8.023,96.075,5.547,489.371,0,5.56,5.563,21
"5/25/2022 12:02:57 PM",3.652,29.443,49.301,78.045,71095.2,1032.71,32.694,0.023,0.023,0,8.023,96.142,5.551,424.121,0,5.564,5.567,21
"5/25/2022 12:02:58 PM",3.447,29.442,49.305,78.049,71100,1032.712,32.697,0.031,0.031,0.044,8.026,96.139,5.551,466.686,0,5.564,5.567,21
"5/25/2022 12:02:58 PM",3.283,29.443,49.305,78.049,71099.3,1032.711,32.697,0.016,0.016,0,8.028,96.166,5.553,412.822,0,5.566,5.569,21
"5/25/2022 12:02:58 PM",3.195,29.443,49.305,78.049,71099,1032.71,32.697,0.039,0.039,0.044,8.024,96.098,5.548,427.52,0,5.561,5.565,21
"5/25/2022 12:02:58 PM",3.118,29.442,49.307,78.05,71102,1032.712,32.699,0.039,0.039,0,8.026,96.069,5.547,416.135,0,5.56,5.563,21
"5/25/2022 12:02:58 PM",3.088,29.442,49.308,78.053,71103.7,1032.713,32.7,0,0,0,8.034,96.043,5.546,529.047,0,5.558,5.562,21
"5/25/2022 12:02:59 PM",3.121,29.444,49.309,78.057,71105.1,1032.713,32.7,0,0,0,8.027,96.126,5.55,540.347,0,5.563,5.566,21
"5/25/2022 12:02:59 PM",3.135,29.446,49.307,78.056,71101.7,1032.711,32.698,0.039,0.039,0.058,8.034,96.22,5.556,718.084,0,5.568,5.572,21
"5/25/2022 12:02:59 PM",3.08,29.444,49.313,78.061,71109.1,1032.716,32.703,0.086,0.086,0.116,8.042,96.204,5.555,510.866,0,5.568,5.571,21
"5/25/2022 12:02:59 PM",2.977,29.444,49.316,78.066,71113.1,1032.718,32.705,0.055,0.055,0.087,8.038,96.085,5.548,356.323,0,5.561,5.564,21
"5/25/2022 12:02:59 PM",2.826,29.446,49.313,78.066,71109.6,1032.714,32.702,0.023,0.023,0.029,8.039,96.128,5.551,370.172,0,5.564,5.567,21
"5/25/2022 12:03:00 PM",2.549,29.448,49.309,78.062,71104.4,1032.71,32.699,0.008,0.008,0,8.033,96.214,5.556,461.419,0,5.569,5.572,21
"5/25/2022 12:03:00 PM",2.4,29.449,49.308,78.061,71102.7,1032.708,32.698,0.016,0.016,0,8.027,96.178,5.554,450.714,0,5.567,5.57,21
"5/25/2022 12:03:00 PM",2.288,29.449,49.305,78.058,71099.1,1032.705,32.695,0.023,0.023,0,8.03,96.142,5.552,493.449,0,5.565,5.568,21
"5/25/2022 12:03:00 PM",2.212,29.448,49.304,78.056,71097.9,1032.704,32.695,0.016,0.016,0.015,8.025,96.113,5.55,524.629,0,5.563,5.567,21
"5/25/2022 12:03:01 PM",2.135,29.449,49.308,78.061,71101.6,1032.706,32.697,0.031,0.031,0,8.03,96.115,5.55,557.934,0,5.563,5.566,21
"5/25/2022 12:03:01 PM",2.107,29.449,49.307,78.06,71100.5,1032.705,32.696,0,0,0,8.016,96.204,5.555,567.789,0,5.568,5.571,21
"5/25/2022 12:03:01 PM",2.05,29.448,49.307,78.059,71101.2,1032.706,32.697,0.023,0.023,0.044,8.025,96.158,5.553,653.174,0,5.565,5.569,21
"5/25/2022 12:03:01 PM",1.869,29.447,49.308,78.058,71101.8,1032.706,32.698,0.016,0.016,0,8.016,96.11,5.55,646.122,0,5.563,5.566,21
"5/25/2022 12:03:01 PM",1.713,29.447,49.309,78.06,71103.2,1032.706,32.699,0.031,0.031,0.015,8.02,96.155,5.553,811.455,0,5.566,5.569,21
"5/25/2022 12:03:02 PM",1.551,29.446,49.308,78.057,71101.9,1032.705,32.698,0.023,0.023,0.058,8.005,96.095,5.55,836.008,0,5.562,5.566,21
"5/25/2022 12:03:02 PM",1.391,29.446,49.309,78.058,71103.1,1032.705,32.699,0.031,0.031,0.073,8.001,96.129,5.551,658.866,0,5.564,5.568,21
"5/25/2022 12:03:02 PM",1.238,29.447,49.309,78.059,71102.8,1032.704,32.698,0,0,0,8.001,96.04,5.547,616.216,0,5.56,5.563,21
"5/25/2022 12:03:02 PM",1.019,29.452,49.307,78.063,71099.7,1032.7,32.695,0.14,0.14,0.116,7.998,96.181,5.555,616.726,0,5.567,5.571,21
"5/25/2022 12:03:02 PM",0.899,29.455,49.306,78.066,71098.2,1032.697,32.694,0.055,0.055,0.102,7.999,96.148,5.552,661.415,0,5.565,5.568,21
"5/25/2022 12:03:03 PM",0.827,29.457,49.306,78.07,71097.6,1032.696,32.693,0.086,0.086,0.16,7.999,96.125,5.551,707.973,0,5.564,5.567,21
"5/25/2022 12:03:03 PM",0.779,29.458,49.304,78.069,71095.8,1032.695,32.691,0.117,0.117,0.116,8.001,96.193,5.554,590.728,0,5.567,5.57,21
"5/25/2022 12:03:03 PM",0.789,29.46,49.307,78.076,71099.3,1032.696,32.693,0.094,0.094,0.175,8.004,96.256,5.558,566.175,0,5.571,5.574,21
"5/25/2022 12:03:03 PM",0.813,29.47,49.302,78.082,71091.2,1032.689,32.685,0.133,0.133,0.116,8.008,96.187,5.554,593.787,0,5.567,5.57,21
"5/25/2022 12:03:03 PM",0.857,29.473,49.302,78.087,71090.7,1032.688,32.684,0.335,0.335,0.189,8.011,96.394,5.566,515.029,0,5.579,5.582,21
"5/25/2022 12:03:04 PM",0.921,29.475,49.302,78.09,71091,1032.688,32.684,0.234,0.234,0.204,8.005,96.238,5.557,558.358,0,5.57,5.573,21
"5/25/2022 12:03:04 PM",0.975,29.47,49.306,78.089,71096.9,1032.693,32.688,0.195,0.195,0.233,8.001,96.283,5.559,712.561,0,5.572,5.575,21
"5/25/2022 12:03:04 PM",1.012,29.469,49.308,78.09,71099.5,1032.695,32.69,0.125,0.125,0.102,8.005,96.237,5.556,708.313,0,5.569,5.572,21
"5/25/2022 12:03:04 PM",0.996,29.476,49.305,78.095,71094.3,1032.69,32.685,0.109,0.109,0.131,8.001,96.301,5.559,580.873,0,5.572,5.576,21
"5/25/2022 12:03:04 PM",0.897,29.475,49.303,78.092,71092.3,1032.688,32.684,0.117,0.117,0.233,8,96.343,5.562,715.195,0,5.575,5.578,21
"5/25/2022 12:03:05 PM",0.707,29.472,49.309,78.096,71100.4,1032.693,32.69,0.078,0.078,0.131,8.005,96.331,5.562,845.014,0,5.575,5.578,21
"5/25/2022 12:03:05 PM",0.554,29.474,49.309,78.097,71099.3,1032.691,32.689,0.133,0.133,0.073,8.004,96.239,5.556,646.717,0,5.569,5.572,21
"5/25/2022 12:03:05 PM",0.405,29.476,49.315,78.108,71106.4,1032.695,32.693,0.016,0.016,0,8.008,96.138,5.55,658.357,0,5.563,5.567,21
"5/25/2022 12:03:05 PM",0.24,29.492,49.314,78.131,71104.1,1032.688,32.687,0.055,0.055,0.073,8.016,96.396,5.565,736.69,0,5.578,5.581,21
"5/25/2022 12:03:06 PM",0.14,29.501,49.3,78.125,71085.3,1032.674,32.673,0.101,0.101,0.175,8.004,96.164,5.552,861.497,0,5.565,5.568,21
"5/25/2022 12:03:06 PM",0.035,29.506,49.29,78.118,71072,1032.664,32.664,0,0,0,8.005,96.326,5.561,929.889,0,5.574,5.577,21
"5/25/2022 12:03:06 PM",0,29.508,49.293,78.125,71075.2,1032.665,32.665,0.164,0.164,0,8.006,96.3,5.559,903.042,0,5.572,5.575,21
"5/25/2022 12:03:06 PM",0,29.51,49.285,78.116,71064.4,1032.657,32.658,0.172,0.172,0.379,8.005,96.275,5.557,816.213,0,5.57,5.573,21
"5/25/2022 12:03:06 PM",0,29.511,49.284,78.116,71063.3,1032.656,32.657,0.273,0.273,0.204,8.008,96.329,5.561,822.245,0,5.573,5.577,21
"5/25/2022 12:03:07 PM",0,29.511,49.291,78.126,71072.3,1032.661,32.663,0.148,0.148,0.306,8.004,96.076,5.545,1226.401,0,5.558,5.561,21
"5/25/2022 12:03:07 PM",0,29.513,49.292,78.129,71073.4,1032.661,32.663,0.094,0.094,0.189,8.004,96.249,5.556,1147.388,0,5.569,5.572,21
"5/25/2022 12:03:07 PM",0,29.516,49.284,78.123,71062.5,1032.653,32.655,0,0,0,8.007,96.337,5.561,1124.958,0,5.574,5.577,21
"5/25/2022 12:03:07 PM",0,29.518,9.621,17.937,16315.3,1002.959,2.961,0,0,0,8.005,96.287,6.914,1138.382,0,6.934,6.934,21
"5/25/2022 12:03:07 PM",0,29.5,2.147,4.435,4035.8,997.403,0,290.89,290.89,51.067,8.002,96.281,7.204,1141.695,0,7.224,7.224,21
"5/25/2022 12:03:08 PM",0,29.458,1.553,3.264,2972.4,996.972,0,316.921,316.921,138.691,8.001,96.2,7.22,1142.46,0,7.241,7.241,21
"5/25/2022 12:03:08 PM",0,29.395,1.227,2.608,2378.3,996.748,0,136.958,136.958,0,7.998,96.248,7.236,1122.239,0,7.257,7.257,21
"5/25/2022 12:03:08 PM",0,29.387,1.113,2.377,2167.9,996.665,0,346.314,346.314,0,7.995,96.168,7.235,1144.159,0,7.255,7.255,21
"5/25/2022 12:03:08 PM",0,29.369,0.934,2.011,1835,996.536,0,106.114,106.114,32.184,7.99,95.976,7.227,1199.383,0,7.248,7.248,21
"5/25/2022 12:03:08 PM",0,29.237,0.79,1.709,1563.7,996.468,0,41.087,41.087,0,7.984,95.946,7.231,1306.773,0,7.252,7.252,21
"5/25/2022 12:03:09 PM",0,29.319,0.702,1.529,1396.7,996.377,0,32.826,32.826,0,7.985,95.901,7.232,1366.075,0,7.253,7.253,21
"5/25/2022 12:03:09 PM",0,29.588,0.65,1.427,1295.9,996.258,0,35.158,35.158,73.267,7.988,96.054,7.245,1369.729,0,7.266,7.266,21
"5/25/2022 12:03:09 PM",0,29.868,0.592,1.312,1185.2,996.131,0,236.495,236.495,107.321,7.978,96.082,7.249,1221.133,0,7.27,7.27,21
"5/25/2022 12:03:09 PM",0,29.738,0.548,1.215,1100.1,996.137,0,65.097,65.097,0,7.969,96.138,7.255,1286.043,0,7.276,7.276,21
"5/25/2022 12:03:10 PM",0,29.631,0.557,1.232,1118.5,996.176,0,248.836,248.836,0,7.977,96.151,7.255,1365.565,0,7.276,7.276,21
"5/25/2022 12:03:10 PM",0,29.522,0.49,1.086,987.6,996.158,0,86.432,86.432,0,7.976,95.891,7.237,1411.189,0,7.258,7.258,21
"5/25/2022 12:03:10 PM",0,29.419,0.454,1.007,917.5,996.161,0,18.581,18.581,0,7.971,95.792,7.231,1385.276,0,7.252,7.252,21
"5/25/2022 12:03:10 PM",0,29.281,0.439,0.973,889.2,996.192,0,207.898,207.898,21.206,7.965,95.665,7.22,1388.675,0,7.241,7.241,21
"5/25/2022 12:03:10 PM",0,29.221,0.422,0.936,856.1,996.197,0,33.091,33.091,0,7.963,95.547,7.212,1404.307,0,7.233,7.233,21
"5/25/2022 12:03:11 PM",0,29.166,0.41,0.909,832.8,996.204,0,62.562,62.562,0,7.961,95.227,7.188,1223.512,0,7.208,7.208,21
"5/25/2022 12:03:11 PM",0,29.012,0.402,0.889,817.2,996.243,0,34.472,34.472,0,7.967,95.105,7.178,1343.306,0,7.199,7.199,21
"5/25/2022 12:03:11 PM",0,28.951,0.4,0.884,813.4,996.26,0,61.649,61.649,0,7.965,95.119,7.178,1353.076,0,7.199,7.199,21
"5/25/2022 12:03:11 PM",0,28.959,0.385,0.85,782.2,996.245,0,101.503,101.503,13.822,7.965,94.939,7.165,1382.812,0,7.186,7.186,21
"5/25/2022 12:03:11 PM",0,29.023,0.37,0.821,754,996.216,0,24.011,24.011,0,7.955,94.98,7.168,1438.886,0,7.188,7.188,21
"5/25/2022 12:03:12 PM",0,29.048,0.364,0.807,740.8,996.204,0,58.95,58.95,0,7.947,94.875,7.16,1467.093,0,7.18,7.181,21
"5/25/2022 12:03:12 PM",0,29.044,0.358,0.794,729.4,996.2,0,24.182,24.182,22.08,7.95,94.778,7.152,1466.328,0,7.173,7.173,21
"5/25/2022 12:03:12 PM",0,29.105,0.344,0.764,700.8,996.172,0,189.8,189.8,62.649,7.954,94.807,7.155,1486.464,0,7.176,7.176,21
"5/25/2022 12:03:12 PM",0,29.23,0.337,0.751,686.6,996.13,0,107.877,107.877,49.598,7.946,94.683,7.147,1436.167,0,7.167,7.167,21
"5/25/2022 12:03:12 PM",0,29.12,0.337,0.75,687.4,996.162,0,77.259,77.259,92.417,7.947,94.379,7.125,1391.054,0,7.145,7.145,21
"5/25/2022 12:03:13 PM",0,29.004,0.345,0.766,704.2,996.203,0,153.417,153.417,90.716,7.953,94.526,7.136,1369.219,0,7.156,7.156,21
"5/25/2022 12:03:13 PM",0,28.876,0.441,0.969,893.1,996.312,0,73.717,73.717,28.916,7.962,94.664,7.143,1438.121,0,7.163,7.163,21
"5/25/2022 12:03:13 PM",0,28.827,0.355,0.785,723.9,996.262,0,21.327,21.327,4.931,7.952,94.848,7.16,1420.96,0,7.181,7.181,21
"5/25/2022 12:03:13 PM",0,28.806,0.337,0.745,687.2,996.254,0,3.354,3.354,0.364,7.938,94.749,7.154,1259.96,0,7.174,7.174,21
"5/25/2022 12:03:13 PM",0,28.766,0.328,0.725,669.5,996.259,0,0.257,0.257,0,7.946,94.705,7.151,962.599,0,7.171,7.171,21
"5/25/2022 12:03:14 PM",0,28.664,0.339,0.748,691.8,996.297,0,0,0,1.646,7.937,94.829,7.16,632.359,0,7.181,7.181,21
"5/25/2022 12:03:14 PM",0,28.571,0.334,0.737,682.9,996.321,0,0,0,0.466,7.945,94.881,7.164,630.15,0,7.185,7.185,21
"5/25/2022 12:03:14 PM",0,28.507,0.322,0.709,658,996.33,0,0,0,0,7.94,95.113,7.182,753.512,0,7.203,7.203,21
"5/25/2022 12:03:14 PM",0,28.417,0.314,0.69,641.9,996.35,0,0,0,0,7.936,95.198,7.189,956.312,0,7.21,7.21,21
"5/25/2022 12:03:15 PM",0,28.245,0.302,0.663,619.1,996.391,0,0.047,0.047,3.353,7.936,95.366,7.202,1099.215,0,7.223,7.223,21
"5/25/2022 12:03:15 PM",0,28.136,0.296,0.648,606.6,996.417,0,2.551,2.551,1.311,7.945,95.405,7.205,530.661,0,7.225,7.226,21
"5/25/2022 12:03:15 PM",0,28.064,0.288,0.63,589.8,996.431,0,2.013,2.013,2.696,7.941,95.583,7.218,423.357,0,7.239,7.239,21
"5/25/2022 12:03:15 PM",0,28.098,0.278,0.61,570.7,996.415,0,1.131,1.131,0,7.935,95.451,7.208,344.344,0,7.228,7.229,21
"5/25/2022 12:03:15 PM",0,28.149,0.274,0.602,562.8,996.397,0,0,0,2.609,7.927,95.479,7.21,348.167,0,7.231,7.231,21
"5/25/2022 12:03:16 PM",0,28.235,0.381,0.832,776.5,996.453,0,0,0,5.165,7.934,95.59,7.214,331.09,0,7.235,7.235,21
"5/25/2022 12:03:16 PM",0,29.851,2.155,4.481,4048.9,997.304,0,0,0,0,7.96,97.293,7.263,352.84,0,7.284,7.284,21
"5/25/2022 12:03:16 PM",0,31.299,1.795,3.875,3403.6,996.587,0,1.771,1.771,7.917,8.05,98.365,7.32,363.885,0,7.341,7.341,21
"5/25/2022 12:03:16 PM",0,31.451,1.824,3.944,3453.9,996.561,0,2.02,2.02,10.132,8.108,98.094,7.277,375.864,0,7.298,7.298,21
"5/25/2022 12:03:16 PM",0,31.496,1.798,3.896,3408.6,996.528,0,1.552,1.552,8.283,8.132,97.505,7.216,407.469,0,7.237,7.236,21
"5/25/2022 12:03:17 PM",0,31.5,1.818,3.936,3443.6,996.541,0,1.662,1.662,8.386,8.194,97.086,7.163,407.469,0,7.184,7.183,21
"5/25/2022 12:03:17 PM",0,31.483,1.832,3.963,3468.1,996.557,0,1.779,1.779,9.002,8.237,96.883,7.137,386.569,0,7.158,7.157,21
"5/25/2022 12:03:17 PM",0,31.483,1.795,3.888,3402.8,996.529,0,1.864,1.864,9.236,8.268,96.647,7.113,365.669,0,7.134,7.133,21
"5/25/2022 12:03:17 PM",0,31.52,1.779,3.859,3374.5,996.506,0,1.662,1.662,8.269,8.311,96.394,7.087,623.693,0,7.108,7.107,21
"5/25/2022 12:03:17 PM",0,31.522,1.752,3.803,3325.5,996.485,0,1.576,1.576,8.796,8.333,96.421,7.085,1236.766,0,7.105,7.105,21
"5/25/2022 12:03:18 PM",0,31.525,1.736,3.77,3296.3,996.472,0,1.997,1.997,8.855,8.358,96.418,7.081,1357.664,0,7.102,7.102,21
"5/25/2022 12:03:18 PM",0,31.524,1.731,3.76,3288.5,996.469,0,1.927,1.927,9.016,8.368,96.433,7.08,1396.236,0,7.1,7.1,21
"5/25/2022 12:03:18 PM",0,31.524,1.727,3.752,3281.3,996.466,0,1.724,1.724,8.958,8.369,96.413,7.077,1418.496,0,7.097,7.097,21
"5/25/2022 12:03:18 PM",0,31.539,1.708,3.714,3246.6,996.447,0,1.74,1.74,8.811,8.394,96.168,7.058,1422.744,0,7.078,7.078,21
"5/25/2022 12:03:18 PM",0,31.533,1.706,3.709,3242.9,996.447,0,1.833,1.833,8.664,8.398,96.081,7.05,1495.894,0,7.071,7.07,21
"5/25/2022 12:03:19 PM",0,31.529,1.702,3.701,3236.2,996.446,0,1.849,1.849,9.589,8.4,96.04,7.048,1504.985,0,7.068,7.068,21
"5/25/2022 12:03:19 PM",0,31.529,1.707,3.71,3244.3,996.449,0,1.763,1.763,8.958,8.392,96.004,7.045,1482.726,0,7.065,7.065,21
"5/25/2022 12:03:19 PM",0,31.534,1.717,3.732,3263,996.455,0,1.903,1.903,8.503,8.401,95.983,7.043,1503.286,0,7.063,7.063,21
"5/25/2022 12:03:19 PM",0,31.55,1.726,3.752,3279.1,996.457,0,2.059,2.059,8.503,8.396,95.919,7.038,1530.728,0,7.059,7.059,21
"5/25/2022 12:03:20 PM",0,31.556,1.726,3.752,3279,996.455,0,2.02,2.02,9.031,8.398,95.915,7.039,1550.694,0,7.059,7.059,21
"5/25/2022 12:03:20 PM",0,31.547,1.729,3.757,3284.4,996.46,0,1.818,1.818,8.459,8.401,95.87,7.036,1566.921,0,7.056,7.056,21
"5/25/2022 12:03:20 PM",0,31.542,1.717,3.732,3262.2,996.452,0,2.044,2.044,8.826,8.407,95.868,7.037,1574.398,0,7.057,7.057,21
"5/25/2022 12:03:20 PM",0,31.538,1.702,3.701,3235.6,996.442,0,1.802,1.802,8.987,8.408,95.823,7.035,1584.508,0,7.055,7.055,21
"5/25/2022 12:03:20 PM",0,31.531,1.691,3.679,3216.7,996.437,0,1.919,1.919,8.752,8.404,95.706,7.027,1590.965,0,7.047,7.047,21
"5/25/2022 12:03:21 PM",0,31.526,1.656,3.606,3153.6,996.412,0,1.794,1.794,9.046,8.406,95.716,7.029,1594.618,0,7.049,7.049,21
"5/25/2022 12:03:21 PM",0,31.523,1.638,3.568,3120.5,996.4,0,1.654,1.654,9.09,8.406,95.691,7.028,1593.938,0,7.048,7.048,21
"5/25/2022 12:03:21 PM",0,31.534,1.63,3.553,3106.9,996.391,0,1.966,1.966,9.09,8.403,95.72,7.03,1593.344,0,7.051,7.051,21
"5/25/2022 12:03:21 PM",0,31.536,1.614,3.519,3077,996.377,0,1.685,1.685,9.163,8.398,95.835,7.04,1596.317,0,7.06,7.06,21
"5/25/2022 12:03:21 PM",0,31.538,1.612,3.517,3074.7,996.376,0,1.958,1.958,8.049,8.404,95.771,7.036,1605.493,0,7.056,7.056,21
"5/25/2022 12:03:22 PM",0,31.54,1.608,3.507,3066,996.372,0,2.028,2.028,8.269,8.405,95.808,7.039,1613.479,0,7.059,7.059,21
"5/25/2022 12:03:22 PM",0,31.542,1.6,3.492,3052.2,996.365,0,2.052,2.052,9.016,8.404,95.713,7.032,1618.407,0,7.052,7.052,21
"5/25/2022 12:03:22 PM",0,31.543,1.601,3.493,3053.2,996.365,0,1.927,1.927,10.102,8.399,95.657,7.028,1620.701,0,7.049,7.048,21
"5/25/2022 12:03:22 PM",0,31.545,1.594,3.48,3041.7,996.36,0,1.942,1.942,9.486,8.398,95.849,7.044,1622.23,0,7.064,7.064,21
"5/25/2022 12:03:22 PM",0,31.545,1.592,3.475,3038,996.359,0,1.864,1.864,9.207,8.397,95.728,7.035,1622.06,0,7.055,7.055,21
"5/25/2022 12:03:23 PM",0,31.547,1.59,3.471,3033.8,996.356,0,1.545,1.545,8.708,8.394,95.772,7.039,1622.995,0,7.059,7.059,21
"5/25/2022 12:03:23 PM",0,31.549,1.585,3.461,3025.2,996.352,0,1.927,1.927,8.635,8.389,95.79,7.04,1624.099,0,7.06,7.06,21
"5/25/2022 12:03:23 PM",0,31.55,1.582,3.455,3019.5,996.349,0,1.818,1.818,8.474,8.387,95.937,7.051,1625.034,0,7.072,7.071,21
"5/25/2022 12:03:23 PM",0,31.553,1.58,3.452,3016.8,996.347,0,1.412,1.412,8.855,8.383,95.773,7.039,1626.648,0,7.06,7.059,21
"5/25/2022 12:03:23 PM",0,31.553,1.572,3.435,3002.1,996.341,0,1.693,1.693,8.327,8.39,95.747,7.038,1629.622,0,7.058,7.058,21
"5/25/2022 12:03:24 PM",0,31.548,1.57,3.43,2998.5,996.341,0,1.256,1.256,9.647,8.389,95.792,7.042,1632.68,0,7.062,7.062,21
"5/25/2022 12:03:24 PM",0,31.548,1.566,3.422,2990.8,996.338,0,1.654,1.654,8.987,8.387,95.793,7.042,1636.079,0,7.063,7.063,21
"5/25/2022 12:03:24 PM",0,31.544,1.561,3.411,2981.8,996.336,0,1.771,1.771,8.855,8.387,95.739,7.039,1640.497,0,7.059,7.059,21
"5/25/2022 12:03:24 PM",0,31.539,1.56,3.408,2979.4,996.336,0,1.872,1.872,9.046,8.383,95.956,7.055,1643.555,0,7.075,7.075,21
"5/25/2022 12:03:25 PM",0,31.536,1.553,3.394,2967.1,996.332,0,2.153,2.153,8.635,8.38,95.765,7.041,1646.019,0,7.062,7.061,21
"5/25/2022 12:03:25 PM",0,31.53,1.549,3.385,2959.7,996.331,0,1.49,1.49,8.826,8.381,95.869,7.05,1648.143,0,7.07,7.07,21
"5/25/2022 12:03:25 PM",0,31.525,1.538,3.362,2939.8,996.324,0,1.498,1.498,8.122,8.378,95.835,7.048,1650.947,0,7.068,7.068,21
"5/25/2022 12:03:25 PM",0,31.52,1.522,3.329,2911.1,996.314,0,1.467,1.467,9.383,8.38,95.959,7.058,1652.221,0,7.078,7.078,21
"5/25/2022 12:03:25 PM",0,31.508,1.508,3.299,2885.9,996.308,0,1.381,1.381,9.222,8.382,95.826,7.048,1653.326,0,7.069,7.068,21
"5/25/2022 12:03:26 PM",0,31.507,1.492,3.265,2856.3,996.296,0,1.552,1.552,9.383,8.384,95.761,7.044,1654.09,0,7.065,7.065,21
"5/25/2022 12:03:26 PM",0,31.493,1.461,3.201,2800.6,996.277,0,1.63,1.63,9.325,8.375,95.895,7.056,1654.26,0,7.076,7.076,21
"5/25/2022 12:03:26 PM",0,31.49,1.447,3.171,2775.2,996.268,0,1.74,1.74,9.603,8.372,95.876,7.055,1653.835,0,7.075,7.075,21
"5/25/2022 12:03:26 PM",0,31.491,1.438,3.152,2758.3,996.26,0,1.997,1.997,9.941,8.374,95.79,7.049,1653.156,0,7.069,7.069,21
"5/25/2022 12:03:26 PM",0,31.483,1.426,3.127,2736.6,996.254,0,1.857,1.857,9.251,8.377,95.777,7.049,1652.561,0,7.069,7.069,21
"5/25/2022 12:03:27 PM",0,31.483,1.415,3.104,2716.6,996.246,0,1.779,1.779,8.958,8.374,95.817,7.053,1652.646,0,7.073,7.073,21
"5/25/2022 12:03:27 PM",0,31.486,1.4,3.073,2689.4,996.234,0,1.981,1.981,8.43,8.375,95.694,7.044,1652.901,0,7.064,7.064,21
"5/25/2022 12:03:27 PM",0,31.486,1.391,3.055,2673.1,996.227,0,1.56,1.56,8.826,8.367,95.715,7.046,1653.326,0,7.067,7.066,21
"5/25/2022 12:03:27 PM",0,31.494,1.376,3.023,2645.4,996.213,0,1.591,1.591,8.84,8.366,95.791,7.052,1654.685,0,7.073,7.072,21
"5/25/2022 12:03:27 PM",0,31.497,1.365,3.002,2626.2,996.205,0,1.786,1.786,9.104,8.364,95.733,7.048,1657.149,0,7.069,7.069,21
"5/25/2022 12:03:28 PM",0,31.498,1.357,2.984,2611.1,996.198,0,1.638,1.638,8.327,8.363,95.826,7.055,1660.207,0,7.076,7.076,21
"5/25/2022 12:03:28 PM",0,31.5,1.347,2.965,2594.2,996.191,0,1.623,1.623,9.134,8.356,95.776,7.052,1666.749,0,7.073,7.073,21
"5/25/2022 12:03:28 PM",0,31.502,1.34,2.949,2580.2,996.184,0,1.576,1.576,8.562,8.353,95.63,7.042,1671.252,0,7.062,7.062,21
"5/25/2022 12:03:28 PM",0,31.519,1.337,2.944,2574.6,996.176,0,1.779,1.779,9.075,8.353,95.684,7.046,1675.925,0,7.066,7.066,21
"5/25/2022 12:03:29 PM",0,31.535,1.332,2.934,2565.4,996.168,0,1.724,1.724,8.723,8.351,95.704,7.047,1680.258,0,7.068,7.068,21
"5/25/2022 12:03:29 PM",0,31.544,1.324,2.919,2551.5,996.159,0,1.638,1.638,7.99,8.349,95.788,7.054,1686.8,0,7.074,7.074,21
"5/25/2022 12:03:29 PM",0,31.544,1.324,2.918,2551.2,996.159,0,1.755,1.755,8.796,8.348,95.819,7.056,1689.434,0,7.076,7.076,21
"5/25/2022 12:03:29 PM",0,31.543,1.317,2.904,2538.6,996.154,0,1.654,1.654,9.295,8.343,95.758,7.051,1691.813,0,7.072,7.072,21
"5/25/2022 12:03:29 PM",0,31.546,1.31,2.89,2526.4,996.148,0,1.677,1.677,9.031,8.346,95.771,7.052,1693.597,0,7.073,7.072,21
"5/25/2022 12:03:30 PM",0,31.549,1.305,2.879,2516.8,996.143,0,1.623,1.623,9.28,8.344,95.77,7.053,1693.937,0,7.073,7.073,21
"5/25/2022 12:03:30 PM",0,31.55,1.295,2.858,2498.1,996.136,0,1.552,1.552,9.457,8.344,95.714,7.049,1692.068,0,7.069,7.069,21
"5/25/2022 12:03:30 PM",0,31.549,1.287,2.842,2484,996.13,0,1.81,1.81,9.031,8.335,95.735,7.051,1691.388,0,7.071,7.071,21
"5/25/2022 12:03:30 PM",0,31.547,1.274,2.814,2459.6,996.121,0,1.974,1.974,8.928,8.33,95.755,7.053,1686.46,0,7.074,7.074,21
"5/25/2022 12:03:30 PM",0,31.544,1.261,2.787,2436.6,996.112,0,1.623,1.623,9.163,8.326,95.715,7.051,1682.722,0,7.072,7.071,21
"5/25/2022 12:03:31 PM",0,31.54,1.252,2.768,2420,996.107,0,1.903,1.903,8.958,8.323,95.701,7.051,1678.729,0,7.071,7.071,21
"5/25/2022 12:03:31 PM",0,31.539,1.244,2.751,2405,996.101,0,2.02,2.02,8.577,8.323,95.805,7.059,1676.01,0,7.079,7.079,21
"5/25/2022 12:03:31 PM",0,31.536,1.234,2.729,2385.7,996.094,0,1.872,1.872,9.838,8.321,95.823,7.061,1673.291,0,7.081,7.081,21
"5/25/2022 12:03:31 PM",0,31.536,1.233,2.727,2384,996.093,0,1.771,1.771,9.251,8.324,95.816,7.06,1672.527,0,7.081,7.08,21
"5/25/2022 12:03:31 PM",0,31.537,1.229,2.718,2376.6,996.09,0,1.576,1.576,9.545,8.324,95.836,7.062,1672.782,0,7.082,7.082,21
"5/25/2022 12:03:32 PM",0,31.536,1.226,2.712,2371.5,996.088,0,1.779,1.779,9.603,8.321,95.877,7.065,1673.886,0,7.085,7.085,21
"5/25/2022 12:03:32 PM",0,31.539,1.219,2.699,2359.8,996.083,0,1.607,1.607,8.621,8.317,95.847,7.063,1677.369,0,7.084,7.084,21
"5/25/2022 12:03:32 PM",0,31.537,1.215,2.69,2351.7,996.08,0,2.067,2.067,8.694,8.317,95.789,7.059,1680.768,0,7.08,7.08,21
"5/25/2022 12:03:32 PM",0,31.535,1.211,2.682,2345,996.078,0,2.005,2.005,8.283,8.321,95.854,7.065,1686.29,0,7.085,7.085,21
"5/25/2022 12:03:32 PM",0,31.535,1.205,2.669,2333.3,996.073,0,1.708,1.708,8.694,8.313,95.869,7.067,1693.767,0,7.087,7.087,21
"5/25/2022 12:03:33 PM",0,31.532,1.202,2.661,2326.8,996.071,0,2.114,2.114,8.518,8.307,95.952,7.073,1698.525,0,7.093,7.093,21
"5/25/2022 12:03:33 PM",0,31.532,1.198,2.654,2320.3,996.069,0,1.989,1.989,8.621,8.306,95.88,7.068,1704.981,0,7.088,7.088,21
"5/25/2022 12:03:33 PM",0,31.534,1.192,2.642,2310.2,996.064,0,1.74,1.74,8.664,8.302,95.797,7.062,1712.713,0,7.083,7.083,21
"5/25/2022 12:03:33 PM",0,31.535,1.186,2.629,2298.3,996.059,0,1.537,1.537,8.723,8.303,95.899,7.07,1717.046,0,7.09,7.09,21
"5/25/2022 12:03:34 PM",0,31.537,1.184,2.624,2294.4,996.057,0,1.646,1.646,9.002,8.304,95.887,7.069,1721.124,0,7.089,7.089,21
"5/25/2022 12:03:34 PM",0,31.54,1.178,2.612,2283.4,996.051,0,1.896,1.896,9.148,8.3,95.786,7.062,1726.307,0,7.082,7.082,21
"5/25/2022 12:03:34 PM",0,31.542,1.175,2.605,2277.1,996.048,0,1.584,1.584,9.721,8.3,95.835,7.065,1729.11,0,7.086,7.086,21
"5/25/2022 12:07:41 PM",0,29.476,49.096,77.808,70832.7,1032.527,32.528,0.008,0.008,0,7.78,95.824,5.497,1541.858,0,5.51,5.513,21
"5/25/2022 12:07:42 PM",0,29.479,49.112,77.834,70851.7,1032.537,32.538,0.039,0.039,0.087,7.797,95.826,5.496,1162.001,0,5.509,5.512,21
"5/25/2022 12:07:42 PM",0,29.484,49.1,77.824,70836.3,1032.526,32.527,0,0,0,7.809,95.739,5.492,1508.808,0,5.504,5.507,21
"5/25/2022 12:07:42 PM",0,29.485,49.095,77.819,70830,1032.522,32.523,0.078,0.078,0,7.815,95.763,5.494,1549.589,0,5.506,5.51,21
"5/25/2022 12:07:42 PM",0,29.481,49.086,77.8,70818.5,1032.517,32.518,0,0,0,7.822,95.739,5.493,1633.36,0,5.505,5.509,21
"5/25/2022 12:07:42 PM",0,29.476,49.096,77.808,70832.4,1032.527,32.527,0.078,0.078,0.146,7.835,95.837,5.5,1616.708,0,5.512,5.515,21
"5/25/2022 12:07:43 PM",0,29.472,49.089,77.792,70823.8,1032.523,32.523,0.047,0.047,0.116,7.846,95.756,5.494,1700.564,0,5.507,5.51,21
"5/25/2022 12:07:43 PM",0,29.468,49.095,77.794,70831.8,1032.529,32.529,0.125,0.125,0.262,7.851,95.718,5.492,1118.246,0,5.505,5.508,21
"5/25/2022 12:07:43 PM",0.062,29.465,49.101,77.797,70839.5,1032.535,32.535,0.07,0.07,0.116,7.859,95.825,5.499,1347.129,0,5.512,5.515,21
"5/25/2022 12:07:43 PM",0.107,29.462,49.101,77.794,70839.8,1032.536,32.536,0.031,0.031,0.015,7.867,95.737,5.495,1619.427,0,5.507,5.51,21
"5/25/2022 12:07:43 PM",0.137,29.459,49.109,77.8,70850.2,1032.543,32.543,0,0,0,7.878,95.762,5.496,1394.112,0,5.509,5.512,21
"5/25/2022 12:07:44 PM",0.14,29.453,49.131,77.822,70878.4,1032.562,32.561,0.086,0.086,0.175,7.882,95.867,5.502,1309.832,0,5.514,5.517,21
"5/25/2022 12:07:44 PM",0.123,29.453,49.117,77.803,70861.2,1032.552,32.551,0.094,0.094,0.218,7.878,95.808,5.498,1376.865,0,5.51,5.514,21
"5/25/2022 12:07:44 PM",0.078,29.461,49.092,77.78,70828.6,1032.529,32.529,0.031,0.031,0.073,7.883,95.914,5.504,1371.343,0,5.517,5.52,21
"5/25/2022 12:07:44 PM",0,29.473,49.09,77.795,70824.8,1032.523,32.523,0,0,0,7.886,95.58,5.487,1489.692,0,5.499,5.502,21
"5/25/2022 12:07:44 PM",0,29.473,49.096,77.804,70833,1032.528,32.529,0.047,0.047,0.015,7.887,95.608,5.488,1305.923,0,5.5,5.503,21
"5/25/2022 12:07:45 PM",0,29.475,49.107,77.821,70846.7,1032.535,32.536,0.023,0.023,0.029,7.895,95.768,5.497,1600.99,0,5.51,5.513,21
"5/25/2022 12:07:45 PM",0,29.476,49.088,77.797,70821.9,1032.52,32.521,0.023,0.023,0,7.905,95.698,5.493,1595.553,0,5.505,5.508,21
"5/25/2022 12:07:45 PM",0,29.472,49.086,77.788,70820,1032.521,32.521,0.094,0.094,0.175,7.906,95.764,5.498,1053.252,0,5.51,5.513,21
"5/25/2022 12:07:45 PM",0.125,29.462,49.077,77.762,70810.3,1032.518,32.518,0,0,0,7.914,95.668,5.494,832.185,0,5.506,5.509,21
"5/25/2022 12:07:46 PM",0.349,29.453,49.091,77.768,70829,1032.533,32.532,0,0,0,7.916,95.627,5.492,733.631,0,5.504,5.507,21
"5/25/2022 12:07:46 PM",0.657,29.455,49.101,77.784,70840.7,1032.541,32.538,0,0,0,7.919,95.772,5.503,872.966,0,5.516,5.519,21
"5/25/2022 12:07:46 PM",0.808,29.46,49.111,77.805,70853.4,1032.548,32.544,0.14,0.14,0.189,7.918,95.795,5.506,978.912,0,5.519,5.522,21
"5/25/2022 12:07:46 PM",0.911,29.465,49.115,77.818,70857.9,1032.549,32.546,0.133,0.133,0.291,7.919,95.871,5.511,1025.725,0,5.524,5.527,21
"5/25/2022 12:07:46 PM",0.961,29.467,49.124,77.834,70868.8,1032.556,32.552,0.203,0.203,0.393,7.928,95.951,5.516,1479.667,0,5.528,5.531,21
"5/25/2022 12:07:47 PM",0.972,29.472,49.132,77.852,70878.6,1032.56,32.556,0.101,0.101,0.189,7.924,96.043,5.519,1645.509,0,5.532,5.535,21
"5/25/2022 12:07:47 PM",0.963,29.474,49.121,77.84,70864.4,1032.551,32.547,0.016,0.016,0,7.925,96.059,5.52,1245.687,0,5.532,5.535,21
"5/25/2022 12:07:47 PM",0.963,29.475,49.119,77.838,70861.1,1032.549,32.545,0,0,0,7.924,96.004,5.516,1078.23,0,5.528,5.532,21
"5/25/2022 12:07:47 PM",0.967,29.476,49.128,77.852,70873.3,1032.556,32.552,0.039,0.039,0.058,7.927,95.84,5.506,1093.948,0,5.519,5.522,21
"5/25/2022 12:07:47 PM",0.967,29.477,49.121,77.844,70864.6,1032.55,32.546,0.031,0.031,0,7.927,96.003,5.516,1239.4,0,5.529,5.532,21
"5/25/2022 12:07:48 PM",0.958,29.477,49.126,77.85,70869.6,1032.553,32.549,0.109,0.109,0.029,7.923,96.032,5.517,1074.747,0,5.53,5.533,21
"5/25/2022 12:07:48 PM",0.97,29.477,49.132,77.859,70878.2,1032.558,32.554,0.109,0.109,0.16,7.926,95.981,5.514,1322.83,0,5.527,5.53,21
"5/25/2022 12:07:48 PM",1.005,29.47,49.126,77.84,70870.7,1032.556,32.552,0.047,0.047,0.087,7.927,95.996,5.515,1079.844,0,5.528,5.531,21
"5/25/2022 12:07:48 PM",1.05,29.463,49.133,77.84,70880.8,1032.564,32.56,0.031,0.031,0.073,7.927,95.996,5.514,1639.392,0,5.527,5.53,21
"5/25/2022 12:07:48 PM",1.071,29.46,49.136,77.841,70885.4,1032.568,32.563,0,0,0,7.927,95.811,5.504,993.525,0,5.516,5.519,21
"5/25/2022 12:07:49 PM",1.087,29.459,49.141,77.846,70891.2,1032.572,32.567,0.039,0.039,0.058,7.922,95.95,5.51,1329.118,0,5.523,5.526,21
"5/25/2022 12:07:49 PM",1.111,29.456,49.146,77.848,70897.5,1032.577,32.572,0.047,0.047,0.102,7.924,95.865,5.504,1210.088,0,5.517,5.52,21
"5/25/2022 12:07:49 PM",1.102,29.456,49.155,77.861,70909.4,1032.584,32.579,0.062,0.062,0.131,7.925,95.877,5.505,1127.252,0,5.518,5.521,21
"5/25/2022 12:07:49 PM",1.094,29.456,49.161,77.868,70916.2,1032.588,32.583,0.016,0.016,0.029,7.924,96.045,5.514,1064.212,0,5.526,5.529,21
"5/25/2022 12:07:49 PM",1.073,29.457,49.164,77.874,70920.3,1032.59,32.586,0.047,0.047,0.044,7.926,95.785,5.498,948.411,0,5.511,5.514,21
"5/25/2022 12:07:50 PM",1.045,29.457,49.171,77.885,70929.6,1032.595,32.591,0.055,0.055,0.058,7.923,95.813,5.498,893.102,0,5.511,5.514,21
"5/25/2022 12:07:50 PM",1.029,29.458,49.174,77.889,70932.3,1032.597,32.592,0.07,0.07,0.131,7.921,95.744,5.493,1007.458,0,5.506,5.509,21
"5/25/2022 12:07:50 PM",1.014,29.459,49.182,77.901,70942.6,1032.603,32.598,0.031,0.031,0,7.926,95.828,5.497,1304.904,0,5.51,5.513,21
"5/25/2022 12:07:50 PM",1.01,29.462,49.167,77.885,70923.6,1032.59,32.586,0.008,0.008,0,7.927,95.731,5.491,904.316,0,5.504,5.507,21
"5/25/2022 12:07:51 PM",0.998,29.459,49.18,77.899,70940.3,1032.601,32.597,0.016,0.016,0.015,7.925,95.866,5.498,1176.614,0,5.511,5.514,21
"5/25/2022 12:07:51 PM",0.982,29.46,49.181,77.901,70940.7,1032.601,32.597,0.039,0.039,0.073,7.918,95.914,5.502,1045.69,0,5.515,5.518,21
"5/25/2022 12:07:51 PM",0.948,29.46,49.163,77.877,70918.1,1032.587,32.583,0.062,0.062,0.102,7.915,95.974,5.507,1077.635,0,5.52,5.523,21
"5/25/2022 12:07:51 PM",0.911,29.469,49.146,77.866,70896,1032.571,32.568,0,0,0.044,7.92,96.082,5.515,1316.373,0,5.528,5.531,21
"5/25/2022 12:07:51 PM",0.885,29.474,49.145,77.872,70893.8,1032.569,32.565,0.078,0.078,0.306,7.924,96.013,5.512,1323.68,0,5.525,5.528,21
"5/25/2022 12:07:52 PM",0.859,29.474,49.144,77.872,70893.3,1032.568,32.564,0.047,0.047,0.102,7.92,95.876,5.504,1029.378,0,5.516,5.519,21
"5/25/2022 12:07:52 PM",0.855,29.47,49.159,77.885,70912.3,1032.581,32.577,0.094,0.094,0.146,7.919,95.823,5.5,1008.563,0,5.513,5.516,21
"5/25/2022 12:07:52 PM",0.881,29.464,49.147,77.86,70897.7,1032.574,32.57,0.062,0.062,0.102,7.917,95.939,5.508,1266.757,0,5.52,5.523,21
"5/25/2022 12:07:52 PM",0.928,29.456,49.152,77.857,70905.4,1032.581,32.577,0.031,0.031,0.073,7.913,95.91,5.505,1408.215,0,5.518,5.521,21
"5/25/2022 12:07:52 PM",0.977,29.454,49.153,77.854,70906.6,1032.582,32.578,0.055,0.055,0.131,7.911,95.8,5.499,1460.891,0,5.512,5.515,21
"5/25/2022 12:07:53 PM",1.061,29.454,49.156,77.858,70910.4,1032.585,32.58,0.039,0.039,0.044,7.911,95.753,5.497,1165.569,0,5.51,5.513,21
"5/25/2022 12:07:53 PM",1.109,29.456,49.158,77.864,70912.8,1032.586,32.581,0.039,0.039,0.058,7.912,95.876,5.504,1242.968,0,5.516,5.52,21
"5/25/2022 12:07:53 PM",1.149,29.456,49.159,77.865,70913.7,1032.587,32.582,0.101,0.101,0.189,7.915,95.943,5.51,1037.109,0,5.522,5.525,21
"5/25/2022 12:07:53 PM",1.172,29.456,49.164,77.874,70920.7,1032.591,32.586,0.016,0.016,0,7.913,95.927,5.51,798.626,0,5.522,5.525,21
"5/25/2022 12:07:53 PM",1.172,29.456,49.177,77.89,70936.5,1032.601,32.596,0.023,0.023,0.015,7.912,96.002,5.513,1518.154,0,5.525,5.528,21
"5/25/2022 12:07:54 PM",1.167,29.458,49.171,77.885,70928.8,1032.595,32.59,0.031,0.031,0.015,7.913,96.064,5.517,1297.342,0,5.529,5.532,21
"5/25/2022 12:07:54 PM",1.115,29.463,49.159,77.876,70913.9,1032.585,32.58,0.023,0.023,0,7.908,95.927,5.51,828.107,0,5.523,5.526,21
"5/25/2022 12:07:54 PM",1.073,29.465,49.155,77.873,70908,1032.58,32.576,0.039,0.039,0.058,7.912,95.99,5.514,872.881,0,5.527,5.53,21
"5/25/2022 12:07:54 PM",1.028,29.465,49.156,77.875,70909.6,1032.581,32.577,0.023,0.023,0.058,7.914,95.835,5.505,1375.251,0,5.518,5.521,21
"5/25/2022 12:07:55 PM",0.982,29.465,49.158,77.877,70911.4,1032.582,32.578,0.047,0.047,0.087,7.916,95.898,5.509,1011.706,0,5.522,5.525,21
"5/25/2022 12:07:55 PM",0.951,29.467,49.162,77.886,70916.6,1032.584,32.58,0.016,0.016,0.029,7.918,95.886,5.507,1371.428,0,5.519,5.523,21
"5/25/2022 12:07:55 PM",0.942,29.468,49.169,77.895,70924.6,1032.589,32.585,0.047,0.047,0.015,7.914,95.824,5.503,1031.927,0,5.516,5.519,21
"5/25/2022 12:07:55 PM",0.942,29.461,49.182,77.904,70942.2,1032.602,32.598,0,0,0,7.916,95.785,5.501,1826.814,0,5.513,5.516,21
"5/25/2022 12:07:55 PM",0.939,29.461,49.184,77.907,70944.7,1032.603,32.599,0.016,0.016,0.029,7.913,95.912,5.507,1244.582,0,5.52,5.523,21
"5/25/2022 12:07:56 PM",0.944,29.468,49.167,77.894,70923.2,1032.588,32.584,0.031,0.031,0,7.909,95.9,5.508,1279.756,0,5.521,5.524,21
"5/25/2022 12:07:56 PM",0.963,29.464,49.173,77.896,70930.8,1032.594,32.59,0.086,0.086,0.131,7.906,95.984,5.514,1323.17,0,5.527,5.53,21
"5/25/2022 12:07:56 PM",0.982,29.458,49.179,77.896,70938.3,1032.6,32.596,0,0,0,7.905,95.865,5.508,1477.373,0,5.521,5.524,21
"5/25/2022 12:07:56 PM",1.021,29.453,49.183,77.895,70944.7,1032.606,32.601,0.023,0.023,0.044,7.9,95.97,5.514,1381.538,0,5.527,5.53,21
"5/25/2022 12:07:56 PM",1.045,29.454,49.185,77.899,70947.3,1032.607,32.603,0.055,0.055,0.073,7.901,95.959,5.513,1140.846,0,5.526,5.529,21
"5/25/2022 12:07:57 PM",1.064,29.453,49.192,77.908,70956.1,1032.613,32.608,0.023,0.023,0,7.901,95.799,5.503,1238.465,0,5.516,5.519,21
"5/25/2022 12:07:57 PM",1.071,29.452,49.198,77.914,70963.8,1032.618,32.613,0,0,0,7.9,95.996,5.515,1261.574,0,5.527,5.53,21
"5/25/2022 12:07:57 PM",1.069,29.456,49.181,77.897,70942.1,1032.603,32.599,0.031,0.031,0.029,7.898,95.939,5.511,1158.093,0,5.524,5.527,21
"5/25/2022 12:07:57 PM",1.043,29.46,49.168,77.883,70924.6,1032.592,32.587,0.031,0.031,0,7.897,95.722,5.5,1370.663,0,5.512,5.515,21
"5/25/2022 12:07:57 PM",1.012,29.464,49.162,77.882,70916.9,1032.586,32.581,0.094,0.094,0.058,7.894,95.897,5.51,1267.012,0,5.523,5.526,21
"5/25/2022 12:07:58 PM",0.974,29.463,49.164,77.883,70919.7,1032.588,32.583,0.031,0.031,0.015,7.893,95.747,5.502,1548.145,0,5.515,5.518,21
"5/25/2022 12:07:58 PM",0.914,29.462,49.169,77.887,70925.4,1032.591,32.587,0.055,0.055,0.102,7.896,95.809,5.506,1258.091,0,5.519,5.522,21
"5/25/2022 12:07:58 PM",0.897,29.46,49.177,77.897,70935.9,1032.598,32.594,0.008,0.008,0,7.899,95.804,5.506,1117.652,0,5.519,5.522,21
"5/25/2022 12:07:58 PM",0.885,29.46,49.176,77.895,70934.5,1032.597,32.593,0.008,0.008,0.015,7.899,95.795,5.505,1448.487,0,5.518,5.521,21
"5/25/2022 12:07:59 PM",0.904,29.456,49.18,77.895,70940.5,1032.602,32.598,0.016,0.016,0,7.9,95.856,5.51,1029.973,0,5.522,5.525,21
"5/25/2022 12:07:59 PM",0.941,29.45,49.181,77.887,70942,1032.605,32.601,0.062,0.062,0.131,7.898,96.062,5.522,1580.855,0,5.535,5.538,21
"5/25/2022 12:07:59 PM",0.975,29.447,49.187,77.892,70950,1032.61,32.606,0.055,0.055,0.102,7.901,96.091,5.523,1027.169,0,5.536,5.539,21
"5/25/2022 12:07:59 PM",1.012,29.447,49.192,77.899,70956.6,1032.614,32.61,0.094,0.094,0.102,7.904,96.015,5.518,1247.131,0,5.53,5.534,21
"5/25/2022 12:07:59 PM",1.05,29.448,49.19,77.897,70954.5,1032.613,32.609,0.078,0.078,0.116,7.903,96.021,5.519,1233.452,0,5.531,5.534,21
"5/25/2022 12:08:00 PM",1.069,29.446,49.194,77.899,70958.7,1032.616,32.612,0,0,0,7.901,95.929,5.513,1249.765,0,5.526,5.529,21
"5/25/2022 12:08:00 PM",1.085,29.445,49.198,77.904,70964.5,1032.62,32.616,0.031,0.031,0.102,7.9,95.931,5.513,1107.966,0,5.526,5.529,21
"5/25/2022 12:08:00 PM",1.094,29.446,49.203,77.911,70970,1032.623,32.619,0.008,0.008,0.044,7.9,95.817,5.506,1401.759,0,5.519,5.522,21
"5/25/2022 12:08:00 PM",1.104,29.446,49.205,77.915,70973.7,1032.626,32.621,0,0,0,7.907,95.798,5.505,1307.028,0,5.517,5.52,21
"5/25/2022 12:08:00 PM",1.125,29.446,49.207,77.917,70975,1032.626,32.622,0.062,0.062,0.116,7.911,95.806,5.504,1537.44,0,5.516,5.52,21
"5/25/2022 12:08:01 PM",1.125,29.447,49.209,77.922,70977.7,1032.628,32.623,0.101,0.101,0.16,7.904,95.779,5.503,1477.883,0,5.515,5.518,21
"5/25/2022 12:08:01 PM",1.118,29.452,49.199,77.915,70964.5,1032.618,32.613,0.016,0.016,0,7.904,95.716,5.499,1648.653,0,5.512,5.515,21
"5/25/2022 12:08:01 PM",1.108,29.452,49.193,77.907,70956.6,1032.613,32.609,0.07,0.07,0.146,7.904,95.984,5.516,1140.591,0,5.528,5.532,21
"5/25/2022 12:08:01 PM",1.108,29.454,49.193,77.91,70957.4,1032.613,32.609,0.031,0.031,0.175,7.904,96.008,5.519,1325.124,0,5.531,5.534,21
"5/25/2022 12:08:01 PM",1.146,29.453,49.193,77.909,70956.6,1032.613,32.608,0.031,0.031,0.029,7.907,95.881,5.512,1264.123,0,5.525,5.528,21
"5/25/2022 12:08:02 PM",1.24,29.446,49.193,77.898,70957.9,1032.616,32.611,0.031,0.031,0.058,7.913,95.882,5.513,1050.193,0,5.525,5.528,21
"5/25/2022 12:08:02 PM",1.466,29.445,49.195,77.9,70961.3,1032.62,32.614,0,0,0,7.907,95.746,5.506,1104.738,0,5.518,5.521,21
"5/25/2022 12:08:02 PM",1.64,29.445,49.196,77.902,70962.1,1032.621,32.614,0.023,0.023,0,7.911,95.715,5.506,1450.101,0,5.519,5.522,21
"5/25/2022 12:08:02 PM",1.805,29.445,49.198,77.904,70964.4,1032.623,32.615,0,0,0,7.91,95.784,5.511,1058.859,0,5.524,5.527,21
"5/25/2022 12:08:02 PM",2.042,29.447,49.215,77.93,70985.9,1032.636,32.628,0,0,0,7.907,95.861,5.517,478.411,0,5.53,5.533,21
"5/25/2022 12:08:03 PM",2.189,29.454,49.216,77.943,70986.8,1032.635,32.626,0,0,0,7.901,95.961,5.524,184.449,0,5.536,5.54,21
"5/25/2022 12:08:03 PM",2.318,29.458,49.216,77.949,70986.4,1032.635,32.625,0,0,0,7.903,95.949,5.523,62.361,0,5.536,5.539,21
"5/25/2022 12:08:03 PM",2.454,29.463,49.219,77.959,70988.8,1032.635,32.625,0,0,0,7.908,95.957,5.525,35.853,0,5.538,5.541,21
"5/25/2022 12:08:03 PM",2.706,29.462,49.226,77.967,70998,1032.642,32.631,0,0,0,7.911,96.244,5.542,33.474,0,5.554,5.557,21
"5/25/2022 12:08:04 PM",2.854,29.464,49.227,77.972,70999.7,1032.643,32.631,1.701,1.701,0,7.909,96.048,5.529,35.428,0,5.542,5.545,21
"5/25/2022 12:08:04 PM",3.019,29.465,49.229,77.975,71001.6,1032.645,32.632,0.874,0.874,0,7.915,95.926,5.523,42.48,0,5.535,5.539,21
"5/25/2022 12:08:04 PM",3.174,29.461,49.236,77.98,71011.1,1032.652,32.639,0.741,0.741,0,7.924,96.07,5.531,41.715,0,5.544,5.547,21
"5/25/2022 12:08:04 PM",3.376,29.46,49.241,77.986,71017,1032.657,32.642,0.179,0.179,0,7.922,95.997,5.527,41.461,0,5.54,5.543,21
"5/25/2022 12:08:04 PM",3.518,29.462,49.241,77.99,71017.9,1032.657,32.642,0,0,0,7.925,95.933,5.525,37.467,0,5.537,5.54,21
"5/25/2022 12:08:05 PM",3.666,29.463,49.231,77.975,71004.2,1032.649,32.634,0.25,0.25,0,7.928,96.125,5.535,37.213,0,5.548,5.551,21
"5/25/2022 12:08:05 PM",3.899,29.461,49.233,77.976,71007.7,1032.653,32.636,0.413,0.413,0,7.926,96.12,5.534,32.115,0,5.547,5.55,21
"5/25/2022 12:08:05 PM",4.044,29.46,49.237,77.981,71013.4,1032.657,32.64,0.218,0.218,0,7.93,96.087,5.533,27.867,0,5.545,5.549,21
"5/25/2022 12:08:05 PM",4.202,29.459,49.248,77.994,71026.5,1032.666,32.648,0.367,0.367,0.495,7.929,96.154,5.537,31.18,0,5.55,5.553,21
"5/25/2022 12:08:05 PM",4.353,29.459,49.25,77.997,71029.6,1032.668,32.65,0.398,0.398,0.626,7.924,96.046,5.531,33.984,0,5.543,5.547,21
"5/25/2022 12:08:06 PM",4.559,29.459,49.252,78.001,71032.7,1032.671,32.652,0.234,0.234,0.568,7.929,95.911,5.524,46.303,0,5.537,5.54,21
"5/25/2022 12:08:06 PM",4.691,29.457,49.26,78.008,71042.6,1032.678,32.658,0,0,0,7.923,96.001,5.53,49.362,0,5.542,5.545,21
"5/25/2022 12:08:06 PM",4.823,29.455,49.263,78.011,71046.9,1032.682,32.661,0,0,0,7.921,96.111,5.537,44.349,0,5.549,5.553,21
"5/25/2022 12:08:06 PM",4.953,29.452,49.267,78.012,71052.1,1032.686,32.665,0,0,0,7.922,96.106,5.537,39.761,0,5.55,5.553,21
"5/25/2022 12:08:06 PM",5.162,29.453,49.261,78.004,71043.8,1032.682,32.66,0,0,0,7.924,96.015,5.532,30.246,0,5.544,5.547,21
"5/25/2022 12:08:07 PM",5.306,29.455,49.257,78.003,71039.7,1032.679,32.657,0.476,0.476,0,7.925,96.038,5.533,27.102,0,5.545,5.549,21
"5/25/2022 12:08:07 PM",5.466,29.457,49.255,78.003,71037,1032.678,32.655,0,0,0,7.931,95.93,5.527,25.403,0,5.539,5.543,21
"5/25/2022 12:08:07 PM",5.632,29.458,49.252,78,71033,1032.676,32.652,0.156,0.156,0,7.928,96.057,5.535,24.384,0,5.547,5.55,21
"5/25/2022 12:08:07 PM",5.807,29.456,49.249,77.992,71029.2,1032.675,32.65,0.562,0.562,0,7.925,96.079,5.535,24.129,0,5.548,5.551,21
"5/25/2022 12:08:07 PM",6.091,29.45,49.259,77.997,71042.8,1032.686,32.66,0.897,0.897,0,7.927,96.132,5.538,22.854,0,5.551,5.554,21
"5/25/2022 12:08:08 PM",6.284,29.447,49.263,77.999,71048,1032.69,32.664,0.281,0.281,0.248,7.921,96.024,5.532,22.684,0,5.545,5.548,21
"5/25/2022 12:08:08 PM",6.482,29.444,49.264,77.996,71050.5,1032.694,32.666,0,0,0.743,7.929,96.092,5.536,22.599,0,5.549,5.552,21
"5/25/2022 12:08:08 PM",6.781,29.438,49.269,77.994,71057,1032.701,32.672,0.14,0.14,1.282,7.924,95.946,5.528,22.345,0,5.541,5.544,21
"5/25/2022 12:08:08 PM",6.973,29.436,49.268,77.99,71055.4,1032.701,32.671,0.889,0.889,0,7.923,96.036,5.533,22.429,0,5.546,5.549,21
"5/25/2022 12:08:08 PM",7.173,29.435,49.268,77.99,71056.3,1032.702,32.672,0,0,6.277,7.921,95.883,5.525,22.854,0,5.537,5.541,21
"5/25/2022 12:08:09 PM",7.376,29.433,49.274,77.995,71064,1032.708,32.677,0.14,0.14,0.728,7.921,96.012,5.532,23.704,0,5.545,5.548,21
"5/25/2022 12:08:09 PM",7.576,29.433,49.273,77.994,71063.1,1032.709,32.676,0,0,3.426,7.926,96.055,5.535,25.148,0,5.547,5.551,21
"5/25/2022 12:08:09 PM",7.853,29.43,49.273,77.99,71063.6,1032.711,32.677,0.062,0.062,2.025,7.923,96.113,5.538,30.161,0,5.551,5.554,21
"5/25/2022 12:08:09 PM",8.008,29.427,49.269,77.979,71059.1,1032.71,32.676,0.234,0.234,0.626,7.92,96.058,5.536,33.219,0,5.549,5.552,21
"5/25/2022 12:08:10 PM",8.15,29.42,49.271,77.973,71062.6,1032.714,32.68,0.094,0.094,0.335,7.926,96.091,5.538,35.683,0,5.551,5.554,21
"5/25/2022 12:08:10 PM",8.373,29.413,49.272,77.963,71064.5,1032.718,32.683,0.062,0.062,0,7.924,96.057,5.537,35.174,0,5.55,5.553,21
"5/25/2022 12:08:10 PM",8.514,29.411,49.271,77.96,71064,1032.719,32.683,0.094,0.094,0,7.922,95.971,5.532,32.37,0,5.545,5.548,21
"5/25/2022 12:08:10 PM",8.679,29.408,49.271,77.956,71064.2,1032.721,32.684,0,0,0,7.919,95.858,5.527,29.651,0,5.54,5.543,21
"5/25/2022 12:08:10 PM",8.942,29.406,49.274,77.958,71068.3,1032.725,32.687,0.031,0.031,0,7.919,96.023,5.536,27.782,0,5.549,5.552,21
"5/25/2022 12:08:11 PM",9.117,29.406,49.275,77.958,71069.6,1032.726,32.688,0,0,0,7.923,95.952,5.532,27.272,0,5.545,5.548,21
"5/25/2022 12:08:11 PM",9.312,29.406,49.277,77.962,71072.8,1032.729,32.689,0,0,1.836,7.926,95.971,5.533,27.612,0,5.546,5.549,21
"5/25/2022 12:08:11 PM",9.592,29.406,49.275,77.959,71069.9,1032.728,32.688,0,0,2.58,7.929,96.033,5.538,31.945,0,5.55,5.554,21
"5/25/2022 12:08:11 PM",9.775,29.406,49.275,77.959,71069.8,1032.729,32.687,0.764,0.764,1.588,7.925,95.964,5.534,32.625,0,5.546,5.55,21
"5/25/2022 12:08:11 PM",9.94,29.406,49.278,77.963,71073.5,1032.732,32.69,0.374,0.374,1.646,7.919,95.892,5.529,33.304,0,5.542,5.545,21
"5/25/2022 12:08:12 PM",10.189,29.405,49.28,77.964,71075.9,1032.735,32.691,0,0,0.903,7.916,95.943,5.532,32.625,0,5.545,5.548,21
"5/25/2022 12:08:12 PM",10.352,29.404,49.279,77.963,71076,1032.736,32.692,0,0,1.18,7.924,96.259,5.551,31.435,0,5.564,5.567,21
"5/25/2022 12:08:12 PM",10.625,29.405,49.279,77.962,71074.9,1032.736,32.691,0,0,1.661,7.927,96.07,5.541,29.821,0,5.553,5.557,21
"5/25/2022 12:08:12 PM",10.81,29.405,49.279,77.964,71076.2,1032.737,32.691,0,0,1.311,7.928,96.134,5.544,30.331,0,5.557,5.56,21
"5/25/2022 12:08:13 PM",10.99,29.403,49.285,77.969,71083,1032.743,32.696,0,0,1.413,7.933,95.811,5.525,32.03,0,5.538,5.541,21
"5/25/2022 12:08:13 PM",11.166,29.403,49.291,77.976,71090.5,1032.748,32.7,0.039,0.039,0.408,7.929,95.936,5.532,33.304,0,5.545,5.548,21
"5/25/2022 12:08:13 PM",11.404,29.402,49.289,77.973,71088.2,1032.748,32.699,1.888,1.888,4.478,7.93,96.057,5.539,53.015,0,5.552,5.555,21
"5/25/2022 12:08:13 PM",11.53,29.4,49.293,77.976,71094.2,1032.752,32.703,0.998,0.998,2.273,7.928,96.065,5.541,133.812,0,5.554,5.557,21
"5/25/2022 12:08:13 PM",11.608,29.398,49.294,77.975,71095.7,1032.754,32.705,0.413,0.413,0.918,7.932,95.994,5.537,290.394,0,5.55,5.553,21
"5/25/2022 12:08:14 PM",11.637,29.398,49.294,77.976,71096.1,1032.754,32.705,0.086,0.086,0.189,7.919,96.082,5.542,477.901,0,5.555,5.558,21
"5/25/2022 12:08:14 PM",11.597,29.4,49.293,77.976,71094.6,1032.753,32.704,0.055,0.055,0.102,7.915,96.06,5.541,535.164,0,5.554,5.557,21
"5/25/2022 12:08:14 PM",11.537,29.4,49.293,77.976,71094.1,1032.752,32.703,0.047,0.047,0.087,7.919,95.953,5.535,585.631,0,5.548,5.551,21
"5/25/2022 12:08:14 PM",11.45,29.401,49.293,77.978,71094.3,1032.752,32.703,0.055,0.055,0.058,7.927,96.083,5.543,547.484,0,5.555,5.559,21
"5/25/2022 12:08:14 PM",11.37,29.401,49.295,77.98,71096.4,1032.753,32.704,0.055,0.055,0.073,7.932,96.025,5.538,439.329,0,5.551,5.554,21
"5/25/2022 12:08:15 PM",11.244,29.401,49.295,77.981,71096.1,1032.752,32.704,0.047,0.047,0.029,7.939,96.046,5.539,399.738,0,5.552,5.555,21
"5/25/2022 12:08:15 PM",11.124,29.402,49.296,77.982,71097,1032.752,32.705,0.047,0.047,0.029,7.937,95.99,5.536,383.171,0,5.549,5.552,21
"5/25/2022 12:08:15 PM",10.999,29.401,49.294,77.978,71094.5,1032.75,32.703,0.07,0.07,0.029,7.941,96.009,5.537,395.49,0,5.55,5.553,21
"5/25/2022 12:08:15 PM",10.947,29.401,49.295,77.979,71096.3,1032.751,32.705,0.055,0.055,0,7.949,96.063,5.54,430.408,0,5.552,5.556,21
"5/25/2022 12:08:15 PM",10.862,29.4,49.299,77.984,71101.1,1032.754,32.708,0.039,0.039,0.015,7.947,96.174,5.546,459.21,0,5.559,5.562,21
"5/25/2022 12:08:16 PM",10.759,29.401,49.298,77.984,71100.4,1032.753,32.707,0.039,0.039,0.029,7.946,96.162,5.546,467.706,0,5.559,5.562,21
"5/25/2022 12:08:16 PM",10.611,29.4,49.299,77.983,71100.5,1032.753,32.707,0.039,0.039,0.044,7.938,95.928,5.533,482.489,0,5.545,5.549,21
"5/25/2022 12:08:16 PM",10.519,29.4,49.299,77.985,71101.6,1032.753,32.708,0.039,0.039,0.044,7.94,95.934,5.533,477.476,0,5.546,5.549,21
"5/25/2022 12:08:16 PM",10.41,29.4,49.302,77.988,71105.1,1032.755,32.71,0.047,0.047,0.029,7.934,95.954,5.535,457.596,0,5.547,5.551,21
"5/25/2022 12:08:17 PM",10.213,29.4,49.304,77.99,71106.6,1032.755,32.711,0.039,0.039,0.029,7.936,96.127,5.546,472.973,0,5.558,5.562,21
"5/25/2022 12:08:17 PM",10.09,29.401,49.302,77.989,71104.6,1032.753,32.71,0.031,0.031,0.058,7.936,96.109,5.544,489.456,0,5.557,5.56,21
"5/25/2022 12:08:17 PM",9.985,29.4,49.306,77.993,71110,1032.756,32.713,0.031,0.031,0.029,7.941,95.921,5.533,522.335,0,5.546,5.549,21
"5/25/2022 12:08:17 PM",9.836,29.402,49.306,77.995,71108.8,1032.754,32.712,0.031,0.031,0.015,7.947,95.916,5.532,487.502,0,5.545,5.548,21
"5/25/2022 12:08:17 PM",9.736,29.402,49.307,77.997,71110.3,1032.754,32.713,0.047,0.047,0.044,7.958,95.951,5.533,404.071,0,5.546,5.549,21
"5/25/2022 12:08:18 PM",9.603,29.402,49.308,77.998,71111.2,1032.755,32.714,0.039,0.039,0.015,7.956,96.23,5.549,384.19,0,5.562,5.565,21
"5/25/2022 12:08:18 PM",9.465,29.403,49.309,78.001,71113,1032.755,32.715,0.023,0.023,0.015,7.961,96.068,5.54,502.115,0,5.552,5.556,21
"5/25/2022 12:08:18 PM",9.345,29.401,49.31,78,71114.6,1032.756,32.716,0.039,0.039,0,7.955,96.047,5.539,536.269,0,5.552,5.555,21
"5/25/2022 12:08:18 PM",9.333,29.401,49.313,78.004,71117.7,1032.758,32.718,0.023,0.023,0.029,7.944,95.974,5.535,639.92,0,5.548,5.551,21
"5/25/2022 12:08:18 PM",9.328,29.401,49.317,78.008,71122.3,1032.76,32.721,0.031,0.031,0.029,7.948,96.021,5.538,711.372,0,5.55,5.554,21
"5/25/2022 12:08:19 PM",9.274,29.4,49.316,78.007,71121.7,1032.76,32.721,0.078,0.078,0.102,7.959,95.918,5.532,485.718,0,5.545,5.548,21
"5/25/2022 12:08:19 PM",9.147,29.402,49.315,78.008,71120.5,1032.758,32.719,0.055,0.055,0.058,7.96,96.013,5.538,466.517,0,5.551,5.554,21
"5/25/2022 12:08:19 PM",8.975,29.402,49.32,78.015,71126.5,1032.761,32.723,0.039,0.039,0.015,7.966,95.915,5.532,551.222,0,5.545,5.548,21
"5/25/2022 12:08:19 PM",8.827,29.402,49.324,78.019,71131.5,1032.764,32.726,0.039,0.039,0.029,7.961,96.018,5.539,566.515,0,5.552,5.555,21
"5/25/2022 12:08:19 PM",8.637,29.402,49.321,78.015,71127.3,1032.761,32.724,0.039,0.039,0.015,7.957,96.131,5.545,435.336,0,5.558,5.561,21
"5/25/2022 12:08:20 PM",8.523,29.402,49.323,78.017,71129.5,1032.761,32.725,0.039,0.039,0.015,7.95,96.108,5.544,477.561,0,5.557,5.56,21
"5/25/2022 12:08:20 PM",8.42,29.402,49.323,78.017,71129.5,1032.761,32.725,0.016,0.016,0,7.948,95.938,5.534,577.135,0,5.546,5.55,21
"5/25/2022 12:08:20 PM",8.309,29.401,49.324,78.018,71130.7,1032.761,32.726,0.031,0.031,0.015,7.953,95.996,5.536,643.574,0,5.549,5.552,21
"5/25/2022 12:08:20 PM",8.166,29.402,49.323,78.019,71130.1,1032.76,32.726,0.039,0.039,0.044,7.959,95.922,5.532,569.318,0,5.545,5.548,21
"5/25/2022 12:08:21 PM",8.103,29.402,49.322,78.017,71128.5,1032.759,32.725,0.047,0.047,0.073,7.959,95.96,5.534,506.618,0,5.547,5.55,21
"5/25/2022 12:08:21 PM",8.067,29.402,49.33,78.028,71138.4,1032.765,32.731,0.031,0.031,0.029,7.962,95.996,5.536,481.385,0,5.549,5.552,21
"5/25/2022 12:08:21 PM",8.002,29.402,49.331,78.029,71140.2,1032.766,32.732,0.023,0.023,0.015,7.961,95.958,5.534,452.413,0,5.547,5.55,21
"5/25/2022 12:08:21 PM",7.877,29.402,49.33,78.027,71138.2,1032.764,32.731,0.023,0.023,0.015,7.966,96.015,5.538,437.375,0,5.551,5.554,21
"5/25/2022 12:08:21 PM",7.646,29.402,49.332,78.03,71140.8,1032.765,32.732,0.039,0.039,0.015,7.96,95.965,5.536,448.25,0,5.548,5.552,21
"5/25/2022 12:08:22 PM",7.495,29.403,49.334,78.033,71142.8,1032.765,32.733,0.023,0.023,0,7.961,96.126,5.544,489.881,0,5.557,5.56,21
"5/25/2022 12:08:22 PM",7.366,29.403,49.334,78.034,71142.5,1032.764,32.733,0.023,0.023,0,7.96,96.083,5.542,539.497,0,5.555,5.558,21
"5/25/2022 12:08:22 PM",7.272,29.403,49.333,78.032,71141.1,1032.763,32.732,0.031,0.031,0,7.952,96.131,5.545,576.455,0,5.558,5.561,21
"5/25/2022 12:08:22 PM",7.173,29.404,49.333,78.035,71141.8,1032.763,32.732,0.039,0.039,0.058,7.952,96.098,5.543,578.324,0,5.556,5.559,21
"5/25/2022 12:08:22 PM",7.124,29.405,49.332,78.034,71139.9,1032.761,32.731,0.039,0.039,0.058,7.956,95.925,5.532,536.184,0,5.545,5.548,21
"5/25/2022 12:08:23 PM",7.075,29.405,49.333,78.036,71141.7,1032.762,32.732,0.047,0.047,0.058,7.959,95.863,5.529,494.468,0,5.542,5.545,21
"5/25/2022 12:08:23 PM",6.999,29.405,49.333,78.036,71141.5,1032.762,32.732,0.031,0.031,0.029,7.956,96.061,5.541,466.771,0,5.554,5.557,21
"5/25/2022 12:08:23 PM",6.79,29.406,49.335,78.04,71144.1,1032.762,32.733,0.039,0.039,0,7.96,96.042,5.54,442.728,0,5.553,5.556,21
"5/25/2022 12:08:23 PM",6.63,29.406,49.334,78.039,71142.2,1032.76,32.732,0.031,0.031,0.015,7.956,95.999,5.538,489.286,0,5.551,5.554,21
"5/25/2022 12:08:23 PM",6.467,29.409,49.334,78.043,71141.9,1032.759,32.731,0.016,0.016,0.015,7.955,96.196,5.549,506.363,0,5.562,5.566,21
"5/25/2022 12:08:24 PM",6.232,29.414,49.335,78.051,71141.9,1032.756,32.73,0.031,0.031,0,7.963,96.115,5.544,553.431,0,5.557,5.56,21
"5/25/2022 12:08:24 PM",6.11,29.415,49.333,78.05,71139.5,1032.754,32.728,0.023,0.023,0.029,7.958,96.203,5.549,638.136,0,5.562,5.565,21
"5/25/2022 12:08:24 PM",6.035,29.417,49.335,78.055,71141.6,1032.755,32.729,0.031,0.031,0.015,7.96,96.025,5.539,668.382,0,5.552,5.555,21
"5/25/2022 12:08:24 PM",6.004,29.42,49.334,78.058,71140.7,1032.753,32.728,0.047,0.047,0.058,7.964,96.115,5.544,621.314,0,5.557,5.56,21
"5/25/2022 12:08:24 PM",5.999,29.428,49.327,78.06,71130.5,1032.745,32.719,0.047,0.047,0.044,7.972,96.149,5.546,508.657,0,5.559,5.562,21
"5/25/2022 12:08:25 PM",5.994,29.427,49.331,78.064,71135.1,1032.748,32.722,0.039,0.039,0.058,7.968,96.042,5.54,477.137,0,5.553,5.556,21
"5/25/2022 12:08:25 PM",5.982,29.429,49.336,78.073,71142,1032.751,32.726,0.023,0.023,0,7.966,96.012,5.539,572.377,0,5.552,5.555,21
"5/25/2022 12:08:25 PM",5.955,29.429,49.339,78.077,71145.1,1032.753,32.728,0.031,0.031,0.044,7.968,95.944,5.535,631.594,0,5.548,5.551,21
"5/25/2022 12:08:25 PM",5.921,29.431,49.337,78.077,71142.3,1032.751,32.726,0.023,0.023,0.044,7.968,96.053,5.541,630.83,0,5.553,5.557,21
"5/25/2022 12:08:25 PM",5.778,29.436,49.331,78.076,71134.4,1032.744,32.719,0.023,0.023,0.044,7.972,96.072,5.542,639.665,0,5.555,5.558,21
"5/25/2022 12:08:26 PM",5.644,29.438,49.332,78.081,71135.4,1032.743,32.719,0.023,0.023,0.015,7.975,96.175,5.548,641.45,0,5.561,5.564,21
"5/25/2022 12:08:26 PM",5.423,29.44,49.332,78.083,71134.6,1032.741,32.718,0.039,0.039,0.029,7.975,95.979,5.536,610.524,0,5.549,5.552,21
"5/25/2022 12:08:26 PM",5.288,29.441,49.333,78.086,71136.1,1032.742,32.719,0.031,0.031,0.044,7.974,95.93,5.533,571.612,0,5.546,5.549,21
"5/25/2022 12:08:26 PM",5.171,29.441,49.332,78.084,71134.3,1032.74,32.718,0.031,0.031,0.029,7.973,96.115,5.544,546.889,0,5.556,5.56,21
"5/25/2022 12:08:27 PM",5.105,29.441,49.332,78.084,71134.3,1032.74,32.718,0.016,0.016,0.029,7.975,96.086,5.542,594.976,0,5.555,5.558,21
"5/25/2022 12:08:27 PM",5.086,29.44,49.331,78.083,71134.2,1032.74,32.718,0.016,0.016,0,7.975,96.233,5.551,695.994,0,5.563,5.567,21
"5/25/2022 12:08:27 PM",5.105,29.439,49.335,78.086,71138.2,1032.743,32.721,0.023,0.023,0,7.973,96.197,5.548,845.949,0,5.561,5.564,21
"5/25/2022 12:08:27 PM",5.107,29.439,49.334,78.085,71137.9,1032.742,32.721,0.055,0.055,0.044,7.969,96.166,5.547,879.168,0,5.56,5.563,21
"5/25/2022 12:08:27 PM",5.063,29.441,49.332,78.085,71134.2,1032.739,32.718,0.062,0.062,0.073,7.968,95.939,5.534,783.503,0,5.547,5.55,21
"5/25/2022 12:08:28 PM",4.915,29.442,49.331,78.084,71133.2,1032.738,32.717,0.023,0.023,0.073,7.975,95.973,5.536,759.629,0,5.549,5.552,21
"5/25/2022 12:08:28 PM",4.797,29.441,49.334,78.086,71136.5,1032.74,32.72,0.031,0.031,0.044,7.983,96.223,5.551,703.64,0,5.563,5.567,21
"5/25/2022 12:08:28 PM",4.618,29.439,49.337,78.089,71141.1,1032.743,32.723,0.023,0.023,0.015,7.981,96.048,5.541,639.241,0,5.554,5.557,21
"5/25/2022 12:08:28 PM",4.434,29.438,49.334,78.083,71137.3,1032.74,32.721,0.016,0.016,0,7.981,96.001,5.537,708.483,0,5.55,5.553,21
"5/25/2022 12:08:28 PM",4.225,29.436,49.337,78.084,71140.6,1032.741,32.723,0.023,0.023,0,7.976,96.054,5.542,822.16,0,5.554,5.558,21
"5/25/2022 12:08:29 PM",3.952,29.437,49.337,78.085,71140.5,1032.74,32.723,0.023,0.023,0,7.979,96.185,5.549,733.377,0,5.562,5.565,21
"5/25/2022 12:08:29 PM",3.799,29.438,49.338,78.088,71142.2,1032.74,32.724,0.008,0.008,0,7.982,96.078,5.543,855.294,0,5.556,5.559,21
"5/25/2022 12:08:29 PM",3.694,29.44,49.339,78.091,71142.8,1032.74,32.724,0.016,0.016,0,7.983,96.125,5.545,916.551,0,5.558,5.561,21
"5/25/2022 12:08:29 PM",3.562,29.444,49.339,78.098,71142.3,1032.738,32.722,0.023,0.023,0,7.983,96.026,5.539,939.235,0,5.552,5.555,21
"5/25/2022 12:08:29 PM",3.468,29.446,49.338,78.098,71140.3,1032.736,32.721,0.086,0.086,0.102,7.985,96.207,5.551,828.532,0,5.564,5.567,21
"5/25/2022 12:08:30 PM",3.376,29.446,49.339,78.101,71142,1032.736,32.722,0.062,0.062,0.116,7.983,95.978,5.538,706.359,0,5.551,5.554,21
"5/25/2022 12:08:30 PM",3.247,29.447,49.339,78.102,71142,1032.735,32.722,0.008,0.008,0,7.985,96.029,5.54,843.4,0,5.553,5.556,21
"5/25/2022 12:08:30 PM",3.183,29.447,49.34,78.103,71143,1032.736,32.722,0.016,0.016,0,7.987,96.036,5.54,925.387,0,5.553,5.556,21
"5/25/2022 12:08:30 PM",3.087,29.448,49.341,78.106,71144.1,1032.736,32.723,0.031,0.031,0.073,7.985,96.166,5.548,996.158,0,5.561,5.564,21
"5/25/2022 12:08:30 PM",2.966,29.448,49.341,78.106,71144.1,1032.735,32.723,0.062,0.062,0.058,7.987,96.046,5.541,939.575,0,5.554,5.557,21
"5/25/2022 12:08:31 PM",2.733,29.448,49.346,78.112,71150.5,1032.738,32.727,0.039,0.039,0.058,7.994,96.071,5.543,1085.622,0,5.556,5.559,21
"5/25/2022 12:08:31 PM",2.613,29.447,49.345,78.111,71149.4,1032.737,32.726,0.031,0.031,0.073,7.99,95.992,5.538,901.683,0,5.55,5.554,21
"5/25/2022 12:08:31 PM",2.548,29.448,49.344,78.11,71147.9,1032.736,32.725,0,0,0,7.993,96.077,5.543,834.904,0,5.556,5.559,21
"5/25/2022 12:08:31 PM",2.534,29.448,49.344,78.11,71148.2,1032.736,32.725,0,0,0,7.991,96.288,5.556,1096.836,0,5.569,5.572,21
"5/25/2022 12:08:32 PM",2.531,29.453,49.342,78.114,71144.1,1032.732,32.721,0.094,0.094,0.146,7.986,96.124,5.546,986.048,0,5.559,5.562,21
"5/25/2022 12:08:32 PM",2.477,29.456,49.337,78.112,71138.1,1032.728,32.717,0.062,0.062,0.044,7.994,96.049,5.542,769.909,0,5.555,5.558,21
"5/25/2022 12:08:32 PM",2.397,29.456,49.338,78.114,71138.9,1032.728,32.717,0.016,0.016,0,8.002,96.246,5.554,862.686,0,5.567,5.57,21
"5/25/2022 12:08:32 PM",2.253,29.457,49.337,78.113,71137.9,1032.726,32.717,0.008,0.008,0,7.997,96.125,5.547,872.202,0,5.56,5.563,21
"5/25/2022 12:08:32 PM",2.126,29.457,49.337,78.112,71137.3,1032.725,32.716,0,0,0,7.998,96.214,5.552,924.027,0,5.564,5.568,21
"5/25/2022 12:08:33 PM",1.953,29.457,49.339,78.116,71140,1032.726,32.718,0.031,0.031,0.073,7.998,96.075,5.543,1088.425,0,5.556,5.559,21
"5/25/2022 12:08:33 PM",1.736,29.457,49.338,78.114,71137.9,1032.724,32.717,0.062,0.062,0.102,7.993,96.21,5.552,1454.774,0,5.565,5.568,21
"5/25/2022 12:08:33 PM",1.409,29.459,49.334,78.111,71133.3,1032.72,32.714,0.047,0.047,0.044,8.006,96.222,5.553,1170.752,0,5.566,5.569,21
"5/25/2022 12:08:33 PM",1.237,29.46,49.334,78.112,71132.7,1032.718,32.713,0,0,0,7.997,96.224,5.553,1024.96,0,5.565,5.569,21
"5/25/2022 12:08:33 PM",1.117,29.461,49.331,78.109,71128.5,1032.715,32.71,0,0,0,7.994,96.001,5.54,784.523,0,5.553,5.556,21
"5/25/2022 12:08:34 PM",1.037,29.46,49.33,78.107,71128.2,1032.715,32.71,0.062,0.062,0.029,7.988,96.2,5.551,930.994,0,5.564,5.567,21
"5/25/2022 12:08:34 PM",0.964,29.46,49.329,78.105,71126.5,1032.713,32.709,0,0,0,7.992,96.137,5.548,860.477,0,5.561,5.564,21
"5/25/2022 12:08:34 PM",0.927,29.461,49.329,78.107,71126.8,1032.713,32.709,0.047,0.047,0.015,7.995,96.179,5.55,1656.129,0,5.563,5.566,21
"5/25/2022 12:08:34 PM",0.889,29.461,49.33,78.107,71127.4,1032.713,32.71,0.016,0.016,0.015,7.995,96.189,5.551,1291.99,0,5.564,5.567,21
"5/25/2022 12:08:34 PM",0.839,29.461,49.33,78.108,71128,1032.714,32.71,0,0,0,7.995,96.134,5.547,1068.375,0,5.56,5.563,21
"5/25/2022 12:08:35 PM",0.786,29.46,49.33,78.107,71127.4,1032.713,32.71,0.156,0.156,0.073,7.992,96.121,5.547,1430.05,0,5.56,5.563,21
"5/25/2022 12:08:35 PM",0.745,29.458,49.33,78.103,71127.6,1032.714,32.711,0.172,0.172,0.32,7.995,95.961,5.537,1014.765,0,5.55,5.553,21
"5/25/2022 12:08:35 PM",0.651,29.457,49.327,78.099,71124.6,1032.712,32.709,0.055,0.055,0.087,7.995,96.205,5.552,1215.866,0,5.565,5.568,21
"5/25/2022 12:08:35 PM",0.418,29.455,49.329,78.098,71126.7,1032.713,32.711,0,0,0,7.993,96.17,5.55,1191.482,0,5.563,5.566,21
"5/25/2022 12:08:36 PM",0.277,29.455,49.326,78.094,71123.4,1032.71,32.709,0.031,0.031,0,7.988,96.151,5.549,1540.583,0,5.562,5.565,21
"5/25/2022 12:08:36 PM",0.209,29.455,49.322,78.089,71118.4,1032.707,32.706,0.055,0.055,0.058,7.99,96.288,5.557,1384.682,0,5.57,5.573,21
"5/25/2022 12:08:36 PM",0.199,29.453,49.318,78.081,71113.7,1032.705,32.704,0,0,0,7.997,96.072,5.545,1340.077,0,5.558,5.561,21
"5/25/2022 12:08:36 PM",0.202,29.453,49.32,78.082,71115.5,1032.706,32.705,0.016,0.016,0.015,7.997,96.332,5.56,1226.825,0,5.573,5.576,21
"5/25/2022 12:08:36 PM",0.197,29.453,49.317,78.079,71111.9,1032.703,32.703,0.039,0.039,0.058,7.995,96.125,5.548,1289.101,0,5.561,5.564,21
"5/25/2022 12:08:37 PM",0.169,29.453,49.316,78.077,71110.4,1032.702,32.702,0.031,0.031,0.087,7.999,96.286,5.558,1118.331,0,5.57,5.574,21
"5/25/2022 12:08:37 PM",0.07,29.454,49.309,78.07,71101.9,1032.697,32.696,0.047,0.047,0.058,7.999,96.099,5.547,1424.188,0,5.56,5.563,21
"5/25/2022 12:08:37 PM",0,29.454,49.309,78.069,71101.8,1032.696,32.696,0.07,0.07,0.044,7.994,96.097,5.547,1676.35,0,5.56,5.563,21
"5/25/2022 12:08:37 PM",0,29.453,49.309,78.067,71102.1,1032.696,32.697,0,0,0,8.004,96.002,5.542,1624.524,0,5.554,5.558,21
"5/25/2022 12:08:37 PM",0,29.453,49.304,78.061,71095.5,1032.692,32.693,0,0,0,8.005,96.293,5.559,1730.894,0,5.572,5.575,21
"5/25/2022 12:08:38 PM",0,29.453,49.299,78.053,71088.6,1032.687,32.689,0,0,0,7.996,96.122,5.549,1766.068,0,5.562,5.565,21
"5/25/2022 12:08:38 PM",0,29.46,8.139,15.357,13985,1001.876,1.878,93.726,93.726,0,7.995,96.29,6.973,2003.956,0,6.993,6.993,21
"5/25/2022 12:08:38 PM",0,29.498,1.641,3.441,3131.3,997.026,0,73.92,73.92,130.024,7.994,96.259,7.223,2050.26,0,7.244,7.244,21
"5/25/2022 12:08:38 PM",0,29.702,1.022,2.205,1998.1,996.502,0,174.479,174.479,0,7.991,96.239,7.244,1839.643,0,7.265,7.265,21
"5/25/2022 12:08:38 PM",0,29.784,0.87,1.893,1712.9,996.364,0,150.086,150.086,0,7.983,96.432,7.263,2042.868,0,7.284,7.284,21
"5/25/2022 12:08:39 PM",0,29.864,0.838,1.83,1653.2,996.316,0,345.737,345.737,0,7.98,96.394,7.259,2105.314,0,7.28,7.28,21
"5/25/2022 12:08:39 PM",0,29.932,0.878,1.916,1728.7,996.325,0,91.113,91.113,0,7.974,96.016,7.227,2129.188,0,7.248,7.248,21
"5/25/2022 12:08:39 PM",0,30.122,0.748,1.65,1483.2,996.171,0,118.727,118.727,0,7.973,96.626,7.275,2122.646,0,7.296,7.296,21
"5/25/2022 12:08:39 PM",0,30.207,0.682,1.513,1357.9,996.095,0,0,0,0,7.972,96.438,7.262,2111.176,0,7.283,7.283,21
"5/25/2022 12:08:39 PM",0,30.056,0.625,1.387,1248.1,996.098,0,0,0,0,7.968,96.188,7.243,2138.873,0,7.264,7.264,21
"5/25/2022 12:08:40 PM",0,29.997,0.593,1.317,1186.2,996.092,0,0,0,0,7.964,96.408,7.259,2128.678,0,7.28,7.28,21
"5/25/2022 12:08:40 PM",0,30.016,0.525,1.173,1056,996.036,0,20.071,20.071,0,7.966,96.367,7.256,2107.438,0,7.277,7.277,21
"5/25/2022 12:08:40 PM",0,29.855,0.486,1.084,979,996.055,0,184.246,184.246,0,7.964,96.424,7.26,2084.839,0,7.281,7.281,21
"5/25/2022 12:08:40 PM",0,29.594,0.463,1.029,934.6,996.116,0,167.537,167.537,0,7.966,95.946,7.223,2057.736,0,7.244,7.244,21
"5/25/2022 12:08:41 PM",0,29.168,0.448,0.991,907.4,996.232,0,216.042,216.042,0,7.965,95.48,7.187,2057.821,0,7.208,7.208,21
"5/25/2022 12:08:41 PM",0,28.833,0.441,0.968,893.1,996.325,0,96.643,96.643,196.949,7.968,95.025,7.152,2049.58,0,7.173,7.173,21
"5/25/2022 12:08:41 PM",0,28.686,0.448,0.979,906,996.372,0,18.839,18.839,0,7.957,94.993,7.149,2059.266,0,7.17,7.17,21
"5/25/2022 12:08:41 PM",0,28.659,0.44,0.963,891,996.374,0,11.693,11.693,0,7.95,95.357,7.177,2081.695,0,7.197,7.197,21
"5/25/2022 12:08:41 PM",0,29.449,0.411,0.914,832.7,996.12,0,65.136,65.136,0,7.947,95.574,7.194,2064.278,0,7.215,7.215,21
"5/25/2022 12:08:42 PM",0,29.923,0.381,0.858,774.4,995.956,0,0,0,0,7.949,95.809,7.214,2077.787,0,7.235,7.235,21
"5/25/2022 12:08:42 PM",0,30.415,0.36,0.82,732.5,995.791,0,0,0,0,7.947,95.902,7.222,2027.321,0,7.242,7.242,21
"5/25/2022 12:08:42 PM",0,30.837,0.333,0.766,678.6,995.641,0,7.106,7.106,0,7.944,95.914,7.224,1662.331,0,7.245,7.245,21
"5/25/2022 12:08:42 PM",0,30.767,0.323,0.741,658,995.655,0,0,0,23.83,7.944,95.423,7.186,1855.361,0,7.207,7.207,21
"5/25/2022 12:08:42 PM",0,30.651,0.324,0.743,660.7,995.691,0,8.698,8.698,0,7.945,95.172,7.167,1897.926,0,7.187,7.187,21
"5/25/2022 12:08:43 PM",0,30.411,0.314,0.717,640.9,995.757,0,22.88,22.88,0,7.943,94.735,7.133,1985.095,0,7.153,7.153,21
"5/25/2022 12:08:43 PM",0,30.195,0.305,0.695,623.6,995.817,0,0,0,17.346,7.939,94.628,7.124,1984.076,0,7.144,7.144,21
"5/25/2022 12:08:43 PM",0,30.023,0.301,0.682,614.2,995.865,0,15.282,15.282,0,7.936,94.635,7.123,2001.832,0,7.144,7.144,21
"5/25/2022 12:08:43 PM",0,29.865,0.294,0.665,601.1,995.908,0,0,0,0,7.934,94.613,7.122,1999.793,0,7.142,7.142,21
"5/25/2022 12:08:43 PM",0,29.56,0.287,0.647,588.3,995.995,0,35.61,35.61,0,7.936,94.489,7.112,2025.027,0,7.133,7.133,21
"5/25/2022 12:08:44 PM",0,29.397,0.284,0.638,581.6,996.041,0,0,0,0,7.932,94.653,7.124,2039.555,0,7.145,7.145,21
"5/25/2022 12:08:44 PM",0,29.255,0.28,0.626,572.6,996.079,0,73.639,73.639,0,7.931,94.485,7.112,2081.185,0,7.132,7.132,21
"5/25/2022 12:08:44 PM",0,29.087,0.276,0.616,564.8,996.126,0,16.889,16.889,0,7.928,94.471,7.111,1871.504,0,7.132,7.132,21
"5/25/2022 12:08:44 PM",0,29.347,0.279,0.627,572.1,996.052,0,0,0,0,7.927,95.434,7.184,2044.567,0,7.205,7.205,21
"5/25/2022 12:08:45 PM",0,29.614,0.283,0.638,579.5,995.975,0,25.017,25.017,0,7.926,95.193,7.166,2022.563,0,7.187,7.187,21
"5/25/2022 12:08:45 PM",0,29.656,0.289,0.653,592.2,995.968,0,15.383,15.383,13.586,7.923,95.345,7.179,2004.041,0,7.2,7.2,21
"5/25/2022 12:08:45 PM",0,30.364,0.274,0.627,560.9,995.742,0,4.509,4.509,10.983,7.923,95.355,7.181,2063.344,0,7.202,7.202,21
"5/25/2022 12:08:45 PM",0,30.16,0.374,0.846,759.5,995.878,0,12.458,12.458,0,7.925,94.886,7.142,1856.126,0,7.163,7.163,21
"5/25/2022 12:08:45 PM",0,29.859,0.362,0.815,735.9,995.961,0,0,0,0,7.924,94.529,7.116,1431.495,0,7.136,7.136,21
"5/25/2022 12:08:46 PM",0,29.724,0.373,0.838,759.2,996.01,0,0,0,0,7.923,94.98,7.149,570.253,0,7.17,7.17,21
"5/25/2022 12:08:46 PM",0,29.738,0.388,0.871,788.9,996.017,0,0,0,0,7.92,33.338,2.509,242.816,0,2.516,2.516,21
"5/25/2022 12:08:46 PM",0,29.746,0.42,0.939,850.3,996.038,0,0,0,0,7.902,76.742,5.774,268.984,0,5.791,5.791,21
"5/25/2022 12:08:46 PM",0,29.669,0.409,0.914,829.2,996.053,0,0,0,0,7.891,92.513,6.96,840.426,0,6.981,6.981,21
"5/25/2022 12:08:46 PM",0,29.37,0.4,0.891,812.6,996.136,0,0,0,0,7.882,95.393,7.176,1403.033,0,7.197,7.197,21
"5/25/2022 12:08:47 PM",0,29.113,0.373,0.828,759,996.192,0,0,0,0,7.886,95.731,7.202,1604.304,0,7.223,7.223,21
"5/25/2022 12:08:47 PM",0,29.015,0.357,0.793,728.4,996.209,0,0,0,0,7.886,95.878,7.214,1732.933,0,7.235,7.235,21
"5/25/2022 12:08:47 PM",0,28.985,0.346,0.767,705,996.208,0,0,0,1.763,7.871,95.937,7.219,1838.029,0,7.24,7.24,21
"5/25/2022 12:08:47 PM",0,28.969,0.33,0.732,672.8,996.201,0,0,0,0,7.885,96.451,7.258,1892.489,0,7.278,7.279,21
"5/25/2022 12:08:47 PM",0,30.495,1.528,3.277,2923.8,996.638,0,0,0,0,7.971,97.47,7.267,1876.601,0,7.288,7.288,21
"5/25/2022 12:08:48 PM",0,31.378,1.473,3.219,2823.3,996.323,0,0,0,0.233,8.11,97.642,7.255,1846.44,0,7.276,7.276,21
"5/25/2022 12:08:48 PM",0,31.593,1.491,3.27,2855.7,996.268,0,0.39,0.39,5.779,8.203,97.896,7.249,1006.694,0,7.27,7.27,21
"5/25/2022 12:08:48 PM",0,31.67,1.413,3.111,2712.6,996.185,0,2.098,2.098,10.308,8.261,97.547,7.201,349.186,0,7.222,7.222,21
"5/25/2022 12:08:48 PM",0,31.656,1.423,3.131,2730.9,996.197,0,0.889,0.889,8.327,8.282,97.252,7.167,335.253,0,7.188,7.188,21
"5/25/2022 12:08:48 PM",0,31.65,1.379,3.038,2650.5,996.166,0,1.162,1.162,7.917,8.295,97.043,7.146,380.367,0,7.166,7.166,21
"5/25/2022 12:08:49 PM",0,31.657,1.328,2.933,2558,996.126,0,1.685,1.685,9.075,8.31,96.864,7.126,1631.576,0,7.147,7.147,21
"5/25/2022 12:08:49 PM",0,31.655,1.318,2.912,2539.8,996.119,0,2.075,2.075,9.926,8.32,96.702,7.111,1724.013,0,7.131,7.131,21
"5/25/2022 12:08:49 PM",0,31.661,1.302,2.88,2511.7,996.106,0,1.794,1.794,9.501,8.324,96.597,7.101,1085.622,0,7.121,7.121,21
"5/25/2022 12:08:49 PM",0,31.663,1.288,2.85,2485.6,996.095,0,1.849,1.849,10,8.333,96.335,7.08,493.364,0,7.1,7.1,21
"5/25/2022 12:08:50 PM",0,31.66,1.253,2.776,2421.1,996.069,0,1.63,1.63,10.278,8.338,96.246,7.072,390.052,0,7.093,7.093,21
"5/25/2022 12:08:50 PM",0,31.653,1.288,2.85,2485.9,996.098,0,1.482,1.482,9.574,8.342,96.259,7.071,1391.308,0,7.091,7.091,21
"5/25/2022 12:08:50 PM",0,31.653,1.245,2.758,2405.7,996.065,0,1.747,1.747,10.264,8.349,96.164,7.064,1797.248,0,7.084,7.084,21
"5/25/2022 12:08:50 PM",0,31.655,1.274,2.82,2459.6,996.086,0,1.771,1.771,10.132,8.352,96.129,7.06,1832.762,0,7.08,7.08,21
"5/25/2022 12:08:50 PM",0,31.668,1.231,2.731,2381.3,996.051,0,1.576,1.576,10.088,8.349,96.15,7.062,1851.198,0,7.083,7.083,21
"5/25/2022 12:08:51 PM",0,31.669,1.243,2.754,2402,996.059,0,1.802,1.802,9.867,8.346,96.117,7.059,1885.012,0,7.079,7.079,21
"5/25/2022 12:08:51 PM",0,31.673,1.24,2.748,2396.5,996.055,0,1.708,1.708,10.264,8.361,96.039,7.052,1974.39,0,7.072,7.072,21
"5/25/2022 12:08:51 PM",0,31.679,1.227,2.722,2372.9,996.044,0,1.677,1.677,10.117,8.36,96.121,7.058,2008.374,0,7.078,7.078,21
"5/25/2022 12:08:51 PM",0,31.683,1.241,2.752,2399.5,996.053,0,1.896,1.896,9.574,8.353,96.118,7.056,2019.589,0,7.077,7.077,21
"5/25/2022 12:08:51 PM",0,31.683,1.229,2.726,2376.8,996.044,0,1.989,1.989,9.119,8.349,96.009,7.048,2023.073,0,7.069,7.069,21
"5/25/2022 12:08:52 PM",0,31.678,1.246,2.762,2408.3,996.059,0,1.747,1.747,10.117,8.349,96.012,7.048,2020.184,0,7.068,7.068,21
"5/25/2022 12:08:52 PM",0,31.676,1.232,2.733,2382.6,996.049,0,1.802,1.802,9.647,8.346,96.002,7.047,2022.308,0,7.067,7.067,21
"5/25/2022 12:08:52 PM",0,31.677,1.256,2.783,2426.6,996.066,0,1.903,1.903,9.413,8.346,95.84,7.034,2022.563,0,7.054,7.054,21
"5/25/2022 12:08:52 PM",0,31.668,1.245,2.76,2406.7,996.061,0,1.755,1.755,10.411,8.354,95.943,7.042,2020.269,0,7.062,7.062,21
"5/25/2022 12:08:52 PM",0,31.665,1.271,2.814,2454.3,996.081,0,2.028,2.028,10.249,8.35,96.161,7.057,2012.537,0,7.077,7.077,21
"5/25/2022 12:08:53 PM",0,31.655,1.264,2.8,2442,996.079,0,1.974,1.974,9.09,8.352,95.95,7.041,2016.785,0,7.062,7.061,21
"5/25/2022 12:08:53 PM",0,31.648,1.275,2.822,2461.8,996.09,0,1.833,1.833,9.192,8.352,95.977,7.043,2023.837,0,7.063,7.063,21
"5/25/2022 12:08:53 PM",0,31.635,1.275,2.82,2460.7,996.093,0,1.747,1.747,9.383,8.351,96.104,7.053,2031.059,0,7.073,7.073,21
"5/25/2022 12:08:53 PM",0,31.63,1.261,2.791,2435.7,996.085,0,2.153,2.153,9.97,8.352,96.008,7.046,2033.693,0,7.067,7.066,21
"5/25/2022 12:08:54 PM",0,31.626,1.24,2.747,2397.6,996.071,0,1.958,1.958,10.249,8.355,96.017,7.049,2034.542,0,7.069,7.069,21
"5/25/2022 12:08:54 PM",0,31.621,1.236,2.739,2390.5,996.069,0,1.693,1.693,9.486,8.354,95.962,7.045,2037.006,0,7.065,7.065,21
"5/25/2022 12:08:54 PM",0,31.616,1.214,2.691,2349.4,996.054,0,1.669,1.669,9.471,8.347,96.071,7.054,2040.319,0,7.075,7.075,21
"5/25/2022 12:08:54 PM",0,31.617,1.223,2.711,2366.3,996.061,0,1.981,1.981,9.677,8.347,96.095,7.056,2042.358,0,7.076,7.076,21
"5/25/2022 12:08:54 PM",0,31.618,1.205,2.673,2333.6,996.047,0,2.223,2.223,9.662,8.353,96.056,7.054,2038.62,0,7.074,7.074,21
"5/25/2022 12:08:55 PM",0,31.617,1.211,2.684,2343.4,996.051,0,2.2,2.2,9.706,8.352,96.165,7.062,2034.967,0,7.082,7.082,21
"5/25/2022 12:08:55 PM",0,31.616,1.191,2.642,2306.6,996.037,0,1.989,1.989,9.031,8.351,96.063,7.055,2031.484,0,7.076,7.076,21
"5/25/2022 12:08:55 PM",0,31.613,1.201,2.663,2325,996.045,0,1.654,1.654,9.677,8.345,96.074,7.056,2029.275,0,7.076,7.076,21
"5/25/2022 12:08:55 PM",0,31.61,1.184,2.627,2293.8,996.034,0,1.849,1.849,11.057,8.341,96.039,7.054,2028.255,0,7.074,7.074,21
"5/25/2022 12:08:55 PM",0,31.603,1.19,2.641,2306,996.041,0,1.708,1.708,10.323,8.337,96.025,7.054,2026.896,0,7.074,7.074,21
"5/25/2022 12:08:56 PM",0,31.602,1.192,2.645,2309.3,996.042,0,1.95,1.95,10.734,8.336,96.042,7.055,2026.131,0,7.075,7.075,21
"5/25/2022 12:08:56 PM",0,31.603,1.191,2.642,2307.1,996.041,0,1.896,1.896,9.765,8.34,96.087,7.059,2030.294,0,7.079,7.079,21
"5/25/2022 12:08:56 PM",0,31.609,1.192,2.645,2309.6,996.04,0,2.052,2.052,9.559,8.339,96.062,7.057,2033.353,0,7.077,7.077,21
"5/25/2022 12:08:56 PM",0,31.612,1.187,2.635,2300.7,996.036,0,2.098,2.098,10.132,8.333,96.066,7.058,2040.15,0,7.078,7.078,21
"5/25/2022 12:08:56 PM",0,31.613,1.195,2.652,2315.3,996.041,0,2.231,2.231,9.838,8.334,96.04,7.055,2044.822,0,7.076,7.076,21
"5/25/2022 12:08:57 PM",0,31.614,1.187,2.634,2299.5,996.035,0,1.669,1.669,10.132,8.33,96.025,7.055,2049.07,0,7.075,7.075,21
"5/25/2022 12:08:57 PM",0,31.612,1.19,2.64,2304.7,996.037,0,1.669,1.669,9.897,8.336,96.128,7.062,2054.253,0,7.082,7.082,21
"5/25/2022 12:08:57 PM",0,31.609,1.187,2.634,2300,996.036,0,1.63,1.63,9.471,8.332,96.104,7.061,2057.566,0,7.081,7.081,21
"5/25/2022 12:08:57 PM",0,31.606,1.187,2.634,2299.8,996.037,0,2.052,2.052,9.574,8.33,96.019,7.055,2059.605,0,7.075,7.075,21
"5/25/2022 12:08:58 PM",0,31.6,1.179,2.617,2285.6,996.033,0,1.974,1.974,10.132,8.321,95.994,7.053,2060.115,0,7.073,7.073,21
"5/25/2022 12:08:58 PM",0,31.594,1.175,2.609,2278.2,996.032,0,1.49,1.49,10.205,8.319,96.035,7.057,2058.841,0,7.077,7.077,21
"5/25/2022 12:08:58 PM",0,31.579,1.168,2.593,2265.3,996.032,0,1.537,1.537,10.117,8.321,95.945,7.05,2058.076,0,7.07,7.07,21
"5/25/2022 12:08:58 PM",0,31.57,1.157,2.569,2244.5,996.026,0,1.74,1.74,9.251,8.317,96.037,7.058,2057.651,0,7.078,7.078,21
"5/25/2022 12:08:58 PM",0,31.565,1.142,2.538,2217.5,996.017,0,1.732,1.732,10,8.314,96.047,7.059,2056.802,0,7.079,7.079,21
"5/25/2022 12:08:59 PM",0,31.561,1.135,2.522,2204.2,996.013,0,1.786,1.786,10.22,8.313,96.028,7.059,2055.612,0,7.079,7.079,21
"5/25/2022 12:08:59 PM",0,31.556,1.117,2.483,2170.4,996.001,0,1.888,1.888,9.941,8.312,96.097,7.064,2051.534,0,7.085,7.085,21
"5/25/2022 12:08:59 PM",0,31.555,1.104,2.456,2146.1,995.991,0,2.044,2.044,9.236,8.312,96.024,7.06,2048.9,0,7.08,7.08,21
"5/25/2022 12:08:59 PM",0,31.556,1.1,2.447,2139,995.988,0,1.732,1.732,9.104,8.31,96.018,7.059,2045.587,0,7.08,7.079,21
"5/25/2022 12:08:59 PM",0,31.556,1.088,2.423,2117.2,995.979,0,1.771,1.771,9.765,8.313,96.055,7.062,2042.528,0,7.083,7.083,21
"5/25/2022 12:09:00 PM",0,31.554,1.087,2.422,2116.4,995.98,0,1.818,1.818,9.867,8.314,96.024,7.061,2039.81,0,7.081,7.081,21
"5/25/2022 12:09:00 PM",0,31.554,1.071,2.386,2085.2,995.967,0,1.779,1.779,10.176,8.308,96.016,7.061,2037.686,0,7.081,7.081,21
"5/25/2022 12:09:00 PM",0,31.558,1.075,2.396,2094,995.969,0,1.755,1.755,9.413,8.304,96.062,7.064,2036.921,0,7.085,7.084,21
"5/25/2022 12:09:00 PM",0,31.56,1.066,2.376,2076.5,995.962,0,1.872,1.872,9.677,8.308,96.093,7.066,2035.986,0,7.087,7.087,21
"5/25/2022 12:09:00 PM",0,31.561,1.069,2.383,2082.6,995.964,0,1.35,1.35,9.413,8.302,96.153,7.071,2037.941,0,7.091,7.091,21
"5/25/2022 12:09:01 PM",0,31.564,1.066,2.377,2076.8,995.961,0,1.849,1.849,9.589,8.302,96.062,7.064,2040.744,0,7.084,7.084,21
"5/25/2022 12:09:01 PM",0,31.565,1.069,2.384,2082.9,995.963,0,2.013,2.013,9.486,8.298,96.228,7.076,2042.953,0,7.096,7.096,21
"5/25/2022 12:09:01 PM",0,31.565,1.065,2.375,2074.9,995.959,0,1.599,1.599,10.058,8.299,96.092,7.066,2045.247,0,7.086,7.086,21
"5/25/2022 12:09:01 PM",0,31.57,1.066,2.376,2075.8,995.958,0,1.701,1.701,10.367,8.285,96.125,7.068,2050.175,0,7.088,7.088,21
"5/25/2022 12:09:01 PM",0,31.572,1.068,2.381,2079.8,995.959,0,1.701,1.701,10.029,8.288,96.095,7.065,2052.299,0,7.086,7.085,21
"5/25/2022 12:09:02 PM",0,31.58,1.062,2.369,2069.6,995.953,0,2.028,2.028,9.677,8.283,96.14,7.069,2053.913,0,7.089,7.089,21
"5/25/2022 12:09:02 PM",0,31.592,1.06,2.365,2065.8,995.947,0,1.896,1.896,9.501,8.28,96.107,7.066,2056.462,0,7.086,7.086,21
"5/25/2022 12:09:02 PM",0,31.608,1.052,2.35,2051.4,995.936,0,1.591,1.591,9.295,8.28,96.081,7.064,2057.142,0,7.085,7.085,21
"5/25/2022 12:09:02 PM",0,31.628,1.052,2.349,2050,995.93,0,1.857,1.857,10.631,8.281,96.196,7.073,2057.142,0,7.093,7.093,21
"5/25/2022 12:09:02 PM",0,31.638,1.04,2.325,2028.5,995.918,0,1.716,1.716,9.765,8.274,96.054,7.063,2058.501,0,7.083,7.083,21
"5/25/2022 12:09:03 PM",0,31.636,1.038,2.32,2024.6,995.917,0,2.013,2.013,10.323,8.269,96.131,7.068,2059.096,0,7.089,7.089,21
"5/25/2022 12:09:03 PM",0,31.634,1.033,2.309,2015,995.914,0,2.044,2.044,9.031,8.266,96.081,7.065,2058.841,0,7.085,7.085,21
"5/25/2022 12:09:03 PM",0,31.634,1.031,2.305,2011,995.912,0,1.903,1.903,9.369,8.262,96.124,7.068,2059.775,0,7.089,7.088,21
"5/25/2022 12:09:03 PM",0,31.64,1.031,2.305,2011.5,995.91,0,1.981,1.981,9.413,8.263,95.993,7.059,2060.37,0,7.079,7.079,21
"5/25/2022 12:09:04 PM",0,31.641,1.026,2.295,2002.2,995.906,0,1.864,1.864,9.985,8.257,96.056,7.063,2060.795,0,7.083,7.083,21
"5/25/2022 12:09:04 PM",0,31.639,1.025,2.292,2000.2,995.906,0,2.091,2.091,9.398,8.255,95.996,7.059,2060.03,0,7.079,7.079,21
"5/25/2022 12:09:04 PM",0,31.638,1.018,2.278,1988,995.901,0,2.122,2.122,9.794,8.255,96.053,7.063,2058.076,0,7.084,7.084,21
"5/25/2022 12:09:04 PM",0,31.636,1.016,2.274,1984.1,995.9,0,1.903,1.903,10.014,8.258,96.047,7.063,2057.396,0,7.083,7.083,21
"5/25/2022 12:09:04 PM",0,31.633,1.01,2.26,1972.4,995.897,0,1.802,1.802,9.853,8.261,96.084,7.066,2053.233,0,7.086,7.086,21
"5/25/2022 12:09:05 PM",0,31.634,1.011,2.262,1973.7,995.897,0,1.638,1.638,10.513,8.26,95.952,7.056,2051.194,0,7.076,7.076,21
"5/25/2022 12:09:05 PM",0,31.635,1.007,2.254,1966.5,995.894,0,1.545,1.545,10.837,8.261,95.927,7.054,2047.541,0,7.075,7.074,21
"5/25/2022 12:09:05 PM",0,31.634,1.007,2.253,1966.5,995.894,0,1.685,1.685,10.881,8.257,96.015,7.061,2043.718,0,7.081,7.081,21
"5/25/2022 12:09:05 PM",0,31.635,1.004,2.248,1961.5,995.892,0,2.059,2.059,10.557,8.258,96.04,7.063,2042.358,0,7.083,7.083,21
"5/25/2022 12:09:05 PM",0,31.637,1.004,2.247,1961.1,995.891,0,1.607,1.607,10,8.257,95.917,7.054,2042.613,0,7.074,7.074,21
"5/25/2022 12:09:06 PM",0,31.636,1.002,2.243,1957.5,995.89,0,1.935,1.935,10.411,8.254,95.892,7.052,2042.698,0,7.072,7.072,21
"5/25/2022 12:09:06 PM",0,31.635,1.001,2.242,1956.1,995.89,0,1.841,1.841,9.941,8.254,95.911,7.053,2044.228,0,7.074,7.074,21
"5/25/2022 12:09:06 PM",0,31.634,1.001,2.241,1955.2,995.889,0,1.662,1.662,9.809,8.255,95.953,7.056,2044.822,0,7.077,7.077,21
"5/25/2022 12:09:06 PM",0,31.635,0.999,2.238,1953,995.888,0,1.49,1.49,8.796,8.251,95.966,7.058,2046.522,0,7.078,7.078,21
"5/25/2022 12:09:06 PM",0,31.635,0.999,2.236,1951.3,995.888,0,1.584,1.584,9.427,8.252,95.869,7.05,2048.476,0,7.071,7.071,21
"5/25/2022 12:09:07 PM",0,31.636,0.997,2.232,1948.1,995.886,0,1.771,1.771,9.853,8.245,95.958,7.057,2050.43,0,7.078,7.078,21
"5/25/2022 12:09:07 PM",0,31.63,0.997,2.234,1949.2,995.888,0,1.896,1.896,10,8.245,96.114,7.069,2052.299,0,7.089,7.089,21
"5/25/2022 12:09:07 PM",0,31.627,0.994,2.227,1943.6,995.887,0,2.153,2.153,10.176,8.244,96.016,7.062,2053.998,0,7.082,7.082,21
"5/25/2022 12:09:07 PM",0,31.625,0.996,2.23,1946,995.889,0,2.325,2.325,9.589,8.244,96.095,7.067,2055.442,0,7.088,7.087,21
"5/25/2022 12:07:41 PM",0,29.476,49.096,77.808,70832.7,1032.527,32.528,0.008,0.008,0,7.78,95.824,5.497,1541.858,0,5.51,5.513,21
"5/25/2022 12:07:42 PM",0,29.479,49.112,77.834,70851.7,1032.537,32.538,0.039,0.039,0.087,7.797,95.826,5.496,1162.001,0,5.509,5.512,21
"5/25/2022 12:07:42 PM",0,29.484,49.1,77.824,70836.3,1032.526,32.527,0,0,0,7.809,95.739,5.492,1508.808,0,5.504,5.507,21
"5/25/2022 12:07:42 PM",0,29.485,49.095,77.819,70830,1032.522,32.523,0.078,0.078,0,7.815,95.763,5.494,1549.589,0,5.506,5.51,21
"5/25/2022 12:07:42 PM",0,29.481,49.086,77.8,70818.5,1032.517,32.518,0,0,0,7.822,95.739,5.493,1633.36,0,5.505,5.509,21
"5/25/2022 12:07:42 PM",0,29.476,49.096,77.808,70832.4,1032.527,32.527,0.078,0.078,0.146,7.835,95.837,5.5,1616.708,0,5.512,5.515,21
"5/25/2022 12:07:43 PM",0,29.472,49.089,77.792,70823.8,1032.523,32.523,0.047,0.047,0.116,7.846,95.756,5.494,1700.564,0,5.507,5.51,21
"5/25/2022 12:07:43 PM",0,29.468,49.095,77.794,70831.8,1032.529,32.529,0.125,0.125,0.262,7.851,95.718,5.492,1118.246,0,5.505,5.508,21
"5/25/2022 12:07:43 PM",0.062,29.465,49.101,77.797,70839.5,1032.535,32.535,0.07,0.07,0.116,7.859,95.825,5.499,1347.129,0,5.512,5.515,21
"5/25/2022 12:07:43 PM",0.107,29.462,49.101,77.794,70839.8,1032.536,32.536,0.031,0.031,0.015,7.867,95.737,5.495,1619.427,0,5.507,5.51,21
"5/25/2022 12:07:43 PM",0.137,29.459,49.109,77.8,70850.2,1032.543,32.543,0,0,0,7.878,95.762,5.496,1394.112,0,5.509,5.512,21
"5/25/2022 12:07:44 PM",0.14,29.453,49.131,77.822,70878.4,1032.562,32.561,0.086,0.086,0.175,7.882,95.867,5.502,1309.832,0,5.514,5.517,21
"5/25/2022 12:07:44 PM",0.123,29.453,49.117,77.803,70861.2,1032.552,32.551,0.094,0.094,0.218,7.878,95.808,5.498,1376.865,0,5.51,5.514,21
"5/25/2022 12:07:44 PM",0.078,29.461,49.092,77.78,70828.6,1032.529,32.529,0.031,0.031,0.073,7.883,95.914,5.504,1371.343,0,5.517,5.52,21
"5/25/2022 12:07:44 PM",0,29.473,49.09,77.795,70824.8,1032.523,32.523,0,0,0,7.886,95.58,5.487,1489.692,0,5.499,5.502,21
"5/25/2022 12:07:44 PM",0,29.473,49.096,77.804,70833,1032.528,32.529,0.047,0.047,0.015,7.887,95.608,5.488,1305.923,0,5.5,5.503,21
"5/25/2022 12:07:45 PM",0,29.475,49.107,77.821,70846.7,1032.535,32.536,0.023,0.023,0.029,7.895,95.768,5.497,1600.99,0,5.51,5.513,21
"5/25/2022 12:07:45 PM",0,29.476,49.088,77.797,70821.9,1032.52,32.521,0.023,0.023,0,7.905,95.698,5.493,1595.553,0,5.505,5.508,21
"5/25/2022 12:07:45 PM",0,29.472,49.086,77.788,70820,1032.521,32.521,0.094,0.094,0.175,7.906,95.764,5.498,1053.252,0,5.51,5.513,21
"5/25/2022 12:07:45 PM",0.125,29.462,49.077,77.762,70810.3,1032.518,32.518,0,0,0,7.914,95.668,5.494,832.185,0,5.506,5.509,21
"5/25/2022 12:07:46 PM",0.349,29.453,49.091,77.768,70829,1032.533,32.532,0,0,0,7.916,95.627,5.492,733.631,0,5.504,5.507,21
"5/25/2022 12:07:46 PM",0.657,29.455,49.101,77.784,70840.7,1032.541,32.538,0,0,0,7.919,95.772,5.503,872.966,0,5.516,5.519,21
"5/25/2022 12:07:46 PM",0.808,29.46,49.111,77.805,70853.4,1032.548,32.544,0.14,0.14,0.189,7.918,95.795,5.506,978.912,0,5.519,5.522,21
"5/25/2022 12:07:46 PM",0.911,29.465,49.115,77.818,70857.9,1032.549,32.546,0.133,0.133,0.291,7.919,95.871,5.511,1025.725,0,5.524,5.527,21
"5/25/2022 12:07:46 PM",0.961,29.467,49.124,77.834,70868.8,1032.556,32.552,0.203,0.203,0.393,7.928,95.951,5.516,1479.667,0,5.528,5.531,21
"5/25/2022 12:07:47 PM",0.972,29.472,49.132,77.852,70878.6,1032.56,32.556,0.101,0.101,0.189,7.924,96.043,5.519,1645.509,0,5.532,5.535,21
"5/25/2022 12:07:47 PM",0.963,29.474,49.121,77.84,70864.4,1032.551,32.547,0.016,0.016,0,7.925,96.059,5.52,1245.687,0,5.532,5.535,21
"5/25/2022 12:07:47 PM",0.963,29.475,49.119,77.838,70861.1,1032.549,32.545,0,0,0,7.924,96.004,5.516,1078.23,0,5.528,5.532,21
"5/25/2022 12:07:47 PM",0.967,29.476,49.128,77.852,70873.3,1032.556,32.552,0.039,0.039,0.058,7.927,95.84,5.506,1093.948,0,5.519,5.522,21
"5/25/2022 12:07:47 PM",0.967,29.477,49.121,77.844,70864.6,1032.55,32.546,0.031,0.031,0,7.927,96.003,5.516,1239.4,0,5.529,5.532,21
"5/25/2022 12:07:48 PM",0.958,29.477,49.126,77.85,70869.6,1032.553,32.549,0.109,0.109,0.029,7.923,96.032,5.517,1074.747,0,5.53,5.533,21
"5/25/2022 12:07:48 PM",0.97,29.477,49.132,77.859,70878.2,1032.558,32.554,0.109,0.109,0.16,7.926,95.981,5.514,1322.83,0,5.527,5.53,21
"5/25/2022 12:07:48 PM",1.005,29.47,49.126,77.84,70870.7,1032.556,32.552,0.047,0.047,0.087,7.927,95.996,5.515,1079.844,0,5.528,5.531,21
"5/25/2022 12:07:48 PM",1.05,29.463,49.133,77.84,70880.8,1032.564,32.56,0.031,0.031,0.073,7.927,95.996,5.514,1639.392,0,5.527,5.53,21
"5/25/2022 12:07:48 PM",1.071,29.46,49.136,77.841,70885.4,1032.568,32.563,0,0,0,7.927,95.811,5.504,993.525,0,5.516,5.519,21
"5/25/2022 12:07:49 PM",1.087,29.459,49.141,77.846,70891.2,1032.572,32.567,0.039,0.039,0.058,7.922,95.95,5.51,1329.118,0,5.523,5.526,21
"5/25/2022 12:07:49 PM",1.111,29.456,49.146,77.848,70897.5,1032.577,32.572,0.047,0.047,0.102,7.924,95.865,5.504,1210.088,0,5.517,5.52,21
"5/25/2022 12:07:49 PM",1.102,29.456,49.155,77.861,70909.4,1032.584,32.579,0.062,0.062,0.131,7.925,95.877,5.505,1127.252,0,5.518,5.521,21
"5/25/2022 12:07:49 PM",1.094,29.456,49.161,77.868,70916.2,1032.588,32.583,0.016,0.016,0.029,7.924,96.045,5.514,1064.212,0,5.526,5.529,21
"5/25/2022 12:07:49 PM",1.073,29.457,49.164,77.874,70920.3,1032.59,32.586,0.047,0.047,0.044,7.926,95.785,5.498,948.411,0,5.511,5.514,21
"5/25/2022 12:07:50 PM",1.045,29.457,49.171,77.885,70929.6,1032.595,32.591,0.055,0.055,0.058,7.923,95.813,5.498,893.102,0,5.511,5.514,21
"5/25/2022 12:07:50 PM",1.029,29.458,49.174,77.889,70932.3,1032.597,32.592,0.07,0.07,0.131,7.921,95.744,5.493,1007.458,0,5.506,5.509,21
"5/25/2022 12:07:50 PM",1.014,29.459,49.182,77.901,70942.6,1032.603,32.598,0.031,0.031,0,7.926,95.828,5.497,1304.904,0,5.51,5.513,21
"5/25/2022 12:07:50 PM",1.01,29.462,49.167,77.885,70923.6,1032.59,32.586,0.008,0.008,0,7.927,95.731,5.491,904.316,0,5.504,5.507,21
"5/25/2022 12:07:51 PM",0.998,29.459,49.18,77.899,70940.3,1032.601,32.597,0.016,0.016,0.015,7.925,95.866,5.498,1176.614,0,5.511,5.514,21
"5/25/2022 12:07:51 PM",0.982,29.46,49.181,77.901,70940.7,1032.601,32.597,0.039,0.039,0.073,7.918,95.914,5.502,1045.69,0,5.515,5.518,21
"5/25/2022 12:07:51 PM",0.948,29.46,49.163,77.877,70918.1,1032.587,32.583,0.062,0.062,0.102,7.915,95.974,5.507,1077.635,0,5.52,5.523,21
"5/25/2022 12:07:51 PM",0.911,29.469,49.146,77.866,70896,1032.571,32.568,0,0,0.044,7.92,96.082,5.515,1316.373,0,5.528,5.531,21
"5/25/2022 12:07:51 PM",0.885,29.474,49.145,77.872,70893.8,1032.569,32.565,0.078,0.078,0.306,7.924,96.013,5.512,1323.68,0,5.525,5.528,21
"5/25/2022 12:07:52 PM",0.859,29.474,49.144,77.872,70893.3,1032.568,32.564,0.047,0.047,0.102,7.92,95.876,5.504,1029.378,0,5.516,5.519,21
"5/25/2022 12:07:52 PM",0.855,29.47,49.159,77.885,70912.3,1032.581,32.577,0.094,0.094,0.146,7.919,95.823,5.5,1008.563,0,5.513,5.516,21
"5/25/2022 12:07:52 PM",0.881,29.464,49.147,77.86,70897.7,1032.574,32.57,0.062,0.062,0.102,7.917,95.939,5.508,1266.757,0,5.52,5.523,21
"5/25/2022 12:07:52 PM",0.928,29.456,49.152,77.857,70905.4,1032.581,32.577,0.031,0.031,0.073,7.913,95.91,5.505,1408.215,0,5.518,5.521,21
"5/25/2022 12:07:52 PM",0.977,29.454,49.153,77.854,70906.6,1032.582,32.578,0.055,0.055,0.131,7.911,95.8,5.499,1460.891,0,5.512,5.515,21
"5/25/2022 12:07:53 PM",1.061,29.454,49.156,77.858,70910.4,1032.585,32.58,0.039,0.039,0.044,7.911,95.753,5.497,1165.569,0,5.51,5.513,21
"5/25/2022 12:07:53 PM",1.109,29.456,49.158,77.864,70912.8,1032.586,32.581,0.039,0.039,0.058,7.912,95.876,5.504,1242.968,0,5.516,5.52,21
"5/25/2022 12:07:53 PM",1.149,29.456,49.159,77.865,70913.7,1032.587,32.582,0.101,0.101,0.189,7.915,95.943,5.51,1037.109,0,5.522,5.525,21
"5/25/2022 12:07:53 PM",1.172,29.456,49.164,77.874,70920.7,1032.591,32.586,0.016,0.016,0,7.913,95.927,5.51,798.626,0,5.522,5.525,21
"5/25/2022 12:07:53 PM",1.172,29.456,49.177,77.89,70936.5,1032.601,32.596,0.023,0.023,0.015,7.912,96.002,5.513,1518.154,0,5.525,5.528,21
"5/25/2022 12:07:54 PM",1.167,29.458,49.171,77.885,70928.8,1032.595,32.59,0.031,0.031,0.015,7.913,96.064,5.517,1297.342,0,5.529,5.532,21
"5/25/2022 12:07:54 PM",1.115,29.463,49.159,77.876,70913.9,1032.585,32.58,0.023,0.023,0,7.908,95.927,5.51,828.107,0,5.523,5.526,21
"5/25/2022 12:07:54 PM",1.073,29.465,49.155,77.873,70908,1032.58,32.576,0.039,0.039,0.058,7.912,95.99,5.514,872.881,0,5.527,5.53,21
"5/25/2022 12:07:54 PM",1.028,29.465,49.156,77.875,70909.6,1032.581,32.577,0.023,0.023,0.058,7.914,95.835,5.505,1375.251,0,5.518,5.521,21
"5/25/2022 12:07:55 PM",0.982,29.465,49.158,77.877,70911.4,1032.582,32.578,0.047,0.047,0.087,7.916,95.898,5.509,1011.706,0,5.522,5.525,21
"5/25/2022 12:07:55 PM",0.951,29.467,49.162,77.886,70916.6,1032.584,32.58,0.016,0.016,0.029,7.918,95.886,5.507,1371.428,0,5.519,5.523,21
"5/25/2022 12:07:55 PM",0.942,29.468,49.169,77.895,70924.6,1032.589,32.585,0.047,0.047,0.015,7.914,95.824,5.503,1031.927,0,5.516,5.519,21
"5/25/2022 12:07:55 PM",0.942,29.461,49.182,77.904,70942.2,1032.602,32.598,0,0,0,7.916,95.785,5.501,1826.814,0,5.513,5.516,21
"5/25/2022 12:07:55 PM",0.939,29.461,49.184,77.907,70944.7,1032.603,32.599,0.016,0.016,0.029,7.913,95.912,5.507,1244.582,0,5.52,5.523,21
"5/25/2022 12:07:56 PM",0.944,29.468,49.167,77.894,70923.2,1032.588,32.584,0.031,0.031,0,7.909,95.9,5.508,1279.756,0,5.521,5.524,21
"5/25/2022 12:07:56 PM",0.963,29.464,49.173,77.896,70930.8,1032.594,32.59,0.086,0.086,0.131,7.906,95.984,5.514,1323.17,0,5.527,5.53,21
"5/25/2022 12:07:56 PM",0.982,29.458,49.179,77.896,70938.3,1032.6,32.596,0,0,0,7.905,95.865,5.508,1477.373,0,5.521,5.524,21
"5/25/2022 12:07:56 PM",1.021,29.453,49.183,77.895,70944.7,1032.606,32.601,0.023,0.023,0.044,7.9,95.97,5.514,1381.538,0,5.527,5.53,21
"5/25/2022 12:07:56 PM",1.045,29.454,49.185,77.899,70947.3,1032.607,32.603,0.055,0.055,0.073,7.901,95.959,5.513,1140.846,0,5.526,5.529,21
"5/25/2022 12:07:57 PM",1.064,29.453,49.192,77.908,70956.1,1032.613,32.608,0.023,0.023,0,7.901,95.799,5.503,1238.465,0,5.516,5.519,21
"5/25/2022 12:07:57 PM",1.071,29.452,49.198,77.914,70963.8,1032.618,32.613,0,0,0,7.9,95.996,5.515,1261.574,0,5.527,5.53,21
"5/25/2022 12:07:57 PM",1.069,29.456,49.181,77.897,70942.1,1032.603,32.599,0.031,0.031,0.029,7.898,95.939,5.511,1158.093,0,5.524,5.527,21
"5/25/2022 12:07:57 PM",1.043,29.46,49.168,77.883,70924.6,1032.592,32.587,0.031,0.031,0,7.897,95.722,5.5,1370.663,0,5.512,5.515,21
"5/25/2022 12:07:57 PM",1.012,29.464,49.162,77.882,70916.9,1032.586,32.581,0.094,0.094,0.058,7.894,95.897,5.51,1267.012,0,5.523,5.526,21
"5/25/2022 12:07:58 PM",0.974,29.463,49.164,77.883,70919.7,1032.588,32.583,0.031,0.031,0.015,7.893,95.747,5.502,1548.145,0,5.515,5.518,21
"5/25/2022 12:07:58 PM",0.914,29.462,49.169,77.887,70925.4,1032.591,32.587,0.055,0.055,0.102,7.896,95.809,5.506,1258.091,0,5.519,5.522,21
"5/25/2022 12:07:58 PM",0.897,29.46,49.177,77.897,70935.9,1032.598,32.594,0.008,0.008,0,7.899,95.804,5.506,1117.652,0,5.519,5.522,21
"5/25/2022 12:07:58 PM",0.885,29.46,49.176,77.895,70934.5,1032.597,32.593,0.008,0.008,0.015,7.899,95.795,5.505,1448.487,0,5.518,5.521,21
"5/25/2022 12:07:59 PM",0.904,29.456,49.18,77.895,70940.5,1032.602,32.598,0.016,0.016,0,7.9,95.856,5.51,1029.973,0,5.522,5.525,21
"5/25/2022 12:07:59 PM",0.941,29.45,49.181,77.887,70942,1032.605,32.601,0.062,0.062,0.131,7.898,96.062,5.522,1580.855,0,5.535,5.538,21
"5/25/2022 12:07:59 PM",0.975,29.447,49.187,77.892,70950,1032.61,32.606,0.055,0.055,0.102,7.901,96.091,5.523,1027.169,0,5.536,5.539,21
"5/25/2022 12:07:59 PM",1.012,29.447,49.192,77.899,70956.6,1032.614,32.61,0.094,0.094,0.102,7.904,96.015,5.518,1247.131,0,5.53,5.534,21
"5/25/2022 12:07:59 PM",1.05,29.448,49.19,77.897,70954.5,1032.613,32.609,0.078,0.078,0.116,7.903,96.021,5.519,1233.452,0,5.531,5.534,21
"5/25/2022 12:08:00 PM",1.069,29.446,49.194,77.899,70958.7,1032.616,32.612,0,0,0,7.901,95.929,5.513,1249.765,0,5.526,5.529,21
"5/25/2022 12:08:00 PM",1.085,29.445,49.198,77.904,70964.5,1032.62,32.616,0.031,0.031,0.102,7.9,95.931,5.513,1107.966,0,5.526,5.529,21
"5/25/2022 12:08:00 PM",1.094,29.446,49.203,77.911,70970,1032.623,32.619,0.008,0.008,0.044,7.9,95.817,5.506,1401.759,0,5.519,5.522,21
"5/25/2022 12:08:00 PM",1.104,29.446,49.205,77.915,70973.7,1032.626,32.621,0,0,0,7.907,95.798,5.505,1307.028,0,5.517,5.52,21
"5/25/2022 12:08:00 PM",1.125,29.446,49.207,77.917,70975,1032.626,32.622,0.062,0.062,0.116,7.911,95.806,5.504,1537.44,0,5.516,5.52,21
"5/25/2022 12:08:01 PM",1.125,29.447,49.209,77.922,70977.7,1032.628,32.623,0.101,0.101,0.16,7.904,95.779,5.503,1477.883,0,5.515,5.518,21
"5/25/2022 12:08:01 PM",1.118,29.452,49.199,77.915,70964.5,1032.618,32.613,0.016,0.016,0,7.904,95.716,5.499,1648.653,0,5.512,5.515,21
"5/25/2022 12:08:01 PM",1.108,29.452,49.193,77.907,70956.6,1032.613,32.609,0.07,0.07,0.146,7.904,95.984,5.516,1140.591,0,5.528,5.532,21
"5/25/2022 12:08:01 PM",1.108,29.454,49.193,77.91,70957.4,1032.613,32.609,0.031,0.031,0.175,7.904,96.008,5.519,1325.124,0,5.531,5.534,21
"5/25/2022 12:08:01 PM",1.146,29.453,49.193,77.909,70956.6,1032.613,32.608,0.031,0.031,0.029,7.907,95.881,5.512,1264.123,0,5.525,5.528,21
"5/25/2022 12:08:02 PM",1.24,29.446,49.193,77.898,70957.9,1032.616,32.611,0.031,0.031,0.058,7.913,95.882,5.513,1050.193,0,5.525,5.528,21
"5/25/2022 12:08:02 PM",1.466,29.445,49.195,77.9,70961.3,1032.62,32.614,0,0,0,7.907,95.746,5.506,1104.738,0,5.518,5.521,21
"5/25/2022 12:08:02 PM",1.64,29.445,49.196,77.902,70962.1,1032.621,32.614,0.023,0.023,0,7.911,95.715,5.506,1450.101,0,5.519,5.522,21
"5/25/2022 12:08:02 PM",1.805,29.445,49.198,77.904,70964.4,1032.623,32.615,0,0,0,7.91,95.784,5.511,1058.859,0,5.524,5.527,21
"5/25/2022 12:08:02 PM",2.042,29.447,49.215,77.93,70985.9,1032.636,32.628,0,0,0,7.907,95.861,5.517,478.411,0,5.53,5.533,21
"5/25/2022 12:08:03 PM",2.189,29.454,49.216,77.943,70986.8,1032.635,32.626,0,0,0,7.901,95.961,5.524,184.449,0,5.536,5.54,21
"5/25/2022 12:08:03 PM",2.318,29.458,49.216,77.949,70986.4,1032.635,32.625,0,0,0,7.903,95.949,5.523,62.361,0,5.536,5.539,21
"5/25/2022 12:08:03 PM",2.454,29.463,49.219,77.959,70988.8,1032.635,32.625,0,0,0,7.908,95.957,5.525,35.853,0,5.538,5.541,21
"5/25/2022 12:08:03 PM",2.706,29.462,49.226,77.967,70998,1032.642,32.631,0,0,0,7.911,96.244,5.542,33.474,0,5.554,5.557,21
"5/25/2022 12:08:04 PM",2.854,29.464,49.227,77.972,70999.7,1032.643,32.631,1.701,1.701,0,7.909,96.048,5.529,35.428,0,5.542,5.545,21
"5/25/2022 12:08:04 PM",3.019,29.465,49.229,77.975,71001.6,1032.645,32.632,0.874,0.874,0,7.915,95.926,5.523,42.48,0,5.535,5.539,21
"5/25/2022 12:08:04 PM",3.174,29.461,49.236,77.98,71011.1,1032.652,32.639,0.741,0.741,0,7.924,96.07,5.531,41.715,0,5.544,5.547,21
"5/25/2022 12:08:04 PM",3.376,29.46,49.241,77.986,71017,1032.657,32.642,0.179,0.179,0,7.922,95.997,5.527,41.461,0,5.54,5.543,21
"5/25/2022 12:08:04 PM",3.518,29.462,49.241,77.99,71017.9,1032.657,32.642,0,0,0,7.925,95.933,5.525,37.467,0,5.537,5.54,21
"5/25/2022 12:08:05 PM",3.666,29.463,49.231,77.975,71004.2,1032.649,32.634,0.25,0.25,0,7.928,96.125,5.535,37.213,0,5.548,5.551,21
"5/25/2022 12:08:05 PM",3.899,29.461,49.233,77.976,71007.7,1032.653,32.636,0.413,0.413,0,7.926,96.12,5.534,32.115,0,5.547,5.55,21
"5/25/2022 12:08:05 PM",4.044,29.46,49.237,77.981,71013.4,1032.657,32.64,0.218,0.218,0,7.93,96.087,5.533,27.867,0,5.545,5.549,21
"5/25/2022 12:08:05 PM",4.202,29.459,49.248,77.994,71026.5,1032.666,32.648,0.367,0.367,0.495,7.929,96.154,5.537,31.18,0,5.55,5.553,21
"5/25/2022 12:08:05 PM",4.353,29.459,49.25,77.997,71029.6,1032.668,32.65,0.398,0.398,0.626,7.924,96.046,5.531,33.984,0,5.543,5.547,21
"5/25/2022 12:08:06 PM",4.559,29.459,49.252,78.001,71032.7,1032.671,32.652,0.234,0.234,0.568,7.929,95.911,5.524,46.303,0,5.537,5.54,21
"5/25/2022 12:08:06 PM",4.691,29.457,49.26,78.008,71042.6,1032.678,32.658,0,0,0,7.923,96.001,5.53,49.362,0,5.542,5.545,21
"5/25/2022 12:08:06 PM",4.823,29.455,49.263,78.011,71046.9,1032.682,32.661,0,0,0,7.921,96.111,5.537,44.349,0,5.549,5.553,21
"5/25/2022 12:08:06 PM",4.953,29.452,49.267,78.012,71052.1,1032.686,32.665,0,0,0,7.922,96.106,5.537,39.761,0,5.55,5.553,21
"5/25/2022 12:08:06 PM",5.162,29.453,49.261,78.004,71043.8,1032.682,32.66,0,0,0,7.924,96.015,5.532,30.246,0,5.544,5.547,21
"5/25/2022 12:08:07 PM",5.306,29.455,49.257,78.003,71039.7,1032.679,32.657,0.476,0.476,0,7.925,96.038,5.533,27.102,0,5.545,5.549,21
"5/25/2022 12:08:07 PM",5.466,29.457,49.255,78.003,71037,1032.678,32.655,0,0,0,7.931,95.93,5.527,25.403,0,5.539,5.543,21
"5/25/2022 12:08:07 PM",5.632,29.458,49.252,78,71033,1032.676,32.652,0.156,0.156,0,7.928,96.057,5.535,24.384,0,5.547,5.55,21
"5/25/2022 12:08:07 PM",5.807,29.456,49.249,77.992,71029.2,1032.675,32.65,0.562,0.562,0,7.925,96.079,5.535,24.129,0,5.548,5.551,21
"5/25/2022 12:08:07 PM",6.091,29.45,49.259,77.997,71042.8,1032.686,32.66,0.897,0.897,0,7.927,96.132,5.538,22.854,0,5.551,5.554,21
"5/25/2022 12:08:08 PM",6.284,29.447,49.263,77.999,71048,1032.69,32.664,0.281,0.281,0.248,7.921,96.024,5.532,22.684,0,5.545,5.548,21
"5/25/2022 12:08:08 PM",6.482,29.444,49.264,77.996,71050.5,1032.694,32.666,0,0,0.743,7.929,96.092,5.536,22.599,0,5.549,5.552,21
"5/25/2022 12:08:08 PM",6.781,29.438,49.269,77.994,71057,1032.701,32.672,0.14,0.14,1.282,7.924,95.946,5.528,22.345,0,5.541,5.544,21
"5/25/2022 12:08:08 PM",6.973,29.436,49.268,77.99,71055.4,1032.701,32.671,0.889,0.889,0,7.923,96.036,5.533,22.429,0,5.546,5.549,21
"5/25/2022 12:08:08 PM",7.173,29.435,49.268,77.99,71056.3,1032.702,32.672,0,0,6.277,7.921,95.883,5.525,22.854,0,5.537,5.541,21
"5/25/2022 12:08:09 PM",7.376,29.433,49.274,77.995,71064,1032.708,32.677,0.14,0.14,0.728,7.921,96.012,5.532,23.704,0,5.545,5.548,21
"5/25/2022 12:08:09 PM",7.576,29.433,49.273,77.994,71063.1,1032.709,32.676,0,0,3.426,7.926,96.055,5.535,25.148,0,5.547,5.551,21
"5/25/2022 12:08:09 PM",7.853,29.43,49.273,77.99,71063.6,1032.711,32.677,0.062,0.062,2.025,7.923,96.113,5.538,30.161,0,5.551,5.554,21
"5/25/2022 12:08:09 PM",8.008,29.427,49.269,77.979,71059.1,1032.71,32.676,0.234,0.234,0.626,7.92,96.058,5.536,33.219,0,5.549,5.552,21
"5/25/2022 12:08:10 PM",8.15,29.42,49.271,77.973,71062.6,1032.714,32.68,0.094,0.094,0.335,7.926,96.091,5.538,35.683,0,5.551,5.554,21
"5/25/2022 12:08:10 PM",8.373,29.413,49.272,77.963,71064.5,1032.718,32.683,0.062,0.062,0,7.924,96.057,5.537,35.174,0,5.55,5.553,21
"5/25/2022 12:08:10 PM",8.514,29.411,49.271,77.96,71064,1032.719,32.683,0.094,0.094,0,7.922,95.971,5.532,32.37,0,5.545,5.548,21
"5/25/2022 12:08:10 PM",8.679,29.408,49.271,77.956,71064.2,1032.721,32.684,0,0,0,7.919,95.858,5.527,29.651,0,5.54,5.543,21
"5/25/2022 12:08:10 PM",8.942,29.406,49.274,77.958,71068.3,1032.725,32.687,0.031,0.031,0,7.919,96.023,5.536,27.782,0,5.549,5.552,21
"5/25/2022 12:08:11 PM",9.117,29.406,49.275,77.958,71069.6,1032.726,32.688,0,0,0,7.923,95.952,5.532,27.272,0,5.545,5.548,21
"5/25/2022 12:08:11 PM",9.312,29.406,49.277,77.962,71072.8,1032.729,32.689,0,0,1.836,7.926,95.971,5.533,27.612,0,5.546,5.549,21
"5/25/2022 12:08:11 PM",9.592,29.406,49.275,77.959,71069.9,1032.728,32.688,0,0,2.58,7.929,96.033,5.538,31.945,0,5.55,5.554,21
"5/25/2022 12:08:11 PM",9.775,29.406,49.275,77.959,71069.8,1032.729,32.687,0.764,0.764,1.588,7.925,95.964,5.534,32.625,0,5.546,5.55,21
"5/25/2022 12:08:11 PM",9.94,29.406,49.278,77.963,71073.5,1032.732,32.69,0.374,0.374,1.646,7.919,95.892,5.529,33.304,0,5.542,5.545,21
"5/25/2022 12:08:12 PM",10.189,29.405,49.28,77.964,71075.9,1032.735,32.691,0,0,0.903,7.916,95.943,5.532,32.625,0,5.545,5.548,21
"5/25/2022 12:08:12 PM",10.352,29.404,49.279,77.963,71076,1032.736,32.692,0,0,1.18,7.924,96.259,5.551,31.435,0,5.564,5.567,21
"5/25/2022 12:08:12 PM",10.625,29.405,49.279,77.962,71074.9,1032.736,32.691,0,0,1.661,7.927,96.07,5.541,29.821,0,5.553,5.557,21
"5/25/2022 12:08:12 PM",10.81,29.405,49.279,77.964,71076.2,1032.737,32.691,0,0,1.311,7.928,96.134,5.544,30.331,0,5.557,5.56,21
"5/25/2022 12:08:13 PM",10.99,29.403,49.285,77.969,71083,1032.743,32.696,0,0,1.413,7.933,95.811,5.525,32.03,0,5.538,5.541,21
"5/25/2022 12:08:13 PM",11.166,29.403,49.291,77.976,71090.5,1032.748,32.7,0.039,0.039,0.408,7.929,95.936,5.532,33.304,0,5.545,5.548,21
"5/25/2022 12:08:13 PM",11.404,29.402,49.289,77.973,71088.2,1032.748,32.699,1.888,1.888,4.478,7.93,96.057,5.539,53.015,0,5.552,5.555,21
"5/25/2022 12:08:13 PM",11.53,29.4,49.293,77.976,71094.2,1032.752,32.703,0.998,0.998,2.273,7.928,96.065,5.541,133.812,0,5.554,5.557,21
"5/25/2022 12:08:13 PM",11.608,29.398,49.294,77.975,71095.7,1032.754,32.705,0.413,0.413,0.918,7.932,95.994,5.537,290.394,0,5.55,5.553,21
"5/25/2022 12:08:14 PM",11.637,29.398,49.294,77.976,71096.1,1032.754,32.705,0.086,0.086,0.189,7.919,96.082,5.542,477.901,0,5.555,5.558,21
"5/25/2022 12:08:14 PM",11.597,29.4,49.293,77.976,71094.6,1032.753,32.704,0.055,0.055,0.102,7.915,96.06,5.541,535.164,0,5.554,5.557,21
"5/25/2022 12:08:14 PM",11.537,29.4,49.293,77.976,71094.1,1032.752,32.703,0.047,0.047,0.087,7.919,95.953,5.535,585.631,0,5.548,5.551,21
"5/25/2022 12:08:14 PM",11.45,29.401,49.293,77.978,71094.3,1032.752,32.703,0.055,0.055,0.058,7.927,96.083,5.543,547.484,0,5.555,5.559,21
"5/25/2022 12:08:14 PM",11.37,29.401,49.295,77.98,71096.4,1032.753,32.704,0.055,0.055,0.073,7.932,96.025,5.538,439.329,0,5.551,5.554,21
"5/25/2022 12:08:15 PM",11.244,29.401,49.295,77.981,71096.1,1032.752,32.704,0.047,0.047,0.029,7.939,96.046,5.539,399.738,0,5.552,5.555,21
"5/25/2022 12:08:15 PM",11.124,29.402,49.296,77.982,71097,1032.752,32.705,0.047,0.047,0.029,7.937,95.99,5.536,383.171,0,5.549,5.552,21
"5/25/2022 12:08:15 PM",10.999,29.401,49.294,77.978,71094.5,1032.75,32.703,0.07,0.07,0.029,7.941,96.009,5.537,395.49,0,5.55,5.553,21
"5/25/2022 12:08:15 PM",10.947,29.401,49.295,77.979,71096.3,1032.751,32.705,0.055,0.055,0,7.949,96.063,5.54,430.408,0,5.552,5.556,21
"5/25/2022 12:08:15 PM",10.862,29.4,49.299,77.984,71101.1,1032.754,32.708,0.039,0.039,0.015,7.947,96.174,5.546,459.21,0,5.559,5.562,21
"5/25/2022 12:08:16 PM",10.759,29.401,49.298,77.984,71100.4,1032.753,32.707,0.039,0.039,0.029,7.946,96.162,5.546,467.706,0,5.559,5.562,21
"5/25/2022 12:08:16 PM",10.611,29.4,49.299,77.983,71100.5,1032.753,32.707,0.039,0.039,0.044,7.938,95.928,5.533,482.489,0,5.545,5.549,21
"5/25/2022 12:08:16 PM",10.519,29.4,49.299,77.985,71101.6,1032.753,32.708,0.039,0.039,0.044,7.94,95.934,5.533,477.476,0,5.546,5.549,21
"5/25/2022 12:08:16 PM",10.41,29.4,49.302,77.988,71105.1,1032.755,32.71,0.047,0.047,0.029,7.934,95.954,5.535,457.596,0,5.547,5.551,21
"5/25/2022 12:08:17 PM",10.213,29.4,49.304,77.99,71106.6,1032.755,32.711,0.039,0.039,0.029,7.936,96.127,5.546,472.973,0,5.558,5.562,21
"5/25/2022 12:08:17 PM",10.09,29.401,49.302,77.989,71104.6,1032.753,32.71,0.031,0.031,0.058,7.936,96.109,5.544,489.456,0,5.557,5.56,21
"5/25/2022 12:08:17 PM",9.985,29.4,49.306,77.993,71110,1032.756,32.713,0.031,0.031,0.029,7.941,95.921,5.533,522.335,0,5.546,5.549,21
"5/25/2022 12:08:17 PM",9.836,29.402,49.306,77.995,71108.8,1032.754,32.712,0.031,0.031,0.015,7.947,95.916,5.532,487.502,0,5.545,5.548,21
"5/25/2022 12:08:17 PM",9.736,29.402,49.307,77.997,71110.3,1032.754,32.713,0.047,0.047,0.044,7.958,95.951,5.533,404.071,0,5.546,5.549,21
"5/25/2022 12:08:18 PM",9.603,29.402,49.308,77.998,71111.2,1032.755,32.714,0.039,0.039,0.015,7.956,96.23,5.549,384.19,0,5.562,5.565,21
"5/25/2022 12:08:18 PM",9.465,29.403,49.309,78.001,71113,1032.755,32.715,0.023,0.023,0.015,7.961,96.068,5.54,502.115,0,5.552,5.556,21
"5/25/2022 12:08:18 PM",9.345,29.401,49.31,78,71114.6,1032.756,32.716,0.039,0.039,0,7.955,96.047,5.539,536.269,0,5.552,5.555,21
"5/25/2022 12:08:18 PM",9.333,29.401,49.313,78.004,71117.7,1032.758,32.718,0.023,0.023,0.029,7.944,95.974,5.535,639.92,0,5.548,5.551,21
"5/25/2022 12:08:18 PM",9.328,29.401,49.317,78.008,71122.3,1032.76,32.721,0.031,0.031,0.029,7.948,96.021,5.538,711.372,0,5.55,5.554,21
"5/25/2022 12:08:19 PM",9.274,29.4,49.316,78.007,71121.7,1032.76,32.721,0.078,0.078,0.102,7.959,95.918,5.532,485.718,0,5.545,5.548,21
"5/25/2022 12:08:19 PM",9.147,29.402,49.315,78.008,71120.5,1032.758,32.719,0.055,0.055,0.058,7.96,96.013,5.538,466.517,0,5.551,5.554,21
"5/25/2022 12:08:19 PM",8.975,29.402,49.32,78.015,71126.5,1032.761,32.723,0.039,0.039,0.015,7.966,95.915,5.532,551.222,0,5.545,5.548,21
"5/25/2022 12:08:19 PM",8.827,29.402,49.324,78.019,71131.5,1032.764,32.726,0.039,0.039,0.029,7.961,96.018,5.539,566.515,0,5.552,5.555,21
"5/25/2022 12:08:19 PM",8.637,29.402,49.321,78.015,71127.3,1032.761,32.724,0.039,0.039,0.015,7.957,96.131,5.545,435.336,0,5.558,5.561,21
"5/25/2022 12:08:20 PM",8.523,29.402,49.323,78.017,71129.5,1032.761,32.725,0.039,0.039,0.015,7.95,96.108,5.544,477.561,0,5.557,5.56,21
"5/25/2022 12:08:20 PM",8.42,29.402,49.323,78.017,71129.5,1032.761,32.725,0.016,0.016,0,7.948,95.938,5.534,577.135,0,5.546,5.55,21
"5/25/2022 12:08:20 PM",8.309,29.401,49.324,78.018,71130.7,1032.761,32.726,0.031,0.031,0.015,7.953,95.996,5.536,643.574,0,5.549,5.552,21
"5/25/2022 12:08:20 PM",8.166,29.402,49.323,78.019,71130.1,1032.76,32.726,0.039,0.039,0.044,7.959,95.922,5.532,569.318,0,5.545,5.548,21
"5/25/2022 12:08:21 PM",8.103,29.402,49.322,78.017,71128.5,1032.759,32.725,0.047,0.047,0.073,7.959,95.96,5.534,506.618,0,5.547,5.55,21
"5/25/2022 12:08:21 PM",8.067,29.402,49.33,78.028,71138.4,1032.765,32.731,0.031,0.031,0.029,7.962,95.996,5.536,481.385,0,5.549,5.552,21
"5/25/2022 12:08:21 PM",8.002,29.402,49.331,78.029,71140.2,1032.766,32.732,0.023,0.023,0.015,7.961,95.958,5.534,452.413,0,5.547,5.55,21
"5/25/2022 12:08:21 PM",7.877,29.402,49.33,78.027,71138.2,1032.764,32.731,0.023,0.023,0.015,7.966,96.015,5.538,437.375,0,5.551,5.554,21
"5/25/2022 12:08:21 PM",7.646,29.402,49.332,78.03,71140.8,1032.765,32.732,0.039,0.039,0.015,7.96,95.965,5.536,448.25,0,5.548,5.552,21
"5/25/2022 12:08:22 PM",7.495,29.403,49.334,78.033,71142.8,1032.765,32.733,0.023,0.023,0,7.961,96.126,5.544,489.881,0,5.557,5.56,21
"5/25/2022 12:08:22 PM",7.366,29.403,49.334,78.034,71142.5,1032.764,32.733,0.023,0.023,0,7.96,96.083,5.542,539.497,0,5.555,5.558,21
"5/25/2022 12:08:22 PM",7.272,29.403,49.333,78.032,71141.1,1032.763,32.732,0.031,0.031,0,7.952,96.131,5.545,576.455,0,5.558,5.561,21
"5/25/2022 12:08:22 PM",7.173,29.404,49.333,78.035,71141.8,1032.763,32.732,0.039,0.039,0.058,7.952,96.098,5.543,578.324,0,5.556,5.559,21
"5/25/2022 12:08:22 PM",7.124,29.405,49.332,78.034,71139.9,1032.761,32.731,0.039,0.039,0.058,7.956,95.925,5.532,536.184,0,5.545,5.548,21
"5/25/2022 12:08:23 PM",7.075,29.405,49.333,78.036,71141.7,1032.762,32.732,0.047,0.047,0.058,7.959,95.863,5.529,494.468,0,5.542,5.545,21
"5/25/2022 12:08:23 PM",6.999,29.405,49.333,78.036,71141.5,1032.762,32.732,0.031,0.031,0.029,7.956,96.061,5.541,466.771,0,5.554,5.557,21
"5/25/2022 12:08:23 PM",6.79,29.406,49.335,78.04,71144.1,1032.762,32.733,0.039,0.039,0,7.96,96.042,5.54,442.728,0,5.553,5.556,21
"5/25/2022 12:08:23 PM",6.63,29.406,49.334,78.039,71142.2,1032.76,32.732,0.031,0.031,0.015,7.956,95.999,5.538,489.286,0,5.551,5.554,21
"5/25/2022 12:08:23 PM",6.467,29.409,49.334,78.043,71141.9,1032.759,32.731,0.016,0.016,0.015,7.955,96.196,5.549,506.363,0,5.562,5.566,21
"5/25/2022 12:08:24 PM",6.232,29.414,49.335,78.051,71141.9,1032.756,32.73,0.031,0.031,0,7.963,96.115,5.544,553.431,0,5.557,5.56,21
"5/25/2022 12:08:24 PM",6.11,29.415,49.333,78.05,71139.5,1032.754,32.728,0.023,0.023,0.029,7.958,96.203,5.549,638.136,0,5.562,5.565,21
"5/25/2022 12:08:24 PM",6.035,29.417,49.335,78.055,71141.6,1032.755,32.729,0.031,0.031,0.015,7.96,96.025,5.539,668.382,0,5.552,5.555,21
"5/25/2022 12:08:24 PM",6.004,29.42,49.334,78.058,71140.7,1032.753,32.728,0.047,0.047,0.058,7.964,96.115,5.544,621.314,0,5.557,5.56,21
"5/25/2022 12:08:24 PM",5.999,29.428,49.327,78.06,71130.5,1032.745,32.719,0.047,0.047,0.044,7.972,96.149,5.546,508.657,0,5.559,5.562,21
"5/25/2022 12:08:25 PM",5.994,29.427,49.331,78.064,71135.1,1032.748,32.722,0.039,0.039,0.058,7.968,96.042,5.54,477.137,0,5.553,5.556,21
"5/25/2022 12:08:25 PM",5.982,29.429,49.336,78.073,71142,1032.751,32.726,0.023,0.023,0,7.966,96.012,5.539,572.377,0,5.552,5.555,21
"5/25/2022 12:08:25 PM",5.955,29.429,49.339,78.077,71145.1,1032.753,32.728,0.031,0.031,0.044,7.968,95.944,5.535,631.594,0,5.548,5.551,21
"5/25/2022 12:08:25 PM",5.921,29.431,49.337,78.077,71142.3,1032.751,32.726,0.023,0.023,0.044,7.968,96.053,5.541,630.83,0,5.553,5.557,21
"5/25/2022 12:08:25 PM",5.778,29.436,49.331,78.076,71134.4,1032.744,32.719,0.023,0.023,0.044,7.972,96.072,5.542,639.665,0,5.555,5.558,21
"5/25/2022 12:08:26 PM",5.644,29.438,49.332,78.081,71135.4,1032.743,32.719,0.023,0.023,0.015,7.975,96.175,5.548,641.45,0,5.561,5.564,21
"5/25/2022 12:08:26 PM",5.423,29.44,49.332,78.083,71134.6,1032.741,32.718,0.039,0.039,0.029,7.975,95.979,5.536,610.524,0,5.549,5.552,21
"5/25/2022 12:08:26 PM",5.288,29.441,49.333,78.086,71136.1,1032.742,32.719,0.031,0.031,0.044,7.974,95.93,5.533,571.612,0,5.546,5.549,21
"5/25/2022 12:08:26 PM",5.171,29.441,49.332,78.084,71134.3,1032.74,32.718,0.031,0.031,0.029,7.973,96.115,5.544,546.889,0,5.556,5.56,21
"5/25/2022 12:08:27 PM",5.105,29.441,49.332,78.084,71134.3,1032.74,32.718,0.016,0.016,0.029,7.975,96.086,5.542,594.976,0,5.555,5.558,21
"5/25/2022 12:08:27 PM",5.086,29.44,49.331,78.083,71134.2,1032.74,32.718,0.016,0.016,0,7.975,96.233,5.551,695.994,0,5.563,5.567,21
"5/25/2022 12:08:27 PM",5.105,29.439,49.335,78.086,71138.2,1032.743,32.721,0.023,0.023,0,7.973,96.197,5.548,845.949,0,5.561,5.564,21
"5/25/2022 12:08:27 PM",5.107,29.439,49.334,78.085,71137.9,1032.742,32.721,0.055,0.055,0.044,7.969,96.166,5.547,879.168,0,5.56,5.563,21
"5/25/2022 12:08:27 PM",5.063,29.441,49.332,78.085,71134.2,1032.739,32.718,0.062,0.062,0.073,7.968,95.939,5.534,783.503,0,5.547,5.55,21
"5/25/2022 12:08:28 PM",4.915,29.442,49.331,78.084,71133.2,1032.738,32.717,0.023,0.023,0.073,7.975,95.973,5.536,759.629,0,5.549,5.552,21
"5/25/2022 12:08:28 PM",4.797,29.441,49.334,78.086,71136.5,1032.74,32.72,0.031,0.031,0.044,7.983,96.223,5.551,703.64,0,5.563,5.567,21
"5/25/2022 12:08:28 PM",4.618,29.439,49.337,78.089,71141.1,1032.743,32.723,0.023,0.023,0.015,7.981,96.048,5.541,639.241,0,5.554,5.557,21
"5/25/2022 12:08:28 PM",4.434,29.438,49.334,78.083,71137.3,1032.74,32.721,0.016,0.016,0,7.981,96.001,5.537,708.483,0,5.55,5.553,21
"5/25/2022 12:08:28 PM",4.225,29.436,49.337,78.084,71140.6,1032.741,32.723,0.023,0.023,0,7.976,96.054,5.542,822.16,0,5.554,5.558,21
"5/25/2022 12:08:29 PM",3.952,29.437,49.337,78.085,71140.5,1032.74,32.723,0.023,0.023,0,7.979,96.185,5.549,733.377,0,5.562,5.565,21
"5/25/2022 12:08:29 PM",3.799,29.438,49.338,78.088,71142.2,1032.74,32.724,0.008,0.008,0,7.982,96.078,5.543,855.294,0,5.556,5.559,21
"5/25/2022 12:08:29 PM",3.694,29.44,49.339,78.091,71142.8,1032.74,32.724,0.016,0.016,0,7.983,96.125,5.545,916.551,0,5.558,5.561,21
"5/25/2022 12:08:29 PM",3.562,29.444,49.339,78.098,71142.3,1032.738,32.722,0.023,0.023,0,7.983,96.026,5.539,939.235,0,5.552,5.555,21
"5/25/2022 12:08:29 PM",3.468,29.446,49.338,78.098,71140.3,1032.736,32.721,0.086,0.086,0.102,7.985,96.207,5.551,828.532,0,5.564,5.567,21
"5/25/2022 12:08:30 PM",3.376,29.446,49.339,78.101,71142,1032.736,32.722,0.062,0.062,0.116,7.983,95.978,5.538,706.359,0,5.551,5.554,21
"5/25/2022 12:08:30 PM",3.247,29.447,49.339,78.102,71142,1032.735,32.722,0.008,0.008,0,7.985,96.029,5.54,843.4,0,5.553,5.556,21
"5/25/2022 12:08:30 PM",3.183,29.447,49.34,78.103,71143,1032.736,32.722,0.016,0.016,0,7.987,96.036,5.54,925.387,0,5.553,5.556,21
"5/25/2022 12:08:30 PM",3.087,29.448,49.341,78.106,71144.1,1032.736,32.723,0.031,0.031,0.073,7.985,96.166,5.548,996.158,0,5.561,5.564,21
"5/25/2022 12:08:30 PM",2.966,29.448,49.341,78.106,71144.1,1032.735,32.723,0.062,0.062,0.058,7.987,96.046,5.541,939.575,0,5.554,5.557,21
"5/25/2022 12:08:31 PM",2.733,29.448,49.346,78.112,71150.5,1032.738,32.727,0.039,0.039,0.058,7.994,96.071,5.543,1085.622,0,5.556,5.559,21
"5/25/2022 12:08:31 PM",2.613,29.447,49.345,78.111,71149.4,1032.737,32.726,0.031,0.031,0.073,7.99,95.992,5.538,901.683,0,5.55,5.554,21
"5/25/2022 12:08:31 PM",2.548,29.448,49.344,78.11,71147.9,1032.736,32.725,0,0,0,7.993,96.077,5.543,834.904,0,5.556,5.559,21
"5/25/2022 12:08:31 PM",2.534,29.448,49.344,78.11,71148.2,1032.736,32.725,0,0,0,7.991,96.288,5.556,1096.836,0,5.569,5.572,21
"5/25/2022 12:08:32 PM",2.531,29.453,49.342,78.114,71144.1,1032.732,32.721,0.094,0.094,0.146,7.986,96.124,5.546,986.048,0,5.559,5.562,21
"5/25/2022 12:08:32 PM",2.477,29.456,49.337,78.112,71138.1,1032.728,32.717,0.062,0.062,0.044,7.994,96.049,5.542,769.909,0,5.555,5.558,21
"5/25/2022 12:08:32 PM",2.397,29.456,49.338,78.114,71138.9,1032.728,32.717,0.016,0.016,0,8.002,96.246,5.554,862.686,0,5.567,5.57,21
"5/25/2022 12:08:32 PM",2.253,29.457,49.337,78.113,71137.9,1032.726,32.717,0.008,0.008,0,7.997,96.125,5.547,872.202,0,5.56,5.563,21
"5/25/2022 12:08:32 PM",2.126,29.457,49.337,78.112,71137.3,1032.725,32.716,0,0,0,7.998,96.214,5.552,924.027,0,5.564,5.568,21
"5/25/2022 12:08:33 PM",1.953,29.457,49.339,78.116,71140,1032.726,32.718,0.031,0.031,0.073,7.998,96.075,5.543,1088.425,0,5.556,5.559,21
"5/25/2022 12:08:33 PM",1.736,29.457,49.338,78.114,71137.9,1032.724,32.717,0.062,0.062,0.102,7.993,96.21,5.552,1454.774,0,5.565,5.568,21
"5/25/2022 12:08:33 PM",1.409,29.459,49.334,78.111,71133.3,1032.72,32.714,0.047,0.047,0.044,8.006,96.222,5.553,1170.752,0,5.566,5.569,21
"5/25/2022 12:08:33 PM",1.237,29.46,49.334,78.112,71132.7,1032.718,32.713,0,0,0,7.997,96.224,5.553,1024.96,0,5.565,5.569,21
"5/25/2022 12:08:33 PM",1.117,29.461,49.331,78.109,71128.5,1032.715,32.71,0,0,0,7.994,96.001,5.54,784.523,0,5.553,5.556,21
"5/25/2022 12:08:34 PM",1.037,29.46,49.33,78.107,71128.2,1032.715,32.71,0.062,0.062,0.029,7.988,96.2,5.551,930.994,0,5.564,5.567,21
"5/25/2022 12:08:34 PM",0.964,29.46,49.329,78.105,71126.5,1032.713,32.709,0,0,0,7.992,96.137,5.548,860.477,0,5.561,5.564,21
"5/25/2022 12:08:34 PM",0.927,29.461,49.329,78.107,71126.8,1032.713,32.709,0.047,0.047,0.015,7.995,96.179,5.55,1656.129,0,5.563,5.566,21
"5/25/2022 12:08:34 PM",0.889,29.461,49.33,78.107,71127.4,1032.713,32.71,0.016,0.016,0.015,7.995,96.189,5.551,1291.99,0,5.564,5.567,21
"5/25/2022 12:08:34 PM",0.839,29.461,49.33,78.108,71128,1032.714,32.71,0,0,0,7.995,96.134,5.547,1068.375,0,5.56,5.563,21
"5/25/2022 12:08:35 PM",0.786,29.46,49.33,78.107,71127.4,1032.713,32.71,0.156,0.156,0.073,7.992,96.121,5.547,1430.05,0,5.56,5.563,21
"5/25/2022 12:08:35 PM",0.745,29.458,49.33,78.103,71127.6,1032.714,32.711,0.172,0.172,0.32,7.995,95.961,5.537,1014.765,0,5.55,5.553,21
"5/25/2022 12:08:35 PM",0.651,29.457,49.327,78.099,71124.6,1032.712,32.709,0.055,0.055,0.087,7.995,96.205,5.552,1215.866,0,5.565,5.568,21
"5/25/2022 12:08:35 PM",0.418,29.455,49.329,78.098,71126.7,1032.713,32.711,0,0,0,7.993,96.17,5.55,1191.482,0,5.563,5.566,21
"5/25/2022 12:08:36 PM",0.277,29.455,49.326,78.094,71123.4,1032.71,32.709,0.031,0.031,0,7.988,96.151,5.549,1540.583,0,5.562,5.565,21
"5/25/2022 12:08:36 PM",0.209,29.455,49.322,78.089,71118.4,1032.707,32.706,0.055,0.055,0.058,7.99,96.288,5.557,1384.682,0,5.57,5.573,21
"5/25/2022 12:08:36 PM",0.199,29.453,49.318,78.081,71113.7,1032.705,32.704,0,0,0,7.997,96.072,5.545,1340.077,0,5.558,5.561,21
"5/25/2022 12:08:36 PM",0.202,29.453,49.32,78.082,71115.5,1032.706,32.705,0.016,0.016,0.015,7.997,96.332,5.56,1226.825,0,5.573,5.576,21
"5/25/2022 12:08:36 PM",0.197,29.453,49.317,78.079,71111.9,1032.703,32.703,0.039,0.039,0.058,7.995,96.125,5.548,1289.101,0,5.561,5.564,21
"5/25/2022 12:08:37 PM",0.169,29.453,49.316,78.077,71110.4,1032.702,32.702,0.031,0.031,0.087,7.999,96.286,5.558,1118.331,0,5.57,5.574,21
"5/25/2022 12:08:37 PM",0.07,29.454,49.309,78.07,71101.9,1032.697,32.696,0.047,0.047,0.058,7.999,96.099,5.547,1424.188,0,5.56,5.563,21
"5/25/2022 12:08:37 PM",0,29.454,49.309,78.069,71101.8,1032.696,32.696,0.07,0.07,0.044,7.994,96.097,5.547,1676.35,0,5.56,5.563,21
"5/25/2022 12:08:37 PM",0,29.453,49.309,78.067,71102.1,1032.696,32.697,0,0,0,8.004,96.002,5.542,1624.524,0,5.554,5.558,21
"5/25/2022 12:08:37 PM",0,29.453,49.304,78.061,71095.5,1032.692,32.693,0,0,0,8.005,96.293,5.559,1730.894,0,5.572,5.575,21
"5/25/2022 12:08:38 PM",0,29.453,49.299,78.053,71088.6,1032.687,32.689,0,0,0,7.996,96.122,5.549,1766.068,0,5.562,5.565,21
"5/25/2022 12:08:38 PM",0,29.46,8.139,15.357,13985,1001.876,1.878,93.726,93.726,0,7.995,96.29,6.973,2003.956,0,6.993,6.993,21
"5/25/2022 12:08:38 PM",0,29.498,1.641,3.441,3131.3,997.026,0,73.92,73.92,130.024,7.994,96.259,7.223,2050.26,0,7.244,7.244,21
"5/25/2022 12:08:38 PM",0,29.702,1.022,2.205,1998.1,996.502,0,174.479,174.479,0,7.991,96.239,7.244,1839.643,0,7.265,7.265,21
"5/25/2022 12:08:38 PM",0,29.784,0.87,1.893,1712.9,996.364,0,150.086,150.086,0,7.983,96.432,7.263,2042.868,0,7.284,7.284,21
"5/25/2022 12:08:39 PM",0,29.864,0.838,1.83,1653.2,996.316,0,345.737,345.737,0,7.98,96.394,7.259,2105.314,0,7.28,7.28,21
"5/25/2022 12:08:39 PM",0,29.932,0.878,1.916,1728.7,996.325,0,91.113,91.113,0,7.974,96.016,7.227,2129.188,0,7.248,7.248,21
"5/25/2022 12:08:39 PM",0,30.122,0.748,1.65,1483.2,996.171,0,118.727,118.727,0,7.973,96.626,7.275,2122.646,0,7.296,7.296,21
"5/25/2022 12:08:39 PM",0,30.207,0.682,1.513,1357.9,996.095,0,0,0,0,7.972,96.438,7.262,2111.176,0,7.283,7.283,21
"5/25/2022 12:08:39 PM",0,30.056,0.625,1.387,1248.1,996.098,0,0,0,0,7.968,96.188,7.243,2138.873,0,7.264,7.264,21
"5/25/2022 12:08:40 PM",0,29.997,0.593,1.317,1186.2,996.092,0,0,0,0,7.964,96.408,7.259,2128.678,0,7.28,7.28,21
"5/25/2022 12:08:40 PM",0,30.016,0.525,1.173,1056,996.036,0,20.071,20.071,0,7.966,96.367,7.256,2107.438,0,7.277,7.277,21
"5/25/2022 12:08:40 PM",0,29.855,0.486,1.084,979,996.055,0,184.246,184.246,0,7.964,96.424,7.26,2084.839,0,7.281,7.281,21
"5/25/2022 12:08:40 PM",0,29.594,0.463,1.029,934.6,996.116,0,167.537,167.537,0,7.966,95.946,7.223,2057.736,0,7.244,7.244,21
"5/25/2022 12:08:41 PM",0,29.168,0.448,0.991,907.4,996.232,0,216.042,216.042,0,7.965,95.48,7.187,2057.821,0,7.208,7.208,21
"5/25/2022 12:08:41 PM",0,28.833,0.441,0.968,893.1,996.325,0,96.643,96.643,196.949,7.968,95.025,7.152,2049.58,0,7.173,7.173,21
"5/25/2022 12:08:41 PM",0,28.686,0.448,0.979,906,996.372,0,18.839,18.839,0,7.957,94.993,7.149,2059.266,0,7.17,7.17,21
"5/25/2022 12:08:41 PM",0,28.659,0.44,0.963,891,996.374,0,11.693,11.693,0,7.95,95.357,7.177,2081.695,0,7.197,7.197,21
"5/25/2022 12:08:41 PM",0,29.449,0.411,0.914,832.7,996.12,0,65.136,65.136,0,7.947,95.574,7.194,2064.278,0,7.215,7.215,21
"5/25/2022 12:08:42 PM",0,29.923,0.381,0.858,774.4,995.956,0,0,0,0,7.949,95.809,7.214,2077.787,0,7.235,7.235,21
"5/25/2022 12:08:42 PM",0,30.415,0.36,0.82,732.5,995.791,0,0,0,0,7.947,95.902,7.222,2027.321,0,7.242,7.242,21
"5/25/2022 12:08:42 PM",0,30.837,0.333,0.766,678.6,995.641,0,7.106,7.106,0,7.944,95.914,7.224,1662.331,0,7.245,7.245,21
"5/25/2022 12:08:42 PM",0,30.767,0.323,0.741,658,995.655,0,0,0,23.83,7.944,95.423,7.186,1855.361,0,7.207,7.207,21
"5/25/2022 12:08:42 PM",0,30.651,0.324,0.743,660.7,995.691,0,8.698,8.698,0,7.945,95.172,7.167,1897.926,0,7.187,7.187,21
"5/25/2022 12:08:43 PM",0,30.411,0.314,0.717,640.9,995.757,0,22.88,22.88,0,7.943,94.735,7.133,1985.095,0,7.153,7.153,21
"5/25/2022 12:08:43 PM",0,30.195,0.305,0.695,623.6,995.817,0,0,0,17.346,7.939,94.628,7.124,1984.076,0,7.144,7.144,21
"5/25/2022 12:08:43 PM",0,30.023,0.301,0.682,614.2,995.865,0,15.282,15.282,0,7.936,94.635,7.123,2001.832,0,7.144,7.144,21
"5/25/2022 12:08:43 PM",0,29.865,0.294,0.665,601.1,995.908,0,0,0,0,7.934,94.613,7.122,1999.793,0,7.142,7.142,21
"5/25/2022 12:08:43 PM",0,29.56,0.287,0.647,588.3,995.995,0,35.61,35.61,0,7.936,94.489,7.112,2025.027,0,7.133,7.133,21
"5/25/2022 12:08:44 PM",0,29.397,0.284,0.638,581.6,996.041,0,0,0,0,7.932,94.653,7.124,2039.555,0,7.145,7.145,21
"5/25/2022 12:08:44 PM",0,29.255,0.28,0.626,572.6,996.079,0,73.639,73.639,0,7.931,94.485,7.112,2081.185,0,7.132,7.132,21
"5/25/2022 12:08:44 PM",0,29.087,0.276,0.616,564.8,996.126,0,16.889,16.889,0,7.928,94.471,7.111,1871.504,0,7.132,7.132,21
"5/25/2022 12:08:44 PM",0,29.347,0.279,0.627,572.1,996.052,0,0,0,0,7.927,95.434,7.184,2044.567,0,7.205,7.205,21
"5/25/2022 12:08:45 PM",0,29.614,0.283,0.638,579.5,995.975,0,25.017,25.017,0,7.926,95.193,7.166,2022.563,0,7.187,7.187,21
"5/25/2022 12:08:45 PM",0,29.656,0.289,0.653,592.2,995.968,0,15.383,15.383,13.586,7.923,95.345,7.179,2004.041,0,7.2,7.2,21
"5/25/2022 12:08:45 PM",0,30.364,0.274,0.627,560.9,995.742,0,4.509,4.509,10.983,7.923,95.355,7.181,2063.344,0,7.202,7.202,21
"5/25/2022 12:08:45 PM",0,30.16,0.374,0.846,759.5,995.878,0,12.458,12.458,0,7.925,94.886,7.142,1856.126,0,7.163,7.163,21
"5/25/2022 12:08:45 PM",0,29.859,0.362,0.815,735.9,995.961,0,0,0,0,7.924,94.529,7.116,1431.495,0,7.136,7.136,21
"5/25/2022 12:08:46 PM",0,29.724,0.373,0.838,759.2,996.01,0,0,0,0,7.923,94.98,7.149,570.253,0,7.17,7.17,21
"5/25/2022 12:08:46 PM",0,29.738,0.388,0.871,788.9,996.017,0,0,0,0,7.92,33.338,2.509,242.816,0,2.516,2.516,21
"5/25/2022 12:08:46 PM",0,29.746,0.42,0.939,850.3,996.038,0,0,0,0,7.902,76.742,5.774,268.984,0,5.791,5.791,21
"5/25/2022 12:08:46 PM",0,29.669,0.409,0.914,829.2,996.053,0,0,0,0,7.891,92.513,6.96,840.426,0,6.981,6.981,21
"5/25/2022 12:08:46 PM",0,29.37,0.4,0.891,812.6,996.136,0,0,0,0,7.882,95.393,7.176,1403.033,0,7.197,7.197,21
"5/25/2022 12:08:47 PM",0,29.113,0.373,0.828,759,996.192,0,0,0,0,7.886,95.731,7.202,1604.304,0,7.223,7.223,21
"5/25/2022 12:08:47 PM",0,29.015,0.357,0.793,728.4,996.209,0,0,0,0,7.886,95.878,7.214,1732.933,0,7.235,7.235,21
"5/25/2022 12:08:47 PM",0,28.985,0.346,0.767,705,996.208,0,0,0,1.763,7.871,95.937,7.219,1838.029,0,7.24,7.24,21
"5/25/2022 12:08:47 PM",0,28.969,0.33,0.732,672.8,996.201,0,0,0,0,7.885,96.451,7.258,1892.489,0,7.278,7.279,21
"5/25/2022 12:08:47 PM",0,30.495,1.528,3.277,2923.8,996.638,0,0,0,0,7.971,97.47,7.267,1876.601,0,7.288,7.288,21
"5/25/2022 12:08:48 PM",0,31.378,1.473,3.219,2823.3,996.323,0,0,0,0.233,8.11,97.642,7.255,1846.44,0,7.276,7.276,21
"5/25/2022 12:08:48 PM",0,31.593,1.491,3.27,2855.7,996.268,0,0.39,0.39,5.779,8.203,97.896,7.249,1006.694,0,7.27,7.27,21
"5/25/2022 12:08:48 PM",0,31.67,1.413,3.111,2712.6,996.185,0,2.098,2.098,10.308,8.261,97.547,7.201,349.186,0,7.222,7.222,21
"5/25/2022 12:08:48 PM",0,31.656,1.423,3.131,2730.9,996.197,0,0.889,0.889,8.327,8.282,97.252,7.167,335.253,0,7.188,7.188,21
"5/25/2022 12:08:48 PM",0,31.65,1.379,3.038,2650.5,996.166,0,1.162,1.162,7.917,8.295,97.043,7.146,380.367,0,7.166,7.166,21
"5/25/2022 12:08:49 PM",0,31.657,1.328,2.933,2558,996.126,0,1.685,1.685,9.075,8.31,96.864,7.126,1631.576,0,7.147,7.147,21
"5/25/2022 12:08:49 PM",0,31.655,1.318,2.912,2539.8,996.119,0,2.075,2.075,9.926,8.32,96.702,7.111,1724.013,0,7.131,7.131,21
"5/25/2022 12:08:49 PM",0,31.661,1.302,2.88,2511.7,996.106,0,1.794,1.794,9.501,8.324,96.597,7.101,1085.622,0,7.121,7.121,21
"5/25/2022 12:08:49 PM",0,31.663,1.288,2.85,2485.6,996.095,0,1.849,1.849,10,8.333,96.335,7.08,493.364,0,7.1,7.1,21
"5/25/2022 12:08:50 PM",0,31.66,1.253,2.776,2421.1,996.069,0,1.63,1.63,10.278,8.338,96.246,7.072,390.052,0,7.093,7.093,21
"5/25/2022 12:08:50 PM",0,31.653,1.288,2.85,2485.9,996.098,0,1.482,1.482,9.574,8.342,96.259,7.071,1391.308,0,7.091,7.091,21
"5/25/2022 12:08:50 PM",0,31.653,1.245,2.758,2405.7,996.065,0,1.747,1.747,10.264,8.349,96.164,7.064,1797.248,0,7.084,7.084,21
"5/25/2022 12:08:50 PM",0,31.655,1.274,2.82,2459.6,996.086,0,1.771,1.771,10.132,8.352,96.129,7.06,1832.762,0,7.08,7.08,21
"5/25/2022 12:08:50 PM",0,31.668,1.231,2.731,2381.3,996.051,0,1.576,1.576,10.088,8.349,96.15,7.062,1851.198,0,7.083,7.083,21
"5/25/2022 12:08:51 PM",0,31.669,1.243,2.754,2402,996.059,0,1.802,1.802,9.867,8.346,96.117,7.059,1885.012,0,7.079,7.079,21
"5/25/2022 12:08:51 PM",0,31.673,1.24,2.748,2396.5,996.055,0,1.708,1.708,10.264,8.361,96.039,7.052,1974.39,0,7.072,7.072,21
"5/25/2022 12:08:51 PM",0,31.679,1.227,2.722,2372.9,996.044,0,1.677,1.677,10.117,8.36,96.121,7.058,2008.374,0,7.078,7.078,21
"5/25/2022 12:08:51 PM",0,31.683,1.241,2.752,2399.5,996.053,0,1.896,1.896,9.574,8.353,96.118,7.056,2019.589,0,7.077,7.077,21
"5/25/2022 12:08:51 PM",0,31.683,1.229,2.726,2376.8,996.044,0,1.989,1.989,9.119,8.349,96.009,7.048,2023.073,0,7.069,7.069,21
"5/25/2022 12:08:52 PM",0,31.678,1.246,2.762,2408.3,996.059,0,1.747,1.747,10.117,8.349,96.012,7.048,2020.184,0,7.068,7.068,21
"5/25/2022 12:08:52 PM",0,31.676,1.232,2.733,2382.6,996.049,0,1.802,1.802,9.647,8.346,96.002,7.047,2022.308,0,7.067,7.067,21
"5/25/2022 12:08:52 PM",0,31.677,1.256,2.783,2426.6,996.066,0,1.903,1.903,9.413,8.346,95.84,7.034,2022.563,0,7.054,7.054,21
"5/25/2022 12:08:52 PM",0,31.668,1.245,2.76,2406.7,996.061,0,1.755,1.755,10.411,8.354,95.943,7.042,2020.269,0,7.062,7.062,21
"5/25/2022 12:08:52 PM",0,31.665,1.271,2.814,2454.3,996.081,0,2.028,2.028,10.249,8.35,96.161,7.057,2012.537,0,7.077,7.077,21
"5/25/2022 12:08:53 PM",0,31.655,1.264,2.8,2442,996.079,0,1.974,1.974,9.09,8.352,95.95,7.041,2016.785,0,7.062,7.061,21
"5/25/2022 12:08:53 PM",0,31.648,1.275,2.822,2461.8,996.09,0,1.833,1.833,9.192,8.352,95.977,7.043,2023.837,0,7.063,7.063,21
"5/25/2022 12:08:53 PM",0,31.635,1.275,2.82,2460.7,996.093,0,1.747,1.747,9.383,8.351,96.104,7.053,2031.059,0,7.073,7.073,21
"5/25/2022 12:08:53 PM",0,31.63,1.261,2.791,2435.7,996.085,0,2.153,2.153,9.97,8.352,96.008,7.046,2033.693,0,7.067,7.066,21
"5/25/2022 12:08:54 PM",0,31.626,1.24,2.747,2397.6,996.071,0,1.958,1.958,10.249,8.355,96.017,7.049,2034.542,0,7.069,7.069,21
"5/25/2022 12:08:54 PM",0,31.621,1.236,2.739,2390.5,996.069,0,1.693,1.693,9.486,8.354,95.962,7.045,2037.006,0,7.065,7.065,21
"5/25/2022 12:08:54 PM",0,31.616,1.214,2.691,2349.4,996.054,0,1.669,1.669,9.471,8.347,96.071,7.054,2040.319,0,7.075,7.075,21
"5/25/2022 12:08:54 PM",0,31.617,1.223,2.711,2366.3,996.061,0,1.981,1.981,9.677,8.347,96.095,7.056,2042.358,0,7.076,7.076,21
"5/25/2022 12:08:54 PM",0,31.618,1.205,2.673,2333.6,996.047,0,2.223,2.223,9.662,8.353,96.056,7.054,2038.62,0,7.074,7.074,21
"5/25/2022 12:08:55 PM",0,31.617,1.211,2.684,2343.4,996.051,0,2.2,2.2,9.706,8.352,96.165,7.062,2034.967,0,7.082,7.082,21
"5/25/2022 12:08:55 PM",0,31.616,1.191,2.642,2306.6,996.037,0,1.989,1.989,9.031,8.351,96.063,7.055,2031.484,0,7.076,7.076,21
"5/25/2022 12:08:55 PM",0,31.613,1.201,2.663,2325,996.045,0,1.654,1.654,9.677,8.345,96.074,7.056,2029.275,0,7.076,7.076,21
"5/25/2022 12:08:55 PM",0,31.61,1.184,2.627,2293.8,996.034,0,1.849,1.849,11.057,8.341,96.039,7.054,2028.255,0,7.074,7.074,21
"5/25/2022 12:08:55 PM",0,31.603,1.19,2.641,2306,996.041,0,1.708,1.708,10.323,8.337,96.025,7.054,2026.896,0,7.074,7.074,21
"5/25/2022 12:08:56 PM",0,31.602,1.192,2.645,2309.3,996.042,0,1.95,1.95,10.734,8.336,96.042,7.055,2026.131,0,7.075,7.075,21
"5/25/2022 12:08:56 PM",0,31.603,1.191,2.642,2307.1,996.041,0,1.896,1.896,9.765,8.34,96.087,7.059,2030.294,0,7.079,7.079,21
"5/25/2022 12:08:56 PM",0,31.609,1.192,2.645,2309.6,996.04,0,2.052,2.052,9.559,8.339,96.062,7.057,2033.353,0,7.077,7.077,21
"5/25/2022 12:08:56 PM",0,31.612,1.187,2.635,2300.7,996.036,0,2.098,2.098,10.132,8.333,96.066,7.058,2040.15,0,7.078,7.078,21
"5/25/2022 12:08:56 PM",0,31.613,1.195,2.652,2315.3,996.041,0,2.231,2.231,9.838,8.334,96.04,7.055,2044.822,0,7.076,7.076,21
"5/25/2022 12:08:57 PM",0,31.614,1.187,2.634,2299.5,996.035,0,1.669,1.669,10.132,8.33,96.025,7.055,2049.07,0,7.075,7.075,21
"5/25/2022 12:08:57 PM",0,31.612,1.19,2.64,2304.7,996.037,0,1.669,1.669,9.897,8.336,96.128,7.062,2054.253,0,7.082,7.082,21
"5/25/2022 12:08:57 PM",0,31.609,1.187,2.634,2300,996.036,0,1.63,1.63,9.471,8.332,96.104,7.061,2057.566,0,7.081,7.081,21
"5/25/2022 12:08:57 PM",0,31.606,1.187,2.634,2299.8,996.037,0,2.052,2.052,9.574,8.33,96.019,7.055,2059.605,0,7.075,7.075,21
"5/25/2022 12:08:58 PM",0,31.6,1.179,2.617,2285.6,996.033,0,1.974,1.974,10.132,8.321,95.994,7.053,2060.115,0,7.073,7.073,21
"5/25/2022 12:08:58 PM",0,31.594,1.175,2.609,2278.2,996.032,0,1.49,1.49,10.205,8.319,96.035,7.057,2058.841,0,7.077,7.077,21
"5/25/2022 12:08:58 PM",0,31.579,1.168,2.593,2265.3,996.032,0,1.537,1.537,10.117,8.321,95.945,7.05,2058.076,0,7.07,7.07,21
"5/25/2022 12:08:58 PM",0,31.57,1.157,2.569,2244.5,996.026,0,1.74,1.74,9.251,8.317,96.037,7.058,2057.651,0,7.078,7.078,21
"5/25/2022 12:08:58 PM",0,31.565,1.142,2.538,2217.5,996.017,0,1.732,1.732,10,8.314,96.047,7.059,2056.802,0,7.079,7.079,21
"5/25/2022 12:08:59 PM",0,31.561,1.135,2.522,2204.2,996.013,0,1.786,1.786,10.22,8.313,96.028,7.059,2055.612,0,7.079,7.079,21
"5/25/2022 12:08:59 PM",0,31.556,1.117,2.483,2170.4,996.001,0,1.888,1.888,9.941,8.312,96.097,7.064,2051.534,0,7.085,7.085,21
"5/25/2022 12:08:59 PM",0,31.555,1.104,2.456,2146.1,995.991,0,2.044,2.044,9.236,8.312,96.024,7.06,2048.9,0,7.08,7.08,21
"5/25/2022 12:08:59 PM",0,31.556,1.1,2.447,2139,995.988,0,1.732,1.732,9.104,8.31,96.018,7.059,2045.587,0,7.08,7.079,21
"5/25/2022 12:08:59 PM",0,31.556,1.088,2.423,2117.2,995.979,0,1.771,1.771,9.765,8.313,96.055,7.062,2042.528,0,7.083,7.083,21
"5/25/2022 12:09:00 PM",0,31.554,1.087,2.422,2116.4,995.98,0,1.818,1.818,9.867,8.314,96.024,7.061,2039.81,0,7.081,7.081,21
"5/25/2022 12:09:00 PM",0,31.554,1.071,2.386,2085.2,995.967,0,1.779,1.779,10.176,8.308,96.016,7.061,2037.686,0,7.081,7.081,21
"5/25/2022 12:09:00 PM",0,31.558,1.075,2.396,2094,995.969,0,1.755,1.755,9.413,8.304,96.062,7.064,2036.921,0,7.085,7.084,21
"5/25/2022 12:09:00 PM",0,31.56,1.066,2.376,2076.5,995.962,0,1.872,1.872,9.677,8.308,96.093,7.066,2035.986,0,7.087,7.087,21
"5/25/2022 12:09:00 PM",0,31.561,1.069,2.383,2082.6,995.964,0,1.35,1.35,9.413,8.302,96.153,7.071,2037.941,0,7.091,7.091,21
"5/25/2022 12:09:01 PM",0,31.564,1.066,2.377,2076.8,995.961,0,1.849,1.849,9.589,8.302,96.062,7.064,2040.744,0,7.084,7.084,21
"5/25/2022 12:09:01 PM",0,31.565,1.069,2.384,2082.9,995.963,0,2.013,2.013,9.486,8.298,96.228,7.076,2042.953,0,7.096,7.096,21
"5/25/2022 12:09:01 PM",0,31.565,1.065,2.375,2074.9,995.959,0,1.599,1.599,10.058,8.299,96.092,7.066,2045.247,0,7.086,7.086,21
"5/25/2022 12:09:01 PM",0,31.57,1.066,2.376,2075.8,995.958,0,1.701,1.701,10.367,8.285,96.125,7.068,2050.175,0,7.088,7.088,21
"5/25/2022 12:09:01 PM",0,31.572,1.068,2.381,2079.8,995.959,0,1.701,1.701,10.029,8.288,96.095,7.065,2052.299,0,7.086,7.085,21
"5/25/2022 12:09:02 PM",0,31.58,1.062,2.369,2069.6,995.953,0,2.028,2.028,9.677,8.283,96.14,7.069,2053.913,0,7.089,7.089,21
"5/25/2022 12:09:02 PM",0,31.592,1.06,2.365,2065.8,995.947,0,1.896,1.896,9.501,8.28,96.107,7.066,2056.462,0,7.086,7.086,21
"5/25/2022 12:09:02 PM",0,31.608,1.052,2.35,2051.4,995.936,0,1.591,1.591,9.295,8.28,96.081,7.064,2057.142,0,7.085,7.085,21
"5/25/2022 12:09:02 PM",0,31.628,1.052,2.349,2050,995.93,0,1.857,1.857,10.631,8.281,96.196,7.073,2057.142,0,7.093,7.093,21
"5/25/2022 12:09:02 PM",0,31.638,1.04,2.325,2028.5,995.918,0,1.716,1.716,9.765,8.274,96.054,7.063,2058.501,0,7.083,7.083,21
"5/25/2022 12:09:03 PM",0,31.636,1.038,2.32,2024.6,995.917,0,2.013,2.013,10.323,8.269,96.131,7.068,2059.096,0,7.089,7.089,21
"5/25/2022 12:09:03 PM",0,31.634,1.033,2.309,2015,995.914,0,2.044,2.044,9.031,8.266,96.081,7.065,2058.841,0,7.085,7.085,21
"5/25/2022 12:09:03 PM",0,31.634,1.031,2.305,2011,995.912,0,1.903,1.903,9.369,8.262,96.124,7.068,2059.775,0,7.089,7.088,21
"5/25/2022 12:09:03 PM",0,31.64,1.031,2.305,2011.5,995.91,0,1.981,1.981,9.413,8.263,95.993,7.059,2060.37,0,7.079,7.079,21
"5/25/2022 12:09:04 PM",0,31.641,1.026,2.295,2002.2,995.906,0,1.864,1.864,9.985,8.257,96.056,7.063,2060.795,0,7.083,7.083,21
"5/25/2022 12:09:04 PM",0,31.639,1.025,2.292,2000.2,995.906,0,2.091,2.091,9.398,8.255,95.996,7.059,2060.03,0,7.079,7.079,21
"5/25/2022 12:09:04 PM",0,31.638,1.018,2.278,1988,995.901,0,2.122,2.122,9.794,8.255,96.053,7.063,2058.076,0,7.084,7.084,21
"5/25/2022 12:09:04 PM",0,31.636,1.016,2.274,1984.1,995.9,0,1.903,1.903,10.014,8.258,96.047,7.063,2057.396,0,7.083,7.083,21
"5/25/2022 12:09:04 PM",0,31.633,1.01,2.26,1972.4,995.897,0,1.802,1.802,9.853,8.261,96.084,7.066,2053.233,0,7.086,7.086,21
"5/25/2022 12:09:05 PM",0,31.634,1.011,2.262,1973.7,995.897,0,1.638,1.638,10.513,8.26,95.952,7.056,2051.194,0,7.076,7.076,21
"5/25/2022 12:09:05 PM",0,31.635,1.007,2.254,1966.5,995.894,0,1.545,1.545,10.837,8.261,95.927,7.054,2047.541,0,7.075,7.074,21
"5/25/2022 12:09:05 PM",0,31.634,1.007,2.253,1966.5,995.894,0,1.685,1.685,10.881,8.257,96.015,7.061,2043.718,0,7.081,7.081,21
"5/25/2022 12:09:05 PM",0,31.635,1.004,2.248,1961.5,995.892,0,2.059,2.059,10.557,8.258,96.04,7.063,2042.358,0,7.083,7.083,21
"5/25/2022 12:09:05 PM",0,31.637,1.004,2.247,1961.1,995.891,0,1.607,1.607,10,8.257,95.917,7.054,2042.613,0,7.074,7.074,21
"5/25/2022 12:09:06 PM",0,31.636,1.002,2.243,1957.5,995.89,0,1.935,1.935,10.411,8.254,95.892,7.052,2042.698,0,7.072,7.072,21
"5/25/2022 12:09:06 PM",0,31.635,1.001,2.242,1956.1,995.89,0,1.841,1.841,9.941,8.254,95.911,7.053,2044.228,0,7.074,7.074,21
"5/25/2022 12:09:06 PM",0,31.634,1.001,2.241,1955.2,995.889,0,1.662,1.662,9.809,8.255,95.953,7.056,2044.822,0,7.077,7.077,21
"5/25/2022 12:09:06 PM",0,31.635,0.999,2.238,1953,995.888,0,1.49,1.49,8.796,8.251,95.966,7.058,2046.522,0,7.078,7.078,21
"5/25/2022 12:09:06 PM",0,31.635,0.999,2.236,1951.3,995.888,0,1.584,1.584,9.427,8.252,95.869,7.05,2048.476,0,7.071,7.071,21
"5/25/2022 12:09:07 PM",0,31.636,0.997,2.232,1948.1,995.886,0,1.771,1.771,9.853,8.245,95.958,7.057,2050.43,0,7.078,7.078,21
"5/25/2022 12:09:07 PM",0,31.63,0.997,2.234,1949.2,995.888,0,1.896,1.896,10,8.245,96.114,7.069,2052.299,0,7.089,7.089,21
"5/25/2022 12:09:07 PM",0,31.627,0.994,2.227,1943.6,995.887,0,2.153,2.153,10.176,8.244,96.016,7.062,2053.998,0,7.082,7.082,21
"5/25/2022 12:09:07 PM",0,31.625,0.996,2.23,1946,995.889,0,2.325,2.325,9.589,8.244,96.095,7.067,2055.442,0,7.088,7.087,21
"5/25/2022 12:09:53 PM",0,31.736,0.856,1.934,1684.1,995.749,0,1.794,1.794,9.97,8.128,95.659,6.993,1054.866,0,7.013,7.012,21
"5/25/2022 12:09:53 PM",0,31.736,0.856,1.934,1684.4,995.749,0,1.747,1.747,9.985,8.124,95.703,6.995,938.301,0,7.015,7.015,21
"5/25/2022 12:09:53 PM",0,31.735,0.855,1.932,1682.8,995.749,0,1.474,1.474,9.178,8.127,95.869,7.007,968.207,0,7.027,7.027,21
"5/25/2022 12:09:53 PM",0,31.735,0.854,1.93,1681.2,995.748,0,1.396,1.396,9.721,8.123,95.784,7.001,1313.655,0,7.021,7.021,21
"5/25/2022 12:09:53 PM",0,31.734,0.854,1.931,1681.5,995.749,0,1.708,1.708,9.53,8.12,95.637,6.991,1666.919,0,7.011,7.01,21
"5/25/2022 12:09:54 PM",0,31.736,0.853,1.927,1678.6,995.747,0,1.638,1.638,10.205,8.128,95.627,6.99,1934.204,0,7.01,7.01,21
"5/25/2022 12:09:54 PM",0,31.739,0.853,1.928,1678.9,995.746,0,1.888,1.888,9.985,8.127,95.648,6.992,1968.783,0,7.012,7.011,21
"5/25/2022 12:09:54 PM",0,31.737,0.853,1.928,1678.8,995.747,0,1.74,1.74,9.06,8.124,95.763,6.999,1973.541,0,7.02,7.019,21
"5/25/2022 12:09:54 PM",0,31.736,0.853,1.928,1679.5,995.747,0,1.295,1.295,9.559,8.125,95.686,6.994,1971.926,0,7.014,7.014,21
"5/25/2022 12:09:55 PM",0,31.737,0.853,1.929,1679.8,995.747,0,1.607,1.607,9.192,8.116,95.757,6.999,1969.802,0,7.019,7.019,21
"5/25/2022 12:09:55 PM",0,31.739,0.854,1.929,1680.2,995.747,0,1.958,1.958,9.398,8.112,95.869,7.007,1968.783,0,7.027,7.027,21
"5/25/2022 12:09:55 PM",0,31.738,0.854,1.93,1680.8,995.747,0,1.389,1.389,10.044,8.116,95.902,7.01,1968.103,0,7.03,7.03,21
"5/25/2022 12:09:55 PM",0,31.739,0.854,1.93,1680.8,995.747,0,1.81,1.81,9.486,8.11,95.947,7.013,1968.528,0,7.033,7.033,21
"5/25/2022 12:09:55 PM",0,31.742,0.854,1.93,1680.7,995.746,0,1.802,1.802,7.961,8.118,95.829,7.005,1967.848,0,7.025,7.025,21
"5/25/2022 12:09:56 PM",0,31.742,0.854,1.93,1680.8,995.746,0,1.701,1.701,8.723,8.112,95.808,7.003,1952.216,0,7.023,7.023,21
"5/25/2022 12:09:56 PM",0,31.741,0.854,1.93,1681.1,995.746,0,1.872,1.872,9.016,8.107,95.909,7.01,1854.936,0,7.03,7.03,21
"5/25/2022 12:09:56 PM",0,31.743,0.854,1.931,1681.4,995.746,0,1.771,1.771,8.723,8.107,95.816,7.003,1624.354,0,7.023,7.023,21
"5/25/2022 12:09:56 PM",0,31.742,0.854,1.931,1681.3,995.746,0,1.794,1.794,8.533,8.108,95.729,6.997,1314.844,0,7.017,7.017,21
"5/25/2022 12:09:56 PM",0,31.744,0.854,1.93,1680.7,995.745,0,1.63,1.63,9.354,8.109,95.936,7.012,928.87,0,7.032,7.032,21
"5/25/2022 12:09:57 PM",0,31.743,0.854,1.93,1681.1,995.746,0,1.942,1.942,8.987,8.105,95.782,7.001,839.747,0,7.021,7.021,21
"5/25/2022 12:09:57 PM",0,31.742,0.854,1.93,1681,995.746,0,1.794,1.794,9.721,8.106,95.798,7.002,840.936,0,7.022,7.022,21
"5/25/2022 12:09:57 PM",0,31.743,0.854,1.93,1680.8,995.746,0,1.373,1.373,9.574,8.103,95.847,7.005,877.809,0,7.025,7.025,21
"5/25/2022 12:09:57 PM",0,31.742,0.854,1.93,1680.4,995.746,0,1.747,1.747,10.278,8.111,95.94,7.012,907.29,0,7.032,7.032,21
"5/25/2022 12:09:57 PM",0,31.742,0.853,1.929,1679.9,995.746,0,2.067,2.067,10.073,8.11,95.993,7.016,900.493,0,7.036,7.036,21
"5/25/2022 12:09:58 PM",0,31.744,0.854,1.929,1680,995.745,0,2.114,2.114,9.574,8.108,96.018,7.018,878.234,0,7.038,7.037,21
"5/25/2022 12:09:58 PM",0,31.744,0.854,1.929,1679.9,995.745,0,1.903,1.903,9.706,8.109,95.861,7.006,832.78,0,7.026,7.026,21
"5/25/2022 12:09:58 PM",0,31.743,0.853,1.928,1679.3,995.745,0,1.755,1.755,8.811,8.108,95.81,7.002,833.63,0,7.023,7.022,21
"5/25/2022 12:09:58 PM",0,31.746,0.853,1.928,1679.1,995.744,0,1.771,1.771,9.207,8.104,95.771,6.999,897.52,0,7.019,7.019,21
"5/25/2022 12:09:58 PM",0,31.747,0.853,1.929,1679.4,995.744,0,1.966,1.966,10.19,8.106,95.868,7.007,1054.186,0,7.027,7.026,21
"5/25/2022 12:09:59 PM",0,31.748,0.854,1.929,1679.9,995.744,0,1.779,1.779,9.867,8.106,95.74,6.997,1400.994,0,7.017,7.016,21
"5/25/2022 12:09:59 PM",0,31.749,0.853,1.929,1679.8,995.743,0,2.356,2.356,10.513,8.103,95.898,7.008,1639.647,0,7.028,7.028,21
"5/25/2022 12:09:59 PM",0,31.75,0.854,1.93,1680.2,995.743,0,1.997,1.997,9.911,8.103,95.988,7.015,1814.58,0,7.035,7.035,21
"5/25/2022 12:09:59 PM",0,31.752,0.853,1.929,1679.8,995.742,0,1.872,1.872,9.721,8.098,95.995,7.015,1942.53,0,7.036,7.035,21
"5/25/2022 12:09:59 PM",0,31.751,0.854,1.93,1680.6,995.743,0,1.747,1.747,10.102,8.097,95.931,7.011,1963.43,0,7.031,7.031,21
"5/25/2022 12:10:00 PM",0,31.751,0.854,1.93,1680.2,995.743,0,1.872,1.872,10.102,8.099,95.869,7.007,1966.404,0,7.027,7.027,21
"5/25/2022 12:10:00 PM",0,31.752,0.854,1.93,1680.5,995.743,0,1.716,1.716,9.178,8.1,95.896,7.009,1966.319,0,7.029,7.029,21
"5/25/2022 12:10:00 PM",0,31.751,0.854,1.93,1680.4,995.743,0,1.662,1.662,8.826,8.097,95.866,7.006,1964.875,0,7.026,7.026,21
"5/25/2022 12:10:00 PM",0,31.752,0.854,1.931,1680.9,995.743,0,2.325,2.325,10.234,8.093,95.91,7.009,1963.43,0,7.03,7.029,21
"5/25/2022 12:10:01 PM",0,31.754,0.854,1.93,1680.6,995.742,0,1.763,1.763,10.278,8.09,95.935,7.011,1961.901,0,7.031,7.031,21
"5/25/2022 12:10:01 PM",0,31.755,0.854,1.93,1680.6,995.742,0,1.81,1.81,9.75,8.089,95.876,7.007,1959.947,0,7.027,7.027,21
"5/25/2022 12:10:01 PM",0,31.756,0.854,1.931,1680.9,995.742,0,1.911,1.911,9.515,8.086,95.838,7.004,1958.843,0,7.024,7.024,21
"5/25/2022 12:10:01 PM",0,31.754,0.854,1.931,1680.8,995.742,0,1.646,1.646,10.513,8.084,95.941,7.011,1958.588,0,7.031,7.031,21
"5/25/2022 12:10:01 PM",0,31.755,0.854,1.931,1681,995.742,0,1.849,1.849,8.503,8.082,95.838,7.004,1958.843,0,7.024,7.024,21
"5/25/2022 12:10:02 PM",0,31.754,0.854,1.931,1681.3,995.742,0,1.888,1.888,9.06,8.076,95.862,7.005,1958.418,0,7.026,7.025,21
"5/25/2022 12:10:02 PM",0,31.753,0.854,1.932,1681.8,995.743,0,1.864,1.864,9.354,8.077,95.887,7.007,1960.627,0,7.027,7.027,21
"5/25/2022 12:10:02 PM",0,31.755,0.854,1.931,1681.5,995.742,0,2.013,2.013,8.87,8.078,96.055,7.02,1963.091,0,7.04,7.04,21
"5/25/2022 12:10:02 PM",0,31.757,0.854,1.932,1681.6,995.741,0,2.005,2.005,9.031,8.075,95.913,7.009,1964.79,0,7.029,7.029,21
"5/25/2022 12:10:02 PM",0,31.757,0.854,1.932,1681.7,995.741,0,1.755,1.755,9.633,8.076,95.946,7.011,1960.627,0,7.031,7.031,21
"5/25/2022 12:10:03 PM",0,31.758,0.854,1.932,1681.6,995.741,0,1.63,1.63,9.457,8.08,96.015,7.016,1933.609,0,7.036,7.036,21
"5/25/2022 12:10:03 PM",0,31.761,0.854,1.932,1681.7,995.74,0,1.638,1.638,10.014,8.082,95.897,7.007,1854.936,0,7.027,7.027,21
"5/25/2022 12:10:03 PM",0,31.76,0.855,1.932,1682.2,995.741,0,1.545,1.545,9.413,8.078,95.778,6.999,1624.354,0,7.019,7.019,21
"5/25/2022 12:10:03 PM",0,31.763,0.855,1.932,1682,995.74,0,1.888,1.888,9.016,8.081,95.854,7.004,1429.54,0,7.024,7.024,21
"5/25/2022 12:10:03 PM",0,31.767,0.855,1.932,1681.8,995.738,0,2.091,2.091,10.205,8.08,95.957,7.012,1277.887,0,7.032,7.032,21
"5/25/2022 12:10:04 PM",0,31.77,0.855,1.932,1681.8,995.737,0,1.997,1.997,10.69,8.077,95.937,7.01,1199.468,0,7.03,7.03,21
"5/25/2022 12:10:04 PM",0,31.769,0.855,1.932,1681.9,995.738,0,1.755,1.755,9.471,8.072,96.176,7.027,1226.316,0,7.047,7.047,21
"5/25/2022 12:10:04 PM",0,31.771,0.855,1.933,1682.2,995.737,0,1.802,1.802,9.486,8.079,96.124,7.023,1363.611,0,7.043,7.043,21
"5/25/2022 12:10:04 PM",0,31.77,0.855,1.933,1682.1,995.738,0,2.02,2.02,9.134,8.08,96.044,7.017,1553.667,0,7.037,7.037,21
"5/25/2022 12:10:05 PM",0,31.762,0.855,1.933,1682.5,995.74,0,2.184,2.184,9.589,8.074,96.16,7.026,1827.239,0,7.046,7.046,21
"5/25/2022 12:10:05 PM",0,31.761,0.855,1.933,1682.6,995.74,0,1.927,1.927,9.002,8.08,96.043,7.017,1927.067,0,7.037,7.037,21
"5/25/2022 12:10:05 PM",0,31.757,0.855,1.933,1683.1,995.742,0,1.903,1.903,9.442,8.077,95.96,7.011,1958.418,0,7.031,7.031,21
"5/25/2022 12:10:05 PM",0,31.754,0.855,1.933,1683,995.743,0,2.044,2.044,9.295,8.069,95.934,7.009,1961.816,0,7.029,7.029,21
"5/25/2022 12:10:05 PM",0,31.753,0.855,1.933,1683.2,995.743,0,1.747,1.747,9.515,8.073,96.015,7.015,1962.836,0,7.035,7.035,21
"5/25/2022 12:10:06 PM",0,31.751,0.855,1.933,1683.1,995.744,0,1.864,1.864,9.603,8.071,96.049,7.017,1959.777,0,7.037,7.037,21
"5/25/2022 12:10:06 PM",0,31.749,0.855,1.933,1682.9,995.744,0,2.254,2.254,9.119,8.077,95.988,7.013,1957.908,0,7.033,7.033,21
"5/25/2022 12:10:06 PM",0,31.753,0.855,1.933,1683.2,995.743,0,1.818,1.818,8.738,8.075,96.016,7.014,1959.097,0,7.034,7.034,21
"5/25/2022 12:10:06 PM",0,31.755,0.855,1.933,1683.2,995.743,0,1.677,1.677,8.664,8.069,96,7.013,1959.947,0,7.033,7.033,21
"5/25/2022 12:10:06 PM",0,31.756,0.855,1.933,1682.9,995.742,0,1.74,1.74,8.679,8.071,96.015,7.014,1961.052,0,7.034,7.034,21
"5/25/2022 12:10:07 PM",0,31.758,0.855,1.933,1683.2,995.742,0,1.513,1.513,8.84,8.081,95.938,7.009,1963.855,0,7.029,7.029,21
"5/25/2022 12:10:07 PM",0,31.758,0.855,1.933,1683,995.742,0,1.716,1.716,9.838,8.075,96.075,7.018,1965.045,0,7.038,7.038,21
"5/25/2022 12:10:07 PM",0,31.759,0.855,1.933,1683,995.741,0,1.708,1.708,9.735,8.075,96.002,7.013,1967.254,0,7.033,7.033,21
"5/25/2022 12:10:07 PM",0,31.76,0.855,1.933,1683,995.741,0,2.106,2.106,9.486,8.075,96.017,7.014,1968.613,0,7.034,7.034,21
"5/25/2022 12:10:07 PM",0,31.761,0.855,1.933,1682.9,995.741,0,1.818,1.818,9.486,8.078,95.961,7.01,1969.802,0,7.03,7.03,21
"5/25/2022 12:10:08 PM",0,31.764,0.855,1.933,1682.8,995.74,0,1.779,1.779,8.591,8.072,96.071,7.018,1963.515,0,7.038,7.038,21
"5/25/2022 12:10:08 PM",0,31.766,0.855,1.933,1682.7,995.739,0,1.771,1.771,9.236,8.069,96.042,7.015,1904.128,0,7.036,7.035,21
"5/25/2022 12:10:08 PM",0,31.768,0.855,1.933,1682.8,995.738,0,1.552,1.552,9.325,8.068,96.025,7.014,1645.424,0,7.034,7.034,21
"5/25/2022 12:10:08 PM",0,31.768,0.855,1.933,1682.5,995.738,0,1.607,1.607,8.958,8.078,96.092,7.019,1405.412,0,7.039,7.039,21
"5/25/2022 12:10:09 PM",0,31.769,0.855,1.933,1682.8,995.738,0,1.81,1.81,8.606,8.084,96.092,7.019,1207.03,0,7.039,7.039,21
"5/25/2022 12:10:09 PM",0,31.77,0.855,1.934,1683.1,995.738,0,1.864,1.864,9.647,8.07,96.084,7.018,1104.058,0,7.039,7.038,21
"5/25/2022 12:10:09 PM",0,31.771,0.855,1.934,1683.5,995.738,0,1.63,1.63,9.354,8.06,96.098,7.019,1115.188,0,7.039,7.039,21
"5/25/2022 12:10:09 PM",0,31.771,0.855,1.934,1683.1,995.738,0,2.169,2.169,10.234,8.058,95.934,7.007,1253.503,0,7.027,7.027,21
"5/25/2022 12:10:09 PM",0,31.771,0.855,1.934,1682.9,995.737,0,2.013,2.013,9.618,8.064,95.914,7.006,1481.536,0,7.026,7.025,21
"5/25/2022 12:10:10 PM",0,31.772,0.855,1.934,1683,995.737,0,2.122,2.122,8.767,8.065,96.052,7.016,1720.869,0,7.036,7.035,21
"5/25/2022 12:10:10 PM",0,31.773,0.855,1.933,1682.6,995.737,0,2.067,2.067,9.603,8.062,96.123,7.021,1923.414,0,7.041,7.041,21
"5/25/2022 12:10:10 PM",0,31.775,0.855,1.933,1682.7,995.736,0,2.153,2.153,9.427,8.064,96.021,7.014,1941.511,0,7.034,7.034,21
"5/25/2022 12:10:10 PM",0,31.777,0.855,1.934,1683,995.736,0,1.896,1.896,9.295,8.067,96.026,7.014,1940.916,0,7.034,7.034,21
"5/25/2022 12:10:10 PM",0,31.776,0.855,1.934,1682.9,995.736,0,2.325,2.325,8.752,8.068,95.971,7.009,1944.569,0,7.029,7.029,21
"5/25/2022 12:10:11 PM",0,31.778,0.855,1.934,1682.8,995.735,0,1.841,1.841,9.559,8.066,96.118,7.02,1936.158,0,7.04,7.04,21
"5/25/2022 12:10:11 PM",0,31.779,0.855,1.934,1682.7,995.735,0,2.067,2.067,10.278,8.068,96.12,7.02,1937.008,0,7.041,7.04,21
"5/25/2022 12:10:11 PM",0,31.778,0.855,1.934,1683,995.735,0,1.935,1.935,10.396,8.071,96.179,7.025,1931.485,0,7.045,7.044,21
"5/25/2022 12:10:11 PM",0,31.779,0.855,1.933,1682.3,995.735,0,1.755,1.755,10.469,8.065,96.196,7.026,1927.237,0,7.046,7.046,21
"5/25/2022 12:10:11 PM",0,31.781,0.855,1.934,1682.7,995.734,0,1.786,1.786,9.838,8.058,96.095,7.019,1931.995,0,7.039,7.039,21
"5/25/2022 12:10:12 PM",0,31.782,0.855,1.934,1682.6,995.734,0,1.685,1.685,8.899,8.054,95.969,7.009,1932.165,0,7.029,7.029,21
"5/25/2022 12:10:12 PM",0,31.783,0.855,1.933,1682.3,995.733,0,1.662,1.662,9.325,8.056,96.173,7.024,1929.616,0,7.044,7.044,21
"5/25/2022 12:10:12 PM",0,31.784,0.855,1.934,1682.5,995.733,0,1.474,1.474,9.53,8.06,96.214,7.027,1936.158,0,7.047,7.047,21
"5/25/2022 12:10:12 PM",0,31.785,0.855,1.933,1682.3,995.733,0,1.334,1.334,9.809,8.057,96.104,7.019,1939.727,0,7.039,7.039,21
"5/25/2022 12:10:12 PM",0,31.786,0.855,1.934,1682.5,995.733,0,1.974,1.974,9.207,8.054,96.199,7.026,1950.092,0,7.046,7.046,21
"5/25/2022 12:10:13 PM",0,31.785,0.855,1.934,1682.7,995.733,0,1.771,1.771,9.119,8.055,96.101,7.019,1954.934,0,7.039,7.039,21
"5/25/2022 12:10:13 PM",0,31.786,0.855,1.934,1682.5,995.733,0,1.537,1.537,9.779,8.055,96.069,7.017,1954.51,0,7.037,7.037,21
"5/25/2022 12:10:13 PM",0,31.786,0.855,1.934,1682.7,995.733,0,2.114,2.114,9.75,8.046,96.189,7.025,1959.097,0,7.045,7.045,21
"5/25/2022 12:10:13 PM",0,31.786,0.855,1.934,1682.8,995.733,0,1.732,1.732,9.735,8.047,96.153,7.023,1931.655,0,7.043,7.043,21
"5/25/2022 12:10:13 PM",0,31.786,0.855,1.934,1682.4,995.732,0,1.63,1.63,9.178,8.05,96.09,7.018,1858.335,0,7.038,7.038,21
"5/25/2022 12:10:14 PM",0,31.786,0.855,1.934,1682.6,995.732,0,1.981,1.981,9.662,8.057,96.233,7.029,1739.475,0,7.049,7.049,21
"5/25/2022 12:10:14 PM",0,31.788,0.855,1.934,1682.5,995.732,0,2.02,2.02,9.603,8.054,96.139,7.021,1538.035,0,7.041,7.041,21
"5/25/2022 12:10:14 PM",0,31.787,0.855,1.934,1682.4,995.732,0,1.685,1.685,9.677,8.054,96.079,7.017,1431.664,0,7.037,7.037,21
"5/25/2022 12:10:14 PM",0,31.787,0.855,1.934,1682.6,995.732,0,1.763,1.763,9.457,8.058,96.117,7.019,1386.806,0,7.039,7.039,21
