"Date","Depth..m.","Temp...degC.","Sal.","Cond...mS.cm.","EC25..µS.cm.","Density..kg.m3.","SigmaT","Chl.Flu...ppb.","Chl.a..µg.l.","Turb...FTU.","pH","DO....","Weiss.DO..mg.l.","Quant...µmol..m2.s..","Mark","G.G.DO..mg.l.","B.K.DO..mg.l.","X","Station"
"5/25/2022 5:18:41 PM",1.454,29.365,50.199,79.162,72226.2,1033.408,33.402,0.156,0.156,0.087,7.978,96.609,5.584,37.807,0,5.597,5.6,NA,23
"5/25/2022 5:18:41 PM",1.474,29.364,50.2,79.163,72227.6,1033.409,33.403,0.195,0.195,0.087,7.981,96.56,5.58,39.337,0,5.593,5.597,NA,23
"5/25/2022 5:18:41 PM",1.512,29.365,50.198,79.16,72225.4,1033.408,33.402,0.086,0.086,0.058,7.98,96.462,5.575,42.65,0,5.588,5.592,NA,23
"5/25/2022 5:18:42 PM",1.559,29.364,50.199,79.161,72226.9,1033.409,33.403,0.062,0.062,0.044,7.98,96.475,5.576,42.99,0,5.589,5.592,NA,23
"5/25/2022 5:18:42 PM",1.614,29.365,50.199,79.162,72226.3,1033.409,33.402,0.07,0.07,0.073,7.979,96.454,5.574,41.97,0,5.587,5.591,NA,23
"5/25/2022 5:18:42 PM",1.67,29.364,50.198,79.16,72225,1033.409,33.401,0.062,0.062,0.058,7.983,96.607,5.583,40.441,0,5.596,5.6,NA,23
"5/25/2022 5:18:42 PM",1.68,29.365,50.196,79.157,72222.1,1033.407,33.4,0.062,0.062,0.058,7.986,96.61,5.583,37.977,0,5.596,5.6,NA,23
"5/25/2022 5:18:42 PM",1.621,29.365,50.197,79.159,72223.9,1033.408,33.401,0.055,0.055,0.029,7.986,96.523,5.579,34.069,0,5.592,5.595,NA,23
"5/25/2022 5:18:43 PM",1.585,29.365,50.193,79.154,72219,1033.404,33.398,0.07,0.07,0.073,7.986,96.565,5.581,32.37,0,5.594,5.598,NA,23
"5/25/2022 5:18:43 PM",1.545,29.365,50.191,79.151,72216.6,1033.403,33.396,0.062,0.062,0.087,7.987,96.46,5.575,30.841,0,5.588,5.592,NA,23
"5/25/2022 5:18:43 PM",1.514,29.365,50.191,79.151,72216.8,1033.403,33.396,0.047,0.047,0.029,7.989,96.549,5.58,30.076,0,5.593,5.596,NA,23
"5/25/2022 5:18:43 PM",1.491,29.365,50.189,79.148,72213.4,1033.401,33.394,0.062,0.062,0.073,7.993,96.619,5.584,31.095,0,5.597,5.6,NA,23
"5/25/2022 5:18:43 PM",1.468,29.365,50.187,79.145,72211.2,1033.399,33.393,0.062,0.062,0.087,7.993,96.558,5.58,33.134,0,5.594,5.597,NA,23
"5/25/2022 5:18:44 PM",1.458,29.365,50.184,79.142,72208,1033.397,33.391,0.062,0.062,0.044,7.995,96.548,5.58,34.239,0,5.593,5.597,NA,23
"5/25/2022 5:18:44 PM",1.447,29.364,50.184,79.141,72207.9,1033.397,33.391,0.086,0.086,0.044,7.998,96.592,5.583,34.069,0,5.596,5.599,NA,23
"5/25/2022 5:18:44 PM",1.446,29.364,50.184,79.14,72207.2,1033.397,33.391,0.086,0.086,0.015,8.001,96.558,5.581,33.389,0,5.594,5.597,NA,23
"5/25/2022 5:18:44 PM",1.442,29.365,50.18,79.135,72202.4,1033.394,33.388,0.062,0.062,0.044,8.001,96.532,5.58,31.095,0,5.593,5.596,NA,23
"5/25/2022 5:18:44 PM",1.465,29.365,50.178,79.133,72199.7,1033.392,33.386,0.055,0.055,0.058,8.001,96.497,5.577,29.821,0,5.59,5.594,NA,23
"5/25/2022 5:18:45 PM",1.508,29.365,50.177,79.133,72198.9,1033.392,33.385,0.062,0.062,0.102,7.999,96.598,5.583,30.246,0,5.596,5.6,NA,23
"5/25/2022 5:18:45 PM",1.567,29.365,50.178,79.133,72199.5,1033.392,33.386,0.07,0.07,0.073,7.999,96.546,5.58,31.86,0,5.593,5.597,NA,23
"5/25/2022 5:18:45 PM",1.679,29.365,50.175,79.129,72195.9,1033.391,33.383,0.086,0.086,0.073,8.001,96.546,5.581,35.428,0,5.594,5.597,NA,23
"5/25/2022 5:18:45 PM",1.738,29.365,50.172,79.127,72193.1,1033.389,33.382,0.07,0.07,0.058,8.004,96.682,5.588,36.788,0,5.601,5.605,NA,23
"5/25/2022 5:18:45 PM",1.795,29.365,50.173,79.127,72193.8,1033.39,33.382,0.07,0.07,0.058,8.004,96.548,5.581,36.873,0,5.594,5.597,NA,23
"5/25/2022 5:18:46 PM",1.837,29.366,50.17,79.124,72190.6,1033.388,33.38,0.094,0.094,0.044,8.006,96.534,5.58,37.128,0,5.593,5.596,NA,23
"5/25/2022 5:18:46 PM",1.87,29.365,50.168,79.12,72187,1033.386,33.378,0.055,0.055,0.029,8.006,96.459,5.576,36.108,0,5.589,5.592,NA,23
"5/25/2022 5:18:46 PM",1.868,29.365,50.167,79.119,72186.6,1033.386,33.378,0.062,0.062,0.058,8.006,96.601,5.584,35.513,0,5.597,5.6,NA,23
"5/25/2022 5:18:46 PM",1.826,29.365,50.164,79.114,72182.6,1033.383,33.376,0.062,0.062,0.044,8.004,96.538,5.58,35.258,0,5.593,5.596,NA,23
"5/25/2022 5:18:46 PM",1.783,29.365,50.163,79.114,72181.6,1033.382,33.375,0.062,0.062,0.073,8,96.562,5.582,35.089,0,5.595,5.598,NA,23
"5/25/2022 5:18:47 PM",1.729,29.365,50.162,79.112,72180.3,1033.381,33.374,0.07,0.07,0.087,8.004,96.563,5.582,35.004,0,5.595,5.598,NA,23
"5/25/2022 5:18:47 PM",1.618,29.364,50.157,79.103,72173.4,1033.377,33.37,0.07,0.07,0.116,8.004,96.586,5.583,33.474,0,5.596,5.6,NA,23
"5/25/2022 5:18:47 PM",1.527,29.365,50.154,79.1,72169.9,1033.374,33.368,0.07,0.07,0.073,8.006,96.613,5.585,31.435,0,5.598,5.601,NA,23
"5/25/2022 5:18:47 PM",1.481,29.364,50.157,79.104,72174.4,1033.377,33.371,0.062,0.062,0.087,8.006,96.615,5.585,29.566,0,5.598,5.601,NA,23
"5/25/2022 5:18:47 PM",1.446,29.364,50.156,79.101,72172.1,1033.376,33.369,0.062,0.062,0.073,8.005,96.569,5.582,28.802,0,5.595,5.599,NA,23
"5/25/2022 5:18:48 PM",1.442,29.364,50.151,79.095,72165.9,1033.372,33.366,0.055,0.055,0.044,8.006,96.505,5.579,29.736,0,5.592,5.595,NA,23
"5/25/2022 5:18:48 PM",1.47,29.365,50.149,79.092,72163.2,1033.37,33.364,0.055,0.055,0.029,8.01,96.579,5.583,31.605,0,5.596,5.6,NA,23
"5/25/2022 5:18:48 PM",1.493,29.366,50.147,79.092,72161.6,1033.369,33.363,0.055,0.055,0.058,8.012,96.598,5.584,31.775,0,5.597,5.601,NA,23
"5/25/2022 5:18:48 PM",1.533,29.365,50.145,79.088,72158.4,1033.367,33.361,0.055,0.055,0.087,8.015,96.585,5.583,31.945,0,5.597,5.6,NA,23
"5/25/2022 5:18:48 PM",1.541,29.366,50.143,79.086,72155.7,1033.366,33.359,0.062,0.062,0.087,8.016,96.554,5.582,31.605,0,5.595,5.598,NA,23
"5/25/2022 5:18:49 PM",1.559,29.365,50.14,79.082,72152.3,1033.364,33.357,0.086,0.086,0.073,8.017,96.508,5.579,30.671,0,5.592,5.596,NA,23
"5/25/2022 5:18:49 PM",1.578,29.365,50.139,79.08,72150.7,1033.363,33.356,0.062,0.062,0.044,8.018,96.484,5.578,30.926,0,5.591,5.594,NA,23
"5/25/2022 5:18:49 PM",1.63,29.365,50.137,79.078,72148.6,1033.362,33.355,0.062,0.062,0.015,8.017,96.536,5.581,31.86,0,5.594,5.597,NA,23
"5/25/2022 5:18:49 PM",1.689,29.366,50.136,79.076,72147.1,1033.361,33.354,0.086,0.086,0.029,8.016,96.508,5.579,32.88,0,5.592,5.596,NA,23
"5/25/2022 5:18:49 PM",1.753,29.366,50.133,79.073,72143.2,1033.359,33.351,0.086,0.086,0.015,8.018,96.476,5.578,33.729,0,5.591,5.594,NA,23
"5/25/2022 5:18:50 PM",1.844,29.365,50.13,79.068,72139.9,1033.357,33.349,0.07,0.07,0.073,8.018,96.551,5.582,35.089,0,5.595,5.598,NA,23
"5/25/2022 5:18:50 PM",1.873,29.366,50.127,79.065,72137,1033.356,33.348,0.055,0.055,0.073,8.018,96.576,5.584,36.278,0,5.597,5.6,NA,23
"5/25/2022 5:18:50 PM",1.875,29.365,50.126,79.063,72135.5,1033.355,33.347,0.062,0.062,0.073,8.018,96.481,5.578,36.958,0,5.591,5.594,NA,23
"5/25/2022 5:18:50 PM",1.84,29.365,50.123,79.059,72131.5,1033.352,33.344,0.078,0.078,0.044,8.018,96.547,5.582,37.382,0,5.595,5.599,NA,23
"5/25/2022 5:18:51 PM",1.802,29.365,50.121,79.056,72128.9,1033.351,33.343,0.055,0.055,0.044,8.016,96.546,5.582,37.637,0,5.595,5.598,NA,23
"5/25/2022 5:18:51 PM",1.785,29.365,50.118,79.052,72125.8,1033.349,33.341,0.07,0.07,0.029,8.017,96.424,5.575,37.382,0,5.588,5.592,NA,23
"5/25/2022 5:18:51 PM",1.785,29.365,50.117,79.05,72123.8,1033.347,33.34,0.062,0.062,0.102,8.015,96.511,5.58,37.467,0,5.593,5.597,NA,23
"5/25/2022 5:18:51 PM",1.852,29.365,50.116,79.049,72123.4,1033.347,33.34,0.07,0.07,0.058,8.014,96.512,5.58,37.807,0,5.593,5.596,NA,23
"5/25/2022 5:18:51 PM",1.972,29.366,50.113,79.046,72119.1,1033.345,33.337,0.047,0.047,0.044,8.017,96.532,5.581,38.402,0,5.594,5.598,NA,23
"5/25/2022 5:18:52 PM",2.233,29.365,50.112,79.044,72118.3,1033.346,33.336,0.047,0.047,0,8.021,96.445,5.576,37.722,0,5.589,5.593,NA,23
"5/25/2022 5:18:52 PM",2.402,29.366,50.115,79.049,72122.2,1033.349,33.338,0.047,0.047,0,8.021,96.511,5.58,34.239,0,5.593,5.596,NA,23
"5/25/2022 5:18:52 PM",2.562,29.365,50.113,79.045,72119.6,1033.348,33.337,0.039,0.039,0.058,8.021,96.608,5.585,27.527,0,5.598,5.602,NA,23
"5/25/2022 5:18:52 PM",2.702,29.366,50.115,79.048,72121.3,1033.349,33.338,0.031,0.031,0.029,8.018,96.68,5.589,19.626,0,5.603,5.606,NA,23
"5/25/2022 5:18:52 PM",2.915,29.366,50.115,79.049,72121.7,1033.35,33.338,0.023,0.023,0,8.019,96.55,5.582,10.875,0,5.595,5.598,NA,23
"5/25/2022 5:18:53 PM",3.038,29.366,50.116,79.051,72123.3,1033.352,33.339,0.008,0.008,0,8.022,96.63,5.587,7.561,0,5.6,5.603,NA,23
"5/25/2022 5:18:53 PM",3.187,29.366,50.116,79.051,72123.4,1033.352,33.339,0,0,0,8.02,96.567,5.583,5.692,0,5.596,5.599,NA,23
"5/25/2022 5:18:53 PM",3.328,29.366,50.114,79.048,72120.9,1033.351,33.337,0,0,0,8.02,96.508,5.58,4.503,0,5.593,5.596,NA,23
"5/25/2022 5:18:53 PM",3.584,29.366,50.113,79.048,72120.4,1033.352,33.337,0,0,0,8.02,96.624,5.586,3.568,0,5.599,5.603,NA,23
"5/25/2022 5:18:53 PM",3.761,29.366,50.111,79.045,72117.9,1033.351,33.335,0,0,0,8.024,96.535,5.581,3.228,0,5.594,5.598,NA,23
"5/25/2022 5:18:54 PM",3.942,29.366,50.108,79.041,72113.8,1033.35,33.333,0.078,0.078,0.16,8.029,96.633,5.587,3.228,0,5.6,5.603,NA,23
"5/25/2022 5:18:54 PM",4.133,29.366,50.109,79.042,72115.3,1033.351,33.334,0.109,0.109,0.175,8.031,96.533,5.581,3.313,0,5.594,5.597,NA,23
"5/25/2022 5:18:54 PM",4.401,29.366,50.106,79.038,72111.9,1033.35,33.332,0.133,0.133,0.262,8.031,96.621,5.586,3.823,0,5.599,5.602,NA,23
"5/25/2022 5:18:54 PM",4.559,29.366,50.104,79.035,72108.7,1033.349,33.329,0.07,0.07,0.116,8.031,96.668,5.589,4.078,0,5.602,5.605,NA,23
"5/25/2022 5:18:54 PM",4.726,29.367,50.103,79.035,72107.2,1033.348,33.328,0.039,0.039,0.015,8.031,96.684,5.59,3.993,0,5.603,5.607,NA,23
"5/25/2022 5:18:55 PM",4.9,29.367,50.102,79.034,72107.2,1033.349,33.328,0.039,0.039,0.015,8.032,96.649,5.588,3.823,0,5.601,5.604,NA,23
"5/25/2022 5:18:55 PM",5.157,29.367,50.102,79.034,72106.8,1033.35,33.328,0.039,0.039,0.015,8.029,96.52,5.58,3.653,0,5.593,5.597,NA,23
"5/25/2022 5:18:55 PM",5.331,29.367,50.099,79.03,72102.6,1033.348,33.325,0.016,0.016,0,8.028,96.566,5.583,3.568,0,5.596,5.6,NA,23
"5/25/2022 5:18:55 PM",5.511,29.367,50.097,79.027,72100.2,1033.347,33.324,0,0,0,8.026,96.581,5.584,3.398,0,5.597,5.6,NA,23
"5/25/2022 5:18:55 PM",5.701,29.367,50.094,79.023,72096.8,1033.346,33.322,0.008,0.008,0,8.024,96.665,5.589,3.398,0,5.602,5.606,NA,23
"5/25/2022 5:18:56 PM",5.981,29.367,50.092,79.021,72095,1033.346,33.321,0.055,0.055,0.073,8.023,96.693,5.591,3.483,0,5.604,5.607,NA,23
"5/25/2022 5:18:56 PM",6.162,29.366,50.097,79.026,72101.3,1033.351,33.325,0.062,0.062,0,8.026,96.585,5.584,3.568,0,5.597,5.601,NA,23
"5/25/2022 5:18:56 PM",6.346,29.366,50.098,79.028,72102.3,1033.352,33.325,0.047,0.047,0.044,8.026,96.603,5.585,3.653,0,5.598,5.602,NA,23
"5/25/2022 5:18:56 PM",6.523,29.366,50.1,79.03,72104.8,1033.354,33.327,0.047,0.047,0.058,8.024,96.644,5.588,3.738,0,5.601,5.604,NA,23
"5/25/2022 5:18:56 PM",6.789,29.367,50.096,79.027,72100.3,1033.352,33.324,0.047,0.047,0.044,8.023,96.631,5.587,3.908,0,5.6,5.603,NA,23
"5/25/2022 5:18:57 PM",6.97,29.367,50.095,79.026,72099.2,1033.352,33.323,0.07,0.07,0.087,8.021,96.598,5.585,4.078,0,5.598,5.602,NA,23
"5/25/2022 5:18:57 PM",7.14,29.367,50.093,79.023,72096.8,1033.352,33.321,0.078,0.078,0.087,8.027,96.63,5.587,4.248,0,5.6,5.603,NA,23
"5/25/2022 5:18:57 PM",7.323,29.367,50.094,79.024,72097.2,1033.353,33.321,0.07,0.07,0.102,8.026,96.698,5.591,4.588,0,5.604,5.608,NA,23
"5/25/2022 5:18:57 PM",7.578,29.367,50.091,79.02,72094.4,1033.352,33.32,0.055,0.055,0.058,8.026,96.674,5.589,5.098,0,5.602,5.606,NA,23
"5/25/2022 5:18:58 PM",7.75,29.367,50.089,79.019,72091.7,1033.351,33.318,0.078,0.078,0.058,8.029,96.661,5.589,5.522,0,5.602,5.605,NA,23
"5/25/2022 5:18:58 PM",7.917,29.367,50.089,79.018,72091.4,1033.351,33.318,0.055,0.055,0.044,8.032,96.548,5.582,6.202,0,5.595,5.599,NA,23
"5/25/2022 5:18:58 PM",8.077,29.368,50.087,79.016,72089.6,1033.351,33.316,0.055,0.055,0.015,8.028,96.546,5.582,6.797,0,5.595,5.598,NA,23
"5/25/2022 5:18:58 PM",8.301,29.367,50.085,79.012,72086.6,1033.35,33.315,0.062,0.062,0.044,8.026,96.603,5.586,7.392,0,5.599,5.602,NA,23
"5/25/2022 5:18:58 PM",8.466,29.367,50.081,79.008,72082.8,1033.348,33.312,0.062,0.062,0.029,8.029,96.604,5.586,7.392,0,5.599,5.602,NA,23
"5/25/2022 5:18:59 PM",8.626,29.367,50.079,79.005,72080.1,1033.347,33.311,0.078,0.078,0.029,8.026,96.582,5.584,7.137,0,5.597,5.601,NA,23
"5/25/2022 5:18:59 PM",8.788,29.368,50.08,79.007,72081,1033.348,33.311,0.07,0.07,0.073,8.024,96.536,5.581,6.967,0,5.595,5.598,NA,23
"5/25/2022 5:18:59 PM",8.96,29.367,50.076,79.002,72076.6,1033.346,33.308,0.086,0.086,0.116,8.025,96.604,5.586,6.542,0,5.599,5.602,NA,23
"5/25/2022 5:18:59 PM",9.216,29.367,50.073,78.997,72072.9,1033.345,33.306,0.086,0.086,0.116,8.031,96.72,5.593,6.202,0,5.606,5.609,NA,23
"5/25/2022 5:18:59 PM",9.391,29.367,50.072,78.996,72071.7,1033.345,33.305,0.07,0.07,0.044,8.026,96.753,5.595,7.052,0,5.608,5.611,NA,23
"5/25/2022 5:19:00 PM",9.544,29.367,50.071,78.994,72070.6,1033.345,33.305,0.125,0.125,0.204,8.024,96.701,5.592,9.006,0,5.605,5.608,NA,23
"5/25/2022 5:19:00 PM",9.688,29.366,50.076,79.001,72076.9,1033.35,33.309,0.086,0.086,0.16,8.026,96.691,5.591,10.025,0,5.604,5.607,NA,23
"5/25/2022 5:19:00 PM",9.906,29.367,50.072,78.997,72071.8,1033.347,33.305,0.055,0.055,0.029,8.019,96.684,5.591,8.156,0,5.604,5.607,NA,23
"5/25/2022 5:19:00 PM",10.074,29.367,50.073,78.997,72072.9,1033.349,33.306,0.086,0.086,0.116,8.017,96.641,5.588,7.392,0,5.601,5.604,NA,23
"5/25/2022 5:19:00 PM",10.222,29.368,50.072,78.997,72071.4,1033.348,33.305,0.101,0.101,0.116,8.019,96.667,5.589,7.731,0,5.603,5.606,NA,23
"5/25/2022 5:19:01 PM",10.378,29.368,50.07,78.994,72068.8,1033.347,33.303,0.101,0.101,0.16,8.022,96.654,5.589,7.901,0,5.602,5.605,NA,23
"5/25/2022 5:19:01 PM",10.587,29.368,50.067,78.991,72066.2,1033.346,33.301,0.14,0.14,0.248,8.025,96.633,5.588,11.3,0,5.601,5.605,NA,23
"5/25/2022 5:19:01 PM",10.719,29.367,50.068,78.991,72067.4,1033.348,33.302,0.094,0.094,0.073,8.03,96.609,5.586,11.555,0,5.599,5.603,NA,23
"5/25/2022 5:19:01 PM",10.858,29.367,50.067,78.989,72066.3,1033.348,33.302,0.062,0.062,0.058,8.03,96.609,5.586,10.875,0,5.599,5.603,NA,23
"5/25/2022 5:19:01 PM",10.997,29.367,50.066,78.989,72065.2,1033.348,33.301,0.078,0.078,0.102,8.032,96.716,5.593,11.47,0,5.606,5.609,NA,23
"5/25/2022 5:19:02 PM",11.218,29.367,50.063,78.985,72061.6,1033.346,33.299,0.133,0.133,0.262,8.034,96.584,5.585,13.509,0,5.598,5.601,NA,23
"5/25/2022 5:19:02 PM",11.291,29.369,50.064,78.989,72062.7,1033.347,33.299,0.14,0.14,0.277,8.035,96.604,5.586,21.495,0,5.599,5.603,NA,23
"5/25/2022 5:19:02 PM",11.291,29.369,50.063,78.988,72061.4,1033.346,33.298,0.109,0.109,0.116,8.029,96.622,5.587,23.874,0,5.6,5.604,NA,23
"5/25/2022 5:19:02 PM",11.246,29.369,50.06,78.984,72057.5,1033.343,33.295,0.062,0.062,0.073,8.024,96.605,5.586,22.345,0,5.6,5.603,NA,23
"5/25/2022 5:19:02 PM",11.115,29.368,50.057,78.977,72052.7,1033.34,33.293,0.062,0.062,0.058,8.022,96.647,5.589,22.939,0,5.602,5.605,NA,23
"5/25/2022 5:19:03 PM",10.994,29.368,50.058,78.978,72054.2,1033.341,33.294,0.055,0.055,0.087,8.025,96.572,5.584,23.279,0,5.597,5.601,NA,23
"5/25/2022 5:19:03 PM",10.846,29.367,50.054,78.972,72049.8,1033.338,33.291,0.07,0.07,0.044,8.029,96.653,5.589,23.364,0,5.602,5.606,NA,23
"5/25/2022 5:19:03 PM",10.723,29.368,50.054,78.973,72050.1,1033.337,33.292,0.078,0.078,0.058,8.029,96.623,5.587,23.279,0,5.6,5.604,NA,23
"5/25/2022 5:19:03 PM",10.582,29.367,50.054,78.971,72049.1,1033.336,33.291,0.062,0.062,0.029,8.035,96.657,5.589,23.279,0,5.602,5.606,NA,23
"5/25/2022 5:19:03 PM",10.524,29.366,50.051,78.967,72046.3,1033.335,33.29,0.062,0.062,0.087,8.035,96.682,5.591,23.364,0,5.604,5.608,NA,23
"5/25/2022 5:19:04 PM",10.504,29.367,50.051,78.968,72046.2,1033.334,33.29,0.07,0.07,0.029,8.036,96.792,5.597,23.279,0,5.61,5.614,NA,23
"5/25/2022 5:19:04 PM",10.509,29.367,50.049,78.964,72043,1033.332,33.288,0.062,0.062,0.058,8.032,96.612,5.587,23.109,0,5.6,5.603,NA,23
"5/25/2022 5:19:04 PM",10.519,29.367,50.048,78.963,72041.4,1033.331,33.287,0.07,0.07,0.073,8.032,96.54,5.583,23.109,0,5.596,5.599,NA,23
"5/25/2022 5:19:04 PM",10.535,29.367,50.045,78.959,72037.8,1033.329,33.284,0.047,0.047,0.058,8.025,96.677,5.591,22.939,0,5.604,5.607,NA,23
"5/25/2022 5:19:05 PM",10.561,29.367,50.044,78.958,72036.7,1033.329,33.284,0.062,0.062,0.058,8.023,96.712,5.593,22.599,0,5.606,5.609,NA,23
"5/25/2022 5:19:05 PM",10.563,29.369,50.04,78.955,72031.6,1033.325,33.28,0.062,0.062,0.087,8.027,96.651,5.59,22.345,0,5.603,5.606,NA,23
"5/25/2022 5:19:05 PM",10.464,29.369,50.039,78.954,72030.8,1033.324,33.28,0.047,0.047,0.087,8.025,96.611,5.587,22.09,0,5.6,5.604,NA,23
"5/25/2022 5:19:05 PM",10.345,29.368,50.039,78.953,72030.9,1033.324,33.28,0.062,0.062,0.058,8.007,96.537,5.583,21.58,0,5.596,5.599,NA,23
"5/25/2022 5:19:05 PM",10.21,29.368,50.036,78.948,72026.9,1033.321,33.278,0.062,0.062,0.073,7.999,96.595,5.587,21.24,0,5.6,5.603,NA,23
"5/25/2022 5:19:06 PM",10.052,29.368,50.036,78.948,72026.5,1033.32,33.277,0.047,0.047,0.029,8,96.56,5.584,20.985,0,5.597,5.601,NA,23
"5/25/2022 5:19:06 PM",9.807,29.368,50.033,78.944,72022.8,1033.317,33.275,0.078,0.078,0.044,8,96.643,5.589,20.56,0,5.603,5.606,NA,23
"5/25/2022 5:19:06 PM",9.648,29.367,50.034,78.944,72023.5,1033.317,33.276,0.062,0.062,0.058,8.002,96.555,5.584,20.305,0,5.597,5.601,NA,23
"5/25/2022 5:19:06 PM",9.523,29.368,50.03,78.939,72019,1033.314,33.273,0.062,0.062,0.073,8,96.669,5.591,20.221,0,5.604,5.608,NA,23
"5/25/2022 5:19:06 PM",9.429,29.367,50.03,78.939,72018.9,1033.313,33.273,0.055,0.055,0.029,8.001,96.671,5.591,20.305,0,5.605,5.608,NA,23
"5/25/2022 5:19:07 PM",9.356,29.368,50.029,78.939,72018.2,1033.312,33.273,0.078,0.078,0.044,7.997,96.592,5.586,20.645,0,5.599,5.603,NA,23
"5/25/2022 5:19:07 PM",9.256,29.368,50.028,78.936,72015.9,1033.311,33.271,0.062,0.062,0.044,7.997,96.651,5.59,21.155,0,5.603,5.607,NA,23
"5/25/2022 5:19:07 PM",9.188,29.368,50.028,78.937,72016.6,1033.311,33.272,0.062,0.062,0.073,7.992,96.584,5.586,21.495,0,5.599,5.602,NA,23
"5/25/2022 5:19:07 PM",9.113,29.368,50.026,78.933,72013.3,1033.309,33.27,0.062,0.062,0.073,7.998,96.691,5.592,21.835,0,5.605,5.609,NA,23
"5/25/2022 5:19:07 PM",9.01,29.368,50.025,78.933,72012.7,1033.308,33.269,0.055,0.055,0.058,7.999,96.698,5.593,22.09,0,5.606,5.609,NA,23
"5/25/2022 5:19:08 PM",8.889,29.368,50.023,78.93,72010.4,1033.306,33.268,0.078,0.078,0.087,7.997,96.643,5.59,22.005,0,5.603,5.606,NA,23
"5/25/2022 5:19:08 PM",8.71,29.367,50.023,78.928,72009.3,1033.305,33.268,0.07,0.07,0.058,8.001,96.601,5.587,21.58,0,5.6,5.604,NA,23
"5/25/2022 5:19:08 PM",8.619,29.367,50.022,78.927,72008.3,1033.304,33.267,0.07,0.07,0.044,8.003,96.614,5.588,20.985,0,5.601,5.604,NA,23
"5/25/2022 5:19:08 PM",8.524,29.367,50.021,78.926,72007.4,1033.303,33.266,0.062,0.062,0.029,8.007,96.653,5.59,20.136,0,5.603,5.607,NA,23
"5/25/2022 5:19:08 PM",8.418,29.367,50.02,78.923,72005.8,1033.301,33.266,0.062,0.062,0.029,8.002,96.572,5.586,19.456,0,5.599,5.602,NA,23
"5/25/2022 5:19:09 PM",8.259,29.368,50.018,78.922,72003.1,1033.299,33.264,0.062,0.062,0.029,8.002,96.668,5.591,18.181,0,5.604,5.608,NA,23
"5/25/2022 5:19:09 PM",8.174,29.368,50.017,78.921,72002.2,1033.298,33.263,0.062,0.062,0.044,8.004,96.578,5.586,17.757,0,5.599,5.602,NA,23
"5/25/2022 5:19:09 PM",8.117,29.368,50.016,78.92,72001.1,1033.297,33.263,0.062,0.062,0.044,8.006,96.581,5.586,17.332,0,5.599,5.603,NA,23
"5/25/2022 5:19:09 PM",8.091,29.367,50.016,78.918,72000.2,1033.297,33.262,0.055,0.055,0.058,8,96.569,5.585,16.992,0,5.599,5.602,NA,23
"5/25/2022 5:19:09 PM",8.091,29.368,50.013,78.916,71997,1033.295,33.26,0.055,0.055,0.015,8.004,96.579,5.586,16.737,0,5.599,5.603,NA,23
"5/25/2022 5:19:10 PM",8.093,29.367,50.012,78.913,71996.4,1033.294,33.26,0.055,0.055,0.044,8.012,96.507,5.582,16.652,0,5.595,5.598,NA,23
"5/25/2022 5:19:10 PM",8.086,29.368,50.011,78.913,71994.8,1033.293,33.259,0.062,0.062,0.073,8.009,96.571,5.586,16.482,0,5.599,5.602,NA,23
"5/25/2022 5:19:10 PM",8.067,29.368,50.013,78.916,71997.2,1033.295,33.26,0.086,0.086,0.102,8.009,96.61,5.588,16.652,0,5.601,5.604,NA,23
"5/25/2022 5:19:10 PM",8.009,29.367,50.015,78.917,71999.4,1033.296,33.262,0.055,0.055,0.073,8.01,96.535,5.584,16.992,0,5.597,5.6,NA,23
"5/25/2022 5:19:10 PM",7.943,29.367,50.016,78.918,72000.8,1033.297,33.263,0.055,0.055,0.044,8.016,96.58,5.586,17.077,0,5.599,5.603,NA,23
"5/25/2022 5:19:11 PM",7.828,29.367,50.014,78.916,71998,1033.294,33.261,0.062,0.062,0.044,8.022,96.423,5.577,16.907,0,5.59,5.594,NA,23
"5/25/2022 5:19:11 PM",7.698,29.367,50.012,78.913,71995.7,1033.292,33.26,0.078,0.078,0.044,8.018,96.507,5.582,16.652,0,5.595,5.598,NA,23
"5/25/2022 5:19:11 PM",7.476,29.368,50.01,78.911,71993.4,1033.29,33.258,0.062,0.062,0.044,8.018,96.575,5.586,16.057,0,5.599,5.602,NA,23
"5/25/2022 5:19:11 PM",7.331,29.368,50.006,78.905,71987.6,1033.286,33.255,0.047,0.047,0.058,8.021,96.611,5.588,15.633,0,5.601,5.605,NA,23
"5/25/2022 5:19:11 PM",7.187,29.367,50.004,78.902,71985.1,1033.284,33.253,0.062,0.062,0.044,8.019,96.648,5.591,15.378,0,5.604,5.607,NA,23
"5/25/2022 5:19:12 PM",7.043,29.368,50.003,78.901,71983.8,1033.282,33.252,0.062,0.062,0.044,8.023,96.596,5.588,15.123,0,5.601,5.604,NA,23
"5/25/2022 5:19:12 PM",6.813,29.368,50,78.896,71979.8,1033.279,33.25,0.062,0.062,0.044,8.019,96.504,5.582,14.613,0,5.595,5.599,NA,23
"5/25/2022 5:19:12 PM",6.655,29.368,49.999,78.896,71978.8,1033.278,33.25,0.047,0.047,0.029,8.016,96.557,5.585,14.103,0,5.598,5.602,NA,23
"5/25/2022 5:19:12 PM",6.523,29.368,49.996,78.89,71974.5,1033.275,33.247,0.055,0.055,0.029,8.015,96.539,5.584,13.424,0,5.598,5.601,NA,23
"5/25/2022 5:19:13 PM",6.403,29.367,49.994,78.887,71972.3,1033.273,33.246,0.062,0.062,0.058,8.017,96.591,5.588,12.829,0,5.601,5.604,NA,23
"5/25/2022 5:19:13 PM",6.33,29.367,49.992,78.885,71970.3,1033.272,33.245,0.055,0.055,0.087,8.021,96.497,5.582,12.234,0,5.595,5.598,NA,23
"5/25/2022 5:19:13 PM",6.318,29.367,49.989,78.881,71966.6,1033.269,33.242,0.062,0.062,0.058,8.017,96.526,5.584,11.979,0,5.597,5.6,NA,23
"5/25/2022 5:19:13 PM",6.333,29.367,49.988,78.88,71965.5,1033.269,33.242,0.062,0.062,0.058,8.016,96.589,5.588,12.064,0,5.601,5.604,NA,23
"5/25/2022 5:19:13 PM",6.356,29.367,49.987,78.878,71963.8,1033.268,33.241,0.062,0.062,0.058,8.014,96.506,5.582,12.234,0,5.595,5.599,NA,23
"5/25/2022 5:19:14 PM",6.391,29.367,49.986,78.876,71962.8,1033.267,33.24,0.07,0.07,0.044,8.013,96.567,5.586,12.659,0,5.599,5.602,NA,23
"5/25/2022 5:19:14 PM",6.41,29.367,49.985,78.874,71960.6,1033.266,33.239,0.07,0.07,0.058,8.016,96.613,5.589,12.829,0,5.602,5.605,NA,23
"5/25/2022 5:19:14 PM",6.399,29.367,49.984,78.874,71960.5,1033.266,33.239,0.07,0.07,0.029,8.014,96.551,5.585,12.914,0,5.598,5.602,NA,23
"5/25/2022 5:19:14 PM",6.361,29.367,49.982,78.871,71958,1033.264,33.237,0.062,0.062,0.044,8.016,96.561,5.586,12.574,0,5.599,5.602,NA,23
"5/25/2022 5:19:14 PM",6.226,29.367,49.981,78.869,71955.8,1033.262,33.236,0.055,0.055,0.044,8.017,96.661,5.592,11.725,0,5.605,5.609,NA,23
"5/25/2022 5:19:15 PM",6.125,29.366,49.982,78.869,71956.8,1033.263,33.237,0.07,0.07,0.044,8.018,96.652,5.592,11.13,0,5.605,5.608,NA,23
"5/25/2022 5:19:15 PM",5.991,29.366,49.978,78.864,71952,1033.259,33.234,0.055,0.055,0.029,8.019,96.61,5.589,10.62,0,5.602,5.606,NA,23
"5/25/2022 5:19:15 PM",5.864,29.367,49.975,78.861,71948.9,1033.257,33.232,0.062,0.062,0.058,8.02,96.52,5.584,10.28,0,5.597,5.6,NA,23
"5/25/2022 5:19:15 PM",5.635,29.366,49.973,78.857,71946.1,1033.254,33.23,0.062,0.062,0.029,8.022,96.576,5.587,9.685,0,5.6,5.604,NA,23
"5/25/2022 5:19:15 PM",5.49,29.367,49.97,78.854,71941.8,1033.251,33.228,0.047,0.047,0.044,8.025,96.517,5.583,9.091,0,5.597,5.6,NA,23
"5/25/2022 5:19:16 PM",5.374,29.367,49.968,78.85,71939.3,1033.249,33.226,0.055,0.055,0.058,8.025,96.54,5.585,8.751,0,5.598,5.602,NA,23
"5/25/2022 5:19:16 PM",5.31,29.367,49.964,78.844,71933.9,1033.246,33.223,0.07,0.07,0.058,8.025,96.496,5.583,8.666,0,5.596,5.599,NA,23
"5/25/2022 5:19:16 PM",5.264,29.367,49.962,78.843,71932.1,1033.244,33.222,0.055,0.055,0.029,8.026,96.438,5.58,8.666,0,5.593,5.596,NA,23
"5/25/2022 5:19:16 PM",5.205,29.367,49.96,78.839,71928.9,1033.242,33.22,0.055,0.055,0.058,8.026,96.42,5.579,8.496,0,5.592,5.595,NA,23
"5/25/2022 5:19:16 PM",5.167,29.366,49.958,78.836,71926.7,1033.241,33.219,0.047,0.047,0.029,8.026,96.498,5.583,8.241,0,5.596,5.6,NA,23
"5/25/2022 5:19:17 PM",5.11,29.367,49.955,78.834,71923.5,1033.238,33.217,0.062,0.062,0,8.026,96.584,5.588,7.986,0,5.601,5.605,NA,23
"5/25/2022 5:19:17 PM",5.075,29.367,49.955,78.833,71923.4,1033.238,33.217,0.07,0.07,0.044,8.026,96.662,5.592,7.561,0,5.605,5.609,NA,23
"5/25/2022 5:19:17 PM",5.049,29.367,49.952,78.828,71918.8,1033.235,33.214,0.055,0.055,0.058,8.025,96.475,5.582,7.307,0,5.595,5.598,NA,23
"5/25/2022 5:19:17 PM",5.035,29.366,49.948,78.822,71914.7,1033.233,33.212,0.055,0.055,0.058,8.026,96.671,5.594,6.967,0,5.607,5.611,NA,23
"5/25/2022 5:19:17 PM",5.017,29.365,49.948,78.821,71914.6,1033.233,33.212,0.062,0.062,0.044,8.029,96.615,5.59,6.882,0,5.603,5.606,NA,23
"5/25/2022 5:19:18 PM",4.977,29.366,49.946,78.818,71911.7,1033.231,33.21,0.055,0.055,0.015,8.027,96.525,5.585,6.797,0,5.598,5.602,NA,23
"5/25/2022 5:19:18 PM",4.925,29.366,49.945,78.819,71911,1033.23,33.209,0.086,0.086,0.029,8.026,96.552,5.587,6.712,0,5.6,5.603,NA,23
"5/25/2022 5:19:18 PM",4.819,29.366,49.943,78.815,71907.5,1033.228,33.207,0.062,0.062,0.044,8.019,96.661,5.593,6.372,0,5.606,5.61,NA,23
"5/25/2022 5:19:18 PM",4.76,29.367,49.939,78.81,71902.8,1033.225,33.204,0.055,0.055,0.044,8.017,96.568,5.588,6.372,0,5.601,5.604,NA,23
"5/25/2022 5:19:18 PM",4.698,29.366,49.939,78.809,71902.5,1033.224,33.204,0.055,0.055,0.044,8.017,96.472,5.582,6.542,0,5.595,5.598,NA,23
"5/25/2022 5:19:19 PM",4.64,29.366,49.938,78.808,71902.3,1033.224,33.204,0.07,0.07,0.058,8.005,96.481,5.583,6.797,0,5.596,5.599,NA,23
"5/25/2022 5:19:19 PM",4.576,29.366,49.935,78.803,71897.8,1033.221,33.202,0.07,0.07,0.073,7.996,96.557,5.587,6.967,0,5.6,5.604,NA,23
"5/25/2022 5:19:19 PM",4.485,29.365,49.934,78.801,71896.7,1033.22,33.201,0.07,0.07,0.044,7.993,96.532,5.586,7.222,0,5.599,5.602,NA,23
"5/25/2022 5:19:19 PM",4.423,29.366,49.932,78.799,71893.8,1033.218,33.199,0.055,0.055,0.058,7.992,96.466,5.582,7.392,0,5.595,5.599,NA,23
"5/25/2022 5:19:19 PM",4.353,29.365,49.93,78.796,71891.6,1033.217,33.198,0.07,0.07,0.073,7.998,96.496,5.584,7.476,0,5.597,5.601,NA,23
"5/25/2022 5:19:20 PM",4.294,29.365,49.927,78.793,71888.5,1033.214,33.196,0.07,0.07,0.073,7.993,96.533,5.586,7.561,0,5.599,5.602,NA,23
"5/25/2022 5:19:20 PM",4.244,29.365,49.922,78.785,71882,1033.21,33.192,0.062,0.062,0.044,7.998,96.588,5.589,7.816,0,5.602,5.606,NA,23
"5/25/2022 5:19:20 PM",4.23,29.365,49.921,78.783,71879.9,1033.209,33.191,0.062,0.062,0.058,8.001,96.612,5.591,7.901,0,5.604,5.607,NA,23
"5/25/2022 5:19:20 PM",4.256,29.365,49.919,78.781,71877.6,1033.208,33.19,0.062,0.062,0.058,7.995,96.493,5.584,7.816,0,5.597,5.601,NA,23
"5/25/2022 5:19:20 PM",4.291,29.365,49.918,78.779,71876.6,1033.207,33.189,0.062,0.062,0.044,7.997,96.427,5.58,7.392,0,5.593,5.596,NA,23
"5/25/2022 5:19:21 PM",4.327,29.366,49.917,78.778,71875.1,1033.206,33.188,0.078,0.078,0.044,8,96.516,5.585,7.137,0,5.598,5.602,NA,23
"5/25/2022 5:19:21 PM",4.352,29.366,49.916,78.777,71874.1,1033.206,33.187,0.055,0.055,0.073,7.998,96.618,5.591,6.797,0,5.604,5.607,NA,23
"5/25/2022 5:19:21 PM",4.355,29.366,49.914,78.775,71871.9,1033.205,33.186,0.055,0.055,0.058,7.991,96.523,5.586,6.457,0,5.599,5.602,NA,23
"5/25/2022 5:19:21 PM",4.355,29.366,49.912,78.772,71869.3,1033.203,33.184,0.062,0.062,0.058,7.989,96.417,5.58,6.202,0,5.593,5.596,NA,23
"5/25/2022 5:19:22 PM",4.331,29.365,49.912,78.771,71868.9,1033.203,33.184,0.07,0.07,0.044,7.992,96.638,5.592,5.947,0,5.606,5.609,NA,23
"5/25/2022 5:19:22 PM",4.293,29.365,49.915,78.774,71872.4,1033.205,33.186,0.062,0.062,0.044,7.999,96.665,5.594,5.607,0,5.607,5.61,NA,23
"5/25/2022 5:19:22 PM",4.266,29.366,49.911,78.77,71867.6,1033.201,33.183,0.062,0.062,0.073,7.996,96.589,5.59,5.352,0,5.603,5.606,NA,23
"5/25/2022 5:19:22 PM",4.225,29.366,49.911,78.772,71868,1033.201,33.183,0.062,0.062,0.087,7.995,96.62,5.591,5.268,0,5.605,5.608,NA,23
"5/25/2022 5:19:22 PM",4.169,29.366,49.909,78.769,71865.6,1033.2,33.182,0.062,0.062,0.044,7.998,96.555,5.588,5.437,0,5.601,5.604,NA,23
"5/25/2022 5:19:23 PM",4.108,29.366,49.909,78.768,71865.2,1033.199,33.182,0.07,0.07,0.044,8.003,96.587,5.589,5.862,0,5.602,5.606,NA,23
"5/25/2022 5:19:23 PM",4.009,29.365,49.905,78.762,71860.9,1033.197,33.18,0.055,0.055,0.073,8.005,96.551,5.587,6.627,0,5.6,5.604,NA,23
"5/25/2022 5:19:23 PM",3.955,29.365,49.906,78.762,71861.5,1033.197,33.18,0.062,0.062,0.058,8.005,96.646,5.593,7.307,0,5.606,5.61,NA,23
"5/25/2022 5:19:23 PM",3.889,29.365,49.904,78.759,71859.1,1033.195,33.179,0.062,0.062,0.029,8.003,96.478,5.583,7.901,0,5.596,5.6,NA,23
"5/25/2022 5:19:23 PM",3.825,29.364,49.904,78.759,71859.2,1033.195,33.179,0.062,0.062,0.073,8.004,96.563,5.588,8.156,0,5.601,5.605,NA,23
"5/25/2022 5:19:24 PM",3.776,29.364,49.903,78.757,71857.5,1033.194,33.178,0.055,0.055,0.058,7.999,96.505,5.585,8.156,0,5.598,5.601,NA,23
"5/25/2022 5:19:24 PM",3.693,29.364,49.9,78.753,71854.4,1033.192,33.176,0.055,0.055,0.073,7.994,96.538,5.587,7.986,0,5.6,5.603,NA,23
"5/25/2022 5:19:24 PM",3.641,29.364,49.902,78.754,71856,1033.193,33.177,0.047,0.047,0.058,7.997,96.473,5.583,7.816,0,5.597,5.6,NA,23
"5/25/2022 5:19:24 PM",3.575,29.364,49.899,78.751,71853.1,1033.191,33.175,0.062,0.062,0.044,7.994,96.605,5.591,7.986,0,5.604,5.608,NA,23
"5/25/2022 5:19:24 PM",3.529,29.364,49.898,78.75,71851.4,1033.189,33.174,0.07,0.07,0.029,7.997,96.558,5.588,8.326,0,5.602,5.605,NA,23
"5/25/2022 5:19:25 PM",3.479,29.364,49.901,78.754,71855.6,1033.192,33.177,0.062,0.062,0.044,8.001,96.497,5.585,8.581,0,5.598,5.601,NA,23
"5/25/2022 5:19:25 PM",3.462,29.364,49.903,78.757,71857.8,1033.193,33.178,0.062,0.062,0.058,8.001,96.522,5.586,8.581,0,5.599,5.603,NA,23
"5/25/2022 5:19:25 PM",3.458,29.364,49.901,78.754,71855.1,1033.191,33.176,0.055,0.055,0.073,8.001,96.502,5.585,8.921,0,5.598,5.601,NA,23
"5/25/2022 5:19:25 PM",3.481,29.365,49.899,78.753,71853.1,1033.19,33.175,0.047,0.047,0.044,8.007,96.458,5.583,9.346,0,5.596,5.599,NA,23
"5/25/2022 5:19:25 PM",3.515,29.365,49.899,78.752,71852.1,1033.189,33.174,0.055,0.055,0.029,8.004,96.455,5.583,9.346,0,5.596,5.599,NA,23
"5/25/2022 5:19:26 PM",3.552,29.365,49.898,78.752,71851.5,1033.189,33.174,0.055,0.055,0.058,8,96.454,5.582,8.836,0,5.595,5.599,NA,23
"5/25/2022 5:19:26 PM",3.561,29.365,49.898,78.751,71851.5,1033.189,33.174,0.062,0.062,0.058,8.007,96.537,5.587,8.326,0,5.6,5.603,NA,23
"5/25/2022 5:19:26 PM",3.559,29.364,49.897,78.748,71849.6,1033.188,33.173,0.062,0.062,0.044,8.009,96.548,5.588,7.646,0,5.601,5.604,NA,23
"5/25/2022 5:19:26 PM",3.561,29.364,49.894,78.745,71846.8,1033.187,33.171,0.062,0.062,0.058,8.007,96.558,5.589,7.307,0,5.602,5.605,NA,23
"5/25/2022 5:19:26 PM",3.507,29.363,49.897,78.747,71849.9,1033.189,33.174,0.062,0.062,0.058,8.002,96.535,5.587,7.561,0,5.6,5.604,NA,23
"5/25/2022 5:19:27 PM",3.458,29.364,49.895,78.745,71847.8,1033.187,33.172,0.062,0.062,0.073,8.009,96.451,5.582,7.901,0,5.595,5.599,NA,23
"5/25/2022 5:19:27 PM",3.406,29.365,49.894,78.745,71846.1,1033.185,33.171,0.055,0.055,0.073,8.014,96.449,5.582,8.326,0,5.595,5.598,NA,23
"5/25/2022 5:19:27 PM",3.359,29.365,49.892,78.743,71844.1,1033.184,33.17,0.055,0.055,0.058,8.009,96.515,5.586,8.326,0,5.599,5.602,NA,23
"5/25/2022 5:19:27 PM",3.291,29.365,49.891,78.741,71842.2,1033.182,33.168,0.047,0.047,0.044,8.009,96.516,5.586,7.986,0,5.599,5.603,NA,23
"5/25/2022 5:19:27 PM",3.182,29.364,49.89,78.738,71840.7,1033.181,33.168,0.047,0.047,0.044,8.007,96.555,5.588,7.222,0,5.601,5.604,NA,23
"5/25/2022 5:19:28 PM",3.11,29.364,49.889,78.738,71840.4,1033.181,33.168,0.062,0.062,0.058,8.012,96.512,5.586,7.052,0,5.599,5.602,NA,23
"5/25/2022 5:19:28 PM",3.037,29.364,49.886,78.733,71836.2,1033.178,33.165,0.062,0.062,0.058,8.017,96.498,5.585,7.052,0,5.598,5.601,NA,23
"5/25/2022 5:19:28 PM",2.966,29.364,49.888,78.735,71838.4,1033.179,33.167,0.062,0.062,0.058,8.011,96.482,5.584,7.137,0,5.597,5.601,NA,23
"5/25/2022 5:19:28 PM",2.858,29.364,49.885,78.731,71834.9,1033.177,33.165,0.109,0.109,0.029,8.015,96.53,5.587,7.307,0,5.6,5.603,NA,23
"5/25/2022 5:19:28 PM",2.796,29.363,49.885,78.731,71835.3,1033.177,33.165,0.078,0.078,0.044,8.012,96.461,5.583,7.392,0,5.596,5.6,NA,23
"5/25/2022 5:19:29 PM",2.73,29.363,49.884,78.728,71833.6,1033.176,33.164,0.078,0.078,0.058,8.015,96.452,5.583,7.392,0,5.596,5.599,NA,23
"5/25/2022 5:19:29 PM",2.671,29.363,49.883,78.727,71832.5,1033.175,33.163,0.062,0.062,0.058,8.019,96.557,5.588,7.816,0,5.602,5.605,NA,23
"5/25/2022 5:19:29 PM",2.606,29.362,49.883,78.726,71832.3,1033.175,33.163,0.07,0.07,0.087,8.016,96.52,5.586,8.581,0,5.599,5.603,NA,23
"5/25/2022 5:19:29 PM",2.523,29.362,49.881,78.724,71830.2,1033.173,33.162,0.094,0.094,0.073,8.017,96.4,5.579,9.431,0,5.592,5.596,NA,23
"5/25/2022 5:19:29 PM",2.462,29.362,49.88,78.721,71828,1033.171,33.161,0.078,0.078,0.087,8.018,96.474,5.584,9.94,0,5.597,5.601,NA,23
"5/25/2022 5:19:30 PM",2.408,29.362,49.88,78.722,71828.5,1033.171,33.161,0.078,0.078,0.087,8.025,96.548,5.588,10.45,0,5.601,5.605,NA,23
"5/25/2022 5:19:30 PM",2.368,29.362,49.878,78.719,71826.1,1033.17,33.16,0.062,0.062,0.058,8.024,96.665,5.595,10.28,0,5.608,5.612,NA,23
"5/25/2022 5:19:30 PM",2.351,29.362,49.877,78.718,71824.6,1033.169,33.159,0.062,0.062,0.073,8.026,96.482,5.585,9.176,0,5.598,5.601,NA,23
"5/25/2022 5:19:30 PM",2.356,29.363,49.875,78.716,71822.4,1033.167,33.157,0.062,0.062,0.029,8.024,96.522,5.587,8.666,0,5.6,5.603,NA,23
"5/25/2022 5:19:30 PM",2.38,29.363,49.874,78.715,71821.1,1033.167,33.157,0.055,0.055,0.058,8.021,96.617,5.592,8.326,0,5.605,5.609,NA,23
"5/25/2022 5:19:31 PM",2.403,29.363,49.874,78.714,71821.1,1033.167,33.157,0.062,0.062,0.073,8.015,96.671,5.596,8.666,0,5.609,5.612,NA,23
"5/25/2022 5:19:31 PM",2.422,29.363,49.873,78.713,71819.4,1033.166,33.156,0.055,0.055,0.044,8.019,96.577,5.59,9.431,0,5.603,5.607,NA,23
"5/25/2022 5:19:31 PM",2.465,29.363,49.873,78.713,71819.7,1033.166,33.156,0.117,0.117,0.058,8.015,96.486,5.585,9.94,0,5.598,5.601,NA,23
"5/25/2022 5:19:31 PM",2.497,29.364,49.872,78.714,71818.9,1033.166,33.155,0.109,0.109,0.073,8.018,96.556,5.589,10.45,0,5.602,5.605,NA,23
"5/25/2022 5:19:32 PM",2.524,29.365,49.87,78.713,71816.3,1033.164,33.153,0.086,0.086,0.102,8.013,96.493,5.586,11.215,0,5.599,5.602,NA,23
"5/25/2022 5:19:32 PM",2.53,29.366,49.87,78.714,71816,1033.163,33.153,0.078,0.078,0.087,8.013,96.481,5.585,12.064,0,5.598,5.601,NA,23
"5/25/2022 5:19:32 PM",2.502,29.366,49.867,78.711,71812.3,1033.161,33.15,0.055,0.055,0.073,8.012,96.653,5.595,12.744,0,5.608,5.611,NA,23
"5/25/2022 5:19:32 PM",2.464,29.367,49.867,78.711,71812.3,1033.161,33.15,0.055,0.055,0.073,8.015,96.514,5.587,12.829,0,5.6,5.603,NA,23
"5/25/2022 5:19:32 PM",2.425,29.366,49.866,78.709,71811,1033.16,33.15,0.094,0.094,0.073,8.017,96.497,5.586,12.659,0,5.599,5.602,NA,23
"5/25/2022 5:19:33 PM",2.382,29.366,49.868,78.71,71812.6,1033.161,33.151,0.07,0.07,0.044,8.018,96.603,5.592,12.064,0,5.605,5.608,NA,23
"5/25/2022 5:19:33 PM",2.311,29.365,49.866,78.706,71810.3,1033.159,33.149,0.312,0.312,0.102,8.012,96.445,5.583,10.62,0,5.596,5.599,NA,23
"5/25/2022 5:19:33 PM",2.246,29.364,49.866,78.705,71810.8,1033.16,33.15,0.164,0.164,0.087,8.019,96.518,5.587,9.685,0,5.6,5.604,NA,23
"5/25/2022 5:19:33 PM",2.192,29.365,49.865,78.704,71809.2,1033.158,33.149,0.094,0.094,0.058,8.021,96.483,5.585,8.836,0,5.598,5.602,NA,23
"5/25/2022 5:19:33 PM",2.118,29.365,49.865,78.706,71809.5,1033.158,33.149,0.07,0.07,0.029,8.017,96.563,5.589,8.156,0,5.602,5.606,NA,23
"5/25/2022 5:19:34 PM",2.046,29.365,49.864,78.704,71808.3,1033.157,33.148,0.07,0.07,0.058,8.015,96.538,5.588,7.392,0,5.601,5.604,NA,23
"5/25/2022 5:19:34 PM",1.937,29.366,49.862,78.702,71805.5,1033.155,33.146,0.07,0.07,0.029,8.019,96.493,5.585,7.476,0,5.598,5.602,NA,23
"5/25/2022 5:19:34 PM",1.881,29.367,49.862,78.703,71804.7,1033.154,33.146,0.055,0.055,0.073,8.017,96.45,5.583,7.646,0,5.596,5.599,NA,23
"5/25/2022 5:19:34 PM",1.831,29.366,49.861,78.702,71804.3,1033.153,33.146,0.062,0.062,0.029,8.015,96.459,5.584,7.476,0,5.597,5.6,NA,23
"5/25/2022 5:19:34 PM",1.766,29.367,49.86,78.701,71802.6,1033.152,33.144,0.055,0.055,0.015,8.014,96.493,5.586,7.731,0,5.599,5.602,NA,23
"5/25/2022 5:19:35 PM",1.713,29.367,49.859,78.699,71801.1,1033.151,33.144,0.062,0.062,0.058,8.016,96.544,5.588,8.411,0,5.602,5.605,NA,23
"5/25/2022 5:19:35 PM",1.678,29.367,49.857,78.698,71799.4,1033.15,33.142,0.07,0.07,0.044,8.015,96.502,5.586,8.836,0,5.599,5.603,NA,23
"5/25/2022 5:19:35 PM",1.648,29.367,49.858,78.698,71800,1033.15,33.143,0.07,0.07,0.073,8.019,96.474,5.584,9.176,0,5.598,5.601,NA,23
"5/25/2022 5:19:35 PM",1.62,29.367,49.857,78.696,71798.8,1033.149,33.142,0.062,0.062,0.044,8.019,96.429,5.582,8.751,0,5.595,5.598,NA,23
"5/25/2022 5:19:35 PM",1.587,29.367,49.856,78.696,71798.1,1033.149,33.142,0.07,0.07,0.029,8.023,96.49,5.585,8.751,0,5.598,5.602,NA,23
"5/25/2022 5:19:36 PM",1.568,29.368,49.853,78.692,71793.4,1033.145,33.139,0.062,0.062,0.015,8.02,96.553,5.589,10.535,0,5.602,5.605,NA,23
"5/25/2022 5:19:36 PM",1.586,29.367,49.852,78.691,71793.1,1033.145,33.139,0.055,0.055,0.015,8.019,96.537,5.588,11.979,0,5.602,5.605,NA,23
"5/25/2022 5:19:36 PM",1.6,29.367,49.853,78.692,71793.6,1033.146,33.139,0.047,0.047,0.015,8.017,96.449,5.583,13.509,0,5.596,5.6,NA,23
"5/25/2022 5:19:36 PM",1.596,29.368,49.853,78.692,71793.2,1033.145,33.139,0.062,0.062,0.029,8.016,96.53,5.588,14.613,0,5.601,5.604,NA,23
"5/25/2022 5:19:36 PM",1.565,29.368,49.85,78.689,71790.1,1033.143,33.137,0.055,0.055,0.058,8.016,96.595,5.591,16.227,0,5.604,5.608,NA,23
"5/25/2022 5:19:37 PM",1.533,29.368,49.851,78.689,71790.9,1033.144,33.137,0.07,0.07,0.073,8.019,96.553,5.589,17.247,0,5.602,5.606,NA,23
"5/25/2022 5:19:37 PM",1.511,29.368,49.848,78.686,71788.1,1033.142,33.135,0.062,0.062,0.044,8.015,96.497,5.586,17.077,0,5.599,5.602,NA,23
"5/25/2022 5:19:37 PM",1.5,29.367,49.85,78.688,71789.9,1033.143,33.137,0.062,0.062,0.029,8.021,96.446,5.583,16.142,0,5.596,5.599,NA,23
"5/25/2022 5:19:37 PM",1.487,29.367,49.849,78.687,71789.1,1033.142,33.136,0.062,0.062,0.058,8.024,96.514,5.587,14.273,0,5.6,5.603,NA,23
"5/25/2022 5:19:37 PM",1.46,29.368,49.847,78.684,71786.1,1033.14,33.134,0.078,0.078,0.058,8.028,96.62,5.593,10.79,0,5.606,5.61,NA,23
"5/25/2022 5:19:38 PM",1.431,29.367,49.848,78.684,71787,1033.141,33.135,0.062,0.062,0.029,8.027,96.552,5.589,9.346,0,5.602,5.606,NA,23
"5/25/2022 5:19:38 PM",1.381,29.368,49.846,78.682,71784.6,1033.139,33.133,0.055,0.055,0.015,8.016,96.413,5.581,8.581,0,5.594,5.597,NA,23
"5/25/2022 5:19:38 PM",1.323,29.368,49.845,78.682,71784.1,1033.139,33.133,0.047,0.047,0.044,8.017,96.458,5.583,8.496,0,5.597,5.6,NA,23
"5/25/2022 5:19:38 PM",1.217,29.367,49.843,78.678,71781.2,1033.137,33.132,0.07,0.07,0.029,8.023,96.493,5.586,8.241,0,5.599,5.602,NA,23
"5/25/2022 5:19:38 PM",1.137,29.366,49.845,78.678,71783.4,1033.138,33.133,0.062,0.062,0.058,8.018,96.485,5.585,7.816,0,5.598,5.602,NA,23
"5/25/2022 5:19:39 PM",1.055,29.365,49.844,78.676,71782.1,1033.137,33.133,0.07,0.07,0.058,8.018,96.531,5.588,8.666,0,5.601,5.604,NA,23
"5/25/2022 5:19:39 PM",0.97,29.364,49.841,78.669,71778.4,1033.135,33.131,0.125,0.125,0.087,8.028,96.541,5.589,10.705,0,5.602,5.605,NA,23
"5/25/2022 5:19:39 PM",0.89,29.36,49.838,78.661,71775.5,1033.134,33.13,0.117,0.117,0.087,8.034,96.523,5.588,10.705,0,5.601,5.604,NA,23
"5/25/2022 5:19:39 PM",0.722,29.364,49.847,78.678,71786.1,1033.139,33.136,0.117,0.117,0.116,8.038,96.451,5.583,7.222,0,5.596,5.6,NA,23
"5/25/2022 5:19:39 PM",0.598,29.369,49.834,78.668,71769.1,1033.126,33.124,0.078,0.078,0.058,8.036,96.602,5.592,7.901,0,5.605,5.609,NA,23
"5/25/2022 5:19:40 PM",0.457,29.362,49.829,78.651,71763.8,1033.125,33.123,0.062,0.062,0.116,8.031,96.551,5.589,6.202,0,5.603,5.606,NA,23
"5/25/2022 5:19:40 PM",0.334,29.358,49.835,78.654,71772.4,1033.13,33.129,0.078,0.078,0.087,8.034,96.46,5.584,7.476,0,5.597,5.601,NA,23
"5/25/2022 5:19:40 PM",0.132,29.415,49.859,78.768,71794.1,1033.127,33.126,0.055,0.055,0.102,8.05,96.615,5.591,18.012,0,5.605,5.608,NA,23
"5/25/2022 5:19:40 PM",0.358,29.43,49.761,78.656,71670.6,1033.049,33.047,0.07,0.07,0.087,8.017,96.521,5.589,13.849,0,5.602,5.606,NA,23
"5/25/2022 5:19:40 PM",0.442,29.385,49.781,78.618,71701.7,1033.081,33.079,0.047,0.047,0.058,8.02,96.439,5.584,7.561,0,5.597,5.6,NA,23
"5/25/2022 5:19:41 PM",0.449,29.36,49.808,78.618,71737.8,1033.109,33.108,0.062,0.062,0.058,8.023,96.366,5.579,28.802,0,5.592,5.596,NA,23
"5/25/2022 5:19:41 PM",0.489,29.35,49.809,78.606,71740.9,1033.114,33.112,0.078,0.078,0.073,8.015,96.433,5.583,36.023,0,5.597,5.6,NA,23
"5/25/2022 5:19:41 PM",0.541,29.348,49.824,78.624,71759.8,1033.126,33.124,0.086,0.086,0.087,8.016,96.518,5.588,38.657,0,5.601,5.605,NA,23
"5/25/2022 5:19:41 PM",0.527,29.356,49.834,78.65,71771.3,1033.131,33.129,0.07,0.07,0.058,8.011,96.461,5.585,40.526,0,5.598,5.601,NA,23
"5/25/2022 5:19:42 PM",0.509,29.366,49.816,78.638,71746.8,1033.114,33.111,0.055,0.055,0.073,8.01,96.523,5.589,41.461,0,5.602,5.606,NA,23
"5/25/2022 5:19:42 PM",0.511,29.367,49.81,78.632,71739.7,1033.109,33.107,0.086,0.086,0.087,8.012,96.442,5.585,41.631,0,5.598,5.601,NA,23
"5/25/2022 5:19:42 PM",0.445,29.36,49.806,78.616,71734.9,1033.108,33.106,0.109,0.109,0.087,8.025,96.572,5.592,45.879,0,5.605,5.608,NA,23
"5/25/2022 5:19:42 PM",0.398,29.359,49.801,78.607,71728.7,1033.104,33.102,0.062,0.062,0.073,8.019,96.53,5.589,49.532,0,5.603,5.606,NA,23
"5/25/2022 5:19:42 PM",0.315,29.352,49.809,78.609,71740,1033.112,33.111,0.07,0.07,0.087,8.021,96.522,5.589,52.845,0,5.602,5.606,NA,23
"5/25/2022 5:19:43 PM",0.242,29.351,49.807,78.606,71738.2,1033.111,33.11,0.211,0.211,0.131,8.014,96.514,5.588,55.394,0,5.602,5.605,NA,23
"5/25/2022 5:19:43 PM",0.151,29.348,49.805,78.598,71735.6,1033.11,33.11,0.117,0.117,0.087,8.016,96.539,5.59,53.695,0,5.604,5.607,NA,23
"5/25/2022 5:19:43 PM",0.03,29.343,49.802,78.586,71731.9,1033.109,33.109,0.078,0.078,0.073,8.025,96.528,5.59,52.081,0,5.603,5.606,NA,23
"5/25/2022 5:19:43 PM",0,29.344,49.802,78.588,71731.9,1033.108,33.108,0.086,0.086,0.073,8.017,96.509,5.589,50.042,0,5.602,5.606,NA,23
"5/25/2022 5:19:43 PM",0,29.397,49.864,78.749,71803.1,1033.136,33.137,0.086,0.086,0.204,8.019,96.571,5.59,67.883,0,5.604,5.607,NA,23
"5/25/2022 5:19:44 PM",0,29.554,49.818,78.913,71726.7,1033.046,33.047,0.234,0.234,1.311,8.008,96.696,5.598,86.574,0,5.611,5.615,NA,23
"5/25/2022 5:19:44 PM",0,29.758,49.381,78.603,71155.5,1032.642,32.643,0.382,0.382,1.632,8.002,96.859,5.616,92.777,0,5.63,5.633,NA,23
"5/25/2022 5:19:44 PM",0,29.531,49.263,78.115,71034.2,1032.633,32.634,0.484,0.484,1.194,8.006,96.658,5.609,93.881,0,5.622,5.625,NA,23
"5/25/2022 5:19:44 PM",0,29.406,49.734,78.585,71639.9,1033.034,33.035,0.913,0.913,5.443,7.998,96.576,5.591,94.306,0,5.604,5.607,NA,23
"5/25/2022 5:19:44 PM",0,29.37,49.76,78.567,71676,1033.066,33.067,1.147,1.147,2.536,7.999,96.457,5.584,99.234,0,5.597,5.6,NA,23
"5/25/2022 5:19:45 PM",0,29.352,49.502,78.188,71356,1032.878,32.879,4.47,4.47,7.097,8,96.497,5.596,104.076,0,5.609,5.612,NA,23
"5/25/2022 5:19:45 PM",0,29.339,34.381,56.745,51800.2,1021.485,21.486,4.049,4.049,8.987,7.995,96.436,6.079,103.227,0,6.096,6.097,NA,23
"5/25/2022 5:19:45 PM",0,29.297,2.88,5.821,5318.5,998.011,0,180.174,180.174,350.785,7.996,96.343,7.227,103.482,0,7.248,7.248,NA,23
"5/25/2022 5:19:45 PM",0,29.325,1.172,2.493,2276.8,996.728,0,209.442,209.442,449.828,7.999,96.505,7.308,103.482,0,7.329,7.329,NA,23
"5/25/2022 5:19:45 PM",0,29.312,2.864,5.793,5290.7,997.995,0,245.88,245.88,717.59,7.996,96.335,7.228,102.292,0,7.249,7.249,NA,23
"5/25/2022 5:19:46 PM",0,29.279,1.092,2.329,2128.3,996.682,0,351.58,351.58,1101.668,7.989,96.373,7.302,101.697,0,7.323,7.323,NA,23
"5/25/2022 5:19:46 PM",0,29.241,0.916,1.969,1801.2,996.562,0,241.558,241.558,475.513,7.992,96.335,7.307,99.234,0,7.328,7.328,NA,23
"5/25/2022 5:19:46 PM",0,29.165,0.821,1.771,1622.7,996.513,0,192.671,192.671,482.251,7.996,96.133,7.296,100.933,0,7.317,7.317,NA,23
"5/25/2022 5:19:46 PM",0,29.073,0.719,1.558,1429.5,996.464,0,504.193,504.193,1257.21,7.995,96.042,7.294,102.462,0,7.315,7.315,NA,23
"5/25/2022 5:19:46 PM",0,29.037,0.689,1.494,1372.4,996.452,0,324.41,324.41,996.869,7.991,95.975,7.291,103.227,0,7.312,7.312,NA,23
"5/25/2022 5:19:47 PM",0,28.743,0.624,1.351,1248.5,996.489,0,234.607,234.607,825.263,7.994,95.862,7.285,101.527,0,7.306,7.306,NA,23
"5/25/2022 5:19:47 PM",0,28.528,0.597,1.289,1196.5,996.531,0,356.931,356.931,1197.477,7.998,95.802,7.283,103.482,0,7.304,7.304,NA,23
"5/25/2022 5:19:47 PM",0,28.256,0.539,1.162,1084.5,996.566,0,337,337,950.464,7.995,95.775,7.284,111.553,0,7.304,7.305,NA,23
"5/25/2022 5:19:47 PM",0,28.165,0.52,1.12,1047,996.578,0,393.844,393.844,734.488,7.995,95.589,7.271,116.565,0,7.292,7.292,NA,23
"5/25/2022 5:19:47 PM",0,28.059,0.488,1.051,985.1,996.584,0,471.337,471.337,849.32,7.999,95.633,7.277,122.852,0,7.298,7.298,NA,23
"5/25/2022 5:19:48 PM",0,28.012,0.475,1.024,960.3,996.588,0,219.279,219.279,251.137,8.001,95.528,7.271,120.389,0,7.292,7.292,NA,23
"5/25/2022 5:19:48 PM",0,28.045,0.451,0.976,914.3,996.561,0,232.673,232.673,112.471,8,95.418,7.265,118.774,0,7.286,7.286,NA,23
"5/25/2022 5:19:48 PM",0,28.186,0.42,0.912,852,996.497,0,208.327,208.327,397.645,7.998,95.389,7.266,115.886,0,7.287,7.287,NA,23
"5/25/2022 5:19:48 PM",0,28.336,0.414,0.902,840,996.449,0,230.621,230.621,970.068,7.997,95.362,7.267,114.271,0,7.288,7.288,NA,23
"5/25/2022 5:19:48 PM",0,28.364,0.393,0.858,798.7,996.425,0,197.733,197.733,1055.056,7.994,95.296,7.265,116.48,0,7.286,7.286,NA,23
"5/25/2022 5:19:49 PM",0,28.185,0.404,0.879,821.5,996.486,0,176.258,176.258,307.329,7.998,95.005,7.244,121.578,0,7.265,7.265,NA,23
"5/25/2022 5:19:49 PM",0,27.939,0.39,0.845,794.1,996.545,0,200.136,200.136,291.487,7.996,94.593,7.215,125.656,0,7.235,7.236,NA,23
"5/25/2022 5:19:49 PM",0,27.722,0.417,0.897,846.7,996.627,0,118.064,118.064,122.281,7.994,94.438,7.203,130.414,0,7.224,7.224,NA,23
"5/25/2022 5:19:49 PM",0,27.566,0.369,0.795,752.4,996.634,0,17.559,17.559,18.897,8.006,94.576,7.22,131.943,0,7.241,7.241,NA,23
"5/25/2022 5:19:49 PM",0,27.579,0.358,0.772,730.4,996.622,0,5.422,5.422,5.618,8.014,94.598,7.225,127.865,0,7.246,7.246,NA,23
"5/25/2022 5:19:50 PM",0,27.621,0.346,0.748,706.8,996.602,0,1.958,1.958,2.025,8.008,94.325,7.208,122.088,0,7.229,7.229,NA,23
"5/25/2022 5:19:50 PM",0,27.612,0.326,0.705,666.8,996.589,0,1.311,1.311,0.903,7.999,94.35,7.214,114.441,0,7.234,7.235,NA,23
"5/25/2022 5:19:50 PM",0,27.534,0.311,0.672,636.3,996.599,0,0.967,0.967,1.136,7.993,94.023,7.191,109.514,0,7.212,7.212,NA,23
"5/25/2022 5:19:50 PM",0,27.354,0.445,0.95,903.4,996.751,0,1.116,1.116,0.976,8.001,93.084,7.116,109.684,0,7.137,7.137,NA,23
"5/25/2022 5:19:50 PM",0,27.023,0.615,1.288,1232.8,996.971,0,0.608,0.608,0.495,7.998,92.556,7.071,113.252,0,7.091,7.092,NA,23
"5/25/2022 5:19:51 PM",0,26.673,0.559,1.166,1124.9,997.025,0,0.491,0.491,0.845,7.996,92.386,7.063,113.507,0,7.083,7.083,NA,23
"5/25/2022 5:19:51 PM",0,26.466,0.509,1.061,1027.9,997.043,0,0.125,0.125,0.918,7.992,92.525,7.078,112.572,0,7.098,7.099,NA,23
"5/25/2022 5:19:51 PM",0,26.277,0.435,0.909,884.4,997.039,0,0.421,0.421,7.624,7.981,92.915,7.115,105.775,0,7.135,7.135,NA,23
"5/25/2022 5:19:51 PM",0,26.315,0.374,0.785,762.9,996.982,0,0.686,0.686,12.512,7.983,93.39,7.156,103.906,0,7.177,7.177,NA,23
"5/25/2022 5:19:52 PM",0,26.394,0.343,0.723,701.9,996.938,0,3.526,3.526,12.38,7.986,93.335,7.154,103.312,0,7.175,7.175,NA,23
"5/25/2022 5:19:52 PM",0,27.039,1.999,3.952,3782.8,998.005,0,3.76,3.76,11.601,8.015,94.689,7.191,102.037,0,7.212,7.212,NA,23
"5/25/2022 5:19:52 PM",0,28.49,2.924,5.814,5399.3,998.283,0,2.442,2.442,9.897,8.13,95.064,7.177,97.194,0,7.198,7.198,NA,23
"5/25/2022 5:19:52 PM",0,28.921,2.911,5.838,5374.2,998.146,0,2.098,2.098,9.369,8.231,94.443,7.125,93.796,0,7.146,7.146,NA,23
"5/25/2022 5:19:52 PM",0,28.975,2.858,5.745,5282.6,998.091,0,2.059,2.059,9.295,8.272,93.98,7.089,99.573,0,7.11,7.11,NA,23
"5/25/2022 5:19:53 PM",0,28.991,2.803,5.643,5187.5,998.045,0,2.013,2.013,9.369,8.298,93.447,7.049,102.462,0,7.069,7.069,NA,23
"5/25/2022 5:19:53 PM",0,29.007,2.64,5.336,4903.8,997.919,0,1.888,1.888,9.295,8.322,93.061,7.024,103.906,0,7.045,7.045,NA,23
"5/25/2022 5:19:53 PM",0,29.041,2.537,5.144,4723.9,997.832,0,1.919,1.919,9.192,8.345,92.301,6.969,102.972,0,6.989,6.989,NA,23
"5/25/2022 5:19:53 PM",0,29.048,2.367,4.82,4426.1,997.704,0,1.872,1.872,9.53,8.368,92.146,6.963,105.436,0,6.983,6.983,NA,23
"5/25/2022 5:19:53 PM",0,29.056,2.354,4.796,4402.6,997.691,0,1.864,1.864,9.295,8.378,91.74,6.932,104.246,0,6.952,6.952,NA,23
"5/25/2022 5:19:54 PM",0,29.056,2.447,4.973,4565.5,997.76,0,1.825,1.825,9.427,8.39,91.5,6.909,103.906,0,6.929,6.929,NA,23
"5/25/2022 5:19:54 PM",0,29.055,2.389,4.862,4463.5,997.717,0,1.888,1.888,9.192,8.397,91.316,6.897,105.011,0,6.917,6.917,NA,23
"5/25/2022 5:19:54 PM",0,29.053,2.391,4.865,4466.6,997.719,0,1.927,1.927,9.53,8.404,91.101,6.879,107.899,0,6.899,6.899,NA,23
"5/25/2022 5:19:54 PM",0,29.051,2.437,4.954,4548.8,997.755,0,1.911,1.911,9.398,8.41,91.008,6.871,107.815,0,6.891,6.891,NA,23
"5/25/2022 5:19:54 PM",0,29.051,2.444,4.967,4560.7,997.76,0,1.989,1.989,9.134,8.417,90.848,6.858,106.115,0,6.878,6.878,NA,23
"5/25/2022 5:19:55 PM",0,29.058,2.498,5.071,4655.2,997.798,0,1.935,1.935,9.031,8.419,90.64,6.84,103.566,0,6.86,6.86,NA,23
"5/25/2022 5:19:55 PM",0,29.059,2.479,5.034,4621.8,997.783,0,1.942,1.942,9.442,8.422,90.594,6.837,99.318,0,6.856,6.856,NA,23
"5/25/2022 5:19:55 PM",0,29.053,2.328,4.745,4356.8,997.672,0,1.864,1.864,9.28,8.431,90.413,6.829,98.384,0,6.849,6.849,NA,23
"5/25/2022 5:19:55 PM",0,29.052,2.314,4.718,4332.1,997.662,0,1.903,1.903,9.515,8.43,90.37,6.826,98.639,0,6.846,6.846,NA,23
"5/25/2022 5:19:55 PM",0,29.058,2.213,4.525,4154.4,997.585,0,1.927,1.927,9.104,8.436,90.33,6.827,98.639,0,6.846,6.846,NA,23
"5/25/2022 5:19:56 PM",0,29.063,2.279,4.652,4270.5,997.633,0,1.958,1.958,9.134,8.434,90.139,6.81,100.508,0,6.829,6.829,NA,23
"5/25/2022 5:19:56 PM",0,29.06,2.156,4.415,4053.1,997.542,0,1.888,1.888,9.295,8.435,89.98,6.802,104.671,0,6.822,6.822,NA,23
"5/25/2022 5:19:56 PM",0,29.061,2.248,4.591,4214.9,997.61,0,1.935,1.935,9.31,8.436,89.836,6.788,105.86,0,6.807,6.807,NA,23
"5/25/2022 5:19:56 PM",0,29.061,2.136,4.377,4017.7,997.527,0,1.841,1.841,9.148,8.433,89.868,6.794,102.887,0,6.814,6.814,NA,23
"5/25/2022 5:19:56 PM",0,29.061,2.073,4.254,3905.5,997.48,0,1.833,1.833,9.046,8.435,89.807,6.792,102.122,0,6.811,6.811,NA,23
"5/25/2022 5:19:57 PM",0,29.062,2.043,4.197,3852.7,997.457,0,1.903,1.903,9.31,8.432,89.766,6.789,99.998,0,6.809,6.809,NA,23
"5/25/2022 5:19:57 PM",0,29.063,2.068,4.246,3897.4,997.476,0,1.857,1.857,9.398,8.427,89.765,6.788,98.214,0,6.808,6.808,NA,23
"5/25/2022 5:19:57 PM",0,29.064,2.019,4.151,3810.6,997.439,0,1.903,1.903,9.178,8.426,89.638,6.78,98.129,0,6.8,6.8,NA,23
"5/25/2022 5:19:57 PM",0,29.064,2.027,4.165,3823.3,997.444,0,1.903,1.903,9.178,8.428,89.603,6.777,98.299,0,6.797,6.797,NA,23
"5/25/2022 5:19:57 PM",0,29.064,2.018,4.149,3808.8,997.438,0,1.966,1.966,9.266,8.431,89.453,6.766,99.318,0,6.786,6.786,NA,23
"5/25/2022 5:19:58 PM",0,29.064,1.996,4.106,3769.3,997.422,0,2.044,2.044,9.413,8.431,89.3,6.756,91.757,0,6.775,6.775,NA,23
"5/25/2022 5:19:58 PM",0,29.064,1.984,4.084,3748.4,997.413,0,2.005,2.005,9.794,8.43,89.264,6.753,85.385,0,6.772,6.772,NA,23
"5/25/2022 5:19:58 PM",0,29.062,1.95,4.017,3687.3,997.388,0,1.989,1.989,9.457,8.429,89.342,6.76,79.438,0,6.78,6.78,NA,23
"5/25/2022 5:19:58 PM",0,29.061,1.959,4.035,3703.7,997.395,0,1.888,1.888,9.589,8.428,89.288,6.756,71.961,0,6.775,6.775,NA,23
"5/25/2022 5:19:58 PM",0,29.059,1.938,3.992,3665.1,997.379,0,1.896,1.896,9.369,8.428,89.271,6.755,69.667,0,6.775,6.775,NA,23
"5/25/2022 5:19:59 PM",0,29.063,1.913,3.945,3621.7,997.36,0,1.966,1.966,9.251,8.425,89.234,6.753,69.752,0,6.773,6.773,NA,23
"5/25/2022 5:19:59 PM",0,29.066,1.905,3.93,3607.5,997.353,0,1.919,1.919,9.545,8.425,89.247,6.755,70.942,0,6.774,6.774,NA,23
"5/25/2022 5:19:59 PM",0,29.066,1.868,3.857,3540.6,997.325,0,2.013,2.013,9.427,8.423,89.105,6.745,72.811,0,6.764,6.764,NA,23
"5/25/2022 5:19:59 PM",0,29.067,1.84,3.803,3490.8,997.304,0,1.935,1.935,9.207,8.423,88.961,6.735,75.53,0,6.754,6.754,NA,23
"5/25/2022 5:19:59 PM",0,29.067,1.82,3.764,3454.5,997.289,0,1.841,1.841,8.987,8.424,89.009,6.739,81.562,0,6.759,6.759,NA,23
"5/25/2022 5:20:00 PM",0,29.065,1.796,3.717,3411.9,997.272,0,1.833,1.833,9.06,8.422,88.992,6.739,84.79,0,6.758,6.758,NA,23
"5/25/2022 5:20:00 PM",0,29.064,1.795,3.715,3410,997.271,0,1.903,1.903,9.06,8.416,88.929,6.734,88.444,0,6.753,6.753,NA,23
"5/25/2022 5:20:00 PM",0,29.064,1.784,3.694,3390.9,997.263,0,1.849,1.849,9.075,8.413,89.028,6.742,89.888,0,6.762,6.762,NA,23
"5/25/2022 5:20:00 PM",0,29.063,1.789,3.703,3398.9,997.267,0,1.857,1.857,9.046,8.41,88.962,6.737,93.456,0,6.756,6.756,NA,23
"5/25/2022 5:20:00 PM",0,29.059,1.777,3.68,3378,997.259,0,1.911,1.911,9.339,8.409,88.802,6.725,95.835,0,6.744,6.744,NA,23
"5/25/2022 5:20:01 PM",0,29.057,1.815,3.754,3446.6,997.288,0,1.841,1.841,9.339,8.408,88.818,6.725,95.665,0,6.744,6.744,NA,23
"5/25/2022 5:20:01 PM",0,29.058,1.806,3.736,3429.5,997.281,0,1.927,1.927,9.192,8.413,88.82,6.725,98.044,0,6.745,6.745,NA,23
"5/25/2022 5:20:01 PM",0,29.059,1.792,3.71,3405.4,997.271,0,1.927,1.927,9.046,8.413,88.856,6.728,97.279,0,6.748,6.748,NA,23
"5/25/2022 5:20:01 PM",0,29.066,1.738,3.604,3308,997.228,0,1.88,1.88,9.148,8.407,88.759,6.723,97.364,0,6.742,6.742,NA,23
"5/25/2022 5:20:02 PM",0,29.068,1.704,3.537,3246.4,997.202,0,1.771,1.771,9.178,8.405,88.612,6.713,98.044,0,6.732,6.732,NA,23
"5/25/2022 5:20:02 PM",0,29.069,1.681,3.491,3204.2,997.184,0,1.825,1.825,9.09,8.404,88.729,6.722,97.449,0,6.742,6.742,NA,23
"5/25/2022 5:20:02 PM",0,29.07,1.668,3.467,3182.1,997.175,0,1.833,1.833,9.295,8.406,88.67,6.718,95.58,0,6.737,6.738,NA,23
"5/25/2022 5:20:02 PM",0,29.071,1.688,3.506,3217.4,997.189,0,1.927,1.927,9.134,8.404,88.713,6.721,90.483,0,6.74,6.74,NA,23
"5/25/2022 5:20:02 PM",0,29.071,1.67,3.47,3184.9,997.176,0,1.958,1.958,9.134,8.403,88.669,6.719,86.235,0,6.738,6.738,NA,23
"5/25/2022 5:20:03 PM",0,29.071,1.679,3.489,3202.2,997.183,0,1.833,1.833,9.236,8.398,88.648,6.716,83.006,0,6.735,6.736,NA,23
"5/25/2022 5:20:03 PM",0,29.072,1.661,3.453,3169,997.169,0,1.88,1.88,9.339,8.363,88.687,6.72,81.052,0,6.739,6.739,NA,23
"5/25/2022 5:20:03 PM",0,29.073,1.669,3.468,3182.4,997.174,0,1.942,1.942,9.163,8.337,88.64,6.716,79.013,0,6.735,6.735,NA,23
"5/25/2022 5:20:03 PM",0,29.077,1.674,3.479,3192.9,997.177,0,1.864,1.864,9.222,8.336,88.678,6.718,80.457,0,6.738,6.738,NA,23
"5/25/2022 5:20:03 PM",0,29.079,1.651,3.434,3151.6,997.159,0,1.888,1.888,9.236,8.341,88.663,6.718,80.542,0,6.738,6.738,NA,23
"5/25/2022 5:20:04 PM",0,29.079,1.654,3.44,3156.2,997.161,0,1.935,1.935,9.163,8.336,88.698,6.721,80.117,0,6.741,6.741,NA,23
"5/25/2022 5:20:04 PM",0,29.081,1.631,3.393,3113.8,997.143,0,1.864,1.864,8.914,8.336,88.678,6.72,80.712,0,6.739,6.74,NA,23
"5/25/2022 5:24:45 PM",0.269,29.333,50.07,78.939,72068.5,1033.317,33.316,0.117,0.117,0.131,7.805,96.611,5.598,60.832,0,5.612,5.615,NA,23
"5/25/2022 5:24:45 PM",0.196,29.332,50.072,78.939,72070.9,1033.318,33.317,0.117,0.117,0.131,7.827,96.694,5.602,60.152,0,5.615,5.619,NA,23
"5/25/2022 5:24:46 PM",0.097,29.329,50.07,78.933,72069.2,1033.318,33.317,0.468,0.468,1.34,7.847,96.632,5.598,57.603,0,5.611,5.615,NA,23
"5/25/2022 5:24:46 PM",0,29.325,50.07,78.927,72069.3,1033.318,33.318,0.382,0.382,0.99,7.868,96.538,5.592,66.269,0,5.606,5.609,NA,23
"5/25/2022 5:24:46 PM",0,29.322,50.074,78.929,72074.8,1033.322,33.323,0.195,0.195,0.262,7.891,96.474,5.588,72.386,0,5.602,5.605,NA,23
"5/25/2022 5:24:46 PM",0,29.33,50.083,78.952,72085.3,1033.326,33.327,0.179,0.179,0.947,7.907,96.541,5.592,81.477,0,5.605,5.608,NA,23
"5/25/2022 5:24:46 PM",0,29.335,50.082,78.958,72083.4,1033.323,33.324,0.413,0.413,0.393,7.922,96.52,5.59,81.562,0,5.603,5.607,NA,23
"5/25/2022 5:24:47 PM",0,29.339,50.081,78.962,72080.9,1033.321,33.322,0.913,0.913,1.573,7.932,96.646,5.597,82.581,0,5.61,5.614,NA,23
"5/25/2022 5:24:47 PM",0,29.34,49.993,78.844,71971.6,1033.254,33.255,15.094,15.094,7.038,7.948,96.551,5.594,83.856,0,5.607,5.611,NA,23
"5/25/2022 5:24:47 PM",0,29.336,49.018,77.502,70751.7,1032.517,32.518,7.621,7.621,4.843,7.963,96.438,5.617,85.3,0,5.631,5.634,NA,23
"5/25/2022 5:24:47 PM",0,29.339,50.08,78.961,72080.2,1033.32,33.321,4.072,4.072,2.784,7.97,96.5,5.588,83.261,0,5.601,5.604,NA,23
"5/25/2022 5:24:47 PM",0,29.34,50.08,78.963,72080,1033.32,33.321,1.209,1.209,0.961,7.979,96.439,5.584,85.215,0,5.597,5.601,NA,23
"5/25/2022 5:24:48 PM",0,29.34,50.078,78.96,72077.2,1033.318,33.319,0.398,0.398,0.349,7.983,96.515,5.588,88.783,0,5.602,5.605,NA,23
"5/25/2022 5:24:48 PM",0,29.341,50.081,78.965,72081,1033.321,33.321,0.289,0.289,0.175,7.992,96.413,5.582,89.888,0,5.595,5.599,NA,23
"5/25/2022 5:24:48 PM",0,29.342,50.074,78.958,72072.8,1033.316,33.316,0.211,0.211,0.189,7.995,96.47,5.586,94.051,0,5.599,5.602,NA,23
"5/25/2022 5:24:48 PM",0.026,29.341,50.078,78.961,72077.8,1033.319,33.319,0.117,0.117,0.102,7.997,96.435,5.584,70.007,0,5.597,5.6,NA,23
"5/25/2022 5:24:48 PM",0.06,29.341,50.077,78.96,72076.6,1033.319,33.318,0.086,0.086,0.058,7.999,96.488,5.587,48.342,0,5.6,5.603,NA,23
"5/25/2022 5:24:49 PM",0.107,29.341,50.082,78.966,72081.8,1033.322,33.321,0.078,0.078,0.058,8.009,96.486,5.586,48.087,0,5.6,5.603,NA,23
"5/25/2022 5:24:49 PM",0.21,29.343,50.08,78.966,72080,1033.321,33.32,0.094,0.094,0.073,8.009,96.468,5.585,54.12,0,5.598,5.602,NA,23
"5/25/2022 5:24:49 PM",0.292,29.343,50.083,78.971,72083.7,1033.323,33.322,0.078,0.078,0.073,8.017,96.523,5.589,48.597,0,5.602,5.605,NA,23
"5/25/2022 5:24:49 PM",0.394,29.346,50.085,78.978,72086.2,1033.324,33.323,0.125,0.125,0.058,8.016,96.431,5.583,43.585,0,5.596,5.599,NA,23
"5/25/2022 5:24:50 PM",0.519,29.349,50.089,78.987,72089.8,1033.326,33.324,0.078,0.078,0.044,8.021,96.517,5.588,37.043,0,5.601,5.604,NA,23
"5/25/2022 5:24:50 PM",0.709,29.351,50.095,78.999,72098,1033.331,33.328,0.109,0.109,0.073,8.024,96.391,5.58,30.501,0,5.593,5.596,NA,23
"5/25/2022 5:24:50 PM",0.817,29.351,50.096,79,72098.6,1033.332,33.329,0.117,0.117,0.16,8.027,96.513,5.587,33.134,0,5.6,5.603,NA,23
"5/25/2022 5:24:50 PM",0.853,29.35,50.099,79.003,72102.6,1033.335,33.331,0.086,0.086,0.102,8.027,96.599,5.592,37.552,0,5.605,5.608,NA,23
"5/25/2022 5:24:50 PM",0.841,29.35,50.1,79.004,72104.5,1033.336,33.333,0.062,0.062,0.087,8.027,96.569,5.59,36.873,0,5.603,5.606,NA,23
"5/25/2022 5:24:51 PM",0.81,29.349,50.098,79.001,72102.2,1033.335,33.331,0.07,0.07,0.058,8.027,96.589,5.591,35.853,0,5.604,5.608,NA,23
"5/25/2022 5:24:51 PM",0.728,29.349,50.097,78.998,72100.7,1033.334,33.331,0.062,0.062,0.073,8.031,96.355,5.578,37.637,0,5.591,5.594,NA,23
"5/25/2022 5:24:51 PM",0.702,29.349,50.099,79.001,72102.8,1033.335,33.332,0.047,0.047,0.044,8.032,96.464,5.584,37.552,0,5.597,5.601,NA,23
"5/25/2022 5:24:51 PM",0.7,29.35,50.098,79.001,72101.1,1033.334,33.331,0.062,0.062,0.029,8.032,96.491,5.586,38.062,0,5.599,5.602,NA,23
"5/25/2022 5:24:51 PM",0.695,29.352,50.096,79.001,72098.3,1033.331,33.328,0.062,0.062,0.044,8.032,96.617,5.593,37.043,0,5.606,5.61,NA,23
"5/25/2022 5:24:52 PM",0.702,29.351,50.095,78.999,72097.8,1033.331,33.328,0.07,0.07,0.058,8.036,96.587,5.591,36.023,0,5.604,5.608,NA,23
"5/25/2022 5:24:52 PM",0.719,29.351,50.094,78.998,72097.1,1033.331,33.328,0.094,0.094,0.058,8.031,96.605,5.592,36.958,0,5.605,5.609,NA,23
"5/25/2022 5:24:52 PM",0.728,29.351,50.091,78.993,72092.5,1033.328,33.325,0.078,0.078,0.044,8.032,96.618,5.593,36.193,0,5.606,5.609,NA,23
"5/25/2022 5:24:52 PM",0.73,29.351,50.09,78.992,72091.6,1033.328,33.325,0.055,0.055,0.015,8.034,96.623,5.594,35.089,0,5.607,5.61,NA,23
"5/25/2022 5:24:52 PM",0.735,29.351,50.092,78.995,72094.3,1033.329,33.326,0.055,0.055,0.058,8.035,96.524,5.588,35.683,0,5.601,5.604,NA,23
"5/25/2022 5:24:53 PM",0.716,29.35,50.091,78.992,72092.6,1033.328,33.325,0.062,0.062,0.029,8.037,96.646,5.594,37.128,0,5.608,5.611,NA,23
"5/25/2022 5:24:53 PM",0.695,29.349,50.09,78.99,72091.9,1033.328,33.325,0.062,0.062,0,8.039,96.645,5.595,37.382,0,5.608,5.611,NA,23
"5/25/2022 5:24:53 PM",0.664,29.35,50.088,78.987,72089,1033.326,33.323,0.055,0.055,0.015,8.039,96.628,5.594,37.807,0,5.607,5.611,NA,23
"5/25/2022 5:24:53 PM",0.636,29.349,50.084,78.982,72084.4,1033.323,33.321,0.062,0.062,0.015,8.038,96.565,5.59,36.788,0,5.603,5.607,NA,23
"5/25/2022 5:24:53 PM",0.597,29.349,50.081,78.977,72080.7,1033.321,33.318,0.062,0.062,0.044,8.042,96.575,5.591,36.108,0,5.604,5.607,NA,23
"5/25/2022 5:24:54 PM",0.53,29.347,50.083,78.977,72082.9,1033.323,33.32,0.062,0.062,0.044,8.04,96.505,5.587,38.317,0,5.6,5.603,NA,23
"5/25/2022 5:24:54 PM",0.474,29.347,50.082,78.974,72081.5,1033.322,33.32,0.047,0.047,0.073,8.039,96.553,5.59,38.317,0,5.603,5.606,NA,23
"5/25/2022 5:24:54 PM",0.413,29.346,50.08,78.97,72079.1,1033.32,33.318,0.055,0.055,0.044,8.045,96.579,5.591,38.317,0,5.604,5.608,NA,23
"5/25/2022 5:24:54 PM",0.358,29.345,50.081,78.971,72080.8,1033.321,33.32,0.047,0.047,0,8.048,96.499,5.586,38.062,0,5.599,5.603,NA,23
"5/25/2022 5:24:54 PM",0.309,29.347,50.075,78.965,72073,1033.316,33.315,0.047,0.047,0.058,8.05,96.6,5.592,40.101,0,5.605,5.609,NA,23
"5/25/2022 5:24:55 PM",0.281,29.348,50.076,78.967,72073.7,1033.316,33.315,0.055,0.055,0.058,8.051,96.649,5.595,41.121,0,5.609,5.612,NA,23
"5/25/2022 5:24:55 PM",0.25,29.348,50.071,78.961,72067.4,1033.312,33.311,0.031,0.031,0,8.052,96.5,5.586,37.467,0,5.6,5.603,NA,23
"5/25/2022 5:24:55 PM",0.241,29.349,50.07,78.962,72066.9,1033.311,33.31,2.2,2.2,3.602,8.051,96.534,5.589,33.814,0,5.602,5.605,NA,23
"5/25/2022 5:24:55 PM",0.199,29.351,50.065,78.958,72060.5,1033.307,33.306,2.223,2.223,4.04,8.05,96.646,5.595,31.435,0,5.608,5.611,NA,23
"5/25/2022 5:24:55 PM",0.104,29.35,50.065,78.956,72059.7,1033.306,33.305,0.718,0.718,2.215,8.053,96.604,5.593,35.089,0,5.606,5.609,NA,23
"5/25/2022 5:24:56 PM",0,29.35,50.063,78.953,72057.1,1033.304,33.304,0.25,0.25,0.801,8.052,96.546,5.589,39.337,0,5.602,5.606,NA,23
"5/25/2022 5:24:56 PM",0,29.351,50.06,78.951,72054.1,1033.302,33.302,0.086,0.086,0.16,8.053,96.545,5.589,52.675,0,5.602,5.605,NA,23
"5/25/2022 5:24:56 PM",0,29.354,50.057,78.951,72049.8,1033.298,33.299,0,0,0,8.053,96.554,5.59,60.322,0,5.603,5.606,NA,23
"5/25/2022 5:24:56 PM",0,29.438,50.12,79.159,72118.1,1033.316,33.317,0,0,0.583,8.055,96.705,5.596,57.263,0,5.609,5.613,NA,23
"5/25/2022 5:24:56 PM",0,29.504,47.602,75.783,68950.6,1031.386,31.387,0.312,0.312,0.845,8.056,96.814,5.679,49.617,0,5.693,5.696,NA,23
"5/25/2022 5:24:57 PM",0,29.629,48.237,76.836,69735,1031.822,31.823,0.242,0.242,0.583,8.059,96.94,5.666,53.355,0,5.679,5.682,NA,23
"5/25/2022 5:24:57 PM",0,29.617,49.959,79.198,71895,1033.13,33.131,0.055,0.055,0.16,8.058,96.975,5.613,50.806,0,5.626,5.629,NA,23
"5/25/2022 5:24:57 PM",0,29.564,49.974,79.141,71919.5,1033.16,33.161,0.257,0.257,0.451,8.056,96.726,5.597,62.701,0,5.61,5.613,NA,23
"5/25/2022 5:24:57 PM",0,29.59,49.959,79.158,71897.6,1033.139,33.14,0.289,0.289,0.277,8.052,96.884,5.603,63.635,0,5.617,5.62,NA,23
"5/25/2022 5:24:57 PM",0,29.561,49.885,79.015,71809.4,1033.094,33.095,1.467,1.467,1.282,8.055,96.851,5.602,67.458,0,5.615,5.618,NA,23
"5/25/2022 5:24:58 PM",0,29.491,49.914,78.952,71853.5,1033.14,33.141,1.108,1.108,1.136,8.059,96.551,5.583,71.197,0,5.596,5.599,NA,23
"5/25/2022 5:24:58 PM",0,29.415,49.978,78.931,71943.1,1033.216,33.217,1.888,1.888,4.2,8.059,96.435,5.575,63.38,0,5.588,5.592,NA,23
"5/25/2022 5:24:58 PM",0,29.38,50.02,78.938,71999.5,1033.26,33.261,4.353,4.353,7.067,8.06,96.427,5.576,61.001,0,5.589,5.592,NA,23
"5/25/2022 5:24:58 PM",0,29.398,50.004,78.943,71978.3,1033.242,33.243,4.712,4.712,3.952,8.06,96.522,5.583,68.223,0,5.596,5.599,NA,23
"5/25/2022 5:24:58 PM",0,29.452,49.92,78.905,71866.8,1033.159,33.16,2.114,2.114,3.514,8.059,96.872,5.604,73.576,0,5.617,5.621,NA,23
"5/25/2022 5:24:59 PM",0,29.425,49.937,78.889,71890.3,1033.181,33.182,2.005,2.005,1.821,8.057,96.817,5.599,73.576,0,5.612,5.616,NA,23
"5/25/2022 5:24:59 PM",0,29.385,49.977,78.886,71945.4,1033.226,33.227,1.459,1.459,1.049,8.058,96.685,5.59,58.453,0,5.603,5.607,NA,23
"5/25/2022 5:24:59 PM",0,29.349,50.011,78.881,71993,1033.265,33.266,0.897,0.897,1.763,8.057,96.467,5.578,71.706,0,5.591,5.595,NA,23
"5/25/2022 5:24:59 PM",0,29.342,50.022,78.886,72007.8,1033.276,33.276,0.866,0.866,1.034,8.06,96.399,5.576,75.869,0,5.589,5.592,NA,23
"5/25/2022 5:24:59 PM",0,29.342,50.054,78.929,72046.8,1033.299,33.3,7.06,7.06,4.113,8.061,96.392,5.576,73.661,0,5.589,5.592,NA,23
"5/25/2022 5:25:00 PM",0,29.355,50.005,78.881,71984.1,1033.257,33.258,7.262,7.262,12.762,8.064,96.526,5.586,75.954,0,5.599,5.603,NA,23
"5/25/2022 5:25:00 PM",0,29.355,49.929,78.778,71889.6,1033.2,33.201,6.397,6.397,6.921,8.063,96.566,5.591,77.059,0,5.604,5.608,NA,23
"5/25/2022 5:25:00 PM",0,29.355,49.743,78.523,71657.2,1033.059,33.06,20.399,20.399,61.244,8.064,96.51,5.594,81.052,0,5.607,5.611,NA,23
"5/25/2022 5:25:00 PM",0,29.349,17.084,30.245,27603.9,1008.562,8.564,296.608,296.608,859.73,8.063,96.376,6.69,84.535,0,6.71,6.71,NA,23
"5/25/2022 5:25:01 PM",0,29.343,1.675,3.499,3193.8,997.099,0,405.046,405.046,1092.817,8.065,96.388,7.286,87.849,0,7.307,7.307,NA,23
"5/25/2022 5:25:01 PM",0,29.335,1.167,2.484,2267.4,996.721,0,153.355,153.355,293.943,8.065,96.303,7.301,88.529,0,7.322,7.322,NA,23
"5/25/2022 5:25:01 PM",0,29.224,0.899,1.932,1768.2,996.553,0,147.84,147.84,87.819,8.063,96.312,7.314,92.267,0,7.335,7.335,NA,23
"5/25/2022 5:25:01 PM",0,29.022,0.808,1.739,1597.5,996.545,0,65.877,65.877,35.939,8.058,96.136,7.305,93.201,0,7.326,7.326,NA,23
"5/25/2022 5:25:01 PM",0,28.842,0.768,1.651,1522.5,996.568,0,81.393,81.393,31.228,8.05,95.97,7.295,93.371,0,7.316,7.316,NA,23
"5/25/2022 5:25:02 PM",0,28.58,0.657,1.414,1310.7,996.561,0,58.623,58.623,33.753,8.057,95.894,7.294,89.633,0,7.315,7.316,NA,23
"5/25/2022 5:25:02 PM",0,28.187,3.824,7.431,6944,999.043,0,82.306,82.306,172.552,8.051,95.837,7.165,88.529,0,7.186,7.185,NA,23
"5/25/2022 5:25:02 PM",0,29.188,44.629,71.22,65212.2,1029.25,29.251,18.909,18.909,32.348,8.063,96.222,5.741,62.446,0,5.756,5.758,NA,23
"5/25/2022 5:25:02 PM",0.211,29.311,50.033,78.856,72025,1033.296,33.295,5.78,5.78,10.719,8.065,96.255,5.574,29.736,0,5.587,5.591,NA,23
"5/25/2022 5:25:02 PM",0.374,29.338,49.976,78.817,71950.6,1033.244,33.243,1.833,1.833,4.157,8.066,96.194,5.572,31.265,0,5.585,5.588,NA,23
"5/25/2022 5:25:03 PM",0.546,29.344,49.995,78.852,71973.7,1033.257,33.255,0.718,0.718,1.428,8.07,96.446,5.586,34.579,0,5.599,5.602,NA,23
"5/25/2022 5:25:03 PM",0.731,29.349,49.992,78.856,71969.6,1033.254,33.251,0.359,0.359,0.597,8.07,96.586,5.594,39.082,0,5.607,5.61,NA,23
"5/25/2022 5:25:03 PM",1.038,29.349,49.996,78.86,71974,1033.258,33.254,0.203,0.203,0.32,8.076,96.469,5.586,43.839,0,5.599,5.603,NA,23
"5/25/2022 5:25:03 PM",1.249,29.349,49.997,78.862,71976.5,1033.26,33.255,0.164,0.164,0.218,8.075,96.45,5.585,40.441,0,5.598,5.602,NA,23
"5/25/2022 5:25:03 PM",1.424,29.35,49.997,78.863,71975.5,1033.26,33.254,0.133,0.133,0.16,8.077,96.543,5.59,32.37,0,5.603,5.607,NA,23
"5/25/2022 5:25:04 PM",1.588,29.35,49.996,78.862,71974.8,1033.26,33.254,0.07,0.07,0.044,8.076,96.601,5.593,21.07,0,5.607,5.61,NA,23
"5/25/2022 5:25:04 PM",1.737,29.35,50,78.868,71979.3,1033.264,33.256,0,0,0,8.077,96.615,5.594,11.64,0,5.607,5.61,NA,23
"5/25/2022 5:25:04 PM",1.956,29.352,49.999,78.87,71977.7,1033.263,33.255,0,0,0,8.072,96.608,5.594,4.758,0,5.607,5.61,NA,23
"5/25/2022 5:25:04 PM",2.106,29.355,49.999,78.874,71977.6,1033.263,33.254,0,0,0,8.078,96.719,5.6,3.059,0,5.614,5.617,NA,23
"5/25/2022 5:25:04 PM",2.255,29.355,50,78.875,71979.1,1033.264,33.255,0.094,0.094,0.058,8.072,96.592,5.592,2.549,0,5.605,5.609,NA,23
"5/25/2022 5:25:05 PM",2.42,29.355,50.007,78.886,71988.3,1033.27,33.26,0.889,0.889,2.011,8.076,96.6,5.593,3.568,0,5.606,5.609,NA,23
"5/25/2022 5:25:05 PM",2.643,29.357,50.002,78.882,71982,1033.267,33.256,0.429,0.429,0.903,8.082,96.513,5.587,14.528,0,5.6,5.604,NA,23
"5/25/2022 5:25:05 PM",2.78,29.358,50.005,78.887,71985.5,1033.269,33.257,0.195,0.195,0.335,8.082,96.54,5.589,23.789,0,5.602,5.605,NA,23
"5/25/2022 5:25:05 PM",2.952,29.359,50.001,78.884,71980.7,1033.267,33.254,0.117,0.117,0.116,8.084,96.508,5.587,25.743,0,5.6,5.604,NA,23
"5/25/2022 5:25:05 PM",3.124,29.362,50.002,78.889,71981.7,1033.267,33.254,0.094,0.094,0.102,8.078,96.561,5.59,22.345,0,5.603,5.607,NA,23
"5/25/2022 5:25:06 PM",3.282,29.362,49.998,78.883,71976,1033.264,33.25,0.062,0.062,0,8.077,96.561,5.59,17.502,0,5.603,5.607,NA,23
"5/25/2022 5:25:06 PM",3.514,29.363,49.997,78.883,71974.8,1033.264,33.249,0.031,0.031,0,8.065,96.664,5.596,12.064,0,5.609,5.613,NA,23
"5/25/2022 5:25:06 PM",3.672,29.363,49.995,78.882,71973.3,1033.264,33.248,0,0,0,8.063,96.524,5.588,8.836,0,5.601,5.604,NA,23
"5/25/2022 5:25:06 PM",3.82,29.361,49.995,78.879,71973.6,1033.265,33.249,0,0,0,8.062,96.694,5.598,5.947,0,5.611,5.615,NA,23
"5/25/2022 5:25:06 PM",3.955,29.359,49.997,78.878,71976,1033.268,33.251,0,0,0,8.058,96.645,5.595,4.163,0,5.608,5.612,NA,23
"5/25/2022 5:25:07 PM",4.159,29.358,49.996,78.875,71974.8,1033.268,33.251,0,0,0,8.06,96.541,5.589,2.634,0,5.602,5.605,NA,23
"5/25/2022 5:25:07 PM",4.324,29.358,49.994,78.874,71972.5,1033.267,33.249,0,0,0,8.058,96.508,5.587,2.124,0,5.6,5.604,NA,23
"5/25/2022 5:25:07 PM",4.518,29.359,49.992,78.872,71969.8,1033.266,33.247,0,0,0,8.062,96.572,5.591,1.869,0,5.604,5.607,NA,23
"5/25/2022 5:25:07 PM",4.71,29.359,49.99,78.87,71967.8,1033.266,33.246,0,0,0,8.065,96.695,5.598,1.784,0,5.611,5.615,NA,23
"5/25/2022 5:25:07 PM",5.038,29.359,49.994,78.874,71972.3,1033.27,33.249,0.156,0.156,0.277,8.067,96.54,5.589,1.699,0,5.602,5.606,NA,23
"5/25/2022 5:25:08 PM",5.257,29.358,49.995,78.876,71974.3,1033.272,33.25,0.218,0.218,0.408,8.064,96.58,5.591,1.699,0,5.604,5.608,NA,23
"5/25/2022 5:25:08 PM",5.471,29.358,49.996,78.875,71975.1,1033.274,33.251,0.226,0.226,0.451,8.052,96.653,5.596,1.699,0,5.609,5.612,NA,23
"5/25/2022 5:25:08 PM",5.681,29.358,49.991,78.87,71969,1033.271,33.246,0.234,0.234,0.466,8.058,96.486,5.586,1.699,0,5.599,5.602,NA,23
"5/25/2022 5:25:08 PM",5.894,29.357,49.991,78.868,71969.6,1033.272,33.247,0.187,0.187,0.364,8.061,96.651,5.595,1.784,0,5.608,5.612,NA,23
"5/25/2022 5:25:08 PM",6.213,29.356,49.988,78.863,71966.1,1033.272,33.245,0.195,0.195,0.32,8.063,96.582,5.591,1.954,0,5.604,5.608,NA,23
"5/25/2022 5:25:09 PM",6.425,29.356,49.986,78.861,71964.3,1033.271,33.244,0.187,0.187,0.335,8.065,96.557,5.59,2.039,0,5.604,5.607,NA,23
"5/25/2022 5:25:09 PM",6.639,29.356,49.987,78.861,71964.7,1033.273,33.244,0.296,0.296,0.597,8.067,96.589,5.592,2.209,0,5.605,5.609,NA,23
"5/25/2022 5:25:09 PM",6.829,29.356,49.984,78.858,71961.3,1033.271,33.242,0.616,0.616,1.18,8.065,96.599,5.593,2.889,0,5.606,5.609,NA,23
"5/25/2022 5:25:09 PM",7.053,29.356,49.985,78.86,71962.8,1033.273,33.243,0.296,0.296,0.539,8.065,96.543,5.589,4.503,0,5.602,5.606,NA,23
"5/25/2022 5:25:09 PM",7.206,29.357,49.983,78.858,71960.7,1033.272,33.242,0.148,0.148,0.218,8.065,96.562,5.59,5.437,0,5.604,5.607,NA,23
"5/25/2022 5:25:10 PM",7.352,29.358,49.981,78.858,71958.1,1033.271,33.239,0.047,0.047,0,8.064,96.577,5.591,5.947,0,5.604,5.608,NA,23
"5/25/2022 5:25:10 PM",7.503,29.362,49.978,78.859,71954.2,1033.268,33.236,0,0,0,8.066,96.687,5.598,5.947,0,5.611,5.614,NA,23
"5/25/2022 5:25:10 PM",7.618,29.363,49.979,78.861,71954.7,1033.268,33.236,0,0,0,8.064,96.619,5.593,5.692,0,5.607,5.61,NA,23
"5/25/2022 5:25:10 PM",7.807,29.363,49.981,78.863,71956.9,1033.271,33.237,0,0,0,8.061,96.595,5.592,4.588,0,5.605,5.609,NA,23
"5/25/2022 5:25:10 PM",7.967,29.363,49.98,78.864,71956.7,1033.271,33.237,0,0,0,8.064,96.646,5.595,3.568,0,5.608,5.612,NA,23
"5/25/2022 5:25:11 PM",8.139,29.363,49.979,78.862,71954.8,1033.27,33.236,0,0,0,8.067,96.654,5.595,2.804,0,5.609,5.612,NA,23
"5/25/2022 5:25:11 PM",8.341,29.364,49.978,78.861,71953.3,1033.27,33.235,0.039,0.039,0,8.066,96.665,5.596,2.294,0,5.609,5.613,NA,23
"5/25/2022 5:25:11 PM",8.656,29.364,49.977,78.86,71952.3,1033.271,33.234,0.109,0.109,0.16,8.067,96.734,5.6,2.294,0,5.613,5.617,NA,23
"5/25/2022 5:25:11 PM",8.87,29.364,49.975,78.858,71950.2,1033.27,33.232,0.125,0.125,0.189,8.065,96.638,5.594,2.549,0,5.608,5.611,NA,23
"5/25/2022 5:25:12 PM",9.073,29.365,49.975,78.859,71949.8,1033.271,33.232,0.109,0.109,0.146,8.06,96.642,5.595,2.804,0,5.608,5.611,NA,23
"5/25/2022 5:25:12 PM",9.311,29.365,49.978,78.863,71953.6,1033.274,33.234,0.109,0.109,0.175,8.059,96.708,5.598,3.059,0,5.612,5.615,NA,23
"5/25/2022 5:25:12 PM",9.501,29.364,49.976,78.861,71952.4,1033.274,33.234,0.218,0.218,0.437,8.061,96.67,5.597,4.333,0,5.61,5.613,NA,23
"5/25/2022 5:25:12 PM",9.751,29.365,49.974,78.859,71949.8,1033.273,33.232,0.351,0.351,0.743,8.063,96.631,5.594,9.601,0,5.607,5.611,NA,23
"5/25/2022 5:25:12 PM",9.881,29.366,49.973,78.858,71947.9,1033.272,33.23,0.218,0.218,0.437,8.063,96.621,5.593,14.188,0,5.606,5.61,NA,23
"5/25/2022 5:25:13 PM",9.998,29.366,49.975,78.861,71950.2,1033.274,33.232,0.125,0.125,0.175,8.061,96.549,5.589,19.286,0,5.602,5.605,NA,23
"5/25/2022 5:25:13 PM",10.088,29.366,49.972,78.858,71947.4,1033.273,33.23,0.07,0.07,0.073,8.06,96.678,5.597,21.92,0,5.61,5.613,NA,23
"5/25/2022 5:25:13 PM",10.172,29.366,49.971,78.856,71945.8,1033.272,33.229,0.078,0.078,0.073,8.057,96.647,5.595,21.58,0,5.608,5.612,NA,23
"5/25/2022 5:25:13 PM",10.239,29.365,49.971,78.855,71946.3,1033.273,33.229,0.07,0.07,0.087,8.06,96.713,5.599,21.24,0,5.612,5.615,NA,23
"5/25/2022 5:25:13 PM",10.259,29.365,49.971,78.856,71946.4,1033.273,33.229,0.078,0.078,0.058,8.057,96.654,5.596,21.07,0,5.609,5.612,NA,23
"5/25/2022 5:25:14 PM",10.269,29.365,49.969,78.852,71942.9,1033.271,33.227,0.07,0.07,0.058,8.054,96.68,5.597,20.73,0,5.61,5.614,NA,23
"5/25/2022 5:25:14 PM",10.25,29.364,49.97,78.852,71944.5,1033.272,33.229,0.078,0.078,0.073,8.056,96.63,5.594,20.56,0,5.608,5.611,NA,23
"5/25/2022 5:25:14 PM",10.146,29.365,49.966,78.848,71940.1,1033.269,33.226,0.07,0.07,0.073,8.058,96.72,5.599,20.221,0,5.613,5.616,NA,23
"5/25/2022 5:25:14 PM",10.02,29.364,49.965,78.846,71938.7,1033.268,33.225,0.055,0.055,0.044,8.054,96.645,5.595,19.966,0,5.608,5.612,NA,23
"5/25/2022 5:25:14 PM",9.885,29.364,49.965,78.846,71938.5,1033.267,33.225,0.055,0.055,0.058,8.058,96.556,5.59,19.796,0,5.603,5.607,NA,23
"5/25/2022 5:25:15 PM",9.751,29.364,49.963,78.842,71935.2,1033.265,33.223,0.07,0.07,0.029,8.066,96.675,5.597,19.711,0,5.61,5.613,NA,23
"5/25/2022 5:25:15 PM",9.607,29.365,49.962,78.841,71934.3,1033.263,33.223,0.055,0.055,0.044,8.065,96.643,5.595,19.881,0,5.608,5.612,NA,23
"5/25/2022 5:25:15 PM",9.386,29.365,49.959,78.837,71930.6,1033.26,33.22,0.062,0.062,0.044,8.059,96.702,5.599,20.475,0,5.612,5.615,NA,23
"5/25/2022 5:25:15 PM",9.231,29.364,49.959,78.837,71930.6,1033.26,33.221,0.062,0.062,0.058,8.053,96.711,5.599,20.815,0,5.613,5.616,NA,23
"5/25/2022 5:25:15 PM",9.085,29.364,49.957,78.834,71928.4,1033.258,33.219,0.07,0.07,0.058,8.052,96.738,5.601,20.9,0,5.614,5.618,NA,23
"5/25/2022 5:25:16 PM",8.941,29.364,49.955,78.831,71925.1,1033.255,33.217,0.055,0.055,0.058,8.047,96.669,5.597,21.07,0,5.61,5.614,NA,23
"5/25/2022 5:25:16 PM",8.791,29.364,49.955,78.83,71925.4,1033.255,33.218,0.07,0.07,0.073,8.053,96.655,5.596,22.175,0,5.609,5.613,NA,23
"5/25/2022 5:25:16 PM",8.724,29.364,49.954,78.829,71924.1,1033.254,33.217,0.078,0.078,0.058,8.054,96.53,5.589,22.599,0,5.602,5.606,NA,23
"5/25/2022 5:25:16 PM",8.661,29.364,49.956,78.831,71926,1033.255,33.218,0.07,0.07,0.044,8.054,96.523,5.589,23.024,0,5.602,5.605,NA,23
"5/25/2022 5:25:16 PM",8.588,29.364,49.954,78.828,71923.4,1033.253,33.216,0.07,0.07,0.073,8.047,96.577,5.592,23.279,0,5.605,5.608,NA,23
"5/25/2022 5:25:17 PM",8.506,29.363,49.953,78.827,71922.5,1033.252,33.216,0.062,0.062,0.029,8.049,96.631,5.595,23.364,0,5.608,5.612,NA,23
"5/25/2022 5:25:17 PM",8.341,29.364,49.951,78.825,71920,1033.25,33.214,0.07,0.07,0.087,8.047,96.673,5.597,23.279,0,5.611,5.614,NA,23
"5/25/2022 5:25:17 PM",8.211,29.364,49.949,78.822,71917.4,1033.248,33.213,0.062,0.062,0.058,8.044,96.602,5.593,23.194,0,5.607,5.61,NA,23
"5/25/2022 5:25:17 PM",8.047,29.363,49.949,78.821,71917.7,1033.248,33.213,0.062,0.062,0.073,8.048,96.582,5.592,22.599,0,5.605,5.609,NA,23
"5/25/2022 5:25:17 PM",7.898,29.363,49.948,78.82,71916.6,1033.246,33.213,0.062,0.062,0.044,8.05,96.643,5.596,22.005,0,5.609,5.612,NA,23
"5/25/2022 5:25:18 PM",7.722,29.364,49.948,78.82,71916.5,1033.245,33.213,0.07,0.07,0.029,8.055,96.711,5.6,20.73,0,5.613,5.616,NA,23
"5/25/2022 5:25:18 PM",7.639,29.363,49.947,78.819,71915.3,1033.244,33.212,0.07,0.07,0.029,8.064,96.599,5.593,19.881,0,5.606,5.61,NA,23
"5/25/2022 5:25:18 PM",7.566,29.364,49.944,78.816,71911.5,1033.242,33.209,0.062,0.062,0.029,8.064,96.633,5.595,19.371,0,5.608,5.612,NA,23
"5/25/2022 5:25:18 PM",7.481,29.364,49.943,78.814,71910.1,1033.24,33.209,0.055,0.055,0.044,8.062,96.587,5.592,18.946,0,5.606,5.609,NA,23
"5/25/2022 5:25:18 PM",7.375,29.364,49.942,78.812,71908.2,1033.239,33.208,0.062,0.062,0.044,8.058,96.644,5.596,18.436,0,5.609,5.613,NA,23
"5/25/2022 5:25:19 PM",7.206,29.363,49.947,78.818,71914.6,1033.242,33.212,0.062,0.062,0.029,8.063,96.63,5.595,18.181,0,5.608,5.611,NA,23
"5/25/2022 5:25:19 PM",7.096,29.363,49.946,78.817,71913.5,1033.241,33.211,0.055,0.055,0.044,8.066,96.589,5.593,17.927,0,5.606,5.609,NA,23
"5/25/2022 5:25:19 PM",7.006,29.363,49.945,78.815,71912.5,1033.24,33.211,0.062,0.062,0.044,8.069,96.651,5.596,17.842,0,5.61,5.613,NA,23
"5/25/2022 5:25:19 PM",6.926,29.363,49.944,78.813,71910.1,1033.239,33.209,0.062,0.062,0.015,8.064,96.577,5.592,17.927,0,5.605,5.608,NA,23
"5/25/2022 5:25:19 PM",6.823,29.364,49.94,78.809,71905.8,1033.235,33.206,0.062,0.062,0.029,8.061,96.637,5.596,17.927,0,5.609,5.612,NA,23
"5/25/2022 5:25:20 PM",6.662,29.363,49.937,78.804,71902,1033.233,33.204,0.055,0.055,0.073,8.062,96.643,5.596,18.097,0,5.609,5.612,NA,23
"5/25/2022 5:25:20 PM",6.587,29.362,49.938,78.803,71903.5,1033.234,33.206,0.055,0.055,0.044,8.068,96.538,5.59,18.181,0,5.603,5.606,NA,23
"5/25/2022 5:25:20 PM",6.517,29.362,49.935,78.799,71900,1033.231,33.203,0.062,0.062,0.058,8.065,96.596,5.594,18.351,0,5.607,5.61,NA,23
"5/25/2022 5:25:20 PM",6.434,29.361,49.933,78.796,71897.3,1033.229,33.202,0.078,0.078,0.044,8.069,96.736,5.602,18.521,0,5.615,5.618,NA,23
"5/25/2022 5:25:20 PM",6.304,29.36,49.926,78.785,71888.8,1033.224,33.197,0.055,0.055,0.029,8.06,96.681,5.599,18.266,0,5.612,5.615,NA,23
"5/25/2022 5:25:21 PM",6.206,29.358,49.927,78.782,71889.5,1033.225,33.198,0.062,0.062,0.029,8.066,96.544,5.59,17.757,0,5.603,5.607,NA,23
"5/25/2022 5:25:21 PM",6.1,29.358,49.925,78.779,71887.6,1033.223,33.197,0.047,0.047,0.029,8.067,96.598,5.594,16.907,0,5.607,5.61,NA,23
"5/25/2022 5:25:21 PM",5.973,29.358,49.925,78.78,71887.4,1033.222,33.197,0.062,0.062,0.058,8.074,96.622,5.595,15.888,0,5.608,5.611,NA,23
"5/25/2022 5:25:21 PM",5.873,29.36,49.921,78.776,71881.4,1033.218,33.193,0.062,0.062,0.044,8.078,96.626,5.596,14.698,0,5.609,5.612,NA,23
"5/25/2022 5:25:21 PM",5.697,29.361,49.917,78.773,71877.1,1033.214,33.19,0.055,0.055,0.058,8.076,96.605,5.594,13.424,0,5.607,5.611,NA,23
"5/25/2022 5:25:22 PM",5.594,29.361,49.915,78.769,71873.6,1033.212,33.188,0.047,0.047,0.058,8.078,96.581,5.593,12.574,0,5.606,5.609,NA,23
"5/25/2022 5:25:22 PM",5.488,29.361,49.911,78.765,71869.5,1033.209,33.185,0.039,0.039,0.044,8.075,96.602,5.594,11.555,0,5.607,5.611,NA,23
"5/25/2022 5:25:22 PM",5.382,29.361,49.908,78.761,71865.8,1033.206,33.183,0.062,0.062,0.015,8.073,96.588,5.594,10.535,0,5.607,5.61,NA,23
"5/25/2022 5:25:22 PM",5.28,29.361,49.906,78.758,71863.1,1033.204,33.182,0.07,0.07,0.029,8.074,96.516,5.589,9.431,0,5.603,5.606,NA,23
"5/25/2022 5:25:23 PM",5.13,29.36,49.901,78.749,71856.4,1033.2,33.178,0.062,0.062,0.073,8.076,96.763,5.604,8.071,0,5.617,5.62,NA,23
"5/25/2022 5:25:23 PM",5.057,29.359,49.899,78.745,71854,1033.198,33.177,0.055,0.055,0.044,8.066,96.703,5.6,7.561,0,5.613,5.617,NA,23
"5/25/2022 5:25:23 PM",4.981,29.359,49.896,78.74,71850.2,1033.196,33.175,0.055,0.055,0.029,8.058,96.649,5.597,7.392,0,5.61,5.614,NA,23
"5/25/2022 5:25:23 PM",4.909,29.358,49.894,78.736,71847.4,1033.194,33.173,0.062,0.062,0.058,8.052,96.594,5.594,7.222,0,5.607,5.61,NA,23
"5/25/2022 5:25:23 PM",4.835,29.359,49.892,78.734,71845,1033.192,33.172,0.055,0.055,0.044,8.048,96.548,5.592,7.052,0,5.605,5.608,NA,23
"5/25/2022 5:25:24 PM",4.744,29.359,49.889,78.731,71841.4,1033.189,33.169,0.07,0.07,0.044,8.055,96.535,5.591,6.627,0,5.604,5.607,NA,23
"5/25/2022 5:25:24 PM",4.703,29.358,49.889,78.73,71841.9,1033.19,33.17,0.062,0.062,0.044,8.05,96.656,5.598,6.542,0,5.611,5.615,NA,23
"5/25/2022 5:25:24 PM",4.671,29.358,49.887,78.727,71839.1,1033.188,33.168,0.047,0.047,0.044,8.059,96.624,5.596,6.372,0,5.609,5.613,NA,23
"5/25/2022 5:25:24 PM",4.64,29.357,49.887,78.726,71839.1,1033.188,33.168,0.055,0.055,0.044,8.058,96.681,5.599,6.287,0,5.612,5.616,NA,23
"5/25/2022 5:25:24 PM",4.61,29.357,49.887,78.725,71838.5,1033.188,33.168,0.062,0.062,0.015,8.05,96.56,5.592,5.862,0,5.605,5.609,NA,23
"5/25/2022 5:25:25 PM",4.588,29.358,49.884,78.721,71834.7,1033.185,33.166,0.07,0.07,0.029,8.054,96.568,5.593,5.607,0,5.606,5.609,NA,23
"5/25/2022 5:25:25 PM",4.581,29.357,49.884,78.721,71834.7,1033.185,33.166,0.062,0.062,0.044,8.05,96.503,5.589,5.437,0,5.602,5.606,NA,23
"5/25/2022 5:25:25 PM",4.565,29.357,49.881,78.718,71832.1,1033.184,33.164,0.055,0.055,0.029,8.061,96.55,5.592,5.268,0,5.605,5.608,NA,23
"5/25/2022 5:25:25 PM",4.555,29.357,49.883,78.719,71834.3,1033.185,33.166,0.062,0.062,0.029,8.055,96.818,5.608,5.098,0,5.621,5.624,NA,23
"5/25/2022 5:25:25 PM",4.513,29.358,49.879,78.715,71829.4,1033.182,33.162,0.055,0.055,0.044,8.056,96.543,5.592,5.013,0,5.605,5.608,NA,23
"5/25/2022 5:25:26 PM",4.461,29.358,49.877,78.713,71826.7,1033.18,33.161,0.07,0.07,0.015,8.057,96.55,5.592,4.928,0,5.605,5.608,NA,23
"5/25/2022 5:25:26 PM",4.384,29.357,49.878,78.713,71827.8,1033.18,33.162,0.07,0.07,0.044,8.054,96.577,5.594,4.758,0,5.607,5.61,NA,23
"5/25/2022 5:25:26 PM",4.318,29.358,49.876,78.711,71825,1033.178,33.16,0.07,0.07,0.058,8.049,96.751,5.604,4.503,0,5.617,5.62,NA,23
"5/25/2022 5:25:26 PM",4.204,29.358,49.875,78.71,71823.6,1033.177,33.159,0.047,0.047,0.029,8.043,96.691,5.6,4.248,0,5.613,5.617,NA,23
"5/25/2022 5:25:26 PM",4.136,29.359,49.873,78.71,71821.3,1033.175,33.157,0.047,0.047,0.029,8.044,96.634,5.597,3.993,0,5.61,5.613,NA,23
"5/25/2022 5:25:27 PM",4.058,29.36,49.872,78.708,71819.8,1033.173,33.156,0.055,0.055,0.015,8.041,96.62,5.596,3.823,0,5.609,5.613,NA,23
"5/25/2022 5:25:27 PM",3.981,29.36,49.871,78.707,71818.2,1033.172,33.155,0.055,0.055,0.015,8.042,96.65,5.598,3.483,0,5.611,5.614,NA,23
"5/25/2022 5:25:27 PM",3.877,29.359,49.869,78.704,71816.4,1033.171,33.154,0.047,0.047,0.029,8.047,96.593,5.594,3.059,0,5.607,5.611,NA,23
"5/25/2022 5:25:27 PM",3.814,29.359,49.867,78.701,71814,1033.169,33.153,0.047,0.047,0.058,8.064,96.745,5.603,2.804,0,5.617,5.62,NA,23
"5/25/2022 5:25:27 PM",3.759,29.359,49.868,78.702,71815.2,1033.17,33.154,0.047,0.047,0.044,8.073,96.656,5.598,2.634,0,5.611,5.615,NA,23
"5/25/2022 5:25:28 PM",3.712,29.359,49.864,78.697,71809.7,1033.166,33.15,0.047,0.047,0.044,8.073,96.615,5.596,2.379,0,5.609,5.612,NA,23
"5/25/2022 5:25:28 PM",3.666,29.358,49.864,78.695,71809.5,1033.166,33.15,0.055,0.055,0.015,8.075,96.525,5.591,2.294,0,5.604,5.607,NA,23
"5/25/2022 5:25:28 PM",3.604,29.357,49.862,78.69,71807.4,1033.165,33.15,0.07,0.07,0.044,8.079,96.552,5.592,2.209,0,5.606,5.609,NA,23
"5/25/2022 5:25:28 PM",3.573,29.356,49.859,78.684,71803.3,1033.162,33.147,0.055,0.055,0.044,8.077,96.682,5.6,2.124,0,5.613,5.616,NA,23
"5/25/2022 5:25:28 PM",3.555,29.356,49.856,78.68,71799.4,1033.16,33.145,0.047,0.047,0.029,8.078,96.646,5.598,2.209,0,5.612,5.615,NA,23
"5/25/2022 5:25:29 PM",3.552,29.356,49.852,78.676,71795.5,1033.158,33.142,0.101,0.101,0.16,8.081,96.535,5.592,2.294,0,5.605,5.608,NA,23
"5/25/2022 5:25:29 PM",3.557,29.357,49.852,78.676,71794.7,1033.157,33.142,0.179,0.179,0.379,8.08,96.635,5.597,2.464,0,5.61,5.614,NA,23
"5/25/2022 5:25:29 PM",3.546,29.356,49.852,78.676,71795.1,1033.157,33.142,0.203,0.203,0.32,8.08,96.62,5.597,2.549,0,5.61,5.613,NA,23
"5/25/2022 5:25:29 PM",3.531,29.356,49.849,78.67,71790.7,1033.155,33.14,0.281,0.281,0.437,8.08,96.589,5.595,2.549,0,5.608,5.612,NA,23
"5/25/2022 5:25:29 PM",3.503,29.356,49.849,78.672,71791.2,1033.155,33.14,0.211,0.211,0.524,8.081,96.77,5.605,2.549,0,5.619,5.622,NA,23
"5/25/2022 5:25:30 PM",3.493,29.357,49.847,78.669,71788.2,1033.153,33.138,0.14,0.14,0.379,8.075,96.577,5.594,2.464,0,5.607,5.611,NA,23
"5/25/2022 5:25:30 PM",3.48,29.357,49.848,78.67,71789.2,1033.153,33.139,0.179,0.179,0.262,8.081,96.613,5.596,2.464,0,5.61,5.613,NA,23
"5/25/2022 5:25:30 PM",3.48,29.357,49.847,78.67,71788.9,1033.153,33.138,0.257,0.257,1.588,8.081,96.686,5.6,2.549,0,5.613,5.617,NA,23
"5/25/2022 5:25:30 PM",3.472,29.357,49.851,78.674,71793,1033.156,33.141,0.164,0.164,0.612,8.082,96.595,5.595,2.549,0,5.608,5.612,NA,23
"5/25/2022 5:25:30 PM",3.451,29.356,49.849,78.672,71791.3,1033.155,33.14,0.312,0.312,0.393,8.078,96.597,5.595,2.549,0,5.608,5.612,NA,23
"5/25/2022 5:25:31 PM",3.414,29.356,49.849,78.671,71791.7,1033.155,33.14,0.351,0.351,0.437,8.08,96.656,5.599,2.634,0,5.612,5.615,NA,23
"5/25/2022 5:25:31 PM",3.326,29.356,49.847,78.669,71788.4,1033.152,33.138,0.203,0.203,0.451,8.083,96.512,5.59,2.634,0,5.603,5.607,NA,23
"5/25/2022 5:25:31 PM",3.228,29.356,49.847,78.668,71788.2,1033.152,33.138,0.117,0.117,0.262,8.075,96.599,5.595,2.294,0,5.608,5.612,NA,23
"5/25/2022 5:25:31 PM",3.141,29.356,49.847,78.669,71788.6,1033.152,33.138,0.445,0.445,0.277,8.077,96.587,5.595,2.124,0,5.608,5.611,NA,23
"5/25/2022 5:25:31 PM",3.068,29.359,49.827,78.645,71763,1033.135,33.122,0.234,0.234,0.277,8.075,96.607,5.596,2.124,0,5.61,5.613,NA,23
"5/25/2022 5:25:32 PM",2.995,29.359,49.844,78.668,71784.3,1033.148,33.135,0.164,0.164,0.306,8.077,96.714,5.602,2.209,0,5.615,5.619,NA,23
"5/25/2022 5:25:32 PM",2.924,29.359,49.812,78.625,71744.9,1033.124,33.111,0.164,0.164,0.437,8.075,96.788,5.607,2.124,0,5.62,5.624,NA,23
"5/25/2022 5:25:32 PM",2.861,29.359,49.836,78.658,71774.5,1033.141,33.129,0.172,0.172,0.976,8.077,96.73,5.603,2.124,0,5.616,5.619,NA,23
"5/25/2022 5:25:32 PM",2.823,29.358,49.84,78.661,71779.1,1033.144,33.132,0.257,0.257,0.684,8.071,96.718,5.602,2.209,0,5.616,5.619,NA,23
"5/25/2022 5:25:33 PM",2.809,29.359,49.842,78.665,71781.6,1033.146,33.134,0.382,0.382,0.888,8.067,96.819,5.608,2.294,0,5.621,5.624,NA,23
"5/25/2022 5:25:33 PM",2.799,29.361,49.839,78.664,71778.3,1033.143,33.131,0.242,0.242,0.655,8.076,96.829,5.609,2.889,0,5.622,5.625,NA,23
"5/25/2022 5:25:33 PM",2.818,29.36,49.836,78.659,71774.2,1033.141,33.129,0.226,0.226,0.553,8.08,96.77,5.606,3.059,0,5.619,5.622,NA,23
"5/25/2022 5:25:33 PM",2.835,29.358,49.839,78.661,71778.6,1033.144,33.132,0.242,0.242,0.51,8.075,96.726,5.603,3.228,0,5.616,5.619,NA,23
"5/25/2022 5:25:33 PM",2.863,29.36,49.84,78.665,71779.2,1033.144,33.132,0.523,0.523,0.918,8.076,96.782,5.606,3.483,0,5.619,5.623,NA,23
"5/25/2022 5:25:34 PM",2.924,29.364,49.831,78.657,71767.1,1033.136,33.123,0.523,0.523,0.859,8.071,96.837,5.609,4.248,0,5.623,5.626,NA,23
"5/25/2022 5:25:34 PM",2.974,29.364,49.82,78.643,71753.8,1033.128,33.115,0.304,0.304,0.874,8.072,96.878,5.612,4.503,0,5.625,5.628,NA,23
"5/25/2022 5:25:34 PM",3.009,29.364,49.831,78.658,71768.1,1033.137,33.124,0.515,0.515,2.536,8.071,96.798,5.607,4.673,0,5.62,5.623,NA,23
"5/25/2022 5:25:34 PM",3.028,29.363,49.834,78.659,71771,1033.139,33.126,12.715,12.715,19.178,8.07,96.753,5.604,4.758,0,5.617,5.621,NA,23
"5/25/2022 5:25:34 PM",3.027,29.363,49.833,78.658,71769.8,1033.138,33.125,9.142,9.142,10.572,8.07,96.917,5.614,4.843,0,5.627,5.631,NA,23
"5/25/2022 5:25:35 PM",2.967,29.361,49.831,78.654,71768.1,1033.137,33.125,2.231,2.231,3.076,8.065,96.878,5.612,4.758,0,5.625,5.628,NA,23
"5/25/2022 5:25:35 PM",2.917,29.361,49.828,78.649,71763.7,1033.135,33.122,3.526,3.526,1.836,8.064,96.753,5.604,4.928,0,5.617,5.621,NA,23
"5/25/2022 5:25:35 PM",2.851,29.358,49.829,78.646,71765.9,1033.136,33.124,1.147,1.147,1.122,8.064,96.671,5.6,5.013,0,5.613,5.616,NA,23
"5/25/2022 5:25:35 PM",2.78,29.355,49.825,78.636,71761.2,1033.134,33.122,0.39,0.39,0.553,8.068,96.717,5.603,5.098,0,5.616,5.619,NA,23
"5/25/2022 5:25:35 PM",2.71,29.353,49.828,78.638,71765.3,1033.137,33.125,0.164,0.164,0.277,8.062,96.716,5.603,5.183,0,5.616,5.619,NA,23
"5/25/2022 5:25:36 PM",2.601,29.351,49.829,78.636,71766.9,1033.138,33.127,0.094,0.094,0.116,8.053,96.717,5.603,5.098,0,5.616,5.619,NA,23
"5/25/2022 5:25:36 PM",2.531,29.349,49.827,78.63,71763.6,1033.136,33.125,0.078,0.078,0.087,8.058,96.723,5.603,5.098,0,5.616,5.619,NA,23
"5/25/2022 5:25:36 PM",2.46,29.348,49.827,78.629,71763.7,1033.136,33.126,0.078,0.078,0.102,8.055,96.598,5.596,4.928,0,5.609,5.613,NA,23
"5/25/2022 5:25:36 PM",2.394,29.346,49.825,78.623,71762.2,1033.136,33.126,0.047,0.047,0.087,8.058,96.585,5.595,4.843,0,5.608,5.612,NA,23
"5/25/2022 5:25:36 PM",2.3,29.344,49.825,78.619,71761.6,1033.136,33.126,0.062,0.062,0.044,8.051,96.56,5.594,4.758,0,5.607,5.61,NA,23
"5/25/2022 5:25:37 PM",2.227,29.342,49.825,78.617,71761.9,1033.136,33.127,0.062,0.062,0.087,8.051,96.619,5.598,4.588,0,5.611,5.614,NA,23
"5/25/2022 5:25:37 PM",2.168,29.341,49.825,78.616,71761.9,1033.136,33.127,0.055,0.055,0.058,8.063,96.702,5.602,4.588,0,5.615,5.619,NA,23
"5/25/2022 5:25:37 PM",2.11,29.343,49.822,78.615,71758.9,1033.134,33.125,0.078,0.078,0.058,8.061,96.707,5.603,4.588,0,5.616,5.619,NA,23
"5/25/2022 5:25:37 PM",2.067,29.342,49.823,78.614,71759.4,1033.134,33.125,0.07,0.07,0.058,8.054,96.647,5.599,4.843,0,5.613,5.616,NA,23
"5/25/2022 5:25:37 PM",2.02,29.342,49.821,78.612,71757.1,1033.132,33.124,0.055,0.055,0.073,8.063,96.552,5.594,5.352,0,5.607,5.611,NA,23
"5/25/2022 5:25:38 PM",2.006,29.341,49.82,78.61,71756.6,1033.132,33.124,0.062,0.062,0.073,8.063,96.532,5.593,5.692,0,5.606,5.609,NA,23
"5/25/2022 5:25:38 PM",1.994,29.341,49.819,78.608,71755,1033.131,33.123,0.062,0.062,0.044,8.064,96.635,5.599,5.947,0,5.612,5.615,NA,23
"5/25/2022 5:25:38 PM",1.976,29.341,49.818,78.606,71753.8,1033.13,33.122,0.062,0.062,0.058,8.043,96.532,5.593,6.117,0,5.607,5.61,NA,23
"5/25/2022 5:25:38 PM",1.938,29.34,49.816,78.602,71751.1,1033.129,33.121,0.062,0.062,0.044,8.046,96.52,5.592,6.202,0,5.605,5.609,NA,23
"5/25/2022 5:25:38 PM",1.91,29.34,49.816,78.601,71751.2,1033.129,33.121,0.047,0.047,0.044,8.045,96.53,5.593,6.202,0,5.606,5.61,NA,23
"5/25/2022 5:25:39 PM",1.884,29.34,49.815,78.6,71749.9,1033.128,33.12,0.047,0.047,0.015,8.051,96.474,5.59,6.117,0,5.603,5.606,NA,23
"5/25/2022 5:25:39 PM",1.876,29.342,49.816,78.604,71751,1033.128,33.12,0.055,0.055,0.029,8.048,96.5,5.591,6.202,0,5.604,5.608,NA,23
"5/25/2022 5:25:39 PM",1.857,29.348,49.813,78.608,71745.9,1033.123,33.115,0.055,0.055,0.015,8.055,96.576,5.596,6.372,0,5.609,5.612,NA,23
"5/25/2022 5:25:39 PM",1.834,29.352,49.811,78.611,71742.9,1033.12,33.112,0.062,0.062,0,8.053,96.578,5.595,6.627,0,5.609,5.612,NA,23
"5/25/2022 5:25:39 PM",1.81,29.352,49.81,78.61,71742,1033.12,33.112,0.062,0.062,0.029,8.048,96.481,5.59,6.457,0,5.603,5.606,NA,23
"5/25/2022 5:25:40 PM",1.792,29.35,49.809,78.607,71741.5,1033.12,33.112,0.047,0.047,0.058,8.051,96.585,5.596,6.032,0,5.609,5.612,NA,23
"5/25/2022 5:25:40 PM",1.773,29.349,49.81,78.607,71742.6,1033.121,33.113,0.062,0.062,0.044,8.053,96.553,5.594,5.522,0,5.607,5.611,NA,23
"5/25/2022 5:25:40 PM",1.723,29.353,49.809,78.611,71740.9,1033.118,33.111,0.062,0.062,0.058,8.062,96.716,5.603,4.673,0,5.617,5.62,NA,23
"5/25/2022 5:25:40 PM",1.679,29.355,49.809,78.615,71740.9,1033.117,33.11,0.07,0.07,0.073,8.06,96.751,5.605,4.418,0,5.619,5.622,NA,23
"5/25/2022 5:25:40 PM",1.632,29.356,49.807,78.613,71737.3,1033.115,33.108,0.07,0.07,0.029,8.059,96.562,5.594,4.078,0,5.607,5.611,NA,23
"5/25/2022 5:25:41 PM",1.58,29.356,49.806,78.611,71735.9,1033.114,33.107,0.062,0.062,0.029,8.057,96.481,5.589,3.823,0,5.603,5.606,NA,23
"5/25/2022 5:25:41 PM",1.497,29.357,49.804,78.61,71734.4,1033.112,33.106,0.062,0.062,0.073,8.051,96.559,5.594,3.908,0,5.607,5.61,NA,23
"5/25/2022 5:25:41 PM",1.429,29.357,49.804,78.61,71734.2,1033.112,33.106,0.055,0.055,0.044,8.054,96.634,5.598,4.248,0,5.611,5.615,NA,23
"5/25/2022 5:25:41 PM",1.366,29.358,49.804,78.61,71733.5,1033.111,33.105,0.062,0.062,0.029,8.06,96.614,5.597,4.418,0,5.61,5.613,NA,23
"5/25/2022 5:25:41 PM",1.305,29.358,49.804,78.61,71733.4,1033.111,33.105,0.055,0.055,0.044,8.059,96.667,5.6,4.758,0,5.613,5.617,NA,23
"5/25/2022 5:25:42 PM",1.25,29.358,49.804,78.61,71733,1033.11,33.105,0.055,0.055,0.029,8.057,96.659,5.6,5.268,0,5.613,5.616,NA,23
"5/25/2022 5:25:42 PM",1.172,29.357,49.8,78.605,71728.9,1033.108,33.103,0.055,0.055,0.044,8.052,96.623,5.598,5.437,0,5.611,5.614,NA,23
"5/25/2022 5:25:42 PM",1.133,29.358,49.801,78.606,71729.2,1033.108,33.103,0.062,0.062,0.044,8.058,96.585,5.596,5.268,0,5.609,5.612,NA,23
"5/25/2022 5:25:42 PM",1.1,29.357,49.799,78.603,71727,1033.106,33.101,0.055,0.055,0.029,8.061,96.502,5.591,5.183,0,5.604,5.607,NA,23
"5/25/2022 5:25:42 PM",1.097,29.357,49.798,78.602,71726,1033.106,33.101,0.062,0.062,0,8.057,96.553,5.594,5.437,0,5.607,5.61,NA,23
"5/25/2022 5:25:43 PM",1.092,29.357,49.797,78.599,71724.4,1033.105,33.1,0.047,0.047,0.058,8.066,96.659,5.6,5.947,0,5.613,5.616,NA,23
"5/25/2022 5:25:43 PM",1.095,29.357,49.797,78.6,71725,1033.105,33.1,0.062,0.062,0.044,8.066,96.604,5.597,6.202,0,5.61,5.613,NA,23
"5/25/2022 5:25:43 PM",1.109,29.355,49.796,78.597,71724,1033.105,33.1,0.062,0.062,0.044,8.064,96.558,5.594,6.372,0,5.607,5.61,NA,23
"5/25/2022 5:25:43 PM",1.125,29.355,49.793,78.59,71719.6,1033.103,33.098,0.062,0.062,0.073,8.063,96.597,5.596,6.712,0,5.609,5.613,NA,23
"5/25/2022 5:25:44 PM",1.13,29.353,49.795,78.591,71722.8,1033.105,33.1,0.07,0.07,0.044,8.067,96.474,5.589,6.967,0,5.602,5.605,NA,23
"5/25/2022 5:25:44 PM",1.144,29.35,49.792,78.584,71719.9,1033.104,33.099,0.062,0.062,0.044,8.071,96.576,5.595,7.137,0,5.609,5.612,NA,23
"5/25/2022 5:25:44 PM",1.152,29.345,49.789,78.572,71716.1,1033.103,33.098,0.07,0.07,0.058,8.067,96.559,5.595,7.731,0,5.608,5.611,NA,23
"5/25/2022 5:25:44 PM",1.145,29.343,49.791,78.572,71719.3,1033.106,33.101,0.055,0.055,0.015,8.062,96.599,5.597,7.561,0,5.61,5.614,NA,23
"5/25/2022 5:25:44 PM",1.147,29.343,49.791,78.572,71719.8,1033.106,33.101,0.055,0.055,0.058,8.071,96.508,5.592,6.882,0,5.605,5.608,NA,23
"5/25/2022 5:25:45 PM",1.126,29.345,49.793,78.576,71721,1033.106,33.101,0.086,0.086,0,8.059,96.49,5.591,5.437,0,5.604,5.607,NA,23
"5/25/2022 5:25:45 PM",1.083,29.351,49.787,78.578,71712.5,1033.099,33.094,0.078,0.078,0.044,8.053,96.557,5.595,3.908,0,5.608,5.611,NA,23
"5/25/2022 5:25:45 PM",1.038,29.346,49.784,78.566,71709.7,1033.099,33.094,0.078,0.078,0.058,8.044,96.702,5.603,3.228,0,5.616,5.62,NA,23
"5/25/2022 5:25:45 PM",0.979,29.342,49.788,78.567,71715.9,1033.103,33.099,0.055,0.055,0.044,8.036,96.587,5.596,2.889,0,5.609,5.613,NA,23
"5/25/2022 5:25:45 PM",0.918,29.343,49.792,78.574,71720.2,1033.105,33.101,0.062,0.062,0.087,8.045,96.605,5.597,2.719,0,5.61,5.614,NA,23
"5/25/2022 5:25:46 PM",0.758,29.373,49.786,78.607,71708.4,1033.089,33.086,0.187,0.187,0.175,8.055,96.648,5.599,1.869,0,5.613,5.616,NA,23
"5/25/2022 5:25:46 PM",0.606,29.369,49.773,78.583,71692.8,1033.08,33.078,0.133,0.133,0.175,8.049,96.559,5.595,1.359,0,5.608,5.611,NA,23
"5/25/2022 5:25:46 PM",0.436,29.352,49.775,78.563,71697.5,1033.087,33.085,0.117,0.117,0.116,8.056,96.669,5.601,0.935,0,5.614,5.617,NA,23
"5/25/2022 5:25:46 PM",0.271,29.343,49.776,78.55,71700,1033.091,33.089,0.125,0.125,0.073,8.058,96.56,5.595,1.784,0,5.608,5.611,NA,23
"5/25/2022 5:25:46 PM",0.13,29.35,49.775,78.559,71697.4,1033.086,33.086,0.195,0.195,0,8.057,96.642,5.599,8.921,0,5.612,5.616,NA,23
"5/25/2022 5:25:47 PM",0.278,29.351,49.76,78.541,71679.1,1033.076,33.074,0.125,0.125,0.146,8.053,96.608,5.598,12.064,0,5.611,5.614,NA,23
"5/25/2022 5:25:47 PM",0.267,29.345,49.775,78.551,71697.9,1033.089,33.088,0.109,0.109,0.248,8.042,96.487,5.59,12.659,0,5.604,5.607,NA,23
"5/25/2022 5:25:47 PM",0.196,29.348,49.806,78.598,71736.5,1033.111,33.11,1.061,1.061,0.291,8.055,96.468,5.589,15.038,0,5.602,5.605,NA,23
"5/25/2022 5:25:47 PM",0.229,29.365,49.767,78.57,71685.3,1033.075,33.074,1.279,1.279,0.393,8.059,96.54,5.593,23.279,0,5.606,5.61,NA,23
"5/25/2022 5:25:47 PM",0.273,29.363,49.757,78.554,71674.2,1033.069,33.068,0.257,0.257,0.408,8.061,96.638,5.599,22.769,0,5.612,5.616,NA,23
"5/25/2022 5:25:48 PM",0.321,29.359,49.765,78.56,71684.7,1033.077,33.075,0.796,0.796,0.626,8.059,96.532,5.593,12.659,0,5.606,5.609,NA,23
"5/25/2022 5:25:48 PM",0.332,29.362,49.77,78.569,71689.8,1033.079,33.078,0.46,0.46,0.189,8.057,96.525,5.592,15.973,0,5.606,5.609,NA,23
"5/25/2022 5:25:48 PM",0.356,29.36,49.76,78.553,71677.9,1033.073,33.071,0.71,0.71,0.335,8.047,96.499,5.591,27.867,0,5.604,5.608,NA,23
"5/25/2022 5:25:48 PM",0.358,29.356,49.766,78.556,71686.1,1033.079,33.077,0.351,0.351,0.583,8.045,96.601,5.597,33.134,0,5.61,5.613,NA,23
"5/25/2022 5:25:48 PM",0.311,29.355,49.757,78.542,71674.2,1033.072,33.07,0.413,0.413,0.335,8.048,96.552,5.594,37.722,0,5.608,5.611,NA,23
"5/25/2022 5:25:49 PM",0.241,29.353,49.757,78.539,71674.9,1033.072,33.071,0.203,0.203,0.233,8.052,96.547,5.594,35.938,0,5.608,5.611,NA,23
"5/25/2022 5:25:49 PM",0.187,29.351,49.759,78.539,71678.1,1033.075,33.074,0.101,0.101,0.568,8.048,96.569,5.595,32.54,0,5.608,5.612,NA,23
"5/25/2022 5:25:49 PM",0.13,29.351,49.759,78.538,71677.4,1033.074,33.074,0.14,0.14,0.408,8.042,96.587,5.596,30.841,0,5.61,5.613,NA,23
"5/25/2022 5:25:49 PM",0.057,29.361,49.766,78.561,71684.6,1033.075,33.075,0.406,0.406,0.495,8.05,96.606,5.597,35.174,0,5.611,5.614,NA,23
"5/25/2022 5:25:49 PM",0,29.371,49.766,78.577,71684.5,1033.072,33.072,0.71,0.71,0.349,8.048,96.575,5.596,47.663,0,5.609,5.612,NA,23
"5/25/2022 5:25:50 PM",0,29.363,49.759,78.556,71676.1,1033.069,33.069,0.242,0.242,0.175,8.054,96.656,5.6,53.44,0,5.614,5.617,NA,23
"5/25/2022 5:25:50 PM",0,29.414,49.824,78.719,71750.9,1033.1,33.1,0.101,0.101,0.058,8.06,96.729,5.602,67.883,0,5.615,5.618,NA,23
"5/25/2022 5:25:50 PM",0,29.426,49.362,78.101,71170.9,1032.745,32.746,0.023,0.023,0,8.06,96.697,5.613,73.151,0,5.627,5.63,NA,23
"5/25/2022 5:25:50 PM",0,29.42,49.674,78.52,71562,1032.983,32.985,1.342,1.342,1.894,8.061,96.747,5.606,75.53,0,5.619,5.622,NA,23
"5/25/2022 5:25:50 PM",0,29.407,49.666,78.492,71553.7,1032.982,32.983,1.131,1.131,1.049,8.055,96.699,5.602,80.627,0,5.615,5.619,NA,23
"5/25/2022 5:25:51 PM",0,29.374,49.731,78.534,71640.2,1033.044,33.045,0.452,0.452,0.597,8.054,96.46,5.587,86.405,0,5.6,5.603,NA,23
"5/25/2022 5:25:51 PM",0,29.361,49.719,78.498,71625.6,1033.038,33.039,4.587,4.587,5.384,8.044,96.431,5.586,87.934,0,5.599,5.603,NA,23
"5/25/2022 5:25:51 PM",0,29.342,27.598,46.644,42576.7,1016.405,16.406,13.417,13.417,41.675,8.036,96.479,6.316,89.378,0,6.334,6.334,NA,23
"5/25/2022 5:25:51 PM",0,29.309,2.945,5.947,5432,998.057,0,430.055,430.055,836.036,8.036,96.319,7.225,98.129,0,7.246,7.246,NA,23
"5/25/2022 5:25:51 PM",0,29.293,1.683,3.511,3208.2,997.12,0,447.778,447.778,636.543,8.035,96.358,7.28,98.129,0,7.301,7.301,NA,23
"5/25/2022 5:25:52 PM",0,29.289,5.151,10.019,9155,999.706,0,159.939,159.939,174.854,8.037,96.317,7.14,94.731,0,7.161,7.16,NA,23
"5/25/2022 5:25:52 PM",0,29.323,6.737,12.861,11743.8,1000.876,0.877,44.402,44.402,46.121,8.034,96.306,7.077,90.398,0,7.098,7.098,NA,23
"5/25/2022 5:25:52 PM",0,29.336,35.758,58.753,53636.8,1022.52,22.52,6.771,6.771,7.228,8.035,96.425,6.037,90.568,0,6.053,6.055,NA,23
"5/25/2022 5:25:52 PM",0,29.338,49.713,78.458,71621.8,1033.043,33.043,2.2,2.2,2.755,8.042,96.497,5.594,93.031,0,5.607,5.61,NA,23
"5/25/2022 5:25:52 PM",0,29.339,49.723,78.473,71634.3,1033.05,33.051,0.952,0.952,1.399,8.046,96.39,5.587,93.201,0,5.6,5.603,NA,23
"5/25/2022 5:25:53 PM",0,29.339,49.726,78.476,71637.1,1033.052,33.052,0.718,0.718,3.806,8.055,96.51,5.594,92.012,0,5.607,5.61,NA,23
"5/25/2022 5:25:53 PM",0,29.341,49.724,78.476,71635,1033.05,33.051,1.42,1.42,2.784,8.052,96.53,5.595,94.986,0,5.608,5.611,NA,23
"5/25/2022 5:25:53 PM",0,29.342,49.723,78.477,71634,1033.049,33.05,0.491,0.491,1.194,8.056,96.537,5.595,97.704,0,5.609,5.612,NA,23
"5/25/2022 5:25:53 PM",0,29.341,49.636,78.356,71525.2,1032.983,32.984,0.265,0.265,1.326,8.065,96.573,5.6,96.26,0,5.613,5.617,NA,23
"5/25/2022 5:25:53 PM",0,29.341,49.719,78.469,71628.9,1033.046,33.047,4.641,4.641,3.368,8.069,96.579,5.598,94.391,0,5.611,5.614,NA,23
"5/25/2022 5:25:54 PM",0,29.339,47.294,75.128,68580.7,1031.211,31.212,18.691,18.691,18.173,8.058,96.574,5.673,95.495,0,5.687,5.69,NA,23
"5/25/2022 5:25:54 PM",0,29.337,3.144,6.326,5774.9,998.197,0,222.462,222.462,305.986,8.056,96.474,7.231,94.986,0,7.252,7.252,NA,23
"5/25/2022 5:25:54 PM",0,29.295,1.447,3.043,2779.9,996.942,0,255.248,255.248,215.466,8.054,96.409,7.295,92.862,0,7.316,7.316,NA,23
"5/25/2022 5:25:54 PM",0,29.168,1.403,2.949,2701.4,996.948,0,472.109,472.109,334.362,8.059,96.392,7.297,91.247,0,7.318,7.318,NA,23
"5/25/2022 5:25:55 PM",0,29.044,1.136,2.407,2210.2,996.784,0,230.481,230.481,123.715,8.056,96.26,7.298,92.012,0,7.319,7.319,NA,23
"5/25/2022 5:25:55 PM",0,28.811,0.88,1.88,1734.1,996.661,0,234.709,234.709,150.694,8.054,96.143,7.301,92.182,0,7.322,7.322,NA,23
"5/25/2022 5:25:55 PM",0,28.648,0.768,1.646,1523.6,996.625,0,94.35,94.35,52.978,8.062,96.142,7.307,95.325,0,7.328,7.328,NA,23
"5/25/2022 5:25:55 PM",0,28.501,0.815,1.735,1611.2,996.702,0,104.491,104.491,41.404,8.058,96.171,7.308,97.025,0,7.33,7.33,NA,23
"5/25/2022 5:25:55 PM",0,28.406,0.774,1.649,1534.2,996.699,0,53.466,53.466,16.859,8.056,96.058,7.302,97.704,0,7.323,7.323,NA,23
"5/25/2022 5:25:56 PM",0,28.267,0.748,1.593,1485.9,996.72,0,79.341,79.341,22.421,8.062,95.954,7.297,102.207,0,7.318,7.318,NA,23
"5/25/2022 5:25:56 PM",0,28.28,0.638,1.368,1276,996.634,0,24.518,24.518,3.967,8.056,95.988,7.306,107.475,0,7.327,7.327,NA,23
"5/25/2022 5:25:56 PM",0,28.346,0.602,1.295,1205.9,996.588,0,16.561,16.561,4.639,8.056,95.968,7.307,108.494,0,7.328,7.328,NA,23
"5/25/2022 5:25:56 PM",0,28.392,0.562,1.212,1128.3,996.544,0,14.533,14.533,5.165,8.058,95.884,7.304,108.409,0,7.325,7.325,NA,23
"5/25/2022 5:25:56 PM",0,28.416,0.524,1.135,1055.9,996.509,0,24.253,24.253,2.726,8.047,95.856,7.305,105.86,0,7.326,7.326,NA,23
"5/25/2022 5:25:57 PM",0,28.45,0.493,1.071,995.4,996.476,0,14.127,14.127,1.457,8.043,95.833,7.305,101.697,0,7.326,7.327,NA,23
"5/25/2022 5:25:57 PM",0,28.457,0.557,1.204,1118.5,996.522,0,14.338,14.338,1.982,8.045,95.666,7.292,109.854,0,7.313,7.313,NA,23
"5/25/2022 5:25:57 PM",0,28.394,0.518,1.121,1042.7,996.51,0,39.76,39.76,85.456,8.045,95.64,7.293,111.893,0,7.314,7.314,NA,23
"5/25/2022 5:25:57 PM",0,28.342,0.497,1.077,1003.5,996.51,0,14.736,14.736,23.044,8.046,95.643,7.295,109.769,0,7.316,7.316,NA,23
"5/25/2022 5:25:57 PM",0,28.303,0.508,1.098,1023.4,996.529,0,8.16,8.16,6.935,8.043,95.67,7.298,105.86,0,7.319,7.319,NA,23
"5/25/2022 5:25:58 PM",0,28.053,0.473,1.022,957.4,996.575,0,18.683,18.683,5.326,8.044,95.206,7.265,106.455,0,7.286,7.286,NA,23
"5/25/2022 5:25:58 PM",0,27.764,0.46,0.987,930.8,996.647,0,95.489,95.489,30.094,8.044,95.245,7.269,105.606,0,7.29,7.29,NA,23
"5/25/2022 5:25:58 PM",0,27.534,0.436,0.934,884.9,996.694,0,40.837,40.837,14.986,8.037,95.019,7.254,106.71,0,7.275,7.275,NA,23
"5/25/2022 5:25:58 PM",0,27.358,0.416,0.89,846.4,996.728,0,11.795,11.795,6.848,8.04,94.829,7.246,98.724,0,7.267,7.267,NA,23
"5/25/2022 5:25:58 PM",0,27.22,0.387,0.827,788.3,996.745,0,1.482,1.482,8.503,8.038,94.292,7.213,71.961,0,7.234,7.234,NA,23
"5/25/2022 5:25:59 PM",0,27.188,0.392,0.837,798.8,996.757,0,0.64,0.64,2.448,8.038,94.05,7.197,50.976,0,7.218,7.218,NA,23
"5/25/2022 5:25:59 PM",0,27.135,0.524,1.107,1057.6,996.872,0,0.679,0.679,0.932,8.039,93.592,7.159,45.794,0,7.18,7.18,NA,23
"5/25/2022 5:25:59 PM",0,27.015,0.745,1.547,1481.3,997.07,0,0.445,0.445,0.335,8.04,93.131,7.118,55.139,0,7.138,7.138,NA,23
"5/25/2022 5:25:59 PM",0,26.785,0.753,1.556,1497.5,997.14,0,0.351,0.351,0.335,8.032,92.916,7.104,77.144,0,7.124,7.124,NA,23
"5/25/2022 5:25:59 PM",0,26.43,0.434,0.91,882.7,996.997,0,0.164,0.164,0.306,8.031,92.936,7.121,93.626,0,7.141,7.141,NA,23
"5/25/2022 5:26:00 PM",0,26.356,0.572,1.186,1151.3,997.121,0,0.203,0.203,1.457,8.037,92.937,7.117,95.325,0,7.137,7.137,NA,23
"5/25/2022 5:26:00 PM",0,26.215,0.485,1.008,981.6,997.093,0,0.242,0.242,8.21,8.04,93.253,7.15,94.986,0,7.171,7.171,NA,23
"5/25/2022 5:26:00 PM",0,26.23,0.429,0.896,872.3,997.047,0,6.233,6.233,25.939,8.034,93.267,7.159,93.031,0,7.18,7.18,NA,23
"5/25/2022 5:26:00 PM",0,26.33,0.374,0.786,764,996.979,0,28.761,28.761,32.886,8.032,93.738,7.204,95.75,0,7.225,7.225,NA,23
"5/25/2022 5:26:00 PM",0,27.366,3.365,6.49,6168.8,998.936,0,11.865,11.865,14.824,8.074,94.899,7.173,95.41,0,7.193,7.193,NA,23
"5/25/2022 5:26:01 PM",0,28.408,2.73,5.444,5064.5,998.162,0,4.532,4.532,10.499,8.214,94.3,7.15,91.672,0,7.17,7.17,NA,23
"5/25/2022 5:26:01 PM",0,28.669,2.87,5.734,5305.5,998.19,0,2.582,2.582,9.369,8.292,93.621,7.09,89.633,0,7.11,7.11,NA,23
"5/25/2022 5:26:01 PM",0,28.733,2.508,5.058,4674.6,997.902,0,1.981,1.981,9.09,8.346,92.554,7.019,90.398,0,7.04,7.04,NA,23
"5/25/2022 5:26:01 PM",0,28.76,2.389,4.835,4465.9,997.805,0,1.911,1.911,8.958,8.361,92.076,6.986,94.391,0,7.006,7.006,NA,23
"5/25/2022 5:26:01 PM",0,28.775,2.402,4.861,4488.7,997.81,0,1.825,1.825,8.914,8.386,91.604,6.948,97.194,0,6.968,6.968,NA,23
"5/25/2022 5:26:02 PM",0,28.78,2.259,4.588,4236.2,997.701,0,1.747,1.747,8.943,8.4,91.348,6.933,98.554,0,6.953,6.953,NA,23
"5/25/2022 5:26:02 PM",0,28.784,2.275,4.62,4265.1,997.713,0,1.802,1.802,9.06,8.401,91.077,6.91,98.129,0,6.93,6.93,NA,23
"5/25/2022 5:26:02 PM",0,28.782,2.523,5.092,4700.5,997.898,0,1.81,1.81,9.046,8.412,90.886,6.886,95.07,0,6.906,6.906,NA,23
"5/25/2022 5:26:02 PM",0,28.781,2.161,4.402,4063.9,997.629,0,1.771,1.771,9.002,8.414,90.656,6.882,95.325,0,6.902,6.902,NA,23
"5/25/2022 5:26:02 PM",0,28.777,2.089,4.263,3936.2,997.576,0,1.818,1.818,9.046,8.413,90.665,6.884,96.685,0,6.904,6.904,NA,23
"5/25/2022 5:26:03 PM",0,28.776,2.029,4.148,3829.6,997.531,0,1.849,1.849,8.826,8.412,90.361,6.864,98.639,0,6.883,6.883,NA,23
"5/25/2022 5:26:03 PM",0,28.772,1.998,4.087,3773.5,997.509,0,1.864,1.864,9.251,8.419,90.263,6.857,100.083,0,6.877,6.877,NA,23
"5/25/2022 5:26:03 PM",0,28.768,1.945,3.984,3678.6,997.47,0,1.833,1.833,9.06,8.421,90.137,6.849,99.658,0,6.869,6.869,NA,23
"5/25/2022 5:26:03 PM",0,28.768,1.936,3.968,3663.9,997.464,0,1.911,1.911,8.972,8.432,90.002,6.838,99.658,0,6.858,6.858,NA,23
"5/25/2022 5:26:04 PM",0,28.767,1.964,4.022,3714,997.485,0,1.825,1.825,9.016,8.429,89.818,6.823,99.488,0,6.843,6.843,NA,23
"5/25/2022 5:26:04 PM",0,28.768,1.934,3.963,3659.5,997.462,0,1.849,1.849,8.87,8.425,89.855,6.827,98.894,0,6.846,6.846,NA,23
"5/25/2022 5:26:04 PM",0,28.769,1.928,3.952,3649,997.458,0,1.771,1.771,8.972,8.417,89.607,6.808,98.299,0,6.827,6.827,NA,23
"5/25/2022 5:26:04 PM",0,28.771,1.962,4.017,3709.5,997.482,0,1.755,1.755,8.928,8.415,89.575,6.803,101.697,0,6.823,6.823,NA,23
"5/25/2022 5:26:04 PM",0,28.773,1.921,3.937,3635.6,997.451,0,1.794,1.794,8.826,8.423,89.536,6.802,104.416,0,6.821,6.821,NA,23
"5/25/2022 5:26:05 PM",0,28.776,1.937,3.97,3665.5,997.462,0,1.747,1.747,8.796,8.428,89.363,6.788,104.756,0,6.807,6.807,NA,23
"5/25/2022 5:26:05 PM",0,28.78,1.905,3.908,3608.1,997.437,0,1.81,1.81,9.002,8.419,89.232,6.779,103.482,0,6.798,6.798,NA,23
"5/25/2022 5:26:05 PM",0,28.782,1.91,3.919,3617.6,997.441,0,1.896,1.896,8.987,8.413,89.129,6.77,98.894,0,6.79,6.79,NA,23
"5/25/2022 5:26:05 PM",0,28.781,1.81,3.725,3438.6,997.366,0,1.786,1.786,9.031,8.404,89.071,6.77,96.685,0,6.79,6.79,NA,23
"5/25/2022 5:26:05 PM",0,28.779,1.856,3.812,3519.5,997.4,0,1.716,1.716,9.134,8.402,89.081,6.769,93.966,0,6.788,6.788,NA,23
"5/25/2022 5:26:06 PM",0,28.778,1.794,3.693,3409.5,997.355,0,1.771,1.771,9.06,8.411,88.925,6.759,91.417,0,6.779,6.779,NA,23
"5/25/2022 5:26:06 PM",0,28.777,1.799,3.702,3418,997.359,0,1.747,1.747,9.163,8.407,88.873,6.755,91.927,0,6.774,6.774,NA,23
"5/25/2022 5:26:06 PM",0,28.778,1.803,3.71,3425.5,997.361,0,1.81,1.81,8.914,8.402,88.83,6.752,91.927,0,6.771,6.771,NA,23
"5/25/2022 5:26:06 PM",0,28.78,1.807,3.718,3432.1,997.364,0,1.763,1.763,9.031,8.396,88.897,6.756,90.483,0,6.776,6.776,NA,23
"5/25/2022 5:26:06 PM",0,28.783,1.745,3.598,3321.7,997.317,0,1.747,1.747,8.811,8.392,88.649,6.74,89.208,0,6.759,6.759,NA,23
"5/25/2022 5:26:07 PM",0,28.784,1.789,3.684,3401,997.349,0,1.825,1.825,8.782,8.399,88.57,6.732,88.613,0,6.751,6.751,NA,23
"5/25/2022 5:26:07 PM",0,28.777,1.748,3.603,3327,997.321,0,1.732,1.732,8.987,8.396,88.608,6.736,83.771,0,6.756,6.756,NA,23
"5/25/2022 5:26:07 PM",0,28.776,1.717,3.543,3271.1,997.298,0,1.825,1.825,9.06,8.384,88.554,6.733,81.307,0,6.753,6.753,NA,23
"5/25/2022 5:26:07 PM",0,28.777,1.722,3.551,3279,997.301,0,1.747,1.747,8.958,8.382,88.512,6.729,79.693,0,6.749,6.749,NA,23
"5/25/2022 5:26:07 PM",0,28.778,1.719,3.546,3274.1,997.298,0,1.763,1.763,8.987,8.384,88.48,6.727,76.719,0,6.746,6.746,NA,23
"5/25/2022 5:26:08 PM",0,28.781,1.732,3.573,3298.6,997.308,0,1.833,1.833,9.09,8.399,88.386,6.719,70.687,0,6.739,6.739,NA,23
"5/25/2022 5:26:08 PM",0,28.784,1.696,3.503,3233.6,997.28,0,1.81,1.81,8.958,8.39,88.34,6.717,67.458,0,6.737,6.737,NA,23
"5/25/2022 5:26:08 PM",0,28.787,1.712,3.533,3261.1,997.291,0,1.779,1.779,8.928,8.395,88.339,6.716,66.099,0,6.736,6.736,NA,23
"5/25/2022 5:26:08 PM",0,28.788,1.696,3.502,3232.6,997.278,0,1.74,1.74,8.855,8.394,88.371,6.72,62.786,0,6.739,6.739,NA,23
"5/25/2022 5:26:08 PM",0,28.789,1.696,3.502,3232.1,997.278,0,1.74,1.74,8.782,8.395,88.344,6.717,60.577,0,6.737,6.737,NA,23
"5/25/2022 5:26:09 PM",0,28.79,1.681,3.473,3205.8,997.267,0,1.763,1.763,8.782,8.391,88.211,6.707,65.08,0,6.727,6.727,NA,23
"5/25/2022 5:26:09 PM",0,28.79,1.694,3.499,3230,997.277,0,1.763,1.763,8.796,8.393,88.311,6.715,71.452,0,6.734,6.734,NA,23
"5/25/2022 5:26:09 PM",0,28.791,1.674,3.46,3193.9,997.262,0,1.701,1.701,8.958,8.39,88.177,6.705,78.758,0,6.724,6.724,NA,23
"5/25/2022 5:26:09 PM",0,28.791,1.694,3.499,3229.2,997.276,0,1.74,1.74,8.928,8.391,88.15,6.702,86.065,0,6.721,6.721,NA,23
"5/25/2022 5:26:09 PM",0,28.791,1.672,3.456,3189.8,997.26,0,1.802,1.802,8.811,8.381,88.245,6.71,90.822,0,6.729,6.729,NA,23
"5/25/2022 5:26:10 PM",0,28.792,1.677,3.466,3199,997.263,0,1.732,1.732,8.826,8.374,88.158,6.703,91.672,0,6.722,6.722,NA,23
"5/25/2022 5:26:10 PM",0,28.792,1.659,3.43,3166.1,997.25,0,1.794,1.794,8.87,8.373,88.078,6.697,93.286,0,6.716,6.717,NA,23
"5/25/2022 5:26:10 PM",0,28.791,1.662,3.436,3171.2,997.252,0,1.747,1.747,8.84,8.376,88.131,6.701,93.796,0,6.72,6.721,NA,23
"5/25/2022 5:26:10 PM",0,28.787,1.652,3.416,3153.7,997.246,0,1.724,1.724,8.796,8.373,88.108,6.7,94.816,0,6.719,6.719,NA,23
"5/25/2022 5:26:10 PM",0,28.788,1.636,3.386,3125.2,997.234,0,1.732,1.732,8.547,8.38,88.092,6.699,95.835,0,6.718,6.718,NA,23
"5/25/2022 5:26:11 PM",0,28.792,1.63,3.374,3114.1,997.228,0,1.825,1.825,8.738,8.379,88.05,6.696,96.6,0,6.715,6.715,NA,23
"5/25/2022 5:26:11 PM",0,28.798,1.627,3.368,3108.6,997.224,0,1.818,1.818,8.914,8.375,88.101,6.7,97.364,0,6.719,6.719,NA,23
"5/25/2022 5:26:11 PM",0,28.802,1.599,3.313,3057.6,997.202,0,1.724,1.724,8.928,8.366,87.987,6.692,97.449,0,6.711,6.711,NA,23
"5/25/2022 5:26:11 PM",0,28.805,1.575,3.267,3014.4,997.183,0,1.755,1.755,8.87,8.348,88.001,6.694,97.364,0,6.713,6.713,NA,23
"5/25/2022 5:26:11 PM",0,28.805,1.583,3.282,3028.4,997.189,0,1.724,1.724,9.163,8.35,87.951,6.689,97.534,0,6.709,6.709,NA,23
"5/25/2022 5:26:12 PM",0,28.806,1.551,3.219,2970.1,997.165,0,1.818,1.818,8.987,8.354,87.97,6.692,98.044,0,6.711,6.711,NA,23
"5/25/2022 5:26:12 PM",0,28.804,1.561,3.239,2988.8,997.173,0,1.966,1.966,8.914,8.35,87.942,6.689,96.855,0,6.709,6.709,NA,23
"5/25/2022 5:26:12 PM",0,28.803,1.514,3.146,2903.2,997.138,0,1.864,1.864,9.031,8.35,87.972,6.693,96.43,0,6.713,6.713,NA,23
"5/25/2022 5:26:12 PM",0,28.802,1.527,3.172,2926.9,997.148,0,1.981,1.981,8.972,8.352,88.032,6.697,96.77,0,6.717,6.717,NA,23
"5/25/2022 5:26:12 PM",0,28.801,1.499,3.116,2875.8,997.127,0,1.927,1.927,8.84,8.35,87.929,6.69,97.025,0,6.709,6.709,NA,23
"5/25/2022 5:26:13 PM",0,28.799,1.515,3.149,2906,997.14,0,1.981,1.981,9.002,8.347,87.994,6.695,96.855,0,6.714,6.714,NA,23
"5/25/2022 5:26:13 PM",0,28.799,1.498,3.114,2873.8,997.127,0,1.818,1.818,9.002,8.349,88.005,6.696,97.025,0,6.715,6.715,NA,23
"5/25/2022 5:26:13 PM",0,28.799,1.504,3.128,2886.3,997.132,0,1.81,1.81,8.811,8.351,87.931,6.69,97.11,0,6.71,6.71,NA,23
"5/25/2022 5:26:13 PM",0,28.798,1.497,3.114,2873.7,997.127,0,1.724,1.724,8.855,8.343,87.938,6.691,97.364,0,6.71,6.71,NA,23
"5/25/2022 5:26:14 PM",0,28.798,1.502,3.123,2882,997.131,0,1.779,1.779,8.796,8.338,87.884,6.687,97.789,0,6.706,6.706,NA,23
"5/25/2022 5:26:14 PM",0,28.796,1.495,3.108,2868.8,997.126,0,1.802,1.802,8.914,8.338,87.942,6.691,96.94,0,6.71,6.71,NA,23
"5/25/2022 5:26:14 PM",0,28.795,1.501,3.122,2881,997.131,0,1.786,1.786,8.708,8.33,87.878,6.686,96.345,0,6.706,6.706,NA,23
"5/25/2022 5:26:14 PM",0,28.793,1.495,3.109,2869.7,997.127,0,1.833,1.833,8.782,8.338,87.892,6.688,98.129,0,6.707,6.707,NA,23
"5/25/2022 5:26:14 PM",0,28.793,1.5,3.118,2878.2,997.13,0,1.849,1.849,8.752,8.34,87.953,6.692,98.639,0,6.711,6.711,NA,23
"5/25/2022 5:26:15 PM",0,28.793,1.493,3.105,2866.3,997.125,0,1.81,1.81,8.752,8.333,87.914,6.689,98.979,0,6.708,6.709,NA,23
"5/25/2022 5:26:15 PM",0,28.794,1.499,3.117,2876.8,997.129,0,1.818,1.818,8.855,8.329,87.891,6.687,99.234,0,6.706,6.707,NA,23
"5/25/2022 5:26:15 PM",0,28.794,1.505,3.128,2886.6,997.134,0,1.802,1.802,8.855,8.331,87.891,6.687,99.658,0,6.706,6.706,NA,23
"5/25/2022 5:26:15 PM",0,28.794,1.499,3.116,2875.7,997.129,0,1.771,1.771,8.826,8.33,87.837,6.683,98.894,0,6.702,6.702,NA,23
"5/25/2022 5:30:47 PM",0.29,29.352,50.081,78.981,72079.3,1033.318,33.317,0.484,0.484,0.67,7.965,96.594,5.603,46.813,0,5.616,5.619,NA,23
"5/25/2022 5:30:47 PM",0.215,29.348,50.09,78.989,72092,1033.326,33.326,1.053,1.053,0.976,7.977,96.607,5.602,48.172,0,5.616,5.619,NA,23
"5/25/2022 5:30:48 PM",0.126,29.348,50.063,78.95,72057.5,1033.305,33.305,0.476,0.476,1.078,7.985,96.554,5.6,49.447,0,5.613,5.616,NA,23
"5/25/2022 5:30:48 PM",0,29.344,50.098,78.993,72101.9,1033.333,33.333,0.663,0.663,0.903,7.998,96.685,5.605,57.858,0,5.618,5.622,NA,23
"5/25/2022 5:30:48 PM",0,29.343,50.095,78.987,72098.1,1033.33,33.331,0.273,0.273,0.626,8.005,96.592,5.6,59.727,0,5.613,5.616,NA,23
"5/25/2022 5:30:48 PM",0,29.344,50.026,78.894,72012,1033.277,33.278,0.218,0.218,1.282,8.017,96.524,5.598,60.916,0,5.611,5.614,NA,23
"5/25/2022 5:30:48 PM",0,29.346,50.087,78.981,72088.4,1033.323,33.324,3.191,3.191,9.985,8.024,96.628,5.602,62.531,0,5.615,5.618,NA,23
"5/25/2022 5:30:49 PM",0.031,29.353,50.094,79,72095.6,1033.327,33.327,0.803,0.803,1.763,8.034,96.747,5.608,57.008,0,5.621,5.624,NA,23
"5/25/2022 5:30:49 PM",0.111,29.353,50.089,78.993,72089.2,1033.323,33.323,0.608,0.608,1.224,8.045,96.784,5.61,45.284,0,5.623,5.626,NA,23
"5/25/2022 5:30:49 PM",0.17,29.353,50.088,78.991,72088,1033.323,33.322,0.343,0.343,0.612,8.048,96.646,5.601,50.211,0,5.615,5.618,NA,23
"5/25/2022 5:30:49 PM",0.234,29.353,50.086,78.989,72085.8,1033.322,33.321,0.242,0.242,0.422,8.051,96.676,5.604,52.93,0,5.617,5.621,NA,23
"5/25/2022 5:30:49 PM",0.356,29.352,50.042,78.928,72031.1,1033.289,33.288,0.218,0.218,0.233,8.051,96.623,5.602,51.741,0,5.615,5.619,NA,23
"5/25/2022 5:30:50 PM",0.665,29.353,50.096,79.002,72098.3,1033.331,33.328,0.094,0.094,0.728,8.06,96.586,5.598,44.434,0,5.611,5.615,NA,23
"5/25/2022 5:30:50 PM",0.882,29.36,50.053,78.954,72044,1033.297,33.293,0.952,0.952,4.127,8.065,96.655,5.603,33.474,0,5.616,5.619,NA,23
"5/25/2022 5:30:50 PM",1.096,29.359,50.114,79.038,72121.2,1033.345,33.34,0.335,0.335,0.655,8.069,96.713,5.604,21.24,0,5.617,5.621,NA,23
"5/25/2022 5:30:50 PM",1.333,29.358,50.118,79.04,72125.5,1033.349,33.343,0.257,0.257,0.335,8.071,96.721,5.604,15.123,0,5.617,5.621,NA,23
"5/25/2022 5:30:50 PM",1.654,29.354,50.093,79.001,72095,1033.332,33.325,1.006,1.006,1.763,8.077,96.614,5.599,15.208,0,5.612,5.615,NA,23
"5/25/2022 5:30:51 PM",1.859,29.355,50.108,79.023,72114.3,1033.345,33.337,3.175,3.175,2.551,8.081,96.722,5.604,19.116,0,5.617,5.621,NA,23
"5/25/2022 5:30:51 PM",1.998,29.354,50.05,78.942,72041.7,1033.301,33.293,1.178,1.178,2.098,8.086,96.746,5.607,24.893,0,5.62,5.624,NA,23
"5/25/2022 5:30:51 PM",2.127,29.353,50.069,78.968,72065.8,1033.317,33.308,0.499,0.499,1.442,8.087,96.64,5.601,25.658,0,5.614,5.617,NA,23
"5/25/2022 5:30:51 PM",2.15,29.352,50.14,79.063,72154.3,1033.371,33.362,0.585,0.585,1.165,8.087,96.735,5.604,24.723,0,5.617,5.621,NA,23
"5/25/2022 5:30:51 PM",2.066,29.351,49.685,78.439,71586.7,1033.027,33.018,1.833,1.833,1.544,8.089,96.911,5.628,24.808,0,5.641,5.645,NA,23
"5/25/2022 5:30:52 PM",1.981,29.352,50.13,79.049,72141.6,1033.363,33.354,8.745,8.745,4.405,8.087,96.822,5.609,25.148,0,5.622,5.625,NA,23
"5/25/2022 5:30:52 PM",1.88,29.356,50.134,79.06,72146.1,1033.364,33.356,4.173,4.173,2.259,8.089,96.798,5.608,25.913,0,5.621,5.624,NA,23
"5/25/2022 5:30:52 PM",1.785,29.358,50.131,79.059,72141.9,1033.36,33.353,1.685,1.685,1.515,8.09,96.75,5.605,26.423,0,5.618,5.621,NA,23
"5/25/2022 5:30:52 PM",1.659,29.36,50.125,79.053,72134.2,1033.355,33.348,2.379,2.379,2.74,8.089,97.145,5.628,27.272,0,5.641,5.644,NA,23
"5/25/2022 5:30:52 PM",1.569,29.359,50.116,79.04,72123.6,1033.348,33.341,13.534,13.534,2.536,8.084,97.021,5.621,28.037,0,5.634,5.638,NA,23
"5/25/2022 5:30:53 PM",1.517,29.356,50.127,79.05,72136.9,1033.357,33.35,4.314,4.314,1.982,8.089,96.967,5.618,28.037,0,5.631,5.634,NA,23
"5/25/2022 5:30:53 PM",1.451,29.354,50.121,79.04,72130.6,1033.353,33.347,1.279,1.279,0.786,8.093,96.902,5.614,27.357,0,5.627,5.631,NA,23
"5/25/2022 5:30:53 PM",1.416,29.356,50.124,79.047,72133.9,1033.354,33.348,0.757,0.757,0.728,8.093,97.017,5.621,26.593,0,5.634,5.637,NA,23
"5/25/2022 5:30:53 PM",1.421,29.358,50.073,78.979,72069.3,1033.315,33.309,0.351,0.351,1.136,8.098,96.939,5.618,26.083,0,5.631,5.634,NA,23
"5/25/2022 5:30:53 PM",1.428,29.36,50.064,78.969,72058,1033.308,33.301,0.289,0.289,0.888,8.101,96.826,5.612,25.318,0,5.625,5.628,NA,23
"5/25/2022 5:30:54 PM",1.472,29.363,50.075,78.99,72072.3,1033.315,33.309,0.359,0.359,0.524,8.096,96.996,5.621,24.723,0,5.634,5.637,NA,23
"5/25/2022 5:30:54 PM",1.505,29.366,50.117,79.052,72124.2,1033.346,33.34,0.304,0.304,0.655,8.09,96.938,5.616,24.044,0,5.629,5.633,NA,23
"5/25/2022 5:30:54 PM",1.604,29.371,50.117,79.059,72123,1033.344,33.338,0.289,0.289,0.466,8.092,96.97,5.618,23.194,0,5.631,5.635,NA,23
"5/25/2022 5:30:54 PM",1.694,29.38,50.107,79.057,72109.7,1033.334,33.327,0.437,0.437,3.587,8.095,96.954,5.618,22.599,0,5.631,5.634,NA,23
"5/25/2022 5:30:54 PM",1.823,29.386,49.753,78.582,71666.6,1033.064,33.057,0.359,0.359,1.399,8.097,96.994,5.631,22.175,0,5.644,5.648,NA,23
"5/25/2022 5:30:55 PM",1.974,29.373,50.112,79.055,72117,1033.342,33.333,0.304,0.304,0.961,8.098,97.092,5.625,21.325,0,5.638,5.642,NA,23
"5/25/2022 5:30:55 PM",2.177,29.363,50.113,79.041,72119.6,1033.347,33.338,0.203,0.203,0.743,8.097,97.013,5.62,20.305,0,5.633,5.637,NA,23
"5/25/2022 5:30:55 PM",2.574,29.36,50.122,79.05,72130.8,1033.356,33.345,0.655,0.655,0.714,8.099,96.933,5.615,18.181,0,5.628,5.632,NA,23
"5/25/2022 5:30:55 PM",2.869,29.359,49.972,78.844,71944.2,1033.244,33.232,1.381,1.381,0.728,8.098,97.048,5.626,16.397,0,5.639,5.643,NA,23
"5/25/2022 5:30:55 PM",3.173,29.358,50.093,79.007,72095.2,1033.338,33.324,0.468,0.468,0.495,8.103,96.904,5.614,14.443,0,5.627,5.631,NA,23
"5/25/2022 5:30:56 PM",3.379,29.357,50.077,78.985,72075.4,1033.326,33.312,0.203,0.203,0.801,8.104,96.911,5.615,12.489,0,5.628,5.632,NA,23
"5/25/2022 5:30:56 PM",3.724,29.357,50.118,79.041,72127,1033.359,33.343,0.304,0.304,0.451,8.102,97.008,5.619,9.601,0,5.632,5.636,NA,23
"5/25/2022 5:30:56 PM",3.963,29.358,50.112,79.033,72119.2,1033.355,33.338,0.429,0.429,0.743,8.102,96.945,5.616,8.921,0,5.629,5.632,NA,23
"5/25/2022 5:30:56 PM",4.173,29.357,49.179,77.754,70952.9,1032.65,32.632,0.624,0.624,0.816,8.105,96.981,5.647,9.261,0,5.66,5.663,NA,23
"5/25/2022 5:30:56 PM",4.425,29.356,50.121,79.045,72131.7,1033.365,33.346,0.281,0.281,0.961,8.106,96.956,5.616,8.921,0,5.629,5.632,NA,23
"5/25/2022 5:30:57 PM",4.608,29.357,50.119,79.042,72129.1,1033.364,33.344,0.203,0.203,1.005,8.107,97.01,5.619,7.901,0,5.632,5.636,NA,23
"5/25/2022 5:30:57 PM",4.844,29.357,50.117,79.041,72127.1,1033.364,33.343,2.371,2.371,0.364,8.107,97.02,5.62,5.862,0,5.633,5.636,NA,23
"5/25/2022 5:30:57 PM",4.973,29.356,50.116,79.038,72125.8,1033.364,33.342,2.512,2.512,0.335,8.106,97.04,5.621,4.333,0,5.634,5.637,NA,23
"5/25/2022 5:30:57 PM",5.119,29.356,50.12,79.043,72130.7,1033.367,33.346,0.749,0.749,0.146,8.104,96.991,5.617,3.059,0,5.63,5.634,NA,23
"5/25/2022 5:30:58 PM",5.301,29.355,50.118,79.039,72128.1,1033.367,33.344,0.25,0.25,0.306,8.103,97.059,5.622,2.209,0,5.635,5.638,NA,23
"5/25/2022 5:30:58 PM",5.544,29.355,50.113,79.032,72122,1033.364,33.34,0.616,0.616,0.728,8.106,96.973,5.617,3.993,0,5.63,5.633,NA,23
"5/25/2022 5:30:58 PM",5.656,29.355,50.109,79.027,72117.7,1033.362,33.338,0.406,0.406,0.524,8.108,96.951,5.615,6.627,0,5.629,5.632,NA,23
"5/25/2022 5:30:58 PM",5.79,29.356,50.102,79.019,72108.1,1033.356,33.331,0.226,0.226,0.291,8.108,96.96,5.616,8.241,0,5.629,5.633,NA,23
"5/25/2022 5:30:58 PM",5.941,29.357,50.109,79.029,72117.2,1033.362,33.337,0.148,0.148,0.262,8.107,96.928,5.614,8.666,0,5.627,5.631,NA,23
"5/25/2022 5:30:59 PM",6.069,29.356,50.11,79.03,72118.7,1033.364,33.338,0.109,0.109,0.233,8.11,97.094,5.624,8.496,0,5.637,5.64,NA,23
"5/25/2022 5:30:59 PM",6.285,29.357,50.107,79.027,72114.5,1033.362,33.335,0.101,0.101,0.116,8.11,97.033,5.62,7.901,0,5.633,5.637,NA,23
"5/25/2022 5:30:59 PM",6.454,29.356,50.105,79.023,72112.5,1033.361,33.334,0.14,0.14,0.189,8.111,97.052,5.621,7.476,0,5.635,5.638,NA,23
"5/25/2022 5:30:59 PM",6.619,29.355,50.102,79.018,72109.4,1033.361,33.332,0.117,0.117,0.116,8.112,97.116,5.625,7.646,0,5.639,5.642,NA,23
"5/25/2022 5:30:59 PM",6.78,29.354,50.106,79.022,72113.6,1033.364,33.335,0.086,0.086,0.073,8.11,97.065,5.622,7.901,0,5.635,5.638,NA,23
"5/25/2022 5:31:00 PM",6.982,29.355,50.102,79.018,72109.2,1033.362,33.332,0.062,0.062,0.044,8.109,96.971,5.617,7.561,0,5.63,5.633,NA,23
"5/25/2022 5:31:00 PM",7.114,29.354,50.102,79.016,72109.7,1033.363,33.333,0.109,0.109,0.146,8.111,97.058,5.622,8.156,0,5.635,5.638,NA,23
"5/25/2022 5:31:00 PM",7.224,29.355,50.098,79.013,72104.5,1033.36,33.329,0.117,0.117,0.146,8.111,96.998,5.618,9.176,0,5.631,5.635,NA,23
"5/25/2022 5:31:00 PM",7.342,29.352,50.097,79.007,72104,1033.361,33.33,0.078,0.078,0.087,8.11,97.002,5.619,9.94,0,5.632,5.635,NA,23
"5/25/2022 5:31:00 PM",7.474,29.349,50.097,79.003,72103.4,1033.362,33.33,0.07,0.07,0.058,8.109,97.129,5.626,10.195,0,5.639,5.643,NA,23
"5/25/2022 5:31:01 PM",7.747,29.349,50.096,79.002,72103.1,1033.363,33.33,0.07,0.07,0.058,8.114,96.953,5.616,10.28,0,5.629,5.633,NA,23
"5/25/2022 5:31:01 PM",7.938,29.35,50.094,79.001,72100.4,1033.362,33.328,0.062,0.062,0.029,8.114,96.917,5.614,9.601,0,5.627,5.63,NA,23
"5/25/2022 5:31:01 PM",8.107,29.352,50.092,79,72097.8,1033.36,33.326,0.047,0.047,0,8.111,96.899,5.613,7.986,0,5.626,5.629,NA,23
"5/25/2022 5:31:01 PM",8.27,29.35,50.091,78.996,72096,1033.36,33.325,0.023,0.023,0,8.113,96.858,5.611,6.117,0,5.624,5.627,NA,23
"5/25/2022 5:31:01 PM",8.416,29.351,50.086,78.992,72090.9,1033.357,33.322,0,0,0,8.113,96.779,5.606,4.503,0,5.619,5.623,NA,23
"5/25/2022 5:31:02 PM",8.605,29.35,50.087,78.991,72091.7,1033.359,33.322,0,0,0,8.115,96.666,5.6,2.804,0,5.613,5.616,NA,23
"5/25/2022 5:31:02 PM",8.755,29.349,50.086,78.989,72090.8,1033.359,33.322,0.016,0.016,0,8.115,96.768,5.605,2.124,0,5.618,5.622,NA,23
"5/25/2022 5:31:02 PM",8.913,29.349,50.086,78.989,72091.4,1033.36,33.322,0.016,0.016,0,8.116,96.727,5.603,1.784,0,5.616,5.62,NA,23
"5/25/2022 5:31:02 PM",9.09,29.35,50.084,78.988,72088.9,1033.359,33.321,0.031,0.031,0,8.114,96.848,5.61,1.529,0,5.623,5.627,NA,23
"5/25/2022 5:31:02 PM",9.389,29.351,50.084,78.989,72088.4,1033.36,33.32,0.055,0.055,0.029,8.114,96.727,5.603,1.359,0,5.616,5.619,NA,23
"5/25/2022 5:31:03 PM",9.595,29.351,50.084,78.989,72088.5,1033.361,33.32,0.062,0.062,0.044,8.114,96.704,5.602,1.359,0,5.615,5.618,NA,23
"5/25/2022 5:31:03 PM",9.81,29.351,50.084,78.989,72088.6,1033.362,33.32,0.086,0.086,0.058,8.114,96.756,5.605,1.359,0,5.618,5.621,NA,23
"5/25/2022 5:31:03 PM",10.012,29.352,50.084,78.991,72088.3,1033.362,33.319,0.094,0.094,0.058,8.118,96.825,5.609,1.444,0,5.622,5.625,NA,23
"5/25/2022 5:31:03 PM",10.316,29.353,50.082,78.989,72085.6,1033.361,33.317,0.078,0.078,0.087,8.116,96.753,5.604,1.614,0,5.617,5.621,NA,23
"5/25/2022 5:31:03 PM",10.511,29.354,50.08,78.988,72083.6,1033.361,33.316,0.055,0.055,0.044,8.117,96.677,5.6,1.699,0,5.613,5.617,NA,23
"5/25/2022 5:31:04 PM",10.705,29.354,50.079,78.988,72082.7,1033.361,33.315,0.062,0.062,0.044,8.119,96.739,5.604,1.784,0,5.617,5.62,NA,23
"5/25/2022 5:31:04 PM",10.903,29.355,50.08,78.99,72083.1,1033.361,33.315,0.07,0.07,0.044,8.118,96.668,5.599,2.124,0,5.612,5.615,NA,23
"5/25/2022 5:31:04 PM",11.074,29.355,50.08,78.99,72083.3,1033.362,33.315,0.062,0.062,0.058,8.117,96.725,5.602,2.889,0,5.616,5.619,NA,23
"5/25/2022 5:31:04 PM",11.324,29.355,50.076,78.986,72079.3,1033.361,33.313,0.062,0.062,0.087,8.117,96.857,5.61,3.568,0,5.623,5.627,NA,23
"5/25/2022 5:31:04 PM",11.486,29.355,50.075,78.983,72077.5,1033.36,33.311,0.14,0.14,0.262,8.117,96.737,5.603,5.013,0,5.616,5.62,NA,23
"5/25/2022 5:31:05 PM",11.616,29.355,50.075,78.983,72077.3,1033.361,33.311,0.179,0.179,0.335,8.115,96.793,5.606,8.666,0,5.619,5.623,NA,23
"5/25/2022 5:31:05 PM",11.661,29.356,50.073,78.981,72074.6,1033.359,33.309,0.117,0.117,0.146,8.116,96.82,5.608,13.764,0,5.621,5.624,NA,23
"5/25/2022 5:31:05 PM",11.626,29.355,50.072,78.98,72073.7,1033.359,33.309,0.062,0.062,0.073,8.117,96.703,5.601,15.293,0,5.614,5.618,NA,23
"5/25/2022 5:31:05 PM",11.545,29.355,50.071,78.979,72073.2,1033.358,33.309,0.047,0.047,0.044,8.12,96.814,5.607,15.718,0,5.62,5.624,NA,23
"5/25/2022 5:31:05 PM",11.458,29.355,50.069,78.975,72070.1,1033.356,33.307,0.047,0.047,0.087,8.123,96.642,5.598,15.888,0,5.611,5.614,NA,23
"5/25/2022 5:31:06 PM",11.341,29.354,50.068,78.973,72069.4,1033.355,33.307,0.055,0.055,0.015,8.118,96.721,5.602,15.973,0,5.615,5.619,NA,23
"5/25/2022 5:31:06 PM",11.129,29.353,50.066,78.968,72066.3,1033.353,33.305,0.062,0.062,0.044,8.116,96.819,5.608,15.973,0,5.621,5.625,NA,23
"5/25/2022 5:31:06 PM",10.989,29.353,50.063,78.964,72063.1,1033.35,33.303,0.055,0.055,0.029,8.12,96.668,5.599,15.803,0,5.613,5.616,NA,23
"5/25/2022 5:31:06 PM",10.846,29.353,50.061,78.96,72059.6,1033.348,33.302,0.062,0.062,0.044,8.121,96.762,5.605,15.463,0,5.618,5.621,NA,23
"5/25/2022 5:31:06 PM",10.705,29.352,50.059,78.957,72057.9,1033.346,33.301,0.078,0.078,0,8.118,96.698,5.602,15.293,0,5.615,5.618,NA,23
"5/25/2022 5:31:07 PM",10.587,29.353,50.059,78.958,72057,1033.345,33.3,0.078,0.078,0.015,8.116,96.73,5.603,15.208,0,5.616,5.62,NA,23
"5/25/2022 5:31:07 PM",10.471,29.354,50.056,78.955,72053.4,1033.342,33.298,0.062,0.062,0.058,8.114,96.741,5.604,15.293,0,5.617,5.621,NA,23
"5/25/2022 5:31:07 PM",10.38,29.355,50.051,78.949,72047.1,1033.338,33.294,0.062,0.062,0.044,8.114,96.795,5.607,15.123,0,5.62,5.624,NA,23
"5/25/2022 5:31:07 PM",10.274,29.354,50.051,78.948,72046.9,1033.337,33.294,0.062,0.062,0.044,8.113,96.783,5.607,14.868,0,5.62,5.623,NA,23
"5/25/2022 5:31:08 PM",10.163,29.353,50.049,78.945,72045.3,1033.336,33.293,0.055,0.055,0.073,8.112,96.656,5.599,14.443,0,5.612,5.616,NA,23
"5/25/2022 5:31:08 PM",10.06,29.353,50.047,78.942,72042.5,1033.334,33.291,0.07,0.07,0.073,8.111,96.709,5.602,14.273,0,5.616,5.619,NA,23
"5/25/2022 5:31:08 PM",9.937,29.353,50.047,78.942,72042,1033.333,33.291,0.07,0.07,0.029,8.113,96.686,5.601,13.849,0,5.614,5.617,NA,23
"5/25/2022 5:31:08 PM",9.836,29.355,50.045,78.94,72038.9,1033.331,33.289,0.062,0.062,0.044,8.112,96.766,5.606,13.679,0,5.619,5.623,NA,23
"5/25/2022 5:31:08 PM",9.707,29.354,50.045,78.94,72039.2,1033.33,33.289,0.062,0.062,0.058,8.118,96.82,5.609,13.509,0,5.622,5.625,NA,23
"5/25/2022 5:31:09 PM",9.548,29.354,50.043,78.938,72037.4,1033.329,33.288,0.078,0.078,0.058,8.119,96.764,5.605,13.339,0,5.619,5.622,NA,23
"5/25/2022 5:31:09 PM",9.287,29.354,50.043,78.937,72037.1,1033.327,33.288,0.062,0.062,0.029,8.12,96.727,5.603,12.914,0,5.616,5.62,NA,23
"5/25/2022 5:31:09 PM",9.104,29.356,50.04,78.935,72033,1033.324,33.285,0.062,0.062,0.015,8.117,96.726,5.603,12.659,0,5.616,5.62,NA,23
"5/25/2022 5:31:09 PM",8.92,29.357,50.038,78.934,72030.1,1033.321,33.283,0.062,0.062,0,8.12,96.72,5.603,12.404,0,5.616,5.62,NA,23
"5/25/2022 5:31:09 PM",8.729,29.357,50.034,78.928,72025.1,1033.317,33.28,0.055,0.055,0.058,8.119,96.726,5.603,12.234,0,5.617,5.62,NA,23
"5/25/2022 5:31:10 PM",8.546,29.355,50.032,78.923,72022.5,1033.315,33.279,0.07,0.07,0.058,8.121,96.725,5.604,12.149,0,5.617,5.62,NA,23
"5/25/2022 5:31:10 PM",8.272,29.353,50.027,78.913,72016.2,1033.311,33.276,0.055,0.055,0.058,8.12,96.796,5.607,11.979,0,5.621,5.624,NA,23
"5/25/2022 5:31:10 PM",8.084,29.353,50.029,78.916,72019.1,1033.312,33.278,0.062,0.062,0.058,8.121,96.76,5.605,11.809,0,5.618,5.622,NA,23
"5/25/2022 5:31:10 PM",7.912,29.354,50.028,78.915,72017.1,1033.31,33.276,0.055,0.055,0.044,8.121,96.771,5.606,11.555,0,5.619,5.623,NA,23
"5/25/2022 5:31:10 PM",7.761,29.355,50.031,78.921,72020.8,1033.311,33.278,0.047,0.047,0.073,8.12,96.679,5.6,11.385,0,5.614,5.617,NA,23
"5/25/2022 5:31:11 PM",7.566,29.356,50.025,78.914,72013.8,1033.306,33.274,0.055,0.055,0.044,8.121,96.74,5.604,11.13,0,5.617,5.621,NA,23
"5/25/2022 5:31:11 PM",7.441,29.355,50.022,78.909,72009.8,1033.303,33.272,0.062,0.062,0.044,8.122,96.833,5.61,10.79,0,5.623,5.626,NA,23
"5/25/2022 5:31:11 PM",7.324,29.354,50.022,78.907,72009.6,1033.303,33.272,0.203,0.203,0.146,8.121,96.809,5.608,10.365,0,5.621,5.625,NA,23
"5/25/2022 5:31:11 PM",7.229,29.355,50.021,78.907,72007.8,1033.301,33.271,0.179,0.179,0.218,8.12,96.716,5.603,9.855,0,5.616,5.619,NA,23
"5/25/2022 5:31:11 PM",7.145,29.355,50.021,78.907,72008,1033.301,33.271,0.53,0.53,0.641,8.118,96.822,5.609,9.346,0,5.622,5.625,NA,23
"5/25/2022 5:31:12 PM",7.037,29.355,50.017,78.902,72002.8,1033.297,33.267,0.234,0.234,0.393,8.116,96.804,5.608,8.921,0,5.621,5.625,NA,23
"5/25/2022 5:31:12 PM",6.984,29.355,49.998,78.876,71979.4,1033.283,33.253,0.14,0.14,0.612,8.121,96.816,5.609,8.751,0,5.623,5.626,NA,23
"5/25/2022 5:31:12 PM",6.959,29.355,49.989,78.863,71968.2,1033.276,33.247,0.32,0.32,0.524,8.123,96.949,5.617,8.666,0,5.63,5.634,NA,23
"5/25/2022 5:31:12 PM",6.933,29.355,50.011,78.893,71995.5,1033.293,33.263,0.226,0.226,0.393,8.123,96.926,5.615,8.836,0,5.628,5.632,NA,23
"5/25/2022 5:31:12 PM",6.881,29.355,50.009,78.89,71992.9,1033.291,33.262,0.148,0.148,0.539,8.122,96.997,5.619,8.921,0,5.633,5.636,NA,23
"5/25/2022 5:31:13 PM",6.834,29.354,50.007,78.887,71990.5,1033.289,33.26,0.133,0.133,0.422,8.122,96.912,5.615,9.006,0,5.628,5.631,NA,23
"5/25/2022 5:31:13 PM",6.78,29.354,50.004,78.883,71986.6,1033.287,33.258,0.187,0.187,1.18,8.123,96.995,5.619,9.176,0,5.633,5.636,NA,23
"5/25/2022 5:31:13 PM",6.679,29.354,50.003,78.881,71985.6,1033.286,33.257,0.265,0.265,0.947,8.125,97.034,5.622,9.176,0,5.635,5.639,NA,23
"5/25/2022 5:31:13 PM",6.57,29.354,49.988,78.861,71967.2,1033.274,33.246,0.983,0.983,1.836,8.123,97.107,5.626,9.176,0,5.64,5.643,NA,23
"5/25/2022 5:31:13 PM",6.386,29.354,49.966,78.83,71938.8,1033.256,33.229,0.406,0.406,0.655,8.118,97.121,5.628,8.921,0,5.641,5.644,NA,23
"5/25/2022 5:31:14 PM",6.241,29.354,49.978,78.847,71953.5,1033.265,33.238,0.164,0.164,0.379,8.119,97.226,5.633,8.496,0,5.647,5.65,NA,23
"5/25/2022 5:31:14 PM",6.12,29.355,49.969,78.835,71943.2,1033.258,33.232,0.109,0.109,0.306,8.117,97.041,5.623,8.326,0,5.636,5.64,NA,23
"5/25/2022 5:31:14 PM",6.003,29.355,49.991,78.866,71970.2,1033.274,33.248,0.109,0.109,0.553,8.115,97.137,5.628,8.241,0,5.641,5.644,NA,23
"5/25/2022 5:31:14 PM",5.855,29.356,49.922,78.772,71883.7,1033.22,33.195,0.117,0.117,0.306,8.115,97.081,5.627,8.496,0,5.64,5.643,NA,23
"5/25/2022 5:31:14 PM",5.758,29.356,49.982,78.854,71958.5,1033.265,33.241,0.218,0.218,0.379,8.117,97.002,5.62,8.581,0,5.633,5.637,NA,23
"5/25/2022 5:31:15 PM",5.657,29.357,49.978,78.851,71953.8,1033.262,33.238,0.148,0.148,0.466,8.118,97.07,5.624,8.666,0,5.637,5.641,NA,23
"5/25/2022 5:31:15 PM",5.555,29.358,49.98,78.855,71955.5,1033.262,33.238,0.117,0.117,0.408,8.117,97.088,5.625,8.666,0,5.638,5.642,NA,23
"5/25/2022 5:31:15 PM",5.469,29.36,49.977,78.853,71951.8,1033.259,33.236,0.101,0.101,0.349,8.115,97.128,5.627,8.581,0,5.641,5.644,NA,23
"5/25/2022 5:31:15 PM",5.341,29.36,49.974,78.848,71947.4,1033.256,33.233,0.078,0.078,0.16,8.114,97.102,5.626,8.751,0,5.639,5.643,NA,23
"5/25/2022 5:31:15 PM",5.273,29.357,49.971,78.841,71945,1033.255,33.232,0.062,0.062,0.131,8.112,97.01,5.62,8.921,0,5.634,5.637,NA,23
"5/25/2022 5:31:16 PM",5.21,29.356,49.966,78.832,71938.3,1033.251,33.229,0.062,0.062,0.044,8.113,96.976,5.619,8.836,0,5.632,5.635,NA,23
"5/25/2022 5:31:16 PM",5.146,29.355,49.969,78.835,71942.3,1033.253,33.231,0.055,0.055,0.044,8.115,97.02,5.621,8.751,0,5.634,5.638,NA,23
"5/25/2022 5:31:16 PM",5.07,29.355,49.964,78.828,71936.1,1033.249,33.228,0.055,0.055,0.015,8.116,97.019,5.621,8.836,0,5.634,5.638,NA,23
"5/25/2022 5:31:16 PM",5.002,29.355,49.962,78.825,71933.5,1033.248,33.226,0.055,0.055,0.029,8.111,96.952,5.618,8.836,0,5.631,5.634,NA,23
"5/25/2022 5:31:16 PM",4.92,29.355,49.963,78.825,71934.1,1033.248,33.227,0.062,0.062,0.015,8.113,96.91,5.615,8.666,0,5.628,5.632,NA,23
"5/25/2022 5:31:17 PM",4.83,29.356,49.957,78.82,71926.9,1033.242,33.222,0.062,0.062,0.029,8.111,96.889,5.614,8.496,0,5.627,5.631,NA,23
"5/25/2022 5:31:17 PM",4.743,29.356,49.956,78.82,71926.1,1033.241,33.221,0.07,0.07,0.015,8.112,96.89,5.614,8.496,0,5.627,5.631,NA,23
"5/25/2022 5:31:17 PM",4.623,29.356,49.954,78.815,71922.5,1033.239,33.219,0.07,0.07,0.029,8.111,96.838,5.611,8.411,0,5.624,5.627,NA,23
"5/25/2022 5:31:17 PM",4.543,29.356,49.949,78.808,71916.7,1033.235,33.216,0.094,0.094,0.102,8.114,96.79,5.609,8.326,0,5.622,5.625,NA,23
"5/25/2022 5:31:18 PM",4.47,29.354,49.948,78.804,71915,1033.234,33.215,0.07,0.07,0.073,8.115,96.763,5.607,8.071,0,5.62,5.623,NA,23
"5/25/2022 5:31:18 PM",4.39,29.353,49.945,78.799,71911.9,1033.232,33.214,0.062,0.062,0.058,8.116,96.774,5.608,7.901,0,5.621,5.624,NA,23
"5/25/2022 5:31:18 PM",4.273,29.353,49.944,78.797,71910.6,1033.231,33.213,0.062,0.062,0.058,8.117,96.728,5.605,7.646,0,5.618,5.622,NA,23
"5/25/2022 5:31:18 PM",4.195,29.354,49.944,78.799,71909.9,1033.23,33.212,0.047,0.047,0.044,8.117,96.763,5.607,7.476,0,5.62,5.624,NA,23
"5/25/2022 5:31:18 PM",4.098,29.355,49.941,78.797,71906.9,1033.228,33.21,0.062,0.062,0.044,8.114,96.786,5.608,7.392,0,5.622,5.625,NA,23
"5/25/2022 5:31:19 PM",4.002,29.356,49.937,78.791,71900.9,1033.224,33.206,0.055,0.055,0.029,8.112,96.679,5.602,7.307,0,5.615,5.619,NA,23
"5/25/2022 5:31:19 PM",3.912,29.356,49.933,78.786,71896,1033.22,33.203,0.055,0.055,0.044,8.109,96.711,5.604,7.137,0,5.617,5.621,NA,23
"5/25/2022 5:31:19 PM",3.78,29.356,49.93,78.782,71893.1,1033.218,33.202,0.055,0.055,0.029,8.11,96.77,5.608,6.882,0,5.621,5.625,NA,23
"5/25/2022 5:31:19 PM",3.698,29.356,49.93,78.781,71892.1,1033.217,33.201,0.062,0.062,0.029,8.109,96.793,5.609,6.712,0,5.622,5.626,NA,23
"5/25/2022 5:31:19 PM",3.611,29.355,49.928,78.778,71889.7,1033.215,33.2,0.062,0.062,0.029,8.11,96.746,5.606,6.542,0,5.62,5.623,NA,23
"5/25/2022 5:31:20 PM",3.528,29.355,49.927,78.777,71889.3,1033.215,33.2,0.047,0.047,0.044,8.109,96.793,5.609,6.457,0,5.622,5.625,NA,23
"5/25/2022 5:31:20 PM",3.394,29.355,49.925,78.775,71886.7,1033.213,33.198,0.062,0.062,0.029,8.112,96.561,5.596,6.542,0,5.609,5.612,NA,23
"5/25/2022 5:31:20 PM",3.319,29.355,49.924,78.772,71884.6,1033.211,33.197,0.055,0.055,0.058,8.112,96.555,5.595,6.457,0,5.608,5.612,NA,23
"5/25/2022 5:31:20 PM",3.263,29.355,49.922,78.77,71882.5,1033.21,33.196,0.039,0.039,0.058,8.115,96.713,5.604,6.372,0,5.617,5.621,NA,23
"5/25/2022 5:31:20 PM",3.19,29.356,49.919,78.767,71878.6,1033.207,33.193,0.055,0.055,0.029,8.116,96.677,5.602,6.542,0,5.615,5.619,NA,23
"5/25/2022 5:31:21 PM",3.093,29.356,49.917,78.764,71875.5,1033.204,33.191,0.055,0.055,0.044,8.116,96.656,5.601,6.712,0,5.614,5.617,NA,23
"5/25/2022 5:31:21 PM",3.034,29.356,49.915,78.76,71873.2,1033.203,33.19,0.047,0.047,0,8.116,96.681,5.602,6.712,0,5.616,5.619,NA,23
"5/25/2022 5:31:21 PM",2.968,29.355,49.912,78.756,71870.1,1033.201,33.188,0.062,0.062,0.029,8.117,96.683,5.603,6.712,0,5.616,5.619,NA,23
"5/25/2022 5:31:21 PM",2.902,29.354,49.912,78.754,71869.9,1033.201,33.188,0.062,0.062,0.029,8.117,96.778,5.608,6.712,0,5.621,5.625,NA,23
"5/25/2022 5:31:21 PM",2.817,29.354,49.91,78.752,71867.4,1033.199,33.187,0.07,0.07,0.058,8.118,96.634,5.6,6.712,0,5.613,5.617,NA,23
"5/25/2022 5:31:22 PM",2.667,29.355,49.908,78.749,71864.2,1033.196,33.185,0.062,0.062,0.029,8.117,96.641,5.601,6.627,0,5.614,5.617,NA,23
"5/25/2022 5:31:22 PM",2.565,29.354,49.906,78.746,71862.6,1033.195,33.184,0.062,0.062,0.058,8.116,96.643,5.601,6.457,0,5.614,5.617,NA,23
"5/25/2022 5:31:22 PM",2.446,29.354,49.909,78.75,71865.7,1033.196,33.186,0.062,0.062,0.015,8.117,96.637,5.6,6.117,0,5.613,5.617,NA,23
"5/25/2022 5:31:22 PM",2.34,29.355,49.907,78.748,71863,1033.194,33.184,0.055,0.055,0,8.117,96.707,5.604,5.777,0,5.617,5.621,NA,23
"5/25/2022 5:31:22 PM",2.243,29.355,49.904,78.744,71859,1033.191,33.182,0.062,0.062,0.058,8.117,96.692,5.603,5.607,0,5.616,5.62,NA,23
"5/25/2022 5:31:23 PM",2.118,29.354,49.898,78.735,71851.9,1033.187,33.178,0.078,0.078,0.029,8.12,96.694,5.604,5.692,0,5.617,5.62,NA,23
"5/25/2022 5:31:23 PM",2.041,29.354,49.896,78.732,71849.2,1033.185,33.176,0.078,0.078,0.058,8.121,96.719,5.605,5.777,0,5.618,5.622,NA,23
"5/25/2022 5:31:23 PM",1.972,29.353,49.896,78.731,71850,1033.185,33.177,0.07,0.07,0.015,8.121,96.57,5.596,5.777,0,5.61,5.613,NA,23
"5/25/2022 5:31:23 PM",1.895,29.353,49.891,78.723,71843,1033.181,33.173,0.07,0.07,0.029,8.121,96.7,5.604,5.777,0,5.617,5.621,NA,23
"5/25/2022 5:31:23 PM",1.779,29.352,49.891,78.722,71843.3,1033.181,33.173,0.086,0.086,0.058,8.123,96.693,5.604,5.777,0,5.617,5.62,NA,23
"5/25/2022 5:31:24 PM",1.737,29.353,49.893,78.725,71845.1,1033.182,33.174,0.07,0.07,0.044,8.121,96.719,5.605,5.777,0,5.618,5.622,NA,23
"5/25/2022 5:31:24 PM",1.706,29.353,49.887,78.717,71837.9,1033.177,33.17,0.055,0.055,0.058,8.122,96.742,5.607,5.777,0,5.62,5.623,NA,23
"5/25/2022 5:31:24 PM",1.68,29.351,49.886,78.713,71836.6,1033.177,33.17,0.055,0.055,0.029,8.121,96.71,5.605,5.947,0,5.618,5.622,NA,23
"5/25/2022 5:31:24 PM",1.645,29.349,49.883,78.705,71833.1,1033.175,33.168,0.055,0.055,0.044,8.123,96.598,5.599,6.117,0,5.612,5.615,NA,23
"5/25/2022 5:31:24 PM",1.574,29.347,49.882,78.701,71832.1,1033.175,33.168,0.055,0.055,0.044,8.129,96.652,5.602,6.202,0,5.615,5.619,NA,23
"5/25/2022 5:31:25 PM",1.527,29.346,49.88,78.698,71830.5,1033.174,33.167,0.086,0.086,0.073,8.126,96.728,5.606,6.117,0,5.619,5.623,NA,23
"5/25/2022 5:31:25 PM",1.471,29.345,49.88,78.696,71830.4,1033.174,33.168,0.078,0.078,0.058,8.126,96.718,5.606,5.947,0,5.619,5.622,NA,23
"5/25/2022 5:31:25 PM",1.434,29.346,49.879,78.696,71829,1033.172,33.166,0.062,0.062,0.044,8.127,96.649,5.602,5.862,0,5.615,5.618,NA,23
"5/25/2022 5:31:25 PM",1.393,29.346,49.877,78.693,71826.3,1033.171,33.165,0.062,0.062,0.029,8.127,96.717,5.606,5.777,0,5.619,5.622,NA,23
"5/25/2022 5:31:25 PM",1.355,29.346,49.875,78.692,71824.4,1033.169,33.164,0.047,0.047,0.015,8.13,96.666,5.603,5.862,0,5.616,5.619,NA,23
"5/25/2022 5:31:26 PM",1.332,29.346,49.874,78.69,71822.7,1033.168,33.163,0.055,0.055,0,8.131,96.635,5.601,6.032,0,5.614,5.618,NA,23
"5/25/2022 5:31:26 PM",1.281,29.346,49.873,78.688,71820.9,1033.167,33.161,0.055,0.055,0.044,8.131,96.722,5.606,6.372,0,5.62,5.623,NA,23
"5/25/2022 5:31:26 PM",1.226,29.346,49.871,78.686,71819.2,1033.166,33.16,0.062,0.062,0.044,8.13,96.689,5.604,6.967,0,5.617,5.621,NA,23
"5/25/2022 5:31:26 PM",1.13,29.345,49.87,78.684,71818,1033.165,33.16,0.07,0.07,0.073,8.131,96.619,5.6,7.222,0,5.613,5.617,NA,23
"5/25/2022 5:31:26 PM",1.073,29.344,49.868,78.68,71815.7,1033.163,33.159,0.172,0.172,0.204,8.129,96.603,5.599,6.797,0,5.612,5.616,NA,23
"5/25/2022 5:31:27 PM",1.007,29.343,49.866,78.675,71813.2,1033.162,33.158,0.094,0.094,0.146,8.129,96.716,5.606,6.882,0,5.619,5.622,NA,23
"5/25/2022 5:31:27 PM",0.923,29.343,49.867,78.675,71814.1,1033.162,33.158,0.078,0.078,0.087,8.13,96.674,5.603,6.627,0,5.616,5.62,NA,23
"5/25/2022 5:31:27 PM",0.842,29.347,49.869,78.683,71815.7,1033.162,33.158,0.156,0.156,0.087,8.131,96.741,5.607,5.862,0,5.62,5.624,NA,23
"5/25/2022 5:31:27 PM",0.72,29.352,49.861,78.68,71805.8,1033.154,33.151,0.086,0.086,0.044,8.132,96.716,5.606,4.673,0,5.619,5.623,NA,23
"5/25/2022 5:31:27 PM",0.635,29.354,49.858,78.679,71801.9,1033.151,33.148,0.047,0.047,0.044,8.133,96.672,5.604,4.588,0,5.617,5.62,NA,23
"5/25/2022 5:31:28 PM",0.565,29.355,49.855,78.676,71797.7,1033.148,33.145,0.047,0.047,0.044,8.133,96.655,5.602,5.268,0,5.616,5.619,NA,23
"5/25/2022 5:31:28 PM",0.477,29.354,49.853,78.673,71795.3,1033.146,33.144,0.062,0.062,0.073,8.132,96.616,5.6,6.202,0,5.613,5.616,NA,23
"5/25/2022 5:31:28 PM",0.41,29.353,49.848,78.664,71789.4,1033.143,33.141,0.055,0.055,0.044,8.133,96.6,5.599,15.123,0,5.612,5.616,NA,23
"5/25/2022 5:31:28 PM",0.331,29.348,49.852,78.662,71794.1,1033.146,33.145,0.023,0.023,0,8.136,96.698,5.605,23.534,0,5.618,5.621,NA,23
"5/25/2022 5:31:29 PM",0.266,29.349,49.847,78.657,71788.6,1033.143,33.141,0.094,0.094,0.044,8.137,96.68,5.604,22.514,0,5.617,5.621,NA,23
"5/25/2022 5:31:29 PM",0.257,29.349,49.849,78.659,71790.4,1033.144,33.142,0.125,0.125,0.32,8.139,96.601,5.599,22.345,0,5.613,5.616,NA,23
"5/25/2022 5:31:29 PM",0.2,29.35,49.842,78.65,71781.1,1033.138,33.137,0.218,0.218,0.481,8.139,96.552,5.596,24.129,0,5.61,5.613,NA,23
"5/25/2022 5:31:29 PM",0.111,29.364,49.833,78.66,71768.8,1033.126,33.125,0.078,0.078,0.845,8.137,96.784,5.61,26.338,0,5.623,5.626,NA,23
"5/25/2022 5:31:29 PM",0.056,29.367,49.826,78.654,71759.7,1033.119,33.119,0.195,0.195,0.335,8.136,96.67,5.603,29.141,0,5.616,5.62,NA,23
"5/25/2022 5:31:30 PM",0.014,29.36,49.829,78.647,71763.9,1033.124,33.123,0.195,0.195,0.218,8.136,96.618,5.6,28.547,0,5.613,5.617,NA,23
"5/25/2022 5:31:30 PM",0,29.361,49.813,78.627,71743.5,1033.111,33.111,0.211,0.211,0.189,8.135,96.633,5.602,29.821,0,5.615,5.618,NA,23
"5/25/2022 5:31:30 PM",0,29.36,49.825,78.642,71759,1033.12,33.121,0.164,0.164,0.51,8.135,96.683,5.604,34.919,0,5.617,5.621,NA,23
"5/25/2022 5:31:30 PM",0,29.38,49.815,78.657,71743.4,1033.105,33.105,0.125,0.125,0.248,8.138,96.663,5.603,44.944,0,5.616,5.62,NA,23
"5/25/2022 5:31:30 PM",0,29.367,49.809,78.63,71737.3,1033.104,33.105,0.078,0.078,0.116,8.136,96.645,5.602,48.342,0,5.615,5.618,NA,23
"5/25/2022 5:31:31 PM",0,29.378,49.641,78.416,71526.4,1032.973,32.974,1.077,1.077,1.194,8.136,96.824,5.617,43.5,0,5.63,5.634,NA,23
"5/25/2022 5:31:31 PM",0,29.439,49.124,77.793,70871.5,1032.56,32.561,1.037,1.037,1.632,8.139,96.817,5.631,49.532,0,5.645,5.648,NA,23
"5/25/2022 5:31:31 PM",0,29.513,48.221,76.652,69729.4,1031.851,31.852,1.623,1.623,1.194,8.14,97.101,5.673,49.447,0,5.686,5.689,NA,23
"5/25/2022 5:31:31 PM",0,29.553,49.35,78.267,71141.7,1032.692,32.693,1.615,1.615,2.025,8.14,97.152,5.638,46.218,0,5.651,5.655,NA,23
"5/25/2022 5:31:31 PM",0,29.553,49.652,78.683,71518.3,1032.92,32.92,1.981,1.981,1.996,8.14,96.97,5.616,51.061,0,5.63,5.633,NA,23
"5/25/2022 5:31:32 PM",0,29.498,49.534,78.441,71378.3,1032.85,32.851,10.016,10.016,16.328,8.142,96.773,5.608,57.603,0,5.621,5.625,NA,23
"5/25/2022 5:31:32 PM",0,29.452,49.887,78.86,71825.1,1033.134,33.135,8.667,8.667,10.014,8.142,96.718,5.595,56.668,0,5.608,5.612,NA,23
"5/25/2022 5:31:32 PM",0,29.487,49.649,78.584,71523.2,1032.941,32.942,3.339,3.339,4.054,8.142,96.809,5.608,55.734,0,5.622,5.625,NA,23
"5/25/2022 5:31:32 PM",0,29.411,49.785,78.66,71702.3,1033.071,33.072,1.131,1.131,1.311,8.139,96.583,5.592,57.858,0,5.605,5.608,NA,23
"5/25/2022 5:31:32 PM",0,29.38,48.99,77.525,70711.5,1032.48,32.481,0.172,0.172,1.296,8.134,96.547,5.616,61.001,0,5.629,5.632,NA,23
"5/25/2022 5:31:33 PM",0,29.373,49.766,78.581,71683.9,1033.07,33.071,7.434,7.434,7.009,8.13,96.641,5.598,62.446,0,5.611,5.614,NA,23
"5/25/2022 5:31:33 PM",0,29.368,49.696,78.477,71596.4,1033.019,33.02,24.557,24.557,21.487,8.118,96.629,5.6,62.276,0,5.613,5.617,NA,23
"5/25/2022 5:31:33 PM",0,29.355,42.084,67.857,61923.6,1027.271,27.273,20.649,20.649,20.732,8.124,96.578,5.838,62.786,0,5.853,5.855,NA,23
"5/25/2022 5:31:33 PM",0,29.342,48.882,77.322,70579.9,1032.411,32.413,15.375,15.375,23.385,8.123,96.553,5.623,64.995,0,5.636,5.639,NA,23
"5/25/2022 5:31:33 PM",0,29.333,49.754,78.506,71673,1033.075,33.076,30.844,30.844,70.405,8.124,96.437,5.59,69.922,0,5.603,5.606,NA,23
"5/25/2022 5:31:34 PM",0,29.324,6.192,11.893,10860.2,1000.47,0.471,63.927,63.927,56.321,8.123,96.522,7.116,71.706,0,7.137,7.137,NA,23
"5/25/2022 5:31:34 PM",0,29.229,1.163,2.471,2260.9,996.75,0,503.218,503.218,1018.684,8.128,96.463,7.315,73.576,0,7.336,7.336,NA,23
"5/25/2022 5:31:34 PM",0,29.066,0.961,2.054,1885.1,996.647,0,506.05,506.05,1146.482,8.123,96.276,7.31,72.726,0,7.331,7.331,NA,23
"5/25/2022 5:31:34 PM",0,28.832,0.841,1.801,1660.9,996.626,0,367.298,367.298,680.352,8.112,96.133,7.305,72.131,0,7.326,7.326,NA,23
"5/25/2022 5:31:34 PM",0,28.45,0.749,1.6,1487,996.668,0,306.835,306.835,376.71,8.11,96.013,7.3,71.452,0,7.321,7.321,NA,23
"5/25/2022 5:31:35 PM",0,28.152,0.713,1.517,1418.8,996.727,0,304.502,304.502,652.056,8.105,95.783,7.285,73.661,0,7.306,7.306,NA,23
"5/25/2022 5:31:35 PM",0,27.793,0.635,1.349,1271.1,996.771,0,294.642,294.642,328.517,8.107,95.365,7.258,72.471,0,7.279,7.279,NA,23
"5/25/2022 5:31:35 PM",0,27.554,0.609,1.289,1220.5,996.818,0,160.641,160.641,303.374,8.119,95.57,7.275,74.085,0,7.296,7.296,NA,23
"5/25/2022 5:31:35 PM",0,27.389,0.592,1.25,1187.4,996.851,0,204.926,204.926,202.241,8.12,95.494,7.271,71.367,0,7.292,7.292,NA,23
"5/25/2022 5:31:35 PM",0,27.221,0.568,1.197,1141.2,996.88,0,351.923,351.923,500.478,8.114,95.18,7.25,76.719,0,7.27,7.27,NA,23
"5/25/2022 5:31:36 PM",0,27.128,0.522,1.102,1052.5,996.872,0,80.207,80.207,132.763,8.118,95.529,7.28,78.928,0,7.301,7.301,NA,23
"5/25/2022 5:31:36 PM",0,27.181,0.495,1.048,999.6,996.836,0,42.693,42.693,35.549,8.119,95.507,7.28,79.098,0,7.301,7.302,NA,23
"5/25/2022 5:31:36 PM",0,27.136,0.471,0.998,953.3,996.831,0,162.521,162.521,136.134,8.118,95.296,7.268,77.484,0,7.289,7.289,NA,23
"5/25/2022 5:31:36 PM",0,27.077,0.459,0.973,930,996.838,0,118.15,118.15,80.308,8.124,95.208,7.264,76.379,0,7.285,7.285,NA,23
"5/25/2022 5:31:36 PM",0,27.09,0.444,0.943,901.6,996.824,0,314.261,314.261,256.09,8.122,95.067,7.256,82.241,0,7.277,7.277,NA,23
"5/25/2022 5:31:37 PM",0,27.283,0.41,0.877,834.7,996.745,0,206.962,206.962,142.042,8.118,94.955,7.252,83.941,0,7.272,7.273,NA,23
"5/25/2022 5:31:37 PM",0,27.425,0.399,0.855,811.8,996.696,0,357.259,357.259,524.383,8.118,94.842,7.245,84.281,0,7.266,7.266,NA,23
"5/25/2022 5:31:37 PM",0,27.514,0.387,0.832,788.8,996.663,0,206.275,206.275,713.837,8.122,94.717,7.237,84.45,0,7.257,7.258,NA,23
"5/25/2022 5:31:37 PM",0,27.553,0.38,0.818,774.7,996.647,0,182.811,182.811,482.899,8.122,94.724,7.239,87.934,0,7.26,7.26,NA,23
"5/25/2022 5:31:37 PM",0,27.548,0.383,0.824,780,996.65,0,276.193,276.193,925.495,8.119,94.669,7.236,91.247,0,7.256,7.257,NA,23
"5/25/2022 5:31:38 PM",0,27.521,0.391,0.84,796.3,996.664,0,163.753,163.753,499.691,8.119,94.631,7.233,92.946,0,7.254,7.254,NA,23
"5/25/2022 5:31:38 PM",0,27.454,0.399,0.856,812.1,996.688,0,45.252,45.252,131.369,8.118,94.623,7.237,86.829,0,7.258,7.258,NA,23
"5/25/2022 5:31:38 PM",0,27.415,0.408,0.874,829.9,996.706,0,13.051,13.051,34.292,8.118,94.437,7.228,72.131,0,7.248,7.249,NA,23
"5/25/2022 5:31:38 PM",0,27.378,0.469,1,950,996.763,0,4.064,4.064,10.117,8.113,94.142,7.206,54.629,0,7.227,7.227,NA,23
"5/25/2022 5:31:39 PM",0,27.29,1.024,2.108,2007.1,997.204,0,1.771,1.771,3.032,8.108,94.011,7.177,31.945,0,7.198,7.198,NA,23
"5/25/2022 5:31:39 PM",0,27.123,1.669,3.34,3191,997.735,0,1.186,1.186,2.098,8.107,93.516,7.116,37.213,0,7.137,7.137,NA,23
"5/25/2022 5:31:39 PM",0,26.831,1.3,2.621,2519.5,997.538,0,0.538,0.538,1.296,8.11,93.16,7.105,52.675,0,7.126,7.126,NA,23
"5/25/2022 5:31:39 PM",0,26.652,0.572,1.192,1150,997.04,0,0.413,0.413,0.932,8.109,93.018,7.125,69.837,0,7.145,7.146,NA,23
"5/25/2022 5:31:39 PM",0,26.571,0.419,0.881,851.8,996.947,0,0.468,0.468,1.544,8.11,92.908,7.125,80.712,0,7.146,7.146,NA,23
"5/25/2022 5:31:40 PM",0,26.575,0.453,0.952,919.8,996.972,0,0.499,0.499,6.921,8.106,92.924,7.127,84.281,0,7.147,7.147,NA,23
"5/25/2022 5:31:40 PM",0,26.608,0.418,0.88,849.9,996.936,0,0.601,0.601,9.941,8.104,93.47,7.171,81.817,0,7.192,7.192,NA,23
"5/25/2022 5:31:40 PM",0,26.649,0.401,0.847,817.2,996.913,0,2.699,2.699,8.459,8.11,93.641,7.186,80.457,0,7.207,7.207,NA,23
"5/25/2022 5:31:40 PM",0,26.916,0.559,1.173,1125.6,996.958,0,47.28,47.28,13.042,8.17,94.571,7.256,78.588,0,7.277,7.277,NA,23
"5/25/2022 5:31:40 PM",0,28.027,2.837,5.602,5252.3,998.353,0,13.924,13.924,9.413,8.297,94.348,7.152,77.484,0,7.173,7.173,NA,23
"5/25/2022 5:31:41 PM",0,28.427,2.609,5.218,4852,998.066,0,5.172,5.172,9.046,8.403,93.762,7.119,74.51,0,7.139,7.139,NA,23
"5/25/2022 5:31:41 PM",0,28.518,2.644,5.293,4912.7,998.066,0,2.925,2.925,8.987,8.449,92.99,7.059,74.765,0,7.08,7.08,NA,23
"5/25/2022 5:31:41 PM",0,28.542,2.588,5.19,4814.4,998.017,0,2.239,2.239,9.075,8.475,92.488,7.023,78.588,0,7.044,7.044,NA,23
"5/25/2022 5:31:41 PM",0,28.546,2.554,5.127,4755.9,997.991,0,1.997,1.997,9.031,8.497,91.456,6.945,78.588,0,6.965,6.965,NA,23
"5/25/2022 5:31:41 PM",0,28.547,2.301,4.649,4312.4,997.802,0,2.005,2.005,8.914,8.505,90.966,6.918,75.02,0,6.938,6.938,NA,23
"5/25/2022 5:31:42 PM",0,28.547,2.499,5.024,4660.4,997.95,0,2.005,2.005,8.899,8.513,90.693,6.889,71.876,0,6.909,6.909,NA,23
"5/25/2022 5:31:42 PM",0,28.544,2.225,4.504,4177.8,997.746,0,2.005,2.005,8.899,8.515,90.275,6.868,70.772,0,6.888,6.888,NA,23
"5/25/2022 5:31:42 PM",0,28.544,2.218,4.49,4165.4,997.74,0,1.927,1.927,8.855,8.519,89.999,6.847,75.275,0,6.867,6.867,NA,23
"5/25/2022 5:31:42 PM",0,28.542,2.199,4.454,4131.7,997.727,0,1.888,1.888,8.914,8.519,89.824,6.834,76.294,0,6.854,6.854,NA,23
"5/25/2022 5:31:42 PM",0,28.541,2.18,4.417,4097.5,997.712,0,1.849,1.849,9.031,8.521,89.722,6.827,74.255,0,6.847,6.847,NA,23
"5/25/2022 5:31:43 PM",0,28.543,2.161,4.38,4063.4,997.698,0,1.903,1.903,9.031,8.517,89.653,6.823,71.706,0,6.842,6.843,NA,23
"5/25/2022 5:31:43 PM",0,28.548,2.142,4.346,4031.2,997.682,0,1.958,1.958,8.958,8.523,89.531,6.815,70.007,0,6.834,6.834,NA,23
"5/25/2022 5:31:43 PM",0,28.549,2.179,4.416,4095.9,997.709,0,1.911,1.911,9.031,8.525,89.35,6.8,67.373,0,6.82,6.82,NA,23
"5/25/2022 5:31:43 PM",0,28.55,2.163,4.385,4067.1,997.697,0,1.833,1.833,8.958,8.525,89.269,6.795,64.74,0,6.814,6.815,NA,23
"5/25/2022 5:31:43 PM",0,28.546,2.153,4.365,4049.2,997.691,0,1.864,1.864,8.767,8.524,89.283,6.796,67.204,0,6.816,6.816,NA,23
"5/25/2022 5:31:44 PM",0,28.544,2.161,4.381,4064.5,997.698,0,1.903,1.903,9.016,8.52,89.266,6.795,66.694,0,6.815,6.815,NA,23
"5/25/2022 5:31:44 PM",0,28.543,2.17,4.398,4079.7,997.704,0,1.919,1.919,8.943,8.518,89.207,6.79,70.262,0,6.809,6.809,NA,23
"5/25/2022 5:31:44 PM",0,28.543,2.116,4.294,3983.9,997.664,0,1.896,1.896,8.884,8.519,89.224,6.793,71.282,0,6.813,6.813,NA,23
"5/25/2022 5:31:44 PM",0,28.546,2.153,4.367,4050.5,997.691,0,1.88,1.88,9.031,8.515,89.246,6.793,71.706,0,6.813,6.813,NA,23
"5/25/2022 5:31:44 PM",0,28.551,2.062,4.193,3889.1,997.622,0,1.927,1.927,9.119,8.517,89.175,6.791,76.889,0,6.811,6.811,NA,23
"5/25/2022 5:31:45 PM",0,28.554,2.138,4.339,4024,997.678,0,1.958,1.958,9.002,8.515,89.096,6.782,84.196,0,6.802,6.802,NA,23
"5/25/2022 5:31:45 PM",0,28.558,2.07,4.209,3903.4,997.626,0,1.903,1.903,8.87,8.512,88.936,6.772,81.222,0,6.792,6.792,NA,23
"5/25/2022 5:31:45 PM",0,28.56,2.051,4.171,3868.3,997.61,0,1.911,1.911,8.826,8.512,88.948,6.774,80.967,0,6.793,6.793,NA,23
"5/25/2022 5:31:45 PM",0,28.561,2,4.075,3779,997.573,0,1.903,1.903,8.914,8.517,88.831,6.767,81.732,0,6.786,6.786,NA,23
"5/25/2022 5:31:45 PM",0,28.562,1.99,4.054,3759.6,997.564,0,1.919,1.919,8.958,8.516,88.891,6.771,84.026,0,6.791,6.791,NA,23
"5/25/2022 5:31:46 PM",0,28.562,1.965,4.008,3716.7,997.546,0,1.857,1.857,9.046,8.515,88.925,6.775,88.359,0,6.794,6.794,NA,23
"5/25/2022 5:31:46 PM",0,28.558,1.963,4.002,3711.8,997.545,0,1.88,1.88,9.016,8.51,88.805,6.765,82.581,0,6.785,6.785,NA,23
"5/25/2022 5:31:46 PM",0,28.557,1.903,3.886,3604.4,997.501,0,1.942,1.942,8.987,8.511,88.766,6.764,85.98,0,6.784,6.784,NA,23
"5/25/2022 5:31:46 PM",0,28.557,1.948,3.973,3684.8,997.534,0,1.88,1.88,9.06,8.51,88.825,6.767,86.405,0,6.786,6.786,NA,23
"5/25/2022 5:31:46 PM",0,28.557,1.866,3.817,3539.8,997.473,0,1.872,1.872,9.104,8.513,88.843,6.771,86.744,0,6.79,6.791,NA,23
"5/25/2022 5:31:47 PM",0,28.558,1.846,3.776,3502.3,997.458,0,1.896,1.896,9.178,8.511,88.633,6.756,87.679,0,6.775,6.775,NA,23
"5/25/2022 5:31:47 PM",0,28.559,1.908,3.898,3614.5,997.504,0,1.872,1.872,9.016,8.511,88.596,6.751,87.509,0,6.77,6.77,NA,23
"5/25/2022 5:31:47 PM",0,28.559,1.85,3.786,3511.1,997.461,0,1.927,1.927,8.84,8.508,88.631,6.755,87.424,0,6.775,6.775,NA,23
"5/25/2022 5:31:47 PM",0,28.558,1.902,3.886,3603.5,997.5,0,1.888,1.888,8.987,8.507,88.666,6.756,87.509,0,6.775,6.775,NA,23
"5/25/2022 5:31:47 PM",0,28.559,1.894,3.87,3589.3,997.494,0,1.864,1.864,9.06,8.51,88.63,6.753,87.764,0,6.773,6.773,NA,23
"5/25/2022 5:31:48 PM",0,28.559,1.923,3.927,3641.6,997.515,0,1.857,1.857,8.855,8.506,88.508,6.742,88.104,0,6.762,6.762,NA,23
"5/25/2022 5:31:48 PM",0,28.56,1.929,3.937,3651.1,997.519,0,1.88,1.88,9.075,8.503,88.508,6.742,88.444,0,6.762,6.762,NA,23
"5/25/2022 5:31:48 PM",0,28.561,1.936,3.951,3663.9,997.524,0,1.911,1.911,8.972,8.502,88.499,6.741,88.613,0,6.761,6.761,NA,23
"5/25/2022 5:31:48 PM",0,28.561,1.93,3.939,3653.1,997.52,0,1.872,1.872,8.899,8.499,88.458,6.738,89.038,0,6.757,6.757,NA,23
"5/25/2022 5:31:49 PM",0,28.561,1.927,3.934,3648.5,997.518,0,1.818,1.818,8.855,8.497,88.505,6.742,88.613,0,6.761,6.761,NA,23
"5/25/2022 5:31:49 PM",0,28.561,1.915,3.911,3626.9,997.509,0,1.911,1.911,8.87,8.493,88.435,6.737,89.208,0,6.756,6.756,NA,23
"5/25/2022 5:31:49 PM",0,28.562,1.916,3.912,3628.2,997.509,0,1.888,1.888,8.914,8.491,88.41,6.735,89.378,0,6.754,6.754,NA,23
"5/25/2022 5:31:49 PM",0,28.563,1.915,3.91,3626.1,997.508,0,1.88,1.88,8.958,8.489,88.336,6.729,90.058,0,6.748,6.748,NA,23
"5/25/2022 5:31:49 PM",0,28.564,1.894,3.871,3589.5,997.492,0,1.872,1.872,8.884,8.487,88.307,6.727,90.313,0,6.747,6.747,NA,23
"5/25/2022 5:31:50 PM",0,28.566,1.909,3.9,3616.7,997.503,0,1.888,1.888,9.016,8.485,88.312,6.727,89.633,0,6.746,6.746,NA,23
"5/25/2022 5:31:50 PM",0,28.568,1.875,3.835,3555.5,997.477,0,1.872,1.872,9.09,8.483,88.307,6.728,89.123,0,6.748,6.748,NA,23
"5/25/2022 5:31:50 PM",0,28.57,1.871,3.826,3547.6,997.473,0,1.825,1.825,9.075,8.484,88.206,6.721,89.803,0,6.74,6.74,NA,23
"5/25/2022 5:36:33 PM",0.108,29.353,50.019,78.899,72002.7,1033.27,33.27,1.147,1.147,1.02,7.769,97.072,5.648,32.2,0,5.661,5.665,NA,23
"5/25/2022 5:36:34 PM",0.087,29.353,50.054,78.946,72045.9,1033.297,33.296,0.468,0.468,0.408,7.791,96.933,5.637,34.154,0,5.65,5.653,NA,23
"5/25/2022 5:36:34 PM",0.033,29.344,50.133,79.041,72145.8,1033.36,33.359,0.234,0.234,0.306,7.813,96.946,5.634,37.552,0,5.647,5.651,NA,23
"5/25/2022 5:36:34 PM",0,29.341,50.135,79.039,72148.1,1033.361,33.362,0.172,0.172,0.379,7.83,97.1,5.642,43.415,0,5.655,5.659,NA,23
"5/25/2022 5:36:34 PM",0,29.348,50.156,79.078,72173.5,1033.374,33.375,0.148,0.148,0.291,7.861,96.928,5.629,42.65,0,5.643,5.646,NA,23
"5/25/2022 5:36:34 PM",0,29.356,50.12,79.039,72127.3,1033.344,33.345,0.117,0.117,0.306,7.882,97.006,5.634,42.82,0,5.647,5.651,NA,23
"5/25/2022 5:36:35 PM",0,29.37,50.127,79.07,72135.4,1033.345,33.346,0.094,0.094,0.189,7.904,97.107,5.639,41.715,0,5.652,5.655,NA,23
"5/25/2022 5:36:35 PM",0,29.395,50.08,79.041,72072.7,1033.301,33.301,0.109,0.109,0.146,7.926,97.039,5.635,41.546,0,5.649,5.652,NA,23
"5/25/2022 5:36:35 PM",0,29.381,50.1,79.048,72099.5,1033.321,33.321,0.148,0.148,0.218,7.947,96.972,5.63,41.291,0,5.643,5.647,NA,23
"5/25/2022 5:36:35 PM",0,29.376,50.162,79.128,72178.4,1033.37,33.37,0.101,0.101,0.233,7.962,96.811,5.618,41.715,0,5.631,5.635,NA,23
"5/25/2022 5:36:35 PM",0,29.427,50.179,79.225,72193.3,1033.365,33.365,0.133,0.133,0.437,7.97,97.103,5.633,40.271,0,5.646,5.65,NA,23
"5/25/2022 5:36:36 PM",0.044,29.429,50.098,79.115,72091,1033.303,33.303,0.117,0.117,0.32,7.982,97.112,5.634,39.422,0,5.648,5.651,NA,23
"5/25/2022 5:36:36 PM",0.122,29.454,50.124,79.189,72121.2,1033.314,33.314,0.195,0.195,0.175,7.993,97.114,5.633,38.742,0,5.646,5.65,NA,23
"5/25/2022 5:36:36 PM",0.263,29.469,50.127,79.213,72122.4,1033.312,33.31,0.172,0.172,0.248,8.005,97.17,5.634,38.147,0,5.647,5.651,NA,23
"5/25/2022 5:36:36 PM",0.4,29.476,50.063,79.137,72042.4,1033.261,33.26,0.179,0.179,0.218,8.016,97.051,5.628,39.337,0,5.642,5.645,NA,23
"5/25/2022 5:36:37 PM",0.593,29.437,50.065,79.083,72049.9,1033.278,33.275,0.109,0.109,0.175,8.023,96.917,5.62,39.252,0,5.633,5.636,NA,23
"5/25/2022 5:36:37 PM",0.835,29.381,50.107,79.059,72108.9,1033.33,33.327,0.101,0.101,0.175,8.031,96.78,5.611,35.683,0,5.624,5.627,NA,23
"5/25/2022 5:36:37 PM",1.274,29.36,50.134,79.065,72145.4,1033.36,33.354,0.094,0.094,0.146,8.044,96.839,5.613,25.318,0,5.627,5.63,NA,23
"5/25/2022 5:36:37 PM",1.518,29.354,50.141,79.067,72155.3,1033.368,33.362,0.078,0.078,0.16,8.054,96.886,5.616,20.051,0,5.629,5.633,NA,23
"5/25/2022 5:36:37 PM",1.691,29.353,50.142,79.066,72156,1033.37,33.363,0.125,0.125,0.16,8.059,96.79,5.61,21.92,0,5.624,5.627,NA,23
"5/25/2022 5:36:38 PM",1.808,29.352,50.154,79.082,72172.3,1033.381,33.373,0.109,0.109,0.218,8.064,96.895,5.616,24.893,0,5.629,5.633,NA,23
"5/25/2022 5:36:38 PM",1.865,29.352,50.156,79.085,72174.4,1033.382,33.374,0.117,0.117,0.233,8.07,96.807,5.611,25.658,0,5.625,5.628,NA,23
"5/25/2022 5:36:38 PM",1.85,29.35,50.169,79.099,72190.6,1033.392,33.384,0.094,0.094,0.175,8.066,96.977,5.621,25.913,0,5.634,5.638,NA,23
"5/25/2022 5:36:38 PM",1.81,29.348,50.174,79.103,72196.8,1033.397,33.389,0.398,0.398,0.248,8.072,96.914,5.617,25.998,0,5.631,5.634,NA,23
"5/25/2022 5:36:38 PM",1.763,29.346,50.17,79.096,72193,1033.394,33.387,0.172,0.172,0.204,8.074,96.822,5.612,26.253,0,5.625,5.629,NA,23
"5/25/2022 5:36:39 PM",1.688,29.346,50.164,79.087,72185.3,1033.39,33.383,0.148,0.148,0.277,8.078,96.812,5.612,26.762,0,5.625,5.628,NA,23
"5/25/2022 5:36:39 PM",1.542,29.344,50.164,79.083,72185.2,1033.39,33.383,0.991,0.991,0.277,8.08,96.903,5.617,27.867,0,5.63,5.634,NA,23
"5/25/2022 5:36:39 PM",1.445,29.342,50.162,79.079,72183.5,1033.389,33.383,1.061,1.061,0.204,8.085,96.86,5.615,28.122,0,5.628,5.631,NA,23
"5/25/2022 5:36:39 PM",1.337,29.343,50.167,79.086,72188.4,1033.391,33.385,0.367,0.367,0.175,8.087,96.807,5.612,27.782,0,5.625,5.628,NA,23
"5/25/2022 5:36:39 PM",1.266,29.346,50.159,79.079,72178.2,1033.384,33.378,0.179,0.179,0.233,8.086,96.745,5.608,26.762,0,5.622,5.625,NA,23
"5/25/2022 5:36:40 PM",1.193,29.348,50.155,79.076,72172.9,1033.38,33.375,0.133,0.133,0.087,8.091,96.957,5.621,25.658,0,5.634,5.638,NA,23
"5/25/2022 5:36:40 PM",1.163,29.35,50.159,79.085,72177.3,1033.382,33.377,0.14,0.14,0.131,8.094,96.916,5.619,26.338,0,5.632,5.635,NA,23
"5/25/2022 5:36:40 PM",1.175,29.35,50.159,79.086,72178.5,1033.382,33.377,0.133,0.133,0.116,8.093,96.806,5.612,27.272,0,5.626,5.629,NA,23
"5/25/2022 5:36:40 PM",1.189,29.351,50.155,79.081,72173.2,1033.379,33.374,0.164,0.164,0.131,8.098,96.884,5.617,27.187,0,5.63,5.634,NA,23
"5/25/2022 5:36:40 PM",1.238,29.35,50.153,79.078,72171,1033.378,33.373,0.148,0.148,0.146,8.098,96.839,5.615,25.998,0,5.628,5.632,NA,23
"5/25/2022 5:36:41 PM",1.321,29.352,50.154,79.081,72171.2,1033.378,33.372,0.164,0.164,0.087,8.099,96.84,5.615,23.449,0,5.628,5.632,NA,23
"5/25/2022 5:36:41 PM",1.392,29.352,50.155,79.083,72172.9,1033.379,33.373,0.172,0.172,0.102,8.099,96.882,5.617,21.41,0,5.631,5.634,NA,23
"5/25/2022 5:36:41 PM",1.471,29.352,50.155,79.083,72172.6,1033.379,33.373,0.125,0.125,0.131,8.098,96.926,5.62,19.966,0,5.633,5.637,NA,23
"5/25/2022 5:36:41 PM",1.578,29.353,50.15,79.077,72166.2,1033.376,33.369,0.109,0.109,0.16,8.102,96.913,5.62,19.796,0,5.633,5.636,NA,23
"5/25/2022 5:36:41 PM",1.789,29.352,50.162,79.093,72181.7,1033.386,33.379,0.094,0.094,0.146,8.107,96.88,5.617,20.305,0,5.631,5.634,NA,23
"5/25/2022 5:36:42 PM",1.994,29.353,50.161,79.094,72180.9,1033.386,33.378,0.117,0.117,0.087,8.107,96.95,5.621,20.56,0,5.635,5.638,NA,23
"5/25/2022 5:36:42 PM",2.225,29.352,50.165,79.098,72185.9,1033.39,33.381,0.094,0.094,0.102,8.106,96.893,5.617,20.9,0,5.63,5.634,NA,23
"5/25/2022 5:36:42 PM",2.486,29.352,50.165,79.098,72186.5,1033.392,33.381,0.148,0.148,0.379,8.108,97.04,5.625,21.24,0,5.638,5.642,NA,23
"5/25/2022 5:36:42 PM",2.743,29.353,50.163,79.096,72183.5,1033.391,33.379,0.094,0.094,0.218,8.107,96.943,5.619,20.815,0,5.632,5.636,NA,23
"5/25/2022 5:36:42 PM",3.051,29.353,50.163,79.096,72184.1,1033.392,33.379,0.062,0.062,0.102,8.109,96.942,5.618,17.077,0,5.632,5.635,NA,23
"5/25/2022 5:36:43 PM",3.235,29.353,50.16,79.092,72180.2,1033.391,33.377,0.109,0.109,0.073,8.108,96.894,5.616,13.424,0,5.629,5.633,NA,23
"5/25/2022 5:36:43 PM",3.407,29.353,50.157,79.088,72176.7,1033.389,33.375,0.078,0.078,0.087,8.11,96.978,5.621,9.77,0,5.634,5.637,NA,23
"5/25/2022 5:36:43 PM",3.57,29.352,50.154,79.083,72172.3,1033.387,33.372,0.07,0.07,0.073,8.111,96.888,5.615,7.137,0,5.629,5.632,NA,23
"5/25/2022 5:36:43 PM",3.835,29.351,50.157,79.085,72176.7,1033.392,33.375,0.078,0.078,0.073,8.112,96.913,5.616,4.758,0,5.629,5.633,NA,23
"5/25/2022 5:36:43 PM",4.028,29.35,50.158,79.086,72178.4,1033.393,33.376,0.023,0.023,0.015,8.113,96.838,5.612,3.483,0,5.625,5.629,NA,23
"5/25/2022 5:36:44 PM",4.262,29.351,50.156,79.084,72175.6,1033.393,33.374,0.016,0.016,0.044,8.114,96.997,5.621,2.719,0,5.634,5.637,NA,23
"5/25/2022 5:36:44 PM",4.509,29.351,50.156,79.085,72175.5,1033.393,33.374,0.047,0.047,0.087,8.112,96.879,5.614,2.294,0,5.627,5.631,NA,23
"5/25/2022 5:36:44 PM",4.758,29.351,50.152,79.08,72170.8,1033.391,33.371,0.125,0.125,0.379,8.109,96.952,5.619,2.294,0,5.632,5.635,NA,23
"5/25/2022 5:36:44 PM",5.117,29.351,50.149,79.075,72166.8,1033.391,33.369,0.078,0.078,0.218,8.115,96.894,5.615,2.294,0,5.629,5.632,NA,23
"5/25/2022 5:36:44 PM",5.364,29.351,50.147,79.073,72165.2,1033.391,33.368,0.07,0.07,0.204,8.117,96.931,5.618,2.209,0,5.631,5.634,NA,23
"5/25/2022 5:36:45 PM",5.608,29.351,50.148,79.073,72166.2,1033.392,33.368,0.117,0.117,0.218,8.118,96.809,5.61,2.039,0,5.624,5.627,NA,23
"5/25/2022 5:36:45 PM",5.882,29.351,50.144,79.069,72162.1,1033.391,33.366,0.094,0.094,0.248,8.117,96.886,5.615,2.124,0,5.628,5.631,NA,23
"5/25/2022 5:36:45 PM",6.244,29.351,50.146,79.071,72163.9,1033.393,33.367,0.086,0.086,0.189,8.119,96.793,5.609,2.549,0,5.623,5.626,NA,23
"5/25/2022 5:36:45 PM",6.468,29.351,50.144,79.069,72162.2,1033.393,33.366,0.14,0.14,0.087,8.12,96.891,5.615,2.549,0,5.629,5.632,NA,23
"5/25/2022 5:36:46 PM",6.716,29.351,50.144,79.069,72161.4,1033.394,33.365,0.094,0.094,0.175,8.12,96.949,5.618,2.294,0,5.632,5.635,NA,23
"5/25/2022 5:36:46 PM",6.951,29.352,50.143,79.07,72160.9,1033.394,33.364,0.086,0.086,0.189,8.121,96.917,5.617,2.209,0,5.63,5.633,NA,23
"5/25/2022 5:36:46 PM",7.302,29.352,50.141,79.067,72158.6,1033.394,33.363,0.148,0.148,0.364,8.124,96.844,5.612,2.464,0,5.626,5.629,NA,23
"5/25/2022 5:36:46 PM",7.523,29.352,50.14,79.066,72156.7,1033.394,33.362,0.078,0.078,0.175,8.125,96.879,5.614,2.719,0,5.628,5.631,NA,23
"5/25/2022 5:36:46 PM",7.732,29.352,50.14,79.067,72157.7,1033.395,33.362,0.055,0.055,0.087,8.124,96.94,5.618,2.804,0,5.631,5.634,NA,23
"5/25/2022 5:36:47 PM",7.918,29.353,50.138,79.064,72154.7,1033.394,33.36,0.055,0.055,0.044,8.124,96.964,5.619,2.804,0,5.632,5.636,NA,23
"5/25/2022 5:36:47 PM",8.105,29.354,50.136,79.063,72152.3,1033.393,33.358,0.047,0.047,0.029,8.124,96.879,5.614,2.634,0,5.627,5.631,NA,23
"5/25/2022 5:36:47 PM",8.389,29.352,50.138,79.064,72155.3,1033.396,33.361,0.039,0.039,0.029,8.124,96.74,5.606,2.294,0,5.619,5.623,NA,23
"5/25/2022 5:36:47 PM",8.583,29.351,50.136,79.06,72152.8,1033.396,33.359,0.039,0.039,0,8.126,96.885,5.615,2.039,0,5.628,5.631,NA,23
"5/25/2022 5:36:47 PM",8.774,29.352,50.132,79.056,72147.7,1033.393,33.356,0.023,0.023,0,8.126,96.86,5.613,1.869,0,5.626,5.63,NA,23
"5/25/2022 5:36:48 PM",8.973,29.352,50.137,79.062,72154.7,1033.398,33.36,0.023,0.023,0,8.127,96.807,5.61,1.699,0,5.623,5.626,NA,23
"5/25/2022 5:36:48 PM",9.265,29.352,50.134,79.058,72150.5,1033.397,33.357,0.055,0.055,0.029,8.129,96.962,5.619,1.614,0,5.632,5.635,NA,23
"5/25/2022 5:36:48 PM",9.459,29.352,50.133,79.058,72150.1,1033.397,33.357,0.062,0.062,0.044,8.13,96.763,5.607,1.614,0,5.62,5.624,NA,23
"5/25/2022 5:36:48 PM",9.652,29.352,50.129,79.052,72143.9,1033.394,33.353,0.055,0.055,0.044,8.13,96.741,5.606,1.529,0,5.619,5.622,NA,23
"5/25/2022 5:36:48 PM",9.84,29.353,50.128,79.053,72143.8,1033.395,33.353,0.047,0.047,0.044,8.13,96.709,5.604,1.444,0,5.617,5.621,NA,23
"5/25/2022 5:36:49 PM",10.04,29.353,50.129,79.053,72144,1033.396,33.353,0.055,0.055,0,8.132,96.787,5.608,1.359,0,5.622,5.625,NA,23
"5/25/2022 5:36:49 PM",10.339,29.353,50.124,79.047,72138.3,1033.393,33.349,0.055,0.055,0.015,8.13,96.773,5.607,1.274,0,5.621,5.624,NA,23
"5/25/2022 5:36:49 PM",10.532,29.353,50.122,79.044,72136.8,1033.393,33.348,0.055,0.055,0,8.128,96.751,5.606,1.274,0,5.62,5.623,NA,23
"5/25/2022 5:36:49 PM",10.721,29.353,50.121,79.044,72135.6,1033.393,33.348,0.039,0.039,0,8.129,96.801,5.609,1.274,0,5.622,5.626,NA,23
"5/25/2022 5:36:49 PM",10.911,29.353,50.12,79.042,72134.3,1033.393,33.347,0.039,0.039,0.015,8.131,96.793,5.609,1.274,0,5.622,5.625,NA,23
"5/25/2022 5:36:50 PM",11.201,29.354,50.116,79.037,72128.7,1033.391,33.343,0.047,0.047,0.044,8.132,96.789,5.608,1.189,0,5.621,5.625,NA,23
"5/25/2022 5:36:50 PM",11.389,29.355,50.11,79.031,72120.9,1033.386,33.338,0.039,0.039,0.044,8.131,96.701,5.603,1.189,0,5.616,5.62,NA,23
"5/25/2022 5:36:50 PM",11.582,29.355,50.108,79.028,72119,1033.386,33.337,0.047,0.047,0.044,8.133,96.674,5.602,1.189,0,5.615,5.618,NA,23
"5/25/2022 5:36:50 PM",11.778,29.354,50.108,79.029,72119.7,1033.387,33.337,0.062,0.062,0.029,8.134,96.691,5.603,1.104,0,5.616,5.619,NA,23
"5/25/2022 5:36:50 PM",11.971,29.355,50.105,79.024,72115.1,1033.385,33.334,0.07,0.07,0.102,8.135,96.767,5.607,1.274,0,5.621,5.624,NA,23
"5/25/2022 5:36:51 PM",12.228,29.354,50.107,79.026,72118,1033.388,33.336,0.195,0.195,0.422,8.131,96.703,5.603,2.974,0,5.617,5.62,NA,23
"5/25/2022 5:36:51 PM",12.352,29.355,50.104,79.023,72113.8,1033.386,33.333,0.172,0.172,0.306,8.132,96.735,5.605,7.307,0,5.618,5.622,NA,23
"5/25/2022 5:36:51 PM",12.428,29.356,50.101,79.022,72110.7,1033.384,33.331,0.101,0.101,0.131,8.134,96.786,5.608,12.999,0,5.621,5.625,NA,23
"5/25/2022 5:36:51 PM",12.489,29.356,50.101,79.021,72110.9,1033.384,33.331,0.078,0.078,0.087,8.135,96.732,5.605,14.528,0,5.618,5.621,NA,23
"5/25/2022 5:36:51 PM",12.581,29.357,50.096,79.015,72104.6,1033.381,33.327,0.062,0.062,0.058,8.132,96.8,5.609,13.849,0,5.622,5.626,NA,23
"5/25/2022 5:36:52 PM",12.611,29.356,50.093,79.01,72100.4,1033.378,33.325,0.047,0.047,0.073,8.133,96.841,5.612,13.849,0,5.625,5.628,NA,23
"5/25/2022 5:36:52 PM",12.618,29.356,50.092,79.007,72098.8,1033.378,33.324,0.047,0.047,0.029,8.132,96.795,5.609,13.933,0,5.623,5.626,NA,23
"5/25/2022 5:36:52 PM",12.584,29.355,50.093,79.009,72100.7,1033.379,33.325,0.055,0.055,0.044,8.134,96.761,5.607,14.018,0,5.621,5.624,NA,23
"5/25/2022 5:36:52 PM",12.505,29.355,50.093,79.008,72100.4,1033.378,33.325,0.055,0.055,0,8.135,96.671,5.602,14.018,0,5.615,5.619,NA,23
"5/25/2022 5:36:52 PM",12.327,29.354,50.09,79.003,72097.1,1033.376,33.323,0.078,0.078,0.073,8.137,96.737,5.606,14.103,0,5.619,5.622,NA,23
"5/25/2022 5:36:53 PM",12.207,29.354,50.088,79,72094.2,1033.374,33.322,0.062,0.062,0,8.136,96.718,5.605,14.188,0,5.618,5.621,NA,23
"5/25/2022 5:36:53 PM",12.096,29.354,50.085,78.996,72090.6,1033.371,33.319,0.055,0.055,0.044,8.136,96.739,5.606,14.188,0,5.619,5.623,NA,23
"5/25/2022 5:36:53 PM",11.988,29.354,50.083,78.993,72087.5,1033.369,33.318,0.07,0.07,0.044,8.136,96.843,5.612,14.273,0,5.626,5.629,NA,23
"5/25/2022 5:36:53 PM",11.792,29.353,50.083,78.99,72087.7,1033.368,33.318,0.055,0.055,0.044,8.136,96.846,5.613,14.273,0,5.626,5.629,NA,23
"5/25/2022 5:36:53 PM",11.648,29.352,50.079,78.985,72083.5,1033.365,33.316,0.039,0.039,0.044,8.136,96.888,5.615,14.273,0,5.628,5.632,NA,23
"5/25/2022 5:36:54 PM",11.489,29.352,50.078,78.984,72082.1,1033.364,33.315,0.062,0.062,0.044,8.14,96.799,5.61,14.358,0,5.623,5.627,NA,23
"5/25/2022 5:36:54 PM",11.267,29.353,50.077,78.983,72079.8,1033.361,33.313,0.055,0.055,0.015,8.14,96.793,5.61,14.528,0,5.623,5.627,NA,23
"5/25/2022 5:36:54 PM",10.98,29.353,50.075,78.979,72077.4,1033.359,33.312,0.062,0.062,0.058,8.139,96.682,5.603,14.698,0,5.616,5.62,NA,23
"5/25/2022 5:36:54 PM",10.556,29.354,50.071,78.976,72072.5,1033.354,33.309,0.047,0.047,0.029,8.137,96.716,5.605,15.208,0,5.618,5.621,NA,23
"5/25/2022 5:36:54 PM",10.325,29.353,50.069,78.973,72070.4,1033.352,33.308,0.047,0.047,0.029,8.14,96.818,5.611,15.463,0,5.624,5.627,NA,23
"5/25/2022 5:36:55 PM",10.16,29.354,50.069,78.973,72070.1,1033.351,33.308,0.062,0.062,0.029,8.14,96.771,5.608,15.718,0,5.621,5.624,NA,23
"5/25/2022 5:36:55 PM",10.041,29.354,50.068,78.972,72068,1033.349,33.306,0.07,0.07,0.029,8.141,96.775,5.608,15.803,0,5.622,5.625,NA,23
"5/25/2022 5:36:55 PM",9.93,29.354,50.064,78.966,72063,1033.346,33.303,0.055,0.055,0.058,8.139,96.794,5.61,15.718,0,5.623,5.626,NA,23
"5/25/2022 5:36:55 PM",9.857,29.354,50.062,78.963,72060.5,1033.344,33.302,0.055,0.055,0.044,8.141,96.799,5.61,15.548,0,5.624,5.627,NA,23
"5/25/2022 5:36:56 PM",9.817,29.353,50.061,78.961,72060.1,1033.344,33.302,0.062,0.062,0.029,8.14,96.676,5.604,15.293,0,5.617,5.62,NA,23
"5/25/2022 5:36:56 PM",9.782,29.353,50.06,78.96,72058.4,1033.343,33.301,0.07,0.07,0.058,8.14,96.74,5.607,15.038,0,5.62,5.624,NA,23
"5/25/2022 5:36:56 PM",9.763,29.353,50.058,78.956,72055.5,1033.341,33.299,0.062,0.062,0.029,8.14,96.632,5.601,14.698,0,5.614,5.618,NA,23
"5/25/2022 5:36:56 PM",9.739,29.353,50.056,78.953,72053.6,1033.34,33.298,0.062,0.062,0.029,8.141,96.909,5.617,14.273,0,5.63,5.634,NA,23
"5/25/2022 5:36:56 PM",9.772,29.352,50.057,78.954,72054.8,1033.341,33.299,0.055,0.055,0.044,8.14,96.756,5.608,13.933,0,5.621,5.625,NA,23
"5/25/2022 5:36:57 PM",9.796,29.353,50.054,78.95,72050.7,1033.338,33.296,0.047,0.047,0.058,8.14,96.848,5.614,13.764,0,5.627,5.63,NA,23
"5/25/2022 5:36:57 PM",9.741,29.352,50.055,78.952,72052.2,1033.339,33.297,0.078,0.078,0.029,8.139,96.729,5.607,13.849,0,5.62,5.623,NA,23
"5/25/2022 5:36:57 PM",9.548,29.352,50.053,78.948,72049.8,1033.337,33.296,0.055,0.055,0,8.136,96.701,5.605,13.933,0,5.618,5.621,NA,23
"5/25/2022 5:36:57 PM",9.407,29.353,50.051,78.945,72046.4,1033.334,33.294,0.039,0.039,0,8.139,96.725,5.606,14.018,0,5.619,5.623,NA,23
"5/25/2022 5:36:57 PM",9.212,29.353,50.048,78.942,72042.6,1033.331,33.292,0.047,0.047,0,8.142,96.776,5.609,14.018,0,5.623,5.626,NA,23
"5/25/2022 5:36:58 PM",8.972,29.353,50.045,78.938,72038.7,1033.328,33.289,0.047,0.047,0.044,8.144,96.796,5.61,14.103,0,5.624,5.627,NA,23
"5/25/2022 5:36:58 PM",8.736,29.353,50.046,78.939,72039.9,1033.327,33.29,0.039,0.039,0.044,8.144,96.874,5.615,14.273,0,5.628,5.631,NA,23
"5/25/2022 5:36:58 PM",8.425,29.353,50.041,78.932,72033.6,1033.322,33.286,0.055,0.055,0.058,8.143,96.732,5.607,14.358,0,5.62,5.623,NA,23
"5/25/2022 5:36:58 PM",8.197,29.353,50.039,78.93,72031.6,1033.32,33.285,0.062,0.062,0.044,8.142,96.818,5.612,14.528,0,5.625,5.628,NA,23
"5/25/2022 5:36:58 PM",7.956,29.354,50.042,78.935,72034.6,1033.321,33.287,0.062,0.062,0.087,8.143,96.766,5.609,14.868,0,5.622,5.625,NA,23
"5/25/2022 5:36:59 PM",7.724,29.353,50.04,78.931,72032.9,1033.319,33.286,0.07,0.07,0.087,8.143,96.777,5.61,15.038,0,5.623,5.626,NA,23
"5/25/2022 5:36:59 PM",7.396,29.352,50.038,78.927,72029.8,1033.316,33.285,0.086,0.086,0.058,8.143,96.855,5.614,15.038,0,5.627,5.63,NA,23
"5/25/2022 5:36:59 PM",7.205,29.354,50.034,78.924,72025.1,1033.312,33.281,0.062,0.062,0.058,8.144,96.669,5.603,15.038,0,5.616,5.619,NA,23
"5/25/2022 5:36:59 PM",7.013,29.353,50.033,78.92,72022.9,1033.31,33.28,0.094,0.094,0.044,8.142,96.831,5.612,15.123,0,5.625,5.629,NA,23
"5/25/2022 5:36:59 PM",6.852,29.353,50.031,78.917,72020.1,1033.308,33.279,0.07,0.07,0.029,8.14,96.766,5.609,15.123,0,5.622,5.625,NA,23
"5/25/2022 5:37:00 PM",6.659,29.354,50.028,78.915,72017,1033.305,33.277,0.062,0.062,0.058,8.139,96.735,5.607,15.123,0,5.621,5.624,NA,23
"5/25/2022 5:37:00 PM",6.544,29.353,50.027,78.913,72015.7,1033.304,33.276,0.055,0.055,0.073,8.14,96.742,5.608,15.123,0,5.621,5.624,NA,23
"5/25/2022 5:37:00 PM",6.433,29.352,50.025,78.908,72012.7,1033.302,33.274,0.055,0.055,0.116,8.141,96.697,5.605,15.208,0,5.618,5.622,NA,23
"5/25/2022 5:37:00 PM",6.356,29.352,50.02,78.902,72007,1033.298,33.271,0.663,0.663,0.146,8.142,96.666,5.603,15.293,0,5.616,5.62,NA,23
"5/25/2022 5:37:00 PM",6.289,29.352,50.021,78.903,72008.2,1033.299,33.272,0.374,0.374,0.073,8.139,96.88,5.616,15.293,0,5.629,5.632,NA,23
"5/25/2022 5:37:01 PM",6.172,29.353,50.017,78.897,72002.4,1033.294,33.268,0.109,0.109,0.087,8.14,96.829,5.613,15.293,0,5.626,5.63,NA,23
"5/25/2022 5:37:01 PM",6.071,29.352,50.015,78.894,72000.5,1033.293,33.267,0.078,0.078,0.073,8.139,96.834,5.613,15.463,0,5.626,5.63,NA,23
"5/25/2022 5:37:01 PM",5.99,29.352,50.013,78.891,71997.6,1033.291,33.265,0.062,0.062,0.044,8.135,96.745,5.608,15.633,0,5.621,5.625,NA,23
"5/25/2022 5:37:01 PM",5.894,29.352,50.01,78.887,71994.3,1033.289,33.264,0.062,0.062,0.044,8.14,96.764,5.609,15.803,0,5.622,5.625,NA,23
"5/25/2022 5:37:01 PM",5.779,29.352,50.009,78.885,71992.3,1033.287,33.262,0.062,0.062,0.029,8.14,96.72,5.606,15.803,0,5.62,5.623,NA,23
"5/25/2022 5:37:02 PM",5.586,29.352,50.005,78.879,71987.2,1033.283,33.259,0.062,0.062,0.058,8.135,96.745,5.608,15.803,0,5.621,5.625,NA,23
"5/25/2022 5:37:02 PM",5.478,29.352,50.006,78.881,71988.8,1033.284,33.26,0.047,0.047,0.015,8.137,96.746,5.608,15.718,0,5.621,5.625,NA,23
"5/25/2022 5:37:02 PM",5.359,29.353,50.003,78.878,71984.7,1033.281,33.258,0.055,0.055,0.029,8.136,96.699,5.605,15.718,0,5.618,5.622,NA,23
"5/25/2022 5:37:02 PM",5.214,29.353,50.002,78.876,71983.2,1033.279,33.257,0.055,0.055,0.044,8.136,96.696,5.605,15.633,0,5.618,5.622,NA,23
"5/25/2022 5:37:02 PM",4.954,29.353,49.998,78.871,71978,1033.275,33.254,0.055,0.055,0.015,8.14,96.775,5.61,15.718,0,5.623,5.626,NA,23
"5/25/2022 5:37:03 PM",4.794,29.353,49.992,78.865,71971.5,1033.27,33.25,0.047,0.047,0.029,8.14,96.849,5.614,15.888,0,5.627,5.631,NA,23
"5/25/2022 5:37:03 PM",4.628,29.354,49.989,78.86,71966.8,1033.267,33.247,0.062,0.062,0.044,8.143,96.743,5.608,15.973,0,5.621,5.625,NA,23
"5/25/2022 5:37:03 PM",4.449,29.353,49.987,78.856,71964.5,1033.265,33.246,0.055,0.055,0.058,8.144,96.669,5.603,16.057,0,5.617,5.62,NA,23
"5/25/2022 5:37:03 PM",4.246,29.353,49.984,78.852,71960.7,1033.261,33.243,0.062,0.062,0.015,8.144,96.764,5.609,16.227,0,5.622,5.626,NA,23
"5/25/2022 5:37:03 PM",4.003,29.353,49.98,78.847,71955.5,1033.257,33.24,0.055,0.055,0.044,8.141,96.859,5.615,15.718,0,5.628,5.631,NA,23
"5/25/2022 5:37:04 PM",3.905,29.354,49.976,78.841,71950.1,1033.254,33.237,0.039,0.039,0.058,8.139,96.79,5.611,15.378,0,5.624,5.628,NA,23
"5/25/2022 5:37:04 PM",3.803,29.354,49.972,78.836,71945.2,1033.25,33.234,0.055,0.055,0.073,8.137,96.651,5.603,15.378,0,5.616,5.62,NA,23
"5/25/2022 5:37:04 PM",3.684,29.353,49.969,78.831,71941.5,1033.248,33.232,0.062,0.062,0.029,8.138,96.85,5.615,15.548,0,5.628,5.631,NA,23
"5/25/2022 5:37:04 PM",3.472,29.352,49.965,78.824,71936,1033.244,33.229,0.062,0.062,0.073,8.137,96.854,5.615,15.888,0,5.628,5.631,NA,23
"5/25/2022 5:37:04 PM",3.347,29.352,49.961,78.82,71931.9,1033.241,33.226,0.062,0.062,0.058,8.143,96.751,5.609,16.142,0,5.622,5.626,NA,23
"5/25/2022 5:37:05 PM",3.224,29.352,49.96,78.817,71930.6,1033.24,33.226,0.07,0.07,0.029,8.146,96.68,5.605,16.227,0,5.618,5.621,NA,23
"5/25/2022 5:37:05 PM",3.095,29.352,49.956,78.812,71925.6,1033.236,33.223,0.117,0.117,0.087,8.143,96.725,5.607,16.057,0,5.62,5.624,NA,23
"5/25/2022 5:37:05 PM",2.967,29.353,49.951,78.806,71919.2,1033.231,33.219,0.078,0.078,0.102,8.144,96.794,5.611,16.057,0,5.625,5.628,NA,23
"5/25/2022 5:37:05 PM",2.763,29.353,49.948,78.802,71915.2,1033.228,33.216,0.07,0.07,0.102,8.144,96.75,5.609,15.973,0,5.622,5.626,NA,23
"5/25/2022 5:37:06 PM",2.641,29.353,49.935,78.784,71899.1,1033.218,33.207,0.055,0.055,0.087,8.143,96.791,5.612,15.888,0,5.625,5.629,NA,23
"5/25/2022 5:37:06 PM",2.56,29.352,49.947,78.8,71913.9,1033.227,33.216,0.07,0.07,0.073,8.143,96.804,5.612,16.142,0,5.625,5.629,NA,23
"5/25/2022 5:37:06 PM",2.497,29.353,49.946,78.799,71912.5,1033.225,33.215,0.078,0.078,0.116,8.143,96.838,5.614,16.312,0,5.627,5.631,NA,23
"5/25/2022 5:37:06 PM",2.428,29.353,49.943,78.794,71908.4,1033.223,33.212,0.07,0.07,0.087,8.146,96.853,5.615,16.142,0,5.628,5.632,NA,23
"5/25/2022 5:37:06 PM",2.377,29.351,49.941,78.789,71905.7,1033.221,33.211,0.07,0.07,0.131,8.147,96.938,5.62,16.482,0,5.634,5.637,NA,23
"5/25/2022 5:37:07 PM",2.313,29.351,49.939,78.787,71904,1033.22,33.21,0.07,0.07,0.058,8.148,96.795,5.612,16.822,0,5.625,5.629,NA,23
"5/25/2022 5:37:07 PM",2.233,29.351,49.939,78.786,71903.1,1033.219,33.21,0.133,0.133,0.044,8.148,96.839,5.615,17.077,0,5.628,5.631,NA,23
"5/25/2022 5:37:07 PM",2.12,29.352,49.937,78.786,71901.5,1033.217,33.208,0.109,0.109,0.248,8.146,96.776,5.611,17.587,0,5.624,5.628,NA,23
"5/25/2022 5:37:07 PM",1.918,29.352,49.936,78.783,71899.6,1033.216,33.207,0.055,0.055,0.131,8.146,96.794,5.612,19.031,0,5.625,5.628,NA,23
"5/25/2022 5:37:07 PM",1.762,29.353,49.935,78.782,71897.9,1033.214,33.206,0.117,0.117,0.116,8.147,96.743,5.609,19.881,0,5.622,5.625,NA,23
"5/25/2022 5:37:08 PM",1.614,29.353,49.932,78.779,71894.3,1033.211,33.204,0.094,0.094,0.146,8.148,96.908,5.618,20.56,0,5.632,5.635,NA,23
"5/25/2022 5:37:08 PM",1.473,29.352,49.927,78.771,71888.2,1033.207,33.201,0.07,0.07,0.146,8.148,96.826,5.614,21.07,0,5.627,5.63,NA,23
"5/25/2022 5:37:08 PM",1.244,29.352,49.921,78.763,71881.1,1033.202,33.196,0.078,0.078,0.073,8.147,96.92,5.619,21.41,0,5.632,5.636,NA,23
"5/25/2022 5:37:08 PM",1.129,29.352,49.922,78.764,71882.3,1033.202,33.197,0.078,0.078,0.146,8.145,96.86,5.616,22.175,0,5.629,5.632,NA,23
"5/25/2022 5:37:08 PM",1.009,29.353,49.913,78.754,71870.9,1033.194,33.19,0.062,0.062,0.131,8.144,96.874,5.617,22.429,0,5.63,5.633,NA,23
"5/25/2022 5:37:09 PM",0.865,29.353,49.913,78.752,71870,1033.193,33.189,0.07,0.07,0.248,8.144,96.704,5.607,22.769,0,5.62,5.623,NA,23
"5/25/2022 5:37:09 PM",0.701,29.354,49.911,78.751,71867.2,1033.191,33.188,0.289,0.289,0.262,8.143,96.767,5.61,23.449,0,5.623,5.627,NA,23
"5/25/2022 5:37:09 PM",0.461,29.353,49.904,78.74,71858.7,1033.185,33.183,0.242,0.242,0.116,8.144,96.802,5.613,25.488,0,5.626,5.629,NA,23
"5/25/2022 5:37:09 PM",0.329,29.352,49.897,78.729,71850.4,1033.179,33.178,0.14,0.14,0.146,8.144,96.889,5.618,27.442,0,5.631,5.635,NA,23
"5/25/2022 5:37:09 PM",0.234,29.35,49.895,78.725,71848,1033.178,33.177,0.101,0.101,0.349,8.146,96.873,5.617,27.782,0,5.631,5.634,NA,23
"5/25/2022 5:37:10 PM",0.157,29.351,49.882,78.706,71830.8,1033.167,33.167,0.094,0.094,0.218,8.148,96.799,5.613,27.017,0,5.627,5.63,NA,23
"5/25/2022 5:37:10 PM",0.095,29.35,49.883,78.708,71832.9,1033.168,33.168,0.047,0.047,0.102,8.138,96.86,5.617,26.678,0,5.63,5.633,NA,23
"5/25/2022 5:37:10 PM",0.091,29.351,49.877,78.7,71824.6,1033.163,33.163,0.086,0.086,0.146,8.133,96.836,5.616,27.952,0,5.629,5.632,NA,23
"5/25/2022 5:37:10 PM",0.068,29.352,49.88,78.706,71829.3,1033.166,33.165,0.195,0.195,0.277,8.13,96.869,5.617,28.037,0,5.631,5.634,NA,23
"5/25/2022 5:37:10 PM",0.053,29.352,49.876,78.7,71823.5,1033.162,33.162,0.811,0.811,0.364,8.13,96.905,5.619,27.697,0,5.632,5.636,NA,23
"5/25/2022 5:37:11 PM",0.042,29.352,49.867,78.688,71811.9,1033.155,33.155,1.201,1.201,0.277,8.136,96.939,5.621,25.913,0,5.635,5.638,NA,23
"5/25/2022 5:37:11 PM",0.035,29.352,49.874,78.698,71821.7,1033.161,33.161,0.304,0.304,0.16,8.137,96.804,5.613,33.814,0,5.626,5.63,NA,23
"5/25/2022 5:37:11 PM",0,29.352,49.858,78.675,71801.1,1033.148,33.148,0.32,0.32,0.233,8.136,96.84,5.616,37.467,0,5.629,5.632,NA,23
"5/25/2022 5:37:11 PM",0,29.351,49.87,78.691,71816.5,1033.157,33.158,0.827,0.827,0.422,8.137,96.804,5.613,39.846,0,5.626,5.63,NA,23
"5/25/2022 5:37:11 PM",0,29.351,49.863,78.681,71806.8,1033.151,33.152,0.304,0.304,0.175,8.136,96.735,5.61,42.31,0,5.623,5.626,NA,23
"5/25/2022 5:37:12 PM",0,29.359,49.853,78.678,71793.6,1033.141,33.142,0.281,0.281,0.451,8.136,96.883,5.618,47.578,0,5.632,5.635,NA,23
"5/25/2022 5:37:12 PM",0,29.355,49.843,78.66,71781.5,1033.134,33.135,0.842,0.842,1.515,8.137,96.735,5.61,48.427,0,5.623,5.627,NA,23
"5/25/2022 5:37:12 PM",0,29.352,49.853,78.669,71795.1,1033.144,33.145,0.601,0.601,1.865,8.135,96.761,5.611,49.872,0,5.625,5.628,NA,23
"5/25/2022 5:37:12 PM",0,29.351,49.851,78.664,71792.6,1033.142,33.143,3.822,3.822,3.441,8.134,96.809,5.614,50.806,0,5.627,5.631,NA,23
"5/25/2022 5:37:12 PM",0,29.351,49.853,78.668,71795.5,1033.144,33.145,1.287,1.287,1.282,8.134,96.774,5.612,53.355,0,5.625,5.628,NA,23
"5/25/2022 5:37:13 PM",0,29.349,9.367,17.445,15921.7,1002.823,2.825,10.976,10.976,15.649,8.134,96.787,7.019,56.668,0,7.04,7.04,NA,23
"5/25/2022 5:37:13 PM",0,29.218,1.337,2.82,2580.9,996.884,0,221.643,221.643,413.739,8.136,96.796,7.338,59.217,0,7.36,7.36,NA,23
"5/25/2022 5:37:13 PM",0,29.033,1,2.131,1957.7,996.686,0,275.444,275.444,543.054,8.136,96.679,7.344,60.916,0,7.365,7.365,NA,23
"5/25/2022 5:37:13 PM",0,28.802,0.854,1.826,1685,996.644,0,376.48,376.48,382.484,8.134,96.661,7.35,60.237,0,7.371,7.371,NA,23
"5/25/2022 5:37:13 PM",0,28.395,0.74,1.579,1469.6,996.677,0,160.025,160.025,170.122,8.133,96.345,7.332,60.152,0,7.353,7.353,NA,23
"5/25/2022 5:37:14 PM",0,28.154,0.66,1.408,1316.9,996.686,0,310.907,310.907,168.137,8.132,96.216,7.327,60.152,0,7.348,7.348,NA,23
"5/25/2022 5:37:14 PM",0,28.092,0.632,1.349,1263.2,996.683,0,223.109,223.109,195.899,8.131,96.192,7.328,59.727,0,7.349,7.349,NA,23
"5/25/2022 5:37:14 PM",0,27.908,0.59,1.259,1183.6,996.704,0,65.433,65.433,47.707,8.129,95.912,7.309,59.897,0,7.33,7.33,NA,23
"5/25/2022 5:37:14 PM",0,27.732,0.58,1.234,1164.2,996.746,0,27.521,27.521,13.837,8.126,95.88,7.309,60.322,0,7.331,7.331,NA,23
"5/25/2022 5:37:14 PM",0,27.446,0.582,1.231,1168,996.828,0,421.045,421.045,131.801,8.123,95.418,7.277,62.531,0,7.298,7.298,NA,23
"5/25/2022 5:37:15 PM",0,27.396,0.538,1.141,1083.5,996.809,0,165.095,165.095,73.19,8.121,95.629,7.297,64.4,0,7.318,7.318,NA,23
"5/25/2022 5:37:15 PM",0,27.436,0.515,1.095,1039.7,996.781,0,101.183,101.183,53.935,8.117,95.633,7.301,68.903,0,7.322,7.322,NA,23
"5/25/2022 5:37:15 PM",0,27.548,0.5,1.066,1009.8,996.738,0,93.703,93.703,80.911,8.114,95.625,7.303,68.053,0,7.324,7.325,NA,23
"5/25/2022 5:37:15 PM",0,27.681,0.472,1.011,954.5,996.679,0,40.408,40.408,23.326,8.109,95.623,7.309,75.53,0,7.33,7.33,NA,23
"5/25/2022 5:37:16 PM",0,27.848,0.453,0.974,917,996.618,0,124.094,124.094,96.027,8.107,95.468,7.3,76.124,0,7.321,7.322,NA,23
"5/25/2022 5:37:16 PM",0,28.232,0.436,0.947,884.2,996.496,0,35.688,35.688,24.394,8.108,95.527,7.308,75.275,0,7.329,7.329,NA,23
"5/25/2022 5:37:16 PM",0,28.315,0.427,0.928,865.2,996.465,0,16.951,16.951,15.104,8.106,95.693,7.323,71.197,0,7.344,7.344,NA,23
"5/25/2022 5:37:16 PM",0,28.26,0.419,0.911,850.1,996.475,0,5.687,5.687,5.472,8.104,95.652,7.322,71.197,0,7.343,7.343,NA,23
"5/25/2022 5:37:16 PM",0,28.12,0.402,0.874,817.8,996.503,0,25.688,25.688,6.277,8.109,95.479,7.311,69.243,0,7.332,7.332,NA,23
"5/25/2022 5:37:17 PM",0,27.843,0.387,0.837,787.7,996.57,0,23.168,23.168,4.244,8.109,95.431,7.31,71.621,0,7.331,7.331,NA,23
"5/25/2022 5:37:17 PM",0,27.602,0.379,0.815,771.3,996.632,0,8.635,8.635,1.807,8.11,95.083,7.285,73.661,0,7.306,7.306,NA,23
"5/25/2022 5:37:17 PM",0,27.402,0.359,0.772,732.9,996.673,0,2.512,2.512,1.675,8.109,94.858,7.271,68.223,0,7.292,7.292,NA,23
"5/25/2022 5:37:17 PM",0,27.282,0.365,0.782,744.2,996.711,0,0.398,0.398,0,8.107,94.48,7.244,53.95,0,7.265,7.265,NA,23
"5/25/2022 5:37:17 PM",0,27.223,0.388,0.829,790.7,996.745,0,0.39,0.39,0,8.104,94.115,7.217,47.068,0,7.238,7.238,NA,23
"5/25/2022 5:37:18 PM",0,27.177,0.401,0.856,816.4,996.767,0,0.351,0.351,0,8.098,93.784,7.193,34.579,0,7.213,7.214,NA,23
"5/25/2022 5:37:18 PM",0,27.138,0.55,1.159,1107.3,996.89,0,0.296,0.296,0.248,8.093,93.728,7.184,25.828,0,7.205,7.205,NA,23
"5/25/2022 5:37:18 PM",0,27.077,0.396,0.844,807.1,996.791,0,0.367,0.367,0,8.092,93.588,7.182,25.148,0,7.203,7.203,NA,23
"5/25/2022 5:37:18 PM",0,26.735,0.357,0.758,730.5,996.856,0,0.133,0.133,0.626,8.093,93.291,7.164,31.435,0,7.184,7.185,NA,23
"5/25/2022 5:37:18 PM",0,26.55,0.367,0.775,749,996.913,0,0.008,0.008,0.67,8.087,93.46,7.178,37.382,0,7.199,7.199,NA,23
"5/25/2022 5:37:19 PM",0,26.415,0.393,0.826,800.7,996.97,0,0.25,0.25,1.282,8.084,93.599,7.19,39.506,0,7.211,7.211,NA,23
"5/25/2022 5:37:19 PM",0,26.283,0.49,1.019,991.2,997.078,0,0.133,0.133,3.324,8.083,93.773,7.201,45.709,0,7.221,7.222,NA,23
"5/25/2022 5:37:19 PM",0,26.222,0.358,0.751,731.2,996.995,0,1.17,1.17,3.222,8.083,93.838,7.212,51.996,0,7.233,7.233,NA,23
"5/25/2022 5:37:19 PM",0,26.233,0.339,0.714,694.9,996.978,0,4.602,4.602,11.777,8.085,94.195,7.242,52.081,0,7.262,7.263,NA,23
"5/25/2022 5:37:19 PM",0,26.602,1.246,2.505,2419.7,997.56,0,4.033,4.033,98.219,8.1,94.513,7.232,51.911,0,7.253,7.253,NA,23
"5/25/2022 5:37:20 PM",0,27.852,2.613,5.169,4863.6,998.236,0,3.612,3.612,39.915,8.195,94.856,7.21,55.054,0,7.231,7.231,NA,23
"5/25/2022 5:37:20 PM",0,28.267,2.473,4.947,4614.9,998.011,0,2.34,2.34,15.575,8.317,94.105,7.166,60.492,0,7.187,7.187,NA,23
"5/25/2022 5:37:20 PM",0,28.312,2.33,4.681,4363.1,997.891,0,3.276,3.276,12.792,8.375,93.62,7.138,67.204,0,7.158,7.158,NA,23
"5/25/2022 5:37:20 PM",0,28.323,1.759,3.592,3347.6,997.461,0,3.721,3.721,12.056,8.437,93.086,7.122,67.883,0,7.143,7.143,NA,23
"5/25/2022 5:37:20 PM",0,28.32,1.744,3.563,3320.3,997.451,0,2.41,2.41,11.174,8.47,92.464,7.077,66.269,0,7.098,7.098,NA,23
"5/25/2022 5:37:21 PM",0,28.32,1.675,3.431,3197.6,997.399,0,2.114,2.114,10.66,8.48,91.926,7.04,62.106,0,7.06,7.06,NA,23
"5/25/2022 5:37:21 PM",0,28.322,1.597,3.279,3055.8,997.34,0,2.036,2.036,10.602,8.491,91.31,6.997,61.171,0,7.017,7.017,NA,23
"5/25/2022 5:37:21 PM",0,28.324,1.586,3.258,3035.8,997.331,0,1.989,1.989,10.058,8.498,90.897,6.966,60.577,0,6.986,6.986,NA,23
"5/25/2022 5:37:21 PM",0,28.325,1.508,3.106,2894.4,997.273,0,1.958,1.958,9.53,8.499,90.527,6.94,61.001,0,6.96,6.96,NA,23
"5/25/2022 5:37:21 PM",0,28.327,1.48,3.051,2843.1,997.251,0,1.903,1.903,9.046,8.5,90.059,6.905,64.145,0,6.925,6.925,NA,23
"5/25/2022 5:37:22 PM",0,28.326,1.454,3.001,2796.8,997.232,0,1.942,1.942,8.621,8.5,89.654,6.875,70.347,0,6.895,6.895,NA,23
"5/25/2022 5:37:22 PM",0,28.326,1.449,2.99,2786.2,997.228,0,1.903,1.903,8.474,8.501,89.496,6.863,73.406,0,6.883,6.883,NA,23
"5/25/2022 5:37:22 PM",0,28.327,1.455,3.003,2798.3,997.233,0,1.896,1.896,8.386,8.501,89.31,6.849,74.595,0,6.869,6.869,NA,23
"5/25/2022 5:37:22 PM",0,28.327,1.452,2.996,2791.6,997.23,0,1.935,1.935,8.459,8.501,89.226,6.842,72.981,0,6.862,6.862,NA,23
"5/25/2022 5:37:22 PM",0,28.33,1.449,2.992,2787.8,997.227,0,1.927,1.927,8.401,8.501,89.024,6.827,68.563,0,6.846,6.846,NA,23
"5/25/2022 5:37:23 PM",0,28.332,1.448,2.989,2784.8,997.225,0,1.919,1.919,8.547,8.496,88.952,6.821,64.91,0,6.841,6.841,NA,23
"5/25/2022 5:37:23 PM",0,28.335,1.445,2.984,2780.2,997.223,0,1.919,1.919,8.459,8.492,88.946,6.82,61.086,0,6.84,6.84,NA,23
"5/25/2022 5:37:23 PM",0,28.335,1.438,2.969,2766.5,997.217,0,1.896,1.896,8.547,8.491,88.868,6.815,57.943,0,6.834,6.834,NA,23
"5/25/2022 5:37:23 PM",0,28.338,1.434,2.962,2759.7,997.214,0,1.911,1.911,8.43,8.489,88.758,6.806,58.962,0,6.825,6.826,NA,23
"5/25/2022 5:37:23 PM",0,28.343,1.414,2.924,2723.6,997.197,0,1.88,1.88,8.386,8.487,88.654,6.798,68.563,0,6.818,6.818,NA,23
"5/25/2022 5:37:24 PM",0,28.344,1.409,2.914,2714.5,997.193,0,1.857,1.857,8.533,8.49,88.575,6.793,72.896,0,6.812,6.812,NA,23
"5/25/2022 5:37:24 PM",0,28.343,1.405,2.905,2706.1,997.19,0,1.857,1.857,8.679,8.488,88.518,6.788,74.68,0,6.807,6.808,NA,23
"5/25/2022 5:37:24 PM",0,28.341,1.393,2.883,2685.6,997.182,0,1.911,1.911,8.489,8.483,88.545,6.791,74.34,0,6.81,6.81,NA,23
"5/25/2022 5:37:24 PM",0,28.339,1.386,2.869,2672.6,997.178,0,1.903,1.903,8.606,8.484,88.481,6.786,74,0,6.805,6.805,NA,23
"5/25/2022 5:37:25 PM",0,28.337,1.38,2.856,2660.3,997.173,0,1.88,1.88,8.533,8.483,88.447,6.783,74.68,0,6.803,6.803,NA,23
"5/25/2022 5:37:25 PM",0,28.337,1.376,2.849,2654.3,997.17,0,1.896,1.896,8.562,8.481,88.257,6.768,74.51,0,6.788,6.788,NA,23
"5/25/2022 5:37:25 PM",0,28.338,1.385,2.867,2670.8,997.177,0,1.958,1.958,8.562,8.48,88.311,6.772,74.255,0,6.792,6.792,NA,23
"5/25/2022 5:37:25 PM",0,28.339,1.405,2.905,2706.6,997.191,0,1.872,1.872,8.474,8.482,88.192,6.762,74.17,0,6.781,6.782,NA,23
"5/25/2022 5:37:25 PM",0,28.342,1.409,2.914,2714.4,997.194,0,1.927,1.927,8.327,8.48,88.213,6.763,72.981,0,6.783,6.783,NA,23
"5/25/2022 5:37:26 PM",0,28.343,1.411,2.918,2717.8,997.195,0,1.942,1.942,8.474,8.478,88.159,6.759,72.386,0,6.778,6.779,NA,23
"5/25/2022 5:37:26 PM",0,28.344,1.413,2.922,2721.4,997.196,0,1.935,1.935,8.415,8.479,88.171,6.76,72.471,0,6.779,6.779,NA,23
"5/25/2022 5:37:26 PM",0,28.345,1.409,2.913,2713.2,997.192,0,1.927,1.927,8.503,8.48,88.182,6.76,72.046,0,6.78,6.78,NA,23
"5/25/2022 5:37:26 PM",0,28.342,1.408,2.911,2711.3,997.192,0,1.989,1.989,8.518,8.474,88.043,6.749,70.687,0,6.769,6.769,NA,23
"5/25/2022 5:37:26 PM",0,28.342,1.408,2.912,2712.6,997.193,0,1.981,1.981,8.43,8.474,88.05,6.75,69.412,0,6.769,6.769,NA,23
"5/25/2022 5:37:27 PM",0,28.341,1.404,2.903,2704.2,997.19,0,1.966,1.966,8.445,8.47,88.056,6.75,69.667,0,6.77,6.77,NA,23
"5/25/2022 5:37:27 PM",0,28.34,1.404,2.904,2705.1,997.191,0,1.903,1.903,8.591,8.466,88.013,6.747,71.706,0,6.766,6.766,NA,23
"5/25/2022 5:37:27 PM",0,28.341,1.41,2.916,2716.1,997.195,0,1.872,1.872,8.503,8.464,88.029,6.748,73.236,0,6.767,6.767,NA,23
"5/25/2022 5:37:27 PM",0,28.342,1.414,2.923,2723.2,997.197,0,1.95,1.95,8.664,8.467,88.035,6.748,75.275,0,6.767,6.767,NA,23
"5/25/2022 5:37:27 PM",0,28.342,1.433,2.962,2758.7,997.212,0,1.935,1.935,8.635,8.465,88.025,6.746,75.954,0,6.765,6.766,NA,23
"5/25/2022 5:37:28 PM",0,28.343,1.443,2.981,2776.4,997.219,0,1.927,1.927,8.489,8.462,88.046,6.747,75.53,0,6.767,6.767,NA,23
"5/25/2022 5:37:28 PM",0,28.344,1.45,2.994,2788.8,997.224,0,1.903,1.903,8.533,8.457,88.021,6.745,76.039,0,6.764,6.764,NA,23
"5/25/2022 5:37:28 PM",0,28.346,1.46,3.014,2807.7,997.231,0,1.911,1.911,8.489,8.445,88.079,6.749,77.399,0,6.768,6.768,NA,23
"5/25/2022 5:37:28 PM",0,28.348,1.472,3.037,2828.4,997.239,0,1.88,1.88,8.577,8.453,88.026,6.744,78.588,0,6.764,6.764,NA,23
"5/25/2022 5:37:28 PM",0,28.347,1.485,3.063,2853.2,997.249,0,1.935,1.935,8.489,8.455,88.033,6.744,79.353,0,6.764,6.764,NA,23
"5/25/2022 5:37:29 PM",0,28.347,1.5,3.092,2880.1,997.26,0,1.942,1.942,8.533,8.452,88.025,6.743,79.523,0,6.762,6.763,NA,23
"5/25/2022 5:37:29 PM",0,28.349,1.508,3.107,2893.6,997.266,0,1.911,1.911,8.533,8.448,88.024,6.743,79.268,0,6.762,6.762,NA,23
"5/25/2022 5:37:29 PM",0,28.35,1.503,3.098,2885.2,997.262,0,1.958,1.958,8.591,8.446,87.991,6.741,78.163,0,6.76,6.76,NA,23
"5/25/2022 5:37:29 PM",0,28.352,1.489,3.071,2860.3,997.251,0,1.942,1.942,8.547,8.444,87.973,6.74,76.889,0,6.759,6.759,NA,23
"5/25/2022 5:37:29 PM",0,28.353,1.481,3.055,2845.2,997.244,0,1.935,1.935,8.547,8.44,88.013,6.743,76.209,0,6.763,6.763,NA,23
"5/25/2022 5:37:30 PM",0,28.352,1.474,3.042,2833.3,997.24,0,1.888,1.888,8.474,8.44,88.025,6.745,76.039,0,6.764,6.764,NA,23
"5/25/2022 5:37:30 PM",0,28.353,1.468,3.03,2821.6,997.235,0,1.888,1.888,8.474,8.441,87.924,6.737,76.294,0,6.756,6.756,NA,23
"5/25/2022 5:37:30 PM",0,28.354,1.47,3.033,2824.6,997.236,0,1.896,1.896,8.577,8.443,87.912,6.736,76.379,0,6.755,6.755,NA,23
"5/25/2022 5:37:30 PM",0,28.354,1.471,3.035,2826.3,997.236,0,1.903,1.903,8.621,8.447,87.904,6.735,76.464,0,6.754,6.754,NA,23
"5/25/2022 5:37:30 PM",0,28.356,1.468,3.029,2821.1,997.234,0,1.927,1.927,8.474,8.44,87.938,6.738,76.974,0,6.757,6.757,NA,23
"5/25/2022 5:37:31 PM",0,28.358,1.465,3.024,2815.6,997.231,0,1.935,1.935,8.547,8.437,87.937,6.738,77.399,0,6.757,6.757,NA,23
"5/25/2022 5:37:31 PM",0,28.359,1.46,3.014,2806.7,997.227,0,1.911,1.911,8.621,8.435,87.974,6.741,77.484,0,6.76,6.76,NA,23
"5/25/2022 5:37:31 PM",0,28.36,1.454,3.003,2796.4,997.222,0,1.942,1.942,8.503,8.431,87.866,6.733,77.654,0,6.752,6.752,NA,23
"5/25/2022 5:37:31 PM",0,28.36,1.453,3.001,2794.5,997.221,0,1.919,1.919,8.562,8.424,87.871,6.734,77.654,0,6.753,6.753,NA,23
"5/25/2022 5:37:31 PM",0,28.361,1.448,2.991,2785.1,997.217,0,1.857,1.857,8.518,8.43,87.815,6.729,77.909,0,6.749,6.749,NA,23
"5/25/2022 5:37:32 PM",0,28.362,1.444,2.983,2777.2,997.214,0,1.88,1.88,8.591,8.428,87.857,6.732,78.503,0,6.752,6.752,NA,23
"5/25/2022 5:37:32 PM",0,28.364,1.441,2.977,2772,997.211,0,1.88,1.88,8.415,8.427,87.785,6.727,79.098,0,6.746,6.746,NA,23
"5/25/2022 5:37:32 PM",0,28.365,1.436,2.967,2762.5,997.207,0,1.903,1.903,8.533,8.431,87.748,6.724,79.778,0,6.743,6.743,NA,23
"5/25/2022 5:37:32 PM",0,28.365,1.433,2.962,2758.2,997.205,0,1.911,1.911,8.577,8.431,87.807,6.728,80.712,0,6.748,6.748,NA,23
"5/25/2022 5:42:55 PM",0.206,29.331,50.204,79.119,72236.3,1033.419,33.418,2.754,2.754,2.58,7.769,96.906,5.638,29.056,0,5.651,5.655,NA,23
"5/25/2022 5:42:56 PM",0.133,29.327,50.208,79.119,72241.9,1033.423,33.422,1.084,1.084,2.478,7.797,97.013,5.642,32.285,0,5.655,5.659,NA,23
"5/25/2022 5:42:56 PM",0.062,29.325,50.206,79.113,72238.9,1033.422,33.421,0.889,0.889,1.982,7.813,96.946,5.636,31.86,0,5.65,5.653,NA,23
"5/25/2022 5:42:56 PM",0,29.324,50.216,79.125,72251.8,1033.429,33.429,0.671,0.671,1.486,7.817,96.84,5.628,34.919,0,5.642,5.645,NA,23
"5/25/2022 5:42:56 PM",0,29.322,50.226,79.135,72264.4,1033.438,33.438,0.78,0.78,1.369,7.834,96.869,5.629,35.513,0,5.643,5.646,NA,23
"5/25/2022 5:42:56 PM",0,29.327,50.212,79.123,72246.1,1033.425,33.425,0.85,0.85,1.442,7.853,96.8,5.625,34.494,0,5.638,5.642,NA,23
"5/25/2022 5:42:57 PM",0.056,29.334,50.172,79.079,72195,1033.392,33.392,1.334,1.334,1.399,7.867,96.681,5.618,31.01,0,5.631,5.635,NA,23
"5/25/2022 5:42:57 PM",0.126,29.337,50.208,79.132,72240.1,1033.419,33.419,0.601,0.601,0.83,7.884,96.848,5.626,31.35,0,5.639,5.643,NA,23
"5/25/2022 5:42:57 PM",0.209,29.339,50.21,79.138,72242.6,1033.421,33.42,0.484,0.484,0.918,7.902,96.686,5.616,29.226,0,5.629,5.633,NA,23
"5/25/2022 5:42:57 PM",0.256,29.34,50.208,79.138,72240.1,1033.419,33.418,0.468,0.468,0.641,7.919,96.813,5.623,29.226,0,5.637,5.64,NA,23
"5/25/2022 5:42:57 PM",0.298,29.339,50.179,79.097,72203.9,1033.397,33.396,0.164,0.164,0.495,7.934,96.796,5.623,30.076,0,5.636,5.639,NA,23
"5/25/2022 5:42:58 PM",0.331,29.34,50.218,79.151,72253,1033.427,33.426,0.164,0.164,0.612,7.93,96.637,5.612,29.226,0,5.625,5.629,NA,23
"5/25/2022 5:42:58 PM",0.409,29.34,50.208,79.138,72240.4,1033.42,33.418,0.211,0.211,0.845,7.931,96.869,5.626,28.122,0,5.639,5.643,NA,23
"5/25/2022 5:42:58 PM",0.552,29.341,50.223,79.16,72259.2,1033.431,33.429,0.179,0.179,0.786,7.95,96.903,5.627,25.998,0,5.64,5.643,NA,23
"5/25/2022 5:42:58 PM",0.746,29.339,50.23,79.167,72268.2,1033.438,33.435,0.156,0.156,0.583,7.968,96.871,5.624,24.129,0,5.637,5.641,NA,23
"5/25/2022 5:42:58 PM",1.064,29.34,50.231,79.169,72269.6,1033.44,33.436,0.234,0.234,0.801,7.982,97.028,5.632,19.541,0,5.645,5.648,NA,23
"5/25/2022 5:42:59 PM",1.207,29.341,50.186,79.11,72213.4,1033.406,33.401,0.257,0.257,0.961,7.99,97.076,5.635,16.652,0,5.649,5.652,NA,23
"5/25/2022 5:42:59 PM",1.351,29.343,50.235,79.179,72273.6,1033.443,33.437,0.452,0.452,0.888,7.998,97.017,5.63,14.443,0,5.643,5.647,NA,23
"5/25/2022 5:42:59 PM",1.44,29.343,50.226,79.167,72262.2,1033.436,33.43,1.49,1.49,1.282,7.992,96.957,5.626,11.3,0,5.64,5.643,NA,23
"5/25/2022 5:42:59 PM",1.461,29.342,50.218,79.155,72253,1033.431,33.425,1.591,1.591,1.719,8.006,96.906,5.624,7.561,0,5.637,5.641,NA,23
"5/25/2022 5:42:59 PM",1.435,29.34,50.231,79.17,72268.7,1033.441,33.435,2.449,2.449,2.463,8.006,97.02,5.63,7.731,0,5.643,5.647,NA,23
"5/25/2022 5:43:00 PM",1.405,29.339,50.229,79.165,72266.8,1033.44,33.434,2.075,2.075,3.032,8.006,97.105,5.635,7.646,0,5.648,5.652,NA,23
"5/25/2022 5:43:00 PM",1.362,29.34,50.229,79.166,72266.4,1033.439,33.434,4.727,4.727,3.251,8.005,96.94,5.625,7.561,0,5.639,5.642,NA,23
"5/25/2022 5:43:00 PM",1.334,29.34,50.208,79.138,72240.8,1033.424,33.418,2.551,2.551,4.639,8.012,97.002,5.63,7.561,0,5.643,5.646,NA,23
"5/25/2022 5:43:00 PM",1.318,29.34,49.944,78.776,71910.3,1033.223,33.217,9.306,9.306,8.518,8.03,97.092,5.643,7.901,0,5.656,5.66,NA,23
"5/25/2022 5:43:00 PM",1.313,29.34,46.051,73.404,67006.5,1030.277,30.272,12.185,12.185,5.604,8.038,97.041,5.763,8.496,0,5.778,5.78,NA,23
"5/25/2022 5:43:01 PM",1.313,29.34,49.06,77.564,70804.5,1032.554,32.548,7.364,7.364,4.639,8.042,97.1,5.672,9.176,0,5.685,5.689,NA,23
"5/25/2022 5:43:01 PM",1.299,29.339,50.215,79.146,72248.8,1033.429,33.423,3.167,3.167,2.521,8.041,97.199,5.641,9.685,0,5.654,5.658,NA,23
"5/25/2022 5:43:01 PM",1.273,29.338,50.236,79.174,72276.3,1033.445,33.44,3.347,3.347,3.587,8.043,97.162,5.638,10.28,0,5.651,5.654,NA,23
"5/25/2022 5:43:01 PM",1.28,29.337,50.217,79.147,72252.3,1033.431,33.426,1.451,1.451,5.384,8.042,97.169,5.639,10.62,0,5.652,5.655,NA,23
"5/25/2022 5:43:01 PM",1.276,29.338,50.212,79.141,72246.1,1033.427,33.422,2.551,2.551,3.996,8.043,97.147,5.638,11.215,0,5.651,5.654,NA,23
"5/25/2022 5:43:02 PM",1.309,29.339,50.209,79.137,72241.3,1033.424,33.418,2.239,2.239,5.34,8.05,97.11,5.636,11.64,0,5.649,5.653,NA,23
"5/25/2022 5:43:02 PM",1.332,29.341,50.161,79.076,72181.6,1033.387,33.382,2.278,2.278,2.901,8.048,97.185,5.642,11.555,0,5.655,5.658,NA,23
"5/25/2022 5:43:02 PM",1.36,29.342,50.185,79.11,72211.6,1033.405,33.4,0.92,0.92,1.122,8.048,97.21,5.642,12.149,0,5.655,5.659,NA,23
"5/25/2022 5:43:02 PM",1.412,29.342,50.181,79.103,72206.3,1033.402,33.396,0.624,0.624,1.049,8.05,97.179,5.64,12.064,0,5.654,5.657,NA,23
"5/25/2022 5:43:02 PM",1.431,29.341,50.185,79.108,72211.6,1033.406,33.4,0.866,0.866,2.346,8.049,97.077,5.635,11.725,0,5.648,5.651,NA,23
"5/25/2022 5:43:03 PM",1.475,29.342,50.118,79.018,72128.5,1033.355,33.349,2.247,2.247,4.58,8.057,97.186,5.643,11.3,0,5.656,5.659,NA,23
"5/25/2022 5:43:03 PM",1.52,29.342,50.168,79.087,72190.8,1033.393,33.387,1.287,1.287,2.507,8.065,97.158,5.639,10.79,0,5.653,5.656,NA,23
"5/25/2022 5:43:03 PM",1.546,29.342,50.125,79.026,72136.2,1033.36,33.354,5.5,5.5,9.882,8.062,97.185,5.642,10.96,0,5.655,5.659,NA,23
"5/25/2022 5:43:03 PM",1.551,29.341,50.068,78.948,72065.1,1033.317,33.311,18.425,18.425,17.612,8.064,97.166,5.643,11.385,0,5.656,5.66,NA,23
"5/25/2022 5:43:03 PM",1.544,29.339,50.211,79.141,72244.5,1033.427,33.42,16.896,16.896,48.252,8.069,97.283,5.645,11.979,0,5.659,5.662,NA,23
"5/25/2022 5:43:04 PM",1.508,29.338,50.2,79.125,72231.4,1033.419,33.413,33.099,33.099,34.875,8.069,97.293,5.646,12.659,0,5.66,5.663,NA,23
"5/25/2022 5:43:04 PM",1.457,29.337,50.216,79.145,72251.2,1033.431,33.425,13.534,13.534,13.233,8.064,97.391,5.652,12.999,0,5.665,5.668,NA,23
"5/25/2022 5:43:04 PM",1.426,29.336,50.22,79.149,72255.5,1033.434,33.428,10.352,10.352,8.547,8.063,97.3,5.646,13.254,0,5.659,5.663,NA,23
"5/25/2022 5:43:04 PM",1.376,29.337,50.182,79.098,72209,1033.405,33.4,10.484,10.484,8.958,8.063,97.452,5.656,13.339,0,5.669,5.672,NA,23
"5/25/2022 5:43:05 PM",1.356,29.338,50.219,79.15,72254.6,1033.433,33.427,4.618,4.618,5.852,8.065,97.653,5.667,13.254,0,5.68,5.683,NA,23
"5/25/2022 5:43:05 PM",1.303,29.337,50.207,79.133,72239.8,1033.424,33.418,2.278,2.278,4.551,8.069,97.841,5.679,13.084,0,5.692,5.695,NA,23
"5/25/2022 5:43:05 PM",1.276,29.337,50.21,79.137,72243.5,1033.426,33.42,1.693,1.693,5.604,8.072,97.713,5.67,12.914,0,5.684,5.687,NA,23
"5/25/2022 5:43:05 PM",1.25,29.338,50.201,79.126,72231.7,1033.418,33.413,3.799,3.799,5.063,8.073,97.665,5.668,12.829,0,5.681,5.684,NA,23
"5/25/2022 5:43:05 PM",1.202,29.338,50.205,79.13,72236.7,1033.421,33.416,2.278,2.278,3.762,8.067,97.592,5.663,12.829,0,5.676,5.68,NA,23
"5/25/2022 5:43:06 PM",1.2,29.337,50.201,79.125,72232.6,1033.419,33.414,2.309,2.309,4.054,8.062,97.413,5.653,11.385,0,5.666,5.669,NA,23
"5/25/2022 5:43:06 PM",1.283,29.339,49.986,78.833,71963.2,1033.255,33.25,10.859,10.859,6.804,8.068,97.445,5.661,10.195,0,5.674,5.678,NA,23
"5/25/2022 5:43:06 PM",1.416,29.341,50.099,78.99,72103.7,1033.34,33.334,4.345,4.345,2.959,8.07,97.429,5.657,8.496,0,5.67,5.673,NA,23
"5/25/2022 5:43:06 PM",1.548,29.341,50.143,79.051,72159.1,1033.374,33.368,1.537,1.537,1.632,8.07,97.265,5.645,6.627,0,5.658,5.662,NA,23
"5/25/2022 5:43:06 PM",1.77,29.341,50.176,79.096,72200.9,1033.401,33.393,1.194,1.194,1.063,8.074,97.205,5.64,3.568,0,5.654,5.657,NA,23
"5/25/2022 5:43:07 PM",1.947,29.34,50.175,79.094,72200.2,1033.401,33.393,0.928,0.928,1.063,8.074,97.379,5.65,2.209,0,5.664,5.667,NA,23
"5/25/2022 5:43:07 PM",2.095,29.34,50.179,79.099,72204.7,1033.405,33.396,0.749,0.749,1.122,8.076,97.356,5.648,1.444,0,5.662,5.665,NA,23
"5/25/2022 5:43:07 PM",2.265,29.338,50.197,79.121,72227.2,1033.42,33.41,1.872,1.872,1.092,8.079,97.28,5.643,1.02,0,5.656,5.66,NA,23
"5/25/2022 5:43:07 PM",2.424,29.337,50.206,79.132,72239.1,1033.428,33.417,1.326,1.326,0.743,8.079,97.296,5.643,0.85,0,5.656,5.66,NA,23
"5/25/2022 5:43:07 PM",2.679,29.335,50.206,79.129,72239.8,1033.43,33.418,0.39,0.39,0.379,8.076,97.212,5.638,0.765,0,5.652,5.655,NA,23
"5/25/2022 5:43:08 PM",2.889,29.334,50.214,79.138,72249.7,1033.437,33.425,0.281,0.281,0.451,8.08,97.113,5.633,0.85,0,5.646,5.65,NA,23
"5/25/2022 5:43:08 PM",3.067,29.337,50.213,79.141,72247.5,1033.435,33.422,0.335,0.335,0.641,8.077,97.091,5.631,1.104,0,5.645,5.648,NA,23
"5/25/2022 5:43:08 PM",3.221,29.342,50.202,79.133,72233.5,1033.426,33.412,0.211,0.211,0.393,8.078,97.078,5.631,1.529,0,5.644,5.648,NA,23
"5/25/2022 5:43:08 PM",3.451,29.345,50.197,79.132,72226.9,1033.422,33.407,0.133,0.133,0.204,8.082,97.166,5.636,2.719,0,5.649,5.653,NA,23
"5/25/2022 5:43:08 PM",3.604,29.347,50.194,79.13,72223,1033.42,33.404,0.101,0.101,0.102,8.084,97.033,5.628,3.653,0,5.641,5.645,NA,23
"5/25/2022 5:43:09 PM",3.752,29.349,50.192,79.13,72220.5,1033.418,33.402,0.078,0.078,0.029,8.085,97.03,5.628,3.908,0,5.641,5.644,NA,23
"5/25/2022 5:43:09 PM",3.929,29.349,50.193,79.133,72222.2,1033.42,33.403,0.055,0.055,0.029,8.087,97.126,5.634,3.908,0,5.647,5.65,NA,23
"5/25/2022 5:43:09 PM",4.066,29.349,50.191,79.129,72219.6,1033.419,33.402,0.047,0.047,0.044,8.087,97.063,5.63,3.483,0,5.644,5.647,NA,23
"5/25/2022 5:43:09 PM",4.29,29.349,50.187,79.124,72214.8,1033.417,33.399,0.117,0.117,0,8.088,96.995,5.627,2.124,0,5.64,5.643,NA,23
"5/25/2022 5:43:09 PM",4.422,29.348,50.186,79.123,72214,1033.417,33.398,0.047,0.047,0,8.091,96.954,5.624,1.699,0,5.637,5.641,NA,23
"5/25/2022 5:43:10 PM",4.579,29.348,50.184,79.118,72210.9,1033.416,33.397,0.047,0.047,0.116,8.093,96.983,5.625,1.444,0,5.638,5.641,NA,23
"5/25/2022 5:43:10 PM",4.716,29.347,50.185,79.118,72212.4,1033.418,33.398,0.242,0.242,0.16,8.09,96.902,5.62,1.274,0,5.633,5.637,NA,23
"5/25/2022 5:43:10 PM",4.954,29.347,50.18,79.112,72206.4,1033.415,33.394,0.25,0.25,0.801,8.088,96.847,5.617,1.104,0,5.63,5.633,NA,23
"5/25/2022 5:43:10 PM",5.126,29.347,50.177,79.107,72202.3,1033.413,33.392,0.242,0.242,0.743,8.087,96.925,5.622,0.935,0,5.635,5.638,NA,23
"5/25/2022 5:43:10 PM",5.312,29.345,50.177,79.106,72203.5,1033.415,33.393,0.265,0.265,0.612,8.088,96.976,5.625,0.85,0,5.638,5.641,NA,23
"5/25/2022 5:43:11 PM",5.507,29.345,50.174,79.1,72199,1033.413,33.39,0.218,0.218,0.714,8.088,96.971,5.624,0.765,0,5.638,5.641,NA,23
"5/25/2022 5:43:11 PM",5.703,29.345,50.167,79.092,72191.5,1033.41,33.385,1.006,1.006,0.597,8.092,97.056,5.629,0.765,0,5.643,5.646,NA,23
"5/25/2022 5:43:11 PM",5.988,29.344,50.17,79.093,72194.4,1033.413,33.387,0.632,0.632,0.349,8.096,97.188,5.637,0.765,0,5.65,5.654,NA,23
"5/25/2022 5:43:11 PM",6.19,29.344,50.166,79.089,72189.7,1033.411,33.384,0.226,0.226,0.32,8.101,97.234,5.64,0.85,0,5.653,5.657,NA,23
"5/25/2022 5:43:11 PM",6.381,29.344,50.165,79.088,72188.6,1033.411,33.384,0.133,0.133,0.233,8.097,97.213,5.638,0.935,0,5.652,5.655,NA,23
"5/25/2022 5:43:12 PM",6.566,29.344,50.163,79.085,72186.1,1033.41,33.382,0.164,0.164,0.189,8.094,97.258,5.641,1.104,0,5.654,5.658,NA,23
"5/25/2022 5:43:12 PM",6.823,29.345,50.161,79.084,72183.8,1033.409,33.38,0.125,0.125,0.175,8.097,97.27,5.641,1.274,0,5.655,5.658,NA,23
"5/25/2022 5:43:12 PM",6.986,29.345,50.159,79.081,72181.8,1033.409,33.379,0.133,0.133,0.146,8.095,97.228,5.639,1.359,0,5.652,5.656,NA,23
"5/25/2022 5:43:12 PM",7.165,29.344,50.157,79.078,72179.9,1033.409,33.378,0.078,0.078,0.087,8.098,97.218,5.638,1.359,0,5.652,5.655,NA,23
"5/25/2022 5:43:12 PM",7.339,29.343,50.155,79.073,72176.5,1033.407,33.376,0.086,0.086,0.102,8.096,97.183,5.637,1.444,0,5.65,5.653,NA,23
"5/25/2022 5:43:13 PM",7.53,29.343,50.15,79.067,72171.3,1033.405,33.373,0.117,0.117,0.087,8.101,97.129,5.633,1.444,0,5.647,5.65,NA,23
"5/25/2022 5:43:13 PM",7.805,29.342,50.147,79.061,72167.2,1033.404,33.371,0.078,0.078,0.073,8.107,97.086,5.631,1.359,0,5.644,5.648,NA,23
"5/25/2022 5:43:13 PM",8.003,29.342,50.143,79.056,72163.1,1033.402,33.368,0.078,0.078,0.058,8.107,97.087,5.631,1.274,0,5.644,5.648,NA,23
"5/25/2022 5:43:13 PM",8.201,29.342,50.143,79.055,72162.7,1033.403,33.368,0.078,0.078,0.087,8.105,97.083,5.631,1.189,0,5.644,5.648,NA,23
"5/25/2022 5:43:14 PM",8.404,29.342,50.142,79.054,72161.1,1033.403,33.367,0.078,0.078,0.102,8.106,97.049,5.629,1.189,0,5.643,5.646,NA,23
"5/25/2022 5:43:14 PM",8.717,29.343,50.143,79.057,72162.8,1033.405,33.368,0.101,0.101,0.087,8.109,96.943,5.623,1.104,0,5.636,5.64,NA,23
"5/25/2022 5:43:14 PM",8.931,29.343,50.148,79.064,72168.5,1033.409,33.371,0.101,0.101,0.116,8.11,96.98,5.625,1.104,0,5.638,5.642,NA,23
"5/25/2022 5:43:14 PM",9.148,29.343,50.145,79.061,72166,1033.408,33.369,0.094,0.094,0.146,8.109,97.018,5.627,1.274,0,5.64,5.644,NA,23
"5/25/2022 5:43:14 PM",9.327,29.344,50.141,79.057,72160.7,1033.405,33.366,0.094,0.094,0.16,8.108,96.982,5.625,1.869,0,5.638,5.642,NA,23
"5/25/2022 5:43:15 PM",9.493,29.344,50.142,79.057,72161.2,1033.406,33.366,0.094,0.094,0.146,8.111,97.086,5.631,2.719,0,5.644,5.647,NA,23
"5/25/2022 5:43:15 PM",9.719,29.346,50.139,79.057,72158.2,1033.405,33.364,0.047,0.047,0.058,8.111,97.014,5.626,3.228,0,5.64,5.643,NA,23
"5/25/2022 5:43:15 PM",9.87,29.347,50.136,79.053,72153.6,1033.403,33.361,0.047,0.047,0.029,8.107,97.008,5.626,2.889,0,5.639,5.643,NA,23
"5/25/2022 5:43:15 PM",10.038,29.347,50.135,79.052,72152.5,1033.403,33.36,0.039,0.039,0.015,8.107,97.02,5.626,2.379,0,5.639,5.643,NA,23
"5/25/2022 5:43:15 PM",10.21,29.347,50.133,79.05,72150.8,1033.402,33.359,0.109,0.109,0.146,8.106,96.924,5.621,2.974,0,5.634,5.637,NA,23
"5/25/2022 5:43:16 PM",10.356,29.349,50.129,79.049,72145.8,1033.399,33.355,0.117,0.117,0.131,8.104,96.902,5.619,8.496,0,5.632,5.636,NA,23
"5/25/2022 5:43:16 PM",10.351,29.349,50.13,79.049,72147,1033.4,33.356,0.086,0.086,0.058,8.107,96.9,5.619,9.601,0,5.632,5.636,NA,23
"5/25/2022 5:43:16 PM",10.287,29.348,50.128,79.045,72144.2,1033.398,33.354,0.07,0.07,0.087,8.108,97.048,5.628,9.091,0,5.641,5.644,NA,23
"5/25/2022 5:43:16 PM",10.188,29.348,50.125,79.041,72140.3,1033.395,33.352,0.07,0.07,0.044,8.108,97,5.625,9.516,0,5.638,5.641,NA,23
"5/25/2022 5:43:16 PM",10.071,29.348,50.122,79.037,72137.1,1033.393,33.35,0.07,0.07,0.058,8.107,96.911,5.619,9.601,0,5.633,5.636,NA,23
"5/25/2022 5:43:17 PM",9.885,29.347,50.122,79.035,72136.3,1033.392,33.35,0.078,0.078,0.058,8.105,96.719,5.608,9.77,0,5.622,5.625,NA,23
"5/25/2022 5:43:17 PM",9.769,29.347,50.119,79.03,72132.8,1033.39,33.348,0.055,0.055,0.015,8.107,96.786,5.613,9.855,0,5.626,5.629,NA,23
"5/25/2022 5:43:17 PM",9.679,29.347,50.119,79.031,72132.2,1033.389,33.347,0.047,0.047,0.029,8.106,96.782,5.613,9.77,0,5.626,5.63,NA,23
"5/25/2022 5:43:17 PM",9.595,29.347,50.117,79.028,72129.6,1033.387,33.346,0.047,0.047,0.044,8.105,96.814,5.615,9.685,0,5.628,5.631,NA,23
"5/25/2022 5:43:17 PM",9.48,29.347,50.113,79.022,72124.6,1033.383,33.343,0.039,0.039,0.029,8.106,96.844,5.617,9.685,0,5.63,5.633,NA,23
"5/25/2022 5:43:18 PM",9.404,29.348,50.11,79.02,72121.4,1033.381,33.341,0.047,0.047,0.044,8.104,96.814,5.615,9.685,0,5.629,5.632,NA,23
"5/25/2022 5:43:18 PM",9.327,29.348,50.108,79.016,72118.5,1033.379,33.339,0.055,0.055,0.044,8.103,96.859,5.618,9.601,0,5.631,5.634,NA,23
"5/25/2022 5:43:18 PM",9.26,29.348,50.105,79.013,72115.1,1033.376,33.337,0.047,0.047,0.044,8.1,96.87,5.619,9.601,0,5.632,5.635,NA,23
"5/25/2022 5:43:18 PM",9.211,29.348,50.104,79.013,72114.1,1033.375,33.336,0.055,0.055,0.015,8.102,96.838,5.617,9.431,0,5.63,5.634,NA,23
"5/25/2022 5:43:18 PM",9.101,29.348,50.101,79.008,72110.1,1033.373,33.334,0.062,0.062,0.044,8.105,96.85,5.618,9.346,0,5.631,5.635,NA,23
"5/25/2022 5:43:19 PM",8.987,29.348,50.102,79.009,72111.5,1033.373,33.335,0.055,0.055,0.058,8.105,96.818,5.616,9.346,0,5.629,5.632,NA,23
"5/25/2022 5:43:19 PM",8.853,29.348,50.103,79.01,72112.5,1033.373,33.336,0.047,0.047,0.044,8.104,96.917,5.622,9.261,0,5.635,5.638,NA,23
"5/25/2022 5:43:19 PM",8.709,29.348,50.1,79.007,72108.3,1033.37,33.333,0.062,0.062,0.044,8.103,96.808,5.615,9.091,0,5.628,5.632,NA,23
"5/25/2022 5:43:19 PM",8.516,29.346,50.096,78.997,72104.1,1033.367,33.331,0.07,0.07,0.015,8.104,96.901,5.621,8.921,0,5.634,5.637,NA,23
"5/25/2022 5:43:19 PM",8.394,29.344,50.096,78.995,72104.1,1033.367,33.332,0.062,0.062,0.029,8.101,96.803,5.615,8.751,0,5.628,5.631,NA,23
"5/25/2022 5:43:20 PM",8.304,29.344,50.094,78.991,72101,1033.365,33.33,0.055,0.055,0.029,8.1,96.827,5.616,8.581,0,5.629,5.633,NA,23
"5/25/2022 5:43:20 PM",8.21,29.343,50.092,78.987,72098.8,1033.364,33.329,0.062,0.062,0.044,8.106,96.768,5.613,8.581,0,5.626,5.63,NA,23
"5/25/2022 5:43:20 PM",8.118,29.343,50.091,78.986,72098,1033.363,33.328,0.055,0.055,0.058,8.107,96.763,5.612,8.326,0,5.626,5.629,NA,23
"5/25/2022 5:43:20 PM",7.932,29.343,50.085,78.978,72090.4,1033.358,33.324,0.07,0.07,0.073,8.109,96.858,5.618,8.411,0,5.631,5.635,NA,23
"5/25/2022 5:43:20 PM",7.796,29.342,50.085,78.976,72089.3,1033.357,33.323,0.055,0.055,0.087,8.109,96.849,5.618,8.411,0,5.631,5.634,NA,23
"5/25/2022 5:43:21 PM",7.643,29.342,50.082,78.972,72086,1033.354,33.321,0.055,0.055,0.029,8.109,96.768,5.613,8.156,0,5.626,5.63,NA,23
"5/25/2022 5:43:21 PM",7.478,29.341,50.082,78.971,72086.3,1033.354,33.322,0.062,0.062,0.044,8.108,96.871,5.619,7.816,0,5.633,5.636,NA,23
"5/25/2022 5:43:21 PM",7.222,29.341,50.084,78.973,72088.4,1033.354,33.323,0.055,0.055,0.029,8.109,96.806,5.615,7.561,0,5.629,5.632,NA,23
"5/25/2022 5:43:21 PM",7.045,29.341,50.082,78.971,72086,1033.352,33.322,0.062,0.062,0.015,8.108,96.873,5.619,7.476,0,5.632,5.636,NA,23
"5/25/2022 5:43:21 PM",6.89,29.342,50.078,78.967,72081.3,1033.348,33.319,0.047,0.047,0.044,8.11,96.784,5.614,7.222,0,5.627,5.631,NA,23
"5/25/2022 5:43:22 PM",6.777,29.342,50.077,78.965,72079,1033.346,33.317,0.07,0.07,0.073,8.111,96.871,5.619,7.052,0,5.632,5.636,NA,23
"5/25/2022 5:43:22 PM",6.687,29.342,50.074,78.961,72075.2,1033.344,33.315,0.055,0.055,0.044,8.112,96.874,5.619,6.882,0,5.632,5.636,NA,23
"5/25/2022 5:43:22 PM",6.586,29.341,50.07,78.954,72071.1,1033.341,33.313,0.055,0.055,0.087,8.115,96.82,5.616,6.712,0,5.63,5.633,NA,23
"5/25/2022 5:43:22 PM",6.512,29.341,50.069,78.951,72068.9,1033.339,33.312,0.047,0.047,0.044,8.115,96.882,5.62,6.627,0,5.633,5.637,NA,23
"5/25/2022 5:43:22 PM",6.437,29.34,50.066,78.947,72066.2,1033.338,33.31,0.039,0.039,0.029,8.114,96.789,5.615,6.457,0,5.628,5.631,NA,23
"5/25/2022 5:43:23 PM",6.355,29.34,50.066,78.947,72065.5,1033.337,33.31,0.062,0.062,0.029,8.109,96.876,5.62,6.287,0,5.633,5.636,NA,23
"5/25/2022 5:43:23 PM",6.233,29.34,50.061,78.939,72058.8,1033.332,33.306,0.039,0.039,0.029,8.112,96.823,5.617,6.117,0,5.63,5.633,NA,23
"5/25/2022 5:43:23 PM",6.122,29.34,50.059,78.938,72057.4,1033.331,33.305,0.047,0.047,0.029,8.113,96.877,5.62,6.032,0,5.633,5.636,NA,23
"5/25/2022 5:43:23 PM",6.006,29.34,50.057,78.934,72053.9,1033.329,33.303,0.047,0.047,0.015,8.115,96.927,5.622,5.947,0,5.636,5.639,NA,23
"5/25/2022 5:43:24 PM",5.891,29.34,50.055,78.931,72051.3,1033.326,33.301,0.062,0.062,0.044,8.115,96.838,5.617,5.777,0,5.63,5.634,NA,23
"5/25/2022 5:43:24 PM",5.794,29.342,50.053,78.93,72048.4,1033.324,33.299,0.055,0.055,0.058,8.114,96.793,5.615,5.607,0,5.628,5.631,NA,23
"5/25/2022 5:43:24 PM",5.719,29.342,50.048,78.925,72042.8,1033.32,33.296,0.07,0.07,0.058,8.105,96.774,5.614,5.352,0,5.627,5.63,NA,23
"5/25/2022 5:43:24 PM",5.682,29.342,50.044,78.92,72038.1,1033.317,33.293,0.047,0.047,0.058,8.106,96.829,5.617,5.268,0,5.63,5.634,NA,23
"5/25/2022 5:43:24 PM",5.653,29.343,50.041,78.916,72034,1033.314,33.29,0.07,0.07,0.087,8.109,96.733,5.612,5.098,0,5.625,5.628,NA,23
"5/25/2022 5:43:25 PM",5.632,29.343,50.035,78.909,72026.8,1033.31,33.286,0.055,0.055,0.044,8.109,96.86,5.619,5.098,0,5.632,5.636,NA,23
"5/25/2022 5:43:25 PM",5.575,29.343,50.031,78.903,72021.1,1033.306,33.282,0.055,0.055,0.058,8.108,96.844,5.618,4.843,0,5.631,5.635,NA,23
"5/25/2022 5:43:25 PM",5.526,29.344,50.03,78.902,72019.5,1033.305,33.281,0.062,0.062,0.058,8.107,96.774,5.614,4.673,0,5.627,5.631,NA,23
"5/25/2022 5:43:25 PM",5.467,29.343,50.03,78.902,72020.5,1033.305,33.282,0.07,0.07,0.087,8.109,96.795,5.616,4.503,0,5.629,5.632,NA,23
"5/25/2022 5:43:25 PM",5.42,29.343,50.028,78.899,72017.5,1033.303,33.28,0.07,0.07,0.058,8.11,96.782,5.615,4.163,0,5.628,5.631,NA,23
"5/25/2022 5:43:26 PM",5.369,29.343,50.026,78.895,72014.5,1033.301,33.278,0.07,0.07,0.073,8.107,96.789,5.616,3.993,0,5.629,5.632,NA,23
"5/25/2022 5:43:26 PM",5.283,29.343,50.02,78.887,72007.1,1033.297,33.274,0.07,0.07,0.131,8.111,96.791,5.616,3.653,0,5.629,5.632,NA,23
"5/25/2022 5:43:26 PM",5.19,29.343,50.019,78.886,72006.2,1033.296,33.274,0.078,0.078,0.058,8.108,96.888,5.621,3.398,0,5.635,5.638,NA,23
"5/25/2022 5:43:26 PM",5.091,29.343,50.018,78.884,72004.2,1033.294,33.272,0.062,0.062,0.029,8.108,96.856,5.619,3.228,0,5.632,5.636,NA,23
"5/25/2022 5:43:26 PM",4.964,29.343,50.015,78.881,72001.6,1033.292,33.271,0.062,0.062,0,8.108,96.857,5.619,2.974,0,5.633,5.636,NA,23
"5/25/2022 5:43:27 PM",4.811,29.342,50.011,78.873,71996,1033.288,33.268,0.07,0.07,0.015,8.111,96.835,5.618,2.719,0,5.631,5.635,NA,23
"5/25/2022 5:43:27 PM",4.719,29.342,50.008,78.868,71991.9,1033.285,33.265,0.062,0.062,0.015,8.111,96.847,5.618,2.464,0,5.632,5.635,NA,23
"5/25/2022 5:43:27 PM",4.639,29.342,50.003,78.862,71986,1033.282,33.262,0.055,0.055,0.029,8.111,96.875,5.62,2.294,0,5.634,5.637,NA,23
"5/25/2022 5:43:27 PM",4.558,29.342,50,78.858,71982.5,1033.279,33.26,0.062,0.062,0.044,8.11,96.815,5.617,2.209,0,5.63,5.633,NA,23
"5/25/2022 5:43:27 PM",4.488,29.342,49.997,78.854,71978.8,1033.277,33.257,0.055,0.055,0.044,8.108,96.802,5.616,2.124,0,5.629,5.632,NA,23
"5/25/2022 5:43:28 PM",4.386,29.342,49.993,78.849,71973.6,1033.273,33.254,0.047,0.047,0,8.107,96.786,5.614,2.209,0,5.628,5.631,NA,23
"5/25/2022 5:43:28 PM",4.32,29.342,49.993,78.848,71972.8,1033.272,33.254,0.062,0.062,0.015,8.11,96.825,5.617,2.294,0,5.63,5.634,NA,23
"5/25/2022 5:43:28 PM",4.252,29.342,49.988,78.842,71967.5,1033.269,33.251,0.062,0.062,0.029,8.112,96.778,5.614,2.464,0,5.627,5.631,NA,23
"5/25/2022 5:43:28 PM",4.194,29.342,49.988,78.842,71967.2,1033.268,33.25,0.062,0.062,0.015,8.112,96.864,5.619,2.549,0,5.632,5.636,NA,23
"5/25/2022 5:43:28 PM",4.116,29.342,49.983,78.834,71960.7,1033.264,33.247,0.07,0.07,0.073,8.106,96.663,5.608,2.804,0,5.621,5.624,NA,23
"5/25/2022 5:43:29 PM",4.062,29.341,49.982,78.833,71959.8,1033.263,33.246,0.062,0.062,0.073,8.109,96.804,5.616,2.889,0,5.629,5.633,NA,23
"5/25/2022 5:43:29 PM",4.005,29.341,49.98,78.83,71957.2,1033.262,33.245,0.062,0.062,0.073,8.112,96.832,5.618,2.974,0,5.631,5.634,NA,23
"5/25/2022 5:43:29 PM",3.948,29.341,49.977,78.826,71953.6,1033.259,33.242,0.062,0.062,0.058,8.112,96.793,5.615,3.059,0,5.629,5.632,NA,23
"5/25/2022 5:43:29 PM",3.878,29.341,49.973,78.82,71948.5,1033.256,33.239,0.055,0.055,0.044,8.112,96.804,5.616,2.974,0,5.629,5.632,NA,23
"5/25/2022 5:43:29 PM",3.857,29.342,49.973,78.821,71948.6,1033.256,33.239,0.055,0.055,0.029,8.112,96.714,5.611,2.974,0,5.624,5.628,NA,23
"5/25/2022 5:43:30 PM",3.859,29.342,49.97,78.816,71944.2,1033.253,33.237,0.047,0.047,0,8.112,96.79,5.615,2.974,0,5.629,5.632,NA,23
"5/25/2022 5:43:30 PM",3.852,29.341,49.969,78.814,71943.1,1033.253,33.236,0.047,0.047,0.058,8.113,96.851,5.619,2.974,0,5.632,5.635,NA,23
"5/25/2022 5:43:30 PM",3.847,29.34,49.97,78.814,71944.8,1033.254,33.237,0.07,0.07,0.044,8.113,96.698,5.61,2.719,0,5.623,5.626,NA,23
"5/25/2022 5:43:30 PM",3.812,29.341,49.966,78.81,71939.8,1033.251,33.234,0.039,0.039,0.029,8.114,96.744,5.613,2.549,0,5.626,5.629,NA,23
"5/25/2022 5:43:30 PM",3.786,29.342,49.964,78.808,71937.1,1033.249,33.232,0.062,0.062,0.044,8.113,96.791,5.616,2.379,0,5.629,5.632,NA,23
"5/25/2022 5:43:31 PM",3.756,29.342,49.962,78.806,71934.9,1033.247,33.231,0.07,0.07,0.058,8.113,96.86,5.62,2.294,0,5.633,5.636,NA,23
"5/25/2022 5:43:31 PM",3.723,29.343,49.96,78.804,71932.2,1033.245,33.229,0.055,0.055,0.058,8.112,96.816,5.617,2.124,0,5.63,5.634,NA,23
"5/25/2022 5:43:31 PM",3.657,29.342,49.958,78.8,71928.9,1033.243,33.227,0.047,0.047,0.058,8.109,96.825,5.617,1.869,0,5.63,5.634,NA,23
"5/25/2022 5:43:31 PM",3.595,29.342,49.958,78.801,71929.7,1033.243,33.228,0.055,0.055,0.044,8.11,96.827,5.617,1.784,0,5.63,5.634,NA,23
"5/25/2022 5:43:31 PM",3.536,29.342,49.956,78.797,71926.7,1033.241,33.226,0.062,0.062,0.044,8.111,96.707,5.61,1.784,0,5.623,5.627,NA,23
"5/25/2022 5:43:32 PM",3.466,29.341,49.954,78.793,71924.3,1033.24,33.225,0.062,0.062,0.029,8.109,96.819,5.617,1.699,0,5.63,5.633,NA,23
"5/25/2022 5:43:32 PM",3.389,29.34,49.951,78.787,71920.2,1033.237,33.223,0.055,0.055,0.073,8.109,96.817,5.617,1.784,0,5.63,5.633,NA,23
"5/25/2022 5:43:32 PM",3.273,29.337,49.95,78.781,71919.3,1033.237,33.223,0.062,0.062,0.058,8.11,96.737,5.612,1.954,0,5.625,5.629,NA,23
"5/25/2022 5:43:32 PM",3.19,29.338,49.95,78.783,71919.6,1033.237,33.223,0.07,0.07,0.058,8.111,96.724,5.611,1.954,0,5.625,5.628,NA,23
"5/25/2022 5:43:33 PM",3.115,29.339,49.949,78.783,71918.4,1033.235,33.222,0.055,0.055,0.058,8.103,96.717,5.611,2.039,0,5.624,5.628,NA,23
"5/25/2022 5:43:33 PM",3.042,29.34,49.948,78.783,71916,1033.233,33.22,0.055,0.055,0.029,8.103,96.823,5.617,2.124,0,5.63,5.634,NA,23
"5/25/2022 5:43:33 PM",2.965,29.341,49.944,78.779,71911.6,1033.23,33.217,0.062,0.062,0.044,8.099,96.722,5.611,2.209,0,5.624,5.627,NA,23
"5/25/2022 5:43:33 PM",2.918,29.341,49.943,78.778,71910.7,1033.229,33.217,0.055,0.055,0.044,8.094,96.6,5.604,2.294,0,5.617,5.62,NA,23
"5/25/2022 5:43:33 PM",2.885,29.341,49.942,78.777,71909.1,1033.228,33.216,0.055,0.055,0.044,8.09,96.734,5.612,2.379,0,5.625,5.629,NA,23
"5/25/2022 5:43:34 PM",2.854,29.342,49.944,78.78,71911.4,1033.229,33.217,0.062,0.062,0.044,8.087,96.812,5.616,2.379,0,5.63,5.633,NA,23
"5/25/2022 5:43:34 PM",2.84,29.341,49.943,78.779,71910.5,1033.229,33.217,0.07,0.07,0.058,8.091,96.785,5.615,2.379,0,5.629,5.632,NA,23
"5/25/2022 5:43:34 PM",2.84,29.341,49.941,78.775,71907.7,1033.227,33.215,0.047,0.047,0.058,8.087,96.849,5.619,2.464,0,5.632,5.635,NA,23
"5/25/2022 5:43:34 PM",2.842,29.341,49.938,78.772,71904.4,1033.225,33.213,0.055,0.055,0.058,8.089,96.847,5.619,2.379,0,5.632,5.635,NA,23
"5/25/2022 5:43:34 PM",2.84,29.34,49.938,78.77,71903.7,1033.225,33.213,0.07,0.07,0.029,8.09,96.775,5.614,2.294,0,5.627,5.631,NA,23
"5/25/2022 5:43:35 PM",2.831,29.34,49.937,78.768,71902.6,1033.224,33.212,0.062,0.062,0.029,8.084,96.719,5.611,2.379,0,5.625,5.628,NA,23
"5/25/2022 5:43:35 PM",2.816,29.341,49.936,78.768,71901.6,1033.223,33.211,0.062,0.062,0.058,8.083,96.649,5.607,2.294,0,5.621,5.624,NA,23
"5/25/2022 5:43:35 PM",2.785,29.341,49.935,78.766,71899.9,1033.222,33.21,0.07,0.07,0.073,8.083,96.779,5.615,2.464,0,5.628,5.631,NA,23
"5/25/2022 5:43:35 PM",2.745,29.342,49.932,78.764,71896.6,1033.22,33.208,0.07,0.07,0.058,8.084,96.79,5.616,2.634,0,5.629,5.632,NA,23
"5/25/2022 5:43:35 PM",2.689,29.342,49.931,78.763,71895.6,1033.219,33.208,0.062,0.062,0.044,8.085,96.715,5.612,2.804,0,5.625,5.628,NA,23
"5/25/2022 5:43:36 PM",2.597,29.341,49.928,78.758,71891.7,1033.216,33.205,0.062,0.062,0.029,8.092,96.704,5.61,2.719,0,5.624,5.627,NA,23
"5/25/2022 5:43:36 PM",2.536,29.341,49.928,78.758,71891.6,1033.216,33.205,0.055,0.055,0.015,8.089,96.736,5.612,2.719,0,5.625,5.629,NA,23
"5/25/2022 5:43:36 PM",2.487,29.341,49.925,78.753,71887.2,1033.213,33.203,0.047,0.047,0.015,8.089,96.652,5.607,2.719,0,5.62,5.624,NA,23
"5/25/2022 5:43:36 PM",2.437,29.341,49.925,78.752,71887,1033.213,33.203,0.055,0.055,0.044,8.093,96.716,5.611,2.719,0,5.624,5.628,NA,23
"5/25/2022 5:43:36 PM",2.397,29.34,49.921,78.747,71883.1,1033.211,33.2,0.055,0.055,0.029,8.094,96.856,5.619,2.634,0,5.632,5.636,NA,23
"5/25/2022 5:43:37 PM",2.32,29.339,49.92,78.742,71881.4,1033.21,33.2,0.055,0.055,0.044,8.091,96.722,5.611,2.549,0,5.625,5.628,NA,23
"5/25/2022 5:43:37 PM",2.273,29.338,49.918,78.74,71879.3,1033.208,33.199,0.062,0.062,0.015,8.087,96.806,5.616,2.549,0,5.629,5.633,NA,23
"5/25/2022 5:43:37 PM",2.221,29.338,49.916,78.737,71877.1,1033.207,33.198,0.07,0.07,0.044,8.085,96.788,5.615,2.634,0,5.628,5.632,NA,23
"5/25/2022 5:43:37 PM",2.171,29.338,49.915,78.734,71875.2,1033.206,33.196,0.062,0.062,0.073,8.086,96.798,5.616,2.719,0,5.629,5.632,NA,23
"5/25/2022 5:43:37 PM",2.108,29.337,49.913,78.731,71872.8,1033.204,33.195,0.047,0.047,0.044,8.093,96.739,5.613,2.974,0,5.626,5.629,NA,23
"5/25/2022 5:43:38 PM",2.079,29.337,49.912,78.729,71872.1,1033.204,33.195,0.047,0.047,0.015,8.091,96.759,5.613,3.228,0,5.627,5.63,NA,23
"5/25/2022 5:43:38 PM",2.04,29.337,49.909,78.726,71868.1,1033.201,33.192,0.062,0.062,0.044,8.094,96.722,5.611,3.398,0,5.624,5.628,NA,23
"5/25/2022 5:43:38 PM",1.999,29.338,49.907,78.723,71865,1033.199,33.19,0.062,0.062,0.029,8.096,96.68,5.609,3.483,0,5.622,5.626,NA,23
"5/25/2022 5:43:38 PM",1.926,29.337,49.905,78.72,71863.1,1033.198,33.189,0.07,0.07,0.058,8.099,96.716,5.611,3.568,0,5.624,5.628,NA,23
"5/25/2022 5:43:38 PM",1.868,29.337,49.903,78.716,71860.5,1033.196,33.188,0.07,0.07,0.015,8.103,96.713,5.611,3.398,0,5.624,5.627,NA,23
"5/25/2022 5:43:39 PM",1.814,29.336,49.9,78.711,71856.6,1033.193,33.186,0.062,0.062,0.044,8.101,96.676,5.609,3.228,0,5.622,5.625,NA,23
"5/25/2022 5:43:39 PM",1.764,29.336,49.899,78.709,71855,1033.192,33.185,0.055,0.055,0.058,8.099,96.588,5.604,3.144,0,5.617,5.62,NA,23
"5/25/2022 5:43:39 PM",1.715,29.335,49.895,78.703,71851,1033.19,33.183,0.047,0.047,0.029,8.103,96.678,5.609,3.228,0,5.622,5.626,NA,23
"5/25/2022 5:43:39 PM",1.684,29.332,49.895,78.699,71851.2,1033.191,33.184,0.07,0.07,0.044,8.104,96.727,5.612,3.738,0,5.625,5.628,NA,23
"5/25/2022 5:43:39 PM",1.672,29.331,49.896,78.698,71851.6,1033.191,33.184,0.062,0.062,0.015,8.103,96.645,5.607,4.163,0,5.621,5.624,NA,23
"5/25/2022 5:43:40 PM",1.672,29.331,49.895,78.698,71850.8,1033.191,33.184,0.055,0.055,0.044,8.105,96.657,5.608,4.333,0,5.622,5.625,NA,23
"5/25/2022 5:43:40 PM",1.674,29.332,49.893,78.697,71848.7,1033.189,33.182,0.062,0.062,0.044,8.104,96.717,5.612,4.588,0,5.625,5.628,NA,23
"5/25/2022 5:43:40 PM",1.66,29.333,49.889,78.692,71842.8,1033.185,33.178,0.047,0.047,0,8.104,96.579,5.603,5.098,0,5.617,5.62,NA,23
"5/25/2022 5:43:40 PM",1.646,29.333,49.89,78.692,71843.9,1033.186,33.179,0.047,0.047,0.029,8.105,96.643,5.607,5.183,0,5.621,5.624,NA,23
"5/25/2022 5:43:40 PM",1.642,29.332,49.888,78.69,71842.6,1033.185,33.178,0.07,0.07,0.029,8.105,96.611,5.606,5.268,0,5.619,5.622,NA,23
"5/25/2022 5:43:41 PM",1.642,29.332,49.888,78.689,71842.1,1033.185,33.178,0.047,0.047,0.044,8.106,96.661,5.608,5.437,0,5.622,5.625,NA,23
"5/25/2022 5:43:41 PM",1.634,29.334,49.884,78.686,71837.1,1033.182,33.175,0.055,0.055,0.044,8.106,96.855,5.62,5.352,0,5.633,5.637,NA,23
"5/25/2022 5:43:41 PM",1.62,29.332,49.883,78.683,71836.2,1033.181,33.174,0.062,0.062,0.015,8.099,96.727,5.612,5.013,0,5.625,5.629,NA,23
"5/25/2022 5:43:41 PM",1.594,29.333,49.881,78.681,71833.2,1033.179,33.172,0.055,0.055,0.073,8.107,96.744,5.613,5.013,0,5.626,5.63,NA,23
"5/25/2022 5:43:42 PM",1.559,29.334,49.879,78.679,71830.3,1033.177,33.17,0.055,0.055,0.044,8.112,96.654,5.608,5.352,0,5.621,5.624,NA,23
"5/25/2022 5:43:42 PM",1.51,29.333,49.877,78.675,71827.6,1033.175,33.169,0.055,0.055,0.029,8.112,96.701,5.611,5.098,0,5.624,5.628,NA,23
"5/25/2022 5:43:42 PM",1.406,29.336,49.88,78.684,71831.8,1033.177,33.171,0.07,0.07,0.073,8.111,96.777,5.615,4.673,0,5.628,5.632,NA,23
"5/25/2022 5:43:42 PM",1.322,29.337,49.877,78.68,71826.9,1033.173,33.168,0.062,0.062,0.073,8.114,96.837,5.619,4.248,0,5.632,5.635,NA,23
"5/25/2022 5:43:42 PM",1.227,29.338,49.875,78.68,71824.9,1033.171,33.166,0.062,0.062,0.029,8.113,96.773,5.615,3.993,0,5.628,5.631,NA,23
"5/25/2022 5:43:43 PM",1.143,29.339,49.874,78.681,71823.7,1033.17,33.165,0.055,0.055,0.044,8.112,96.656,5.608,4.163,0,5.621,5.624,NA,23
"5/25/2022 5:43:43 PM",1.062,29.341,49.869,78.675,71816.5,1033.165,33.16,0.07,0.07,0.058,8.111,96.763,5.614,4.418,0,5.627,5.631,NA,23
"5/25/2022 5:43:43 PM",1.011,29.339,49.868,78.671,71815.3,1033.164,33.16,0.062,0.062,0.029,8.112,96.731,5.612,4.333,0,5.625,5.629,NA,23
"5/25/2022 5:43:43 PM",0.98,29.339,49.867,78.669,71814,1033.164,33.159,0.055,0.055,0.073,8.112,96.723,5.612,4.248,0,5.625,5.629,NA,23
"5/25/2022 5:43:43 PM",0.936,29.339,49.866,78.668,71813.4,1033.163,33.159,0.062,0.062,0.044,8.111,96.677,5.609,4.503,0,5.622,5.626,NA,23
"5/25/2022 5:43:44 PM",0.905,29.339,49.866,78.668,71812.6,1033.162,33.158,0.055,0.055,0.029,8.111,96.734,5.612,5.183,0,5.625,5.629,NA,23
"5/25/2022 5:43:44 PM",0.898,29.338,49.863,78.663,71809.9,1033.161,33.157,0.039,0.039,0.073,8.111,96.633,5.607,6.627,0,5.62,5.623,NA,23
"5/25/2022 5:43:44 PM",0.903,29.338,49.862,78.662,71808.2,1033.16,33.156,0.07,0.07,0.073,8.112,96.793,5.616,6.882,0,5.629,5.633,NA,23
"5/25/2022 5:43:44 PM",0.926,29.338,49.861,78.66,71806.6,1033.159,33.155,0.055,0.055,0.058,8.11,96.811,5.617,6.712,0,5.63,5.633,NA,23
"5/25/2022 5:43:44 PM",0.952,29.338,49.857,78.656,71802.7,1033.157,33.153,0.078,0.078,0.087,8.109,96.814,5.617,7.307,0,5.63,5.634,NA,23
"5/25/2022 5:43:45 PM",1.004,29.339,49.856,78.654,71800.9,1033.156,33.151,0.094,0.094,0.262,8.115,96.808,5.617,7.986,0,5.63,5.634,NA,23
"5/25/2022 5:43:45 PM",1.032,29.338,49.852,78.649,71796.3,1033.153,33.149,0.094,0.094,0.306,8.118,96.775,5.615,9.516,0,5.629,5.632,NA,23
"5/25/2022 5:43:45 PM",1.058,29.338,49.856,78.653,71800.4,1033.156,33.151,0.078,0.078,0.175,8.116,96.69,5.61,10.96,0,5.623,5.626,NA,23
"5/25/2022 5:43:45 PM",1.051,29.338,49.856,78.654,71801.1,1033.156,33.152,0.055,0.055,0.116,8.11,96.678,5.609,12.744,0,5.622,5.626,NA,23
"5/25/2022 5:43:45 PM",1.032,29.34,49.849,78.647,71792.2,1033.15,33.146,0.055,0.055,0.058,8.111,96.716,5.612,13.594,0,5.625,5.628,NA,23
"5/25/2022 5:43:46 PM",0.938,29.337,49.849,78.643,71792.9,1033.151,33.147,0.07,0.07,0.044,8.106,96.826,5.618,11.894,0,5.631,5.634,NA,23
"5/25/2022 5:43:46 PM",0.872,29.335,49.85,78.64,71793.1,1033.151,33.148,0.055,0.055,0.058,8.109,96.766,5.614,9.601,0,5.628,5.631,NA,23
"5/25/2022 5:43:46 PM",0.803,29.336,49.85,78.641,71793.7,1033.151,33.148,0.055,0.055,0.073,8.109,96.755,5.614,7.052,0,5.627,5.63,NA,23
"5/25/2022 5:43:46 PM",0.723,29.336,49.848,78.639,71791,1033.149,33.146,0.062,0.062,0.044,8.107,96.729,5.612,6.287,0,5.625,5.629,NA,23
"5/25/2022 5:43:46 PM",0.643,29.335,49.847,78.637,71789.6,1033.148,33.146,0.055,0.055,0.073,8.107,96.759,5.614,5.947,0,5.627,5.63,NA,23
"5/25/2022 5:43:47 PM",0.524,29.333,49.843,78.628,71785.2,1033.146,33.144,0.078,0.078,0.029,8.106,96.695,5.61,4.248,0,5.624,5.627,NA,23
"5/25/2022 5:43:47 PM",0.465,29.331,49.84,78.621,71781.7,1033.144,33.142,0.07,0.07,0.044,8.101,96.673,5.609,3.144,0,5.622,5.626,NA,23
"5/25/2022 5:43:47 PM",0.439,29.329,49.836,78.614,71777.3,1033.142,33.14,0.086,0.086,0.087,8.104,96.757,5.614,3.483,0,5.628,5.631,NA,23
"5/25/2022 5:43:47 PM",0.429,29.328,49.835,78.609,71775.8,1033.141,33.14,0.086,0.086,0.204,8.1,96.645,5.608,4.588,0,5.621,5.625,NA,23
"5/25/2022 5:43:47 PM",0.418,29.325,49.834,78.604,71774.7,1033.141,33.14,0.086,0.086,0.218,8.092,96.678,5.61,5.777,0,5.623,5.626,NA,23
"5/25/2022 5:43:48 PM",0.394,29.324,49.834,78.602,71774.3,1033.141,33.14,0.055,0.055,0.102,8.101,96.714,5.612,8.751,0,5.625,5.629,NA,23
"5/25/2022 5:43:48 PM",0.342,29.325,49.83,78.598,71769.5,1033.138,33.137,0.117,0.117,0.131,8.105,96.627,5.607,16.482,0,5.62,5.624,NA,23
"5/25/2022 5:43:48 PM",0.295,29.326,49.823,78.59,71761,1033.132,33.131,0.14,0.14,0.146,8.096,96.611,5.606,20.815,0,5.62,5.623,NA,23
"5/25/2022 5:43:48 PM",0.227,29.326,49.817,78.582,71753.1,1033.127,33.126,0.242,0.242,0.262,8.092,96.661,5.609,19.711,0,5.623,5.626,NA,23
"5/25/2022 5:43:48 PM",0.196,29.327,49.813,78.578,71747.9,1033.124,33.123,0.109,0.109,0.233,8.098,96.718,5.613,19.541,0,5.626,5.629,NA,23
"5/25/2022 5:43:49 PM",0.168,29.328,49.812,78.577,71746.8,1033.123,33.122,0.195,0.195,0.277,8.1,96.762,5.615,19.881,0,5.628,5.632,NA,23
"5/25/2022 5:43:49 PM",0.163,29.327,49.814,78.58,71749.2,1033.124,33.124,0.109,0.109,0.175,8.093,96.817,5.619,20.475,0,5.632,5.635,NA,23
"5/25/2022 5:43:49 PM",0.166,29.328,49.814,78.581,71749.2,1033.124,33.123,0.086,0.086,0.058,8.097,96.747,5.614,18.521,0,5.628,5.631,NA,23
"5/25/2022 5:43:49 PM",0.156,29.33,49.808,78.575,71741.3,1033.119,33.118,0.031,0.031,0.015,8.102,96.675,5.61,15.548,0,5.624,5.627,NA,23
"5/25/2022 5:43:49 PM",0.151,29.328,49.808,78.573,71741.5,1033.119,33.119,0.125,0.125,0.16,8.098,96.737,5.614,16.312,0,5.627,5.631,NA,23
"5/25/2022 5:43:50 PM",0.147,29.327,49.811,78.576,71745.2,1033.122,33.121,0.133,0.133,0.32,8.097,96.681,5.611,17.077,0,5.624,5.628,NA,23
"5/25/2022 5:43:50 PM",0.121,29.328,49.704,78.429,71611.1,1033.04,33.04,24.884,24.884,43.421,8.104,96.709,5.616,17.417,0,5.629,5.632,NA,23
"5/25/2022 5:43:50 PM",0.012,29.33,49.625,78.325,71513,1032.98,32.98,20.945,20.945,30.497,8.104,96.777,5.622,16.822,0,5.635,5.638,NA,23
"5/25/2022 5:43:50 PM",0,29.332,49.797,78.562,71726.8,1033.108,33.109,6.592,6.592,9.031,8.105,96.684,5.611,22.769,0,5.624,5.627,NA,23
"5/25/2022 5:43:51 PM",0,29.36,49.787,78.59,71711.8,1033.091,33.092,4.283,4.283,7.14,8.103,96.816,5.619,33.389,0,5.632,5.635,NA,23
"5/25/2022 5:43:51 PM",0,29.421,36.4,59.781,54481.4,1022.972,22.973,10.157,10.157,28.782,8.103,97.003,6.06,39.082,0,6.076,6.078,NA,23
"5/25/2022 5:43:51 PM",0,29.395,1.771,3.692,3366.2,997.155,0,159.369,159.369,241.732,8.097,97.006,7.335,41.97,0,7.356,7.356,NA,23
"5/25/2022 5:43:51 PM",0,29.255,1.036,2.214,2024.1,996.647,0,144.556,144.556,193.435,8.101,96.732,7.343,42.735,0,7.364,7.365,NA,23
"5/25/2022 5:43:51 PM",0,29.182,1.292,2.728,2498.5,996.861,0,109.273,109.273,201.272,8.103,96.884,7.344,41.121,0,7.365,7.365,NA,23
"5/25/2022 5:43:52 PM",0,29.285,7.475,14.149,12929.9,1001.436,1.437,283.23,283.23,611.491,8.098,96.855,7.094,40.611,0,7.115,7.115,NA,23
"5/25/2022 5:43:52 PM",0,29.317,10.052,18.605,16990.8,1003.342,3.343,166.156,166.156,257.502,8.098,96.555,6.973,39.761,0,6.993,6.993,NA,23
"5/25/2022 5:43:52 PM",0,29.337,18.794,32.976,30103.8,1009.84,9.84,24.104,24.104,33.125,8.098,96.506,6.642,39.422,0,6.662,6.662,NA,23
"5/25/2022 5:43:52 PM",0,29.34,33.15,54.937,50148.9,1020.562,20.562,7.083,7.083,9.398,8.092,96.591,6.142,42.99,0,6.159,6.16,NA,23
"5/25/2022 5:43:52 PM",0,29.341,26.244,44.584,40697.6,1015.394,15.395,2.691,2.691,6.218,8.089,96.623,6.383,26.762,0,6.402,6.402,NA,23
"5/25/2022 5:43:53 PM",0.012,29.34,25.844,43.973,40140.6,1015.096,15.096,1.162,1.162,2.696,8.089,96.546,6.392,28.207,0,6.411,6.411,NA,23
"5/25/2022 5:43:53 PM",0.04,29.339,24.639,42.124,38453.7,1014.197,14.197,5.063,5.063,2.332,8.104,96.616,6.44,34.324,0,6.459,6.459,NA,23
"5/25/2022 5:43:53 PM",0.052,29.338,30.026,50.296,45913.8,1018.223,18.223,2.137,2.137,1.544,8.104,96.721,6.258,33.219,0,6.276,6.277,NA,23
"5/25/2022 5:43:53 PM",0.043,29.337,29.093,48.896,44637.3,1017.526,17.526,0.983,0.983,1.923,8.108,96.715,6.29,32.455,0,6.308,6.309,NA,23
"5/25/2022 5:43:53 PM",0,29.337,46.02,73.356,66966.9,1030.249,30.249,0.803,0.803,1.719,8.104,96.698,5.728,30.756,0,5.742,5.745,NA,23
"5/25/2022 5:43:54 PM",0,29.337,49.768,78.531,71691.2,1033.086,33.086,2.169,2.169,3.996,8.105,96.644,5.608,35.853,0,5.621,5.625,NA,23
"5/25/2022 5:43:54 PM",0,29.334,49.735,78.481,71649.6,1033.06,33.061,4.236,4.236,1.894,8.106,96.681,5.611,41.206,0,5.625,5.628,NA,23
"5/25/2022 5:43:54 PM",0,29.335,49.605,78.305,71486.8,1032.961,32.962,1.178,1.178,3.164,8.106,96.694,5.616,43.415,0,5.629,5.632,NA,23
"5/25/2022 5:43:54 PM",0,29.335,3.318,6.653,6074.1,998.327,0,173.223,173.223,171.025,8.11,96.726,7.254,43.755,0,7.275,7.275,NA,23
"5/25/2022 5:43:54 PM",0,29.303,1.363,2.876,2627.1,996.877,0,283.237,283.237,228.331,8.103,96.67,7.329,44.519,0,7.35,7.35,NA,23
"5/25/2022 5:43:55 PM",0,29.105,0.93,1.992,1827.2,996.612,0,200.237,200.237,763.573,8.07,96.564,7.34,46.133,0,7.361,7.361,NA,23
"5/25/2022 5:43:55 PM",0,29.062,0.97,2.073,1902.7,996.655,0,134.103,134.103,292.504,8.064,96.43,7.329,45.454,0,7.35,7.351,NA,23
"5/25/2022 5:43:55 PM",0,28.809,0.859,1.837,1694.9,996.646,0,505.348,505.348,378.518,8.058,96.376,7.331,45.539,0,7.352,7.352,NA,23
"5/25/2022 5:43:55 PM",0,28.433,0.79,1.684,1565.6,996.704,0,254.336,254.336,128.616,8.059,96.145,7.317,45.369,0,7.338,7.338,NA,23
"5/25/2022 5:43:55 PM",0,28.171,0.706,1.504,1405.8,996.716,0,83.679,83.679,55.013,8.053,96.128,7.32,46.048,0,7.341,7.341,NA,23
"5/25/2022 5:43:56 PM",0,27.972,0.654,1.393,1307.4,996.734,0,372.018,372.018,251.137,8.054,95.881,7.305,50.211,0,7.326,7.326,NA,23
"5/25/2022 5:43:56 PM",0,27.822,0.604,1.287,1211.6,996.739,0,130.023,130.023,111.601,8.059,95.805,7.303,49.447,0,7.324,7.324,NA,23
"5/25/2022 5:43:56 PM",0,27.735,0.586,1.246,1175.3,996.75,0,50.674,50.674,38.278,8.067,95.822,7.306,48.682,0,7.327,7.327,NA,23
"5/25/2022 5:43:56 PM",0,27.692,0.536,1.143,1079.4,996.725,0,299.268,299.268,178.577,8.065,95.639,7.296,46.558,0,7.317,7.317,NA,23
"5/25/2022 5:43:56 PM",0,27.661,0.505,1.079,1019.4,996.71,0,178.216,178.216,211.142,8.063,95.3,7.273,46.728,0,7.294,7.294,NA,23
"5/25/2022 5:43:57 PM",0,27.43,0.486,1.036,983,996.761,0,430.734,430.734,272.414,8.064,95.243,7.271,46.388,0,7.291,7.292,NA,23
"5/25/2022 5:43:57 PM",0,27.541,0.468,1.001,947.9,996.716,0,374.389,374.389,129.336,8.059,95.216,7.27,49.022,0,7.291,7.291,NA,23
"5/25/2022 5:43:57 PM",0,27.947,0.454,0.979,919.1,996.591,0,111.535,111.535,39.389,8.062,95.233,7.273,48.852,0,7.294,7.294,NA,23
"5/25/2022 5:43:57 PM",0,28.476,0.432,0.943,876.5,996.423,0,41.492,41.492,18.927,8.061,95.302,7.28,47.748,0,7.301,7.301,NA,23
"5/25/2022 5:43:57 PM",0,29.015,0.404,0.893,820.2,996.245,0,75.106,75.106,95.088,8.059,95.681,7.312,47.663,0,7.333,7.333,NA,23
"5/25/2022 5:43:58 PM",0,29.196,0.39,0.866,792.4,996.181,0,416.661,416.661,140.478,8.052,95.615,7.308,48.172,0,7.329,7.329,NA,23
"5/25/2022 5:43:58 PM",0,29.219,0.384,0.853,780.1,996.169,0,476.883,476.883,114.893,8.046,95.541,7.303,53.185,0,7.324,7.324,NA,23
"5/25/2022 5:43:58 PM",0,29.194,0.378,0.839,768.1,996.172,0,160.188,160.188,35.489,8.047,95.511,7.301,56.753,0,7.322,7.322,NA,23
"5/25/2022 5:43:58 PM",0,29.108,0.364,0.809,742,996.188,0,48.911,48.911,10.117,8.039,95.403,7.294,56.244,0,7.314,7.315,NA,23
"5/25/2022 5:43:58 PM",0,29.082,0.34,0.756,693.7,996.177,0,25.126,25.126,3.602,8.034,95.345,7.29,57.263,0,7.311,7.311,NA,23
"5/25/2022 5:43:59 PM",0,29.085,0.353,0.785,720.4,996.186,0,10.406,10.406,1.792,8.035,95.411,7.295,58.453,0,7.316,7.316,NA,23
"5/25/2022 5:43:59 PM",0,29.13,0.336,0.747,685.1,996.159,0,5.617,5.617,1.034,8.036,95.359,7.292,57.093,0,7.313,7.313,NA,23
"5/25/2022 5:43:59 PM",0,29.085,0.328,0.731,670.7,996.167,0,4.524,4.524,1.092,8.033,95.399,7.296,57.008,0,7.317,7.317,NA,23
"5/25/2022 5:43:59 PM",0,28.814,0.297,0.658,607.2,996.223,0,6.373,6.373,0.83,8.03,95.294,7.29,57.773,0,7.311,7.311,NA,23
"5/25/2022 5:43:59 PM",0,28.567,0.33,0.726,673.2,996.319,0,13.854,13.854,0.684,8.023,95.138,7.278,58.962,0,7.299,7.299,NA,23
"5/25/2022 5:44:00 PM",0,28.323,0.365,0.798,743.8,996.416,0,6.077,6.077,0.597,8.024,95.023,7.268,57.178,0,7.289,7.289,NA,23
"5/25/2022 5:44:00 PM",0,28.083,0.353,0.768,719.5,996.476,0,81.471,81.471,16.874,8.02,94.904,7.261,52.166,0,7.281,7.282,NA,23
"5/25/2022 5:44:00 PM",0,27.904,0.35,0.759,713.8,996.525,0,10.929,10.929,2.376,8.025,94.507,7.232,38.827,0,7.253,7.253,NA,23
"5/25/2022 5:44:00 PM",0,27.792,0.366,0.791,745.7,996.568,0,3.175,3.175,0.918,8.024,94.183,7.208,32.71,0,7.228,7.228,NA,23
"5/25/2022 5:44:01 PM",0,27.698,0.401,0.864,815.4,996.622,0,1.045,1.045,0.437,8.026,93.965,7.191,27.782,0,7.212,7.212,NA,23
"5/25/2022 5:44:01 PM",0,27.644,0.396,0.852,805.2,996.633,0,0.624,0.624,0.641,8.023,93.865,7.184,23.619,0,7.205,7.205,NA,23
"5/25/2022 5:44:01 PM",0,27.584,0.64,1.353,1279.8,996.833,0,0.569,0.569,1.092,8.024,93.666,7.161,22.769,0,7.182,7.182,NA,23
"5/25/2022 5:44:01 PM",0,27.464,0.456,0.974,923.6,996.729,0,4.821,4.821,1.02,8.019,93.598,7.164,29.481,0,7.185,7.185,NA,23
"5/25/2022 5:44:01 PM",0,27.354,0.401,0.859,816.4,996.718,0,1.888,1.888,0.51,8.017,93.769,7.181,36.193,0,7.201,7.202,NA,23
"5/25/2022 5:44:02 PM",0,27.284,0.424,0.904,860.8,996.755,0,0.811,0.811,0.816,8.013,93.462,7.157,46.303,0,7.178,7.178,NA,23
"5/25/2022 5:44:02 PM",0,27.089,0.425,0.903,863,996.809,0,0.593,0.593,7.668,8.014,93.147,7.134,48.172,0,7.154,7.154,NA,23
"5/25/2022 5:44:02 PM",0,26.935,0.361,0.769,737.2,996.804,0,0.538,0.538,16.018,8.014,93.568,7.17,39.506,0,7.19,7.191,NA,23
"5/25/2022 5:44:02 PM",0,26.948,0.34,0.726,696.3,996.785,0,0.663,0.663,10.734,8.015,93.621,7.175,35.598,0,7.196,7.196,NA,23
"5/25/2022 5:44:02 PM",0,27.121,2.451,4.797,4582.7,998.321,0,8.074,8.074,33.32,8.013,93.569,7.088,35.174,0,7.109,7.109,NA,23
"5/25/2022 5:44:03 PM",0,27.793,2.345,4.663,4393.4,998.052,0,5.016,5.016,16.224,8.109,93.565,7.103,35.683,0,7.123,7.123,NA,23
"5/25/2022 5:44:03 PM",0,28.061,2.034,4.099,3840.9,997.742,0,2.496,2.496,10.176,8.282,92.777,7.075,35.089,0,7.095,7.095,NA,23
"5/25/2022 5:44:03 PM",0,28.084,1.98,4,3745.4,997.696,0,2.067,2.067,9.735,8.341,92.127,7.037,36.108,0,7.057,7.057,NA,23
"5/25/2022 5:44:03 PM",0,28.091,1.926,3.897,3648.8,997.653,0,1.927,1.927,9.75,8.36,91.451,6.994,40.016,0,7.014,7.015,NA,23
"5/25/2022 5:44:03 PM",0,28.094,1.896,3.84,3595.4,997.63,0,1.896,1.896,10.044,8.376,90.985,6.965,42.31,0,6.985,6.985,NA,23
"5/25/2022 5:44:04 PM",0,28.098,1.872,3.793,3551.4,997.61,0,1.849,1.849,9.794,8.382,90.43,6.927,43.5,0,6.947,6.947,NA,23
"5/25/2022 5:44:04 PM",0,28.098,1.862,3.775,3534.4,997.603,0,1.841,1.841,9.53,8.389,89.871,6.887,49.277,0,6.907,6.907,NA,23
"5/25/2022 5:44:04 PM",0,28.1,1.846,3.743,3504.1,997.59,0,1.872,1.872,9.501,8.409,89.504,6.861,53.1,0,6.881,6.881,NA,23
"5/25/2022 5:44:04 PM",0,28.101,1.857,3.765,3524.8,997.598,0,1.872,1.872,9.53,8.415,89.347,6.85,55.054,0,6.869,6.869,NA,23
"5/25/2022 5:44:04 PM",0,28.101,1.849,3.75,3510.8,997.593,0,1.888,1.888,9.574,8.408,89.051,6.828,55.649,0,6.847,6.847,NA,23
"5/25/2022 5:44:05 PM",0,28.101,1.854,3.76,3519.7,997.596,0,1.841,1.841,9.618,8.409,88.806,6.809,55.054,0,6.829,6.829,NA,23
"5/25/2022 5:44:05 PM",0,28.101,1.842,3.737,3498.1,997.587,0,1.849,1.849,9.589,8.404,88.65,6.797,55.054,0,6.817,6.817,NA,23
"5/25/2022 5:44:05 PM",0,28.103,1.827,3.707,3470.4,997.575,0,1.833,1.833,9.618,8.405,88.555,6.79,55.649,0,6.81,6.81,NA,23
"5/25/2022 5:44:05 PM",0,28.101,1.794,3.644,3411.5,997.551,0,1.849,1.849,9.633,8.41,88.442,6.783,56.244,0,6.803,6.803,NA,23
"5/25/2022 5:44:05 PM",0,28.1,1.78,3.617,3385.8,997.541,0,1.849,1.849,9.662,8.416,88.348,6.776,56.329,0,6.796,6.796,NA,23
"5/25/2022 5:44:06 PM",0,28.101,1.781,3.619,3387.9,997.541,0,1.857,1.857,9.589,8.42,88.244,6.768,54.459,0,6.787,6.787,NA,23
"5/25/2022 5:44:06 PM",0,28.102,1.77,3.599,3369.3,997.533,0,1.872,1.872,9.662,8.412,88.106,6.758,51.316,0,6.777,6.777,NA,23
"5/25/2022 5:44:06 PM",0,28.101,1.768,3.594,3364.6,997.532,0,1.872,1.872,9.706,8.413,88.055,6.754,48.342,0,6.774,6.774,NA,23
"5/25/2022 5:44:06 PM",0,28.103,1.756,3.572,3343.5,997.522,0,1.88,1.88,9.735,8.412,87.972,6.748,45.539,0,6.767,6.767,NA,23
"5/25/2022 5:44:06 PM",0,28.104,1.733,3.528,3302.7,997.505,0,1.818,1.818,9.545,8.403,87.933,6.746,46.813,0,6.765,6.765,NA,23
"5/25/2022 5:44:07 PM",0,28.105,1.702,3.468,3246.6,997.481,0,1.818,1.818,9.515,8.403,87.923,6.746,50.466,0,6.765,6.765,NA,23
"5/25/2022 5:44:07 PM",0,28.106,1.677,3.419,3200.4,997.462,0,1.818,1.818,9.574,8.404,87.855,6.741,51.571,0,6.761,6.761,NA,23
"5/25/2022 5:44:07 PM",0,28.107,1.678,3.421,3202.2,997.463,0,1.825,1.825,9.589,8.395,87.959,6.749,51.996,0,6.769,6.769,NA,23
"5/25/2022 5:44:07 PM",0,28.108,1.695,3.455,3234.1,997.476,0,1.833,1.833,9.633,8.394,87.791,6.736,50.127,0,6.755,6.755,NA,23
"5/25/2022 5:44:07 PM",0,28.108,1.698,3.461,3239.4,997.478,0,1.841,1.841,9.647,8.397,87.78,6.734,49.532,0,6.754,6.754,NA,23
"5/25/2022 5:44:08 PM",0,28.108,1.707,3.477,3254.5,997.484,0,1.818,1.818,9.515,8.392,87.736,6.731,50.806,0,6.75,6.75,NA,23
"5/25/2022 5:44:08 PM",0,28.108,1.708,3.479,3256.1,997.485,0,1.771,1.771,9.589,8.404,87.667,6.725,53.27,0,6.745,6.745,NA,23
"5/25/2022 5:44:08 PM",0,28.113,1.706,3.476,3253.1,997.482,0,1.802,1.802,9.662,8.401,87.668,6.726,54.969,0,6.745,6.745,NA,23
"5/25/2022 5:44:08 PM",0,28.119,1.702,3.47,3246.8,997.478,0,1.857,1.857,9.677,8.403,87.667,6.726,57.263,0,6.745,6.745,NA,23
"5/25/2022 5:44:08 PM",0,28.121,1.699,3.462,3240,997.474,0,1.818,1.818,9.706,8.392,87.62,6.722,58.792,0,6.741,6.741,NA,23
"5/25/2022 5:44:09 PM",0,28.12,1.7,3.466,3243.3,997.476,0,1.825,1.825,9.691,8.387,87.713,6.729,59.557,0,6.749,6.749,NA,23
"5/25/2022 5:44:09 PM",0,28.118,1.703,3.471,3247.9,997.478,0,1.841,1.841,9.545,8.388,87.68,6.726,59.897,0,6.746,6.746,NA,23
"5/25/2022 5:44:09 PM",0,28.118,1.713,3.49,3265.7,997.486,0,1.833,1.833,9.574,8.389,87.742,6.731,59.897,0,6.75,6.75,NA,23
"5/25/2022 5:44:09 PM",0,28.131,1.712,3.488,3263.7,997.481,0,1.825,1.825,9.53,8.38,87.5,6.712,59.982,0,6.731,6.731,NA,23
"5/25/2022 5:44:10 PM",0,28.133,1.714,3.494,3268.4,997.482,0,1.818,1.818,9.589,8.38,87.609,6.72,60.067,0,6.74,6.74,NA,23
"5/25/2022 5:44:10 PM",0,28.134,1.712,3.49,3264.7,997.481,0,1.841,1.841,9.618,8.378,87.632,6.722,59.982,0,6.741,6.742,NA,23
"5/25/2022 5:44:10 PM",0,28.133,1.711,3.488,3263.1,997.48,0,1.833,1.833,9.677,8.374,87.581,6.718,59.812,0,6.737,6.737,NA,23
"5/25/2022 5:44:10 PM",0,28.129,1.707,3.479,3254.8,997.478,0,1.81,1.81,9.603,8.395,87.519,6.713,59.557,0,6.732,6.732,NA,23
"5/25/2022 5:44:10 PM",0,28.124,1.695,3.455,3232.7,997.47,0,1.825,1.825,9.677,8.391,87.557,6.716,59.302,0,6.736,6.736,NA,23
"5/25/2022 5:44:11 PM",0,28.119,1.694,3.454,3232.6,997.472,0,1.872,1.872,9.721,8.396,87.533,6.715,59.047,0,6.734,6.734,NA,23
"5/25/2022 5:44:11 PM",0,28.117,1.669,3.406,3187.4,997.454,0,1.841,1.841,9.633,8.402,87.574,6.718,58.538,0,6.737,6.738,NA,23
"5/25/2022 5:44:11 PM",0,28.115,1.653,3.374,3157.6,997.442,0,1.911,1.911,9.735,8.393,87.524,6.715,57.858,0,6.734,6.734,NA,23
"5/25/2022 5:44:11 PM",0,28.109,1.641,3.351,3136.3,997.434,0,1.896,1.896,9.735,8.407,87.502,6.713,56.499,0,6.733,6.733,NA,23
"5/25/2022 5:44:11 PM",0,28.108,1.634,3.337,3123.4,997.43,0,1.872,1.872,9.677,8.407,87.478,6.712,55.904,0,6.731,6.731,NA,23
"5/25/2022 5:44:12 PM",0,28.111,1.631,3.332,3118.9,997.427,0,1.857,1.857,9.706,8.402,87.49,6.712,55.394,0,6.732,6.732,NA,23
"5/25/2022 5:44:12 PM",0,28.115,1.633,3.335,3120.7,997.426,0,1.849,1.849,9.662,8.4,87.49,6.712,54.799,0,6.732,6.732,NA,23
"5/25/2022 5:44:12 PM",0,28.122,1.632,3.334,3120,997.424,0,1.833,1.833,9.677,8.396,87.436,6.708,52.845,0,6.727,6.727,NA,23
"5/25/2022 5:44:12 PM",0,28.127,1.635,3.34,3125,997.425,0,1.849,1.849,9.589,8.397,87.485,6.712,51.401,0,6.731,6.731,NA,23
"5/25/2022 5:44:12 PM",0,28.129,1.633,3.336,3121.2,997.423,0,1.825,1.825,9.677,8.395,87.392,6.704,50.551,0,6.723,6.724,NA,23
"5/25/2022 5:44:13 PM",0,28.13,1.627,3.325,3110.5,997.418,0,1.833,1.833,9.589,8.39,87.327,6.699,50.381,0,6.718,6.718,NA,23
"5/25/2022 5:44:13 PM",0,28.129,1.628,3.327,3112.9,997.419,0,1.857,1.857,9.677,8.385,87.305,6.697,51.656,0,6.717,6.717,NA,23
"5/25/2022 5:44:13 PM",0,28.127,1.616,3.303,3090.1,997.41,0,1.841,1.841,9.662,8.384,87.365,6.702,52.081,0,6.722,6.722,NA,23
"5/25/2022 5:44:13 PM",0,28.127,1.608,3.288,3076.6,997.405,0,1.825,1.825,9.706,8.384,87.333,6.7,52.335,0,6.719,6.719,NA,23
"5/25/2022 5:44:13 PM",0,28.127,1.611,3.293,3081.1,997.406,0,1.786,1.786,9.691,8.382,87.346,6.701,52.76,0,6.72,6.72,NA,23
"5/25/2022 5:44:14 PM",0,28.128,1.597,3.266,3055.8,997.396,0,1.794,1.794,9.721,8.36,87.398,6.705,52.42,0,6.724,6.725,NA,23
"5/25/2022 5:44:14 PM",0,28.131,1.595,3.263,3052.9,997.394,0,1.825,1.825,9.647,8.344,87.321,6.699,51.571,0,6.718,6.719,NA,23
"5/25/2022 5:44:14 PM",0,28.132,1.594,3.261,3050.3,997.392,0,1.825,1.825,9.662,8.342,87.339,6.7,51.401,0,6.72,6.72,NA,23
"5/25/2022 5:44:14 PM",0,28.133,1.587,3.247,3037.7,997.387,0,1.825,1.825,9.589,8.346,87.334,6.7,51.316,0,6.72,6.72,NA,23
"5/25/2022 5:44:14 PM",0,28.135,1.591,3.255,3044.8,997.389,0,1.825,1.825,9.603,8.342,87.37,6.703,51.316,0,6.722,6.722,NA,23
"5/25/2022 5:44:15 PM",0,28.135,1.586,3.247,3037.2,997.386,0,1.81,1.81,9.647,8.344,87.334,6.7,51.231,0,6.72,6.72,NA,23
"5/25/2022 5:44:15 PM",0,28.136,1.577,3.229,3020.4,997.379,0,1.802,1.802,9.574,8.334,87.334,6.701,50.806,0,6.72,6.72,NA,23
"5/25/2022 5:44:15 PM",0,28.136,1.577,3.229,3020.2,997.379,0,1.841,1.841,9.559,8.337,87.202,6.69,50.466,0,6.709,6.71,NA,23
"5/25/2022 5:44:15 PM",0,28.136,1.568,3.211,3003.5,997.372,0,1.833,1.833,9.603,8.345,87.255,6.694,50.721,0,6.713,6.713,NA,23
"5/25/2022 5:44:15 PM",0,28.136,1.561,3.197,2990.4,997.366,0,1.818,1.818,9.559,8.343,87.261,6.695,51.061,0,6.715,6.715,NA,23
"5/25/2022 5:44:16 PM",0,28.135,1.56,3.196,2989.5,997.366,0,1.81,1.81,9.574,8.342,87.248,6.694,51.826,0,6.713,6.713,NA,23
"5/25/2022 5:44:16 PM",0,28.134,1.545,3.167,2962.7,997.356,0,1.802,1.802,9.545,8.348,87.274,6.697,52.251,0,6.716,6.716,NA,23
"5/25/2022 5:44:16 PM",0,28.135,1.548,3.173,2967.9,997.358,0,1.833,1.833,9.603,8.341,87.216,6.692,52.59,0,6.711,6.711,NA,23
"5/25/2022 5:44:16 PM",0,28.134,1.546,3.168,2964,997.356,0,1.794,1.794,9.589,8.34,87.301,6.698,52.93,0,6.718,6.718,NA,23
"5/25/2022 5:44:16 PM",0,28.129,1.54,3.156,2952.4,997.353,0,1.833,1.833,9.603,8.341,87.275,6.696,53.1,0,6.716,6.716,NA,23
"5/25/2022 5:44:17 PM",0,28.131,1.537,3.15,2947,997.35,0,1.794,1.794,9.501,8.344,87.19,6.69,53.185,0,6.709,6.709,NA,23
"5/25/2022 5:44:17 PM",0,28.126,1.537,3.15,2947,997.351,0,1.81,1.81,9.647,8.346,87.313,6.699,53.1,0,6.718,6.718,NA,23
"5/25/2022 5:44:17 PM",0,28.125,1.525,3.126,2925.3,997.343,0,1.841,1.841,9.633,8.331,87.23,6.694,53.355,0,6.713,6.713,NA,23
"5/25/2022 5:44:17 PM",0,28.123,1.529,3.135,2933.2,997.347,0,1.818,1.818,9.589,8.331,87.188,6.69,53.695,0,6.709,6.709,NA,23
"5/25/2022 5:44:17 PM",0,28.119,1.517,3.112,2912,997.339,0,1.833,1.833,9.53,8.329,87.228,6.693,53.78,0,6.712,6.712,NA,23
"5/25/2022 5:44:18 PM",0,28.116,1.514,3.105,2906.2,997.337,0,1.802,1.802,9.559,8.322,87.26,6.696,53.865,0,6.715,6.715,NA,23
"5/25/2022 5:44:18 PM",0,28.115,1.514,3.105,2905.8,997.338,0,1.825,1.825,9.545,8.326,87.29,6.698,53.695,0,6.717,6.717,NA,23
"5/25/2022 5:44:18 PM",0,28.114,1.512,3.101,2902.2,997.336,0,1.857,1.857,9.647,8.327,87.282,6.697,53.695,0,6.716,6.716,NA,23
"5/25/2022 5:44:18 PM",0,28.114,1.506,3.09,2891.8,997.332,0,1.841,1.841,9.677,8.321,87.189,6.69,53.61,0,6.709,6.709,NA,23
"5/25/2022 5:44:18 PM",0,28.112,1.505,3.088,2889.7,997.332,0,1.818,1.818,9.691,8.324,87.18,6.689,53.525,0,6.709,6.709,NA,23
"5/25/2022 5:44:19 PM",0,28.111,1.496,3.07,2873.5,997.325,0,1.841,1.841,9.809,8.324,87.182,6.69,53.44,0,6.709,6.709,NA,23
"5/25/2022 5:44:19 PM",0,28.11,1.497,3.071,2874.8,997.326,0,1.802,1.802,9.794,8.321,87.24,6.694,53.525,0,6.713,6.714,NA,23
"5/25/2022 5:44:19 PM",0,28.11,1.496,3.07,2873.2,997.325,0,1.825,1.825,9.677,8.326,87.224,6.693,53.44,0,6.712,6.712,NA,23
"5/25/2022 5:44:19 PM",0,28.111,1.49,3.059,2862.7,997.321,0,1.857,1.857,9.735,8.324,87.071,6.681,53.61,0,6.7,6.7,NA,23
"5/25/2022 5:44:20 PM",0,28.118,1.493,3.064,2867.2,997.321,0,1.833,1.833,9.721,8.318,87.103,6.684,53.865,0,6.703,6.703,NA,23
"5/25/2022 5:44:20 PM",0,28.119,1.489,3.057,2860.7,997.318,0,1.841,1.841,9.823,8.313,87.156,6.688,53.95,0,6.707,6.707,NA,23
"5/25/2022 5:44:20 PM",0,28.121,1.489,3.058,2861.1,997.317,0,1.857,1.857,9.75,8.324,87.247,6.695,53.865,0,6.714,6.714,NA,23
"5/25/2022 5:44:20 PM",0,28.13,1.489,3.057,2859.6,997.314,0,1.841,1.841,9.721,8.324,87.138,6.686,53.695,0,6.705,6.706,NA,23
"5/25/2022 5:44:20 PM",0,28.131,1.488,3.056,2859.3,997.314,0,1.864,1.864,9.75,8.326,87.147,6.687,53.355,0,6.706,6.707,NA,23
"5/25/2022 5:44:21 PM",0,28.137,1.482,3.045,2848.4,997.308,0,1.833,1.833,9.691,8.323,87.152,6.687,53.355,0,6.707,6.707,NA,23
"5/25/2022 5:44:21 PM",0,28.145,1.487,3.054,2856.1,997.308,0,1.818,1.818,9.721,8.315,87.174,6.689,53.355,0,6.708,6.708,NA,23
"5/25/2022 5:44:21 PM",0,28.146,1.479,3.04,2843,997.303,0,1.81,1.81,9.706,8.311,87.224,6.693,53.525,0,6.712,6.712,NA,23
"5/25/2022 5:44:21 PM",0,28.146,1.478,3.037,2840.3,997.302,0,1.786,1.786,9.677,8.308,87.181,6.69,53.95,0,6.709,6.709,NA,23
"5/25/2022 5:44:21 PM",0,28.152,1.476,3.034,2837.1,997.299,0,1.802,1.802,9.647,8.309,87.164,6.688,54.969,0,6.708,6.708,NA,23
"5/25/2022 5:44:22 PM",0,28.153,1.474,3.03,2833.4,997.297,0,1.818,1.818,9.662,8.314,87.103,6.684,55.564,0,6.703,6.703,NA,23
"5/25/2022 5:44:22 PM",0,28.154,1.473,3.028,2831.8,997.296,0,1.81,1.81,9.647,8.312,87.217,6.693,55.989,0,6.712,6.712,NA,23
"5/25/2022 5:44:22 PM",0,28.155,1.473,3.028,2831.6,997.296,0,1.825,1.825,9.75,8.303,87.241,6.695,56.329,0,6.714,6.714,NA,23
"5/25/2022 5:44:22 PM",0,28.155,1.47,3.023,2826.6,997.294,0,1.825,1.825,9.633,8.288,87.186,6.69,57.008,0,6.709,6.71,NA,23
"5/25/2022 5:44:22 PM",0,28.155,1.471,3.023,2826.8,997.293,0,1.794,1.794,9.662,8.293,87.193,6.691,57.263,0,6.71,6.71,NA,23
"5/25/2022 5:44:23 PM",0,28.155,1.469,3.02,2824.4,997.292,0,1.802,1.802,9.75,8.294,87.179,6.69,57.263,0,6.709,6.709,NA,23
"5/25/2022 5:44:23 PM",0,28.155,1.467,3.016,2819.9,997.291,0,1.802,1.802,9.779,8.293,87.148,6.687,57.178,0,6.707,6.707,NA,23
"5/25/2022 5:44:23 PM",0,28.157,1.468,3.018,2822.1,997.291,0,1.849,1.849,9.691,8.285,87.172,6.689,57.178,0,6.709,6.709,NA,23
"5/25/2022 5:44:23 PM",0,28.156,1.461,3.004,2809.1,997.286,0,1.864,1.864,9.647,8.281,87.217,6.693,57.348,0,6.712,6.712,NA,23
"5/25/2022 5:44:23 PM",0,28.155,1.461,3.005,2809.9,997.287,0,1.825,1.825,9.706,8.285,87.201,6.692,57.433,0,6.711,6.711,NA,23
"5/25/2022 5:44:24 PM",0,28.157,1.46,3.002,2807,997.285,0,1.833,1.833,9.794,8.281,87.229,6.695,57.518,0,6.714,6.714,NA,23
"5/25/2022 5:44:24 PM",0,28.156,1.458,2.998,2803.3,997.284,0,1.849,1.849,9.779,8.283,87.171,6.69,57.603,0,6.709,6.709,NA,23
"5/25/2022 5:44:24 PM",0,28.159,1.454,2.991,2796.9,997.28,0,1.818,1.818,9.677,8.284,87.21,6.693,57.688,0,6.712,6.712,NA,23
"5/25/2022 5:44:24 PM",0,28.162,1.457,2.996,2801.5,997.281,0,1.841,1.841,9.735,8.283,87.15,6.688,57.858,0,6.707,6.708,NA,23
"5/25/2022 5:44:24 PM",0,28.162,1.448,2.979,2784.9,997.274,0,1.786,1.786,9.662,8.278,87.252,6.697,57.943,0,6.716,6.716,NA,23
"5/25/2022 5:44:25 PM",0,28.164,1.453,2.989,2794.4,997.278,0,1.779,1.779,9.75,8.276,87.204,6.693,58.028,0,6.712,6.712,NA,23
"5/25/2022 5:44:25 PM",0,28.165,1.448,2.979,2785.2,997.274,0,1.802,1.802,9.735,8.281,87.295,6.7,57.943,0,6.719,6.719,NA,23
"5/25/2022 5:44:25 PM",0,28.161,1.447,2.978,2784,997.274,0,1.818,1.818,9.794,8.286,87.334,6.703,57.773,0,6.722,6.722,NA,23
"5/25/2022 5:44:25 PM",0,28.161,1.446,2.975,2781.6,997.273,0,1.81,1.81,9.647,8.292,87.215,6.694,57.773,0,6.713,6.713,NA,23
"5/25/2022 5:44:25 PM",0,28.158,1.444,2.972,2778.8,997.273,0,1.802,1.802,9.706,8.295,87.225,6.695,57.773,0,6.714,6.714,NA,23
"5/25/2022 5:44:26 PM",0,28.153,1.441,2.966,2773.3,997.272,0,1.802,1.802,9.838,8.295,87.187,6.692,57.603,0,6.711,6.712,NA,23
"5/25/2022 5:44:26 PM",0,28.153,1.44,2.964,2771.3,997.271,0,1.81,1.81,9.911,8.297,87.114,6.687,57.518,0,6.706,6.706,NA,23
"5/25/2022 5:44:26 PM",0,28.151,1.437,2.957,2765.5,997.27,0,1.818,1.818,9.691,8.292,87.245,6.697,57.263,0,6.716,6.717,NA,23
"5/25/2022 5:44:26 PM",0,28.151,1.437,2.957,2764.9,997.269,0,1.779,1.779,9.838,8.293,87.208,6.695,57.008,0,6.714,6.714,NA,23
"5/25/2022 5:44:26 PM",0,28.153,1.435,2.953,2761.6,997.267,0,1.771,1.771,9.809,8.285,87.269,6.699,56.753,0,6.718,6.719,NA,23
"5/25/2022 5:44:27 PM",0,28.155,1.428,2.941,2749.9,997.262,0,1.841,1.841,9.735,8.283,87.271,6.7,56.499,0,6.719,6.719,NA,23
"5/25/2022 5:44:27 PM",0,28.156,1.431,2.946,2754.9,997.264,0,1.794,1.794,9.647,8.281,87.192,6.693,56.074,0,6.713,6.713,NA,23
"5/25/2022 5:44:27 PM",0,28.158,1.425,2.935,2743.9,997.259,0,1.802,1.802,9.706,8.277,87.285,6.701,55.649,0,6.72,6.72,NA,23
"5/25/2022 5:44:27 PM",0,28.16,1.424,2.932,2741.8,997.257,0,1.81,1.81,9.721,8.283,87.351,6.706,55.394,0,6.725,6.725,NA,23
"5/25/2022 5:44:27 PM",0,28.163,1.428,2.941,2749.2,997.259,0,1.825,1.825,9.706,8.287,87.208,6.695,55.054,0,6.714,6.714,NA,23
"5/25/2022 5:44:28 PM",0,28.17,1.422,2.93,2739.1,997.253,0,1.818,1.818,9.779,8.282,87.3,6.702,54.969,0,6.721,6.722,NA,23
"5/25/2022 5:44:28 PM",0,28.183,1.422,2.931,2739,997.249,0,1.794,1.794,9.618,8.284,87.284,6.701,54.969,0,6.72,6.72,NA,23
"5/25/2022 5:44:28 PM",0,28.186,1.425,2.937,2744.6,997.251,0,1.794,1.794,9.677,8.279,87.239,6.697,55.054,0,6.717,6.717,NA,23
"5/25/2022 5:44:28 PM",0,28.182,1.419,2.924,2733,997.247,0,1.825,1.825,9.721,8.27,87.329,6.705,55.224,0,6.724,6.724,NA,23
"5/25/2022 5:44:28 PM",0,28.18,1.425,2.936,2743.9,997.252,0,1.833,1.833,9.691,8.267,87.301,6.702,55.309,0,6.722,6.722,NA,23
"5/25/2022 5:44:29 PM",0,28.177,1.427,2.939,2746.9,997.254,0,1.818,1.818,9.691,8.266,87.237,6.697,55.649,0,6.716,6.716,NA,23
"5/25/2022 5:44:29 PM",0,28.174,1.425,2.936,2744.7,997.254,0,1.794,1.794,9.647,8.267,87.196,6.694,56.159,0,6.713,6.713,NA,23
"5/25/2022 5:44:29 PM",0,28.173,1.428,2.941,2749.1,997.257,0,1.81,1.81,9.618,8.268,87.299,6.702,56.583,0,6.721,6.721,NA,23
"5/25/2022 5:44:29 PM",0,28.171,1.427,2.938,2746.7,997.256,0,1.794,1.794,9.574,8.269,87.295,6.702,57.008,0,6.721,6.721,NA,23
"5/25/2022 5:44:29 PM",0,28.17,1.424,2.933,2742.2,997.255,0,1.81,1.81,9.603,8.272,87.283,6.701,57.518,0,6.721,6.721,NA,23
"5/25/2022 5:44:30 PM",0,28.169,1.429,2.943,2751,997.258,0,1.747,1.747,9.706,8.274,87.373,6.708,58.028,0,6.727,6.727,NA,23
"5/25/2022 5:44:30 PM",0,28.168,1.422,2.928,2737.6,997.253,0,1.779,1.779,9.721,8.268,87.187,6.694,58.453,0,6.714,6.714,NA,23
"5/25/2022 5:44:30 PM",0,28.167,1.425,2.935,2743.4,997.256,0,1.864,1.864,9.691,8.265,87.247,6.699,58.708,0,6.718,6.718,NA,23
"5/25/2022 5:44:30 PM",0,28.167,1.423,2.932,2740.9,997.255,0,1.786,1.786,9.765,8.26,87.247,6.699,58.792,0,6.719,6.719,NA,23
"5/25/2022 5:44:31 PM",0,28.167,1.416,2.917,2726.9,997.249,0,1.771,1.771,9.706,8.261,87.289,6.703,58.962,0,6.722,6.722,NA,23
"5/25/2022 5:44:31 PM",0,28.169,1.419,2.924,2733.5,997.251,0,1.779,1.779,9.647,8.264,87.246,6.699,58.877,0,6.719,6.719,NA,23
"5/25/2022 5:44:31 PM",0,28.171,1.414,2.914,2724.3,997.247,0,1.802,1.802,9.677,8.264,87.303,6.704,58.877,0,6.723,6.723,NA,23
"5/25/2022 5:44:31 PM",0,28.174,1.409,2.905,2715.2,997.242,0,1.794,1.794,9.589,8.268,87.288,6.703,58.708,0,6.722,6.722,NA,23
"5/25/2022 5:44:31 PM",0,28.176,1.412,2.91,2719.9,997.244,0,1.779,1.779,9.662,8.268,87.298,6.704,58.453,0,6.723,6.723,NA,23
"5/25/2022 5:44:32 PM",0,28.177,1.409,2.904,2714.3,997.241,0,1.81,1.81,9.647,8.273,87.286,6.703,57.943,0,6.722,6.722,NA,23
"5/25/2022 5:44:32 PM",0,28.179,1.404,2.894,2705.2,997.237,0,1.802,1.802,9.545,8.264,87.305,6.704,57.518,0,6.724,6.724,NA,23
"5/25/2022 5:44:32 PM",0,28.181,1.41,2.906,2715.8,997.241,0,1.833,1.833,9.647,8.263,87.309,6.705,57.263,0,6.724,6.724,NA,23
"5/25/2022 5:44:32 PM",0,28.18,1.404,2.894,2704.5,997.236,0,1.825,1.825,9.721,8.26,87.189,6.696,56.923,0,6.715,6.715,NA,23
"5/25/2022 5:44:32 PM",0,28.18,1.399,2.886,2696.9,997.233,0,1.771,1.771,9.691,8.259,87.242,6.7,56.329,0,6.719,6.719,NA,23
"5/25/2022 5:44:33 PM",0,28.179,1.401,2.889,2700.3,997.235,0,1.81,1.81,9.677,8.26,87.282,6.703,55.819,0,6.723,6.723,NA,23
"5/25/2022 5:44:33 PM",0,28.177,1.394,2.875,2687.3,997.23,0,1.786,1.786,9.735,8.254,87.304,6.705,55.479,0,6.724,6.725,NA,23
"5/25/2022 5:44:33 PM",0,28.176,1.393,2.872,2684.8,997.229,0,1.779,1.779,9.662,8.254,87.218,6.699,55.139,0,6.718,6.718,NA,23
"5/25/2022 5:44:33 PM",0,28.175,1.395,2.877,2688.8,997.231,0,1.771,1.771,9.647,8.254,87.209,6.698,54.884,0,6.717,6.718,NA,23
"5/25/2022 5:44:33 PM",0,28.173,1.388,2.863,2675.9,997.226,0,1.818,1.818,9.647,8.251,87.294,6.705,54.629,0,6.724,6.725,NA,23
"5/25/2022 5:44:34 PM",0,28.172,1.392,2.87,2683.2,997.23,0,1.81,1.81,9.677,8.25,87.258,6.702,54.629,0,6.722,6.722,NA,23
"5/25/2022 5:44:34 PM",0,28.17,1.392,2.872,2684.4,997.231,0,1.818,1.818,9.647,8.25,87.246,6.702,54.629,0,6.721,6.721,NA,23
"5/25/2022 5:44:34 PM",0,28.169,1.388,2.862,2675.5,997.227,0,1.779,1.779,9.662,8.247,87.371,6.711,54.799,0,6.73,6.731,NA,23
"5/25/2022 5:44:34 PM",0,28.168,1.392,2.871,2684,997.231,0,1.818,1.818,9.647,8.246,87.298,6.706,54.969,0,6.725,6.725,NA,23
"5/25/2022 5:44:34 PM",0,28.163,1.39,2.867,2680.7,997.231,0,1.818,1.818,9.603,8.252,87.359,6.711,55.394,0,6.73,6.73,NA,23
"5/25/2022 5:44:35 PM",0,28.162,1.39,2.867,2680.5,997.232,0,1.841,1.841,9.589,8.25,87.364,6.711,55.734,0,6.731,6.731,NA,23
"5/25/2022 5:44:35 PM",0,28.161,1.393,2.872,2684.8,997.234,0,1.833,1.833,9.633,8.245,87.352,6.711,55.989,0,6.73,6.73,NA,23
"5/25/2022 5:44:35 PM",0,28.157,1.391,2.869,2682.5,997.234,0,1.849,1.849,9.633,8.242,87.303,6.707,56.244,0,6.726,6.727,NA,23
"5/25/2022 5:44:35 PM",0,28.159,1.391,2.868,2681.7,997.233,0,1.849,1.849,9.662,8.241,87.269,6.704,56.668,0,6.724,6.724,NA,23
"5/25/2022 5:44:35 PM",0,28.159,1.393,2.871,2684.7,997.234,0,1.786,1.786,9.721,8.233,87.328,6.709,57.008,0,6.729,6.729,NA,23
"5/25/2022 5:44:36 PM",0,28.16,1.388,2.863,2676.8,997.231,0,1.849,1.849,9.794,8.23,87.261,6.704,57.348,0,6.724,6.724,NA,23
"5/25/2022 5:44:36 PM",0,28.163,1.39,2.867,2680.4,997.231,0,1.841,1.841,9.779,8.231,87.319,6.709,57.518,0,6.728,6.728,NA,23
"5/25/2022 5:44:36 PM",0,28.166,1.39,2.866,2679,997.23,0,1.825,1.825,9.823,8.232,87.337,6.71,57.773,0,6.729,6.73,NA,23
"5/25/2022 5:44:36 PM",0,28.168,1.387,2.86,2673.6,997.227,0,1.833,1.833,9.75,8.238,87.246,6.703,57.943,0,6.723,6.723,NA,23
"5/25/2022 5:44:36 PM",0,28.172,1.388,2.862,2675.4,997.227,0,1.849,1.849,9.75,8.239,87.324,6.71,58.028,0,6.729,6.729,NA,23
"5/25/2022 5:44:37 PM",0,28.174,1.386,2.859,2672.5,997.225,0,1.864,1.864,9.721,8.241,87.198,6.7,58.113,0,6.719,6.719,NA,23
"5/25/2022 5:44:37 PM",0,28.175,1.382,2.852,2665.8,997.222,0,1.833,1.833,9.706,8.236,87.29,6.707,58.113,0,6.726,6.726,NA,23
"5/25/2022 5:44:37 PM",0,28.176,1.383,2.854,2667.3,997.222,0,1.794,1.794,9.765,8.228,87.282,6.707,58.198,0,6.726,6.726,NA,23
"5/25/2022 5:44:37 PM",0,28.177,1.38,2.847,2661.3,997.219,0,1.833,1.833,9.677,8.232,87.311,6.709,58.028,0,6.728,6.728,NA,23
"5/25/2022 5:44:37 PM",0,28.176,1.379,2.846,2659.9,997.219,0,1.802,1.802,9.574,8.241,87.23,6.703,57.943,0,6.722,6.722,NA,23
"5/25/2022 5:44:38 PM",0,28.175,1.381,2.85,2663.9,997.221,0,1.779,1.779,9.677,8.227,87.334,6.711,57.858,0,6.73,6.73,NA,23
"5/25/2022 5:44:38 PM",0,28.175,1.377,2.841,2655.4,997.218,0,1.818,1.818,9.75,8.227,87.269,6.706,57.603,0,6.725,6.726,NA,23
"5/25/2022 5:44:38 PM",0,28.172,1.379,2.846,2659.9,997.22,0,1.818,1.818,9.706,8.23,87.298,6.708,57.348,0,6.727,6.728,NA,23
"5/25/2022 5:44:38 PM",0,28.171,1.378,2.843,2657.8,997.22,0,1.779,1.779,9.677,8.227,87.137,6.696,57.008,0,6.715,6.716,NA,23
"5/25/2022 5:44:38 PM",0,28.169,1.376,2.839,2653.7,997.219,0,1.818,1.818,9.765,8.228,87.239,6.704,56.583,0,6.723,6.723,NA,23
"5/25/2022 5:44:39 PM",0,28.154,1.378,2.841,2657.1,997.224,0,1.81,1.81,9.691,8.228,87.259,6.706,56.244,0,6.725,6.725,NA,23
"5/25/2022 5:44:39 PM",0,28.151,1.377,2.84,2655.5,997.224,0,1.841,1.841,9.677,8.229,87.22,6.703,55.394,0,6.722,6.722,NA,23
"5/25/2022 5:44:39 PM",0,28.147,1.376,2.838,2653.9,997.225,0,1.802,1.802,9.618,8.227,87.19,6.7,54.799,0,6.72,6.72,NA,23
"5/25/2022 5:44:39 PM",0,28.141,1.377,2.84,2656.4,997.228,0,1.786,1.786,9.574,8.222,87.322,6.71,54.544,0,6.729,6.73,NA,23
"5/25/2022 5:44:39 PM",0,28.145,1.377,2.84,2656.2,997.226,0,1.81,1.81,9.603,8.224,87.318,6.71,54.544,0,6.729,6.73,NA,23
"5/25/2022 5:44:40 PM",0,28.142,1.376,2.838,2654.3,997.227,0,1.81,1.81,9.677,8.229,87.262,6.706,54.969,0,6.726,6.726,NA,23
"5/25/2022 5:44:40 PM",0,28.142,1.377,2.839,2655.9,997.227,0,1.872,1.872,9.721,8.228,87.215,6.703,55.734,0,6.722,6.722,NA,23
"5/25/2022 5:44:40 PM",0,28.146,1.376,2.839,2655.2,997.226,0,1.903,1.903,9.75,8.228,87.191,6.701,56.329,0,6.72,6.72,NA,23
"5/25/2022 5:44:40 PM",0,28.143,1.375,2.836,2653,997.226,0,1.818,1.818,9.721,8.227,87.237,6.704,56.583,0,6.724,6.724,NA,23
"5/25/2022 5:44:41 PM",0,28.142,1.378,2.843,2658.7,997.228,0,1.81,1.81,9.662,8.229,87.266,6.706,56.583,0,6.726,6.726,NA,23
"5/25/2022 5:44:41 PM",0,28.142,1.376,2.837,2653.7,997.226,0,1.818,1.818,9.691,8.231,87.259,6.706,55.989,0,6.725,6.725,NA,23
"5/25/2022 5:44:41 PM",0,28.135,1.378,2.841,2657.7,997.23,0,1.849,1.849,9.75,8.223,87.266,6.706,54.629,0,6.726,6.726,NA,23
"5/25/2022 5:44:41 PM",0,28.134,1.377,2.839,2655.8,997.23,0,1.857,1.857,9.75,8.225,87.211,6.702,51.061,0,6.721,6.721,NA,23
"5/25/2022 5:44:41 PM",0,28.131,1.377,2.839,2655.6,997.23,0,1.833,1.833,9.706,8.224,87.245,6.705,48.087,0,6.724,6.724,NA,23
"5/25/2022 5:44:42 PM",0,28.126,1.377,2.838,2655.7,997.232,0,1.833,1.833,9.662,8.224,87.169,6.699,49.107,0,6.718,6.718,NA,23
"5/25/2022 5:44:42 PM",0,28.125,1.377,2.839,2656.6,997.232,0,1.779,1.779,9.647,8.224,87.198,6.701,49.617,0,6.72,6.72,NA,23
"5/25/2022 5:44:42 PM",0,28.125,1.375,2.835,2652.4,997.231,0,1.825,1.825,9.662,8.223,87.158,6.698,49.022,0,6.717,6.717,NA,23
"5/25/2022 5:44:42 PM",0,28.126,1.377,2.838,2655.6,997.232,0,1.818,1.818,9.706,8.225,87.155,6.698,48.767,0,6.717,6.717,NA,23
"5/25/2022 5:44:42 PM",0,28.125,1.375,2.834,2652.1,997.23,0,1.802,1.802,9.735,8.225,87.197,6.701,49.702,0,6.72,6.72,NA,23
"5/25/2022 5:44:43 PM",0,28.125,1.375,2.835,2652.4,997.231,0,1.81,1.81,9.809,8.223,87.237,6.704,49.532,0,6.724,6.724,NA,23
"5/25/2022 5:44:43 PM",0,28.123,1.375,2.834,2652.2,997.231,0,1.802,1.802,9.75,8.226,87.195,6.701,49.787,0,6.72,6.72,NA,23
"5/25/2022 5:44:43 PM",0,28.121,1.374,2.832,2650.1,997.231,0,1.802,1.802,9.691,8.223,87.118,6.695,50.721,0,6.714,6.714,NA,23
"5/25/2022 5:44:43 PM",0,28.121,1.374,2.833,2650.7,997.231,0,1.825,1.825,9.721,8.222,87.213,6.702,53.44,0,6.722,6.722,NA,23
"5/25/2022 5:44:43 PM",0,28.121,1.373,2.83,2648.4,997.23,0,1.849,1.849,9.633,8.222,87.146,6.697,54.459,0,6.716,6.717,NA,23
"5/25/2022 5:44:44 PM",0,28.121,1.374,2.834,2651.6,997.231,0,1.872,1.872,9.633,8.217,87.22,6.703,55.054,0,6.722,6.722,NA,23
"5/25/2022 5:44:44 PM",0,28.122,1.372,2.829,2646.8,997.229,0,1.872,1.872,9.662,8.215,87.144,6.697,55.734,0,6.716,6.716,NA,23
"5/25/2022 5:44:44 PM",0,28.124,1.374,2.833,2651.1,997.23,0,1.818,1.818,9.633,8.216,87.144,6.697,56.074,0,6.716,6.716,NA,23
"5/25/2022 5:44:44 PM",0,28.127,1.372,2.829,2647.2,997.228,0,1.779,1.779,9.603,8.222,87.133,6.697,56.499,0,6.716,6.716,NA,23
"5/25/2022 5:44:44 PM",0,28.129,1.373,2.831,2648.9,997.228,0,1.802,1.802,9.574,8.219,87.195,6.701,56.414,0,6.72,6.72,NA,23
"5/25/2022 5:44:45 PM",0,28.132,1.37,2.826,2644.2,997.225,0,1.794,1.794,9.662,8.218,87.26,6.706,56.329,0,6.725,6.726,NA,23
"5/25/2022 5:44:45 PM",0,28.135,1.373,2.833,2649.8,997.227,0,1.818,1.818,9.765,8.209,87.233,6.704,56.159,0,6.724,6.724,NA,23
"5/25/2022 5:44:45 PM",0,28.138,1.37,2.825,2642.8,997.223,0,1.771,1.771,9.662,8.209,87.134,6.697,55.734,0,6.716,6.716,NA,23
"5/25/2022 5:44:45 PM",0,28.143,1.371,2.827,2644.4,997.222,0,1.779,1.779,9.691,8.213,87.15,6.698,55.139,0,6.717,6.717,NA,23
"5/25/2022 5:44:45 PM",0,28.145,1.371,2.828,2645.1,997.222,0,1.771,1.771,9.647,8.211,87.111,6.695,55.224,0,6.714,6.714,NA,23
"5/25/2022 5:44:46 PM",0,28.147,1.37,2.826,2643.4,997.221,0,1.794,1.794,9.647,8.215,87.189,6.701,55.564,0,6.72,6.721,NA,23
"5/25/2022 5:44:46 PM",0,28.148,1.37,2.826,2642.5,997.22,0,1.771,1.771,9.691,8.211,87.234,6.705,55.564,0,6.724,6.724,NA,23
"5/25/2022 5:44:46 PM",0,28.15,1.368,2.824,2640.6,997.219,0,1.786,1.786,9.647,8.205,87.165,6.699,55.734,0,6.719,6.719,NA,23
"5/25/2022 5:44:46 PM",0,28.15,1.368,2.822,2639.2,997.218,0,1.81,1.81,9.633,8.206,87.158,6.699,56.074,0,6.718,6.718,NA,23
"5/25/2022 5:44:46 PM",0,28.148,1.367,2.821,2638.3,997.218,0,1.81,1.81,9.53,8.203,87.242,6.705,56.074,0,6.725,6.725,NA,23
"5/25/2022 5:44:47 PM",0,28.147,1.368,2.822,2639.7,997.219,0,1.794,1.794,9.515,8.207,87.22,6.704,55.819,0,6.723,6.723,NA,23
"5/25/2022 5:44:47 PM",0,28.145,1.366,2.818,2635.9,997.218,0,1.763,1.763,9.501,8.208,87.169,6.7,55.649,0,6.719,6.719,NA,23
"5/25/2022 5:44:47 PM",0,28.138,1.367,2.821,2638.7,997.221,0,1.841,1.841,9.647,8.205,87.198,6.702,55.479,0,6.721,6.721,NA,23
"5/25/2022 5:44:47 PM",0,28.136,1.365,2.816,2634.4,997.22,0,1.841,1.841,9.677,8.207,87.17,6.7,55.394,0,6.719,6.72,NA,23
"5/25/2022 5:44:47 PM",0,28.135,1.366,2.819,2636.9,997.221,0,1.841,1.841,9.589,8.207,87.165,6.7,55.309,0,6.719,6.719,NA,23
"5/25/2022 5:44:48 PM",0,28.133,1.365,2.817,2635,997.221,0,1.841,1.841,9.589,8.205,87.208,6.703,55.309,0,6.722,6.722,NA,23
"5/25/2022 5:44:48 PM",0,28.133,1.365,2.815,2633.5,997.22,0,1.825,1.825,9.603,8.204,87.125,6.697,55.564,0,6.716,6.716,NA,23
"5/25/2022 5:44:48 PM",0,28.133,1.364,2.814,2632.7,997.22,0,1.833,1.833,9.662,8.205,87.194,6.702,55.564,0,6.721,6.722,NA,23
"5/25/2022 5:44:48 PM",0,28.132,1.365,2.815,2633.7,997.221,0,1.849,1.849,9.647,8.21,87.17,6.7,55.649,0,6.719,6.72,NA,23
"5/25/2022 5:44:48 PM",0,28.132,1.362,2.81,2628.4,997.219,0,1.833,1.833,9.691,8.208,87.163,6.7,55.734,0,6.719,6.719,NA,23
"5/25/2022 5:44:49 PM",0,28.132,1.362,2.809,2628.3,997.219,0,1.81,1.81,9.721,8.206,87.181,6.702,55.989,0,6.721,6.721,NA,23
"5/25/2022 5:44:49 PM",0,28.132,1.361,2.808,2626.8,997.218,0,1.802,1.802,9.706,8.209,87.205,6.704,56.159,0,6.723,6.723,NA,23
"5/25/2022 5:44:49 PM",0,28.131,1.359,2.805,2624.1,997.217,0,1.81,1.81,9.647,8.21,87.173,6.701,56.329,0,6.72,6.72,NA,23
"5/25/2022 5:44:49 PM",0,28.132,1.36,2.806,2625.1,997.217,0,1.833,1.833,9.603,8.208,87.159,6.7,56.329,0,6.719,6.719,NA,23
"5/25/2022 5:44:50 PM",0,28.132,1.359,2.804,2623.6,997.217,0,1.763,1.763,9.691,8.208,87.134,6.698,56.159,0,6.717,6.717,NA,23
"5/25/2022 5:44:50 PM",0,28.133,1.358,2.803,2622.1,997.216,0,1.81,1.81,9.662,8.207,87.147,6.699,55.904,0,6.719,6.719,NA,23
"5/25/2022 5:44:50 PM",0,28.132,1.358,2.801,2620.8,997.216,0,1.802,1.802,9.618,8.205,87.163,6.701,55.819,0,6.72,6.72,NA,23
"5/25/2022 5:44:50 PM",0,28.131,1.357,2.8,2619.8,997.215,0,1.771,1.771,9.603,8.198,87.207,6.704,55.734,0,6.723,6.723,NA,23
"5/25/2022 5:44:50 PM",0,28.132,1.355,2.797,2616.7,997.214,0,1.786,1.786,9.735,8.204,87.212,6.704,55.564,0,6.723,6.724,NA,23
"5/25/2022 5:44:51 PM",0,28.13,1.357,2.8,2619.7,997.216,0,1.794,1.794,9.589,8.199,87.222,6.705,55.564,0,6.724,6.724,NA,23
