"Date","Depth..m.","Temp...degC.","Sal.","Cond...mS.cm.","EC25..µS.cm.","Density..kg.m3.","SigmaT","Chl.Flu...ppb.","Chl.a..µg.l.","Turb...FTU.","pH","DO....","Weiss.DO..mg.l.","Quant...µmol..m2.s..","Mark","G.G.DO..mg.l.","B.K.DO..mg.l.","X","Station"
"5/27/2022 8:24:08 AM",0.364,30.071,50.167,80.144,72100.2,1033.128,33.126,0.187,0.187,0.408,7.653,96.437,5.535,876.025,0,5.548,5.551,NA,42
"5/27/2022 8:24:08 AM",0.388,30.071,50.165,80.141,72098.1,1033.127,33.125,0.14,0.14,0.306,7.653,96.527,5.54,773.563,0,5.553,5.556,NA,42
"5/27/2022 8:24:08 AM",0.432,30.07,50.167,80.143,72100.2,1033.128,33.126,0.039,0.039,0,7.656,96.578,5.544,937.196,0,5.556,5.56,NA,42
"5/27/2022 8:24:08 AM",0.456,30.069,50.173,80.15,72108.2,1033.133,33.131,0.078,0.078,0,7.657,96.624,5.546,839.322,0,5.559,5.562,NA,42
"5/27/2022 8:24:08 AM",0.463,30.069,50.185,80.165,72122.4,1033.142,33.14,0.133,0.133,0.16,7.659,96.485,5.538,725.9,0,5.55,5.554,NA,42
"5/27/2022 8:24:09 AM",0.468,30.068,50.188,80.169,72126.2,1033.145,33.143,0.195,0.195,0.32,7.661,96.514,5.539,832.185,0,5.552,5.555,NA,42
"5/27/2022 8:24:09 AM",0.482,30.068,50.186,80.166,72124.5,1033.144,33.142,0.07,0.07,0,7.663,96.601,5.544,809.076,0,5.557,5.56,NA,42
"5/27/2022 8:24:09 AM",0.524,30.067,50.188,80.168,72127.5,1033.146,33.144,0.031,0.031,0.015,7.666,96.552,5.541,900.748,0,5.553,5.557,NA,42
"5/27/2022 8:24:09 AM",0.569,30.069,50.181,80.16,72117.9,1033.14,33.137,0.133,0.133,0.175,7.668,96.586,5.543,868.633,0,5.556,5.559,NA,42
"5/27/2022 8:24:10 AM",0.708,30.072,50.195,80.184,72135.5,1033.15,33.147,0.016,0.016,0,7.669,96.567,5.542,705.17,0,5.555,5.558,NA,42
"5/27/2022 8:24:10 AM",0.795,30.073,50.195,80.185,72134.6,1033.15,33.146,0.023,0.023,0.364,7.672,96.554,5.541,767.276,0,5.554,5.557,NA,42
"5/27/2022 8:24:10 AM",0.899,30.073,50.198,80.19,72138.4,1033.152,33.149,0.062,0.062,0.175,7.673,96.656,5.547,794.123,0,5.56,5.563,NA,42
"5/27/2022 8:24:10 AM",1.043,30.074,50.201,80.195,72142.9,1033.156,33.151,0,0,0,7.675,96.558,5.541,827.003,0,5.554,5.557,NA,42
"5/27/2022 8:24:10 AM",1.169,30.074,50.205,80.202,72147.7,1033.159,33.154,0.023,0.023,0.058,7.676,96.685,5.548,661.755,0,5.56,5.564,NA,42
"5/27/2022 8:24:11 AM",1.402,30.075,50.221,80.226,72168,1033.172,33.166,0.039,0.039,0.044,7.678,96.573,5.541,554.62,0,5.553,5.556,NA,42
"5/27/2022 8:24:11 AM",1.523,30.076,50.23,80.238,72178.3,1033.178,33.172,0.07,0.07,0.116,7.679,96.571,5.539,519.447,0,5.552,5.555,NA,42
"5/27/2022 8:24:11 AM",1.687,30.074,50.235,80.243,72184.9,1033.183,33.176,0.117,0.117,0.248,7.679,96.478,5.534,600.499,0,5.546,5.55,NA,42
"5/27/2022 8:24:11 AM",1.829,30.074,50.24,80.25,72191.2,1033.188,33.18,0.023,0.023,0.015,7.681,96.579,5.54,583.422,0,5.552,5.556,NA,42
"5/27/2022 8:24:11 AM",1.984,30.074,50.246,80.259,72199,1033.193,33.185,0.031,0.031,0.029,7.683,96.701,5.546,467.196,0,5.559,5.562,NA,42
"5/27/2022 8:24:12 AM",2.201,30.075,50.254,80.272,72209.5,1033.2,33.191,0.039,0.039,0.044,7.687,96.553,5.537,419.534,0,5.55,5.553,NA,42
"5/27/2022 8:24:12 AM",2.368,30.076,50.258,80.277,72213.4,1033.203,33.193,0.047,0.047,0.073,7.688,96.578,5.539,448.505,0,5.551,5.555,NA,42
"5/27/2022 8:24:12 AM",2.528,30.075,50.26,80.279,72217,1033.206,33.195,0,0,0,7.692,96.505,5.534,443.917,0,5.547,5.55,NA,42
"5/27/2022 8:24:12 AM",2.702,30.074,50.265,80.285,72222.6,1033.21,33.199,0.031,0.031,0,7.692,96.531,5.535,398.803,0,5.548,5.551,NA,42
"5/27/2022 8:24:12 AM",2.86,30.075,50.272,80.296,72231.3,1033.216,33.204,0.039,0.039,0,7.693,96.501,5.533,308.66,0,5.546,5.549,NA,42
"5/27/2022 8:24:13 AM",3.107,30.074,50.276,80.302,72237.6,1033.221,33.208,0.039,0.039,0.044,7.696,96.507,5.533,282.917,0,5.546,5.549,NA,42
"5/27/2022 8:24:13 AM",3.258,30.072,50.282,80.306,72244.7,1033.227,33.213,0.179,0.179,0.349,7.699,96.428,5.529,269.834,0,5.541,5.544,NA,42
"5/27/2022 8:24:13 AM",3.409,30.071,50.286,80.311,72250.5,1033.231,33.216,0.133,0.133,0.277,7.7,96.44,5.53,358.957,0,5.542,5.546,NA,42
"5/27/2022 8:24:13 AM",3.55,30.072,50.293,80.322,72259.1,1033.237,33.221,0.148,0.148,0.335,7.7,96.447,5.53,521.911,0,5.542,5.546,NA,42
"5/27/2022 8:24:13 AM",3.759,30.07,50.3,80.328,72267.7,1033.243,33.227,0.062,0.062,0.116,7.702,96.46,5.531,514.009,0,5.543,5.547,NA,42
"5/27/2022 8:24:14 AM",3.912,30.069,50.305,80.334,72274.6,1033.248,33.232,0.031,0.031,0.029,7.703,96.553,5.536,493.874,0,5.548,5.551,NA,42
"5/27/2022 8:24:14 AM",4.033,30.07,50.31,80.342,72280,1033.252,33.234,0.086,0.086,0.146,7.705,96.556,5.535,426.755,0,5.548,5.551,NA,42
"5/27/2022 8:24:14 AM",4.15,30.069,50.313,80.345,72284.1,1033.255,33.237,0.055,0.055,0.073,7.707,96.513,5.533,416.39,0,5.545,5.549,NA,42
"5/27/2022 8:24:14 AM",4.239,30.068,50.315,80.347,72287.4,1033.258,33.239,0.062,0.062,0.116,7.708,96.538,5.534,488.946,0,5.546,5.55,NA,42
"5/27/2022 8:24:14 AM",4.378,30.067,50.321,80.352,72294,1033.263,33.244,0.031,0.031,0.015,7.713,96.545,5.535,458.02,0,5.547,5.55,NA,42
"5/27/2022 8:24:15 AM",4.475,30.068,50.333,80.372,72309.7,1033.272,33.253,0.055,0.055,0.029,7.715,96.536,5.534,408.913,0,5.546,5.549,NA,42
"5/27/2022 8:24:15 AM",4.569,30.069,50.332,80.372,72308.5,1033.271,33.252,0.07,0.07,0.146,7.717,96.486,5.531,399.568,0,5.543,5.547,NA,42
"5/27/2022 8:24:15 AM",4.706,30.069,50.337,80.379,72314.9,1033.276,33.256,0.031,0.031,0,7.719,96.557,5.535,403.221,0,5.547,5.551,NA,42
"5/27/2022 8:24:15 AM",4.913,30.067,50.345,80.387,72324.6,1033.283,33.262,0.016,0.016,0,7.721,96.521,5.532,320.3,0,5.545,5.548,NA,42
"5/27/2022 8:24:15 AM",5.073,30.065,50.35,80.391,72331,1033.288,33.267,0.055,0.055,0.073,7.722,96.456,5.528,394.725,0,5.541,5.544,NA,42
"5/27/2022 8:24:16 AM",5.221,30.065,50.356,80.399,72338.4,1033.293,33.271,0.016,0.016,0,7.723,96.465,5.529,409.423,0,5.541,5.544,NA,42
"5/27/2022 8:24:16 AM",5.396,30.067,50.357,80.403,72339.9,1033.294,33.271,0.023,0.023,0,7.726,96.625,5.537,401.182,0,5.55,5.553,NA,42
"5/27/2022 8:24:16 AM",5.579,30.067,50.358,80.405,72341,1033.296,33.272,0,0,0,7.727,96.612,5.536,334.064,0,5.549,5.552,NA,42
"5/27/2022 8:24:16 AM",5.836,30.065,50.359,80.404,72342.9,1033.298,33.274,0,0,0,7.728,96.576,5.534,176.462,0,5.547,5.55,NA,42
"5/27/2022 8:24:16 AM",6,30.065,50.361,80.406,72345,1033.3,33.275,0,0,0,7.73,96.62,5.536,111.213,0,5.549,5.552,NA,42
"5/27/2022 8:24:17 AM",6.146,30.065,50.363,80.41,72348.4,1033.303,33.277,0,0,0,7.732,96.562,5.533,74.85,0,5.545,5.549,NA,42
"5/27/2022 8:24:17 AM",6.293,30.066,50.363,80.411,72348.4,1033.303,33.277,0,0,0,7.733,96.641,5.538,54.544,0,5.55,5.554,NA,42
"5/27/2022 8:24:17 AM",6.493,30.065,50.367,80.416,72353.7,1033.308,33.28,0,0,0,7.73,96.606,5.536,43.415,0,5.548,5.551,NA,42
"5/27/2022 8:24:17 AM",6.611,30.065,50.368,80.417,72354.2,1033.308,33.28,0,0,0,7.728,96.686,5.54,41.121,0,5.552,5.556,NA,42
"5/27/2022 8:24:17 AM",6.749,30.066,50.367,80.417,72353.7,1033.308,33.28,0.117,0.117,0.335,7.727,96.578,5.533,43.33,0,5.546,5.549,NA,42
"5/27/2022 8:24:18 AM",6.886,30.065,50.369,80.419,72355.3,1033.31,33.281,0.156,0.156,0.291,7.728,96.505,5.529,44.264,0,5.541,5.545,NA,42
"5/27/2022 8:24:18 AM",7.025,30.064,50.373,80.423,72361.5,1033.315,33.285,0.008,0.008,0,7.731,96.527,5.529,42.395,0,5.542,5.545,NA,42
"5/27/2022 8:24:18 AM",7.244,30.064,50.381,80.434,72370.9,1033.321,33.291,0,0,0,7.735,96.486,5.527,35.343,0,5.539,5.543,NA,42
"5/27/2022 8:24:18 AM",7.395,30.064,50.379,80.431,72368.5,1033.32,33.289,0,0,0,7.736,96.452,5.525,30.586,0,5.537,5.541,NA,42
"5/27/2022 8:24:18 AM",7.554,30.064,50.364,80.41,72350.1,1033.31,33.278,0,0,0,7.735,96.509,5.528,26.253,0,5.541,5.544,NA,42
"5/27/2022 8:24:19 AM",7.734,30.063,50.36,80.405,72345.8,1033.308,33.275,0,0,0,7.734,96.548,5.531,23.109,0,5.543,5.547,NA,42
"5/27/2022 8:24:19 AM",8.037,30.064,50.361,80.406,72346.3,1033.31,33.275,0,0,0,7.735,96.478,5.527,23.789,0,5.539,5.543,NA,42
"5/27/2022 8:24:19 AM",8.219,30.066,50.357,80.403,72341.3,1033.307,33.272,0,0,0,7.735,96.423,5.524,27.782,0,5.536,5.54,NA,42
"5/27/2022 8:24:19 AM",8.372,30.066,50.36,80.408,72344.8,1033.309,33.274,0,0,0,7.735,96.443,5.525,35.598,0,5.537,5.541,NA,42
"5/27/2022 8:24:19 AM",8.51,30.068,50.361,80.413,72346.6,1033.31,33.274,0.398,0.398,0.786,7.733,96.423,5.523,49.872,0,5.536,5.539,NA,42
"5/27/2022 8:24:20 AM",8.642,30.067,50.361,80.412,72346.3,1033.311,33.274,2.215,2.215,5.297,7.731,96.449,5.525,82.836,0,5.537,5.541,NA,42
"5/27/2022 8:24:20 AM",8.803,30.067,50.365,80.416,72351,1033.315,33.277,0.647,0.647,1.515,7.732,96.439,5.524,222.341,0,5.536,5.54,NA,42
"5/27/2022 8:24:20 AM",8.925,30.066,50.368,80.42,72355.9,1033.318,33.28,0.218,0.218,0.481,7.735,96.525,5.529,267.965,0,5.542,5.545,NA,42
"5/27/2022 8:24:20 AM",9.088,30.064,50.367,80.417,72355.1,1033.319,33.28,0.086,0.086,0.146,7.737,96.53,5.529,346.638,0,5.542,5.545,NA,42
"5/27/2022 8:24:21 AM",9.25,30.063,50.369,80.417,72357.7,1033.322,33.282,0.047,0.047,0.058,7.74,96.553,5.531,415.965,0,5.543,5.547,NA,42
"5/27/2022 8:24:21 AM",9.433,30.061,50.369,80.413,72357.1,1033.322,33.282,0.055,0.055,0.058,7.743,96.562,5.531,365.074,0,5.544,5.547,NA,42
"5/27/2022 8:24:21 AM",9.718,30.056,50.367,80.404,72355.7,1033.324,33.283,0.039,0.039,0,7.746,96.46,5.526,321.32,0,5.538,5.541,NA,42
"5/27/2022 8:24:21 AM",9.864,30.054,50.372,80.409,72362.8,1033.33,33.288,0.062,0.062,0.087,7.747,96.406,5.522,299.4,0,5.534,5.537,NA,42
"5/27/2022 8:24:21 AM",9.97,30.054,50.376,80.414,72367.6,1033.333,33.291,0.062,0.062,0.073,7.749,96.506,5.527,368.387,0,5.54,5.543,NA,42
"5/27/2022 8:24:22 AM",10.069,30.06,50.388,80.439,72381,1033.34,33.297,0.055,0.055,0.073,7.751,96.41,5.522,396.594,0,5.534,5.538,NA,42
"5/27/2022 8:24:22 AM",10.203,30.063,50.39,80.446,72383.5,1033.341,33.298,0.047,0.047,0.029,7.751,96.54,5.529,331.515,0,5.542,5.545,NA,42
"5/27/2022 8:24:22 AM",10.284,30.062,50.391,80.447,72385.6,1033.343,33.299,0.047,0.047,0.015,7.751,96.473,5.526,284.532,0,5.538,5.541,NA,42
"5/27/2022 8:24:22 AM",10.383,30.064,50.394,80.454,72389.1,1033.345,33.301,0.055,0.055,0.058,7.751,96.694,5.538,288.185,0,5.55,5.554,NA,42
"5/27/2022 8:24:22 AM",10.5,30.066,50.394,80.457,72389.2,1033.345,33.3,0.031,0.031,0.044,7.751,96.588,5.532,300.844,0,5.545,5.548,NA,42
"5/27/2022 8:24:23 AM",10.642,30.065,50.393,80.455,72388.1,1033.345,33.299,0.023,0.023,0,7.751,96.614,5.534,340.351,0,5.546,5.55,NA,42
"5/27/2022 8:24:23 AM",10.851,30.065,50.393,80.453,72387.1,1033.345,33.299,0.062,0.062,0.073,7.752,96.637,5.535,349.611,0,5.547,5.551,NA,42
"5/27/2022 8:24:23 AM",10.978,30.065,50.393,80.454,72388.3,1033.346,33.3,0.07,0.07,0.116,7.752,96.553,5.529,370.681,0,5.542,5.545,NA,42
"5/27/2022 8:24:23 AM",11.094,30.064,50.392,80.451,72386.6,1033.346,33.299,0.055,0.055,0.044,7.752,96.642,5.535,376.374,0,5.547,5.551,NA,42
"5/27/2022 8:24:23 AM",11.218,30.064,50.395,80.455,72390.6,1033.349,33.301,0.047,0.047,0.044,7.752,96.506,5.527,350.631,0,5.539,5.542,NA,42
"5/27/2022 8:24:24 AM",11.437,30.065,50.397,80.46,72393.1,1033.351,33.302,0.047,0.047,0,7.752,96.507,5.527,297.191,0,5.539,5.542,NA,42
"5/27/2022 8:24:24 AM",11.527,30.065,50.397,80.46,72393.2,1033.351,33.302,0.047,0.047,0.044,7.753,96.55,5.529,303.308,0,5.541,5.545,NA,42
"5/27/2022 8:24:24 AM",11.519,30.065,50.399,80.463,72395.6,1033.353,33.304,0.062,0.062,0.087,7.753,96.49,5.526,289.374,0,5.538,5.541,NA,42
"5/27/2022 8:24:24 AM",11.428,30.065,50.404,80.468,72401.1,1033.356,33.307,0.031,0.031,0,7.753,96.571,5.53,313.163,0,5.543,5.546,NA,42
"5/27/2022 8:24:24 AM",11.327,30.064,50.403,80.466,72399.8,1033.355,33.307,0.023,0.023,0,7.752,96.637,5.534,345.533,0,5.547,5.55,NA,42
"5/27/2022 8:24:25 AM",11.176,30.065,50.403,80.468,72400.6,1033.355,33.307,0.023,0.023,0.015,7.752,96.556,5.53,419.618,0,5.542,5.545,NA,42
"5/27/2022 8:24:25 AM",11.042,30.065,50.404,80.469,72401.8,1033.355,33.308,0.047,0.047,0.029,7.753,96.539,5.529,443.152,0,5.541,5.545,NA,42
"5/27/2022 8:24:25 AM",10.888,30.064,50.408,80.473,72406.7,1033.358,33.311,0.055,0.055,0.044,7.755,96.432,5.523,454.027,0,5.535,5.539,NA,42
"5/27/2022 8:24:25 AM",10.755,30.065,50.41,80.476,72408.4,1033.358,33.312,0.047,0.047,0.044,7.758,96.451,5.523,444.597,0,5.536,5.539,NA,42
"5/27/2022 8:24:25 AM",10.615,30.065,50.41,80.477,72408.7,1033.357,33.312,0.047,0.047,0.015,7.76,96.607,5.532,419.364,0,5.545,5.548,NA,42
"5/27/2022 8:24:26 AM",10.519,30.066,50.411,80.479,72409.9,1033.358,33.313,0.039,0.039,0.044,7.76,96.546,5.529,378.158,0,5.541,5.545,NA,42
"5/27/2022 8:24:26 AM",10.437,30.066,50.416,80.487,72416.4,1033.361,33.317,0.039,0.039,0.029,7.761,96.476,5.525,339.586,0,5.537,5.541,NA,42
"5/27/2022 8:24:26 AM",10.39,30.065,50.446,80.526,72453.2,1033.384,33.339,0.039,0.039,0.058,7.762,96.455,5.522,324.548,0,5.535,5.538,NA,42
"5/27/2022 8:24:26 AM",10.371,30.064,50.446,80.526,72454.1,1033.384,33.34,0.039,0.039,0.015,7.761,96.626,5.532,356.323,0,5.544,5.548,NA,42
"5/27/2022 8:24:26 AM",10.305,30.061,50.446,80.522,72454,1033.385,33.341,0.031,0.031,0,7.76,96.586,5.53,366.943,0,5.542,5.546,NA,42
"5/27/2022 8:24:27 AM",10.198,30.061,50.443,80.517,72449.9,1033.382,33.338,0.047,0.047,0,7.759,96.386,5.519,433.212,0,5.531,5.534,NA,42
"5/27/2022 8:24:27 AM",10.038,30.061,50.436,80.507,72440.8,1033.376,33.333,0.039,0.039,0.015,7.76,96.461,5.523,405.005,0,5.535,5.539,NA,42
"5/27/2022 8:24:27 AM",9.867,30.06,50.435,80.503,72439.5,1033.375,33.333,0.039,0.039,0.015,7.76,96.584,5.53,415.71,0,5.543,5.546,NA,42
"5/27/2022 8:24:27 AM",9.634,30.058,50.437,80.503,72442.3,1033.376,33.335,0.031,0.031,0.029,7.76,96.533,5.527,357.428,0,5.54,5.543,NA,42
"5/27/2022 8:24:27 AM",9.469,30.057,50.434,80.498,72439.2,1033.374,33.333,0.031,0.031,0,7.76,96.499,5.525,316.817,0,5.538,5.541,NA,42
"5/27/2022 8:24:28 AM",9.315,30.056,50.435,80.498,72440.4,1033.374,33.334,0.031,0.031,0,7.762,96.462,5.523,363.46,0,5.536,5.539,NA,42
"5/27/2022 8:24:28 AM",9.198,30.056,50.434,80.496,72439.3,1033.373,33.334,0.031,0.031,0,7.763,96.554,5.528,393.791,0,5.541,5.544,NA,42
"5/27/2022 8:24:28 AM",9.116,30.056,50.432,80.494,72436,1033.371,33.332,0.047,0.047,0.044,7.764,96.538,5.528,381.641,0,5.54,5.544,NA,42
"5/27/2022 8:24:28 AM",9.028,30.055,50.433,80.495,72438.2,1033.372,33.333,0.031,0.031,0.029,7.764,96.396,5.519,423.612,0,5.532,5.535,NA,42
"5/27/2022 8:24:28 AM",8.989,30.055,50.434,80.494,72438.4,1033.372,33.334,0.031,0.031,0,7.765,96.555,5.529,410.783,0,5.541,5.544,NA,42
"5/27/2022 8:24:29 AM",8.948,30.055,50.435,80.495,72439.6,1033.372,33.334,0.039,0.039,0.044,7.766,96.448,5.523,436.695,0,5.535,5.539,NA,42
"5/27/2022 8:24:29 AM",8.843,30.055,50.436,80.497,72441.2,1033.373,33.335,0.055,0.055,0.058,7.764,96.529,5.527,425.99,0,5.539,5.543,NA,42
"5/27/2022 8:24:29 AM",8.598,30.056,50.435,80.497,72439.9,1033.371,33.334,0.047,0.047,0.102,7.762,96.477,5.524,378.413,0,5.536,5.54,NA,42
"5/27/2022 8:24:29 AM",8.409,30.056,50.436,80.499,72440.7,1033.371,33.335,0.031,0.031,0.044,7.76,96.609,5.531,378.838,0,5.544,5.547,NA,42
"5/27/2022 8:24:29 AM",8.206,30.058,50.434,80.499,72438.8,1033.368,33.333,0.023,0.023,0,7.759,96.579,5.529,401.947,0,5.542,5.545,NA,42
"5/27/2022 8:24:30 AM",8.033,30.058,50.434,80.499,72438,1033.367,33.333,0.016,0.016,0.015,7.761,96.622,5.532,464.902,0,5.544,5.548,NA,42
"5/27/2022 8:24:30 AM",7.863,30.058,50.435,80.501,72439.5,1033.367,33.334,0.023,0.023,0.044,7.762,96.511,5.525,450.034,0,5.538,5.541,NA,42
"5/27/2022 8:24:30 AM",7.768,30.059,50.434,80.5,72438.3,1033.366,33.333,0.023,0.023,0.015,7.763,96.438,5.521,441.283,0,5.534,5.537,NA,42
"5/27/2022 8:24:30 AM",7.675,30.059,50.433,80.499,72437.2,1033.365,33.332,0.047,0.047,0,7.764,96.486,5.524,441.283,0,5.536,5.54,NA,42
"5/27/2022 8:24:31 AM",7.568,30.059,50.434,80.499,72437.5,1033.365,33.332,0.078,0.078,0.073,7.766,96.457,5.522,426.415,0,5.534,5.538,NA,42
"5/27/2022 8:24:31 AM",7.401,30.058,50.433,80.498,72436.7,1033.364,33.332,0.039,0.039,0.029,7.765,96.587,5.53,454.707,0,5.542,5.545,NA,42
"5/27/2022 8:24:31 AM",7.071,30.058,50.435,80.5,72438.6,1033.363,33.333,0.023,0.023,0.015,7.763,96.542,5.527,429.899,0,5.539,5.542,NA,42
"5/27/2022 8:24:31 AM",6.864,30.06,50.435,80.502,72438.6,1033.362,33.333,0.031,0.031,0,7.763,96.568,5.528,372.126,0,5.54,5.544,NA,42
"5/27/2022 8:24:31 AM",6.688,30.062,50.434,80.504,72437,1033.36,33.331,0.016,0.016,0,7.763,96.466,5.522,367.198,0,5.534,5.538,NA,42
"5/27/2022 8:24:32 AM",6.582,30.063,50.435,80.506,72438.2,1033.36,33.332,0.023,0.023,0,7.764,96.547,5.527,372.72,0,5.539,5.542,NA,42
"5/27/2022 8:24:32 AM",6.532,30.064,50.434,80.506,72436.3,1033.358,33.33,0.023,0.023,0,7.764,96.481,5.523,433.637,0,5.535,5.539,NA,42
"5/27/2022 8:24:32 AM",6.537,30.064,50.432,80.505,72434.1,1033.357,33.329,0.031,0.031,0.015,7.765,96.459,5.522,475.352,0,5.534,5.538,NA,42
"5/27/2022 8:24:32 AM",6.526,30.065,50.439,80.515,72442.6,1033.362,33.334,0.055,0.055,0.058,7.764,96.531,5.525,515.708,0,5.538,5.541,NA,42
"5/27/2022 8:24:32 AM",6.486,30.066,50.436,80.512,72439.3,1033.359,33.332,0.062,0.062,0.073,7.764,96.52,5.524,540.177,0,5.537,5.54,NA,42
"5/27/2022 8:24:33 AM",6.328,30.067,50.437,80.515,72440.4,1033.359,33.332,0.039,0.039,0.073,7.765,96.454,5.52,525.649,0,5.533,5.536,NA,42
"5/27/2022 8:24:33 AM",6.154,30.067,50.436,80.514,72438.6,1033.357,33.331,0.055,0.055,0.044,7.765,96.583,5.528,469.49,0,5.54,5.544,NA,42
"5/27/2022 8:24:33 AM",5.956,30.067,50.438,80.516,72440.6,1033.358,33.332,0.047,0.047,0.058,7.764,96.537,5.525,456.491,0,5.538,5.541,NA,42
"5/27/2022 8:24:33 AM",5.77,30.067,50.437,80.515,72439.4,1033.356,33.332,0.023,0.023,0.015,7.763,96.623,5.53,451.309,0,5.543,5.546,NA,42
"5/27/2022 8:24:33 AM",5.602,30.067,50.437,80.516,72439.8,1033.356,33.332,0.047,0.047,0.044,7.764,96.573,5.527,317.411,0,5.54,5.543,NA,42
"5/27/2022 8:24:34 AM",5.51,30.067,50.436,80.513,72438.2,1033.355,33.331,0.062,0.062,0.087,7.764,96.501,5.523,379.007,0,5.536,5.539,NA,42
"5/27/2022 8:24:34 AM",5.423,30.068,50.434,80.512,72435.8,1033.353,33.329,0.031,0.031,0.029,7.765,96.537,5.525,353.944,0,5.538,5.541,NA,42
"5/27/2022 8:24:34 AM",5.315,30.067,50.436,80.513,72437.8,1033.353,33.331,0.031,0.031,0,7.766,96.514,5.524,408.744,0,5.536,5.54,NA,42
"5/27/2022 8:24:34 AM",5.066,30.067,50.437,80.515,72439.4,1033.353,33.332,0.031,0.031,0.029,7.768,96.466,5.521,394.895,0,5.533,5.536,NA,42
"5/27/2022 8:24:34 AM",4.882,30.067,50.435,80.512,72437.1,1033.351,33.33,0.016,0.016,0,7.766,96.469,5.521,417.494,0,5.534,5.537,NA,42
"5/27/2022 8:24:35 AM",4.71,30.068,50.434,80.511,72434.8,1033.349,33.329,0.008,0.008,0,7.765,96.513,5.524,469.065,0,5.536,5.54,NA,42
"5/27/2022 8:24:35 AM",4.564,30.069,50.434,80.512,72434.8,1033.348,33.329,0.016,0.016,0,7.765,96.67,5.532,402.966,0,5.545,5.548,NA,42
"5/27/2022 8:24:35 AM",4.451,30.07,50.433,80.513,72433.9,1033.347,33.328,0.031,0.031,0.044,7.767,96.455,5.52,361.761,0,5.532,5.536,NA,42
"5/27/2022 8:24:35 AM",4.408,30.07,50.432,80.512,72432.1,1033.346,33.327,0.023,0.023,0,7.767,96.51,5.523,450.459,0,5.535,5.539,NA,42
"5/27/2022 8:24:35 AM",4.362,30.071,50.432,80.513,72432,1033.345,33.326,0.031,0.031,0.029,7.769,96.603,5.528,454.622,0,5.541,5.544,NA,42
"5/27/2022 8:24:36 AM",4.303,30.071,50.431,80.512,72431.4,1033.344,33.326,0.039,0.039,0.029,7.769,96.497,5.522,448.76,0,5.535,5.538,NA,42
"5/27/2022 8:24:36 AM",4.209,30.071,50.432,80.512,72431.7,1033.344,33.326,0,0,0,7.769,96.443,5.519,470,0,5.531,5.535,NA,42
"5/27/2022 8:24:36 AM",3.983,30.07,50.431,80.51,72431.1,1033.343,33.326,0.047,0.047,0.073,7.765,96.528,5.524,599.224,0,5.536,5.54,NA,42
"5/27/2022 8:24:36 AM",3.797,30.069,50.432,80.509,72431.9,1033.343,33.327,0,0,0,7.764,96.455,5.519,614.687,0,5.532,5.535,NA,42
"5/27/2022 8:24:36 AM",3.622,30.069,50.434,80.512,72434.5,1033.344,33.329,0.055,0.055,0.058,7.765,96.52,5.523,572.462,0,5.535,5.539,NA,42
"5/27/2022 8:24:37 AM",3.498,30.069,50.434,80.511,72434.2,1033.344,33.329,0.031,0.031,0,7.767,96.519,5.523,630.575,0,5.535,5.539,NA,42
"5/27/2022 8:24:37 AM",3.349,30.069,50.431,80.508,72430.8,1033.341,33.327,0,0,0,7.769,96.374,5.515,485.293,0,5.527,5.531,NA,42
"5/27/2022 8:24:37 AM",3.252,30.069,50.432,80.51,72432.1,1033.341,33.327,0,0,0,7.77,96.536,5.524,469.66,0,5.536,5.54,NA,42
"5/27/2022 8:24:37 AM",3.135,30.069,50.431,80.508,72430.4,1033.34,33.326,0.055,0.055,0.087,7.77,96.561,5.525,524.969,0,5.538,5.541,NA,42
"5/27/2022 8:24:37 AM",2.996,30.069,50.43,80.506,72428.9,1033.338,33.326,0.016,0.016,0.015,7.768,96.638,5.53,556.914,0,5.542,5.545,NA,42
"5/27/2022 8:24:38 AM",2.824,30.069,50.43,80.507,72429.7,1033.338,33.326,0.047,0.047,0.073,7.768,96.529,5.524,576.71,0,5.536,5.539,NA,42
"5/27/2022 8:24:38 AM",2.52,30.069,50.428,80.503,72426.3,1033.335,33.324,0.055,0.055,0.102,7.766,96.477,5.52,620.804,0,5.533,5.536,NA,42
"5/27/2022 8:24:38 AM",2.31,30.068,50.427,80.502,72425.9,1033.334,33.324,0,0,0,7.768,96.561,5.525,515.878,0,5.537,5.541,NA,42
"5/27/2022 8:24:38 AM",2.113,30.067,50.421,80.49,72418.1,1033.329,33.32,0.047,0.047,0.044,7.77,96.528,5.524,470.765,0,5.536,5.54,NA,42
"5/27/2022 8:24:39 AM",1.986,30.064,50.418,80.481,72414.6,1033.327,33.319,0.055,0.055,0.073,7.769,96.536,5.524,536.609,0,5.536,5.54,NA,42
"5/27/2022 8:24:39 AM",1.906,30.062,50.395,80.447,72386.4,1033.31,33.302,0.023,0.023,0.058,7.77,96.444,5.52,838.048,0,5.532,5.536,NA,42
"5/27/2022 8:24:39 AM",1.892,30.061,50.399,80.451,72391,1033.313,33.305,0.039,0.039,0.015,7.77,96.357,5.515,785.797,0,5.527,5.53,NA,42
"5/27/2022 8:24:39 AM",1.896,30.061,50.397,80.45,72389.2,1033.312,33.304,0.016,0.016,0,7.77,96.516,5.524,690.981,0,5.536,5.54,NA,42
"5/27/2022 8:24:39 AM",1.898,30.062,50.393,80.444,72383.3,1033.308,33.3,0,0,0,7.77,96.395,5.517,466.856,0,5.53,5.533,NA,42
"5/27/2022 8:24:40 AM",1.896,30.061,50.394,80.445,72385.2,1033.31,33.302,0.086,0.086,0.116,7.769,96.49,5.522,616.641,0,5.535,5.538,NA,42
"5/27/2022 8:24:40 AM",1.844,30.061,50.395,80.446,72386.3,1033.31,33.302,0.031,0.031,0.015,7.77,96.486,5.522,646.802,0,5.534,5.538,NA,42
"5/27/2022 8:24:40 AM",1.762,30.063,50.393,80.447,72383.6,1033.308,33.3,0,0,0,7.77,96.524,5.524,778.66,0,5.537,5.54,NA,42
"5/27/2022 8:24:40 AM",1.653,30.063,50.396,80.45,72386.8,1033.309,33.302,0,0,0,7.769,96.555,5.526,773.903,0,5.539,5.542,NA,42
"5/27/2022 8:24:40 AM",1.538,30.063,50.394,80.446,72384.1,1033.307,33.301,0,0,0,7.766,96.562,5.526,851.046,0,5.539,5.542,NA,42
"5/27/2022 8:24:41 AM",1.468,30.063,50.392,80.444,72382.1,1033.306,33.299,0.125,0.125,0.248,7.768,96.51,5.523,599.394,0,5.536,5.539,NA,42
"5/27/2022 8:24:41 AM",1.367,30.063,50.395,80.449,72385.7,1033.307,33.302,0.086,0.086,0.116,7.767,96.387,5.516,516.983,0,5.529,5.532,NA,42
"5/27/2022 8:24:41 AM",1.281,30.064,50.394,80.448,72384.1,1033.306,33.3,0.031,0.031,0,7.767,96.473,5.521,542.046,0,5.534,5.537,NA,42
"5/27/2022 8:24:41 AM",1.188,30.064,50.389,80.441,72377.8,1033.302,33.297,0,0,0,7.769,96.48,5.522,571.867,0,5.534,5.538,NA,42
"5/27/2022 8:24:41 AM",1.067,30.063,50.386,80.435,72374.3,1033.299,33.295,0.101,0.101,0.189,7.768,96.538,5.525,634.143,0,5.537,5.541,NA,42
"5/27/2022 8:24:42 AM",1.009,30.061,50.386,80.434,72374.8,1033.3,33.295,0.07,0.07,0.116,7.768,96.515,5.524,811.965,0,5.536,5.54,NA,42
"5/27/2022 8:24:42 AM",0.978,30.062,50.384,80.431,72372.3,1033.298,33.294,0,0,0,7.769,96.494,5.523,591.833,0,5.535,5.538,NA,42
"5/27/2022 8:24:42 AM",0.978,30.061,50.383,80.429,72370.9,1033.297,33.293,0.031,0.031,0.044,7.767,96.464,5.521,527.008,0,5.533,5.536,NA,42
"5/27/2022 8:24:42 AM",0.992,30.063,50.381,80.428,72367.6,1033.295,33.291,0.031,0.031,0.029,7.768,96.469,5.521,626.751,0,5.533,5.537,NA,42
"5/27/2022 8:24:42 AM",0.994,30.066,50.38,80.431,72366.6,1033.294,33.289,0.039,0.039,0,7.768,96.453,5.52,669.571,0,5.532,5.536,NA,42
"5/27/2022 8:24:43 AM",1.004,30.067,50.379,80.432,72364.6,1033.292,33.288,0.101,0.101,0.102,7.768,96.434,5.519,569.573,0,5.531,5.535,NA,42
"5/27/2022 8:24:43 AM",1.068,30.068,50.379,80.434,72365.7,1033.293,33.288,0.078,0.078,0.175,7.766,96.435,5.519,516.813,0,5.531,5.535,NA,42
"5/27/2022 8:24:43 AM",1.128,30.068,50.379,80.432,72364.7,1033.292,33.288,0,0,0,7.768,96.518,5.523,500.161,0,5.536,5.539,NA,42
"5/27/2022 8:24:43 AM",1.108,30.064,50.38,80.429,72366.1,1033.294,33.289,0.078,0.078,0.058,7.765,96.491,5.522,499.736,0,5.534,5.538,NA,42
"5/27/2022 8:24:43 AM",1.041,30.064,50.386,80.438,72374.6,1033.299,33.295,0.023,0.023,0,7.764,96.53,5.524,511.63,0,5.536,5.539,NA,42
"5/27/2022 8:24:44 AM",0.973,30.066,50.387,80.442,72375.5,1033.299,33.295,0,0,0,7.761,96.606,5.528,507.212,0,5.54,5.544,NA,42
"5/27/2022 8:24:44 AM",0.872,30.067,50.385,80.44,72372,1033.296,33.292,0.023,0.023,0,7.76,96.403,5.516,425.651,0,5.529,5.532,NA,42
"5/27/2022 8:24:44 AM",0.815,30.068,50.383,80.439,72370,1033.294,33.291,0.039,0.039,0.058,7.762,96.44,5.519,293.198,0,5.531,5.535,NA,42
"5/27/2022 8:24:44 AM",0.737,30.068,50.385,80.441,72372,1033.295,33.292,0.086,0.086,0.16,7.763,96.51,5.523,280.878,0,5.535,5.539,NA,42
"5/27/2022 8:24:44 AM",0.624,30.068,50.38,80.435,72366.6,1033.291,33.289,0.133,0.133,0.277,7.765,96.399,5.516,325.652,0,5.529,5.532,NA,42
"5/27/2022 8:24:45 AM",0.321,30.069,50.385,80.442,72371.4,1033.293,33.291,0,0,0,7.765,96.422,5.517,516.983,0,5.53,5.533,NA,42
"5/27/2022 8:24:45 AM",0.081,30.072,50.377,80.435,72361.2,1033.285,33.285,0,0,0,7.764,96.446,5.519,793.783,0,5.531,5.535,NA,42
"5/27/2022 8:24:45 AM",0,30.072,50.367,80.423,72349.5,1033.277,33.277,0,0,0,7.764,96.486,5.521,1072.878,0,5.534,5.537,NA,42
"5/27/2022 8:24:45 AM",0,30.073,49.648,79.426,71451.8,1032.731,32.732,0,0,6.233,7.762,96.546,5.547,1175.34,0,5.559,5.563,NA,42
"5/27/2022 8:24:46 AM",0,30.074,50.35,80.401,72327.7,1033.262,33.264,0,0,0,7.762,96.404,5.517,854.105,0,5.529,5.533,NA,42
"5/27/2022 8:24:46 AM",0,30.075,49.944,79.841,71821.8,1032.954,32.956,0,0,0,7.765,93.805,5.38,815.193,0,5.392,5.395,NA,42
"5/27/2022 8:24:46 AM",0,30.076,50.266,80.287,72222.3,1033.197,33.199,0,0,0,7.765,95.876,5.488,668.297,0,5.501,5.504,NA,42
"5/27/2022 8:24:46 AM",0,30.076,50.303,80.338,72268.3,1033.225,33.227,0,0,0,7.765,96.452,5.52,626.497,0,5.533,5.536,NA,42
"5/27/2022 8:24:46 AM",0,30.076,50.348,80.401,72324.4,1033.259,33.261,0.967,0.967,0,7.764,96.49,5.521,1030.228,0,5.533,5.537,NA,42
"5/27/2022 8:24:47 AM",0,30.075,50.348,80.401,72325.4,1033.26,33.262,0.187,0.187,0,7.764,96.433,5.517,1244.582,0,5.53,5.533,NA,42
"5/27/2022 8:24:47 AM",0,30.076,50.348,80.401,72325,1033.26,33.262,1.498,1.498,0,7.762,96.406,5.516,1229.544,0,5.529,5.532,NA,42
"5/27/2022 8:24:47 AM",0,30.076,50.348,80.402,72325,1033.259,33.261,0.452,0.452,0.291,7.763,96.631,5.529,1197.259,0,5.542,5.545,NA,42
"5/27/2022 8:24:47 AM",0,30.076,50.345,80.396,72320.5,1033.257,33.259,0.125,0.125,1.049,7.761,96.453,5.519,1336.424,0,5.531,5.535,NA,42
"5/27/2022 8:24:47 AM",0,30.076,50.333,80.38,72306.2,1033.248,33.25,3.019,3.019,4.42,7.759,96.49,5.521,1600.056,0,5.534,5.537,NA,42
"5/27/2022 8:24:48 AM",0,30.076,42.804,69.791,62779.5,1027.562,27.564,0,0,0,7.76,96.499,5.755,1661.142,0,5.77,5.772,NA,42
"5/27/2022 8:24:48 AM",0,30.066,1.656,3.508,3156.1,996.865,0,13.175,13.175,11.16,7.761,96.398,7.208,1760.376,0,7.228,7.228,NA,42
"5/27/2022 8:24:48 AM",0,30.023,1.068,2.313,2082.7,996.44,0,183.403,183.403,516.417,7.761,97.111,7.285,1835.141,0,7.306,7.306,NA,42
"5/27/2022 8:24:48 AM",0,29.864,0.824,1.8,1626.1,996.305,0,431.569,431.569,1004.21,7.758,96.242,7.23,1999.793,0,7.251,7.251,NA,42
"5/27/2022 8:24:48 AM",0,29.712,0.816,1.779,1612.3,996.345,0,312.108,312.108,959.618,7.757,96.287,7.235,2000.983,0,7.256,7.256,NA,42
"5/27/2022 8:24:49 AM",0,29.538,0.687,1.505,1368,996.301,0,374.646,374.646,1257.21,7.756,96.196,7.234,2005.231,0,7.255,7.255,NA,42
"5/27/2022 8:24:49 AM",0,29.365,0.648,1.417,1293.1,996.323,0,400.693,400.693,1257.21,7.753,96.002,7.223,1952.725,0,7.243,7.243,NA,42
"5/27/2022 8:24:49 AM",0,29.085,0.593,1.294,1187,996.364,0,453.044,453.044,1257.21,7.754,96.054,7.23,1745.932,0,7.251,7.251,NA,42
"5/27/2022 8:24:49 AM",0,28.957,0.604,1.314,1209,996.41,0,445.891,445.891,1257.21,7.755,95.878,7.218,1775.838,0,7.239,7.239,NA,42
"5/27/2022 8:24:49 AM",0,28.848,0.521,1.138,1048.8,996.38,0,461.375,461.375,1257.21,7.754,95.518,7.195,1785.779,0,7.216,7.216,NA,42
"5/27/2022 8:24:50 AM",0,28.641,0.507,1.105,1022.6,996.43,0,331.547,331.547,957.926,7.752,95.554,7.199,1889.6,0,7.22,7.22,NA,42
"5/27/2022 8:24:50 AM",0,28.425,0.481,1.045,971.6,996.473,0,190.775,190.775,952.92,7.751,95.11,7.168,1892.659,0,7.189,7.189,NA,42
"5/27/2022 8:24:50 AM",0,28.253,0.464,1.005,937.9,996.51,0,506.05,506.05,1257.21,7.751,94.924,7.156,1665.135,0,7.176,7.176,NA,42
"5/27/2022 8:24:50 AM",0,28.197,0.448,0.972,908.1,996.514,0,506.05,506.05,1257.21,7.751,95.017,7.165,1867.85,0,7.185,7.186,NA,42
"5/27/2022 8:24:50 AM",0,28.268,0.442,0.96,895.9,996.489,0,378.024,378.024,688.073,7.749,95.087,7.171,1821.037,0,7.192,7.192,NA,42
"5/27/2022 8:24:51 AM",0,28.349,0.429,0.935,870.7,996.456,0,364.03,364.03,455.819,7.748,95.236,7.184,1856.72,0,7.205,7.205,NA,42
"5/27/2022 8:24:51 AM",0,28.417,0.408,0.891,829,996.421,0,257.674,257.674,619.145,7.749,95.012,7.17,1431.834,0,7.191,7.191,NA,42
"5/27/2022 8:24:51 AM",0,28.351,0.398,0.869,809.3,996.432,0,151.826,151.826,279.739,7.75,95.109,7.179,1614.754,0,7.199,7.199,NA,42
"5/27/2022 8:24:51 AM",0,28.22,0.378,0.824,769.7,996.455,0,160.266,160.266,589.041,7.749,95.026,7.174,1696.995,0,7.195,7.195,NA,42
"5/27/2022 8:24:51 AM",0,28.181,0.361,0.789,737,996.454,0,219.7,219.7,1206.625,7.748,94.888,7.165,1662.501,0,7.186,7.186,NA,42
"5/27/2022 8:24:52 AM",0,28.245,0.378,0.826,770.6,996.448,0,298.207,298.207,772.532,7.745,94.863,7.164,1546.021,0,7.185,7.185,NA,42
"5/27/2022 8:24:52 AM",0,28.296,0.468,1.016,947.1,996.501,0,289.681,289.681,573.098,7.745,94.961,7.169,1501.502,0,7.19,7.19,NA,42
"5/27/2022 8:24:52 AM",0,28.365,0.394,0.861,801.5,996.425,0,79.17,79.17,138.707,7.748,95.004,7.176,1393.178,0,7.197,7.197,NA,42
"5/27/2022 8:24:52 AM",0,28.41,0.38,0.831,772.8,996.401,0,19.494,19.494,3.164,7.751,94.829,7.164,882.397,0,7.185,7.185,NA,42
"5/27/2022 8:24:53 AM",0,28.24,0.394,0.859,801.5,996.461,0,3.807,3.807,0,7.75,95.132,7.19,683.42,0,7.211,7.211,NA,42
"5/27/2022 8:24:53 AM",0,28.066,0.379,0.823,771.2,996.499,0,1.576,1.576,0,7.743,95.258,7.202,1267.946,0,7.223,7.223,NA,42
"5/27/2022 8:24:53 AM",0,27.863,0.343,0.744,700.2,996.53,0,0.452,0.452,0,7.738,95.228,7.203,1826.05,0,7.224,7.224,NA,42
"5/27/2022 8:24:53 AM",0,27.564,0.334,0.722,683.3,996.608,0,0.164,0.164,17.213,7.733,95.223,7.207,2101.916,0,7.228,7.228,NA,42
"5/27/2022 8:24:53 AM",0,27.418,0.337,0.726,688.9,996.651,0,11.756,11.756,1.646,7.733,95.419,7.225,2092.57,0,7.246,7.246,NA,42
"5/27/2022 8:24:54 AM",0,27.349,0.334,0.718,682.6,996.668,0,7.216,7.216,2.405,7.728,95.706,7.25,1447.042,0,7.271,7.271,NA,42
"5/27/2022 8:24:54 AM",0,27.435,0.332,0.715,678.7,996.642,0,154.884,154.884,0,7.724,95.834,7.262,1989.343,0,7.283,7.283,NA,42
"5/27/2022 8:24:54 AM",0,27.532,0.326,0.703,666.1,996.61,0,191.056,191.056,0,7.719,96.062,7.281,2099.452,0,7.302,7.302,NA,42
"5/27/2022 8:24:54 AM",0,27.61,0.792,1.661,1570.6,996.939,0,87.922,87.922,37.963,7.728,95.478,7.219,2130.632,0,7.24,7.24,NA,42
"5/27/2022 8:24:54 AM",0,28.437,3.481,6.839,6358.2,998.713,0,23.901,23.901,27.293,7.826,94.705,7.064,2067.507,0,7.084,7.084,NA,42
"5/27/2022 8:24:55 AM",0,28.779,3.414,6.761,6241.8,998.563,0,7.848,7.848,15.443,7.916,94.638,7.072,2021.883,0,7.093,7.093,NA,42
"5/27/2022 8:24:55 AM",0,28.881,2.053,4.202,3871.4,997.517,0,2.777,2.777,12.174,7.985,94.549,7.131,1966.489,0,7.151,7.151,NA,42
"5/27/2022 8:24:55 AM",0,28.883,1.972,4.045,3726.7,997.456,0,1.857,1.857,10.851,8.016,94.353,7.124,1898.096,0,7.145,7.145,NA,42
"5/27/2022 8:24:55 AM",0,28.877,1.859,3.827,3525.8,997.373,0,1.802,1.802,9.941,8.043,94.148,7.116,1797.248,0,7.137,7.137,NA,42
"5/27/2022 8:24:55 AM",0,28.899,2.533,5.121,4716.6,997.87,0,1.435,1.435,9.897,8.073,94.009,7.083,1729.62,0,7.103,7.103,NA,42
"5/27/2022 8:24:56 AM",0,28.902,1.703,3.525,3246,997.249,0,1.685,1.685,9.618,8.089,93.959,7.114,1704.472,0,7.134,7.134,NA,42
"5/27/2022 8:24:56 AM",0,28.904,1.735,3.587,3303.4,997.273,0,1.95,1.95,9.354,8.099,93.841,7.105,1674.906,0,7.125,7.126,NA,42
"5/27/2022 8:24:56 AM",0,28.906,1.669,3.457,3183.8,997.223,0,1.818,1.818,9.471,8.105,93.82,7.107,1646.104,0,7.128,7.128,NA,42
"5/27/2022 8:24:56 AM",0,28.912,1.657,3.435,3163,997.212,0,1.966,1.966,8.928,8.111,93.786,7.106,1630.301,0,7.126,7.126,NA,42
"5/27/2022 8:24:56 AM",0,28.911,1.627,3.376,3108.1,997.19,0,2.239,2.239,8.752,8.118,93.748,7.104,1608.042,0,7.125,7.125,NA,42
"5/27/2022 8:24:57 AM",0,28.911,2.143,4.378,4031.3,997.576,0,1.95,1.95,8.87,8.121,93.805,7.088,1580.77,0,7.109,7.109,NA,42
"5/27/2022 8:24:57 AM",0,28.915,1.419,2.966,2731.1,997.033,0,1.966,1.966,8.972,8.124,93.556,7.098,1513.226,0,7.118,7.118,NA,42
"5/27/2022 8:24:57 AM",0,28.918,1.469,3.064,2821,997.069,0,2.083,2.083,9.251,8.124,93.513,7.093,1557.406,0,7.113,7.113,NA,42
"5/27/2022 8:24:57 AM",0,28.92,1.542,3.21,2955,997.124,0,2.098,2.098,9.251,8.126,93.535,7.092,1565.222,0,7.112,7.112,NA,42
"5/27/2022 8:24:57 AM",0,28.922,1.46,3.047,2805.2,997.061,0,1.911,1.911,9.104,8.128,93.48,7.091,1578.391,0,7.112,7.112,NA,42
"5/27/2022 8:24:58 AM",0,28.916,1.507,3.14,2891.4,997.099,0,1.56,1.56,9.09,8.127,93.342,7.079,1596.063,0,7.099,7.099,NA,42
"5/27/2022 8:24:58 AM",0,28.913,1.529,3.182,2930,997.116,0,1.771,1.771,9.28,8.126,93.352,7.079,1617.812,0,7.1,7.1,NA,42
"5/27/2022 8:24:58 AM",0,28.911,1.604,3.331,3066.9,997.173,0,1.716,1.716,9.163,8.125,93.331,7.075,1664.795,0,7.095,7.095,NA,42
"5/27/2022 8:24:58 AM",0,28.912,1.512,3.149,2899.8,997.103,0,1.599,1.599,9.178,8.128,93.386,7.082,1695.636,0,7.103,7.103,NA,42
"5/27/2022 8:24:59 AM",0,28.911,1.543,3.211,2956.2,997.127,0,1.435,1.435,9.97,8.128,93.434,7.085,1721.974,0,7.105,7.105,NA,42
"5/27/2022 8:24:59 AM",0,28.91,1.448,3.023,2783.4,997.056,0,1.443,1.443,9.486,8.127,93.47,7.091,1747.716,0,7.112,7.112,NA,42
"5/27/2022 8:24:59 AM",0,28.91,1.793,3.701,3407.6,997.314,0,2.098,2.098,9.603,8.13,93.374,7.07,1783.315,0,7.091,7.091,NA,42
"5/27/2022 8:24:59 AM",0,28.905,1.446,3.019,2780.5,997.056,0,1.966,1.966,8.826,8.13,93.342,7.081,1808.633,0,7.102,7.102,NA,42
"5/27/2022 8:24:59 AM",0,28.9,1.513,3.151,2901.8,997.108,0,1.646,1.646,9.148,8.129,93.361,7.08,1821.972,0,7.1,7.1,NA,42
"5/27/2022 8:25:00 AM",0,28.899,1.531,3.186,2934.7,997.121,0,1.264,1.264,9.119,8.129,93.341,7.077,1824.011,0,7.098,7.098,NA,42
"5/27/2022 8:25:00 AM",0,28.902,1.419,2.965,2730.6,997.037,0,1.474,1.474,9.339,8.127,93.261,7.075,1820.782,0,7.096,7.096,NA,42
"5/27/2022 8:25:00 AM",0,28.91,1.443,3.014,2775.1,997.053,0,1.74,1.74,8.708,8.125,93.29,7.076,1804.045,0,7.096,7.096,NA,42
"5/27/2022 8:25:00 AM",0,28.914,1.476,3.079,2834.8,997.076,0,2.083,2.083,8.752,8.122,93.327,7.077,1784.929,0,7.098,7.098,NA,42
"5/27/2022 8:25:00 AM",0,28.917,1.475,3.077,2832.9,997.074,0,1.724,1.724,8.958,8.12,93.349,7.078,1758.421,0,7.099,7.099,NA,42
"5/27/2022 8:25:01 AM",0,28.92,1.445,3.017,2777.2,997.051,0,1.716,1.716,9.119,8.117,93.326,7.077,1714.922,0,7.098,7.098,NA,42
"5/27/2022 8:25:01 AM",0,28.948,1.415,2.959,2722.9,997.02,0,1.81,1.81,8.899,8.116,93.374,7.082,1686.885,0,7.103,7.103,NA,42
"5/27/2022 8:25:01 AM",0,28.944,1.433,2.996,2756.4,997.035,0,1.685,1.685,9.662,8.115,93.297,7.075,1658.678,0,7.096,7.096,NA,42
"5/27/2022 8:25:01 AM",0,28.941,1.455,3.039,2796.8,997.052,0,1.825,1.825,9.163,8.113,93.408,7.082,1634.38,0,7.103,7.103,NA,42
"5/27/2022 8:25:01 AM",0,28.941,1.424,2.978,2740,997.029,0,1.599,1.599,9.647,8.111,93.438,7.086,1588.756,0,7.106,7.106,NA,42
"5/27/2022 8:25:02 AM",0,28.932,1.424,2.977,2740,997.032,0,1.888,1.888,8.84,8.111,93.394,7.082,1541.603,0,7.102,7.103,NA,42
"5/27/2022 8:25:02 AM",0,28.915,1.437,3.002,2764.1,997.047,0,1.74,1.74,9.002,8.109,93.375,7.08,1509.573,0,7.1,7.1,NA,42
"5/27/2022 8:25:02 AM",0,28.908,1.419,2.966,2730.8,997.035,0,1.747,1.747,8.87,8.109,93.459,7.087,1502.521,0,7.108,7.108,NA,42
"5/27/2022 8:25:02 AM",0,28.913,1.402,2.931,2698.8,997.02,0,1.911,1.911,8.884,8.106,93.286,7.075,1523.931,0,7.095,7.095,NA,42
"5/27/2022 8:25:02 AM",0,28.917,1.407,2.942,2708.7,997.023,0,1.708,1.708,8.826,8.104,93.283,7.074,1552.563,0,7.095,7.095,NA,42
"5/27/2022 8:25:03 AM",0,28.919,1.398,2.925,2692.7,997.016,0,1.849,1.849,8.958,8.104,93.278,7.074,1592.579,0,7.095,7.095,NA,42
"5/27/2022 8:25:03 AM",0,28.918,1.458,3.043,2801.9,997.061,0,1.857,1.857,9.339,8.101,93.446,7.085,1637.523,0,7.105,7.105,NA,42
"5/27/2022 8:25:03 AM",0,28.919,1.406,2.941,2707.3,997.022,0,1.833,1.833,8.782,8.1,93.402,7.083,1683.996,0,7.104,7.104,NA,42
"5/27/2022 8:25:03 AM",0,28.92,1.41,2.947,2713.4,997.024,0,1.958,1.958,8.518,8.1,93.351,7.08,1746.697,0,7.1,7.101,NA,42
"5/27/2022 8:25:03 AM",0,28.916,1.415,2.958,2723.3,997.03,0,1.841,1.841,8.401,8.099,93.411,7.084,1809.737,0,7.105,7.105,NA,42
"5/27/2022 8:25:04 AM",0,28.919,1.353,2.835,2609.8,996.982,0,1.654,1.654,8.342,8.097,93.348,7.082,1852.642,0,7.103,7.103,NA,42
"5/27/2022 8:25:04 AM",0,28.911,1.351,2.831,2606.6,996.983,0,1.623,1.623,9.515,8.097,93.378,7.085,1865.386,0,7.106,7.106,NA,42
"5/27/2022 8:25:04 AM",0,28.909,1.353,2.835,2610.7,996.985,0,1.654,1.654,9.222,8.094,93.249,7.076,1857.655,0,7.097,7.097,NA,42
"5/27/2022 8:25:04 AM",0,28.917,1.352,2.832,2607.6,996.982,0,1.74,1.74,9.779,8.092,93.378,7.087,1823.841,0,7.107,7.107,NA,42
"5/27/2022 8:25:04 AM",0,28.925,1.373,2.876,2647.1,996.996,0,1.825,1.825,8.84,8.092,93.234,7.075,1784.674,0,7.095,7.095,NA,42
"5/27/2022 8:25:05 AM",0,28.927,1.353,2.835,2609.9,996.98,0,1.693,1.693,9.06,8.089,93.269,7.078,1767.937,0,7.099,7.099,NA,42
"5/27/2022 8:25:05 AM",0,28.927,1.355,2.84,2614.1,996.982,0,1.763,1.763,9.266,8.088,93.226,7.075,1740.75,0,7.095,7.095,NA,42
"5/27/2022 8:25:05 AM",0,28.929,1.464,3.056,2812.8,997.063,0,2.044,2.044,9.457,8.087,93.342,7.079,1704.557,0,7.1,7.1,NA,42
"5/27/2022 8:25:05 AM",0,28.931,1.35,2.829,2603.7,996.976,0,1.857,1.857,9.295,8.085,93.153,7.069,1657.829,0,7.089,7.089,NA,42
"5/27/2022 8:25:06 AM",0,28.934,1.344,2.818,2593.7,996.971,0,1.771,1.771,8.987,8.082,93.172,7.07,1591.475,0,7.09,7.09,NA,42
"5/27/2022 8:25:06 AM",0,28.935,1.386,2.901,2670.1,997.002,0,1.701,1.701,8.84,8.08,93.246,7.074,1496.574,0,7.094,7.094,NA,42
"5/27/2022 8:25:06 AM",0,28.936,1.3,2.732,2513.9,996.938,0,1.685,1.685,8.445,8.079,93.078,7.064,1480.941,0,7.085,7.085,NA,42
"5/27/2022 8:25:06 AM",0,28.938,1.281,2.694,2478.9,996.923,0,1.857,1.857,8.679,8.079,93.154,7.071,1489.947,0,7.091,7.091,NA,42
"5/27/2022 8:25:06 AM",0,28.942,1.414,2.957,2721.2,997.021,0,1.935,1.935,8.943,8.079,93.146,7.065,1501.842,0,7.086,7.086,NA,42
"5/27/2022 8:25:07 AM",0,28.944,1.246,2.623,2413.4,996.895,0,1.498,1.498,8.621,8.079,93.201,7.076,1542.877,0,7.096,7.096,NA,42
"5/27/2022 8:25:07 AM",0,28.946,1.258,2.648,2436.7,996.904,0,1.818,1.818,8.708,8.077,93.314,7.084,1576.777,0,7.105,7.105,NA,42
"5/27/2022 8:25:07 AM",0,28.945,1.457,3.043,2799.9,997.053,0,1.724,1.724,9.28,8.076,93.281,7.074,1606.088,0,7.094,7.094,NA,42
"5/27/2022 8:25:07 AM",0,28.942,1.216,2.564,2359.2,996.873,0,1.443,1.443,9.236,8.076,93.313,7.086,1635.399,0,7.106,7.106,NA,42
"5/27/2022 8:25:07 AM",0,28.942,1.284,2.698,2483,996.924,0,1.552,1.552,9.589,8.075,93.32,7.083,1660.632,0,7.104,7.104,NA,42
"5/27/2022 8:25:08 AM",0,28.948,1.341,2.812,2587.5,996.965,0,1.654,1.654,8.782,8.073,93.303,7.08,1679.578,0,7.1,7.1,NA,42
"5/27/2022 8:25:08 AM",0,28.949,1.211,2.554,2349.7,996.868,0,1.747,1.747,8.151,8.072,93.329,7.086,1707.87,0,7.107,7.107,NA,42
"5/27/2022 8:25:08 AM",0,28.943,1.315,2.761,2541,996.947,0,2.052,2.052,7.58,8.07,93.239,7.076,1722.483,0,7.096,7.096,NA,42
"5/27/2022 8:25:08 AM",0,28.941,1.288,2.707,2491.1,996.927,0,2.169,2.169,8.752,8.068,93.229,7.076,1736.842,0,7.096,7.096,NA,42
"5/27/2022 8:25:08 AM",0,28.942,1.215,2.562,2357.3,996.873,0,1.997,1.997,9.28,8.068,93.254,7.081,1748.141,0,7.101,7.101,NA,42
"5/27/2022 8:25:09 AM",0,28.942,1.251,2.634,2423.3,996.9,0,1.786,1.786,8.591,8.066,93.169,7.072,1762.16,0,7.093,7.093,NA,42
"5/27/2022 8:25:09 AM",0,28.945,1.228,2.587,2380.7,996.881,0,1.576,1.576,8.987,8.065,93.338,7.086,1782.125,0,7.106,7.106,NA,42
"5/27/2022 8:25:09 AM",0,28.948,1.23,2.592,2385,996.882,0,1.412,1.412,8.679,8.064,93.416,7.091,1785.354,0,7.112,7.112,NA,42
"5/27/2022 8:25:09 AM",0,28.953,1.257,2.646,2434.7,996.901,0,1.63,1.63,8.855,8.063,93.361,7.085,1783.23,0,7.106,7.106,NA,42
"5/27/2022 8:25:09 AM",0,28.956,1.203,2.537,2334.2,996.859,0,1.537,1.537,9.016,8.062,93.331,7.085,1778.642,0,7.105,7.105,NA,42
"5/27/2022 8:25:10 AM",0,28.961,1.245,2.622,2412.1,996.889,0,1.623,1.623,9.016,8.06,93.287,7.08,1772.185,0,7.1,7.1,NA,42
"5/27/2022 8:25:10 AM",0,28.961,1.289,2.709,2492,996.922,0,1.615,1.615,9.207,8.058,93.349,7.082,1760.63,0,7.103,7.103,NA,42
"5/27/2022 8:25:10 AM",0,28.964,1.209,2.551,2346.5,996.862,0,1.786,1.786,8.987,8.058,93.338,7.084,1747.292,0,7.105,7.105,NA,42
"5/27/2022 8:25:10 AM",0,28.964,1.281,2.695,2478.5,996.915,0,1.981,1.981,9.354,8.056,93.301,7.078,1731.149,0,7.099,7.099,NA,42
"5/27/2022 8:25:10 AM",0,28.964,1.296,2.724,2505.3,996.927,0,1.599,1.599,9.222,8.055,93.315,7.079,1712.798,0,7.099,7.099,NA,42
"5/27/2022 8:25:11 AM",0,28.965,1.219,2.57,2364,996.869,0,1.755,1.755,8.943,8.055,93.326,7.082,1704.727,0,7.102,7.102,NA,42
"5/27/2022 8:25:11 AM",0,28.965,1.338,2.808,2582.7,996.958,0,1.568,1.568,8.84,8.055,93.25,7.071,1698.694,0,7.092,7.092,NA,42
"5/27/2022 8:25:11 AM",0,28.965,1.369,2.869,2638.8,996.981,0,1.716,1.716,8.401,8.055,93.219,7.067,1696.146,0,7.088,7.088,NA,42
"5/27/2022 8:25:11 AM",0,28.971,1.238,2.609,2399.7,996.881,0,1.716,1.716,8.958,8.053,93.235,7.074,1702.348,0,7.094,7.094,NA,42
"5/27/2022 8:25:11 AM",0,28.972,1.288,2.708,2490.8,996.918,0,1.552,1.552,8.943,8.053,93.299,7.076,1713.478,0,7.097,7.097,NA,42
"5/27/2022 8:25:12 AM",0,28.973,1.235,2.603,2393.4,996.878,0,1.568,1.568,9.369,8.052,93.304,7.078,1727.836,0,7.099,7.099,NA,42
"5/27/2022 8:25:12 AM",0,28.976,1.22,2.573,2365.7,996.866,0,1.74,1.74,8.943,8.053,93.301,7.079,1744.743,0,7.099,7.099,NA,42
"5/27/2022 8:25:12 AM",0,28.975,1.3,2.733,2513,996.926,0,1.903,1.903,9.222,8.053,93.26,7.072,1772.27,0,7.093,7.093,NA,42
"5/27/2022 8:25:12 AM",0,28.976,1.222,2.577,2370.2,996.868,0,1.529,1.529,9.662,8.052,93.235,7.073,1792.066,0,7.094,7.094,NA,42
"5/27/2022 8:25:12 AM",0,28.978,1.235,2.604,2394.3,996.877,0,1.576,1.576,9.867,8.051,93.282,7.076,1810.332,0,7.097,7.097,NA,42
"5/27/2022 8:25:13 AM",0,28.98,1.257,2.648,2434.6,996.893,0,1.732,1.732,9.75,8.05,93.154,7.065,1826.475,0,7.086,7.086,NA,42
"5/27/2022 8:25:13 AM",0,28.982,1.219,2.571,2363.6,996.863,0,1.997,1.997,9.163,8.05,93.158,7.067,1840.578,0,7.088,7.088,NA,42
"5/27/2022 8:25:13 AM",0,28.985,1.253,2.64,2427.4,996.889,0,1.81,1.81,8.987,8.049,93.17,7.067,1854.427,0,7.087,7.087,NA,42
"5/27/2022 8:25:13 AM",0,28.987,1.222,2.578,2369.7,996.865,0,1.701,1.701,9.457,8.048,93.162,7.067,1855.871,0,7.088,7.088,NA,42
"5/27/2022 8:25:13 AM",0,28.988,1.198,2.53,2325.8,996.846,0,1.74,1.74,9.647,8.048,93.223,7.073,1849.074,0,7.093,7.093,NA,42
"5/27/2022 8:25:14 AM",0,28.991,1.228,2.591,2381.5,996.868,0,1.911,1.911,9.06,8.047,93.107,7.063,1832.252,0,7.083,7.083,NA,42
"5/27/2022 8:25:14 AM",0,28.994,1.193,2.52,2316.4,996.841,0,1.662,1.662,9.618,8.045,93.245,7.074,1802.261,0,7.094,7.094,NA,42
"5/27/2022 8:25:14 AM",0,28.996,1.208,2.549,2343.3,996.851,0,1.49,1.49,8.87,8.042,93.148,7.066,1779.831,0,7.087,7.087,NA,42
"5/27/2022 8:25:14 AM",0,28.996,1.267,2.668,2452.7,996.896,0,1.482,1.482,8.958,8.041,93.075,7.058,1758.337,0,7.078,7.078,NA,42
"5/27/2022 8:25:15 AM",0,28.998,1.195,2.525,2320.6,996.841,0,1.896,1.896,9.501,8.04,93.136,7.066,1738.116,0,7.086,7.086,NA,42
"5/27/2022 8:25:15 AM",0,28.999,1.203,2.54,2335,996.847,0,1.981,1.981,8.723,8.039,92.918,7.049,1716.621,0,7.069,7.069,NA,42
"5/27/2022 8:25:15 AM",0,29.003,1.229,2.593,2382.9,996.865,0,1.849,1.849,8.972,8.038,93.197,7.068,1687.395,0,7.089,7.089,NA,42
"5/27/2022 8:26:33 AM",0,30.073,50.486,80.588,72496.7,1033.367,33.367,0.491,0.491,0.218,7.699,96.345,5.519,452.243,0,5.532,5.535,NA,42
"5/27/2022 8:26:33 AM",0,30.075,50.483,80.588,72493.4,1033.364,33.364,0.32,0.32,0.204,7.709,96.332,5.518,507.722,0,5.53,5.534,NA,42
"5/27/2022 8:26:33 AM",0,30.075,50.487,80.592,72497.5,1033.366,33.366,0.086,0.086,0.029,7.722,96.409,5.521,551.222,0,5.534,5.537,NA,42
"5/27/2022 8:26:33 AM",0,30.076,50.487,80.593,72497.4,1033.366,33.366,0.023,0.023,0.116,7.729,96.351,5.517,560.737,0,5.53,5.533,NA,42
"5/27/2022 8:26:34 AM",0,30.075,50.487,80.593,72497.8,1033.366,33.367,0.179,0.179,0.335,7.735,96.365,5.517,610.524,0,5.53,5.533,NA,42
"5/27/2022 8:26:34 AM",0,30.074,50.486,80.59,72497.4,1033.366,33.367,0.211,0.211,0.306,7.74,96.439,5.521,556.065,0,5.533,5.537,NA,42
"5/27/2022 8:26:34 AM",0,30.076,50.488,80.594,72499,1033.367,33.367,0.078,0.078,0.248,7.748,96.466,5.522,577.22,0,5.534,5.538,NA,42
"5/27/2022 8:26:34 AM",0,30.074,50.491,80.596,72503.2,1033.37,33.37,0.125,0.125,0.408,7.753,96.471,5.521,522.76,0,5.534,5.537,NA,42
"5/27/2022 8:26:34 AM",0,30.074,50.491,80.596,72503.2,1033.37,33.37,0.109,0.109,0.262,7.759,96.483,5.522,559.718,0,5.534,5.538,NA,42
"5/27/2022 8:26:35 AM",0,30.076,50.483,80.588,72492.4,1033.363,33.363,0.117,0.117,0.291,7.764,96.454,5.52,543.83,0,5.533,5.536,NA,42
"5/27/2022 8:26:35 AM",0,30.081,50.487,80.601,72497.9,1033.365,33.365,0.055,0.055,0.015,7.772,96.334,5.513,492.769,0,5.526,5.529,NA,42
"5/27/2022 8:26:35 AM",0.043,30.081,50.49,80.606,72501,1033.367,33.367,0,0,0,7.778,96.459,5.521,405.005,0,5.533,5.536,NA,42
"5/27/2022 8:26:35 AM",0.102,30.083,50.487,80.603,72496.9,1033.364,33.364,0,0,0.087,7.782,96.366,5.515,408.489,0,5.528,5.531,NA,42
"5/27/2022 8:26:35 AM",0.149,30.083,50.484,80.599,72493.4,1033.362,33.362,0.125,0.125,0.277,7.786,96.451,5.52,376.544,0,5.533,5.536,NA,42
"5/27/2022 8:26:36 AM",0.14,30.079,50.492,80.605,72503.5,1033.37,33.369,0.133,0.133,0.379,7.791,96.411,5.517,397.784,0,5.53,5.533,NA,42
"5/27/2022 8:26:36 AM",0.102,30.075,50.499,80.609,72512.8,1033.376,33.376,0.125,0.125,0.277,7.795,96.452,5.519,421.318,0,5.531,5.535,NA,42
"5/27/2022 8:26:36 AM",0.041,30.074,50.5,80.61,72514.9,1033.378,33.377,0.086,0.086,0.277,7.798,96.514,5.523,400.417,0,5.535,5.538,NA,42
"5/27/2022 8:26:36 AM",0,30.074,50.499,80.608,72513.5,1033.377,33.377,0.07,0.07,0.262,7.801,96.562,5.526,452.328,0,5.538,5.541,NA,42
"5/27/2022 8:26:36 AM",0,30.076,50.497,80.607,72509.9,1033.373,33.374,0,0,0,7.803,96.508,5.522,518.257,0,5.535,5.538,NA,42
"5/27/2022 8:26:37 AM",0,30.078,50.493,80.606,72505.4,1033.37,33.37,0.086,0.086,0,7.806,96.556,5.526,573.991,0,5.538,5.541,NA,42
"5/27/2022 8:26:37 AM",0,30.079,50.49,80.603,72501.8,1033.367,33.368,0,0,0,7.81,96.568,5.526,511.63,0,5.539,5.542,NA,42
"5/27/2022 8:26:37 AM",0,30.079,50.492,80.604,72503.3,1033.368,33.369,0.109,0.109,0,7.812,96.474,5.521,538.818,0,5.533,5.537,NA,42
"5/27/2022 8:26:37 AM",0,30.077,50.499,80.612,72512.8,1033.375,33.375,0.023,0.023,0,7.815,96.554,5.525,497.357,0,5.537,5.541,NA,42
"5/27/2022 8:26:37 AM",0,30.077,50.498,80.61,72510.9,1033.373,33.374,0.195,0.195,0.437,7.817,96.679,5.532,557.849,0,5.544,5.547,NA,42
"5/27/2022 8:26:38 AM",0,30.077,50.496,80.608,72509.5,1033.372,33.373,0.179,0.179,0.481,7.82,96.554,5.524,529.217,0,5.537,5.54,NA,42
"5/27/2022 8:26:38 AM",0,30.077,50.497,80.609,72509.8,1033.372,33.373,0,0,0.218,7.822,96.438,5.517,557.169,0,5.53,5.533,NA,42
"5/27/2022 8:26:38 AM",0,30.078,50.499,80.614,72513.1,1033.374,33.375,0,0,0,7.824,96.424,5.516,687.498,0,5.529,5.532,NA,42
"5/27/2022 8:26:38 AM",0,30.078,50.499,80.614,72512.8,1033.374,33.375,0,0,0,7.825,96.544,5.523,686.903,0,5.536,5.539,NA,42
"5/27/2022 8:26:38 AM",0,30.079,50.498,80.612,72510.7,1033.372,33.374,0.016,0.016,0.029,7.828,96.517,5.522,615.622,0,5.534,5.538,NA,42
"5/27/2022 8:26:39 AM",0,30.079,50.496,80.61,72508.5,1033.371,33.372,0.203,0.203,0.349,7.83,96.5,5.521,610.184,0,5.534,5.537,NA,42
"5/27/2022 8:26:39 AM",0,30.077,50.499,80.612,72512.3,1033.373,33.375,0.421,0.421,0.524,7.831,96.511,5.522,603.557,0,5.534,5.538,NA,42
"5/27/2022 8:26:39 AM",0,30.076,50.501,80.613,72515,1033.376,33.377,3.034,3.034,2.04,7.833,96.698,5.53,606.021,0,5.543,5.546,NA,42
"5/27/2022 8:26:39 AM",0,30.078,50.497,80.61,72509.5,1033.372,33.373,1.677,1.677,2.098,7.834,96.612,5.523,541.197,0,5.536,5.539,NA,42
"5/27/2022 8:26:39 AM",0,30.077,50.499,80.611,72512.4,1033.375,33.375,0.242,0.242,0.218,7.832,96.483,5.517,437.8,0,5.529,5.532,NA,42
"5/27/2022 8:26:40 AM",0,30.078,50.494,80.607,72506.7,1033.371,33.371,0,0,0,7.832,96.514,5.519,401.692,0,5.532,5.535,NA,42
"5/27/2022 8:26:40 AM",0.125,30.079,50.497,80.612,72510.6,1033.374,33.373,0,0,0,7.834,96.469,5.517,273.572,0,5.529,5.533,NA,42
"5/27/2022 8:26:40 AM",0.255,30.08,50.494,80.609,72506.7,1033.372,33.371,0,0,0,7.836,96.506,5.52,189.716,0,5.532,5.536,NA,42
"5/27/2022 8:26:40 AM",0.382,30.079,50.498,80.614,72511.9,1033.376,33.374,0,0,0,7.838,96.557,5.523,144.687,0,5.535,5.539,NA,42
"5/27/2022 8:26:41 AM",0.578,30.079,50.5,80.617,72514.6,1033.378,33.376,0,0,0,7.841,96.604,5.526,110.108,0,5.538,5.541,NA,42
"5/27/2022 8:26:41 AM",0.682,30.078,50.499,80.614,72513.6,1033.378,33.375,0.71,0.71,2.273,7.84,96.435,5.516,143.413,0,5.528,5.532,NA,42
"5/27/2022 8:26:41 AM",0.753,30.076,50.514,80.632,72532.2,1033.39,33.387,1.318,1.318,3.164,7.839,96.481,5.518,314.947,0,5.53,5.533,NA,42
"5/27/2022 8:26:41 AM",0.774,30.076,50.523,80.644,72543.7,1033.398,33.394,0.593,0.593,1.18,7.839,96.438,5.515,336.018,0,5.528,5.531,NA,42
"5/27/2022 8:26:41 AM",0.805,30.075,50.523,80.644,72543.4,1033.398,33.394,0.195,0.195,0.379,7.839,96.484,5.518,359.297,0,5.53,5.533,NA,42
"5/27/2022 8:26:42 AM",0.87,30.075,50.529,80.651,72550.6,1033.402,33.399,0.125,0.125,0.16,7.841,96.599,5.524,284.107,0,5.537,5.54,NA,42
"5/27/2022 8:26:42 AM",0.946,30.076,50.528,80.651,72549.2,1033.402,33.397,0.07,0.07,0.058,7.842,96.522,5.52,239.503,0,5.532,5.536,NA,42
"5/27/2022 8:26:42 AM",0.988,30.076,50.531,80.656,72553,1033.404,33.4,0.312,0.312,0.408,7.843,96.559,5.522,225.314,0,5.534,5.538,NA,42
"5/27/2022 8:26:42 AM",0.986,30.075,50.535,80.66,72558.7,1033.408,33.404,0.094,0.094,0.087,7.843,96.542,5.521,225.654,0,5.533,5.537,NA,42
"5/27/2022 8:26:42 AM",1.077,30.076,50.533,80.658,72555.7,1033.406,33.401,0,0,0,7.844,96.603,5.524,202.035,0,5.537,5.54,NA,42
"5/27/2022 8:26:43 AM",1.2,30.076,50.537,80.663,72560.4,1033.409,33.404,0,0,0,7.845,96.604,5.524,181.645,0,5.537,5.54,NA,42
"5/27/2022 8:26:43 AM",1.315,30.076,50.535,80.662,72558.6,1033.408,33.403,0.109,0.109,0.204,7.845,96.515,5.52,173.659,0,5.532,5.536,NA,42
"5/27/2022 8:26:43 AM",1.429,30.075,50.538,80.665,72562.2,1033.411,33.405,0.172,0.172,0.364,7.844,96.584,5.524,185.893,0,5.536,5.539,NA,42
"5/27/2022 8:26:43 AM",1.612,30.075,50.544,80.673,72569.8,1033.417,33.41,0,0,0,7.844,96.615,5.525,179.011,0,5.537,5.541,NA,42
"5/27/2022 8:26:43 AM",1.765,30.076,50.545,80.675,72570.6,1033.418,33.41,0,0,0,7.845,96.718,5.531,157.006,0,5.543,5.547,NA,42
"5/27/2022 8:26:44 AM",1.914,30.075,50.548,80.678,72574.9,1033.421,33.413,0,0,0,7.845,96.583,5.523,117.245,0,5.535,5.539,NA,42
"5/27/2022 8:26:44 AM",2.048,30.075,50.548,80.677,72574.8,1033.422,33.413,0,0,0,7.845,96.578,5.523,74.51,0,5.535,5.539,NA,42
"5/27/2022 8:26:44 AM",2.178,30.073,50.552,80.681,72580.2,1033.426,33.417,0,0,0,7.846,96.586,5.523,45.454,0,5.536,5.539,NA,42
"5/27/2022 8:26:44 AM",2.363,30.074,50.557,80.688,72586,1033.43,33.42,0,0,0.481,7.846,96.619,5.524,26.253,0,5.537,5.54,NA,42
"5/27/2022 8:26:44 AM",2.502,30.073,50.56,80.691,72590.2,1033.434,33.423,0,0,1.661,7.845,96.608,5.523,21.835,0,5.536,5.539,NA,42
"5/27/2022 8:26:45 AM",2.681,30.073,50.557,80.688,72587.1,1033.432,33.421,0,0,1.603,7.846,96.541,5.519,19.626,0,5.532,5.535,NA,42
"5/27/2022 8:26:45 AM",2.853,30.073,50.572,80.708,72605.3,1033.444,33.432,0.686,0.686,0,7.847,96.616,5.523,18.266,0,5.536,5.539,NA,42
"5/27/2022 8:26:45 AM",3.14,30.072,50.569,80.704,72602.7,1033.444,33.431,0.273,0.273,0.131,7.848,96.54,5.519,17.077,0,5.531,5.535,NA,42
"5/27/2022 8:26:45 AM",3.333,30.07,50.571,80.704,72605.1,1033.447,33.432,0,0,1.34,7.848,96.62,5.524,16.992,0,5.536,5.54,NA,42
"5/27/2022 8:26:45 AM",3.515,30.068,50.574,80.706,72609.5,1033.451,33.436,0,0,1.399,7.848,96.514,5.517,17.842,0,5.53,5.533,NA,42
"5/27/2022 8:26:46 AM",3.685,30.068,50.573,80.703,72608,1033.45,33.435,0.016,0.016,0.728,7.848,96.659,5.526,19.286,0,5.538,5.542,NA,42
"5/27/2022 8:26:46 AM",3.927,30.067,50.582,80.715,72619.9,1033.459,33.442,1.779,1.779,0,7.847,96.553,5.519,28.292,0,5.532,5.535,NA,42
"5/27/2022 8:26:46 AM",4.064,30.069,50.584,80.719,72621.3,1033.46,33.442,1.685,1.685,2.842,7.846,96.505,5.516,51.911,0,5.529,5.532,NA,42
"5/27/2022 8:26:46 AM",4.2,30.071,50.586,80.726,72623.3,1033.461,33.443,1.459,1.459,3.193,7.845,96.545,5.518,92.267,0,5.531,5.534,NA,42
"5/27/2022 8:26:46 AM",4.337,30.072,50.591,80.734,72629.9,1033.465,33.447,0.64,0.64,1.369,7.844,96.526,5.517,128.8,0,5.529,5.533,NA,42
"5/27/2022 8:26:47 AM",4.481,30.072,50.593,80.738,72633.1,1033.468,33.449,0.218,0.218,0.437,7.845,96.538,5.518,139.76,0,5.53,5.534,NA,42
"5/27/2022 8:26:47 AM",4.746,30.073,50.595,80.741,72635,1033.47,33.449,0,0,0,7.847,96.596,5.521,127.61,0,5.533,5.537,NA,42
"5/27/2022 8:26:47 AM",4.919,30.075,50.596,80.746,72636.6,1033.471,33.45,0,0,0,7.848,96.481,5.514,106.37,0,5.526,5.53,NA,42
"5/27/2022 8:26:47 AM",5.074,30.076,50.596,80.746,72635.7,1033.471,33.449,0,0,0,7.849,96.558,5.518,80.882,0,5.531,5.534,NA,42
"5/27/2022 8:26:47 AM",5.232,30.075,50.594,80.743,72633.9,1033.47,33.448,0,0,0,7.85,96.476,5.514,56.923,0,5.526,5.53,NA,42
"5/27/2022 8:26:48 AM",5.38,30.072,50.596,80.741,72636.2,1033.473,33.45,0,0,0,7.851,96.64,5.523,41.121,0,5.536,5.539,NA,42
"5/27/2022 8:26:48 AM",5.595,30.071,50.594,80.739,72634.8,1033.473,33.449,0,0,0,7.851,96.548,5.518,26.508,0,5.53,5.533,NA,42
"5/27/2022 8:26:48 AM",5.792,30.072,50.594,80.739,72634.5,1033.474,33.449,0.07,0.07,0,7.849,96.483,5.514,21.24,0,5.526,5.529,NA,42
"5/27/2022 8:26:48 AM",6.011,30.073,50.593,80.74,72633.8,1033.474,33.448,0,0,0.728,7.849,96.565,5.518,18.861,0,5.531,5.534,NA,42
"5/27/2022 8:26:48 AM",6.226,30.074,50.593,80.74,72632.9,1033.474,33.447,0,0,0,7.848,96.629,5.522,17.757,0,5.535,5.538,NA,42
"5/27/2022 8:26:49 AM",6.551,30.073,50.592,80.739,72632.4,1033.475,33.447,0.031,0.031,0.087,7.848,96.601,5.52,17.587,0,5.533,5.536,NA,42
"5/27/2022 8:26:49 AM",6.765,30.071,50.591,80.734,72631.1,1033.476,33.447,0,0,0.029,7.847,96.608,5.521,17.842,0,5.534,5.537,NA,42
"5/27/2022 8:26:49 AM",6.97,30.069,50.597,80.74,72639.2,1033.482,33.452,0.016,0.016,0,7.847,96.58,5.519,18.181,0,5.532,5.535,NA,42
"5/27/2022 8:26:49 AM",7.172,30.068,50.598,80.74,72640.6,1033.484,33.453,0.343,0.343,0,7.848,96.677,5.525,18.351,0,5.537,5.541,NA,42
"5/27/2022 8:26:50 AM",7.476,30.066,50.582,80.715,72621,1033.474,33.442,0.055,0.055,0.932,7.849,96.586,5.52,18.012,0,5.532,5.536,NA,42
"5/27/2022 8:26:50 AM",7.678,30.064,50.571,80.697,72607.5,1033.467,33.434,0.328,0.328,0.364,7.849,96.598,5.521,17.417,0,5.533,5.537,NA,42
"5/27/2022 8:26:50 AM",7.872,30.062,50.57,80.693,72607.3,1033.468,33.435,0.14,0.14,0.422,7.849,96.475,5.514,16.992,0,5.527,5.53,NA,42
"5/27/2022 8:26:50 AM",8.069,30.06,50.567,80.686,72604,1033.468,33.433,0.156,0.156,0.233,7.849,96.432,5.512,16.737,0,5.524,5.528,NA,42
"5/27/2022 8:26:50 AM",8.258,30.059,50.567,80.683,72603.2,1033.468,33.433,0,0,0.364,7.849,96.459,5.514,16.652,0,5.526,5.529,NA,42
"5/27/2022 8:26:51 AM",8.55,30.057,50.569,80.683,72606.1,1033.472,33.435,0,0,0.204,7.849,96.511,5.516,16.737,0,5.529,5.532,NA,42
"5/27/2022 8:26:51 AM",8.738,30.057,50.569,80.685,72606.7,1033.473,33.435,0.031,0.031,0.277,7.849,96.392,5.51,16.907,0,5.522,5.526,NA,42
"5/27/2022 8:26:51 AM",8.932,30.057,50.568,80.682,72604.9,1033.472,33.434,0.016,0.016,0.539,7.848,96.558,5.519,17.247,0,5.532,5.535,NA,42
"5/27/2022 8:26:51 AM",9.118,30.056,50.568,80.681,72605.2,1033.474,33.435,0.086,0.086,0.291,7.849,96.603,5.522,17.757,0,5.534,5.538,NA,42
"5/27/2022 8:26:51 AM",9.396,30.056,50.565,80.678,72602.2,1033.473,33.433,0,0,0.626,7.85,96.526,5.518,18.776,0,5.53,5.533,NA,42
"5/27/2022 8:26:52 AM",9.575,30.055,50.566,80.677,72603,1033.474,33.434,0.094,0.094,0.539,7.85,96.457,5.514,19.201,0,5.527,5.53,NA,42
"5/27/2022 8:26:52 AM",9.753,30.055,50.565,80.677,72602.3,1033.474,33.433,0.109,0.109,0.612,7.849,96.525,5.518,19.541,0,5.53,5.534,NA,42
"5/27/2022 8:26:52 AM",9.93,30.055,50.567,80.679,72604.6,1033.477,33.434,0.211,0.211,0.553,7.849,96.472,5.515,19.796,0,5.527,5.531,NA,42
"5/27/2022 8:26:52 AM",10.113,30.056,50.566,80.679,72603.6,1033.477,33.434,0.125,0.125,0.233,7.849,96.553,5.519,20.9,0,5.532,5.535,NA,42
"5/27/2022 8:26:52 AM",10.361,30.057,50.565,80.679,72602.1,1033.476,33.432,0.094,0.094,0.146,7.85,96.534,5.518,23.279,0,5.531,5.534,NA,42
"5/27/2022 8:26:53 AM",10.526,30.056,50.568,80.683,72606,1033.479,33.435,0.078,0.078,0.262,7.85,96.532,5.518,24.723,0,5.53,5.534,NA,42
"5/27/2022 8:26:53 AM",10.686,30.058,50.565,80.682,72602.7,1033.478,33.432,0.179,0.179,0.597,7.85,96.594,5.522,27.697,0,5.534,5.537,NA,42
"5/27/2022 8:26:53 AM",10.837,30.059,50.563,80.679,72599.4,1033.476,33.43,0.335,0.335,0.903,7.849,96.56,5.52,31.18,0,5.532,5.535,NA,42
"5/27/2022 8:26:53 AM",11.072,30.059,50.564,80.682,72601.3,1033.478,33.431,1.467,1.467,3.455,7.849,96.499,5.516,38.827,0,5.528,5.531,NA,42
"5/27/2022 8:26:53 AM",11.201,30.059,50.563,80.682,72600.5,1033.478,33.43,1.318,1.318,3.061,7.847,96.5,5.516,83.516,0,5.528,5.531,NA,42
"5/27/2022 8:26:54 AM",11.218,30.058,50.566,80.684,72603.8,1033.48,33.433,0.53,0.53,1.18,7.847,96.436,5.512,183.939,0,5.524,5.528,NA,42
"5/27/2022 8:26:54 AM",11.168,30.057,50.569,80.686,72607.8,1033.483,33.435,0.187,0.187,0.306,7.849,96.558,5.519,244.006,0,5.531,5.534,NA,42
"5/27/2022 8:26:54 AM",11.037,30.058,50.564,80.681,72602,1033.479,33.432,0.078,0.078,0.102,7.848,96.503,5.515,277.14,0,5.528,5.531,NA,42
"5/27/2022 8:26:54 AM",10.773,30.058,50.566,80.683,72603.5,1033.478,33.433,0.039,0.039,0.087,7.85,96.545,5.518,210.701,0,5.53,5.534,NA,42
"5/27/2022 8:26:54 AM",10.599,30.059,50.567,80.685,72604.3,1033.478,33.433,0.039,0.039,0.102,7.852,96.55,5.518,291.838,0,5.53,5.534,NA,42
"5/27/2022 8:26:55 AM",10.458,30.059,50.568,80.686,72605.8,1033.478,33.434,0.031,0.031,0.044,7.852,96.496,5.515,264.566,0,5.527,5.531,NA,42
"5/27/2022 8:26:55 AM",10.335,30.059,50.574,80.694,72613.2,1033.482,33.438,0.031,0.031,0.044,7.853,96.597,5.521,225.994,0,5.533,5.536,NA,42
"5/27/2022 8:26:55 AM",10.21,30.058,50.595,80.723,72639.7,1033.498,33.455,0.055,0.055,0.058,7.854,96.534,5.516,214.27,0,5.529,5.532,NA,42
"5/27/2022 8:26:55 AM",10.052,30.058,50.593,80.72,72637.5,1033.496,33.454,0.031,0.031,0,7.853,96.587,5.52,240.352,0,5.532,5.535,NA,42
"5/27/2022 8:26:55 AM",9.972,30.057,50.594,80.72,72638.4,1033.497,33.454,0.023,0.023,0.015,7.851,96.554,5.518,275.271,0,5.53,5.534,NA,42
"5/27/2022 8:26:56 AM",9.914,30.057,50.592,80.718,72635.8,1033.495,33.453,0.031,0.031,0,7.853,96.575,5.519,295.322,0,5.532,5.535,NA,42
"5/27/2022 8:26:56 AM",9.881,30.057,50.59,80.714,72633.3,1033.493,33.451,0.016,0.016,0,7.854,96.447,5.512,335.933,0,5.525,5.528,NA,42
"5/27/2022 8:26:56 AM",9.857,30.056,50.592,80.715,72635.6,1033.495,33.453,0.031,0.031,0.044,7.853,96.543,5.518,310.275,0,5.53,5.533,NA,42
"5/27/2022 8:26:56 AM",9.817,30.056,50.589,80.711,72632.4,1033.493,33.451,0.047,0.047,0.087,7.852,96.547,5.518,271.788,0,5.53,5.533,NA,42
"5/27/2022 8:26:56 AM",9.741,30.056,50.588,80.709,72630.7,1033.492,33.45,0.039,0.039,0.058,7.852,96.507,5.516,244.855,0,5.528,5.531,NA,42
"5/27/2022 8:26:57 AM",9.629,30.055,50.589,80.709,72631.9,1033.492,33.451,0.047,0.047,0.058,7.851,96.663,5.524,248.339,0,5.537,5.54,NA,42
"5/27/2022 8:26:57 AM",9.407,30.055,50.588,80.708,72630.2,1033.49,33.45,0.039,0.039,0.044,7.852,96.493,5.515,253.012,0,5.527,5.53,NA,42
"5/27/2022 8:26:57 AM",9.249,30.055,50.586,80.706,72628.8,1033.489,33.449,0.031,0.031,0.044,7.853,96.566,5.519,281.048,0,5.531,5.534,NA,42
"5/27/2022 8:26:57 AM",9.117,30.055,50.584,80.703,72625.9,1033.486,33.448,0.031,0.031,0,7.854,96.517,5.516,266.435,0,5.528,5.532,NA,42
"5/27/2022 8:26:57 AM",9.04,30.055,50.583,80.701,72624,1033.485,33.446,0.023,0.023,0,7.855,96.501,5.515,254.116,0,5.528,5.531,NA,42
"5/27/2022 8:26:58 AM",9,30.055,50.582,80.7,72623.6,1033.485,33.446,0.031,0.031,0,7.855,96.54,5.517,235.85,0,5.53,5.533,NA,42
"5/27/2022 8:26:58 AM",8.932,30.055,50.581,80.698,72622,1033.483,33.445,0.031,0.031,0.058,7.856,96.475,5.514,221.916,0,5.526,5.53,NA,42
"5/27/2022 8:26:58 AM",8.859,30.054,50.58,80.697,72621.2,1033.483,33.445,0.031,0.031,0,7.857,96.381,5.508,227.863,0,5.521,5.524,NA,42
"5/27/2022 8:26:58 AM",8.766,30.054,50.583,80.7,72624.6,1033.484,33.447,0.047,0.047,0.044,7.856,96.542,5.517,248.848,0,5.53,5.533,NA,42
"5/27/2022 8:26:58 AM",8.651,30.055,50.579,80.694,72618.8,1033.48,33.444,0.039,0.039,0.029,7.856,96.511,5.516,272.128,0,5.528,5.531,NA,42
"5/27/2022 8:26:59 AM",8.538,30.055,50.579,80.696,72619.6,1033.48,33.444,0.055,0.055,0.044,7.856,96.503,5.515,275.101,0,5.528,5.531,NA,42
"5/27/2022 8:26:59 AM",8.381,30.055,50.574,80.689,72613.2,1033.476,33.44,0.031,0.031,0,7.857,96.479,5.514,269.239,0,5.527,5.53,NA,42
"5/27/2022 8:26:59 AM",8.249,30.055,50.574,80.688,72612.7,1033.475,33.44,0.023,0.023,0.029,7.856,96.458,5.513,284.957,0,5.525,5.529,NA,42
"5/27/2022 8:26:59 AM",8.058,30.055,50.572,80.685,72609.8,1033.472,33.438,0.023,0.023,0,7.858,96.522,5.516,276.121,0,5.529,5.532,NA,42
"5/27/2022 8:26:59 AM",7.848,30.055,50.573,80.686,72610.9,1033.472,33.439,0.031,0.031,0.044,7.857,96.543,5.517,281.048,0,5.53,5.533,NA,42
"5/27/2022 8:27:00 AM",7.556,30.055,50.571,80.684,72608.8,1033.47,33.438,0.031,0.031,0.044,7.859,96.51,5.515,258.449,0,5.528,5.531,NA,42
"5/27/2022 8:27:00 AM",7.415,30.055,50.569,80.681,72606.3,1033.468,33.436,0.023,0.023,0,7.859,96.435,5.511,252.842,0,5.524,5.527,NA,42
"5/27/2022 8:27:00 AM",7.328,30.055,50.57,80.682,72607.4,1033.468,33.437,0.047,0.047,0.044,7.86,96.56,5.518,234.83,0,5.531,5.534,NA,42
"5/27/2022 8:27:00 AM",7.281,30.055,50.569,80.681,72606.3,1033.467,33.436,0.031,0.031,0.044,7.86,96.538,5.517,231.432,0,5.53,5.533,NA,42
"5/27/2022 8:27:01 AM",7.214,30.055,50.569,80.681,72606.1,1033.467,33.436,0.039,0.039,0.015,7.86,96.517,5.516,257.769,0,5.528,5.532,NA,42
"5/27/2022 8:27:01 AM",7.149,30.055,50.568,80.68,72605.2,1033.466,33.436,0.039,0.039,0.029,7.861,96.499,5.515,278.839,0,5.527,5.531,NA,42
"5/27/2022 8:27:01 AM",7.074,30.055,50.569,80.681,72605.7,1033.466,33.436,0.039,0.039,0.015,7.861,96.527,5.517,316.732,0,5.529,5.532,NA,42
"5/27/2022 8:27:01 AM",6.986,30.056,50.569,80.681,72605.5,1033.465,33.436,0.039,0.039,0.058,7.861,96.582,5.519,328.626,0,5.532,5.535,NA,42
"5/27/2022 8:27:01 AM",6.869,30.056,50.565,80.676,72601,1033.462,33.433,0.047,0.047,0.058,7.86,96.465,5.513,304.158,0,5.526,5.529,NA,42
"5/27/2022 8:27:02 AM",6.645,30.056,50.566,80.677,72601.9,1033.462,33.434,0.023,0.023,0.015,7.86,96.495,5.515,301.949,0,5.527,5.53,NA,42
"5/27/2022 8:27:02 AM",6.47,30.056,50.567,80.678,72602.6,1033.462,33.434,0.031,0.031,0.044,7.861,96.556,5.518,304.497,0,5.531,5.534,NA,42
"5/27/2022 8:27:02 AM",6.301,30.056,50.564,80.675,72599.4,1033.459,33.432,0.008,0.008,0,7.861,96.479,5.513,252.247,0,5.526,5.529,NA,42
"5/27/2022 8:27:02 AM",6.169,30.056,50.565,80.675,72600.3,1033.459,33.433,0,0,0,7.861,96.44,5.512,294.982,0,5.524,5.527,NA,42
"5/27/2022 8:27:02 AM",6.103,30.056,50.563,80.672,72597.4,1033.457,33.431,0,0,0,7.861,96.496,5.514,248.509,0,5.527,5.53,NA,42
"5/27/2022 8:27:03 AM",6.108,30.055,50.563,80.672,72597.9,1033.457,33.431,0.016,0.016,0,7.862,96.455,5.512,209.087,0,5.525,5.528,NA,42
"5/27/2022 8:27:03 AM",6.145,30.055,50.564,80.673,72599.3,1033.459,33.432,0.047,0.047,0.029,7.861,96.575,5.519,218.942,0,5.531,5.535,NA,42
"5/27/2022 8:27:03 AM",6.176,30.056,50.561,80.669,72595,1033.456,33.429,0.039,0.039,0.029,7.862,96.504,5.515,257.769,0,5.527,5.531,NA,42
"5/27/2022 8:27:03 AM",6.199,30.055,50.562,80.671,72596.6,1033.457,33.431,0.055,0.055,0.073,7.862,96.595,5.52,283.597,0,5.532,5.536,NA,42
"5/27/2022 8:27:03 AM",6.211,30.056,50.56,80.669,72594.7,1033.456,33.429,0.031,0.031,0.015,7.862,96.581,5.519,281.728,0,5.532,5.535,NA,42
"5/27/2022 8:27:04 AM",6.211,30.056,50.56,80.67,72594.8,1033.456,33.429,0.023,0.023,0,7.861,96.507,5.515,269.069,0,5.527,5.531,NA,42
"5/27/2022 8:27:04 AM",6.188,30.056,50.56,80.67,72594.5,1033.455,33.429,0.047,0.047,0.087,7.861,96.398,5.509,249.273,0,5.521,5.525,NA,42
"5/27/2022 8:27:04 AM",6.124,30.056,50.56,80.669,72593.9,1033.455,33.429,0.062,0.062,0.087,7.86,96.534,5.516,285.976,0,5.529,5.532,NA,42
"5/27/2022 8:27:04 AM",6.014,30.056,50.561,80.67,72595,1033.455,33.43,0.062,0.062,0.073,7.86,96.565,5.519,338.821,0,5.531,5.534,NA,42
"5/27/2022 8:27:04 AM",5.771,30.056,50.56,80.669,72594.3,1033.454,33.429,0.055,0.055,0.058,7.862,96.474,5.513,245.705,0,5.526,5.529,NA,42
"5/27/2022 8:27:05 AM",5.594,30.055,50.56,80.667,72593.8,1033.453,33.429,0,0,0,7.865,96.472,5.513,237.804,0,5.525,5.529,NA,42
"5/27/2022 8:27:05 AM",5.456,30.055,50.56,80.668,72594.3,1033.453,33.429,0,0,0,7.863,96.453,5.512,220.387,0,5.524,5.528,NA,42
"5/27/2022 8:27:05 AM",5.343,30.056,50.562,80.671,72596.3,1033.453,33.431,0.008,0.008,0.015,7.862,96.435,5.511,216.903,0,5.523,5.527,NA,42
"5/27/2022 8:27:05 AM",5.284,30.057,50.559,80.669,72592.5,1033.45,33.428,0.016,0.016,0,7.863,96.373,5.507,224.635,0,5.52,5.523,NA,42
"5/27/2022 8:27:05 AM",5.293,30.058,50.558,80.67,72591.4,1033.449,33.427,0.039,0.039,0.015,7.863,96.452,5.512,211.806,0,5.524,5.528,NA,42
"5/27/2022 8:27:06 AM",5.296,30.058,50.562,80.675,72596.6,1033.453,33.43,0.062,0.062,0.087,7.861,96.523,5.516,222.936,0,5.528,5.532,NA,42
"5/27/2022 8:27:06 AM",5.286,30.06,50.558,80.672,72590.9,1033.449,33.426,0.055,0.055,0.102,7.862,96.594,5.52,223.36,0,5.532,5.535,NA,42
"5/27/2022 8:27:06 AM",5.255,30.06,50.555,80.668,72587.3,1033.446,33.424,0.023,0.023,0.044,7.865,96.423,5.51,204.159,0,5.522,5.525,NA,42
"5/27/2022 8:27:06 AM",5.227,30.06,50.557,80.67,72589.6,1033.448,33.425,0.047,0.047,0.073,7.864,96.399,5.508,232.366,0,5.521,5.524,NA,42
"5/27/2022 8:27:06 AM",5.157,30.061,50.557,80.671,72589.1,1033.447,33.425,0.055,0.055,0.058,7.863,96.486,5.513,259.808,0,5.526,5.529,NA,42
"5/27/2022 8:27:07 AM",5.032,30.061,50.559,80.674,72591.3,1033.447,33.426,0.039,0.039,0.015,7.864,96.603,5.52,269.834,0,5.533,5.536,NA,42
"5/27/2022 8:27:07 AM",4.784,30.064,50.556,80.675,72588,1033.444,33.423,0.016,0.016,0.029,7.864,96.513,5.515,250.463,0,5.527,5.531,NA,42
"5/27/2022 8:27:07 AM",4.617,30.065,50.556,80.676,72587.3,1033.442,33.423,0.023,0.023,0,7.864,96.53,5.516,232.366,0,5.528,5.532,NA,42
"5/27/2022 8:27:07 AM",4.481,30.066,50.555,80.676,72585.8,1033.441,33.421,0,0,0,7.864,96.497,5.514,207.983,0,5.526,5.53,NA,42
"5/27/2022 8:27:07 AM",4.394,30.066,50.552,80.673,72582.6,1033.438,33.419,0.016,0.016,0,7.865,96.46,5.512,205.179,0,5.524,5.527,NA,42
"5/27/2022 8:27:08 AM",4.354,30.065,50.553,80.672,72583.4,1033.439,33.42,0.008,0.008,0,7.866,96.434,5.51,218.857,0,5.522,5.526,NA,42
"5/27/2022 8:27:08 AM",4.33,30.067,50.546,80.665,72574.7,1033.433,33.414,0.047,0.047,0.073,7.867,96.539,5.516,210.956,0,5.529,5.532,NA,42
"5/27/2022 8:27:08 AM",4.325,30.065,50.54,80.654,72567.9,1033.429,33.411,0.062,0.062,0.073,7.866,96.366,5.507,196.598,0,5.519,5.522,NA,42
"5/27/2022 8:27:08 AM",4.314,30.062,50.544,80.654,72572.9,1033.433,33.415,0.062,0.062,0.087,7.867,96.399,5.508,187.167,0,5.521,5.524,NA,42
"5/27/2022 8:27:08 AM",4.306,30.059,50.546,80.653,72575.5,1033.436,33.417,0.031,0.031,0.058,7.868,96.496,5.514,187.507,0,5.526,5.53,NA,42
"5/27/2022 8:27:09 AM",4.238,30.059,50.544,80.649,72572.9,1033.434,33.416,0.062,0.062,0.116,7.87,96.533,5.516,235,0,5.529,5.532,NA,42
"5/27/2022 8:27:09 AM",4.135,30.059,50.545,80.651,72574.7,1033.435,33.417,0.039,0.039,0.044,7.869,96.296,5.503,231.602,0,5.515,5.518,NA,42
"5/27/2022 8:27:09 AM",4.002,30.058,50.546,80.651,72575.1,1033.434,33.417,0.023,0.023,0.044,7.868,96.418,5.51,241.457,0,5.522,5.525,NA,42
"5/27/2022 8:27:09 AM",3.838,30.058,50.547,80.652,72576.3,1033.435,33.418,0.008,0.008,0,7.868,96.455,5.511,342.22,0,5.524,5.527,NA,42
"5/27/2022 8:27:10 AM",3.677,30.058,50.547,80.653,72577.1,1033.434,33.419,0,0,0,7.868,96.496,5.514,330.835,0,5.526,5.53,NA,42
"5/27/2022 8:27:10 AM",3.468,30.058,50.554,80.662,72585.4,1033.439,33.424,0,0,0,7.866,96.517,5.515,243.496,0,5.527,5.531,NA,42
"5/27/2022 8:27:10 AM",3.395,30.058,50.557,80.665,72588.6,1033.44,33.426,0,0,0,7.866,96.58,5.518,191.415,0,5.531,5.534,NA,42
"5/27/2022 8:27:10 AM",3.371,30.058,50.554,80.662,72585.4,1033.438,33.424,0,0,0,7.865,96.496,5.513,167.796,0,5.526,5.529,NA,42
"5/27/2022 8:27:10 AM",3.386,30.06,50.552,80.662,72582.4,1033.436,33.421,0.023,0.023,0,7.866,96.427,5.51,163.294,0,5.522,5.525,NA,42
"5/27/2022 8:27:11 AM",3.47,30.06,50.55,80.659,72579.8,1033.435,33.42,0.07,0.07,0.073,7.868,96.47,5.512,154.798,0,5.524,5.528,NA,42
"5/27/2022 8:27:11 AM",3.506,30.06,50.551,80.66,72580.7,1033.435,33.42,0.14,0.14,0.248,7.867,96.451,5.511,159.13,0,5.523,5.527,NA,42
"5/27/2022 8:27:11 AM",3.538,30.061,50.548,80.659,72577.8,1033.433,33.418,0.086,0.086,0.087,7.869,96.438,5.51,164.483,0,5.522,5.526,NA,42
"5/27/2022 8:27:11 AM",3.56,30.062,50.545,80.655,72573.8,1033.431,33.416,0.031,0.031,0.015,7.868,96.5,5.514,162.699,0,5.526,5.529,NA,42
"5/27/2022 8:27:11 AM",3.591,30.061,50.545,80.654,72573.5,1033.431,33.416,0.055,0.055,0.087,7.867,96.499,5.513,177.737,0,5.526,5.529,NA,42
"5/27/2022 8:27:12 AM",3.574,30.059,50.543,80.649,72571.9,1033.43,33.415,0.101,0.101,0.16,7.864,96.328,5.504,257.769,0,5.516,5.52,NA,42
"5/27/2022 8:27:12 AM",3.52,30.058,50.545,80.65,72573.8,1033.432,33.417,0.023,0.023,0,7.864,96.449,5.511,329.816,0,5.523,5.527,NA,42
"5/27/2022 8:27:12 AM",3.426,30.059,50.544,80.65,72573.2,1033.431,33.416,0.008,0.008,0,7.865,96.502,5.514,258.364,0,5.526,5.53,NA,42
"5/27/2022 8:27:12 AM",3.308,30.058,50.542,80.646,72570.6,1033.429,33.415,0.055,0.055,0.116,7.865,96.377,5.507,220.982,0,5.519,5.522,NA,42
"5/27/2022 8:27:12 AM",3.115,30.059,50.543,80.649,72571.5,1033.428,33.415,0.031,0.031,0.044,7.867,96.316,5.503,164.993,0,5.516,5.519,NA,42
"5/27/2022 8:27:13 AM",3.009,30.059,50.543,80.648,72571.8,1033.428,33.416,0.023,0.023,0,7.868,96.471,5.512,162.444,0,5.524,5.528,NA,42
"5/27/2022 8:27:13 AM",2.912,30.059,50.542,80.647,72569.4,1033.426,33.414,0,0,0,7.868,96.49,5.513,160.405,0,5.526,5.529,NA,42
"5/27/2022 8:27:13 AM",2.858,30.06,50.54,80.645,72566.7,1033.424,33.412,0.023,0.023,0,7.868,96.416,5.509,157.346,0,5.521,5.525,NA,42
"5/27/2022 8:27:13 AM",2.839,30.059,50.541,80.645,72568.3,1033.425,33.413,0.039,0.039,0,7.868,96.488,5.513,149.36,0,5.525,5.529,NA,42
"5/27/2022 8:27:13 AM",2.841,30.06,50.539,80.643,72565.8,1033.424,33.412,0.047,0.047,0.058,7.867,96.442,5.51,145.792,0,5.523,5.526,NA,42
"5/27/2022 8:27:14 AM",2.841,30.06,50.539,80.644,72566.3,1033.424,33.412,0.031,0.031,0.029,7.867,96.432,5.51,150.465,0,5.522,5.525,NA,42
"5/27/2022 8:27:14 AM",2.816,30.06,50.541,80.647,72568.5,1033.425,33.413,0.055,0.055,0.073,7.868,96.413,5.508,155.307,0,5.521,5.524,NA,42
"5/27/2022 8:27:14 AM",2.787,30.061,50.541,80.648,72568.6,1033.425,33.413,0.047,0.047,0.102,7.868,96.359,5.505,149.87,0,5.518,5.521,NA,42
"5/27/2022 8:27:14 AM",2.745,30.064,50.54,80.651,72567.1,1033.423,33.411,0.062,0.062,0.102,7.867,96.333,5.504,145.707,0,5.516,5.52,NA,42
"5/27/2022 8:27:14 AM",2.642,30.066,50.538,80.652,72564.1,1033.42,33.409,0.047,0.047,0.073,7.867,96.452,5.511,146.047,0,5.523,5.526,NA,42
"5/27/2022 8:27:15 AM",2.549,30.066,50.539,80.654,72565.5,1033.42,33.41,0.039,0.039,0.044,7.868,96.407,5.508,150.38,0,5.52,5.524,NA,42
"5/27/2022 8:27:15 AM",2.456,30.067,50.537,80.651,72562.3,1033.418,33.407,0.031,0.031,0.044,7.868,96.318,5.503,155.392,0,5.515,5.519,NA,42
"5/27/2022 8:27:15 AM",2.337,30.067,50.536,80.65,72560.9,1033.417,33.407,0.023,0.023,0.029,7.868,96.441,5.51,158.876,0,5.522,5.526,NA,42
"5/27/2022 8:27:15 AM",2.138,30.069,50.537,80.654,72561.7,1033.416,33.407,0.023,0.023,0,7.869,96.426,5.509,153.778,0,5.521,5.524,NA,42
"5/27/2022 8:27:15 AM",2.013,30.07,50.536,80.655,72560.8,1033.414,33.406,0,0,0,7.87,96.353,5.504,151.739,0,5.517,5.52,NA,42
"5/27/2022 8:27:16 AM",1.919,30.072,50.535,80.655,72559.5,1033.413,33.405,0,0,0,7.872,96.45,5.51,147.236,0,5.522,5.526,NA,42
"5/27/2022 8:27:16 AM",1.869,30.072,50.534,80.653,72557.3,1033.411,33.403,0,0,0,7.872,96.344,5.504,141.799,0,5.516,5.52,NA,42
"5/27/2022 8:27:16 AM",1.848,30.072,50.534,80.655,72557.7,1033.411,33.403,0,0,0,7.873,96.451,5.51,133.388,0,5.522,5.525,NA,42
"5/27/2022 8:27:16 AM",1.836,30.075,50.533,80.658,72556.1,1033.409,33.401,0.109,0.109,0.189,7.871,96.493,5.512,132.028,0,5.524,5.528,NA,42
"5/27/2022 8:27:16 AM",1.836,30.077,50.529,80.654,72551.4,1033.406,33.398,0.055,0.055,0.102,7.87,96.564,5.516,142.053,0,5.529,5.532,NA,42
"5/27/2022 8:27:17 AM",1.831,30.077,50.527,80.651,72548.3,1033.404,33.396,0.062,0.062,0.102,7.87,96.615,5.519,147.321,0,5.532,5.535,NA,42
"5/27/2022 8:27:17 AM",1.826,30.075,50.524,80.646,72545.4,1033.403,33.395,0.047,0.047,0.175,7.871,96.485,5.512,148.341,0,5.524,5.528,NA,42
"5/27/2022 8:27:17 AM",1.805,30.074,50.524,80.643,72544.9,1033.403,33.395,0.039,0.039,0.102,7.872,96.518,5.514,151.569,0,5.526,5.529,NA,42
"5/27/2022 8:27:17 AM",1.768,30.074,50.523,80.641,72543.5,1033.402,33.394,0.031,0.031,0.087,7.872,96.476,5.511,154.288,0,5.524,5.527,NA,42
"5/27/2022 8:27:17 AM",1.723,30.073,50.52,80.636,72540.5,1033.4,33.393,0.078,0.078,0.175,7.873,96.498,5.513,159.3,0,5.525,5.528,NA,42
"5/27/2022 8:27:18 AM",1.685,30.069,50.522,80.634,72543.5,1033.403,33.396,0.07,0.07,0.087,7.873,96.506,5.513,164.483,0,5.525,5.529,NA,42
"5/27/2022 8:27:18 AM",1.633,30.069,50.523,80.633,72544,1033.403,33.396,0.039,0.039,0,7.874,96.257,5.499,168.986,0,5.511,5.515,NA,42
"5/27/2022 8:27:18 AM",1.535,30.068,50.522,80.631,72542.6,1033.402,33.395,0.023,0.023,0,7.875,96.406,5.507,170.685,0,5.52,5.523,NA,42
"5/27/2022 8:27:18 AM",1.466,30.069,50.52,80.63,72541,1033.401,33.394,0.031,0.031,0.029,7.877,96.43,5.509,174.508,0,5.521,5.525,NA,42
"5/27/2022 8:27:18 AM",1.398,30.071,50.522,80.635,72542.3,1033.401,33.395,0.016,0.016,0,7.876,96.463,5.511,177.822,0,5.523,5.526,NA,42
"5/27/2022 8:27:19 AM",1.322,30.074,50.519,80.637,72538.5,1033.397,33.391,0.016,0.016,0.015,7.876,96.456,5.51,177.652,0,5.523,5.526,NA,42
"5/27/2022 8:27:19 AM",1.25,30.076,50.519,80.64,72538.9,1033.396,33.391,0.031,0.031,0.044,7.877,96.433,5.509,179.011,0,5.521,5.524,NA,42
"5/27/2022 8:27:19 AM",1.17,30.076,50.517,80.636,72535.8,1033.394,33.389,0.031,0.031,0.058,7.877,96.414,5.508,184.958,0,5.52,5.523,NA,42
"5/27/2022 8:27:19 AM",1.108,30.073,50.517,80.632,72536.1,1033.395,33.39,0.016,0.016,0.044,7.879,96.423,5.508,184.788,0,5.521,5.524,NA,42
"5/27/2022 8:27:19 AM",1.056,30.071,50.514,80.625,72533.2,1033.394,33.389,0,0,0,7.878,96.399,5.507,182.919,0,5.519,5.522,NA,42
"5/27/2022 8:27:20 AM",0.998,30.07,50.515,80.625,72534,1033.394,33.39,0.016,0.016,0,7.879,96.321,5.502,180.201,0,5.514,5.518,NA,42
"5/27/2022 8:27:20 AM",0.917,30.069,50.512,80.619,72530.5,1033.392,33.388,0,0,0,7.878,96.364,5.505,173.659,0,5.518,5.521,NA,42
"5/27/2022 8:27:20 AM",0.778,30.067,50.512,80.615,72529.9,1033.392,33.388,0.094,0.094,0.218,7.879,96.473,5.511,166.352,0,5.524,5.527,NA,42
"5/27/2022 8:27:20 AM",0.685,30.067,50.509,80.611,72526.5,1033.389,33.386,0.031,0.031,0.073,7.879,96.371,5.506,166.607,0,5.518,5.521,NA,42
"5/27/2022 8:27:21 AM",0.619,30.066,50.507,80.608,72524.5,1033.388,33.385,0.016,0.016,0,7.88,96.482,5.512,175.273,0,5.524,5.528,NA,42
"5/27/2022 8:27:21 AM",0.559,30.066,50.504,80.604,72520.7,1033.385,33.383,0.008,0.008,0,7.878,96.38,5.506,196.258,0,5.519,5.522,NA,42
"5/27/2022 8:27:21 AM",0.465,30.066,50.501,80.598,72516.7,1033.383,33.381,0,0,0,7.879,96.484,5.512,217.158,0,5.525,5.528,NA,42
"5/27/2022 8:27:21 AM",0.404,30.069,50.499,80.601,72514.6,1033.38,33.379,0.016,0.016,0,7.88,96.347,5.505,214.609,0,5.517,5.52,NA,42
"5/27/2022 8:27:21 AM",0.368,30.068,50.497,80.597,72512.1,1033.379,33.377,0.039,0.039,0.029,7.88,96.444,5.51,219.877,0,5.522,5.526,NA,42
"5/27/2022 8:27:22 AM",0.336,30.071,50.496,80.599,72510.3,1033.377,33.375,0.047,0.047,0.058,7.88,96.367,5.506,228.628,0,5.518,5.521,NA,42
"5/27/2022 8:27:22 AM",0.296,30.075,50.496,80.605,72509,1033.375,33.373,0,0,0,7.88,96.556,5.516,236.444,0,5.529,5.532,NA,42
"5/27/2022 8:27:22 AM",0.265,30.08,50.495,80.61,72507,1033.372,33.371,0.031,0.031,0.044,7.879,96.483,5.512,239.163,0,5.524,5.528,NA,42
"5/27/2022 8:27:22 AM",0.255,30.083,50.491,80.611,72502.7,1033.368,33.367,0,0,0,7.879,96.417,5.508,220.217,0,5.52,5.524,NA,42
"5/27/2022 8:27:22 AM",0.25,30.084,50.491,80.613,72502.5,1033.368,33.367,0,0,0,7.878,96.584,5.518,193.794,0,5.53,5.533,NA,42
"5/27/2022 8:27:23 AM",0.225,30.086,50.495,80.619,72506.3,1033.37,33.369,0.304,0.304,0.714,7.878,96.486,5.512,192.265,0,5.524,5.528,NA,42
"5/27/2022 8:27:23 AM",0.073,30.087,50.487,80.611,72497.3,1033.363,33.363,0.133,0.133,0.262,7.879,96.395,5.507,219.622,0,5.519,5.522,NA,42
"5/27/2022 8:27:23 AM",0,30.087,50.49,80.614,72500.9,1033.365,33.365,0.094,0.094,0.175,7.879,96.37,5.505,243.581,0,5.517,5.52,NA,42
"5/27/2022 8:27:23 AM",0,30.088,50.487,80.611,72496.6,1033.361,33.362,0.133,0.133,0.306,7.878,96.528,5.514,234.575,0,5.526,5.53,NA,42
"5/27/2022 8:27:23 AM",0,30.088,50.465,80.581,72469.1,1033.344,33.346,0.031,0.031,0,7.878,96.475,5.512,343.069,0,5.524,5.527,NA,42
"5/27/2022 8:27:24 AM",0,30.088,50.468,80.586,72473.1,1033.346,33.348,0,0,0,7.878,96.479,5.512,366.943,0,5.524,5.527,NA,42
"5/27/2022 8:27:24 AM",0,30.104,50.472,80.615,72476.3,1033.343,33.345,0.234,0.234,0.408,7.879,96.616,5.519,353.265,0,5.531,5.534,NA,42
"5/27/2022 8:27:24 AM",0,30.122,50.452,80.612,72448.5,1033.322,33.323,0.351,0.351,0.801,7.878,96.577,5.516,384.36,0,5.528,5.531,NA,42
"5/27/2022 8:27:24 AM",0,30.115,50.534,80.716,72551.3,1033.386,33.388,0.187,0.187,0.058,7.877,96.564,5.512,375.014,0,5.525,5.528,NA,42
"5/27/2022 8:27:24 AM",0,30.15,50.446,80.645,72438.1,1033.307,33.309,0.523,0.523,0.99,7.879,96.66,5.52,404.75,0,5.532,5.536,NA,42
"5/27/2022 8:27:25 AM",0,30.142,50.419,80.595,72404.8,1033.289,33.291,0,0,0,7.879,96.355,5.502,437.46,0,5.515,5.518,NA,42
"5/27/2022 8:27:25 AM",0,30.12,50.416,80.559,72404.4,1033.295,33.297,0.156,0.156,0,7.88,96.473,5.509,423.866,0,5.522,5.525,NA,42
"5/27/2022 8:27:25 AM",0,30.102,50.426,80.548,72419.3,1033.309,33.311,0.468,0.468,0.83,7.88,96.396,5.505,427.435,0,5.518,5.521,NA,42
"5/27/2022 8:27:25 AM",0,30.088,50.513,80.647,72528,1033.379,33.381,0.46,0.46,0.481,7.88,96.312,5.498,444.597,0,5.51,5.514,NA,42
"5/27/2022 8:27:25 AM",0,30.105,50.454,80.59,72452.9,1033.329,33.331,0,0,0,7.88,96.423,5.506,443.662,0,5.519,5.522,NA,42
"5/27/2022 8:27:26 AM",0,30.127,21.041,37.068,33311.2,1011.256,11.258,31.858,31.858,98.298,7.88,96.52,6.478,448.675,0,6.497,6.496,NA,42
"5/27/2022 8:27:26 AM",0,30.196,38.792,64.144,57563.6,1024.502,24.504,289.634,289.634,944.416,7.879,96.758,5.891,449.949,0,5.906,5.908,NA,42
"5/27/2022 8:27:26 AM",0,30.145,50.229,80.337,72168.6,1033.145,33.147,356.424,356.424,917.872,7.879,96.646,5.526,442.983,0,5.538,5.542,NA,42
"5/27/2022 8:27:26 AM",0,30.109,49.989,79.952,71873.7,1032.976,32.978,297.848,297.848,720.418,7.879,96.369,5.517,417.749,0,5.53,5.533,NA,42
"5/27/2022 8:27:26 AM",0,30.08,50.431,80.523,72428.1,1033.321,33.323,115.693,115.693,159.017,7.878,96.335,5.503,448.675,0,5.515,5.518,NA,42
"5/27/2022 8:27:27 AM",0,30.077,50.434,80.522,72431.2,1033.324,33.326,35.47,35.47,43.301,7.878,96.338,5.503,466.686,0,5.515,5.519,NA,42
"5/27/2022 8:27:27 AM",0,30.076,50.426,80.509,72421.4,1033.318,33.32,11.108,11.108,12.586,7.879,96.238,5.498,509.167,0,5.51,5.513,NA,42
"5/27/2022 8:27:27 AM",0,30.076,50.434,80.52,72432.2,1033.325,33.327,4.088,4.088,4.025,7.881,96.352,5.504,523.525,0,5.516,5.52,NA,42
"5/27/2022 8:27:27 AM",0,30.076,50.436,80.523,72434.2,1033.326,33.328,1.357,1.357,1.399,7.881,96.4,5.507,528.368,0,5.519,5.523,NA,42
"5/27/2022 8:27:27 AM",0,30.076,2.623,5.412,4868.7,997.584,0,0.585,0.585,0.539,7.881,96.394,7.161,523.61,0,7.181,7.181,NA,42
"5/27/2022 8:27:28 AM",0,30.076,37.876,62.667,56372.1,1023.855,23.858,0.429,0.429,0.451,7.879,96.378,5.899,508.487,0,5.915,5.916,NA,42
"5/27/2022 8:27:28 AM",0,30.078,19.255,34.177,30742.7,1009.943,9.946,0,0,0,7.88,96.486,6.541,506.533,0,6.561,6.56,NA,42
"5/27/2022 8:27:28 AM",0,30.052,1.569,3.333,2999.8,996.805,0,116.145,116.145,156.981,7.879,96.404,7.203,512.99,0,7.224,7.224,NA,42
"5/27/2022 8:27:28 AM",0,29.997,1.158,2.496,2249.1,996.515,0,100.809,100.809,121.739,7.879,96.489,7.226,520.126,0,7.247,7.247,NA,42
"5/27/2022 8:27:28 AM",0,29.909,0.852,1.861,1679.6,996.313,0,506.05,506.05,254.317,7.878,96.326,7.227,510.866,0,7.248,7.248,NA,42
"5/27/2022 8:27:29 AM",0,29.891,0.765,1.679,1515.6,996.253,0,469.09,469.09,71.143,7.876,96.061,7.211,520.211,0,7.232,7.232,NA,42
"5/27/2022 8:27:29 AM",0,29.882,0.68,1.5,1354.3,996.192,0,183.918,183.918,44.793,7.872,95.843,7.198,575.775,0,7.219,7.219,NA,42
"5/27/2022 8:27:29 AM",0,29.854,0.634,1.401,1265.5,996.166,0,449.58,449.58,46.801,7.87,95.617,7.184,799.306,0,7.205,7.205,NA,42
"5/27/2022 8:27:29 AM",0,29.879,0.576,1.278,1154.3,996.115,0,459.3,459.3,22.718,7.871,95.699,7.193,1870.654,0,7.214,7.214,NA,42
"5/27/2022 8:27:29 AM",0,30.054,0.538,1.201,1080.7,996.034,0,399.476,399.476,39.389,7.872,95.673,7.193,1960.287,0,7.214,7.214,NA,42
"5/27/2022 8:27:30 AM",0,30.208,0.55,1.23,1103.5,995.996,0,134.383,134.383,21.176,7.873,95.614,7.188,1879.405,0,7.209,7.209,NA,42
"5/27/2022 8:27:30 AM",0,30.715,0.495,1.121,996.1,995.799,0,48.076,48.076,3.076,7.871,96.725,7.274,1766.917,0,7.295,7.295,NA,42
"5/27/2022 8:27:30 AM",0,31.433,0.469,1.079,945.6,995.556,0,14.619,14.619,0.379,7.871,96.685,7.272,1517.219,0,7.293,7.294,NA,42
"5/27/2022 8:27:30 AM",0,31.354,0.456,1.05,921.2,995.571,0,73.982,73.982,15.634,7.872,95.889,7.213,1243.648,0,7.233,7.234,NA,42
"5/27/2022 8:27:31 AM",0,30.59,0.449,1.019,907.3,995.804,0,167.568,167.568,0,7.871,95.283,7.166,1369.644,0,7.187,7.187,NA,42
"5/27/2022 8:27:31 AM",0,30.43,0.447,1.012,904.2,995.851,0,497.352,497.352,46.529,7.871,95.916,7.214,1610.336,0,7.235,7.235,NA,42
"5/27/2022 8:27:31 AM",0,30.625,0.435,0.988,879,995.782,0,184.893,184.893,17.804,7.87,96.237,7.238,1709.824,0,7.258,7.259,NA,42
"5/27/2022 8:27:31 AM",0,30.713,0.41,0.936,831.2,995.737,0,37.514,37.514,5.926,7.868,96.245,7.238,921.139,0,7.259,7.259,NA,42
"5/27/2022 8:27:31 AM",0,30.405,0.426,0.964,861.5,995.843,0,19.783,19.783,9.134,7.868,95.834,7.206,808.991,0,7.227,7.227,NA,42
"5/27/2022 8:27:32 AM",0,29.985,0.427,0.96,864.8,995.972,0,42.818,42.818,16.136,7.863,95.695,7.194,1548.91,0,7.214,7.214,NA,42
"5/27/2022 8:27:32 AM",0,29.666,0.406,0.908,823.3,996.052,0,11.155,11.155,0,7.861,95.688,7.193,1741.429,0,7.213,7.213,NA,42
"5/27/2022 8:27:32 AM",0,29.346,0.379,0.845,771.5,996.127,0,47.046,47.046,17.922,7.856,95.781,7.2,1747.462,0,7.221,7.221,NA,42
"5/27/2022 8:27:32 AM",0,29.242,0.374,0.832,761.3,996.154,0,60.62,60.62,72.035,7.856,95.927,7.211,812.305,0,7.232,7.232,NA,42
"5/27/2022 8:27:32 AM",0,29.155,0.416,0.92,843.1,996.211,0,73.842,73.842,120.069,7.854,95.992,7.215,1520.873,0,7.236,7.236,NA,42
"5/27/2022 8:27:33 AM",0,29.077,0.373,0.828,759.6,996.202,0,23.94,23.94,25.925,7.852,96.139,7.23,693.87,0,7.251,7.251,NA,42
"5/27/2022 8:27:33 AM",0,28.998,0.356,0.789,725,996.212,0,5.125,5.125,0,7.855,96.111,7.232,2021.883,0,7.253,7.253,NA,42
"5/27/2022 8:27:33 AM",0,28.98,0.356,0.79,726.3,996.218,0,5.656,5.656,0,7.855,96.161,7.238,2149.833,0,7.259,7.259,NA,42
"5/27/2022 8:27:33 AM",0,28.922,0.353,0.781,719.2,996.232,0,1.022,1.022,0,7.851,96.369,7.256,1340.672,0,7.277,7.277,NA,42
"5/27/2022 8:27:33 AM",0,28.913,0.338,0.749,689.5,996.224,0,1.225,1.225,0,7.851,96.832,7.292,580.193,0,7.313,7.313,NA,42
"5/27/2022 8:27:34 AM",0,28.98,0.329,0.73,670.9,996.197,0,0.694,0.694,0.32,7.85,96.898,7.299,477.986,0,7.32,7.32,NA,42
"5/27/2022 8:27:34 AM",0,28.666,0.321,0.708,655.4,996.283,0,197.164,197.164,42.533,7.849,96.569,7.276,453.348,0,7.297,7.297,NA,42
"5/27/2022 8:27:34 AM",0,28.488,0.315,0.694,644.5,996.33,0,87.376,87.376,26.058,7.848,96.803,7.294,479.77,0,7.315,7.315,NA,42
"5/27/2022 8:27:34 AM",0,28.418,0.309,0.68,632.7,996.346,0,173.676,173.676,26.519,7.847,96.824,7.297,473.313,0,7.318,7.318,NA,42
"5/27/2022 8:27:34 AM",0,28.488,1.885,3.848,3574,997.507,0,221.097,221.097,80.431,7.873,95.302,7.123,472.804,0,7.143,7.143,NA,42
"5/27/2022 8:27:35 AM",0,28.971,1.667,3.458,3180.2,997.202,0,32.748,32.748,19.578,8.029,94.484,7.09,479.346,0,7.111,7.111,NA,42
"5/27/2022 8:27:35 AM",0,29.031,1.654,3.437,3156.8,997.175,0,10.562,10.562,12.233,8.082,94.646,7.115,1343.306,0,7.136,7.136,NA,42
"5/27/2022 8:27:35 AM",0,29.045,1.544,3.22,2956.8,997.088,0,4.322,4.322,9.589,8.119,94.773,7.138,2072.349,0,7.159,7.159,NA,42
"5/27/2022 8:27:35 AM",0,29.049,1.452,3.039,2790.1,997.018,0,2.8,2.8,8.386,8.144,94.731,7.144,2202.508,0,7.165,7.165,NA,42
"5/27/2022 8:27:35 AM",0,29.051,1.333,2.803,2573.2,996.929,0,2.371,2.371,8.474,8.161,94.572,7.142,1681.363,0,7.162,7.162,NA,42
"5/27/2022 8:27:36 AM",0,29.054,1.326,2.788,2560,996.922,0,2.262,2.262,9.016,8.178,94.573,7.146,568.214,0,7.166,7.166,NA,42
"5/27/2022 8:27:36 AM",0,29.054,1.297,2.731,2507.1,996.901,0,2.091,2.091,8.65,8.184,94.495,7.142,496.083,0,7.163,7.163,NA,42
"5/27/2022 8:27:36 AM",0,29.056,1.274,2.684,2464.4,996.883,0,1.747,1.747,7.976,8.189,94.599,7.153,499.566,0,7.173,7.173,NA,42
"5/27/2022 8:27:36 AM",0,29.055,1.248,2.633,2417.7,996.864,0,1.521,1.521,6.701,8.193,94.586,7.153,933.373,0,7.174,7.174,NA,42
"5/27/2022 8:27:36 AM",0,29.054,1.206,2.549,2340.1,996.833,0,1.911,1.911,7.668,8.2,94.491,7.149,2290.867,0,7.17,7.17,NA,42
"5/27/2022 8:27:37 AM",0,29.057,1.209,2.554,2345.1,996.834,0,1.935,1.935,8.137,8.204,94.563,7.155,2368.861,0,7.175,7.175,NA,42
"5/27/2022 8:27:37 AM",0,29.064,1.182,2.502,2296.4,996.812,0,2.013,2.013,8.166,8.208,94.282,7.135,2384.408,0,7.155,7.156,NA,42
"5/27/2022 8:27:37 AM",0,29.066,1.158,2.453,2252,996.793,0,2.067,2.067,8.489,8.213,94.39,7.144,2394.179,0,7.165,7.165,NA,42
"5/27/2022 8:27:37 AM",0,29.065,1.157,2.451,2250,996.793,0,2.091,2.091,8.928,8.217,94.331,7.14,2405.224,0,7.161,7.161,NA,42
"5/27/2022 8:27:37 AM",0,29.064,1.14,2.417,2218.6,996.78,0,1.802,1.802,9.031,8.221,94.175,7.129,2419.072,0,7.15,7.15,NA,42
"5/27/2022 8:27:38 AM",0,29.068,1.143,2.422,2223.4,996.781,0,1.685,1.685,8.43,8.224,94.165,7.129,2417.628,0,7.15,7.15,NA,42
"5/27/2022 8:27:38 AM",0,29.069,1.145,2.426,2226.7,996.782,0,1.607,1.607,7.961,8.226,94.143,7.128,2421.706,0,7.148,7.148,NA,42
"5/27/2022 8:27:38 AM",0,29.069,1.117,2.37,2175.6,996.762,0,1.747,1.747,8.533,8.228,94.131,7.129,2421.791,0,7.15,7.15,NA,42
"5/27/2022 8:27:38 AM",0,29.069,1.121,2.378,2182.2,996.764,0,1.755,1.755,8.019,8.23,94.154,7.131,2423.405,0,7.152,7.152,NA,42
"5/27/2022 8:27:38 AM",0,29.076,1.12,2.377,2181.1,996.762,0,1.841,1.841,8.415,8.231,94.107,7.128,2421.876,0,7.149,7.149,NA,42
"5/27/2022 8:27:39 AM",0,29.077,1.085,2.306,2116.3,996.735,0,1.888,1.888,7.8,8.234,93.991,7.121,2417.883,0,7.141,7.141,NA,42
"5/27/2022 8:27:39 AM",0,29.074,1.089,2.315,2124.4,996.74,0,2.036,2.036,8.577,8.235,94.028,7.124,2415.334,0,7.144,7.144,NA,42
"5/27/2022 8:27:39 AM",0,29.077,1.083,2.301,2111.7,996.733,0,1.935,1.935,8.195,8.236,94.076,7.127,2415.844,0,7.148,7.148,NA,42
"5/27/2022 8:27:39 AM",0,29.076,1.065,2.266,2079.8,996.721,0,1.716,1.716,7.595,8.237,93.951,7.119,2414.314,0,7.139,7.139,NA,42
"5/27/2022 8:27:39 AM",0,29.075,1.07,2.276,2088.6,996.725,0,1.818,1.818,8.357,8.236,93.966,7.119,2412.445,0,7.14,7.14,NA,42
"5/27/2022 8:27:40 AM",0,29.076,1.065,2.266,2079.4,996.721,0,2.005,2.005,8.151,8.236,93.957,7.119,2412.785,0,7.139,7.139,NA,42
"5/27/2022 8:27:40 AM",0,29.074,1.045,2.225,2042.1,996.706,0,1.872,1.872,8.063,8.236,93.943,7.119,2409.557,0,7.139,7.139,NA,42
"5/27/2022 8:27:40 AM",0,29.074,1.054,2.244,2059.6,996.713,0,1.974,1.974,7.902,8.236,93.885,7.113,2405.393,0,7.134,7.134,NA,42
"5/27/2022 8:27:40 AM",0,29.08,1.033,2.202,2020.2,996.696,0,1.927,1.927,7.243,8.237,94.055,7.127,2410.151,0,7.148,7.148,NA,42
"5/27/2022 8:27:41 AM",0,29.084,1.022,2.18,2000,996.687,0,1.74,1.74,8.386,8.236,94.032,7.126,2413.974,0,7.147,7.147,NA,42
"5/27/2022 8:27:41 AM",0,29.088,1.027,2.188,2007.9,996.688,0,1.857,1.857,9.222,8.236,94.006,7.124,2419.242,0,7.145,7.145,NA,42
"5/27/2022 8:27:41 AM",0,29.093,1.016,2.167,1988.1,996.679,0,1.716,1.716,8.752,8.235,93.962,7.121,2422.98,0,7.141,7.141,NA,42
"5/27/2022 8:27:41 AM",0,29.102,1.007,2.149,1971.4,996.67,0,2.371,2.371,8.459,8.234,93.993,7.123,2433.43,0,7.144,7.144,NA,42
"5/27/2022 8:27:41 AM",0,29.104,1.007,2.149,1970.9,996.669,0,1.981,1.981,7.99,8.234,93.847,7.112,2435.469,0,7.132,7.132,NA,42
"5/27/2022 8:27:42 AM",0,29.108,0.992,2.118,1942.7,996.656,0,1.708,1.708,7.741,8.236,93.744,7.104,2440.142,0,7.125,7.125,NA,42
"5/27/2022 8:27:42 AM",0,29.107,0.994,2.122,1946.4,996.658,0,1.755,1.755,8.181,8.235,93.807,7.109,2448.978,0,7.129,7.129,NA,42
"5/27/2022 8:27:42 AM",0,29.108,0.995,2.125,1948.7,996.659,0,2.028,2.028,7.932,8.233,93.656,7.097,2452.886,0,7.118,7.118,NA,42
"5/27/2022 8:27:42 AM",0,29.114,0.979,2.092,1918.2,996.645,0,2.02,2.02,8.254,8.231,93.603,7.094,2458.494,0,7.114,7.114,NA,42
"5/27/2022 8:27:42 AM",0,29.114,0.987,2.108,1932.9,996.651,0,1.997,1.997,8.034,8.231,93.7,7.1,2460.278,0,7.121,7.121,NA,42
"5/27/2022 8:27:43 AM",0,29.115,0.98,2.094,1920.3,996.645,0,2.067,2.067,7.404,8.23,93.574,7.091,2459.003,0,7.112,7.112,NA,42
"5/27/2022 8:27:43 AM",0,29.119,0.971,2.076,1903.3,996.637,0,1.935,1.935,8.122,8.229,93.684,7.1,2458.833,0,7.12,7.12,NA,42
"5/27/2022 8:27:43 AM",0,29.122,0.975,2.084,1911.2,996.64,0,1.701,1.701,8.151,8.226,93.516,7.086,2457.814,0,7.107,7.107,NA,42
"5/27/2022 8:27:43 AM",0,29.122,0.967,2.068,1895.7,996.633,0,1.841,1.841,7.785,8.226,93.437,7.081,2456.03,0,7.101,7.101,NA,42
"5/27/2022 8:27:43 AM",0,29.125,0.962,2.058,1887.1,996.629,0,1.81,1.81,8.386,8.225,93.476,7.084,2453.481,0,7.104,7.104,NA,42
"5/27/2022 8:27:44 AM",0,29.127,0.969,2.072,1899.4,996.633,0,1.545,1.545,8.342,8.223,93.489,7.084,2453.481,0,7.105,7.105,NA,42
"5/27/2022 8:27:44 AM",0,29.125,0.959,2.052,1881.3,996.627,0,1.724,1.724,8.694,8.221,93.418,7.079,2450.167,0,7.099,7.099,NA,42
"5/27/2022 8:27:44 AM",0,29.123,0.957,2.048,1877.5,996.626,0,1.903,1.903,8.386,8.221,93.361,7.074,2447.194,0,7.094,7.094,NA,42
"5/27/2022 8:27:44 AM",0,29.124,0.959,2.052,1881.2,996.627,0,1.623,1.623,8.151,8.218,93.473,7.083,2445.835,0,7.103,7.103,NA,42
"5/27/2022 8:27:44 AM",0,29.118,0.954,2.041,1871.8,996.625,0,1.529,1.529,8.269,8.218,93.508,7.085,2444.56,0,7.105,7.106,NA,42
"5/27/2022 8:27:45 AM",0,29.118,0.955,2.044,1874.6,996.626,0,2.02,2.02,8.43,8.218,93.487,7.084,2445.07,0,7.104,7.104,NA,42
"5/27/2022 8:27:45 AM",0,29.115,0.955,2.043,1873.6,996.627,0,2.005,2.005,8.723,8.216,93.394,7.076,2446.939,0,7.096,7.096,NA,42
"5/27/2022 8:27:45 AM",0,29.113,0.954,2.041,1871.3,996.626,0,2.005,2.005,8.826,8.215,93.441,7.079,2448.723,0,7.1,7.1,NA,42
"5/27/2022 8:27:45 AM",0,29.115,0.955,2.044,1874.5,996.627,0,1.732,1.732,8.591,8.215,93.299,7.068,2448.553,0,7.089,7.089,NA,42
"5/27/2022 8:27:45 AM",0,29.115,0.953,2.04,1870.8,996.625,0,1.841,1.841,7.668,8.213,93.409,7.076,2449.913,0,7.097,7.097,NA,42
"5/27/2022 8:27:46 AM",0,29.116,0.941,2.016,1848.2,996.616,0,1.864,1.864,7.214,8.213,93.456,7.08,2448.213,0,7.1,7.1,NA,42
"5/27/2022 8:27:46 AM",0,29.119,0.944,2.022,1853.9,996.618,0,1.779,1.779,7.844,8.212,93.473,7.081,2448.468,0,7.102,7.102,NA,42
"5/27/2022 8:27:46 AM",0,29.119,0.935,2.003,1836.4,996.611,0,1.974,1.974,7.507,8.211,93.476,7.081,2453.056,0,7.102,7.102,NA,42
"5/27/2022 8:27:46 AM",0,29.12,0.932,1.997,1831.4,996.608,0,1.63,1.63,8.078,8.209,93.426,7.078,2453.651,0,7.098,7.098,NA,42
"5/27/2022 8:27:46 AM",0,29.124,0.934,2,1833.8,996.608,0,1.857,1.857,8.298,8.21,93.469,7.081,2454.416,0,7.101,7.101,NA,42
"5/27/2022 8:27:47 AM",0,29.127,0.922,1.976,1812,996.599,0,1.896,1.896,8.386,8.209,93.449,7.079,2451.952,0,7.1,7.1,NA,42
"5/27/2022 8:27:47 AM",0,29.131,0.921,1.976,1811.1,996.597,0,1.997,1.997,8.327,8.21,93.38,7.074,2449.488,0,7.094,7.095,NA,42
"5/27/2022 8:27:47 AM",0,29.131,0.921,1.975,1810.8,996.597,0,1.88,1.88,8.269,8.207,93.426,7.077,2445.835,0,7.098,7.098,NA,42
"5/27/2022 8:27:47 AM",0,29.125,0.911,1.954,1791.6,996.591,0,1.708,1.708,7.697,8.206,93.459,7.08,2443.541,0,7.101,7.101,NA,42
"5/27/2022 8:27:47 AM",0,29.125,0.912,1.956,1792.8,996.592,0,1.763,1.763,8.078,8.206,93.396,7.075,2441.247,0,7.095,7.095,NA,42
"5/27/2022 8:27:48 AM",0,29.119,0.911,1.954,1791.6,996.593,0,1.888,1.888,7.873,8.204,93.53,7.084,2439.547,0,7.105,7.105,NA,42
"5/27/2022 8:27:48 AM",0,29.115,0.907,1.945,1783.9,996.591,0,1.864,1.864,8.049,8.202,93.391,7.074,2438.953,0,7.095,7.095,NA,42
"5/27/2022 8:27:48 AM",0,29.117,0.91,1.951,1788.8,996.592,0,1.997,1.997,8.401,8.203,93.394,7.074,2438.783,0,7.094,7.094,NA,42
"5/27/2022 8:27:48 AM",0,29.116,0.909,1.95,1788,996.592,0,1.88,1.88,7.858,8.203,93.4,7.074,2437.933,0,7.095,7.095,NA,42
"5/27/2022 8:27:48 AM",0,29.115,0.906,1.943,1781.9,996.59,0,1.693,1.693,8.459,8.202,93.381,7.073,2434.365,0,7.093,7.093,NA,42
"5/27/2022 8:30:51 AM",0,30.083,50.149,80.135,72075.8,1033.108,33.108,0.374,0.374,1.559,7.715,96.628,5.538,729.044,0,5.551,5.554,NA,42
"5/27/2022 8:30:51 AM",0.017,30.084,49.969,79.888,71851.3,1032.971,32.971,5.219,5.219,2.521,7.729,96.554,5.539,727.089,0,5.551,5.555,NA,42
"5/27/2022 8:30:51 AM",0.139,30.095,49.859,79.752,71713.6,1032.885,32.885,6.256,6.256,7.448,7.739,96.49,5.538,600.669,0,5.55,5.554,NA,42
"5/27/2022 8:30:51 AM",0.248,30.119,50.067,80.076,71970.3,1033.034,33.033,3.729,3.729,11.498,7.75,96.568,5.535,535.674,0,5.548,5.551,NA,42
"5/27/2022 8:30:52 AM",0.336,30.113,50.272,80.35,72226.1,1033.192,33.191,1.318,1.318,3.47,7.76,96.549,5.527,509.421,0,5.54,5.543,NA,42
"5/27/2022 8:30:52 AM",0.441,30.082,50.285,80.323,72245.9,1033.213,33.211,0.265,0.265,0.597,7.771,96.616,5.531,463.288,0,5.544,5.547,NA,42
"5/27/2022 8:30:52 AM",0.484,30.072,50.292,80.318,72255.2,1033.222,33.22,0.179,0.179,0.277,7.776,96.607,5.53,506.788,0,5.543,5.546,NA,42
"5/27/2022 8:30:52 AM",0.494,30.069,50.29,80.312,72254,1033.222,33.22,0.094,0.094,0.073,7.782,96.588,5.53,522.845,0,5.542,5.546,NA,42
"5/27/2022 8:30:52 AM",0.479,30.066,50.3,80.321,72266.9,1033.231,33.229,0.062,0.062,0,7.784,96.589,5.529,529.727,0,5.542,5.545,NA,42
"5/27/2022 8:30:53 AM",0.388,30.063,50.321,80.345,72293.2,1033.247,33.246,0.055,0.055,0,7.79,96.499,5.524,603.812,0,5.536,5.539,NA,42
"5/27/2022 8:30:53 AM",0.312,30.068,50.324,80.358,72296.7,1033.248,33.246,0,0,0,7.793,96.492,5.523,711.202,0,5.536,5.539,NA,42
"5/27/2022 8:30:53 AM",0.22,30.073,50.323,80.362,72293.9,1033.244,33.243,0,0,0,7.797,96.504,5.524,857.418,0,5.536,5.539,NA,42
"5/27/2022 8:30:53 AM",0.123,30.08,50.297,80.337,72261.4,1033.222,33.221,0,0,0,7.797,96.526,5.525,892.252,0,5.538,5.541,NA,42
"5/27/2022 8:30:53 AM",0.028,30.081,50.293,80.333,72256.4,1033.218,33.218,0,0,0,7.803,96.538,5.526,853.68,0,5.539,5.542,NA,42
"5/27/2022 8:30:54 AM",0,30.082,50.3,80.344,72264.4,1033.222,33.223,0,0,0,7.806,96.62,5.531,942.718,0,5.543,5.547,NA,42
"5/27/2022 8:30:54 AM",0,30.084,50.287,80.328,72247.8,1033.212,33.212,0,0,0,7.809,96.595,5.529,849.602,0,5.542,5.545,NA,42
"5/27/2022 8:30:54 AM",0,30.087,50.294,80.342,72256.3,1033.216,33.217,0,0,0,7.811,96.549,5.526,876.874,0,5.539,5.542,NA,42
"5/27/2022 8:30:54 AM",0,30.086,50.29,80.336,72251.5,1033.213,33.214,25.883,25.883,1.88,7.812,96.587,5.528,1083.158,0,5.541,5.544,NA,42
"5/27/2022 8:30:54 AM",0,30.091,50.299,80.356,72262.7,1033.218,33.219,8.869,8.869,0.699,7.814,96.54,5.525,1117.991,0,5.538,5.541,NA,42
"5/27/2022 8:30:55 AM",0,30.089,50.296,80.348,72258.2,1033.217,33.217,2.613,2.613,0.175,7.815,96.408,5.518,942.464,0,5.53,5.533,NA,42
"5/27/2022 8:30:55 AM",0.113,30.085,50.291,80.337,72253.4,1033.216,33.215,0.749,0.749,0,7.813,96.606,5.529,741.023,0,5.541,5.545,NA,42
"5/27/2022 8:30:55 AM",0.276,30.078,50.299,80.336,72263.7,1033.225,33.223,0.39,0.39,0,7.814,96.582,5.527,511.8,0,5.54,5.543,NA,42
"5/27/2022 8:30:55 AM",0.463,30.083,50.305,80.352,72270.4,1033.228,33.226,0.281,0.281,0.597,7.816,96.532,5.524,365.329,0,5.536,5.54,NA,42
"5/27/2022 8:30:56 AM",0.72,30.088,50.306,80.361,72271.4,1033.228,33.225,0.413,0.413,0.772,7.817,96.653,5.531,248.763,0,5.543,5.546,NA,42
"5/27/2022 8:30:56 AM",0.889,30.081,50.315,80.364,72284,1033.239,33.235,0.874,0.874,1.967,7.821,96.675,5.531,251.142,0,5.544,5.547,NA,42
"5/27/2022 8:30:56 AM",1.033,30.075,50.319,80.361,72289.8,1033.244,33.24,1.037,1.037,2.434,7.823,96.617,5.528,294.472,0,5.54,5.544,NA,42
"5/27/2022 8:30:56 AM",1.177,30.072,50.326,80.366,72298.4,1033.251,33.246,0.897,0.897,1.923,7.823,96.509,5.522,354.539,0,5.534,5.538,NA,42
"5/27/2022 8:30:56 AM",1.273,30.069,50.33,80.367,72303.8,1033.255,33.25,0.523,0.523,1.18,7.82,96.535,5.523,448.59,0,5.536,5.539,NA,42
"5/27/2022 8:30:57 AM",1.348,30.067,50.344,80.384,72322.2,1033.268,33.262,0.148,0.148,0.204,7.818,96.57,5.525,593.447,0,5.538,5.541,NA,42
"5/27/2022 8:30:57 AM",1.344,30.067,50.352,80.395,72331.9,1033.273,33.268,0.008,0.008,0,7.821,96.538,5.523,643.574,0,5.536,5.539,NA,42
"5/27/2022 8:30:57 AM",1.317,30.067,50.35,80.393,72329.7,1033.272,33.266,0.109,0.109,0.16,7.821,96.567,5.525,535.334,0,5.537,5.541,NA,42
"5/27/2022 8:30:57 AM",1.284,30.068,50.348,80.391,72327.1,1033.27,33.265,0.086,0.086,0.131,7.824,96.465,5.519,550.457,0,5.532,5.535,NA,42
"5/27/2022 8:30:57 AM",1.191,30.069,50.346,80.389,72323.3,1033.267,33.262,0.031,0.031,0.073,7.826,96.491,5.521,515.793,0,5.533,5.537,NA,42
"5/27/2022 8:30:58 AM",1.124,30.068,50.343,80.384,72320.1,1033.265,33.26,0.109,0.109,0.131,7.827,96.453,5.518,526.923,0,5.531,5.534,NA,42
"5/27/2022 8:30:58 AM",1.047,30.069,50.339,80.379,72315.1,1033.262,33.257,0.086,0.086,0.073,7.828,96.581,5.526,514.604,0,5.539,5.542,NA,42
"5/27/2022 8:30:58 AM",0.971,30.071,50.335,80.376,72309.4,1033.257,33.253,0.039,0.039,0.015,7.828,96.571,5.526,537.798,0,5.538,5.542,NA,42
"5/27/2022 8:30:58 AM",0.922,30.072,50.334,80.376,72308,1033.256,33.252,1.186,1.186,0.044,7.828,96.626,5.529,544.34,0,5.542,5.545,NA,42
"5/27/2022 8:30:58 AM",0.901,30.072,50.334,80.377,72308.6,1033.256,33.252,0.179,0.179,0.029,7.828,96.592,5.527,578.409,0,5.54,5.543,NA,42
"5/27/2022 8:30:59 AM",0.906,30.073,50.333,80.376,72306.7,1033.255,33.251,0.055,0.055,0.044,7.829,96.698,5.533,651.73,0,5.546,5.549,NA,42
"5/27/2022 8:30:59 AM",0.983,30.073,50.336,80.381,72310.9,1033.258,33.253,0.047,0.047,0.073,7.83,96.574,5.526,745.016,0,5.538,5.542,NA,42
"5/27/2022 8:30:59 AM",1.04,30.07,50.337,80.379,72312.4,1033.259,33.255,0.109,0.109,0.175,7.832,96.532,5.524,738.899,0,5.536,5.54,NA,42
"5/27/2022 8:30:59 AM",1.117,30.07,50.339,80.381,72314.5,1033.261,33.256,0.117,0.117,0.233,7.833,96.462,5.52,656.148,0,5.532,5.535,NA,42
"5/27/2022 8:30:59 AM",1.223,30.07,50.34,80.382,72315.7,1033.262,33.257,0.094,0.094,0.102,7.831,96.587,5.526,577.984,0,5.539,5.542,NA,42
"5/27/2022 8:31:00 AM",1.278,30.07,50.34,80.383,72316.1,1033.263,33.257,0.078,0.078,0.073,7.831,96.614,5.528,519.447,0,5.54,5.544,NA,42
"5/27/2022 8:31:00 AM",1.337,30.071,50.339,80.382,72314.7,1033.262,33.256,0.055,0.055,0.044,7.833,96.636,5.53,461.419,0,5.542,5.545,NA,42
"5/27/2022 8:31:00 AM",1.369,30.07,50.34,80.381,72315.9,1033.263,33.257,0.039,0.039,0.015,7.833,96.614,5.528,481.554,0,5.541,5.544,NA,42
"5/27/2022 8:31:00 AM",1.393,30.069,50.34,80.381,72316.6,1033.264,33.258,0.281,0.281,0.131,7.834,96.616,5.529,449.355,0,5.541,5.544,NA,42
"5/27/2022 8:31:00 AM",1.367,30.069,50.346,80.388,72323.6,1033.268,33.262,0.07,0.07,0.015,7.836,96.515,5.523,442.218,0,5.535,5.539,NA,42
"5/27/2022 8:31:01 AM",1.348,30.068,50.346,80.388,72324.4,1033.269,33.263,0.047,0.047,0.073,7.836,96.543,5.525,477.306,0,5.537,5.541,NA,42
"5/27/2022 8:31:01 AM",1.277,30.067,50.35,80.392,72329,1033.271,33.266,0.047,0.047,0.058,7.836,96.563,5.525,544.51,0,5.538,5.541,NA,42
"5/27/2022 8:31:01 AM",1.221,30.067,50.35,80.393,72329.6,1033.272,33.266,0.039,0.039,0,7.837,96.615,5.528,548.673,0,5.541,5.544,NA,42
"5/27/2022 8:31:01 AM",1.12,30.07,50.346,80.391,72324.2,1033.267,33.262,0.172,0.172,0.015,7.837,96.6,5.528,564.051,0,5.54,5.543,NA,42
"5/27/2022 8:31:01 AM",1.063,30.07,50.344,80.387,72321.1,1033.265,33.26,0.133,0.133,0,7.836,96.509,5.522,545.784,0,5.535,5.538,NA,42
"5/27/2022 8:31:02 AM",1.005,30.07,50.343,80.386,72320.3,1033.264,33.26,0.179,0.179,0.248,7.836,96.537,5.524,808.396,0,5.537,5.54,NA,42
"5/27/2022 8:31:02 AM",1.005,30.07,50.345,80.39,72322.6,1033.266,33.261,0.07,0.07,0.073,7.836,96.523,5.523,686.309,0,5.535,5.539,NA,42
"5/27/2022 8:31:02 AM",0.992,30.071,50.348,80.394,72325.5,1033.267,33.263,0.016,0.016,0,7.838,96.609,5.528,585.121,0,5.541,5.544,NA,42
"5/27/2022 8:31:02 AM",1.03,30.071,50.344,80.39,72321.2,1033.265,33.26,0.086,0.086,0.102,7.839,96.483,5.521,750.199,0,5.533,5.537,NA,42
"5/27/2022 8:31:02 AM",1.075,30.071,50.346,80.392,72324.2,1033.267,33.262,0.094,0.094,0.116,7.838,96.482,5.521,665.663,0,5.533,5.537,NA,42
"5/27/2022 8:31:03 AM",1.127,30.07,50.345,80.391,72323,1033.266,33.261,0.062,0.062,0.116,7.836,96.491,5.521,515.539,0,5.534,5.537,NA,42
"5/27/2022 8:31:03 AM",1.195,30.071,50.346,80.391,72323.2,1033.267,33.261,0.039,0.039,0,7.836,96.569,5.526,424.631,0,5.538,5.541,NA,42
"5/27/2022 8:31:03 AM",1.334,30.07,50.349,80.396,72327.9,1033.27,33.264,0.094,0.094,0.189,7.837,96.546,5.524,468.895,0,5.537,5.54,NA,42
"5/27/2022 8:31:03 AM",1.503,30.075,50.357,80.414,72337.5,1033.275,33.269,0.086,0.086,0.175,7.839,96.62,5.528,607.041,0,5.54,5.544,NA,42
"5/27/2022 8:31:03 AM",1.692,30.081,50.345,80.406,72322,1033.265,33.258,0.101,0.101,0.131,7.84,96.748,5.535,695.739,0,5.548,5.551,NA,42
"5/27/2022 8:31:04 AM",1.892,30.079,50.351,80.411,72329.7,1033.271,33.263,0.101,0.101,0.131,7.84,96.706,5.532,730.488,0,5.545,5.548,NA,42
"5/27/2022 8:31:04 AM",2.102,30.072,50.356,80.408,72336.2,1033.278,33.269,0.094,0.094,0.189,7.84,96.702,5.532,579.768,0,5.544,5.548,NA,42
"5/27/2022 8:31:04 AM",2.391,30.07,50.361,80.412,72342.9,1033.283,33.273,0.062,0.062,0.058,7.84,96.599,5.525,430.323,0,5.538,5.541,NA,42
"5/27/2022 8:31:04 AM",2.556,30.07,50.365,80.419,72348.4,1033.287,33.276,0.047,0.047,0,7.842,96.637,5.527,364.819,0,5.54,5.543,NA,42
"5/27/2022 8:31:04 AM",2.712,30.069,50.394,80.457,72384.7,1033.31,33.299,0.047,0.047,0.058,7.842,96.557,5.522,305.942,0,5.534,5.538,NA,42
"5/27/2022 8:31:05 AM",2.872,30.071,50.396,80.462,72386.7,1033.312,33.299,0.023,0.023,0.044,7.842,96.49,5.518,301.184,0,5.531,5.534,NA,42
"5/27/2022 8:31:05 AM",3.032,30.071,50.396,80.463,72387,1033.312,33.299,0.016,0.016,0.029,7.843,96.458,5.516,312.569,0,5.528,5.532,NA,42
"5/27/2022 8:31:05 AM",3.251,30.072,50.397,80.465,72387.6,1033.313,33.3,0,0,0,7.843,96.586,5.524,268.559,0,5.536,5.539,NA,42
"5/27/2022 8:31:05 AM",3.378,30.073,50.395,80.464,72385.8,1033.313,33.298,0,0,0,7.844,96.534,5.521,223.7,0,5.533,5.536,NA,42
"5/27/2022 8:31:05 AM",3.529,30.072,50.392,80.459,72382.2,1033.311,33.296,0,0,0,7.846,96.48,5.517,195.154,0,5.53,5.533,NA,42
"5/27/2022 8:31:06 AM",3.665,30.07,50.396,80.461,72386.7,1033.315,33.299,0,0,0,7.847,96.576,5.522,180.71,0,5.535,5.538,NA,42
"5/27/2022 8:31:06 AM",3.896,30.069,50.395,80.458,72385.6,1033.316,33.299,0,0,0,7.85,96.512,5.518,132.028,0,5.531,5.534,NA,42
"5/27/2022 8:31:06 AM",4.058,30.07,50.395,80.46,72386.1,1033.316,33.299,0,0,0,7.852,96.488,5.517,106.37,0,5.53,5.533,NA,42
"5/27/2022 8:31:06 AM",4.232,30.069,50.391,80.454,72381.5,1033.314,33.296,0.187,0.187,0.393,7.851,96.579,5.523,93.626,0,5.535,5.538,NA,42
"5/27/2022 8:31:07 AM",4.419,30.066,50.396,80.457,72388.5,1033.32,33.301,0.25,0.25,0.568,7.851,96.585,5.523,101.612,0,5.535,5.538,NA,42
"5/27/2022 8:31:07 AM",4.593,30.065,50.401,80.462,72394.8,1033.325,33.306,0.07,0.07,0.116,7.852,96.62,5.524,112.997,0,5.537,5.54,NA,42
"5/27/2022 8:31:07 AM",4.863,30.062,50.412,80.473,72408.9,1033.336,33.315,0.429,0.429,0.99,7.854,96.565,5.521,142.988,0,5.534,5.537,NA,42
"5/27/2022 8:31:07 AM",5.043,30.061,50.414,80.474,72411.2,1033.338,33.316,0.429,0.429,0.976,7.856,96.556,5.521,218.688,0,5.533,5.536,NA,42
"5/27/2022 8:31:07 AM",5.214,30.06,50.417,80.477,72415,1033.341,33.319,0.296,0.296,0.626,7.855,96.531,5.519,332.279,0,5.531,5.535,NA,42
"5/27/2022 8:31:08 AM",5.382,30.059,50.418,80.476,72416.4,1033.343,33.32,0.179,0.179,0.335,7.855,96.581,5.522,447.316,0,5.534,5.538,NA,42
"5/27/2022 8:31:08 AM",5.645,30.06,50.419,80.479,72417.8,1033.345,33.321,0.031,0.031,0.029,7.856,96.465,5.515,766.341,0,5.528,5.531,NA,42
"5/27/2022 8:31:08 AM",5.824,30.06,50.417,80.477,72415.8,1033.344,33.319,0,0,0,7.856,96.484,5.517,668.212,0,5.529,5.532,NA,42
"5/27/2022 8:31:08 AM",5.998,30.06,50.417,80.477,72416.2,1033.345,33.32,0,0,0,7.855,96.478,5.516,340.266,0,5.529,5.532,NA,42
"5/27/2022 8:31:08 AM",6.168,30.059,50.419,80.478,72418.3,1033.347,33.321,0,0,0,7.855,96.443,5.514,220.132,0,5.527,5.53,NA,42
"5/27/2022 8:31:09 AM",6.328,30.059,50.416,80.474,72415.3,1033.346,33.319,0,0,0,7.856,96.415,5.513,213.93,0,5.525,5.528,NA,42
"5/27/2022 8:31:09 AM",6.556,30.059,50.426,80.487,72427.1,1033.354,33.326,0,0,0,7.857,96.514,5.518,301.269,0,5.531,5.534,NA,42
"5/27/2022 8:31:09 AM",6.705,30.06,50.427,80.49,72428.1,1033.355,33.327,0,0,0,7.858,96.491,5.517,216.309,0,5.529,5.533,NA,42
"5/27/2022 8:31:09 AM",6.834,30.06,50.428,80.493,72429.7,1033.357,33.327,0,0,0,7.856,96.502,5.518,201.865,0,5.53,5.533,NA,42
"5/27/2022 8:31:09 AM",6.975,30.061,50.429,80.495,72430.4,1033.357,33.328,0,0,0,7.848,96.531,5.519,103.651,0,5.531,5.535,NA,42
"5/27/2022 8:31:10 AM",7.237,30.061,50.429,80.495,72430.8,1033.359,33.328,0,0,0,7.837,96.371,5.509,41.121,0,5.522,5.525,NA,42
"5/27/2022 8:31:10 AM",7.432,30.061,50.43,80.497,72432.1,1033.36,33.328,0.078,0.078,0.204,7.839,96.489,5.516,35.089,0,5.529,5.532,NA,42
"5/27/2022 8:31:10 AM",7.628,30.062,50.408,80.468,72405.1,1033.344,33.312,0.46,0.46,1.005,7.84,96.384,5.511,47.663,0,5.523,5.527,NA,42
"5/27/2022 8:31:10 AM",7.792,30.06,50.403,80.46,72399.6,1033.342,33.309,0.686,0.686,1.501,7.84,96.418,5.513,71.282,0,5.525,5.529,NA,42
"5/27/2022 8:31:10 AM",7.951,30.06,50.404,80.46,72400.6,1033.343,33.31,0.663,0.663,1.486,7.841,96.486,5.517,77.484,0,5.529,5.532,NA,42
"5/27/2022 8:31:11 AM",8.186,30.059,50.406,80.461,72402.8,1033.346,33.311,0.671,0.671,1.53,7.847,96.413,5.513,138.74,0,5.525,5.528,NA,42
"5/27/2022 8:31:11 AM",8.337,30.058,50.411,80.468,72409.7,1033.351,33.315,0.468,0.468,1.049,7.852,96.413,5.513,246.894,0,5.525,5.528,NA,42
"5/27/2022 8:31:11 AM",8.473,30.059,50.414,80.472,72413.4,1033.353,33.317,0.234,0.234,0.466,7.856,96.444,5.514,327.437,0,5.526,5.53,NA,42
"5/27/2022 8:31:11 AM",8.621,30.059,50.415,80.475,72414.6,1033.355,33.318,0.008,0.008,0,7.858,96.468,5.515,265.756,0,5.527,5.531,NA,42
"5/27/2022 8:31:11 AM",8.756,30.059,50.418,80.478,72418,1033.357,33.32,0,0,0,7.86,96.445,5.514,184.958,0,5.526,5.53,NA,42
"5/27/2022 8:31:12 AM",8.951,30.059,50.418,80.478,72418.1,1033.358,33.32,0,0,0,7.86,96.433,5.513,194.814,0,5.525,5.529,NA,42
"5/27/2022 8:31:12 AM",9.085,30.061,50.418,80.481,72417.9,1033.358,33.319,0,0,0,7.861,96.526,5.518,178.756,0,5.53,5.534,NA,42
"5/27/2022 8:31:12 AM",9.217,30.061,50.419,80.483,72419.8,1033.36,33.32,0,0,0,7.863,96.541,5.519,96.43,0,5.531,5.534,NA,42
"5/27/2022 8:31:12 AM",9.391,30.061,50.421,80.486,72422.6,1033.362,33.322,0,0,0,7.863,96.563,5.52,45.879,0,5.533,5.536,NA,42
"5/27/2022 8:31:12 AM",9.575,30.06,50.421,80.486,72423,1033.363,33.323,0,0,0,7.863,96.484,5.516,34.069,0,5.528,5.531,NA,42
"5/27/2022 8:31:13 AM",9.853,30.062,50.42,80.486,72421.4,1033.363,33.321,0.156,0.156,0.306,7.865,96.581,5.521,41.206,0,5.534,5.537,NA,42
"5/27/2022 8:31:13 AM",10.039,30.063,50.419,80.486,72420.1,1033.363,33.32,0.187,0.187,0.437,7.866,96.457,5.514,41.8,0,5.526,5.53,NA,42
"5/27/2022 8:31:13 AM",10.228,30.062,50.42,80.487,72421,1033.364,33.321,0.476,0.476,1.078,7.867,96.466,5.514,46.218,0,5.527,5.53,NA,42
"5/27/2022 8:31:13 AM",10.404,30.062,50.423,80.491,72424.8,1033.367,33.323,0.78,0.78,1.763,7.868,96.358,5.508,77.909,0,5.52,5.524,NA,42
"5/27/2022 8:31:13 AM",10.639,30.063,50.424,80.493,72426,1033.369,33.323,0.554,0.554,1.224,7.867,96.392,5.51,100.763,0,5.522,5.526,NA,42
"5/27/2022 8:31:14 AM",10.776,30.062,50.424,80.493,72426.9,1033.37,33.324,0.218,0.218,0.422,7.867,96.539,5.518,96.515,0,5.531,5.534,NA,42
"5/27/2022 8:31:14 AM",10.919,30.061,50.425,80.492,72427.9,1033.371,33.325,0.062,0.062,0.044,7.869,96.546,5.519,91.842,0,5.531,5.534,NA,42
"5/27/2022 8:31:14 AM",11.066,30.062,50.427,80.496,72430,1033.373,33.326,0,0,0,7.87,96.568,5.52,86.574,0,5.532,5.536,NA,42
"5/27/2022 8:31:14 AM",11.221,30.063,50.427,80.497,72429.9,1033.373,33.326,0.133,0.133,0.218,7.871,96.554,5.519,98.299,0,5.532,5.535,NA,42
"5/27/2022 8:31:14 AM",11.449,30.064,50.431,80.505,72435.1,1033.377,33.328,0.242,0.242,0.495,7.872,96.553,5.519,117.755,0,5.532,5.535,NA,42
"5/27/2022 8:31:15 AM",11.598,30.063,50.428,80.5,72432.2,1033.376,33.327,0.242,0.242,0.495,7.871,96.528,5.518,211.891,0,5.53,5.534,NA,42
"5/27/2022 8:31:15 AM",11.748,30.064,50.431,80.505,72435.1,1033.378,33.328,0.164,0.164,0.32,7.871,96.541,5.518,265.501,0,5.531,5.534,NA,42
"5/27/2022 8:31:15 AM",11.897,30.065,50.429,80.504,72432.6,1033.377,33.326,0.172,0.172,0.379,7.873,96.494,5.515,243.666,0,5.528,5.531,NA,42
"5/27/2022 8:31:15 AM",12.021,30.066,50.429,80.506,72433.1,1033.377,33.326,0.172,0.172,0.393,7.873,96.6,5.521,288.78,0,5.534,5.537,NA,42
"5/27/2022 8:31:15 AM",12.194,30.067,50.433,80.512,72437.3,1033.38,33.328,0.109,0.109,0.175,7.873,96.512,5.516,267.965,0,5.529,5.532,NA,42
"5/27/2022 8:31:16 AM",12.34,30.067,50.43,80.509,72434.5,1033.379,33.327,0.055,0.055,0.058,7.873,96.4,5.51,199.741,0,5.522,5.526,NA,42
"5/27/2022 8:31:16 AM",12.518,30.067,50.431,80.51,72434.9,1033.38,33.327,0.055,0.055,0.029,7.873,96.508,5.516,204.499,0,5.529,5.532,NA,42
"5/27/2022 8:31:16 AM",12.725,30.067,50.432,80.512,72437.1,1033.382,33.328,0.047,0.047,0.044,7.874,96.53,5.518,239.588,0,5.53,5.533,NA,42
"5/27/2022 8:31:16 AM",13.004,30.068,50.436,80.52,72442.5,1033.386,33.331,0.039,0.039,0.015,7.875,96.476,5.514,252.247,0,5.527,5.53,NA,42
"5/27/2022 8:31:16 AM",13.135,30.068,50.436,80.519,72441.8,1033.386,33.331,0.039,0.039,0.058,7.876,96.467,5.514,246.724,0,5.526,5.529,NA,42
"5/27/2022 8:31:17 AM",13.171,30.068,50.437,80.521,72443.8,1033.388,33.332,0.039,0.039,0.029,7.877,96.636,5.523,232.621,0,5.535,5.539,NA,42
"5/27/2022 8:31:17 AM",13.164,30.068,50.438,80.521,72444.8,1033.389,33.333,0.039,0.039,0.044,7.878,96.517,5.516,229.478,0,5.529,5.532,NA,42
"5/27/2022 8:31:17 AM",13.142,30.067,50.44,80.524,72447.2,1033.39,33.334,0.031,0.031,0.015,7.878,96.525,5.517,244.091,0,5.529,5.533,NA,42
"5/27/2022 8:31:17 AM",13.088,30.067,50.441,80.524,72448.1,1033.39,33.335,0.047,0.047,0,7.88,96.471,5.514,300.079,0,5.526,5.529,NA,42
"5/27/2022 8:31:18 AM",13.037,30.067,50.439,80.522,72446.3,1033.389,33.334,0.047,0.047,0.044,7.881,96.577,5.52,284.787,0,5.532,5.536,NA,42
"5/27/2022 8:31:18 AM",12.98,30.068,50.44,80.524,72446.9,1033.389,33.334,0.047,0.047,0.073,7.882,96.518,5.517,264.821,0,5.529,5.532,NA,42
"5/27/2022 8:31:18 AM",12.923,30.067,50.442,80.525,72449.4,1033.391,33.336,0.039,0.039,0.073,7.883,96.428,5.511,348.762,0,5.524,5.527,NA,42
"5/27/2022 8:31:18 AM",12.857,30.066,50.445,80.529,72453.4,1033.393,33.338,0.047,0.047,0.058,7.884,96.58,5.52,281.558,0,5.532,5.536,NA,42
"5/27/2022 8:31:18 AM",12.85,30.067,50.446,80.531,72454.8,1033.394,33.339,0.039,0.039,0.029,7.885,96.707,5.527,247.149,0,5.54,5.543,NA,42
"5/27/2022 8:31:19 AM",12.888,30.068,50.447,80.533,72455,1033.394,33.339,0.016,0.016,0.015,7.886,96.605,5.521,269.324,0,5.534,5.537,NA,42
"5/27/2022 8:31:19 AM",12.933,30.067,50.447,80.532,72455.1,1033.394,33.339,0.023,0.023,0.015,7.886,96.609,5.522,298.295,0,5.534,5.538,NA,42
"5/27/2022 8:31:19 AM",12.975,30.068,50.449,80.536,72458,1033.396,33.341,0.039,0.039,0.044,7.887,96.398,5.509,310.954,0,5.522,5.525,NA,42
"5/27/2022 8:31:19 AM",12.987,30.068,50.449,80.536,72457.5,1033.396,33.34,0.039,0.039,0.029,7.888,96.487,5.515,257.684,0,5.527,5.531,NA,42
"5/27/2022 8:31:19 AM",12.954,30.067,50.45,80.538,72460,1033.397,33.342,0.047,0.047,0.029,7.888,96.487,5.515,256.665,0,5.527,5.53,NA,42
"5/27/2022 8:31:20 AM",12.898,30.068,50.447,80.534,72455.9,1033.394,33.339,0.039,0.039,0.029,7.888,96.448,5.512,250.548,0,5.525,5.528,NA,42
"5/27/2022 8:31:20 AM",12.818,30.067,50.449,80.536,72457.8,1033.395,33.341,0.023,0.023,0.015,7.89,96.518,5.516,275.271,0,5.529,5.532,NA,42
"5/27/2022 8:31:20 AM",12.676,30.067,50.45,80.537,72459.1,1033.395,33.342,0.023,0.023,0,7.891,96.487,5.514,331.515,0,5.527,5.53,NA,42
"5/27/2022 8:31:20 AM",12.353,30.067,50.485,80.585,72503.3,1033.421,33.369,0.047,0.047,0.058,7.892,96.494,5.514,427.945,0,5.526,5.529,NA,42
"5/27/2022 8:31:20 AM",12.114,30.067,50.491,80.592,72509.5,1033.424,33.373,0.039,0.039,0.044,7.892,96.604,5.52,398.124,0,5.532,5.535,NA,42
"5/27/2022 8:31:21 AM",11.861,30.066,50.488,80.587,72505.8,1033.421,33.37,0.047,0.047,0.087,7.893,96.576,5.518,345.618,0,5.53,5.534,NA,42
"5/27/2022 8:31:21 AM",11.609,30.067,50.49,80.592,72509,1033.422,33.372,0.039,0.039,0.058,7.893,96.43,5.51,306.961,0,5.522,5.526,NA,42
"5/27/2022 8:31:21 AM",11.263,30.068,50.486,80.587,72503.9,1033.417,33.369,0.055,0.055,0.029,7.895,96.556,5.517,293.962,0,5.529,5.533,NA,42
"5/27/2022 8:31:21 AM",11.12,30.066,50.484,80.581,72500.5,1033.415,33.367,0.031,0.031,0.044,7.896,96.59,5.519,319.705,0,5.531,5.535,NA,42
"5/27/2022 8:31:21 AM",11.035,30.064,50.483,80.578,72499.9,1033.415,33.368,0.047,0.047,0.015,7.896,96.443,5.51,284.107,0,5.522,5.526,NA,42
"5/27/2022 8:31:22 AM",10.999,30.063,50.482,80.575,72499.2,1033.415,33.368,0.047,0.047,0.029,7.896,96.457,5.511,255.73,0,5.524,5.527,NA,42
"5/27/2022 8:31:22 AM",10.985,30.062,50.483,80.574,72500.5,1033.416,33.369,0.055,0.055,0.044,7.897,96.53,5.516,237.464,0,5.528,5.531,NA,42
"5/27/2022 8:31:22 AM",11.019,30.06,50.484,80.573,72501.5,1033.417,33.37,0.031,0.031,0.015,7.9,96.521,5.515,223.955,0,5.527,5.531,NA,42
"5/27/2022 8:31:22 AM",11.047,30.06,50.487,80.576,72505.1,1033.419,33.372,0.047,0.047,0.015,7.9,96.48,5.513,240.013,0,5.525,5.528,NA,42
"5/27/2022 8:31:22 AM",11.08,30.06,50.487,80.576,72504.9,1033.419,33.372,0.039,0.039,0.015,7.902,96.506,5.514,233.81,0,5.527,5.53,NA,42
"5/27/2022 8:31:23 AM",11.113,30.06,50.487,80.578,72505.6,1033.42,33.372,0.023,0.023,0,7.903,96.559,5.517,287.76,0,5.53,5.533,NA,42
"5/27/2022 8:31:23 AM",11.08,30.059,50.489,80.579,72508,1033.421,33.374,0.031,0.031,0.015,7.904,96.595,5.519,411.717,0,5.532,5.535,NA,42
"5/27/2022 8:31:23 AM",10.959,30.06,50.49,80.581,72509.5,1033.422,33.375,0.031,0.031,0.029,7.904,96.491,5.513,419.194,0,5.526,5.529,NA,42
"5/27/2022 8:31:23 AM",10.795,30.061,50.49,80.581,72508.3,1033.42,33.374,0.039,0.039,0.029,7.903,96.488,5.513,379.007,0,5.525,5.529,NA,42
"5/27/2022 8:31:23 AM",10.628,30.061,50.488,80.579,72506.3,1033.418,33.373,0.047,0.047,0.087,7.904,96.468,5.512,368.727,0,5.524,5.528,NA,42
"5/27/2022 8:31:24 AM",10.512,30.06,50.488,80.577,72506.1,1033.418,33.373,0.047,0.047,0.058,7.906,96.519,5.515,339.841,0,5.527,5.531,NA,42
"5/27/2022 8:31:24 AM",10.472,30.06,50.487,80.577,72505.4,1033.417,33.372,0.047,0.047,0.058,7.911,96.461,5.511,280.793,0,5.524,5.527,NA,42
"5/27/2022 8:31:24 AM",10.451,30.06,50.488,80.578,72506.2,1033.417,33.373,0.047,0.047,0.058,7.911,96.405,5.508,273.912,0,5.521,5.524,NA,42
"5/27/2022 8:31:24 AM",10.422,30.061,50.486,80.577,72503.9,1033.416,33.371,0.039,0.039,0.058,7.91,96.404,5.508,315.202,0,5.521,5.524,NA,42
"5/27/2022 8:31:24 AM",10.383,30.06,50.488,80.577,72506,1033.417,33.373,0.039,0.039,0.044,7.91,96.428,5.509,295.577,0,5.522,5.525,NA,42
"5/27/2022 8:31:25 AM",10.289,30.059,50.487,80.575,72505.1,1033.416,33.373,0.047,0.047,0.058,7.909,96.488,5.513,233.386,0,5.525,5.529,NA,42
"5/27/2022 8:31:25 AM",10.216,30.06,50.487,80.577,72505.6,1033.416,33.373,0.031,0.031,0,7.906,96.496,5.513,258.959,0,5.526,5.529,NA,42
"5/27/2022 8:31:25 AM",10.1,30.06,50.487,80.576,72505,1033.415,33.372,0.023,0.023,0,7.905,96.614,5.52,302.458,0,5.533,5.536,NA,42
"5/27/2022 8:31:25 AM",9.912,30.06,50.486,80.575,72504,1033.414,33.372,0.039,0.039,0.029,7.905,96.541,5.516,269.579,0,5.528,5.532,NA,42
"5/27/2022 8:31:25 AM",9.676,30.06,50.482,80.57,72499,1033.41,33.369,0.031,0.031,0.029,7.905,96.459,5.511,331.94,0,5.524,5.527,NA,42
"5/27/2022 8:31:26 AM",9.365,30.059,50.479,80.563,72494.4,1033.406,33.366,0.039,0.039,0.029,7.907,96.493,5.513,365.669,0,5.526,5.529,NA,42
"5/27/2022 8:31:26 AM",9.231,30.06,50.475,80.559,72490,1033.403,33.364,0.031,0.031,0.029,7.908,96.425,5.51,317.751,0,5.522,5.525,NA,42
"5/27/2022 8:31:26 AM",9.177,30.059,50.471,80.553,72484.7,1033.399,33.36,0.055,0.055,0.058,7.91,96.518,5.515,271.618,0,5.527,5.531,NA,42
"5/27/2022 8:31:26 AM",9.163,30.059,50.469,80.549,72481.6,1033.398,33.359,0.055,0.055,0.044,7.913,96.445,5.511,248.848,0,5.523,5.527,NA,42
"5/27/2022 8:31:26 AM",9.161,30.058,50.471,80.551,72484.1,1033.399,33.36,0.055,0.055,0.058,7.916,96.454,5.511,251.822,0,5.524,5.527,NA,42
"5/27/2022 8:31:27 AM",9.174,30.058,50.472,80.551,72485.7,1033.401,33.361,0.039,0.039,0.044,7.916,96.466,5.512,346.128,0,5.524,5.528,NA,42
"5/27/2022 8:31:27 AM",9.193,30.058,50.47,80.55,72483.9,1033.399,33.36,0.031,0.031,0,7.917,96.474,5.513,451.139,0,5.525,5.528,NA,42
"5/27/2022 8:31:27 AM",9.174,30.058,50.471,80.55,72484.9,1033.4,33.361,0.047,0.047,0.029,7.917,96.53,5.515,475.013,0,5.528,5.531,NA,42
"5/27/2022 8:31:27 AM",8.981,30.058,50.472,80.552,72485.6,1033.4,33.361,0.055,0.055,0.073,7.915,96.386,5.507,392.601,0,5.519,5.523,NA,42
"5/27/2022 8:31:28 AM",8.769,30.058,50.47,80.548,72482.9,1033.397,33.36,0.047,0.047,0.015,7.917,96.379,5.507,416.73,0,5.519,5.522,NA,42
"5/27/2022 8:31:28 AM",8.541,30.059,50.468,80.547,72480.6,1033.395,33.358,0.039,0.039,0.044,7.917,96.592,5.519,370.681,0,5.531,5.534,NA,42
"5/27/2022 8:31:28 AM",8.358,30.059,50.465,80.544,72477.1,1033.392,33.356,0.047,0.047,0.029,7.918,96.489,5.513,267.54,0,5.525,5.529,NA,42
"5/27/2022 8:31:28 AM",8.211,30.059,50.463,80.54,72474,1033.389,33.354,0.039,0.039,0,7.919,96.417,5.509,276.036,0,5.521,5.525,NA,42
"5/27/2022 8:31:28 AM",8.15,30.059,50.463,80.54,72474.2,1033.389,33.355,0.031,0.031,0.015,7.92,96.507,5.514,340.521,0,5.527,5.53,NA,42
"5/27/2022 8:31:29 AM",8.11,30.059,50.464,80.541,72474.9,1033.389,33.355,0.016,0.016,0,7.921,96.483,5.513,430.323,0,5.525,5.529,NA,42
"5/27/2022 8:31:29 AM",8.052,30.059,50.462,80.539,72473.2,1033.388,33.354,0.008,0.008,0,7.921,96.391,5.507,593.702,0,5.52,5.523,NA,42
"5/27/2022 8:31:29 AM",7.983,30.059,50.461,80.537,72471.8,1033.387,33.353,0,0,0,7.922,96.406,5.508,413.671,0,5.521,5.524,NA,42
"5/27/2022 8:31:29 AM",7.919,30.059,50.459,80.535,72469.3,1033.385,33.351,0.047,0.047,0.073,7.923,96.467,5.512,324.038,0,5.524,5.528,NA,42
"5/27/2022 8:31:29 AM",7.853,30.058,50.459,80.533,72468.8,1033.385,33.352,0.078,0.078,0.116,7.921,96.303,5.503,354.199,0,5.515,5.518,NA,42
"5/27/2022 8:31:30 AM",7.736,30.058,50.459,80.534,72469.5,1033.385,33.352,0.055,0.055,0.102,7.92,96.51,5.514,295.407,0,5.527,5.53,NA,42
"5/27/2022 8:31:30 AM",7.555,30.058,50.458,80.532,72467.9,1033.383,33.351,0.047,0.047,0.029,7.923,96.542,5.516,254.541,0,5.528,5.532,NA,42
"5/27/2022 8:31:30 AM",7.302,30.058,50.458,80.532,72468.2,1033.382,33.351,0,0,0,7.922,96.451,5.511,462.693,0,5.524,5.527,NA,42
"5/27/2022 8:31:30 AM",7.192,30.058,50.458,80.531,72467.4,1033.382,33.351,0.031,0.031,0,7.924,96.461,5.511,348.932,0,5.524,5.527,NA,42
"5/27/2022 8:31:30 AM",7.156,30.058,50.457,80.53,72465.9,1033.38,33.35,0.031,0.031,0,7.926,96.385,5.507,290.819,0,5.52,5.523,NA,42
"5/27/2022 8:31:31 AM",7.136,30.058,50.457,80.53,72466.2,1033.38,33.35,0.031,0.031,0.029,7.925,96.499,5.514,280.029,0,5.526,5.529,NA,42
"5/27/2022 8:31:31 AM",7.114,30.058,50.458,80.531,72467.7,1033.382,33.351,0.047,0.047,0.058,7.925,96.444,5.51,356.748,0,5.523,5.526,NA,42
"5/27/2022 8:31:31 AM",7.043,30.058,50.456,80.529,72464.8,1033.379,33.349,0.031,0.031,0.015,7.926,96.426,5.509,392.091,0,5.522,5.525,NA,42
"5/27/2022 8:31:31 AM",7.013,30.058,50.457,80.53,72466.9,1033.381,33.351,0.008,0.008,0,7.927,96.374,5.506,403.561,0,5.519,5.522,NA,42
"5/27/2022 8:31:31 AM",6.978,30.058,50.457,80.53,72466.2,1033.38,33.35,0.047,0.047,0.044,7.924,96.421,5.509,289.714,0,5.522,5.525,NA,42
"5/27/2022 8:31:32 AM",6.904,30.058,50.457,80.53,72466.3,1033.38,33.35,0.07,0.07,0.087,7.923,96.531,5.515,349.526,0,5.528,5.531,NA,42
"5/27/2022 8:31:32 AM",6.646,30.059,50.461,80.536,72470.7,1033.381,33.353,0.023,0.023,0.029,7.923,96.504,5.514,326.247,0,5.526,5.53,NA,42
"5/27/2022 8:31:32 AM",6.432,30.062,50.458,80.537,72467.4,1033.377,33.35,0.047,0.047,0.073,7.923,96.448,5.511,333.129,0,5.523,5.526,NA,42
"5/27/2022 8:31:32 AM",6.24,30.065,50.456,80.539,72464.4,1033.374,33.347,0.016,0.016,0.015,7.923,96.533,5.515,344.599,0,5.528,5.531,NA,42
"5/27/2022 8:31:32 AM",6.094,30.067,50.458,80.544,72466.1,1033.374,33.348,0.008,0.008,0,7.923,96.475,5.512,478.666,0,5.524,5.527,NA,42
"5/27/2022 8:31:33 AM",6.04,30.07,50.449,80.536,72454.9,1033.366,33.34,0.008,0.008,0,7.925,96.558,5.517,382.916,0,5.529,5.532,NA,42
"5/27/2022 8:31:33 AM",6.057,30.069,50.45,80.535,72455.3,1033.367,33.341,0.039,0.039,0,7.924,96.57,5.517,314.438,0,5.53,5.533,NA,42
"5/27/2022 8:31:33 AM",6.109,30.068,50.449,80.533,72455.2,1033.367,33.341,0.086,0.086,0.102,7.923,96.52,5.515,276.291,0,5.527,5.53,NA,42
"5/27/2022 8:31:33 AM",6.156,30.066,50.45,80.532,72456.5,1033.368,33.342,0.062,0.062,0.116,7.92,96.479,5.512,298.805,0,5.524,5.528,NA,42
"5/27/2022 8:31:33 AM",6.175,30.066,50.45,80.532,72456.8,1033.369,33.343,0.031,0.031,0.073,7.92,96.621,5.52,294.897,0,5.533,5.536,NA,42
"5/27/2022 8:31:34 AM",6.184,30.066,50.452,80.535,72459.3,1033.37,33.344,0.023,0.023,0.044,7.918,96.523,5.514,417.749,0,5.527,5.53,NA,42
"5/27/2022 8:31:34 AM",6.109,30.065,50.454,80.537,72461.4,1033.371,33.345,0.023,0.023,0.015,7.918,96.566,5.517,485.038,0,5.529,5.532,NA,42
"5/27/2022 8:31:34 AM",5.956,30.066,50.455,80.539,72462.7,1033.371,33.346,0.023,0.023,0.044,7.916,96.506,5.513,416.135,0,5.526,5.529,NA,42
"5/27/2022 8:31:34 AM",5.765,30.068,50.454,80.539,72460.9,1033.369,33.345,0.055,0.055,0.087,7.914,96.481,5.512,391.836,0,5.524,5.527,NA,42
"5/27/2022 8:31:34 AM",5.485,30.068,50.449,80.534,72454.8,1033.364,33.341,0,0,0,7.91,96.517,5.514,502.54,0,5.526,5.53,NA,42
"5/27/2022 8:31:35 AM",5.369,30.068,50.452,80.536,72457.8,1033.366,33.343,0.039,0.039,0.073,7.913,96.589,5.518,381.981,0,5.53,5.533,NA,42
"5/27/2022 8:31:35 AM",5.32,30.069,50.449,80.534,72454.5,1033.363,33.341,0.031,0.031,0.029,7.914,96.567,5.517,364.649,0,5.529,5.533,NA,42
"5/27/2022 8:31:35 AM",5.289,30.069,50.451,80.537,72456.5,1033.364,33.342,0.031,0.031,0.044,7.916,96.489,5.512,302.543,0,5.525,5.528,NA,42
"5/27/2022 8:31:35 AM",5.257,30.07,50.449,80.535,72453.5,1033.362,33.34,0.047,0.047,0.087,7.918,96.6,5.518,309.425,0,5.531,5.534,NA,42
"5/27/2022 8:31:35 AM",5.211,30.07,50.449,80.535,72453.7,1033.362,33.34,0.016,0.016,0.015,7.921,96.582,5.517,464.732,0,5.53,5.533,NA,42
"5/27/2022 8:31:36 AM",5.176,30.07,50.448,80.534,72452.9,1033.361,33.339,0.016,0.016,0.015,7.922,96.634,5.52,433.977,0,5.533,5.536,NA,42
"5/27/2022 8:31:36 AM",5.138,30.069,50.448,80.534,72453.1,1033.361,33.34,0.039,0.039,0.029,7.921,96.534,5.515,303.733,0,5.527,5.531,NA,42
"5/27/2022 8:31:36 AM",5.052,30.069,50.447,80.532,72452.1,1033.361,33.339,0.031,0.031,0.073,7.922,96.625,5.52,317.581,0,5.532,5.536,NA,42
"5/27/2022 8:31:36 AM",4.802,30.07,50.447,80.532,72450.9,1033.359,33.338,0.016,0.016,0,7.92,96.58,5.517,433.892,0,5.53,5.533,NA,42
"5/27/2022 8:31:37 AM",4.618,30.07,50.447,80.533,72451.2,1033.358,33.338,0.023,0.023,0,7.92,96.492,5.512,465.497,0,5.525,5.528,NA,42
"5/27/2022 8:31:37 AM",4.48,30.071,50.444,80.529,72447.4,1033.355,33.336,0.031,0.031,0.029,7.92,96.5,5.513,375.269,0,5.525,5.529,NA,42
"5/27/2022 8:31:37 AM",4.416,30.071,50.443,80.528,72445.8,1033.354,33.335,0,0,0,7.926,96.648,5.521,410.358,0,5.534,5.537,NA,42
"5/27/2022 8:31:37 AM",4.447,30.071,50.443,80.528,72446.5,1033.354,33.335,0,0,0,7.929,96.603,5.519,380.877,0,5.531,5.535,NA,42
"5/27/2022 8:31:37 AM",4.515,30.072,50.446,80.533,72449.3,1033.356,33.337,0.055,0.055,0.102,7.932,96.56,5.516,389.543,0,5.529,5.532,NA,42
"5/27/2022 8:31:38 AM",4.533,30.072,50.445,80.532,72448,1033.355,33.336,0.047,0.047,0.102,7.93,96.615,5.519,434.656,0,5.531,5.535,NA,42
"5/27/2022 8:31:38 AM",4.545,30.072,50.445,80.533,72448.9,1033.356,33.336,0.023,0.023,0.015,7.931,96.568,5.517,454.112,0,5.529,5.532,NA,42
"5/27/2022 8:31:38 AM",4.534,30.072,50.445,80.533,72448.5,1033.355,33.336,0.055,0.055,0.029,7.93,96.545,5.515,413.077,0,5.527,5.531,NA,42
"5/27/2022 8:31:38 AM",4.439,30.072,50.445,80.532,72447.8,1033.355,33.336,0.055,0.055,0.102,7.927,96.565,5.516,396.849,0,5.529,5.532,NA,42
"5/27/2022 8:31:38 AM",4.286,30.073,50.443,80.531,72446.3,1033.353,33.335,0.031,0.031,0.029,7.927,96.588,5.517,366.348,0,5.53,5.533,NA,42
"5/27/2022 8:31:39 AM",4.062,30.073,50.442,80.53,72445,1033.351,33.334,0.023,0.023,0.015,7.923,96.668,5.522,369.237,0,5.535,5.538,NA,42
"5/27/2022 8:31:39 AM",3.827,30.072,50.442,80.529,72444.6,1033.35,33.334,0.023,0.023,0,7.923,96.597,5.518,440.009,0,5.531,5.534,NA,42
"5/27/2022 8:31:39 AM",3.599,30.072,50.444,80.531,72446.9,1033.351,33.335,0,0,0,7.925,96.62,5.519,441.538,0,5.532,5.535,NA,42
"5/27/2022 8:31:39 AM",3.389,30.071,50.445,80.532,72448.4,1033.351,33.337,0.062,0.062,0,7.93,96.695,5.523,516.133,0,5.536,5.539,NA,42
"5/27/2022 8:31:39 AM",3.325,30.072,50.442,80.527,72444.2,1033.348,33.334,0.055,0.055,0.015,7.932,96.536,5.514,557.679,0,5.527,5.53,NA,42
"5/27/2022 8:31:40 AM",3.293,30.072,50.443,80.529,72445.6,1033.349,33.335,0.008,0.008,0,7.932,96.515,5.513,530.746,0,5.526,5.529,NA,42
"5/27/2022 8:31:40 AM",3.272,30.071,50.441,80.526,72443.3,1033.348,33.334,0.008,0.008,0,7.932,96.521,5.514,494.383,0,5.526,5.529,NA,42
"5/27/2022 8:31:40 AM",3.292,30.072,50.441,80.526,72443.3,1033.348,33.334,0.086,0.086,0.146,7.934,96.498,5.512,415.88,0,5.524,5.528,NA,42
"5/27/2022 8:31:40 AM",3.326,30.071,50.44,80.523,72441.3,1033.347,33.332,0.023,0.023,0.087,7.934,96.475,5.511,552.666,0,5.523,5.527,NA,42
"5/27/2022 8:31:40 AM",3.351,30.071,50.44,80.524,72441.3,1033.347,33.332,0.031,0.031,0.087,7.934,96.514,5.513,576.37,0,5.526,5.529,NA,42
"5/27/2022 8:31:41 AM",3.352,30.071,50.441,80.525,72442.7,1033.348,33.333,0.055,0.055,0.116,7.933,96.551,5.516,637.541,0,5.528,5.531,NA,42
"5/27/2022 8:31:41 AM",3.278,30.071,50.44,80.524,72442,1033.347,33.333,0.062,0.062,0.102,7.932,96.499,5.512,611.544,0,5.525,5.528,NA,42
"5/27/2022 8:31:41 AM",3.076,30.072,50.441,80.526,72442.7,1033.346,33.333,0.062,0.062,0.102,7.931,96.603,5.518,528.113,0,5.531,5.534,NA,42
"5/27/2022 8:31:41 AM",2.93,30.072,50.44,80.525,72441.9,1033.345,33.333,0.039,0.039,0.058,7.932,96.483,5.511,558.698,0,5.524,5.527,NA,42
"5/27/2022 8:31:41 AM",2.834,30.073,50.441,80.528,72443.1,1033.345,33.333,0.062,0.062,0.116,7.931,96.499,5.512,536.184,0,5.525,5.528,NA,42
"5/27/2022 8:31:42 AM",2.817,30.075,50.439,80.528,72440.3,1033.343,33.331,0.031,0.031,0.073,7.929,96.5,5.512,493.024,0,5.525,5.528,NA,42
"5/27/2022 8:31:42 AM",2.88,30.074,50.435,80.521,72435.3,1033.34,33.328,0.031,0.031,0.073,7.931,96.523,5.514,543.066,0,5.526,5.529,NA,42
"5/27/2022 8:31:42 AM",2.925,30.073,50.438,80.522,72438.3,1033.343,33.33,0.055,0.055,0.087,7.932,96.505,5.513,440.094,0,5.525,5.528,NA,42
"5/27/2022 8:31:42 AM",2.96,30.073,50.436,80.52,72436.1,1033.342,33.329,0.101,0.101,0.146,7.933,96.673,5.522,492.174,0,5.535,5.538,NA,42
"5/27/2022 8:31:42 AM",2.973,30.072,50.438,80.522,72439.6,1033.344,33.331,0.078,0.078,0.102,7.934,96.448,5.51,429.559,0,5.522,5.525,NA,42
"5/27/2022 8:31:43 AM",2.96,30.073,50.436,80.521,72436.6,1033.342,33.329,0.078,0.078,0.175,7.934,96.466,5.511,412.397,0,5.523,5.526,NA,42
"5/27/2022 8:31:43 AM",2.864,30.073,50.436,80.522,72436.8,1033.341,33.329,0.148,0.148,0.131,7.934,96.518,5.514,456.661,0,5.526,5.529,NA,42
"5/27/2022 8:31:43 AM",2.73,30.073,50.438,80.523,72438.6,1033.342,33.33,0.226,0.226,0.015,7.934,96.486,5.511,558.019,0,5.524,5.527,NA,42
"5/27/2022 8:31:43 AM",2.522,30.073,50.44,80.526,72441.3,1033.343,33.332,0.125,0.125,0.058,7.935,96.559,5.516,574.586,0,5.528,5.531,NA,42
"5/27/2022 8:31:43 AM",2.28,30.073,50.438,80.523,72438.8,1033.341,33.331,0.086,0.086,0.116,7.932,96.469,5.511,553.346,0,5.523,5.526,NA,42
"5/27/2022 8:31:44 AM",1.931,30.073,50.44,80.525,72440.5,1033.34,33.332,0,0,0,7.929,96.501,5.512,644.848,0,5.525,5.528,NA,42
"5/27/2022 8:31:44 AM",1.757,30.072,50.437,80.521,72437.2,1033.338,33.33,0.016,0.016,0.015,7.931,96.51,5.513,706.614,0,5.525,5.529,NA,42
"5/27/2022 8:31:44 AM",1.647,30.073,50.435,80.519,72434.8,1033.335,33.328,0,0,0,7.932,96.592,5.517,675.434,0,5.53,5.533,NA,42
"5/27/2022 8:31:44 AM",1.543,30.073,50.434,80.518,72433.5,1033.334,33.328,0,0,0,7.933,96.589,5.518,538.733,0,5.53,5.533,NA,42
"5/27/2022 8:31:44 AM",1.454,30.073,50.432,80.514,72430.1,1033.332,33.326,0.016,0.016,0,7.934,96.543,5.515,486.737,0,5.527,5.531,NA,42
"5/27/2022 8:31:45 AM",1.402,30.074,50.428,80.511,72425.9,1033.329,33.323,0.101,0.101,0.189,7.935,96.464,5.51,628.791,0,5.523,5.526,NA,42
"5/27/2022 8:31:45 AM",1.43,30.075,50.427,80.51,72424.4,1033.328,33.322,0,0,0,7.936,96.46,5.51,535.844,0,5.522,5.526,NA,42
"5/27/2022 8:31:45 AM",1.48,30.075,50.426,80.508,72422.5,1033.327,33.321,0.172,0.172,0.218,7.937,96.565,5.516,513.669,0,5.528,5.532,NA,42
"5/27/2022 8:31:45 AM",1.501,30.076,50.424,80.507,72420.6,1033.326,33.319,0.117,0.117,0.116,7.936,96.572,5.517,752.238,0,5.529,5.533,NA,42
"5/27/2022 8:31:45 AM",1.423,30.075,50.425,80.508,72421.6,1033.326,33.32,0.133,0.133,0.189,7.935,96.496,5.512,721.057,0,5.525,5.528,NA,42
"5/27/2022 8:31:46 AM",1.237,30.076,50.425,80.509,72421.4,1033.325,33.319,0,0,0,7.935,96.59,5.518,796.842,0,5.53,5.533,NA,42
"5/27/2022 8:31:46 AM",1.124,30.076,50.422,80.505,72417.4,1033.322,33.317,0.023,0.023,0.029,7.934,96.527,5.514,652.409,0,5.526,5.53,NA,42
"5/27/2022 8:31:46 AM",1.067,30.076,50.421,80.504,72416.6,1033.321,33.317,0,0,0,7.933,96.497,5.513,655.468,0,5.525,5.528,NA,42
"5/27/2022 8:31:46 AM",1.041,30.076,50.419,80.501,72414.3,1033.32,33.315,0.008,0.008,0,7.932,96.509,5.513,804.148,0,5.525,5.529,NA,42
"5/27/2022 8:31:47 AM",1.001,30.074,50.422,80.501,72417.5,1033.322,33.318,0.078,0.078,0.189,7.93,96.502,5.513,825.049,0,5.525,5.528,NA,42
"5/27/2022 8:31:47 AM",0.954,30.076,50.416,80.496,72410.2,1033.317,33.313,0.047,0.047,0.073,7.93,96.528,5.514,770.079,0,5.527,5.53,NA,42
"5/27/2022 8:31:47 AM",0.905,30.075,50.416,80.495,72409.6,1033.317,33.313,0.062,0.062,0.131,7.93,96.515,5.513,747.99,0,5.526,5.529,NA,42
"5/27/2022 8:31:47 AM",0.877,30.074,50.416,80.494,72410.4,1033.317,33.313,0.07,0.07,0.131,7.931,96.515,5.514,777.301,0,5.526,5.53,NA,42
"5/27/2022 8:31:47 AM",0.846,30.075,50.417,80.495,72411.2,1033.318,33.314,0.031,0.031,0.087,7.932,96.562,5.516,846.628,0,5.529,5.532,NA,42
"5/27/2022 8:31:48 AM",0.723,30.075,50.417,80.496,72411.2,1033.317,33.314,0.047,0.047,0.044,7.932,96.489,5.512,715.11,0,5.524,5.528,NA,42
"5/27/2022 8:31:48 AM",0.559,30.076,50.414,80.493,72407.7,1033.314,33.312,0.055,0.055,0.029,7.934,96.6,5.518,684.609,0,5.53,5.534,NA,42
"5/27/2022 8:31:48 AM",0.365,30.076,50.414,80.494,72407.3,1033.313,33.311,0.094,0.094,0.146,7.934,96.507,5.513,769.485,0,5.525,5.529,NA,42
"5/27/2022 8:31:48 AM",0.191,30.077,50.407,80.485,72398.5,1033.306,33.306,0,0,0,7.934,96.563,5.516,882.991,0,5.529,5.532,NA,42
"5/27/2022 8:31:48 AM",0.084,30.077,50.404,80.48,72394.1,1033.303,33.303,0,0,0,7.934,96.624,5.52,1015.699,0,5.532,5.536,NA,42
"5/27/2022 8:31:49 AM",0.026,30.078,50.402,80.479,72391.7,1033.301,33.301,0,0,0,7.934,96.589,5.518,1156.054,0,5.53,5.534,NA,42
"5/27/2022 8:31:49 AM",0,30.08,50.402,80.482,72392.1,1033.301,33.301,0.023,0.023,0.044,7.932,96.578,5.517,1013.49,0,5.53,5.533,NA,42
"5/27/2022 8:31:49 AM",0,30.081,50.4,80.481,72389.3,1033.299,33.299,0.46,0.46,0,7.933,96.595,5.518,749.944,0,5.531,5.534,NA,42
"5/27/2022 8:31:49 AM",0,30.082,50.397,80.478,72385.5,1033.296,33.296,0.515,0.515,0.306,7.934,96.612,5.519,964.638,0,5.532,5.535,NA,42
"5/27/2022 8:31:49 AM",0,30.084,50.39,80.471,72376.6,1033.289,33.291,0.14,0.14,0,7.934,96.686,5.523,1089.105,0,5.536,5.539,NA,42
"5/27/2022 8:31:50 AM",0,30.087,50.381,80.463,72364.2,1033.28,33.282,0,0,0,7.934,96.654,5.522,1106.522,0,5.534,5.538,NA,42
"5/27/2022 8:31:50 AM",0,30.088,50.375,80.456,72356.3,1033.275,33.277,0.039,0.039,0.073,7.931,96.574,5.518,1208.049,0,5.53,5.533,NA,42
"5/27/2022 8:31:50 AM",0,30.089,50.371,80.451,72351.7,1033.272,33.274,0,0,0.015,7.93,96.683,5.524,1287.827,0,5.536,5.54,NA,42
"5/27/2022 8:31:50 AM",0,30.089,50.366,80.446,72345.7,1033.268,33.27,0,0,0.087,7.928,96.618,5.52,1290.631,0,5.532,5.536,NA,42
"5/27/2022 8:31:50 AM",0,30.092,50.372,80.458,72352.8,1033.272,33.274,0.226,0.226,0,7.926,96.567,5.517,1353.671,0,5.529,5.533,NA,42
"5/27/2022 8:31:51 AM",0,30.09,50.364,80.444,72342.8,1033.266,33.268,0.679,0.679,0.786,7.924,96.668,5.523,1379.754,0,5.535,5.539,NA,42
"5/27/2022 8:31:51 AM",0,30.089,49.948,79.867,71825.2,1032.952,32.954,1.279,1.279,1.967,7.921,96.574,5.53,1469.812,0,5.542,5.546,NA,42
"5/27/2022 8:31:51 AM",0,30.089,50.347,80.419,72321.9,1033.254,33.256,0.671,0.671,1.092,7.92,96.621,5.52,1076.106,0,5.533,5.536,NA,42
"5/27/2022 8:31:51 AM",0,30.089,50.363,80.441,72342.4,1033.267,33.268,0,0,0,7.923,96.63,5.52,1196.325,0,5.533,5.536,NA,42
"5/27/2022 8:31:51 AM",0,30.088,50.361,80.437,72338.9,1033.265,33.266,0.109,0.109,0,7.926,96.526,5.515,1416.542,0,5.527,5.53,NA,42
"5/27/2022 8:31:52 AM",0,30.088,50.371,80.451,72352.1,1033.273,33.274,0,0,0,7.929,96.644,5.521,1407.366,0,5.534,5.537,NA,42
"5/27/2022 8:31:52 AM",0,30.09,50.369,80.451,72349.5,1033.271,33.272,0.281,0.281,0.714,7.929,96.551,5.516,1356.39,0,5.528,5.531,NA,42
"5/27/2022 8:31:52 AM",0,30.089,50.369,80.45,72349.5,1033.271,33.272,0.07,0.07,0.233,7.928,96.559,5.517,1264.718,0,5.529,5.532,NA,42
"5/27/2022 8:31:52 AM",0,30.09,50.369,80.451,72349.4,1033.27,33.272,0,0,0,7.929,96.561,5.516,1359.108,0,5.529,5.532,NA,42
"5/27/2022 8:31:52 AM",0,30.089,49.284,78.944,70994.7,1032.449,32.451,0,0,0,7.93,96.501,5.546,1422.574,0,5.559,5.562,NA,42
"5/27/2022 8:31:53 AM",0,30.051,2.332,4.844,4359.6,997.374,0,36.398,36.398,64.653,7.931,96.191,7.154,1450.781,0,7.175,7.174,NA,42
"5/27/2022 8:31:53 AM",0,30.033,1.397,2.984,2686.9,996.682,0,406.45,406.45,159.083,7.93,97.317,7.274,1496.234,0,7.295,7.295,NA,42
"5/27/2022 8:31:53 AM",0,29.642,1.012,2.181,1978.7,996.512,0,423.581,423.581,784.204,7.928,97.94,7.339,1489.947,0,7.36,7.36,NA,42
"5/27/2022 8:31:53 AM",0,29.412,0.899,1.941,1769,996.497,0,260.849,260.849,375.889,7.926,96.481,7.235,1490.287,0,7.256,7.256,NA,42
"5/27/2022 8:31:53 AM",0,29.287,0.791,1.713,1565.3,996.453,0,173.325,173.325,75.903,7.924,96.226,7.221,1412.294,0,7.242,7.242,NA,42
"5/27/2022 8:31:54 AM",0,29.2,0.747,1.619,1482.1,996.446,0,506.05,506.05,581.721,7.922,95.929,7.202,1429.031,0,7.223,7.223,NA,42
"5/27/2022 8:31:54 AM",0,29.123,0.675,1.468,1345.8,996.415,0,338.092,338.092,234.96,7.921,95.659,7.184,1440.245,0,7.205,7.205,NA,42
"5/27/2022 8:31:54 AM",0,29.061,0.625,1.362,1250.4,996.396,0,46.18,46.18,0,7.921,95.887,7.204,1516.2,0,7.224,7.224,NA,42
"5/27/2022 8:31:54 AM",0,29.012,0.587,1.281,1176.8,996.382,0,486.221,486.221,525.758,7.923,95.656,7.188,1568.281,0,7.208,7.209,NA,42
"5/27/2022 8:31:54 AM",0,28.995,0.528,1.157,1063.2,996.343,0,388.493,388.493,373.683,7.923,95.553,7.183,1593.174,0,7.204,7.204,NA,42
"5/27/2022 8:31:55 AM",0,28.992,0.53,1.16,1066.6,996.345,0,179.324,179.324,87.352,7.924,95.456,7.176,1600.226,0,7.197,7.197,NA,42
"5/27/2022 8:31:55 AM",0,29.008,0.506,1.109,1019.4,996.322,0,125.865,125.865,122.822,7.924,95.313,7.167,963.619,0,7.187,7.187,NA,42
"5/27/2022 8:31:55 AM",0,28.994,0.48,1.055,969.5,996.307,0,493.764,493.764,105.604,7.924,95.239,7.165,1364.716,0,7.185,7.185,NA,42
"5/27/2022 8:31:55 AM",0,28.91,0.454,0.997,918.3,996.312,0,277.98,277.98,513.291,7.924,95.046,7.154,1408.555,0,7.174,7.174,NA,42
"5/27/2022 8:31:55 AM",0,28.803,0.453,0.993,915.9,996.342,0,458.567,458.567,115.781,7.924,95.303,7.176,1438.037,0,7.197,7.197,NA,42
"5/27/2022 8:31:56 AM",0,28.65,0.434,0.951,880.3,996.373,0,190.245,190.245,15.856,7.924,94.807,7.143,1457.917,0,7.164,7.164,NA,42
"5/27/2022 8:31:56 AM",0,28.308,0.413,0.899,838.4,996.456,0,109.959,109.959,24.394,7.922,94.61,7.135,1545.171,0,7.155,7.155,NA,42
"5/27/2022 8:31:56 AM",0,28.261,2.079,4.202,3920.3,997.717,0,57.343,57.343,0,7.921,94.482,7.063,1549.929,0,7.083,7.083,NA,42
"5/27/2022 8:31:56 AM",0,28.295,1.183,2.465,2298.7,997.037,0,41.406,41.406,0,7.92,94.707,7.117,1616.113,0,7.137,7.137,NA,42
"5/27/2022 8:31:57 AM",0,28.313,0.966,2.034,1896.3,996.869,0,0,0,0,7.921,94.838,7.138,1594.023,0,7.158,7.158,NA,42
"5/27/2022 8:31:57 AM",0,28.373,0.796,1.694,1577.2,996.725,0,8.713,8.713,1.778,7.922,94.886,7.153,1504.136,0,7.173,7.173,NA,42
"5/27/2022 8:31:57 AM",0,28.394,0.721,1.541,1433.5,996.662,0,42.818,42.818,29.975,7.923,94.994,7.168,1360.808,0,7.189,7.189,NA,42
"5/27/2022 8:31:57 AM",0,28.429,0.719,1.539,1430.8,996.651,0,78.53,78.53,47.813,7.922,94.996,7.172,1185.535,0,7.193,7.193,NA,42
"5/27/2022 8:31:57 AM",0,28.469,0.593,1.28,1189.2,996.545,0,12.824,12.824,0,7.922,95.142,7.19,1201.507,0,7.211,7.211,NA,42
"5/27/2022 8:31:58 AM",0,28.486,0.578,1.249,1160.2,996.528,0,49.582,49.582,0,7.922,95.009,7.183,1257.666,0,7.203,7.203,NA,42
"5/27/2022 8:31:58 AM",0,28.525,0.527,1.144,1061.6,996.479,0,4.15,4.15,0,7.922,95.028,7.188,1506.005,0,7.209,7.209,NA,42
"5/27/2022 8:31:58 AM",0,28.535,0.517,1.122,1040.8,996.468,0,2.988,2.988,0,7.92,95.161,7.199,1476.778,0,7.219,7.22,NA,42
"5/27/2022 8:31:58 AM",0,28.39,0.499,1.082,1006.9,996.497,0,55.268,55.268,0,7.92,94.954,7.184,1384.682,0,7.205,7.205,NA,42
"5/27/2022 8:31:58 AM",0,27.994,0.493,1.061,995.4,996.605,0,24.377,24.377,6.921,7.92,94.787,7.171,1187.404,0,7.192,7.192,NA,42
"5/27/2022 8:31:59 AM",0,27.61,0.502,1.072,1013.6,996.721,0,4.353,4.353,0,7.918,94.911,7.182,1355.625,0,7.202,7.202,NA,42
"5/27/2022 8:31:59 AM",0,27.424,0.467,0.996,945.9,996.747,0,0,0,0.553,7.918,94.951,7.19,829.891,0,7.21,7.21,NA,42
"5/27/2022 8:31:59 AM",0,27.291,1.038,2.136,2033.1,997.213,0,0,0,0,7.919,95.412,7.205,363.035,0,7.226,7.226,NA,42
"5/27/2022 8:31:59 AM",0,27.304,3.054,5.919,5633.1,998.72,0,0,0,0,7.914,95.574,7.14,320.81,0,7.161,7.161,NA,42
"5/27/2022 8:31:59 AM",0,27.329,2.774,5.412,5147.9,998.503,0,0,0,0,7.906,95.433,7.141,640.345,0,7.162,7.162,NA,42
"5/27/2022 8:32:00 AM",0,27.271,2.099,4.157,3959.6,998.014,0,0.523,0.523,1.355,7.903,95.477,7.172,988.597,0,7.193,7.193,NA,42
"5/27/2022 8:32:00 AM",0,27.273,1.002,2.065,1966.6,997.191,0,3.971,3.971,0,7.901,95.585,7.224,766.851,0,7.245,7.245,NA,42
"5/27/2022 8:32:00 AM",0,27.11,0.781,1.621,1549.3,997.07,0,0.413,0.413,0,7.9,95.739,7.246,500.161,0,7.267,7.267,NA,42
"5/27/2022 8:32:00 AM",0,26.857,0.667,1.387,1333,997.054,0,0,0,0.131,7.899,95.712,7.25,427.095,0,7.271,7.271,NA,42
"5/27/2022 8:32:00 AM",0,26.785,0.586,1.225,1178.4,997.014,0,0.538,0.538,7.565,7.898,95.968,7.273,458.785,0,7.294,7.294,NA,42
"5/27/2022 8:32:01 AM",0,26.986,0.51,1.074,1029.1,996.9,0,2.34,2.34,7.858,7.9,96.223,7.296,1269.051,0,7.317,7.317,NA,42
"5/27/2022 8:32:01 AM",0,27.103,0.48,1.017,971.6,996.846,0,44.644,44.644,7.917,7.9,96.212,7.297,1672.867,0,7.318,7.318,NA,42
"5/27/2022 8:32:01 AM",0,27.637,0.888,1.854,1752.1,997.004,0,126.357,126.357,21.547,7.934,95.509,7.229,1752.814,0,7.249,7.25,NA,42
"5/27/2022 8:32:01 AM",0,28.876,2.712,5.458,5029.5,998.01,0,35.236,35.236,11.748,8.042,95.499,7.157,1678.729,0,7.178,7.178,NA,42
"5/27/2022 8:32:01 AM",0,29.234,2.8,5.664,5181.2,997.97,0,6.802,6.802,9.603,8.148,95.469,7.15,1548.145,0,7.171,7.171,NA,42
"5/27/2022 8:32:02 AM",0,29.278,2.531,5.156,4712.3,997.756,0,3.167,3.167,9.295,8.186,95.36,7.153,1523.167,0,7.173,7.173,NA,42
"5/27/2022 8:32:02 AM",0,29.288,2.453,5.006,4574.6,997.695,0,2.114,2.114,9.413,8.211,95.059,7.132,1518.664,0,7.153,7.153,NA,42
"5/27/2022 8:32:02 AM",0,29.289,2.513,5.122,4680.2,997.739,0,1.857,1.857,8.972,8.226,94.937,7.121,1543.812,0,7.142,7.142,NA,42
"5/27/2022 8:32:02 AM",0,29.291,3.16,6.349,5801.8,998.221,0,2.208,2.208,8.694,8.239,94.85,7.088,1530.558,0,7.109,7.109,NA,42
"5/27/2022 8:32:02 AM",0,29.294,2.516,5.128,4685.7,997.74,0,1.989,1.989,8.195,8.257,94.751,7.104,1488.758,0,7.125,7.125,NA,42
"5/27/2022 8:32:03 AM",0,29.295,2.437,4.977,4547.7,997.681,0,1.942,1.942,8.269,8.265,94.714,7.105,1425.802,0,7.126,7.126,NA,42
"5/27/2022 8:32:03 AM",0,29.295,3.727,7.41,6770.7,998.642,0,1.864,1.864,8.005,8.271,94.564,7.043,1365.396,0,7.064,7.064,NA,42
"5/27/2022 8:32:03 AM",0,29.297,2.294,4.702,4296.1,997.574,0,1.872,1.872,8.43,8.274,94.493,7.095,1350.273,0,7.115,7.115,NA,42
"5/27/2022 8:32:03 AM",0,29.301,2.257,4.632,4231.3,997.545,0,1.825,1.825,8.562,8.282,94.506,7.097,1352.482,0,7.118,7.118,NA,42
"5/27/2022 8:32:03 AM",0,29.303,4.074,8.053,7357,998.898,0,1.537,1.537,8.533,8.286,94.363,7.014,1368.539,0,7.035,7.035,NA,42
"5/27/2022 8:32:04 AM",0,29.302,2.176,4.474,4087.3,997.484,0,1.974,1.974,8.679,8.29,94.447,7.095,1385.616,0,7.115,7.115,NA,42
"5/27/2022 8:32:04 AM",0,29.303,3.243,6.508,5945,998.28,0,1.693,1.693,8.474,8.293,94.439,7.053,1403.543,0,7.074,7.074,NA,42
"5/27/2022 8:32:04 AM",0,29.299,2.21,4.54,4147.9,997.51,0,1.256,1.256,8.518,8.294,94.45,7.093,1423.678,0,7.114,7.114,NA,42
"5/27/2022 8:32:04 AM",0,29.284,2.165,4.451,4067.9,997.481,0,1.482,1.482,8.239,8.295,94.311,7.084,1453.754,0,7.105,7.105,NA,42
"5/27/2022 8:32:04 AM",0,29.285,2.173,4.467,4082.4,997.487,0,1.584,1.584,8.679,8.297,94.24,7.078,1474.994,0,7.099,7.099,NA,42
"5/27/2022 8:32:05 AM",0,29.287,2.161,4.444,4061.1,997.477,0,1.63,1.63,8.415,8.298,94.353,7.087,1493.261,0,7.107,7.107,NA,42
"5/27/2022 8:32:05 AM",0,29.286,2.194,4.507,4118.4,997.502,0,1.903,1.903,8.401,8.298,94.265,7.079,1511.697,0,7.099,7.099,NA,42
"5/27/2022 8:32:05 AM",0,29.287,2.186,4.492,4105.1,997.496,0,1.545,1.545,8.225,8.297,94.384,7.087,1533.022,0,7.108,7.108,NA,42
"5/27/2022 8:32:05 AM",0,29.289,2.177,4.475,4088.9,997.488,0,1.623,1.623,8.621,8.297,94.233,7.076,1548.315,0,7.096,7.096,NA,42
"5/27/2022 8:32:05 AM",0,29.29,2.188,4.497,4108.8,997.496,0,1.576,1.576,8.518,8.296,94.262,7.078,1551.034,0,7.098,7.098,NA,42
"5/27/2022 8:32:06 AM",0,29.293,2.218,4.554,4161.1,997.518,0,1.747,1.747,7.639,8.295,94.286,7.077,1542.707,0,7.097,7.097,NA,42
"5/27/2022 8:32:06 AM",0,29.294,2.193,4.507,4117.5,997.499,0,1.74,1.74,8.298,8.294,94.311,7.079,1531.663,0,7.1,7.099,NA,42
"5/27/2022 8:32:06 AM",0,29.295,2.302,4.718,4310.4,997.58,0,2.067,2.067,8.415,8.293,94.257,7.071,1506.514,0,7.092,7.092,NA,42
"5/27/2022 8:32:06 AM",0,29.298,2.267,4.651,4249,997.553,0,1.732,1.732,8.782,8.294,94.126,7.062,1491.561,0,7.083,7.083,NA,42
"5/27/2022 8:32:07 AM",0,29.299,2.319,4.75,4339.2,997.591,0,1.763,1.763,8.591,8.294,94.313,7.074,1490.542,0,7.095,7.095,NA,42
"5/27/2022 8:32:07 AM",0,29.302,2.856,5.777,5277.8,997.992,0,1.833,1.833,8.884,8.294,94.252,7.049,1501.417,0,7.069,7.069,NA,42
"5/27/2022 8:32:07 AM",0,29.304,2.555,5.204,4754,997.766,0,1.747,1.747,8.122,8.293,94.064,7.045,1507.619,0,7.066,7.066,NA,42
"5/27/2022 8:32:07 AM",0,29.306,2.433,4.97,4540.4,997.675,0,1.724,1.724,8.547,8.294,94.06,7.051,1507.789,0,7.071,7.071,NA,42
"5/27/2022 8:32:07 AM",0,29.303,3.43,6.859,6265.9,998.419,0,1.591,1.591,8.987,8.294,93.984,7.006,1508.214,0,7.026,7.026,NA,42
"5/27/2022 8:32:08 AM",0,29.302,2.143,4.411,4029.6,997.459,0,1.802,1.802,8.533,8.294,94.071,7.062,1510.253,0,7.083,7.083,NA,42
"5/27/2022 8:32:08 AM",0,29.302,2.262,4.641,4239.5,997.548,0,1.537,1.537,9.163,8.294,94.174,7.065,1514.671,0,7.085,7.085,NA,42
"5/27/2022 8:32:08 AM",0,29.307,2.163,4.449,4064.2,997.473,0,1.357,1.357,9.148,8.294,94.095,7.063,1522.062,0,7.083,7.083,NA,42
"5/27/2022 8:32:08 AM",0,29.311,2.011,4.155,3795.1,997.358,0,1.693,1.693,9.295,8.294,94.026,7.063,1527.839,0,7.084,7.084,NA,42
"5/27/2022 8:32:08 AM",0,29.313,1.997,4.127,3769.7,997.347,0,1.435,1.435,8.811,8.293,93.998,7.061,1533.022,0,7.082,7.082,NA,42
"5/27/2022 8:32:09 AM",0,29.317,1.998,4.131,3772.2,997.347,0,1.685,1.685,8.943,8.292,93.998,7.061,1535.741,0,7.082,7.082,NA,42
"5/27/2022 8:32:09 AM",0,29.32,1.99,4.114,3757.1,997.34,0,1.537,1.537,8.459,8.29,94.095,7.069,1536.335,0,7.089,7.089,NA,42
"5/27/2022 8:32:09 AM",0,29.32,1.995,4.124,3766,997.343,0,1.615,1.615,8.415,8.29,94.013,7.063,1532.937,0,7.083,7.083,NA,42
"5/27/2022 8:32:09 AM",0,29.32,1.983,4.1,3744.5,997.334,0,1.326,1.326,8.371,8.289,93.906,7.054,1526.99,0,7.075,7.075,NA,42
"5/27/2022 8:32:09 AM",0,29.317,1.976,4.087,3732.3,997.33,0,1.794,1.794,8.533,8.289,93.909,7.055,1519.174,0,7.076,7.076,NA,42
"5/27/2022 8:32:10 AM",0,29.318,2.054,4.24,3871.8,997.388,0,1.825,1.825,8.547,8.288,94.083,7.065,1506.345,0,7.085,7.085,NA,42
"5/27/2022 8:32:10 AM",0,29.319,1.974,4.083,3729.1,997.328,0,1.662,1.662,8.606,8.288,94.049,7.066,1497.169,0,7.086,7.086,NA,42
"5/27/2022 8:32:10 AM",0,29.319,2.216,4.553,4158.2,997.509,0,1.763,1.763,8.547,8.288,93.948,7.049,1488.333,0,7.069,7.069,NA,42
"5/27/2022 8:32:10 AM",0,29.319,2.819,5.709,5214,997.959,0,1.747,1.747,8.489,8.287,93.951,7.026,1481.111,0,7.046,7.046,NA,42
"5/27/2022 8:32:10 AM",0,29.322,2.415,4.938,4509.2,997.657,0,1.864,1.864,8.796,8.287,94.061,7.049,1473.125,0,7.069,7.069,NA,42
"5/27/2022 8:32:11 AM",0,29.326,3.463,6.923,6321.3,998.437,0,1.373,1.373,8.503,8.286,93.867,6.994,1463.015,0,7.014,7.014,NA,42
"5/27/2022 8:32:11 AM",0,29.329,3.265,6.552,5981.9,998.288,0,1.677,1.677,8.151,8.285,93.918,7.004,1468.112,0,7.025,7.025,NA,42
"5/27/2022 8:32:11 AM",0,29.332,1.948,4.033,3681.7,997.304,0,1.919,1.919,8.767,8.285,93.97,7.06,1477.628,0,7.081,7.081,NA,42
"5/27/2022 8:32:11 AM",0,29.332,2.063,4.258,3887.1,997.39,0,1.771,1.771,8.958,8.284,94.063,7.062,1491.646,0,7.083,7.083,NA,42
"5/27/2022 8:32:11 AM",0,29.333,1.982,4.099,3742.4,997.33,0,1.63,1.63,8.371,8.283,94.011,7.061,1509.743,0,7.082,7.082,NA,42
"5/27/2022 8:32:12 AM",0,29.333,1.866,3.873,3536,997.243,0,1.857,1.857,8.679,8.283,93.838,7.053,1539.054,0,7.073,7.073,NA,42
"5/27/2022 8:32:12 AM",0,29.334,1.858,3.857,3521.6,997.237,0,1.958,1.958,7.976,8.28,93.801,7.05,1556.981,0,7.07,7.07,NA,42
"5/27/2022 8:32:12 AM",0,29.333,1.865,3.87,3533.5,997.242,0,1.997,1.997,8.151,8.278,94.017,7.066,1577.201,0,7.087,7.087,NA,42
"5/27/2022 8:32:12 AM",0,29.331,1.866,3.872,3535.5,997.244,0,1.693,1.693,9.119,8.278,93.931,7.06,1599.376,0,7.081,7.081,NA,42
"5/27/2022 8:32:12 AM",0,29.328,1.855,3.851,3516.6,997.237,0,1.708,1.708,8.664,8.275,93.964,7.062,1609.486,0,7.083,7.083,NA,42
"5/27/2022 8:32:13 AM",0,29.33,1.849,3.84,3506,997.232,0,1.63,1.63,8.166,8.274,94.05,7.069,1599.971,0,7.089,7.089,NA,42
"5/27/2022 8:32:13 AM",0,29.331,1.844,3.83,3496.9,997.227,0,1.997,1.997,8.21,8.273,94.04,7.068,1581.959,0,7.089,7.089,NA,42
"5/27/2022 8:32:13 AM",0,29.337,1.835,3.812,3480.4,997.219,0,1.74,1.74,8.195,8.273,93.989,7.065,1560.889,0,7.085,7.085,NA,42
"5/27/2022 8:32:13 AM",0,29.337,1.802,3.749,3422.3,997.195,0,1.966,1.966,8.664,8.272,94.037,7.07,1539.479,0,7.091,7.091,NA,42
"5/27/2022 8:32:13 AM",0,29.34,1.732,3.611,3296.2,997.141,0,1.919,1.919,8.606,8.271,93.997,7.069,1498.358,0,7.09,7.09,NA,42
"5/27/2022 8:32:14 AM",0,29.344,1.721,3.589,3275.5,997.131,0,1.794,1.794,9.016,8.269,94.059,7.075,1466.413,0,7.095,7.095,NA,42
"5/27/2022 8:32:14 AM",0,29.343,1.769,3.683,3362.2,997.168,0,1.74,1.74,9.383,8.268,94.015,7.069,1430.305,0,7.09,7.09,NA,42
"5/27/2022 8:35:43 AM",0,30.063,50.262,80.264,72219.5,1033.201,33.201,1.116,1.116,1.646,7.805,96.914,5.55,448.59,0,5.563,5.566,NA,42
"5/27/2022 8:35:43 AM",0,30.063,50.268,80.272,72227.1,1033.205,33.206,1.045,1.045,2.332,7.815,96.88,5.548,433.467,0,5.56,5.564,NA,42
"5/27/2022 8:35:43 AM",0,30.063,50.27,80.274,72229.5,1033.207,33.207,14.899,14.899,8.21,7.823,96.888,5.548,422.762,0,5.56,5.564,NA,42
"5/27/2022 8:35:43 AM",0,30.061,50.275,80.28,72236.1,1033.211,33.212,5.242,5.242,3.645,7.832,96.866,5.546,421.827,0,5.559,5.562,NA,42
"5/27/2022 8:35:43 AM",0,30.062,50.273,80.278,72233.6,1033.209,33.21,6.404,6.404,1.675,7.844,96.834,5.544,399.568,0,5.556,5.56,NA,42
"5/27/2022 8:35:44 AM",0,30.062,50.279,80.286,72241,1033.214,33.214,3.737,3.737,6.935,7.85,96.756,5.539,418.004,0,5.552,5.555,NA,42
"5/27/2022 8:35:44 AM",0,30.062,50.281,80.289,72242.8,1033.215,33.215,6.248,6.248,3.689,7.858,96.834,5.544,402.796,0,5.556,5.56,NA,42
"5/27/2022 8:35:44 AM",0,30.062,50.281,80.289,72243.4,1033.215,33.216,1.974,1.974,1.399,7.863,96.803,5.542,403.051,0,5.554,5.558,NA,42
"5/27/2022 8:35:44 AM",0,30.062,50.276,80.282,72237.3,1033.212,33.212,2.98,2.98,1.209,7.869,96.771,5.54,413.077,0,5.552,5.556,NA,42
"5/27/2022 8:35:45 AM",0.028,30.065,50.272,80.281,72231.8,1033.208,33.208,0.92,0.92,0.728,7.88,96.797,5.541,410.783,0,5.554,5.557,NA,42
"5/27/2022 8:35:45 AM",0.12,30.067,50.281,80.295,72242.6,1033.214,33.214,0.468,0.468,0.626,7.886,96.818,5.542,389.628,0,5.555,5.558,NA,42
"5/27/2022 8:35:45 AM",0.259,30.069,50.292,80.313,72255.6,1033.222,33.221,0.226,0.226,0.437,7.893,96.808,5.541,378.498,0,5.554,5.557,NA,42
"5/27/2022 8:35:45 AM",0.44,30.078,50.295,80.331,72258.4,1033.222,33.22,0.265,0.265,0.393,7.9,96.743,5.537,341.285,0,5.55,5.553,NA,42
"5/27/2022 8:35:45 AM",0.7,30.071,50.298,80.326,72264.2,1033.229,33.226,0.406,0.406,0.655,7.911,96.667,5.532,314.098,0,5.545,5.548,NA,42
"5/27/2022 8:35:46 AM",0.822,30.068,50.31,80.338,72278.9,1033.239,33.235,0.374,0.374,0.743,7.917,96.871,5.544,304.837,0,5.556,5.56,NA,42
"5/27/2022 8:35:46 AM",0.918,30.067,50.313,80.341,72283.4,1033.242,33.238,0.273,0.273,0.51,7.922,96.716,5.534,294.217,0,5.547,5.55,NA,42
"5/27/2022 8:35:46 AM",0.993,30.067,50.316,80.344,72286.6,1033.245,33.24,0.164,0.164,0.349,7.926,96.704,5.534,299.655,0,5.546,5.55,NA,42
"5/27/2022 8:35:46 AM",1.06,30.066,50.322,80.352,72294.3,1033.25,33.245,0.156,0.156,0.175,7.931,96.765,5.537,297.446,0,5.55,5.553,NA,42
"5/27/2022 8:35:46 AM",1.139,30.067,50.327,80.359,72299.9,1033.253,33.248,0.117,0.117,0.189,7.937,96.678,5.532,291.159,0,5.545,5.548,NA,42
"5/27/2022 8:35:47 AM",1.175,30.067,50.326,80.358,72299.3,1033.253,33.248,0.14,0.14,0.16,7.94,96.768,5.538,299.4,0,5.55,5.553,NA,42
"5/27/2022 8:35:47 AM",1.22,30.067,50.324,80.355,72296.9,1033.252,33.247,0.109,0.109,0.131,7.943,96.752,5.537,296.171,0,5.549,5.553,NA,42
"5/27/2022 8:35:47 AM",1.272,30.066,50.331,80.364,72305.3,1033.257,33.252,0.117,0.117,0.204,7.946,96.773,5.538,294.047,0,5.55,5.554,NA,42
"5/27/2022 8:35:47 AM",1.326,30.067,50.33,80.365,72304.8,1033.257,33.251,0.156,0.156,0.189,7.949,96.814,5.54,297.87,0,5.553,5.556,NA,42
"5/27/2022 8:35:47 AM",1.365,30.066,50.334,80.368,72309.3,1033.26,33.254,0.117,0.117,0.189,7.953,96.6,5.528,279.264,0,5.54,5.543,NA,42
"5/27/2022 8:35:48 AM",1.325,30.065,50.34,80.374,72316.4,1033.265,33.259,0.094,0.094,0.233,7.956,96.57,5.526,253.776,0,5.538,5.542,NA,42
"5/27/2022 8:35:48 AM",1.285,30.064,50.332,80.363,72307.4,1033.259,33.254,0.086,0.086,0.189,7.958,96.774,5.538,242.137,0,5.55,5.554,NA,42
"5/27/2022 8:35:48 AM",1.253,30.064,50.338,80.37,72314,1033.263,33.258,0.062,0.062,0.204,7.96,96.716,5.534,226.249,0,5.547,5.55,NA,42
"5/27/2022 8:35:48 AM",1.318,30.065,50.341,80.377,72318.4,1033.266,33.26,0.101,0.101,0.218,7.963,96.556,5.525,224.72,0,5.537,5.541,NA,42
"5/27/2022 8:35:48 AM",1.453,30.066,50.34,80.377,72317.1,1033.265,33.259,0.14,0.14,0.277,7.966,96.688,5.532,229.053,0,5.545,5.548,NA,42
"5/27/2022 8:35:49 AM",1.622,30.066,50.343,80.382,72320.9,1033.268,33.261,0.156,0.156,0.291,7.969,96.744,5.536,222.681,0,5.548,5.551,NA,42
"5/27/2022 8:35:49 AM",1.83,30.067,50.345,80.385,72323.2,1033.27,33.262,0.133,0.133,0.262,7.971,96.717,5.533,217.073,0,5.546,5.549,NA,42
"5/27/2022 8:35:49 AM",2.049,30.066,50.348,80.388,72327,1033.274,33.265,0.094,0.094,0.218,7.973,96.689,5.532,217.158,0,5.544,5.547,NA,42
"5/27/2022 8:35:49 AM",2.373,30.066,50.354,80.396,72334.5,1033.279,33.269,0.086,0.086,0.116,7.977,96.637,5.528,227.354,0,5.541,5.544,NA,42
"5/27/2022 8:35:49 AM",2.52,30.066,50.357,80.4,72338.6,1033.282,33.272,0.062,0.062,0.087,7.979,96.696,5.531,202.97,0,5.544,5.547,NA,42
"5/27/2022 8:35:50 AM",2.644,30.065,50.361,80.405,72344,1033.287,33.275,0.031,0.031,0.044,7.981,96.701,5.531,158.196,0,5.544,5.547,NA,42
"5/27/2022 8:35:50 AM",2.773,30.066,50.368,80.415,72351.9,1033.292,33.28,0.101,0.101,0.087,7.983,96.756,5.534,128.545,0,5.547,5.55,NA,42
"5/27/2022 8:35:50 AM",2.879,30.066,50.37,80.419,72354.7,1033.294,33.281,0.164,0.164,0.175,7.98,96.762,5.535,130.159,0,5.547,5.55,NA,42
"5/27/2022 8:35:50 AM",3.038,30.066,50.369,80.418,72354,1033.294,33.281,0.109,0.109,0.116,7.982,96.708,5.531,135.342,0,5.544,5.547,NA,42
"5/27/2022 8:35:50 AM",3.157,30.063,50.369,80.414,72354.7,1033.296,33.282,0.07,0.07,0.073,7.984,96.686,5.53,144.093,0,5.543,5.546,NA,42
"5/27/2022 8:35:51 AM",3.251,30.062,50.373,80.418,72359.8,1033.299,33.285,0.055,0.055,0.058,7.986,96.72,5.532,138.74,0,5.545,5.548,NA,42
"5/27/2022 8:35:51 AM",3.369,30.059,50.374,80.415,72361.5,1033.302,33.287,0.062,0.062,0,7.988,96.679,5.53,120.983,0,5.542,5.546,NA,42
"5/27/2022 8:35:51 AM",3.55,30.059,50.375,80.415,72362,1033.303,33.288,0.07,0.07,0.029,7.99,96.66,5.529,99.573,0,5.541,5.544,NA,42
"5/27/2022 8:35:51 AM",3.654,30.059,50.377,80.418,72364.7,1033.305,33.289,0.039,0.039,0.058,7.99,96.685,5.53,90.398,0,5.543,5.546,NA,42
"5/27/2022 8:35:51 AM",3.758,30.06,50.376,80.418,72363.5,1033.304,33.288,0.187,0.187,0.073,7.992,96.612,5.526,73.83,0,5.538,5.541,NA,42
"5/27/2022 8:35:52 AM",3.84,30.062,50.38,80.427,72368.3,1033.307,33.291,0.133,0.133,0,7.993,96.566,5.523,53.78,0,5.535,5.538,NA,42
"5/27/2022 8:35:52 AM",4.05,30.063,50.378,80.426,72365.4,1033.306,33.288,0.031,0.031,0,7.995,96.697,5.53,31.945,0,5.543,5.546,NA,42
"5/27/2022 8:35:52 AM",4.222,30.064,50.385,80.437,72374.5,1033.312,33.294,0,0,0,7.996,96.494,5.518,25.063,0,5.531,5.534,NA,42
"5/27/2022 8:35:52 AM",4.415,30.064,50.386,80.439,72376,1033.313,33.294,0,0,0,7.997,96.727,5.532,21.24,0,5.544,5.548,NA,42
"5/27/2022 8:35:52 AM",4.608,30.065,50.389,80.445,72379.9,1033.316,33.297,0,0,0,7.996,96.877,5.54,19.711,0,5.553,5.556,NA,42
"5/27/2022 8:35:53 AM",4.792,30.065,50.392,80.448,72383.2,1033.319,33.299,0.039,0.039,0.044,7.996,96.854,5.538,20.136,0,5.551,5.554,NA,42
"5/27/2022 8:35:53 AM",5.048,30.065,50.391,80.447,72381.9,1033.319,33.298,0,0,0,7.999,96.721,5.531,20.815,0,5.544,5.547,NA,42
"5/27/2022 8:35:53 AM",5.217,30.063,50.391,80.446,72382.8,1033.321,33.298,0,0,0,8,96.733,5.532,20.73,0,5.545,5.548,NA,42
"5/27/2022 8:35:53 AM",5.373,30.062,50.391,80.444,72382.4,1033.321,33.299,0,0,0,8,96.684,5.529,20.475,0,5.541,5.545,NA,42
"5/27/2022 8:35:53 AM",5.533,30.062,50.39,80.442,72381.9,1033.322,33.298,0,0,0,8,96.66,5.528,20.56,0,5.54,5.543,NA,42
"5/27/2022 8:35:54 AM",5.792,30.059,50.393,80.442,72385.3,1033.326,33.301,0,0,0,8,96.712,5.53,20.645,0,5.543,5.546,NA,42
"5/27/2022 8:35:54 AM",5.971,30.057,50.396,80.444,72390.2,1033.33,33.305,0,0,0,8,96.717,5.53,20.221,0,5.543,5.546,NA,42
"5/27/2022 8:35:54 AM",6.152,30.057,50.397,80.445,72391.2,1033.331,33.305,0,0,0,8,96.688,5.529,19.541,0,5.541,5.545,NA,42
"5/27/2022 8:35:54 AM",6.338,30.057,50.397,80.446,72391.7,1033.332,33.305,0,0,0,8.001,96.577,5.523,18.776,0,5.535,5.539,NA,42
"5/27/2022 8:35:54 AM",6.531,30.057,50.401,80.451,72396.5,1033.336,33.308,0,0,0,8.002,96.538,5.52,18.097,0,5.532,5.536,NA,42
"5/27/2022 8:35:55 AM",6.816,30.057,50.412,80.467,72410.8,1033.346,33.317,0,0,0,8.004,96.649,5.526,17.332,0,5.538,5.542,NA,42
"5/27/2022 8:35:55 AM",7.007,30.057,50.412,80.467,72410.2,1033.346,33.316,0,0,0,8.004,96.669,5.527,16.822,0,5.54,5.543,NA,42
"5/27/2022 8:35:55 AM",7.2,30.058,50.414,80.47,72412.3,1033.348,33.317,0,0,0,8.005,96.617,5.524,16.397,0,5.536,5.54,NA,42
"5/27/2022 8:35:55 AM",7.393,30.058,50.417,80.474,72416.7,1033.352,33.32,0.047,0.047,0,8.006,96.592,5.523,15.973,0,5.535,5.538,NA,42
"5/27/2022 8:35:56 AM",7.674,30.058,50.414,80.47,72413,1033.35,33.318,0.078,0.078,0.16,8.005,96.545,5.52,15.888,0,5.532,5.535,NA,42
"5/27/2022 8:35:56 AM",7.873,30.058,50.389,80.437,72382,1033.332,33.299,0.07,0.07,0.248,8.004,96.663,5.527,15.803,0,5.54,5.543,NA,42
"5/27/2022 8:35:56 AM",8.06,30.059,50.388,80.437,72380.5,1033.332,33.297,0.07,0.07,0.146,8.004,96.639,5.526,15.463,0,5.539,5.542,NA,42
"5/27/2022 8:35:56 AM",8.257,30.06,50.387,80.436,72379.3,1033.332,33.296,0.086,0.086,0.073,8.006,96.712,5.531,15.038,0,5.543,5.546,NA,42
"5/27/2022 8:35:56 AM",8.446,30.061,50.387,80.438,72379.7,1033.332,33.296,0.133,0.133,0.116,8.006,96.601,5.524,14.528,0,5.536,5.539,NA,42
"5/27/2022 8:35:57 AM",8.73,30.06,50.39,80.442,72384,1033.336,33.299,0.031,0.031,0,8.006,96.603,5.524,14.188,0,5.536,5.54,NA,42
"5/27/2022 8:35:57 AM",8.917,30.061,50.391,80.443,72384.3,1033.337,33.299,0.008,0.008,0.029,8.006,96.544,5.52,14.103,0,5.532,5.536,NA,42
"5/27/2022 8:35:57 AM",9.096,30.06,50.39,80.442,72384,1033.338,33.299,0.039,0.039,0.116,8.006,96.538,5.52,14.103,0,5.532,5.536,NA,42
"5/27/2022 8:35:57 AM",9.286,30.06,50.392,80.444,72386,1033.34,33.3,0.117,0.117,0.277,8.008,96.55,5.521,14.103,0,5.533,5.536,NA,42
"5/27/2022 8:35:57 AM",9.557,30.061,50.392,80.446,72386.2,1033.341,33.3,0.023,0.023,0.044,8.009,96.643,5.526,14.018,0,5.538,5.541,NA,42
"5/27/2022 8:35:58 AM",9.736,30.062,50.394,80.45,72388.6,1033.343,33.301,0.008,0.008,0.146,8.009,96.667,5.527,14.188,0,5.539,5.543,NA,42
"5/27/2022 8:35:58 AM",9.919,30.061,50.394,80.45,72389,1033.344,33.301,0.07,0.07,0.131,8.008,96.638,5.525,14.698,0,5.538,5.541,NA,42
"5/27/2022 8:35:58 AM",10.101,30.062,50.393,80.448,72387.7,1033.343,33.301,0.14,0.14,0.218,8.007,96.625,5.524,17.927,0,5.537,5.54,NA,42
"5/27/2022 8:35:58 AM",10.315,30.062,50.395,80.452,72390.5,1033.346,33.302,1.162,1.162,2.755,8.007,96.638,5.525,32.71,0,5.538,5.541,NA,42
"5/27/2022 8:35:58 AM",10.449,30.063,50.397,80.456,72392.7,1033.348,33.303,1.014,1.014,2.39,8.006,96.579,5.521,46.473,0,5.534,5.537,NA,42
"5/27/2022 8:35:59 AM",10.593,30.066,50.395,80.458,72390.5,1033.346,33.301,0.577,0.577,1.296,8.005,96.584,5.522,58.368,0,5.534,5.537,NA,42
"5/27/2022 8:35:59 AM",10.735,30.067,50.397,80.464,72392.9,1033.347,33.302,0.257,0.257,0.539,8.005,96.525,5.519,64.145,0,5.531,5.534,NA,42
"5/27/2022 8:35:59 AM",10.887,30.067,50.397,80.463,72392.9,1033.348,33.302,0.156,0.156,0.335,8.007,96.617,5.524,69.243,0,5.536,5.539,NA,42
"5/27/2022 8:35:59 AM",11.109,30.063,50.39,80.446,72383.9,1033.345,33.298,0.062,0.062,0.058,8.01,96.692,5.528,71.621,0,5.541,5.544,NA,42
"5/27/2022 8:35:59 AM",11.266,30.062,50.39,80.445,72384.1,1033.346,33.298,0,0,0,8.013,96.645,5.525,65.589,0,5.538,5.541,NA,42
"5/27/2022 8:36:00 AM",11.413,30.062,50.391,80.448,72386.2,1033.348,33.299,0,0,0,8.015,96.564,5.521,52.335,0,5.533,5.536,NA,42
"5/27/2022 8:36:00 AM",11.566,30.063,50.392,80.449,72386.7,1033.348,33.299,0.187,0.187,0.408,8.015,96.54,5.519,50.806,0,5.532,5.535,NA,42
"5/27/2022 8:36:00 AM",11.768,30.064,50.393,80.454,72388.7,1033.35,33.3,0.296,0.296,0.641,8.013,96.613,5.524,66.779,0,5.536,5.539,NA,42
"5/27/2022 8:36:00 AM",11.832,30.067,50.4,80.467,72397,1033.355,33.304,0.203,0.203,0.422,8.011,96.511,5.518,102.547,0,5.53,5.534,NA,42
"5/27/2022 8:36:00 AM",11.836,30.066,50.396,80.46,72391.8,1033.352,33.301,0.109,0.109,0.16,8.01,96.621,5.524,135.766,0,5.536,5.54,NA,42
"5/27/2022 8:36:01 AM",11.784,30.065,50.392,80.452,72386.6,1033.349,33.298,0.07,0.07,0.087,8.01,96.609,5.523,138.655,0,5.536,5.539,NA,42
"5/27/2022 8:36:01 AM",11.709,30.064,50.391,80.45,72385.7,1033.348,33.298,0.055,0.055,0.044,8.013,96.623,5.524,132.113,0,5.537,5.54,NA,42
"5/27/2022 8:36:01 AM",11.625,30.064,50.391,80.45,72386.2,1033.348,33.299,0.047,0.047,0.029,8.017,96.449,5.514,127.78,0,5.527,5.53,NA,42
"5/27/2022 8:36:01 AM",11.556,30.063,50.392,80.45,72387.3,1033.349,33.299,0.055,0.055,0.044,8.018,96.456,5.515,129.055,0,5.527,5.531,NA,42
"5/27/2022 8:36:01 AM",11.473,30.063,50.391,80.449,72386.3,1033.348,33.299,0.039,0.039,0.015,8.018,96.576,5.522,129.479,0,5.534,5.538,NA,42
"5/27/2022 8:36:02 AM",11.377,30.062,50.393,80.45,72388.5,1033.349,33.3,0.047,0.047,0.015,8.018,96.55,5.52,130.584,0,5.532,5.536,NA,42
"5/27/2022 8:36:02 AM",11.172,30.062,50.399,80.457,72395.2,1033.352,33.305,0.039,0.039,0.044,8.02,96.593,5.522,135.427,0,5.535,5.538,NA,42
"5/27/2022 8:36:02 AM",11.001,30.062,50.427,80.495,72429.9,1033.373,33.326,0.031,0.031,0.073,8.02,96.606,5.522,140.099,0,5.534,5.538,NA,42
"5/27/2022 8:36:02 AM",10.828,30.062,50.428,80.497,72431.5,1033.373,33.327,0.031,0.031,0.058,8.02,96.56,5.519,142.818,0,5.532,5.535,NA,42
"5/27/2022 8:36:02 AM",10.69,30.061,50.429,80.498,72432.5,1033.373,33.328,0.031,0.031,0.015,8.021,96.484,5.515,142.733,0,5.527,5.531,NA,42
"5/27/2022 8:36:03 AM",10.577,30.061,50.428,80.497,72431.6,1033.372,33.327,0.039,0.039,0.029,8.021,96.562,5.519,142.138,0,5.532,5.535,NA,42
"5/27/2022 8:36:03 AM",10.442,30.061,50.428,80.496,72431.6,1033.372,33.327,0.047,0.047,0.044,8.021,96.551,5.519,142.393,0,5.531,5.535,NA,42
"5/27/2022 8:36:03 AM",10.337,30.062,50.428,80.498,72431.3,1033.371,33.327,0.055,0.055,0,8.022,96.608,5.522,140.099,0,5.534,5.538,NA,42
"5/27/2022 8:36:03 AM",10.219,30.061,50.428,80.496,72431.4,1033.371,33.327,0.047,0.047,0,8.023,96.701,5.528,137.89,0,5.54,5.543,NA,42
"5/27/2022 8:36:03 AM",10.103,30.061,50.428,80.496,72431.4,1033.37,33.327,0.039,0.039,0.029,8.023,96.541,5.518,137.041,0,5.531,5.534,NA,42
"5/27/2022 8:36:04 AM",10.014,30.061,50.427,80.495,72430.2,1033.369,33.327,0.031,0.031,0.015,8.024,96.612,5.522,135.512,0,5.535,5.538,NA,42
"5/27/2022 8:36:04 AM",10.014,30.06,50.428,80.495,72431.5,1033.37,33.328,0.031,0.031,0.044,8.025,96.651,5.525,132.113,0,5.537,5.541,NA,42
"5/27/2022 8:36:04 AM",10.045,30.06,50.428,80.495,72431.2,1033.37,33.327,0.047,0.047,0.058,8.025,96.566,5.52,132.963,0,5.532,5.536,NA,42
"5/27/2022 8:36:04 AM",10.084,30.059,50.428,80.494,72431.9,1033.371,33.328,0.023,0.023,0.015,8.025,96.486,5.515,133.218,0,5.528,5.531,NA,42
"5/27/2022 8:36:05 AM",10.115,30.059,50.427,80.492,72430,1033.37,33.327,0.039,0.039,0.029,8.024,96.595,5.521,132.028,0,5.534,5.537,NA,42
"5/27/2022 8:36:05 AM",9.995,30.059,50.43,80.495,72433.4,1033.372,33.329,0.039,0.039,0.044,8.023,96.598,5.522,136.871,0,5.534,5.538,NA,42
"5/27/2022 8:36:05 AM",9.804,30.059,50.431,80.497,72435.4,1033.372,33.33,0.039,0.039,0.029,8.023,96.501,5.516,140.524,0,5.528,5.531,NA,42
"5/27/2022 8:36:05 AM",9.581,30.06,50.429,80.495,72432.4,1033.369,33.328,0.047,0.047,0.029,8.023,96.602,5.521,145.962,0,5.534,5.537,NA,42
"5/27/2022 8:36:05 AM",9.348,30.059,50.426,80.49,72428.5,1033.366,33.326,0.039,0.039,0.044,8.023,96.518,5.517,150.125,0,5.529,5.533,NA,42
"5/27/2022 8:36:06 AM",9.041,30.059,50.426,80.49,72429.1,1033.365,33.327,0.031,0.031,0.015,8.025,96.484,5.515,152.843,0,5.527,5.531,NA,42
"5/27/2022 8:36:06 AM",8.843,30.059,50.424,80.486,72425.5,1033.362,33.325,0.023,0.023,0,8.026,96.56,5.519,153.608,0,5.532,5.535,NA,42
"5/27/2022 8:36:06 AM",8.648,30.059,50.423,80.486,72424.3,1033.361,33.324,0.039,0.039,0.044,8.025,96.612,5.522,154.033,0,5.535,5.538,NA,42
"5/27/2022 8:36:06 AM",8.452,30.059,50.422,80.483,72422.7,1033.359,33.323,0.039,0.039,0.058,8.023,96.515,5.517,153.013,0,5.529,5.533,NA,42
"5/27/2022 8:36:06 AM",8.269,30.059,50.419,80.479,72419.4,1033.356,33.321,0.039,0.039,0.029,8.021,96.531,5.518,151.059,0,5.531,5.534,NA,42
"5/27/2022 8:36:07 AM",7.946,30.058,50.417,80.476,72417.4,1033.354,33.32,0.047,0.047,0.029,8.021,96.571,5.52,150.295,0,5.533,5.536,NA,42
"5/27/2022 8:36:07 AM",7.72,30.058,50.416,80.474,72415.8,1033.352,33.319,0.039,0.039,0.029,8.021,96.609,5.522,152.504,0,5.535,5.538,NA,42
"5/27/2022 8:36:07 AM",7.494,30.057,50.416,80.472,72414.9,1033.351,33.319,0.039,0.039,0.044,8.021,96.537,5.518,154.458,0,5.531,5.534,NA,42
"5/27/2022 8:36:07 AM",7.316,30.057,50.413,80.469,72412.2,1033.349,33.317,0.039,0.039,0.044,8.021,96.54,5.519,155.392,0,5.531,5.535,NA,42
"5/27/2022 8:36:07 AM",7.188,30.057,50.412,80.465,72409.9,1033.347,33.316,0.039,0.039,0.058,8.023,96.522,5.518,157.091,0,5.53,5.534,NA,42
"5/27/2022 8:36:08 AM",7.057,30.055,50.413,80.464,72411.2,1033.348,33.318,0.031,0.031,0.044,8.023,96.533,5.518,160.83,0,5.53,5.534,NA,42
"5/27/2022 8:36:08 AM",7.016,30.056,50.412,80.465,72411.1,1033.347,33.317,0.039,0.039,0.044,8.024,96.507,5.517,162.359,0,5.529,5.533,NA,42
"5/27/2022 8:36:08 AM",7.012,30.055,50.414,80.465,72412.8,1033.349,33.319,0.055,0.055,0.029,8.024,96.456,5.514,159.895,0,5.527,5.53,NA,42
"5/27/2022 8:36:08 AM",7.064,30.054,50.413,80.464,72412.4,1033.349,33.319,0.055,0.055,0.029,8.024,96.527,5.518,155.902,0,5.531,5.534,NA,42
"5/27/2022 8:36:08 AM",7.172,30.055,50.414,80.466,72412.6,1033.349,33.318,0.031,0.031,0.044,8.024,96.631,5.524,147.491,0,5.537,5.54,NA,42
"5/27/2022 8:36:09 AM",7.188,30.056,50.413,80.466,72412.4,1033.349,33.318,0.039,0.039,0.015,8.023,96.541,5.519,154.458,0,5.531,5.535,NA,42
"5/27/2022 8:36:09 AM",7.113,30.055,50.416,80.469,72416,1033.351,33.321,0.031,0.031,0.029,8.023,96.539,5.519,159.725,0,5.531,5.534,NA,42
"5/27/2022 8:36:09 AM",7.035,30.054,50.414,80.466,72413.7,1033.349,33.319,0.039,0.039,0.015,8.024,96.625,5.524,158.451,0,5.536,5.539,NA,42
"5/27/2022 8:36:09 AM",6.972,30.055,50.414,80.466,72413.1,1033.349,33.319,0.047,0.047,0.029,8.022,96.526,5.518,157.686,0,5.53,5.533,NA,42
"5/27/2022 8:36:09 AM",6.859,30.055,50.418,80.471,72417.8,1033.351,33.322,0.039,0.039,0.015,8.023,96.442,5.513,161.764,0,5.525,5.529,NA,42
"5/27/2022 8:36:10 AM",6.755,30.055,50.418,80.472,72418.4,1033.351,33.322,0.031,0.031,0,8.024,96.634,5.524,162.869,0,5.536,5.54,NA,42
"5/27/2022 8:36:10 AM",6.63,30.057,50.416,80.471,72415.1,1033.348,33.32,0.039,0.039,0.015,8.024,96.686,5.527,163.888,0,5.539,5.543,NA,42
"5/27/2022 8:36:10 AM",6.473,30.057,50.415,80.47,72413.5,1033.346,33.318,0.055,0.055,0.015,8.024,96.586,5.521,166.947,0,5.534,5.537,NA,42
"5/27/2022 8:36:10 AM",6.286,30.058,50.416,80.473,72414.6,1033.346,33.319,0.031,0.031,0.015,8.023,96.518,5.517,169.156,0,5.529,5.533,NA,42
"5/27/2022 8:36:10 AM",5.978,30.059,50.414,80.471,72412,1033.343,33.317,0.047,0.047,0,8.022,96.552,5.519,175.103,0,5.532,5.535,NA,42
"5/27/2022 8:36:11 AM",5.787,30.06,50.413,80.471,72410.8,1033.341,33.316,0.039,0.039,0.015,8.022,96.633,5.524,181.645,0,5.536,5.54,NA,42
"5/27/2022 8:36:11 AM",5.601,30.06,50.41,80.466,72406.3,1033.338,33.314,0.039,0.039,0.029,8.022,96.653,5.525,183.004,0,5.538,5.541,NA,42
"5/27/2022 8:36:11 AM",5.443,30.06,50.407,80.463,72403,1033.335,33.312,0.039,0.039,0.029,8.021,96.466,5.514,178.416,0,5.527,5.53,NA,42
"5/27/2022 8:36:11 AM",5.276,30.058,50.405,80.457,72400.5,1033.333,33.311,0.023,0.023,0,8.021,96.52,5.518,170.175,0,5.53,5.534,NA,42
"5/27/2022 8:36:11 AM",5.222,30.057,50.405,80.456,72401,1033.334,33.311,0.031,0.031,0,8.021,96.605,5.522,157.941,0,5.535,5.538,NA,42
"5/27/2022 8:36:12 AM",5.206,30.058,50.405,80.457,72401.3,1033.334,33.311,0.047,0.047,0.015,8.022,96.613,5.523,150.549,0,5.535,5.539,NA,42
"5/27/2022 8:36:12 AM",5.163,30.059,50.402,80.454,72396.4,1033.33,33.308,0.055,0.055,0.058,8.021,96.641,5.525,151.994,0,5.537,5.54,NA,42
"5/27/2022 8:36:12 AM",5.083,30.06,50.4,80.453,72393.8,1033.328,33.306,0.023,0.023,0.044,8.022,96.586,5.521,151.824,0,5.533,5.537,NA,42
"5/27/2022 8:36:12 AM",5.034,30.061,50.401,80.456,72395.6,1033.329,33.307,0.039,0.039,0.029,8.021,96.554,5.519,152.928,0,5.532,5.535,NA,42
"5/27/2022 8:36:12 AM",4.951,30.061,50.402,80.456,72396.3,1033.329,33.308,0.047,0.047,0.044,8.02,96.671,5.526,157.601,0,5.539,5.542,NA,42
"5/27/2022 8:36:13 AM",4.86,30.061,50.402,80.457,72396.1,1033.328,33.307,0.039,0.039,0.058,8.019,96.597,5.522,163.888,0,5.534,5.537,NA,42
"5/27/2022 8:36:13 AM",4.718,30.061,50.4,80.455,72394.3,1033.326,33.306,0.031,0.031,0.044,8.019,96.676,5.526,164.398,0,5.539,5.542,NA,42
"5/27/2022 8:36:13 AM",4.695,30.061,50.399,80.452,72392.3,1033.325,33.305,0.023,0.023,0.015,8.018,96.589,5.522,157.091,0,5.534,5.538,NA,42
"5/27/2022 8:36:13 AM",4.678,30.061,50.4,80.455,72393.7,1033.326,33.306,0.039,0.039,0.044,8.018,96.619,5.523,148.341,0,5.535,5.539,NA,42
"5/27/2022 8:36:14 AM",4.641,30.063,50.399,80.455,72391.7,1033.324,33.304,0.055,0.055,0.131,8.018,96.643,5.524,153.948,0,5.537,5.54,NA,42
"5/27/2022 8:36:14 AM",4.58,30.063,50.397,80.453,72390.2,1033.323,33.303,0.421,0.421,0.058,8.018,96.537,5.518,156.582,0,5.53,5.534,NA,42
"5/27/2022 8:36:14 AM",4.445,30.062,50.396,80.451,72388.9,1033.322,33.303,0.125,0.125,0.102,8.017,96.718,5.528,152.504,0,5.541,5.544,NA,42
"5/27/2022 8:36:14 AM",4.292,30.062,50.398,80.452,72391,1033.323,33.304,0.062,0.062,0.058,8.015,96.68,5.526,153.608,0,5.539,5.542,NA,42
"5/27/2022 8:36:14 AM",4.075,30.062,50.397,80.451,72389.6,1033.321,33.303,0.055,0.055,0.087,8.016,96.729,5.529,157.516,0,5.542,5.545,NA,42
"5/27/2022 8:36:15 AM",3.84,30.062,50.397,80.45,72389.1,1033.32,33.303,0.047,0.047,0.058,8.016,96.606,5.522,164.993,0,5.535,5.538,NA,42
"5/27/2022 8:36:15 AM",3.506,30.062,50.399,80.454,72391.7,1033.32,33.305,0.039,0.039,0.087,8.015,96.75,5.53,182.664,0,5.543,5.546,NA,42
"5/27/2022 8:36:15 AM",3.339,30.064,50.4,80.457,72392.1,1033.319,33.305,0.101,0.101,0.116,8.015,96.641,5.524,190.991,0,5.536,5.539,NA,42
"5/27/2022 8:36:15 AM",3.204,30.065,50.4,80.459,72392.2,1033.318,33.304,0.062,0.062,0.087,8.015,96.677,5.526,194.644,0,5.538,5.542,NA,42
"5/27/2022 8:36:15 AM",3.089,30.066,50.397,80.456,72388.1,1033.315,33.302,0.055,0.055,0.16,8.015,96.691,5.527,194.729,0,5.539,5.542,NA,42
"5/27/2022 8:36:16 AM",2.966,30.066,50.395,80.454,72386.2,1033.313,33.3,0.047,0.047,0.087,8.015,96.622,5.523,193.2,0,5.535,5.538,NA,42
"5/27/2022 8:36:16 AM",2.785,30.066,50.394,80.452,72384.4,1033.311,33.299,0.039,0.039,0.131,8.015,96.756,5.53,191.585,0,5.543,5.546,NA,42
"5/27/2022 8:36:16 AM",2.705,30.066,50.395,80.454,72386.2,1033.312,33.301,0.055,0.055,0.116,8.014,96.701,5.527,192.435,0,5.54,5.543,NA,42
"5/27/2022 8:36:16 AM",2.585,30.066,50.395,80.454,72386,1033.311,33.3,0.078,0.078,0.102,8.014,96.667,5.525,196.428,0,5.537,5.541,NA,42
"5/27/2022 8:36:16 AM",2.458,30.067,50.394,80.454,72385,1033.31,33.3,0.07,0.07,0.087,8.014,96.652,5.524,204.584,0,5.537,5.54,NA,42
"5/27/2022 8:36:17 AM",2.322,30.067,50.394,80.454,72384.9,1033.309,33.3,0.039,0.039,0.087,8.014,96.679,5.526,219.112,0,5.538,5.542,NA,42
"5/27/2022 8:36:17 AM",2.169,30.068,50.39,80.45,72379.5,1033.305,33.296,0.07,0.07,0.102,8.014,96.692,5.527,237.974,0,5.54,5.543,NA,42
"5/27/2022 8:36:17 AM",2.112,30.068,50.39,80.449,72379.6,1033.305,33.296,0.062,0.062,0.087,8.013,96.703,5.527,243.751,0,5.54,5.543,NA,42
"5/27/2022 8:36:17 AM",2.086,30.068,50.382,80.438,72369.5,1033.299,33.29,0.086,0.086,0.102,8.015,96.703,5.528,242.646,0,5.54,5.543,NA,42
"5/27/2022 8:36:17 AM",2.096,30.067,50.387,80.443,72375.2,1033.303,33.294,0.094,0.094,0.291,8.015,96.69,5.526,235.17,0,5.539,5.542,NA,42
"5/27/2022 8:36:18 AM",2.076,30.065,50.388,80.442,72376.6,1033.304,33.295,0.109,0.109,0.204,8.016,96.623,5.523,248.763,0,5.535,5.539,NA,42
"5/27/2022 8:36:18 AM",2.032,30.066,50.388,80.443,72376.8,1033.304,33.295,0.07,0.07,0.218,8.016,96.809,5.533,254.286,0,5.545,5.549,NA,42
"5/27/2022 8:36:18 AM",1.977,30.066,50.384,80.438,72372,1033.301,33.292,0.078,0.078,0.146,8.016,96.777,5.532,259.468,0,5.544,5.547,NA,42
"5/27/2022 8:36:18 AM",1.853,30.066,50.38,80.432,72366.9,1033.297,33.289,0.039,0.039,0.131,8.014,96.759,5.531,261.508,0,5.543,5.546,NA,42
"5/27/2022 8:36:18 AM",1.686,30.065,50.38,80.431,72367.1,1033.297,33.29,0.039,0.039,0.379,8.013,96.762,5.53,272.128,0,5.543,5.546,NA,42
"5/27/2022 8:36:19 AM",1.396,30.064,50.375,80.422,72360.8,1033.292,33.286,0.031,0.031,0.175,8.011,96.852,5.535,293.877,0,5.548,5.551,NA,42
"5/27/2022 8:36:19 AM",1.26,30.063,50.376,80.421,72361.5,1033.292,33.287,0.023,0.023,0.058,8.012,96.654,5.524,300.844,0,5.537,5.54,NA,42
"5/27/2022 8:36:19 AM",1.128,30.061,50.369,80.411,72353.8,1033.287,33.283,0.125,0.125,0.029,8.012,96.706,5.528,295.916,0,5.54,5.543,NA,42
"5/27/2022 8:36:19 AM",1.007,30.061,50.372,80.414,72357.4,1033.289,33.285,0.039,0.039,0,8.012,96.612,5.522,289.714,0,5.535,5.538,NA,42
"5/27/2022 8:36:19 AM",0.828,30.06,50.367,80.405,72350.7,1033.285,33.281,0.179,0.179,0.204,8.013,96.67,5.526,293.453,0,5.538,5.541,NA,42
"5/27/2022 8:36:20 AM",0.727,30.06,50.364,80.401,72347,1033.282,33.279,0.125,0.125,0.087,8.013,96.663,5.525,281.813,0,5.538,5.541,NA,42
"5/27/2022 8:36:20 AM",0.64,30.06,50.364,80.4,72346.8,1033.282,33.279,0.14,0.14,0.029,8.012,96.764,5.531,277.905,0,5.543,5.547,NA,42
"5/27/2022 8:36:20 AM",0.537,30.06,50.36,80.395,72341.5,1033.278,33.276,0.062,0.062,0,8.012,96.688,5.527,273.657,0,5.539,5.543,NA,42
"5/27/2022 8:36:20 AM",0.405,30.06,50.358,80.393,72340,1033.277,33.275,0.078,0.078,0.175,8.012,96.509,5.517,280.624,0,5.529,5.533,NA,42
"5/27/2022 8:36:20 AM",0.207,30.061,50.352,80.386,72331.9,1033.271,33.27,0,0,0,8.012,96.749,5.531,302.968,0,5.544,5.547,NA,42
"5/27/2022 8:36:21 AM",0.107,30.061,50.347,80.378,72326,1033.267,33.266,0,0,0.131,8.012,96.657,5.526,332.959,0,5.538,5.542,NA,42
"5/27/2022 8:36:21 AM",0.072,30.061,50.337,80.365,72312.9,1033.259,33.258,0,0,0.583,8.012,96.657,5.526,341.965,0,5.539,5.542,NA,42
"5/27/2022 8:36:21 AM",0.072,30.061,50.339,80.368,72316.1,1033.261,33.26,0.016,0.016,0.116,8.011,96.653,5.526,325.907,0,5.539,5.542,NA,42
"5/27/2022 8:36:21 AM",0.081,30.062,50.318,80.339,72289.4,1033.244,33.244,0.265,0.265,0.451,8.011,96.554,5.521,319.875,0,5.533,5.537,NA,42
"5/27/2022 8:36:21 AM",0.015,30.062,50.323,80.346,72295.1,1033.247,33.247,0.281,0.281,0.524,8.013,96.474,5.516,336.952,0,5.528,5.531,NA,42
"5/27/2022 8:36:22 AM",0,30.063,50.317,80.34,72288,1033.242,33.243,0.203,0.203,0.204,8.011,96.65,5.526,340.351,0,5.538,5.541,NA,42
"5/27/2022 8:36:22 AM",0,30.063,50.303,80.319,72269.9,1033.231,33.232,0.062,0.062,0,8.011,96.712,5.53,351.99,0,5.542,5.546,NA,42
"5/27/2022 8:36:22 AM",0,30.063,50.312,80.332,72281.3,1033.237,33.239,0,0,0.437,8.01,96.667,5.527,444.767,0,5.54,5.543,NA,42
"5/27/2022 8:36:22 AM",0,30.063,50.304,80.322,72271.7,1033.231,33.233,0.055,0.055,0,8.01,96.693,5.529,429.389,0,5.541,5.545,NA,42
"5/27/2022 8:36:22 AM",0,30.063,50.299,80.314,72265,1033.227,33.229,10.133,10.133,0,8.009,96.691,5.529,487.587,0,5.541,5.545,NA,42
"5/27/2022 8:36:23 AM",0,30.062,50.298,80.311,72263.5,1033.226,33.228,3.175,3.175,0,8.009,96.807,5.536,477.221,0,5.548,5.551,NA,42
"5/27/2022 8:36:23 AM",0,30.062,50.295,80.309,72260.8,1033.225,33.226,1.701,1.701,0.16,8.011,96.624,5.524,451.224,0,5.537,5.54,NA,42
"5/27/2022 8:36:23 AM",0,30.062,50.296,80.31,72261.9,1033.225,33.227,1.428,1.428,1.326,8.01,96.675,5.528,482.319,0,5.54,5.543,NA,42
"5/27/2022 8:36:23 AM",0,30.063,50.295,80.309,72259.7,1033.223,33.225,0.608,0.608,0.845,8.01,96.687,5.528,524.799,0,5.54,5.544,NA,42
"5/27/2022 8:36:23 AM",0,30.063,50.295,80.309,72260.1,1033.224,33.226,0.694,0.694,0.743,8.01,96.703,5.529,533.55,0,5.541,5.545,NA,42
"5/27/2022 8:36:24 AM",0,30.062,4.231,8.464,7615.7,998.785,0,0,0,0,8.009,96.878,7.134,548.163,0,7.155,7.155,NA,42
"5/27/2022 8:36:24 AM",0,29.996,1.362,2.913,2624.2,996.668,0,224.88,224.88,167.842,8.009,96.706,7.235,572.377,0,7.256,7.256,NA,42
"5/27/2022 8:36:24 AM",0,29.955,1.141,2.46,2218.4,996.515,0,382.369,382.369,96.935,8.008,96.646,7.239,595.231,0,7.26,7.26,NA,42
"5/27/2022 8:36:24 AM",0,29.755,0.855,1.861,1685.2,996.361,0,186.602,186.602,45.08,8.006,96.416,7.234,590.219,0,7.255,7.255,NA,42
"5/27/2022 8:36:24 AM",0,29.693,0.757,1.655,1500.5,996.306,0,121.387,121.387,19.592,8.004,96.396,7.237,597.78,0,7.258,7.258,NA,42
"5/27/2022 8:36:25 AM",0,29.696,0.7,1.537,1392.9,996.263,0,64.458,64.458,26.46,8.003,96.385,7.239,607.465,0,7.26,7.26,NA,42
"5/27/2022 8:36:25 AM",0,29.66,0.649,1.427,1294.5,996.235,0,55.026,55.026,143.494,8.002,96.394,7.242,607.805,0,7.263,7.263,NA,42
"5/27/2022 8:36:25 AM",0,29.612,0.593,1.307,1186.6,996.208,0,297.591,297.591,131.866,8.002,96.27,7.236,567.024,0,7.257,7.257,NA,42
"5/27/2022 8:36:25 AM",0,29.571,0.561,1.239,1126.2,996.197,0,220.995,220.995,382.777,8.003,96.297,7.24,614.942,0,7.261,7.261,NA,42
"5/27/2022 8:36:26 AM",0,29.466,0.54,1.191,1084.5,996.212,0,318.583,318.583,206.912,8.002,96.213,7.235,617.831,0,7.256,7.256,NA,42
"5/27/2022 8:36:26 AM",0,29.336,0.496,1.095,1000,996.218,0,351.931,351.931,93.635,8.002,96.134,7.232,633.208,0,7.253,7.253,NA,42
"5/27/2022 8:36:26 AM",0,29.379,0.482,1.066,972.7,996.194,0,108.368,108.368,26.772,8.002,96.061,7.228,616.131,0,7.249,7.249,NA,42
"5/27/2022 8:36:26 AM",0,29.464,0.453,1.006,915.6,996.147,0,245.092,245.092,106.407,8,96.07,7.232,594.806,0,7.253,7.253,NA,42
"5/27/2022 8:36:26 AM",0,29.355,0.444,0.984,897.5,996.173,0,144.088,144.088,124.002,8,95.976,7.226,562.946,0,7.247,7.247,NA,42
"5/27/2022 8:36:27 AM",0,28.968,0.449,0.988,908.9,996.291,0,62.055,62.055,93.775,8,95.887,7.219,574.756,0,7.24,7.24,NA,42
"5/27/2022 8:36:27 AM",0,28.464,0.421,0.918,853.3,996.416,0,28.176,28.176,28.678,7.999,95.81,7.216,640.6,0,7.237,7.237,NA,42
"5/27/2022 8:36:27 AM",0,28.146,0.416,0.904,845.6,996.505,0,17.544,17.544,12.718,7.998,95.572,7.199,619.87,0,7.22,7.22,NA,42
"5/27/2022 8:36:27 AM",0,27.729,0.398,0.858,809.1,996.609,0,11.491,11.491,6.73,7.996,95.402,7.188,603.897,0,7.209,7.209,NA,42
"5/27/2022 8:36:27 AM",0,27.715,0.391,0.843,795.7,996.608,0,13.129,13.129,1.88,7.996,95.344,7.186,580.278,0,7.207,7.207,NA,42
"5/27/2022 8:36:28 AM",0,27.746,0.38,0.821,774.2,996.591,0,52.405,52.405,8.386,7.996,95.214,7.18,584.866,0,7.201,7.201,NA,42
"5/27/2022 8:36:28 AM",0,27.698,0.445,0.955,901.5,996.653,0,61.29,61.29,16.505,7.995,95.069,7.17,578.409,0,7.19,7.19,NA,42
"5/27/2022 8:36:28 AM",0,27.37,0.467,0.995,945.4,996.762,0,22.302,22.302,6.291,7.995,94.93,7.164,528.368,0,7.185,7.185,NA,42
"5/27/2022 8:36:28 AM",0,27.465,0.481,1.026,973.2,996.746,0,5.765,5.765,0,7.995,94.655,7.146,345.703,0,7.167,7.167,NA,42
"5/27/2022 8:36:28 AM",0,27.588,1.583,3.205,3032.3,997.538,0,1.919,1.919,0.277,7.993,94.274,7.077,281.813,0,7.098,7.098,NA,42
"5/27/2022 8:36:29 AM",0,27.709,0.688,1.454,1372.3,996.833,0,1.287,1.287,1.005,7.993,94.064,7.099,372.805,0,7.119,7.119,NA,42
"5/27/2022 8:36:29 AM",0,27.78,0.49,1.049,989,996.664,0,0.413,0.413,0.364,7.992,93.805,7.089,437.29,0,7.109,7.11,NA,42
"5/27/2022 8:36:29 AM",0,27.814,0.394,0.852,801.9,996.582,0,0.382,0.382,1.53,7.99,93.624,7.081,451.818,0,7.102,7.102,NA,42
"5/27/2022 8:36:29 AM",0,27.865,0.377,0.817,768.5,996.555,0,0.679,0.679,8.606,7.988,93.419,7.068,473.908,0,7.089,7.089,NA,42
"5/27/2022 8:36:29 AM",0,27.899,0.363,0.788,740.8,996.535,0,0.905,0.905,14.603,7.989,93.737,7.095,503.304,0,7.116,7.116,NA,42
"5/27/2022 8:36:30 AM",0,27.875,0.355,0.77,723.8,996.535,0,1.864,1.864,23.682,7.988,94.039,7.12,517.323,0,7.14,7.14,NA,42
"5/27/2022 8:36:30 AM",0,28.428,2.457,4.932,4586.5,997.951,0,7.816,7.816,25.434,7.994,94.826,7.098,520.381,0,7.119,7.119,NA,42
"5/27/2022 8:36:30 AM",0,29.189,2.638,5.352,4899.9,997.863,0,3.487,3.487,13.984,8.104,95.282,7.127,506.533,0,7.148,7.148,NA,42
"5/27/2022 8:36:30 AM",0,29.366,2.503,5.111,4662.7,997.709,0,2.169,2.169,10.763,8.176,94.995,7.112,511.715,0,7.133,7.133,NA,42
"5/27/2022 8:36:30 AM",0,29.41,2.196,4.522,4122.1,997.467,0,1.88,1.88,9.633,8.213,94.769,7.107,525.479,0,7.128,7.128,NA,42
"5/27/2022 8:36:31 AM",0,29.423,1.966,4.076,3714.6,997.291,0,1.818,1.818,10.19,8.237,94.464,7.093,554.875,0,7.114,7.114,NA,42
"5/27/2022 8:36:31 AM",0,29.433,1.786,3.722,3391.6,997.153,0,1.896,1.896,9.823,8.263,94.274,7.086,576.54,0,7.107,7.107,NA,42
"5/27/2022 8:36:31 AM",0,29.437,1.698,3.55,3233.9,997.087,0,1.724,1.724,9.838,8.274,94.076,7.075,600.159,0,7.095,7.095,NA,42
"5/27/2022 8:36:31 AM",0,29.436,1.687,3.529,3215.1,997.079,0,1.732,1.732,10.499,8.282,94.285,7.091,634.908,0,7.111,7.111,NA,42
"5/27/2022 8:36:31 AM",0,29.438,1.651,3.457,3149.8,997.051,0,1.833,1.833,9.867,8.291,94.16,7.083,661.5,0,7.103,7.103,NA,42
"5/27/2022 8:36:32 AM",0,29.443,1.576,3.31,3015.1,996.994,0,1.942,1.942,9.442,8.302,94.187,7.087,678.407,0,7.108,7.108,NA,42
"5/27/2022 8:36:32 AM",0,29.443,1.463,3.084,2809.1,996.909,0,1.935,1.935,9.559,8.308,94.025,7.079,687.668,0,7.1,7.1,NA,42
"5/27/2022 8:36:32 AM",0,29.445,1.441,3.041,2769.9,996.893,0,1.888,1.888,9.985,8.315,94.085,7.085,698.373,0,7.105,7.105,NA,42
"5/27/2022 8:36:32 AM",0,29.446,1.35,2.858,2603,996.824,0,1.755,1.755,9.721,8.319,94.129,7.091,706.104,0,7.112,7.112,NA,42
"5/27/2022 8:36:32 AM",0,29.445,1.344,2.845,2591.9,996.82,0,1.802,1.802,10.102,8.323,94.111,7.09,711.967,0,7.111,7.111,NA,42
"5/27/2022 8:36:33 AM",0,29.446,1.378,2.914,2653.9,996.845,0,1.584,1.584,9.163,8.328,94.115,7.088,715.28,0,7.109,7.109,NA,42
"5/27/2022 8:36:33 AM",0,29.447,1.382,2.922,2661.8,996.848,0,1.833,1.833,10.102,8.331,94.043,7.083,715.535,0,7.104,7.104,NA,42
"5/27/2022 8:36:33 AM",0,29.448,1.395,2.948,2685.6,996.857,0,1.669,1.669,9.735,8.333,93.992,7.079,715.875,0,7.099,7.099,NA,42
"5/27/2022 8:36:33 AM",0,29.447,1.41,2.978,2713.1,996.869,0,1.763,1.763,10.088,8.335,93.955,7.075,715.62,0,7.096,7.096,NA,42
"5/27/2022 8:36:33 AM",0,29.443,1.405,2.968,2703.5,996.866,0,1.81,1.81,9.647,8.338,93.987,7.078,711.627,0,7.098,7.098,NA,42
"5/27/2022 8:36:34 AM",0,29.441,1.408,2.973,2708.7,996.869,0,2.106,2.106,10.058,8.342,94.042,7.082,706.274,0,7.103,7.103,NA,42
"5/27/2022 8:36:34 AM",0,29.44,1.41,2.978,2713.1,996.871,0,2.044,2.044,10.396,8.343,93.987,7.078,703.216,0,7.098,7.098,NA,42
"5/27/2022 8:36:34 AM",0,29.44,1.413,2.983,2718,996.873,0,2.028,2.028,9.985,8.346,93.978,7.077,701.431,0,7.097,7.097,NA,42
"5/27/2022 8:36:34 AM",0,29.441,1.409,2.976,2710.8,996.87,0,1.732,1.732,10.161,8.348,93.955,7.075,699.223,0,7.096,7.096,NA,42
"5/27/2022 8:36:34 AM",0,29.443,1.381,2.92,2659.6,996.848,0,1.623,1.623,10.22,8.352,94.117,7.088,690.981,0,7.108,7.109,NA,42
"5/27/2022 8:36:35 AM",0,29.444,1.368,2.894,2636.2,996.838,0,1.662,1.662,10.249,8.354,93.97,7.077,684.864,0,7.098,7.098,NA,42
"5/27/2022 8:36:35 AM",0,29.445,1.353,2.863,2608.2,996.826,0,1.786,1.786,10.176,8.355,94.07,7.085,685.289,0,7.106,7.106,NA,42
"5/27/2022 8:36:35 AM",0,29.447,1.335,2.828,2576.4,996.813,0,1.701,1.701,9.427,8.358,94.021,7.082,689.367,0,7.103,7.103,NA,42
"5/27/2022 8:36:35 AM",0,29.449,1.33,2.818,2566.7,996.808,0,1.584,1.584,9.354,8.357,94,7.081,691.661,0,7.101,7.101,NA,42
"5/27/2022 8:36:36 AM",0,29.45,1.327,2.813,2561.7,996.806,0,1.841,1.841,9.779,8.359,93.964,7.078,692.171,0,7.098,7.098,NA,42
"5/27/2022 8:36:36 AM",0,29.451,1.289,2.736,2492.1,996.777,0,1.724,1.724,9.838,8.361,93.953,7.078,691.576,0,7.099,7.099,NA,42
"5/27/2022 8:36:36 AM",0,29.452,1.276,2.709,2467.6,996.767,0,1.716,1.716,9.823,8.361,93.954,7.079,691.236,0,7.099,7.099,NA,42
"5/27/2022 8:36:36 AM",0,29.453,1.265,2.688,2448.1,996.759,0,1.467,1.467,10.044,8.362,93.903,7.075,691.916,0,7.096,7.096,NA,42
"5/27/2022 8:36:36 AM",0,29.455,1.22,2.597,2365.2,996.724,0,1.615,1.615,10.469,8.362,94.008,7.085,696.419,0,7.105,7.105,NA,42
"5/27/2022 8:36:37 AM",0,29.456,1.206,2.569,2339.4,996.713,0,1.794,1.794,10.352,8.362,93.996,7.084,701.092,0,7.104,7.104,NA,42
"5/27/2022 8:36:37 AM",0,29.457,1.215,2.586,2354.7,996.719,0,1.623,1.623,10.073,8.362,93.919,7.078,704.235,0,7.098,7.098,NA,42
"5/27/2022 8:36:37 AM",0,29.457,1.197,2.549,2321.6,996.706,0,1.74,1.74,9.603,8.36,93.938,7.08,706.359,0,7.101,7.101,NA,42
"5/27/2022 8:36:37 AM",0,29.457,1.221,2.598,2366.2,996.724,0,1.81,1.81,9.867,8.362,93.853,7.073,708.313,0,7.093,7.093,NA,42
"5/27/2022 8:36:37 AM",0,29.457,1.204,2.563,2334.6,996.711,0,1.857,1.857,9.647,8.361,93.974,7.082,709.163,0,7.102,7.102,NA,42
"5/27/2022 8:36:38 AM",0,29.455,1.198,2.553,2324.8,996.708,0,1.747,1.747,10,8.362,93.939,7.079,708.483,0,7.1,7.1,NA,42
"5/27/2022 8:36:38 AM",0,29.451,1.219,2.594,2362.4,996.724,0,1.802,1.802,10.528,8.362,93.998,7.083,707.549,0,7.104,7.104,NA,42
"5/27/2022 8:36:38 AM",0,29.452,1.225,2.606,2373.7,996.729,0,1.716,1.716,10.587,8.362,93.938,7.078,706.359,0,7.099,7.099,NA,42
"5/27/2022 8:36:38 AM",0,29.452,1.172,2.499,2276.4,996.689,0,1.56,1.56,10.044,8.362,93.962,7.082,703.64,0,7.102,7.102,NA,42
"5/27/2022 8:36:38 AM",0,29.448,1.215,2.586,2355.9,996.723,0,1.529,1.529,9.486,8.362,94.022,7.085,701.431,0,7.105,7.105,NA,42
"5/27/2022 8:36:39 AM",0,29.446,1.197,2.551,2323.3,996.71,0,1.521,1.521,9.442,8.362,94.1,7.092,699.138,0,7.112,7.112,NA,42
"5/27/2022 8:36:39 AM",0,29.447,1.171,2.496,2273.7,996.689,0,1.732,1.732,9.545,8.361,94.03,7.087,696.759,0,7.108,7.108,NA,42
"5/27/2022 8:36:39 AM",0,29.449,1.186,2.527,2301.6,996.7,0,1.763,1.763,10.014,8.362,94.086,7.091,694.805,0,7.112,7.112,NA,42
"5/27/2022 8:36:39 AM",0,29.45,1.179,2.514,2289.6,996.695,0,1.74,1.74,9.941,8.363,93.982,7.084,693.275,0,7.104,7.104,NA,42
"5/27/2022 8:36:39 AM",0,29.453,1.174,2.504,2280.9,996.691,0,1.545,1.545,10.014,8.363,94.02,7.087,693.19,0,7.107,7.107,NA,42
"5/27/2022 8:36:40 AM",0,29.453,1.193,2.542,2315.5,996.705,0,1.646,1.646,10,8.362,94.036,7.087,693.87,0,7.108,7.108,NA,42
"5/27/2022 8:36:40 AM",0,29.453,1.16,2.476,2254.8,996.68,0,1.638,1.638,9.603,8.362,94.1,7.093,695.484,0,7.114,7.114,NA,42
"5/27/2022 8:36:40 AM",0,29.453,1.14,2.435,2217.4,996.665,0,1.779,1.779,9.911,8.36,93.947,7.082,698.203,0,7.103,7.103,NA,42
"5/27/2022 8:36:40 AM",0,29.451,1.154,2.463,2243.2,996.676,0,1.724,1.724,9.823,8.359,94.196,7.102,700.242,0,7.122,7.122,NA,42
"5/27/2022 8:36:40 AM",0,29.452,1.119,2.392,2178.5,996.65,0,1.857,1.857,9.897,8.36,94.121,7.097,701.941,0,7.118,7.118,NA,42
"5/27/2022 8:36:41 AM",0,29.452,1.119,2.392,2178.8,996.65,0,1.662,1.662,10.19,8.359,94.104,7.096,703.386,0,7.117,7.117,NA,42
"5/27/2022 8:36:41 AM",0,29.451,1.132,2.418,2202.1,996.659,0,1.747,1.747,9.823,8.358,94.209,7.104,704.745,0,7.124,7.124,NA,42
"5/27/2022 8:36:41 AM",0,29.455,1.09,2.334,2125.3,996.627,0,1.716,1.716,10.176,8.358,94.06,7.094,706.954,0,7.114,7.114,NA,42
"5/27/2022 8:36:41 AM",0,29.455,1.111,2.375,2163.4,996.643,0,1.716,1.716,10.572,8.358,93.941,7.085,707.634,0,7.105,7.105,NA,42
"5/27/2022 8:40:27 AM",0.085,30.127,50.309,80.422,72270.6,1033.214,33.214,0.094,0.094,0.087,7.872,96.51,5.521,898.369,0,5.534,5.537,NA,42
"5/27/2022 8:40:27 AM",0.09,30.124,50.315,80.425,72277.7,1033.219,33.219,0,0,0,7.885,96.462,5.518,849.942,0,5.531,5.534,NA,42
"5/27/2022 8:40:28 AM",0.062,30.119,50.33,80.439,72297.5,1033.233,33.232,0.179,0.179,0.32,7.896,96.477,5.518,798.966,0,5.531,5.534,NA,42
"5/27/2022 8:40:28 AM",0.023,30.119,50.333,80.443,72300.9,1033.235,33.234,0.101,0.101,0.102,7.906,96.567,5.524,702.876,0,5.537,5.54,NA,42
"5/27/2022 8:40:28 AM",0,30.119,50.321,80.428,72286.4,1033.225,33.225,0.055,0.055,0,7.915,96.402,5.514,761.328,0,5.526,5.53,NA,42
"5/27/2022 8:40:28 AM",0,30.119,50.311,80.412,72273.2,1033.217,33.218,0.039,0.039,0,7.925,96.509,5.521,715.365,0,5.533,5.536,NA,42
"5/27/2022 8:40:28 AM",0,30.113,50.325,80.423,72291.3,1033.23,33.23,0.07,0.07,0.058,7.94,96.552,5.522,743.657,0,5.535,5.538,NA,42
"5/27/2022 8:40:29 AM",0,30.112,50.326,80.425,72293.8,1033.231,33.232,0.031,0.031,0,7.951,96.492,5.519,666.428,0,5.531,5.534,NA,42
"5/27/2022 8:40:29 AM",0,30.115,50.332,80.437,72300.8,1033.234,33.235,0.016,0.016,0.262,7.959,96.496,5.519,668.637,0,5.531,5.534,NA,42
"5/27/2022 8:40:29 AM",0,30.118,50.336,80.447,72305.1,1033.236,33.237,0.203,0.203,0.291,7.967,96.687,5.529,550.117,0,5.542,5.545,NA,42
"5/27/2022 8:40:29 AM",0,30.123,50.347,80.469,72318.5,1033.243,33.244,0.289,0.289,0.262,7.975,96.641,5.526,472.719,0,5.538,5.541,NA,42
"5/27/2022 8:40:29 AM",0,30.147,50.323,80.469,72285,1033.216,33.217,0.179,0.179,0.291,7.992,96.585,5.522,429.984,0,5.535,5.538,NA,42
"5/27/2022 8:40:30 AM",0.054,30.135,50.326,80.456,72290.1,1033.223,33.223,0.148,0.148,0.277,8.004,96.711,5.529,605.596,0,5.542,5.545,NA,42
"5/27/2022 8:40:30 AM",0.249,30.134,50.329,80.46,72294.8,1033.227,33.226,0.078,0.078,0.102,8.014,96.626,5.524,858.863,0,5.536,5.54,NA,42
"5/27/2022 8:40:30 AM",0.447,30.118,50.32,80.424,72285.2,1033.227,33.225,0.109,0.109,0.175,8.025,96.571,5.521,866.254,0,5.533,5.537,NA,42
"5/27/2022 8:40:30 AM",0.712,30.092,50.341,80.415,72314.5,1033.253,33.25,0.07,0.07,0.073,8.041,96.625,5.524,1015.359,0,5.536,5.54,NA,42
"5/27/2022 8:40:30 AM",0.839,30.089,50.348,80.421,72323.7,1033.26,33.256,0.07,0.07,0.073,8.048,96.636,5.524,721.057,0,5.537,5.54,NA,42
"5/27/2022 8:40:31 AM",0.922,30.091,50.348,80.423,72323,1033.259,33.256,0.039,0.039,0,8.054,96.544,5.519,530.322,0,5.531,5.534,NA,42
"5/27/2022 8:40:31 AM",1.014,30.09,50.347,80.422,72322.8,1033.26,33.256,0.086,0.086,0.175,8.06,96.578,5.522,506.533,0,5.534,5.537,NA,42
"5/27/2022 8:40:31 AM",1.124,30.081,50.365,80.433,72346.3,1033.277,33.273,0.07,0.07,0.087,8.068,96.605,5.523,770.674,0,5.535,5.538,NA,42
"5/27/2022 8:40:31 AM",1.177,30.078,50.373,80.441,72356.8,1033.285,33.28,0.062,0.062,0.073,8.073,96.487,5.516,718.593,0,5.528,5.532,NA,42
"5/27/2022 8:40:31 AM",1.231,30.08,50.371,80.439,72353.6,1033.283,33.277,0.055,0.055,0.058,8.078,96.631,5.524,559.208,0,5.537,5.54,NA,42
"5/27/2022 8:40:32 AM",1.266,30.079,50.371,80.439,72354.3,1033.283,33.278,0.078,0.078,0.087,8.082,96.626,5.524,626.751,0,5.537,5.54,NA,42
"5/27/2022 8:40:32 AM",1.296,30.077,50.373,80.438,72356.4,1033.285,33.28,0.078,0.078,0.029,8.085,96.704,5.529,665.153,0,5.542,5.545,NA,42
"5/27/2022 8:40:32 AM",1.311,30.075,50.374,80.437,72357.5,1033.286,33.281,0.062,0.062,0.029,8.09,96.553,5.52,749.434,0,5.533,5.536,NA,42
"5/27/2022 8:40:32 AM",1.337,30.075,50.375,80.438,72359.9,1033.288,33.282,0.062,0.062,0.029,8.092,96.589,5.523,640.77,0,5.536,5.539,NA,42
"5/27/2022 8:40:32 AM",1.402,30.074,50.379,80.443,72364.7,1033.292,33.286,0.031,0.031,0.015,8.096,96.506,5.518,547.993,0,5.531,5.534,NA,42
"5/27/2022 8:40:33 AM",1.509,30.073,50.379,80.442,72365.1,1033.292,33.286,0.078,0.078,0.116,8.099,96.619,5.525,654.194,0,5.537,5.541,NA,42
"5/27/2022 8:40:33 AM",1.65,30.074,50.379,80.442,72364.1,1033.292,33.285,0.039,0.039,0,8.103,96.676,5.528,520.041,0,5.541,5.544,NA,42
"5/27/2022 8:40:33 AM",1.918,30.071,50.38,80.44,72366.6,1033.296,33.287,0.016,0.016,0,8.108,96.493,5.518,549.438,0,5.53,5.533,NA,42
"5/27/2022 8:40:33 AM",2.087,30.072,50.39,80.455,72378.1,1033.303,33.294,0,0,0,8.111,96.573,5.521,424.716,0,5.534,5.537,NA,42
"5/27/2022 8:40:34 AM",2.273,30.075,50.392,80.462,72380.4,1033.304,33.295,0.094,0.094,0.146,8.112,96.487,5.516,622.334,0,5.528,5.531,NA,42
"5/27/2022 8:40:34 AM",2.446,30.076,50.392,80.464,72380.7,1033.305,33.294,0.055,0.055,0.087,8.114,96.554,5.52,492.344,0,5.532,5.535,NA,42
"5/27/2022 8:40:34 AM",2.636,30.075,50.397,80.469,72386.9,1033.31,33.298,0.016,0.016,0,8.114,96.589,5.521,345.533,0,5.533,5.537,NA,42
"5/27/2022 8:40:34 AM",2.911,30.08,50.414,80.5,72408.3,1033.322,33.31,0,0,0,8.116,96.514,5.517,278.669,0,5.53,5.533,NA,42
"5/27/2022 8:40:34 AM",3.076,30.08,50.414,80.501,72408.7,1033.323,33.31,0,0,0,8.118,96.544,5.518,372.89,0,5.531,5.534,NA,42
"5/27/2022 8:40:35 AM",3.246,30.08,50.415,80.502,72409.1,1033.324,33.31,0,0,0,8.12,96.625,5.523,293.538,0,5.535,5.539,NA,42
"5/27/2022 8:40:35 AM",3.401,30.08,50.416,80.504,72410.6,1033.326,33.311,0,0,0,8.121,96.596,5.521,156.667,0,5.533,5.536,NA,42
"5/27/2022 8:40:35 AM",3.648,30.081,50.414,80.503,72408.4,1033.325,33.309,0,0,0,8.123,96.705,5.527,74.765,0,5.539,5.543,NA,42
"5/27/2022 8:40:35 AM",3.804,30.081,50.417,80.508,72412.6,1033.328,33.312,0,0,0,8.124,96.556,5.519,58.962,0,5.531,5.535,NA,42
"5/27/2022 8:40:35 AM",3.947,30.081,50.423,80.514,72419.2,1033.333,33.316,0.117,0.117,0.233,8.12,96.519,5.516,58.198,0,5.529,5.532,NA,42
"5/27/2022 8:40:36 AM",4.089,30.082,50.422,80.514,72418.3,1033.333,33.315,0.187,0.187,0.349,8.118,96.624,5.521,51.316,0,5.534,5.537,NA,42
"5/27/2022 8:40:36 AM",4.226,30.082,50.425,80.519,72422.8,1033.336,33.318,0,0,0,8.119,96.633,5.522,40.186,0,5.535,5.538,NA,42
"5/27/2022 8:40:36 AM",4.428,30.079,50.424,80.514,72421.8,1033.337,33.318,0,0,0,8.122,96.587,5.519,26.083,0,5.532,5.535,NA,42
"5/27/2022 8:40:36 AM",4.572,30.078,50.428,80.518,72426.5,1033.34,33.321,0.008,0.008,0,8.124,96.511,5.515,25.063,0,5.528,5.531,NA,42
"5/27/2022 8:40:36 AM",4.706,30.079,50.429,80.52,72427.5,1033.341,33.321,0,0,0,8.124,96.508,5.515,22.684,0,5.527,5.53,NA,42
"5/27/2022 8:40:37 AM",4.857,30.081,50.425,80.517,72422.1,1033.338,33.318,0,0,0.058,8.125,96.529,5.516,19.626,0,5.529,5.532,NA,42
"5/27/2022 8:40:37 AM",5.115,30.078,50.431,80.522,72430.6,1033.345,33.323,0.094,0.094,0,8.124,96.472,5.512,18.097,0,5.525,5.528,NA,42
"5/27/2022 8:40:37 AM",5.315,30.077,50.434,80.525,72434.6,1033.349,33.326,0.429,0.429,0.189,8.123,96.51,5.515,17.502,0,5.527,5.531,NA,42
"5/27/2022 8:40:37 AM",5.516,30.077,50.441,80.534,72443.6,1033.355,33.332,0.078,0.078,0.16,8.122,96.551,5.518,17.587,0,5.53,5.533,NA,42
"5/27/2022 8:40:37 AM",5.725,30.076,50.44,80.533,72442.6,1033.355,33.331,0.164,0.164,0.029,8.121,96.496,5.513,18.266,0,5.526,5.529,NA,42
"5/27/2022 8:40:38 AM",5.937,30.075,50.443,80.536,72446.7,1033.359,33.334,0.101,0.101,0.583,8.122,96.515,5.515,19.031,0,5.527,5.53,NA,42
"5/27/2022 8:40:38 AM",6.236,30.074,50.44,80.53,72443.1,1033.358,33.332,0.125,0.125,0.466,8.124,96.44,5.511,19.796,0,5.523,5.526,NA,42
"5/27/2022 8:40:38 AM",6.436,30.072,50.44,80.527,72443.1,1033.36,33.332,0.086,0.086,0.393,8.124,96.467,5.512,20.475,0,5.525,5.528,NA,42
"5/27/2022 8:40:38 AM",6.623,30.071,50.451,80.541,72456.9,1033.369,33.341,0.148,0.148,0.16,8.124,96.535,5.516,21.24,0,5.528,5.531,NA,42
"5/27/2022 8:40:38 AM",6.816,30.072,50.452,80.543,72458.2,1033.371,33.342,0.164,0.164,0.437,8.125,96.513,5.515,21.92,0,5.527,5.531,NA,42
"5/27/2022 8:40:39 AM",7.103,30.07,50.454,80.544,72461.7,1033.374,33.344,0.164,0.164,0.291,8.125,96.436,5.51,22.854,0,5.522,5.526,NA,42
"5/27/2022 8:40:39 AM",7.301,30.069,50.454,80.543,72461.3,1033.375,33.344,0.203,0.203,0.204,8.126,96.535,5.515,23.194,0,5.528,5.531,NA,42
"5/27/2022 8:40:39 AM",7.491,30.068,50.453,80.539,72459.7,1033.375,33.343,0.203,0.203,0.029,8.127,96.481,5.513,23.619,0,5.525,5.529,NA,42
"5/27/2022 8:40:39 AM",7.692,30.066,50.428,80.502,72430,1033.358,33.326,0.133,0.133,0.175,8.127,96.471,5.513,23.874,0,5.526,5.529,NA,42
"5/27/2022 8:40:39 AM",7.891,30.064,50.427,80.498,72429.1,1033.359,33.326,0.109,0.109,0.146,8.127,96.509,5.515,24.384,0,5.528,5.531,NA,42
"5/27/2022 8:40:40 AM",8.184,30.062,50.425,80.491,72426.2,1033.359,33.325,0.101,0.101,0.291,8.128,96.505,5.515,25.063,0,5.527,5.531,NA,42
"5/27/2022 8:40:40 AM",8.386,30.061,50.428,80.495,72430.8,1033.363,33.327,0.156,0.156,0.131,8.129,96.491,5.514,25.998,0,5.526,5.53,NA,42
"5/27/2022 8:40:40 AM",8.574,30.059,50.432,80.497,72435.4,1033.367,33.331,0.133,0.133,0.131,8.128,96.462,5.513,26.762,0,5.525,5.529,NA,42
"5/27/2022 8:40:40 AM",8.77,30.059,50.433,80.499,72437.5,1033.369,33.332,0.117,0.117,0.248,8.129,96.446,5.511,27.782,0,5.524,5.527,NA,42
"5/27/2022 8:40:40 AM",9.069,30.058,50.433,80.498,72437.5,1033.371,33.332,0.101,0.101,0.175,8.127,96.528,5.516,28.971,0,5.529,5.532,NA,42
"5/27/2022 8:40:41 AM",9.257,30.057,50.435,80.499,72440,1033.373,33.334,0.117,0.117,0.146,8.127,96.574,5.519,29.991,0,5.531,5.535,NA,42
"5/27/2022 8:40:41 AM",9.457,30.057,50.434,80.498,72438.7,1033.373,33.333,0.094,0.094,0.044,8.129,96.447,5.512,31.01,0,5.524,5.528,NA,42
"5/27/2022 8:40:41 AM",9.657,30.057,50.433,80.497,72437.2,1033.373,33.332,0.101,0.101,0.16,8.129,96.495,5.515,31.35,0,5.527,5.531,NA,42
"5/27/2022 8:40:41 AM",9.855,30.057,50.433,80.496,72437.4,1033.374,33.332,0.094,0.094,0.204,8.129,96.588,5.52,31.35,0,5.532,5.536,NA,42
"5/27/2022 8:40:41 AM",10.157,30.057,50.431,80.494,72435.3,1033.374,33.331,0.109,0.109,0.218,8.13,96.45,5.512,31.435,0,5.525,5.528,NA,42
"5/27/2022 8:40:42 AM",10.355,30.057,50.431,80.495,72436.2,1033.375,33.331,0.117,0.117,0.248,8.129,96.569,5.519,31.69,0,5.531,5.534,NA,42
"5/27/2022 8:40:42 AM",10.557,30.057,50.43,80.493,72434.6,1033.375,33.33,0.086,0.086,0.204,8.129,96.558,5.518,32.88,0,5.53,5.534,NA,42
"5/27/2022 8:40:42 AM",10.759,30.057,50.43,80.494,72434.9,1033.376,33.33,0.14,0.14,0.291,8.128,96.416,5.51,35.004,0,5.523,5.526,NA,42
"5/27/2022 8:40:42 AM",11.058,30.058,50.431,80.496,72435.9,1033.378,33.331,0.101,0.101,0.16,8.127,96.447,5.512,34.494,0,5.525,5.528,NA,42
"5/27/2022 8:40:42 AM",11.257,30.057,50.43,80.494,72434.8,1033.378,33.33,0.031,0.031,0.015,8.127,96.463,5.512,32.54,0,5.525,5.528,NA,42
"5/27/2022 8:40:43 AM",11.454,30.058,50.43,80.495,72435.5,1033.379,33.33,0.008,0.008,0.044,8.129,96.506,5.515,31.35,0,5.527,5.531,NA,42
"5/27/2022 8:40:43 AM",11.659,30.057,50.43,80.494,72435,1033.38,33.33,0.016,0.016,0.029,8.128,96.529,5.516,31.605,0,5.529,5.532,NA,42
"5/27/2022 8:40:43 AM",11.862,30.058,50.43,80.495,72435.2,1033.38,33.33,0.094,0.094,0.131,8.129,96.556,5.518,34.069,0,5.531,5.534,NA,42
"5/27/2022 8:40:43 AM",12.166,30.058,50.431,80.496,72436.1,1033.382,33.33,0.109,0.109,0.087,8.129,96.64,5.523,34.409,0,5.535,5.539,NA,42
"5/27/2022 8:40:44 AM",12.38,30.058,50.427,80.491,72431.4,1033.38,33.328,0.718,0.718,1.632,8.128,96.651,5.524,42.99,0,5.536,5.54,NA,42
"5/27/2022 8:40:44 AM",12.545,30.057,50.424,80.486,72428,1033.379,33.326,1.053,1.053,2.39,8.125,96.566,5.519,82.326,0,5.531,5.535,NA,42
"5/27/2022 8:40:44 AM",12.684,30.057,50.423,80.484,72427,1033.379,33.325,0.671,0.671,1.486,8.122,96.546,5.517,141.204,0,5.53,5.533,NA,42
"5/27/2022 8:40:44 AM",12.865,30.055,50.426,80.486,72430.5,1033.382,33.327,0.218,0.218,0.437,8.121,96.572,5.519,229.393,0,5.532,5.535,NA,42
"5/27/2022 8:40:44 AM",12.971,30.056,50.427,80.489,72431.7,1033.383,33.328,0.086,0.086,0.146,8.123,96.616,5.521,220.047,0,5.533,5.537,NA,42
"5/27/2022 8:40:45 AM",13.069,30.056,50.433,80.497,72439.1,1033.388,33.332,0.031,0.031,0.029,8.125,96.554,5.518,225.569,0,5.53,5.534,NA,42
"5/27/2022 8:40:45 AM",13.18,30.057,50.434,80.499,72440.4,1033.389,33.333,0.047,0.047,0.044,8.127,96.515,5.515,246.13,0,5.528,5.531,NA,42
"5/27/2022 8:40:45 AM",13.286,30.056,50.433,80.497,72440.4,1033.39,33.333,0.055,0.055,0.058,8.129,96.588,5.52,258.534,0,5.532,5.535,NA,42
"5/27/2022 8:40:45 AM",13.359,30.056,50.434,80.499,72441.4,1033.391,33.334,0.062,0.062,0,8.131,96.476,5.513,256.92,0,5.526,5.529,NA,42
"5/27/2022 8:40:45 AM",13.35,30.056,50.434,80.499,72440.8,1033.39,33.333,0.055,0.055,0.015,8.132,96.535,5.517,233.386,0,5.529,5.533,NA,42
"5/27/2022 8:40:46 AM",13.3,30.058,50.436,80.504,72443.1,1033.391,33.334,0.047,0.047,0.044,8.131,96.54,5.517,227.014,0,5.529,5.533,NA,42
"5/27/2022 8:40:46 AM",13.223,30.058,50.435,80.503,72441.5,1033.389,33.333,0.023,0.023,0.029,8.132,96.62,5.521,247.999,0,5.534,5.537,NA,42
"5/27/2022 8:40:46 AM",13.06,30.058,50.433,80.499,72439,1033.388,33.332,0.047,0.047,0.073,8.131,96.667,5.524,248.084,0,5.537,5.54,NA,42
"5/27/2022 8:40:46 AM",12.921,30.057,50.434,80.5,72440.5,1033.388,33.333,0.047,0.047,0.087,8.131,96.607,5.521,239.078,0,5.533,5.537,NA,42
"5/27/2022 8:40:46 AM",12.759,30.056,50.437,80.503,72444.6,1033.39,33.336,0.047,0.047,0.058,8.131,96.699,5.526,240.862,0,5.538,5.542,NA,42
"5/27/2022 8:40:47 AM",12.566,30.057,50.462,80.537,72474.9,1033.408,33.354,0.055,0.055,0.044,8.131,96.592,5.519,219.452,0,5.532,5.535,NA,42
"5/27/2022 8:40:47 AM",12.377,30.057,50.475,80.556,72491.2,1033.417,33.364,0.062,0.062,0,8.132,96.598,5.519,216.224,0,5.532,5.535,NA,42
"5/27/2022 8:40:47 AM",12.179,30.057,50.473,80.554,72489.1,1033.415,33.363,0.047,0.047,0.015,8.133,96.506,5.513,261.932,0,5.526,5.529,NA,42
"5/27/2022 8:40:47 AM",12.132,30.056,50.473,80.553,72489,1033.415,33.363,0.031,0.031,0.015,8.134,96.492,5.513,282.323,0,5.526,5.529,NA,42
"5/27/2022 8:40:47 AM",12.106,30.056,50.472,80.551,72488,1033.414,33.362,0.047,0.047,0.029,8.137,96.588,5.519,284.192,0,5.531,5.534,NA,42
"5/27/2022 8:40:48 AM",12.106,30.056,50.472,80.55,72487.3,1033.414,33.362,0.055,0.055,0,8.136,96.594,5.519,293.198,0,5.531,5.535,NA,42
"5/27/2022 8:40:48 AM",12.114,30.056,50.472,80.55,72487.2,1033.414,33.362,0.062,0.062,0,8.135,96.422,5.509,278.585,0,5.522,5.525,NA,42
"5/27/2022 8:40:48 AM",12.116,30.055,50.473,80.551,72489.3,1033.415,33.363,0.055,0.055,0.044,8.136,96.455,5.511,257.599,0,5.523,5.526,NA,42
"5/27/2022 8:40:48 AM",12.087,30.055,50.472,80.55,72487.9,1033.414,33.363,0.062,0.062,0.044,8.133,96.444,5.51,263.037,0,5.523,5.526,NA,42
"5/27/2022 8:40:48 AM",12.027,30.055,50.472,80.55,72488.1,1033.414,33.363,0.047,0.047,0.058,8.135,96.45,5.511,264.396,0,5.523,5.527,NA,42
"5/27/2022 8:40:49 AM",11.961,30.055,50.473,80.55,72488.8,1033.414,33.363,0.047,0.047,0.044,8.133,96.42,5.508,259.129,0,5.521,5.524,NA,42
"5/27/2022 8:40:49 AM",11.822,30.056,50.471,80.548,72486.2,1033.412,33.362,0.039,0.039,0.029,8.135,96.597,5.519,277.48,0,5.531,5.535,NA,42
"5/27/2022 8:40:49 AM",11.69,30.056,50.472,80.55,72487.2,1033.412,33.362,0.039,0.039,0.029,8.135,96.619,5.52,291.159,0,5.532,5.536,NA,42
"5/27/2022 8:40:49 AM",11.562,30.056,50.471,80.549,72486.7,1033.411,33.362,0.047,0.047,0.044,8.135,96.511,5.515,307.641,0,5.527,5.53,NA,42
"5/27/2022 8:40:49 AM",11.454,30.055,50.47,80.546,72484.8,1033.41,33.361,0.047,0.047,0.015,8.138,96.512,5.514,322.594,0,5.527,5.53,NA,42
"5/27/2022 8:40:50 AM",11.393,30.055,50.466,80.541,72480.5,1033.407,33.358,0.047,0.047,0.015,8.137,96.577,5.518,330.835,0,5.53,5.534,NA,42
"5/27/2022 8:40:50 AM",11.306,30.055,50.464,80.538,72477.3,1033.404,33.356,0.055,0.055,0.058,8.137,96.49,5.513,336.867,0,5.525,5.529,NA,42
"5/27/2022 8:40:50 AM",11.207,30.056,50.465,80.54,72478.4,1033.405,33.357,0.039,0.039,0.044,8.137,96.602,5.519,339.926,0,5.532,5.535,NA,42
"5/27/2022 8:40:50 AM",11.087,30.055,50.465,80.539,72478.7,1033.405,33.357,0.039,0.039,0.015,8.134,96.604,5.52,327.437,0,5.532,5.535,NA,42
"5/27/2022 8:40:50 AM",10.938,30.055,50.465,80.54,72478.7,1033.404,33.357,0.039,0.039,0,8.135,96.524,5.515,339.331,0,5.527,5.531,NA,42
"5/27/2022 8:40:51 AM",10.7,30.055,50.464,80.537,72476.8,1033.402,33.356,0.055,0.055,0.044,8.134,96.524,5.515,285.721,0,5.527,5.531,NA,42
"5/27/2022 8:40:51 AM",10.573,30.056,50.463,80.537,72476.3,1033.401,33.356,0.031,0.031,0.029,8.135,96.605,5.52,285.381,0,5.532,5.536,NA,42
"5/27/2022 8:40:51 AM",10.481,30.055,50.462,80.535,72474.8,1033.4,33.355,0.047,0.047,0.015,8.134,96.529,5.515,257.344,0,5.528,5.531,NA,42
"5/27/2022 8:40:51 AM",10.397,30.056,50.462,80.535,72474.3,1033.399,33.355,0.047,0.047,0.029,8.135,96.67,5.523,251.992,0,5.536,5.539,NA,42
"5/27/2022 8:40:51 AM",10.293,30.054,50.462,80.534,72474.8,1033.399,33.355,0.055,0.055,0.058,8.134,96.521,5.515,270.343,0,5.527,5.531,NA,42
"5/27/2022 8:40:52 AM",10.11,30.056,50.46,80.533,72472.3,1033.397,33.354,0.031,0.031,0.015,8.134,96.501,5.514,299.57,0,5.526,5.529,NA,42
"5/27/2022 8:40:52 AM",9.985,30.055,50.46,80.531,72471.7,1033.396,33.354,0.031,0.031,0,8.136,96.555,5.517,316.732,0,5.529,5.533,NA,42
"5/27/2022 8:40:52 AM",9.914,30.055,50.459,80.531,72470.8,1033.395,33.353,0.047,0.047,0.029,8.135,96.572,5.518,317.581,0,5.53,5.534,NA,42
"5/27/2022 8:40:52 AM",9.896,30.055,50.459,80.53,72470.8,1033.395,33.353,0.055,0.055,0.029,8.136,96.578,5.518,306.706,0,5.53,5.534,NA,42
"5/27/2022 8:40:52 AM",9.876,30.055,50.459,80.529,72470.5,1033.395,33.353,0.031,0.031,0.029,8.134,96.533,5.515,301.694,0,5.528,5.531,NA,42
"5/27/2022 8:40:53 AM",9.857,30.055,50.459,80.53,72470.6,1033.395,33.353,0.039,0.039,0.015,8.136,96.568,5.517,294.217,0,5.53,5.533,NA,42
"5/27/2022 8:40:53 AM",9.806,30.055,50.458,80.529,72469.6,1033.394,33.352,0.055,0.055,0.058,8.135,96.553,5.517,286.741,0,5.529,5.532,NA,42
"5/27/2022 8:40:53 AM",9.707,30.055,50.459,80.529,72469.9,1033.394,33.353,0.039,0.039,0.073,8.135,96.592,5.519,285.296,0,5.532,5.535,NA,42
"5/27/2022 8:40:53 AM",9.57,30.055,50.455,80.523,72464.8,1033.39,33.35,0.031,0.031,0.058,8.134,96.556,5.517,298.465,0,5.529,5.533,NA,42
"5/27/2022 8:40:53 AM",9.408,30.055,50.453,80.521,72463.1,1033.389,33.349,0.031,0.031,0.015,8.135,96.564,5.517,303.903,0,5.53,5.533,NA,42
"5/27/2022 8:40:54 AM",9.33,30.055,50.453,80.521,72462.6,1033.388,33.348,0.031,0.031,0.015,8.135,96.559,5.517,298.38,0,5.53,5.533,NA,42
"5/27/2022 8:40:54 AM",9.253,30.055,50.451,80.518,72459.8,1033.386,33.347,0.047,0.047,0,8.134,96.595,5.52,315.032,0,5.532,5.536,NA,42
"5/27/2022 8:40:54 AM",9.142,30.054,50.452,80.519,72461.4,1033.387,33.348,0.039,0.039,0,8.135,96.485,5.513,330.41,0,5.525,5.529,NA,42
"5/27/2022 8:40:54 AM",8.996,30.054,50.453,80.519,72462.6,1033.387,33.349,0.039,0.039,0.015,8.134,96.56,5.517,340.351,0,5.53,5.533,NA,42
"5/27/2022 8:40:55 AM",8.761,30.054,50.452,80.518,72461.1,1033.385,33.348,0.039,0.039,0,8.134,96.593,5.519,344.684,0,5.532,5.535,NA,42
"5/27/2022 8:40:55 AM",8.589,30.055,50.45,80.516,72458.6,1033.383,33.346,0.047,0.047,0.015,8.134,96.576,5.518,344.599,0,5.531,5.534,NA,42
"5/27/2022 8:40:55 AM",8.398,30.055,50.449,80.515,72457.4,1033.381,33.345,0.031,0.031,0.015,8.134,96.519,5.515,338.991,0,5.527,5.531,NA,42
"5/27/2022 8:40:55 AM",8.207,30.054,50.448,80.513,72456.4,1033.38,33.345,0.031,0.031,0.015,8.133,96.502,5.514,335.508,0,5.526,5.53,NA,42
"5/27/2022 8:40:55 AM",8.019,30.055,50.446,80.511,72453.3,1033.377,33.343,0.047,0.047,0.029,8.135,96.53,5.515,307.046,0,5.528,5.531,NA,42
"5/27/2022 8:40:56 AM",7.943,30.055,50.446,80.51,72453.4,1033.377,33.343,0.039,0.039,0,8.135,96.483,5.513,311.889,0,5.525,5.529,NA,42
"5/27/2022 8:40:56 AM",7.891,30.055,50.446,80.51,72452.8,1033.376,33.343,0.023,0.023,0,8.135,96.439,5.51,351.395,0,5.522,5.525,NA,42
"5/27/2022 8:40:56 AM",7.859,30.055,50.445,80.509,72452,1033.376,33.342,0.047,0.047,0.058,8.135,96.469,5.512,337.207,0,5.524,5.528,NA,42
"5/27/2022 8:40:56 AM",7.825,30.055,50.445,80.509,72451.9,1033.375,33.342,0.055,0.055,0.073,8.135,96.51,5.514,333.469,0,5.527,5.53,NA,42
"5/27/2022 8:40:56 AM",7.753,30.055,50.447,80.512,72454.6,1033.377,33.344,0.031,0.031,0.029,8.135,96.55,5.517,331.43,0,5.529,5.532,NA,42
"5/27/2022 8:40:57 AM",7.694,30.054,50.445,80.509,72452.3,1033.375,33.343,0.047,0.047,0.015,8.133,96.544,5.516,331.6,0,5.529,5.532,NA,42
"5/27/2022 8:40:57 AM",7.647,30.055,50.444,80.508,72451.1,1033.374,33.342,0.039,0.039,0,8.134,96.533,5.516,381.641,0,5.528,5.532,NA,42
"5/27/2022 8:40:57 AM",7.614,30.055,50.444,80.508,72451.1,1033.374,33.342,0.031,0.031,0,8.133,96.489,5.513,403.986,0,5.526,5.529,NA,42
"5/27/2022 8:40:57 AM",7.658,30.055,50.445,80.509,72452,1033.375,33.342,0.07,0.07,0.044,8.133,96.449,5.511,355.219,0,5.524,5.527,NA,42
"5/27/2022 8:40:57 AM",7.736,30.055,50.444,80.509,72450.9,1033.374,33.341,0.047,0.047,0.029,8.133,96.479,5.513,342.135,0,5.525,5.528,NA,42
"5/27/2022 8:40:58 AM",7.825,30.055,50.444,80.508,72450.8,1033.375,33.341,0.031,0.031,0.015,8.134,96.485,5.512,367.283,0,5.525,5.528,NA,42
"5/27/2022 8:40:58 AM",7.908,30.055,50.445,80.51,72451.9,1033.376,33.342,0.047,0.047,0.044,8.133,96.562,5.518,359.297,0,5.53,5.533,NA,42
"5/27/2022 8:40:58 AM",7.967,30.056,50.443,80.508,72449.5,1033.374,33.34,0.07,0.07,0.058,8.134,96.523,5.515,323.189,0,5.528,5.531,NA,42
"5/27/2022 8:40:58 AM",8.004,30.056,50.443,80.509,72449.9,1033.375,33.341,0.047,0.047,0.058,8.134,96.632,5.521,321.829,0,5.534,5.537,NA,42
"5/27/2022 8:40:58 AM",8.011,30.056,50.445,80.51,72451.5,1033.376,33.342,0.047,0.047,0,8.133,96.572,5.518,385.04,0,5.531,5.534,NA,42
"5/27/2022 8:40:59 AM",8.012,30.056,50.445,80.511,72452,1033.376,33.342,0.039,0.039,0,8.133,96.485,5.513,415.286,0,5.526,5.529,NA,42
"5/27/2022 8:40:59 AM",8.023,30.055,50.445,80.511,72452.7,1033.377,33.342,0.039,0.039,0.029,8.133,96.415,5.509,434.487,0,5.521,5.524,NA,42
"5/27/2022 8:40:59 AM",8.038,30.054,50.447,80.511,72454.9,1033.378,33.344,0.039,0.039,0.044,8.134,96.347,5.505,405.175,0,5.517,5.521,NA,42
"5/27/2022 8:40:59 AM",8.063,30.054,50.447,80.512,72455.2,1033.379,33.344,0.047,0.047,0.044,8.133,96.572,5.517,304.582,0,5.529,5.533,NA,42
"5/27/2022 8:40:59 AM",8.07,30.053,50.448,80.511,72456.1,1033.379,33.345,0.039,0.039,0.029,8.133,96.592,5.519,294.557,0,5.531,5.535,NA,42
"5/27/2022 8:41:00 AM",8.068,30.053,50.448,80.512,72456.4,1033.38,33.345,0.031,0.031,0.044,8.132,96.504,5.514,339.926,0,5.526,5.53,NA,42
"5/27/2022 8:41:00 AM",8.07,30.053,50.448,80.512,72456.5,1033.38,33.345,0.039,0.039,0.015,8.132,96.464,5.512,412.652,0,5.524,5.528,NA,42
"5/27/2022 8:41:00 AM",8.061,30.053,50.449,80.513,72457.4,1033.38,33.346,0.023,0.023,0.015,8.132,96.475,5.512,503.049,0,5.524,5.528,NA,42
"5/27/2022 8:41:00 AM",8.04,30.053,50.448,80.511,72455.9,1033.379,33.345,0.047,0.047,0.058,8.131,96.516,5.514,494.553,0,5.527,5.53,NA,42
"5/27/2022 8:41:00 AM",8.019,30.054,50.448,80.512,72455.9,1033.379,33.345,0.055,0.055,0.044,8.131,96.587,5.518,504.834,0,5.531,5.534,NA,42
"5/27/2022 8:41:01 AM",7.986,30.055,50.447,80.512,72455,1033.378,33.344,0.055,0.055,0.058,8.131,96.464,5.512,435.676,0,5.524,5.528,NA,42
"5/27/2022 8:41:01 AM",7.969,30.054,50.448,80.512,72456.3,1033.379,33.345,0.039,0.039,0.044,8.13,96.585,5.518,400.248,0,5.531,5.534,NA,42
"5/27/2022 8:41:01 AM",7.943,30.053,50.447,80.51,72454.7,1033.378,33.344,0.047,0.047,0.044,8.13,96.392,5.507,402.796,0,5.519,5.523,NA,42
"5/27/2022 8:41:01 AM",7.915,30.054,50.447,80.511,72455.1,1033.378,33.344,0.031,0.031,0.029,8.131,96.585,5.519,437.97,0,5.532,5.535,NA,42
"5/27/2022 8:41:01 AM",7.887,30.054,50.449,80.513,72456.8,1033.379,33.346,0.023,0.023,0,8.131,96.489,5.513,477.052,0,5.526,5.529,NA,42
"5/27/2022 8:41:02 AM",7.861,30.054,50.447,80.511,72455.1,1033.378,33.344,0.016,0.016,0,8.132,96.55,5.517,561.927,0,5.529,5.532,NA,42
"5/27/2022 8:41:02 AM",7.84,30.054,50.447,80.511,72454.4,1033.377,33.344,0.055,0.055,0,8.13,96.444,5.511,557.339,0,5.523,5.526,NA,42
"5/27/2022 8:41:02 AM",7.799,30.054,50.449,80.514,72457,1033.379,33.345,0.039,0.039,0,8.131,96.545,5.517,536.949,0,5.529,5.532,NA,42
"5/27/2022 8:41:02 AM",7.779,30.054,50.447,80.512,72455.1,1033.377,33.344,0.07,0.07,0.015,8.132,96.465,5.511,566.939,0,5.524,5.527,NA,42
"5/27/2022 8:41:02 AM",7.792,30.054,50.448,80.512,72455.4,1033.378,33.345,0.07,0.07,0.044,8.132,96.513,5.515,466.941,0,5.527,5.531,NA,42
"5/27/2022 8:41:03 AM",7.825,30.054,50.447,80.511,72455.3,1033.378,33.345,0.062,0.062,0.029,8.131,96.483,5.513,394.13,0,5.525,5.529,NA,42
"5/27/2022 8:41:03 AM",7.877,30.054,50.448,80.513,72456.5,1033.379,33.345,0.039,0.039,0.029,8.131,96.465,5.511,406.535,0,5.524,5.527,NA,42
"5/27/2022 8:41:03 AM",7.898,30.054,50.448,80.512,72455.5,1033.378,33.345,0.031,0.031,0,8.131,96.418,5.509,420.213,0,5.521,5.525,NA,42
"5/27/2022 8:41:03 AM",7.915,30.054,50.449,80.513,72456.8,1033.379,33.345,0.039,0.039,0.015,8.131,96.53,5.515,380.537,0,5.528,5.531,NA,42
"5/27/2022 8:41:03 AM",7.932,30.055,50.447,80.512,72455,1033.378,33.344,0.039,0.039,0.029,8.131,96.4,5.509,396.594,0,5.521,5.524,NA,42
"5/27/2022 8:41:04 AM",7.945,30.054,50.448,80.513,72456.5,1033.379,33.345,0.031,0.031,0,8.131,96.419,5.508,393.536,0,5.52,5.524,NA,42
"5/27/2022 8:41:04 AM",7.936,30.054,50.45,80.514,72458.1,1033.38,33.346,0.023,0.023,0.029,8.131,96.567,5.518,512.905,0,5.53,5.533,NA,42
"5/27/2022 8:41:04 AM",7.899,30.054,50.448,80.512,72456.3,1033.379,33.345,0.031,0.031,0.029,8.131,96.465,5.511,538.478,0,5.524,5.527,NA,42
"5/27/2022 8:41:04 AM",7.847,30.055,50.448,80.513,72456.1,1033.378,33.345,0.047,0.047,0.044,8.13,96.379,5.507,596.845,0,5.519,5.522,NA,42
"5/27/2022 8:41:05 AM",7.802,30.055,50.448,80.512,72455.4,1033.378,33.344,0.062,0.062,0.073,8.129,96.499,5.514,540.177,0,5.526,5.53,NA,42
"5/27/2022 8:41:05 AM",7.741,30.054,50.447,80.512,72455.2,1033.377,33.344,0.047,0.047,0.015,8.13,96.687,5.524,474.333,0,5.537,5.54,NA,42
"5/27/2022 8:41:05 AM",7.699,30.054,50.449,80.513,72456.9,1033.378,33.346,0.039,0.039,0.044,8.131,96.431,5.51,509.931,0,5.522,5.525,NA,42
"5/27/2022 8:41:05 AM",7.644,30.054,50.448,80.512,72455.7,1033.377,33.345,0.047,0.047,0.029,8.131,96.448,5.511,568.894,0,5.523,5.526,NA,42
"5/27/2022 8:41:05 AM",7.607,30.055,50.447,80.512,72454.9,1033.377,33.344,0.062,0.062,0.044,8.131,96.581,5.518,493.619,0,5.53,5.534,NA,42
"5/27/2022 8:41:06 AM",7.588,30.054,50.447,80.511,72455.1,1033.377,33.344,0.062,0.062,0.058,8.13,96.669,5.523,389.203,0,5.535,5.539,NA,42
"5/27/2022 8:41:06 AM",7.562,30.054,50.448,80.512,72456,1033.377,33.345,0.062,0.062,0.044,8.13,96.478,5.512,346.977,0,5.524,5.528,NA,42
"5/27/2022 8:41:06 AM",7.496,30.053,50.449,80.512,72456.9,1033.378,33.346,0.023,0.023,0,8.131,96.476,5.512,349.951,0,5.524,5.528,NA,42
"5/27/2022 8:41:06 AM",7.383,30.054,50.448,80.512,72455.5,1033.376,33.345,0.031,0.031,0.073,8.13,96.465,5.511,362.95,0,5.523,5.527,NA,42
"5/27/2022 8:41:06 AM",7.234,30.054,50.449,80.514,72457.2,1033.377,33.346,0.039,0.039,0.029,8.131,96.412,5.508,332.449,0,5.521,5.524,NA,42
"5/27/2022 8:41:07 AM",7.091,30.054,50.448,80.513,72455.6,1033.375,33.345,0.031,0.031,0,8.131,96.467,5.511,359.042,0,5.524,5.527,NA,42
"5/27/2022 8:41:07 AM",6.966,30.054,50.447,80.511,72454.8,1033.374,33.344,0.008,0.008,0,8.131,96.498,5.513,501.775,0,5.526,5.529,NA,42
"5/27/2022 8:41:07 AM",7.004,30.055,50.445,80.508,72451.5,1033.372,33.342,0.016,0.016,0,8.131,96.462,5.51,493.534,0,5.523,5.526,NA,42
"5/27/2022 8:41:07 AM",7.065,30.055,50.444,80.508,72451.1,1033.372,33.342,0.023,0.023,0,8.131,96.453,5.511,577.135,0,5.523,5.527,NA,42
"5/27/2022 8:41:07 AM",7.148,30.055,50.446,80.51,72453.2,1033.374,33.343,0.078,0.078,0.131,8.131,96.491,5.513,658.951,0,5.525,5.528,NA,42
"5/27/2022 8:41:08 AM",7.128,30.054,50.447,80.511,72454.8,1033.375,33.344,0.07,0.07,0.116,8.133,96.291,5.501,495.658,0,5.513,5.516,NA,42
"5/27/2022 8:41:08 AM",7.006,30.054,50.448,80.513,72456.1,1033.375,33.345,0.062,0.062,0.058,8.133,96.505,5.513,417.41,0,5.526,5.529,NA,42
"5/27/2022 8:41:08 AM",6.853,30.055,50.446,80.51,72453.2,1033.372,33.343,0.039,0.039,0,8.133,96.461,5.511,355.898,0,5.523,5.526,NA,42
"5/27/2022 8:41:08 AM",6.707,30.055,50.446,80.51,72452.4,1033.371,33.343,0.031,0.031,0.015,8.132,96.508,5.513,350.886,0,5.526,5.529,NA,42
"5/27/2022 8:41:08 AM",6.641,30.055,50.446,80.511,72453,1033.371,33.343,0.016,0.016,0,8.131,96.503,5.513,448.505,0,5.526,5.529,NA,42
"5/27/2022 8:41:09 AM",6.613,30.055,50.445,80.509,72451.4,1033.37,33.342,0.023,0.023,0,8.132,96.485,5.512,620.889,0,5.524,5.527,NA,42
"5/27/2022 8:41:09 AM",6.594,30.054,50.444,80.507,72450.7,1033.37,33.342,0.008,0.008,0,8.131,96.517,5.514,687.923,0,5.526,5.53,NA,42
"5/27/2022 8:41:09 AM",6.511,30.055,50.443,80.507,72449.3,1033.369,33.341,0.039,0.039,0.044,8.131,96.436,5.51,646.887,0,5.522,5.525,NA,42
"5/27/2022 8:41:09 AM",6.363,30.055,50.443,80.505,72448.6,1033.368,33.341,0.062,0.062,0.116,8.132,96.491,5.512,511.8,0,5.525,5.528,NA,42
"5/27/2022 8:41:09 AM",6.109,30.055,50.444,80.507,72450.3,1033.368,33.342,0.047,0.047,0.073,8.131,96.531,5.515,482.319,0,5.527,5.531,NA,42
"5/27/2022 8:41:10 AM",5.979,30.054,50.438,80.498,72442.9,1033.363,33.337,0.023,0.023,0,8.13,96.448,5.51,413.161,0,5.522,5.525,NA,42
"5/27/2022 8:41:10 AM",5.925,30.054,50.438,80.497,72442.2,1033.362,33.337,0.016,0.016,0,8.13,96.54,5.515,429.389,0,5.528,5.531,NA,42
"5/27/2022 8:41:10 AM",5.904,30.054,50.436,80.494,72439.6,1033.361,33.336,0.023,0.023,0,8.13,96.663,5.522,547.144,0,5.535,5.538,NA,42
"5/27/2022 8:41:10 AM",5.897,30.053,50.436,80.494,72440.4,1033.361,33.336,0.008,0.008,0,8.13,96.674,5.523,706.189,0,5.536,5.539,NA,42
"5/27/2022 8:41:10 AM",5.855,30.053,50.437,80.495,72441.6,1033.362,33.337,0.07,0.07,0.131,8.129,96.371,5.506,632.189,0,5.518,5.521,NA,42
"5/27/2022 8:41:11 AM",5.747,30.054,50.437,80.495,72441.3,1033.361,33.337,0.062,0.062,0.102,8.13,96.575,5.517,619.615,0,5.529,5.533,NA,42
"5/27/2022 8:41:11 AM",5.636,30.054,50.437,80.496,72440.7,1033.36,33.336,0.055,0.055,0.058,8.13,96.469,5.512,585.971,0,5.524,5.528,NA,42
"5/27/2022 8:41:11 AM",5.549,30.055,50.435,80.494,72438.5,1033.358,33.335,0.031,0.031,0,8.128,96.477,5.512,570.253,0,5.524,5.528,NA,42
"5/27/2022 8:41:11 AM",5.56,30.054,50.433,80.49,72435.8,1033.357,33.333,0.023,0.023,0,8.129,96.383,5.507,669.232,0,5.519,5.522,NA,42
"5/27/2022 8:41:11 AM",5.624,30.054,50.431,80.488,72434.1,1033.356,33.332,0.023,0.023,0,8.129,96.481,5.512,532.616,0,5.525,5.528,NA,42
"5/27/2022 8:41:12 AM",5.692,30.054,50.433,80.491,72436.3,1033.358,33.334,0.062,0.062,0.073,8.128,96.488,5.512,454.367,0,5.524,5.528,NA,42
"5/27/2022 8:41:12 AM",5.72,30.054,50.432,80.49,72435.2,1033.357,33.333,0.062,0.062,0.087,8.128,96.471,5.512,493.024,0,5.524,5.527,NA,42
"5/27/2022 8:41:12 AM",5.709,30.054,50.433,80.489,72435.9,1033.358,33.333,0.016,0.016,0,8.13,96.48,5.512,754.532,0,5.524,5.527,NA,42
"5/27/2022 8:41:12 AM",5.678,30.054,50.434,80.491,72437.4,1033.359,33.334,0.062,0.062,0.058,8.129,96.538,5.516,417.749,0,5.528,5.532,NA,42
"5/27/2022 8:41:12 AM",5.671,30.054,50.433,80.49,72436.1,1033.358,33.333,0.047,0.047,0.044,8.129,96.535,5.515,426.84,0,5.527,5.531,NA,42
"5/27/2022 8:41:13 AM",5.678,30.054,50.432,80.489,72435.1,1033.357,33.333,0.023,0.023,0,8.128,96.506,5.514,440.349,0,5.526,5.53,NA,42
"5/27/2022 8:41:13 AM",5.699,30.054,50.433,80.49,72436.4,1033.358,33.334,0,0,0,8.129,96.448,5.51,624.797,0,5.523,5.526,NA,42
"5/27/2022 8:41:13 AM",5.739,30.053,50.432,80.487,72435.5,1033.358,33.333,0.031,0.031,0.044,8.13,96.433,5.509,682.485,0,5.522,5.525,NA,42
"5/27/2022 8:41:13 AM",5.822,30.054,50.432,80.49,72435.6,1033.358,33.333,0.062,0.062,0.087,8.129,96.585,5.518,466.007,0,5.53,5.533,NA,42
"5/27/2022 8:41:13 AM",5.883,30.054,50.433,80.491,72436.9,1033.359,33.334,0,0,0,8.13,96.517,5.514,585.036,0,5.527,5.53,NA,42
"5/27/2022 8:41:14 AM",5.93,30.054,50.433,80.49,72435.8,1033.359,33.333,0.055,0.055,0.015,8.129,96.535,5.515,497.527,0,5.527,5.531,NA,42
"5/27/2022 8:41:14 AM",5.97,30.053,50.432,80.488,72435.5,1033.359,33.333,0.023,0.023,0,8.129,96.417,5.508,462.523,0,5.521,5.524,NA,42
"5/27/2022 8:41:14 AM",5.973,30.053,50.433,80.489,72436.5,1033.359,33.334,0.047,0.047,0.029,8.129,96.502,5.514,488.011,0,5.526,5.529,NA,42
"5/27/2022 8:41:14 AM",5.949,30.054,50.432,80.489,72435.6,1033.358,33.333,0,0,0,8.129,96.398,5.507,673.225,0,5.52,5.523,NA,42
"5/27/2022 8:41:14 AM",5.942,30.053,50.433,80.489,72436.2,1033.359,33.334,0.07,0.07,0.102,8.128,96.418,5.508,972.2,0,5.521,5.524,NA,42
"5/27/2022 8:41:15 AM",5.921,30.053,50.435,80.492,72438.6,1033.36,33.335,0.062,0.062,0.087,8.129,96.452,5.511,920.119,0,5.523,5.527,NA,42
"5/27/2022 8:41:15 AM",5.899,30.053,50.434,80.491,72438.2,1033.36,33.335,0.031,0.031,0.029,8.129,96.506,5.514,649.946,0,5.526,5.529,NA,42
"5/27/2022 8:41:15 AM",5.855,30.054,50.433,80.49,72436.4,1033.359,33.334,0.039,0.039,0.058,8.129,96.541,5.516,457.426,0,5.528,5.531,NA,42
"5/27/2022 8:41:15 AM",5.822,30.053,50.433,80.489,72435.8,1033.358,33.333,0.031,0.031,0.073,8.129,96.452,5.51,436.016,0,5.523,5.526,NA,42
"5/27/2022 8:41:16 AM",5.786,30.054,50.433,80.49,72436.2,1033.358,33.334,0.016,0.016,0,8.129,96.604,5.519,480.45,0,5.531,5.535,NA,42
"5/27/2022 8:41:16 AM",5.744,30.054,50.433,80.489,72435.9,1033.358,33.333,0.016,0.016,0,8.129,96.547,5.516,520.806,0,5.528,5.532,NA,42
"5/27/2022 8:41:16 AM",5.72,30.054,50.434,80.491,72437.1,1033.359,33.334,0.023,0.023,0,8.129,96.541,5.515,523.695,0,5.527,5.531,NA,42
"5/27/2022 8:41:16 AM",5.767,30.053,50.431,80.486,72433.4,1033.357,33.332,0.023,0.023,0,8.129,96.481,5.512,504.239,0,5.525,5.528,NA,42
"5/27/2022 8:41:16 AM",5.822,30.053,50.433,80.489,72436.6,1033.359,33.334,0.055,0.055,0.058,8.129,96.508,5.513,606.786,0,5.526,5.529,NA,42
"5/27/2022 8:41:17 AM",5.862,30.054,50.433,80.49,72436.7,1033.359,33.334,0.086,0.086,0.131,8.129,96.371,5.506,553.431,0,5.518,5.521,NA,42
"5/27/2022 8:41:17 AM",5.888,30.053,50.434,80.49,72437.3,1033.359,33.334,0.047,0.047,0.058,8.128,96.454,5.511,455.642,0,5.523,5.526,NA,42
"5/27/2022 8:41:17 AM",5.878,30.053,50.434,80.491,72438.3,1033.36,33.335,0.031,0.031,0,8.128,96.588,5.518,468.471,0,5.53,5.534,NA,42
"5/27/2022 8:41:17 AM",5.753,30.054,50.432,80.489,72435,1033.357,33.333,0.016,0.016,0,8.129,96.525,5.514,504.579,0,5.527,5.53,NA,42
"5/27/2022 8:41:17 AM",5.657,30.054,50.434,80.491,72437.1,1033.358,33.334,0.047,0.047,0.044,8.129,96.555,5.516,443.407,0,5.529,5.532,NA,42
"5/27/2022 8:41:18 AM",5.556,30.053,50.433,80.489,72436.2,1033.357,33.334,0.031,0.031,0.015,8.13,96.668,5.522,445.446,0,5.535,5.538,NA,42
"5/27/2022 8:41:18 AM",5.45,30.054,50.433,80.49,72436.2,1033.357,33.334,0.016,0.016,0,8.129,96.48,5.512,538.818,0,5.524,5.527,NA,42
"5/27/2022 8:41:18 AM",5.32,30.054,50.43,80.486,72432.5,1033.354,33.331,0.016,0.016,0,8.13,96.514,5.514,651.985,0,5.527,5.53,NA,42
"5/27/2022 8:41:18 AM",5.256,30.055,50.428,80.484,72429.9,1033.352,33.33,0.008,0.008,0,8.129,96.536,5.515,867.699,0,5.528,5.531,NA,42
"5/27/2022 8:41:18 AM",5.249,30.055,50.429,80.485,72431.2,1033.353,33.33,0.062,0.062,0.058,8.128,96.452,5.51,735.67,0,5.523,5.526,NA,42
"5/27/2022 8:41:19 AM",5.236,30.055,50.43,80.486,72431.9,1033.353,33.331,0.086,0.086,0.131,8.128,96.499,5.513,488.946,0,5.525,5.528,NA,42
"5/27/2022 8:41:19 AM",5.259,30.055,50.429,80.486,72430.9,1033.352,33.33,0.078,0.078,0.131,8.128,96.534,5.515,518.342,0,5.527,5.53,NA,42
"5/27/2022 8:41:19 AM",5.309,30.055,50.429,80.486,72431.1,1033.353,33.33,0.008,0.008,0,8.129,96.533,5.514,563.286,0,5.527,5.53,NA,42
"5/27/2022 8:41:19 AM",5.358,30.055,50.429,80.486,72431.3,1033.353,33.33,0.047,0.047,0.058,8.13,96.576,5.517,720.293,0,5.53,5.533,NA,42
"5/27/2022 8:41:19 AM",5.419,30.055,50.43,80.486,72431.7,1033.354,33.331,0.031,0.031,0.058,8.13,96.597,5.518,671.865,0,5.531,5.534,NA,42
"5/27/2022 8:41:20 AM",5.478,30.054,50.43,80.486,72432,1033.354,33.331,0.086,0.086,0.087,8.129,96.5,5.513,402.457,0,5.525,5.528,NA,42
"5/27/2022 8:41:20 AM",5.495,30.054,50.429,80.485,72431.1,1033.354,33.33,0.062,0.062,0.073,8.129,96.446,5.51,379.092,0,5.522,5.526,NA,42
"5/27/2022 8:41:20 AM",5.448,30.054,50.429,80.485,72431.7,1033.354,33.331,0.016,0.016,0,8.128,96.453,5.51,462.184,0,5.522,5.525,NA,42
"5/27/2022 8:41:20 AM",5.382,30.054,50.431,80.486,72433.2,1033.355,33.332,0.047,0.047,0,8.127,96.54,5.515,610.099,0,5.527,5.531,NA,42
"5/27/2022 8:41:20 AM",5.318,30.054,50.431,80.487,72433.8,1033.355,33.332,0.039,0.039,0.044,8.127,96.409,5.508,622.928,0,5.52,5.523,NA,42
"5/27/2022 8:41:21 AM",5.308,30.055,50.429,80.486,72431.3,1033.353,33.331,0.031,0.031,0.044,8.128,96.383,5.506,612.138,0,5.519,5.522,NA,42
"5/27/2022 8:41:21 AM",5.287,30.054,50.429,80.485,72431.6,1033.353,33.331,0.031,0.031,0.015,8.128,96.507,5.513,596.761,0,5.525,5.529,NA,42
"5/27/2022 8:41:21 AM",5.243,30.054,50.429,80.486,72431.6,1033.353,33.331,0.062,0.062,0.102,8.129,96.542,5.515,537.628,0,5.528,5.531,NA,42
"5/27/2022 8:41:21 AM",5.184,30.055,50.429,80.486,72431,1033.352,33.33,0.07,0.07,0.116,8.129,96.487,5.512,424.376,0,5.524,5.528,NA,42
"5/27/2022 8:41:21 AM",5.097,30.055,50.428,80.485,72430.1,1033.351,33.33,0.023,0.023,0,8.129,96.555,5.516,368.812,0,5.528,5.532,NA,42
"5/27/2022 8:41:22 AM",4.913,30.055,50.428,80.485,72429.7,1033.35,33.329,0.023,0.023,0,8.128,96.484,5.511,714.26,0,5.524,5.527,NA,42
"5/27/2022 8:41:22 AM",4.764,30.056,50.428,80.485,72428.8,1033.349,33.329,0.008,0.008,0,8.128,96.574,5.517,732.527,0,5.529,5.533,NA,42
"5/27/2022 8:41:22 AM",4.605,30.056,50.427,80.484,72428,1033.348,33.328,0.016,0.016,0,8.128,96.476,5.511,613.498,0,5.523,5.526,NA,42
"5/27/2022 8:41:22 AM",4.446,30.057,50.429,80.488,72430,1033.348,33.329,0.039,0.039,0,8.128,96.545,5.515,553.601,0,5.527,5.531,NA,42
"5/27/2022 8:41:22 AM",4.326,30.058,50.428,80.489,72429.3,1033.347,33.329,0.047,0.047,0.058,8.128,96.421,5.507,510.101,0,5.52,5.523,NA,42
"5/27/2022 8:41:23 AM",4.108,30.059,50.427,80.488,72427.8,1033.345,33.328,0.047,0.047,0.015,8.129,96.385,5.507,556.489,0,5.519,5.523,NA,42
"5/27/2022 8:41:23 AM",3.973,30.06,50.422,80.483,72421.5,1033.34,33.324,0.086,0.086,0.131,8.128,96.523,5.514,431.513,0,5.526,5.53,NA,42
"5/27/2022 8:41:23 AM",3.87,30.06,50.421,80.482,72419.9,1033.339,33.322,0.016,0.016,0,8.13,96.392,5.506,446.466,0,5.519,5.522,NA,42
"5/27/2022 8:41:23 AM",3.828,30.062,50.422,80.485,72420.6,1033.339,33.322,0,0,0,8.128,96.46,5.51,717.149,0,5.523,5.526,NA,42
"5/27/2022 8:41:23 AM",3.865,30.063,50.421,80.484,72418.7,1033.337,33.321,0,0,0,8.128,96.47,5.51,585.546,0,5.523,5.526,NA,42
"5/27/2022 8:41:24 AM",3.981,30.063,50.421,80.486,72419.8,1033.339,33.322,0.109,0.109,0.175,8.127,96.39,5.506,840.681,0,5.518,5.521,NA,42
"5/27/2022 8:41:24 AM",4.053,30.061,50.416,80.476,72413.7,1033.336,33.318,0.109,0.109,0.189,8.129,96.47,5.51,634.738,0,5.523,5.526,NA,42
"5/27/2022 8:41:24 AM",4.096,30.061,50.418,80.478,72415.5,1033.337,33.32,0.047,0.047,0.116,8.129,96.417,5.508,461.589,0,5.52,5.523,NA,42
"5/27/2022 8:41:24 AM",4.107,30.061,50.42,80.481,72418.6,1033.339,33.321,0.062,0.062,0.16,8.13,96.51,5.513,426.84,0,5.525,5.529,NA,42
"5/27/2022 8:41:24 AM",4.07,30.062,50.42,80.483,72418.1,1033.338,33.321,0.008,0.008,0,8.129,96.523,5.513,601.263,0,5.526,5.529,NA,42
"5/27/2022 8:41:25 AM",4.049,30.062,50.417,80.479,72414.2,1033.335,33.318,0.055,0.055,0.087,8.129,96.47,5.51,510.016,0,5.523,5.526,NA,42
"5/27/2022 8:41:25 AM",4.035,30.063,50.412,80.474,72408.7,1033.332,33.315,0.055,0.055,0.073,8.128,96.306,5.502,403.391,0,5.514,5.517,NA,42
"5/27/2022 8:41:25 AM",4.011,30.062,50.413,80.472,72408.9,1033.332,33.315,0.039,0.039,0.044,8.128,96.517,5.513,465.837,0,5.526,5.529,NA,42
"5/27/2022 8:41:25 AM",3.994,30.061,50.416,80.476,72413.6,1033.335,33.318,0,0,0,8.127,96.329,5.503,619.53,0,5.515,5.518,NA,42
"5/27/2022 8:41:25 AM",3.922,30.059,50.423,80.483,72421.7,1033.34,33.324,0.008,0.008,0,8.127,96.478,5.511,625.902,0,5.524,5.527,NA,42
"5/27/2022 8:41:26 AM",3.822,30.06,50.426,80.488,72425.3,1033.342,33.326,0.07,0.07,0.073,8.127,96.554,5.515,562.267,0,5.528,5.531,NA,42
"5/27/2022 8:41:26 AM",3.653,30.062,50.422,80.485,72420.2,1033.338,33.322,0.047,0.047,0.044,8.127,96.649,5.521,465.412,0,5.533,5.537,NA,42
"5/27/2022 8:41:26 AM",3.469,30.064,50.421,80.487,72419.2,1033.336,33.321,0.016,0.016,0,8.127,96.538,5.514,566.345,0,5.527,5.53,NA,42
"5/27/2022 8:41:26 AM",3.208,30.068,50.419,80.491,72416.3,1033.332,33.318,0,0,0,8.127,96.503,5.512,721.737,0,5.524,5.528,NA,42
"5/27/2022 8:41:27 AM",3.032,30.07,50.418,80.49,72413.8,1033.329,33.316,0,0,0,8.128,96.404,5.507,869.483,0,5.519,5.522,NA,42
"5/27/2022 8:41:27 AM",2.878,30.069,50.417,80.489,72412.5,1033.328,33.316,0.016,0.016,0,8.129,96.367,5.504,855.634,0,5.517,5.52,NA,42
"5/27/2022 8:41:27 AM",2.728,30.07,50.415,80.487,72410.1,1033.326,33.314,0,0,0,8.129,96.586,5.517,726.92,0,5.529,5.532,NA,42
"5/27/2022 8:41:27 AM",2.587,30.07,50.413,80.484,72408,1033.324,33.313,0.07,0.07,0.058,8.129,96.486,5.511,793.783,0,5.523,5.527,NA,42
"5/27/2022 8:41:27 AM",2.337,30.07,50.412,80.484,72406.8,1033.322,33.312,0.039,0.039,0.058,8.129,96.445,5.508,1113.743,0,5.52,5.523,NA,42
"5/27/2022 8:41:28 AM",2.21,30.074,50.413,80.49,72407.8,1033.321,33.312,0,0,0,8.129,96.49,5.511,1005.929,0,5.523,5.526,NA,42
"5/27/2022 8:41:28 AM",2.132,30.075,50.411,80.489,72404.2,1033.318,33.309,0.109,0.109,0.16,8.13,96.48,5.511,786.647,0,5.523,5.526,NA,42
"5/27/2022 8:41:28 AM",2.115,30.075,50.411,80.488,72404.8,1033.319,33.31,0.094,0.094,0.218,8.128,96.429,5.508,582.317,0,5.52,5.524,NA,42
"5/27/2022 8:41:28 AM",2.196,30.079,50.41,80.493,72403,1033.317,33.307,0.047,0.047,0.087,8.129,96.449,5.509,450.459,0,5.521,5.524,NA,42
"5/27/2022 8:41:28 AM",2.337,30.079,50.405,80.487,72396.7,1033.313,33.303,0.016,0.016,0,8.13,96.554,5.515,512.99,0,5.527,5.53,NA,42
"5/27/2022 8:41:29 AM",2.521,30.08,50.405,80.488,72396.2,1033.313,33.303,0,0,0,8.129,96.428,5.507,458.36,0,5.519,5.523,NA,42
"5/27/2022 8:41:29 AM",2.7,30.076,50.401,80.476,72392.9,1033.313,33.302,0,0,0,8.127,96.475,5.51,368.303,0,5.522,5.525,NA,42
"5/27/2022 8:41:29 AM",2.845,30.074,50.404,80.478,72396.1,1033.316,33.304,0.133,0.133,0.218,8.126,96.415,5.507,369.832,0,5.519,5.523,NA,42
"5/27/2022 8:41:29 AM",2.944,30.072,50.406,80.478,72399.6,1033.319,33.307,0.172,0.172,0.349,8.126,96.281,5.499,476.967,0,5.511,5.515,NA,42
"5/27/2022 8:41:29 AM",2.921,30.071,50.407,80.478,72400.7,1033.32,33.308,0.078,0.078,0.073,8.126,96.52,5.513,523.61,0,5.525,5.528,NA,42
"5/27/2022 8:41:30 AM",2.803,30.071,50.408,80.478,72401.2,1033.32,33.308,0.023,0.023,0.015,8.127,96.587,5.516,537.628,0,5.529,5.532,NA,42
"5/27/2022 8:41:30 AM",2.627,30.072,50.411,80.484,72404.7,1033.321,33.31,0.016,0.016,0.029,8.127,96.529,5.513,535.589,0,5.526,5.529,NA,42
"5/27/2022 8:41:30 AM",2.288,30.075,50.408,80.484,72400.4,1033.316,33.307,0.023,0.023,0,8.127,96.451,5.508,831.76,0,5.521,5.524,NA,42
"5/27/2022 8:41:30 AM",2.082,30.078,50.41,80.492,72403.6,1033.317,33.308,0,0,0,8.127,96.498,5.511,680.786,0,5.524,5.527,NA,42
"5/27/2022 8:41:30 AM",1.887,30.08,50.409,80.493,72401.6,1033.314,33.306,0.023,0.023,0,8.127,96.438,5.508,612.733,0,5.52,5.523,NA,42
"5/27/2022 8:41:31 AM",1.668,30.081,50.407,80.492,72398.9,1033.311,33.304,0.047,0.047,0.015,8.127,96.536,5.513,533.295,0,5.526,5.529,NA,42
"5/27/2022 8:41:31 AM",1.457,30.08,50.405,80.487,72396.1,1033.309,33.303,0.039,0.039,0.058,8.128,96.56,5.515,533.89,0,5.527,5.53,NA,42
"5/27/2022 8:41:31 AM",1.169,30.081,50.401,80.482,72390.4,1033.304,33.299,0.023,0.023,0.015,8.128,96.451,5.508,631.339,0,5.521,5.524,NA,42
"5/27/2022 8:41:31 AM",1.032,30.083,50.395,80.477,72382.8,1033.299,33.294,0.023,0.023,0.015,8.129,96.623,5.518,733.122,0,5.531,5.534,NA,42
"5/27/2022 8:41:31 AM",0.948,30.084,50.389,80.471,72375.5,1033.293,33.289,0,0,0,8.129,96.565,5.515,833.545,0,5.528,5.531,NA,42
"5/27/2022 8:41:32 AM",0.903,30.085,50.387,80.47,72373.3,1033.292,33.288,0.117,0.117,0.015,8.128,96.388,5.505,838.812,0,5.517,5.52,NA,42
"5/27/2022 8:41:32 AM",0.861,30.085,50.382,80.463,72367.1,1033.288,33.284,0.047,0.047,0.044,8.129,96.48,5.51,646.377,0,5.523,5.526,NA,42
"5/27/2022 8:41:32 AM",0.837,30.085,50.385,80.467,72370,1033.289,33.286,0.055,0.055,0.044,8.128,96.541,5.514,544.255,0,5.527,5.53,NA,42
"5/27/2022 8:41:32 AM",0.823,30.086,50.381,80.461,72364.9,1033.286,33.283,0.039,0.039,0.102,8.128,96.574,5.516,532.531,0,5.528,5.531,NA,42
"5/27/2022 8:41:32 AM",0.832,30.086,50.382,80.463,72366.3,1033.287,33.283,0.016,0.016,0,8.128,96.679,5.522,554.026,0,5.534,5.537,NA,42
"5/27/2022 8:41:33 AM",0.854,30.087,50.382,80.465,72365.9,1033.286,33.283,0.086,0.086,0.131,8.129,96.471,5.51,566.77,0,5.522,5.526,NA,42
"5/27/2022 8:41:33 AM",0.867,30.088,50.378,80.461,72361.5,1033.284,33.28,0.07,0.07,0.116,8.129,96.437,5.508,507.297,0,5.52,5.524,NA,42
"5/27/2022 8:41:33 AM",0.867,30.089,50.378,80.462,72360.8,1033.283,33.279,0.039,0.039,0.044,8.129,96.495,5.511,492.769,0,5.523,5.527,NA,42
"5/27/2022 8:41:33 AM",0.87,30.089,50.377,80.461,72360.1,1033.282,33.279,0,0,0,8.129,96.488,5.51,491.495,0,5.523,5.526,NA,42
"5/27/2022 8:41:33 AM",0.887,30.089,50.375,80.459,72357.6,1033.281,33.277,0.031,0.031,0,8.13,96.618,5.518,666.513,0,5.53,5.534,NA,42
"5/27/2022 8:41:34 AM",0.887,30.089,50.376,80.459,72358.3,1033.281,33.278,0.008,0.008,0,8.128,96.486,5.511,1235.746,0,5.523,5.526,NA,42
"5/27/2022 8:41:34 AM",0.879,30.089,50.375,80.458,72357.5,1033.281,33.277,0,0,0,8.129,96.513,5.512,1202.697,0,5.525,5.528,NA,42
"5/27/2022 8:41:34 AM",0.886,30.088,50.376,80.458,72358.8,1033.282,33.278,0,0,0,8.129,96.561,5.515,1173.555,0,5.527,5.53,NA,42
"5/27/2022 8:41:34 AM",0.87,30.088,50.374,80.456,72356.2,1033.28,33.277,0,0,0,8.128,96.567,5.516,1266.842,0,5.528,5.531,NA,42
"5/27/2022 8:41:34 AM",0.731,30.089,50.356,80.432,72334.1,1033.266,33.263,0,0,0,8.13,96.6,5.518,1331.157,0,5.53,5.534,NA,42
"5/27/2022 8:41:35 AM",0.611,30.089,50.354,80.429,72330.7,1033.263,33.261,0.07,0.07,0.073,8.129,96.49,5.511,1054.526,0,5.524,5.527,NA,42
"5/27/2022 8:41:35 AM",0.491,30.089,50.355,80.43,72332,1033.264,33.262,0.031,0.031,0,8.129,96.6,5.517,1140.081,0,5.53,5.533,NA,42
"5/27/2022 8:41:35 AM",0.319,30.089,50.351,80.424,72326.8,1033.26,33.259,0.094,0.094,0.116,8.128,96.463,5.509,1108.561,0,5.522,5.525,NA,42
"5/27/2022 8:41:35 AM",0.13,30.089,50.347,80.419,72322.2,1033.256,33.256,0.016,0.016,0,8.128,96.569,5.516,1156.308,0,5.529,5.532,NA,42
"5/27/2022 8:41:36 AM",0,30.089,50.336,80.404,72309,1033.247,33.248,0,0,0,8.126,96.476,5.511,1512.122,0,5.523,5.527,NA,42
"5/27/2022 8:41:36 AM",0,30.089,50.313,80.372,72280,1033.229,33.23,0,0,0,8.126,96.535,5.515,1463.015,0,5.527,5.531,NA,42
"5/27/2022 8:41:36 AM",0,30.089,48.886,78.39,70496.9,1032.148,32.15,0,0,0,8.125,96.551,5.559,1314.165,0,5.572,5.575,NA,42
"5/27/2022 8:41:36 AM",0,30.09,50.313,80.373,72279.5,1033.228,33.23,0,0,0,8.126,96.68,5.523,1457.917,0,5.535,5.539,NA,42
"5/27/2022 8:41:36 AM",0,30.092,50.292,80.346,72252.6,1033.211,33.213,0,0,0.277,8.128,96.607,5.52,1487.144,0,5.532,5.536,NA,42
"5/27/2022 8:41:37 AM",0,30.092,50.306,80.367,72270.3,1033.222,33.224,0,0,0,8.128,96.521,5.514,1546.871,0,5.526,5.53,NA,42
"5/27/2022 8:41:37 AM",0,30.093,50.268,80.314,72222.4,1033.192,33.194,0,0,1.982,8.128,96.539,5.516,1671.592,0,5.528,5.532,NA,42
"5/27/2022 8:41:37 AM",0,30.094,6.322,12.302,11061.9,1000.329,0.331,22.326,22.326,0,8.127,97.278,7.075,1787.648,0,7.096,7.095,NA,42
"5/27/2022 8:41:37 AM",0,30.096,1.909,4.015,3609.9,997.045,0,34.386,34.386,10.352,8.127,96.568,7.196,1785.864,0,7.217,7.217,NA,42
"5/27/2022 8:41:37 AM",0,30.008,1.064,2.304,2075,996.441,0,0,0,0,8.129,95.868,7.177,1445.683,0,7.198,7.198,NA,42
"5/27/2022 8:41:38 AM",0,29.886,0.896,1.952,1762.8,996.353,0,94.584,94.584,0,8.129,97.093,7.276,1864.197,0,7.297,7.297,NA,42
"5/27/2022 8:41:38 AM",0,29.808,0.816,1.781,1611,996.316,0,60.674,60.674,11.777,8.129,96.973,7.27,1992.742,0,7.291,7.291,NA,42
"5/27/2022 8:41:38 AM",0,29.644,0.677,1.485,1347.7,996.261,0,361.424,361.424,187.44,8.129,96.334,7.229,1942.275,0,7.25,7.25,NA,42
"5/27/2022 8:41:38 AM",0,29.414,0.662,1.447,1318.9,996.319,0,128.837,128.837,0,8.127,96.163,7.217,2070.14,0,7.238,7.238,NA,42
"5/27/2022 8:41:38 AM",0,29.342,0.587,1.288,1175.6,996.284,0,0,0,0,8.127,95.986,7.207,1895.547,0,7.228,7.228,NA,42
"5/27/2022 8:41:39 AM",0,29.299,0.606,1.327,1212.6,996.311,0,0,0,0,8.129,95.853,7.196,1950.601,0,7.217,7.217,NA,42
"5/27/2022 8:41:39 AM",0,29.278,0.515,1.134,1036.2,996.249,0,0,0,0,8.128,95.954,7.208,2095.883,0,7.229,7.229,NA,42
"5/27/2022 8:41:39 AM",0,29.281,0.496,1.094,999.6,996.234,0,0,0,0,8.127,95.898,7.205,2096.818,0,7.226,7.226,NA,42
"5/27/2022 8:41:39 AM",0,29.176,0.481,1.059,970,996.254,0,0,0,0,8.125,95.8,7.199,1683.911,0,7.22,7.22,NA,42
"5/27/2022 8:41:39 AM",0,28.943,0.449,0.988,909,996.298,0,0,0,0,8.125,95.633,7.188,1896.142,0,7.209,7.209,NA,42
"5/27/2022 8:41:40 AM",0,28.755,0.43,0.943,870.7,996.339,0,0,0,0,8.124,95.596,7.187,1912.454,0,7.207,7.207,NA,42
"5/27/2022 8:41:40 AM",0,28.784,0.417,0.916,845.7,996.321,0,0,0,0,8.123,95.428,7.175,1900.305,0,7.196,7.196,NA,42
"5/27/2022 8:41:40 AM",0,28.867,0.415,0.914,842.1,996.295,0,0,0,0,8.121,95.323,7.168,1658.423,0,7.188,7.188,NA,42
"5/27/2022 8:41:40 AM",0,28.854,0.398,0.876,807.8,996.286,0,0,0,0,8.121,95.242,7.163,1877.96,0,7.183,7.183,NA,42
"5/27/2022 8:41:40 AM",0,28.831,0.388,0.854,788,996.285,0,9.08,9.08,1.778,8.121,95.174,7.158,1855.786,0,7.178,7.179,NA,42
"5/27/2022 8:41:41 AM",0,28.828,0.381,0.84,774.4,996.281,0,12.349,12.349,2.448,8.12,95.247,7.164,1694.871,0,7.185,7.185,NA,42
"5/27/2022 8:41:41 AM",0,28.824,0.368,0.812,748.5,996.272,0,10.492,10.492,0,8.118,95.227,7.163,1812.201,0,7.184,7.184,NA,42
"5/27/2022 8:41:41 AM",0,28.667,0.451,0.987,913,996.381,0,13.199,13.199,27.695,8.116,95.24,7.162,2133.946,0,7.183,7.183,NA,42
"5/27/2022 8:41:41 AM",0,29.145,0.556,1.218,1116.2,996.319,0,0,0,0,8.113,94.823,7.131,2189.595,0,7.151,7.151,NA,42
"5/27/2022 8:41:41 AM",0,29.14,0.412,0.912,835.9,996.213,0,0,0,0,8.11,95.315,7.176,2159.264,0,7.197,7.197,NA,42
"5/27/2022 8:41:42 AM",0,28.865,0.373,0.824,759.8,996.264,0,18.23,18.23,5.984,8.108,94.846,7.145,1925.368,0,7.166,7.166,NA,42
"5/27/2022 8:41:42 AM",0,28.596,0.357,0.786,728.3,996.331,0,6.303,6.303,24.038,8.105,94.737,7.141,1805.065,0,7.161,7.161,NA,42
"5/27/2022 8:41:42 AM",0,28.33,0.403,0.879,818.8,996.442,0,18.012,18.012,2.448,8.102,94.303,7.111,1556.471,0,7.132,7.132,NA,42
"5/27/2022 8:41:42 AM",0,28.172,0.376,0.819,765.4,996.467,0,2.145,2.145,0,8.1,94.154,7.104,1326.824,0,7.125,7.125,NA,42
"5/27/2022 8:41:42 AM",0,28.031,0.368,0.799,749.5,996.501,0,2.715,2.715,0,8.099,93.802,7.081,1033.881,0,7.101,7.101,NA,42
"5/27/2022 8:41:43 AM",0,27.912,0.383,0.83,779.7,996.546,0,5.539,5.539,0,8.097,93.832,7.085,1007.628,0,7.106,7.106,NA,42
"5/27/2022 8:41:43 AM",0,27.746,0.438,0.941,887.5,996.634,0,0,0,0,8.095,93.758,7.08,950.62,0,7.1,7.1,NA,42
"5/27/2022 8:41:43 AM",0,27.491,0.614,1.298,1230.9,996.839,0,0,0,0,8.094,94.042,7.097,762.943,0,7.118,7.118,NA,42
"5/27/2022 8:41:43 AM",0,27.418,2.425,4.777,4535.9,998.217,0,0,0,0,8.093,94.29,7.046,520.211,0,7.067,7.067,NA,42
"5/27/2022 8:41:43 AM",0,27.521,1.836,3.683,3489.4,997.747,0,1.03,1.03,0,8.091,94.757,7.105,373.23,0,7.126,7.126,NA,42
"5/27/2022 8:41:44 AM",0,27.677,0.763,1.604,1514.8,996.898,0,0,0,0,8.088,95.165,7.178,192.86,0,7.198,7.199,NA,42
"5/27/2022 8:41:44 AM",0,27.887,0.5,1.073,1008.7,996.641,0,0.936,0.936,0,8.087,95.294,7.197,162.954,0,7.218,7.218,NA,42
"5/27/2022 8:41:44 AM",0,27.97,0.46,0.992,931.3,996.588,0,0,0,0,8.085,95.135,7.186,202.8,0,7.206,7.206,NA,42
"5/27/2022 8:41:44 AM",0,28.071,0.733,1.555,1456.5,996.764,0,0,0,0,8.083,94.997,7.164,203.395,0,7.185,7.185,NA,42
"5/27/2022 8:41:44 AM",0,28.069,0.873,1.837,1721.2,996.869,0,0,0,0,8.083,94.903,7.152,177.227,0,7.172,7.172,NA,42
"5/27/2022 8:41:45 AM",0,28.018,1.67,3.4,3188,997.481,0,0,0,0,8.082,95.108,7.136,167.711,0,7.156,7.156,NA,42
"5/27/2022 8:41:45 AM",0,27.94,1.628,3.315,3113.7,997.472,0,0,0,0,8.079,95.13,7.139,194.984,0,7.16,7.16,NA,42
"5/27/2022 8:41:45 AM",0,27.857,1.642,3.336,3139,997.506,0,0,0,0,8.078,95.485,7.166,225.23,0,7.187,7.187,NA,42
"5/27/2022 8:41:45 AM",0,27.711,1.737,3.507,3310,997.619,0,0,0,0,8.078,79.761,5.983,307.386,0,6,6,NA,42
"5/27/2022 8:41:45 AM",0,27.626,1.079,2.229,2107.5,997.149,0,0,0,0,8.075,56.623,4.262,367.198,0,4.274,4.274,NA,42
"5/27/2022 8:41:46 AM",0,27.65,0.848,1.774,1676.3,996.97,0,0,0,0,8.071,93.836,7.071,398.548,0,7.091,7.091,NA,42
"5/27/2022 8:41:46 AM",0,27.734,0.701,1.482,1397.6,996.836,0,0,0,0,8.068,96.359,7.265,391.836,0,7.286,7.286,NA,42
"5/27/2022 8:41:46 AM",0,27.789,0.687,1.454,1369.8,996.81,0,0,0,0,8.066,97.264,7.333,387.758,0,7.354,7.354,NA,42
"5/27/2022 8:41:46 AM",0,27.729,0.676,1.429,1348.4,996.818,0,0,0,0,8.064,97.163,7.325,384.7,0,7.346,7.346,NA,42
"5/27/2022 8:41:47 AM",0,27.576,0.477,1.02,964.9,996.712,0,0,0,0,8.062,23.139,1.746,385.974,0,1.751,1.751,NA,42
"5/27/2022 8:41:47 AM",0,27.29,0.601,1.267,1206.4,996.885,0,0,0,0,8.059,9.272,0.699,394.3,0,0.701,0.701,NA,42
"5/27/2022 8:41:47 AM",0,27.296,1.582,3.186,3033.1,997.62,0,0,0,0,8.056,0,0,398.293,0,0,0,NA,42
"5/27/2022 8:41:47 AM",0,27.359,1.443,2.923,2779,997.498,0,0,0,0,8.054,0,0,406.025,0,0,0,NA,42
"5/27/2022 8:41:47 AM",0,27.248,2.212,4.366,4160.1,998.105,0,0,0,0,8.052,0,0,411.037,0,0,0,NA,42
"5/27/2022 8:41:48 AM",0,27.222,1.58,3.176,3028.4,997.639,0,0,0,0,8.049,65.646,4.931,402.711,0,4.945,4.945,NA,42
"5/27/2022 8:41:48 AM",0,27.311,2.136,4.231,4026.2,998.031,0,0,0,0,8.047,90.515,6.779,406.62,0,6.799,6.799,NA,42
"5/27/2022 8:41:48 AM",0,27.289,1.613,3.245,3089.3,997.645,0,0,0,1.53,8.045,95.291,7.158,395.32,0,7.179,7.179,NA,42
"5/27/2022 8:41:48 AM",0,27.311,1.261,2.569,2445.1,997.374,0,0,0,9.31,8.042,96.114,7.234,391.667,0,7.255,7.255,NA,42
"5/27/2022 8:41:48 AM",0,27.261,1.825,3.644,3471.6,997.812,0,0.647,0.647,4.2,8.04,96.3,7.226,389.712,0,7.247,7.247,NA,42
"5/27/2022 8:41:49 AM",0,27.199,2.093,4.141,3950,998.03,0,0.406,0.406,1.413,8.036,96.38,7.222,400.672,0,7.243,7.243,NA,42
"5/27/2022 8:41:49 AM",0,27.205,1.453,2.934,2798,997.548,0,0,0,0,8.033,96.682,7.271,423.866,0,7.292,7.292,NA,42
"5/27/2022 8:41:49 AM",0,27.134,1.126,2.301,2197.4,997.323,0,0,0,0,8.031,96.932,7.303,458.87,0,7.324,7.324,NA,42
"5/27/2022 8:41:49 AM",0,27.053,0.789,1.636,1565.5,997.092,0,0,0,0,8.026,96.953,7.319,483.084,0,7.34,7.34,NA,42
"5/27/2022 8:41:49 AM",0,26.928,0.654,1.363,1307.3,997.025,0,0,0,0.175,8.023,96.927,7.323,510.356,0,7.344,7.344,NA,42
"5/27/2022 8:41:50 AM",0,26.953,0.538,1.131,1084.5,996.931,0,2.013,2.013,5.516,8.021,96.989,7.333,510.441,0,7.354,7.354,NA,42
"5/27/2022 8:41:50 AM",0,27.058,0.51,1.077,1030.3,996.881,0,1.849,1.849,6.979,8.017,96.84,7.323,496.932,0,7.344,7.344,NA,42
"5/27/2022 8:41:50 AM",0,27.348,0.603,1.272,1209.6,996.87,0,96.901,96.901,101.687,8.124,95.956,7.253,481.724,0,7.274,7.274,NA,42
"5/27/2022 8:41:50 AM",0,28.861,2.685,5.406,4983,997.995,0,39.331,39.331,34.292,8.228,95.896,7.167,476.967,0,7.188,7.188,NA,42
"5/27/2022 8:41:50 AM",0,29.466,2.186,4.507,4103.8,997.442,0,6.529,6.529,12.703,8.332,95.925,7.187,455.981,0,7.208,7.208,NA,42
"5/27/2022 8:41:51 AM",0,29.527,2.546,5.209,4737,997.692,0,2.855,2.855,10.102,8.366,95.766,7.16,435.336,0,7.181,7.181,NA,42
"5/27/2022 8:41:51 AM",0,29.544,2.97,6.021,5473.8,998.004,0,1.732,1.732,8.518,8.395,95.746,7.141,844.929,0,7.161,7.161,NA,42
"5/27/2022 8:41:51 AM",0,29.553,2.328,4.791,4355.1,997.522,0,1.849,1.849,8.503,8.412,95.658,7.159,1034.221,0,7.179,7.179,NA,42
"5/27/2022 8:41:51 AM",0,29.556,2.825,5.746,5222.1,997.892,0,1.701,1.701,8.752,8.43,95.598,7.133,1100.235,0,7.154,7.154,NA,42
"5/27/2022 8:41:51 AM",0,29.558,2.389,4.909,4461.6,997.566,0,1.318,1.318,8.855,8.446,95.495,7.142,1192.077,0,7.162,7.162,NA,42
"5/27/2022 8:41:52 AM",0,29.56,2.388,4.908,4460.4,997.565,0,1.498,1.498,9.046,8.453,95.441,7.137,1252.908,0,7.158,7.158,NA,42
"5/27/2022 8:41:52 AM",0,29.563,2.163,4.472,4063.7,997.396,0,1.591,1.591,8.796,8.46,95.324,7.136,1289.526,0,7.157,7.157,NA,42
"5/27/2022 8:41:52 AM",0,29.563,2.187,4.518,4105.7,997.414,0,1.677,1.677,8.562,8.465,95.33,7.136,1310.426,0,7.156,7.156,NA,42
"5/27/2022 8:41:52 AM",0,29.565,2.025,4.203,3819.4,997.293,0,1.864,1.864,9.603,8.47,95.179,7.13,1325.804,0,7.151,7.151,NA,42
"5/27/2022 8:41:52 AM",0,29.566,2.79,5.681,5162.1,997.863,0,1.818,1.818,8.987,8.475,95.202,7.102,1346.025,0,7.123,7.122,NA,42
"5/27/2022 8:41:53 AM",0,29.567,1.894,3.945,3584.6,997.194,0,1.763,1.763,9.222,8.478,95.215,7.138,1357.154,0,7.158,7.158,NA,42
"5/27/2022 8:41:53 AM",0,29.568,1.982,4.119,3743.1,997.26,0,1.755,1.755,8.547,8.479,95.094,7.125,1350.952,0,7.146,7.146,NA,42
"5/27/2022 8:41:53 AM",0,29.57,2.01,4.174,3792.5,997.28,0,1.724,1.724,8.855,8.48,95.117,7.125,1337.444,0,7.146,7.146,NA,42
"5/27/2022 8:41:53 AM",0,29.575,1.973,4.101,3725.9,997.25,0,1.318,1.318,9.119,8.481,95.068,7.123,1305.923,0,7.143,7.143,NA,42
"5/27/2022 8:41:53 AM",0,29.575,2.049,4.25,3861.1,997.307,0,1.396,1.396,9.178,8.482,94.927,7.109,1280.775,0,7.129,7.129,NA,42
"5/27/2022 8:41:54 AM",0,29.575,2.083,4.317,3922.3,997.333,0,1.654,1.654,8.063,8.481,94.88,7.104,1252.823,0,7.125,7.125,NA,42
"5/27/2022 8:41:54 AM",0,29.575,1.983,4.122,3744.7,997.258,0,1.763,1.763,8.928,8.479,94.897,7.109,1225.041,0,7.13,7.13,NA,42
"5/27/2022 8:41:54 AM",0,29.574,3.867,7.711,7006.2,998.663,0,1.888,1.888,9.06,8.479,94.938,7.039,1200.403,0,7.059,7.059,NA,42
"5/27/2022 8:41:54 AM",0,29.576,2.193,4.531,4116.4,997.415,0,1.896,1.896,8.166,8.48,94.84,7.096,1171.092,0,7.117,7.117,NA,42
"5/27/2022 8:41:54 AM",0,29.576,3.111,6.292,5716.2,998.099,0,1.779,1.779,8.928,8.48,94.848,7.061,1156.818,0,7.082,7.082,NA,42
"5/27/2022 8:41:55 AM",0,29.577,3.76,7.512,6824.9,998.582,0,1.825,1.825,9.721,8.48,94.905,7.04,1144.159,0,7.061,7.06,NA,42
"5/27/2022 8:41:55 AM",0,29.578,4.155,8.247,7492.7,998.876,0,1.779,1.779,8.415,8.479,94.818,7.018,1137.872,0,7.039,7.038,NA,42
"5/27/2022 8:41:55 AM",0,29.581,2.058,4.267,3876.8,997.312,0,1.927,1.927,8.518,8.478,94.872,7.104,1141.695,0,7.124,7.124,NA,42
"5/27/2022 8:41:55 AM",0,29.583,2.613,5.343,4853.7,997.726,0,1.763,1.763,9.222,8.479,94.773,7.074,1138.552,0,7.095,7.095,NA,42
"5/27/2022 8:41:55 AM",0,29.584,1.929,4.016,3648.4,997.215,0,1.498,1.498,8.577,8.477,94.79,7.102,1147.558,0,7.123,7.123,NA,42
"5/27/2022 8:41:56 AM",0,29.587,2.009,4.172,3789.8,997.274,0,1.529,1.529,9.046,8.476,94.728,7.094,1167.693,0,7.115,7.115,NA,42
"5/27/2022 8:41:56 AM",0,29.587,2.044,4.241,3851.9,997.3,0,1.568,1.568,9.911,8.475,94.887,7.105,1191.992,0,7.125,7.125,NA,42
"5/27/2022 8:41:56 AM",0,29.587,1.917,3.993,3626.8,997.205,0,2.013,2.013,9.104,8.474,94.72,7.097,1215.186,0,7.118,7.118,NA,42
"5/27/2022 8:41:56 AM",0,29.588,1.924,4.005,3638.2,997.21,0,1.662,1.662,8.577,8.473,94.683,7.094,1218.075,0,7.115,7.115,NA,42
"5/27/2022 8:41:56 AM",0,29.586,1.922,4.002,3635.6,997.209,0,1.677,1.677,8.181,8.472,94.683,7.094,1227.42,0,7.115,7.115,NA,42
"5/27/2022 8:41:57 AM",0,29.585,1.904,3.967,3603.8,997.196,0,1.786,1.786,8.357,8.471,94.734,7.099,1237.106,0,7.119,7.119,NA,42
"5/27/2022 8:41:57 AM",0,29.586,1.922,4.003,3635.8,997.209,0,1.708,1.708,8.811,8.47,94.743,7.099,1242.373,0,7.119,7.119,NA,42
"5/27/2022 8:41:57 AM",0,29.587,1.907,3.972,3608,997.198,0,1.747,1.747,8.987,8.468,94.749,7.099,1245.857,0,7.12,7.12,NA,42
"5/27/2022 8:41:57 AM",0,29.587,1.937,4.032,3662.4,997.22,0,1.607,1.607,9.046,8.467,94.672,7.093,1238.21,0,7.113,7.113,NA,42
"5/27/2022 8:41:57 AM",0,29.588,1.909,3.976,3611.6,997.199,0,1.732,1.732,9.148,8.466,94.604,7.089,1225.211,0,7.109,7.109,NA,42
"5/27/2022 8:41:58 AM",0,29.589,1.885,3.929,3568.4,997.181,0,1.732,1.732,8.987,8.464,94.57,7.087,1200.658,0,7.108,7.107,NA,42
"5/27/2022 8:41:58 AM",0,29.592,1.885,3.93,3569.5,997.18,0,1.685,1.685,8.899,8.463,94.593,7.088,1169.222,0,7.109,7.109,NA,42
"5/27/2022 8:41:58 AM",0,29.595,1.925,4.008,3640.2,997.209,0,1.435,1.435,9.266,8.461,94.69,7.094,1119.691,0,7.114,7.114,NA,42
"5/27/2022 8:41:58 AM",0,29.592,1.894,3.948,3585.8,997.187,0,1.506,1.506,8.562,8.46,94.701,7.096,1100.15,0,7.117,7.116,NA,42
"5/27/2022 8:41:59 AM",0,29.586,1.934,4.026,3657,997.218,0,1.685,1.685,8.562,8.46,94.499,7.079,1100.15,0,7.1,7.1,NA,42
"5/27/2022 8:41:59 AM",0,29.586,2.105,4.361,3961.4,997.346,0,1.404,1.404,7.976,8.459,94.571,7.078,1089.87,0,7.098,7.098,NA,42
"5/27/2022 8:41:59 AM",0,29.582,1.913,3.985,3619.7,997.204,0,1.833,1.833,8.664,8.458,94.592,7.086,1051.637,0,7.107,7.107,NA,42
"5/27/2022 8:41:59 AM",0,29.583,2.559,5.239,4759.3,997.685,0,2.036,2.036,8.723,8.456,94.668,7.067,1019.523,0,7.087,7.087,NA,42
"5/27/2022 8:41:59 AM",0,29.585,2.086,4.322,3926.1,997.332,0,1.825,1.825,9.251,8.455,94.545,7.076,1010.942,0,7.097,7.097,NA,42
"5/27/2022 8:42:00 AM",0,29.586,1.924,4.006,3638.9,997.211,0,1.63,1.63,9.192,8.454,94.565,7.084,1022.071,0,7.104,7.104,NA,42
"5/27/2022 8:42:00 AM",0,29.588,2.108,4.367,3966.5,997.348,0,1.435,1.435,9.046,8.453,94.475,7.069,1044.756,0,7.09,7.09,NA,42
"5/27/2022 8:42:00 AM",0,29.592,1.901,3.961,3597.3,997.192,0,1.599,1.599,7.976,8.453,94.523,7.082,1108.051,0,7.102,7.102,NA,42
"5/27/2022 8:42:00 AM",0,29.593,1.904,3.967,3602.6,997.194,0,1.474,1.474,8.591,8.452,94.48,7.078,1138.212,0,7.099,7.099,NA,42
"5/27/2022 8:42:00 AM",0,29.594,1.894,3.947,3584.3,997.186,0,1.474,1.474,8.914,8.451,94.479,7.078,1146.028,0,7.099,7.099,NA,42
"5/27/2022 8:42:01 AM",0,29.596,1.887,3.933,3572.3,997.18,0,1.506,1.506,9.031,8.45,94.473,7.078,1146.028,0,7.098,7.098,NA,42
"5/27/2022 8:42:01 AM",0,29.593,1.878,3.916,3556.7,997.174,0,1.435,1.435,9.031,8.448,94.461,7.078,1196.58,0,7.098,7.098,NA,42
"5/27/2022 8:42:01 AM",0,29.595,1.875,3.91,3550.8,997.171,0,1.646,1.646,9.163,8.447,94.503,7.081,1214.761,0,7.101,7.101,NA,42
"5/27/2022 8:42:01 AM",0,29.596,1.856,3.872,3516.5,997.157,0,1.662,1.662,9.266,8.446,94.465,7.078,1211.703,0,7.099,7.099,NA,42
"5/27/2022 8:42:01 AM",0,29.596,1.851,3.864,3509,997.154,0,1.677,1.677,9.002,8.446,94.499,7.081,1203.291,0,7.102,7.102,NA,42
"5/27/2022 8:42:02 AM",0,29.599,1.836,3.833,3480.8,997.141,0,1.654,1.654,8.679,8.445,94.475,7.08,1205.246,0,7.101,7.101,NA,42
"5/27/2022 8:42:02 AM",0,29.6,1.823,3.808,3458.1,997.131,0,1.365,1.365,8.752,8.445,94.413,7.076,1216.8,0,7.096,7.096,NA,42
"5/27/2022 8:42:02 AM",0,29.601,1.835,3.831,3479.2,997.14,0,1.42,1.42,8.225,8.444,94.329,7.069,1219.859,0,7.089,7.089,NA,42
"5/27/2022 8:42:02 AM",0,29.604,1.806,3.776,3428.5,997.118,0,1.747,1.747,9.046,8.443,94.387,7.074,1222.492,0,7.095,7.095,NA,42
"5/27/2022 8:42:02 AM",0,29.604,1.791,3.745,3400.8,997.106,0,1.732,1.732,9.09,8.441,94.401,7.076,1220.368,0,7.096,7.096,NA,42
"5/27/2022 8:42:03 AM",0,29.606,1.791,3.746,3401.3,997.106,0,1.638,1.638,7.976,8.44,94.411,7.077,1212.042,0,7.097,7.097,NA,42
"5/27/2022 8:42:03 AM",0,29.607,1.733,3.631,3296.5,997.062,0,1.693,1.693,8.708,8.44,94.358,7.075,1203.546,0,7.095,7.095,NA,42
"5/27/2022 8:42:03 AM",0,29.608,1.729,3.623,3289.1,997.058,0,1.779,1.779,9.148,8.439,94.416,7.079,1193.266,0,7.1,7.1,NA,42
"5/27/2022 8:42:03 AM",0,29.609,1.732,3.629,3295.1,997.061,0,1.919,1.919,8.445,8.438,94.391,7.077,1181.627,0,7.098,7.098,NA,42
"5/27/2022 8:42:03 AM",0,29.61,1.703,3.572,3242.7,997.038,0,1.786,1.786,8.708,8.437,94.381,7.077,1174.83,0,7.098,7.098,NA,42
"5/27/2022 8:42:04 AM",0,29.611,1.705,3.576,3246.9,997.04,0,1.802,1.802,8.093,8.436,94.405,7.079,1160.387,0,7.099,7.099,NA,42
"5/27/2022 8:42:04 AM",0,29.612,1.7,3.567,3238.1,997.036,0,1.451,1.451,9.148,8.435,94.505,7.086,1147.727,0,7.107,7.107,NA,42
"5/27/2022 8:42:04 AM",0,29.613,1.68,3.525,3200.6,997.02,0,1.389,1.389,9.148,8.435,94.453,7.083,1138.297,0,7.104,7.104,NA,42
"5/27/2022 8:42:04 AM",0,29.613,1.703,3.572,3242.6,997.038,0,1.646,1.646,9.002,8.434,94.529,7.088,1131.585,0,7.109,7.109,NA,42
"5/27/2022 8:42:04 AM",0,29.614,1.674,3.515,3191.4,997.016,0,1.428,1.428,9.075,8.434,94.459,7.084,1126.318,0,7.104,7.104,NA,42
"5/27/2022 8:42:05 AM",0,29.614,1.699,3.564,3235.2,997.034,0,1.498,1.498,8.767,8.433,94.229,7.065,1127.252,0,7.086,7.086,NA,42
"5/27/2022 8:42:05 AM",0,29.615,1.742,3.65,3313.7,997.067,0,1.615,1.615,8.752,8.432,94.32,7.07,1130.905,0,7.091,7.091,NA,42
"5/27/2022 8:42:05 AM",0,29.616,1.741,3.647,3310.8,997.065,0,1.74,1.74,7.961,8.431,94.42,7.078,1140.931,0,7.098,7.098,NA,42
"5/27/2022 8:42:05 AM",0,29.617,1.72,3.606,3273.5,997.049,0,1.896,1.896,8.107,8.43,94.486,7.083,1158.517,0,7.104,7.104,NA,42
"5/27/2022 8:42:05 AM",0,29.619,1.714,3.594,3262.2,997.044,0,1.537,1.537,8.738,8.429,94.414,7.078,1170.837,0,7.098,7.098,NA,42
"5/27/2022 8:42:06 AM",0,29.619,1.64,3.448,3130.2,996.989,0,1.24,1.24,9.075,8.428,94.438,7.082,1183.666,0,7.103,7.103,NA,42
"5/27/2022 8:42:06 AM",0,29.619,1.626,3.419,3103.3,996.978,0,1.545,1.545,9.266,8.427,94.311,7.073,1188.423,0,7.094,7.094,NA,42
"5/27/2022 8:42:06 AM",0,29.62,1.619,3.406,3091.7,996.973,0,1.825,1.825,8.958,8.426,94.418,7.082,1189.953,0,7.102,7.102,NA,42
"5/27/2022 8:42:06 AM",0,29.621,1.599,3.366,3055.5,996.958,0,1.638,1.638,8.972,8.426,94.401,7.081,1180.692,0,7.102,7.102,NA,42
"5/27/2022 8:42:06 AM",0,29.621,1.592,3.352,3042.3,996.952,0,1.786,1.786,9.207,8.425,94.36,7.078,1166.164,0,7.099,7.099,NA,42
"5/27/2022 8:42:07 AM",0,29.622,1.586,3.339,3031,996.947,0,1.794,1.794,9.413,8.425,94.332,7.076,1151.891,0,7.097,7.097,NA,42
"5/27/2022 8:42:07 AM",0,29.623,1.58,3.327,3020,996.943,0,1.513,1.513,9.104,8.424,94.251,7.07,1123.344,0,7.091,7.09,NA,42
"5/27/2022 8:42:07 AM",0,29.623,1.574,3.316,3009.7,996.938,0,1.638,1.638,9.002,8.424,94.271,7.072,909.329,0,7.092,7.092,NA,42
"5/27/2022 8:42:07 AM",0,29.624,1.565,3.299,2994.4,996.931,0,1.966,1.966,9.134,8.424,94.297,7.074,597.015,0,7.095,7.095,NA,42
"5/27/2022 8:42:07 AM",0,29.625,1.56,3.289,2985,996.927,0,2.114,2.114,9.28,8.423,94.324,7.077,619.785,0,7.097,7.097,NA,42
"5/27/2022 8:42:08 AM",0,29.625,1.563,3.294,2990.2,996.929,0,2.059,2.059,8.914,8.423,94.319,7.076,921.393,0,7.096,7.096,NA,42
"5/27/2022 8:42:08 AM",0,29.626,1.552,3.272,2970,996.921,0,1.638,1.638,9.031,8.422,94.349,7.079,976.193,0,7.099,7.099,NA,42
"5/27/2022 8:42:08 AM",0,29.627,1.549,3.266,2964.4,996.918,0,1.584,1.584,9.926,8.422,94.264,7.072,639.495,0,7.093,7.093,NA,42
"5/27/2022 8:42:08 AM",0,29.627,1.569,3.307,3001.6,996.934,0,1.599,1.599,8.738,8.421,94.216,7.068,436.356,0,7.088,7.088,NA,42
"5/27/2022 8:42:09 AM",0,29.627,1.538,3.244,2944.1,996.91,0,1.373,1.373,8.533,8.42,94.381,7.082,407.724,0,7.102,7.102,NA,42
"5/27/2022 8:42:09 AM",0,29.628,1.557,3.283,2979.3,996.924,0,1.786,1.786,8.137,8.42,94.395,7.082,430.408,0,7.102,7.102,NA,42
"5/27/2022 8:42:09 AM",0,29.629,1.632,3.433,3115.3,996.98,0,1.927,1.927,8.386,8.419,94.422,7.081,488.096,0,7.101,7.101,NA,42
"5/27/2022 8:42:09 AM",0,29.631,1.53,3.229,2930.2,996.903,0,1.521,1.521,9.236,8.418,94.251,7.072,915.531,0,7.092,7.092,NA,42
"5/27/2022 8:42:09 AM",0,29.632,1.567,3.303,2997.1,996.93,0,1.802,1.802,9.295,8.417,94.153,7.063,941.699,0,7.084,7.084,NA,42
"5/27/2022 8:42:10 AM",0,29.632,1.561,3.291,2986.3,996.926,0,1.825,1.825,9.354,8.416,94.25,7.071,557.509,0,7.091,7.091,NA,42
"5/27/2022 8:42:10 AM",0,29.632,1.507,3.184,2889.6,996.886,0,1.802,1.802,9.119,8.416,94.335,7.079,528.962,0,7.099,7.099,NA,42
"5/27/2022 8:42:10 AM",0,29.633,1.515,3.2,2903.8,996.891,0,1.584,1.584,8.884,8.415,94.436,7.086,460.824,0,7.107,7.107,NA,42
"5/27/2022 8:42:10 AM",0,29.629,1.501,3.171,2877.9,996.882,0,1.63,1.63,9.354,8.415,94.342,7.08,631.424,0,7.1,7.1,NA,42
"5/27/2022 8:42:10 AM",0,29.627,1.493,3.154,2862.5,996.876,0,1.74,1.74,9.339,8.415,94.312,7.078,820.291,0,7.099,7.099,NA,42
"5/27/2022 8:42:11 AM",0,29.623,1.494,3.157,2865.2,996.879,0,1.708,1.708,8.958,8.415,94.326,7.079,662.775,0,7.099,7.099,NA,42
"5/27/2022 8:42:11 AM",0,29.613,1.476,3.12,2833,996.868,0,1.326,1.326,9.222,8.415,94.325,7.079,900.578,0,7.1,7.1,NA,42
"5/27/2022 8:42:11 AM",0,29.605,1.411,2.988,2713.5,996.822,0,0.991,0.991,8.987,8.415,94.253,7.077,809.416,0,7.097,7.097,NA,42
"5/27/2022 8:42:11 AM",0,29.602,1.357,2.88,2614.8,996.782,0,1.147,1.147,8.093,8.416,94.361,7.087,682.146,0,7.107,7.107,NA,42
"5/27/2022 8:42:11 AM",0,29.596,1.297,2.759,2505.5,996.739,0,1.069,1.069,8.415,8.415,94.221,7.079,399.313,0,7.1,7.1,NA,42
"5/27/2022 8:42:12 AM",0,29.596,1.307,2.779,2524,996.747,0,1.1,1.1,8.621,8.415,94.243,7.08,357.428,0,7.1,7.101,NA,42
"5/27/2022 8:42:12 AM",0,29.594,1.25,2.664,2419.8,996.705,0,1.045,1.045,9.163,8.415,94.3,7.087,341.37,0,7.108,7.108,NA,42
"5/27/2022 8:42:12 AM",0,29.594,1.223,2.609,2369.1,996.684,0,0.749,0.749,8.371,8.414,94.304,7.089,337.037,0,7.109,7.109,NA,42
"5/27/2022 8:42:12 AM",0,29.594,1.205,2.572,2336.2,996.671,0,0.842,0.842,8.533,8.414,94.315,7.09,341.795,0,7.11,7.11,NA,42
"5/27/2022 8:42:12 AM",0,29.599,1.205,2.574,2337.3,996.67,0,1.022,1.022,8.357,8.414,94.422,7.098,349.271,0,7.119,7.119,NA,42
"5/27/2022 8:42:13 AM",0,29.602,1.197,2.557,2322,996.663,0,0.881,0.881,8.518,8.414,94.25,7.086,348.507,0,7.106,7.106,NA,42
"5/27/2022 8:42:13 AM",0,29.601,1.173,2.509,2278.2,996.646,0,0.835,0.835,9.06,8.413,94.341,7.094,326.927,0,7.114,7.114,NA,42
"5/27/2022 8:42:13 AM",0,29.6,1.174,2.511,2280,996.646,0,0.881,0.881,8.489,8.413,94.263,7.088,337.292,0,7.108,7.108,NA,42
"5/27/2022 8:42:13 AM",0,29.601,1.172,2.506,2275.3,996.644,0,0.936,0.936,8.21,8.412,94.409,7.099,333.044,0,7.119,7.12,NA,42
"5/27/2022 8:42:13 AM",0,29.601,1.174,2.511,2280.6,996.646,0,1.045,1.045,8.107,8.412,94.352,7.095,324.888,0,7.115,7.115,NA,42
"5/27/2022 8:42:14 AM",0,29.601,1.197,2.558,2322.9,996.663,0,0.78,0.78,8.254,8.412,94.374,7.095,316.222,0,7.116,7.116,NA,42
"5/27/2022 8:42:14 AM",0,29.603,1.168,2.498,2268.1,996.641,0,0.608,0.608,8.093,8.411,94.48,7.105,304.158,0,7.125,7.125,NA,42
"5/27/2022 8:42:14 AM",0,29.603,1.174,2.51,2279.2,996.645,0,0.858,0.858,8.723,8.41,94.49,7.105,298.04,0,7.126,7.126,NA,42
"5/27/2022 8:42:14 AM",0,29.603,1.21,2.584,2346,996.672,0,0.897,0.897,8.694,8.409,94.303,7.09,295.492,0,7.11,7.11,NA,42
"5/27/2022 8:42:14 AM",0,29.603,1.164,2.49,2261,996.638,0,0.655,0.655,8.518,8.408,94.394,7.099,294.897,0,7.12,7.12,NA,42
"5/27/2022 8:42:15 AM",0,29.604,1.154,2.47,2242.9,996.63,0,0.866,0.866,8.547,8.408,94.326,7.094,293.792,0,7.115,7.115,NA,42
"5/27/2022 8:42:15 AM",0,29.605,1.16,2.482,2253.4,996.634,0,1.084,1.084,8.664,8.407,94.423,7.102,288.1,0,7.122,7.122,NA,42
"5/27/2022 8:42:15 AM",0,29.602,1.14,2.441,2216.6,996.62,0,0.991,0.991,8.782,8.406,94.359,7.098,287.335,0,7.118,7.119,NA,42
"5/27/2022 8:42:15 AM",0,29.603,1.137,2.436,2212.2,996.618,0,1.116,1.116,8.796,8.405,94.331,7.096,290.394,0,7.116,7.116,NA,42
"5/27/2022 8:42:15 AM",0,29.602,1.14,2.441,2216.1,996.62,0,0.866,0.866,8.547,8.404,94.323,7.095,292.518,0,7.116,7.116,NA,42
"5/27/2022 8:42:16 AM",0,29.604,1.131,2.423,2200.6,996.613,0,0.928,0.928,8.577,8.403,94.411,7.102,294.812,0,7.123,7.123,NA,42
"5/27/2022 8:42:16 AM",0,29.608,1.129,2.419,2196.6,996.61,0,0.881,0.881,8.767,8.402,94.434,7.104,297.87,0,7.124,7.124,NA,42
"5/27/2022 8:42:16 AM",0,29.61,1.131,2.423,2199.7,996.611,0,1.045,1.045,8.694,8.401,94.438,7.104,299.74,0,7.125,7.125,NA,42
"5/27/2022 8:42:16 AM",0,29.609,1.132,2.426,2202.5,996.612,0,0.913,0.913,8.738,8.4,94.421,7.103,300.844,0,7.124,7.124,NA,42
"5/27/2022 8:42:16 AM",0,29.609,1.126,2.414,2191.8,996.608,0,0.975,0.975,8.503,8.4,94.349,7.098,301.354,0,7.118,7.118,NA,42
"5/27/2022 8:42:17 AM",0,29.609,1.126,2.414,2191.7,996.608,0,1.186,1.186,8.635,8.399,94.31,7.095,301.694,0,7.115,7.115,NA,42
"5/27/2022 8:42:17 AM",0,29.61,1.127,2.415,2192.4,996.608,0,1.131,1.131,8.166,8.398,94.208,7.087,299.315,0,7.108,7.108,NA,42
"5/27/2022 8:42:17 AM",0,29.611,1.136,2.434,2210.1,996.615,0,0.608,0.608,8.708,8.397,94.325,7.096,295.152,0,7.116,7.116,NA,42
"5/27/2022 8:42:17 AM",0,29.614,1.131,2.424,2200.4,996.61,0,0.835,0.835,8.577,8.396,94.24,7.089,288.865,0,7.11,7.11,NA,42
"5/27/2022 8:42:17 AM",0,29.615,1.134,2.429,2205.4,996.612,0,0.897,0.897,8.547,8.395,94.243,7.09,278.075,0,7.11,7.11,NA,42
"5/27/2022 8:42:18 AM",0,29.616,1.139,2.44,2215.5,996.615,0,1.131,1.131,8.811,8.395,94.223,7.088,267.965,0,7.108,7.108,NA,42
"5/27/2022 8:42:18 AM",0,29.617,1.137,2.437,2211.8,996.614,0,0.819,0.819,8.767,8.394,94.302,7.094,266.01,0,7.115,7.115,NA,42
"5/27/2022 8:42:18 AM",0,29.618,1.138,2.438,2213.2,996.614,0,1.053,1.053,8.752,8.394,94.329,7.096,263.037,0,7.117,7.117,NA,42
"5/27/2022 8:42:18 AM",0,29.618,1.14,2.443,2217.6,996.616,0,0.936,0.936,9.031,8.393,94.208,7.087,258.704,0,7.107,7.107,NA,42
"5/27/2022 8:42:18 AM",0,29.618,1.137,2.436,2211.6,996.613,0,0.608,0.608,9.53,8.392,94.263,7.091,258.619,0,7.112,7.112,NA,42
"5/27/2022 8:42:19 AM",0,29.618,1.138,2.439,2213.9,996.614,0,0.944,0.944,8.664,8.391,94.242,7.09,259.808,0,7.111,7.111,NA,42
"5/27/2022 8:42:19 AM",0,29.618,1.139,2.44,2215,996.615,0,0.952,0.952,8.796,8.391,94.269,7.092,260.573,0,7.113,7.113,NA,42
