"Date","Depth..m.","Temp...degC.","Sal.","Cond...mS.cm.","EC25..µS.cm.","Density..kg.m3.","SigmaT","Chl.Flu...ppb.","Chl.a..µg.l.","Turb...FTU.","pH","DO....","Weiss.DO..mg.l.","Quant...µmol..m2.s..","Mark","G.G.DO..mg.l.","B.K.DO..mg.l.","X","Station"
"5/25/2022 2:27:41 PM",0,29.742,49.19,78.317,70918.5,1032.504,32.504,0.031,0.031,0.029,7.723,96.298,5.527,294.217,0,5.54,5.543,NA,22
"5/25/2022 2:27:42 PM",0,29.741,49.19,78.315,70918.1,1032.504,32.504,0.062,0.062,0.087,7.727,96.272,5.525,280.709,0,5.538,5.541,NA,22
"5/25/2022 2:27:42 PM",0,29.739,49.185,78.305,70912.2,1032.501,32.501,0.047,0.047,0.058,7.73,96.247,5.524,282.153,0,5.536,5.539,NA,22
"5/25/2022 2:27:42 PM",0,29.737,49.203,78.328,70935.3,1032.515,32.516,0.039,0.039,0.044,7.738,96.328,5.527,271.023,0,5.54,5.543,NA,22
"5/25/2022 2:27:42 PM",0,29.742,49.2,78.331,70930.7,1032.511,32.512,0.039,0.039,0.058,7.746,96.258,5.523,261.677,0,5.536,5.539,NA,22
"5/25/2022 2:27:42 PM",0,29.749,49.197,78.336,70925.7,1032.506,32.507,0.023,0.023,0.058,7.749,96.288,5.525,263.801,0,5.538,5.541,NA,22
"5/25/2022 2:27:43 PM",0,29.753,49.196,78.34,70924.2,1032.504,32.505,0.031,0.031,0.058,7.746,96.221,5.522,267.115,0,5.534,5.537,NA,22
"5/25/2022 2:27:43 PM",0,29.759,49.192,78.343,70918.1,1032.498,32.499,0.039,0.039,0.058,7.748,96.2,5.52,258.789,0,5.533,5.536,NA,22
"5/25/2022 2:27:43 PM",0,29.761,49.183,78.335,70907.3,1032.491,32.492,0.047,0.047,0.087,7.747,96.199,5.52,237.464,0,5.533,5.536,NA,22
"5/25/2022 2:27:43 PM",0,29.762,49.187,78.34,70911.8,1032.493,32.495,0.047,0.047,0.073,7.749,96.197,5.52,228.628,0,5.532,5.535,NA,22
"5/25/2022 2:27:43 PM",0,29.763,49.198,78.357,70925.3,1032.501,32.502,0.039,0.039,0.029,7.751,96.258,5.523,229.732,0,5.535,5.539,NA,22
"5/25/2022 2:27:44 PM",0,29.769,49.204,78.374,70932.3,1032.503,32.505,0.023,0.023,0.044,7.752,96.304,5.526,230.922,0,5.538,5.541,NA,22
"5/25/2022 2:27:44 PM",0,29.779,49.199,78.382,70925,1032.495,32.498,0.016,0.016,0.073,7.751,96.332,5.527,259.044,0,5.54,5.543,NA,22
"5/25/2022 2:27:44 PM",0,29.785,49.198,78.388,70922.6,1032.492,32.495,0.031,0.031,0.058,7.746,96.341,5.528,224.975,0,5.54,5.544,NA,22
"5/25/2022 2:27:44 PM",0,29.787,49.197,78.39,70921.7,1032.491,32.494,0.039,0.039,0.044,7.75,96.307,5.526,267.285,0,5.539,5.542,NA,22
"5/25/2022 2:27:45 PM",0,29.786,49.199,78.392,70923.7,1032.492,32.495,0.016,0.016,0,7.748,96.299,5.526,270.004,0,5.538,5.541,NA,22
"5/25/2022 2:27:45 PM",0,29.786,49.201,78.395,70926.3,1032.493,32.497,0.031,0.031,0.087,7.75,96.303,5.526,242.137,0,5.538,5.541,NA,22
"5/25/2022 2:27:45 PM",0,29.783,49.204,78.394,70930.2,1032.497,32.5,0.047,0.047,0.073,7.745,96.287,5.525,273.657,0,5.538,5.541,NA,22
"5/25/2022 2:27:45 PM",0,29.781,49.205,78.394,70932.4,1032.498,32.502,0.023,0.023,0.029,7.749,96.187,5.519,304.243,0,5.531,5.534,NA,22
"5/25/2022 2:27:45 PM",0,29.78,49.202,78.386,70927.8,1032.496,32.499,0.031,0.031,0,7.755,96.29,5.525,332.704,0,5.537,5.54,NA,22
"5/25/2022 2:27:46 PM",0,29.778,49.206,78.389,70933.7,1032.5,32.504,0.023,0.023,0.073,7.758,96.28,5.524,323.274,0,5.536,5.539,NA,22
"5/25/2022 2:27:46 PM",0,29.778,49.211,78.397,70939.8,1032.504,32.507,0.031,0.031,0.058,7.762,96.346,5.527,328.541,0,5.54,5.543,NA,22
"5/25/2022 2:27:46 PM",0,29.78,49.214,78.404,70942.9,1032.505,32.508,0.047,0.047,0.073,7.759,96.289,5.524,326.332,0,5.536,5.539,NA,22
"5/25/2022 2:27:46 PM",0,29.785,49.213,78.409,70941.6,1032.503,32.506,0.031,0.031,0.044,7.754,96.226,5.52,395.915,0,5.533,5.536,NA,22
"5/25/2022 2:27:46 PM",0,29.788,49.212,78.413,70940,1032.501,32.504,0.031,0.031,0.058,7.757,96.282,5.524,428.709,0,5.536,5.54,NA,22
"5/25/2022 2:27:47 PM",0,29.789,49.207,78.408,70933.7,1032.496,32.5,0.031,0.031,0.015,7.767,96.3,5.526,315.542,0,5.538,5.541,NA,22
"5/25/2022 2:27:47 PM",0,29.791,49.206,78.409,70932.4,1032.495,32.499,0.023,0.023,0.029,7.761,96.287,5.526,361.591,0,5.538,5.541,NA,22
"5/25/2022 2:27:47 PM",0,29.786,49.202,78.395,70927.1,1032.493,32.497,0,0,0,7.765,96.239,5.523,346.213,0,5.535,5.538,NA,22
"5/25/2022 2:27:47 PM",0,29.785,49.206,78.399,70932.5,1032.496,32.501,0.07,0.07,0.146,7.767,96.281,5.525,371.616,0,5.537,5.541,NA,22
"5/25/2022 2:27:47 PM",0,29.78,49.212,78.401,70941.1,1032.503,32.507,0.039,0.039,0.044,7.767,96.332,5.528,387.334,0,5.54,5.543,NA,22
"5/25/2022 2:27:48 PM",0,29.776,49.213,78.396,70942.1,1032.505,32.509,0.031,0.031,0,7.768,96.142,5.517,382.406,0,5.53,5.533,NA,22
"5/25/2022 2:27:48 PM",0,29.776,49.215,78.398,70944.5,1032.507,32.511,0.047,0.047,0.029,7.774,96.262,5.525,343.834,0,5.538,5.541,NA,22
"5/25/2022 2:27:48 PM",0,29.775,49.215,78.399,70945.7,1032.508,32.511,0.055,0.055,0.073,7.774,96.231,5.524,318.601,0,5.536,5.54,NA,22
"5/25/2022 2:27:48 PM",0,29.775,49.214,78.396,70943.6,1032.507,32.51,0.094,0.094,0.131,7.778,96.196,5.522,319.875,0,5.535,5.538,NA,22
"5/25/2022 2:27:48 PM",0,29.774,49.214,78.395,70943.5,1032.507,32.51,0.039,0.039,0.073,7.775,96.316,5.529,306.961,0,5.542,5.545,NA,22
"5/25/2022 2:27:49 PM",0,29.774,49.213,78.393,70942.8,1032.506,32.51,0.039,0.039,0.073,7.772,96.266,5.527,290.139,0,5.539,5.542,NA,22
"5/25/2022 2:27:49 PM",0,29.772,49.215,78.393,70945.4,1032.508,32.512,0.031,0.031,0.029,7.771,96.348,5.531,271.448,0,5.543,5.547,NA,22
"5/25/2022 2:27:49 PM",0,29.77,49.222,78.4,70954.1,1032.514,32.518,0.047,0.047,0.044,7.774,96.305,5.528,317.156,0,5.541,5.544,NA,22
"5/25/2022 2:27:49 PM",0,29.77,49.224,78.404,70956.9,1032.515,32.52,0.047,0.047,0.058,7.77,96.252,5.526,283.597,0,5.538,5.541,NA,22
"5/25/2022 2:27:49 PM",0,29.773,49.224,78.407,70956.3,1032.514,32.518,0.039,0.039,0.044,7.774,96.269,5.527,275.781,0,5.54,5.543,NA,22
"5/25/2022 2:27:50 PM",0,29.777,49.225,78.416,70957.6,1032.514,32.518,0.031,0.031,0.015,7.771,96.37,5.533,282.748,0,5.545,5.548,NA,22
"5/25/2022 2:27:50 PM",0,29.781,49.225,78.42,70956.9,1032.512,32.517,0.031,0.031,0.044,7.767,96.31,5.529,300.164,0,5.541,5.544,NA,22
"5/25/2022 2:27:50 PM",0,29.784,49.231,78.433,70964.6,1032.516,32.52,0.016,0.016,0.029,7.769,96.225,5.523,303.308,0,5.536,5.539,NA,22
"5/25/2022 2:27:50 PM",0,29.787,49.231,78.436,70963.4,1032.515,32.519,0.016,0.016,0.058,7.773,96.367,5.531,267.965,0,5.544,5.547,NA,22
"5/25/2022 2:27:50 PM",0,29.793,49.23,78.444,70962.5,1032.513,32.517,0.039,0.039,0.131,7.772,96.298,5.528,293.707,0,5.541,5.544,NA,22
"5/25/2022 2:27:51 PM",0,29.796,49.223,78.439,70952.7,1032.506,32.51,0.031,0.031,0.073,7.781,96.438,5.537,271.533,0,5.55,5.553,NA,22
"5/25/2022 2:27:51 PM",0,29.795,49.227,78.444,70958.4,1032.51,32.513,0.055,0.055,0.087,7.778,96.319,5.53,252.672,0,5.543,5.546,NA,22
"5/25/2022 2:27:51 PM",0,29.795,49.227,78.442,70957.8,1032.509,32.513,0.031,0.031,0.015,7.781,96.338,5.531,293.877,0,5.544,5.547,NA,22
"5/25/2022 2:27:51 PM",0,29.792,49.231,78.444,70963.6,1032.513,32.518,0.062,0.062,0.087,7.771,96.369,5.533,286.826,0,5.545,5.549,NA,22
"5/25/2022 2:27:51 PM",0,29.793,49.234,78.45,70966.5,1032.514,32.519,0.055,0.055,0.044,7.773,96.165,5.521,278.245,0,5.533,5.537,NA,22
"5/25/2022 2:27:52 PM",0,29.794,49.231,78.448,70963.3,1032.511,32.517,0.023,0.023,0.015,7.773,96.286,5.528,332.704,0,5.54,5.544,NA,22
"5/25/2022 2:27:52 PM",0,29.795,49.233,78.451,70965,1032.512,32.518,0.031,0.031,0,7.774,96.371,5.533,292.688,0,5.546,5.549,NA,22
"5/25/2022 2:27:52 PM",0,29.796,49.234,78.454,70966.5,1032.513,32.518,0.023,0.023,0.029,7.788,96.305,5.529,262.697,0,5.541,5.544,NA,22
"5/25/2022 2:27:52 PM",0,29.795,49.233,78.45,70965,1032.512,32.518,0.039,0.039,0.015,7.787,96.407,5.534,352.67,0,5.547,5.55,NA,22
"5/25/2022 2:27:52 PM",0,29.794,49.233,78.45,70965.5,1032.512,32.518,0,0,0,7.787,96.44,5.536,365.159,0,5.548,5.551,NA,22
"5/25/2022 2:27:53 PM",0,29.791,49.231,78.442,70962.6,1032.511,32.517,0.016,0.016,0,7.795,96.391,5.534,411.462,0,5.546,5.549,NA,22
"5/25/2022 2:27:53 PM",0,29.791,49.231,78.443,70963.3,1032.511,32.518,0.023,0.023,0.029,7.791,96.428,5.536,321.489,0,5.548,5.552,NA,22
"5/25/2022 2:27:53 PM",0,29.792,49.232,78.446,70964.4,1032.511,32.518,0,0,0,7.786,96.363,5.533,301.354,0,5.545,5.549,NA,22
"5/25/2022 2:27:53 PM",0,29.793,49.231,78.445,70962.3,1032.509,32.517,0.023,0.023,0.044,7.772,96.342,5.532,280.878,0,5.544,5.547,NA,22
"5/25/2022 2:27:53 PM",0,29.791,49.235,78.449,70967.7,1032.513,32.52,0.008,0.008,0.015,7.772,96.31,5.529,354.539,0,5.542,5.545,NA,22
"5/25/2022 2:27:54 PM",0,29.791,49.233,78.446,70966,1032.512,32.52,0.047,0.047,0.073,7.774,96.24,5.525,420.468,0,5.538,5.541,NA,22
"5/25/2022 2:27:54 PM",0,29.79,49.225,78.433,70955.4,1032.506,32.513,0.086,0.086,0.116,7.766,96.343,5.532,360.231,0,5.544,5.547,NA,22
"5/25/2022 2:27:54 PM",0,29.788,49.231,78.439,70963.6,1032.511,32.519,0,0,0,7.77,96.275,5.529,455.302,0,5.541,5.544,NA,22
"5/25/2022 2:27:54 PM",0,29.786,49.235,78.442,70968.8,1032.515,32.523,0,0,0,7.768,96.328,5.532,450.204,0,5.544,5.548,NA,22
"5/25/2022 2:27:54 PM",0,29.787,49.236,78.443,70969.3,1032.514,32.523,0.016,0.016,0.029,7.773,96.312,5.53,416.56,0,5.543,5.546,NA,22
"5/25/2022 2:27:55 PM",0,29.788,49.236,78.444,70968.8,1032.513,32.522,0.008,0.008,0.029,7.779,96.283,5.529,509.506,0,5.541,5.544,NA,22
"5/25/2022 2:27:55 PM",0,29.789,49.236,78.447,70969.5,1032.513,32.522,0,0,0,7.781,96.395,5.535,607.805,0,5.548,5.551,NA,22
"5/25/2022 2:27:55 PM",0,29.838,49.266,78.558,71000.9,1032.518,32.527,0,0,0,7.788,96.394,5.534,655.298,0,5.547,5.55,NA,22
"5/25/2022 2:27:55 PM",0,29.917,49.221,78.609,70935.1,1032.455,32.465,0,0,0,7.786,96.302,5.53,742.977,0,5.543,5.546,NA,22
"5/25/2022 2:27:56 PM",0,29.896,49.134,78.458,70829.3,1032.397,32.407,0.257,0.257,0.146,7.778,96.232,5.529,756.401,0,5.542,5.545,NA,22
"5/25/2022 2:27:56 PM",0,29.837,49.193,78.454,70909.4,1032.463,32.472,0.195,0.195,0.349,7.773,96.374,5.536,780.275,0,5.548,5.551,NA,22
"5/25/2022 2:27:56 PM",0,29.809,49.222,78.456,70949.2,1032.494,32.504,0,0,0,7.772,96.361,5.534,752.662,0,5.547,5.55,NA,22
"5/25/2022 2:27:56 PM",0,29.795,49.227,78.443,70957.3,1032.504,32.513,0.211,0.211,0.437,7.773,96.341,5.533,678.577,0,5.546,5.549,NA,22
"5/25/2022 2:27:56 PM",0,29.791,49.237,78.45,70970.4,1032.513,32.522,0.281,0.281,0.626,7.781,96.445,5.54,584.611,0,5.552,5.555,NA,22
"5/25/2022 2:27:57 PM",0,29.79,49.239,78.452,70972.8,1032.515,32.524,0.234,0.234,0.524,7.778,96.305,5.532,449.1,0,5.544,5.547,NA,22
"5/25/2022 2:27:57 PM",0,29.791,49.241,78.457,70975.8,1032.517,32.525,0.125,0.125,0.277,7.774,96.317,5.532,420.298,0,5.545,5.548,NA,22
"5/25/2022 2:27:57 PM",0,29.792,49.244,78.461,70978.8,1032.519,32.527,0.07,0.07,0.146,7.777,96.391,5.536,425.056,0,5.549,5.552,NA,22
"5/25/2022 2:27:57 PM",0,29.789,49.246,78.461,70982.4,1032.522,32.53,0.094,0.094,0.175,7.788,96.37,5.535,480.875,0,5.547,5.55,NA,22
"5/25/2022 2:27:57 PM",0,29.789,49.246,78.461,70981.9,1032.522,32.53,0.055,0.055,0.073,7.791,96.37,5.535,486.907,0,5.547,5.551,NA,22
"5/25/2022 2:27:58 PM",0,29.789,49.246,78.461,70982.3,1032.523,32.53,0.07,0.07,0.102,7.785,96.286,5.53,493.449,0,5.543,5.546,NA,22
"5/25/2022 2:27:58 PM",0,29.789,49.249,78.465,70985.6,1032.525,32.532,0.078,0.078,0.146,7.789,96.342,5.533,479.176,0,5.546,5.549,NA,22
"5/25/2022 2:27:58 PM",0,29.79,49.247,78.463,70983.1,1032.523,32.53,0.031,0.031,0.087,7.787,96.411,5.538,508.232,0,5.551,5.554,NA,22
"5/25/2022 2:27:58 PM",0,29.791,49.245,78.461,70980.4,1032.521,32.528,0.039,0.039,0.058,7.793,96.344,5.535,499.651,0,5.547,5.551,NA,22
"5/25/2022 2:27:58 PM",0,29.788,49.249,78.464,70986.3,1032.525,32.532,0.055,0.055,0.073,7.791,96.465,5.541,569.488,0,5.554,5.557,NA,22
"5/25/2022 2:27:59 PM",0,29.788,49.248,78.462,70985.1,1032.524,32.532,0,0,0,7.793,96.328,5.533,631.594,0,5.546,5.549,NA,22
"5/25/2022 2:27:59 PM",0,29.787,49.251,78.463,70987.9,1032.525,32.534,0.008,0.008,0.044,7.784,96.462,5.541,660.651,0,5.554,5.557,NA,22
"5/25/2022 2:27:59 PM",0,29.787,49.251,78.464,70988.2,1032.525,32.534,0,0,0,7.785,96.335,5.534,709.333,0,5.546,5.55,NA,22
"5/25/2022 2:27:59 PM",0,29.787,49.25,78.462,70986.4,1032.523,32.533,0,0,0,7.786,96.433,5.54,691.916,0,5.552,5.555,NA,22
"5/25/2022 2:27:59 PM",0,29.785,49.248,78.457,70984.7,1032.523,32.533,0,0,0,7.785,96.331,5.534,853.17,0,5.547,5.55,NA,22
"5/25/2022 2:28:00 PM",0,29.781,49.257,78.465,70996.6,1032.531,32.541,0.086,0.086,0.087,7.785,96.388,5.537,889.788,0,5.55,5.553,NA,22
"5/25/2022 2:28:00 PM",0,29.783,47.093,75.459,68274.8,1030.893,30.903,0,0,0,7.788,96.307,5.599,896.67,0,5.612,5.615,NA,22
"5/25/2022 2:28:00 PM",0,29.722,14.421,26.098,23642,1006.455,6.465,0,0,190.908,7.781,96.35,6.701,917.4,0,6.721,6.721,NA,22
"5/25/2022 2:28:00 PM",0,29.7,2.159,4.475,4055.2,997.343,0,105.466,105.466,214.17,7.778,96.374,7.169,914.512,0,7.19,7.19,NA,22
"5/25/2022 2:28:00 PM",0,29.705,5.71,11.113,10070.3,999.986,0,29.393,29.393,29.602,7.779,96.331,7.028,912.982,0,7.049,7.048,NA,22
"5/25/2022 2:28:01 PM",0,29.745,21.206,37.068,33563.9,1011.495,11.505,9.057,9.057,2.346,7.781,96.322,6.454,927.511,0,6.473,6.473,NA,22
"5/25/2022 2:28:01 PM",0,29.769,47.534,76.055,68833.7,1031.232,31.242,2.005,2.005,5.648,7.783,96.311,5.586,893.272,0,5.6,5.602,NA,22
"5/25/2022 2:28:01 PM",0,29.776,48.259,77.073,69744.9,1031.778,31.787,0.913,0.913,2.74,7.784,96.319,5.565,921.054,0,5.578,5.581,NA,22
"5/25/2022 2:28:01 PM",0,29.775,49.262,78.463,71003.2,1032.537,32.547,0.374,0.374,1.063,7.788,96.265,5.531,938.895,0,5.544,5.547,NA,22
"5/25/2022 2:28:01 PM",0,29.777,49.252,78.452,70990.4,1032.529,32.538,0.172,0.172,0.422,7.788,96.294,5.533,584.951,0,5.546,5.549,NA,22
"5/25/2022 2:28:02 PM",0,29.771,49.257,78.45,70997.9,1032.536,32.545,0.078,0.078,0.175,7.795,96.371,5.537,516.728,0,5.549,5.552,NA,22
"5/25/2022 2:28:02 PM",0,29.773,49.254,78.449,70993.5,1032.532,32.541,0.023,0.023,0.015,7.795,96.415,5.539,635.502,0,5.551,5.555,NA,22
"5/25/2022 2:28:02 PM",0,29.772,49.257,78.451,70997.5,1032.535,32.544,0.047,0.047,0.102,7.801,96.32,5.533,583.082,0,5.546,5.549,NA,22
"5/25/2022 2:28:02 PM",0,29.768,49.258,78.447,70999.1,1032.538,32.546,0.078,0.078,0.175,7.793,96.322,5.533,600.329,0,5.546,5.549,NA,22
"5/25/2022 2:28:02 PM",0,29.765,49.262,78.448,71004.8,1032.542,32.55,0.031,0.031,0.087,7.792,96.371,5.536,544.935,0,5.549,5.552,NA,22
"5/25/2022 2:28:03 PM",0,29.774,49.254,78.449,70993.2,1032.533,32.541,0.078,0.078,0.175,7.796,96.334,5.534,590.049,0,5.547,5.55,NA,22
"5/25/2022 2:28:03 PM",0,29.767,49.26,78.448,71001.5,1032.54,32.548,0.008,0.008,0,7.797,96.374,5.537,540.517,0,5.549,5.553,NA,22
"5/25/2022 2:28:03 PM",0,29.771,49.267,78.464,71011.1,1032.545,32.552,0.062,0.062,0.087,7.802,96.3,5.532,604.407,0,5.545,5.548,NA,22
"5/25/2022 2:28:03 PM",0,29.774,49.255,78.451,70995.3,1032.535,32.542,0.094,0.094,0.204,7.828,96.408,5.539,628.111,0,5.551,5.555,NA,22
"5/25/2022 2:28:03 PM",0,29.77,49.264,78.458,71006.2,1032.542,32.55,0.055,0.055,0.073,7.812,96.487,5.544,611.034,0,5.556,5.559,NA,22
"5/25/2022 2:28:04 PM",0,29.767,49.269,78.462,71013.8,1032.548,32.555,0.016,0.016,0.015,7.801,96.379,5.537,512.14,0,5.55,5.553,NA,22
"5/25/2022 2:28:04 PM",0,29.767,49.267,78.459,71011.1,1032.546,32.554,0.023,0.023,0.058,7.809,96.51,5.545,595.146,0,5.557,5.561,NA,22
"5/25/2022 2:28:04 PM",0,29.768,49.262,78.453,71004.5,1032.542,32.549,0.031,0.031,0.058,7.807,96.381,5.538,531.341,0,5.55,5.553,NA,22
"5/25/2022 2:28:04 PM",0,29.768,49.263,78.454,71005.3,1032.542,32.55,0.078,0.078,0.131,7.804,96.404,5.539,505.003,0,5.551,5.555,NA,22
"5/25/2022 2:28:04 PM",0,29.766,49.269,78.46,71013.9,1032.548,32.556,0.016,0.016,0.029,7.812,96.356,5.536,571.103,0,5.549,5.552,NA,22
"5/25/2022 2:28:05 PM",0,29.765,49.273,78.464,71018.5,1032.551,32.559,0.055,0.055,0.058,7.802,96.388,5.538,538.053,0,5.55,5.553,NA,22
"5/25/2022 2:28:05 PM",0,29.767,49.276,78.47,71021.8,1032.553,32.56,0.023,0.023,0.073,7.803,96.484,5.544,517.917,0,5.557,5.56,NA,22
"5/25/2022 2:28:05 PM",0,29.769,49.277,78.474,71023,1032.553,32.56,0.008,0.008,0,7.803,96.433,5.541,633.973,0,5.554,5.557,NA,22
"5/25/2022 2:28:05 PM",0,29.77,49.28,78.48,71026.8,1032.556,32.562,0.031,0.031,0.015,7.802,96.499,5.545,530.407,0,5.558,5.561,NA,22
"5/25/2022 2:28:05 PM",0,29.768,49.283,78.481,71030.4,1032.558,32.565,0.07,0.07,0.102,7.807,96.373,5.538,620.04,0,5.55,5.553,NA,22
"5/25/2022 2:28:06 PM",0,29.77,49.284,78.485,71031.4,1032.558,32.565,0.031,0.031,0.015,7.806,96.458,5.543,570.083,0,5.555,5.559,NA,22
"5/25/2022 2:28:06 PM",0,29.771,49.285,78.489,71033.2,1032.559,32.566,0.055,0.055,0.087,7.813,96.553,5.548,509.931,0,5.561,5.564,NA,22
"5/25/2022 2:28:06 PM",0,29.772,49.279,78.483,71025.7,1032.554,32.561,0.047,0.047,0.073,7.828,96.367,5.537,490.645,0,5.55,5.553,NA,22
"5/25/2022 2:28:06 PM",0,29.772,49.282,78.486,71029.2,1032.556,32.563,0.016,0.016,0,7.836,96.368,5.537,510.526,0,5.55,5.553,NA,22
"5/25/2022 2:28:07 PM",0,29.771,49.283,78.487,71030.8,1032.557,32.564,0.07,0.07,0.116,7.839,96.369,5.537,543.915,0,5.55,5.553,NA,22
"5/25/2022 2:28:07 PM",0,29.769,49.284,78.485,71031.9,1032.559,32.565,0.016,0.016,0,7.836,96.358,5.536,529.557,0,5.549,5.552,NA,22
"5/25/2022 2:28:07 PM",0,29.767,49.284,78.482,71032.5,1032.56,32.566,0.023,0.023,0.029,7.843,96.36,5.536,588.01,0,5.549,5.552,NA,22
"5/25/2022 2:28:07 PM",0,29.764,49.288,78.483,71038.2,1032.564,32.571,0.07,0.07,0.16,7.847,96.425,5.54,436.101,0,5.552,5.556,NA,22
"5/25/2022 2:28:07 PM",0,29.763,49.296,78.492,71047.4,1032.57,32.577,0.062,0.062,0.087,7.849,96.358,5.536,519.362,0,5.549,5.552,NA,22
"5/25/2022 2:28:08 PM",0,29.768,49.296,78.5,71047.4,1032.568,32.575,0.039,0.039,0.073,7.847,96.394,5.538,500.586,0,5.551,5.554,NA,22
"5/25/2022 2:28:08 PM",0,29.771,49.295,78.503,71045.5,1032.566,32.573,0.023,0.023,0,7.848,96.502,5.544,481.894,0,5.557,5.56,NA,22
"5/25/2022 2:28:08 PM",0,29.774,49.294,78.505,71043.7,1032.564,32.571,0.062,0.062,0.087,7.838,96.386,5.538,495.743,0,5.55,5.554,NA,22
"5/25/2022 2:28:08 PM",0,29.774,49.294,78.506,71044.1,1032.564,32.571,0.023,0.023,0,7.843,96.518,5.545,550.117,0,5.557,5.561,NA,22
"5/25/2022 2:28:08 PM",0,29.775,49.293,78.507,71043,1032.563,32.57,0.039,0.039,0.058,7.846,96.495,5.543,658.102,0,5.556,5.559,NA,22
"5/25/2022 2:28:09 PM",0,29.776,49.293,78.506,71041.8,1032.562,32.57,0,0,0,7.852,96.412,5.539,588.859,0,5.551,5.555,NA,22
"5/25/2022 2:28:09 PM",0,29.775,49.292,78.505,71041.2,1032.562,32.569,0,0,0,7.847,96.331,5.534,546.974,0,5.547,5.55,NA,22
"5/25/2022 2:28:09 PM",0,29.773,49.296,78.507,71046.6,1032.566,32.573,0.062,0.062,0.102,7.839,96.365,5.536,652.749,0,5.549,5.552,NA,22
"5/25/2022 2:28:09 PM",0,29.771,49.305,78.516,71058.2,1032.574,32.581,0.031,0.031,0.058,7.821,96.443,5.54,609.25,0,5.553,5.556,NA,22
"5/25/2022 2:28:09 PM",0,29.773,49.307,78.522,71060,1032.574,32.582,0.008,0.008,0,7.831,96.423,5.54,598.12,0,5.553,5.556,NA,22
"5/25/2022 2:28:10 PM",0,29.776,49.294,78.51,71044,1032.563,32.571,0.023,0.023,0.044,7.84,96.253,5.531,724.456,0,5.544,5.547,NA,22
"5/25/2022 2:28:10 PM",0,29.778,49.294,78.512,71043.8,1032.562,32.57,0,0,0,7.843,96.322,5.535,636.692,0,5.547,5.551,NA,22
"5/25/2022 2:28:10 PM",0,29.78,49.299,78.521,71048.8,1032.565,32.573,0.031,0.031,0.073,7.837,96.435,5.541,619.02,0,5.554,5.557,NA,22
"5/25/2022 2:28:10 PM",0,29.784,49.299,78.525,71048.4,1032.564,32.571,0.055,0.055,0.087,7.836,96.363,5.537,507.212,0,5.55,5.553,NA,22
"5/25/2022 2:28:10 PM",0,29.782,49.295,78.519,71044.8,1032.563,32.57,0.039,0.039,0.073,7.832,96.464,5.543,478.751,0,5.556,5.559,NA,22
"5/25/2022 2:28:11 PM",0,29.773,49.295,78.506,71045.5,1032.567,32.573,0.047,0.047,0.102,7.835,96.477,5.544,481.385,0,5.557,5.56,NA,22
"5/25/2022 2:28:11 PM",0,29.77,49.302,78.511,71054.3,1032.574,32.579,0.016,0.016,0,7.847,96.358,5.537,415.625,0,5.55,5.553,NA,22
"5/25/2022 2:28:11 PM",0,29.768,49.311,78.521,71066.4,1032.583,32.586,0.008,0.008,0,7.845,96.431,5.542,268.389,0,5.555,5.558,NA,22
"5/25/2022 2:28:11 PM",0,29.776,49.312,78.534,71066.1,1032.581,32.584,0,0,0,7.845,96.519,5.547,209.682,0,5.559,5.563,NA,22
"5/25/2022 2:28:11 PM",0,29.783,49.31,78.541,71063.7,1032.578,32.581,0.016,0.016,0,7.84,96.44,5.543,191.84,0,5.555,5.559,NA,22
"5/25/2022 2:28:12 PM",0,29.784,49.314,78.548,71067.7,1032.581,32.583,0.101,0.101,0.204,7.85,96.544,5.548,174.848,0,5.561,5.564,NA,22
"5/25/2022 2:28:12 PM",0,29.782,49.302,78.528,71053.7,1032.574,32.575,0.078,0.078,0.116,7.853,96.49,5.546,174.678,0,5.558,5.561,NA,22
"5/25/2022 2:28:12 PM",0,29.723,49.307,78.452,71067.4,1032.599,32.6,0,0,0,7.854,96.456,5.544,129.819,0,5.557,5.56,NA,22
"5/25/2022 2:28:12 PM",0.113,29.709,49.333,78.467,71101.5,1032.625,32.624,0,0,0,7.856,96.294,5.535,84.365,0,5.548,5.551,NA,22
"5/25/2022 2:28:12 PM",0.26,29.71,49.335,78.473,71104.1,1032.626,32.625,0,0,0,7.852,96.296,5.536,50.721,0,5.548,5.551,NA,22
"5/25/2022 2:28:13 PM",0.402,29.711,49.338,78.477,71107.7,1032.629,32.627,0,0,0,7.854,96.375,5.541,31.18,0,5.554,5.557,NA,22
"5/25/2022 2:28:13 PM",0.623,29.705,49.343,78.475,71114.1,1032.636,32.633,0.562,0.562,2.332,7.852,96.419,5.545,31.095,0,5.557,5.56,NA,22
"5/25/2022 2:28:13 PM",0.767,29.698,49.345,78.468,71118.4,1032.641,32.637,0.14,0.14,1.136,7.848,96.488,5.549,33.474,0,5.562,5.565,NA,22
"5/25/2022 2:28:13 PM",0.914,29.671,49.355,78.443,71133.1,1032.658,32.654,0.476,0.476,1.122,7.846,96.307,5.539,33.389,0,5.552,5.555,NA,22
"5/25/2022 2:28:13 PM",1.058,29.655,49.363,78.431,71145.3,1032.67,32.666,0.133,0.133,0.131,7.841,96.269,5.538,32.71,0,5.551,5.554,NA,22
"5/25/2022 2:28:14 PM",1.249,29.625,49.341,78.358,71121.3,1032.665,32.66,0,0,0,7.842,96.389,5.548,25.913,0,5.56,5.564,NA,22
"5/25/2022 2:28:14 PM",1.378,29.623,49.322,78.329,71098.2,1032.652,32.646,0,0,0,7.858,96.303,5.545,22.005,0,5.557,5.561,NA,22
"5/25/2022 2:28:14 PM",1.541,29.612,49.328,78.322,71106.8,1032.661,32.654,0,0,0.102,7.856,96.228,5.541,20.73,0,5.554,5.557,NA,22
"5/25/2022 2:28:14 PM",1.688,29.597,49.332,78.306,71114.3,1032.67,32.663,0,0,0,7.856,96.285,5.545,17.757,0,5.558,5.561,NA,22
"5/25/2022 2:28:14 PM",1.882,29.585,49.326,78.28,71107.7,1032.671,32.663,0.273,0.273,0,7.849,96.197,5.54,16.227,0,5.553,5.556,NA,22
"5/25/2022 2:28:15 PM",2.147,29.562,49.326,78.248,71111.1,1032.68,32.671,0.382,0.382,0.379,7.861,96.118,5.537,19.371,0,5.549,5.553,NA,22
"5/25/2022 2:28:15 PM",2.298,29.546,49.333,78.236,71122,1032.692,32.682,0.195,0.195,0.262,7.852,96.174,5.541,20.9,0,5.554,5.557,NA,22
"5/25/2022 2:28:15 PM",2.462,29.534,49.333,78.218,71123.9,1032.697,32.686,0,0,0,7.838,96.127,5.539,19.541,0,5.552,5.555,NA,22
"5/25/2022 2:28:15 PM",2.627,29.522,49.336,78.205,71128.9,1032.704,32.693,0.257,0.257,0.16,7.832,96.192,5.543,20.475,0,5.556,5.559,NA,22
"5/25/2022 2:28:15 PM",2.789,29.51,49.345,78.199,71140.9,1032.715,32.704,0.312,0.312,0.146,7.832,96.228,5.546,21.58,0,5.559,5.562,NA,22
"5/25/2022 2:28:16 PM",3.016,29.496,49.344,78.178,71142,1032.721,32.708,0,0,0,7.836,96.171,5.544,18.351,0,5.556,5.56,NA,22
"5/25/2022 2:28:16 PM",3.189,29.485,49.344,78.162,71143.3,1032.725,32.712,0.047,0.047,0,7.838,96.126,5.541,16.142,0,5.554,5.557,NA,22
"5/25/2022 2:28:16 PM",3.366,29.474,49.337,78.138,71135.6,1032.724,32.71,0.047,0.047,0,7.853,96.039,5.538,14.953,0,5.55,5.554,NA,22
"5/25/2022 2:28:16 PM",3.549,29.463,49.325,78.107,71122.9,1032.72,32.705,0,0,0.553,7.849,96.192,5.547,14.273,0,5.56,5.563,NA,22
"5/25/2022 2:28:16 PM",3.837,29.445,49.349,78.112,71154.3,1032.746,32.729,0,0,2.303,7.851,96.016,5.538,14.188,0,5.551,5.554,NA,22
"5/25/2022 2:28:17 PM",4.02,29.438,49.364,78.123,71174.5,1032.761,32.744,0,0,1.792,7.841,96.095,5.543,14.528,0,5.555,5.559,NA,22
"5/25/2022 2:28:17 PM",4.204,29.429,49.355,78.098,71163.9,1032.757,32.74,0.133,0.133,0.408,7.836,96.068,5.542,15.208,0,5.555,5.558,NA,22
"5/25/2022 2:28:17 PM",4.378,29.41,49.359,78.078,71172.3,1032.768,32.75,0,0,0.786,7.838,95.976,5.537,16.652,0,5.55,5.553,NA,22
"5/25/2022 2:28:17 PM",4.545,29.393,49.372,78.071,71190.4,1032.785,32.766,0.226,0.226,1.34,7.832,96.101,5.545,18.946,0,5.558,5.562,NA,22
"5/25/2022 2:28:18 PM",4.768,29.373,49.384,78.058,71207.4,1032.802,32.781,1.888,1.888,4.478,7.838,95.857,5.532,26.678,0,5.545,5.548,NA,22
"5/25/2022 2:28:18 PM",4.909,29.363,49.375,78.033,71198,1032.799,32.778,1.389,1.389,3.251,7.834,95.939,5.539,45.454,0,5.551,5.555,NA,22
"5/25/2022 2:28:18 PM",5.055,29.359,49.365,78.013,71186.4,1032.794,32.772,0.476,0.476,1.063,7.846,95.97,5.541,75.19,0,5.554,5.557,NA,22
"5/25/2022 2:28:18 PM",5.217,29.357,49.365,78.011,71186.7,1032.795,32.773,0.133,0.133,0.277,7.84,96.008,5.544,78.928,0,5.557,5.56,NA,22
"5/25/2022 2:28:18 PM",5.458,29.354,49.366,78.008,71188.4,1032.798,32.775,0,0,0,7.845,96.034,5.546,52.335,0,5.559,5.562,NA,22
"5/25/2022 2:28:19 PM",5.615,29.354,49.366,78.008,71188.7,1032.799,32.775,0.172,0.172,0.335,7.849,95.999,5.545,53.355,0,5.558,5.561,NA,22
"5/25/2022 2:28:19 PM",5.735,29.353,49.368,78.009,71191,1032.801,32.777,0.211,0.211,0.408,7.843,96.148,5.554,97.619,0,5.567,5.57,NA,22
"5/25/2022 2:28:19 PM",5.844,29.353,49.37,78.011,71193.4,1032.803,32.778,0.133,0.133,0.204,7.844,96.165,5.555,147.661,0,5.568,5.571,NA,22
"5/25/2022 2:28:19 PM",6.003,29.352,49.367,78.005,71189.8,1032.802,32.776,0.062,0.062,0.102,7.845,96.135,5.553,175.528,0,5.566,5.569,NA,22
"5/25/2022 2:28:19 PM",6.321,29.352,49.368,78.007,71191.6,1032.804,32.777,0.031,0.031,0.029,7.84,96.112,5.552,169.835,0,5.565,5.568,NA,22
"5/25/2022 2:28:20 PM",6.512,29.351,49.371,78.01,71195.2,1032.807,32.78,0.023,0.023,0,7.852,96.127,5.553,151.314,0,5.566,5.569,NA,22
"5/25/2022 2:28:20 PM",6.695,29.35,49.373,78.011,71197.9,1032.81,32.782,0.016,0.016,0,7.852,96.162,5.556,137.551,0,5.568,5.572,NA,22
"5/25/2022 2:28:20 PM",6.865,29.35,49.372,78.01,71197,1032.81,32.781,0,0,0,7.848,96.225,5.559,121.918,0,5.572,5.575,NA,22
"5/25/2022 2:28:20 PM",7.11,29.351,49.375,78.015,71200.5,1032.813,32.783,0,0,0,7.863,96.083,5.552,95.92,0,5.565,5.568,NA,22
"5/25/2022 2:28:20 PM",7.269,29.351,49.378,78.02,71204.3,1032.816,32.785,0,0,0,7.86,96.064,5.55,73.745,0,5.563,5.567,NA,22
"5/25/2022 2:28:21 PM",7.418,29.351,49.379,78.022,71205.6,1032.817,32.786,0,0,0,7.857,96.146,5.555,46.898,0,5.568,5.572,NA,22
"5/25/2022 2:28:21 PM",7.564,29.353,49.378,78.023,71204.3,1032.817,32.784,0,0,0,7.853,96.083,5.552,31.605,0,5.565,5.568,NA,22
"5/25/2022 2:28:21 PM",7.726,29.354,49.378,78.025,71204.2,1032.817,32.784,0,0,0,7.849,96.004,5.547,23.619,0,5.56,5.564,NA,22
"5/25/2022 2:28:21 PM",7.994,29.355,49.377,78.025,71203.2,1032.817,32.783,0,0,0,7.861,96.145,5.556,18.606,0,5.569,5.572,NA,22
"5/25/2022 2:28:21 PM",8.183,29.354,49.378,78.025,71204.1,1032.818,32.784,0,0,0,7.866,96.16,5.556,18.861,0,5.569,5.572,NA,22
"5/25/2022 2:28:22 PM",8.352,29.353,49.38,78.027,71207.5,1032.821,32.786,0.218,0.218,0.481,7.868,96.175,5.557,22.514,0,5.57,5.574,NA,22
"5/25/2022 2:28:22 PM",8.509,29.352,49.383,78.03,71211.4,1032.825,32.789,1.217,1.217,2.813,7.869,96.124,5.554,30.926,0,5.567,5.57,NA,22
"5/25/2022 2:28:22 PM",8.651,29.351,49.384,78.029,71212.6,1032.826,32.79,1.084,1.084,2.536,7.871,96.133,5.554,57.008,0,5.567,5.571,NA,22
"5/25/2022 2:28:22 PM",8.862,29.346,49.392,78.033,71223,1032.835,32.797,0.32,0.32,0.714,7.875,96.131,5.555,103.312,0,5.568,5.571,NA,22
"5/25/2022 2:28:22 PM",9.015,29.345,49.394,78.035,71226.5,1032.838,32.8,0.133,0.133,0.306,7.876,96.182,5.558,122.598,0,5.571,5.574,NA,22
"5/25/2022 2:28:23 PM",9.168,29.344,49.396,78.036,71228.2,1032.84,32.801,0.078,0.078,0.116,7.874,96.017,5.548,133.388,0,5.561,5.564,NA,22
"5/25/2022 2:28:23 PM",9.303,29.344,49.397,78.036,71229.8,1032.841,32.802,0.078,0.078,0.131,7.873,96.051,5.55,156.412,0,5.563,5.567,NA,22
"5/25/2022 2:28:23 PM",9.517,29.343,49.4,78.04,71234,1032.845,32.804,0.078,0.078,0.102,7.869,96.118,5.554,199.487,0,5.567,5.57,NA,22
"5/25/2022 2:28:23 PM",9.677,29.343,49.401,78.042,71236,1032.847,32.806,0.062,0.062,0.073,7.875,96.063,5.552,200.081,0,5.564,5.568,NA,22
"5/25/2022 2:28:23 PM",9.818,29.343,49.402,78.043,71237.1,1032.848,32.806,0.055,0.055,0.073,7.881,96.046,5.551,191.33,0,5.563,5.567,NA,22
"5/25/2022 2:28:24 PM",9.94,29.342,49.403,78.043,71237.6,1032.849,32.807,0.055,0.055,0.073,7.881,95.949,5.545,186.912,0,5.558,5.561,NA,22
"5/25/2022 2:28:24 PM",9.987,29.342,49.404,78.045,71239.6,1032.85,32.808,0.039,0.039,0.044,7.874,96.095,5.553,177.822,0,5.566,5.569,NA,22
"5/25/2022 2:28:24 PM",9.976,29.343,49.404,78.046,71238.7,1032.849,32.807,0.039,0.039,0.044,7.865,96.12,5.554,172.639,0,5.567,5.571,NA,22
"5/25/2022 2:28:24 PM",9.949,29.344,49.405,78.048,71239.9,1032.85,32.808,0.031,0.031,0.015,7.86,96.127,5.555,175.613,0,5.568,5.571,NA,22
"5/25/2022 2:28:24 PM",9.912,29.345,49.403,78.047,71237.5,1032.848,32.806,0.039,0.039,0,7.852,96.124,5.555,183.429,0,5.567,5.571,NA,22
"5/25/2022 2:28:25 PM",9.869,29.345,49.403,78.048,71237.7,1032.848,32.806,0.031,0.031,0.044,7.863,96.091,5.553,186.148,0,5.566,5.569,NA,22
"5/25/2022 2:28:25 PM",9.789,29.346,49.404,78.05,71238.8,1032.848,32.806,0.039,0.039,0.029,7.869,96.118,5.554,178.501,0,5.567,5.57,NA,22
"5/25/2022 2:28:25 PM",9.717,29.346,49.408,78.055,71244,1032.851,32.81,0.047,0.047,0.044,7.88,96.051,5.55,173.064,0,5.563,5.567,NA,22
"5/25/2022 2:28:25 PM",9.637,29.346,49.407,78.055,71242.4,1032.85,32.809,0.047,0.047,0.058,7.884,96.095,5.553,174.168,0,5.565,5.569,NA,22
"5/25/2022 2:28:25 PM",9.53,29.346,49.409,78.057,71245.3,1032.851,32.81,0.039,0.039,0.044,7.886,96.218,5.56,173.319,0,5.573,5.576,NA,22
"5/25/2022 2:28:26 PM",9.417,29.346,49.412,78.061,71248.4,1032.852,32.812,0.031,0.031,0.044,7.893,96.175,5.557,171.025,0,5.57,5.573,NA,22
"5/25/2022 2:28:26 PM",9.279,29.346,49.41,78.059,71246.5,1032.851,32.811,0.039,0.039,0.044,7.895,96.113,5.554,168.476,0,5.567,5.57,NA,22
"5/25/2022 2:28:26 PM",9.248,29.346,49.411,78.06,71247.9,1032.852,32.812,0.039,0.039,0.058,7.897,96.188,5.557,165.927,0,5.57,5.573,NA,22
"5/25/2022 2:28:26 PM",9.269,29.345,49.412,78.06,71249.1,1032.853,32.813,0.047,0.047,0.073,7.901,96.109,5.553,168.136,0,5.565,5.569,NA,22
"5/25/2022 2:28:26 PM",9.31,29.344,49.415,78.062,71252.1,1032.855,32.815,0.039,0.039,0.058,7.908,96.232,5.56,169.326,0,5.573,5.576,NA,22
"5/25/2022 2:28:27 PM",9.342,29.343,49.419,78.066,71257.2,1032.858,32.818,0.023,0.023,0.044,7.911,96.166,5.556,177.397,0,5.569,5.572,NA,22
"5/25/2022 2:28:27 PM",9.314,29.345,49.416,78.066,71253.8,1032.855,32.816,0.031,0.031,0.058,7.91,96.113,5.553,176.972,0,5.566,5.569,NA,22
"5/25/2022 2:28:27 PM",9.255,29.346,49.415,78.065,71252,1032.854,32.815,0.047,0.047,0.029,7.907,96.056,5.55,159.555,0,5.563,5.566,NA,22
"5/25/2022 2:28:27 PM",9.194,29.347,49.415,78.066,71252.7,1032.854,32.815,0.055,0.055,0.044,7.913,96.085,5.551,157.006,0,5.564,5.567,NA,22
"5/25/2022 2:28:28 PM",9.086,29.347,49.418,78.07,71255.8,1032.855,32.817,0.055,0.055,0,7.915,96.049,5.55,155.732,0,5.562,5.566,NA,22
"5/25/2022 2:28:28 PM",8.884,29.347,49.42,78.073,71258.3,1032.856,32.818,0.047,0.047,0.044,7.902,96.144,5.555,161.254,0,5.567,5.571,NA,22
"5/25/2022 2:28:28 PM",8.731,29.347,49.423,78.076,71261.6,1032.858,32.82,0.055,0.055,0.058,7.894,96.054,5.55,163.378,0,5.563,5.566,NA,22
"5/25/2022 2:28:28 PM",8.582,29.346,49.422,78.074,71260.4,1032.856,32.82,0.055,0.055,0.015,7.89,96.146,5.555,158.876,0,5.568,5.571,NA,22
"5/25/2022 2:28:28 PM",8.483,29.346,49.424,78.077,71262.8,1032.857,32.821,0.062,0.062,0.058,7.885,96.055,5.55,154.967,0,5.563,5.566,NA,22
"5/25/2022 2:28:29 PM",8.377,29.347,49.425,78.079,71263.9,1032.857,32.822,0.055,0.055,0.044,7.886,96.151,5.555,152.928,0,5.568,5.571,NA,22
"5/25/2022 2:28:29 PM",8.314,29.348,49.426,78.082,71265.7,1032.858,32.823,0.047,0.047,0.015,7.888,96.159,5.556,150.804,0,5.569,5.572,NA,22
"5/25/2022 2:28:29 PM",8.264,29.348,49.428,78.085,71267.4,1032.859,32.824,0.039,0.039,0.044,7.886,96.167,5.557,149.445,0,5.57,5.573,NA,22
"5/25/2022 2:28:29 PM",8.18,29.349,49.43,78.089,71270.6,1032.86,32.825,0.047,0.047,0.015,7.882,96.232,5.561,152.843,0,5.574,5.577,NA,22
"5/25/2022 2:28:29 PM",8.067,29.35,49.431,78.091,71270.9,1032.86,32.825,0.039,0.039,0.058,7.878,96.245,5.562,154.288,0,5.574,5.578,NA,22
"5/25/2022 2:28:30 PM",7.862,29.35,49.431,78.092,71271.5,1032.859,32.826,0.039,0.039,0.015,7.89,96.146,5.556,167.457,0,5.569,5.572,NA,22
"5/25/2022 2:28:30 PM",7.728,29.351,49.431,78.093,71270.9,1032.858,32.825,0.047,0.047,0.073,7.888,96.293,5.564,163.718,0,5.577,5.58,NA,22
"5/25/2022 2:28:30 PM",7.62,29.351,49.433,78.096,71273.6,1032.859,32.827,0.047,0.047,0.015,7.888,96.092,5.552,153.268,0,5.565,5.569,NA,22
"5/25/2022 2:28:30 PM",7.505,29.351,49.432,78.095,71272.4,1032.858,32.826,0.039,0.039,0.044,7.883,96.161,5.557,144.008,0,5.57,5.573,NA,22
"5/25/2022 2:28:30 PM",7.347,29.352,49.435,78.099,71275.5,1032.859,32.828,0.039,0.039,0.029,7.896,96.096,5.553,143.668,0,5.566,5.569,NA,22
"5/25/2022 2:28:31 PM",7.241,29.352,49.438,78.104,71279.6,1032.861,32.83,0.039,0.039,0.029,7.889,96.202,5.559,147.746,0,5.572,5.575,NA,22
"5/25/2022 2:28:31 PM",7.076,29.352,49.439,78.105,71280.3,1032.861,32.831,0.031,0.031,0.015,7.887,96.234,5.561,155.052,0,5.574,5.577,NA,22
"5/25/2022 2:28:31 PM",6.917,29.353,49.436,78.101,71276.2,1032.858,32.828,0.055,0.055,0.044,7.892,96.123,5.555,144.517,0,5.568,5.571,NA,22
"5/25/2022 2:28:31 PM",6.735,29.353,49.438,78.105,71279,1032.858,32.83,0.039,0.039,0.044,7.893,96.109,5.554,136.021,0,5.567,5.57,NA,22
"5/25/2022 2:28:31 PM",6.556,29.352,49.435,78.1,71275.9,1032.856,32.828,0.039,0.039,0.044,7.895,96.189,5.559,127.525,0,5.572,5.575,NA,22
"5/25/2022 2:28:32 PM",6.476,29.352,49.437,78.102,71277.8,1032.857,32.829,0.047,0.047,0.058,7.892,96.23,5.562,123.872,0,5.574,5.578,NA,22
"5/25/2022 2:28:32 PM",6.385,29.352,49.441,78.106,71282.2,1032.859,32.832,0.055,0.055,0.087,7.879,96.18,5.558,121.833,0,5.571,5.574,NA,22
"5/25/2022 2:28:32 PM",6.295,29.351,49.441,78.107,71283,1032.86,32.833,0.07,0.07,0.044,7.891,96.24,5.562,121.833,0,5.575,5.578,NA,22
"5/25/2022 2:28:32 PM",6.081,29.352,49.449,78.118,71292.8,1032.864,32.839,0.047,0.047,0.044,7.889,96.14,5.555,117.33,0,5.568,5.572,NA,22
"5/25/2022 2:28:32 PM",5.919,29.352,49.445,78.113,71287.8,1032.861,32.836,0.055,0.055,0.058,7.889,96.145,5.557,112.997,0,5.57,5.573,NA,22
"5/25/2022 2:28:33 PM",5.78,29.352,49.447,78.116,71290.3,1032.862,32.837,0.078,0.078,0.073,7.896,96.165,5.558,107.645,0,5.571,5.574,NA,22
"5/25/2022 2:28:33 PM",5.678,29.352,49.449,78.119,71292.3,1032.862,32.838,0.047,0.047,0.073,7.896,96.094,5.554,101.697,0,5.567,5.57,NA,22
"5/25/2022 2:28:33 PM",5.601,29.352,49.449,78.119,71292.8,1032.862,32.839,0.031,0.031,0.058,7.894,96.28,5.564,97.11,0,5.577,5.58,NA,22
"5/25/2022 2:28:33 PM",5.531,29.353,49.45,78.121,71292.9,1032.862,32.838,0.039,0.039,0.015,7.89,96.237,5.562,91.332,0,5.575,5.578,NA,22
"5/25/2022 2:28:33 PM",5.502,29.355,49.449,78.123,71292.4,1032.861,32.838,0.055,0.055,0.029,7.883,96.142,5.556,88.953,0,5.569,5.572,NA,22
"5/25/2022 2:28:34 PM",5.476,29.357,49.452,78.129,71295,1032.862,32.839,0.055,0.055,0.058,7.883,96.1,5.554,87.084,0,5.567,5.57,NA,22
"5/25/2022 2:28:34 PM",5.455,29.358,49.452,78.131,71295.8,1032.862,32.839,0.047,0.047,0.029,7.885,96.03,5.55,84.026,0,5.563,5.566,NA,22
"5/25/2022 2:28:34 PM",5.439,29.358,49.453,78.133,71297.1,1032.863,32.84,0.055,0.055,0.058,7.86,96.082,5.553,81.137,0,5.566,5.569,NA,22
"5/25/2022 2:28:34 PM",5.418,29.359,49.452,78.133,71295.4,1032.861,32.838,0.055,0.055,0.029,7.865,96.02,5.549,80.033,0,5.562,5.565,NA,22
"5/25/2022 2:28:34 PM",5.366,29.359,49.453,78.134,71296.2,1032.862,32.839,0.055,0.055,0.029,7.863,96.129,5.555,79.353,0,5.568,5.571,NA,22
"5/25/2022 2:28:35 PM",5.293,29.36,49.453,78.134,71295.7,1032.861,32.838,0.047,0.047,0.044,7.858,96.123,5.555,78.503,0,5.567,5.571,NA,22
"5/25/2022 2:28:35 PM",5.201,29.36,49.454,78.136,71296.8,1032.861,32.839,0.047,0.047,0.044,7.858,96.232,5.561,78.248,0,5.574,5.577,NA,22
"5/25/2022 2:28:35 PM",5.098,29.36,49.453,78.135,71296,1032.86,32.838,0.031,0.031,0,7.872,96.135,5.555,78.588,0,5.568,5.572,NA,22
"5/25/2022 2:28:35 PM",5.09,29.36,49.453,78.135,71296,1032.86,32.838,0.039,0.039,0.073,7.875,96.07,5.551,80.712,0,5.564,5.568,NA,22
"5/25/2022 2:28:35 PM",5.112,29.36,49.453,78.135,71295.9,1032.86,32.838,0.031,0.031,0.029,7.875,96.066,5.551,83.346,0,5.564,5.567,NA,22
"5/25/2022 2:28:36 PM",5.156,29.359,49.456,78.138,71300.2,1032.863,32.841,0.039,0.039,0.073,7.868,96.157,5.556,86.914,0,5.569,5.573,NA,22
"5/25/2022 2:28:36 PM",5.184,29.36,49.457,78.14,71300.7,1032.863,32.841,0.039,0.039,0.087,7.881,96.125,5.556,95.75,0,5.569,5.572,NA,22
"5/25/2022 2:28:36 PM",5.161,29.361,49.457,78.142,71300.4,1032.863,32.841,0.039,0.039,0.073,7.894,96.134,5.557,104.926,0,5.57,5.573,NA,22
"5/25/2022 2:28:36 PM",5.123,29.361,49.457,78.141,71300.6,1032.863,32.841,0.047,0.047,0.058,7.891,96.208,5.561,110.533,0,5.574,5.577,NA,22
"5/25/2022 2:28:36 PM",5.024,29.361,49.456,78.14,71300.1,1032.862,32.841,0.039,0.039,0.044,7.884,96.218,5.561,106.54,0,5.574,5.577,NA,22
"5/25/2022 2:28:37 PM",4.933,29.36,49.458,78.143,71302.4,1032.863,32.842,0.055,0.055,0.044,7.881,96.244,5.563,106.285,0,5.576,5.579,NA,22
"5/25/2022 2:28:37 PM",4.778,29.361,49.459,78.143,71303,1032.863,32.843,0.047,0.047,0.029,7.873,96.215,5.561,99.913,0,5.574,5.577,NA,22
"5/25/2022 2:28:37 PM",4.676,29.361,49.459,78.143,71302.9,1032.863,32.843,0.047,0.047,0.058,7.872,96.402,5.573,96.175,0,5.586,5.589,NA,22
"5/25/2022 2:28:37 PM",4.568,29.36,49.459,78.143,71302.9,1032.862,32.843,0.039,0.039,0.058,7.892,96.19,5.56,94.901,0,5.573,5.576,NA,22
"5/25/2022 2:28:38 PM",4.46,29.36,49.458,78.142,71302,1032.861,32.842,0.031,0.031,0.058,7.895,96.116,5.556,92.692,0,5.569,5.572,NA,22
"5/25/2022 2:28:38 PM",4.285,29.361,49.46,78.145,71304.3,1032.862,32.843,0.055,0.055,0.087,7.897,96.136,5.557,86.065,0,5.569,5.573,NA,22
"5/25/2022 2:28:38 PM",4.149,29.362,49.459,78.146,71302.9,1032.86,32.842,0.031,0.031,0.015,7.897,96.117,5.555,82.326,0,5.568,5.572,NA,22
"5/25/2022 2:28:38 PM",4.001,29.362,49.46,78.147,71303.4,1032.86,32.843,0.039,0.039,0.044,7.881,96.162,5.559,79.183,0,5.572,5.575,NA,22
"5/25/2022 2:28:38 PM",3.859,29.365,49.464,78.157,71308.6,1032.861,32.845,0.047,0.047,0.015,7.886,96.232,5.563,75.785,0,5.576,5.579,NA,22
"5/25/2022 2:28:39 PM",3.74,29.374,49.469,78.175,71313.2,1032.861,32.845,0.039,0.039,0.029,7.875,96.273,5.565,71.961,0,5.578,5.581,NA,22
"5/25/2022 2:28:39 PM",3.61,29.388,49.472,78.2,71315.5,1032.858,32.843,0.047,0.047,0.058,7.879,96.21,5.56,68.818,0,5.573,5.577,NA,22
"5/25/2022 2:28:39 PM",3.554,29.402,49.467,78.213,71308.2,1032.85,32.835,0.039,0.039,0.044,7.875,96.331,5.568,67.373,0,5.58,5.584,NA,22
"5/25/2022 2:28:39 PM",3.521,29.408,49.465,78.219,71303.8,1032.845,32.83,0.039,0.039,0.029,7.879,96.306,5.566,66.184,0,5.579,5.582,NA,22
"5/25/2022 2:28:39 PM",3.488,29.417,49.457,78.221,71293.1,1032.836,32.821,0.039,0.039,0.044,7.87,96.343,5.568,65.504,0,5.581,5.584,NA,22
"5/25/2022 2:28:40 PM",3.445,29.423,49.463,78.237,71299.5,1032.838,32.824,0.031,0.031,0.044,7.874,96.368,5.568,64.315,0,5.581,5.585,NA,22
"5/25/2022 2:28:40 PM",3.405,29.425,49.466,78.245,71303,1032.84,32.825,0.047,0.047,0.015,7.867,96.257,5.561,63.21,0,5.574,5.577,NA,22
"5/25/2022 2:28:40 PM",3.387,29.428,49.465,78.248,71301.6,1032.838,32.823,0.047,0.047,0.073,7.874,96.37,5.568,62.191,0,5.58,5.584,NA,22
"5/25/2022 2:28:40 PM",3.372,29.43,49.464,78.249,71300.1,1032.836,32.822,0.023,0.023,0.015,7.874,96.305,5.563,61.936,0,5.576,5.579,NA,22
"5/25/2022 2:28:40 PM",3.361,29.432,49.466,78.256,71303,1032.837,32.823,0.047,0.047,0.015,7.867,96.346,5.565,62.276,0,5.578,5.581,NA,22
"5/25/2022 2:28:41 PM",3.363,29.435,49.46,78.251,71295.1,1032.832,32.818,0.039,0.039,0.029,7.865,96.261,5.56,64.23,0,5.573,5.576,NA,22
"5/25/2022 2:28:41 PM",3.366,29.432,49.464,78.253,71300.5,1032.836,32.822,0.031,0.031,0.087,7.864,96.244,5.559,65.929,0,5.571,5.575,NA,22
"5/25/2022 2:28:41 PM",3.382,29.43,49.467,78.254,71303.7,1032.838,32.824,0.039,0.039,0.087,7.87,96.188,5.555,67.713,0,5.568,5.571,NA,22
"5/25/2022 2:28:41 PM",3.401,29.43,49.469,78.256,71306.9,1032.841,32.826,0.062,0.062,0.015,7.866,96.22,5.557,70.687,0,5.57,5.573,NA,22
"5/25/2022 2:28:41 PM",3.412,29.428,49.467,78.252,71304.8,1032.84,32.825,0.055,0.055,0.029,7.859,96.251,5.56,74.935,0,5.573,5.576,NA,22
"5/25/2022 2:28:42 PM",3.385,29.428,49.469,78.253,71307.2,1032.841,32.827,0.039,0.039,0.044,7.872,96.261,5.56,76.804,0,5.573,5.577,NA,22
"5/25/2022 2:28:42 PM",3.337,29.426,49.475,78.258,71314.4,1032.846,32.832,0.031,0.031,0.073,7.87,96.216,5.558,77.993,0,5.57,5.574,NA,22
"5/25/2022 2:28:42 PM",3.271,29.426,49.48,78.266,71320.7,1032.849,32.835,0.039,0.039,0.029,7.873,96.243,5.559,79.693,0,5.572,5.575,NA,22
"5/25/2022 2:28:42 PM",3.194,29.43,49.48,78.272,71321,1032.848,32.835,0.039,0.039,0.044,7.887,96.18,5.555,82.836,0,5.568,5.571,NA,22
"5/25/2022 2:28:42 PM",3.126,29.44,49.48,78.285,71319,1032.844,32.831,0.031,0.031,0.015,7.88,96.356,5.566,84.79,0,5.578,5.582,NA,22
"5/25/2022 2:28:43 PM",3.105,29.447,49.478,78.292,71315.2,1032.84,32.826,0.047,0.047,0.073,7.883,96.359,5.565,86.489,0,5.578,5.581,NA,22
"5/25/2022 2:28:43 PM",3.076,29.451,49.476,78.296,71312.9,1032.837,32.824,0.055,0.055,0.029,7.881,96.332,5.564,92.182,0,5.577,5.58,NA,22
"5/25/2022 2:28:43 PM",3.05,29.455,49.477,78.303,71313.3,1032.836,32.823,0.039,0.039,0.029,7.884,96.416,5.569,96.09,0,5.581,5.585,NA,22
"5/25/2022 2:28:43 PM",2.965,29.459,49.48,78.312,71316.2,1032.836,32.824,0.039,0.039,0.073,7.875,96.294,5.56,93.626,0,5.573,5.577,NA,22
"5/25/2022 2:28:43 PM",2.874,29.462,49.478,78.314,71313.5,1032.834,32.821,0.039,0.039,0.058,7.883,96.31,5.562,89.718,0,5.575,5.578,NA,22
"5/25/2022 2:28:44 PM",2.812,29.465,49.478,78.32,71313.8,1032.833,32.821,0.047,0.047,0,7.88,96.371,5.565,90.738,0,5.578,5.582,NA,22
"5/25/2022 2:28:44 PM",2.742,29.47,49.477,78.324,71311.2,1032.829,32.818,0.039,0.039,0.029,7.881,96.261,5.559,92.522,0,5.572,5.575,NA,22
"5/25/2022 2:28:44 PM",2.697,29.475,49.475,78.33,71308.9,1032.826,32.815,0.031,0.031,0.015,7.879,96.312,5.562,99.064,0,5.575,5.578,NA,22
"5/25/2022 2:28:44 PM",2.652,29.486,49.473,78.342,71305,1032.821,32.81,0.023,0.023,0.044,7.886,96.273,5.559,95.155,0,5.572,5.575,NA,22
"5/25/2022 2:28:44 PM",2.622,29.491,49.469,78.343,71298.5,1032.815,32.804,0.031,0.031,0.073,7.89,96.344,5.564,94.986,0,5.576,5.58,NA,22
"5/25/2022 2:28:45 PM",2.606,29.494,49.472,78.352,71302.4,1032.817,32.806,0.039,0.039,0.029,7.892,96.446,5.568,95.41,0,5.581,5.584,NA,22
"5/25/2022 2:28:45 PM",2.58,29.496,49.482,78.369,71315.2,1032.824,32.813,0.023,0.023,0.015,7.892,96.441,5.568,95.835,0,5.581,5.584,NA,22
"5/25/2022 2:28:45 PM",2.53,29.498,49.486,78.377,71319.7,1032.826,32.815,0.016,0.016,0.029,7.898,96.398,5.565,97.619,0,5.578,5.581,NA,22
"5/25/2022 2:28:45 PM",2.481,29.5,49.484,78.377,71316.6,1032.823,32.813,0.039,0.039,0.073,7.9,96.351,5.562,100.338,0,5.575,5.578,NA,22
"5/25/2022 2:28:45 PM",2.427,29.502,49.483,78.379,71315.5,1032.822,32.811,0.047,0.047,0.044,7.896,96.323,5.56,106.03,0,5.573,5.576,NA,22
"5/25/2022 2:28:46 PM",2.389,29.504,49.485,78.384,71316.6,1032.822,32.811,0.047,0.047,0.073,7.908,96.435,5.567,102.972,0,5.579,5.583,NA,22
"5/25/2022 2:28:46 PM",2.365,29.507,49.484,78.387,71315.2,1032.82,32.81,0.047,0.047,0.073,7.909,96.407,5.565,97.959,0,5.578,5.581,NA,22
"5/25/2022 2:28:46 PM",2.351,29.511,49.488,78.399,71320.7,1032.822,32.812,0.039,0.039,0.029,7.898,96.397,5.564,94.816,0,5.576,5.58,NA,22
"5/25/2022 2:28:46 PM",2.335,29.514,49.49,78.405,71322.4,1032.822,32.812,0.039,0.039,0,7.892,96.307,5.558,93.371,0,5.571,5.574,NA,22
"5/25/2022 2:28:46 PM",2.309,29.517,49.49,78.41,71321.9,1032.821,32.811,0.031,0.031,0.044,7.881,96.354,5.561,91.247,0,5.574,5.577,NA,22
"5/25/2022 2:28:47 PM",2.276,29.52,49.495,78.42,71327.9,1032.824,32.814,0.047,0.047,0.029,7.888,96.384,5.562,88.953,0,5.575,5.579,NA,22
"5/25/2022 2:28:47 PM",2.206,29.524,49.491,78.42,71321.9,1032.819,32.809,0.031,0.031,0.029,7.897,96.341,5.56,88.274,0,5.572,5.576,NA,22
"5/25/2022 2:28:47 PM",2.142,29.524,49.495,78.427,71327.5,1032.822,32.812,0.047,0.047,0.102,7.891,96.456,5.566,89.803,0,5.579,5.582,NA,22
"5/25/2022 2:28:47 PM",2.057,29.531,49.509,78.455,71343.3,1032.829,32.82,0.023,0.023,0.044,7.889,96.41,5.563,94.051,0,5.576,5.579,NA,22
"5/25/2022 2:28:48 PM",1.975,29.542,49.496,78.455,71326.7,1032.815,32.807,0.031,0.031,0.058,7.884,96.468,5.567,92.267,0,5.58,5.583,NA,22
"5/25/2022 2:28:48 PM",1.892,29.552,49.499,78.472,71329,1032.814,32.806,0.047,0.047,0.044,7.888,96.323,5.558,93.116,0,5.571,5.574,NA,22
"5/25/2022 2:28:48 PM",1.826,29.562,49.496,78.482,71323.3,1032.807,32.799,0.031,0.031,0.073,7.895,96.549,5.57,105.606,0,5.583,5.587,NA,22
"5/25/2022 2:28:48 PM",1.817,29.566,49.491,78.481,71317.3,1032.803,32.795,0.039,0.039,0.015,7.89,96.416,5.563,113.507,0,5.576,5.579,NA,22
"5/25/2022 2:28:48 PM",1.829,29.568,49.492,78.486,71317.9,1032.802,32.794,0.039,0.039,0.015,7.891,96.411,5.562,121.493,0,5.575,5.578,NA,22
"5/25/2022 2:28:49 PM",1.866,29.572,49.493,78.492,71318.6,1032.802,32.794,0.039,0.039,0.029,7.9,96.617,5.574,137.72,0,5.587,5.59,NA,22
"5/25/2022 2:28:49 PM",1.89,29.573,49.494,78.495,71320.3,1032.803,32.795,0.039,0.039,0.058,7.903,96.485,5.566,147.321,0,5.579,5.582,NA,22
"5/25/2022 2:28:49 PM",1.963,29.571,49.499,78.499,71326.7,1032.807,32.799,0.047,0.047,0.015,7.903,96.475,5.565,165.078,0,5.578,5.581,NA,22
"5/25/2022 2:28:49 PM",1.999,29.569,49.5,78.498,71328.3,1032.809,32.8,0.039,0.039,0.073,7.891,96.393,5.56,170.175,0,5.573,5.576,NA,22
"5/25/2022 2:28:49 PM",2.026,29.567,49.499,78.494,71327.1,1032.809,32.8,0.023,0.023,0.058,7.89,96.45,5.564,176.123,0,5.577,5.58,NA,22
"5/25/2022 2:28:50 PM",2.038,29.566,49.499,78.492,71326.5,1032.809,32.8,0.031,0.031,0.073,7.891,96.46,5.565,176.802,0,5.577,5.581,NA,22
"5/25/2022 2:28:50 PM",2.027,29.564,49.501,78.492,71329.8,1032.811,32.803,0.023,0.023,0.058,7.888,96.597,5.573,201.186,0,5.586,5.589,NA,22
"5/25/2022 2:28:50 PM",1.999,29.563,49.504,78.495,71333.9,1032.814,32.805,0.039,0.039,0.073,7.888,96.512,5.568,191.415,0,5.581,5.584,NA,22
"5/25/2022 2:28:50 PM",1.959,29.562,49.509,78.501,71340.6,1032.818,32.81,0.031,0.031,0.073,7.894,96.4,5.561,180.71,0,5.574,5.577,NA,22
"5/25/2022 2:28:50 PM",1.93,29.564,49.509,78.502,71339.4,1032.817,32.809,0.031,0.031,0,7.897,96.273,5.553,185.978,0,5.566,5.569,NA,22
"5/25/2022 2:28:51 PM",1.907,29.565,49.508,78.503,71338.2,1032.816,32.808,0.07,0.07,0,7.902,96.464,5.564,204.159,0,5.577,5.58,NA,22
"5/25/2022 2:28:51 PM",1.876,29.567,49.508,78.506,71338.5,1032.815,32.807,0.047,0.047,0.087,7.897,96.455,5.564,196.683,0,5.577,5.58,NA,22
"5/25/2022 2:28:51 PM",1.831,29.569,49.511,78.514,71341.8,1032.816,32.809,0.031,0.031,0.029,7.9,96.522,5.567,199.826,0,5.58,5.584,NA,22
"5/25/2022 2:28:51 PM",1.766,29.57,49.513,78.517,71343.7,1032.817,32.809,0.039,0.039,0.015,7.902,96.518,5.567,198.977,0,5.58,5.583,NA,22
"5/25/2022 2:28:51 PM",1.685,29.573,49.51,78.517,71339.5,1032.813,32.806,0.047,0.047,0.044,7.912,96.587,5.571,178.501,0,5.584,5.587,NA,22
"5/25/2022 2:28:52 PM",1.559,29.578,49.514,78.53,71344.6,1032.815,32.808,0.023,0.023,0.015,7.922,96.471,5.564,171.535,0,5.577,5.58,NA,22
"5/25/2022 2:28:52 PM",1.457,29.586,49.514,78.542,71343.3,1032.811,32.805,0.031,0.031,0.015,7.927,96.519,5.566,181.9,0,5.579,5.583,NA,22
"5/25/2022 2:28:52 PM",1.346,29.596,49.517,78.559,71345.1,1032.809,32.803,0.039,0.039,0.029,7.925,96.436,5.561,176.717,0,5.574,5.578,NA,22
"5/25/2022 2:28:52 PM",1.239,29.608,49.525,78.588,71354.2,1032.81,32.805,0.031,0.031,0.044,7.92,96.527,5.566,169.835,0,5.579,5.582,NA,22
"5/25/2022 2:28:52 PM",1.168,29.629,49.534,78.63,71362.6,1032.81,32.805,0.039,0.039,0.029,7.916,96.586,5.569,158.876,0,5.582,5.585,NA,22
"5/25/2022 2:28:53 PM",1.081,29.664,49.506,78.642,71323.5,1032.775,32.771,0.031,0.031,0.029,7.915,96.632,5.571,156.752,0,5.584,5.587,NA,22
"5/25/2022 2:28:53 PM",1.025,29.669,49.503,78.645,71318.9,1032.771,32.767,0.023,0.023,0,7.911,96.665,5.573,154.882,0,5.586,5.589,NA,22
"5/25/2022 2:28:53 PM",0.975,29.669,49.503,78.644,71319.1,1032.771,32.767,0.023,0.023,0.015,7.913,96.583,5.568,154.543,0,5.581,5.584,NA,22
"5/25/2022 2:28:53 PM",0.932,29.674,49.504,78.654,71319.9,1032.77,32.766,0.016,0.016,0.029,7.918,96.682,5.573,161.764,0,5.586,5.589,NA,22
"5/25/2022 2:28:53 PM",0.874,29.689,49.501,78.671,71314.8,1032.762,32.759,0.023,0.023,0.058,7.909,96.601,5.567,170.77,0,5.58,5.583,NA,22
"5/25/2022 2:28:54 PM",0.845,29.703,49.52,78.716,71336.1,1032.771,32.768,0.031,0.031,0,7.907,96.687,5.571,180.116,0,5.584,5.587,NA,22
"5/25/2022 2:28:54 PM",0.813,29.717,49.52,78.737,71334.7,1032.766,32.763,0.039,0.039,0.029,7.909,96.724,5.572,178.671,0,5.585,5.589,NA,22
"5/25/2022 2:28:54 PM",0.824,29.729,49.505,78.734,71314,1032.75,32.747,0.039,0.039,0.058,7.905,96.766,5.574,182.579,0,5.587,5.59,NA,22
"5/25/2022 2:28:54 PM",0.852,29.744,49.495,78.742,71300.5,1032.738,32.734,0.023,0.023,0.044,7.915,96.647,5.567,195.154,0,5.58,5.583,NA,22
"5/25/2022 2:28:54 PM",0.923,29.727,49.51,78.738,71320.6,1032.755,32.751,0.023,0.023,0.029,7.913,96.627,5.565,210.361,0,5.578,5.581,NA,22
"5/25/2022 2:28:55 PM",0.965,29.731,49.51,78.744,71320.8,1032.754,32.75,0.031,0.031,0.044,7.909,96.632,5.565,203.48,0,5.578,5.581,NA,22
"5/25/2022 2:28:55 PM",0.984,29.732,49.52,78.759,71332.5,1032.761,32.757,0.039,0.039,0.029,7.911,96.756,5.572,207.728,0,5.585,5.588,NA,22
"5/25/2022 2:28:55 PM",1.006,29.735,49.491,78.724,71296.2,1032.739,32.734,0.023,0.023,0.029,7.913,96.691,5.569,220.302,0,5.582,5.585,NA,22
"5/25/2022 2:28:55 PM",0.97,29.727,49.512,78.741,71323.6,1032.757,32.753,0.039,0.039,0.073,7.908,96.706,5.57,258.619,0,5.582,5.586,NA,22
"5/25/2022 2:28:55 PM",0.914,29.715,49.503,78.711,71313.8,1032.755,32.751,0.031,0.031,0,7.911,96.612,5.565,243.326,0,5.577,5.581,NA,22
"5/25/2022 2:28:56 PM",0.869,29.709,49.514,78.717,71328.2,1032.765,32.761,0.023,0.023,0.015,7.905,96.651,5.567,247.829,0,5.579,5.583,NA,22
"5/25/2022 2:28:56 PM",0.812,29.708,49.51,78.712,71323.5,1032.762,32.758,0.039,0.039,0.029,7.914,96.584,5.563,266.18,0,5.576,5.579,NA,22
"5/25/2022 2:28:56 PM",0.77,29.708,49.51,78.71,71322.9,1032.761,32.758,0.023,0.023,0,7.911,96.603,5.564,324.718,0,5.577,5.58,NA,22
"5/25/2022 2:28:56 PM",0.693,29.702,49.512,78.706,71326.9,1032.765,32.762,0.031,0.031,0,7.908,96.632,5.566,278.075,0,5.578,5.582,NA,22
"5/25/2022 2:28:56 PM",0.638,29.701,49.513,78.704,71327.1,1032.766,32.763,0.039,0.039,0.044,7.902,96.601,5.564,278.5,0,5.577,5.58,NA,22
"5/25/2022 2:28:57 PM",0.58,29.701,49.514,78.706,71329.1,1032.767,32.764,0.039,0.039,0.029,7.912,96.584,5.563,317.581,0,5.575,5.579,NA,22
"5/25/2022 2:28:57 PM",0.5,29.704,49.515,78.712,71330.2,1032.766,32.764,0.031,0.031,0.058,7.896,96.688,5.569,300.164,0,5.582,5.585,NA,22
"5/25/2022 2:28:57 PM",0.389,29.719,49.504,78.718,71314.4,1032.752,32.75,0.008,0.008,0.029,7.895,96.658,5.567,367.623,0,5.58,5.583,NA,22
"5/25/2022 2:28:57 PM",0.323,29.731,49.509,78.742,71318.4,1032.75,32.749,0.031,0.031,0.073,7.902,96.753,5.572,259.808,0,5.585,5.588,NA,22
"5/25/2022 2:28:58 PM",0.259,29.744,49.509,78.76,71317.4,1032.746,32.745,0.047,0.047,0.058,7.907,96.68,5.568,293.792,0,5.581,5.584,NA,22
"5/25/2022 2:28:58 PM",0.212,29.751,49.503,78.762,71309.3,1032.739,32.738,0.008,0.008,0.015,7.904,96.783,5.573,314.438,0,5.586,5.589,NA,22
"5/25/2022 2:28:58 PM",0.152,29.755,49.501,78.766,71306.3,1032.736,32.735,0.023,0.023,0.044,7.909,96.747,5.571,361.081,0,5.584,5.587,NA,22
"5/25/2022 2:28:58 PM",0.088,29.756,49.506,78.774,71312.5,1032.739,32.739,0.039,0.039,0.073,7.913,96.73,5.57,258.534,0,5.582,5.586,NA,22
"5/25/2022 2:28:58 PM",0.069,29.755,49.509,78.777,71315.7,1032.741,32.741,0.039,0.039,0.073,7.907,96.69,5.567,292.603,0,5.58,5.583,NA,22
"5/25/2022 2:28:59 PM",0.053,29.759,49.511,78.785,71317.7,1032.741,32.741,0.008,0.008,0,7.896,96.679,5.566,347.487,0,5.579,5.582,NA,22
"5/25/2022 2:28:59 PM",0.053,29.76,49.508,78.782,71313.8,1032.738,32.738,0.031,0.031,0.087,7.893,96.722,5.569,310.105,0,5.581,5.585,NA,22
"5/25/2022 2:28:59 PM",0.055,29.761,49.505,78.78,71310.9,1032.736,32.736,0.031,0.031,0.087,7.888,96.752,5.57,304.412,0,5.583,5.586,NA,22
"5/25/2022 2:28:59 PM",0.065,29.76,49.507,78.781,71313.2,1032.738,32.738,0.047,0.047,0.044,7.894,96.767,5.571,303.223,0,5.584,5.587,NA,22
"5/25/2022 2:28:59 PM",0.053,29.76,49.511,78.785,71317.7,1032.741,32.741,0.023,0.023,0.044,7.895,96.653,5.564,325.228,0,5.577,5.58,NA,22
"5/25/2022 2:29:00 PM",0.017,29.76,49.514,78.79,71321.9,1032.743,32.743,0.047,0.047,0.087,7.898,96.709,5.567,334.658,0,5.58,5.584,NA,22
"5/25/2022 2:29:00 PM",0,29.759,49.508,78.781,71314.2,1032.739,32.739,0.023,0.023,0.029,7.905,96.715,5.568,309.765,0,5.581,5.584,NA,22
"5/25/2022 2:29:00 PM",0,29.758,49.509,78.78,71315.3,1032.739,32.74,0.047,0.047,0.073,7.902,96.703,5.567,285.296,0,5.58,5.583,NA,22
"5/25/2022 2:29:00 PM",0,29.756,49.511,78.781,71318.4,1032.741,32.742,0.008,0.008,0,7.904,96.648,5.564,309.17,0,5.576,5.58,NA,22
"5/25/2022 2:29:00 PM",0,29.757,49.511,78.781,71317.4,1032.74,32.741,0.055,0.055,0.073,7.899,96.723,5.568,278.075,0,5.581,5.584,NA,22
"5/25/2022 2:29:01 PM",0,29.76,49.511,78.787,71317.8,1032.74,32.741,0.047,0.047,0.029,7.9,96.707,5.567,299.91,0,5.58,5.583,NA,22
"5/25/2022 2:29:01 PM",0,29.764,49.509,78.789,71314.3,1032.736,32.737,0.047,0.047,0.058,7.903,96.811,5.573,291.329,0,5.586,5.59,NA,22
"5/25/2022 2:29:01 PM",0,29.766,49.509,78.792,71314.2,1032.735,32.737,0.062,0.062,0.102,7.906,96.744,5.569,296.596,0,5.582,5.585,NA,22
"5/25/2022 2:29:01 PM",0,29.767,49.506,78.789,71310.2,1032.733,32.734,0.008,0.008,0,7.91,96.729,5.569,387.079,0,5.581,5.585,NA,22
"5/25/2022 2:29:01 PM",0,29.767,49.506,78.79,71310.5,1032.733,32.734,0.047,0.047,0.087,7.902,96.784,5.571,302.119,0,5.584,5.588,NA,22
"5/25/2022 2:29:02 PM",0,29.767,49.511,78.797,71316.7,1032.736,32.738,0.031,0.031,0.058,7.9,96.764,5.57,285.976,0,5.583,5.586,NA,22
"5/25/2022 2:29:02 PM",0,29.768,49.517,78.805,71324,1032.74,32.742,0,0,0,7.914,96.682,5.565,336.527,0,5.578,5.581,NA,22
"5/25/2022 2:29:02 PM",0,29.769,49.514,78.803,71320.7,1032.738,32.74,0.055,0.055,0.015,7.919,96.75,5.569,332.109,0,5.582,5.585,NA,22
"5/25/2022 2:29:02 PM",0,29.771,49.512,78.803,71317.1,1032.735,32.737,0.016,0.016,0,7.91,96.685,5.565,371.106,0,5.578,5.581,NA,22
"5/25/2022 2:29:02 PM",0,29.774,49.509,78.804,71313.5,1032.732,32.734,0.031,0.031,0,7.902,96.807,5.573,325.313,0,5.585,5.589,NA,22
"5/25/2022 2:29:03 PM",0,29.779,49.509,78.81,71312.5,1032.729,32.732,0.039,0.039,0.044,7.897,96.728,5.568,331.26,0,5.581,5.584,NA,22
"5/25/2022 2:29:03 PM",0,29.78,49.507,78.81,71310.2,1032.728,32.73,0.031,0.031,0,7.888,96.753,5.569,355.049,0,5.582,5.585,NA,22
"5/25/2022 2:29:03 PM",0,29.781,49.508,78.812,71310.9,1032.728,32.731,0.016,0.016,0.044,7.892,96.759,5.57,353.095,0,5.582,5.586,NA,22
"5/25/2022 2:29:03 PM",0,29.781,49.508,78.812,71311.2,1032.728,32.731,0.039,0.039,0.044,7.89,96.676,5.565,351.565,0,5.577,5.581,NA,22
"5/25/2022 2:29:03 PM",0,29.782,49.507,78.812,71310.3,1032.727,32.73,0.055,0.055,0.044,7.89,96.703,5.566,355.813,0,5.579,5.582,NA,22
"5/25/2022 2:29:04 PM",0,29.779,49.507,78.808,71310.1,1032.727,32.731,0.039,0.039,0.015,7.888,96.734,5.568,366.858,0,5.581,5.584,NA,22
"5/25/2022 2:29:04 PM",0,29.778,49.509,78.808,71312,1032.728,32.732,0.039,0.039,0.015,7.891,96.62,5.562,357.513,0,5.575,5.578,NA,22
"5/25/2022 2:29:04 PM",0,29.778,49.506,78.805,71309.4,1032.726,32.731,0.055,0.055,0.073,7.89,96.773,5.571,347.742,0,5.584,5.587,NA,22
"5/25/2022 2:29:04 PM",0,29.777,49.507,78.805,71310.4,1032.727,32.732,0.016,0.016,0,7.892,96.836,5.574,330.24,0,5.587,5.59,NA,22
"5/25/2022 2:29:04 PM",0,29.777,49.507,78.804,71309.9,1032.727,32.731,0.039,0.039,0.029,7.894,96.611,5.561,398.548,0,5.574,5.577,NA,22
"5/25/2022 2:29:05 PM",0,29.776,49.507,78.802,71309.8,1032.727,32.732,0,0,0,7.898,96.717,5.567,438.225,0,5.58,5.583,NA,22
"5/25/2022 2:29:05 PM",0,29.775,49.507,78.801,71310.6,1032.727,32.732,0.008,0.008,0,7.902,96.712,5.567,534.909,0,5.58,5.583,NA,22
"5/25/2022 2:29:05 PM",0,29.774,49.506,78.798,71309.2,1032.726,32.732,0.008,0.008,0.029,7.91,96.688,5.566,493.449,0,5.578,5.582,NA,22
"5/25/2022 2:29:05 PM",0,29.773,49.505,78.796,71308.2,1032.726,32.731,0.039,0.039,0.087,7.906,96.7,5.566,512.65,0,5.579,5.582,NA,22
"5/25/2022 2:29:05 PM",0,29.774,49.501,78.792,71302.9,1032.722,32.728,0,0,0,7.912,96.614,5.562,454.622,0,5.575,5.578,NA,22
"5/25/2022 2:29:06 PM",0,29.78,49.497,78.795,71297.6,1032.718,32.723,0.047,0.047,0.087,7.899,96.63,5.563,516.218,0,5.576,5.579,NA,22
"5/25/2022 2:29:06 PM",0,29.782,49.506,78.81,71308.5,1032.724,32.729,0.008,0.008,0,7.9,96.665,5.565,533.21,0,5.577,5.581,NA,22
"5/25/2022 2:29:06 PM",0,29.785,49.506,78.815,71308.1,1032.722,32.728,0.07,0.07,0.102,7.906,96.636,5.563,440.519,0,5.575,5.579,NA,22
"5/25/2022 2:29:06 PM",0,29.787,49.503,78.813,71303.2,1032.718,32.725,0.031,0.031,0,7.894,96.699,5.566,519.362,0,5.579,5.582,NA,22
"5/25/2022 2:29:06 PM",0,29.787,49.499,78.807,71299,1032.715,32.722,0.039,0.039,0.073,7.9,96.702,5.567,693.615,0,5.579,5.583,NA,22
"5/25/2022 2:29:07 PM",0,29.785,49.489,78.791,71286.5,1032.707,32.715,0.039,0.039,0.087,7.907,96.701,5.567,642.214,0,5.58,5.583,NA,22
"5/25/2022 2:29:07 PM",0,29.78,49.485,78.777,71281.3,1032.705,32.714,0,0,0,7.908,96.656,5.564,584.186,0,5.577,5.58,NA,22
"5/25/2022 2:29:07 PM",0,29.774,49.488,78.774,71286.9,1032.709,32.719,0,0,0,7.912,96.714,5.568,614.602,0,5.581,5.584,NA,22
"5/25/2022 2:29:07 PM",0,29.773,49.483,78.765,71280.7,1032.706,32.715,0,0,0,7.919,96.733,5.569,719.528,0,5.582,5.585,NA,22
"5/25/2022 2:29:08 PM",0,29.772,49.481,78.761,71278.3,1032.704,32.714,0,0,0,7.917,96.697,5.567,878.743,0,5.58,5.583,NA,22
"5/25/2022 2:29:08 PM",0,29.772,49.479,78.758,71275,1032.702,32.712,0.008,0.008,0,7.923,96.738,5.569,914.852,0,5.582,5.586,NA,22
"5/25/2022 2:29:08 PM",0,29.77,49.472,78.746,71267.3,1032.698,32.708,0.023,0.023,0,7.922,96.635,5.564,884.606,0,5.577,5.58,NA,22
"5/25/2022 2:29:08 PM",0,29.764,49.48,78.747,71276.9,1032.706,32.716,0.008,0.008,0.015,7.913,96.698,5.568,818.252,0,5.581,5.584,NA,22
"5/25/2022 2:29:08 PM",0,29.768,49.476,78.748,71271.8,1032.701,32.711,0.07,0.07,0.16,7.914,96.691,5.568,811.71,0,5.581,5.584,NA,22
"5/25/2022 2:29:09 PM",0,29.768,49.476,78.748,71271.4,1032.701,32.711,0.055,0.055,0.116,7.914,96.706,5.568,828.362,0,5.581,5.584,NA,22
"5/25/2022 2:29:09 PM",0,29.765,49.477,78.745,71273.3,1032.703,32.713,0,0,0,7.918,96.621,5.564,855.379,0,5.576,5.58,NA,22
"5/25/2022 2:29:09 PM",0,29.764,49.468,78.732,71262.7,1032.697,32.707,0.016,0.016,0,7.916,96.641,5.565,908.48,0,5.578,5.581,NA,22
"5/25/2022 2:29:09 PM",0,29.758,2.866,5.846,5291.7,997.852,0,5.492,5.492,7.14,7.908,96.585,7.187,950.365,0,7.208,7.208,NA,22
"5/25/2022 2:29:09 PM",0,29.74,1.102,2.369,2145.5,996.541,0,116.442,116.442,49.962,7.909,96.653,7.262,973.474,0,7.283,7.283,NA,22
"5/25/2022 2:29:10 PM",0,29.602,0.929,2.009,1824.4,996.454,0,80.059,80.059,14.367,7.899,96.59,7.264,989.956,0,7.285,7.285,NA,22
"5/25/2022 2:29:10 PM",0,29.447,0.761,1.656,1508.6,996.375,0,142.52,142.52,925.909,7.9,96.686,7.278,980.101,0,7.299,7.299,NA,22
"5/25/2022 2:29:10 PM",0,29.316,0.882,1.901,1736.5,996.504,0,133.276,133.276,855.271,7.896,96.506,7.26,966.847,0,7.281,7.281,NA,22
"5/25/2022 2:29:10 PM",0,29.156,0.858,1.846,1691.5,996.533,0,87.298,87.298,442.068,7.908,96.494,7.26,929.889,0,7.281,7.281,NA,22
"5/25/2022 2:29:10 PM",0,29.02,0.831,1.786,1641.2,996.554,0,466.438,466.438,323.08,7.91,96.248,7.243,919.269,0,7.264,7.264,NA,22
"5/25/2022 2:29:11 PM",0,28.88,0.766,1.647,1517.7,996.546,0,501.315,501.315,234.16,7.911,96.043,7.231,913.662,0,7.252,7.252,NA,22
"5/25/2022 2:29:11 PM",0,28.69,0.695,1.496,1383.8,996.548,0,357.898,357.898,560.125,7.917,96.133,7.242,915.871,0,7.263,7.263,NA,22
"5/25/2022 2:29:11 PM",0,28.365,0.599,1.289,1200,996.57,0,308.676,308.676,285.779,7.905,95.942,7.232,917.91,0,7.253,7.253,NA,22
"5/25/2022 2:29:11 PM",0,28.348,0.576,1.241,1155.8,996.558,0,180.658,180.658,145.998,7.897,95.926,7.232,932.438,0,7.253,7.253,NA,22
"5/25/2022 2:29:11 PM",0,28.361,0.555,1.198,1115.4,996.539,0,148.908,148.908,148.814,7.897,96.028,7.242,937.281,0,7.263,7.263,NA,22
"5/25/2022 2:29:12 PM",0,28.115,0.515,1.109,1037.6,996.579,0,467.764,467.764,231.252,7.9,95.798,7.228,910.943,0,7.249,7.249,NA,22
"5/25/2022 2:29:12 PM",0,27.681,0.48,1.028,970.9,996.676,0,410.491,410.491,105.226,7.898,95.643,7.222,931.419,0,7.243,7.243,NA,22
"5/25/2022 2:29:12 PM",0,27.647,0.481,1.03,973.5,996.687,0,137.504,137.504,47.511,7.897,95.681,7.227,920.374,0,7.248,7.248,NA,22
"5/25/2022 2:29:12 PM",0,27.581,0.453,0.971,918.6,996.684,0,95.2,95.2,23.86,7.895,95.718,7.233,914.512,0,7.254,7.254,NA,22
"5/25/2022 2:29:12 PM",0,27.502,0.427,0.914,866,996.686,0,32.529,32.529,17.243,7.895,95.553,7.223,894.716,0,7.244,7.244,NA,22
"5/25/2022 2:29:13 PM",0,27.48,0.441,0.944,895.1,996.703,0,28.925,28.925,0,7.888,95.126,7.192,984.944,0,7.213,7.213,NA,22
"5/25/2022 2:29:13 PM",0,27.519,0.4,0.859,814,996.661,0,47.865,47.865,44.491,7.878,95.231,7.207,974.409,0,7.227,7.227,NA,22
"5/25/2022 2:29:13 PM",0,27.524,0.397,0.853,808.1,996.658,0,153.987,153.987,75.486,7.873,95.25,7.211,978.572,0,7.232,7.232,NA,22
"5/25/2022 2:29:13 PM",0,27.518,0.387,0.831,787.7,996.652,0,111.348,111.348,46.438,7.869,95.25,7.214,982.565,0,7.235,7.235,NA,22
"5/25/2022 2:29:13 PM",0,27.506,0.381,0.819,776.3,996.651,0,97.408,97.408,49.114,7.871,95.084,7.204,952.404,0,7.225,7.225,NA,22
"5/25/2022 2:29:14 PM",0,27.432,0.363,0.781,741.1,996.658,0,18.808,18.808,9.207,7.844,94.992,7.203,927.341,0,7.224,7.224,NA,22
"5/25/2022 2:29:14 PM",0,27.318,0.357,0.765,728.1,996.685,0,174.916,174.916,36.433,7.835,94.906,7.2,752.832,0,7.221,7.221,NA,22
"5/25/2022 2:29:14 PM",0,27.044,0.348,0.744,711.5,996.754,0,116.543,116.543,49.78,7.828,94.973,7.209,794.548,0,7.23,7.23,NA,22
"5/25/2022 2:29:14 PM",0,26.825,0.348,0.74,711.2,996.814,0,63.467,63.467,144.64,7.831,94.626,7.185,821.65,0,7.206,7.206,NA,22
"5/25/2022 2:29:14 PM",0,26.671,0.344,0.73,703.9,996.854,0,23.301,23.301,46.015,7.826,94.343,7.165,819.186,0,7.186,7.186,NA,22
"5/25/2022 2:29:15 PM",0,26.449,0.421,0.884,856.6,996.972,0,5.539,5.539,6.247,7.821,94.016,7.14,771.864,0,7.161,7.161,NA,22
"5/25/2022 2:29:15 PM",0,26.427,0.527,1.098,1064.2,997.058,0,0,0,0,7.818,93.93,7.132,729.044,0,7.152,7.153,NA,22
"5/25/2022 2:29:15 PM",0,26.369,0.529,1.1,1068.3,997.075,0,1.521,1.521,0,7.808,93.773,7.121,813.494,0,7.141,7.141,NA,22
"5/25/2022 2:29:15 PM",0,26.386,0.515,1.072,1040.3,997.06,0,1.872,1.872,0,7.799,93.745,7.12,676.113,0,7.141,7.141,NA,22
"5/25/2022 2:29:15 PM",0,26.408,0.476,0.995,965.2,997.025,0,0.429,0.429,0,7.799,93.514,7.105,609.674,0,7.126,7.126,NA,22
"5/25/2022 2:29:16 PM",0,26.432,0.46,0.962,933.1,997.006,0,0.195,0.195,0,7.792,93.556,7.11,747.735,0,7.13,7.131,NA,22
"5/25/2022 2:29:16 PM",0,26.481,0.441,0.926,896.6,996.979,0,0,0,0,7.788,93.662,7.12,842.126,0,7.14,7.141,NA,22
"5/25/2022 2:29:16 PM",0,26.563,0.433,0.911,880.6,996.95,0,0.296,0.296,0,7.779,93.762,7.129,859.967,0,7.15,7.15,NA,22
"5/25/2022 2:29:16 PM",0,26.571,0.461,0.966,933.9,996.968,0,0.398,0.398,0.306,7.772,93.761,7.13,829.636,0,7.15,7.15,NA,22
"5/25/2022 2:29:16 PM",0,26.566,0.429,0.901,871.4,996.946,0,3.409,3.409,3.602,7.765,93.946,7.146,543.151,0,7.166,7.166,NA,22
"5/25/2022 2:29:17 PM",0,26.648,0.404,0.853,823.6,996.905,0,1.911,1.911,13.851,7.769,93.874,7.142,493.959,0,7.162,7.162,NA,22
"5/25/2022 2:29:17 PM",0,26.78,0.393,0.831,800,996.86,0,1.584,1.584,15,7.766,93.976,7.15,477.561,0,7.17,7.171,NA,22
"5/25/2022 2:29:17 PM",0,27.128,1.464,2.95,2818.4,997.569,0,2.793,2.793,21.695,7.765,94.358,7.136,451.479,0,7.157,7.157,NA,22
"5/25/2022 2:29:17 PM",0,30.782,2.249,4.747,4211.2,997.079,0,2.293,2.293,10.176,7.858,98.829,7.401,467.026,0,7.423,7.423,NA,22
"5/25/2022 2:29:18 PM",0,31.393,1.943,4.183,3667.7,996.66,0,7.512,7.512,9.691,7.929,97.69,7.292,478.751,0,7.313,7.313,NA,22
"5/25/2022 2:29:18 PM",0,31.606,2.054,4.424,3862.8,996.674,0,5.125,5.125,14.573,8.031,97.416,7.233,509.676,0,7.254,7.254,NA,22
"5/25/2022 2:29:18 PM",0,31.661,1.505,3.302,2880.1,996.248,0,2.754,2.754,13.41,8.175,96.574,7.164,484.103,0,7.184,7.184,NA,22
"5/25/2022 2:29:18 PM",0,31.649,1.445,3.177,2771.4,996.207,0,2.293,2.293,11.792,8.277,96.099,7.11,466.432,0,7.13,7.13,NA,22
"5/25/2022 2:29:18 PM",0,31.668,1.442,3.172,2766.5,996.199,0,1.935,1.935,11.836,8.326,95.658,7.061,440.009,0,7.081,7.081,NA,22
"5/25/2022 2:29:19 PM",0,31.668,1.46,3.208,2797.8,996.212,0,1.966,1.966,10.411,8.344,95.364,7.031,461.079,0,7.051,7.051,NA,22
"5/25/2022 2:29:19 PM",0,31.682,1.467,3.225,2812,996.214,0,2.067,2.067,9.985,8.361,94.954,6.994,482.574,0,7.014,7.014,NA,22
"5/25/2022 2:29:19 PM",0,31.692,1.418,3.122,2721.6,996.173,0,1.864,1.864,10.528,8.363,94.686,6.972,521.571,0,6.992,6.992,NA,22
"5/25/2022 2:29:19 PM",0,31.684,1.411,3.107,2709.1,996.171,0,1.818,1.818,10.367,8.362,94.361,6.944,591.153,0,6.964,6.964,NA,22
"5/25/2022 2:29:19 PM",0,31.673,1.381,3.044,2654.6,996.152,0,1.896,1.896,10.264,8.364,94.287,6.937,607.55,0,6.957,6.957,NA,22
"5/25/2022 2:29:20 PM",0,31.677,1.378,3.038,2648.7,996.148,0,2.122,2.122,10.866,8.364,94.326,6.938,581.723,0,6.958,6.958,NA,22
"5/25/2022 2:29:20 PM",0,31.676,1.357,2.994,2610.8,996.133,0,2.052,2.052,10.337,8.364,94.077,6.919,522.335,0,6.939,6.939,NA,22
"5/25/2022 2:29:20 PM",0,31.666,1.339,2.956,2577.8,996.123,0,1.942,1.942,9.956,8.354,93.839,6.9,459.465,0,6.92,6.92,NA,22
"5/25/2022 2:29:20 PM",0,31.662,1.339,2.956,2578.2,996.124,0,1.755,1.755,10.058,8.359,93.516,6.876,443.747,0,6.896,6.896,NA,22
"5/25/2022 2:29:20 PM",0,31.64,1.33,2.935,2561.3,996.124,0,1.896,1.896,9.853,8.363,93.509,6.876,509.336,0,6.896,6.896,NA,22
"5/25/2022 2:29:21 PM",0,31.628,1.302,2.876,2510.2,996.107,0,1.864,1.864,9.574,8.361,93.501,6.877,843.23,0,6.897,6.896,NA,22
"5/25/2022 2:29:21 PM",0,31.613,1.297,2.865,2501.5,996.108,0,1.599,1.599,9.779,8.357,93.422,6.871,941.019,0,6.891,6.891,NA,22
"5/25/2022 2:29:21 PM",0,31.611,1.284,2.839,2478.7,996.1,0,1.763,1.763,10.073,8.367,93.68,6.89,951.13,0,6.91,6.91,NA,22
"5/25/2022 2:29:21 PM",0,31.624,1.25,2.767,2415.1,996.07,0,1.872,1.872,10.367,8.36,93.732,6.895,940.764,0,6.915,6.915,NA,22
"5/25/2022 2:29:21 PM",0,31.624,1.255,2.778,2424.3,996.074,0,1.919,1.919,10.249,8.356,93.468,6.875,937.536,0,6.895,6.895,NA,22
"5/25/2022 2:29:22 PM",0,31.621,1.238,2.743,2394.5,996.062,0,1.825,1.825,10.029,8.351,93.573,6.883,938.47,0,6.903,6.903,NA,22
"5/25/2022 2:29:22 PM",0,31.616,1.259,2.786,2432.2,996.079,0,1.88,1.88,9.823,8.337,93.49,6.876,938.216,0,6.896,6.896,NA,22
"5/25/2022 2:29:22 PM",0,31.604,1.249,2.764,2413.3,996.075,0,1.989,1.989,10.572,8.34,93.474,6.875,968.801,0,6.895,6.895,NA,22
"5/25/2022 2:29:22 PM",0,31.596,1.232,2.727,2381.9,996.065,0,1.919,1.919,10.91,8.33,93.526,6.88,1000.916,0,6.9,6.9,NA,22
"5/25/2022 2:29:22 PM",0,31.615,1.237,2.739,2391.1,996.063,0,1.974,1.974,9.662,8.339,93.414,6.872,1039.318,0,6.892,6.892,NA,22
"5/25/2022 2:29:23 PM",0,31.624,1.233,2.731,2383.7,996.057,0,1.833,1.833,9.677,8.336,93.465,6.876,1083.837,0,6.896,6.896,NA,22
"5/25/2022 2:29:23 PM",0,31.642,1.206,2.676,2335,996.032,0,1.927,1.927,9.691,8.342,93.33,6.867,1109.58,0,6.887,6.887,NA,22
"5/25/2022 2:29:23 PM",0,31.684,1.218,2.703,2356.9,996.027,0,1.903,1.903,10.176,8.337,93.508,6.88,1116.207,0,6.899,6.899,NA,22
"5/25/2022 2:29:23 PM",0,31.69,1.212,2.691,2346.1,996.021,0,1.942,1.942,9.911,8.33,93.304,6.864,1118.671,0,6.884,6.884,NA,22
"5/25/2022 2:29:23 PM",0,31.683,1.228,2.724,2375,996.035,0,1.974,1.974,9.926,8.329,93.365,6.869,1123.174,0,6.888,6.888,NA,22
"5/25/2022 2:29:24 PM",0,31.678,1.214,2.694,2349.2,996.026,0,2.075,2.075,10.073,8.322,93.332,6.867,1125.723,0,6.887,6.886,NA,22
"5/25/2022 2:29:24 PM",0,31.669,1.208,2.681,2337.7,996.024,0,2.02,2.02,10.308,8.321,93.391,6.872,1124.703,0,6.892,6.892,NA,22
"5/25/2022 2:29:24 PM",0,31.664,1.225,2.716,2369.1,996.038,0,1.911,1.911,10.102,8.319,93.331,6.868,1123.089,0,6.887,6.887,NA,22
"5/25/2022 2:29:24 PM",0,31.655,1.22,2.705,2359.6,996.037,0,1.825,1.825,10.19,8.313,93.317,6.868,1124.618,0,6.887,6.887,NA,22
"5/25/2022 2:29:24 PM",0,31.645,1.229,2.724,2376.3,996.047,0,1.958,1.958,10.249,8.315,93.168,6.857,1126.318,0,6.877,6.877,NA,22
"5/25/2022 2:29:25 PM",0,31.63,1.227,2.72,2374.2,996.051,0,1.841,1.841,9.794,8.308,93.345,6.871,1126.827,0,6.891,6.891,NA,22
"5/25/2022 2:29:25 PM",0,31.626,1.233,2.731,2383.7,996.057,0,1.997,1.997,9.853,8.311,93.336,6.871,1127.677,0,6.891,6.891,NA,22
"5/25/2022 2:29:25 PM",0,31.619,1.231,2.727,2380.2,996.057,0,1.81,1.81,10.719,8.306,93.2,6.861,1128.696,0,6.881,6.881,NA,22
"5/25/2022 2:29:25 PM",0,31.62,1.227,2.718,2372.6,996.054,0,1.935,1.935,10.337,8.309,93.331,6.872,1128.526,0,6.891,6.891,NA,22
"5/25/2022 2:29:25 PM",0,31.627,1.22,2.704,2360.2,996.047,0,1.997,1.997,9.882,8.307,93.157,6.86,1129.631,0,6.88,6.88,NA,22
"5/25/2022 2:29:26 PM",0,31.632,1.205,2.674,2333.2,996.034,0,1.966,1.966,10.469,8.295,93.219,6.865,1130.481,0,6.885,6.885,NA,22
"5/25/2022 2:29:26 PM",0,31.636,1.202,2.666,2326.6,996.03,0,1.701,1.701,10.337,8.286,93.193,6.864,1132.52,0,6.884,6.884,NA,22
"5/25/2022 2:29:26 PM",0,31.631,1.195,2.652,2314.5,996.027,0,1.919,1.919,9.501,8.29,93.117,6.86,1133.539,0,6.879,6.879,NA,22
"5/25/2022 2:29:26 PM",0,31.629,1.195,2.652,2314.2,996.027,0,2.028,2.028,10.205,8.289,93.215,6.867,1132.69,0,6.887,6.887,NA,22
"5/25/2022 2:29:26 PM",0,31.63,1.191,2.645,2308.1,996.024,0,1.771,1.771,9.911,8.288,93.347,6.878,1134.644,0,6.897,6.897,NA,22
"5/25/2022 2:29:27 PM",0,31.626,1.188,2.638,2302.6,996.024,0,1.911,1.911,9.809,8.302,93.15,6.864,1133.794,0,6.883,6.883,NA,22
"5/25/2022 2:29:27 PM",0,31.622,1.195,2.652,2314.9,996.03,0,1.927,1.927,10.323,8.295,93.266,6.873,1132.52,0,6.892,6.892,NA,22
"5/25/2022 2:29:27 PM",0,31.616,1.186,2.633,2298.4,996.025,0,2.02,2.02,10.499,8.283,93.415,6.884,1132.605,0,6.904,6.904,NA,22
"5/25/2022 2:29:27 PM",0,31.617,1.191,2.643,2306.7,996.028,0,2.262,2.262,9.735,8.285,93.333,6.878,1132.944,0,6.898,6.898,NA,22
"5/25/2022 2:29:28 PM",0,31.618,1.187,2.635,2299.9,996.025,0,1.903,1.903,9.735,8.295,93.267,6.874,1131.33,0,6.894,6.894,NA,22
"5/25/2022 2:29:28 PM",0,31.614,1.188,2.637,2301.9,996.027,0,2.005,2.005,9.677,8.288,93.166,6.868,1129.206,0,6.887,6.887,NA,22
"5/25/2022 2:29:28 PM",0,31.612,1.185,2.631,2296.6,996.025,0,1.545,1.545,9.823,8.277,93.22,6.872,1127.592,0,6.892,6.892,NA,22
"5/25/2022 2:29:28 PM",0,31.612,1.184,2.628,2294.2,996.025,0,1.56,1.56,9.882,8.274,93.215,6.872,1126.572,0,6.892,6.892,NA,22
"5/25/2022 2:29:28 PM",0,31.608,1.183,2.625,2292,996.025,0,1.74,1.74,10.675,8.266,93.315,6.88,1125.808,0,6.9,6.9,NA,22
"5/25/2022 2:29:29 PM",0,31.607,1.177,2.612,2280.7,996.02,0,1.903,1.903,11.057,8.26,93.241,6.876,1126.063,0,6.895,6.895,NA,22
"5/25/2022 2:29:29 PM",0,31.614,1.166,2.591,2261.8,996.011,0,2.028,2.028,11.116,8.265,93.291,6.88,1126.572,0,6.9,6.899,NA,22
"5/25/2022 2:29:29 PM",0,31.614,1.17,2.598,2268.2,996.013,0,1.989,1.989,10.69,8.269,93.296,6.88,1126.912,0,6.9,6.9,NA,22
"5/25/2022 2:29:29 PM",0,31.622,1.16,2.579,2250.7,996.004,0,1.981,1.981,10.249,8.273,93.152,6.871,1128.781,0,6.89,6.89,NA,22
"5/25/2022 2:29:29 PM",0,31.625,1.158,2.575,2247.2,996.001,0,2.036,2.036,10.69,8.267,93.231,6.877,1129.971,0,6.897,6.897,NA,22
"5/25/2022 2:29:30 PM",0,31.625,1.16,2.578,2249.8,996.002,0,1.802,1.802,10.029,8.267,93.228,6.877,1131.245,0,6.897,6.897,NA,22
"5/25/2022 2:29:30 PM",0,31.626,1.155,2.568,2241.3,995.999,0,1.724,1.724,10.161,8.269,93.228,6.877,1131.925,0,6.897,6.897,NA,22
"5/25/2022 2:29:30 PM",0,31.625,1.151,2.559,2233.3,995.996,0,2.122,2.122,10.014,8.273,93.19,6.875,1131.925,0,6.895,6.895,NA,22
"5/25/2022 2:29:30 PM",0,31.624,1.147,2.551,2226.7,995.993,0,1.864,1.864,10.22,8.266,93.163,6.873,1133.284,0,6.893,6.893,NA,22
"5/25/2022 2:29:30 PM",0,31.623,1.146,2.549,2225,995.993,0,2.036,2.036,10.337,8.271,93.187,6.875,1134.304,0,6.894,6.894,NA,22
"5/25/2022 2:29:31 PM",0,31.62,1.146,2.549,2225.1,995.994,0,2.184,2.184,10.117,8.264,93.317,6.884,1135.323,0,6.904,6.904,NA,22
"5/25/2022 2:29:31 PM",0,31.62,1.144,2.543,2220.1,995.992,0,2.013,2.013,9.765,8.262,93.144,6.871,1136.513,0,6.891,6.891,NA,22
"5/25/2022 2:29:31 PM",0,31.62,1.14,2.535,2212.5,995.989,0,1.779,1.779,10,8.267,93.052,6.864,1137.872,0,6.884,6.884,NA,22
"5/25/2022 2:29:31 PM",0,31.615,1.144,2.543,2219.9,995.993,0,1.864,1.864,10.264,8.272,93.071,6.865,1138.297,0,6.885,6.884,NA,22
"5/25/2022 2:29:31 PM",0,31.612,1.137,2.529,2207.7,995.99,0,1.825,1.825,10.278,8.282,93.072,6.864,1138.977,0,6.884,6.884,NA,22
"5/25/2022 2:29:32 PM",0,31.607,1.135,2.525,2204.9,995.99,0,1.935,1.935,9.647,8.284,93.169,6.871,1139.741,0,6.891,6.891,NA,22
"5/25/2022 2:32:19 PM",0,27.57,0.029,0.048,45.4,996.367,0,12.887,12.887,3.485,7.927,92.135,6.789,956.652,0,6.809,6.809,NA,22
"5/25/2022 2:32:19 PM",0,27.593,0.029,0.048,45.2,996.361,0,13.246,13.246,1.544,7.926,92.121,6.789,969.566,0,6.808,6.808,NA,22
"5/25/2022 2:32:19 PM",0,27.593,0.028,0.047,44.6,996.361,0,11.881,11.881,0,7.923,92.217,6.798,951.215,0,6.817,6.817,NA,22
"5/25/2022 2:32:19 PM",0,27.716,0.028,0.047,44.4,996.326,0,11.21,11.21,0,7.924,92.516,6.821,970.246,0,6.84,6.84,NA,22
"5/25/2022 2:32:19 PM",0,28.772,49.738,77.675,71723,1033.251,33.261,6.326,6.326,0,7.594,93.186,5.25,945.097,0,5.261,5.264,NA,22
"5/25/2022 2:32:19 PM",0,29.729,48.056,76.724,69494.7,1031.641,31.651,3.315,3.315,3.091,7.546,94.807,5.402,989.871,0,5.414,5.417,NA,22
"5/25/2022 2:32:20 PM",0,30.078,49.454,79.163,71208.2,1032.575,32.584,1.186,1.186,1.457,7.567,95.731,5.422,1031.332,0,5.434,5.437,NA,22
"5/25/2022 2:32:20 PM",0,30.036,49.483,79.143,71249.7,1032.612,32.621,0.211,0.211,0.277,7.62,95.948,5.445,450.629,0,5.457,5.46,NA,22
"5/25/2022 2:32:20 PM",0,30.01,49.434,79.038,71191.8,1032.585,32.594,0.14,0.14,0.189,7.653,95.797,5.448,437.29,0,5.459,5.462,NA,22
"5/25/2022 2:32:20 PM",0,29.993,49.398,78.964,71148.3,1032.563,32.572,0.094,0.094,0.116,7.681,95.885,5.461,495.403,0,5.473,5.476,NA,22
"5/25/2022 2:32:21 PM",0,29.977,49.504,79.087,71282.9,1032.65,32.658,0.055,0.055,0.087,7.709,96.19,5.479,545.614,0,5.491,5.494,NA,22
"5/25/2022 2:32:21 PM",0,29.871,49.517,78.954,71311.3,1032.697,32.706,0.047,0.047,0.073,7.75,96.224,5.487,579.938,0,5.499,5.502,NA,22
"5/25/2022 2:32:21 PM",0,29.823,49.563,78.948,71374.3,1032.749,32.757,0.055,0.055,0.073,7.77,96.153,5.485,617.661,0,5.497,5.5,NA,22
"5/25/2022 2:32:21 PM",0,29.81,49.565,78.931,71378.1,1032.755,32.764,0.055,0.055,0.131,7.797,96.226,5.492,615.282,0,5.504,5.507,NA,22
"5/25/2022 2:32:21 PM",0,29.815,49.462,78.796,71249.5,1032.676,32.684,0.047,0.047,0.102,7.819,96.24,5.498,516.813,0,5.51,5.513,NA,22
"5/25/2022 2:32:22 PM",0,29.817,49.454,78.787,71238.4,1032.668,32.677,0.047,0.047,0.073,7.838,96.273,5.502,521.571,0,5.514,5.517,NA,22
"5/25/2022 2:32:22 PM",0,29.819,49.433,78.763,71212.4,1032.651,32.661,0.008,0.008,0,7.859,96.254,5.503,564.306,0,5.515,5.518,NA,22
"5/25/2022 2:32:22 PM",0,29.82,49.414,78.738,71188.8,1032.637,32.646,0.055,0.055,0.029,7.875,96.24,5.504,571.867,0,5.516,5.52,NA,22
"5/25/2022 2:32:22 PM",0,29.817,49.417,78.736,71191.9,1032.639,32.649,0.062,0.062,0.073,7.887,96.27,5.507,635.417,0,5.519,5.522,NA,22
"5/25/2022 2:32:22 PM",0,29.808,49.594,78.969,71415,1032.777,32.787,0.039,0.039,0.029,7.902,96.306,5.504,816.638,0,5.517,5.52,NA,22
"5/25/2022 2:32:23 PM",0,29.885,49.748,79.293,71598,1032.866,32.875,0.179,0.179,0.248,7.919,96.699,5.522,894.716,0,5.534,5.537,NA,22
"5/25/2022 2:32:23 PM",0,30.034,49.561,79.249,71347.5,1032.672,32.681,0.211,0.211,0.451,7.928,96.989,5.54,662.945,0,5.553,5.556,NA,22
"5/25/2022 2:32:23 PM",0,30.012,49.297,78.85,71019,1032.48,32.488,0.117,0.117,0.233,7.944,96.829,5.536,520.721,0,5.548,5.551,NA,22
"5/25/2022 2:32:23 PM",0,29.837,49.388,78.727,71154.1,1032.612,32.62,0.078,0.078,0.116,7.956,96.242,5.499,467.791,0,5.511,5.514,NA,22
"5/25/2022 2:32:23 PM",0,29.788,49.435,78.72,71218.1,1032.666,32.673,0,0,0,7.97,96.032,5.486,416.135,0,5.499,5.502,NA,22
"5/25/2022 2:32:24 PM",0,29.777,49.456,78.734,71245.8,1032.686,32.693,0.117,0.117,0.248,7.987,95.89,5.482,478.666,0,5.494,5.497,NA,22
"5/25/2022 2:32:24 PM",0,29.776,49.465,78.744,71257.2,1032.694,32.7,0.094,0.094,0.16,7.994,96.109,5.496,475.182,0,5.509,5.512,NA,22
"5/25/2022 2:32:24 PM",0,29.773,49.48,78.762,71277.2,1032.707,32.713,0.047,0.047,0.073,8.002,96.284,5.508,464.562,0,5.52,5.523,NA,22
"5/25/2022 2:32:24 PM",0,29.77,49.497,78.78,71297.9,1032.721,32.726,0.016,0.016,0,8.007,96.291,5.509,485.887,0,5.521,5.524,NA,22
"5/25/2022 2:32:24 PM",0,29.77,49.503,78.788,71306.1,1032.726,32.731,0.055,0.055,0.116,8.014,96.147,5.501,510.441,0,5.513,5.516,NA,22
"5/25/2022 2:32:25 PM",0,29.774,49.501,78.792,71303.2,1032.723,32.728,0.047,0.047,0.058,8.017,96.139,5.501,464.817,0,5.513,5.516,NA,22
"5/25/2022 2:32:25 PM",0,29.779,49.47,78.756,71263.6,1032.698,32.703,0.039,0.039,0.058,8.023,96.105,5.501,452.158,0,5.513,5.516,NA,22
"5/25/2022 2:32:25 PM",0,29.782,49.466,78.755,71258.6,1032.694,32.699,0.023,0.023,0.015,8.026,96.145,5.505,443.322,0,5.517,5.52,NA,22
"5/25/2022 2:32:25 PM",0,29.776,49.482,78.769,71278.6,1032.708,32.713,0.039,0.039,0.015,8.031,96.221,5.509,545.53,0,5.522,5.525,NA,22
"5/25/2022 2:32:25 PM",0,29.776,49.466,78.746,71258.7,1032.696,32.701,0.039,0.039,0.058,8.034,96.304,5.515,465.242,0,5.528,5.531,NA,22
"5/25/2022 2:32:26 PM",0,29.775,49.46,78.737,71251.7,1032.692,32.697,0.031,0.031,0,8.04,96.208,5.51,453.093,0,5.523,5.526,NA,22
"5/25/2022 2:32:26 PM",0,29.776,49.461,78.739,71253.1,1032.693,32.697,0.031,0.031,0.029,8.04,96.248,5.513,482.319,0,5.526,5.529,NA,22
"5/25/2022 2:32:26 PM",0,29.774,49.475,78.755,71270.3,1032.703,32.708,0.055,0.055,0.058,8.044,96.322,5.517,492.514,0,5.53,5.533,NA,22
"5/25/2022 2:32:26 PM",0,29.777,49.477,78.762,71272.8,1032.704,32.709,0.031,0.031,0.058,8.044,96.283,5.515,490.475,0,5.527,5.53,NA,22
"5/25/2022 2:32:26 PM",0,29.778,49.481,78.769,71277.7,1032.706,32.712,0.031,0.031,0.116,8.039,96.289,5.514,534.74,0,5.526,5.53,NA,22
"5/25/2022 2:32:27 PM",0,29.778,49.485,78.776,71282.8,1032.709,32.715,0.008,0.008,0.015,8.047,96.326,5.516,510.951,0,5.528,5.531,NA,22
"5/25/2022 2:32:27 PM",0,29.778,49.495,78.789,71295.6,1032.717,32.723,0.016,0.016,0,8.05,96.384,5.518,508.487,0,5.53,5.534,NA,22
"5/25/2022 2:32:27 PM",0,29.777,49.495,78.787,71294.8,1032.717,32.722,0.07,0.07,0.087,8.051,96.258,5.511,519.617,0,5.523,5.526,NA,22
"5/25/2022 2:32:27 PM",0,29.781,49.497,78.796,71297.2,1032.717,32.723,0.031,0.031,0.058,8.054,96.313,5.514,526.753,0,5.527,5.53,NA,22
"5/25/2022 2:32:27 PM",0,29.781,49.497,78.796,71297.3,1032.717,32.723,0.047,0.047,0.058,8.051,96.257,5.512,568.299,0,5.524,5.527,NA,22
"5/25/2022 2:32:28 PM",0,29.782,49.496,78.796,71296,1032.716,32.722,0.031,0.031,0.015,8.051,96.218,5.51,498.207,0,5.522,5.525,NA,22
"5/25/2022 2:32:28 PM",0,29.784,49.493,78.794,71291.4,1032.713,32.718,0.016,0.016,0,8.053,96.369,5.518,498.801,0,5.531,5.534,NA,22
"5/25/2022 2:32:28 PM",0,29.783,49.495,78.796,71294,1032.715,32.72,0.031,0.031,0.087,8.056,96.347,5.517,444.597,0,5.53,5.533,NA,22
"5/25/2022 2:32:28 PM",0,29.781,49.491,78.789,71290,1032.713,32.718,0.055,0.055,0.087,8.059,96.367,5.519,465.327,0,5.532,5.535,NA,22
"5/25/2022 2:32:28 PM",0,29.779,49.478,78.768,71273.5,1032.704,32.709,0.023,0.023,0.029,8.06,96.236,5.513,426.075,0,5.525,5.528,NA,22
"5/25/2022 2:32:29 PM",0,29.777,49.477,78.763,71272.9,1032.705,32.709,0.039,0.039,0.073,8.063,96.315,5.518,436.016,0,5.53,5.533,NA,22
"5/25/2022 2:32:29 PM",0,29.768,49.474,78.746,71270.6,1032.706,32.71,0.031,0.031,0.087,8.056,96.271,5.515,507.043,0,5.528,5.531,NA,22
"5/25/2022 2:32:29 PM",0,29.763,49.477,78.743,71274.8,1032.711,32.714,0.031,0.031,0.102,8.059,96.291,5.516,415.286,0,5.528,5.531,NA,22
"5/25/2022 2:32:29 PM",0,29.76,49.478,78.74,71276.5,1032.713,32.716,0.047,0.047,0.073,8.059,96.348,5.519,376.374,0,5.531,5.534,NA,22
"5/25/2022 2:32:30 PM",0,29.763,49.479,78.746,71276.9,1032.712,32.715,0.047,0.047,0.044,8.064,96.404,5.522,395.405,0,5.534,5.537,NA,22
"5/25/2022 2:32:30 PM",0,29.764,49.471,78.737,71267.6,1032.706,32.709,0.031,0.031,0.015,8.064,96.182,5.509,418.174,0,5.522,5.525,NA,22
"5/25/2022 2:32:30 PM",0,29.766,49.47,78.737,71265.6,1032.705,32.708,0.008,0.008,0,8.065,96.339,5.52,499.311,0,5.532,5.535,NA,22
"5/25/2022 2:32:30 PM",0,29.764,49.469,78.733,71264,1032.704,32.707,0.047,0.047,0.102,8.065,96.348,5.521,462.523,0,5.533,5.536,NA,22
"5/25/2022 2:32:30 PM",0,29.763,49.477,78.744,71275.2,1032.711,32.714,0.039,0.039,0.058,8.066,96.382,5.523,427.01,0,5.536,5.539,NA,22
"5/25/2022 2:32:31 PM",0,29.764,49.478,78.746,71275.4,1032.711,32.714,0.031,0.031,0.058,8.064,96.401,5.524,438.989,0,5.537,5.54,NA,22
"5/25/2022 2:32:31 PM",0,29.77,49.479,78.756,71276,1032.709,32.713,0.047,0.047,0.044,8.065,96.268,5.516,394.045,0,5.529,5.532,NA,22
"5/25/2022 2:32:31 PM",0,29.774,49.48,78.763,71277.1,1032.709,32.712,0.055,0.055,0.044,8.066,96.473,5.528,394.64,0,5.54,5.543,NA,22
"5/25/2022 2:32:31 PM",0,29.775,49.483,78.769,71280.6,1032.71,32.714,0.047,0.047,0,8.065,96.355,5.521,420.128,0,5.533,5.536,NA,22
"5/25/2022 2:32:31 PM",0,29.777,49.487,78.776,71284.7,1032.712,32.716,0.023,0.023,0.015,8.067,96.304,5.517,425.226,0,5.529,5.533,NA,22
"5/25/2022 2:32:32 PM",0,29.776,49.491,78.781,71290.4,1032.716,32.72,0.016,0.016,0.029,8.073,96.337,5.519,371.786,0,5.531,5.534,NA,22
"5/25/2022 2:32:32 PM",0,29.77,49.501,78.787,71303.8,1032.726,32.729,0.023,0.023,0,8.071,96.355,5.52,392.686,0,5.532,5.536,NA,22
"5/25/2022 2:32:32 PM",0,29.773,49.498,78.787,71299.8,1032.723,32.726,0.023,0.023,0.044,8.067,96.267,5.516,451.309,0,5.528,5.531,NA,22
"5/25/2022 2:32:32 PM",0,29.777,49.503,78.799,71305,1032.726,32.728,0.055,0.055,0.087,8.07,96.264,5.515,414.691,0,5.527,5.531,NA,22
"5/25/2022 2:32:32 PM",0,29.767,49.506,78.788,71310.1,1032.732,32.734,0.047,0.047,0.073,8.075,96.446,5.525,388.778,0,5.538,5.541,NA,22
"5/25/2022 2:32:33 PM",0,29.764,49.493,78.766,71294.3,1032.724,32.725,0.031,0.031,0.058,8.076,96.337,5.519,379.177,0,5.531,5.534,NA,22
"5/25/2022 2:32:33 PM",0,29.758,49.485,78.748,71285.9,1032.721,32.722,0.039,0.039,0.015,8.073,96.217,5.512,339.926,0,5.524,5.527,NA,22
"5/25/2022 2:32:33 PM",0,29.761,49.481,78.746,71279.8,1032.716,32.717,0.039,0.039,0.073,8.077,96.205,5.511,353.01,0,5.523,5.526,NA,22
"5/25/2022 2:32:33 PM",0,29.76,49.469,78.728,71265.2,1032.708,32.709,0.039,0.039,0.073,8.076,96.256,5.514,411.717,0,5.526,5.53,NA,22
"5/25/2022 2:32:33 PM",0,29.746,49.466,78.705,71263.2,1032.711,32.711,0.039,0.039,0.044,8.078,96.29,5.516,451.309,0,5.529,5.532,NA,22
"5/25/2022 2:32:34 PM",0.107,29.723,49.492,78.706,71298.7,1032.74,32.74,0.039,0.039,0.044,8.077,96.271,5.515,383.765,0,5.528,5.531,NA,22
"5/25/2022 2:32:34 PM",0.178,29.735,49.48,78.707,71282.1,1032.727,32.726,0.031,0.031,0.073,8.078,96.389,5.523,318.091,0,5.535,5.538,NA,22
"5/25/2022 2:32:34 PM",0.25,29.739,49.475,78.706,71275.4,1032.722,32.721,0.039,0.039,0.058,8.079,96.365,5.522,303.818,0,5.534,5.537,NA,22
"5/25/2022 2:32:34 PM",0.265,29.72,49.498,78.711,71306.1,1032.746,32.745,0.031,0.031,0.029,8.077,96.343,5.52,346.128,0,5.533,5.536,NA,22
"5/25/2022 2:32:34 PM",0.158,29.729,49.473,78.689,71274,1032.724,32.723,0.031,0.031,0.029,8.078,96.209,5.515,369.662,0,5.528,5.531,NA,22
"5/25/2022 2:32:35 PM",0.071,29.73,49.484,78.706,71287.8,1032.731,32.731,0.055,0.055,0.073,8.077,96.269,5.519,318.516,0,5.531,5.535,NA,22
"5/25/2022 2:32:35 PM",0,29.727,49.489,78.708,71294.8,1032.736,32.736,0.062,0.062,0.073,8.076,96.266,5.519,285.211,0,5.532,5.535,NA,22
"5/25/2022 2:32:35 PM",0,29.73,49.492,78.718,71298,1032.737,32.737,0.055,0.055,0.029,8.078,96.28,5.521,306.706,0,5.533,5.536,NA,22
"5/25/2022 2:32:35 PM",0,29.735,49.486,78.716,71290,1032.73,32.731,0.039,0.039,0,8.077,96.352,5.524,315.457,0,5.537,5.54,NA,22
"5/25/2022 2:32:35 PM",0,29.731,49.491,78.717,71295.8,1032.735,32.736,0.031,0.031,0.044,8.073,96.379,5.525,351.141,0,5.538,5.541,NA,22
"5/25/2022 2:32:36 PM",0,29.726,49.495,78.716,71302.2,1032.74,32.741,0.047,0.047,0.073,8.075,96.309,5.521,338.906,0,5.534,5.537,NA,22
"5/25/2022 2:32:36 PM",0,29.724,49.497,78.715,71304.8,1032.742,32.743,0.023,0.023,0,8.073,96.307,5.521,341.88,0,5.534,5.537,NA,22
"5/25/2022 2:32:36 PM",0,29.724,49.499,78.718,71307.4,1032.744,32.745,0.039,0.039,0.029,8.069,96.41,5.527,313.503,0,5.54,5.543,NA,22
"5/25/2022 2:32:36 PM",0,29.725,49.491,78.709,71297.5,1032.738,32.738,0.031,0.031,0.044,8.075,96.238,5.518,302.628,0,5.53,5.533,NA,22
"5/25/2022 2:32:36 PM",0,29.723,49.501,78.72,71310,1032.746,32.746,0.023,0.023,0.015,8.08,96.342,5.524,346.383,0,5.537,5.54,NA,22
"5/25/2022 2:32:37 PM",0,29.724,49.497,78.716,71304.7,1032.743,32.743,0.031,0.031,0.058,8.072,96.265,5.521,440.604,0,5.533,5.536,NA,22
"5/25/2022 2:32:37 PM",0.06,29.727,49.495,78.716,71302.1,1032.741,32.741,0.039,0.039,0.102,8.076,96.292,5.522,389.797,0,5.535,5.538,NA,22
"5/25/2022 2:32:37 PM",0.124,29.726,49.497,78.718,71304.6,1032.743,32.742,0.031,0.031,0.015,8.082,96.464,5.532,299.06,0,5.544,5.548,NA,22
"5/25/2022 2:32:37 PM",0.231,29.709,49.506,78.706,71318.4,1032.756,32.755,0.023,0.023,0,8.084,96.351,5.525,349.696,0,5.538,5.541,NA,22
"5/25/2022 2:32:37 PM",0.311,29.697,49.494,78.672,71304,1032.751,32.75,0.039,0.039,0.044,8.084,96.243,5.519,337.632,0,5.532,5.535,NA,22
"5/25/2022 2:32:38 PM",0.41,29.694,49.49,78.662,71299.1,1032.75,32.748,0.031,0.031,0.029,8.082,96.255,5.52,305.347,0,5.533,5.536,NA,22
"5/25/2022 2:32:38 PM",0.511,29.695,49.483,78.654,71291.3,1032.745,32.743,0.031,0.031,0.029,8.083,96.331,5.524,296.851,0,5.537,5.54,NA,22
"5/25/2022 2:32:38 PM",0.598,29.688,49.485,78.647,71294.7,1032.749,32.747,0.039,0.039,0.029,8.087,96.395,5.528,287.42,0,5.541,5.544,NA,22
"5/25/2022 2:32:38 PM",0.721,29.67,49.492,78.632,71305.7,1032.762,32.759,0.031,0.031,0.029,8.071,96.216,5.518,286.061,0,5.531,5.534,NA,22
"5/25/2022 2:32:38 PM",0.744,29.656,49.503,78.626,71320.6,1032.775,32.771,0.031,0.031,0.073,8.058,96.157,5.515,286.316,0,5.527,5.531,NA,22
"5/25/2022 2:32:39 PM",0.733,29.654,49.501,78.621,71318.3,1032.774,32.771,0.031,0.031,0.058,8.069,96.241,5.521,274.676,0,5.534,5.537,NA,22
"5/25/2022 2:32:39 PM",0.721,29.657,49.498,78.62,71314.6,1032.771,32.768,0.031,0.031,0.044,8.077,96.159,5.518,269.749,0,5.53,5.534,NA,22
"5/25/2022 2:32:39 PM",0.74,29.667,49.514,78.658,71333.5,1032.779,32.776,0.031,0.031,0.029,8.081,96.229,5.522,265.756,0,5.534,5.538,NA,22
"5/25/2022 2:32:39 PM",0.744,29.684,49.503,78.666,71317.2,1032.765,32.762,0.023,0.023,0,8.084,96.204,5.521,282.833,0,5.534,5.537,NA,22
"5/25/2022 2:32:40 PM",0.714,29.686,49.52,78.692,71338,1032.777,32.774,0.039,0.039,0.029,8.089,96.308,5.528,298.295,0,5.54,5.544,NA,22
"5/25/2022 2:32:40 PM",0.683,29.688,49.53,78.709,71350.7,1032.784,32.781,0.039,0.039,0.029,8.09,96.397,5.533,276.885,0,5.546,5.549,NA,22
"5/25/2022 2:32:40 PM",0.643,29.697,49.524,78.713,71341.5,1032.776,32.773,0.031,0.031,0.029,8.083,96.329,5.529,273.827,0,5.542,5.545,NA,22
"5/25/2022 2:32:40 PM",0.601,29.713,49.513,78.723,71326.8,1032.762,32.759,0.023,0.023,0,8.075,96.388,5.532,321.914,0,5.545,5.548,NA,22
"5/25/2022 2:32:40 PM",0.589,29.72,49.492,78.703,71299.4,1032.743,32.741,0.031,0.031,0.044,8.078,96.46,5.536,332.024,0,5.549,5.552,NA,22
"5/25/2022 2:32:41 PM",0.584,29.718,49.499,78.71,71307.6,1032.749,32.746,0.039,0.039,0,8.082,96.382,5.531,305.857,0,5.544,5.547,NA,22
"5/25/2022 2:32:41 PM",0.585,29.714,49.506,78.714,71317.5,1032.756,32.753,0.039,0.039,0.015,8.083,96.238,5.522,300.759,0,5.535,5.538,NA,22
"5/25/2022 2:32:41 PM",0.599,29.715,49.489,78.692,71296.2,1032.743,32.74,0.039,0.039,0.015,8.085,96.432,5.533,284.702,0,5.546,5.549,NA,22
"5/25/2022 2:32:41 PM",0.617,29.709,49.485,78.677,71291.4,1032.742,32.739,0.031,0.031,0.044,8.089,96.275,5.525,283.597,0,5.537,5.54,NA,22
"5/25/2022 2:32:41 PM",0.653,29.7,49.491,78.672,71300.1,1032.75,32.747,0.039,0.039,0,8.088,96.275,5.524,282.917,0,5.537,5.54,NA,22
"5/25/2022 2:32:42 PM",0.693,29.691,49.503,78.676,71316.2,1032.762,32.759,0.031,0.031,0,8.089,96.378,5.531,318.431,0,5.543,5.547,NA,22
"5/25/2022 2:32:42 PM",0.735,29.687,49.509,78.68,71324.3,1032.768,32.765,0.031,0.031,0.015,8.093,96.304,5.527,311.039,0,5.54,5.543,NA,22
"5/25/2022 2:32:42 PM",0.787,29.682,49.477,78.627,71284.3,1032.746,32.742,0.047,0.047,0.029,8.092,96.304,5.529,299.06,0,5.542,5.545,NA,22
"5/25/2022 2:32:42 PM",0.825,29.674,49.48,78.621,71290.4,1032.752,32.748,0.039,0.039,0.044,8.092,96.336,5.531,300.504,0,5.544,5.547,NA,22
"5/25/2022 2:32:42 PM",0.848,29.671,49.48,78.615,71289.6,1032.752,32.749,0.039,0.039,0.029,8.093,96.249,5.527,292.008,0,5.539,5.542,NA,22
"5/25/2022 2:32:43 PM",0.865,29.668,49.486,78.621,71298.3,1032.758,32.755,0.031,0.031,0.029,8.09,96.298,5.53,306.961,0,5.543,5.546,NA,22
"5/25/2022 2:32:43 PM",0.871,29.666,49.486,78.618,71298.7,1032.759,32.755,0.016,0.016,0.029,8.07,96.293,5.531,316.732,0,5.543,5.546,NA,22
"5/25/2022 2:32:43 PM",0.855,29.665,49.485,78.613,71296.6,1032.758,32.755,0.023,0.023,0.044,8.077,96.254,5.528,306.197,0,5.54,5.543,NA,22
"5/25/2022 2:32:43 PM",0.839,29.662,49.487,78.613,71300.5,1032.761,32.758,0.047,0.047,0.044,8.076,96.224,5.526,292.773,0,5.539,5.542,NA,22
"5/25/2022 2:32:43 PM",0.803,29.66,49.487,78.61,71300.6,1032.762,32.758,0.031,0.031,0.044,8.083,96.234,5.527,304.837,0,5.539,5.543,NA,22
"5/25/2022 2:32:44 PM",0.761,29.658,49.489,78.609,71302.8,1032.763,32.76,0.031,0.031,0.015,8.08,96.307,5.531,305.772,0,5.543,5.546,NA,22
"5/25/2022 2:32:44 PM",0.684,29.657,49.493,78.614,71308.2,1032.767,32.764,0.023,0.023,0.015,8.081,96.282,5.529,310.615,0,5.541,5.544,NA,22
"5/25/2022 2:32:44 PM",0.632,29.66,49.493,78.618,71307.9,1032.766,32.763,0.031,0.031,0.029,8.088,96.333,5.531,288.015,0,5.543,5.546,NA,22
"5/25/2022 2:32:44 PM",0.585,29.662,49.494,78.622,71308,1032.765,32.762,0.023,0.023,0.029,8.089,96.441,5.537,251.142,0,5.55,5.553,NA,22
"5/25/2022 2:32:44 PM",0.545,29.661,49.497,78.625,71312,1032.767,32.765,0.031,0.031,0.044,8.085,96.23,5.525,238.568,0,5.538,5.541,NA,22
"5/25/2022 2:32:45 PM",0.511,29.662,49.497,78.627,71312.2,1032.767,32.765,0.031,0.031,0.044,8.084,96.322,5.53,252.927,0,5.543,5.546,NA,22
"5/25/2022 2:32:45 PM",0.488,29.663,49.498,78.63,71313.8,1032.768,32.765,0.008,0.008,0,8.081,96.319,5.53,267.455,0,5.542,5.546,NA,22
"5/25/2022 2:32:45 PM",0.5,29.665,49.496,78.629,71310,1032.765,32.763,0.023,0.023,0.015,8.075,96.308,5.53,325.992,0,5.542,5.545,NA,22
"5/25/2022 2:32:45 PM",0.502,29.667,49.494,78.629,71307.3,1032.763,32.76,0.023,0.023,0.044,8.077,96.338,5.532,305.857,0,5.544,5.547,NA,22
"5/25/2022 2:32:45 PM",0.528,29.668,49.494,78.631,71307.1,1032.762,32.76,0.039,0.039,0.029,8.079,96.348,5.533,253.181,0,5.545,5.549,NA,22
"5/25/2022 2:32:46 PM",0.577,29.668,49.493,78.63,71306.4,1032.762,32.76,0.023,0.023,0,8.081,96.386,5.536,243.836,0,5.548,5.552,NA,22
"5/25/2022 2:32:46 PM",0.606,29.669,49.492,78.629,71305,1032.761,32.759,0.039,0.039,0.029,8.082,96.317,5.532,311.379,0,5.545,5.548,NA,22
"5/25/2022 2:32:46 PM",0.657,29.669,49.492,78.63,71305.2,1032.761,32.758,0.031,0.031,0.044,8.078,96.316,5.532,308.491,0,5.545,5.548,NA,22
"5/25/2022 2:32:46 PM",0.691,29.671,49.489,78.629,71301.5,1032.759,32.756,0.016,0.016,0,8.081,96.356,5.535,305.347,0,5.547,5.551,NA,22
"5/25/2022 2:32:46 PM",0.751,29.673,49.488,78.63,71299.8,1032.757,32.754,0.023,0.023,0.015,8.084,96.483,5.542,262.272,0,5.555,5.558,NA,22
"5/25/2022 2:32:47 PM",0.785,29.674,49.488,78.631,71299.5,1032.757,32.754,0.039,0.039,0.015,8.083,96.331,5.533,256.325,0,5.546,5.549,NA,22
"5/25/2022 2:32:47 PM",0.818,29.674,49.483,78.626,71294,1032.754,32.75,0.039,0.039,0.073,8.084,96.326,5.534,235.255,0,5.546,5.549,NA,22
"5/25/2022 2:32:47 PM",0.846,29.668,49.486,78.62,71297.9,1032.758,32.754,0.039,0.039,0.058,8.083,96.316,5.533,251.567,0,5.546,5.549,NA,22
"5/25/2022 2:32:47 PM",0.862,29.668,49.485,78.619,71297.2,1032.758,32.754,0.039,0.039,0.058,8.081,96.368,5.537,264.821,0,5.549,5.553,NA,22
"5/25/2022 2:32:47 PM",0.867,29.667,49.485,78.617,71297.1,1032.758,32.754,0.031,0.031,0.015,8.079,96.409,5.54,288.865,0,5.552,5.555,NA,22
"5/25/2022 2:32:48 PM",0.869,29.664,49.492,78.622,71305.7,1032.764,32.76,0.023,0.023,0.044,8.074,96.388,5.538,293.792,0,5.55,5.554,NA,22
"5/25/2022 2:32:48 PM",0.85,29.663,49.497,78.627,71311.7,1032.768,32.764,0.039,0.039,0.058,8.078,96.286,5.531,269.579,0,5.544,5.547,NA,22
"5/25/2022 2:32:48 PM",0.853,29.666,49.499,78.634,71314,1032.768,32.765,0.047,0.047,0.029,8.081,96.363,5.536,266.35,0,5.548,5.552,NA,22
"5/25/2022 2:32:48 PM",0.832,29.671,49.498,78.642,71313.1,1032.766,32.763,0.039,0.039,0.029,8.08,96.434,5.54,273.402,0,5.553,5.556,NA,22
"5/25/2022 2:32:48 PM",0.808,29.674,49.488,78.631,71299.2,1032.757,32.753,0.031,0.031,0.044,8.078,96.383,5.537,267.88,0,5.55,5.553,NA,22
"5/25/2022 2:32:49 PM",0.78,29.672,49.488,78.628,71299.5,1032.758,32.754,0.047,0.047,0.015,8.08,96.353,5.535,266.265,0,5.548,5.551,NA,22
"5/25/2022 2:32:49 PM",0.752,29.67,49.488,78.626,71300.1,1032.758,32.755,0.023,0.023,0.029,8.082,96.383,5.536,278.245,0,5.549,5.552,NA,22
"5/25/2022 2:32:49 PM",0.721,29.668,49.49,78.626,71303.3,1032.761,32.758,0.039,0.039,0.044,8.082,96.344,5.534,261.762,0,5.547,5.55,NA,22
"5/25/2022 2:32:49 PM",0.686,29.668,49.493,78.629,71306.7,1032.763,32.76,0.031,0.031,0.044,8.076,96.402,5.538,234.915,0,5.55,5.553,NA,22
"5/25/2022 2:32:49 PM",0.679,29.668,49.494,78.63,71307.4,1032.763,32.76,0.031,0.031,0.044,8.08,96.283,5.531,281.473,0,5.543,5.547,NA,22
"5/25/2022 2:32:50 PM",0.679,29.67,49.494,78.634,71308.2,1032.763,32.76,0.023,0.023,0.029,8.081,96.331,5.533,288.015,0,5.546,5.549,NA,22
"5/25/2022 2:32:50 PM",0.69,29.671,49.493,78.634,71306.9,1032.762,32.759,0.031,0.031,0.029,8.083,96.277,5.53,272.552,0,5.543,5.546,NA,22
"5/25/2022 2:32:50 PM",0.719,29.671,49.493,78.633,71305.8,1032.761,32.758,0.039,0.039,0.029,8.082,96.376,5.536,293.028,0,5.549,5.552,NA,22
"5/25/2022 2:32:50 PM",0.74,29.672,49.495,78.639,71308.8,1032.763,32.76,0.031,0.031,0.029,8.084,96.461,5.541,305.942,0,5.554,5.557,NA,22
"5/25/2022 2:32:51 PM",0.766,29.674,49.493,78.638,71305.8,1032.761,32.757,0.039,0.039,0.029,8.083,96.39,5.538,261.168,0,5.55,5.553,NA,22
"5/25/2022 2:32:51 PM",0.789,29.675,49.494,78.641,71307.1,1032.761,32.758,0.031,0.031,0.058,8.085,96.421,5.54,240.267,0,5.552,5.555,NA,22
"5/25/2022 2:32:51 PM",0.805,29.677,49.49,78.639,71302.4,1032.758,32.755,0.031,0.031,0.029,8.08,96.312,5.534,289.374,0,5.547,5.55,NA,22
"5/25/2022 2:32:51 PM",0.836,29.677,49.491,78.64,71302.9,1032.758,32.755,0.031,0.031,0.058,8.076,96.436,5.541,286.656,0,5.554,5.557,NA,22
"5/25/2022 2:32:51 PM",0.845,29.678,49.489,78.638,71300,1032.756,32.753,0.031,0.031,0.044,8.083,96.409,5.54,258.279,0,5.553,5.556,NA,22
"5/25/2022 2:32:52 PM",0.853,29.679,49.479,78.626,71287.9,1032.749,32.745,0.016,0.016,0.044,8.083,96.381,5.539,255.305,0,5.552,5.555,NA,22
"5/25/2022 2:32:52 PM",0.858,29.676,49.466,78.603,71271.5,1032.74,32.736,0.031,0.031,0.044,8.083,96.164,5.527,278.585,0,5.54,5.543,NA,22
"5/25/2022 2:32:52 PM",0.864,29.667,49.475,78.604,71284.1,1032.75,32.746,0.023,0.023,0.044,8.084,96.347,5.538,312.993,0,5.55,5.554,NA,22
"5/25/2022 2:32:52 PM",0.865,29.661,49.456,78.568,71261.3,1032.738,32.734,0.031,0.031,0.044,8.091,96.23,5.532,272.467,0,5.545,5.548,NA,22
"5/25/2022 2:32:52 PM",0.853,29.65,49.473,78.577,71284.5,1032.755,32.751,0.031,0.031,0.058,8.091,96.401,5.542,277.31,0,5.555,5.558,NA,22
"5/25/2022 2:32:53 PM",0.846,29.642,49.477,78.57,71289.6,1032.76,32.757,0.031,0.031,0.044,8.093,96.422,5.543,287.675,0,5.556,5.559,NA,22
"5/25/2022 2:32:53 PM",0.832,29.635,49.483,78.568,71297.9,1032.767,32.764,0.016,0.016,0.015,8.087,96.424,5.543,280.114,0,5.556,5.559,NA,22
"5/25/2022 2:32:53 PM",0.806,29.627,49.496,78.575,71315.4,1032.78,32.777,0.031,0.031,0.015,8.085,96.398,5.542,278.839,0,5.554,5.557,NA,22
"5/25/2022 2:32:53 PM",0.791,29.627,49.498,78.578,71317.6,1032.781,32.778,0.031,0.031,0,8.084,96.441,5.544,294.132,0,5.556,5.56,NA,22
"5/25/2022 2:32:53 PM",0.768,29.63,49.498,78.582,71317.7,1032.78,32.777,0.031,0.031,0.029,8.082,96.384,5.541,281.473,0,5.553,5.557,NA,22
"5/25/2022 2:32:54 PM",0.738,29.634,49.497,78.585,71315.4,1032.778,32.775,0.047,0.047,0.029,8.078,96.472,5.546,269.919,0,5.559,5.562,NA,22
"5/25/2022 2:32:54 PM",0.718,29.636,49.496,78.588,71314.8,1032.777,32.774,0.031,0.031,0.044,8.075,96.413,5.543,262.357,0,5.555,5.559,NA,22
"5/25/2022 2:32:54 PM",0.679,29.64,49.496,78.593,71313.4,1032.775,32.772,0.031,0.031,0,8.086,96.369,5.54,283.002,0,5.552,5.556,NA,22
"5/25/2022 2:32:54 PM",0.65,29.641,49.494,78.593,71311.5,1032.773,32.77,0.039,0.039,0.044,8.083,96.341,5.538,252.842,0,5.55,5.553,NA,22
"5/25/2022 2:32:54 PM",0.65,29.644,49.494,78.596,71310.8,1032.772,32.769,0.039,0.039,0.044,8.079,96.363,5.539,236.019,0,5.552,5.555,NA,22
"5/25/2022 2:32:55 PM",0.632,29.647,49.493,78.6,71309.7,1032.77,32.768,0.047,0.047,0.029,8.075,96.284,5.535,227.693,0,5.547,5.55,NA,22
"5/25/2022 2:32:55 PM",0.632,29.649,49.493,78.602,71309,1032.769,32.767,0.016,0.016,0.029,8.083,96.41,5.541,260.488,0,5.554,5.557,NA,22
"5/25/2022 2:32:55 PM",0.66,29.652,49.494,78.607,71309.7,1032.769,32.766,0.023,0.023,0.044,8.087,96.313,5.536,301.014,0,5.548,5.552,NA,22
"5/25/2022 2:32:55 PM",0.674,29.653,49.494,78.61,71309.8,1032.769,32.766,0.023,0.023,0,8.085,96.323,5.536,315.032,0,5.549,5.552,NA,22
"5/25/2022 2:32:55 PM",0.718,29.655,49.494,78.612,71310.1,1032.769,32.766,0.023,0.023,0.044,8.082,96.445,5.544,281.473,0,5.557,5.56,NA,22
"5/25/2022 2:32:56 PM",0.752,29.655,49.494,78.612,71309.1,1032.768,32.765,0.031,0.031,0,8.078,96.378,5.54,295.067,0,5.553,5.556,NA,22
"5/25/2022 2:32:56 PM",0.817,29.655,49.489,78.607,71303.7,1032.765,32.762,0.023,0.023,0,8.08,96.325,5.538,289.12,0,5.55,5.554,NA,22
"5/25/2022 2:32:56 PM",0.862,29.649,49.489,78.596,71303.8,1032.767,32.763,0.023,0.023,0.044,8.074,96.349,5.54,295.067,0,5.552,5.555,NA,22
"5/25/2022 2:32:56 PM",0.897,29.645,49.486,78.587,71300.9,1032.767,32.763,0.031,0.031,0.073,8.071,96.439,5.545,309.51,0,5.558,5.561,NA,22
"5/25/2022 2:32:56 PM",0.937,29.641,49.487,78.581,71302,1032.769,32.765,0.023,0.023,0.044,8.073,96.417,5.544,290.989,0,5.557,5.56,NA,22
"5/25/2022 2:32:57 PM",0.992,29.632,49.485,78.566,71300.7,1032.771,32.766,0.031,0.031,0.015,8.081,96.275,5.536,280.963,0,5.549,5.552,NA,22
"5/25/2022 2:32:57 PM",0.998,29.628,49.488,78.565,71305.9,1032.775,32.771,0.039,0.039,0.029,8.078,96.307,5.538,281.473,0,5.551,5.554,NA,22
"5/25/2022 2:32:57 PM",0.966,29.625,49.485,78.556,71301.5,1032.773,32.769,0.039,0.039,0.044,8.083,96.208,5.533,260.658,0,5.546,5.549,NA,22
"5/25/2022 2:32:57 PM",0.897,29.623,49.489,78.56,71307,1032.776,32.772,0.023,0.023,0.015,8.087,96.284,5.538,280.454,0,5.55,5.553,NA,22
"5/25/2022 2:32:57 PM",0.799,29.622,49.515,78.593,71339.6,1032.796,32.793,0.039,0.039,0,8.078,96.384,5.543,310.615,0,5.556,5.559,NA,22
"5/25/2022 2:32:58 PM",0.641,29.637,49.507,78.604,71328.2,1032.784,32.782,0.031,0.031,0.029,8.074,96.38,5.543,300.419,0,5.555,5.559,NA,22
"5/25/2022 2:32:58 PM",0.538,29.657,49.503,78.627,71320.7,1032.774,32.771,0.039,0.039,0.058,8.079,96.464,5.547,278.754,0,5.56,5.563,NA,22
"5/25/2022 2:32:58 PM",0.434,29.671,49.488,78.627,71300.2,1032.757,32.755,0.039,0.039,0.058,8.075,96.379,5.542,252.587,0,5.555,5.558,NA,22
"5/25/2022 2:32:58 PM",0.321,29.679,49.498,78.653,71312,1032.761,32.76,0.039,0.039,0.058,8.07,96.404,5.543,241.797,0,5.556,5.559,NA,22
"5/25/2022 2:32:58 PM",0.185,29.689,49.495,78.663,71306.5,1032.755,32.754,0.047,0.047,0.044,8.074,96.523,5.55,282.833,0,5.562,5.565,NA,22
"5/25/2022 2:32:59 PM",0.102,29.695,49.492,78.666,71302,1032.75,32.75,0.031,0.031,0,8.07,96.503,5.548,291.838,0,5.56,5.564,NA,22
"5/25/2022 2:32:59 PM",0.01,29.698,49.489,78.666,71297.7,1032.746,32.746,0.031,0.031,0.029,8.065,96.462,5.545,281.133,0,5.558,5.561,NA,22
"5/25/2022 2:32:59 PM",0,29.701,49.489,78.67,71297.1,1032.745,32.745,0.047,0.047,0.058,8.069,96.475,5.546,279.179,0,5.558,5.562,NA,22
"5/25/2022 2:32:59 PM",0,29.708,49.493,78.686,71301.6,1032.745,32.746,0.031,0.031,0.029,8.069,96.574,5.55,280.199,0,5.563,5.566,NA,22
"5/25/2022 2:33:00 PM",0,29.715,49.491,78.694,71297.5,1032.74,32.741,0.023,0.023,0.029,8.073,96.547,5.549,277.31,0,5.562,5.565,NA,22
"5/25/2022 2:33:00 PM",0,29.723,49.49,78.703,71295.2,1032.736,32.738,0.039,0.039,0.029,8.074,96.492,5.546,295.492,0,5.558,5.562,NA,22
"5/25/2022 2:33:00 PM",0,29.727,49.491,78.71,71295.9,1032.735,32.737,0.039,0.039,0.029,8.074,96.44,5.542,311.804,0,5.555,5.558,NA,22
"5/25/2022 2:33:00 PM",0,29.732,49.489,78.715,71293,1032.732,32.734,0.023,0.023,0,8.065,96.559,5.549,300.079,0,5.562,5.565,NA,22
"5/25/2022 2:33:00 PM",0,29.735,49.502,78.737,71309.5,1032.74,32.743,0.039,0.039,0.073,8.071,96.539,5.547,363.885,0,5.56,5.563,NA,22
"5/25/2022 2:33:01 PM",0,29.74,49.496,78.736,71301.1,1032.734,32.737,0.039,0.039,0.029,8.082,96.544,5.548,349.526,0,5.56,5.563,NA,22
"5/25/2022 2:33:01 PM",0,29.747,49.486,78.732,71287.3,1032.723,32.726,0.031,0.031,0,8.071,96.507,5.545,330.75,0,5.558,5.561,NA,22
"5/25/2022 2:33:01 PM",0,29.75,49.485,78.736,71286.2,1032.721,32.725,0.047,0.047,0.073,8.064,96.657,5.554,291.668,0,5.566,5.57,NA,22
"5/25/2022 2:33:01 PM",0,29.755,49.495,78.757,71298,1032.727,32.73,0.031,0.031,0.015,8.076,96.525,5.545,390.477,0,5.558,5.561,NA,22
"5/25/2022 2:33:01 PM",0,29.764,49.495,78.769,71296.5,1032.723,32.727,0.023,0.023,0,8.078,96.587,5.549,398.378,0,5.561,5.564,NA,22
"5/25/2022 2:33:02 PM",0,29.772,49.49,78.773,71289.1,1032.716,32.72,0.016,0.016,0,8.082,96.57,5.547,342.645,0,5.56,5.563,NA,22
"5/25/2022 2:33:02 PM",0,29.777,49.489,78.78,71287.6,1032.713,32.718,0.023,0.023,0.044,8.082,96.475,5.542,354.199,0,5.555,5.558,NA,22
"5/25/2022 2:33:02 PM",0,29.781,49.487,78.783,71284.9,1032.71,32.715,0.031,0.031,0.044,8.083,96.678,5.553,389.882,0,5.566,5.569,NA,22
"5/25/2022 2:33:02 PM",0,29.786,49.488,78.791,71285.5,1032.709,32.714,0.031,0.031,0.044,8.083,96.53,5.544,426.33,0,5.557,5.56,NA,22
"5/25/2022 2:33:02 PM",0,29.787,49.487,78.791,71283.9,1032.708,32.713,0,0,0.029,8.084,96.647,5.551,401.012,0,5.563,5.567,NA,22
"5/25/2022 2:33:03 PM",0,29.789,49.485,78.791,71281,1032.705,32.71,0,0,0,8.089,96.607,5.548,428.624,0,5.561,5.564,NA,22
"5/25/2022 2:33:03 PM",0,29.788,49.483,78.787,71278.7,1032.704,32.709,0.031,0.031,0.044,8.09,96.514,5.543,649.691,0,5.555,5.558,NA,22
"5/25/2022 2:33:03 PM",0,29.787,49.482,78.784,71277.8,1032.703,32.709,0.047,0.047,0.029,8.086,96.479,5.54,498.886,0,5.553,5.556,NA,22
"5/25/2022 2:33:03 PM",0,29.785,49.482,78.781,71277.4,1032.703,32.71,0.023,0.023,0,8.09,96.47,5.54,434.487,0,5.552,5.555,NA,22
"5/25/2022 2:33:03 PM",0,29.783,49.482,78.778,71278.1,1032.704,32.711,0.023,0.023,0,8.094,96.486,5.541,505.343,0,5.554,5.557,NA,22
"5/25/2022 2:33:04 PM",0,29.783,49.481,78.777,71276.9,1032.702,32.71,0,0,0,8.097,96.536,5.544,516.218,0,5.557,5.56,NA,22
"5/25/2022 2:33:04 PM",0,29.783,49.48,78.775,71274.9,1032.701,32.709,0.031,0.031,0.044,8.1,96.604,5.548,650.54,0,5.561,5.564,NA,22
"5/25/2022 2:33:04 PM",0,29.782,49.473,78.765,71267.1,1032.696,32.704,0,0,0,8.09,96.508,5.543,579.768,0,5.556,5.559,NA,22
"5/25/2022 2:33:04 PM",0,29.782,49.471,78.762,71264.5,1032.694,32.703,0,0,0,8.094,96.597,5.549,597.185,0,5.561,5.565,NA,22
"5/25/2022 2:33:04 PM",0,29.783,49.47,78.761,71262.6,1032.692,32.701,0,0,0,8.088,96.551,5.546,748.839,0,5.559,5.562,NA,22
"5/25/2022 2:33:05 PM",0,29.793,49.49,78.803,71286,1032.703,32.713,0,0,0,8.086,96.534,5.544,862.771,0,5.557,5.56,NA,22
"5/25/2022 2:33:05 PM",0,29.824,49.47,78.82,71257.4,1032.676,32.686,0.047,0.047,0.087,8.085,96.614,5.549,1001.171,0,5.562,5.565,NA,22
"5/25/2022 2:33:05 PM",0,29.977,50.04,79.829,71950.9,1033.053,33.063,0.109,0.109,0.16,8.08,96.636,5.532,1002.7,0,5.545,5.548,NA,22
"5/25/2022 2:33:05 PM",0,30.243,49.858,79.963,71693.1,1032.82,32.83,0.148,0.148,0.277,8.084,97.527,5.586,996.668,0,5.599,5.602,NA,22
"5/25/2022 2:33:05 PM",0,30.445,49.141,79.253,70775.2,1032.205,32.215,0.203,0.203,0.306,8.078,97.814,5.618,1003.72,0,5.63,5.633,NA,22
"5/25/2022 2:33:06 PM",0,30.367,49.506,79.652,71239.5,1032.509,32.519,0.484,0.484,0,8.088,97.148,5.564,995.819,0,5.577,5.58,NA,22
"5/25/2022 2:33:06 PM",0,30.206,49.204,78.998,70880.6,1032.339,32.349,0.179,0.179,0.204,8.082,96.859,5.555,981.545,0,5.568,5.571,NA,22
"5/25/2022 2:33:06 PM",0,29.979,49.401,78.948,71153.7,1032.569,32.579,0.164,0.164,0.233,8.077,96.307,5.52,957.587,0,5.532,5.536,NA,22
"5/25/2022 2:33:06 PM",0,29.895,49.446,78.889,71218.8,1032.633,32.643,0.078,0.078,0.116,8.07,96.286,5.52,934.562,0,5.533,5.536,NA,22
"5/25/2022 2:33:06 PM",0,29.874,49.464,78.885,71244.6,1032.654,32.664,0.016,0.016,0.029,8.071,96.145,5.514,922.073,0,5.526,5.53,NA,22
"5/25/2022 2:33:07 PM",0,29.86,49.499,78.912,71289.8,1032.686,32.696,0.094,0.094,0.16,8.076,96.3,5.523,915.871,0,5.536,5.539,NA,22
"5/25/2022 2:33:07 PM",0,29.82,49.461,78.801,71246.5,1032.671,32.681,0.086,0.086,0.16,8.074,96.345,5.529,928.36,0,5.541,5.544,NA,22
"5/25/2022 2:33:07 PM",0,29.789,49.458,78.753,71247.4,1032.681,32.691,0.133,0.133,0.248,8.08,96.26,5.525,943.908,0,5.537,5.541,NA,22
"5/25/2022 2:33:07 PM",0,29.78,49.463,78.747,71254.1,1032.688,32.697,0.094,0.094,0.175,8.07,96.143,5.519,524.629,0,5.531,5.534,NA,22
"5/25/2022 2:33:07 PM",0,29.776,49.457,78.733,71247.1,1032.686,32.694,0.078,0.078,0.116,8.073,96.246,5.526,494.044,0,5.539,5.542,NA,22
"5/25/2022 2:33:08 PM",0,29.771,49.464,78.737,71257.5,1032.695,32.701,0.086,0.086,0.102,8.081,96.318,5.532,531.341,0,5.544,5.548,NA,22
"5/25/2022 2:33:08 PM",0,29.765,49.466,78.731,71260.2,1032.699,32.705,0.055,0.055,0.044,8.079,96.403,5.537,490.645,0,5.55,5.553,NA,22
"5/25/2022 2:33:08 PM",0,29.761,49.467,78.726,71262.3,1032.702,32.707,0.055,0.055,0.044,8.075,96.495,5.543,504.919,0,5.556,5.559,NA,22
"5/25/2022 2:33:08 PM",0,29.76,49.467,78.725,71261.8,1032.703,32.707,0.023,0.023,0,8.078,96.477,5.543,396.169,0,5.556,5.559,NA,22
"5/25/2022 2:33:08 PM",0,29.764,49.476,78.743,71273.4,1032.709,32.713,0,0,0,8.075,96.46,5.543,236.699,0,5.555,5.558,NA,22
"5/25/2022 2:33:09 PM",0,29.773,49.471,78.75,71266.1,1032.703,32.706,0,0,0,8.074,96.568,5.55,122.598,0,5.562,5.565,NA,22
"5/25/2022 2:33:09 PM",0,29.774,49.471,78.751,71266.1,1032.703,32.706,0,0,0,8.068,96.54,5.548,85.555,0,5.561,5.564,NA,22
"5/25/2022 2:33:09 PM",0,29.773,49.477,78.758,71273.5,1032.709,32.71,0,0,0,8.075,96.504,5.546,68.563,0,5.559,5.562,NA,22
"5/25/2022 2:33:09 PM",0,29.77,49.49,78.772,71290.1,1032.72,32.721,0,0,0,8.078,96.56,5.549,43.67,0,5.562,5.565,NA,22
"5/25/2022 2:33:09 PM",0.043,29.772,49.45,78.718,71239.9,1032.69,32.69,0,0,0,8.074,96.656,5.556,31.52,0,5.568,5.571,NA,22
"5/25/2022 2:33:10 PM",0.352,29.741,49.485,78.724,71288.3,1032.73,32.728,1.092,1.092,2.638,8.075,96.469,5.544,31.265,0,5.557,5.56,NA,22
"5/25/2022 2:33:10 PM",0.537,29.724,49.483,78.696,71287.4,1032.735,32.732,1.326,1.326,3.12,8.077,96.519,5.548,71.791,0,5.56,5.564,NA,22
"5/25/2022 2:33:10 PM",0.693,29.708,49.489,78.682,71297.1,1032.746,32.743,0.468,0.468,1.078,8.074,96.441,5.544,150.634,0,5.556,5.56,NA,22
"5/25/2022 2:33:10 PM",0.855,29.685,49.512,78.68,71327.8,1032.771,32.768,0.125,0.125,0.248,8.073,96.473,5.546,244.855,0,5.559,5.562,NA,22
"5/25/2022 2:33:11 PM",1.093,29.658,49.495,78.619,71310.4,1032.769,32.765,0.078,0.078,0.146,8.07,96.491,5.549,366.433,0,5.562,5.565,NA,22
"5/25/2022 2:33:11 PM",1.246,29.633,49.487,78.57,71303.5,1032.773,32.768,0.062,0.062,0.102,8.066,96.302,5.54,318.941,0,5.552,5.556,NA,22
"5/25/2022 2:33:11 PM",1.406,29.6,49.483,78.518,71302.4,1032.782,32.776,0.047,0.047,0.087,8.068,96.295,5.54,307.046,0,5.553,5.556,NA,22
"5/25/2022 2:33:11 PM",1.592,29.584,49.492,78.508,71316.5,1032.796,32.789,0.039,0.039,0.029,8.074,96.281,5.541,317.751,0,5.553,5.557,NA,22
"5/25/2022 2:33:11 PM",1.77,29.571,49.491,78.488,71316.5,1032.8,32.793,0.023,0.023,0.015,8.078,96.205,5.538,307.046,0,5.551,5.554,NA,22
"5/25/2022 2:33:12 PM",2.022,29.545,49.491,78.452,71320.1,1032.811,32.802,0.023,0.023,0,8.08,96.298,5.545,252.842,0,5.558,5.561,NA,22
"5/25/2022 2:33:12 PM",2.185,29.527,49.494,78.43,71325.7,1032.82,32.811,0.039,0.039,0.044,8.077,96.295,5.546,204.159,0,5.559,5.562,NA,22
"5/25/2022 2:33:12 PM",2.339,29.509,49.506,78.42,71342.5,1032.836,32.826,0,0,0,8.071,96.387,5.552,162.444,0,5.565,5.568,NA,22
"5/25/2022 2:33:12 PM",2.476,29.493,49.511,78.404,71350.5,1032.846,32.835,0,0,0,8.07,96.184,5.542,132.368,0,5.554,5.558,NA,22
"5/25/2022 2:33:12 PM",2.674,29.492,49.499,78.386,71336.9,1032.839,32.827,0,0,0,8.064,96.295,5.55,88.444,0,5.563,5.566,NA,22
"5/25/2022 2:33:13 PM",2.819,29.49,49.493,78.375,71329.2,1032.835,32.823,0,0,0,8.067,96.269,5.55,61.851,0,5.563,5.566,NA,22
"5/25/2022 2:33:13 PM",2.973,29.478,49.486,78.349,71322.2,1032.835,32.822,0,0,0,8.065,96.194,5.547,46.473,0,5.559,5.563,NA,22
"5/25/2022 2:33:13 PM",3.132,29.465,49.486,78.33,71324,1032.84,32.827,0,0,0,8.066,96.22,5.549,35.174,0,5.561,5.565,NA,22
"5/25/2022 2:33:13 PM",3.314,29.451,49.486,78.31,71324.7,1032.845,32.831,0,0,0,8.064,96.24,5.55,28.292,0,5.563,5.566,NA,22
"5/25/2022 2:33:13 PM",3.603,29.437,49.502,78.311,71346.8,1032.864,32.848,0.062,0.062,0.073,8.062,96.186,5.548,24.384,0,5.56,5.564,NA,22
"5/25/2022 2:33:14 PM",3.798,29.426,49.509,78.306,71357.6,1032.874,32.858,0.343,0.343,0.772,8.063,96.252,5.552,26.508,0,5.565,5.568,NA,22
"5/25/2022 2:33:14 PM",3.985,29.407,49.515,78.286,71367.5,1032.886,32.869,0.218,0.218,0.437,8.064,96.156,5.547,29.821,0,5.56,5.563,NA,22
"5/25/2022 2:33:14 PM",4.171,29.394,49.518,78.273,71373,1032.894,32.876,0.187,0.187,0.379,8.072,96.194,5.55,32.625,0,5.563,5.566,NA,22
"5/25/2022 2:33:14 PM",4.429,29.381,49.522,78.258,71379.2,1032.902,32.883,0.148,0.148,0.277,8.06,96.176,5.55,50.806,0,5.563,5.566,NA,22
"5/25/2022 2:33:14 PM",4.596,29.377,49.513,78.242,71368.6,1032.897,32.878,0.062,0.062,0.073,8.064,96.195,5.552,55.649,0,5.565,5.568,NA,22
"5/25/2022 2:33:15 PM",4.752,29.376,49.51,78.235,71364.8,1032.896,32.876,0.008,0.008,0,8.067,96.151,5.55,48.427,0,5.563,5.566,NA,22
"5/25/2022 2:33:15 PM",4.931,29.373,49.509,78.23,71364.3,1032.897,32.876,0,0,0,8.071,96.244,5.556,38.827,0,5.569,5.572,NA,22
"5/25/2022 2:33:15 PM",5.109,29.37,49.508,78.224,71364.1,1032.899,32.877,0,0,0,8.079,96.205,5.554,34.494,0,5.567,5.57,NA,22
"5/25/2022 2:33:15 PM",5.363,29.366,49.507,78.218,71363,1032.9,32.877,0.117,0.117,0.218,8.082,96.22,5.555,59.812,0,5.568,5.572,NA,22
"5/25/2022 2:33:15 PM",5.519,29.364,49.508,78.216,71365.1,1032.903,32.879,0.117,0.117,0.204,8.084,96.164,5.552,93.456,0,5.565,5.569,NA,22
"5/25/2022 2:33:16 PM",5.664,29.357,49.514,78.215,71373.1,1032.91,32.886,0.203,0.203,0.422,8.077,96.214,5.556,143.583,0,5.569,5.572,NA,22
"5/25/2022 2:33:16 PM",5.803,29.354,49.508,78.203,71366.4,1032.907,32.883,0.195,0.195,0.379,8.074,96.174,5.555,199.062,0,5.567,5.571,NA,22
"5/25/2022 2:33:16 PM",6.05,29.352,49.504,78.195,71361.9,1032.906,32.88,0.07,0.07,0.116,8.072,96.384,5.567,241.372,0,5.58,5.583,NA,22
"5/25/2022 2:33:16 PM",6.246,29.35,49.503,78.19,71360.2,1032.906,32.88,0.055,0.055,0.029,8.074,96.145,5.554,238.738,0,5.567,5.57,NA,22
"5/25/2022 2:33:16 PM",6.429,29.348,49.504,78.188,71361.8,1032.909,32.881,0.016,0.016,0,8.074,96.316,5.564,224.89,0,5.577,5.58,NA,22
"5/25/2022 2:33:17 PM",6.587,29.349,49.505,78.191,71363.6,1032.91,32.882,0,0,0,8.072,96.192,5.557,179.946,0,5.57,5.573,NA,22
"5/25/2022 2:33:17 PM",6.747,29.348,49.506,78.191,71365.3,1032.912,32.883,0,0,0,8.069,96.184,5.557,136.701,0,5.569,5.573,NA,22
"5/25/2022 2:33:17 PM",6.973,29.348,49.503,78.187,71361.5,1032.911,32.881,0,0,0,8.077,96.279,5.563,67.204,0,5.576,5.579,NA,22
"5/25/2022 2:33:17 PM",7.119,29.35,49.502,78.189,71360,1032.91,32.879,0,0,0,8.068,96.293,5.564,37.467,0,5.577,5.58,NA,22
"5/25/2022 2:33:17 PM",7.302,29.35,49.502,78.19,71359.8,1032.91,32.879,0,0,0,8.072,96.077,5.551,24.214,0,5.564,5.567,NA,22
"5/25/2022 2:33:18 PM",7.491,29.35,49.503,78.191,71361.5,1032.912,32.88,0,0,0,8.076,96.119,5.553,19.031,0,5.566,5.57,NA,22
"5/25/2022 2:33:18 PM",7.808,29.35,49.507,78.195,71365.9,1032.916,32.883,0,0,0,8.07,96.273,5.562,16.992,0,5.575,5.578,NA,22
"5/25/2022 2:33:18 PM",8.011,29.348,49.508,78.195,71368.1,1032.919,32.885,0.094,0.094,0.146,8.078,96.176,5.556,16.907,0,5.569,5.572,NA,22
"5/25/2022 2:33:18 PM",8.22,29.348,49.507,78.193,71366.5,1032.919,32.884,0.07,0.07,0.116,8.076,96.239,5.56,17.162,0,5.573,5.576,NA,22
"5/25/2022 2:33:18 PM",8.427,29.348,49.511,78.198,71371.7,1032.923,32.887,0.016,0.016,0,8.08,96.336,5.566,17.757,0,5.579,5.582,NA,22
"5/25/2022 2:33:19 PM",8.627,29.348,49.515,78.205,71377.3,1032.927,32.89,0.094,0.094,0.102,8.088,96.314,5.565,19.201,0,5.578,5.581,NA,22
"5/25/2022 2:33:19 PM",8.903,29.347,49.52,78.209,71383,1032.932,32.894,0.289,0.289,0.641,8.088,96.361,5.568,25.318,0,5.581,5.584,NA,22
"5/25/2022 2:33:19 PM",9.075,29.345,49.522,78.21,71387,1032.935,32.897,0.078,0.078,0.16,8.085,96.281,5.563,27.527,0,5.576,5.579,NA,22
"5/25/2022 2:33:19 PM",9.237,29.344,49.525,78.213,71390.7,1032.938,32.899,0,0,0,8.083,96.263,5.562,27.442,0,5.575,5.578,NA,22
"5/25/2022 2:33:19 PM",9.408,29.343,49.522,78.208,71386.9,1032.937,32.897,0,0,0,8.087,96.344,5.566,25.403,0,5.579,5.583,NA,22
"5/25/2022 2:33:20 PM",9.679,29.344,49.521,78.207,71385.3,1032.937,32.896,0,0,0,8.098,96.245,5.56,21.495,0,5.573,5.577,NA,22
"5/25/2022 2:33:20 PM",9.86,29.343,49.523,78.21,71388.8,1032.94,32.898,0,0,0,8.096,96.237,5.56,19.796,0,5.573,5.576,NA,22
"5/25/2022 2:33:20 PM",10.044,29.343,49.523,78.209,71388,1032.94,32.897,0,0,0,8.069,96.271,5.562,19.031,0,5.575,5.578,NA,22
"5/25/2022 2:33:20 PM",10.223,29.343,49.524,78.212,71390,1032.942,32.898,0.047,0.047,0.087,8.075,96.231,5.56,19.541,0,5.573,5.576,NA,22
"5/25/2022 2:33:21 PM",10.399,29.343,49.524,78.211,71390.4,1032.943,32.899,0.374,0.374,0.874,8.078,96.228,5.56,21.75,0,5.573,5.576,NA,22
"5/25/2022 2:33:21 PM",10.637,29.343,49.522,78.208,71387.2,1032.942,32.897,0.343,0.343,0.743,8.091,96.316,5.565,27.272,0,5.578,5.582,NA,22
"5/25/2022 2:33:21 PM",10.799,29.342,49.522,78.207,71387.6,1032.943,32.897,0.936,0.936,2.157,8.093,96.33,5.566,35.343,0,5.579,5.583,NA,22
"5/25/2022 2:33:21 PM",10.943,29.341,49.526,78.21,71392.7,1032.947,32.901,0.577,0.577,1.34,8.095,96.264,5.563,58.962,0,5.576,5.579,NA,22
"5/25/2022 2:33:21 PM",11.049,29.34,49.522,78.203,71387.9,1032.945,32.898,0.351,0.351,0.743,8.096,96.291,5.565,111.128,0,5.578,5.581,NA,22
"5/25/2022 2:33:22 PM",11.044,29.339,49.522,78.202,71388,1032.945,32.898,0.101,0.101,0.16,8.096,96.207,5.56,172.894,0,5.573,5.576,NA,22
"5/25/2022 2:33:22 PM",10.979,29.34,49.522,78.204,71388.5,1032.945,32.898,0.055,0.055,0.044,8.096,96.209,5.56,176.802,0,5.573,5.577,NA,22
"5/25/2022 2:33:22 PM",10.901,29.341,49.522,78.205,71387.7,1032.944,32.898,0.055,0.055,0.044,8.097,96.229,5.562,182.579,0,5.575,5.578,NA,22
"5/25/2022 2:33:22 PM",10.818,29.342,49.523,78.207,71388.6,1032.944,32.898,0.039,0.039,0,8.096,96.243,5.562,182.919,0,5.575,5.579,NA,22
"5/25/2022 2:33:22 PM",10.682,29.342,49.525,78.211,71391.3,1032.945,32.9,0.047,0.047,0.058,8.099,96.211,5.56,177.737,0,5.573,5.576,NA,22
"5/25/2022 2:33:23 PM",10.59,29.342,49.525,78.211,71391.4,1032.945,32.9,0.055,0.055,0.015,8.098,96.196,5.559,177.907,0,5.572,5.575,NA,22
"5/25/2022 2:33:23 PM",10.494,29.342,49.526,78.212,71391.8,1032.945,32.9,0.047,0.047,0.044,8.097,96.162,5.556,175.698,0,5.569,5.573,NA,22
"5/25/2022 2:33:23 PM",10.393,29.342,49.526,78.213,71392.9,1032.945,32.901,0.055,0.055,0.087,8.097,96.231,5.56,182.919,0,5.573,5.577,NA,22
"5/25/2022 2:33:23 PM",10.301,29.342,49.528,78.215,71394.8,1032.946,32.902,0.062,0.062,0.073,8.099,96.184,5.558,181.815,0,5.57,5.574,NA,22
"5/25/2022 2:33:23 PM",10.19,29.342,49.523,78.208,71389,1032.942,32.898,0.055,0.055,0.058,8.094,96.253,5.561,178.841,0,5.574,5.577,NA,22
"5/25/2022 2:33:24 PM",10.127,29.342,49.527,78.213,71393.5,1032.944,32.901,0.047,0.047,0.058,8.089,96.214,5.559,175.783,0,5.571,5.575,NA,22
"5/25/2022 2:33:24 PM",10.074,29.342,49.524,78.209,71390.1,1032.942,32.899,0.047,0.047,0.015,8.085,96.286,5.563,170.175,0,5.576,5.58,NA,22
"5/25/2022 2:33:24 PM",10.013,29.341,49.527,78.212,71393.3,1032.944,32.901,0.055,0.055,0,8.088,96.099,5.553,162.954,0,5.566,5.569,NA,22
"5/25/2022 2:33:24 PM",9.903,29.342,49.525,78.211,71390.6,1032.941,32.899,0.047,0.047,0.029,8.096,96.228,5.56,155.477,0,5.573,5.577,NA,22
"5/25/2022 2:33:24 PM",9.827,29.343,49.528,78.215,71394,1032.943,32.901,0.047,0.047,0.029,8.094,96.209,5.559,157.686,0,5.572,5.576,NA,22
"5/25/2022 2:33:25 PM",9.769,29.343,49.527,78.215,71393.7,1032.943,32.901,0.047,0.047,0.044,8.094,96.126,5.555,165.757,0,5.567,5.571,NA,22
"5/25/2022 2:33:25 PM",9.719,29.343,49.528,78.215,71394.3,1032.943,32.901,0.055,0.055,0.015,8.096,96.168,5.557,175.358,0,5.57,5.573,NA,22
"5/25/2022 2:33:25 PM",9.668,29.343,49.53,78.218,71396.4,1032.944,32.903,0.047,0.047,0.015,8.098,96.315,5.565,176.377,0,5.578,5.581,NA,22
"5/25/2022 2:33:25 PM",9.588,29.342,49.532,78.22,71399.2,1032.945,32.905,0.055,0.055,0.029,8.098,96.216,5.559,164.228,0,5.572,5.575,NA,22
"5/25/2022 2:33:25 PM",9.527,29.343,49.53,78.219,71396.9,1032.943,32.903,0.055,0.055,0.015,8.09,96.25,5.561,162.019,0,5.574,5.578,NA,22
"5/25/2022 2:33:26 PM",9.479,29.343,49.53,78.219,71397,1032.943,32.903,0.055,0.055,0.015,8.096,96.247,5.561,161.254,0,5.574,5.577,NA,22
"5/25/2022 2:33:26 PM",9.43,29.343,49.533,78.223,71401,1032.946,32.906,0.039,0.039,0.029,8.094,96.187,5.557,167.457,0,5.57,5.573,NA,22
"5/25/2022 2:33:26 PM",9.315,29.343,49.53,78.218,71396.3,1032.942,32.903,0.062,0.062,0.044,8.094,96.28,5.562,179.691,0,5.575,5.578,NA,22
"5/25/2022 2:33:26 PM",9.204,29.343,49.531,78.219,71397.8,1032.943,32.904,0.055,0.055,0.073,8.094,96.366,5.567,181.305,0,5.58,5.583,NA,22
"5/25/2022 2:33:26 PM",9.075,29.343,49.534,78.224,71402.1,1032.945,32.906,0.039,0.039,0.029,8.098,96.366,5.567,175.783,0,5.58,5.583,NA,22
"5/25/2022 2:33:27 PM",8.941,29.343,49.533,78.222,71400.5,1032.944,32.905,0.047,0.047,0.029,8.101,96.391,5.569,170.43,0,5.582,5.585,NA,22
"5/25/2022 2:33:27 PM",8.808,29.342,49.534,78.222,71401.3,1032.944,32.906,0.039,0.039,0.058,8.099,96.216,5.559,167.457,0,5.572,5.575,NA,22
"5/25/2022 2:33:27 PM",8.604,29.342,49.534,78.222,71402,1032.943,32.907,0.039,0.039,0.029,8.096,96.189,5.558,175.783,0,5.571,5.574,NA,22
"5/25/2022 2:33:27 PM",8.47,29.343,49.534,78.223,71401.7,1032.942,32.906,0.031,0.031,0.044,8.098,96.252,5.562,175.103,0,5.575,5.578,NA,22
"5/25/2022 2:33:27 PM",8.354,29.342,49.536,78.225,71403.9,1032.943,32.908,0.047,0.047,0.029,8.1,96.299,5.565,170.855,0,5.577,5.581,NA,22
"5/25/2022 2:33:28 PM",8.235,29.344,49.537,78.228,71404.4,1032.943,32.908,0.047,0.047,0,8.101,96.224,5.56,168.816,0,5.573,5.576,NA,22
"5/25/2022 2:33:28 PM",8.042,29.344,49.539,78.231,71407.4,1032.944,32.91,0.039,0.039,0.044,8.106,96.25,5.562,167.457,0,5.575,5.579,NA,22
"5/25/2022 2:33:28 PM",7.917,29.345,49.538,78.232,71406.1,1032.942,32.908,0.039,0.039,0.029,8.106,96.205,5.56,170.09,0,5.573,5.576,NA,22
"5/25/2022 2:33:28 PM",7.827,29.345,49.538,78.231,71405.7,1032.942,32.908,0.039,0.039,0.044,8.108,96.094,5.553,170.685,0,5.566,5.57,NA,22
"5/25/2022 2:33:28 PM",7.754,29.345,49.539,78.232,71406.6,1032.942,32.909,0.039,0.039,0.029,8.11,96.24,5.562,166.777,0,5.575,5.578,NA,22
"5/25/2022 2:33:29 PM",7.632,29.346,49.539,78.233,71406.8,1032.941,32.909,0.047,0.047,0.029,8.107,96.257,5.563,177.057,0,5.576,5.579,NA,22
"5/25/2022 2:33:29 PM",7.533,29.346,49.541,78.236,71408.8,1032.942,32.91,0.039,0.039,0.029,8.095,96.307,5.566,176.377,0,5.579,5.582,NA,22
"5/25/2022 2:33:29 PM",7.432,29.345,49.542,78.237,71410.7,1032.943,32.911,0.047,0.047,0.044,8.098,96.2,5.559,176.887,0,5.572,5.575,NA,22
"5/25/2022 2:33:29 PM",7.33,29.345,49.542,78.236,71410,1032.942,32.911,0.047,0.047,0.015,8.106,96.16,5.557,177.397,0,5.569,5.573,NA,22
"5/25/2022 2:33:30 PM",7.225,29.346,49.549,78.247,71418.9,1032.947,32.916,0.047,0.047,0.015,8.108,96.291,5.564,175.953,0,5.577,5.58,NA,22
"5/25/2022 2:33:30 PM",7.063,29.346,49.549,78.249,71419.4,1032.946,32.916,0.031,0.031,0.015,8.111,96.286,5.563,172.894,0,5.576,5.58,NA,22
"5/25/2022 2:33:30 PM",6.966,29.347,49.549,78.249,71418.7,1032.946,32.916,0.039,0.039,0.058,8.111,96.165,5.557,169.92,0,5.57,5.573,NA,22
"5/25/2022 2:33:30 PM",6.874,29.347,49.547,78.247,71416.9,1032.944,32.915,0.055,0.055,0.015,8.098,96.247,5.562,169.75,0,5.575,5.578,NA,22
"5/25/2022 2:33:30 PM",6.783,29.348,49.551,78.252,71421.1,1032.946,32.917,0.062,0.062,0.058,8.094,96.14,5.555,165.757,0,5.568,5.571,NA,22
"5/25/2022 2:33:31 PM",6.677,29.348,49.549,78.251,71419.1,1032.944,32.916,0.039,0.039,0.058,8.101,96.328,5.566,153.438,0,5.579,5.582,NA,22
"5/25/2022 2:33:31 PM",6.5,29.348,49.549,78.251,71418.6,1032.943,32.916,0.031,0.031,0.029,8.093,96.317,5.566,148.256,0,5.579,5.582,NA,22
"5/25/2022 2:33:31 PM",6.397,29.348,49.551,78.254,71421.2,1032.944,32.917,0.031,0.031,0.044,8.095,96.205,5.559,145.197,0,5.572,5.575,NA,22
"5/25/2022 2:33:31 PM",6.33,29.348,49.552,78.254,71421.9,1032.945,32.918,0.031,0.031,0.058,8.09,96.302,5.565,143.413,0,5.578,5.581,NA,22
"5/25/2022 2:33:31 PM",6.274,29.348,49.553,78.256,71423.6,1032.945,32.919,0.055,0.055,0.029,8.085,96.261,5.563,143.583,0,5.576,5.579,NA,22
"5/25/2022 2:33:32 PM",6.18,29.349,49.553,78.257,71423.7,1032.945,32.919,0.047,0.047,0.029,8.097,96.207,5.559,140.949,0,5.572,5.576,NA,22
"5/25/2022 2:33:32 PM",6.1,29.349,49.554,78.258,71423.9,1032.945,32.919,0.031,0.031,0.044,8.098,96.157,5.557,142.648,0,5.57,5.573,NA,22
"5/25/2022 2:33:32 PM",6.029,29.35,49.555,78.26,71425,1032.945,32.919,0.039,0.039,0.044,8.1,96.223,5.56,135.851,0,5.573,5.576,NA,22
"5/25/2022 2:33:32 PM",5.975,29.35,49.555,78.261,71425.3,1032.945,32.919,0.031,0.031,0.015,8.107,96.168,5.557,135.427,0,5.57,5.573,NA,22
"5/25/2022 2:33:32 PM",5.938,29.351,49.555,78.263,71425.9,1032.945,32.919,0.039,0.039,0.029,8.1,96.228,5.56,134.152,0,5.573,5.577,NA,22
"5/25/2022 2:33:33 PM",5.918,29.353,49.555,78.265,71425.7,1032.944,32.919,0.039,0.039,0.058,8.099,96.207,5.559,149.615,0,5.572,5.575,NA,22
"5/25/2022 2:33:33 PM",5.905,29.353,49.558,78.269,71428.5,1032.945,32.92,0.039,0.039,0.073,8.104,96.284,5.564,150.804,0,5.577,5.58,NA,22
"5/25/2022 2:33:33 PM",5.916,29.354,49.557,78.27,71427.8,1032.945,32.92,0.047,0.047,0.073,8.101,96.201,5.559,157.261,0,5.572,5.575,NA,22
"5/25/2022 2:33:33 PM",5.931,29.354,49.557,78.27,71428.1,1032.945,32.92,0.039,0.039,0.044,8.103,96.263,5.562,159.385,0,5.575,5.579,NA,22
"5/25/2022 2:33:33 PM",5.937,29.352,49.559,78.27,71430.4,1032.947,32.922,0.039,0.039,0.058,8.101,96.245,5.562,150.295,0,5.575,5.578,NA,22
"5/25/2022 2:33:34 PM",5.918,29.354,49.557,78.269,71426.9,1032.944,32.919,0.031,0.031,0.044,8.104,96.276,5.564,149.87,0,5.577,5.58,NA,22
"5/25/2022 2:33:34 PM",5.895,29.354,49.556,78.268,71425.8,1032.943,32.918,0.039,0.039,0.058,8.104,96.219,5.561,146.047,0,5.574,5.577,NA,22
"5/25/2022 2:33:34 PM",5.89,29.354,49.558,78.27,71428.2,1032.945,32.92,0.047,0.047,0.044,8.101,96.257,5.563,144.093,0,5.576,5.579,NA,22
"5/25/2022 2:33:34 PM",5.886,29.354,49.56,78.273,71431.6,1032.947,32.922,0.062,0.062,0.044,8.107,96.247,5.562,148.341,0,5.575,5.578,NA,22
"5/25/2022 2:33:34 PM",5.831,29.354,49.56,78.273,71431,1032.947,32.922,0.039,0.039,0.044,8.101,96.243,5.562,160.49,0,5.575,5.578,NA,22
"5/25/2022 2:33:35 PM",5.766,29.354,49.558,78.271,71428.8,1032.945,32.92,0.039,0.039,0.029,8.103,96.237,5.562,161.594,0,5.575,5.578,NA,22
"5/25/2022 2:33:35 PM",5.678,29.353,49.561,78.273,71431.9,1032.947,32.922,0.055,0.055,0.029,8.094,96.281,5.564,153.523,0,5.577,5.581,NA,22
"5/25/2022 2:33:35 PM",5.585,29.353,49.56,78.272,71431.3,1032.946,32.922,0.039,0.039,0,8.101,96.27,5.564,146.047,0,5.577,5.58,NA,22
"5/25/2022 2:33:35 PM",5.438,29.352,49.561,78.273,71432.8,1032.946,32.923,0.055,0.055,0.044,8.107,96.334,5.568,142.903,0,5.58,5.584,NA,22
"5/25/2022 2:33:35 PM",5.337,29.353,49.561,78.273,71432.2,1032.946,32.923,0.047,0.047,0.044,8.109,96.31,5.566,144.942,0,5.579,5.583,NA,22
"5/25/2022 2:33:36 PM",5.229,29.353,49.562,78.273,71433.2,1032.946,32.924,0.039,0.039,0.029,8.113,96.252,5.563,148.595,0,5.576,5.579,NA,22
"5/25/2022 2:33:36 PM",5.119,29.353,49.56,78.272,71431.5,1032.944,32.923,0.031,0.031,0.015,8.112,96.149,5.557,149.7,0,5.57,5.573,NA,22
"5/25/2022 2:33:36 PM",5.008,29.353,49.562,78.274,71433.9,1032.945,32.924,0.031,0.031,0.015,8.112,96.245,5.562,155.307,0,5.575,5.579,NA,22
"5/25/2022 2:33:36 PM",4.853,29.354,49.559,78.272,71429.7,1032.942,32.921,0.031,0.031,0,8.107,96.223,5.562,158.451,0,5.574,5.578,NA,22
"5/25/2022 2:33:36 PM",4.763,29.355,49.56,78.275,71430.7,1032.942,32.921,0.047,0.047,0.044,8.107,96.186,5.559,158.536,0,5.572,5.575,NA,22
"5/25/2022 2:33:37 PM",4.672,29.357,49.56,78.277,71430.3,1032.941,32.921,0.055,0.055,0.044,8.11,96.262,5.564,155.137,0,5.576,5.58,NA,22
"5/25/2022 2:33:37 PM",4.598,29.358,49.561,78.28,71431.8,1032.941,32.922,0.047,0.047,0.044,8.111,96.199,5.56,147.491,0,5.573,5.576,NA,22
"5/25/2022 2:33:37 PM",4.518,29.359,49.561,78.282,71431.3,1032.94,32.921,0.039,0.039,0.029,8.111,96.279,5.564,131.264,0,5.577,5.581,NA,22
"5/25/2022 2:33:37 PM",4.479,29.36,49.56,78.282,71429.6,1032.939,32.919,0.039,0.039,0.029,8.112,96.238,5.562,120.219,0,5.575,5.578,NA,22
"5/25/2022 2:33:37 PM",4.446,29.361,49.563,78.286,71433,1032.94,32.921,0.039,0.039,0.044,8.108,96.287,5.565,112.147,0,5.578,5.581,NA,22
"5/25/2022 2:33:38 PM",4.405,29.361,49.563,78.287,71433.4,1032.94,32.922,0.047,0.047,0.029,8.105,96.407,5.572,107.815,0,5.585,5.588,NA,22
"5/25/2022 2:33:38 PM",4.389,29.362,49.563,78.288,71433.3,1032.94,32.921,0.031,0.031,0.044,8.108,96.373,5.57,104.501,0,5.583,5.586,NA,22
"5/25/2022 2:33:38 PM",4.387,29.362,49.564,78.289,71434.1,1032.94,32.922,0.023,0.023,0.058,8.106,96.361,5.569,105.606,0,5.582,5.585,NA,22
"5/25/2022 2:33:38 PM",4.398,29.363,49.563,78.29,71433.6,1032.94,32.921,0.039,0.039,0.058,8.109,96.245,5.562,103.482,0,5.575,5.578,NA,22
"5/25/2022 2:33:39 PM",4.417,29.363,49.564,78.292,71434.7,1032.941,32.922,0.031,0.031,0.044,8.1,96.275,5.563,103.142,0,5.576,5.58,NA,22
"5/25/2022 2:33:39 PM",4.486,29.362,49.566,78.292,71437,1032.943,32.923,0.047,0.047,0.058,8.111,96.379,5.57,109.344,0,5.583,5.586,NA,22
"5/25/2022 2:33:39 PM",4.519,29.362,49.566,78.292,71437,1032.943,32.924,0.055,0.055,0.029,8.109,96.241,5.562,112.997,0,5.575,5.579,NA,22
"5/25/2022 2:33:39 PM",4.504,29.361,49.564,78.288,71434.4,1032.941,32.922,0.039,0.039,0.029,8.108,96.163,5.558,115.291,0,5.571,5.574,NA,22
"5/25/2022 2:33:39 PM",4.474,29.362,49.565,78.291,71435.5,1032.942,32.923,0.039,0.039,0.029,8.108,96.258,5.563,112.912,0,5.576,5.58,NA,22
"5/25/2022 2:33:40 PM",4.422,29.361,49.567,78.292,71437.9,1032.943,32.924,0.039,0.039,0.044,8.113,96.229,5.562,113.507,0,5.575,5.578,NA,22
"5/25/2022 2:33:40 PM",4.335,29.362,49.568,78.294,71439.1,1032.943,32.925,0.047,0.047,0.029,8.112,96.316,5.567,133.982,0,5.58,5.583,NA,22
"5/25/2022 2:33:40 PM",4.283,29.363,49.568,78.296,71439.6,1032.943,32.925,0.047,0.047,0.015,8.113,96.263,5.564,126.931,0,5.577,5.58,NA,22
"5/25/2022 2:33:40 PM",4.239,29.363,49.569,78.298,71440.6,1032.944,32.925,0.039,0.039,0.044,8.112,96.187,5.559,126.846,0,5.572,5.575,NA,22
"5/25/2022 2:33:40 PM",4.184,29.363,49.569,78.298,71439.9,1032.943,32.925,0.039,0.039,0.015,8.113,96.359,5.569,130.499,0,5.582,5.586,NA,22
"5/25/2022 2:33:41 PM",4.125,29.364,49.568,78.298,71438.4,1032.941,32.924,0.031,0.031,0.044,8.111,96.336,5.568,133.727,0,5.581,5.585,NA,22
"5/25/2022 2:33:41 PM",4.012,29.364,49.567,78.297,71438.3,1032.941,32.924,0.039,0.039,0.044,8.111,96.206,5.561,132.028,0,5.573,5.577,NA,22
"5/25/2022 2:33:41 PM",3.928,29.364,49.569,78.299,71439.8,1032.941,32.925,0.039,0.039,0.029,8.111,96.344,5.568,132.453,0,5.581,5.585,NA,22
"5/25/2022 2:33:41 PM",3.857,29.365,49.565,78.295,71434.5,1032.938,32.921,0.047,0.047,0.058,8.109,96.273,5.564,132.198,0,5.577,5.581,NA,22
"5/25/2022 2:33:41 PM",3.793,29.366,49.566,78.298,71435.6,1032.938,32.922,0.047,0.047,0.044,8.106,96.301,5.567,134.917,0,5.58,5.583,NA,22
"5/25/2022 2:33:42 PM",3.697,29.369,49.565,78.302,71435,1032.936,32.92,0.047,0.047,0.029,8.108,96.336,5.569,128.035,0,5.582,5.585,NA,22
"5/25/2022 2:33:42 PM",3.615,29.37,49.566,78.303,71435.2,1032.936,32.92,0.047,0.047,0.015,8.1,96.272,5.565,135.936,0,5.578,5.581,NA,22
"5/25/2022 2:33:42 PM",3.549,29.371,49.565,78.303,71434.2,1032.935,32.92,0.031,0.031,0.029,8.105,96.302,5.566,141.714,0,5.579,5.583,NA,22
"5/25/2022 2:33:42 PM",3.487,29.373,49.565,78.306,71433.7,1032.934,32.919,0.031,0.031,0.015,8.109,96.298,5.566,139.929,0,5.579,5.582,NA,22
"5/25/2022 2:33:42 PM",3.46,29.374,49.565,78.308,71434,1032.933,32.919,0.039,0.039,0.073,8.107,96.401,5.572,135.766,0,5.585,5.588,NA,22
"5/25/2022 2:33:43 PM",3.438,29.377,49.566,78.314,71434.4,1032.933,32.918,0.039,0.039,0.015,8.111,96.36,5.569,140.184,0,5.582,5.586,NA,22
"5/25/2022 2:33:43 PM",3.447,29.38,49.565,78.316,71433.5,1032.931,32.917,0.039,0.039,0.029,8.109,96.293,5.565,139.929,0,5.578,5.581,NA,22
"5/25/2022 2:33:43 PM",3.474,29.381,49.564,78.316,71431.2,1032.93,32.915,0.039,0.039,0.015,8.105,96.355,5.569,142.053,0,5.582,5.585,NA,22
"5/25/2022 2:33:43 PM",3.485,29.38,49.566,78.318,71434.1,1032.932,32.917,0.047,0.047,0.044,8.107,96.325,5.567,142.393,0,5.58,5.583,NA,22
"5/25/2022 2:33:43 PM",3.52,29.381,49.565,78.317,71433.3,1032.931,32.916,0.047,0.047,0.044,8.107,96.281,5.565,153.183,0,5.578,5.581,NA,22
"5/25/2022 2:33:44 PM",3.539,29.379,49.565,78.315,71432.7,1032.931,32.916,0.039,0.039,0.015,8.105,96.2,5.56,153.183,0,5.573,5.577,NA,22
"5/25/2022 2:33:44 PM",3.535,29.379,49.565,78.314,71432.9,1032.932,32.917,0.039,0.039,0.029,8.106,96.264,5.564,165.587,0,5.577,5.581,NA,22
"5/25/2022 2:33:44 PM",3.521,29.378,49.565,78.313,71433.8,1032.932,32.918,0.039,0.039,0.044,8.106,96.323,5.568,169.326,0,5.581,5.584,NA,22
"5/25/2022 2:33:44 PM",3.478,29.377,49.57,78.319,71439.6,1032.936,32.921,0.039,0.039,0.029,8.107,96.329,5.568,153.013,0,5.581,5.584,NA,22
"5/25/2022 2:33:44 PM",3.433,29.377,49.571,78.321,71441.5,1032.937,32.922,0.055,0.055,0.044,8.102,96.23,5.562,156.837,0,5.575,5.579,NA,22
"5/25/2022 2:33:45 PM",3.393,29.378,49.573,78.324,71442.8,1032.937,32.923,0.047,0.047,0.058,8.104,96.352,5.569,159.046,0,5.582,5.586,NA,22
"5/25/2022 2:33:45 PM",3.335,29.379,49.572,78.325,71441.5,1032.936,32.922,0.047,0.047,0.015,8.109,96.287,5.565,163.039,0,5.578,5.582,NA,22
"5/25/2022 2:33:45 PM",3.288,29.381,49.571,78.325,71439.8,1032.934,32.92,0.039,0.039,0.029,8.108,96.298,5.566,145.537,0,5.579,5.582,NA,22
"5/25/2022 2:33:45 PM",3.201,29.384,49.567,78.325,71435.3,1032.93,32.917,0.039,0.039,0.015,8.115,96.467,5.576,135.172,0,5.589,5.592,NA,22
"5/25/2022 2:33:45 PM",3.142,29.386,49.57,78.331,71437.9,1032.931,32.918,0.047,0.047,0.029,8.109,96.308,5.566,139.59,0,5.579,5.583,NA,22
"5/25/2022 2:33:46 PM",3.085,29.389,49.571,78.338,71439.5,1032.931,32.918,0.047,0.047,0,8.113,96.387,5.571,134.237,0,5.584,5.587,NA,22
"5/25/2022 2:33:46 PM",3.008,29.394,49.574,78.348,71442.6,1032.931,32.918,0.039,0.039,0.044,8.106,96.317,5.567,134.492,0,5.58,5.583,NA,22
"5/25/2022 2:33:46 PM",2.887,29.406,49.572,78.363,71438.3,1032.925,32.912,0.039,0.039,0.029,8.109,96.299,5.565,138.315,0,5.578,5.582,NA,22
"5/25/2022 2:33:46 PM",2.8,29.418,49.576,78.385,71441.5,1032.923,32.911,0.039,0.039,0.058,8.11,96.335,5.567,121.748,0,5.58,5.584,NA,22
"5/25/2022 2:33:46 PM",2.723,29.427,49.577,78.4,71441.9,1032.92,32.909,0.031,0.031,0.015,8.114,96.373,5.569,120.389,0,5.582,5.585,NA,22
"5/25/2022 2:33:47 PM",2.645,29.435,49.574,78.408,71437.5,1032.915,32.904,0.039,0.039,0.044,8.114,96.35,5.568,144.008,0,5.581,5.584,NA,22
"5/25/2022 2:33:47 PM",2.56,29.441,49.569,78.409,71430.3,1032.909,32.898,0.031,0.031,0.029,8.114,96.441,5.573,159.725,0,5.586,5.589,NA,22
"5/25/2022 2:33:47 PM",2.474,29.446,49.57,78.417,71430.2,1032.907,32.896,0.031,0.031,0.015,8.113,96.479,5.574,162.954,0,5.587,5.59,NA,22
"5/25/2022 2:33:47 PM",2.459,29.449,49.569,78.421,71429.5,1032.906,32.895,0.039,0.039,0,8.11,96.484,5.574,171.875,0,5.587,5.591,NA,22
"5/25/2022 2:33:47 PM",2.492,29.453,49.568,78.425,71427.4,1032.903,32.893,0.031,0.031,0.029,8.113,96.392,5.569,177.142,0,5.582,5.585,NA,22
"5/25/2022 2:33:48 PM",2.561,29.46,49.564,78.429,71421.8,1032.898,32.887,0.039,0.039,0.058,8.111,96.303,5.563,181.73,0,5.576,5.579,NA,22
"5/25/2022 2:33:48 PM",2.619,29.466,49.565,78.439,71422,1032.897,32.886,0.031,0.031,0.058,8.112,96.483,5.574,176.802,0,5.587,5.59,NA,22
"5/25/2022 2:33:48 PM",2.648,29.466,49.574,78.453,71433.3,1032.904,32.893,0.031,0.031,0.058,8.114,96.388,5.568,178.331,0,5.58,5.584,NA,22
"5/25/2022 2:33:48 PM",2.633,29.465,49.576,78.454,71436.4,1032.906,32.895,0.023,0.023,0.029,8.11,96.414,5.569,171.365,0,5.582,5.585,NA,22
"5/25/2022 2:33:49 PM",2.605,29.466,49.571,78.449,71429.9,1032.902,32.891,0.031,0.031,0.073,8.111,96.61,5.58,178.841,0,5.593,5.596,NA,22
"5/25/2022 2:33:49 PM",2.568,29.465,49.578,78.456,71439,1032.907,32.897,0.039,0.039,0.058,8.112,96.399,5.568,216.733,0,5.581,5.584,NA,22
"5/25/2022 2:33:49 PM",2.518,29.465,49.577,78.453,71436.6,1032.906,32.895,0.039,0.039,0.058,8.108,96.483,5.572,216.394,0,5.585,5.589,NA,22
"5/25/2022 2:33:49 PM",2.497,29.465,49.576,78.454,71436.3,1032.905,32.895,0.039,0.039,0,8.105,96.449,5.571,190.906,0,5.583,5.587,NA,22
"5/25/2022 2:33:49 PM",2.471,29.465,49.579,78.458,71440,1032.908,32.897,0.039,0.039,0.044,8.106,96.499,5.573,212.146,0,5.586,5.589,NA,22
"5/25/2022 2:33:50 PM",2.434,29.466,49.584,78.465,71445.6,1032.911,32.9,0.039,0.039,0.058,8.105,96.316,5.562,234.575,0,5.575,5.579,NA,22
"5/25/2022 2:33:50 PM",2.375,29.469,49.579,78.464,71439.6,1032.906,32.896,0.039,0.039,0.029,8.113,96.494,5.573,242.901,0,5.586,5.589,NA,22
"5/25/2022 2:33:50 PM",2.316,29.471,49.577,78.464,71436.5,1032.903,32.893,0.031,0.031,0.015,8.115,96.436,5.57,223.785,0,5.582,5.586,NA,22
"5/25/2022 2:33:50 PM",2.25,29.471,49.583,78.47,71443.2,1032.907,32.897,0.031,0.031,0.044,8.11,96.43,5.569,190.311,0,5.582,5.585,NA,22
"5/25/2022 2:33:50 PM",2.181,29.475,49.583,78.477,71443,1032.906,32.896,0.039,0.039,0,8.112,96.508,5.573,197.448,0,5.586,5.589,NA,22
"5/25/2022 2:33:51 PM",2.102,29.488,49.571,78.478,71426.3,1032.891,32.883,0.039,0.039,0,8.114,96.414,5.568,200.166,0,5.581,5.584,NA,22
"5/25/2022 2:33:51 PM",2.01,29.504,49.575,78.506,71429.3,1032.889,32.88,0.047,0.047,0.058,8.115,96.44,5.569,201.101,0,5.582,5.585,NA,22
"5/25/2022 2:33:51 PM",1.956,29.509,49.572,78.511,71425.3,1032.884,32.876,0.031,0.031,0.044,8.116,96.501,5.572,175.783,0,5.585,5.588,NA,22
"5/25/2022 2:33:51 PM",1.901,29.516,49.566,78.513,71416.7,1032.877,32.869,0.031,0.031,0.029,8.112,96.493,5.571,159.895,0,5.584,5.588,NA,22
"5/25/2022 2:33:51 PM",1.859,29.521,49.565,78.518,71415.3,1032.875,32.867,0.031,0.031,0.058,8.109,96.525,5.573,171.959,0,5.586,5.589,NA,22
"5/25/2022 2:33:52 PM",1.808,29.525,49.565,78.524,71415,1032.873,32.865,0.039,0.039,0.044,8.106,96.511,5.572,178.926,0,5.585,5.588,NA,22
"5/25/2022 2:33:52 PM",1.782,29.528,49.563,78.525,71411.6,1032.87,32.863,0.023,0.023,0.029,8.104,96.585,5.576,177.907,0,5.589,5.592,NA,22
"5/25/2022 2:33:52 PM",1.763,29.53,49.564,78.53,71413.1,1032.87,32.863,0.016,0.016,0,8.11,96.498,5.57,185.383,0,5.583,5.586,NA,22
"5/25/2022 2:33:52 PM",1.744,29.531,49.566,78.533,71415.1,1032.871,32.864,0.023,0.023,0,8.113,96.612,5.577,219.282,0,5.59,5.593,NA,22
"5/25/2022 2:33:52 PM",1.735,29.534,49.566,78.538,71414.8,1032.87,32.863,0.031,0.031,0.044,8.108,96.468,5.568,247.659,0,5.581,5.584,NA,22
"5/25/2022 2:33:53 PM",1.739,29.538,49.565,78.542,71413.3,1032.868,32.861,0.031,0.031,0.058,8.108,96.377,5.563,220.897,0,5.576,5.579,NA,22
"5/25/2022 2:33:53 PM",1.734,29.54,49.573,78.557,71422.2,1032.873,32.865,0.031,0.031,0.058,8.105,96.53,5.571,192.18,0,5.584,5.587,NA,22
"5/25/2022 2:33:53 PM",1.761,29.542,49.576,78.563,71426.3,1032.875,32.868,0.023,0.023,0,8.105,96.44,5.566,210.361,0,5.579,5.582,NA,22
"5/25/2022 2:33:53 PM",1.812,29.54,49.578,78.564,71429.2,1032.877,32.87,0.023,0.023,0,8.108,96.493,5.569,227.523,0,5.582,5.585,NA,22
"5/25/2022 2:33:53 PM",1.916,29.534,49.582,78.56,71434.3,1032.883,32.874,0.039,0.039,0.029,8.11,96.493,5.569,239.333,0,5.581,5.585,NA,22
"5/25/2022 2:33:54 PM",1.97,29.531,49.582,78.556,71435.1,1032.884,32.876,0.031,0.031,0.058,8.115,96.542,5.571,236.189,0,5.584,5.587,NA,22
"5/25/2022 2:33:54 PM",2.001,29.527,49.586,78.555,71440.1,1032.888,32.88,0.031,0.031,0.058,8.108,96.632,5.576,224.04,0,5.589,5.593,NA,22
"5/25/2022 2:33:54 PM",1.988,29.527,49.568,78.531,71417.5,1032.875,32.866,0.031,0.031,0,8.108,96.648,5.578,220.217,0,5.591,5.594,NA,22
"5/25/2022 2:33:54 PM",1.961,29.524,49.567,78.526,71417.3,1032.875,32.867,0.023,0.023,0.015,8.105,96.525,5.572,251.907,0,5.585,5.588,NA,22
"5/25/2022 2:33:54 PM",1.92,29.52,49.584,78.543,71439,1032.889,32.881,0.016,0.016,0.015,8.107,96.451,5.567,264.821,0,5.58,5.583,NA,22
"5/25/2022 2:33:55 PM",1.859,29.518,49.597,78.558,71455.3,1032.9,32.892,0.023,0.023,0.044,8.109,96.426,5.565,258.024,0,5.578,5.581,NA,22
"5/25/2022 2:33:55 PM",1.798,29.522,49.595,78.561,71451.9,1032.896,32.888,0.031,0.031,0.029,8.106,96.475,5.568,256.495,0,5.581,5.584,NA,22
"5/25/2022 2:33:55 PM",1.727,29.527,49.592,78.564,71448.2,1032.892,32.885,0.031,0.031,0.058,8.102,96.517,5.57,235,0,5.583,5.587,NA,22
"5/25/2022 2:33:55 PM",1.603,29.535,49.589,78.572,71443.5,1032.887,32.88,0.047,0.047,0.029,8.102,96.551,5.573,229.308,0,5.585,5.589,NA,22
"5/25/2022 2:33:55 PM",1.502,29.541,49.587,78.576,71439.9,1032.882,32.876,0.031,0.031,0.058,8.106,96.573,5.574,234.745,0,5.587,5.59,NA,22
"5/25/2022 2:33:56 PM",1.405,29.547,49.591,78.59,71444.1,1032.883,32.877,0.031,0.031,0.029,8.111,96.535,5.571,254.201,0,5.584,5.587,NA,22
"5/25/2022 2:33:56 PM",1.302,29.554,49.591,78.6,71442.9,1032.88,32.874,0.039,0.039,0.015,8.106,96.612,5.576,265.756,0,5.588,5.592,NA,22
"5/25/2022 2:33:56 PM",1.208,29.562,49.59,78.611,71440.6,1032.876,32.871,0.039,0.039,0.029,8.104,96.537,5.571,241.287,0,5.584,5.587,NA,22
"5/25/2022 2:33:56 PM",1.097,29.574,49.591,78.629,71440.5,1032.872,32.867,0.016,0.016,0.044,8.11,96.537,5.57,216.649,0,5.583,5.587,NA,22
"5/25/2022 2:33:56 PM",1.038,29.581,49.59,78.637,71438.3,1032.868,32.864,0.031,0.031,0.015,8.115,96.67,5.578,237.294,0,5.591,5.594,NA,22
"5/25/2022 2:33:57 PM",1.014,29.586,49.588,78.643,71435,1032.865,32.86,0.023,0.023,0.029,8.118,96.741,5.581,280.199,0,5.594,5.598,NA,22
"5/25/2022 2:33:57 PM",0.982,29.597,49.591,78.662,71437.2,1032.863,32.859,0.039,0.039,0.044,8.119,96.797,5.584,262.952,0,5.597,5.6,NA,22
"5/25/2022 2:33:57 PM",1.003,29.607,49.583,78.667,71427.1,1032.854,32.85,0.047,0.047,0.015,8.12,96.657,5.575,222.256,0,5.588,5.592,NA,22
"5/25/2022 2:33:57 PM",0.993,29.613,49.6,78.698,71446.7,1032.864,32.86,0.031,0.031,0,8.12,96.663,5.575,226.759,0,5.588,5.591,NA,22
"5/25/2022 2:33:57 PM",0.962,29.618,49.575,78.671,71415.6,1032.844,32.84,0.023,0.023,0,8.122,96.617,5.573,241.032,0,5.586,5.589,NA,22
"5/25/2022 2:33:58 PM",0.953,29.619,49.57,78.666,71409.3,1032.84,32.836,0.023,0.023,0.029,8.12,96.673,5.576,255.56,0,5.589,5.592,NA,22
"5/25/2022 2:33:58 PM",0.946,29.616,49.576,78.67,71417.4,1032.846,32.842,0.031,0.031,0.029,8.117,96.62,5.572,243.836,0,5.585,5.589,NA,22
"5/25/2022 2:33:58 PM",0.977,29.616,49.579,78.674,71420.6,1032.847,32.843,0.039,0.039,0.029,8.111,96.669,5.575,245.705,0,5.588,5.591,NA,22
"5/25/2022 2:33:58 PM",0.941,29.617,49.59,78.69,71433.6,1032.855,32.851,0.039,0.039,0.029,8.114,96.529,5.567,272.892,0,5.579,5.583,NA,22
"5/25/2022 2:33:59 PM",0.895,29.62,49.597,78.704,71442.4,1032.859,32.855,0.031,0.031,0.058,8.112,96.486,5.564,297.276,0,5.577,5.58,NA,22
"5/25/2022 2:33:59 PM",0.85,29.623,49.604,78.718,71450.7,1032.863,32.86,0.039,0.039,0.058,8.11,96.674,5.574,293.622,0,5.587,5.59,NA,22
"5/25/2022 2:33:59 PM",0.777,29.635,49.593,78.72,71436.1,1032.851,32.848,0.039,0.039,0.015,8.108,96.707,5.576,251.142,0,5.589,5.592,NA,22
"5/25/2022 2:33:59 PM",0.709,29.645,49.584,78.722,71423.4,1032.84,32.837,0.039,0.039,0,8.105,96.802,5.582,257.26,0,5.594,5.598,NA,22
"5/25/2022 2:33:59 PM",0.64,29.657,49.584,78.74,71422.1,1032.835,32.833,0.031,0.031,0,8.112,96.718,5.576,251.397,0,5.589,5.593,NA,22
"5/25/2022 2:34:00 PM",0.565,29.665,49.579,78.744,71414.8,1032.828,32.826,0.016,0.016,0.015,8.112,96.693,5.575,275.611,0,5.588,5.591,NA,22
"5/25/2022 2:34:00 PM",0.492,29.673,49.577,78.753,71411.1,1032.824,32.822,0.023,0.023,0.015,8.114,96.765,5.579,289.205,0,5.592,5.595,NA,22
"5/25/2022 2:34:00 PM",0.375,29.683,49.584,78.776,71418,1032.825,32.823,0.055,0.055,0.058,8.111,96.768,5.578,266.69,0,5.591,5.594,NA,22
"5/25/2022 2:34:00 PM",0.299,29.687,49.58,78.777,71413,1032.82,32.819,0.031,0.031,0.044,8.109,96.726,5.575,256.41,0,5.588,5.591,NA,22
"5/25/2022 2:34:00 PM",0.205,29.69,49.579,78.779,71411.2,1032.818,32.817,0.039,0.039,0.015,8.112,96.728,5.575,242.222,0,5.588,5.591,NA,22
"5/25/2022 2:34:01 PM",0.12,29.69,49.581,78.783,71414.2,1032.819,32.819,0.023,0.023,0,8.112,96.693,5.573,255.39,0,5.586,5.589,NA,22
"5/25/2022 2:34:01 PM",0.029,29.691,49.586,78.791,71419.6,1032.822,32.822,0.016,0.016,0,8.112,96.714,5.573,385.804,0,5.586,5.589,NA,22
"5/25/2022 2:34:01 PM",0,29.688,49.58,78.778,71412.5,1032.818,32.818,0.023,0.023,0.015,8.098,96.689,5.572,303.818,0,5.585,5.588,NA,22
"5/25/2022 2:34:01 PM",0,29.688,49.581,78.778,71413.5,1032.819,32.819,0.023,0.023,0.029,8.095,96.666,5.57,297.191,0,5.583,5.586,NA,22
"5/25/2022 2:34:01 PM",0,29.688,49.578,78.775,71409.9,1032.816,32.817,0.023,0.023,0.015,8.105,96.611,5.567,313.078,0,5.58,5.584,NA,22
"5/25/2022 2:34:02 PM",0,29.69,49.577,78.776,71408.3,1032.815,32.815,0.039,0.039,0.029,8.11,96.658,5.57,379.517,0,5.583,5.586,NA,22
"5/25/2022 2:34:02 PM",0,29.702,49.566,78.778,71393.4,1032.802,32.803,0.023,0.023,0.044,8.117,96.769,5.577,309.85,0,5.589,5.593,NA,22
"5/25/2022 2:34:02 PM",0,29.705,49.569,78.787,71396.7,1032.804,32.804,0.039,0.039,0.029,8.113,96.774,5.577,308.321,0,5.589,5.593,NA,22
"5/25/2022 2:34:02 PM",0,29.706,49.578,78.801,71407.8,1032.81,32.81,0.039,0.039,0,8.112,96.773,5.576,314.693,0,5.589,5.592,NA,22
"5/25/2022 2:34:02 PM",0,29.708,49.577,78.802,71406.9,1032.809,32.809,0.031,0.031,0,8.111,96.737,5.574,324.123,0,5.587,5.59,NA,22
"5/25/2022 2:34:03 PM",0,29.71,49.583,78.815,71414.3,1032.813,32.813,0.031,0.031,0.029,8.113,96.698,5.571,321.489,0,5.584,5.587,NA,22
"5/25/2022 2:34:03 PM",0,29.71,49.585,78.816,71416,1032.814,32.814,0.031,0.031,0.073,8.115,96.683,5.57,280.793,0,5.583,5.586,NA,22
"5/25/2022 2:34:03 PM",0,29.711,49.579,78.81,71409.2,1032.81,32.81,0.047,0.047,0.044,8.119,96.813,5.578,285.042,0,5.59,5.594,NA,22
"5/25/2022 2:34:03 PM",0,29.712,49.58,78.813,71410,1032.81,32.81,0.039,0.039,0.015,8.119,96.85,5.58,304.582,0,5.593,5.596,NA,22
"5/25/2022 2:34:03 PM",0,29.712,49.589,78.824,71421,1032.816,32.817,0.023,0.023,0.015,8.118,96.696,5.57,336.867,0,5.583,5.586,NA,22
"5/25/2022 2:34:04 PM",0,29.713,49.578,78.812,71407.4,1032.807,32.808,0.031,0.031,0.044,8.116,96.723,5.572,331.43,0,5.585,5.588,NA,22
"5/25/2022 2:34:04 PM",0,29.713,49.577,78.81,71405.4,1032.806,32.807,0.047,0.047,0.058,8.115,96.794,5.577,337.377,0,5.589,5.593,NA,22
"5/25/2022 2:34:04 PM",0,29.713,49.581,78.815,71410.1,1032.808,32.81,0.039,0.039,0.058,8.116,96.659,5.568,351.31,0,5.581,5.585,NA,22
"5/25/2022 2:34:04 PM",0,29.714,49.581,78.817,71411.1,1032.808,32.81,0.031,0.031,0.044,8.109,96.7,5.571,332.789,0,5.583,5.587,NA,22
"5/25/2022 2:34:04 PM",0,29.716,49.584,78.824,71414.1,1032.809,32.812,0.016,0.016,0,8.107,96.868,5.58,357.428,0,5.593,5.596,NA,22
"5/25/2022 2:34:05 PM",0,29.719,49.587,78.832,71417.3,1032.809,32.813,0.039,0.039,0.058,8.107,96.713,5.571,374.42,0,5.584,5.587,NA,22
"5/25/2022 2:34:05 PM",0,29.728,49.586,78.844,71415.5,1032.805,32.809,0.031,0.031,0.058,8.114,96.864,5.58,319.026,0,5.593,5.596,NA,22
"5/25/2022 2:34:05 PM",0,29.735,49.592,78.862,71421.6,1032.807,32.811,0.031,0.031,0.029,8.114,96.804,5.576,321.065,0,5.589,5.592,NA,22
"5/25/2022 2:34:05 PM",0,29.746,49.59,78.876,71418.1,1032.801,32.805,0.023,0.023,0,8.119,96.821,5.577,367.198,0,5.59,5.593,NA,22
"5/25/2022 2:34:05 PM",0,29.759,49.58,78.879,71403.7,1032.789,32.793,0.062,0.062,0.102,8.119,96.781,5.574,371.956,0,5.587,5.59,NA,22
"5/25/2022 2:34:06 PM",0,29.763,49.576,78.879,71397.9,1032.784,32.789,0.016,0.016,0.029,8.12,96.882,5.58,351.226,0,5.593,5.596,NA,22
"5/25/2022 2:34:06 PM",0,29.762,49.577,78.88,71399.3,1032.785,32.79,0.023,0.023,0.087,8.122,96.963,5.584,335.678,0,5.597,5.6,NA,22
"5/25/2022 2:34:06 PM",0,29.762,49.566,78.865,71385.7,1032.776,32.781,0.031,0.031,0.015,8.119,96.826,5.576,276.121,0,5.589,5.592,NA,22
"5/25/2022 2:34:06 PM",0,29.76,49.572,78.87,71393.4,1032.781,32.787,0.031,0.031,0.058,8.118,96.847,5.577,326.842,0,5.59,5.593,NA,22
"5/25/2022 2:34:06 PM",0,29.756,49.575,78.868,71397.6,1032.785,32.79,0.016,0.016,0.015,8.121,96.742,5.571,376.883,0,5.584,5.587,NA,22
"5/25/2022 2:34:07 PM",0,29.757,49.575,78.869,71397.3,1032.785,32.79,0.031,0.031,0.029,8.117,96.778,5.573,353.774,0,5.586,5.589,NA,22
"5/25/2022 2:34:07 PM",0,29.76,49.574,78.872,71396.2,1032.783,32.789,0.062,0.062,0.044,8.115,96.837,5.576,361.081,0,5.589,5.592,NA,22
"5/25/2022 2:34:07 PM",0,29.762,49.575,78.876,71396.4,1032.783,32.788,0.023,0.023,0,8.115,96.757,5.572,407.129,0,5.584,5.588,NA,22
"5/25/2022 2:34:07 PM",0,29.763,49.577,78.881,71399.8,1032.784,32.79,0.023,0.023,0.029,8.117,96.763,5.572,429.729,0,5.584,5.588,NA,22
"5/25/2022 2:34:07 PM",0,29.764,49.572,78.876,71393.4,1032.78,32.786,0.023,0.023,0.029,8.12,96.757,5.572,398.633,0,5.584,5.588,NA,22
"5/25/2022 2:34:08 PM",0,29.763,49.571,78.873,71391.4,1032.779,32.785,0.039,0.039,0.029,8.117,96.823,5.575,433.382,0,5.588,5.591,NA,22
"5/25/2022 2:34:08 PM",0,29.763,49.57,78.872,71391.1,1032.779,32.785,0,0,0,8.118,96.726,5.57,487.247,0,5.582,5.586,NA,22
"5/25/2022 2:34:08 PM",0,29.763,49.573,78.875,71394.6,1032.78,32.787,0.023,0.023,0,8.12,96.736,5.57,422.337,0,5.583,5.586,NA,22
"5/25/2022 2:34:08 PM",0,29.768,49.564,78.871,71382.6,1032.771,32.778,0.039,0.039,0.044,8.119,96.747,5.571,432.617,0,5.584,5.587,NA,22
"5/25/2022 2:34:09 PM",0,29.765,49.564,78.866,71382.1,1032.771,32.779,0.016,0.016,0,8.119,96.836,5.576,411.037,0,5.589,5.592,NA,22
"5/25/2022 2:34:09 PM",0,29.762,49.565,78.863,71384,1032.773,32.781,0.039,0.039,0,8.114,96.788,5.573,507.297,0,5.586,5.589,NA,22
"5/25/2022 2:34:09 PM",0,29.762,49.565,78.863,71384.6,1032.773,32.781,0,0,0,8.112,96.869,5.578,501.945,0,5.591,5.594,NA,22
"5/25/2022 2:34:09 PM",0,29.761,49.561,78.856,71379.3,1032.769,32.778,0.023,0.023,0.015,8.115,96.822,5.576,476.032,0,5.588,5.592,NA,22
"5/25/2022 2:34:09 PM",0,29.767,49.572,78.878,71391.6,1032.774,32.784,0,0,0,8.105,96.817,5.575,625.817,0,5.588,5.591,NA,22
"5/25/2022 2:34:10 PM",0,29.798,49.643,79.023,71477.5,1032.817,32.827,0,0,0,8.105,96.819,5.572,638.306,0,5.585,5.588,NA,22
"5/25/2022 2:34:10 PM",0,29.852,28.745,48.834,44124,1017.084,17.094,208.319,208.319,0,8.107,97.041,6.264,709.333,0,6.282,6.282,NA,22
"5/25/2022 2:34:10 PM",0,29.86,2.007,4.19,3785.6,997.182,0,458.06,458.06,556.185,8.111,96.979,7.25,678.407,0,7.271,7.271,NA,22
"5/25/2022 2:34:10 PM",0,29.787,1.246,2.665,2411.2,996.635,0,499.349,499.349,857.715,8.108,96.868,7.271,635.078,0,7.292,7.292,NA,22
"5/25/2022 2:34:10 PM",0,29.763,1.014,2.191,1983.6,996.47,0,425.991,425.991,731.027,8.105,96.582,7.259,571.612,0,7.28,7.28,NA,22
"5/25/2022 2:34:11 PM",0,29.709,0.904,1.961,1777.1,996.403,0,389.632,389.632,653.229,8.097,96.444,7.253,588.774,0,7.274,7.274,NA,22
"5/25/2022 2:34:11 PM",0,29.678,0.722,1.582,1434.8,996.277,0,506.05,506.05,1257.21,8.099,96.314,7.251,580.703,0,7.272,7.272,NA,22
"5/25/2022 2:34:11 PM",0,29.668,0.659,1.449,1314.2,996.232,0,505.8,505.8,1245.301,8.098,96.153,7.243,573.906,0,7.264,7.264,NA,22
"5/25/2022 2:34:11 PM",0,29.648,0.6,1.324,1201.2,996.194,0,353.358,353.358,683.597,8.096,96.188,7.248,610.439,0,7.269,7.269,NA,22
"5/25/2022 2:34:11 PM",0,29.617,0.567,1.253,1137.4,996.179,0,395.357,395.357,716.29,8.098,96.209,7.252,608.485,0,7.273,7.273,NA,22
"5/25/2022 2:34:12 PM",0,29.602,0.543,1.201,1090.5,996.165,0,124.687,124.687,191.357,8.098,96.131,7.248,680.531,0,7.269,7.269,NA,22
"5/25/2022 2:34:12 PM",0,29.537,0.51,1.129,1026.8,996.16,0,129.578,129.578,56.808,8.099,95.985,7.238,644.168,0,7.259,7.259,NA,22
"5/25/2022 2:34:12 PM",0,29.427,0.476,1.054,960.1,996.167,0,51.251,51.251,9.662,8.1,96.039,7.244,660.311,0,7.265,7.265,NA,22
"5/25/2022 2:34:12 PM",0,29.418,0.462,1.025,934.3,996.159,0,32.755,32.755,3.529,8.101,95.94,7.238,588.859,0,7.259,7.259,NA,22
"5/25/2022 2:34:12 PM",0,29.393,0.474,1.049,956.9,996.176,0,34.487,34.487,0,8.1,95.972,7.241,656.912,0,7.262,7.262,NA,22
"5/25/2022 2:34:13 PM",0,29.337,0.563,1.238,1130.4,996.259,0,173.184,173.184,12.203,8.102,96.033,7.244,662.69,0,7.265,7.265,NA,22
"5/25/2022 2:34:13 PM",0,29.298,0.619,1.355,1237.7,996.313,0,251.98,251.98,43.406,8.103,95.847,7.228,607.72,0,7.249,7.249,NA,22
"5/25/2022 2:34:13 PM",0,29.257,0.588,1.287,1177.2,996.301,0,100.154,100.154,19.592,8.1,95.956,7.239,621.399,0,7.26,7.26,NA,22
"5/25/2022 2:34:13 PM",0,29.23,0.581,1.272,1164.1,996.304,0,37.256,37.256,10.044,8.1,95.827,7.23,680.616,0,7.251,7.251,NA,22
"5/25/2022 2:34:13 PM",0,29.2,0.547,1.2,1098.3,996.287,0,19.221,19.221,13.263,8.099,95.611,7.216,822.755,0,7.237,7.237,NA,22
"5/25/2022 2:34:14 PM",0,29.177,0.53,1.164,1066,996.282,0,12.918,12.918,2.901,8.096,95.644,7.219,721.907,0,7.24,7.24,NA,22
"5/25/2022 2:34:14 PM",0,29.139,0.508,1.117,1023.7,996.276,0,33.707,33.707,11.586,8.095,95.667,7.223,728.789,0,7.244,7.244,NA,22
"5/25/2022 2:34:14 PM",0,29.133,0.496,1.09,999.2,996.269,0,17.536,17.536,0,8.091,95.584,7.217,845.609,0,7.238,7.238,NA,22
"5/25/2022 2:34:14 PM",0,29.066,0.462,1.017,933.8,996.263,0,36.492,36.492,0,8.091,95.448,7.208,859.712,0,7.229,7.229,NA,22
"5/25/2022 2:34:14 PM",0,28.939,0.447,0.983,904.2,996.289,0,11.982,11.982,0,8.088,95.477,7.212,925.387,0,7.233,7.233,NA,22
"5/25/2022 2:34:15 PM",0,28.849,0.418,0.92,848,996.294,0,25.368,25.368,3.718,8.086,95.448,7.212,843.315,0,7.233,7.233,NA,22
"5/25/2022 2:34:15 PM",0,28.849,0.409,0.9,830.2,996.287,0,30.68,30.68,43.014,8.086,95.337,7.206,760.564,0,7.226,7.226,NA,22
"5/25/2022 2:34:15 PM",0,28.837,0.4,0.882,812.9,996.284,0,63.256,63.256,34.397,8.085,95.318,7.205,717.999,0,7.226,7.226,NA,22
"5/25/2022 2:34:15 PM",0,28.743,0.382,0.842,778,996.298,0,56.47,56.47,51.28,8.09,95.358,7.209,737.71,0,7.23,7.23,NA,22
"5/25/2022 2:34:15 PM",0,28.697,0.373,0.822,760,996.305,0,26.733,26.733,2.653,8.087,95.096,7.19,687.328,0,7.211,7.211,NA,22
"5/25/2022 2:34:16 PM",0,28.676,0.366,0.805,745.2,996.305,0,3.331,3.331,0,8.077,94.8,7.168,468.725,0,7.189,7.189,NA,22
"5/25/2022 2:34:16 PM",0,28.667,1.018,2.153,1991.9,996.797,0,0,0,0,8.085,94.704,7.136,332.619,0,7.156,7.157,NA,22
"5/25/2022 2:34:16 PM",0,28.653,1.954,3.993,3695.9,997.501,0,0,0,0,8.083,94.678,7.097,268.729,0,7.118,7.118,NA,22
"5/25/2022 2:34:16 PM",0,28.614,3.291,6.511,6031.2,998.511,0,0.842,0.842,0,8.083,94.175,7.007,257.939,0,7.028,7.028,NA,22
"5/25/2022 2:34:16 PM",0,28.444,2.539,5.088,4729.8,997.999,0,1.506,1.506,4.566,8.079,93.431,6.982,432.193,0,7.002,7.002,NA,22
"5/25/2022 2:34:17 PM",0,28.152,1.406,2.896,2708.5,997.236,0,0.382,0.382,2.521,8.075,93.482,7.031,611.374,0,7.051,7.051,NA,22
"5/25/2022 2:34:17 PM",0,27.842,1.265,2.605,2451.5,997.219,0,0.382,0.382,1.005,8.06,93.839,7.068,665.578,0,7.088,7.088,NA,22
"5/25/2022 2:34:17 PM",0,27.629,0.792,1.662,1570.9,996.925,0,0.53,0.53,1.369,8.055,93.763,7.083,540.857,0,7.104,7.104,NA,22
"5/25/2022 2:34:17 PM",0,27.488,0.594,1.258,1192.8,996.816,0,0.796,0.796,1.005,8.044,93.569,7.079,481.385,0,7.1,7.1,NA,22
"5/25/2022 2:34:17 PM",0,27.418,0.475,1.012,960.4,996.746,0,1.623,1.623,9.28,8.063,93.975,7.116,510.866,0,7.137,7.137,NA,22
"5/25/2022 2:34:18 PM",0,27.425,0.444,0.948,900.2,996.721,0,2.808,2.808,11.998,8.06,95.216,7.213,518.342,0,7.234,7.234,NA,22
"5/25/2022 2:34:18 PM",0,28.875,2.338,4.748,4374.9,997.723,0,3.557,3.557,11.101,8.081,98.753,7.377,518.512,0,7.399,7.399,NA,22
"5/25/2022 2:34:18 PM",0,30.828,2.742,5.722,5072,997.431,0,2.387,2.387,9.354,8.141,98.051,7.274,516.983,0,7.296,7.295,NA,22
"5/25/2022 2:34:18 PM",0,31.43,2.543,5.392,4724.2,997.094,0,1.911,1.911,9.383,8.221,97.254,7.195,516.643,0,7.216,7.216,NA,22
"5/25/2022 2:34:19 PM",0,31.589,2.513,5.347,4670,997.021,0,1.849,1.849,8.943,8.29,95.872,7.067,544.34,0,7.087,7.087,NA,22
"5/25/2022 2:34:19 PM",0,31.599,2.509,5.342,4664.4,997.015,0,2.036,2.036,8.489,8.331,95.203,7.006,576.625,0,7.026,7.026,NA,22
"5/25/2022 2:34:19 PM",0,31.627,2.492,5.31,4634.4,996.994,0,2.067,2.067,8.21,8.362,94.881,6.972,607.55,0,6.992,6.992,NA,22
"5/25/2022 2:34:19 PM",0,31.632,2.455,5.237,4569.8,996.965,0,1.981,1.981,8.738,8.38,94.824,6.963,642.129,0,6.983,6.983,NA,22
"5/25/2022 2:34:19 PM",0,31.61,2.406,5.134,4482.6,996.935,0,1.88,1.88,9.09,8.408,94.619,6.941,647.397,0,6.962,6.961,NA,22
"5/25/2022 2:34:20 PM",0,31.592,2.21,4.74,4139.5,996.795,0,1.974,1.974,9.163,8.424,94.541,6.94,628.281,0,6.96,6.96,NA,22
"5/25/2022 2:34:20 PM",0,31.581,2.291,4.902,4282.1,996.859,0,1.974,1.974,9.207,8.436,94.377,6.923,610.779,0,6.943,6.943,NA,22
"5/25/2022 2:34:20 PM",0,31.582,2.08,4.475,3909.1,996.701,0,1.607,1.607,9.53,8.445,94.325,6.925,594.806,0,6.946,6.945,NA,22
"5/25/2022 2:34:20 PM",0,31.6,2.086,4.49,3920.8,996.7,0,1.911,1.911,9.633,8.454,94.316,6.924,579.174,0,6.944,6.944,NA,22
"5/25/2022 2:34:20 PM",0,31.612,2.082,4.482,3912.6,996.693,0,1.825,1.825,9.413,8.467,94.189,6.914,564.051,0,6.934,6.934,NA,22
"5/25/2022 2:34:21 PM",0,31.617,2.087,4.494,3922.5,996.696,0,1.88,1.88,9.735,8.476,94.077,6.905,556.234,0,6.925,6.924,NA,22
"5/25/2022 2:34:21 PM",0,31.619,2.036,4.389,3831.1,996.657,0,1.958,1.958,10.234,8.483,94.065,6.905,546.889,0,6.925,6.925,NA,22
"5/25/2022 2:34:21 PM",0,31.627,2.093,4.505,3932,996.696,0,1.857,1.857,9.853,8.487,93.995,6.898,542.301,0,6.918,6.918,NA,22
"5/25/2022 2:34:21 PM",0,31.644,2.019,4.357,3801.5,996.636,0,1.521,1.521,9.09,8.49,93.93,6.896,575.69,0,6.916,6.916,NA,22
"5/25/2022 2:34:21 PM",0,31.652,2.038,4.396,3835.2,996.648,0,1.716,1.716,9.515,8.492,93.896,6.893,791.319,0,6.913,6.913,NA,22
"5/25/2022 2:34:22 PM",0,31.653,2.034,4.387,3827.2,996.644,0,1.849,1.849,9.192,8.492,93.949,6.897,877.384,0,6.917,6.917,NA,22
"5/25/2022 2:34:22 PM",0,31.654,1.957,4.231,3690.9,996.587,0,1.779,1.779,9.178,8.491,93.899,6.897,817.232,0,6.917,6.917,NA,22
"5/25/2022 2:34:22 PM",0,31.65,1.966,4.249,3706.6,996.594,0,2.091,2.091,9.28,8.494,93.86,6.894,627.176,0,6.913,6.913,NA,22
"5/25/2022 2:34:22 PM",0,31.647,1.85,4.013,3501.2,996.51,0,1.584,1.584,9.354,8.502,93.928,6.904,568.554,0,6.924,6.923,NA,22
"5/25/2022 2:34:22 PM",0,31.642,1.813,3.937,3435.2,996.484,0,1.857,1.857,9.104,8.506,93.811,6.897,545.36,0,6.917,6.917,NA,22
"5/25/2022 2:34:23 PM",0,31.634,1.673,3.649,3183.9,996.382,0,1.701,1.701,9.838,8.508,93.757,6.899,603.387,0,6.919,6.919,NA,22
"5/25/2022 2:34:23 PM",0,31.639,1.697,3.697,3225.8,996.398,0,1.685,1.685,9.603,8.508,93.855,6.905,771.694,0,6.925,6.925,NA,22
"5/25/2022 2:34:23 PM",0,31.646,1.605,3.508,3060.7,996.327,0,1.591,1.591,9.413,8.506,93.757,6.901,820.971,0,6.921,6.921,NA,22
"5/25/2022 2:34:23 PM",0,31.648,1.586,3.469,3026.6,996.313,0,1.474,1.474,9.207,8.509,93.7,6.897,839.917,0,6.917,6.917,NA,22
"5/25/2022 2:34:23 PM",0,31.645,1.529,3.352,2924.5,996.272,0,1.482,1.482,9.339,8.506,93.761,6.903,856.484,0,6.923,6.923,NA,22
"5/25/2022 2:34:24 PM",0,31.642,1.541,3.376,2945.6,996.281,0,1.716,1.716,9.148,8.502,93.658,6.895,880.952,0,6.915,6.914,NA,22
"5/25/2022 2:34:24 PM",0,31.639,1.45,3.187,2780.9,996.214,0,1.724,1.724,9.192,8.501,93.664,6.898,906.865,0,6.918,6.918,NA,22
"5/25/2022 2:34:24 PM",0,31.64,1.494,3.279,2860.7,996.247,0,1.669,1.669,9.853,8.502,93.585,6.89,924.537,0,6.91,6.91,NA,22
"5/25/2022 2:34:24 PM",0,31.642,1.468,3.224,2812.8,996.227,0,1.591,1.591,9.823,8.502,93.616,6.894,929.805,0,6.914,6.914,NA,22
"5/25/2022 2:34:24 PM",0,31.645,1.425,3.135,2735,996.194,0,1.49,1.49,9.31,8.503,93.541,6.89,928.105,0,6.91,6.91,NA,22
"5/25/2022 2:34:25 PM",0,31.648,1.454,3.196,2788.1,996.215,0,1.467,1.467,9.28,8.5,93.527,6.888,927.765,0,6.908,6.908,NA,22
"5/25/2022 2:34:25 PM",0,31.651,1.419,3.124,2725,996.188,0,1.623,1.623,9.53,8.506,93.581,6.894,928.02,0,6.914,6.914,NA,22
"5/25/2022 2:34:25 PM",0,31.655,1.444,3.176,2770,996.205,0,1.794,1.794,9.735,8.506,93.546,6.89,924.622,0,6.91,6.91,NA,22
"5/25/2022 2:34:25 PM",0,31.658,1.432,3.15,2747.6,996.195,0,1.779,1.779,9.618,8.505,93.478,6.887,930.654,0,6.906,6.906,NA,22
"5/25/2022 2:34:25 PM",0,31.661,1.431,3.148,2745.9,996.193,0,1.95,1.95,9.706,8.505,93.436,6.883,951.724,0,6.903,6.903,NA,22
"5/25/2022 2:34:26 PM",0,31.665,1.46,3.208,2797.8,996.213,0,1.786,1.786,9.691,8.506,93.538,6.891,974.324,0,6.911,6.911,NA,22
"5/25/2022 2:34:26 PM",0,31.673,1.438,3.163,2757.9,996.194,0,1.56,1.56,9.192,8.505,93.536,6.892,990.636,0,6.912,6.912,NA,22
"5/25/2022 2:34:26 PM",0,31.684,1.419,3.124,2723.2,996.176,0,1.568,1.568,10.014,8.501,93.403,6.883,1004.485,0,6.903,6.903,NA,22
"5/25/2022 2:34:26 PM",0,31.67,1.484,3.26,2843,996.23,0,1.677,1.677,9.926,8.505,93.51,6.889,1009.327,0,6.909,6.909,NA,22
"5/25/2022 2:34:26 PM",0,31.631,1.422,3.129,2730.3,996.196,0,1.755,1.755,9.647,8.502,93.5,6.891,1008.902,0,6.911,6.911,NA,22
"5/25/2022 2:34:27 PM",0,31.583,1.462,3.208,2802.6,996.241,0,1.662,1.662,9.236,8.501,93.549,6.894,1006.694,0,6.914,6.914,NA,22
"5/25/2022 2:34:27 PM",0,31.557,1.437,3.154,2756.4,996.23,0,1.646,1.646,9.706,8.509,93.472,6.89,1003.635,0,6.909,6.909,NA,22
"5/25/2022 2:34:27 PM",0,31.547,1.411,3.1,2709.8,996.214,0,1.833,1.833,9.853,8.511,93.536,6.895,1002.615,0,6.915,6.915,NA,22
"5/25/2022 2:34:27 PM",0,31.551,1.42,3.119,2726.1,996.22,0,1.669,1.669,9.471,8.511,93.57,6.897,1002.106,0,6.917,6.917,NA,22
"5/25/2022 2:34:27 PM",0,31.565,1.413,3.104,2712.7,996.21,0,1.903,1.903,9.882,8.509,93.542,6.896,1001.426,0,6.916,6.916,NA,22
"5/25/2022 2:34:28 PM",0,31.572,1.392,3.062,2674.8,996.192,0,1.864,1.864,9.369,8.509,93.595,6.901,1002.021,0,6.921,6.921,NA,22
"5/25/2022 2:34:28 PM",0,31.586,1.39,3.06,2672.4,996.187,0,1.779,1.779,9.662,8.507,93.544,6.897,1002.276,0,6.917,6.917,NA,22
"5/25/2022 2:34:28 PM",0,31.603,1.361,2.999,2619,996.16,0,1.786,1.786,9.515,8.502,93.57,6.9,1003.38,0,6.92,6.92,NA,22
"5/25/2022 2:34:28 PM",0,31.609,1.36,2.996,2615.9,996.156,0,1.981,1.981,9.427,8.5,93.625,6.905,1004.654,0,6.925,6.925,NA,22
"5/25/2022 2:34:28 PM",0,31.61,1.342,2.961,2584.7,996.143,0,1.872,1.872,9.471,8.486,93.508,6.898,1006.014,0,6.917,6.917,NA,22
"5/25/2022 2:34:29 PM",0,31.616,1.33,2.935,2562.5,996.132,0,1.74,1.74,9.046,8.486,93.573,6.903,1006.694,0,6.923,6.923,NA,22
"5/25/2022 2:34:29 PM",0,31.623,1.33,2.935,2562.2,996.13,0,1.646,1.646,10.308,8.456,93.628,6.907,1010.687,0,6.927,6.927,NA,22
"5/25/2022 2:34:29 PM",0,31.626,1.321,2.917,2546.1,996.122,0,1.896,1.896,9.134,8.482,93.588,6.905,1015.529,0,6.925,6.925,NA,22
"5/25/2022 2:34:29 PM",0,31.625,1.319,2.913,2542,996.121,0,1.763,1.763,10.381,8.463,93.741,6.917,1018.588,0,6.937,6.937,NA,22
"5/25/2022 2:34:30 PM",0,31.622,1.319,2.912,2541.8,996.122,0,1.552,1.552,10.073,8.444,93.725,6.916,1020.372,0,6.936,6.936,NA,22
"5/25/2022 2:34:30 PM",0,31.624,1.318,2.91,2540,996.121,0,1.849,1.849,9.618,8.458,93.643,6.91,1022.921,0,6.93,6.93,NA,22
"5/25/2022 2:34:30 PM",0,31.619,1.309,2.891,2524,996.116,0,1.857,1.857,9.838,8.468,93.694,6.914,1024.025,0,6.934,6.934,NA,22
"5/25/2022 2:34:30 PM",0,31.61,1.317,2.907,2537.9,996.124,0,1.654,1.654,9.325,8.473,93.694,6.914,1024.025,0,6.934,6.934,NA,22
"5/25/2022 2:34:30 PM",0,31.601,1.31,2.893,2525.8,996.122,0,1.56,1.56,9.31,8.472,93.723,6.916,1024.45,0,6.936,6.936,NA,22
"5/25/2022 2:34:31 PM",0,31.586,1.314,2.899,2532,996.129,0,1.716,1.716,9.647,8.466,93.676,6.912,1024.365,0,6.932,6.932,NA,22
"5/25/2022 2:34:31 PM",0,31.585,1.311,2.893,2527.2,996.128,0,1.701,1.701,9.339,8.463,93.672,6.912,1023.601,0,6.932,6.932,NA,22
"5/25/2022 2:34:31 PM",0,31.593,1.309,2.891,2524.4,996.124,0,1.794,1.794,9.339,8.429,93.54,6.902,1022.666,0,6.922,6.922,NA,22
"5/25/2022 2:34:31 PM",0,31.606,1.308,2.888,2521.4,996.119,0,2.005,2.005,9.882,8.43,93.643,6.91,1020.967,0,6.929,6.929,NA,22
"5/25/2022 2:34:31 PM",0,31.617,1.307,2.887,2520.4,996.115,0,1.927,1.927,9.266,8.436,93.679,6.912,1018.843,0,6.932,6.932,NA,22
"5/25/2022 2:34:32 PM",0,31.616,1.301,2.874,2508.8,996.11,0,1.95,1.95,9.574,8.438,93.68,6.911,1016.039,0,6.931,6.931,NA,22
"5/25/2022 2:34:32 PM",0,31.606,1.298,2.867,2502.8,996.111,0,1.942,1.942,9.178,8.431,93.684,6.911,1014.51,0,6.931,6.931,NA,22
"5/25/2022 2:34:32 PM",0,31.603,1.295,2.861,2498.4,996.11,0,1.849,1.849,9.442,8.435,93.531,6.9,1011.536,0,6.92,6.92,NA,22
"5/25/2022 2:34:32 PM",0,31.599,1.289,2.848,2487.1,996.107,0,1.693,1.693,9.911,8.437,93.615,6.905,1000.916,0,6.925,6.925,NA,22
"5/25/2022 2:34:32 PM",0,31.597,1.286,2.841,2481.3,996.105,0,1.755,1.755,9.471,8.427,93.676,6.909,989.786,0,6.929,6.929,NA,22
"5/25/2022 2:34:33 PM",0,31.597,1.28,2.829,2470.1,996.101,0,1.88,1.88,9.897,8.416,93.54,6.899,992.335,0,6.918,6.918,NA,22
"5/25/2022 2:34:33 PM",0,31.597,1.276,2.821,2463.6,996.098,0,1.888,1.888,9.956,8.41,93.614,6.904,995.309,0,6.924,6.924,NA,22
"5/25/2022 2:34:33 PM",0,31.598,1.273,2.815,2458.4,996.096,0,1.841,1.841,9.148,8.437,93.553,6.899,997.773,0,6.919,6.918,NA,22
"5/25/2022 2:34:33 PM",0,31.597,1.271,2.811,2455,996.095,0,1.74,1.74,8.914,8.443,93.587,6.901,1000.237,0,6.921,6.92,NA,22
"5/25/2022 2:34:33 PM",0,31.599,1.263,2.794,2440,996.088,0,1.599,1.599,9.075,8.44,93.678,6.907,1003.55,0,6.927,6.927,NA,22
"5/25/2022 2:34:34 PM",0,31.599,1.262,2.792,2438.1,996.087,0,1.763,1.763,9.559,8.431,93.553,6.898,1004.994,0,6.918,6.918,NA,22
"5/25/2022 2:34:34 PM",0,31.598,1.255,2.777,2425.3,996.082,0,1.833,1.833,9.413,8.429,93.613,6.902,1006.948,0,6.922,6.922,NA,22
"5/25/2022 2:34:34 PM",0,31.6,1.253,2.772,2420.9,996.08,0,1.584,1.584,9.926,8.424,93.702,6.907,1008.478,0,6.927,6.927,NA,22
"5/25/2022 2:34:34 PM",0,31.6,1.249,2.765,2414.2,996.077,0,1.896,1.896,8.752,8.417,93.596,6.899,1009.327,0,6.919,6.919,NA,22
"5/25/2022 2:34:34 PM",0,31.597,1.248,2.763,2412.9,996.077,0,1.888,1.888,9.325,8.427,93.459,6.89,1009.157,0,6.91,6.909,NA,22
"5/25/2022 2:41:25 PM",1.277,29.725,49.367,78.537,71142.5,1032.65,32.644,0.031,0.031,0.044,8.089,96.399,5.522,307.471,0,5.534,5.538,NA,22
"5/25/2022 2:41:26 PM",1.372,29.723,49.37,78.539,71146.8,1032.653,32.647,0.055,0.055,0.087,8.094,96.326,5.518,293.368,0,5.53,5.533,NA,22
"5/25/2022 2:41:26 PM",1.442,29.716,49.369,78.527,71145.5,1032.655,32.648,0.055,0.055,0.073,8.098,96.405,5.523,308.66,0,5.535,5.538,NA,22
"5/25/2022 2:41:26 PM",1.451,29.707,49.373,78.52,71151.6,1032.661,32.655,0.039,0.039,0.058,8.1,96.331,5.519,322.084,0,5.531,5.535,NA,22
"5/25/2022 2:41:26 PM",1.393,29.712,49.366,78.518,71143,1032.654,32.648,0.031,0.031,0.044,8.104,96.312,5.52,312.823,0,5.532,5.535,NA,22
"5/25/2022 2:41:26 PM",1.31,29.715,49.377,78.537,71155.8,1032.66,32.655,0.031,0.031,0.029,8.107,96.435,5.527,305.517,0,5.539,5.543,NA,22
"5/25/2022 2:41:27 PM",1.273,29.718,49.377,78.541,71155.7,1032.66,32.654,0.023,0.023,0.044,8.109,96.383,5.524,314.013,0,5.536,5.54,NA,22
"5/25/2022 2:41:27 PM",1.28,29.719,49.373,78.537,71150.7,1032.656,32.651,0.023,0.023,0.015,8.111,96.363,5.523,333.724,0,5.535,5.538,NA,22
"5/25/2022 2:41:27 PM",1.282,29.714,49.378,78.537,71157.1,1032.661,32.656,0.031,0.031,0.029,8.113,96.161,5.51,331.77,0,5.523,5.526,NA,22
"5/25/2022 2:41:27 PM",1.292,29.712,49.376,78.532,71155.8,1032.661,32.656,0.039,0.039,0.073,8.113,96.22,5.514,319.365,0,5.527,5.53,NA,22
"5/25/2022 2:41:27 PM",1.292,29.714,49.379,78.538,71158.3,1032.662,32.657,0.023,0.023,0.044,8.112,96.205,5.513,328.031,0,5.526,5.529,NA,22
"5/25/2022 2:41:28 PM",1.298,29.717,49.381,78.546,71160.8,1032.663,32.657,0.031,0.031,0.015,8.112,96.196,5.512,323.783,0,5.525,5.528,NA,22
"5/25/2022 2:41:28 PM",1.324,29.713,49.382,78.542,71162.9,1032.665,32.66,0.039,0.039,0.015,8.114,96.301,5.518,326.332,0,5.53,5.533,NA,22
"5/25/2022 2:41:28 PM",1.371,29.708,49.387,78.54,71169.4,1032.671,32.665,0.031,0.031,0.029,8.114,96.182,5.511,327.182,0,5.523,5.527,NA,22
"5/25/2022 2:41:28 PM",1.43,29.705,49.382,78.53,71164.3,1032.669,32.663,0.031,0.031,0.073,8.115,96.2,5.513,322.849,0,5.525,5.528,NA,22
"5/25/2022 2:41:28 PM",1.48,29.702,49.381,78.525,71162.8,1032.669,32.663,0.039,0.039,0.058,8.115,96.202,5.513,293.283,0,5.525,5.529,NA,22
"5/25/2022 2:41:29 PM",1.51,29.698,49.388,78.529,71172.5,1032.676,32.67,0.031,0.031,0.058,8.114,96.176,5.511,316.392,0,5.524,5.527,NA,22
"5/25/2022 2:41:29 PM",1.527,29.699,49.379,78.516,71160.2,1032.669,32.662,0.039,0.039,0.044,8.112,96.303,5.519,320.895,0,5.532,5.535,NA,22
"5/25/2022 2:41:29 PM",1.541,29.701,49.371,78.508,71150.4,1032.662,32.656,0.031,0.031,0.015,8.113,96.286,5.519,316.307,0,5.532,5.535,NA,22
"5/25/2022 2:41:29 PM",1.557,29.7,49.371,78.507,71150.2,1032.662,32.656,0.039,0.039,0.058,8.112,96.093,5.509,294.642,0,5.521,5.524,NA,22
"5/25/2022 2:41:29 PM",1.572,29.705,49.378,78.524,71158.8,1032.666,32.66,0.039,0.039,0.044,8.109,96.246,5.518,287.505,0,5.531,5.534,NA,22
"5/25/2022 2:41:30 PM",1.595,29.717,49.377,78.54,71156.8,1032.662,32.655,0.039,0.039,0.044,8.112,96.291,5.521,290.649,0,5.533,5.536,NA,22
"5/25/2022 2:41:30 PM",1.626,29.722,49.381,78.553,71160.9,1032.663,32.656,0.031,0.031,0.015,8.112,96.453,5.53,302.883,0,5.543,5.546,NA,22
"5/25/2022 2:41:30 PM",1.682,29.712,49.391,78.552,71174.6,1032.674,32.667,0.047,0.047,0.044,8.11,96.315,5.522,303.478,0,5.535,5.538,NA,22
"5/25/2022 2:41:30 PM",1.746,29.713,49.383,78.542,71163.6,1032.668,32.66,0.031,0.031,0.058,8.109,96.294,5.521,289.459,0,5.533,5.537,NA,22
"5/25/2022 2:41:30 PM",1.769,29.703,49.386,78.533,71169.3,1032.674,32.666,0.031,0.031,0.073,8.111,96.314,5.522,315.457,0,5.534,5.537,NA,22
"5/25/2022 2:41:31 PM",1.748,29.7,49.369,78.506,71148.4,1032.662,32.655,0.023,0.023,0.044,8.116,96.276,5.521,313.843,0,5.533,5.536,NA,22
"5/25/2022 2:41:31 PM",1.678,29.699,49.377,78.515,71158.2,1032.668,32.661,0.031,0.031,0.029,8.116,96.224,5.518,320.98,0,5.531,5.534,NA,22
"5/25/2022 2:41:31 PM",1.609,29.699,49.379,78.517,71160.5,1032.669,32.662,0.031,0.031,0.015,8.115,96.371,5.526,331.175,0,5.538,5.542,NA,22
"5/25/2022 2:41:31 PM",1.548,29.7,49.383,78.523,71165.5,1032.672,32.665,0.023,0.023,0.044,8.111,96.206,5.516,299.06,0,5.529,5.532,NA,22
"5/25/2022 2:41:31 PM",1.487,29.701,49.387,78.531,71170.3,1032.674,32.668,0.039,0.039,0,8.112,96.398,5.527,294.217,0,5.54,5.543,NA,22
"5/25/2022 2:41:32 PM",1.43,29.702,49.386,78.531,71168.6,1032.672,32.666,0.031,0.031,0.029,8.103,96.412,5.528,315.032,0,5.541,5.544,NA,22
"5/25/2022 2:41:32 PM",1.315,29.705,49.39,78.54,71173.3,1032.674,32.668,0.047,0.047,0.029,8.108,96.355,5.526,303.563,0,5.538,5.542,NA,22
"5/25/2022 2:41:32 PM",1.224,29.71,49.39,78.548,71172.4,1032.672,32.666,0.039,0.039,0,8.109,96.377,5.527,321.404,0,5.54,5.543,NA,22
"5/25/2022 2:41:32 PM",1.131,29.716,49.388,78.554,71170.3,1032.668,32.664,0.047,0.047,0.029,8.113,96.399,5.528,328.881,0,5.541,5.544,NA,22
"5/25/2022 2:41:32 PM",1.054,29.721,49.385,78.557,71165.2,1032.664,32.659,0.055,0.055,0.044,8.116,96.298,5.522,305.262,0,5.535,5.538,NA,22
"5/25/2022 2:41:33 PM",1.021,29.727,49.386,78.566,71165.6,1032.662,32.658,0.023,0.023,0,8.117,96.402,5.527,333.894,0,5.54,5.543,NA,22
"5/25/2022 2:41:33 PM",1.078,29.73,49.385,78.57,71164.2,1032.66,32.656,0.016,0.016,0,8.118,96.304,5.522,328.456,0,5.534,5.537,NA,22
"5/25/2022 2:41:33 PM",1.186,29.728,49.383,78.563,71161.6,1032.66,32.655,0.031,0.031,0,8.118,96.338,5.524,285.381,0,5.536,5.539,NA,22
"5/25/2022 2:41:33 PM",1.327,29.729,49.381,78.564,71160.1,1032.659,32.654,0.031,0.031,0.015,8.118,96.396,5.527,249.018,0,5.54,5.543,NA,22
"5/25/2022 2:41:34 PM",1.456,29.727,49.384,78.564,71163.9,1032.663,32.657,0.047,0.047,0.044,8.119,96.398,5.527,244.94,0,5.54,5.543,NA,22
"5/25/2022 2:41:34 PM",1.67,29.727,49.383,78.563,71162.4,1032.663,32.655,0.039,0.039,0.044,8.121,96.49,5.532,243.921,0,5.545,5.548,NA,22
"5/25/2022 2:41:34 PM",1.828,29.719,49.387,78.556,71168,1032.669,32.661,0,0,0,8.123,96.381,5.526,216.054,0,5.538,5.541,NA,22
"5/25/2022 2:41:34 PM",1.967,29.702,49.382,78.526,71164.7,1032.672,32.664,0,0,0,8.126,96.385,5.526,172.894,0,5.539,5.542,NA,22
"5/25/2022 2:41:34 PM",2.119,29.699,49.384,78.524,71167,1032.675,32.666,0,0,0,8.127,96.306,5.522,131.264,0,5.535,5.538,NA,22
"5/25/2022 2:41:35 PM",2.332,29.705,49.391,78.543,71175.4,1032.679,32.669,0,0,0,8.126,96.445,5.531,69.328,0,5.544,5.547,NA,22
"5/25/2022 2:41:35 PM",2.468,29.717,49.384,78.551,71165.3,1032.67,32.66,0,0,0,8.123,96.364,5.528,45.879,0,5.54,5.544,NA,22
"5/25/2022 2:41:35 PM",2.637,29.714,49.38,78.542,71161.1,1032.669,32.658,0,0,0,8.126,96.279,5.524,31.605,0,5.536,5.539,NA,22
"5/25/2022 2:41:35 PM",2.816,29.702,49.372,78.511,71151.9,1032.668,32.656,0,0,0,8.128,96.249,5.522,24.638,0,5.535,5.538,NA,22
"5/25/2022 2:41:35 PM",3,29.683,49.377,78.493,71161.3,1032.68,32.667,0,0,0,8.129,96.283,5.525,22.175,0,5.537,5.54,NA,22
"5/25/2022 2:41:36 PM",3.284,29.657,49.407,78.497,71201.9,1032.713,32.699,0.546,0.546,1.326,8.128,96.341,5.527,24.384,0,5.54,5.543,NA,22
"5/25/2022 2:41:36 PM",3.47,29.649,49.413,78.493,71210.3,1032.721,32.706,1.474,1.474,3.47,8.128,96.252,5.523,38.572,0,5.535,5.539,NA,22
"5/25/2022 2:41:36 PM",3.633,29.639,49.424,78.495,71225.1,1032.733,32.718,0.819,0.819,1.865,8.127,96.328,5.528,72.641,0,5.541,5.544,NA,22
"5/25/2022 2:41:36 PM",3.767,29.623,49.422,78.469,71224.2,1032.738,32.722,0.328,0.328,0.684,8.119,96.41,5.534,97.449,0,5.547,5.55,NA,22
"5/25/2022 2:41:36 PM",3.915,29.602,49.433,78.453,71240.6,1032.754,32.738,0.125,0.125,0.262,8.125,96.291,5.528,108.494,0,5.541,5.544,NA,22
"5/25/2022 2:41:37 PM",4.133,29.566,49.456,78.434,71274.6,1032.786,32.768,0,0,0,8.129,96.173,5.523,101.188,0,5.535,5.539,NA,22
"5/25/2022 2:41:37 PM",4.275,29.547,49.458,78.41,71279.8,1032.795,32.777,0,0,0,8.127,96.114,5.521,77.059,0,5.534,5.537,NA,22
"5/25/2022 2:41:37 PM",4.413,29.544,49.399,78.324,71205.2,1032.751,32.732,0,0,0,8.13,96.153,5.527,55.309,0,5.539,5.543,NA,22
"5/25/2022 2:41:37 PM",4.561,29.534,49.385,78.29,71189.4,1032.745,32.725,0,0,0,8.129,96.147,5.529,38.487,0,5.541,5.544,NA,22
"5/25/2022 2:41:37 PM",4.823,29.504,49.403,78.272,71215.4,1032.77,32.749,0,0,0,8.13,96.17,5.531,22.09,0,5.544,5.547,NA,22
"5/25/2022 2:41:38 PM",5.021,29.493,49.424,78.285,71243.4,1032.791,32.77,0,0,0,8.131,96.38,5.543,17.672,0,5.555,5.558,NA,22
"5/25/2022 2:41:38 PM",5.232,29.49,49.435,78.296,71257.3,1032.801,32.779,0.078,0.078,0.116,8.132,96.229,5.534,16.312,0,5.546,5.55,NA,22
"5/25/2022 2:41:38 PM",5.441,29.489,49.438,78.3,71262,1032.805,32.782,0.499,0.499,1.107,8.132,96.195,5.532,16.482,0,5.545,5.548,NA,22
"5/25/2022 2:41:38 PM",5.654,29.481,49.436,78.286,71260.1,1032.807,32.783,0.593,0.593,1.34,8.131,96.209,5.533,17.332,0,5.546,5.549,NA,22
"5/25/2022 2:41:38 PM",5.954,29.462,49.428,78.247,71252.8,1032.809,32.784,0.725,0.725,1.719,8.13,96.04,5.526,22.939,0,5.538,5.541,NA,22
"5/25/2022 2:41:39 PM",6.131,29.451,49.427,78.23,71252.3,1032.812,32.786,0.624,0.624,1.428,8.131,96.129,5.531,44.604,0,5.544,5.547,NA,22
"5/25/2022 2:41:39 PM",6.274,29.438,49.432,78.218,71261.5,1032.822,32.796,0.273,0.273,0.626,8.13,96.066,5.528,73.83,0,5.541,5.544,NA,22
"5/25/2022 2:41:39 PM",6.414,29.428,49.431,78.202,71260.6,1032.825,32.798,0.047,0.047,0.058,8.131,96.043,5.527,90.738,0,5.54,5.543,NA,22
"5/25/2022 2:41:39 PM",6.55,29.415,49.441,78.199,71275.6,1032.838,32.81,0.062,0.062,0.058,8.131,96.098,5.531,93.371,0,5.544,5.547,NA,22
"5/25/2022 2:41:39 PM",6.754,29.405,49.445,78.19,71281.7,1032.845,32.817,0.008,0.008,0,8.131,96.197,5.539,75.36,0,5.551,5.554,NA,22
"5/25/2022 2:41:40 PM",6.894,29.407,49.427,78.167,71258.3,1032.831,32.802,0,0,0,8.13,96.241,5.543,55.479,0,5.555,5.559,NA,22
"5/25/2022 2:41:40 PM",7.039,29.405,49.412,78.144,71240.6,1032.822,32.792,0,0,0,8.13,96.143,5.538,41.036,0,5.551,5.554,NA,22
"5/25/2022 2:41:40 PM",7.209,29.401,49.412,78.139,71241.3,1032.824,32.793,0,0,0,8.129,96.21,5.542,28.971,0,5.555,5.558,NA,22
"5/25/2022 2:41:40 PM",7.388,29.394,49.415,78.133,71246,1032.83,32.798,0,0,0,8.128,96.145,5.538,21.58,0,5.551,5.554,NA,22
"5/25/2022 2:41:40 PM",7.686,29.388,49.428,78.142,71262.8,1032.843,32.81,0,0,0,8.132,96.082,5.535,17.672,0,5.547,5.551,NA,22
"5/25/2022 2:41:41 PM",7.891,29.387,49.432,78.145,71267.4,1032.846,32.813,0,0,0,8.132,96.113,5.537,17.077,0,5.549,5.552,NA,22
"5/25/2022 2:41:41 PM",8.1,29.385,49.432,78.144,71267.8,1032.848,32.813,0.016,0.016,0.015,8.133,96.211,5.543,17.077,0,5.556,5.559,NA,22
"5/25/2022 2:41:41 PM",8.305,29.382,49.437,78.147,71275.6,1032.854,32.819,0.047,0.047,0.015,8.132,96.197,5.542,17.162,0,5.555,5.558,NA,22
"5/25/2022 2:41:41 PM",8.618,29.378,49.438,78.142,71277.1,1032.858,32.821,0.062,0.062,0.058,8.132,96.139,5.539,17.247,0,5.551,5.555,NA,22
"5/25/2022 2:41:41 PM",8.83,29.374,49.439,78.139,71279.4,1032.861,32.823,0.039,0.039,0,8.131,96.152,5.54,17.502,0,5.552,5.556,NA,22
"5/25/2022 2:41:42 PM",9.033,29.37,49.442,78.136,71282.8,1032.865,32.827,0,0,0,8.132,96.132,5.539,17.672,0,5.551,5.555,NA,22
"5/25/2022 2:41:42 PM",9.239,29.366,49.434,78.12,71274,1032.862,32.822,0,0,0,8.133,96.16,5.542,17.417,0,5.554,5.558,NA,22
"5/25/2022 2:41:42 PM",9.547,29.364,49.437,78.122,71277.8,1032.866,32.825,0,0,0,8.134,96.199,5.544,17.077,0,5.557,5.56,NA,22
"5/25/2022 2:41:42 PM",9.753,29.365,49.436,78.121,71276.6,1032.866,32.824,0,0,0,8.133,96.27,5.549,16.992,0,5.561,5.565,NA,22
"5/25/2022 2:41:42 PM",9.955,29.363,49.439,78.123,71280.8,1032.869,32.827,0,0,0,8.133,96.217,5.545,16.992,0,5.558,5.561,NA,22
"5/25/2022 2:41:43 PM",10.157,29.362,49.441,78.124,71283.2,1032.872,32.829,0,0,0,8.134,96.247,5.547,16.822,0,5.56,5.563,NA,22
"5/25/2022 2:41:43 PM",10.359,29.36,49.449,78.133,71294.1,1032.88,32.836,0,0,0,8.135,96.345,5.553,16.482,0,5.566,5.569,NA,22
"5/25/2022 2:41:43 PM",10.653,29.358,49.445,78.125,71289.2,1032.879,32.833,0.008,0.008,0,8.137,96.189,5.544,16.482,0,5.557,5.56,NA,22
"5/25/2022 2:41:43 PM",10.851,29.357,49.447,78.127,71292.2,1032.881,32.835,0.008,0.008,0,8.136,96.251,5.548,16.652,0,5.561,5.564,NA,22
"5/25/2022 2:41:43 PM",11.047,29.358,49.447,78.126,71291.4,1032.882,32.835,0.086,0.086,0.131,8.137,96.261,5.549,17.162,0,5.562,5.565,NA,22
"5/25/2022 2:41:44 PM",11.233,29.358,49.447,78.127,71292.1,1032.883,32.835,0.203,0.203,0.349,8.136,96.361,5.555,18.012,0,5.568,5.571,NA,22
"5/25/2022 2:41:44 PM",11.508,29.356,49.447,78.125,71292.6,1032.885,32.836,1.162,1.162,2.726,8.135,96.294,5.552,36.958,0,5.564,5.568,NA,22
"5/25/2022 2:41:44 PM",11.625,29.351,49.454,78.127,71301.4,1032.892,32.842,0.671,0.671,1.53,8.135,96.333,5.554,91.672,0,5.567,5.57,NA,22
"5/25/2022 2:41:44 PM",11.672,29.348,49.45,78.118,71297,1032.89,32.84,0.257,0.257,0.553,8.134,96.386,5.558,144.093,0,5.57,5.574,NA,22
"5/25/2022 2:41:45 PM",11.673,29.348,49.449,78.116,71296.2,1032.89,32.84,0.086,0.086,0.146,8.131,96.319,5.554,145.112,0,5.567,5.57,NA,22
"5/25/2022 2:41:45 PM",11.6,29.35,49.446,78.113,71291.3,1032.886,32.837,0.07,0.07,0.073,8.132,96.251,5.55,144.857,0,5.563,5.566,NA,22
"5/25/2022 2:41:45 PM",11.461,29.352,49.445,78.115,71290.2,1032.884,32.835,0.055,0.055,0.058,8.134,96.318,5.554,149.955,0,5.567,5.57,NA,22
"5/25/2022 2:41:45 PM",11.378,29.351,49.448,78.119,71293.9,1032.886,32.838,0.07,0.07,0.044,8.135,96.343,5.556,149.105,0,5.569,5.572,NA,22
"5/25/2022 2:41:45 PM",11.312,29.352,49.449,78.122,71295.5,1032.887,32.839,0.047,0.047,0.058,8.137,96.265,5.551,148.51,0,5.564,5.567,NA,22
"5/25/2022 2:41:46 PM",11.244,29.352,49.454,78.128,71301,1032.89,32.842,0.047,0.047,0.044,8.138,96.27,5.551,149.105,0,5.564,5.567,NA,22
"5/25/2022 2:41:46 PM",11.16,29.353,49.452,78.128,71299.2,1032.888,32.84,0.047,0.047,0.044,8.138,96.329,5.554,148.68,0,5.567,5.57,NA,22
"5/25/2022 2:41:46 PM",10.992,29.354,49.451,78.127,71296.8,1032.886,32.839,0.047,0.047,0.029,8.138,96.288,5.552,147.321,0,5.565,5.568,NA,22
"5/25/2022 2:41:46 PM",10.858,29.354,49.452,78.127,71298,1032.886,32.84,0.039,0.039,0.044,8.139,96.301,5.552,152.249,0,5.565,5.568,NA,22
"5/25/2022 2:41:46 PM",10.739,29.354,49.451,78.127,71297.4,1032.885,32.839,0.047,0.047,0,8.14,96.304,5.552,154.288,0,5.565,5.568,NA,22
"5/25/2022 2:41:47 PM",10.632,29.355,49.451,78.128,71296.4,1032.884,32.838,0.039,0.039,0.029,8.139,96.286,5.551,151.654,0,5.564,5.567,NA,22
"5/25/2022 2:41:47 PM",10.524,29.356,49.452,78.129,71297.6,1032.884,32.839,0.047,0.047,0.029,8.134,96.276,5.55,149.955,0,5.563,5.566,NA,22
"5/25/2022 2:41:47 PM",10.446,29.356,49.455,78.134,71301.6,1032.886,32.841,0.039,0.039,0.029,8.135,96.238,5.548,147.491,0,5.561,5.564,NA,22
"5/25/2022 2:41:47 PM",10.364,29.356,49.451,78.13,71297.3,1032.883,32.839,0.055,0.055,0.044,8.135,96.432,5.56,146.811,0,5.573,5.576,NA,22
"5/25/2022 2:41:47 PM",10.242,29.357,49.457,78.139,71304.6,1032.887,32.843,0.062,0.062,0.058,8.135,96.313,5.553,146.047,0,5.566,5.569,NA,22
"5/25/2022 2:41:48 PM",10.119,29.356,49.458,78.138,71305.2,1032.887,32.844,0.055,0.055,0.058,8.137,96.358,5.556,144.772,0,5.568,5.572,NA,22
"5/25/2022 2:41:48 PM",9.924,29.355,49.457,78.135,71303.8,1032.885,32.843,0.055,0.055,0.073,8.136,96.318,5.553,144.432,0,5.566,5.57,NA,22
"5/25/2022 2:41:48 PM",9.832,29.356,49.456,78.135,71302.3,1032.884,32.842,0.055,0.055,0.044,8.134,96.396,5.558,142.563,0,5.571,5.574,NA,22
"5/25/2022 2:41:48 PM",9.75,29.356,49.457,78.137,71303.6,1032.884,32.843,0.039,0.039,0.058,8.136,96.215,5.548,141.714,0,5.561,5.564,NA,22
"5/25/2022 2:41:48 PM",9.668,29.356,49.46,78.141,71307.9,1032.887,32.846,0.047,0.047,0.044,8.135,96.279,5.551,143.498,0,5.564,5.567,NA,22
"5/25/2022 2:41:49 PM",9.564,29.356,49.462,78.144,71310.3,1032.888,32.847,0.047,0.047,0.044,8.137,96.295,5.552,144.432,0,5.565,5.568,NA,22
"5/25/2022 2:41:49 PM",9.402,29.358,49.464,78.149,71312.9,1032.888,32.848,0.062,0.062,0,8.138,96.301,5.552,144.347,0,5.565,5.568,NA,22
"5/25/2022 2:41:49 PM",9.284,29.359,49.466,78.153,71314.7,1032.888,32.849,0.031,0.031,0.015,8.139,96.306,5.553,145.282,0,5.565,5.569,NA,22
"5/25/2022 2:41:49 PM",9.157,29.359,49.465,78.152,71313.6,1032.887,32.848,0.039,0.039,0.015,8.138,96.262,5.55,148.086,0,5.563,5.566,NA,22
"5/25/2022 2:41:49 PM",9.046,29.359,49.464,78.152,71312.5,1032.886,32.847,0.039,0.039,0.015,8.137,96.241,5.549,148.256,0,5.561,5.565,NA,22
"5/25/2022 2:41:50 PM",8.926,29.36,49.467,78.157,71316.2,1032.888,32.85,0.047,0.047,0.073,8.139,96.332,5.554,145.452,0,5.567,5.57,NA,22
"5/25/2022 2:41:50 PM",8.894,29.359,49.469,78.158,71318.6,1032.889,32.851,0.047,0.047,0.073,8.139,96.334,5.554,143.923,0,5.567,5.57,NA,22
"5/25/2022 2:41:50 PM",8.849,29.361,49.469,78.16,71318.2,1032.888,32.851,0.047,0.047,0.058,8.141,96.289,5.551,144.347,0,5.563,5.567,NA,22
"5/25/2022 2:41:50 PM",8.741,29.362,49.467,78.159,71315.4,1032.886,32.849,0.039,0.039,0.044,8.135,96.291,5.551,146.726,0,5.564,5.567,NA,22
"5/25/2022 2:41:50 PM",8.594,29.361,49.47,78.162,71318.7,1032.887,32.851,0.039,0.039,0.058,8.139,96.334,5.554,153.438,0,5.567,5.57,NA,22
"5/25/2022 2:41:51 PM",8.322,29.361,49.472,78.164,71321.9,1032.888,32.853,0.023,0.023,0.029,8.134,96.25,5.549,150.889,0,5.562,5.565,NA,22
"5/25/2022 2:41:51 PM",8.167,29.361,49.472,78.164,71321.9,1032.888,32.853,0.039,0.039,0.015,8.131,96.276,5.551,152.589,0,5.564,5.567,NA,22
"5/25/2022 2:41:51 PM",8.047,29.362,49.475,78.169,71324.3,1032.888,32.854,0.055,0.055,0.044,8.135,96.242,5.549,154.288,0,5.562,5.565,NA,22
"5/25/2022 2:41:51 PM",7.941,29.365,49.475,78.173,71323.9,1032.887,32.853,0.039,0.039,0.044,8.138,96.25,5.55,151.059,0,5.562,5.566,NA,22
"5/25/2022 2:41:51 PM",7.823,29.368,49.48,78.184,71330.1,1032.889,32.856,0.031,0.031,0.058,8.141,96.229,5.549,149.785,0,5.561,5.565,NA,22
"5/25/2022 2:41:52 PM",7.67,29.371,49.487,78.199,71339,1032.893,32.861,0.039,0.039,0.044,8.138,96.282,5.551,148.256,0,5.564,5.567,NA,22
"5/25/2022 2:41:52 PM",7.609,29.372,49.488,78.201,71339.2,1032.893,32.861,0.047,0.047,0.029,8.134,96.367,5.556,147.066,0,5.569,5.572,NA,22
"5/25/2022 2:41:52 PM",7.574,29.373,49.489,78.205,71341.2,1032.894,32.861,0.039,0.039,0.058,8.132,96.279,5.551,142.818,0,5.564,5.567,NA,22
"5/25/2022 2:41:52 PM",7.536,29.375,49.49,78.208,71341.7,1032.893,32.861,0.039,0.039,0.029,8.129,96.319,5.553,143.073,0,5.565,5.569,NA,22
"5/25/2022 2:41:52 PM",7.413,29.376,49.488,78.207,71339.4,1032.891,32.86,0.055,0.055,0.044,8.134,96.321,5.553,142.053,0,5.566,5.569,NA,22
"5/25/2022 2:41:53 PM",7.275,29.376,49.489,78.209,71340.2,1032.891,32.86,0.047,0.047,0.044,8.132,96.305,5.553,138.995,0,5.565,5.569,NA,22
"5/25/2022 2:41:53 PM",7.124,29.377,49.49,78.211,71341.2,1032.891,32.86,0.039,0.039,0.015,8.128,96.224,5.548,139.08,0,5.561,5.564,NA,22
"5/25/2022 2:41:53 PM",6.999,29.378,49.492,78.215,71343.3,1032.891,32.861,0.031,0.031,0.044,8.135,96.24,5.549,144.517,0,5.561,5.565,NA,22
"5/25/2022 2:41:53 PM",6.903,29.381,49.491,78.218,71341.4,1032.889,32.86,0.047,0.047,0.044,8.139,96.292,5.552,147.406,0,5.565,5.568,NA,22
"5/25/2022 2:41:53 PM",6.853,29.386,49.489,78.223,71339.5,1032.886,32.857,0.055,0.055,0.073,8.142,96.254,5.549,140.864,0,5.562,5.565,NA,22
"5/25/2022 2:41:54 PM",6.851,29.388,49.491,78.228,71340.8,1032.886,32.857,0.039,0.039,0.073,8.144,96.213,5.546,139.59,0,5.559,5.562,NA,22
"5/25/2022 2:41:54 PM",6.825,29.39,49.489,78.228,71337.8,1032.884,32.855,0.047,0.047,0.029,8.145,96.14,5.542,146.471,0,5.555,5.558,NA,22
"5/25/2022 2:41:54 PM",6.782,29.39,49.489,78.229,71338.5,1032.884,32.855,0.039,0.039,0,8.142,96.29,5.551,153.523,0,5.564,5.567,NA,22
"5/25/2022 2:41:54 PM",6.686,29.39,49.492,78.233,71342.3,1032.886,32.858,0.039,0.039,0.015,8.143,96.098,5.54,145.877,0,5.553,5.556,NA,22
"5/25/2022 2:41:54 PM",6.63,29.391,49.494,78.236,71344,1032.887,32.858,0.047,0.047,0.029,8.143,96.224,5.547,141.289,0,5.56,5.563,NA,22
"5/25/2022 2:41:55 PM",6.601,29.393,49.492,78.237,71342,1032.885,32.857,0.047,0.047,0.044,8.143,96.317,5.552,140.524,0,5.565,5.568,NA,22
"5/25/2022 2:41:55 PM",6.583,29.395,49.493,78.24,71342.9,1032.885,32.857,0.039,0.039,0.058,8.146,96.302,5.551,139.335,0,5.564,5.567,NA,22
"5/25/2022 2:41:55 PM",6.566,29.396,49.492,78.242,71341.8,1032.884,32.856,0.039,0.039,0.058,8.148,96.276,5.55,141.629,0,5.563,5.566,NA,22
"5/25/2022 2:41:55 PM",6.505,29.397,49.492,78.243,71341.3,1032.883,32.855,0.047,0.047,0,8.141,96.202,5.546,135.851,0,5.559,5.562,NA,22
"5/25/2022 2:41:56 PM",6.444,29.397,49.494,78.246,71344,1032.884,32.857,0.055,0.055,0.029,8.141,96.191,5.545,135.851,0,5.558,5.561,NA,22
"5/25/2022 2:41:56 PM",6.38,29.398,49.495,78.247,71344.1,1032.884,32.857,0.039,0.039,0.044,8.14,96.171,5.544,142.733,0,5.557,5.56,NA,22
"5/25/2022 2:41:56 PM",6.324,29.399,49.494,78.248,71343.4,1032.883,32.856,0.039,0.039,0.029,8.145,96.148,5.542,150.974,0,5.555,5.558,NA,22
"5/25/2022 2:41:56 PM",6.255,29.401,49.495,78.253,71344.2,1032.882,32.856,0.031,0.031,0.029,8.144,96.38,5.556,154.628,0,5.569,5.572,NA,22
"5/25/2022 2:41:56 PM",6.222,29.404,49.494,78.255,71343,1032.881,32.854,0.039,0.039,0.044,8.143,96.23,5.548,153.353,0,5.56,5.564,NA,22
"5/25/2022 2:41:57 PM",6.178,29.405,49.495,78.258,71343.9,1032.881,32.855,0.031,0.031,0.044,8.143,96.276,5.55,149.445,0,5.563,5.566,NA,22
"5/25/2022 2:41:57 PM",6.11,29.406,49.495,78.258,71343.6,1032.88,32.854,0.031,0.031,0.044,8.144,96.288,5.551,148.51,0,5.564,5.567,NA,22
"5/25/2022 2:41:57 PM",6.029,29.406,49.495,78.259,71343.4,1032.88,32.854,0.031,0.031,0.029,8.142,96.378,5.557,153.353,0,5.57,5.573,NA,22
"5/25/2022 2:41:57 PM",5.874,29.408,49.492,78.258,71339.7,1032.876,32.851,0.047,0.047,0.044,8.146,96.309,5.553,156.327,0,5.566,5.569,NA,22
"5/25/2022 2:41:57 PM",5.766,29.411,49.493,78.263,71340.8,1032.876,32.851,0.031,0.031,0.015,8.147,96.233,5.548,154.798,0,5.561,5.564,NA,22
"5/25/2022 2:41:58 PM",5.677,29.417,49.496,78.276,71343.2,1032.875,32.851,0.047,0.047,0.044,8.146,96.402,5.558,151.739,0,5.571,5.574,NA,22
"5/25/2022 2:41:58 PM",5.599,29.423,49.496,78.284,71342,1032.872,32.849,0.031,0.031,0.015,8.149,96.32,5.554,147.321,0,5.566,5.57,NA,22
"5/25/2022 2:41:58 PM",5.496,29.429,49.493,78.289,71338.1,1032.868,32.845,0.055,0.055,0.044,8.147,96.267,5.551,143.498,0,5.563,5.567,NA,22
"5/25/2022 2:41:58 PM",5.442,29.431,49.492,78.29,71336.2,1032.866,32.843,0.055,0.055,0.044,8.149,96.336,5.554,137.126,0,5.567,5.57,NA,22
"5/25/2022 2:41:58 PM",5.385,29.435,49.495,78.3,71339.6,1032.867,32.844,0.039,0.039,0.044,8.147,96.297,5.552,128.63,0,5.564,5.568,NA,22
"5/25/2022 2:41:59 PM",5.319,29.437,49.496,78.304,71340.2,1032.866,32.844,0.039,0.039,0.029,8.147,96.325,5.553,128.715,0,5.566,5.569,NA,22
"5/25/2022 2:41:59 PM",5.251,29.44,49.494,78.305,71337.5,1032.864,32.841,0.047,0.047,0.015,8.147,96.391,5.556,133.048,0,5.569,5.572,NA,22
"5/25/2022 2:41:59 PM",5.169,29.446,49.495,78.315,71337.9,1032.862,32.84,0.039,0.039,0.058,8.145,96.39,5.556,148.935,0,5.569,5.572,NA,22
"5/25/2022 2:41:59 PM",5.138,29.451,49.494,78.322,71335.9,1032.859,32.837,0.047,0.047,0.015,8.144,96.294,5.55,154.203,0,5.563,5.566,NA,22
"5/25/2022 2:41:59 PM",5.122,29.459,49.494,78.334,71335.9,1032.857,32.835,0.031,0.031,0.029,8.141,96.327,5.552,151.484,0,5.564,5.568,NA,22
"5/25/2022 2:42:00 PM",5.116,29.463,49.497,78.343,71338.9,1032.857,32.836,0.055,0.055,0.044,8.144,96.422,5.557,147.491,0,5.57,5.573,NA,22
"5/25/2022 2:42:00 PM",5.128,29.468,49.498,78.352,71338.8,1032.856,32.834,0.047,0.047,0.044,8.14,96.438,5.557,141.374,0,5.57,5.573,NA,22
"5/25/2022 2:42:00 PM",5.128,29.472,49.497,78.356,71337.8,1032.854,32.832,0.047,0.047,0.029,8.145,96.388,5.554,138.995,0,5.567,5.57,NA,22
"5/25/2022 2:42:00 PM",5.119,29.473,49.5,78.362,71340.7,1032.856,32.834,0.047,0.047,0.044,8.149,96.384,5.553,137.211,0,5.566,5.569,NA,22
"5/25/2022 2:42:00 PM",5.1,29.475,49.504,78.369,71345.5,1032.858,32.836,0.047,0.047,0.029,8.142,96.428,5.556,134.662,0,5.569,5.572,NA,22
"5/25/2022 2:42:01 PM",5.079,29.477,49.508,78.378,71350,1032.86,32.838,0.047,0.047,0.058,8.138,96.372,5.552,138.4,0,5.565,5.568,NA,22
"5/25/2022 2:42:01 PM",5.032,29.483,49.509,78.388,71351.3,1032.859,32.838,0.047,0.047,0.029,8.136,96.403,5.554,148.086,0,5.567,5.57,NA,22
"5/25/2022 2:42:01 PM",5.001,29.487,49.507,78.391,71347.6,1032.855,32.834,0.062,0.062,0.044,8.141,96.419,5.555,146.726,0,5.568,5.571,NA,22
"5/25/2022 2:42:01 PM",4.964,29.491,49.506,78.395,71346.2,1032.854,32.832,0.039,0.039,0.044,8.135,96.446,5.557,149.785,0,5.57,5.573,NA,22
"5/25/2022 2:42:01 PM",4.928,29.493,49.502,78.393,71341.1,1032.85,32.829,0.039,0.039,0.015,8.14,96.441,5.557,150.549,0,5.57,5.573,NA,22
"5/25/2022 2:42:02 PM",4.889,29.497,49.505,78.401,71343.9,1032.85,32.829,0.023,0.023,0.015,8.139,96.359,5.552,150.21,0,5.565,5.568,NA,22
"5/25/2022 2:42:02 PM",4.83,29.499,49.501,78.4,71338.5,1032.846,32.825,0.039,0.039,0.015,8.135,96.349,5.551,156.922,0,5.564,5.567,NA,22
"5/25/2022 2:42:02 PM",4.792,29.502,49.496,78.397,71332,1032.841,32.821,0.031,0.031,0.029,8.139,96.299,5.548,155.392,0,5.561,5.564,NA,22
"5/25/2022 2:42:02 PM",4.759,29.504,49.504,78.411,71342.3,1032.847,32.826,0.047,0.047,0.029,8.142,96.378,5.553,148.935,0,5.565,5.569,NA,22
"5/25/2022 2:42:02 PM",4.729,29.505,49.508,78.418,71346.8,1032.849,32.829,0.047,0.047,0.029,8.145,96.507,5.56,143.158,0,5.573,5.576,NA,22
"5/25/2022 2:42:03 PM",4.709,29.507,49.502,78.412,71338.8,1032.844,32.824,0.047,0.047,0.044,8.146,96.45,5.557,140.184,0,5.569,5.573,NA,22
"5/25/2022 2:42:03 PM",4.703,29.509,49.508,78.424,71346.9,1032.848,32.828,0.047,0.047,0.044,8.143,96.426,5.555,131.348,0,5.567,5.571,NA,22
"5/25/2022 2:42:03 PM",4.726,29.51,49.507,78.423,71344.8,1032.846,32.826,0.031,0.031,0.029,8.148,96.383,5.552,135.342,0,5.564,5.568,NA,22
"5/25/2022 2:42:03 PM",4.778,29.51,49.508,78.425,71346,1032.847,32.827,0.031,0.031,0.029,8.146,96.349,5.55,138.91,0,5.563,5.566,NA,22
"5/25/2022 2:42:03 PM",4.825,29.509,49.506,78.422,71344.5,1032.847,32.826,0.047,0.047,0.029,8.144,96.265,5.546,139.59,0,5.558,5.562,NA,22
"5/25/2022 2:42:04 PM",4.832,29.507,49.507,78.42,71345.7,1032.848,32.828,0.039,0.039,0.044,8.145,96.295,5.548,147.406,0,5.561,5.564,NA,22
"5/25/2022 2:42:04 PM",4.839,29.506,49.508,78.419,71346.5,1032.849,32.828,0.047,0.047,0.015,8.142,96.329,5.55,156.667,0,5.563,5.566,NA,22
"5/25/2022 2:42:04 PM",4.815,29.505,49.508,78.419,71347,1032.849,32.829,0.047,0.047,0.015,8.145,96.344,5.551,161.17,0,5.564,5.567,NA,22
"5/25/2022 2:42:04 PM",4.773,29.504,49.51,78.42,71350.3,1032.851,32.831,0.055,0.055,0.015,8.15,96.354,5.552,157.006,0,5.564,5.568,NA,22
"5/25/2022 2:42:04 PM",4.681,29.504,49.514,78.425,71354.2,1032.853,32.834,0.031,0.031,0.087,8.149,96.393,5.554,155.137,0,5.566,5.57,NA,22
"5/25/2022 2:42:05 PM",4.618,29.506,49.513,78.426,71352.9,1032.852,32.832,0.031,0.031,0.029,8.152,96.364,5.552,161.934,0,5.565,5.568,NA,22
"5/25/2022 2:42:05 PM",4.557,29.507,49.514,78.43,71354.8,1032.852,32.833,0.023,0.023,0.015,8.153,96.442,5.556,163.973,0,5.569,5.572,NA,22
"5/25/2022 2:42:05 PM",4.503,29.509,49.513,78.432,71353.1,1032.851,32.831,0.039,0.039,0,8.155,96.489,5.559,164.653,0,5.572,5.575,NA,22
"5/25/2022 2:42:05 PM",4.449,29.51,49.515,78.435,71355,1032.851,32.832,0.023,0.023,0.044,8.153,96.328,5.55,163.888,0,5.563,5.566,NA,22
"5/25/2022 2:42:06 PM",4.396,29.512,49.518,78.441,71357.9,1032.852,32.834,0.031,0.031,0.044,8.154,96.356,5.551,159.13,0,5.564,5.567,NA,22
"5/25/2022 2:42:06 PM",4.368,29.516,49.515,78.443,71354.1,1032.849,32.83,0.047,0.047,0.044,8.156,96.431,5.556,155.732,0,5.568,5.572,NA,22
"5/25/2022 2:42:06 PM",4.34,29.519,49.519,78.453,71358.5,1032.851,32.832,0.039,0.039,0.073,8.156,96.487,5.559,148.85,0,5.572,5.575,NA,22
"5/25/2022 2:42:06 PM",4.302,29.522,49.517,78.455,71355.9,1032.848,32.83,0.039,0.039,0.015,8.156,96.559,5.563,151.739,0,5.576,5.579,NA,22
"5/25/2022 2:42:06 PM",4.239,29.523,49.519,78.46,71358.7,1032.849,32.831,0.039,0.039,0.015,8.158,96.372,5.552,149.53,0,5.564,5.568,NA,22
"5/25/2022 2:42:07 PM",4.203,29.525,49.517,78.459,71356,1032.847,32.829,0.047,0.047,0.029,8.16,96.429,5.555,149.955,0,5.568,5.571,NA,22
"5/25/2022 2:42:07 PM",4.169,29.527,49.515,78.459,71352.6,1032.844,32.826,0.031,0.031,0.015,8.159,96.475,5.558,152.843,0,5.57,5.574,NA,22
"5/25/2022 2:42:07 PM",4.147,29.527,49.52,78.466,71359.3,1032.848,32.83,0.039,0.039,0.029,8.158,96.38,5.552,155.052,0,5.565,5.568,NA,22
"5/25/2022 2:42:07 PM",4.116,29.531,49.517,78.468,71354.8,1032.844,32.826,0.047,0.047,0.044,8.159,96.592,5.565,162.274,0,5.577,5.581,NA,22
"5/25/2022 2:42:07 PM",4.098,29.532,49.515,78.466,71352.4,1032.842,32.825,0.039,0.039,0.015,8.158,96.465,5.557,160.405,0,5.57,5.573,NA,22
"5/25/2022 2:42:08 PM",4.091,29.531,49.516,78.466,71353.1,1032.843,32.826,0.039,0.039,0.015,8.159,96.394,5.553,152.758,0,5.566,5.569,NA,22
"5/25/2022 2:42:08 PM",4.083,29.53,49.519,78.469,71357.1,1032.845,32.828,0.047,0.047,0.058,8.16,96.397,5.553,148.341,0,5.566,5.569,NA,22
"5/25/2022 2:42:08 PM",4.083,29.531,49.517,78.468,71355.4,1032.844,32.827,0.039,0.039,0.044,8.161,96.4,5.553,151.654,0,5.566,5.569,NA,22
"5/25/2022 2:42:08 PM",4.081,29.532,49.521,78.475,71360,1032.847,32.829,0.039,0.039,0.029,8.162,96.38,5.552,150.889,0,5.564,5.568,NA,22
"5/25/2022 2:42:08 PM",4.072,29.534,49.519,78.475,71356.9,1032.844,32.827,0.039,0.039,0.015,8.161,96.433,5.555,147.746,0,5.568,5.571,NA,22
"5/25/2022 2:42:09 PM",4.065,29.535,49.514,78.47,71350.9,1032.84,32.823,0.031,0.031,0.044,8.162,96.319,5.548,160.66,0,5.561,5.564,NA,22
"5/25/2022 2:42:09 PM",4.063,29.534,49.517,78.473,71354.9,1032.843,32.826,0.039,0.039,0.029,8.158,96.441,5.555,168.816,0,5.568,5.571,NA,22
"5/25/2022 2:42:09 PM",4.076,29.535,49.518,78.475,71356,1032.844,32.826,0.039,0.039,0.044,8.156,96.509,5.559,162.359,0,5.572,5.575,NA,22
"5/25/2022 2:42:09 PM",4.112,29.535,49.52,78.478,71358.7,1032.845,32.828,0.047,0.047,0.015,8.16,96.423,5.553,168.136,0,5.566,5.57,NA,22
"5/25/2022 2:42:09 PM",4.161,29.532,49.527,78.482,71367,1032.851,32.834,0.039,0.039,0.015,8.161,96.433,5.554,172.214,0,5.567,5.57,NA,22
"5/25/2022 2:42:10 PM",4.215,29.529,49.531,78.484,71373,1032.856,32.838,0.039,0.039,0.029,8.162,96.362,5.55,172.554,0,5.563,5.566,NA,22
"5/25/2022 2:42:10 PM",4.23,29.52,49.527,78.466,71369,1032.856,32.838,0.039,0.039,0.058,8.162,96.432,5.555,182.919,0,5.568,5.571,NA,22
"5/25/2022 2:42:10 PM",4.208,29.519,49.52,78.453,71359.7,1032.851,32.833,0.055,0.055,0.044,8.16,96.302,5.549,169.156,0,5.561,5.565,NA,22
"5/25/2022 2:42:10 PM",4.19,29.515,49.523,78.454,71364.7,1032.855,32.837,0.039,0.039,0.044,8.162,96.304,5.549,174.593,0,5.562,5.565,NA,22
"5/25/2022 2:42:10 PM",4.176,29.514,49.527,78.457,71369.9,1032.858,32.84,0.039,0.039,0.029,8.161,96.344,5.551,175.613,0,5.563,5.567,NA,22
"5/25/2022 2:42:11 PM",4.169,29.514,49.53,78.462,71373.7,1032.86,32.843,0.055,0.055,0.015,8.159,96.38,5.553,171.959,0,5.566,5.569,NA,22
"5/25/2022 2:42:11 PM",4.154,29.516,49.527,78.46,71369.2,1032.857,32.839,0.047,0.047,0.015,8.158,96.401,5.554,161.509,0,5.567,5.57,NA,22
"5/25/2022 2:42:11 PM",4.126,29.516,49.527,78.46,71369.4,1032.857,32.84,0.039,0.039,0,8.161,96.341,5.55,167.966,0,5.563,5.566,NA,22
"5/25/2022 2:42:11 PM",4.105,29.515,49.53,78.463,71372.9,1032.859,32.842,0.055,0.055,0,8.162,96.4,5.554,164.398,0,5.567,5.57,NA,22
"5/25/2022 2:42:11 PM",4.086,29.516,49.531,78.464,71373.8,1032.86,32.842,0.039,0.039,0.044,8.159,96.442,5.556,163.633,0,5.569,5.572,NA,22
"5/25/2022 2:42:12 PM",4.06,29.519,49.532,78.471,71375.5,1032.86,32.842,0.039,0.039,0.044,8.157,96.505,5.56,170.26,0,5.573,5.576,NA,22
"5/25/2022 2:42:12 PM",4.009,29.521,49.529,78.471,71371.3,1032.856,32.839,0.039,0.039,0.029,8.159,96.532,5.562,177.142,0,5.575,5.578,NA,22
"5/25/2022 2:42:12 PM",3.971,29.524,49.532,78.478,71374.2,1032.857,32.84,0.047,0.047,0.044,8.158,96.454,5.557,176.547,0,5.57,5.573,NA,22
"5/25/2022 2:42:12 PM",3.938,29.526,49.53,78.478,71372,1032.855,32.838,0.047,0.047,0.029,8.161,96.464,5.558,175.188,0,5.571,5.574,NA,22
"5/25/2022 2:42:12 PM",3.912,29.529,49.527,78.479,71367.3,1032.851,32.835,0.039,0.039,0.044,8.162,96.441,5.556,161.679,0,5.569,5.573,NA,22
"5/25/2022 2:42:13 PM",3.895,29.53,49.526,78.478,71365.7,1032.85,32.833,0.055,0.055,0.029,8.161,96.416,5.555,153.863,0,5.568,5.571,NA,22
"5/25/2022 2:42:13 PM",3.872,29.529,49.526,78.476,71365.9,1032.85,32.834,0.031,0.031,0.058,8.157,96.481,5.559,159.895,0,5.572,5.575,NA,22
"5/25/2022 2:42:13 PM",3.855,29.529,49.527,78.478,71367.4,1032.851,32.835,0.039,0.039,0.073,8.157,96.491,5.56,168.731,0,5.573,5.576,NA,22
"5/25/2022 2:42:13 PM",3.841,29.529,49.534,78.488,71376.3,1032.857,32.84,0.023,0.023,0.058,8.156,96.45,5.557,166.692,0,5.57,5.573,NA,22
"5/25/2022 2:42:13 PM",3.823,29.533,49.528,78.486,71368.6,1032.851,32.834,0.039,0.039,0,8.151,96.618,5.567,170.43,0,5.58,5.583,NA,22
"5/25/2022 2:42:14 PM",3.796,29.538,49.528,78.493,71367.9,1032.849,32.833,0.031,0.031,0.015,8.149,96.489,5.559,168.221,0,5.572,5.576,NA,22
"5/25/2022 2:42:14 PM",3.78,29.538,49.534,78.501,71374.7,1032.853,32.837,0.031,0.031,0.029,8.151,96.513,5.561,172.469,0,5.573,5.577,NA,22
"5/25/2022 2:42:14 PM",3.764,29.54,49.533,78.503,71373.5,1032.851,32.835,0.023,0.023,0,8.157,96.58,5.564,170.005,0,5.577,5.58,NA,22
"5/25/2022 2:42:14 PM",3.754,29.543,49.525,78.497,71363.4,1032.844,32.828,0.047,0.047,0.029,8.158,96.393,5.554,181.73,0,5.566,5.57,NA,22
"5/25/2022 2:42:14 PM",3.747,29.544,49.524,78.497,71362.1,1032.843,32.827,0.039,0.039,0.044,8.159,96.336,5.55,187.677,0,5.563,5.566,NA,22
"5/25/2022 2:42:15 PM",3.754,29.541,49.527,78.496,71366.6,1032.847,32.831,0.031,0.031,0.029,8.16,96.576,5.563,179.606,0,5.576,5.579,NA,22
"5/25/2022 2:42:15 PM",3.757,29.539,49.525,78.489,71363.6,1032.846,32.83,0.031,0.031,0.029,8.161,96.396,5.553,173.829,0,5.566,5.569,NA,22
"5/25/2022 2:42:15 PM",3.764,29.536,49.523,78.483,71362.1,1032.846,32.83,0.039,0.039,0.044,8.158,96.296,5.547,174.763,0,5.56,5.563,NA,22
"5/25/2022 2:42:15 PM",3.761,29.532,49.525,78.481,71364.6,1032.848,32.832,0.039,0.039,0.029,8.161,96.347,5.551,188.697,0,5.563,5.567,NA,22
"5/25/2022 2:42:16 PM",3.754,29.529,49.528,78.481,71368.9,1032.852,32.836,0.039,0.039,0.015,8.162,96.438,5.556,195.069,0,5.569,5.572,NA,22
"5/25/2022 2:42:16 PM",3.736,29.528,49.531,78.482,71372.3,1032.854,32.838,0.023,0.023,0.044,8.165,96.358,5.552,183.854,0,5.565,5.568,NA,22
"5/25/2022 2:42:16 PM",3.719,29.53,49.531,78.486,71372.8,1032.854,32.838,0.047,0.047,0.015,8.166,96.541,5.562,184.619,0,5.575,5.578,NA,22
"5/25/2022 2:42:16 PM",3.695,29.53,49.533,78.488,71375.3,1032.855,32.839,0.039,0.039,0.029,8.169,96.5,5.56,181.985,0,5.573,5.576,NA,22
"5/25/2022 2:42:16 PM",3.663,29.53,49.533,78.489,71374.8,1032.854,32.839,0.039,0.039,0.029,8.169,96.372,5.553,184.703,0,5.566,5.569,NA,22
"5/25/2022 2:42:17 PM",3.623,29.532,49.533,78.491,71375.1,1032.854,32.839,0.047,0.047,0.073,8.169,96.495,5.56,185.978,0,5.573,5.576,NA,22
"5/25/2022 2:42:17 PM",3.592,29.533,49.539,78.501,71382.4,1032.858,32.843,0.039,0.039,0.044,8.171,96.467,5.558,187.422,0,5.571,5.574,NA,22
"5/25/2022 2:42:17 PM",3.528,29.536,49.562,78.537,71410.4,1032.874,32.859,0.023,0.023,0.015,8.169,96.319,5.549,185.553,0,5.562,5.565,NA,22
"5/25/2022 2:42:17 PM",3.458,29.548,49.557,78.547,71403.1,1032.866,32.851,0.031,0.031,0,8.169,96.467,5.558,183.089,0,5.57,5.574,NA,22
"5/25/2022 2:42:17 PM",3.38,29.559,49.544,78.546,71385.4,1032.852,32.837,0.047,0.047,0.015,8.166,96.463,5.558,187.762,0,5.57,5.574,NA,22
"5/25/2022 2:42:18 PM",3.288,29.588,49.532,78.57,71366.4,1032.832,32.818,0.047,0.047,0.044,8.164,96.437,5.556,167.372,0,5.569,5.572,NA,22
"5/25/2022 2:42:18 PM",3.243,29.598,49.528,78.579,71359.8,1032.825,32.811,0.039,0.039,0.015,8.164,96.5,5.559,168.306,0,5.572,5.575,NA,22
"5/25/2022 2:42:18 PM",3.216,29.602,49.525,78.58,71355.8,1032.821,32.807,0.023,0.023,0.015,8.165,96.651,5.568,179.691,0,5.581,5.584,NA,22
"5/25/2022 2:42:18 PM",3.199,29.605,49.524,78.583,71353.9,1032.819,32.805,0.039,0.039,0.015,8.168,96.605,5.565,173.659,0,5.577,5.581,NA,22
"5/25/2022 2:42:18 PM",3.157,29.606,49.53,78.593,71361.6,1032.823,32.81,0.031,0.031,0.015,8.169,96.609,5.564,170.855,0,5.577,5.58,NA,22
"5/25/2022 2:42:19 PM",3.133,29.608,49.533,78.599,71364.5,1032.824,32.811,0.031,0.031,0.029,8.165,96.536,5.559,191.84,0,5.572,5.575,NA,22
"5/25/2022 2:42:19 PM",3.109,29.61,49.528,78.596,71358.8,1032.82,32.807,0.023,0.023,0.044,8.165,96.532,5.559,190.566,0,5.572,5.575,NA,22
"5/25/2022 2:42:19 PM",3.093,29.609,49.528,78.595,71359.1,1032.82,32.807,0.023,0.023,0.044,8.162,96.628,5.564,180.795,0,5.577,5.581,NA,22
"5/25/2022 2:42:19 PM",3.089,29.607,49.534,78.599,71365.9,1032.825,32.812,0.031,0.031,0,8.161,96.56,5.56,195.918,0,5.573,5.576,NA,22
"5/25/2022 2:42:19 PM",3.093,29.61,49.525,78.592,71355,1032.818,32.805,0.031,0.031,0.029,8.153,96.553,5.56,189.291,0,5.573,5.576,NA,22
"5/25/2022 2:42:20 PM",3.095,29.606,49.529,78.591,71360,1032.822,32.809,0.031,0.031,0.029,8.159,96.396,5.551,197.617,0,5.564,5.567,NA,22
"5/25/2022 2:42:20 PM",3.093,29.604,49.524,78.582,71354.1,1032.819,32.806,0.039,0.039,0,8.162,96.412,5.552,208.322,0,5.565,5.568,NA,22
"5/25/2022 2:42:20 PM",3.077,29.601,49.528,78.582,71359.3,1032.823,32.81,0.023,0.023,0.015,8.161,96.474,5.555,207.048,0,5.568,5.571,NA,22
"5/25/2022 2:42:20 PM",3.058,29.598,49.531,78.583,71363.3,1032.826,32.813,0.031,0.031,0,8.161,96.414,5.552,208.407,0,5.565,5.568,NA,22
"5/25/2022 2:42:20 PM",2.992,29.596,49.532,78.581,71364.6,1032.827,32.814,0.023,0.023,0,8.161,96.392,5.551,231.941,0,5.564,5.567,NA,22
"5/25/2022 2:42:21 PM",2.929,29.596,49.53,78.577,71362.2,1032.826,32.813,0.031,0.031,0.029,8.163,96.54,5.559,211.041,0,5.572,5.575,NA,22
"5/25/2022 2:42:21 PM",2.888,29.594,49.532,78.578,71365.5,1032.828,32.816,0.031,0.031,0.015,8.165,96.505,5.558,201.865,0,5.571,5.574,NA,22
"5/25/2022 2:42:21 PM",2.87,29.596,49.538,78.589,71372.4,1032.832,32.819,0.023,0.023,0.015,8.166,96.556,5.561,210.107,0,5.573,5.577,NA,22
"5/25/2022 2:42:21 PM",2.823,29.598,49.533,78.585,71365.8,1032.827,32.815,0.031,0.031,0.015,8.165,96.568,5.562,221.321,0,5.574,5.578,NA,22
"5/25/2022 2:42:21 PM",2.773,29.598,49.533,78.585,71366.4,1032.827,32.815,0.031,0.031,0,8.165,96.479,5.557,224.465,0,5.57,5.573,NA,22
"5/25/2022 2:42:22 PM",2.712,29.597,49.536,78.588,71369.5,1032.829,32.817,0.023,0.023,0,8.169,96.47,5.556,231.262,0,5.569,5.572,NA,22
"5/25/2022 2:42:22 PM",2.637,29.598,49.545,78.602,71381.1,1032.835,32.824,0.047,0.047,0.044,8.167,96.415,5.553,224.04,0,5.566,5.569,NA,22
"5/25/2022 2:42:22 PM",2.556,29.604,49.54,78.603,71373.7,1032.829,32.818,0.047,0.047,0.058,8.168,96.48,5.557,222.936,0,5.57,5.573,NA,22
"5/25/2022 2:42:22 PM",2.43,29.628,49.545,78.644,71377,1032.823,32.813,0.031,0.031,0.015,8.168,96.582,5.562,218.433,0,5.575,5.578,NA,22
"5/25/2022 2:42:22 PM",2.352,29.647,49.532,78.655,71358.8,1032.807,32.797,0.039,0.039,0.015,8.169,96.574,5.562,224.38,0,5.575,5.578,NA,22
"5/25/2022 2:42:23 PM",2.272,29.659,49.53,78.668,71354.4,1032.8,32.791,0.047,0.047,0.015,8.168,96.548,5.56,218.263,0,5.573,5.576,NA,22
"5/25/2022 2:42:23 PM",2.211,29.663,49.537,78.683,71362.5,1032.804,32.794,0.023,0.023,0.015,8.17,96.67,5.566,237.039,0,5.579,5.582,NA,22
"5/25/2022 2:42:23 PM",2.17,29.666,49.535,78.685,71359.9,1032.801,32.792,0.031,0.031,0.029,8.171,96.474,5.555,238.228,0,5.568,5.571,NA,22
"5/25/2022 2:42:23 PM",2.136,29.669,49.535,78.691,71360.3,1032.8,32.791,0.031,0.031,0.073,8.169,96.646,5.564,210.786,0,5.577,5.58,NA,22
"5/25/2022 2:42:23 PM",2.123,29.675,49.536,78.701,71360.8,1032.799,32.79,0.031,0.031,0.029,8.17,96.57,5.559,215.289,0,5.572,5.575,NA,22
"5/25/2022 2:42:24 PM",2.123,29.679,49.533,78.701,71356,1032.795,32.786,0.031,0.031,0.044,8.169,96.541,5.558,221.746,0,5.57,5.574,NA,22
"5/25/2022 2:42:24 PM",2.138,29.682,49.533,78.706,71355.9,1032.794,32.785,0.023,0.023,0.015,8.169,96.701,5.566,259.638,0,5.579,5.582,NA,22
"5/25/2022 2:42:24 PM",2.147,29.685,49.532,78.709,71354.2,1032.792,32.783,0.023,0.023,0.029,8.17,96.517,5.555,249.018,0,5.568,5.571,NA,22
"5/25/2022 2:42:24 PM",2.143,29.688,49.539,78.721,71361.9,1032.796,32.787,0.008,0.008,0.044,8.171,96.575,5.558,259.808,0,5.571,5.574,NA,22
"5/25/2022 2:42:24 PM",2.13,29.69,49.546,78.734,71370.5,1032.801,32.792,0.039,0.039,0.015,8.171,96.577,5.558,256.75,0,5.571,5.574,NA,22
"5/25/2022 2:42:25 PM",2.103,29.692,49.554,78.75,71381.3,1032.807,32.798,0.039,0.039,0.029,8.171,96.666,5.563,257.514,0,5.576,5.579,NA,22
"5/25/2022 2:42:25 PM",2.07,29.7,49.542,78.745,71365.4,1032.795,32.786,0.031,0.031,0.044,8.17,96.553,5.556,265.076,0,5.569,5.572,NA,22
"5/25/2022 2:42:25 PM",2.004,29.707,49.541,78.752,71363.2,1032.791,32.783,0.031,0.031,0,8.171,96.537,5.555,272.892,0,5.568,5.571,NA,22
"5/25/2022 2:42:25 PM",1.956,29.709,49.543,78.758,71364.6,1032.791,32.783,0.023,0.023,0.015,8.17,96.719,5.566,258.109,0,5.579,5.582,NA,22
"5/25/2022 2:42:25 PM",1.9,29.712,49.536,78.753,71355.5,1032.784,32.776,0.031,0.031,0.044,8.171,96.71,5.565,264.311,0,5.578,5.581,NA,22
"5/25/2022 2:42:26 PM",1.843,29.712,49.533,78.749,71352.1,1032.782,32.774,0.031,0.031,0.029,8.172,96.592,5.559,284.957,0,5.571,5.575,NA,22
"5/25/2022 2:42:26 PM",1.806,29.712,49.537,78.754,71356.4,1032.785,32.777,0.039,0.039,0.015,8.173,96.606,5.559,297.87,0,5.572,5.575,NA,22
"5/25/2022 2:42:26 PM",1.796,29.715,49.535,78.755,71354,1032.782,32.775,0.047,0.047,0.058,8.171,96.654,5.562,310.02,0,5.574,5.578,NA,22
"5/25/2022 2:42:26 PM",1.723,29.716,49.534,78.756,71353.2,1032.781,32.774,0.031,0.031,0.029,8.167,96.656,5.562,287.505,0,5.575,5.578,NA,22
"5/25/2022 2:42:27 PM",1.622,29.716,49.532,78.754,71350.3,1032.779,32.772,0.023,0.023,0.029,8.17,96.737,5.566,276.291,0,5.579,5.582,NA,22
"5/25/2022 2:42:27 PM",1.495,29.715,49.531,78.751,71349.2,1032.778,32.772,0.031,0.031,0.015,8.171,96.661,5.562,278.754,0,5.575,5.578,NA,22
"5/25/2022 2:42:27 PM",1.3,29.715,49.536,78.756,71354.7,1032.781,32.775,0.016,0.016,0.029,8.172,96.579,5.557,301.014,0,5.57,5.573,NA,22
"5/25/2022 2:42:27 PM",1.173,29.715,49.536,78.757,71355.2,1032.781,32.776,0.016,0.016,0.029,8.172,96.663,5.562,325.992,0,5.575,5.578,NA,22
"5/25/2022 2:42:27 PM",1.051,29.715,49.537,78.759,71356.6,1032.781,32.776,0.031,0.031,0.044,8.172,96.678,5.563,331.09,0,5.576,5.579,NA,22
"5/25/2022 2:42:28 PM",0.963,29.716,49.538,78.761,71357.4,1032.781,32.777,0.023,0.023,0.044,8.17,96.584,5.558,325.058,0,5.57,5.574,NA,22
"5/25/2022 2:42:28 PM",0.888,29.716,49.536,78.758,71354.3,1032.779,32.775,0.031,0.031,0.015,8.173,96.72,5.565,338.481,0,5.578,5.581,NA,22
"5/25/2022 2:42:28 PM",0.851,29.715,49.536,78.757,71355.3,1032.78,32.776,0.031,0.031,0.015,8.173,96.605,5.559,352.755,0,5.571,5.575,NA,22
"5/25/2022 2:42:28 PM",0.834,29.716,49.538,78.76,71357.5,1032.781,32.777,0.039,0.039,0.029,8.173,96.667,5.562,363.8,0,5.575,5.578,NA,22
"5/25/2022 2:42:28 PM",0.796,29.718,49.536,78.761,71354.6,1032.778,32.775,0.008,0.008,0,8.174,96.577,5.557,415.031,0,5.57,5.573,NA,22
"5/25/2022 2:42:29 PM",0.783,29.72,49.535,78.762,71353.1,1032.776,32.773,0.016,0.016,0,8.174,96.605,5.559,361.676,0,5.571,5.575,NA,22
"5/25/2022 2:42:29 PM",0.78,29.722,49.532,78.761,71348.6,1032.773,32.77,0.023,0.023,0.044,8.171,96.628,5.56,353.35,0,5.573,5.576,NA,22
"5/25/2022 2:42:29 PM",0.729,29.722,49.534,78.764,71351.4,1032.775,32.771,0.031,0.031,0.015,8.167,96.67,5.562,370.681,0,5.575,5.578,NA,22
"5/25/2022 2:42:29 PM",0.67,29.723,49.533,78.764,71350.7,1032.774,32.771,0.023,0.023,0,8.171,96.829,5.571,398.803,0,5.584,5.587,NA,22
"5/25/2022 2:42:29 PM",0.571,29.723,49.531,78.761,71347.4,1032.771,32.769,0.016,0.016,0.029,8.173,96.706,5.564,398.209,0,5.577,5.58,NA,22
"5/25/2022 2:42:30 PM",0.42,29.723,49.528,78.757,71343.2,1032.768,32.766,0.031,0.031,0.029,8.169,96.65,5.561,407.299,0,5.574,5.577,NA,22
"5/25/2022 2:42:30 PM",0.317,29.723,49.525,78.753,71340.2,1032.766,32.765,0.023,0.023,0,8.17,96.546,5.555,401.947,0,5.568,5.571,NA,22
"5/25/2022 2:42:30 PM",0.232,29.722,49.523,78.748,71337.3,1032.764,32.763,0.008,0.008,0,8.171,96.653,5.562,411.887,0,5.574,5.578,NA,22
"5/25/2022 2:42:30 PM",0.147,29.72,49.521,78.743,71335.2,1032.763,32.762,0.008,0.008,0,8.173,96.714,5.565,417.155,0,5.578,5.581,NA,22
"5/25/2022 2:42:30 PM",0.044,29.719,49.516,78.734,71329.3,1032.759,32.759,0.023,0.023,0,8.172,96.678,5.564,473.993,0,5.577,5.58,NA,22
"5/25/2022 2:42:31 PM",0,29.717,49.51,78.723,71321.7,1032.755,32.755,0,0,0,8.171,96.73,5.567,537.883,0,5.58,5.583,NA,22
"5/25/2022 2:42:31 PM",0,29.738,49.717,79.039,71577.6,1032.903,32.904,0,0,0,8.173,96.708,5.559,546.719,0,5.572,5.575,NA,22
"5/25/2022 2:42:31 PM",0,30.006,49.845,79.603,71706,1032.904,32.906,0,0,0,8.175,97.129,5.578,631.934,0,5.591,5.594,NA,22
"5/25/2022 2:42:31 PM",0,30.239,49.685,79.718,71479.3,1032.7,32.701,0.031,0.031,0.058,8.173,97.777,5.612,644.083,0,5.625,5.628,NA,22
"5/25/2022 2:42:31 PM",0,30.334,8.959,17.056,15265,1002.214,2.215,2.832,2.832,0,8.177,97.699,7.005,652.324,0,7.025,7.025,NA,22
"5/25/2022 2:42:32 PM",0,30.103,1.318,2.829,2543.4,996.603,0,238.945,238.945,131.097,8.178,97.384,7.272,687.498,0,7.293,7.293,NA,22
"5/25/2022 2:42:32 PM",0,29.967,2.06,4.302,3878.6,997.197,0,363.991,363.991,152.349,8.177,97.057,7.217,692.935,0,7.238,7.238,NA,22
"5/25/2022 2:42:32 PM",0,29.906,1.192,2.561,2311.5,996.568,0,157.169,157.169,69.591,8.177,96.921,7.242,693.785,0,7.263,7.263,NA,22
"5/25/2022 2:42:32 PM",0,29.862,1.038,2.244,2026.7,996.467,0,347.141,347.141,25.464,8.177,96.832,7.241,688.687,0,7.262,7.262,NA,22
"5/25/2022 2:42:32 PM",0,29.793,0.783,1.713,1550,996.297,0,166.928,166.928,209.58,8.176,96.709,7.243,688.178,0,7.264,7.264,NA,22
"5/25/2022 2:42:33 PM",0,29.774,0.693,1.523,1378.3,996.235,0,506.05,506.05,324.968,8.175,96.421,7.227,683.675,0,7.248,7.248,NA,22
"5/25/2022 2:42:33 PM",0,29.743,0.647,1.426,1290.9,996.21,0,312.194,312.194,127.289,8.174,96.468,7.233,683.59,0,7.253,7.253,NA,22
"5/25/2022 2:42:33 PM",0,29.709,0.597,1.318,1194.1,996.183,0,485.854,485.854,156.981,8.172,96.347,7.226,673.225,0,7.246,7.247,NA,22
"5/25/2022 2:42:33 PM",0,29.62,0.576,1.272,1154.6,996.194,0,341.166,341.166,443.25,8.172,96.059,7.206,658.951,0,7.227,7.227,NA,22
"5/25/2022 2:42:33 PM",0,29.447,0.516,1.141,1039.5,996.201,0,87.751,87.751,401.533,8.17,96.044,7.208,672.375,0,7.229,7.229,NA,22
"5/25/2022 2:42:34 PM",0,29.344,0.491,1.085,990.3,996.212,0,222.415,222.415,597.095,8.167,96.101,7.213,668.977,0,7.234,7.234,NA,22
"5/25/2022 2:42:34 PM",0,29.224,0.469,1.035,946.6,996.231,0,79.95,79.95,174.64,8.165,96.115,7.216,689.282,0,7.237,7.237,NA,22
"5/25/2022 2:42:34 PM",0,29.179,0.443,0.979,897,996.225,0,47.624,47.624,59.581,8.161,95.98,7.208,693.87,0,7.229,7.229,NA,22
"5/25/2022 2:42:34 PM",0,29.165,0.43,0.951,871.6,996.22,0,32.943,32.943,53.221,8.157,95.957,7.207,679.597,0,7.228,7.228,NA,22
"5/25/2022 2:42:34 PM",0,29.117,0.412,0.912,835.9,996.22,0,46.352,46.352,67.687,8.153,95.72,7.19,666.428,0,7.211,7.211,NA,22
"5/25/2022 2:42:35 PM",0,29.097,0.391,0.867,795.6,996.211,0,66.673,66.673,77.879,8.149,95.701,7.192,696.759,0,7.212,7.212,NA,22
"5/25/2022 2:42:35 PM",0,29.086,0.375,0.831,762.4,996.201,0,294.33,294.33,118.559,8.145,95.603,7.185,701.941,0,7.206,7.206,NA,22
"5/25/2022 2:42:35 PM",0,29.061,0.37,0.821,753.8,996.205,0,132.933,132.933,100.682,8.14,95.765,7.199,699.138,0,7.22,7.22,NA,22
"5/25/2022 2:42:35 PM",0,29.034,0.364,0.807,740.8,996.209,0,73.928,73.928,54.223,8.135,95.378,7.171,693.7,0,7.192,7.192,NA,22
"5/25/2022 2:42:35 PM",0,28.995,0.353,0.783,719.5,996.212,0,421.139,421.139,111.838,8.132,95.559,7.186,713.411,0,7.207,7.207,NA,22
"5/25/2022 2:42:36 PM",0,28.88,0.346,0.765,704.8,996.24,0,423.089,423.089,214.372,8.13,95.291,7.168,719.358,0,7.189,7.189,NA,22
"5/25/2022 2:42:36 PM",0,28.743,0.336,0.742,685.1,996.273,0,134.118,134.118,93.463,8.128,95.346,7.173,738.049,0,7.194,7.194,NA,22
"5/25/2022 2:42:36 PM",0,28.648,0.333,0.735,680.4,996.298,0,50.65,50.65,24.008,8.124,95.219,7.164,759.544,0,7.185,7.185,NA,22
"5/25/2022 2:42:36 PM",0,28.613,0.332,0.733,678.8,996.308,0,11.054,11.054,11.351,8.118,95.298,7.174,756.231,0,7.195,7.195,NA,22
"5/25/2022 2:42:37 PM",0,28.54,0.313,0.69,640.2,996.314,0,9.72,9.72,3.105,8.116,95.146,7.166,777.726,0,7.187,7.187,NA,22
"5/25/2022 2:42:37 PM",0,28.52,0.311,0.685,635.5,996.318,0,25.571,25.571,0,8.112,95.077,7.165,738.644,0,7.186,7.186,NA,22
"5/25/2022 2:42:37 PM",0,28.512,0.309,0.682,632.7,996.32,0,52.444,52.444,45.381,8.109,95.155,7.173,692.341,0,7.194,7.194,NA,22
"5/25/2022 2:42:37 PM",0,28.485,0.899,1.906,1770.6,996.77,0,45.892,45.892,118.591,8.102,95.201,7.157,554.195,0,7.178,7.178,NA,22
"5/25/2022 2:42:37 PM",0,28.525,0.408,0.894,829.4,996.391,0,12.31,12.31,26.668,8.102,95.164,7.176,448.76,0,7.197,7.197,NA,22
"5/25/2022 2:42:38 PM",0,28.502,0.363,0.797,739.7,996.363,0,3.112,3.112,4.536,8.099,94.949,7.163,367.538,0,7.184,7.184,NA,22
"5/25/2022 2:42:38 PM",0,28.4,0.364,0.796,740.9,996.393,0,1.74,1.74,2.857,8.094,94.989,7.168,346.808,0,7.189,7.189,NA,22
"5/25/2022 2:42:38 PM",0,28.295,0.878,1.857,1731.8,996.809,0,1.412,1.412,2.186,8.088,94.569,7.116,450.289,0,7.136,7.136,NA,22
"5/25/2022 2:42:38 PM",0,28.156,0.525,1.131,1057.6,996.584,0,0.133,0.133,0.583,8.08,94.208,7.103,629.81,0,7.124,7.124,NA,22
"5/25/2022 2:42:38 PM",0,28.017,0.404,0.876,821.3,996.533,0,0,0,0.743,8.079,94.147,7.105,697.438,0,7.125,7.125,NA,22
"5/25/2022 2:42:39 PM",0,27.84,0.357,0.774,728.1,996.548,0,0.702,0.702,0,8.075,94.059,7.1,711.882,0,7.12,7.12,NA,22
"5/25/2022 2:42:39 PM",0,27.654,0.322,0.697,658.1,996.574,0,0.577,0.577,2.58,8.07,94.013,7.098,700.582,0,7.118,7.119,NA,22
"5/25/2022 2:42:39 PM",0,27.558,0.302,0.654,618.9,996.586,0,1.077,1.077,13.91,8.065,93.878,7.088,691.151,0,7.109,7.109,NA,22
"5/25/2022 2:42:39 PM",0,27.618,0.304,0.66,623.9,996.571,0,1.17,1.17,12.748,8.059,94.022,7.1,671.865,0,7.121,7.121,NA,22
"5/25/2022 2:42:39 PM",0,27.706,0.299,0.649,612.2,996.542,0,4.743,4.743,18.336,8.055,96.094,7.254,655.893,0,7.275,7.275,NA,22
"5/25/2022 2:42:40 PM",0,29.184,2.859,5.769,5283.1,998.029,0,3.105,3.105,10.396,8.076,97.224,7.213,659.121,0,7.234,7.234,NA,22
"5/25/2022 2:42:40 PM",0,30.875,2.843,5.925,5247.2,997.501,0,2.442,2.442,8.401,8.168,97.029,7.179,645.443,0,7.2,7.199,NA,22
"5/25/2022 2:42:40 PM",0,31.504,2.407,5.127,4484.8,996.978,0,1.981,1.981,8.137,8.271,96.339,7.116,622.588,0,7.137,7.137,NA,22
"5/25/2022 2:42:40 PM",0,31.598,2.353,5.027,4390.1,996.908,0,2.036,2.036,8.283,8.323,95.796,7.063,642.214,0,7.084,7.084,NA,22
"5/25/2022 2:42:40 PM",0,31.62,2.316,4.955,4325.4,996.874,0,1.771,1.771,8.65,8.362,95.638,7.041,667.277,0,7.062,7.062,NA,22
"5/25/2022 2:42:41 PM",0,31.642,2.236,4.796,4184.5,996.807,0,1.849,1.849,8.987,8.389,95.518,7.025,676.793,0,7.046,7.046,NA,22
"5/25/2022 2:42:41 PM",0,31.631,2.136,4.593,4008.3,996.737,0,1.919,1.919,8.928,8.409,95.241,7,673.65,0,7.02,7.02,NA,22
"5/25/2022 2:42:41 PM",0,31.647,2.204,4.733,4129.1,996.783,0,1.927,1.927,8.884,8.433,94.963,6.969,617.151,0,6.989,6.989,NA,22
"5/25/2022 2:42:41 PM",0,31.655,2.238,4.801,4187.8,996.805,0,1.825,1.825,8.855,8.447,94.862,6.957,544.595,0,6.977,6.977,NA,22
"5/25/2022 2:42:41 PM",0,31.666,2.176,4.677,4079.1,996.755,0,1.857,1.857,9.589,8.457,94.445,6.926,491.665,0,6.946,6.946,NA,22
"5/25/2022 2:42:42 PM",0,31.68,2.157,4.64,4045.7,996.737,0,1.701,1.701,9.119,8.465,94.314,6.916,460.824,0,6.936,6.936,NA,22
"5/25/2022 2:42:42 PM",0,31.672,2.023,4.367,3807.6,996.639,0,1.771,1.771,9.192,8.474,93.827,6.884,426.84,0,6.904,6.904,NA,22
"5/25/2022 2:42:42 PM",0,31.656,2.032,4.385,3824.7,996.652,0,1.966,1.966,8.884,8.479,93.71,6.874,389.118,0,6.894,6.894,NA,22
"5/25/2022 2:42:42 PM",0,31.667,1.98,4.278,3731.1,996.609,0,1.974,1.974,8.752,8.484,93.791,6.881,380.792,0,6.901,6.901,NA,22
"5/25/2022 2:42:42 PM",0,31.679,1.964,4.247,3702.9,996.593,0,2.052,2.052,8.884,8.488,93.668,6.872,393.791,0,6.892,6.891,NA,22
"5/25/2022 2:42:43 PM",0,31.682,1.946,4.211,3671.1,996.579,0,1.786,1.786,9.222,8.49,93.649,6.87,426.755,0,6.89,6.89,NA,22
"5/25/2022 2:42:43 PM",0,31.683,1.918,4.154,3621.4,996.558,0,1.857,1.857,9.192,8.492,93.837,6.884,490.05,0,6.904,6.904,NA,22
"5/25/2022 2:42:43 PM",0,31.68,1.906,4.13,3600.7,996.55,0,2.013,2.013,9.192,8.491,93.745,6.878,500.246,0,6.897,6.897,NA,22
"5/25/2022 2:42:43 PM",0,31.68,1.905,4.127,3598.3,996.549,0,1.833,1.833,9.442,8.494,93.821,6.883,492.599,0,6.902,6.902,NA,22
"5/25/2022 2:42:43 PM",0,31.679,1.845,4.005,3491.9,996.505,0,1.966,1.966,9.706,8.495,93.903,6.892,491.92,0,6.912,6.912,NA,22
"5/25/2022 2:42:44 PM",0,31.677,1.849,4.013,3498.9,996.509,0,1.818,1.818,8.914,8.495,93.725,6.879,559.548,0,6.899,6.899,NA,22
"5/25/2022 2:42:44 PM",0,31.67,1.823,3.958,3451.9,996.491,0,1.802,1.802,8.943,8.497,93.74,6.881,593.532,0,6.901,6.9,NA,22
"5/25/2022 2:42:44 PM",0,31.664,1.799,3.909,3409.2,996.476,0,1.662,1.662,8.752,8.498,93.711,6.88,587.415,0,6.9,6.9,NA,22
"5/25/2022 2:42:44 PM",0,31.657,1.781,3.872,3377.2,996.464,0,1.763,1.763,9.06,8.496,93.68,6.878,592.173,0,6.898,6.898,NA,22
"5/25/2022 2:42:44 PM",0,31.653,1.789,3.888,3391.4,996.471,0,1.724,1.724,8.943,8.495,93.515,6.865,609.42,0,6.885,6.885,NA,22
"5/25/2022 2:42:45 PM",0,31.644,1.774,3.856,3364.3,996.463,0,1.81,1.81,8.664,8.5,93.325,6.851,631.594,0,6.871,6.871,NA,22
"5/25/2022 2:42:45 PM",0,31.641,1.76,3.827,3339.1,996.454,0,1.903,1.903,8.782,8.5,93.481,6.864,638.476,0,6.884,6.884,NA,22
"5/25/2022 2:42:45 PM",0,31.642,1.752,3.811,3325.1,996.447,0,1.896,1.896,9.251,8.501,93.407,6.858,659.206,0,6.878,6.878,NA,22
"5/25/2022 2:42:45 PM",0,31.644,1.744,3.796,3311.5,996.441,0,1.786,1.786,8.577,8.499,93.317,6.851,683.165,0,6.871,6.871,NA,22
"5/25/2022 2:42:45 PM",0,31.642,1.748,3.802,3317.4,996.444,0,1.716,1.716,9.09,8.499,93.414,6.859,714.94,0,6.879,6.879,NA,22
"5/25/2022 2:42:46 PM",0,31.637,1.716,3.736,3260,996.422,0,1.825,1.825,8.972,8.499,93.342,6.854,753.767,0,6.874,6.874,NA,22
"5/25/2022 2:42:46 PM",0,31.632,1.72,3.744,3267,996.427,0,1.615,1.615,9.427,8.497,93.191,6.844,759.374,0,6.864,6.863,NA,22
"5/25/2022 2:42:46 PM",0,31.632,1.705,3.714,3241.3,996.416,0,1.779,1.779,9.09,8.497,93.326,6.854,757.165,0,6.874,6.873,NA,22
"5/25/2022 2:42:46 PM",0,31.63,1.689,3.68,3211.8,996.404,0,1.747,1.747,9.075,8.496,93.337,6.855,767.615,0,6.875,6.875,NA,22
"5/25/2022 2:42:46 PM",0,31.629,1.695,3.693,3222.9,996.409,0,1.623,1.623,8.606,8.495,93.25,6.849,761.413,0,6.869,6.869,NA,22
"5/25/2022 2:42:47 PM",0,31.637,1.685,3.673,3204.7,996.399,0,1.724,1.724,9.207,8.492,93.394,6.86,730.148,0,6.88,6.88,NA,22
"5/25/2022 2:42:47 PM",0,31.65,1.658,3.617,3155.8,996.375,0,1.755,1.755,9.178,8.491,93.307,6.855,768.21,0,6.874,6.874,NA,22
"5/25/2022 2:42:47 PM",0,31.65,1.676,3.654,3187.9,996.388,0,1.599,1.599,9.369,8.49,93.196,6.846,793.953,0,6.866,6.866,NA,22
"5/25/2022 2:42:47 PM",0,31.648,1.654,3.61,3149.4,996.373,0,1.903,1.903,8.914,8.489,93.13,6.842,799.73,0,6.862,6.862,NA,22
"5/25/2022 2:42:47 PM",0,31.657,1.653,3.608,3147.2,996.369,0,1.857,1.857,9.119,8.485,93.25,6.852,801.515,0,6.872,6.872,NA,22
"5/25/2022 2:42:48 PM",0,31.653,1.651,3.605,3144.7,996.369,0,1.669,1.669,9.515,8.483,93.227,6.851,801.09,0,6.87,6.87,NA,22
"5/25/2022 2:42:48 PM",0,31.649,1.644,3.589,3131.3,996.365,0,1.888,1.888,9.163,8.482,93.334,6.859,800.58,0,6.879,6.879,NA,22
"5/25/2022 2:42:48 PM",0,31.656,1.646,3.593,3133.9,996.364,0,1.864,1.864,9.53,8.48,93.218,6.851,800.495,0,6.871,6.871,NA,22
"5/25/2022 2:42:48 PM",0,31.655,1.638,3.577,3120.3,996.358,0,1.615,1.615,9.574,8.48,93.215,6.852,800.58,0,6.872,6.872,NA,22
"5/25/2022 2:42:49 PM",0,31.653,1.633,3.567,3112,996.356,0,1.49,1.49,10.014,8.478,93.416,6.868,800.92,0,6.888,6.887,NA,22
"5/25/2022 2:42:49 PM",0,31.659,1.633,3.567,3110.9,996.353,0,1.654,1.654,9.192,8.478,93.307,6.86,801.175,0,6.88,6.88,NA,22
"5/25/2022 2:42:49 PM",0,31.656,1.624,3.548,3094.8,996.348,0,1.693,1.693,9.647,8.475,93.354,6.864,801.005,0,6.884,6.884,NA,22
"5/25/2022 2:42:49 PM",0,31.657,1.618,3.537,3085.1,996.343,0,1.849,1.849,9.192,8.473,93.327,6.863,800.155,0,6.883,6.882,NA,22
"5/25/2022 2:42:49 PM",0,31.667,1.616,3.532,3080.3,996.338,0,1.669,1.669,8.987,8.472,93.239,6.857,798.626,0,6.876,6.876,NA,22
"5/25/2022 2:42:50 PM",0,31.667,1.603,3.505,3056.8,996.328,0,1.857,1.857,8.694,8.469,93.273,6.86,796.502,0,6.88,6.88,NA,22
"5/25/2022 2:42:50 PM",0,31.662,1.598,3.496,3049.1,996.327,0,1.74,1.74,8.811,8.467,93.254,6.858,795.652,0,6.878,6.878,NA,22
"5/25/2022 2:42:50 PM",0,31.65,1.575,3.446,3006.5,996.313,0,1.747,1.747,9.178,8.464,93.233,6.859,795.058,0,6.879,6.878,NA,22
"5/25/2022 2:42:50 PM",0,31.642,1.556,3.407,2972.5,996.302,0,1.529,1.529,9.046,8.455,93.243,6.86,794.548,0,6.88,6.88,NA,22
"5/25/2022 2:42:50 PM",0,31.626,1.533,3.357,2930.1,996.289,0,1.747,1.747,9.515,8.452,93.278,6.864,792.764,0,6.884,6.883,NA,22
"5/25/2022 2:42:51 PM",0,31.623,1.519,3.328,2905.1,996.28,0,1.927,1.927,9.325,8.456,93.315,6.867,789.535,0,6.887,6.887,NA,22
"5/25/2022 2:42:51 PM",0,31.618,1.507,3.304,2883.9,996.273,0,1.841,1.841,8.972,8.453,93.388,6.874,787.921,0,6.894,6.893,NA,22
"5/25/2022 2:42:51 PM",0,31.609,1.497,3.282,2865.3,996.268,0,1.701,1.701,9.075,8.451,93.373,6.872,789.11,0,6.892,6.892,NA,22
"5/25/2022 2:42:51 PM",0,31.604,1.484,3.256,2842.5,996.26,0,1.662,1.662,8.987,8.447,93.304,6.868,792.849,0,6.888,6.888,NA,22
"5/25/2022 2:42:51 PM",0,31.6,1.465,3.216,2807.8,996.247,0,1.857,1.857,8.84,8.449,93.208,6.861,797.946,0,6.881,6.881,NA,22
"5/25/2022 2:42:52 PM",0,31.592,1.454,3.192,2788.1,996.242,0,1.857,1.857,9.501,8.446,93.332,6.87,798.711,0,6.89,6.89,NA,22
"5/25/2022 2:42:52 PM",0,31.589,1.445,3.174,2772.4,996.236,0,1.693,1.693,9.075,8.443,93.424,6.877,799.985,0,6.897,6.897,NA,22
"5/25/2022 2:42:52 PM",0,31.585,1.443,3.17,2768.8,996.236,0,1.646,1.646,8.65,8.443,93.359,6.871,801.515,0,6.891,6.89,NA,22
"5/25/2022 2:42:52 PM",0,31.582,1.44,3.163,2763.3,996.235,0,1.662,1.662,9.06,8.442,93.312,6.868,802.959,0,6.888,6.888,NA,22
"5/25/2022 2:46:35 PM",0,29.895,49.445,78.889,71219.4,1032.642,32.643,0.117,0.117,0.175,7.954,96.603,5.526,591.918,0,5.539,5.542,NA,22
"5/25/2022 2:46:36 PM",0,29.894,49.463,78.911,71241.5,1032.656,32.656,0.304,0.304,0.233,7.959,96.444,5.517,592.343,0,5.529,5.532,NA,22
"5/25/2022 2:46:36 PM",0,29.911,49.453,78.922,71227.1,1032.643,32.643,0.226,0.226,0.204,7.961,96.536,5.521,474.163,0,5.534,5.537,NA,22
"5/25/2022 2:46:36 PM",0.016,29.919,49.448,78.927,71219.7,1032.636,32.636,0.172,0.172,0.248,7.964,96.577,5.523,436.271,0,5.535,5.539,NA,22
"5/25/2022 2:46:36 PM",0.091,30.047,49.45,79.115,71207.8,1032.592,32.592,0.14,0.14,0.262,7.972,96.636,5.525,428.964,0,5.538,5.541,NA,22
"5/25/2022 2:46:36 PM",0.222,29.841,49.433,78.795,71210.6,1032.654,32.653,0.094,0.094,0.189,7.978,96.255,5.504,464.138,0,5.516,5.519,NA,22
"5/25/2022 2:46:37 PM",0.316,29.8,49.429,78.731,71211,1032.666,32.665,0.078,0.078,0.175,7.982,96.231,5.503,420.553,0,5.515,5.518,NA,22
"5/25/2022 2:46:37 PM",0.432,29.754,49.451,78.695,71243.1,1032.699,32.697,0.055,0.055,0.073,7.986,96.32,5.509,393.791,0,5.521,5.524,NA,22
"5/25/2022 2:46:37 PM",0.592,29.741,49.451,78.676,71245.7,1032.705,32.702,0.047,0.047,0.044,7.989,96.179,5.502,406.789,0,5.514,5.517,NA,22
"5/25/2022 2:46:37 PM",0.771,29.735,49.459,78.679,71255.8,1032.713,32.71,0.055,0.055,0.073,7.991,96.321,5.512,349.611,0,5.524,5.527,NA,22
"5/25/2022 2:46:37 PM",1.046,29.736,49.458,78.68,71255,1032.713,32.709,0.039,0.039,0.015,7.995,96.344,5.516,268.219,0,5.528,5.532,NA,22
"5/25/2022 2:46:38 PM",1.218,29.732,49.461,78.677,71258.7,1032.718,32.712,0.031,0.031,0.029,7.997,96.333,5.517,231.177,0,5.529,5.532,NA,22
"5/25/2022 2:46:38 PM",1.356,29.731,49.465,78.682,71264.8,1032.722,32.716,0.125,0.125,0.218,7.999,96.178,5.509,244.431,0,5.522,5.525,NA,22
"5/25/2022 2:46:38 PM",1.472,29.731,49.468,78.686,71267.5,1032.724,32.718,0.078,0.078,0.131,8,96.289,5.516,311.974,0,5.528,5.531,NA,22
"5/25/2022 2:46:38 PM",1.559,29.733,49.471,78.693,71272.1,1032.727,32.72,0.055,0.055,0.073,7.999,96.308,5.517,298.125,0,5.529,5.533,NA,22
"5/25/2022 2:46:39 PM",1.524,29.735,49.466,78.689,71265.8,1032.722,32.716,0.039,0.039,0.044,7.999,96.382,5.522,289.12,0,5.534,5.537,NA,22
"5/25/2022 2:46:39 PM",1.45,29.736,49.465,78.69,71264.2,1032.721,32.715,0.031,0.031,0.044,7.999,96.406,5.523,288.95,0,5.535,5.539,NA,22
"5/25/2022 2:46:39 PM",1.349,29.738,49.464,78.69,71262.3,1032.719,32.713,0.023,0.023,0,8.003,96.331,5.519,301.269,0,5.531,5.534,NA,22
"5/25/2022 2:46:39 PM",1.267,29.738,49.467,78.694,71265.9,1032.72,32.715,0.039,0.039,0.015,8.008,96.362,5.52,308.83,0,5.533,5.536,NA,22
"5/25/2022 2:46:39 PM",1.223,29.737,49.467,78.693,71266.2,1032.721,32.716,0.055,0.055,0.044,8.014,96.28,5.515,333.469,0,5.527,5.531,NA,22
"5/25/2022 2:46:40 PM",1.206,29.737,49.468,78.695,71267.9,1032.722,32.717,0.055,0.055,0.058,8.014,96.303,5.516,324.463,0,5.529,5.532,NA,22
"5/25/2022 2:46:40 PM",1.236,29.737,49.473,78.702,71274.1,1032.726,32.72,0.047,0.047,0.029,8.012,96.267,5.514,305.007,0,5.527,5.53,NA,22
"5/25/2022 2:46:40 PM",1.241,29.735,49.479,78.706,71281.1,1032.731,32.725,0.086,0.086,0.058,8.013,96.306,5.516,283.852,0,5.529,5.532,NA,22
"5/25/2022 2:46:40 PM",1.276,29.738,49.482,78.716,71285.2,1032.732,32.727,0.047,0.047,0.058,8.019,96.395,5.522,299.315,0,5.534,5.537,NA,22
"5/25/2022 2:46:40 PM",1.323,29.739,49.483,78.717,71285.5,1032.732,32.727,0.031,0.031,0.029,8.02,96.363,5.519,315.967,0,5.532,5.535,NA,22
"5/25/2022 2:46:41 PM",1.364,29.739,49.471,78.701,71271.2,1032.724,32.718,0.031,0.031,0,8.02,96.4,5.522,305.432,0,5.534,5.537,NA,22
"5/25/2022 2:46:41 PM",1.432,29.738,49.472,78.701,71272.4,1032.725,32.719,0.039,0.039,0.044,8.02,96.377,5.52,303.308,0,5.532,5.535,NA,22
"5/25/2022 2:46:41 PM",1.512,29.737,49.472,78.7,71272.2,1032.726,32.719,0.031,0.031,0.015,8.021,96.373,5.519,322.509,0,5.532,5.535,NA,22
"5/25/2022 2:46:41 PM",1.577,29.736,49.472,78.699,71272.9,1032.726,32.72,0.031,0.031,0.044,8.021,96.438,5.523,296.681,0,5.535,5.538,NA,22
"5/25/2022 2:46:41 PM",1.627,29.734,49.477,78.703,71278.8,1032.731,32.724,0.031,0.031,0.073,8.021,96.443,5.523,291.583,0,5.535,5.538,NA,22
"5/25/2022 2:46:42 PM",1.672,29.735,49.477,78.705,71279.4,1032.731,32.724,0.055,0.055,0.058,8.023,96.456,5.524,292.093,0,5.536,5.539,NA,22
"5/25/2022 2:46:42 PM",1.71,29.736,49.484,78.715,71287.6,1032.736,32.729,0.039,0.039,0.029,8.023,96.447,5.523,298.975,0,5.535,5.539,NA,22
"5/25/2022 2:46:42 PM",1.737,29.739,49.479,78.713,71281.8,1032.732,32.724,0.031,0.031,0.058,8.023,96.349,5.518,293.453,0,5.53,5.533,NA,22
"5/25/2022 2:46:42 PM",1.724,29.74,49.453,78.677,71248.3,1032.711,32.704,0.039,0.039,0.029,8.023,96.287,5.516,282.917,0,5.528,5.531,NA,22
"5/25/2022 2:46:42 PM",1.703,29.739,49.444,78.664,71237.1,1032.704,32.697,0.039,0.039,0.029,8.021,96.258,5.516,277.99,0,5.528,5.531,NA,22
"5/25/2022 2:46:43 PM",1.667,29.734,49.44,78.651,71232.7,1032.703,32.696,0.031,0.031,0.015,8.019,96.253,5.516,292.433,0,5.528,5.531,NA,22
"5/25/2022 2:46:43 PM",1.627,29.724,49.45,78.652,71247.1,1032.714,32.707,0.031,0.031,0.029,8.023,96.222,5.514,305.432,0,5.526,5.529,NA,22
"5/25/2022 2:46:43 PM",1.573,29.716,49.484,78.687,71290.4,1032.743,32.736,0.039,0.039,0,8.028,96.298,5.517,297.191,0,5.53,5.533,NA,22
"5/25/2022 2:46:43 PM",1.531,29.716,49.486,78.689,71292.8,1032.744,32.738,0.039,0.039,0.029,8.027,96.259,5.515,301.524,0,5.527,5.53,NA,22
"5/25/2022 2:46:43 PM",1.479,29.719,49.495,78.706,71303.9,1032.75,32.743,0.023,0.023,0.015,8.027,96.399,5.523,309.255,0,5.536,5.539,NA,22
"5/25/2022 2:46:44 PM",1.408,29.725,49.494,78.713,71301.7,1032.746,32.74,0.031,0.031,0.029,8.029,96.421,5.524,329.221,0,5.537,5.54,NA,22
"5/25/2022 2:46:44 PM",1.309,29.732,49.487,78.715,71292.1,1032.738,32.733,0.031,0.031,0,8.033,96.363,5.521,301.184,0,5.533,5.536,NA,22
"5/25/2022 2:46:44 PM",1.253,29.734,49.482,78.711,71285.6,1032.733,32.728,0.039,0.039,0.029,8.031,96.272,5.516,290.564,0,5.528,5.532,NA,22
"5/25/2022 2:46:44 PM",1.22,29.737,49.48,78.71,71282.2,1032.731,32.725,0.039,0.039,0.029,8.029,96.331,5.519,288.185,0,5.532,5.535,NA,22
"5/25/2022 2:46:44 PM",1.211,29.739,49.479,78.712,71280.7,1032.729,32.724,0.031,0.031,0.029,8.029,96.412,5.524,277.225,0,5.537,5.54,NA,22
"5/25/2022 2:46:45 PM",1.241,29.741,49.48,78.717,71282.4,1032.73,32.724,0.039,0.039,0.029,8.03,96.412,5.525,290.649,0,5.537,5.54,NA,22
"5/25/2022 2:46:45 PM",1.283,29.739,49.483,78.718,71286.2,1032.733,32.727,0.055,0.055,0.058,8.03,96.314,5.519,308.66,0,5.532,5.535,NA,22
"5/25/2022 2:46:45 PM",1.324,29.737,49.48,78.711,71282.2,1032.731,32.725,0.039,0.039,0.015,8.032,96.362,5.522,318.516,0,5.534,5.538,NA,22
"5/25/2022 2:46:45 PM",1.375,29.727,49.48,78.697,71284.3,1032.735,32.729,0.047,0.047,0.029,8.03,96.444,5.526,315.627,0,5.539,5.542,NA,22
"5/25/2022 2:46:45 PM",1.43,29.719,49.478,78.683,71282.3,1032.736,32.73,0.031,0.031,0.058,8.027,96.335,5.52,287.76,0,5.532,5.535,NA,22
"5/25/2022 2:46:46 PM",1.523,29.72,49.478,78.684,71281.8,1032.736,32.73,0.055,0.055,0.073,8.031,96.354,5.521,287.505,0,5.533,5.537,NA,22
"5/25/2022 2:46:46 PM",1.592,29.721,49.477,78.685,71281,1032.736,32.729,0.047,0.047,0.044,8.032,96.313,5.519,286.231,0,5.531,5.534,NA,22
"5/25/2022 2:46:46 PM",1.662,29.723,49.478,78.689,71282,1032.736,32.729,0.039,0.039,0.044,8.034,96.399,5.524,301.099,0,5.537,5.54,NA,22
"5/25/2022 2:46:46 PM",1.717,29.72,49.482,78.69,71287.6,1032.74,32.733,0.039,0.039,0.044,8.036,96.374,5.523,291.583,0,5.535,5.538,NA,22
"5/25/2022 2:46:46 PM",1.783,29.725,49.486,78.702,71291.4,1032.742,32.734,0.031,0.031,0.058,8.035,96.362,5.522,276.291,0,5.534,5.537,NA,22
"5/25/2022 2:46:47 PM",1.81,29.725,49.49,78.707,71296.3,1032.745,32.737,0.031,0.031,0.044,8.035,96.254,5.516,280.539,0,5.528,5.531,NA,22
"5/25/2022 2:46:47 PM",1.785,29.729,49.484,78.706,71289.1,1032.739,32.731,0.031,0.031,0.044,8.035,96.458,5.528,292.348,0,5.541,5.544,NA,22
"5/25/2022 2:46:47 PM",1.714,29.734,49.479,78.706,71281.4,1032.733,32.725,0.031,0.031,0,8.034,96.335,5.522,305.092,0,5.534,5.537,NA,22
"5/25/2022 2:46:47 PM",1.62,29.735,49.476,78.702,71277.5,1032.73,32.723,0.031,0.031,0.015,8.035,96.346,5.523,297.021,0,5.535,5.538,NA,22
"5/25/2022 2:46:47 PM",1.446,29.734,49.479,78.706,71282.2,1032.732,32.726,0.031,0.031,0.015,8.037,96.346,5.523,297.701,0,5.535,5.538,NA,22
"5/25/2022 2:46:48 PM",1.312,29.733,49.48,78.706,71282.7,1032.732,32.727,0.031,0.031,0,8.038,96.467,5.53,297.786,0,5.542,5.546,NA,22
"5/25/2022 2:46:48 PM",1.185,29.733,49.476,78.699,71277.5,1032.729,32.724,0.031,0.031,0.029,8.039,96.482,5.531,294.302,0,5.544,5.547,NA,22
"5/25/2022 2:46:48 PM",1.067,29.732,49.473,78.694,71274.7,1032.727,32.722,0.031,0.031,0.029,8.039,96.333,5.523,295.831,0,5.535,5.539,NA,22
"5/25/2022 2:46:48 PM",0.989,29.731,49.472,78.691,71273.4,1032.726,32.722,0.031,0.031,0,8.04,96.384,5.525,337.377,0,5.538,5.541,NA,22
"5/25/2022 2:46:49 PM",0.961,29.731,49.473,78.693,71274.7,1032.727,32.723,0.023,0.023,0,8.04,96.391,5.526,369.237,0,5.538,5.541,NA,22
"5/25/2022 2:46:49 PM",0.936,29.742,49.472,78.707,71271.4,1032.721,32.717,0.055,0.055,0.029,8.042,96.393,5.526,342.22,0,5.538,5.542,NA,22
"5/25/2022 2:46:49 PM",0.933,29.748,49.469,78.711,71266.8,1032.717,32.713,0.039,0.039,0.058,8.04,96.383,5.525,319.45,0,5.538,5.541,NA,22
"5/25/2022 2:46:49 PM",0.905,29.754,49.462,78.71,71258.2,1032.71,32.706,0.047,0.047,0.073,8.039,96.447,5.53,311.464,0,5.542,5.546,NA,22
"5/25/2022 2:46:49 PM",0.881,29.751,49.454,78.696,71248.4,1032.705,32.701,0.039,0.039,0.015,8.039,96.515,5.534,362.1,0,5.546,5.55,NA,22
"5/25/2022 2:46:50 PM",0.921,29.737,49.47,78.697,71270.1,1032.722,32.718,0.055,0.055,0.044,8.041,96.406,5.527,381.301,0,5.54,5.543,NA,22
"5/25/2022 2:46:50 PM",0.947,29.724,49.475,78.686,71277.8,1032.73,32.726,0.031,0.031,0.044,8.041,96.433,5.529,368.133,0,5.541,5.545,NA,22
"5/25/2022 2:46:50 PM",1.032,29.725,49.467,78.676,71267.8,1032.724,32.72,0.047,0.047,0.073,8.041,96.429,5.529,341.71,0,5.541,5.544,NA,22
"5/25/2022 2:46:50 PM",1.098,29.726,49.478,78.693,71281.2,1032.732,32.728,0.047,0.047,0.058,8.04,96.367,5.525,329.476,0,5.537,5.54,NA,22
"5/25/2022 2:46:50 PM",1.204,29.735,49.478,78.705,71280,1032.73,32.725,0.039,0.039,0.058,8.039,96.402,5.527,316.902,0,5.539,5.542,NA,22
"5/25/2022 2:46:51 PM",1.258,29.735,49.474,78.7,71274.7,1032.727,32.721,0.047,0.047,0.087,8.041,96.433,5.528,317.156,0,5.541,5.544,NA,22
"5/25/2022 2:46:51 PM",1.296,29.731,49.477,78.699,71279,1032.73,32.725,0.047,0.047,0.058,8.041,96.476,5.531,315.287,0,5.543,5.546,NA,22
"5/25/2022 2:46:51 PM",1.302,29.729,49.478,78.697,71280.8,1032.732,32.727,0.055,0.055,0.029,8.039,96.388,5.526,307.641,0,5.538,5.541,NA,22
"5/25/2022 2:46:51 PM",1.286,29.732,49.473,78.694,71274,1032.727,32.722,0.031,0.031,0.029,8.036,96.443,5.53,295.407,0,5.542,5.546,NA,22
"5/25/2022 2:46:51 PM",1.27,29.733,49.47,78.691,71270.4,1032.725,32.719,0.023,0.023,0,8.035,96.418,5.529,311.124,0,5.542,5.545,NA,22
"5/25/2022 2:46:52 PM",1.236,29.734,49.469,78.69,71268.4,1032.723,32.718,0.031,0.031,0.015,8.036,96.389,5.527,316.732,0,5.54,5.543,NA,22
"5/25/2022 2:46:52 PM",1.199,29.732,49.469,78.689,71269.6,1032.724,32.719,0.039,0.039,0,8.037,96.445,5.53,314.183,0,5.543,5.546,NA,22
"5/25/2022 2:46:52 PM",1.14,29.73,49.473,78.691,71274.1,1032.727,32.722,0.039,0.039,0.029,8.037,96.364,5.525,333.894,0,5.538,5.541,NA,22
"5/25/2022 2:46:52 PM",1.105,29.73,49.475,78.695,71277.5,1032.729,32.724,0.047,0.047,0.029,8.038,96.278,5.52,342.645,0,5.533,5.536,NA,22
"5/25/2022 2:46:52 PM",1.076,29.731,49.478,78.699,71280,1032.73,32.726,0.07,0.07,0.029,8.039,96.311,5.522,322.254,0,5.534,5.537,NA,22
"5/25/2022 2:46:53 PM",1.063,29.732,49.474,78.695,71276,1032.728,32.723,0.031,0.031,0.044,8.038,96.335,5.523,307.981,0,5.536,5.539,NA,22
"5/25/2022 2:46:53 PM",1.043,29.732,49.474,78.694,71274.9,1032.727,32.722,0.023,0.023,0,8.04,96.384,5.526,318.346,0,5.539,5.542,NA,22
"5/25/2022 2:46:53 PM",1.034,29.731,49.473,78.692,71274.3,1032.727,32.722,0.039,0.039,0.044,8.041,96.373,5.526,354.199,0,5.539,5.542,NA,22
"5/25/2022 2:46:53 PM",1.037,29.732,49.475,78.697,71276.7,1032.728,32.723,0.031,0.031,0,8.043,96.25,5.519,363.97,0,5.531,5.535,NA,22
"5/25/2022 2:46:53 PM",1.013,29.732,49.477,78.699,71279.1,1032.729,32.725,0.039,0.039,0.044,8.044,96.418,5.529,383.425,0,5.542,5.545,NA,22
"5/25/2022 2:46:54 PM",0.999,29.732,49.477,78.699,71279.1,1032.729,32.725,0.023,0.023,0.044,8.045,96.34,5.525,359.127,0,5.538,5.541,NA,22
"5/25/2022 2:46:54 PM",0.956,29.732,49.469,78.689,71269.7,1032.723,32.719,0.031,0.031,0.029,8.04,96.423,5.53,346.383,0,5.542,5.546,NA,22
"5/25/2022 2:46:54 PM",0.923,29.732,49.478,78.701,71280.3,1032.73,32.726,0.016,0.016,0,8.04,96.564,5.537,357.088,0,5.55,5.553,NA,22
"5/25/2022 2:46:54 PM",0.924,29.732,49.482,78.707,71285.9,1032.733,32.729,0.016,0.016,0.029,8.039,96.427,5.529,356.153,0,5.542,5.545,NA,22
"5/25/2022 2:46:54 PM",0.928,29.738,49.478,78.71,71279.6,1032.727,32.723,0.039,0.039,0.073,8.038,96.426,5.529,377.563,0,5.542,5.545,NA,22
"5/25/2022 2:46:55 PM",0.982,29.742,49.471,78.705,71270.9,1032.721,32.717,0.047,0.047,0.044,8.038,96.462,5.532,364.224,0,5.544,5.547,NA,22
"5/25/2022 2:46:55 PM",1.096,29.728,49.47,78.684,71270.9,1032.726,32.721,0.039,0.039,0.029,8.038,96.366,5.526,337.547,0,5.539,5.542,NA,22
"5/25/2022 2:46:55 PM",1.175,29.727,49.474,78.688,71276.2,1032.729,32.724,0.031,0.031,0.073,8.041,96.475,5.533,334.403,0,5.545,5.548,NA,22
"5/25/2022 2:46:55 PM",1.23,29.728,49.475,78.692,71277.5,1032.73,32.725,0.039,0.039,0.058,8.04,96.453,5.532,370.596,0,5.544,5.547,NA,22
"5/25/2022 2:46:55 PM",1.253,29.728,49.479,78.696,71282.2,1032.733,32.728,0.023,0.023,0,8.041,96.519,5.535,333.044,0,5.548,5.551,NA,22
"5/25/2022 2:46:56 PM",1.23,29.729,49.469,78.684,71269,1032.725,32.719,0.031,0.031,0.029,8.039,96.436,5.531,313.673,0,5.543,5.547,NA,22
"5/25/2022 2:46:56 PM",1.21,29.731,49.467,78.684,71266.3,1032.722,32.717,0.023,0.023,0.029,8.041,96.394,5.529,352.245,0,5.542,5.545,NA,22
"5/25/2022 2:46:56 PM",1.241,29.73,49.47,78.687,71270.5,1032.725,32.72,0.031,0.031,0.029,8.039,96.349,5.527,342.475,0,5.539,5.543,NA,22
"5/25/2022 2:46:56 PM",1.335,29.724,49.471,78.68,71272.9,1032.729,32.723,0.039,0.039,0.058,8.042,96.426,5.532,344.769,0,5.544,5.547,NA,22
"5/25/2022 2:46:56 PM",1.484,29.72,49.477,78.683,71280.7,1032.735,32.729,0.039,0.039,0.073,8.042,96.4,5.53,348.422,0,5.542,5.546,NA,22
"5/25/2022 2:46:57 PM",1.754,29.72,49.476,78.681,71279.3,1032.736,32.728,0.047,0.047,0.058,8.042,96.391,5.53,312.399,0,5.543,5.546,NA,22
"5/25/2022 2:46:57 PM",1.928,29.706,49.47,78.653,71274.1,1032.737,32.729,0.039,0.039,0.044,8.043,96.23,5.522,287.76,0,5.535,5.538,NA,22
"5/25/2022 2:46:57 PM",2.107,29.638,49.444,78.519,71249,1032.742,32.733,0.047,0.047,0.058,8.045,96.098,5.518,263.462,0,5.53,5.533,NA,22
"5/25/2022 2:46:57 PM",2.286,29.6,49.462,78.49,71276.7,1032.77,32.76,0.031,0.031,0.015,8.046,96.245,5.527,228.713,0,5.54,5.543,NA,22
"5/25/2022 2:46:58 PM",2.526,29.563,49.467,78.443,71287.4,1032.788,32.777,0,0,0,8.047,96.377,5.537,162.359,0,5.55,5.553,NA,22
"5/25/2022 2:46:58 PM",2.688,29.538,49.482,78.429,71308.9,1032.809,32.797,0,0,0,8.046,96.236,5.53,118.35,0,5.543,5.546,NA,22
"5/25/2022 2:46:58 PM",2.83,29.522,49.491,78.419,71323.4,1032.822,32.81,0,0,0,8.046,96.032,5.52,85.215,0,5.533,5.536,NA,22
"5/25/2022 2:46:58 PM",2.973,29.514,49.475,78.384,71303.9,1032.814,32.801,0,0,0,8.047,96.011,5.522,66.269,0,5.534,5.537,NA,22
"5/25/2022 2:46:58 PM",3.116,29.504,49.461,78.352,71287.9,1032.807,32.794,0,0,0,8.048,96.089,5.528,54.459,0,5.541,5.544,NA,22
"5/25/2022 2:46:59 PM",3.323,29.48,49.466,78.325,71297.3,1032.82,32.806,0.312,0.312,0.655,8.048,96.126,5.532,62.871,0,5.545,5.548,NA,22
"5/25/2022 2:46:59 PM",3.481,29.444,49.498,78.316,71340.8,1032.857,32.843,0.32,0.32,0.699,8.048,96.093,5.531,102.292,0,5.544,5.547,NA,22
"5/25/2022 2:46:59 PM",3.622,29.429,49.513,78.316,71362.2,1032.875,32.86,0.14,0.14,0.291,8.048,96.081,5.531,134.492,0,5.544,5.547,NA,22
"5/25/2022 2:46:59 PM",3.768,29.422,49.499,78.286,71345,1032.867,32.851,0.078,0.078,0.102,8.048,96.178,5.538,139.929,0,5.551,5.554,NA,22
"5/25/2022 2:46:59 PM",3.914,29.415,49.493,78.268,71338.8,1032.866,32.849,0.039,0.039,0,8.049,96.068,5.531,123.532,0,5.544,5.547,NA,22
"5/25/2022 2:47:00 PM",4.121,29.41,49.495,78.263,71341.9,1032.87,32.853,0,0,0,8.049,96.1,5.534,80.033,0,5.547,5.55,NA,22
"5/25/2022 2:47:00 PM",4.251,29.408,49.488,78.252,71334.2,1032.867,32.849,0,0,0,8.048,96.068,5.534,54.12,0,5.546,5.55,NA,22
"5/25/2022 2:47:00 PM",4.385,29.408,49.478,78.238,71321.2,1032.859,32.841,0,0,0,8.046,96.091,5.536,36.618,0,5.549,5.552,NA,22
"5/25/2022 2:47:00 PM",4.552,29.406,49.475,78.231,71317.6,1032.858,32.839,0,0,0,8.046,96.103,5.537,27.272,0,5.55,5.553,NA,22
"5/25/2022 2:47:00 PM",4.81,29.401,49.492,78.247,71339.2,1032.874,32.853,0,0,0,8.045,96.142,5.54,21.58,0,5.553,5.556,NA,22
"5/25/2022 2:47:01 PM",4.996,29.399,49.501,78.256,71351,1032.882,32.861,0,0,0,8.043,96.194,5.543,20.39,0,5.555,5.559,NA,22
"5/25/2022 2:47:01 PM",5.182,29.396,49.508,78.263,71360.4,1032.889,32.867,0.023,0.023,0.015,8.043,96.168,5.541,19.796,0,5.554,5.557,NA,22
"5/25/2022 2:47:01 PM",5.375,29.395,49.508,78.261,71361,1032.891,32.868,0.117,0.117,0.204,8.042,96.129,5.539,19.796,0,5.552,5.555,NA,22
"5/25/2022 2:47:01 PM",5.575,29.394,49.505,78.255,71357.4,1032.89,32.866,0.117,0.117,0.189,8.044,96.19,5.543,19.541,0,5.556,5.559,NA,22
"5/25/2022 2:47:01 PM",5.872,29.393,49.504,78.252,71356.8,1032.891,32.866,0.101,0.101,0.204,8.044,96.145,5.541,19.286,0,5.554,5.557,NA,22
"5/25/2022 2:47:02 PM",6.063,29.389,49.509,78.253,71362.6,1032.896,32.87,0.101,0.101,0.204,8.045,96.286,5.549,19.456,0,5.562,5.565,NA,22
"5/25/2022 2:47:02 PM",6.26,29.387,49.509,78.252,71363.2,1032.898,32.871,0.047,0.047,0.015,8.045,96.232,5.546,19.541,0,5.559,5.562,NA,22
"5/25/2022 2:47:02 PM",6.456,29.387,49.506,78.247,71359.7,1032.897,32.869,0.023,0.023,0.015,8.044,96.266,5.549,19.541,0,5.562,5.565,NA,22
"5/25/2022 2:47:02 PM",6.651,29.386,49.51,78.251,71365,1032.901,32.873,0,0,0,8.044,96.135,5.542,19.286,0,5.554,5.558,NA,22
"5/25/2022 2:47:02 PM",6.948,29.383,49.512,78.249,71367.8,1032.905,32.875,0.047,0.047,0.029,8.044,96.228,5.548,19.456,0,5.56,5.564,NA,22
"5/25/2022 2:47:03 PM",7.147,29.38,49.514,78.248,71370.4,1032.908,32.877,0.242,0.242,0.51,8.044,96.142,5.543,22.514,0,5.556,5.559,NA,22
"5/25/2022 2:47:03 PM",7.328,29.379,49.514,78.247,71370.9,1032.909,32.878,0.273,0.273,0.568,8.044,96.169,5.545,35.343,0,5.558,5.561,NA,22
"5/25/2022 2:47:03 PM",7.486,29.377,49.514,78.245,71371.6,1032.911,32.879,0.187,0.187,0.408,8.045,96.207,5.547,54.799,0,5.56,5.563,NA,22
"5/25/2022 2:47:03 PM",7.71,29.369,49.519,78.239,71378.4,1032.918,32.885,0.055,0.055,0.116,8.045,96.125,5.542,87.764,0,5.555,5.558,NA,22
"5/25/2022 2:47:03 PM",7.853,29.361,49.522,78.233,71384.2,1032.924,32.891,0,0,0,8.047,96.062,5.54,88.529,0,5.552,5.556,NA,22
"5/25/2022 2:47:04 PM",7.985,29.358,49.524,78.23,71386.1,1032.927,32.893,0,0,0,8.047,96.191,5.547,71.706,0,5.56,5.563,NA,22
"5/25/2022 2:47:04 PM",8.122,29.36,49.507,78.21,71365.4,1032.914,32.88,0,0,0,8.044,96.225,5.551,48.682,0,5.564,5.567,NA,22
"5/25/2022 2:47:04 PM",8.275,29.359,49.499,78.199,71356,1032.909,32.874,0,0,0,8.046,96.139,5.546,29.311,0,5.559,5.562,NA,22
"5/25/2022 2:47:04 PM",8.561,29.356,49.502,78.198,71359.5,1032.914,32.877,0,0,0,8.044,96.133,5.546,16.227,0,5.558,5.562,NA,22
"5/25/2022 2:47:04 PM",8.771,29.355,49.507,78.204,71365.9,1032.918,32.881,0,0,0,8.045,96.224,5.551,13.933,0,5.564,5.567,NA,22
"5/25/2022 2:47:05 PM",8.992,29.356,49.51,78.209,71370,1032.922,32.883,0,0,0,8.043,96.2,5.55,13.509,0,5.562,5.566,NA,22
"5/25/2022 2:47:05 PM",9.206,29.357,49.504,78.203,71362.4,1032.917,32.878,0.179,0.179,0.349,8.043,96.317,5.557,13.933,0,5.57,5.573,NA,22
"5/25/2022 2:47:05 PM",9.529,29.356,49.505,78.202,71363.5,1032.92,32.879,0.218,0.218,0.51,8.041,96.287,5.555,14.698,0,5.567,5.571,NA,22
"5/25/2022 2:47:05 PM",9.734,29.355,49.505,78.201,71363.8,1032.921,32.88,0.14,0.14,0.306,8.039,96.208,5.55,15.123,0,5.563,5.566,NA,22
"5/25/2022 2:47:05 PM",9.938,29.353,49.509,78.205,71370,1032.926,32.884,0.078,0.078,0.116,8.042,96.191,5.549,15.378,0,5.562,5.565,NA,22
"5/25/2022 2:47:06 PM",10.141,29.353,49.517,78.215,71380.1,1032.933,32.89,0.047,0.047,0,8.039,96.239,5.552,15.463,0,5.565,5.568,NA,22
"5/25/2022 2:47:06 PM",10.442,29.352,49.513,78.208,71374.9,1032.931,32.887,0.008,0.008,0,8.041,96.175,5.549,15.463,0,5.562,5.565,NA,22
"5/25/2022 2:47:06 PM",10.635,29.351,49.517,78.214,71380.2,1032.935,32.89,0.031,0.031,0.029,8.04,96.265,5.554,15.378,0,5.567,5.57,NA,22
"5/25/2022 2:47:06 PM",10.828,29.351,49.517,78.213,71379.6,1032.936,32.89,0.109,0.109,0.175,8.041,96.347,5.559,15.378,0,5.572,5.575,NA,22
"5/25/2022 2:47:06 PM",11.023,29.351,49.518,78.214,71382,1032.938,32.891,0.109,0.109,0.204,8.04,96.227,5.552,15.293,0,5.565,5.568,NA,22
"5/25/2022 2:47:07 PM",11.216,29.349,49.52,78.215,71384.4,1032.941,32.893,0.086,0.086,0.073,8.039,96.259,5.554,15.208,0,5.567,5.57,NA,22
"5/25/2022 2:47:07 PM",11.506,29.348,49.519,78.213,71383.9,1032.942,32.893,0,0,0,8.04,96.181,5.549,14.698,0,5.562,5.565,NA,22
"5/25/2022 2:47:07 PM",11.703,29.347,49.523,78.215,71388.7,1032.946,32.896,0,0,0,8.039,96.177,5.549,14.103,0,5.562,5.565,NA,22
"5/25/2022 2:47:07 PM",11.901,29.346,49.521,78.212,71386.6,1032.946,32.895,0.023,0.023,0,8.042,96.215,5.551,14.188,0,5.564,5.567,NA,22
"5/25/2022 2:47:07 PM",12.084,29.346,49.52,78.21,71385,1032.946,32.894,1.162,1.162,2.74,8.041,96.252,5.553,21.92,0,5.566,5.57,NA,22
"5/25/2022 2:47:08 PM",12.209,29.343,49.522,78.21,71388.7,1032.949,32.897,0.874,0.874,1.982,8.041,96.171,5.549,53.78,0,5.562,5.565,NA,22
"5/25/2022 2:47:08 PM",12.341,29.338,49.518,78.196,71383.6,1032.948,32.895,0.257,0.257,0.553,8.042,96.119,5.547,116.82,0,5.56,5.563,NA,22
"5/25/2022 2:47:08 PM",12.365,29.337,49.519,78.196,71384.8,1032.949,32.896,0.094,0.094,0.175,8.041,96.232,5.554,130.584,0,5.567,5.57,NA,22
"5/25/2022 2:47:08 PM",12.339,29.339,49.517,78.197,71383,1032.947,32.895,0.07,0.07,0.073,8.042,96.137,5.548,129.394,0,5.561,5.564,NA,22
"5/25/2022 2:47:09 PM",12.277,29.34,49.517,78.198,71382,1032.946,32.894,0.039,0.039,0.015,8.043,96.22,5.553,129.564,0,5.566,5.57,NA,22
"5/25/2022 2:47:09 PM",12.228,29.341,49.517,78.2,71382.6,1032.946,32.894,0.047,0.047,0.015,8.043,96.141,5.549,127.61,0,5.562,5.565,NA,22
"5/25/2022 2:47:09 PM",12.181,29.342,49.521,78.206,71387.5,1032.949,32.897,0.078,0.078,0.044,8.043,96.275,5.556,127.27,0,5.569,5.572,NA,22
"5/25/2022 2:47:09 PM",12.164,29.341,49.518,78.201,71383.3,1032.946,32.894,0.047,0.047,0.029,8.043,96.254,5.554,130.584,0,5.567,5.57,NA,22
"5/25/2022 2:47:09 PM",12.16,29.341,49.522,78.207,71388.8,1032.95,32.898,0.055,0.055,0.058,8.045,96.19,5.55,138.4,0,5.563,5.566,NA,22
"5/25/2022 2:47:10 PM",12.146,29.342,49.519,78.202,71384,1032.946,32.895,0.039,0.039,0.044,8.045,96.144,5.547,139.08,0,5.56,5.563,NA,22
"5/25/2022 2:47:10 PM",12.127,29.342,49.523,78.21,71390.1,1032.95,32.898,0.055,0.055,0.029,8.046,96.082,5.543,136.871,0,5.556,5.559,NA,22
"5/25/2022 2:47:10 PM",12.129,29.343,49.522,78.209,71387.7,1032.948,32.897,0.055,0.055,0.029,8.047,96.189,5.55,135.342,0,5.562,5.566,NA,22
"5/25/2022 2:47:10 PM",12.132,29.343,49.52,78.206,71385.1,1032.947,32.895,0.047,0.047,0.073,8.045,96.172,5.549,132.878,0,5.562,5.565,NA,22
"5/25/2022 2:47:10 PM",12.075,29.342,49.519,78.204,71384.8,1032.947,32.895,0.055,0.055,0.058,8.044,96.203,5.551,131.264,0,5.564,5.567,NA,22
"5/25/2022 2:47:11 PM",11.964,29.342,49.522,78.208,71387.9,1032.948,32.897,0.047,0.047,0.044,8.044,96.236,5.554,131.518,0,5.567,5.57,NA,22
"5/25/2022 2:47:11 PM",11.701,29.343,49.523,78.21,71389.8,1032.948,32.898,0.039,0.039,0.044,8.048,96.136,5.548,138.655,0,5.561,5.564,NA,22
"5/25/2022 2:47:11 PM",11.538,29.343,49.525,78.213,71391.3,1032.948,32.899,0.031,0.031,0,8.048,96.154,5.549,141.799,0,5.562,5.565,NA,22
"5/25/2022 2:47:11 PM",11.416,29.343,49.524,78.212,71390,1032.947,32.898,0.055,0.055,0.029,8.049,96.166,5.55,139.76,0,5.563,5.566,NA,22
"5/25/2022 2:47:11 PM",11.322,29.343,49.527,78.215,71393.4,1032.948,32.9,0.055,0.055,0.044,8.049,96.377,5.561,139.165,0,5.574,5.578,NA,22
"5/25/2022 2:47:12 PM",11.183,29.345,49.528,78.219,71394.4,1032.948,32.9,0.047,0.047,0.029,8.05,96.196,5.551,143.243,0,5.563,5.567,NA,22
"5/25/2022 2:47:12 PM",11.084,29.345,49.531,78.223,71398.3,1032.95,32.903,0.039,0.039,0.015,8.051,96.211,5.552,145.367,0,5.565,5.568,NA,22
"5/25/2022 2:47:12 PM",10.979,29.346,49.531,78.225,71399,1032.95,32.903,0.047,0.047,0.058,8.049,96.312,5.558,144.177,0,5.571,5.574,NA,22
"5/25/2022 2:47:12 PM",10.872,29.345,49.535,78.229,71403.2,1032.952,32.906,0.055,0.055,0,8.049,96.211,5.552,141.799,0,5.565,5.568,NA,22
"5/25/2022 2:47:12 PM",10.677,29.346,49.533,78.228,71401.2,1032.95,32.904,0.047,0.047,0,8.048,96.266,5.555,143.158,0,5.568,5.571,NA,22
"5/25/2022 2:47:13 PM",10.508,29.347,49.535,78.232,71403.2,1032.95,32.905,0.039,0.039,0.015,8.05,96.22,5.552,143.243,0,5.565,5.568,NA,22
"5/25/2022 2:47:13 PM",10.322,29.348,49.534,78.23,71401.2,1032.948,32.904,0.055,0.055,0,8.054,96.211,5.552,138.4,0,5.565,5.568,NA,22
"5/25/2022 2:47:13 PM",10.131,29.348,49.534,78.231,71401.2,1032.947,32.904,0.047,0.047,0.029,8.055,96.258,5.555,133.388,0,5.568,5.571,NA,22
"5/25/2022 2:47:13 PM",9.957,29.348,49.533,78.23,71399.6,1032.945,32.903,0.039,0.039,0.044,8.057,96.268,5.556,131.348,0,5.568,5.572,NA,22
"5/25/2022 2:47:13 PM",9.773,29.349,49.535,78.234,71402,1032.946,32.904,0.039,0.039,0.029,8.059,96.302,5.557,131.518,0,5.57,5.573,NA,22
"5/25/2022 2:47:14 PM",9.722,29.348,49.537,78.236,71404.8,1032.948,32.906,0.039,0.039,0.073,8.06,96.142,5.547,130.074,0,5.56,5.563,NA,22
"5/25/2022 2:47:14 PM",9.736,29.349,49.538,78.238,71406.5,1032.949,32.907,0.047,0.047,0.044,8.061,96.198,5.551,127.695,0,5.564,5.567,NA,22
"5/25/2022 2:47:14 PM",9.769,29.348,49.54,78.24,71408.8,1032.95,32.909,0.031,0.031,0.058,8.059,96.095,5.545,127.695,0,5.558,5.561,NA,22
"5/25/2022 2:47:14 PM",9.811,29.348,49.545,78.246,71414.9,1032.954,32.912,0.039,0.039,0,8.057,96.336,5.558,127.355,0,5.571,5.575,NA,22
"5/25/2022 2:47:14 PM",9.846,29.348,49.545,78.247,71415.3,1032.954,32.913,0.047,0.047,0.044,8.057,96.295,5.556,126.761,0,5.569,5.572,NA,22
"5/25/2022 2:47:15 PM",9.886,29.348,49.545,78.247,71415,1032.954,32.912,0.047,0.047,0.044,8.061,96.26,5.554,128.46,0,5.567,5.57,NA,22
"5/25/2022 2:47:15 PM",9.896,29.348,49.545,78.247,71415,1032.955,32.912,0.055,0.055,0.058,8.06,96.17,5.549,127.695,0,5.562,5.565,NA,22
"5/25/2022 2:47:15 PM",9.844,29.35,49.542,78.245,71411.1,1032.951,32.91,0.055,0.055,0.015,8.061,96.118,5.546,123.872,0,5.559,5.562,NA,22
"5/25/2022 2:47:15 PM",9.748,29.351,49.541,78.245,71409.8,1032.95,32.909,0.031,0.031,0.044,8.06,96.188,5.55,122.683,0,5.563,5.566,NA,22
"5/25/2022 2:47:15 PM",9.682,29.35,49.543,78.248,71412.6,1032.952,32.91,0.039,0.039,0.029,8.06,96.214,5.551,124.552,0,5.564,5.568,NA,22
"5/25/2022 2:47:16 PM",9.632,29.351,49.545,78.25,71414.5,1032.952,32.911,0.047,0.047,0.015,8.06,96.18,5.549,126.591,0,5.562,5.565,NA,22
"5/25/2022 2:47:16 PM",9.607,29.351,49.546,78.251,71415.3,1032.953,32.912,0.039,0.039,0.044,8.056,96.22,5.551,126.591,0,5.564,5.567,NA,22
"5/25/2022 2:47:16 PM",9.567,29.351,49.545,78.251,71414.9,1032.952,32.912,0.055,0.055,0.044,8.056,96.155,5.547,125.826,0,5.56,5.563,NA,22
"5/25/2022 2:47:16 PM",9.531,29.352,49.545,78.253,71415,1032.952,32.911,0.039,0.039,0.015,8.056,96.226,5.551,126.846,0,5.564,5.567,NA,22
"5/25/2022 2:47:16 PM",9.498,29.352,49.549,78.258,71419.6,1032.955,32.914,0.047,0.047,0.015,8.058,96.175,5.548,130.329,0,5.561,5.565,NA,22
"5/25/2022 2:47:17 PM",9.463,29.352,49.55,78.259,71420.6,1032.955,32.915,0.047,0.047,0.044,8.057,96.171,5.548,135.851,0,5.561,5.564,NA,22
"5/25/2022 2:47:17 PM",9.395,29.353,49.55,78.261,71421,1032.955,32.915,0.047,0.047,0.029,8.058,96.165,5.548,137.636,0,5.561,5.564,NA,22
"5/25/2022 2:47:17 PM",9.331,29.353,49.554,78.266,71425.8,1032.958,32.918,0.039,0.039,0.029,8.061,96.231,5.551,134.577,0,5.564,5.567,NA,22
"5/25/2022 2:47:17 PM",9.244,29.353,49.552,78.263,71423,1032.955,32.916,0.031,0.031,0.044,8.06,96.228,5.551,131.518,0,5.564,5.567,NA,22
"5/25/2022 2:47:18 PM",9.126,29.354,49.552,78.264,71423.2,1032.955,32.916,0.047,0.047,0.044,8.06,96.19,5.55,132.368,0,5.562,5.566,NA,22
"5/25/2022 2:47:18 PM",9.004,29.353,49.554,78.266,71425.8,1032.956,32.918,0.055,0.055,0.044,8.059,96.271,5.554,134.917,0,5.567,5.571,NA,22
"5/25/2022 2:47:18 PM",8.827,29.352,49.556,78.267,71427.8,1032.957,32.919,0.047,0.047,0.044,8.06,96.331,5.558,136.191,0,5.571,5.574,NA,22
"5/25/2022 2:47:18 PM",8.717,29.353,49.556,78.269,71428.3,1032.956,32.919,0.023,0.023,0.044,8.065,96.254,5.554,137.126,0,5.566,5.57,NA,22
"5/25/2022 2:47:18 PM",8.602,29.353,49.557,78.27,71429.5,1032.957,32.92,0.039,0.039,0.029,8.062,96.187,5.55,137.466,0,5.563,5.566,NA,22
"5/25/2022 2:47:19 PM",8.481,29.354,49.554,78.268,71425.6,1032.954,32.918,0.039,0.039,0.015,8.06,96.159,5.548,140.269,0,5.561,5.564,NA,22
"5/25/2022 2:47:19 PM",8.368,29.354,49.555,78.269,71426.7,1032.954,32.918,0.031,0.031,0.044,8.062,96.201,5.55,140.439,0,5.563,5.567,NA,22
"5/25/2022 2:47:19 PM",8.239,29.352,49.566,78.281,71440.2,1032.962,32.927,0.039,0.039,0.044,8.061,96.133,5.546,136.021,0,5.559,5.562,NA,22
"5/25/2022 2:47:19 PM",8.194,29.352,49.565,78.279,71438.8,1032.961,32.926,0.039,0.039,0.029,8.062,96.181,5.549,131.688,0,5.562,5.565,NA,22
"5/25/2022 2:47:19 PM",8.173,29.353,49.571,78.288,71446.2,1032.965,32.931,0.055,0.055,0.029,8.063,96.262,5.554,126.336,0,5.566,5.57,NA,22
"5/25/2022 2:47:20 PM",8.121,29.353,49.568,78.284,71442,1032.963,32.928,0.047,0.047,0.015,8.06,96.248,5.554,122.088,0,5.567,5.57,NA,22
"5/25/2022 2:47:20 PM",8.027,29.354,49.569,78.287,71443.6,1032.963,32.929,0.047,0.047,0.058,8.061,96.078,5.544,117.33,0,5.557,5.56,NA,22
"5/25/2022 2:47:20 PM",7.962,29.353,49.572,78.289,71446.7,1032.965,32.931,0.062,0.062,0.015,8.062,96.081,5.544,116.48,0,5.557,5.56,NA,22
"5/25/2022 2:47:20 PM",7.903,29.354,49.571,78.29,71446.5,1032.964,32.93,0.047,0.047,0.029,8.063,96.178,5.55,114.951,0,5.563,5.566,NA,22
"5/25/2022 2:47:20 PM",7.848,29.354,49.572,78.29,71446.8,1032.964,32.931,0.047,0.047,0.058,8.064,96.179,5.55,114.526,0,5.562,5.566,NA,22
"5/25/2022 2:47:21 PM",7.782,29.355,49.571,78.29,71445.9,1032.963,32.93,0.047,0.047,0.044,8.065,96.169,5.549,114.951,0,5.562,5.565,NA,22
"5/25/2022 2:47:21 PM",7.686,29.355,49.575,78.297,71451,1032.966,32.933,0.047,0.047,0.044,8.064,96.311,5.557,116.82,0,5.57,5.573,NA,22
"5/25/2022 2:47:21 PM",7.627,29.357,49.573,78.296,71447.8,1032.963,32.931,0.047,0.047,0.044,8.065,96.251,5.554,117.33,0,5.567,5.57,NA,22
"5/25/2022 2:47:21 PM",7.583,29.357,49.572,78.296,71447,1032.962,32.93,0.039,0.039,0.044,8.066,96.148,5.548,120.559,0,5.561,5.564,NA,22
"5/25/2022 2:47:21 PM",7.559,29.359,49.573,78.299,71448.2,1032.962,32.93,0.055,0.055,0.044,8.068,96.137,5.547,122.937,0,5.56,5.563,NA,22
"5/25/2022 2:47:22 PM",7.561,29.36,49.573,78.301,71448.1,1032.962,32.93,0.055,0.055,0,8.068,96.088,5.545,124.467,0,5.557,5.561,NA,22
"5/25/2022 2:47:22 PM",7.595,29.36,49.576,78.305,71451.3,1032.964,32.932,0.047,0.047,0.029,8.065,96.214,5.552,125.486,0,5.564,5.568,NA,22
"5/25/2022 2:47:22 PM",7.622,29.36,49.578,78.307,71453.7,1032.966,32.933,0.047,0.047,0.044,8.068,96.25,5.554,128.29,0,5.567,5.57,NA,22
"5/25/2022 2:47:22 PM",7.618,29.36,49.577,78.305,71452.2,1032.965,32.932,0.039,0.039,0.015,8.063,96.376,5.561,131.179,0,5.574,5.577,NA,22
"5/25/2022 2:47:22 PM",7.604,29.362,49.576,78.307,71451.4,1032.964,32.931,0.047,0.047,0.044,8.061,96.259,5.555,130.839,0,5.568,5.571,NA,22
"5/25/2022 2:47:23 PM",7.557,29.363,49.574,78.306,71448.6,1032.962,32.929,0.055,0.055,0.015,8.062,96.206,5.552,130.159,0,5.565,5.568,NA,22
"5/25/2022 2:47:23 PM",7.522,29.363,49.576,78.308,71450.8,1032.963,32.931,0.055,0.055,0.044,8.06,96.435,5.565,127.1,0,5.578,5.581,NA,22
"5/25/2022 2:47:23 PM",7.488,29.362,49.577,78.31,71452.8,1032.964,32.932,0.062,0.062,0.044,8.061,96.207,5.552,126.251,0,5.565,5.568,NA,22
"5/25/2022 2:47:23 PM",7.442,29.362,49.578,78.31,71453.3,1032.964,32.932,0.055,0.055,0.029,8.061,96.241,5.553,126.846,0,5.566,5.569,NA,22
"5/25/2022 2:47:23 PM",7.347,29.363,49.58,78.316,71456.2,1032.965,32.934,0.047,0.047,0.044,8.062,96.231,5.553,131.433,0,5.566,5.569,NA,22
"5/25/2022 2:47:24 PM",7.276,29.364,49.581,78.318,71456.7,1032.965,32.934,0.047,0.047,0.058,8.062,96.179,5.549,130.754,0,5.562,5.566,NA,22
"5/25/2022 2:47:24 PM",7.189,29.365,49.581,78.319,71456.6,1032.964,32.934,0.039,0.039,0.029,8.06,96.27,5.555,129.564,0,5.568,5.571,NA,22
"5/25/2022 2:47:24 PM",7.093,29.367,49.58,78.32,71455.6,1032.963,32.933,0.039,0.039,0.015,8.062,96.385,5.562,130.754,0,5.575,5.578,NA,22
"5/25/2022 2:47:24 PM",6.996,29.368,49.581,78.323,71456.4,1032.962,32.933,0.039,0.039,0.044,8.059,96.327,5.559,135.087,0,5.572,5.575,NA,22
"5/25/2022 2:47:24 PM",6.867,29.372,49.579,78.326,71452.9,1032.959,32.93,0.039,0.039,0.029,8.059,96.281,5.556,139.76,0,5.569,5.573,NA,22
"5/25/2022 2:47:25 PM",6.794,29.372,49.58,78.328,71454.3,1032.959,32.93,0.039,0.039,0.015,8.062,96.353,5.561,134.662,0,5.574,5.577,NA,22
"5/25/2022 2:47:25 PM",6.712,29.374,49.581,78.331,71455.3,1032.959,32.931,0.039,0.039,0.044,8.06,96.436,5.565,132.198,0,5.578,5.581,NA,22
"5/25/2022 2:47:25 PM",6.627,29.377,49.579,78.332,71452.4,1032.956,32.928,0.047,0.047,0.058,8.057,96.371,5.562,129.904,0,5.575,5.578,NA,22
"5/25/2022 2:47:25 PM",6.535,29.377,49.578,78.333,71451.6,1032.955,32.927,0.039,0.039,0.044,8.06,96.301,5.558,130.329,0,5.571,5.574,NA,22
"5/25/2022 2:47:25 PM",6.437,29.378,49.58,78.336,71453.9,1032.956,32.929,0.047,0.047,0.087,8.062,96.355,5.56,130.244,0,5.573,5.577,NA,22
"5/25/2022 2:47:26 PM",6.43,29.38,49.58,78.338,71453,1032.955,32.928,0.031,0.031,0.058,8.062,96.33,5.559,132.623,0,5.572,5.575,NA,22
"5/25/2022 2:47:26 PM",6.45,29.38,49.581,78.341,71454.9,1032.956,32.929,0.039,0.039,0.044,8.062,96.242,5.554,133.048,0,5.567,5.57,NA,22
"5/25/2022 2:47:26 PM",6.481,29.38,49.583,78.343,71456.7,1032.957,32.93,0.047,0.047,0.029,8.058,96.241,5.554,132.283,0,5.567,5.57,NA,22
"5/25/2022 2:47:26 PM",6.49,29.381,49.583,78.345,71457.5,1032.958,32.93,0.047,0.047,0.029,8.056,96.301,5.558,125.061,0,5.571,5.574,NA,22
"5/25/2022 2:47:26 PM",6.477,29.382,49.582,78.345,71455.8,1032.956,32.929,0.039,0.039,0.015,8.059,96.248,5.556,121.918,0,5.569,5.572,NA,22
"5/25/2022 2:47:27 PM",6.465,29.385,49.58,78.345,71452.8,1032.954,32.926,0.031,0.031,0,8.062,96.199,5.553,118.095,0,5.565,5.569,NA,22
"5/25/2022 2:47:27 PM",6.47,29.383,49.583,78.347,71457.3,1032.957,32.929,0.039,0.039,0.029,8.061,96.161,5.55,119.964,0,5.563,5.566,NA,22
"5/25/2022 2:47:27 PM",6.488,29.383,49.584,78.349,71458.4,1032.957,32.93,0.039,0.039,0.044,8.063,96.351,5.561,120.049,0,5.574,5.577,NA,22
"5/25/2022 2:47:27 PM",6.509,29.383,49.586,78.351,71461,1032.959,32.932,0.047,0.047,0.073,8.063,96.302,5.558,126.846,0,5.571,5.574,NA,22
"5/25/2022 2:47:27 PM",6.49,29.384,49.585,78.351,71459,1032.958,32.93,0.039,0.039,0.029,8.061,96.318,5.56,130.159,0,5.572,5.576,NA,22
"5/25/2022 2:47:28 PM",6.457,29.384,49.583,78.348,71456.3,1032.956,32.928,0.039,0.039,0.015,8.062,96.373,5.563,129.309,0,5.576,5.579,NA,22
"5/25/2022 2:47:28 PM",6.406,29.383,49.584,78.349,71457.7,1032.957,32.929,0.047,0.047,0.015,8.063,96.268,5.557,128.205,0,5.57,5.573,NA,22
"5/25/2022 2:47:28 PM",6.302,29.382,49.585,78.349,71459.8,1032.958,32.931,0.039,0.039,0.015,8.065,96.332,5.561,133.472,0,5.574,5.577,NA,22
"5/25/2022 2:47:28 PM",6.22,29.382,49.586,78.35,71460.8,1032.958,32.932,0.062,0.062,0.029,8.065,96.284,5.558,141.119,0,5.571,5.574,NA,22
"5/25/2022 2:47:29 PM",6.123,29.383,49.586,78.35,71460.1,1032.957,32.931,0.047,0.047,0.058,8.065,96.271,5.557,137.466,0,5.57,5.573,NA,22
"5/25/2022 2:47:29 PM",6.013,29.382,49.587,78.351,71461.2,1032.958,32.932,0.039,0.039,0,8.064,96.316,5.559,129.309,0,5.572,5.575,NA,22
"5/25/2022 2:47:29 PM",5.904,29.383,49.584,78.348,71457.6,1032.955,32.93,0.031,0.031,0.029,8.064,96.26,5.556,125.741,0,5.568,5.572,NA,22
"5/25/2022 2:47:29 PM",5.733,29.383,49.58,78.343,71452.7,1032.951,32.927,0.047,0.047,0.044,8.066,96.297,5.558,127.695,0,5.571,5.574,NA,22
"5/25/2022 2:47:29 PM",5.644,29.384,49.581,78.345,71453.9,1032.951,32.927,0.047,0.047,0.044,8.067,96.355,5.562,128.46,0,5.575,5.578,NA,22
"5/25/2022 2:47:30 PM",5.571,29.385,49.58,78.345,71452.6,1032.95,32.926,0.062,0.062,0.044,8.067,96.32,5.56,126.931,0,5.573,5.576,NA,22
"5/25/2022 2:47:30 PM",5.551,29.385,49.579,78.343,71450.6,1032.949,32.925,0.055,0.055,0.044,8.068,96.315,5.56,125.911,0,5.573,5.576,NA,22
"5/25/2022 2:47:30 PM",5.561,29.386,49.58,78.348,71452.5,1032.949,32.926,0.039,0.039,0.015,8.067,96.223,5.554,134.237,0,5.567,5.57,NA,22
"5/25/2022 2:47:30 PM",5.566,29.387,49.58,78.347,71452.1,1032.949,32.925,0.031,0.031,0.015,8.061,96.272,5.557,134.577,0,5.57,5.573,NA,22
"5/25/2022 2:47:30 PM",5.582,29.387,49.579,78.347,71450.7,1032.948,32.924,0.039,0.039,0.015,8.059,96.304,5.559,131.943,0,5.572,5.575,NA,22
"5/25/2022 2:47:31 PM",5.577,29.388,49.579,78.348,71450.4,1032.948,32.924,0.047,0.047,0.044,8.061,96.248,5.556,129.734,0,5.569,5.572,NA,22
"5/25/2022 2:47:31 PM",5.554,29.388,49.579,78.348,71451,1032.948,32.925,0.047,0.047,0,8.062,96.402,5.565,128.375,0,5.578,5.581,NA,22
"5/25/2022 2:47:31 PM",5.531,29.388,49.581,78.351,71453.3,1032.949,32.926,0.055,0.055,0.044,8.062,96.293,5.559,128.46,0,5.571,5.575,NA,22
"5/25/2022 2:47:31 PM",5.523,29.388,49.582,78.352,71454.5,1032.95,32.927,0.039,0.039,0.044,8.061,96.28,5.558,130.414,0,5.57,5.574,NA,22
"5/25/2022 2:47:31 PM",5.518,29.388,49.582,78.352,71453.8,1032.949,32.926,0.039,0.039,0.015,8.062,96.361,5.562,132.028,0,5.575,5.579,NA,22
"5/25/2022 2:47:32 PM",5.526,29.388,49.582,78.353,71454.1,1032.95,32.926,0.055,0.055,0.029,8.066,96.313,5.559,132.793,0,5.572,5.576,NA,22
"5/25/2022 2:47:32 PM",5.54,29.389,49.581,78.352,71453.1,1032.949,32.925,0.055,0.055,0.029,8.064,96.426,5.566,136.871,0,5.579,5.583,NA,22
"5/25/2022 2:47:32 PM",5.54,29.387,49.585,78.355,71458.2,1032.953,32.929,0.047,0.047,0.044,8.061,96.42,5.566,137.296,0,5.579,5.582,NA,22
"5/25/2022 2:47:32 PM",5.507,29.387,49.584,78.354,71456.7,1032.951,32.928,0.055,0.055,0.058,8.063,96.384,5.564,135.172,0,5.577,5.581,NA,22
"5/25/2022 2:47:32 PM",5.458,29.388,49.584,78.355,71456.4,1032.951,32.928,0.039,0.039,0.058,8.061,96.375,5.565,134.917,0,5.577,5.581,NA,22
"5/25/2022 2:47:33 PM",5.394,29.389,49.584,78.356,71456.3,1032.95,32.927,0.039,0.039,0.029,8.061,96.342,5.562,135.851,0,5.575,5.578,NA,22
"5/25/2022 2:47:33 PM",5.278,29.389,49.582,78.354,71454.7,1032.949,32.926,0.039,0.039,0.029,8.056,96.358,5.563,138.485,0,5.576,5.579,NA,22
"5/25/2022 2:47:33 PM",5.184,29.389,49.583,78.354,71454.7,1032.949,32.926,0.047,0.047,0.058,8.059,96.36,5.563,135.936,0,5.576,5.58,NA,22
"5/25/2022 2:47:33 PM",5.102,29.389,49.583,78.354,71454.7,1032.948,32.926,0.047,0.047,0.029,8.053,96.264,5.558,129.224,0,5.571,5.574,NA,22
"5/25/2022 2:47:33 PM",5.005,29.389,49.584,78.356,71456.1,1032.949,32.927,0.039,0.039,0.029,8.057,96.262,5.557,128.375,0,5.57,5.573,NA,22
"5/25/2022 2:47:34 PM",4.857,29.389,49.581,78.352,71452.2,1032.946,32.925,0.039,0.039,0.044,8.056,96.294,5.559,132.963,0,5.572,5.576,NA,22
"5/25/2022 2:47:34 PM",4.784,29.389,49.58,78.35,71450.9,1032.945,32.924,0.039,0.039,0.044,8.057,96.322,5.561,134.067,0,5.574,5.577,NA,22
"5/25/2022 2:47:34 PM",4.738,29.39,49.579,78.351,71449.6,1032.943,32.923,0.039,0.039,0.015,8.055,96.318,5.561,134.322,0,5.574,5.577,NA,22
"5/25/2022 2:47:34 PM",4.723,29.39,49.58,78.352,71450.9,1032.944,32.924,0.047,0.047,0.029,8.057,96.362,5.563,136.446,0,5.576,5.579,NA,22
"5/25/2022 2:47:34 PM",4.716,29.391,49.579,78.352,71450.5,1032.944,32.924,0.031,0.031,0.029,8.051,96.312,5.561,141.204,0,5.573,5.577,NA,22
"5/25/2022 2:47:35 PM",4.65,29.391,49.579,78.353,71450.1,1032.943,32.923,0.031,0.031,0.029,8.053,96.395,5.565,150.634,0,5.578,5.581,NA,22
"5/25/2022 2:47:35 PM",4.589,29.392,49.579,78.353,71449.2,1032.942,32.923,0.047,0.047,0.029,8.047,96.418,5.567,143.753,0,5.58,5.583,NA,22
"5/25/2022 2:47:35 PM",4.516,29.391,49.579,78.352,71449.2,1032.942,32.923,0.047,0.047,0.044,8.045,96.366,5.563,137.805,0,5.576,5.579,NA,22
"5/25/2022 2:47:35 PM",4.443,29.392,49.58,78.355,71450.9,1032.942,32.924,0.031,0.031,0.044,8.045,96.403,5.566,136.956,0,5.578,5.582,NA,22
"5/25/2022 2:47:35 PM",4.34,29.392,49.579,78.353,71449,1032.941,32.922,0.039,0.039,0.029,8.047,96.356,5.563,139.675,0,5.576,5.579,NA,22
"5/25/2022 2:47:36 PM",4.293,29.392,49.577,78.351,71447.6,1032.94,32.922,0.047,0.047,0.029,8.053,96.413,5.566,137.041,0,5.579,5.583,NA,22
"5/25/2022 2:47:36 PM",4.25,29.393,49.578,78.353,71448.5,1032.94,32.922,0.047,0.047,0.044,8.054,96.34,5.562,136.021,0,5.575,5.578,NA,22
"5/25/2022 2:47:36 PM",4.198,29.393,49.577,78.353,71447,1032.939,32.921,0.039,0.039,0.044,8.052,96.383,5.565,139.845,0,5.578,5.581,NA,22
"5/25/2022 2:47:36 PM",4.146,29.394,49.577,78.353,71446.1,1032.938,32.92,0.047,0.047,0.015,8.056,96.315,5.561,144.347,0,5.574,5.577,NA,22
"5/25/2022 2:47:36 PM",4.052,29.395,49.574,78.35,71442.4,1032.935,32.918,0.039,0.039,0.029,8.048,96.259,5.557,152.928,0,5.57,5.573,NA,22
"5/25/2022 2:47:37 PM",3.989,29.395,49.575,78.352,71443.4,1032.935,32.918,0.031,0.031,0,8.05,96.291,5.559,153.608,0,5.572,5.575,NA,22
"5/25/2022 2:47:37 PM",3.907,29.397,49.573,78.353,71441.7,1032.933,32.917,0.039,0.039,0.058,8.05,96.271,5.558,152.589,0,5.571,5.574,NA,22
"5/25/2022 2:47:37 PM",3.834,29.401,49.569,78.353,71435.9,1032.928,32.912,0.031,0.031,0.029,8.048,96.346,5.563,158.281,0,5.575,5.579,NA,22
"5/25/2022 2:47:37 PM",3.746,29.404,49.57,78.358,71437,1032.928,32.912,0.031,0.031,0.015,8.048,96.358,5.563,164.993,0,5.576,5.579,NA,22
"5/25/2022 2:47:38 PM",3.706,29.405,49.57,78.359,71436.6,1032.927,32.912,0.031,0.031,0.029,8.05,96.389,5.565,152.928,0,5.578,5.581,NA,22
"5/25/2022 2:47:38 PM",3.66,29.406,49.574,78.366,71440.8,1032.929,32.914,0.047,0.047,0.044,8.054,96.416,5.566,149.7,0,5.579,5.582,NA,22
"5/25/2022 2:47:38 PM",3.603,29.409,49.575,78.372,71442,1032.929,32.914,0.039,0.039,0.029,8.052,96.344,5.562,152.419,0,5.575,5.578,NA,22
"5/25/2022 2:47:38 PM",3.533,29.411,49.577,78.377,71444.5,1032.93,32.915,0.039,0.039,0.029,8.052,96.373,5.564,158.961,0,5.577,5.58,NA,22
"5/25/2022 2:47:38 PM",3.398,29.412,49.578,78.38,71445.9,1032.93,32.915,0.055,0.055,0.029,8.054,96.383,5.565,175.018,0,5.578,5.581,NA,22
"5/25/2022 2:47:39 PM",3.311,29.413,49.577,78.381,71444.4,1032.928,32.914,0.047,0.047,0.058,8.054,96.557,5.575,161.934,0,5.588,5.591,NA,22
"5/25/2022 2:47:39 PM",3.233,29.414,49.58,78.386,71447.2,1032.929,32.915,0.047,0.047,0.058,8.056,96.39,5.565,154.458,0,5.578,5.581,NA,22
"5/25/2022 2:47:39 PM",3.168,29.417,49.578,78.387,71444.2,1032.926,32.913,0.047,0.047,0.029,8.059,96.414,5.566,153.608,0,5.579,5.582,NA,22
"5/25/2022 2:47:39 PM",3.109,29.422,49.579,78.396,71445.3,1032.925,32.912,0.039,0.039,0.015,8.058,96.392,5.565,170.94,0,5.578,5.581,NA,22
"5/25/2022 2:47:39 PM",3.064,29.425,49.578,78.399,71443.9,1032.924,32.911,0.031,0.031,0.015,8.06,96.375,5.563,192.435,0,5.576,5.579,NA,22
"5/25/2022 2:47:40 PM",3.02,29.425,49.576,78.396,71441.5,1032.922,32.909,0.031,0.031,0.029,8.057,96.347,5.562,191.84,0,5.575,5.578,NA,22
"5/25/2022 2:47:40 PM",2.97,29.424,49.577,78.396,71442.2,1032.922,32.91,0.031,0.031,0.044,8.06,96.403,5.565,193.794,0,5.578,5.581,NA,22
"5/25/2022 2:47:40 PM",2.918,29.425,49.577,78.397,71442.6,1032.922,32.91,0.031,0.031,0.029,8.059,96.277,5.558,196.683,0,5.571,5.574,NA,22
"5/25/2022 2:47:40 PM",2.838,29.425,49.578,78.398,71443.6,1032.923,32.91,0.031,0.031,0.015,8.061,96.506,5.571,192.01,0,5.584,5.588,NA,22
"5/25/2022 2:47:40 PM",2.775,29.426,49.576,78.397,71441.4,1032.921,32.909,0.031,0.031,0.029,8.063,96.393,5.565,206.283,0,5.578,5.581,NA,22
"5/25/2022 2:47:41 PM",2.732,29.428,49.576,78.399,71440.4,1032.919,32.908,0.039,0.039,0.029,8.063,96.387,5.565,201.611,0,5.578,5.581,NA,22
"5/25/2022 2:47:41 PM",2.697,29.429,49.575,78.399,71438.7,1032.918,32.906,0.039,0.039,0,8.062,96.462,5.569,203.989,0,5.582,5.585,NA,22
"5/25/2022 2:47:41 PM",2.676,29.431,49.575,78.403,71438.6,1032.917,32.906,0.039,0.039,0.015,8.059,96.36,5.563,205.434,0,5.576,5.579,NA,22
"5/25/2022 2:47:41 PM",2.633,29.433,49.573,78.403,71436.7,1032.915,32.904,0.031,0.031,0.015,8.059,96.469,5.569,198.807,0,5.582,5.586,NA,22
"5/25/2022 2:47:41 PM",2.54,29.432,49.597,78.435,71466.4,1032.933,32.922,0.031,0.031,0,8.062,96.491,5.57,202.97,0,5.583,5.586,NA,22
"5/25/2022 2:47:42 PM",2.441,29.436,49.63,78.484,71506.5,1032.956,32.946,0.031,0.031,0.015,8.058,96.377,5.563,218.348,0,5.575,5.579,NA,22
"5/25/2022 2:47:42 PM",2.314,29.466,49.593,78.478,71456.8,1032.917,32.907,0.047,0.047,0.029,8.063,96.501,5.571,209.767,0,5.583,5.587,NA,22
"5/25/2022 2:47:42 PM",2.123,29.527,49.601,78.576,71459.3,1032.901,32.892,0.047,0.047,0.015,8.064,96.749,5.583,192.35,0,5.596,5.6,NA,22
"5/25/2022 2:47:42 PM",2.017,29.577,49.622,78.677,71479.4,1032.898,32.89,0.055,0.055,0.029,8.068,96.65,5.575,196.343,0,5.588,5.591,NA,22
"5/25/2022 2:47:42 PM",1.901,29.625,49.62,78.744,71471.6,1032.88,32.871,0.047,0.047,0,8.062,96.696,5.576,225.23,0,5.589,5.592,NA,22
"5/25/2022 2:47:43 PM",1.843,29.649,49.607,78.76,71451.4,1032.86,32.852,0.031,0.031,0,8.061,96.727,5.576,244.431,0,5.589,5.593,NA,22
"5/25/2022 2:47:43 PM",1.781,29.663,49.585,78.749,71422.4,1032.839,32.831,0.047,0.047,0.015,8.06,96.766,5.578,211.891,0,5.591,5.594,NA,22
"5/25/2022 2:47:43 PM",1.655,29.677,49.6,78.791,71439.8,1032.844,32.837,0.031,0.031,0.058,8.066,96.712,5.573,213.675,0,5.585,5.589,NA,22
"5/25/2022 2:47:43 PM",1.558,29.681,49.589,78.781,71425.3,1032.834,32.828,0.047,0.047,0.058,8.063,96.727,5.573,238.059,0,5.586,5.589,NA,22
"5/25/2022 2:47:43 PM",1.443,29.695,49.581,78.79,71413.6,1032.823,32.817,0.039,0.039,0,8.058,96.86,5.58,228.458,0,5.592,5.596,NA,22
"5/25/2022 2:47:44 PM",1.332,29.7,49.581,78.797,71412.6,1032.82,32.815,0.039,0.039,0.044,8.057,96.847,5.578,201.271,0,5.591,5.594,NA,22
"5/25/2022 2:47:44 PM",1.205,29.712,49.587,78.822,71418.6,1032.82,32.815,0.023,0.023,0.015,8.061,96.812,5.575,221.916,0,5.588,5.591,NA,22
"5/25/2022 2:47:44 PM",1.168,29.717,49.586,78.829,71417.5,1032.818,32.813,0.023,0.023,0,8.063,96.755,5.571,260.913,0,5.584,5.587,NA,22
"5/25/2022 2:47:44 PM",1.144,29.721,49.578,78.823,71406.5,1032.81,32.805,0.031,0.031,0.015,8.063,96.728,5.569,241.882,0,5.582,5.585,NA,22
"5/25/2022 2:47:44 PM",1.083,29.724,49.576,78.825,71403.4,1032.807,32.802,0.039,0.039,0.029,8.065,96.82,5.574,262.697,0,5.587,5.59,NA,22
"5/25/2022 2:47:45 PM",1.033,29.723,49.577,78.826,71405.8,1032.808,32.804,0.023,0.023,0,8.067,96.673,5.565,270.004,0,5.578,5.581,NA,22
"5/25/2022 2:47:45 PM",0.949,29.723,49.573,78.82,71400.6,1032.805,32.801,0.031,0.031,0.058,8.063,96.675,5.565,261.508,0,5.578,5.581,NA,22
"5/25/2022 2:47:45 PM",0.885,29.724,49.571,78.817,71397.5,1032.803,32.799,0.039,0.039,0.029,8.062,96.83,5.574,265.416,0,5.587,5.59,NA,22
"5/25/2022 2:47:45 PM",0.828,29.724,49.569,78.816,71395.6,1032.801,32.798,0.031,0.031,0.029,8.063,96.693,5.566,288.185,0,5.579,5.582,NA,22
"5/25/2022 2:47:45 PM",0.758,29.723,49.569,78.813,71394.8,1032.801,32.797,0.023,0.023,0,8.064,96.639,5.563,324.463,0,5.575,5.579,NA,22
"5/25/2022 2:47:46 PM",0.706,29.725,49.574,78.822,71400.7,1032.804,32.801,0.047,0.047,0.015,8.065,96.744,5.569,363.545,0,5.581,5.585,NA,22
"5/25/2022 2:47:46 PM",0.701,29.727,49.589,78.847,71419.9,1032.815,32.812,0.039,0.039,0,8.065,96.811,5.572,373.655,0,5.585,5.588,NA,22
"5/25/2022 2:47:46 PM",0.641,29.732,49.619,78.896,71456.7,1032.835,32.832,0.031,0.031,0,8.063,96.748,5.567,372.805,0,5.58,5.583,NA,22
"5/25/2022 2:47:46 PM",0.577,29.743,49.65,78.954,71494.4,1032.855,32.852,0.031,0.031,0.029,8.062,96.694,5.562,369.152,0,5.575,5.578,NA,22
"5/25/2022 2:47:46 PM",0.481,29.759,49.629,78.948,71466.2,1032.833,32.831,0.179,0.179,0.029,8.063,96.732,5.565,377.733,0,5.578,5.581,NA,22
"5/25/2022 2:47:47 PM",0.341,29.798,49.589,78.949,71411,1032.788,32.786,0.07,0.07,0.116,8.059,96.917,5.576,342.22,0,5.589,5.592,NA,22
"5/25/2022 2:47:47 PM",0.268,29.812,49.585,78.963,71403.9,1032.779,32.778,0.086,0.086,0.204,8.06,96.865,5.572,393.621,0,5.585,5.588,NA,22
"5/25/2022 2:47:47 PM",0.163,29.826,49.578,78.974,71394.3,1032.769,32.768,0.055,0.055,0.073,8.06,96.808,5.568,408.659,0,5.581,5.584,NA,22
"5/25/2022 2:47:47 PM",0.017,29.829,49.563,78.958,71374.6,1032.755,32.755,0.023,0.023,0.044,8.057,96.933,5.576,410.868,0,5.588,5.592,NA,22
"5/25/2022 2:47:48 PM",0,29.835,49.564,78.967,71375,1032.753,32.754,0,0,0,8.053,96.873,5.571,484.783,0,5.584,5.587,NA,22
"5/25/2022 2:47:48 PM",0,29.847,49.565,78.986,71374.6,1032.749,32.75,0,0,0,8.052,96.786,5.566,482.829,0,5.578,5.582,NA,22
"5/25/2022 2:47:48 PM",0,29.853,28.887,49.052,44319.7,1017.199,17.2,0,0,0,8.052,96.835,6.238,499.056,0,6.256,6.256,NA,22
"5/25/2022 2:47:48 PM",0,29.809,2.068,4.305,3893.5,997.251,0,220.699,220.699,374.23,8.054,96.918,7.235,499.226,0,7.256,7.256,NA,22
"5/25/2022 2:47:48 PM",0,29.733,1.699,3.572,3235,996.999,0,506.05,506.05,1257.21,8.053,96.733,7.235,600.074,0,7.256,7.256,NA,22
"5/25/2022 2:47:49 PM",0,29.659,1.186,2.537,2301.4,996.638,0,506.05,506.05,1153.161,8.049,96.64,7.249,618.595,0,7.269,7.27,NA,22
"5/25/2022 2:47:49 PM",0,29.586,1.045,2.247,2041.1,996.555,0,506.05,506.05,1093.065,8.045,96.467,7.241,625.987,0,7.262,7.262,NA,22
"5/25/2022 2:47:49 PM",0,29.531,0.802,1.744,1585.6,996.389,0,333.271,333.271,331.876,8.041,96.3,7.238,641.62,0,7.259,7.259,NA,22
"5/25/2022 2:47:49 PM",0,29.476,0.761,1.656,1508,996.375,0,235.271,235.271,491.397,8.039,96.234,7.235,648.756,0,7.256,7.256,NA,22
"5/25/2022 2:47:49 PM",0,29.345,0.744,1.618,1476.7,996.402,0,435.009,435.009,155.614,8.035,96.172,7.232,672.29,0,7.253,7.253,NA,22
"5/25/2022 2:47:50 PM",0,29.266,0.72,1.564,1430,996.407,0,152.193,152.193,67.933,8.032,96.057,7.225,669.996,0,7.246,7.246,NA,22
"5/25/2022 2:47:50 PM",0,29.207,0.7,1.521,1392.6,996.41,0,310.969,310.969,106.029,8.035,96.026,7.224,667.702,0,7.245,7.245,NA,22
"5/25/2022 2:47:50 PM",0,29.102,0.635,1.383,1268.5,996.392,0,208.514,208.514,73.128,8.036,95.989,7.225,664.049,0,7.246,7.246,NA,22
"5/25/2022 2:47:50 PM",0,28.904,0.573,1.249,1150.1,996.404,0,172.615,172.615,101.64,8.039,96.01,7.23,659.376,0,7.251,7.251,NA,22
"5/25/2022 2:47:50 PM",0,28.814,0.97,2.062,1902.5,996.727,0,78.335,78.335,84.897,8.04,95.784,7.201,645.613,0,7.221,7.221,NA,22
"5/25/2022 2:47:51 PM",0,28.756,0.88,1.878,1734.6,996.677,0,380.505,380.505,122.169,8.039,95.709,7.2,615.367,0,7.22,7.22,NA,22
"5/25/2022 2:47:51 PM",0,28.539,0.754,1.613,1496.9,996.646,0,126.232,126.232,60.694,8.04,95.512,7.191,602.623,0,7.212,7.212,NA,22
"5/25/2022 2:47:51 PM",0,28.359,0.905,1.914,1782.1,996.811,0,111.293,111.293,93.307,8.034,95.643,7.199,589.964,0,7.22,7.22,NA,22
"5/25/2022 2:47:51 PM",0,28.324,0.778,1.655,1542.4,996.726,0,88.507,88.507,115.337,8.033,95.523,7.198,590.219,0,7.219,7.219,NA,22
"5/25/2022 2:47:51 PM",0,28.334,0.695,1.485,1383.6,996.66,0,243.851,243.851,195.899,8.033,95.465,7.199,556.829,0,7.219,7.219,NA,22
"5/25/2022 2:47:52 PM",0,28.355,0.673,1.442,1342.8,996.638,0,143.854,143.854,182.689,8.032,95.5,7.205,571.018,0,7.226,7.226,NA,22
"5/25/2022 2:47:52 PM",0,28.289,0.615,1.32,1231.1,996.614,0,50.837,50.837,69.498,8.031,95.505,7.209,615.452,0,7.23,7.23,NA,22
"5/25/2022 2:47:52 PM",0,28.325,0.538,1.161,1081.8,996.545,0,15.875,15.875,15.148,8.027,95.35,7.203,605.172,0,7.223,7.223,NA,22
"5/25/2022 2:47:52 PM",0,28.347,0.508,1.099,1024,996.516,0,60.9,60.9,18.025,8.024,95.422,7.21,589.794,0,7.231,7.231,NA,22
"5/25/2022 2:47:52 PM",0,28.385,0.481,1.043,971.2,996.485,0,40.509,40.509,13.042,8.02,95.329,7.204,543.151,0,7.225,7.225,NA,22
"5/25/2022 2:47:53 PM",0,28.421,0.468,1.017,945.4,996.465,0,117.877,117.877,69.268,8.021,95.324,7.206,510.951,0,7.226,7.226,NA,22
"5/25/2022 2:47:53 PM",0,28.405,0.447,0.973,905.2,996.454,0,76.166,76.166,99.27,8.018,95.311,7.205,533.975,0,7.226,7.226,NA,22
"5/25/2022 2:47:53 PM",0,28.427,0.419,0.914,850.2,996.427,0,27.911,27.911,26.579,8.014,95.088,7.191,515.878,0,7.211,7.211,NA,22
"5/25/2022 2:47:53 PM",0,28.455,0.407,0.889,826.4,996.41,0,8.893,8.893,6.511,8.012,94.858,7.174,376.629,0,7.195,7.195,NA,22
"5/25/2022 2:47:53 PM",0,28.431,0.404,0.882,820,996.414,0,1.162,1.162,0,8.014,95.083,7.193,244.431,0,7.213,7.213,NA,22
"5/25/2022 2:47:54 PM",0,28.376,0.403,0.879,818.3,996.429,0,0,0,0,8.014,94.807,7.172,180.965,0,7.193,7.193,NA,22
"5/25/2022 2:47:54 PM",0,28.266,0.821,1.741,1623.9,996.775,0,1.755,1.755,3.382,8.011,94.484,7.131,154.203,0,7.152,7.152,NA,22
"5/25/2022 2:47:54 PM",0,28.182,0.577,1.239,1157.9,996.616,0,1.888,1.888,4.23,8.008,94.308,7.128,187.932,0,7.148,7.148,NA,22
"5/25/2022 2:47:54 PM",0,28.122,0.847,1.789,1673.8,996.836,0,0.952,0.952,1.092,8.007,94.255,7.114,332.704,0,7.135,7.135,NA,22
"5/25/2022 2:47:54 PM",0,27.995,0.646,1.377,1292,996.721,0,0.164,0.164,0.481,8.007,94.304,7.126,460.654,0,7.146,7.146,NA,22
"5/25/2022 2:47:55 PM",0,27.753,1.037,2.152,2029.3,997.083,0,0,0,0.641,8.002,94.041,7.092,596.251,0,7.113,7.113,NA,22
"5/25/2022 2:47:55 PM",0,27.576,0.708,1.491,1411.3,996.887,0,0.047,0.047,1.457,8.001,93.959,7.098,652.579,0,7.119,7.119,NA,22
"5/25/2022 2:47:55 PM",0,27.427,0.548,1.163,1103.9,996.808,0,1.903,1.903,3.543,8,93.967,7.106,653.004,0,7.127,7.127,NA,22
"5/25/2022 2:47:55 PM",0,27.375,0.553,1.171,1112.7,996.826,0,2.098,2.098,4.054,7.999,94.043,7.112,655.213,0,7.132,7.133,NA,22
"5/25/2022 2:47:55 PM",0,27.418,0.456,0.973,923.8,996.741,0,6.545,6.545,4.873,7.997,94.439,7.147,638.646,0,7.167,7.167,NA,22
"5/25/2022 2:47:56 PM",0,28.779,2.667,5.363,4951.6,998.006,0,26.546,26.546,25.821,8.019,97.308,7.263,625.732,0,7.285,7.284,NA,22
"5/25/2022 2:47:56 PM",0,30.846,2.281,4.815,4266.3,997.092,0,8.44,8.44,15.929,8.088,97.659,7.276,622.758,0,7.297,7.297,NA,22
"5/25/2022 2:47:56 PM",0,31.379,2.255,4.811,4219,996.905,0,3.643,3.643,13.866,8.152,97.298,7.22,606.956,0,7.241,7.241,NA,22
"5/25/2022 2:47:56 PM",0,31.511,2.145,4.602,4025.1,996.782,0,2.738,2.738,12.851,8.195,96.791,7.161,573.227,0,7.182,7.182,NA,22
"5/25/2022 2:47:57 PM",0,31.558,2.12,4.554,3980,996.748,0,2.254,2.254,12.424,8.239,96.09,7.084,531.256,0,7.105,7.105,NA,22
"5/25/2022 2:47:57 PM",0,31.558,2.128,4.571,3994.8,996.754,0,2.028,2.028,12.689,8.263,95.665,7.041,448.76,0,7.061,7.061,NA,22
"5/25/2022 2:47:57 PM",0,31.541,2.095,4.504,3937.1,996.735,0,2.052,2.052,12.586,8.284,95.127,6.995,454.112,0,7.015,7.015,NA,22
"5/25/2022 2:47:57 PM",0,31.53,2.085,4.482,3919,996.731,0,1.989,1.989,12.983,8.299,95.123,6.99,457.341,0,7.01,7.01,NA,22
"5/25/2022 2:47:57 PM",0,31.525,2.026,4.362,3814.8,996.689,0,1.872,1.872,12.674,8.319,94.957,6.974,448.845,0,6.994,6.994,NA,22
"5/25/2022 2:47:58 PM",0,31.558,1.624,3.542,3095.4,996.379,0,2.013,2.013,12.865,8.391,94.682,6.961,426.5,0,6.981,6.981,NA,22
"5/25/2022 2:47:58 PM",0,31.542,1.663,3.621,3165.4,996.413,0,1.896,1.896,11.659,8.436,94.71,6.96,395.83,0,6.98,6.98,NA,22
"5/25/2022 2:47:58 PM",0,31.534,1.57,3.428,2997.4,996.346,0,2.028,2.028,11.042,8.469,94.456,6.942,426.33,0,6.962,6.962,NA,22
"5/25/2022 2:47:58 PM",0,31.531,1.508,3.301,2886.4,996.301,0,2.137,2.137,10.851,8.484,94.009,6.908,448.25,0,6.928,6.928,NA,22
"5/25/2022 2:47:58 PM",0,31.54,1.523,3.333,2913.5,996.31,0,2.247,2.247,10.146,8.496,93.884,6.896,434.232,0,6.916,6.916,NA,22
"5/25/2022 2:47:59 PM",0,31.535,1.49,3.263,2852.5,996.286,0,2.091,2.091,9.823,8.506,93.818,6.891,423.866,0,6.911,6.911,NA,22
"5/25/2022 2:47:59 PM",0,31.531,1.473,3.228,2822.4,996.275,0,1.911,1.911,9.97,8.508,93.639,6.877,487.247,0,6.897,6.897,NA,22
"5/25/2022 2:47:59 PM",0,31.548,1.446,3.173,2773.1,996.249,0,1.646,1.646,10.278,8.507,93.454,6.864,529.047,0,6.884,6.884,NA,22
"5/25/2022 2:47:59 PM",0,31.55,1.358,2.99,2613.8,996.183,0,1.864,1.864,10.631,8.507,93.52,6.873,538.393,0,6.892,6.892,NA,22
"5/25/2022 2:47:59 PM",0,31.552,1.321,2.913,2546.1,996.155,0,1.896,1.896,9.867,8.505,93.289,6.856,518.682,0,6.876,6.876,NA,22
"5/25/2022 2:48:00 PM",0,31.576,1.298,2.866,2503.8,996.13,0,1.872,1.872,9.471,8.502,93.391,6.863,541.281,0,6.883,6.883,NA,22
"5/25/2022 2:48:00 PM",0,31.573,1.267,2.801,2447.1,996.108,0,1.857,1.857,10.293,8.495,93.321,6.858,585.121,0,6.878,6.878,NA,22
"5/25/2022 2:48:00 PM",0,31.57,1.237,2.738,2392.2,996.087,0,1.864,1.864,10.102,8.494,93.296,6.857,635.927,0,6.877,6.877,NA,22
"5/25/2022 2:48:00 PM",0,31.576,1.215,2.691,2351.2,996.068,0,1.896,1.896,10.543,8.491,93.271,6.856,633.718,0,6.875,6.875,NA,22
"5/25/2022 2:48:00 PM",0,31.577,1.206,2.672,2334.4,996.061,0,2.137,2.137,9.941,8.484,93.032,6.839,591.918,0,6.858,6.858,NA,22
"5/25/2022 2:48:01 PM",0,31.575,1.198,2.655,2319.4,996.056,0,1.981,1.981,9.721,8.478,93.063,6.84,574.246,0,6.86,6.86,NA,22
"5/25/2022 2:48:01 PM",0,31.571,1.187,2.632,2299.2,996.049,0,1.903,1.903,9.559,8.472,92.898,6.829,624.543,0,6.848,6.848,NA,22
"5/25/2022 2:48:01 PM",0,31.57,1.183,2.623,2292,996.046,0,1.755,1.755,9.603,8.468,92.976,6.834,659.206,0,6.854,6.854,NA,22
"5/25/2022 2:48:01 PM",0,31.582,1.19,2.639,2305,996.048,0,1.802,1.802,9.941,8.46,92.992,6.834,611.459,0,6.854,6.854,NA,22
"5/25/2022 2:48:01 PM",0,31.584,1.169,2.596,2267.7,996.032,0,2.083,2.083,10.058,8.456,93.12,6.843,570.848,0,6.863,6.863,NA,22
"5/25/2022 2:48:02 PM",0,31.585,1.167,2.592,2264,996.03,0,1.919,1.919,9.28,8.454,93.103,6.842,532.616,0,6.862,6.862,NA,22
"5/25/2022 2:48:02 PM",0,31.586,1.153,2.561,2236.6,996.019,0,2.075,2.075,9.09,8.449,93.061,6.84,514.519,0,6.86,6.86,NA,22
"5/25/2022 2:48:02 PM",0,31.587,1.148,2.55,2227.6,996.015,0,2.098,2.098,9.325,8.444,93.027,6.838,512.99,0,6.858,6.858,NA,22
"5/25/2022 2:48:02 PM",0,31.59,1.139,2.531,2210.6,996.007,0,1.841,1.841,9.603,8.438,93.042,6.84,577.899,0,6.86,6.86,NA,22
"5/25/2022 2:48:02 PM",0,31.591,1.135,2.524,2204.5,996.004,0,1.794,1.794,9.559,8.434,92.962,6.835,639.92,0,6.855,6.855,NA,22
"5/25/2022 2:48:03 PM",0,31.594,1.132,2.517,2198.2,996.001,0,1.771,1.771,9.779,8.43,92.908,6.83,672.035,0,6.85,6.85,NA,22
"5/25/2022 2:48:03 PM",0,31.595,1.121,2.495,2178.7,995.993,0,1.74,1.74,9.28,8.427,92.953,6.835,692.766,0,6.855,6.855,NA,22
"5/25/2022 2:48:03 PM",0,31.592,1.114,2.48,2166.1,995.988,0,1.818,1.818,9.148,8.42,92.946,6.835,726.92,0,6.855,6.854,NA,22
"5/25/2022 2:48:03 PM",0,31.588,1.111,2.473,2160.1,995.987,0,1.958,1.958,9.706,8.413,92.901,6.831,729.213,0,6.851,6.851,NA,22
"5/25/2022 2:48:03 PM",0,31.582,1.097,2.444,2134.8,995.979,0,1.927,1.927,9.325,8.41,92.918,6.833,729.298,0,6.853,6.853,NA,22
"5/25/2022 2:48:04 PM",0,31.588,1.094,2.438,2129.3,995.975,0,1.966,1.966,9.603,8.411,92.928,6.833,730.318,0,6.853,6.853,NA,22
"5/25/2022 2:48:04 PM",0,31.591,1.096,2.442,2132.5,995.975,0,2.114,2.114,9.677,8.405,92.924,6.833,733.801,0,6.852,6.852,NA,22
"5/25/2022 2:48:04 PM",0,31.592,1.091,2.43,2122,995.971,0,1.872,1.872,9.457,8.401,92.829,6.826,738.644,0,6.846,6.846,NA,22
"5/25/2022 2:48:04 PM",0,31.596,1.089,2.427,2119.8,995.968,0,1.911,1.911,10.058,8.397,92.855,6.828,742.637,0,6.847,6.847,NA,22
"5/25/2022 2:48:04 PM",0,31.6,1.084,2.417,2110.5,995.964,0,1.638,1.638,10.102,8.395,92.859,6.828,747.905,0,6.848,6.848,NA,22
"5/25/2022 2:48:05 PM",0,31.597,1.085,2.418,2111.4,995.965,0,1.708,1.708,9.794,8.396,92.89,6.831,752.832,0,6.851,6.851,NA,22
"5/25/2022 2:48:05 PM",0,31.594,1.089,2.426,2119,995.969,0,1.942,1.942,9.178,8.392,92.942,6.835,758.865,0,6.855,6.855,NA,22
"5/25/2022 2:48:05 PM",0,31.594,1.089,2.427,2119.9,995.969,0,1.919,1.919,9.178,8.389,92.854,6.829,761.923,0,6.848,6.848,NA,22
"5/25/2022 2:48:05 PM",0,31.6,1.083,2.413,2107.4,995.962,0,1.607,1.607,9.325,8.385,92.827,6.828,762.858,0,6.847,6.847,NA,22
"5/25/2022 2:48:05 PM",0,31.607,1.079,2.406,2100.4,995.957,0,1.849,1.849,9.325,8.383,92.859,6.83,762.943,0,6.85,6.85,NA,22
"5/25/2022 2:48:06 PM",0,31.607,1.078,2.405,2099.4,995.957,0,1.927,1.927,9.266,8.379,92.825,6.828,764.132,0,6.847,6.847,NA,22
"5/25/2022 2:48:06 PM",0,31.604,1.076,2.4,2095.8,995.956,0,1.677,1.677,9.398,8.375,92.888,6.833,765.661,0,6.853,6.853,NA,22
"5/25/2022 2:48:06 PM",0,31.601,1.077,2.401,2096.8,995.958,0,1.927,1.927,8.972,8.372,92.851,6.83,766.086,0,6.849,6.849,NA,22
"5/25/2022 2:48:06 PM",0,31.599,1.074,2.395,2091.6,995.956,0,1.779,1.779,9.207,8.373,92.764,6.824,767.021,0,6.843,6.843,NA,22
"5/25/2022 2:48:06 PM",0,31.597,1.073,2.393,2089.8,995.956,0,1.786,1.786,10.014,8.371,92.904,6.835,767.021,0,6.854,6.854,NA,22
"5/25/2022 2:48:07 PM",0,31.593,1.069,2.383,2081.4,995.954,0,1.607,1.607,9.369,8.367,92.747,6.824,765.831,0,6.844,6.844,NA,22
"5/25/2022 2:48:07 PM",0,31.592,1.068,2.383,2081.2,995.954,0,1.747,1.747,9.075,8.364,92.747,6.824,765.152,0,6.844,6.844,NA,22
"5/25/2022 2:48:07 PM",0,31.593,1.067,2.381,2079.1,995.953,0,2.059,2.059,9.545,8.361,92.864,6.834,762.603,0,6.854,6.854,NA,22
"5/25/2022 2:48:07 PM",0,31.592,1.068,2.382,2080.2,995.954,0,2.044,2.044,10.073,8.358,92.817,6.83,760.394,0,6.85,6.85,NA,22
"5/25/2022 2:48:08 PM",0,31.59,1.068,2.382,2080.4,995.955,0,1.981,1.981,9.501,8.352,92.849,6.833,759.459,0,6.853,6.853,NA,22
"5/25/2022 2:48:08 PM",0,31.589,1.068,2.381,2079.6,995.954,0,2.075,2.075,9.911,8.346,92.866,6.835,757.93,0,6.855,6.855,NA,22
"5/25/2022 2:48:08 PM",0,31.587,1.068,2.382,2080.9,995.956,0,1.974,1.974,10.381,8.345,92.712,6.824,757.165,0,6.844,6.844,NA,22
"5/25/2022 2:48:08 PM",0,31.589,1.068,2.382,2080.5,995.955,0,1.669,1.669,9.985,8.346,92.812,6.832,756.486,0,6.852,6.852,NA,22
"5/25/2022 2:48:08 PM",0,31.59,1.069,2.384,2081.9,995.955,0,1.818,1.818,9.853,8.345,92.872,6.836,756.146,0,6.856,6.856,NA,22
"5/25/2022 2:48:09 PM",0,31.585,1.07,2.385,2083.6,995.958,0,2.028,2.028,10.146,8.344,92.862,6.835,755.806,0,6.855,6.855,NA,22
"5/25/2022 2:48:09 PM",0,31.577,1.07,2.386,2084.5,995.96,0,1.872,1.872,9.192,8.339,92.771,6.829,755.381,0,6.849,6.849,NA,22
"5/25/2022 2:48:09 PM",0,31.583,1.07,2.386,2084.4,995.958,0,1.693,1.693,9.354,8.338,92.856,6.835,755.551,0,6.855,6.855,NA,22
"5/25/2022 2:48:09 PM",0,31.58,1.069,2.384,2082.5,995.959,0,1.693,1.693,9.031,8.336,92.782,6.83,754.871,0,6.85,6.85,NA,22
"5/25/2022 2:48:09 PM",0,31.58,1.07,2.386,2084.4,995.959,0,1.911,1.911,9.119,8.331,92.787,6.83,754.362,0,6.85,6.85,NA,22
"5/25/2022 2:48:10 PM",0,31.588,1.069,2.384,2082.4,995.956,0,1.638,1.638,9.589,8.321,92.792,6.831,756.656,0,6.851,6.851,NA,22
"5/25/2022 2:48:10 PM",0,31.589,1.07,2.387,2084.3,995.956,0,1.966,1.966,9.721,8.316,92.724,6.826,757.59,0,6.846,6.845,NA,22
"5/25/2022 2:48:10 PM",0,31.591,1.071,2.388,2085.6,995.956,0,1.708,1.708,10.088,8.315,92.815,6.833,758.27,0,6.852,6.852,NA,22
"5/25/2022 2:48:10 PM",0,31.591,1.071,2.389,2086.8,995.957,0,2.075,2.075,9.867,8.312,92.632,6.819,759.289,0,6.839,6.838,NA,22
"5/25/2022 2:48:10 PM",0,31.593,1.072,2.391,2088.5,995.957,0,1.864,1.864,8.87,8.308,92.69,6.824,760.479,0,6.844,6.844,NA,22
"5/25/2022 2:48:11 PM",0,31.603,1.073,2.392,2088.6,995.954,0,2.052,2.052,8.928,8.306,92.85,6.835,761.838,0,6.855,6.855,NA,22
"5/25/2022 2:48:11 PM",0,31.604,1.072,2.391,2087.7,995.953,0,2.02,2.02,9.589,8.308,92.67,6.822,763.028,0,6.842,6.842,NA,22
"5/25/2022 2:48:11 PM",0,31.605,1.071,2.39,2086.5,995.952,0,1.903,1.903,9.765,8.303,92.762,6.828,763.113,0,6.848,6.848,NA,22
"5/25/2022 2:48:11 PM",0,31.612,1.071,2.39,2086.4,995.95,0,1.849,1.849,9.325,8.301,92.811,6.833,763.452,0,6.852,6.852,NA,22
"5/25/2022 2:48:11 PM",0,31.614,1.07,2.387,2084.2,995.948,0,1.849,1.849,9.706,8.298,92.765,6.83,763.028,0,6.849,6.849,NA,22
"5/25/2022 2:48:12 PM",0,31.61,1.07,2.386,2083.3,995.949,0,1.818,1.818,9.691,8.295,92.758,6.829,762.263,0,6.849,6.849,NA,22
"5/25/2022 2:48:12 PM",0,31.608,1.069,2.386,2082.7,995.95,0,1.864,1.864,9.369,8.294,92.783,6.832,762.858,0,6.851,6.851,NA,22
"5/25/2022 2:48:12 PM",0,31.606,1.07,2.386,2083.6,995.951,0,1.989,1.989,9.765,8.296,92.809,6.834,763.962,0,6.853,6.853,NA,22
"5/25/2022 2:48:12 PM",0,31.611,1.07,2.387,2083.6,995.949,0,1.669,1.669,9.413,8.292,92.661,6.823,763.707,0,6.843,6.843,NA,22
"5/25/2022 2:48:12 PM",0,31.618,1.07,2.387,2083.5,995.947,0,2.145,2.145,9.559,8.288,92.739,6.829,764.557,0,6.849,6.849,NA,22
"5/25/2022 2:56:24 PM",0.113,29.775,49.257,78.456,70997.7,1032.543,32.543,0.749,0.749,0.918,8.046,96.373,5.52,377.563,0,5.532,5.535,NA,22
"5/25/2022 2:56:24 PM",0.137,29.751,49.276,78.448,71024.8,1032.567,32.566,0.507,0.507,0.772,8.048,96.233,5.51,391.412,0,5.523,5.526,NA,22
"5/25/2022 2:56:24 PM",0.195,29.727,49.285,78.427,71039.5,1032.582,32.582,0.281,0.281,0.51,8.056,96.124,5.504,364.309,0,5.516,5.519,NA,22
"5/25/2022 2:56:24 PM",0.249,29.713,49.287,78.409,71042.6,1032.588,32.587,0.14,0.14,0.189,8.061,96.295,5.514,354.539,0,5.526,5.529,NA,22
"5/25/2022 2:56:25 PM",0.29,29.698,49.315,78.427,71079.5,1032.615,32.614,0.055,0.055,0.073,8.071,96.087,5.502,358.957,0,5.514,5.517,NA,22
"5/25/2022 2:56:25 PM",0.289,29.699,49.298,78.405,71059,1032.602,32.601,0.062,0.062,0.073,8.074,96.177,5.509,340.096,0,5.521,5.524,NA,22
"5/25/2022 2:56:25 PM",0.266,29.707,49.288,78.403,71045.4,1032.592,32.591,0.133,0.133,0.146,8.08,96.172,5.51,362.27,0,5.522,5.526,NA,22
"5/25/2022 2:56:25 PM",0.221,29.711,49.281,78.398,71035.5,1032.585,32.584,0.07,0.07,0.131,8.084,96.256,5.515,389.543,0,5.528,5.531,NA,22
"5/25/2022 2:56:25 PM",0.174,29.712,49.286,78.405,71041.6,1032.588,32.587,0.094,0.094,0.146,8.086,96.332,5.521,383.086,0,5.533,5.536,NA,22
"5/25/2022 2:56:26 PM",0.106,29.711,49.293,78.415,71051,1032.594,32.593,0.07,0.07,0.087,8.091,96.417,5.526,351.48,0,5.538,5.541,NA,22
"5/25/2022 2:56:26 PM",0.141,29.709,49.285,78.4,71040.8,1032.588,32.587,0.203,0.203,0.189,8.095,96.152,5.51,373.91,0,5.523,5.526,NA,22
"5/25/2022 2:56:26 PM",0.235,29.7,49.282,78.385,71039.1,1032.59,32.589,0.07,0.07,0.044,8.096,96.212,5.514,357.428,0,5.527,5.53,NA,22
"5/25/2022 2:56:26 PM",0.386,29.696,49.284,78.382,71041.6,1032.593,32.591,0.023,0.023,0.044,8.1,96.239,5.516,327.692,0,5.528,5.532,NA,22
"5/25/2022 2:56:26 PM",0.624,29.695,49.294,78.393,71054.1,1032.602,32.599,0.117,0.117,0.218,8.106,96.284,5.52,292.518,0,5.532,5.535,NA,22
"5/25/2022 2:56:27 PM",0.772,29.694,49.295,78.394,71056.2,1032.604,32.601,0.195,0.195,0.379,8.108,96.334,5.523,280.878,0,5.535,5.539,NA,22
"5/25/2022 2:56:27 PM",0.861,29.695,49.301,78.404,71062.9,1032.608,32.604,0.156,0.156,0.306,8.109,96.472,5.531,286.911,0,5.544,5.547,NA,22
"5/25/2022 2:56:27 PM",0.91,29.693,49.317,78.423,71083.9,1032.622,32.618,0.101,0.101,0.189,8.112,96.455,5.53,284.532,0,5.543,5.546,NA,22
"5/25/2022 2:56:27 PM",0.944,29.693,49.32,78.427,71086.7,1032.623,32.619,0.055,0.055,0.073,8.114,96.542,5.534,288.865,0,5.547,5.55,NA,22
"5/25/2022 2:56:27 PM",0.967,29.696,49.32,78.431,71087.5,1032.623,32.619,0.086,0.086,0.058,8.116,96.495,5.53,298.465,0,5.542,5.546,NA,22
"5/25/2022 2:56:28 PM",0.984,29.697,49.319,78.432,71086,1032.622,32.618,0.055,0.055,0.044,8.119,96.625,5.537,290.224,0,5.55,5.553,NA,22
"5/25/2022 2:56:28 PM",0.993,29.694,49.318,78.426,71084.8,1032.622,32.618,0.062,0.062,0.029,8.12,96.574,5.535,294.472,0,5.547,5.55,NA,22
"5/25/2022 2:56:28 PM",1.002,29.695,49.328,78.441,71097,1032.629,32.625,0.039,0.039,0.015,8.122,96.472,5.529,304.667,0,5.542,5.545,NA,22
"5/25/2022 2:56:28 PM",1.03,29.697,49.322,78.436,71089.9,1032.625,32.62,0.062,0.062,0.073,8.123,96.464,5.529,294.302,0,5.541,5.545,NA,22
"5/25/2022 2:56:28 PM",1.047,29.695,49.328,78.441,71097.5,1032.63,32.625,0.062,0.062,0.087,8.125,96.47,5.529,285.976,0,5.542,5.545,NA,22
"5/25/2022 2:56:29 PM",1.05,29.696,49.326,78.439,71094,1032.627,32.623,0.055,0.055,0.073,8.126,96.525,5.533,293.622,0,5.545,5.548,NA,22
"5/25/2022 2:56:29 PM",1.035,29.701,49.317,78.433,71082.6,1032.619,32.615,0.031,0.031,0.058,8.128,96.435,5.528,299.91,0,5.541,5.544,NA,22
"5/25/2022 2:56:29 PM",1.003,29.704,49.314,78.434,71078.2,1032.616,32.611,0.047,0.047,0.058,8.129,96.515,5.533,304.837,0,5.546,5.549,NA,22
"5/25/2022 2:56:29 PM",0.988,29.703,49.317,78.437,71083,1032.619,32.615,0.039,0.039,0.058,8.131,96.513,5.532,300.589,0,5.545,5.548,NA,22
"5/25/2022 2:56:29 PM",0.974,29.704,49.319,78.44,71084.3,1032.619,32.615,0.055,0.055,0.116,8.132,96.473,5.53,299.315,0,5.543,5.546,NA,22
"5/25/2022 2:56:30 PM",0.972,29.704,49.32,78.443,71086.3,1032.62,32.616,0.101,0.101,0.364,8.132,96.376,5.524,303.988,0,5.536,5.539,NA,22
"5/25/2022 2:56:30 PM",0.988,29.703,49.321,78.442,71086.8,1032.621,32.617,0.086,0.086,0.146,8.13,96.361,5.523,307.556,0,5.535,5.538,NA,22
"5/25/2022 2:56:30 PM",1.028,29.699,49.329,78.448,71098.3,1032.629,32.625,0.07,0.07,0.087,8.132,96.462,5.528,307.641,0,5.541,5.544,NA,22
"5/25/2022 2:56:30 PM",1.059,29.696,49.334,78.451,71104.3,1032.634,32.629,0.062,0.062,0.131,8.132,96.415,5.526,297.106,0,5.539,5.542,NA,22
"5/25/2022 2:56:31 PM",1.082,29.695,49.341,78.459,71113.1,1032.639,32.635,0.07,0.07,0.131,8.135,96.405,5.527,285.211,0,5.539,5.542,NA,22
"5/25/2022 2:56:31 PM",1.09,29.695,49.33,78.444,71100,1032.631,32.627,0.062,0.062,0.058,8.135,96.264,5.519,294.472,0,5.532,5.535,NA,22
"5/25/2022 2:56:31 PM",1.087,29.699,49.325,78.442,71093.3,1032.626,32.622,0.039,0.039,0.058,8.136,96.32,5.523,305.772,0,5.535,5.539,NA,22
"5/25/2022 2:56:31 PM",1.125,29.7,49.323,78.442,71090.9,1032.625,32.62,0.242,0.242,0.116,8.137,96.295,5.521,310.784,0,5.534,5.537,NA,22
"5/25/2022 2:56:31 PM",1.212,29.7,49.319,78.435,71084.9,1032.622,32.616,0.094,0.094,0.044,8.138,96.504,5.535,307.131,0,5.547,5.55,NA,22
"5/25/2022 2:56:32 PM",1.337,29.698,49.323,78.438,71090.2,1032.626,32.62,0.055,0.055,0.073,8.138,96.488,5.533,292.008,0,5.546,5.549,NA,22
"5/25/2022 2:56:32 PM",1.494,29.703,49.326,78.45,71093.4,1032.627,32.621,0.031,0.031,0.015,8.138,96.465,5.532,260.403,0,5.545,5.548,NA,22
"5/25/2022 2:56:32 PM",1.724,29.707,49.324,78.453,71090.9,1032.625,32.618,0.008,0.008,0,8.142,96.617,5.541,205.859,0,5.554,5.557,NA,22
"5/25/2022 2:56:32 PM",1.87,29.706,49.323,78.45,71090.4,1032.626,32.618,0.016,0.016,0,8.142,96.65,5.544,173.319,0,5.556,5.559,NA,22
"5/25/2022 2:56:32 PM",2.002,29.706,49.327,78.456,71094.8,1032.629,32.62,0.055,0.055,0.044,8.142,96.614,5.541,143.328,0,5.553,5.557,NA,22
"5/25/2022 2:56:33 PM",2.139,29.706,49.33,78.461,71099,1032.632,32.623,0.008,0.008,0,8.142,96.709,5.546,115.801,0,5.559,5.562,NA,22
"5/25/2022 2:56:33 PM",2.266,29.708,49.333,78.468,71102.7,1032.634,32.624,0,0,0,8.142,96.687,5.545,90.313,0,5.558,5.561,NA,22
"5/25/2022 2:56:33 PM",2.452,29.713,49.33,78.471,71098.4,1032.631,32.62,0,0,0,8.143,96.65,5.545,61.001,0,5.557,5.56,NA,22
"5/25/2022 2:56:33 PM",2.586,29.716,49.333,78.478,71101.6,1032.633,32.622,0,0,0,8.144,96.648,5.545,41.885,0,5.558,5.561,NA,22
"5/25/2022 2:56:33 PM",2.732,29.715,49.345,78.494,71116.2,1032.642,32.631,0,0,0,8.147,96.468,5.534,28.122,0,5.547,5.55,NA,22
"5/25/2022 2:56:34 PM",2.92,29.711,49.335,78.474,71104.3,1032.637,32.624,0,0,0,8.146,96.469,5.534,21.325,0,5.547,5.55,NA,22
"5/25/2022 2:56:34 PM",3.211,29.694,49.348,78.467,71122.7,1032.654,32.64,0.265,0.265,0.495,8.146,96.527,5.537,19.031,0,5.549,5.553,NA,22
"5/25/2022 2:56:34 PM",3.407,29.677,49.365,78.468,71147,1032.674,32.66,0.725,0.725,1.559,8.146,96.427,5.531,19.881,0,5.543,5.547,NA,22
"5/25/2022 2:56:34 PM",3.602,29.668,49.366,78.457,71149.6,1032.679,32.664,0.959,0.959,2.113,8.146,96.444,5.533,24.129,0,5.545,5.548,NA,22
"5/25/2022 2:56:34 PM",3.778,29.657,49.352,78.421,71132.7,1032.673,32.657,0.725,0.725,1.617,8.146,96.57,5.541,33.219,0,5.554,5.557,NA,22
"5/25/2022 2:56:35 PM",3.945,29.647,49.357,78.413,71140,1032.681,32.664,0.289,0.289,0.539,8.146,96.42,5.534,38.317,0,5.546,5.55,NA,22
"5/25/2022 2:56:35 PM",4.197,29.643,49.346,78.393,71127.2,1032.675,32.657,0,0,0,8.147,96.406,5.534,36.618,0,5.547,5.55,NA,22
"5/25/2022 2:56:35 PM",4.374,29.631,49.365,78.402,71152.8,1032.695,32.676,0,0,0,8.147,96.301,5.528,34.664,0,5.541,5.544,NA,22
"5/25/2022 2:56:35 PM",4.548,29.628,49.366,78.399,71154.7,1032.697,32.678,0.094,0.094,0.116,8.148,96.43,5.536,35.258,0,5.549,5.552,NA,22
"5/25/2022 2:56:35 PM",4.722,29.627,49.307,78.316,71080.5,1032.653,32.633,0.039,0.039,0,8.148,96.484,5.541,35.853,0,5.554,5.557,NA,22
"5/25/2022 2:56:36 PM",4.988,29.576,49.334,78.282,71121.1,1032.693,32.672,0,0,0,8.148,96.571,5.548,32.2,0,5.56,5.563,NA,22
"5/25/2022 2:56:36 PM",5.164,29.543,49.357,78.266,71154,1032.723,32.701,0,0,0,8.149,96.283,5.532,29.991,0,5.544,5.548,NA,22
"5/25/2022 2:56:36 PM",5.343,29.522,49.359,78.238,71158.9,1032.733,32.71,0.039,0.039,0.029,8.148,96.254,5.531,29.821,0,5.544,5.547,NA,22
"5/25/2022 2:56:36 PM",5.524,29.503,49.368,78.224,71172.7,1032.747,32.724,0,0,0,8.149,96.236,5.53,29.481,0,5.543,5.546,NA,22
"5/25/2022 2:56:36 PM",5.703,29.484,49.377,78.209,71186.1,1032.761,32.737,0,0,0,8.149,96.146,5.526,27.952,0,5.539,5.542,NA,22
"5/25/2022 2:56:37 PM",5.982,29.459,49.384,78.183,71198.6,1032.777,32.752,0,0,0,8.151,96.268,5.535,24.129,0,5.547,5.55,NA,22
"5/25/2022 2:56:37 PM",6.171,29.452,49.387,78.176,71203.1,1032.783,32.756,0,0,0,8.148,96.18,5.532,22.09,0,5.545,5.548,NA,22
"5/25/2022 2:56:37 PM",6.369,29.447,49.378,78.157,71191.8,1032.778,32.751,0,0,0,8.147,96.304,5.54,20.645,0,5.553,5.556,NA,22
"5/25/2022 2:56:37 PM",6.573,29.431,49.379,78.136,71195.1,1032.785,32.757,0,0,0,8.148,96.231,5.536,19.966,0,5.549,5.552,NA,22
"5/25/2022 2:56:37 PM",6.768,29.416,49.392,78.132,71213.7,1032.801,32.773,0,0,0,8.15,96.231,5.538,19.711,0,5.551,5.554,NA,22
"5/25/2022 2:56:38 PM",7.058,29.399,49.402,78.121,71228,1032.816,32.786,0.039,0.039,0.029,8.15,96.333,5.546,20.221,0,5.559,5.562,NA,22
"5/25/2022 2:56:38 PM",7.262,29.396,49.392,78.103,71215.9,1032.81,32.779,0,0,0,8.149,96.284,5.544,20.136,0,5.557,5.56,NA,22
"5/25/2022 2:56:38 PM",7.455,29.391,49.388,78.09,71211.6,1032.81,32.778,0,0,0,8.15,96.129,5.536,19.881,0,5.549,5.552,NA,22
"5/25/2022 2:56:38 PM",7.655,29.386,49.385,78.08,71209.4,1032.811,32.778,0,0,0,8.149,96.302,5.547,19.371,0,5.56,5.563,NA,22
"5/25/2022 2:56:38 PM",7.952,29.377,49.384,78.066,71209.5,1032.815,32.781,0,0,0,8.149,96.228,5.544,18.351,0,5.556,5.56,NA,22
"5/25/2022 2:56:39 PM",8.152,29.371,49.379,78.051,71203.3,1032.813,32.778,0.055,0.055,0,8.151,96.239,5.546,18.012,0,5.558,5.562,NA,22
"5/25/2022 2:56:39 PM",8.347,29.367,49.383,78.051,71209.5,1032.819,32.783,0.14,0.14,0.277,8.151,96.22,5.545,18.266,0,5.558,5.561,NA,22
"5/25/2022 2:56:39 PM",8.54,29.365,49.385,78.05,71211.5,1032.821,32.785,0.468,0.468,1.136,8.152,95.933,5.529,20.56,0,5.541,5.545,NA,22
"5/25/2022 2:56:39 PM",8.788,29.363,49.385,78.048,71212.7,1032.824,32.786,0.499,0.499,1.02,8.152,96.269,5.549,26.847,0,5.562,5.565,NA,22
"5/25/2022 2:56:39 PM",8.947,29.362,49.385,78.046,71212.1,1032.824,32.786,0.164,0.164,0.277,8.153,96.107,5.539,27.442,0,5.552,5.555,NA,22
"5/25/2022 2:56:40 PM",9.11,29.36,49.383,78.042,71211,1032.825,32.786,0,0,0,8.151,96.358,5.553,24.469,0,5.566,5.57,NA,22
"5/25/2022 2:56:40 PM",9.284,29.359,49.382,78.038,71209,1032.824,32.785,0,0,0,8.153,96.346,5.553,20.39,0,5.566,5.569,NA,22
"5/25/2022 2:56:40 PM",9.468,29.358,49.384,78.039,71211.8,1032.827,32.787,0,0,0,8.153,96.256,5.549,17.417,0,5.561,5.565,NA,22
"5/25/2022 2:56:40 PM",9.747,29.352,49.389,78.038,71218.8,1032.834,32.793,0,0,0,8.154,96.261,5.549,15.718,0,5.562,5.565,NA,22
"5/25/2022 2:56:41 PM",9.938,29.351,49.396,78.046,71228.7,1032.841,32.799,0.016,0.016,0,8.156,96.25,5.549,15.463,0,5.562,5.565,NA,22
"5/25/2022 2:56:41 PM",10.121,29.351,49.391,78.039,71222.4,1032.838,32.795,0.125,0.125,0.16,8.152,96.229,5.548,15.548,0,5.56,5.564,NA,22
"5/25/2022 2:56:41 PM",10.305,29.35,49.392,78.039,71223.2,1032.84,32.796,0.117,0.117,0.175,8.153,96.378,5.557,15.888,0,5.57,5.573,NA,22
"5/25/2022 2:56:41 PM",10.569,29.347,49.388,78.03,71218.8,1032.839,32.794,0.094,0.094,0.102,8.149,96.311,5.554,16.312,0,5.566,5.57,NA,22
"5/25/2022 2:56:41 PM",10.745,29.345,49.387,78.027,71218.2,1032.84,32.794,0,0,0,8.15,96.302,5.553,15.888,0,5.566,5.569,NA,22
"5/25/2022 2:56:42 PM",10.924,29.344,49.389,78.028,71221.3,1032.842,32.796,0,0,0,8.148,96.311,5.554,15.293,0,5.567,5.57,NA,22
"5/25/2022 2:56:42 PM",11.108,29.343,49.392,78.031,71224.7,1032.845,32.798,0,0,0,8.149,96.347,5.555,14.868,0,5.568,5.571,NA,22
"5/25/2022 2:56:42 PM",11.286,29.342,49.394,78.032,71228.2,1032.849,32.801,0.335,0.335,0.786,8.148,96.291,5.553,16.312,0,5.566,5.569,NA,22
"5/25/2022 2:56:42 PM",11.515,29.339,49.397,78.032,71232.3,1032.853,32.804,1.474,1.474,3.382,8.146,96.405,5.559,35.683,0,5.572,5.575,NA,22
"5/25/2022 2:56:42 PM",11.616,29.336,49.395,78.025,71230.3,1032.853,32.804,0.71,0.71,1.632,8.147,96.332,5.556,77.399,0,5.568,5.572,NA,22
"5/25/2022 2:56:43 PM",11.635,29.335,49.395,78.023,71230.5,1032.853,32.804,0.25,0.25,0.495,8.151,96.329,5.556,119.709,0,5.569,5.572,NA,22
"5/25/2022 2:56:43 PM",11.62,29.335,49.391,78.018,71224.5,1032.85,32.8,0.101,0.101,0.175,8.148,96.483,5.565,129.819,0,5.578,5.581,NA,22
"5/25/2022 2:56:43 PM",11.571,29.337,49.39,78.019,71223.2,1032.848,32.799,0.062,0.062,0.087,8.142,96.607,5.573,130.584,0,5.586,5.589,NA,22
"5/25/2022 2:56:43 PM",11.55,29.338,49.393,78.025,71226.8,1032.85,32.801,0.055,0.055,0.029,8.148,96.517,5.566,127.865,0,5.579,5.583,NA,22
"5/25/2022 2:56:43 PM",11.535,29.339,49.397,78.031,71231.5,1032.853,32.804,0.062,0.062,0.029,8.148,96.472,5.563,127.78,0,5.576,5.579,NA,22
"5/25/2022 2:56:44 PM",11.477,29.338,49.392,78.023,71225.4,1032.849,32.8,0.062,0.062,0.058,8.148,96.398,5.559,129.904,0,5.572,5.575,NA,22
"5/25/2022 2:56:44 PM",11.383,29.339,49.389,78.021,71222.1,1032.846,32.798,0.062,0.062,0.015,8.153,96.426,5.562,130.499,0,5.574,5.578,NA,22
"5/25/2022 2:56:44 PM",11.181,29.338,49.395,78.027,71228.7,1032.85,32.802,0.055,0.055,0.029,8.153,96.486,5.565,130.669,0,5.578,5.581,NA,22
"5/25/2022 2:56:44 PM",11.058,29.338,49.394,78.026,71228.4,1032.849,32.802,0.031,0.031,0.029,8.15,96.56,5.57,128.035,0,5.582,5.586,NA,22
"5/25/2022 2:56:44 PM",10.924,29.338,49.396,78.029,71230.7,1032.85,32.803,0.047,0.047,0.058,8.151,96.542,5.568,126.251,0,5.581,5.585,NA,22
"5/25/2022 2:56:45 PM",10.783,29.339,49.4,78.034,71235.1,1032.852,32.806,0.039,0.039,0,8.153,96.52,5.567,125.996,0,5.58,5.583,NA,22
"5/25/2022 2:56:45 PM",10.668,29.338,49.397,78.03,71231.4,1032.849,32.804,0.039,0.039,0.015,8.149,96.528,5.568,127.185,0,5.581,5.584,NA,22
"5/25/2022 2:56:45 PM",10.573,29.338,49.397,78.03,71231.3,1032.849,32.804,0.047,0.047,0.015,8.152,96.466,5.564,126.336,0,5.577,5.58,NA,22
"5/25/2022 2:56:45 PM",10.514,29.339,49.402,78.038,71237.3,1032.852,32.807,0.055,0.055,0.044,8.153,96.557,5.569,127.016,0,5.582,5.585,NA,22
"5/25/2022 2:56:45 PM",10.444,29.34,49.403,78.041,71239.2,1032.853,32.808,0.039,0.039,0.058,8.154,96.548,5.568,127.95,0,5.581,5.585,NA,22
"5/25/2022 2:56:46 PM",10.369,29.34,49.403,78.041,71238.9,1032.852,32.808,0.047,0.047,0.058,8.147,96.561,5.569,130.329,0,5.582,5.585,NA,22
"5/25/2022 2:56:46 PM",10.27,29.341,49.404,78.043,71239.6,1032.852,32.808,0.031,0.031,0.044,8.158,96.466,5.564,132.623,0,5.577,5.58,NA,22
"5/25/2022 2:56:46 PM",10.234,29.341,49.407,78.048,71243.1,1032.854,32.81,0.047,0.047,0.044,8.16,96.464,5.564,133.388,0,5.577,5.58,NA,22
"5/25/2022 2:56:46 PM",10.176,29.342,49.405,78.046,71240.9,1032.852,32.809,0.047,0.047,0.044,8.156,96.562,5.57,134.577,0,5.582,5.586,NA,22
"5/25/2022 2:56:46 PM",10.049,29.343,49.403,78.044,71238,1032.85,32.807,0.047,0.047,0.015,8.159,96.372,5.559,134.832,0,5.572,5.575,NA,22
"5/25/2022 2:56:47 PM",9.877,29.342,49.41,78.053,71247.1,1032.855,32.812,0.047,0.047,0.015,8.161,96.321,5.556,136.276,0,5.569,5.572,NA,22
"5/25/2022 2:56:47 PM",9.63,29.343,49.411,78.054,71247.3,1032.853,32.812,0.047,0.047,0.044,8.158,96.501,5.566,136.191,0,5.579,5.582,NA,22
"5/25/2022 2:56:47 PM",9.519,29.345,49.411,78.058,71247.9,1032.853,32.812,0.047,0.047,0.058,8.162,96.349,5.557,135.342,0,5.57,5.573,NA,22
"5/25/2022 2:56:47 PM",9.422,29.346,49.416,78.066,71253.7,1032.856,32.816,0.055,0.055,0.058,8.159,96.395,5.559,136.021,0,5.572,5.575,NA,22
"5/25/2022 2:56:47 PM",9.319,29.347,49.418,78.07,71256.1,1032.856,32.817,0.039,0.039,0.058,8.161,96.295,5.553,138.825,0,5.566,5.569,NA,22
"5/25/2022 2:56:48 PM",9.197,29.348,49.421,78.076,71259.7,1032.858,32.819,0.047,0.047,0.029,8.16,96.318,5.554,141.374,0,5.567,5.57,NA,22
"5/25/2022 2:56:48 PM",8.992,29.349,49.421,78.077,71259.7,1032.857,32.819,0.047,0.047,0.029,8.159,96.294,5.553,143.158,0,5.566,5.569,NA,22
"5/25/2022 2:56:48 PM",8.865,29.349,49.421,78.077,71259,1032.856,32.818,0.039,0.039,0.044,8.157,96.254,5.551,142.903,0,5.564,5.567,NA,22
"5/25/2022 2:56:48 PM",8.747,29.351,49.421,78.079,71258.8,1032.855,32.818,0.055,0.055,0.044,8.154,96.411,5.56,142.648,0,5.573,5.576,NA,22
"5/25/2022 2:56:48 PM",8.641,29.352,49.424,78.085,71262.6,1032.856,32.82,0.055,0.055,0.058,8.15,96.412,5.56,142.648,0,5.573,5.576,NA,22
"5/25/2022 2:56:49 PM",8.502,29.353,49.423,78.085,71261.3,1032.855,32.819,0.039,0.039,0.044,8.16,96.348,5.556,141.714,0,5.569,5.572,NA,22
"5/25/2022 2:56:49 PM",8.425,29.354,49.426,78.091,71265.3,1032.857,32.821,0.039,0.039,0.029,8.164,96.393,5.559,142.988,0,5.572,5.575,NA,22
"5/25/2022 2:56:49 PM",8.342,29.356,49.428,78.096,71266.7,1032.857,32.821,0.039,0.039,0.029,8.168,96.424,5.561,141.969,0,5.574,5.578,NA,22
"5/25/2022 2:56:49 PM",8.269,29.357,49.429,78.099,71267.9,1032.857,32.821,0.047,0.047,0.044,8.167,96.302,5.554,140.099,0,5.567,5.57,NA,22
"5/25/2022 2:56:49 PM",8.201,29.356,49.432,78.103,71271.9,1032.859,32.824,0.047,0.047,0.029,8.166,96.351,5.556,140.184,0,5.569,5.572,NA,22
"5/25/2022 2:56:50 PM",8.107,29.358,49.433,78.106,71273,1032.859,32.824,0.047,0.047,0.029,8.167,96.364,5.556,140.439,0,5.569,5.573,NA,22
"5/25/2022 2:56:50 PM",8.056,29.359,49.433,78.106,71272.1,1032.858,32.824,0.047,0.047,0.029,8.168,96.258,5.551,139.335,0,5.564,5.567,NA,22
"5/25/2022 2:56:50 PM",8.027,29.359,49.437,78.112,71277.2,1032.861,32.827,0.047,0.047,0.029,8.165,96.331,5.555,139.08,0,5.568,5.571,NA,22
"5/25/2022 2:56:50 PM",8.006,29.359,49.446,78.126,71289.4,1032.868,32.834,0.039,0.039,0.044,8.167,96.354,5.555,139.675,0,5.568,5.571,NA,22
"5/25/2022 2:56:51 PM",8.013,29.36,49.447,78.127,71289.9,1032.868,32.834,0.039,0.039,0.044,8.168,96.37,5.556,138.315,0,5.569,5.572,NA,22
"5/25/2022 2:56:51 PM",7.982,29.361,49.443,78.125,71285.1,1032.865,32.831,0.031,0.031,0.015,8.168,96.345,5.555,138.91,0,5.568,5.571,NA,22
"5/25/2022 2:56:51 PM",7.909,29.361,49.439,78.119,71280,1032.861,32.828,0.039,0.039,0,8.166,96.292,5.553,140.439,0,5.565,5.569,NA,22
"5/25/2022 2:56:51 PM",7.79,29.361,49.443,78.123,71284.3,1032.864,32.83,0.047,0.047,0,8.168,96.27,5.551,144.262,0,5.564,5.568,NA,22
"5/25/2022 2:56:51 PM",7.601,29.36,49.446,78.126,71288.1,1032.865,32.833,0.039,0.039,0.044,8.168,96.278,5.552,148.935,0,5.565,5.568,NA,22
"5/25/2022 2:56:52 PM",7.524,29.36,49.452,78.135,71296.4,1032.87,32.838,0.039,0.039,0.015,8.166,96.337,5.555,147.916,0,5.568,5.571,NA,22
"5/25/2022 2:56:52 PM",7.477,29.362,49.451,78.136,71294.5,1032.868,32.836,0.039,0.039,0.044,8.167,96.31,5.554,145.452,0,5.567,5.57,NA,22
"5/25/2022 2:56:52 PM",7.441,29.364,49.453,78.142,71296.6,1032.869,32.837,0.047,0.047,0.044,8.168,96.229,5.549,147.321,0,5.562,5.565,NA,22
"5/25/2022 2:56:52 PM",7.423,29.367,49.456,78.15,71300.1,1032.87,32.838,0.055,0.055,0.044,8.168,96.258,5.551,147.831,0,5.564,5.567,NA,22
"5/25/2022 2:56:52 PM",7.427,29.369,49.457,78.155,71301.3,1032.87,32.838,0.047,0.047,0.029,8.17,96.301,5.553,147.746,0,5.565,5.569,NA,22
"5/25/2022 2:56:53 PM",7.401,29.371,49.457,78.158,71301.5,1032.869,32.838,0.047,0.047,0.044,8.161,96.485,5.563,147.321,0,5.576,5.579,NA,22
"5/25/2022 2:56:53 PM",7.302,29.373,49.454,78.156,71296.3,1032.865,32.834,0.047,0.047,0.029,8.161,96.401,5.559,146.301,0,5.572,5.575,NA,22
"5/25/2022 2:56:53 PM",7.129,29.373,49.455,78.157,71297.6,1032.865,32.835,0.047,0.047,0.044,8.156,96.477,5.564,146.132,0,5.576,5.58,NA,22
"5/25/2022 2:56:53 PM",6.815,29.373,49.458,78.162,71302.2,1032.867,32.838,0.039,0.039,0,8.15,96.377,5.558,144.602,0,5.57,5.574,NA,22
"5/25/2022 2:56:53 PM",6.629,29.375,49.459,78.166,71302.7,1032.866,32.838,0.039,0.039,0.015,8.159,96.433,5.561,144.857,0,5.574,5.578,NA,22
"5/25/2022 2:56:54 PM",6.47,29.377,49.458,78.167,71300.5,1032.863,32.836,0.055,0.055,0.044,8.155,96.335,5.556,146.386,0,5.569,5.572,NA,22
"5/25/2022 2:56:54 PM",6.314,29.379,49.458,78.17,71300.8,1032.863,32.836,0.039,0.039,0.015,8.165,96.353,5.557,145.452,0,5.57,5.573,NA,22
"5/25/2022 2:56:54 PM",6.136,29.382,49.461,78.178,71304.5,1032.863,32.837,0.047,0.047,0.044,8.166,96.382,5.559,145.792,0,5.572,5.575,NA,22
"5/25/2022 2:56:54 PM",6.051,29.385,49.458,78.178,71299.6,1032.859,32.833,0.039,0.039,0.073,8.166,96.304,5.554,143.328,0,5.567,5.57,NA,22
"5/25/2022 2:56:54 PM",5.987,29.388,49.46,78.185,71302.3,1032.86,32.834,0.039,0.039,0.058,8.169,96.238,5.551,143.243,0,5.563,5.567,NA,22
"5/25/2022 2:56:55 PM",5.952,29.392,49.459,78.189,71300.2,1032.857,32.832,0.047,0.047,0.029,8.16,96.324,5.555,145.112,0,5.568,5.571,NA,22
"5/25/2022 2:56:55 PM",5.947,29.399,49.458,78.198,71298.3,1032.854,32.829,0.039,0.039,0.029,8.16,96.277,5.553,147.746,0,5.566,5.569,NA,22
"5/25/2022 2:56:55 PM",5.968,29.407,49.458,78.211,71297.6,1032.851,32.826,0.047,0.047,0.029,8.158,96.435,5.561,148.341,0,5.574,5.577,NA,22
"5/25/2022 2:56:55 PM",5.919,29.408,49.457,78.21,71295.4,1032.85,32.824,0.055,0.055,0.029,8.168,96.407,5.56,149.02,0,5.573,5.576,NA,22
"5/25/2022 2:56:55 PM",5.799,29.408,49.465,78.219,71305.2,1032.855,32.831,0.031,0.031,0.029,8.166,96.355,5.556,149.785,0,5.569,5.572,NA,22
"5/25/2022 2:56:56 PM",5.611,29.411,49.464,78.224,71304.3,1032.853,32.829,0.031,0.031,0.058,8.158,96.409,5.559,153.098,0,5.572,5.575,NA,22
"5/25/2022 2:56:56 PM",5.368,29.428,49.517,78.32,71368.3,1032.886,32.863,0.031,0.031,0.015,8.171,96.418,5.558,154.628,0,5.571,5.574,NA,22
"5/25/2022 2:56:56 PM",5.248,29.489,49.488,78.369,71324.5,1032.842,32.82,0.031,0.031,0.015,8.159,96.458,5.56,153.183,0,5.573,5.576,NA,22
"5/25/2022 2:56:56 PM",5.164,29.515,49.454,78.359,71279.1,1032.807,32.785,0.031,0.031,0,8.153,96.536,5.564,150.21,0,5.577,5.58,NA,22
"5/25/2022 2:56:56 PM",5.102,29.527,49.471,78.399,71298.1,1032.815,32.793,0.023,0.023,0.015,8.156,96.499,5.561,147.321,0,5.574,5.577,NA,22
"5/25/2022 2:56:57 PM",5.057,29.531,49.468,78.4,71293.5,1032.811,32.789,0.047,0.047,0.058,8.154,96.562,5.563,146.726,0,5.576,5.579,NA,22
"5/25/2022 2:56:57 PM",4.98,29.551,49.453,78.409,71273.3,1032.792,32.771,0.039,0.039,0,8.16,96.559,5.562,148.256,0,5.575,5.578,NA,22
"5/25/2022 2:56:57 PM",4.914,29.554,49.452,78.411,71270.6,1032.79,32.769,0.055,0.055,0.058,8.155,96.365,5.55,147.916,0,5.563,5.566,NA,22
"5/25/2022 2:56:57 PM",4.804,29.553,49.45,78.408,71268.6,1032.788,32.768,0.055,0.055,0.029,8.157,96.505,5.558,147.746,0,5.571,5.574,NA,22
"5/25/2022 2:56:57 PM",4.629,29.552,49.457,78.415,71276.9,1032.793,32.773,0.055,0.055,0.015,8.158,96.473,5.555,149.615,0,5.568,5.571,NA,22
"5/25/2022 2:56:58 PM",4.406,29.552,49.452,78.409,71271.6,1032.789,32.77,0.039,0.039,0,8.158,96.413,5.552,153.693,0,5.565,5.568,NA,22
"5/25/2022 2:56:58 PM",4.107,29.552,49.457,78.415,71277,1032.791,32.773,0.023,0.023,0.015,8.16,96.455,5.555,156.667,0,5.567,5.571,NA,22
"5/25/2022 2:56:58 PM",3.959,29.557,49.45,78.413,71268.4,1032.784,32.767,0.039,0.039,0.058,8.167,96.439,5.554,156.752,0,5.567,5.57,NA,22
"5/25/2022 2:56:58 PM",3.832,29.56,49.448,78.415,71265.5,1032.781,32.764,0.039,0.039,0.058,8.17,96.478,5.556,158.621,0,5.569,5.572,NA,22
"5/25/2022 2:56:58 PM",3.731,29.561,49.448,78.415,71264.1,1032.779,32.763,0.039,0.039,0.044,8.171,96.417,5.553,161.594,0,5.565,5.569,NA,22
"5/25/2022 2:56:59 PM",3.641,29.564,49.451,78.423,71268.2,1032.781,32.765,0.047,0.047,0.029,8.162,96.461,5.555,164.058,0,5.568,5.571,NA,22
"5/25/2022 2:56:59 PM",3.51,29.574,49.447,78.432,71261.8,1032.773,32.758,0.047,0.047,0,8.157,96.389,5.55,166.097,0,5.563,5.566,NA,22
"5/25/2022 2:56:59 PM",3.458,29.583,49.473,78.482,71292.8,1032.789,32.774,0.047,0.047,0.044,8.162,96.633,5.563,167.202,0,5.575,5.579,NA,22
"5/25/2022 2:56:59 PM",3.434,29.61,49.466,78.51,71280.6,1032.774,32.76,0.039,0.039,0.015,8.16,96.525,5.556,167.796,0,5.569,5.572,NA,22
"5/25/2022 2:56:59 PM",3.406,29.631,49.462,78.535,71274.1,1032.764,32.75,0.039,0.039,0.044,8.156,96.492,5.553,170.005,0,5.566,5.569,NA,22
"5/25/2022 2:57:00 PM",3.232,29.643,49.447,78.531,71253,1032.747,32.734,0.047,0.047,0.015,8.162,96.58,5.558,179.776,0,5.571,5.574,NA,22
"5/25/2022 2:57:00 PM",3.043,29.638,49.458,78.54,71267.5,1032.757,32.744,0.031,0.031,0,8.146,96.513,5.554,186.318,0,5.567,5.57,NA,22
"5/25/2022 2:57:00 PM",2.905,29.649,49.478,78.583,71290.7,1032.767,32.755,0.023,0.023,0,8.148,96.505,5.552,189.631,0,5.565,5.568,NA,22
"5/25/2022 2:57:00 PM",2.816,29.665,49.469,78.593,71278,1032.755,32.743,0.031,0.031,0,8.142,96.584,5.557,187.677,0,5.569,5.573,NA,22
"5/25/2022 2:57:01 PM",2.736,29.672,49.466,78.599,71273.3,1032.749,32.738,0.031,0.031,0.015,8.14,96.641,5.559,180.625,0,5.572,5.575,NA,22
"5/25/2022 2:57:01 PM",2.67,29.676,49.462,78.599,71268.2,1032.745,32.734,0.023,0.023,0,8.142,96.593,5.556,179.946,0,5.569,5.572,NA,22
"5/25/2022 2:57:01 PM",2.648,29.676,49.493,78.641,71306.3,1032.768,32.757,0.031,0.031,0.015,8.146,96.536,5.552,186.912,0,5.565,5.568,NA,22
"5/25/2022 2:57:01 PM",2.629,29.685,49.491,78.653,71303.5,1032.764,32.752,0.031,0.031,0.029,8.146,96.628,5.557,193.284,0,5.569,5.573,NA,22
"5/25/2022 2:57:01 PM",2.606,29.696,49.481,78.654,71289.1,1032.752,32.741,0.055,0.055,0.029,8.149,96.515,5.55,190.651,0,5.563,5.566,NA,22
"5/25/2022 2:57:02 PM",2.479,29.707,49.476,78.662,71281.1,1032.743,32.733,0.023,0.023,0.029,8.141,96.593,5.554,193.454,0,5.566,5.569,NA,22
"5/25/2022 2:57:02 PM",2.316,29.708,49.473,78.66,71277.3,1032.74,32.73,0.039,0.039,0.044,8.138,96.567,5.552,204.924,0,5.564,5.568,NA,22
"5/25/2022 2:57:02 PM",2.116,29.708,49.471,78.657,71274.8,1032.738,32.729,0.031,0.031,0.015,8.126,96.634,5.556,209.682,0,5.569,5.572,NA,22
"5/25/2022 2:57:02 PM",1.907,29.71,49.472,78.661,71275.4,1032.737,32.729,0.031,0.031,0.029,8.125,96.634,5.555,209.087,0,5.568,5.571,NA,22
"5/25/2022 2:57:02 PM",1.646,29.713,49.473,78.668,71276.9,1032.736,32.729,0.031,0.031,0.029,8.124,96.612,5.554,207.728,0,5.567,5.57,NA,22
"5/25/2022 2:57:03 PM",1.549,29.714,49.469,78.663,71272,1032.732,32.726,0.031,0.031,0.044,8.121,96.577,5.552,201.186,0,5.565,5.568,NA,22
"5/25/2022 2:57:03 PM",1.486,29.714,49.468,78.66,71269.8,1032.731,32.724,0.039,0.039,0.029,8.126,96.644,5.556,200.251,0,5.569,5.572,NA,22
"5/25/2022 2:57:03 PM",1.434,29.713,49.466,78.657,71267.6,1032.729,32.723,0.039,0.039,0.058,8.122,96.523,5.549,217.413,0,5.562,5.565,NA,22
"5/25/2022 2:57:03 PM",1.402,29.712,49.467,78.657,71268.6,1032.73,32.724,0.031,0.031,0.044,8.122,96.489,5.547,232.791,0,5.56,5.563,NA,22
"5/25/2022 2:57:03 PM",1.422,29.71,49.469,78.658,71272.3,1032.733,32.727,0.023,0.023,0.015,8.123,96.608,5.554,223.955,0,5.566,5.57,NA,22
"5/25/2022 2:57:04 PM",1.434,29.708,49.469,78.655,71272.1,1032.733,32.727,0.031,0.031,0.029,8.119,96.46,5.545,219.962,0,5.557,5.561,NA,22
"5/25/2022 2:57:04 PM",1.399,29.709,49.468,78.653,71270.5,1032.732,32.726,0.031,0.031,0.029,8.118,96.509,5.548,210.022,0,5.561,5.564,NA,22
"5/25/2022 2:57:04 PM",1.371,29.707,49.468,78.652,71271.2,1032.733,32.727,0.039,0.039,0.029,8.118,96.625,5.555,211.721,0,5.568,5.571,NA,22
"5/25/2022 2:57:04 PM",1.369,29.706,49.47,78.653,71273.6,1032.735,32.729,0.039,0.039,0.029,8.12,96.51,5.548,220.302,0,5.561,5.564,NA,22
"5/25/2022 2:57:04 PM",1.338,29.706,49.469,78.651,71271.9,1032.733,32.728,0.039,0.039,0.058,8.12,96.479,5.547,231.517,0,5.56,5.563,NA,22
"5/25/2022 2:57:05 PM",1.277,29.705,49.473,78.656,71277.5,1032.737,32.731,0.031,0.031,0.029,8.126,96.671,5.558,243.496,0,5.571,5.574,NA,22
"5/25/2022 2:57:05 PM",1.185,29.705,49.479,78.663,71284.6,1032.741,32.736,0.023,0.023,0,8.132,96.613,5.555,255.39,0,5.567,5.571,NA,22
"5/25/2022 2:57:05 PM",1.088,29.709,49.476,78.665,71281.1,1032.737,32.733,0.016,0.016,0.029,8.123,96.618,5.555,261.423,0,5.568,5.571,NA,22
"5/25/2022 2:57:05 PM",0.914,29.719,49.475,78.677,71277.7,1032.732,32.728,0.023,0.023,0.073,8.118,96.666,5.558,266.01,0,5.571,5.574,NA,22
"5/25/2022 2:57:05 PM",0.79,29.723,49.466,78.671,71266.5,1032.723,32.72,0.078,0.078,0.073,8.116,96.618,5.555,265.925,0,5.568,5.571,NA,22
"5/25/2022 2:57:06 PM",0.66,29.722,49.467,78.672,71268.2,1032.724,32.721,0.078,0.078,0.087,8.117,96.55,5.551,292.433,0,5.563,5.567,NA,22
"5/25/2022 2:57:06 PM",0.55,29.725,49.467,78.675,71267.3,1032.722,32.72,0.055,0.055,0.058,8.118,96.561,5.551,335.253,0,5.564,5.567,NA,22
"5/25/2022 2:57:06 PM",0.479,29.737,49.47,78.697,71269.2,1032.72,32.718,0.062,0.062,0.568,8.119,96.561,5.551,340.86,0,5.564,5.567,NA,22
"5/25/2022 2:57:06 PM",0.395,29.744,49.454,78.684,71248.7,1032.705,32.703,0.101,0.101,0.422,8.12,96.527,5.55,333.894,0,5.562,5.566,NA,22
"5/25/2022 2:57:06 PM",0.303,29.74,49.478,78.712,71279.1,1032.724,32.723,0.101,0.101,0.175,8.119,96.591,5.552,345.703,0,5.565,5.568,NA,22
"5/25/2022 2:57:07 PM",0.154,29.75,49.463,78.705,71258.9,1032.709,32.708,0.25,0.25,0.116,8.12,96.647,5.556,347.317,0,5.568,5.572,NA,22
"5/25/2022 2:57:07 PM",0.023,29.758,49.454,78.704,71246.6,1032.698,32.698,0.062,0.062,0.029,8.12,96.776,5.563,380.877,0,5.575,5.579,NA,22
"5/25/2022 2:57:07 PM",0,29.767,49.457,78.721,71248.8,1032.696,32.697,0,0,0,8.123,96.71,5.559,433.297,0,5.571,5.575,NA,22
"5/25/2022 2:57:07 PM",0,29.78,49.459,78.743,71250.6,1032.693,32.694,0,0,0,8.122,96.793,5.563,467.196,0,5.576,5.579,NA,22
"5/25/2022 2:57:07 PM",0,29.794,49.451,78.752,71238.4,1032.682,32.683,0.179,0.179,0.379,8.121,96.834,5.566,567.449,0,5.578,5.582,NA,22
"5/25/2022 2:57:08 PM",0,29.801,49.446,78.756,71231.7,1032.676,32.677,0.374,0.374,0.641,8.121,96.61,5.553,573.736,0,5.565,5.568,NA,22
"5/25/2022 2:57:08 PM",0,29.787,1.917,4.007,3625.4,997.146,0,7.473,7.473,41.825,8.121,96.729,7.217,566.005,0,7.238,7.238,NA,22
"5/25/2022 2:57:08 PM",0,29.679,1.319,2.808,2545.6,996.732,0,343.241,343.241,482.099,8.119,96.703,7.238,559.038,0,7.259,7.259,NA,22
"5/25/2022 2:57:08 PM",0,29.557,0.99,2.132,1937.8,996.522,0,172.919,172.919,192.62,8.124,96.526,7.237,562.267,0,7.257,7.257,NA,22
"5/25/2022 2:57:08 PM",0,29.422,0.848,1.835,1672,996.456,0,506.05,506.05,264.477,8.118,96.58,7.245,580.278,0,7.266,7.266,NA,22
"5/25/2022 2:57:09 PM",0,29.317,0.741,1.61,1470.5,996.408,0,287.473,287.473,118.321,8.114,96.537,7.246,593.022,0,7.267,7.267,NA,22
"5/25/2022 2:57:09 PM",0,29.3,0.638,1.395,1274.6,996.336,0,122.838,122.838,48.736,8.11,96.406,7.24,609.674,0,7.261,7.261,NA,22
"5/25/2022 2:57:09 PM",0,29.324,0.596,1.308,1194.2,996.297,0,375.739,375.739,146.596,8.109,96.408,7.242,621.824,0,7.263,7.263,NA,22
"5/25/2022 2:57:09 PM",0,29.324,0.552,1.214,1108.2,996.264,0,148.628,148.628,39.239,8.107,96.483,7.25,619.955,0,7.271,7.271,NA,22
"5/25/2022 2:57:09 PM",0,29.306,0.542,1.192,1089.2,996.262,0,148.784,148.784,59.688,8.104,96.391,7.244,618.51,0,7.265,7.265,NA,22
"5/25/2022 2:57:10 PM",0,29.28,0.507,1.117,1020.5,996.243,0,85.044,85.044,154.948,8.103,96.368,7.244,623.863,0,7.265,7.265,NA,22
"5/25/2022 2:57:10 PM",0,29.241,0.484,1.068,976.4,996.238,0,84.888,84.888,149.753,8.111,96.132,7.228,636.097,0,7.248,7.249,NA,22
"5/25/2022 2:57:10 PM",0,29.182,0.462,1.019,933.2,996.238,0,212.625,212.625,231.779,8.104,96.098,7.227,624.033,0,7.248,7.248,NA,22
"5/25/2022 2:57:10 PM",0,29.119,0.452,0.998,915.1,996.25,0,98.133,98.133,233.734,8.107,96.073,7.226,614.602,0,7.247,7.247,NA,22
"5/25/2022 2:57:11 PM",0,28.974,0.437,0.963,885.7,996.281,0,52.078,52.078,81.484,8.111,96.163,7.234,605.426,0,7.255,7.255,NA,22
"5/25/2022 2:57:11 PM",0,28.558,0.405,0.887,822.5,996.378,0,35.821,35.821,15.148,8.109,95.92,7.219,601.688,0,7.24,7.24,NA,22
"5/25/2022 2:57:11 PM",0,28.455,0.393,0.859,798.6,996.399,0,26.959,26.959,3.426,8.109,95.786,7.21,607.041,0,7.231,7.231,NA,22
"5/25/2022 2:57:11 PM",0,28.454,0.382,0.837,777.9,996.391,0,13.62,13.62,1.34,8.113,95.649,7.201,608.315,0,7.221,7.221,NA,22
"5/25/2022 2:57:11 PM",0,28.503,0.372,0.816,757.3,996.369,0,30.712,30.712,3.558,8.106,95.498,7.191,616.301,0,7.212,7.212,NA,22
"5/25/2022 2:57:12 PM",0,28.569,0.36,0.79,732.8,996.341,0,19.432,19.432,0.073,8.1,95.521,7.196,597.355,0,7.217,7.217,NA,22
"5/25/2022 2:57:12 PM",0,28.584,0.354,0.78,722.6,996.333,0,58.724,58.724,25.835,8.094,95.642,7.207,563.031,0,7.227,7.227,NA,22
"5/25/2022 2:57:12 PM",0,28.604,0.351,0.772,715.6,996.324,0,246.886,246.886,267.298,8.094,95.509,7.197,489.796,0,7.218,7.218,NA,22
"5/25/2022 2:57:12 PM",0,28.623,0.335,0.739,684,996.307,0,178.645,178.645,261.833,8.091,95.618,7.206,525.054,0,7.227,7.227,NA,22
"5/25/2022 2:57:12 PM",0,28.604,0.321,0.709,657.1,996.302,0,58.396,58.396,80.323,8.089,95.65,7.209,550.882,0,7.23,7.23,NA,22
"5/25/2022 2:57:13 PM",0,28.577,0.318,0.701,650.3,996.307,0,315.033,315.033,1084.274,8.089,95.368,7.189,436.101,0,7.21,7.21,NA,22
"5/25/2022 2:57:13 PM",0,28.538,0.322,0.709,657.6,996.322,0,104.585,104.585,272.831,8.089,95.299,7.184,350.376,0,7.204,7.204,NA,22
"5/25/2022 2:57:13 PM",0,28.488,1.264,2.636,2448,997.043,0,52.733,52.733,76.536,8.088,95.234,7.142,274.591,0,7.163,7.163,NA,22
"5/25/2022 2:57:13 PM",0,28.424,0.648,1.392,1294.1,996.6,0,15.165,15.165,17.907,8.079,95.066,7.154,224.04,0,7.175,7.175,NA,22
"5/25/2022 2:57:13 PM",0,28.347,1.249,2.6,2421.7,997.073,0,3.214,3.214,4.873,8.071,94.901,7.12,229.817,0,7.14,7.14,NA,22
"5/25/2022 2:57:14 PM",0,28.316,0.613,1.317,1227.3,996.604,0,1.49,1.49,3.003,8.065,94.663,7.127,266.52,0,7.147,7.147,NA,22
"5/25/2022 2:57:14 PM",0,28.255,0.486,1.051,981.2,996.526,0,1.186,1.186,1.632,8.067,93.884,7.074,313.758,0,7.094,7.094,NA,22
"5/25/2022 2:57:14 PM",0,28.097,2.623,5.211,4878.7,998.172,0,0.546,0.546,0.393,8.062,93.941,6.996,330.75,0,7.016,7.016,NA,22
"5/25/2022 2:57:14 PM",0,27.873,1.451,2.968,2792,997.359,0,0.554,0.554,0.204,8.058,94.174,7.059,330.58,0,7.079,7.079,NA,22
"5/25/2022 2:57:14 PM",0,27.681,1.464,2.983,2817.1,997.424,0,0.398,0.398,0.116,8.055,94.227,7.063,323.698,0,7.083,7.083,NA,22
"5/25/2022 2:57:15 PM",0,27.613,1.565,3.172,2999.6,997.518,0,0.437,0.437,0.786,8.051,94.262,7.061,325.398,0,7.082,7.082,NA,22
"5/25/2022 2:57:15 PM",0,27.597,1.67,3.372,3189.8,997.602,0,0.25,0.25,0.83,8.048,94.381,7.066,324.803,0,7.087,7.087,NA,22
"5/25/2022 2:57:15 PM",0,27.605,0.873,1.823,1723.9,997.002,0,0.187,0.187,1.151,8.051,94.392,7.098,324.463,0,7.119,7.119,NA,22
"5/25/2022 2:57:15 PM",0,27.66,0.647,1.369,1293.1,996.817,0,0.133,0.133,0,8.053,94.492,7.115,312.399,0,7.135,7.135,NA,22
"5/25/2022 2:57:15 PM",0,27.756,0.738,1.556,1467,996.858,0,0.179,0.179,0,8.046,94.504,7.111,311.379,0,7.132,7.132,NA,22
"5/25/2022 2:57:16 PM",0,27.844,0.603,1.284,1208.5,996.732,0,0.062,0.062,0.874,8.035,94.366,7.106,312.993,0,7.127,7.127,NA,22
"5/25/2022 2:57:16 PM",0,27.901,0.362,0.785,738.3,996.535,0,1.014,1.014,1.253,8.031,94.49,7.125,313.673,0,7.145,7.145,NA,22
"5/25/2022 2:57:16 PM",0,27.891,0.289,0.63,592.6,996.482,0,2.106,2.106,3.675,8.028,94.421,7.122,327.692,0,7.143,7.143,NA,22
"5/25/2022 2:57:16 PM",0,27.863,0.265,0.579,545.1,996.473,0,1.077,1.077,10.308,8.029,94.511,7.13,364.224,0,7.15,7.15,NA,22
"5/25/2022 2:57:16 PM",0,27.899,0.281,0.614,577.2,996.474,0,3.214,3.214,8.796,8.032,94.63,7.137,379.177,0,7.158,7.158,NA,22
"5/25/2022 2:57:17 PM",0,27.953,0.262,0.574,539.1,996.445,0,1.919,1.919,6.452,8.03,94.752,7.147,387.673,0,7.168,7.168,NA,22
"5/25/2022 2:57:17 PM",0,29.394,2.569,5.239,4777.5,997.75,0,3.939,3.939,18.809,8.042,96.973,7.22,394.81,0,7.241,7.241,NA,22
"5/25/2022 2:57:17 PM",0,30.897,2.128,4.514,3995.9,996.962,0,2.527,2.527,10.469,8.098,97.769,7.277,397.274,0,7.298,7.298,NA,22
"5/25/2022 2:57:17 PM",0,31.413,1.97,4.238,3714.2,996.682,0,2.27,2.27,9.442,8.181,96.566,7.16,405.26,0,7.18,7.18,NA,22
"5/25/2022 2:57:17 PM",0,31.483,1.926,4.156,3637,996.628,0,1.911,1.911,9.295,8.223,96.179,7.114,426.075,0,7.135,7.135,NA,22
"5/25/2022 2:57:18 PM",0,31.496,1.945,4.195,3670.6,996.638,0,2.106,2.106,10.293,8.271,95.555,7.051,442.218,0,7.072,7.071,NA,22
"5/25/2022 2:57:18 PM",0,31.474,1.908,4.117,3603.7,996.617,0,2.262,2.262,12.012,8.312,95.089,7.006,469.66,0,7.027,7.027,NA,22
"5/25/2022 2:57:18 PM",0,31.462,1.811,3.919,3431.6,996.549,0,2.02,2.02,12.218,8.359,94.891,6.982,471.699,0,7.002,7.002,NA,22
"5/25/2022 2:57:18 PM",0,31.467,1.792,3.881,3397.3,996.533,0,1.989,1.989,12.218,8.385,94.923,6.978,464.477,0,6.998,6.998,NA,22
"5/25/2022 2:57:18 PM",0,31.471,1.812,3.922,3433.7,996.547,0,2.223,2.223,11.586,8.411,94.779,6.961,464.477,0,6.981,6.981,NA,22
"5/25/2022 2:57:19 PM",0,31.456,1.805,3.907,3421.1,996.546,0,2.005,2.005,10.425,8.428,94.279,6.921,525.734,0,6.941,6.941,NA,22
"5/25/2022 2:57:19 PM",0,31.461,1.795,3.886,3402.3,996.537,0,1.919,1.919,9.779,8.442,94.091,6.903,558.953,0,6.923,6.923,NA,22
"5/25/2022 2:57:19 PM",0,31.476,1.788,3.874,3390.7,996.527,0,1.825,1.825,9.867,8.459,93.969,6.893,582.317,0,6.912,6.912,NA,22
"5/25/2022 2:57:19 PM",0,31.481,1.711,3.716,3252.6,996.468,0,1.974,1.974,9.633,8.469,93.911,6.891,571.867,0,6.91,6.91,NA,22
"5/25/2022 2:57:20 PM",0,31.472,1.741,3.777,3306.6,996.494,0,2.013,2.013,9.383,8.478,93.769,6.879,609.929,0,6.899,6.899,NA,22
"5/25/2022 2:57:20 PM",0,31.459,1.674,3.637,3184.8,996.447,0,2.161,2.161,9.016,8.487,93.655,6.874,626.412,0,6.893,6.893,NA,22
"5/25/2022 2:57:20 PM",0,31.464,1.654,3.597,3149.4,996.431,0,2.34,2.34,9.192,8.495,93.293,6.848,597.865,0,6.867,6.867,NA,22
"5/25/2022 2:57:20 PM",0,31.479,1.659,3.609,3158.4,996.43,0,2.231,2.231,10.19,8.506,93.28,6.847,558.783,0,6.867,6.866,NA,22
"5/25/2022 2:57:20 PM",0,31.494,1.648,3.586,3138.1,996.417,0,2.215,2.215,10.352,8.51,93.327,6.85,554.365,0,6.87,6.87,NA,22
"5/25/2022 2:57:21 PM",0,31.499,1.654,3.6,3149.3,996.42,0,2.13,2.13,10.044,8.507,93.224,6.843,533.38,0,6.863,6.863,NA,22
"5/25/2022 2:57:21 PM",0,31.5,1.659,3.611,3159.2,996.424,0,1.818,1.818,9.926,8.51,93.158,6.838,495.488,0,6.858,6.858,NA,22
"5/25/2022 2:57:21 PM",0,31.496,1.66,3.612,3160,996.425,0,2.02,2.02,10.044,8.51,93.171,6.839,521.486,0,6.859,6.859,NA,22
"5/25/2022 2:57:21 PM",0,31.496,1.658,3.609,3157.7,996.424,0,1.88,1.88,10.205,8.507,93.185,6.84,549.608,0,6.86,6.86,NA,22
"5/25/2022 2:57:21 PM",0,31.483,1.651,3.593,3144.2,996.423,0,1.989,1.989,10.22,8.506,93.076,6.833,567.449,0,6.853,6.853,NA,22
"5/25/2022 2:57:22 PM",0,31.477,1.633,3.554,3111,996.411,0,2.106,2.106,9.765,8.512,93.093,6.835,577.05,0,6.855,6.855,NA,22
"5/25/2022 2:57:22 PM",0,31.493,1.625,3.539,3096.5,996.4,0,1.732,1.732,9.838,8.515,93.027,6.831,612.478,0,6.85,6.85,NA,22
"5/25/2022 2:57:22 PM",0,31.495,1.581,3.45,3018.9,996.367,0,1.701,1.701,10.352,8.512,92.948,6.827,639.835,0,6.846,6.846,NA,22
"5/25/2022 2:57:22 PM",0,31.467,1.59,3.465,3033.6,996.382,0,1.818,1.818,9.911,8.509,92.946,6.827,657.677,0,6.847,6.846,NA,22
"5/25/2022 2:57:22 PM",0,31.479,1.559,3.403,2978.7,996.356,0,1.935,1.935,9.691,8.5,92.866,6.822,676.623,0,6.842,6.842,NA,22
"5/25/2022 2:57:23 PM",0,31.496,1.542,3.368,2947.2,996.337,0,1.919,1.919,9.589,8.5,92.808,6.819,705.764,0,6.839,6.838,NA,22
"5/25/2022 2:57:23 PM",0,31.479,1.524,3.33,2914.5,996.329,0,1.935,1.935,10.014,8.501,92.99,6.834,716.894,0,6.853,6.853,NA,22
"5/25/2022 2:57:23 PM",0,31.458,1.534,3.349,2932.7,996.343,0,1.771,1.771,10,8.503,92.918,6.828,721.057,0,6.848,6.848,NA,22
"5/25/2022 2:57:23 PM",0,31.455,1.521,3.324,2910.3,996.335,0,1.911,1.911,9.809,8.497,92.973,6.833,721.822,0,6.853,6.853,NA,22
"5/25/2022 2:57:23 PM",0,31.448,1.525,3.331,2917.5,996.34,0,2.106,2.106,9.721,8.502,92.918,6.829,723.181,0,6.849,6.849,NA,22
"5/25/2022 2:57:24 PM",0,31.444,1.524,3.328,2915,996.34,0,1.997,1.997,10,8.504,92.976,6.833,725.05,0,6.853,6.853,NA,22
"5/25/2022 2:57:24 PM",0,31.442,1.52,3.32,2907.8,996.338,0,1.911,1.911,9.016,8.497,92.994,6.835,725.475,0,6.855,6.855,NA,22
"5/25/2022 2:57:24 PM",0,31.426,1.509,3.296,2887.6,996.335,0,1.997,1.997,9.486,8.494,92.946,6.832,725.73,0,6.852,6.852,NA,22
"5/25/2022 2:57:24 PM",0,31.425,1.501,3.279,2873.3,996.329,0,1.903,1.903,9.926,8.487,92.875,6.827,725.73,0,6.847,6.847,NA,22
"5/25/2022 2:57:24 PM",0,31.423,1.48,3.236,2835.3,996.314,0,1.935,1.935,9.559,8.486,92.89,6.83,725.22,0,6.85,6.849,NA,22
"5/25/2022 2:57:25 PM",0,31.426,1.466,3.207,2809.8,996.303,0,1.997,1.997,9.882,8.486,92.849,6.827,726.58,0,6.847,6.847,NA,22
"5/25/2022 2:57:25 PM",0,31.429,1.466,3.207,2809.2,996.302,0,2.036,2.036,9.559,8.49,92.892,6.831,728.959,0,6.851,6.851,NA,22
"5/25/2022 2:57:25 PM",0,31.424,1.446,3.166,2773.7,996.289,0,2.075,2.075,9.706,8.498,92.81,6.825,730.403,0,6.845,6.845,NA,22
"5/25/2022 2:57:25 PM",0,31.418,1.436,3.144,2755.1,996.283,0,2.036,2.036,9.882,8.493,92.802,6.825,731.337,0,6.845,6.845,NA,22
"5/25/2022 2:57:25 PM",0,31.407,1.427,3.126,2739.9,996.28,0,2.114,2.114,9.574,8.486,92.748,6.821,732.782,0,6.841,6.841,NA,22
"5/25/2022 2:57:26 PM",0,31.38,1.42,3.108,2725.7,996.283,0,2.13,2.13,9.236,8.486,92.793,6.825,734.226,0,6.845,6.845,NA,22
"5/25/2022 2:57:26 PM",0,31.365,1.411,3.09,2710.1,996.281,0,1.864,1.864,9.603,8.485,92.783,6.825,736.18,0,6.844,6.844,NA,22
"5/25/2022 2:57:26 PM",0,31.349,1.415,3.096,2716.7,996.289,0,1.927,1.927,9.559,8.483,92.873,6.83,738.219,0,6.85,6.85,NA,22
"5/25/2022 2:57:26 PM",0,31.339,1.408,3.083,2705.5,996.287,0,2.176,2.176,10.264,8.483,92.771,6.823,739.579,0,6.843,6.843,NA,22
"5/25/2022 2:57:26 PM",0,31.347,1.392,3.05,2676.3,996.273,0,2.005,2.005,9.471,8.482,92.749,6.822,741.533,0,6.842,6.842,NA,22
"5/25/2022 2:57:27 PM",0,31.356,1.381,3.027,2655.6,996.262,0,2.122,2.122,10.19,8.479,92.713,6.82,742.382,0,6.839,6.839,NA,22
"5/25/2022 2:57:27 PM",0,31.367,1.376,3.016,2645.9,996.254,0,1.841,1.841,10.117,8.481,92.73,6.821,742.722,0,6.841,6.841,NA,22
"5/25/2022 2:57:27 PM",0,31.372,1.368,3.001,2631.7,996.247,0,2.044,2.044,9.779,8.482,92.707,6.819,742.722,0,6.839,6.839,NA,22
"5/25/2022 2:57:27 PM",0,31.376,1.352,2.969,2603.5,996.234,0,1.849,1.849,9.897,8.483,92.673,6.817,742.382,0,6.837,6.837,NA,22
"5/25/2022 2:57:27 PM",0,31.381,1.349,2.961,2596.4,996.23,0,1.935,1.935,9.735,8.481,92.763,6.824,742.552,0,6.843,6.843,NA,22
"5/25/2022 2:57:28 PM",0,31.386,1.339,2.942,2579.3,996.221,0,2.176,2.176,9.779,8.48,92.796,6.827,742.722,0,6.846,6.846,NA,22
"5/25/2022 2:57:28 PM",0,31.391,1.332,2.928,2566.7,996.214,0,2.036,2.036,9.779,8.477,92.834,6.829,742.977,0,6.849,6.849,NA,22
"5/25/2022 2:57:28 PM",0,31.397,1.324,2.91,2550.6,996.206,0,1.974,1.974,9.897,8.483,92.636,6.815,742.977,0,6.835,6.835,NA,22
"5/25/2022 2:57:28 PM",0,31.399,1.321,2.905,2546.7,996.204,0,2.052,2.052,10.102,8.483,92.747,6.824,742.637,0,6.843,6.843,NA,22
"5/25/2022 2:57:28 PM",0,31.402,1.312,2.886,2529.5,996.196,0,1.88,1.88,9.691,8.483,92.805,6.828,742.042,0,6.847,6.847,NA,22
"5/25/2022 2:57:29 PM",0,31.401,1.311,2.884,2527.9,996.195,0,2.114,2.114,9.618,8.482,92.836,6.83,741.023,0,6.85,6.85,NA,22
"5/25/2022 2:57:29 PM",0,31.398,1.306,2.873,2518.8,996.193,0,2.114,2.114,9.926,8.476,92.846,6.831,738.559,0,6.851,6.85,NA,22
"5/25/2022 2:57:29 PM",0,31.397,1.305,2.871,2516.5,996.192,0,1.919,1.919,9.603,8.471,92.722,6.822,731.592,0,6.841,6.841,NA,22
"5/25/2022 2:57:29 PM",0,31.392,1.296,2.852,2500.1,996.187,0,1.763,1.763,9.677,8.467,92.775,6.826,728.619,0,6.845,6.845,NA,22
"5/25/2022 2:57:30 PM",0,31.389,1.293,2.846,2495.4,996.186,0,1.911,1.911,10.367,8.461,92.783,6.826,727.259,0,6.846,6.846,NA,22
"5/25/2022 2:57:30 PM",0,31.389,1.288,2.834,2485.1,996.182,0,1.989,1.989,10.088,8.454,92.75,6.824,725.815,0,6.844,6.844,NA,22
"5/25/2022 2:57:30 PM",0,31.383,1.286,2.83,2481.8,996.182,0,1.966,1.966,9.618,8.451,92.782,6.826,724.286,0,6.846,6.846,NA,22
"5/25/2022 2:57:30 PM",0,31.383,1.279,2.816,2469,996.177,0,2.075,2.075,9.647,8.445,92.812,6.828,722.417,0,6.848,6.848,NA,22
"5/25/2022 2:57:30 PM",0,31.382,1.276,2.81,2463.7,996.175,0,1.825,1.825,9.457,8.442,92.931,6.837,724.796,0,6.857,6.857,NA,22
"5/25/2022 2:57:31 PM",0,31.38,1.272,2.801,2456.1,996.173,0,1.888,1.888,9.735,8.448,92.8,6.828,728.279,0,6.847,6.847,NA,22
"5/25/2022 2:57:31 PM",0,31.381,1.27,2.797,2452.6,996.171,0,1.997,1.997,9.589,8.442,92.757,6.824,730.233,0,6.844,6.844,NA,22
"5/25/2022 2:57:31 PM",0,31.382,1.268,2.793,2449.2,996.169,0,1.911,1.911,10,8.44,92.756,6.824,731.507,0,6.844,6.844,NA,22
"5/25/2022 2:57:31 PM",0,31.381,1.263,2.781,2439.1,996.166,0,1.997,1.997,9.867,8.441,92.796,6.827,731.847,0,6.847,6.847,NA,22
"5/25/2022 2:57:31 PM",0,31.383,1.263,2.782,2439.3,996.165,0,2.083,2.083,9.838,8.436,92.86,6.832,732.697,0,6.851,6.851,NA,22
"5/25/2022 2:57:32 PM",0,31.383,1.259,2.774,2432.1,996.162,0,2.013,2.013,10.234,8.436,92.911,6.836,732.867,0,6.855,6.855,NA,22
"5/25/2022 2:57:32 PM",0,31.381,1.259,2.773,2431.9,996.163,0,1.966,1.966,10.117,8.431,92.84,6.831,732.612,0,6.851,6.85,NA,22
"5/25/2022 2:57:32 PM",0,31.378,1.254,2.763,2422.7,996.16,0,1.997,1.997,9.765,8.426,92.747,6.824,731.932,0,6.844,6.844,NA,22
