"Date","Depth..m.","Temp...degC.","Sal.","Cond...mS.cm.","EC25..µS.cm.","Density..kg.m3.","SigmaT","Chl.Flu...ppb.","Chl.a..µg.l.","Turb...FTU.","pH","DO....","Weiss.DO..mg.l.","Quant...µmol..m2.s..","Mark","G.G.DO..mg.l.","B.K.DO..mg.l.","X","Station"
"5/24/2022 2:17:10 PM",0.198,30.105,50.537,80.705,72556.3,1033.395,33.394,0,0,0,7.67,93.545,5.26,1778.727,0,5.271,5.274,NA,11
"5/24/2022 2:17:10 PM",0.135,30.105,50.539,80.708,72558.9,1033.396,33.395,0,0,0,7.669,93.479,5.256,1690.368,0,5.267,5.27,NA,11
"5/24/2022 2:17:10 PM",0.055,30.106,50.54,80.711,72560.2,1033.396,33.396,0.289,0.289,0.626,7.662,93.506,5.258,1476.523,0,5.269,5.272,NA,11
"5/24/2022 2:17:11 PM",0.024,30.107,50.543,80.717,72563.6,1033.398,33.397,0,0,0,7.663,93.543,5.26,1562.163,0,5.271,5.274,NA,11
"5/24/2022 2:17:11 PM",0.019,30.108,50.542,80.717,72563.2,1033.397,33.397,0.078,0.078,0.16,7.666,93.505,5.258,1163.275,0,5.269,5.272,NA,11
"5/24/2022 2:17:11 PM",0.007,30.108,50.54,80.714,72560.5,1033.395,33.395,0.125,0.125,0.233,7.664,93.529,5.26,1267.097,0,5.27,5.274,NA,11
"5/24/2022 2:17:11 PM",0.06,30.108,50.541,80.715,72561.2,1033.396,33.396,0.062,0.062,0.087,7.665,93.506,5.258,1536.76,0,5.269,5.272,NA,11
"5/24/2022 2:17:11 PM",0.132,30.109,50.54,80.714,72559.7,1033.395,33.395,0.078,0.078,0.116,7.66,93.476,5.257,1336.594,0,5.268,5.271,NA,11
"5/24/2022 2:17:12 PM",0.351,30.105,50.546,80.718,72567.9,1033.402,33.401,0.086,0.086,0.131,7.666,93.497,5.258,1668.534,0,5.269,5.272,NA,11
"5/24/2022 2:17:12 PM",0.476,30.102,50.548,80.717,72571.4,1033.406,33.404,0,0,0,7.666,93.343,5.25,1651.542,0,5.261,5.264,NA,11
"5/24/2022 2:17:12 PM",0.613,30.099,50.553,80.718,72577.5,1033.411,33.408,0.047,0.047,0.058,7.663,93.394,5.252,1577.456,0,5.263,5.266,NA,11
"5/24/2022 2:17:12 PM",0.744,30.098,50.558,80.725,72584.2,1033.416,33.412,0.156,0.156,0.32,7.665,93.366,5.251,1175.425,0,5.262,5.265,NA,11
"5/24/2022 2:17:12 PM",0.844,30.098,50.558,80.725,72584.4,1033.416,33.412,0.109,0.109,0.189,7.664,93.316,5.249,1428.096,0,5.259,5.263,NA,11
"5/24/2022 2:17:13 PM",0.976,30.097,50.564,80.732,72591.2,1033.421,33.417,0,0,0,7.667,93.408,5.254,1263.613,0,5.265,5.269,NA,11
"5/24/2022 2:17:13 PM",1.03,30.098,50.567,80.737,72595,1033.423,33.419,0.172,0.172,0.349,7.668,93.532,5.262,973.304,0,5.273,5.276,NA,11
"5/24/2022 2:17:13 PM",1.02,30.099,50.573,80.747,72602.7,1033.428,33.423,0.078,0.078,0.087,7.666,93.574,5.264,885.71,0,5.275,5.279,NA,11
"5/24/2022 2:17:13 PM",0.963,30.101,50.571,80.747,72599.4,1033.425,33.421,0.031,0.031,0.029,7.665,93.466,5.259,1169.987,0,5.27,5.273,NA,11
"5/24/2022 2:17:13 PM",0.865,30.101,50.577,80.756,72607.3,1033.429,33.425,0.055,0.055,0.029,7.664,93.605,5.267,1160.556,0,5.278,5.281,NA,11
"5/24/2022 2:17:14 PM",0.813,30.102,50.576,80.756,72605.8,1033.428,33.424,0.156,0.156,0.335,7.673,93.529,5.263,973.389,0,5.274,5.277,NA,11
"5/24/2022 2:17:14 PM",0.777,30.103,50.58,80.762,72610.8,1033.431,33.427,0.086,0.086,0.131,7.673,93.494,5.261,567.619,0,5.272,5.275,NA,11
"5/24/2022 2:17:14 PM",0.702,30.104,50.586,80.772,72618.7,1033.435,33.432,0.164,0.164,0.32,7.673,93.565,5.265,266.265,0,5.276,5.279,NA,11
"5/24/2022 2:17:14 PM",0.471,30.109,50.582,80.774,72612,1033.428,33.426,0.179,0.179,0.32,7.668,93.629,5.269,99.234,0,5.28,5.283,NA,11
"5/24/2022 2:17:14 PM",0.297,30.11,50.58,80.773,72610,1033.426,33.425,0.164,0.164,0.32,7.664,93.478,5.261,50.636,0,5.272,5.275,NA,11
"5/24/2022 2:17:15 PM",0.102,30.11,50.582,80.775,72612.1,1033.427,33.426,0.14,0.14,0.291,7.664,93.586,5.267,34.749,0,5.278,5.281,NA,11
"5/24/2022 2:17:15 PM",0.007,30.109,50.581,80.772,72611.2,1033.426,33.426,0.312,0.312,0.684,7.665,93.501,5.263,26.508,0,5.274,5.277,NA,11
"5/24/2022 2:17:15 PM",0.034,30.109,50.584,80.777,72614.8,1033.428,33.428,0.25,0.25,0.189,7.667,93.484,5.262,34.069,0,5.273,5.276,NA,11
"5/24/2022 2:17:15 PM",0.104,30.11,50.585,80.78,72616.4,1033.429,33.429,0.086,0.086,0.044,7.67,93.492,5.264,200.846,0,5.275,5.278,NA,11
"5/24/2022 2:17:15 PM",0.186,30.111,50.587,80.784,72618.1,1033.43,33.429,0.008,0.008,0.116,7.666,93.472,5.263,567.109,0,5.274,5.277,NA,11
"5/24/2022 2:17:16 PM",0.269,30.112,50.589,80.787,72620.5,1033.432,33.431,0,0,0,7.667,93.496,5.264,979.846,0,5.275,5.279,NA,11
"5/24/2022 2:17:16 PM",0.361,30.112,50.591,80.791,72623.2,1033.434,33.432,0,0,0,7.668,93.582,5.269,1065.061,0,5.28,5.284,NA,11
"5/24/2022 2:17:16 PM",0.455,30.111,49.887,79.814,71746.1,1032.901,32.9,0.094,0.094,0.16,7.67,93.584,5.29,1602.095,0,5.301,5.304,NA,11
"5/24/2022 2:17:16 PM",0.486,30.108,50.544,80.72,72565.1,1033.4,33.398,0.07,0.07,0.116,7.67,93.594,5.271,1029.293,0,5.282,5.286,NA,11
"5/24/2022 2:17:17 PM",0.485,30.108,50.595,80.791,72629.3,1033.439,33.437,0.086,0.086,0.146,7.668,93.612,5.271,1143.055,0,5.282,5.285,NA,11
"5/24/2022 2:17:17 PM",0.497,30.108,50.598,80.794,72632.6,1033.441,33.439,0,0,0,7.668,93.602,5.27,1059.029,0,5.281,5.285,NA,11
"5/24/2022 2:17:17 PM",0.474,30.107,50.598,80.794,72632.6,1033.441,33.439,0.031,0.031,0.015,7.67,93.537,5.267,1496.404,0,5.278,5.281,NA,11
"5/24/2022 2:17:17 PM",0.443,30.108,50.603,80.802,72639.3,1033.445,33.443,0.055,0.055,0.044,7.668,93.613,5.271,1184.26,0,5.282,5.285,NA,11
"5/24/2022 2:17:17 PM",0.472,30.109,50.597,80.796,72631.6,1033.44,33.438,0.055,0.055,0.015,7.668,93.61,5.271,1214.081,0,5.282,5.285,NA,11
"5/24/2022 2:17:18 PM",0.432,30.111,50.606,80.81,72642.2,1033.446,33.444,0.211,0.211,0.437,7.668,93.655,5.274,1154.015,0,5.285,5.288,NA,11
"5/24/2022 2:17:18 PM",0.384,30.113,50.602,80.807,72636.9,1033.442,33.44,0.172,0.172,0.32,7.668,93.667,5.275,1313.23,0,5.286,5.289,NA,11
"5/24/2022 2:17:18 PM",0.233,30.109,50.6,80.798,72634.6,1033.441,33.44,0.101,0.101,0.16,7.666,93.55,5.268,1132.265,0,5.279,5.283,NA,11
"5/24/2022 2:17:18 PM",0.158,30.107,50.612,80.812,72650.3,1033.451,33.45,0.086,0.086,0.146,7.663,93.615,5.272,919.354,0,5.283,5.286,NA,11
"5/24/2022 2:17:18 PM",0.106,30.11,50.612,80.816,72649.4,1033.449,33.449,0.086,0.086,0.146,7.664,93.686,5.276,927.256,0,5.287,5.29,NA,11
"5/24/2022 2:17:19 PM",0.13,30.113,50.608,80.816,72644.8,1033.446,33.445,0.094,0.094,0.116,7.672,93.594,5.272,194.814,0,5.283,5.286,NA,11
"5/24/2022 2:17:19 PM",0.104,30.114,50.607,80.815,72643,1033.444,33.444,0.055,0.055,0.073,7.672,93.568,5.271,43.67,0,5.282,5.285,NA,11
"5/24/2022 2:17:19 PM",0.092,30.114,50.608,80.818,72644.2,1033.445,33.444,0.023,0.023,0,7.666,93.683,5.277,14.613,0,5.288,5.292,NA,11
"5/24/2022 2:17:19 PM",0.095,30.114,50.603,80.811,72638.1,1033.441,33.441,0.031,0.031,0,7.663,93.805,5.285,13.424,0,5.296,5.299,NA,11
"5/24/2022 2:17:19 PM",0.13,30.115,50.598,80.805,72632,1033.437,33.437,0,0,0,7.662,93.923,5.291,14.018,0,5.303,5.306,NA,11
"5/24/2022 2:17:20 PM",0.168,30.114,50.601,80.807,72635.1,1033.44,33.439,0.023,0.023,0,7.66,93.818,5.286,20.645,0,5.297,5.3,NA,11
"5/24/2022 2:17:20 PM",0.201,30.115,50.601,80.809,72635.5,1033.44,33.439,0.008,0.008,0,7.661,93.85,5.288,26.168,0,5.299,5.302,NA,11
"5/24/2022 2:17:20 PM",0.205,30.114,50.604,80.811,72638.7,1033.442,33.441,0,0,0,7.659,93.847,5.288,30.671,0,5.299,5.302,NA,11
"5/24/2022 2:17:20 PM",0.213,30.114,50.605,80.813,72640,1033.443,33.442,0,0,0,7.66,94.008,5.297,130.669,0,5.308,5.311,NA,11
"5/24/2022 2:17:20 PM",0.207,30.114,50.605,80.813,72640.9,1033.443,33.443,0,0,0,7.661,93.893,5.291,939.405,0,5.302,5.305,NA,11
"5/24/2022 2:17:21 PM",0.207,30.114,50.607,80.816,72643.5,1033.445,33.444,0.07,0.07,0.029,7.658,93.835,5.287,1135.918,0,5.299,5.302,NA,11
"5/24/2022 2:17:21 PM",0.177,30.115,50.607,80.817,72642.7,1033.444,33.443,0,0,0,7.654,93.896,5.291,1230.139,0,5.302,5.305,NA,11
"5/24/2022 2:17:21 PM",0.123,30.114,50.609,80.819,72645.2,1033.446,33.445,0,0,0,7.643,94.041,5.299,1458.002,0,5.31,5.314,NA,11
"5/24/2022 2:17:21 PM",0.041,30.115,50.609,80.82,72645.4,1033.445,33.445,0.055,0.055,0.189,7.649,93.999,5.297,1768.277,0,5.308,5.311,NA,11
"5/24/2022 2:17:21 PM",0,30.114,50.612,80.822,72648.4,1033.447,33.447,0.101,0.101,0.277,7.652,93.834,5.288,1205.925,0,5.299,5.302,NA,11
"5/24/2022 2:17:22 PM",0,30.114,50.608,80.817,72644.1,1033.444,33.444,0.016,0.016,0,7.654,93.939,5.294,1100.065,0,5.305,5.308,NA,11
"5/24/2022 2:17:22 PM",0,30.113,50.611,80.82,72647.7,1033.447,33.447,0.07,0.07,0.058,7.655,93.983,5.296,1181.032,0,5.308,5.311,NA,11
"5/24/2022 2:17:22 PM",0,30.113,50.611,80.819,72647.8,1033.447,33.447,0.047,0.047,0,7.651,93.832,5.288,1464.289,0,5.299,5.302,NA,11
"5/24/2022 2:17:22 PM",0,30.113,50.615,80.825,72652.4,1033.45,33.45,0.125,0.125,0.233,7.652,93.919,5.293,1235.831,0,5.304,5.307,NA,11
"5/24/2022 2:17:22 PM",0,30.113,50.614,80.824,72652,1033.449,33.45,0.023,0.023,0.029,7.652,93.806,5.287,1296.748,0,5.298,5.301,NA,11
"5/24/2022 2:17:23 PM",0,30.114,50.615,80.826,72652.1,1033.448,33.449,0,0,0,7.648,93.808,5.287,1519.089,0,5.298,5.301,NA,11
"5/24/2022 2:17:23 PM",0,30.114,50.617,80.829,72654.5,1033.449,33.451,0,0,0,7.651,93.916,5.293,1528.689,0,5.304,5.307,NA,11
"5/24/2022 2:17:23 PM",0,30.115,50.614,80.826,72650.6,1033.446,33.448,0,0,0,7.644,94.042,5.3,1833.101,0,5.311,5.314,NA,11
"5/24/2022 2:17:23 PM",0,30.115,6.078,11.866,10665.9,1000.142,0.144,0,0,0,7.646,93.833,6.744,1935.733,0,6.764,6.763,NA,11
"5/24/2022 2:17:23 PM",0,30.063,1.447,3.088,2778.2,996.71,0,123.486,123.486,216.208,7.641,93.985,6.928,1948.053,0,6.948,6.948,NA,11
"5/24/2022 2:17:24 PM",0,30.007,1.089,2.355,2120.9,996.46,0,140.078,140.078,340.313,7.636,93.892,6.935,1899.88,0,6.955,6.955,NA,11
"5/24/2022 2:17:24 PM",0,29.897,0.922,2.006,1810.8,996.369,0,34.815,34.815,0,7.634,93.931,6.944,1899.88,0,6.964,6.964,NA,11
"5/24/2022 2:17:24 PM",0,29.477,0.706,1.543,1404.6,996.334,0,361.159,361.159,0,7.631,93.969,6.957,1851.113,0,6.977,6.977,NA,11
"5/24/2022 2:17:24 PM",0,29.055,0.791,1.706,1566.5,996.522,0,87.485,87.485,0,7.627,93.972,6.953,1890.959,0,6.974,6.973,NA,11
"5/24/2022 2:17:24 PM",0,28.796,0.688,1.485,1371,996.521,0,177.186,177.186,0,7.624,93.928,6.955,1924.774,0,6.975,6.975,NA,11
"5/24/2022 2:17:25 PM",0,28.974,51.014,79.699,73291.8,1034.157,34.159,23.254,23.254,0,7.623,93.833,5.278,1843.212,0,5.289,5.292,NA,11
"5/24/2022 2:17:25 PM",0,29.988,50.393,80.336,72391.4,1033.326,33.327,1.935,1.935,0,7.628,94.023,5.308,1734.887,0,5.32,5.323,NA,11
"5/24/2022 2:17:25 PM",0,30.079,50.211,80.217,72153.9,1033.156,33.156,2.098,2.098,0,7.625,94.138,5.321,996.498,0,5.332,5.335,NA,11
"5/24/2022 2:17:25 PM",0.175,30.101,50.581,80.76,72611.5,1033.429,33.428,1.794,1.794,0,7.627,94.09,5.309,633.548,0,5.32,5.323,NA,11
"5/24/2022 2:17:26 PM",0.389,30.106,50.64,80.851,72685.1,1033.473,33.472,0.647,0.647,0,7.625,93.788,5.29,1192.247,0,5.301,5.305,NA,11
"5/24/2022 2:17:26 PM",0.721,30.107,50.637,80.847,72681.6,1033.472,33.469,0.374,0.374,0,7.623,93.378,5.268,963.449,0,5.279,5.282,NA,11
"5/24/2022 2:17:26 PM",0.957,30.105,50.638,80.846,72683.4,1033.475,33.471,0.343,0.343,0.131,7.624,93.114,5.253,1013.745,0,5.264,5.268,NA,11
"5/24/2022 2:17:26 PM",1.197,30.102,50.644,80.851,72691.4,1033.481,33.476,0.172,0.172,0.029,7.623,92.701,5.23,1043.906,0,5.241,5.245,NA,11
"5/24/2022 2:17:26 PM",1.416,30.101,50.649,80.856,72697.2,1033.486,33.48,0.289,0.289,0.422,7.625,92.421,5.214,975.683,0,5.225,5.229,NA,11
"5/24/2022 2:17:27 PM",1.736,30.1,50.664,80.875,72715.8,1033.499,33.492,0.055,0.055,0,7.623,92.013,5.191,1022.666,0,5.202,5.205,NA,11
"5/24/2022 2:17:27 PM",1.922,30.102,50.679,80.899,72734.6,1033.511,33.502,0.156,0.156,0.189,7.628,91.851,5.182,1128.781,0,5.193,5.196,NA,11
"5/24/2022 2:17:27 PM",2.064,30.101,50.682,80.902,72738.3,1033.514,33.505,0.14,0.14,0.16,7.626,91.616,5.168,1359.108,0,5.179,5.182,NA,11
"5/24/2022 2:17:27 PM",2.198,30.099,50.698,80.92,72759,1033.528,33.518,0.156,0.156,0.233,7.628,91.414,5.156,1044.756,0,5.167,5.171,NA,11
"5/24/2022 2:17:27 PM",2.466,30.098,50.707,80.932,72770.8,1033.536,33.526,0.062,0.062,0.015,7.629,91.134,5.141,793.528,0,5.151,5.155,NA,11
"5/24/2022 2:17:28 PM",2.701,30.099,50.711,80.939,72775.4,1033.54,33.528,0.078,0.078,0.029,7.626,91.033,5.135,623.948,0,5.146,5.149,NA,11
"5/24/2022 2:17:28 PM",2.921,30.098,50.719,80.949,72785.5,1033.547,33.534,0.101,0.101,0.058,7.634,90.914,5.128,621.144,0,5.139,5.142,NA,11
"5/24/2022 2:17:28 PM",3.123,30.1,50.727,80.963,72795.3,1033.553,33.54,0.14,0.14,0.131,7.634,90.777,5.12,688.348,0,5.131,5.134,NA,11
"5/24/2022 2:17:28 PM",3.345,30.103,50.733,80.975,72802.9,1033.558,33.543,0.101,0.101,0.087,7.626,90.516,5.105,670.846,0,5.116,5.119,NA,11
"5/24/2022 2:17:28 PM",3.691,30.103,50.739,80.985,72810.2,1033.563,33.548,0.086,0.086,0.087,7.628,90.421,5.1,717.404,0,5.111,5.114,NA,11
"5/24/2022 2:17:29 PM",3.893,30.103,50.741,80.987,72813,1033.566,33.549,0.078,0.078,0.073,7.629,90.268,5.091,722.417,0,5.102,5.105,NA,11
"5/24/2022 2:17:29 PM",4.096,30.102,50.738,80.982,72809.3,1033.565,33.547,0.078,0.078,0.058,7.631,90.213,5.088,591.153,0,5.099,5.102,NA,11
"5/24/2022 2:17:29 PM",4.348,30.104,50.733,80.978,72803.4,1033.562,33.543,0.023,0.023,0,7.63,90.179,5.087,452.668,0,5.098,5.101,NA,11
"5/24/2022 2:17:29 PM",4.506,30.104,50.737,80.984,72808,1033.565,33.546,0.109,0.109,0.175,7.632,90.073,5.081,371.956,0,5.091,5.094,NA,11
"5/24/2022 2:17:29 PM",4.643,30.105,50.74,80.989,72811,1033.567,33.547,0.14,0.14,0.189,7.636,90.034,5.079,347.487,0,5.09,5.093,NA,11
"5/24/2022 2:17:30 PM",4.803,30.105,50.744,80.993,72816.2,1033.571,33.551,0.101,0.101,0.102,7.633,89.858,5.069,338.651,0,5.079,5.083,NA,11
"5/24/2022 2:17:30 PM",5.08,30.105,50.749,81.001,72823.2,1033.576,33.555,0.047,0.047,0.029,7.629,89.78,5.064,343.834,0,5.075,5.078,NA,11
"5/24/2022 2:17:30 PM",5.271,30.103,50.752,81.003,72826.4,1033.579,33.557,0.016,0.016,0,7.627,89.752,5.063,383.001,0,5.073,5.077,NA,11
"5/24/2022 2:17:30 PM",5.45,30.103,50.756,81.008,72832,1033.584,33.56,0.016,0.016,0,7.629,89.771,5.064,336.697,0,5.074,5.078,NA,11
"5/24/2022 2:17:30 PM",5.61,30.104,50.757,81.011,72832.8,1033.584,33.561,0.008,0.008,0,7.631,89.785,5.064,280.369,0,5.075,5.078,NA,11
"5/24/2022 2:17:31 PM",5.858,30.101,50.759,81.01,72836.7,1033.589,33.564,0,0,0,7.621,89.717,5.061,190.651,0,5.071,5.074,NA,11
"5/24/2022 2:17:31 PM",6.023,30.081,50.773,81,72855.7,1033.607,33.581,0.023,0.023,0,7.623,89.783,5.064,187.422,0,5.075,5.078,NA,11
"5/24/2022 2:17:31 PM",6.183,30.078,50.755,80.97,72834.3,1033.595,33.569,0.156,0.156,0.277,7.625,89.849,5.068,221.916,0,5.079,5.082,NA,11
"5/24/2022 2:17:31 PM",6.322,30.06,50.769,80.963,72853.4,1033.613,33.586,0.164,0.164,0.306,7.62,89.66,5.057,261.338,0,5.068,5.071,NA,11
"5/24/2022 2:17:32 PM",6.585,30.047,50.762,80.936,72847.1,1033.613,33.585,0.086,0.086,0.087,7.62,89.638,5.056,245.79,0,5.067,5.07,NA,11
"5/24/2022 2:17:32 PM",6.755,30.043,50.77,80.94,72857.2,1033.621,33.593,0.008,0.008,0,7.623,89.693,5.059,220.557,0,5.07,5.073,NA,11
"5/24/2022 2:17:32 PM",6.918,30.042,50.778,80.95,72867,1033.628,33.599,0,0,0,7.622,89.689,5.059,189.631,0,5.07,5.073,NA,11
"5/24/2022 2:17:32 PM",7.066,30.055,50.763,80.948,72847.4,1033.613,33.583,0,0,0,7.625,89.716,5.061,166.777,0,5.072,5.075,NA,11
"5/24/2022 2:17:32 PM",7.292,30.035,50.766,80.923,72852.9,1033.623,33.592,0.172,0.172,0.262,7.627,89.642,5.057,186.063,0,5.067,5.07,NA,11
"5/24/2022 2:17:33 PM",7.434,30.03,50.768,80.92,72857,1033.628,33.596,0.125,0.125,0.189,7.627,89.545,5.051,176.462,0,5.062,5.065,NA,11
"5/24/2022 2:17:33 PM",7.563,30.031,50.771,80.925,72860.1,1033.63,33.598,0.172,0.172,0.32,7.627,89.505,5.049,170.175,0,5.06,5.063,NA,11
"5/24/2022 2:17:33 PM",7.674,30.03,50.758,80.904,72843.9,1033.621,33.588,0.125,0.125,0.248,7.63,89.443,5.046,162.189,0,5.057,5.06,NA,11
"5/24/2022 2:17:33 PM",7.798,30.01,50.769,80.892,72861,1033.637,33.604,0.094,0.094,0.116,7.629,89.485,5.048,151.144,0,5.059,5.062,NA,11
"5/24/2022 2:17:33 PM",8.029,30.004,50.778,80.894,72872.2,1033.647,33.613,0.062,0.062,0.073,7.63,89.693,5.06,141.884,0,5.07,5.073,NA,11
"5/24/2022 2:17:34 PM",8.18,30,50.777,80.888,72872.5,1033.649,33.614,0.062,0.062,0.087,7.633,89.566,5.052,137.89,0,5.063,5.066,NA,11
"5/24/2022 2:17:34 PM",8.331,29.994,50.775,80.876,72869.7,1033.649,33.614,0.062,0.062,0.044,7.628,89.567,5.052,132.028,0,5.063,5.066,NA,11
"5/24/2022 2:17:34 PM",8.454,29.999,50.778,80.888,72873.9,1033.651,33.615,0.062,0.062,0.073,7.632,89.577,5.053,125.061,0,5.064,5.067,NA,11
"5/24/2022 2:17:34 PM",8.593,29.984,50.772,80.857,72867.3,1033.652,33.615,0.062,0.062,0.102,7.63,89.546,5.052,115.121,0,5.062,5.065,NA,11
"5/24/2022 2:17:34 PM",8.654,29.974,50.78,80.855,72879.1,1033.662,33.625,0.07,0.07,0.073,7.629,89.549,5.052,112.402,0,5.062,5.065,NA,11
"5/24/2022 2:17:35 PM",8.72,29.972,50.783,80.855,72882.7,1033.665,33.628,0.062,0.062,0.044,7.626,89.594,5.054,111.893,0,5.065,5.068,NA,11
"5/24/2022 2:17:35 PM",8.778,29.97,50.782,80.85,72881.9,1033.665,33.628,0.055,0.055,0.058,7.624,89.501,5.049,111.128,0,5.059,5.063,NA,11
"5/24/2022 2:17:35 PM",8.865,29.97,50.789,80.861,72890.8,1033.671,33.633,0.047,0.047,0.029,7.62,89.565,5.052,109.599,0,5.063,5.066,NA,11
"5/24/2022 2:17:35 PM",8.964,29.973,50.796,80.875,72899.1,1033.676,33.637,0.047,0.047,0.073,7.624,89.569,5.052,111.383,0,5.063,5.066,NA,11
"5/24/2022 2:17:35 PM",9.104,29.98,50.785,80.87,72884.8,1033.665,33.627,0.055,0.055,0.073,7.621,89.644,5.057,113.082,0,5.068,5.071,NA,11
"5/24/2022 2:17:36 PM",9.252,29.975,50.79,80.87,72892,1033.672,33.632,0.062,0.062,0.058,7.62,89.475,5.047,114.102,0,5.058,5.061,NA,11
"5/24/2022 2:17:36 PM",9.488,29.962,50.785,80.843,72887.2,1033.674,33.633,0.062,0.062,0.058,7.623,89.414,5.044,112.232,0,5.055,5.058,NA,11
"5/24/2022 2:17:36 PM",9.62,29.968,50.808,80.885,72915.3,1033.689,33.649,0.07,0.07,0.102,7.623,89.435,5.045,112.232,0,5.056,5.059,NA,11
"5/24/2022 2:17:36 PM",9.723,29.978,50.796,80.882,72898.8,1033.677,33.636,0.07,0.07,0.116,7.616,89.434,5.045,111.978,0,5.056,5.059,NA,11
"5/24/2022 2:17:36 PM",9.812,29.977,50.795,80.88,72898.1,1033.677,33.636,0.055,0.055,0.058,7.605,89.449,5.046,110.023,0,5.057,5.06,NA,11
"5/24/2022 2:17:37 PM",9.989,29.977,50.791,80.874,72892.8,1033.675,33.632,0.047,0.047,0.087,7.62,89.345,5.04,109.089,0,5.051,5.054,NA,11
"5/24/2022 2:17:37 PM",10.1,29.968,50.786,80.855,72888.1,1033.675,33.632,0.055,0.055,0.087,7.616,89.342,5.041,109.174,0,5.051,5.054,NA,11
"5/24/2022 2:17:37 PM",10.22,29.96,50.788,80.845,72891.1,1033.679,33.636,0.07,0.07,0.044,7.618,89.436,5.046,108.579,0,5.057,5.06,NA,11
"5/24/2022 2:17:37 PM",10.335,29.957,50.793,80.848,72897.9,1033.685,33.641,0.062,0.062,0.087,7.614,89.348,5.041,107.899,0,5.051,5.054,NA,11
"5/24/2022 2:17:38 PM",10.524,29.954,50.792,80.841,72896.8,1033.686,33.641,0.062,0.062,0.058,7.607,89.4,5.044,106.285,0,5.055,5.058,NA,11
"5/24/2022 2:17:38 PM",10.64,29.952,50.795,80.844,72901.7,1033.69,33.645,0.062,0.062,0.029,7.604,89.378,5.043,105.266,0,5.053,5.056,NA,11
"5/24/2022 2:17:38 PM",10.75,29.951,50.797,80.844,72903.3,1033.692,33.646,0.062,0.062,0.029,7.607,89.325,5.04,103.736,0,5.05,5.053,NA,11
"5/24/2022 2:17:38 PM",10.797,29.95,50.801,80.849,72908.5,1033.695,33.649,0.078,0.078,0.044,7.609,89.348,5.041,102.037,0,5.051,5.055,NA,11
"5/24/2022 2:17:38 PM",10.727,29.952,50.797,80.847,72904.3,1033.692,33.646,0.062,0.062,0.087,7.612,89.263,5.036,98.554,0,5.047,5.05,NA,11
"5/24/2022 2:17:39 PM",10.644,29.952,50.799,80.85,72906.8,1033.693,33.648,0.047,0.047,0.058,7.609,89.257,5.036,97.194,0,5.047,5.05,NA,11
"5/24/2022 2:17:39 PM",10.538,29.952,50.801,80.852,72908.5,1033.693,33.649,0.07,0.07,0.044,7.616,89.292,5.038,96.26,0,5.049,5.052,NA,11
"5/24/2022 2:17:39 PM",10.376,29.953,50.802,80.855,72910.3,1033.694,33.65,0.07,0.07,0.058,7.612,89.37,5.042,96.175,0,5.053,5.056,NA,11
"5/24/2022 2:17:39 PM",10.286,29.956,50.808,80.866,72916.3,1033.696,33.653,0.07,0.07,0.029,7.618,89.488,5.049,96.175,0,5.06,5.063,NA,11
"5/24/2022 2:17:39 PM",10.211,29.96,50.809,80.874,72917.2,1033.695,33.652,0.07,0.07,0.058,7.623,89.629,5.057,95.835,0,5.068,5.071,NA,11
"5/24/2022 2:17:40 PM",10.121,29.962,50.81,80.878,72918.4,1033.695,33.652,0.055,0.055,0.058,7.623,89.822,5.068,95.155,0,5.079,5.082,NA,11
"5/24/2022 2:17:40 PM",10.027,29.962,50.812,80.881,72920.6,1033.696,33.653,0.055,0.055,0.044,7.627,89.86,5.07,94.051,0,5.081,5.084,NA,11
"5/24/2022 2:17:40 PM",9.886,29.963,50.811,80.881,72919,1033.694,33.652,0.086,0.086,0.073,7.629,90.216,5.09,92.097,0,5.101,5.104,NA,11
"5/24/2022 2:17:40 PM",9.808,29.965,50.809,80.881,72917.1,1033.692,33.651,0.062,0.062,0.029,7.627,90.292,5.095,90.907,0,5.105,5.109,NA,11
"5/24/2022 2:17:40 PM",9.758,29.965,50.813,80.887,72921.1,1033.694,33.653,0.055,0.055,0.015,7.629,90.43,5.102,90.058,0,5.113,5.116,NA,11
"5/24/2022 2:17:41 PM",9.69,29.966,50.815,80.892,72923.9,1033.695,33.654,0.055,0.055,0.029,7.639,90.501,5.106,89.718,0,5.117,5.12,NA,11
"5/24/2022 2:17:41 PM",9.579,29.969,50.817,80.898,72926.6,1033.696,33.655,0.055,0.055,0.015,7.642,90.452,5.103,88.529,0,5.114,5.117,NA,11
"5/24/2022 2:17:41 PM",9.52,29.97,50.816,80.899,72924.3,1033.694,33.653,0.055,0.055,0.029,7.65,90.47,5.105,87.594,0,5.115,5.119,NA,11
"5/24/2022 2:17:41 PM",9.473,29.971,50.816,80.9,72924.3,1033.694,33.653,0.07,0.07,0.029,7.644,90.447,5.103,86.914,0,5.114,5.117,NA,11
"5/24/2022 2:17:41 PM",9.438,29.971,50.818,80.903,72927.4,1033.695,33.655,0.07,0.07,0.044,7.645,90.543,5.109,86.32,0,5.12,5.123,NA,11
"5/24/2022 2:17:42 PM",9.351,29.973,50.834,80.927,72946.5,1033.706,33.666,0.062,0.062,0.015,7.652,90.524,5.108,85.3,0,5.118,5.122,NA,11
"5/24/2022 2:17:42 PM",9.269,29.978,50.828,80.926,72938.9,1033.7,33.66,0.055,0.055,0.058,7.655,90.534,5.108,84.365,0,5.119,5.122,NA,11
"5/24/2022 2:17:42 PM",9.179,29.981,50.823,80.924,72932.4,1033.694,33.655,0.055,0.055,0.058,7.651,90.63,5.114,83.091,0,5.125,5.128,NA,11
"5/24/2022 2:17:42 PM",9.073,29.982,50.825,80.928,72934.4,1033.695,33.656,0.055,0.055,0.073,7.652,90.632,5.114,81.562,0,5.125,5.128,NA,11
"5/24/2022 2:17:42 PM",8.955,29.985,50.826,80.934,72935.1,1033.694,33.656,0.055,0.055,0.044,7.649,90.875,5.128,79.693,0,5.139,5.143,NA,11
"5/24/2022 2:17:43 PM",8.896,29.986,50.827,80.937,72936.7,1033.695,33.657,0.055,0.055,0,7.647,91.042,5.138,78.928,0,5.149,5.152,NA,11
"5/24/2022 2:17:43 PM",8.84,29.987,50.826,80.936,72934.4,1033.693,33.655,0.047,0.047,0.044,7.645,91.362,5.157,77.993,0,5.168,5.171,NA,11
"5/24/2022 2:17:43 PM",8.755,29.986,50.832,80.943,72941.8,1033.697,33.66,0.055,0.055,0.058,7.651,91.633,5.172,77.399,0,5.183,5.186,NA,11
"5/24/2022 2:17:43 PM",8.679,29.987,50.828,80.94,72937.5,1033.694,33.657,0.062,0.062,0.058,7.65,91.7,5.176,77.314,0,5.187,5.191,NA,11
"5/24/2022 2:17:44 PM",8.593,29.987,50.83,80.943,72939.6,1033.695,33.658,0.062,0.062,0.087,7.655,91.86,5.185,77.059,0,5.196,5.199,NA,11
"5/24/2022 2:17:44 PM",8.501,29.987,50.83,80.942,72939.9,1033.695,33.659,0.094,0.094,0.073,7.659,92.004,5.194,76.634,0,5.205,5.208,NA,11
"5/24/2022 2:17:44 PM",8.366,29.989,50.831,80.947,72941,1033.694,33.659,0.078,0.078,0.262,7.659,92.278,5.209,75.869,0,5.22,5.224,NA,11
"5/24/2022 2:17:44 PM",8.274,29.995,50.837,80.963,72947.5,1033.696,33.661,0.062,0.062,0.146,7.657,92.369,5.214,75.36,0,5.225,5.229,NA,11
"5/24/2022 2:17:44 PM",8.192,29.995,50.834,80.96,72943.4,1033.693,33.658,0.062,0.062,0.116,7.674,92.521,5.223,74.85,0,5.234,5.238,NA,11
"5/24/2022 2:17:45 PM",8.117,29.994,50.837,80.961,72947.3,1033.696,33.661,0.062,0.062,0.087,7.682,92.581,5.227,74.595,0,5.238,5.241,NA,11
"5/24/2022 2:17:45 PM",7.996,29.995,50.848,80.979,72960.8,1033.703,33.669,0.07,0.07,0.058,7.687,92.908,5.245,73.83,0,5.256,5.259,NA,11
"5/24/2022 2:17:45 PM",7.944,30.003,50.851,80.994,72963.3,1033.702,33.668,0.07,0.07,0.029,7.694,92.876,5.243,73.236,0,5.254,5.258,NA,11
"5/24/2022 2:17:45 PM",7.907,30.012,50.853,81.01,72964.3,1033.7,33.666,0.047,0.047,0.015,7.69,93.118,5.257,73.321,0,5.268,5.271,NA,11
"5/24/2022 2:17:45 PM",7.874,30.022,50.861,81.035,72973.1,1033.702,33.669,0.055,0.055,0.044,7.693,93.243,5.264,73.576,0,5.275,5.278,NA,11
"5/24/2022 2:17:46 PM",7.799,30.031,50.85,81.034,72959,1033.691,33.658,0.055,0.055,0.044,7.687,93.313,5.268,73.83,0,5.279,5.283,NA,11
"5/24/2022 2:17:46 PM",7.7,30.033,50.855,81.044,72964.6,1033.693,33.661,0.055,0.055,0.058,7.692,93.434,5.275,73.491,0,5.286,5.29,NA,11
"5/24/2022 2:17:46 PM",7.575,30.035,50.855,81.046,72963.8,1033.692,33.66,0.039,0.039,0.058,7.698,93.543,5.281,72.386,0,5.293,5.296,NA,11
"5/24/2022 2:17:46 PM",7.424,30.037,50.854,81.048,72962.8,1033.69,33.659,0.047,0.047,0.029,7.692,93.746,5.293,70.687,0,5.304,5.308,NA,11
"5/24/2022 2:17:46 PM",7.163,30.04,50.855,81.055,72964,1033.689,33.658,0.055,0.055,0.058,7.683,93.929,5.304,67.204,0,5.315,5.318,NA,11
"5/24/2022 2:17:47 PM",7.01,30.042,50.856,81.059,72964.7,1033.688,33.658,0.055,0.055,0.058,7.681,93.933,5.304,64.315,0,5.316,5.319,NA,11
"5/24/2022 2:17:47 PM",6.856,30.045,50.866,81.075,72975.9,1033.694,33.664,0.055,0.055,0.058,7.682,94.074,5.312,61.851,0,5.324,5.327,NA,11
"5/24/2022 2:17:47 PM",6.734,30.046,50.867,81.078,72977.1,1033.694,33.665,0.047,0.047,0.058,7.684,94.128,5.315,59.472,0,5.327,5.33,NA,11
"5/24/2022 2:17:47 PM",6.623,30.046,50.866,81.077,72976.5,1033.693,33.665,0.047,0.047,0.073,7.687,94.436,5.334,55.734,0,5.345,5.348,NA,11
"5/24/2022 2:17:47 PM",6.581,30.047,50.869,81.083,72979.4,1033.694,33.666,0.055,0.055,0.044,7.689,94.497,5.337,54.035,0,5.348,5.352,NA,11
"5/24/2022 2:17:48 PM",6.564,30.053,50.872,81.095,72982.5,1033.694,33.666,0.062,0.062,0.073,7.69,94.587,5.342,53.1,0,5.354,5.357,NA,11
"5/24/2022 2:17:48 PM",6.562,30.054,50.872,81.098,72982.2,1033.693,33.666,0.055,0.055,0.044,7.684,94.599,5.343,51.911,0,5.355,5.358,NA,11
"5/24/2022 2:17:48 PM",6.592,30.057,50.871,81.1,72980.9,1033.692,33.664,0.055,0.055,0.015,7.689,94.637,5.346,51.061,0,5.357,5.36,NA,11
"5/24/2022 2:17:48 PM",6.623,30.058,50.871,81.102,72980.7,1033.692,33.664,0.062,0.062,0.044,7.687,94.716,5.35,51.316,0,5.362,5.365,NA,11
"5/24/2022 2:17:48 PM",6.59,30.06,50.875,81.11,72985.3,1033.694,33.666,0.07,0.07,0.044,7.689,94.811,5.356,52.081,0,5.367,5.37,NA,11
"5/24/2022 2:17:49 PM",6.562,30.061,50.874,81.11,72984.6,1033.693,33.665,0.055,0.055,0.044,7.692,94.927,5.362,51.996,0,5.374,5.377,NA,11
"5/24/2022 2:17:49 PM",6.451,30.062,50.872,81.109,72981.6,1033.691,33.663,0.047,0.047,0.044,7.698,95.032,5.369,50.976,0,5.38,5.383,NA,11
"5/24/2022 2:17:49 PM",6.381,30.062,50.873,81.11,72983,1033.691,33.664,0.055,0.055,0.029,7.691,95.09,5.372,50.551,0,5.384,5.387,NA,11
"5/24/2022 2:17:49 PM",6.331,30.063,50.877,81.118,72987.1,1033.693,33.666,0.062,0.062,0.073,7.692,95.136,5.375,50.127,0,5.386,5.39,NA,11
"5/24/2022 2:17:50 PM",6.305,30.068,50.873,81.12,72982.6,1033.689,33.662,0.055,0.055,0.044,7.695,95.184,5.378,49.957,0,5.389,5.393,NA,11
"5/24/2022 2:17:50 PM",6.336,30.073,50.874,81.128,72982.6,1033.688,33.661,0.062,0.062,0.058,7.696,95.348,5.388,50.636,0,5.399,5.403,NA,11
"5/24/2022 2:17:50 PM",6.383,30.079,50.875,81.138,72982.9,1033.686,33.659,0.055,0.055,0.087,7.693,95.278,5.384,51.826,0,5.395,5.399,NA,11
"5/24/2022 2:17:50 PM",6.428,30.083,50.877,81.148,72985.9,1033.687,33.66,0.055,0.055,0.058,7.691,95.315,5.386,53.61,0,5.397,5.401,NA,11
"5/24/2022 2:17:50 PM",6.456,30.082,50.873,81.141,72981,1033.684,33.657,0.047,0.047,0.044,7.692,95.418,5.392,55.224,0,5.403,5.407,NA,11
"5/24/2022 2:17:51 PM",6.477,30.082,50.867,81.131,72972.8,1033.68,33.652,0.047,0.047,0,7.692,95.473,5.395,56.414,0,5.407,5.41,NA,11
"5/24/2022 2:17:51 PM",6.465,30.08,50.867,81.128,72973.6,1033.681,33.653,0.039,0.039,0.044,7.692,95.652,5.405,56.414,0,5.417,5.42,NA,11
"5/24/2022 2:17:51 PM",6.444,30.075,50.872,81.129,72980.7,1033.686,33.659,0.055,0.055,0.073,7.69,95.566,5.4,56.074,0,5.412,5.415,NA,11
"5/24/2022 2:17:51 PM",6.392,30.071,50.871,81.12,72978.9,1033.686,33.659,0.055,0.055,0.029,7.69,95.598,5.403,55.139,0,5.414,5.417,NA,11
"5/24/2022 2:17:51 PM",6.277,30.068,50.875,81.121,72984.2,1033.69,33.663,0.055,0.055,0.029,7.693,95.511,5.398,53.525,0,5.409,5.412,NA,11
"5/24/2022 2:17:52 PM",6.176,30.065,50.881,81.125,72992.2,1033.695,33.669,0.07,0.07,0.058,7.693,95.557,5.4,52.845,0,5.412,5.415,NA,11
"5/24/2022 2:17:52 PM",6.077,30.068,50.881,81.13,72991.4,1033.693,33.667,0.07,0.07,0.044,7.697,95.625,5.404,52.335,0,5.415,5.419,NA,11
"5/24/2022 2:17:52 PM",5.968,30.076,50.884,81.147,72994.6,1033.692,33.667,0.062,0.062,0.044,7.695,95.604,5.403,51.656,0,5.414,5.418,NA,11
"5/24/2022 2:17:52 PM",5.796,30.085,50.885,81.161,72995,1033.689,33.665,0.047,0.047,0.029,7.692,95.707,5.409,50.891,0,5.421,5.424,NA,11
"5/24/2022 2:17:52 PM",5.695,30.089,50.884,81.165,72992.9,1033.687,33.662,0.047,0.047,0.029,7.688,95.741,5.411,50.211,0,5.423,5.426,NA,11
"5/24/2022 2:17:53 PM",5.61,30.091,50.884,81.168,72992.3,1033.685,33.661,0.047,0.047,0.015,7.686,95.757,5.412,49.617,0,5.424,5.427,NA,11
"5/24/2022 2:17:53 PM",5.518,30.092,50.881,81.167,72989.2,1033.683,33.659,0.039,0.039,0.029,7.682,95.716,5.41,49.362,0,5.421,5.425,NA,11
"5/24/2022 2:17:53 PM",5.414,30.094,50.881,81.169,72989,1033.682,33.659,0.039,0.039,0.058,7.69,95.849,5.418,48.257,0,5.429,5.433,NA,11
"5/24/2022 2:17:53 PM",5.354,30.092,50.882,81.167,72989.9,1033.682,33.66,0.039,0.039,0.029,7.694,95.906,5.421,47.663,0,5.432,5.436,NA,11
"5/24/2022 2:17:53 PM",5.321,30.092,50.883,81.168,72991.2,1033.683,33.661,0.039,0.039,0,7.692,95.924,5.422,47.238,0,5.433,5.437,NA,11
"5/24/2022 2:17:54 PM",5.313,30.095,50.88,81.168,72987.7,1033.68,33.658,0.047,0.047,0.029,7.689,95.841,5.417,46.813,0,5.429,5.432,NA,11
"5/24/2022 2:17:54 PM",5.346,30.097,50.88,81.17,72986.6,1033.679,33.656,0.055,0.055,0.058,7.688,95.838,5.417,46.473,0,5.429,5.432,NA,11
"5/24/2022 2:17:54 PM",5.372,30.097,50.882,81.174,72989.1,1033.681,33.658,0.07,0.07,0.044,7.69,95.837,5.417,45.879,0,5.429,5.432,NA,11
"5/24/2022 2:17:54 PM",5.405,30.097,50.868,81.155,72972.4,1033.671,33.648,0.07,0.07,0.058,7.69,95.808,5.416,45.199,0,5.427,5.431,NA,11
"5/24/2022 2:17:54 PM",5.433,30.096,50.866,81.15,72969.7,1033.669,33.646,0.047,0.047,0.044,7.692,95.903,5.422,44.859,0,5.433,5.437,NA,11
"5/24/2022 2:17:55 PM",5.457,30.089,50.876,81.153,72982.9,1033.68,33.657,0.062,0.062,0.058,7.695,95.946,5.424,44.604,0,5.436,5.439,NA,11
"5/24/2022 2:17:55 PM",5.464,30.085,50.874,81.145,72980.5,1033.679,33.656,0.062,0.062,0.073,7.694,95.984,5.426,44.434,0,5.438,5.441,NA,11
"5/24/2022 2:17:55 PM",5.452,30.081,50.877,81.144,72985.6,1033.683,33.66,0.055,0.055,0.073,7.696,95.97,5.425,44.604,0,5.437,5.44,NA,11
"5/24/2022 2:17:55 PM",5.426,30.08,50.87,81.133,72976.7,1033.678,33.655,0.055,0.055,0.073,7.693,95.809,5.416,44.604,0,5.428,5.431,NA,11
"5/24/2022 2:17:56 PM",5.37,30.074,50.897,81.16,73010.4,1033.7,33.677,0.062,0.062,0.029,7.697,95.793,5.415,44.944,0,5.426,5.43,NA,11
"5/24/2022 2:17:56 PM",5.321,30.075,50.899,81.164,73012.9,1033.701,33.679,0.055,0.055,0,7.695,95.889,5.42,45.624,0,5.432,5.435,NA,11
"5/24/2022 2:17:56 PM",5.269,30.08,50.892,81.163,73004,1033.694,33.672,0.047,0.047,0.015,7.696,95.8,5.415,46.473,0,5.427,5.43,NA,11
"5/24/2022 2:17:56 PM",5.196,30.087,50.888,81.166,72997.5,1033.688,33.666,0.055,0.055,0.044,7.697,95.843,5.418,46.813,0,5.43,5.433,NA,11
"5/24/2022 2:17:56 PM",5.082,30.097,50.887,81.18,72995,1033.683,33.662,0.047,0.047,0.044,7.698,96.011,5.428,47.663,0,5.44,5.443,NA,11
"5/24/2022 2:17:57 PM",5.016,30.1,50.885,81.183,72992.5,1033.68,33.659,0.031,0.031,0.044,7.699,95.987,5.427,48.172,0,5.439,5.442,NA,11
"5/24/2022 2:17:57 PM",4.939,30.101,50.885,81.184,72992.4,1033.68,33.659,0.047,0.047,0.058,7.706,95.857,5.42,48.427,0,5.431,5.435,NA,11
"5/24/2022 2:17:57 PM",4.88,30.101,50.887,81.187,72994.6,1033.681,33.66,0.062,0.062,0.058,7.705,95.851,5.419,47.833,0,5.431,5.434,NA,11
"5/24/2022 2:17:57 PM",4.791,30.102,50.888,81.189,72995.5,1033.681,33.66,0.047,0.047,0.044,7.709,96.056,5.431,46.728,0,5.443,5.446,NA,11
"5/24/2022 2:17:57 PM",4.752,30.103,50.888,81.191,72995.9,1033.681,33.661,0.047,0.047,0.029,7.708,95.937,5.425,45.879,0,5.436,5.44,NA,11
"5/24/2022 2:17:58 PM",4.715,30.104,50.887,81.192,72995,1033.68,33.66,0.047,0.047,0.029,7.703,95.906,5.423,45.114,0,5.435,5.438,NA,11
"5/24/2022 2:17:58 PM",4.668,30.104,50.887,81.19,72994.1,1033.679,33.659,0.047,0.047,0.015,7.697,95.997,5.428,44.349,0,5.44,5.444,NA,11
"5/24/2022 2:17:58 PM",4.59,30.102,50.889,81.19,72996.9,1033.681,33.661,0.047,0.047,0.058,7.704,95.985,5.428,44.094,0,5.44,5.443,NA,11
"5/24/2022 2:17:58 PM",4.541,30.1,50.888,81.187,72996.1,1033.681,33.661,0.047,0.047,0.029,7.706,95.976,5.428,44.604,0,5.439,5.443,NA,11
"5/24/2022 2:17:58 PM",4.501,30.099,50.889,81.187,72997.8,1033.682,33.663,0.055,0.055,0.015,7.706,96.047,5.432,44.944,0,5.443,5.447,NA,11
"5/24/2022 2:17:59 PM",4.449,30.097,50.893,81.189,73002.7,1033.685,33.666,0.055,0.055,0.073,7.703,95.956,5.427,45.454,0,5.438,5.442,NA,11
"5/24/2022 2:17:59 PM",4.423,30.098,50.892,81.189,73001.1,1033.684,33.665,0.047,0.047,0.058,7.713,95.826,5.419,46.388,0,5.431,5.434,NA,11
"5/24/2022 2:17:59 PM",4.378,30.1,50.893,81.192,73001.8,1033.684,33.665,0.047,0.047,0.044,7.703,95.999,5.43,47.408,0,5.441,5.445,NA,11
"5/24/2022 2:17:59 PM",4.354,30.1,50.891,81.191,73000.3,1033.683,33.664,0.047,0.047,0.029,7.704,95.922,5.425,48.257,0,5.437,5.44,NA,11
"5/24/2022 2:17:59 PM",4.326,30.1,50.895,81.196,73004.6,1033.685,33.667,0.055,0.055,0.029,7.71,96.03,5.432,49.702,0,5.443,5.447,NA,11
"5/24/2022 2:18:00 PM",4.291,30.101,50.896,81.199,73005.9,1033.685,33.667,0.07,0.07,0.102,7.714,95.872,5.423,50.296,0,5.434,5.438,NA,11
"5/24/2022 2:18:00 PM",4.244,30.102,50.896,81.2,73005.3,1033.685,33.667,0.109,0.109,0.16,7.71,96.039,5.432,50.296,0,5.444,5.447,NA,11
"5/24/2022 2:18:00 PM",4.215,30.103,50.897,81.202,73006.4,1033.685,33.667,0.062,0.062,0.073,7.714,96.001,5.43,49.787,0,5.442,5.445,NA,11
"5/24/2022 2:18:00 PM",4.175,30.103,50.896,81.202,73005.5,1033.684,33.667,0.039,0.039,0.058,7.711,96.047,5.433,49.277,0,5.445,5.448,NA,11
"5/24/2022 2:18:00 PM",4.145,30.103,50.896,81.202,73005.6,1033.684,33.667,0.031,0.031,0.044,7.711,96.006,5.431,48.852,0,5.443,5.446,NA,11
"5/24/2022 2:18:01 PM",4.089,30.103,50.895,81.201,73004.4,1033.683,33.666,0.047,0.047,0.029,7.711,96.033,5.432,48.852,0,5.444,5.448,NA,11
"5/24/2022 2:18:01 PM",4.048,30.103,50.896,81.202,73005.1,1033.684,33.666,0.039,0.039,0.058,7.71,96.018,5.432,49.617,0,5.443,5.447,NA,11
"5/24/2022 2:18:01 PM",4.01,30.103,50.898,81.204,73008.2,1033.685,33.668,0.039,0.039,0.044,7.708,95.977,5.43,50.381,0,5.441,5.445,NA,11
"5/24/2022 2:18:01 PM",3.952,30.103,50.897,81.204,73006.9,1033.684,33.667,0.039,0.039,0.044,7.709,95.958,5.428,50.891,0,5.44,5.443,NA,11
"5/24/2022 2:18:01 PM",3.907,30.103,50.897,81.204,73007,1033.684,33.667,0.031,0.031,0.029,7.71,95.917,5.426,51.231,0,5.438,5.441,NA,11
"5/24/2022 2:18:02 PM",3.818,30.103,50.899,81.205,73008.5,1033.685,33.669,0.039,0.039,0.073,7.711,95.883,5.424,53.185,0,5.436,5.439,NA,11
"5/24/2022 2:18:02 PM",3.751,30.103,50.898,81.204,73008,1033.684,33.668,0.031,0.031,0.044,7.712,96.022,5.432,55.394,0,5.444,5.447,NA,11
"5/24/2022 2:18:02 PM",3.685,30.103,50.899,81.205,73008.3,1033.684,33.668,0.039,0.039,0.058,7.712,95.911,5.426,57.773,0,5.438,5.441,NA,11
"5/24/2022 2:18:02 PM",3.601,30.103,50.898,81.205,73008.2,1033.684,33.668,0.055,0.055,0.029,7.71,96.014,5.432,60.322,0,5.444,5.447,NA,11
"5/24/2022 2:18:02 PM",3.509,30.103,50.899,81.205,73008.8,1033.684,33.669,0.055,0.055,0.044,7.708,96.105,5.437,63.04,0,5.449,5.452,NA,11
"5/24/2022 2:18:03 PM",3.45,30.104,50.899,81.206,73009,1033.683,33.669,0.055,0.055,0.029,7.707,95.953,5.429,64.655,0,5.441,5.444,NA,11
"5/24/2022 2:18:03 PM",3.412,30.104,50.9,81.209,73010.1,1033.684,33.669,0.047,0.047,0.073,7.708,96.127,5.439,66.184,0,5.451,5.454,NA,11
"5/24/2022 2:18:03 PM",3.387,30.104,50.898,81.205,73007.9,1033.682,33.668,0.039,0.039,0.058,7.709,95.913,5.427,67.458,0,5.439,5.442,NA,11
"5/24/2022 2:18:03 PM",3.367,30.104,50.899,81.206,73008.4,1033.683,33.668,0.047,0.047,0.058,7.71,95.93,5.428,68.308,0,5.44,5.443,NA,11
"5/24/2022 2:18:03 PM",3.36,30.104,50.898,81.206,73007.9,1033.682,33.668,0.047,0.047,0.029,7.708,96.006,5.432,67.458,0,5.444,5.447,NA,11
"5/24/2022 2:18:04 PM",3.337,30.104,50.902,81.21,73012.1,1033.685,33.671,0.023,0.023,0.058,7.706,95.951,5.429,66.269,0,5.441,5.444,NA,11
"5/24/2022 2:18:04 PM",3.295,30.104,50.901,81.209,73011.1,1033.684,33.67,0.039,0.039,0.058,7.71,95.864,5.424,65.759,0,5.436,5.439,NA,11
"5/24/2022 2:18:04 PM",3.255,30.104,50.899,81.207,73009,1033.683,33.669,0.039,0.039,0.044,7.71,95.968,5.43,66.609,0,5.442,5.445,NA,11
"5/24/2022 2:18:04 PM",3.196,30.104,50.901,81.209,73011.4,1033.684,33.67,0.047,0.047,0.029,7.714,95.942,5.429,67.883,0,5.44,5.444,NA,11
"5/24/2022 2:18:05 PM",3.17,30.104,50.9,81.207,73009.6,1033.683,33.669,0.039,0.039,0,7.711,95.92,5.428,68.988,0,5.439,5.443,NA,11
"5/24/2022 2:18:05 PM",3.139,30.104,50.9,81.208,73010.4,1033.683,33.67,0.039,0.039,0.044,7.711,95.966,5.43,69.752,0,5.442,5.445,NA,11
"5/24/2022 2:18:05 PM",3.109,30.103,50.902,81.209,73012.2,1033.684,33.671,0.055,0.055,0.029,7.711,96.003,5.433,70.687,0,5.444,5.448,NA,11
"5/24/2022 2:18:05 PM",3.059,30.104,50.901,81.208,73010.6,1033.683,33.67,0.031,0.031,0.058,7.713,95.974,5.431,74,0,5.443,5.446,NA,11
"5/24/2022 2:18:05 PM",2.979,30.103,50.9,81.207,73010.4,1033.683,33.67,0.039,0.039,0.029,7.713,96.074,5.437,79.098,0,5.449,5.452,NA,11
"5/24/2022 2:18:06 PM",2.932,30.102,50.899,81.204,73009.1,1033.682,33.669,0.047,0.047,0.044,7.715,95.945,5.43,83.601,0,5.441,5.445,NA,11
"5/24/2022 2:18:06 PM",2.87,30.101,50.903,81.207,73013.2,1033.684,33.672,0.039,0.039,0.015,7.715,96.012,5.434,88.019,0,5.445,5.449,NA,11
"5/24/2022 2:18:06 PM",2.819,30.1,50.903,81.206,73013.4,1033.685,33.673,0.047,0.047,0.029,7.716,96.116,5.44,92.182,0,5.451,5.455,NA,11
"5/24/2022 2:18:06 PM",2.75,30.1,50.904,81.206,73014.5,1033.685,33.673,0.031,0.031,0.044,7.715,96.031,5.435,97.619,0,5.447,5.45,NA,11
"5/24/2022 2:18:06 PM",2.689,30.1,50.903,81.206,73014.1,1033.685,33.673,0.047,0.047,0.044,7.712,96.119,5.44,99.828,0,5.452,5.455,NA,11
"5/24/2022 2:18:07 PM",2.649,30.101,50.901,81.205,73011.3,1033.682,33.671,0.031,0.031,0.044,7.718,96.078,5.438,100.848,0,5.45,5.453,NA,11
"5/24/2022 2:18:07 PM",2.602,30.102,50.901,81.207,73011.5,1033.682,33.671,0.047,0.047,0.029,7.719,96.081,5.438,100.933,0,5.45,5.453,NA,11
"5/24/2022 2:18:07 PM",2.604,30.103,50.901,81.208,73010.7,1033.681,33.67,0.039,0.039,0.058,7.719,96.079,5.438,102.717,0,5.45,5.453,NA,11
"5/24/2022 2:18:07 PM",2.574,30.103,50.88,81.179,72984.5,1033.665,33.654,0.031,0.031,0.044,7.718,96.076,5.439,107.984,0,5.45,5.454,NA,11
"5/24/2022 2:18:07 PM",2.562,30.1,50.899,81.201,73008.7,1033.681,33.67,0.039,0.039,0.015,7.727,96.076,5.438,112.402,0,5.45,5.453,NA,11
"5/24/2022 2:18:08 PM",2.543,30.096,50.904,81.201,73015.5,1033.686,33.675,0.047,0.047,0.015,7.727,96.154,5.442,116.735,0,5.454,5.458,NA,11
"5/24/2022 2:18:08 PM",2.506,30.096,50.905,81.203,73017.2,1033.687,33.676,0.047,0.047,0.015,7.731,96.165,5.443,120.134,0,5.455,5.458,NA,11
"5/24/2022 2:18:08 PM",2.453,30.099,50.904,81.206,73015.1,1033.685,33.674,0.047,0.047,0.029,7.727,96.092,5.439,120.304,0,5.451,5.454,NA,11
"5/24/2022 2:18:08 PM",2.439,30.101,50.898,81.2,73007,1033.679,33.669,0.039,0.039,0.015,7.72,96.077,5.439,118.689,0,5.451,5.454,NA,11
"5/24/2022 2:18:08 PM",2.399,30.101,50.876,81.171,72980.3,1033.662,33.652,0.047,0.047,0.015,7.73,96.041,5.437,116.905,0,5.449,5.452,NA,11
"5/24/2022 2:18:09 PM",2.374,30.096,50.873,81.158,72976.4,1033.661,33.651,0.047,0.047,0,7.735,96.248,5.449,114.356,0,5.461,5.464,NA,11
"5/24/2022 2:18:09 PM",2.333,30.089,50.878,81.155,72983.7,1033.668,33.658,0.047,0.047,0.044,7.731,96.227,5.448,114.017,0,5.46,5.463,NA,11
"5/24/2022 2:18:09 PM",2.263,30.081,50.888,81.157,72997.8,1033.678,33.669,0.047,0.047,0.058,7.728,96.161,5.444,113.167,0,5.456,5.459,NA,11
"5/24/2022 2:18:09 PM",2.209,30.076,50.892,81.155,73003.2,1033.683,33.674,0.062,0.062,0.058,7.728,96.11,5.441,113.082,0,5.453,5.456,NA,11
"5/24/2022 2:18:09 PM",2.129,30.075,50.897,81.161,73009.4,1033.687,33.678,0.07,0.07,0.058,7.73,96.102,5.441,112.063,0,5.453,5.456,NA,11
"5/24/2022 2:18:10 PM",2.072,30.078,50.895,81.162,73005.7,1033.683,33.674,0.055,0.055,0.029,7.733,96.229,5.448,113.252,0,5.46,5.464,NA,11
"5/24/2022 2:18:10 PM",1.982,30.083,50.892,81.165,73002.1,1033.679,33.671,0.055,0.055,0.058,7.733,96.244,5.449,114.271,0,5.461,5.464,NA,11
"5/24/2022 2:18:10 PM",1.916,30.085,50.892,81.168,73001.2,1033.678,33.67,0.039,0.039,0.015,7.729,96.221,5.448,117.245,0,5.46,5.463,NA,11
"5/24/2022 2:18:10 PM",1.874,30.086,50.893,81.171,73002.2,1033.678,33.67,0.039,0.039,0.015,7.734,96.28,5.451,120.134,0,5.463,5.466,NA,11
"5/24/2022 2:18:10 PM",1.82,30.088,50.89,81.169,72998.4,1033.675,33.667,0.039,0.039,0.015,7.735,96.195,5.447,125.061,0,5.458,5.462,NA,11
"5/24/2022 2:18:11 PM",1.789,30.09,50.89,81.174,72999,1033.675,33.667,0.094,0.094,0.087,7.735,96.3,5.453,134.322,0,5.464,5.468,NA,11
"5/24/2022 2:18:11 PM",1.751,30.09,50.89,81.174,72998.7,1033.674,33.667,0.055,0.055,0.044,7.738,96.358,5.456,157.516,0,5.468,5.471,NA,11
"5/24/2022 2:18:11 PM",1.725,30.091,50.888,81.172,72996,1033.672,33.665,0.047,0.047,0.073,7.737,96.214,5.448,171.025,0,5.46,5.463,NA,11
"5/24/2022 2:18:11 PM",1.738,30.089,50.89,81.171,72997.9,1033.674,33.667,0.039,0.039,0.058,7.735,96.275,5.451,180.201,0,5.463,5.466,NA,11
"5/24/2022 2:18:11 PM",1.719,30.087,50.89,81.168,72998.4,1033.675,33.668,0.023,0.023,0.058,7.735,96.26,5.451,188.697,0,5.462,5.466,NA,11
"5/24/2022 2:18:12 PM",1.742,30.086,50.89,81.168,72999.2,1033.676,33.668,0.016,0.016,0,7.737,96.249,5.45,211.211,0,5.462,5.465,NA,11
"5/24/2022 2:18:12 PM",1.763,30.086,50.892,81.17,73001.5,1033.677,33.67,0.031,0.031,0.015,7.736,96.241,5.449,243.836,0,5.461,5.465,NA,11
"5/24/2022 2:18:12 PM",1.768,30.086,50.893,81.171,73002,1033.677,33.67,0.023,0.023,0.015,7.74,96.356,5.456,266.605,0,5.468,5.471,NA,11
"5/24/2022 2:18:12 PM",1.785,30.086,50.89,81.167,72998.7,1033.676,33.668,0.047,0.047,0.044,7.738,96.269,5.451,288.44,0,5.463,5.466,NA,11
"5/24/2022 2:18:12 PM",1.782,30.085,50.89,81.166,72999,1033.676,33.668,0.062,0.062,0.087,7.741,96.322,5.454,238.568,0,5.466,5.469,NA,11
"5/24/2022 2:18:13 PM",1.763,30.085,50.896,81.173,73006.4,1033.68,33.673,0.055,0.055,0.058,7.743,96.224,5.448,283.937,0,5.46,5.463,NA,11
"5/24/2022 2:18:13 PM",1.738,30.084,50.9,81.178,73011,1033.683,33.676,0.039,0.039,0.029,7.741,96.183,5.446,257.175,0,5.458,5.461,NA,11
"5/24/2022 2:18:13 PM",1.697,30.087,50.897,81.178,73007.7,1033.681,33.673,0.07,0.07,0.087,7.747,96.306,5.453,216.564,0,5.465,5.468,NA,11
"5/24/2022 2:18:13 PM",1.627,30.09,50.894,81.177,73002.8,1033.676,33.67,0.031,0.031,0.058,7.751,96.367,5.457,198.382,0,5.468,5.472,NA,11
"5/24/2022 2:18:14 PM",1.495,30.091,50.89,81.174,72998.1,1033.673,33.666,0.062,0.062,0.102,7.753,96.274,5.452,179.776,0,5.464,5.467,NA,11
"5/24/2022 2:18:14 PM",1.398,30.091,50.89,81.175,72998.2,1033.672,33.666,0.055,0.055,0.058,7.75,96.371,5.457,167.372,0,5.469,5.473,NA,11
"5/24/2022 2:18:14 PM",1.314,30.091,50.89,81.174,72997.8,1033.672,33.666,0.078,0.078,0.058,7.75,96.274,5.452,156.157,0,5.464,5.467,NA,11
"5/24/2022 2:18:14 PM",1.221,30.091,50.889,81.171,72996.2,1033.671,33.665,0.055,0.055,0.073,7.755,96.344,5.456,138.23,0,5.468,5.471,NA,11
"5/24/2022 2:18:14 PM",1.135,30.09,50.89,81.173,72998.7,1033.672,33.667,0.062,0.062,0.073,7.753,96.286,5.453,135.681,0,5.465,5.468,NA,11
"5/24/2022 2:18:15 PM",0.981,30.09,50.891,81.174,72999.7,1033.672,33.668,0.047,0.047,0.058,7.756,96.27,5.452,143.838,0,5.464,5.467,NA,11
"5/24/2022 2:18:15 PM",0.866,30.09,50.873,81.149,72976.4,1033.657,33.653,0.047,0.047,0.044,7.757,96.337,5.456,146.386,0,5.468,5.471,NA,11
"5/24/2022 2:18:15 PM",0.784,30.09,50.87,81.146,72973.5,1033.655,33.652,0.031,0.031,0,7.758,96.32,5.455,153.353,0,5.467,5.47,NA,11
"5/24/2022 2:18:15 PM",0.718,30.092,50.873,81.153,72977,1033.656,33.653,0.031,0.031,0.029,7.763,96.354,5.457,163.463,0,5.469,5.472,NA,11
"5/24/2022 2:18:15 PM",0.67,30.123,50.858,81.177,72954.6,1033.634,33.631,0.016,0.016,0,7.761,96.353,5.457,187.507,0,5.469,5.473,NA,11
"5/24/2022 2:18:16 PM",0.67,30.135,50.834,81.161,72923,1033.611,33.608,0.016,0.016,0,7.761,96.258,5.453,204.924,0,5.465,5.468,NA,11
"5/24/2022 2:18:16 PM",0.649,30.126,50.839,81.154,72929.7,1033.618,33.615,0.023,0.023,0,7.76,96.298,5.455,222.086,0,5.467,5.47,NA,11
"5/24/2022 2:18:16 PM",0.661,30.113,50.854,81.156,72951,1033.634,33.632,0,0,0,7.762,96.209,5.449,239.503,0,5.461,5.464,NA,11
"5/24/2022 2:18:16 PM",0.661,30.113,50.852,81.153,72947.2,1033.632,33.629,0,0,0,7.769,96.299,5.454,281.218,0,5.466,5.47,NA,11
"5/24/2022 2:18:16 PM",0.633,30.106,50.856,81.148,72953.4,1033.638,33.635,0.078,0.078,0.131,7.772,96.274,5.453,327.522,0,5.465,5.468,NA,11
"5/24/2022 2:18:17 PM",0.637,30.102,50.858,81.146,72956.6,1033.641,33.638,0.016,0.016,0.015,7.767,96.315,5.455,489.286,0,5.467,5.47,NA,11
"5/24/2022 2:18:17 PM",0.623,30.101,50.86,81.146,72959,1033.643,33.64,0.062,0.062,0.087,7.766,96.222,5.45,1253.163,0,5.462,5.465,NA,11
"5/24/2022 2:18:17 PM",0.645,30.098,50.862,81.146,72962,1033.645,33.642,0,0,0,7.767,96.288,5.453,1400.059,0,5.465,5.469,NA,11
"5/24/2022 2:18:17 PM",0.651,30.095,50.864,81.145,72965.3,1033.648,33.645,0.039,0.039,0.073,7.77,96.329,5.456,1085.537,0,5.468,5.471,NA,11
"5/24/2022 2:18:17 PM",0.638,30.094,50.867,81.147,72969.3,1033.651,33.648,0,0,0,7.769,96.318,5.455,1119.096,0,5.467,5.47,NA,11
"5/24/2022 2:18:18 PM",0.623,30.093,50.871,81.15,72973.8,1033.654,33.651,0.047,0.047,0.044,7.763,96.29,5.453,1332.176,0,5.465,5.469,NA,11
"5/24/2022 2:18:18 PM",0.574,30.094,50.875,81.157,72978.7,1033.656,33.654,0.031,0.031,0.058,7.764,96.224,5.45,382.576,0,5.462,5.465,NA,11
"5/24/2022 2:18:18 PM",0.446,30.097,50.898,81.194,73006.6,1033.672,33.67,0.273,0.273,0.597,7.766,96.272,5.452,38.742,0,5.464,5.467,NA,11
"5/24/2022 2:18:18 PM",0.301,30.119,50.899,81.227,73005.6,1033.665,33.663,0.164,0.164,0.364,7.764,96.189,5.448,15.123,0,5.459,5.463,NA,11
"5/24/2022 2:18:18 PM",0.216,30.192,50.948,81.403,73057.8,1033.675,33.674,0.133,0.133,0.204,7.763,96.323,5.454,12.319,0,5.466,5.47,NA,11
"5/24/2022 2:18:19 PM",0.129,30.242,50.846,81.336,72925.1,1033.579,33.579,0.078,0.078,0.116,7.762,96.312,5.457,12.829,0,5.469,5.472,NA,11
"5/24/2022 2:18:19 PM",0.121,30.24,50.864,81.357,72947,1033.593,33.593,0.07,0.07,0.087,7.762,96.231,5.453,11.979,0,5.464,5.468,NA,11
"5/24/2022 2:18:19 PM",0.154,30.523,50.79,81.671,72822.2,1033.435,33.434,0.211,0.211,0.277,7.766,96.277,5.457,7.392,0,5.469,5.473,NA,11
"5/24/2022 2:18:19 PM",0.145,30.518,50.784,81.655,72815.4,1033.432,33.431,0.117,0.117,0.146,7.766,96.215,5.455,3.653,0,5.466,5.47,NA,11
"5/24/2022 2:18:19 PM",0.169,30.492,50.801,81.642,72840.4,1033.455,33.454,0.055,0.055,0.015,7.769,96.307,5.46,2.889,0,5.472,5.475,NA,11
"5/24/2022 2:18:20 PM",0.197,30.356,50.82,81.467,72879.5,1033.519,33.518,0,0,0,7.769,96.154,5.451,2.039,0,5.463,5.466,NA,11
"5/24/2022 2:18:20 PM",0.274,30.184,50.925,81.358,73029.4,1033.66,33.659,0,0,0,7.768,96.143,5.448,1.359,0,5.46,5.463,NA,11
"5/24/2022 2:18:20 PM",0.282,30.169,50.93,81.344,73037.9,1033.67,33.668,0,0,0,7.774,96.154,5.449,1.529,0,5.46,5.464,NA,11
"5/24/2022 2:18:20 PM",0.317,30.184,50.922,81.354,73026,1033.658,33.657,0,0,0,7.776,96.157,5.449,1.699,0,5.461,5.464,NA,11
"5/24/2022 2:18:20 PM",0.333,30.203,50.892,81.342,72987.3,1033.629,33.628,0.289,0.289,0.233,7.775,96.161,5.451,1.869,0,5.462,5.466,NA,11
"5/24/2022 2:18:21 PM",0.366,30.194,50.871,81.299,72962.1,1033.617,33.615,0.094,0.094,0.175,7.778,96.063,5.445,3.823,0,5.457,5.461,NA,11
"5/24/2022 2:18:21 PM",0.383,30.186,50.895,81.32,72992.1,1033.637,33.636,0.117,0.117,0.349,7.779,96.095,5.446,432.872,0,5.458,5.462,NA,11
"5/24/2022 2:18:21 PM",0.371,30.189,50.933,81.377,73039.1,1033.665,33.663,0.179,0.179,0.175,7.778,96.079,5.444,1459.022,0,5.456,5.46,NA,11
"5/24/2022 2:18:21 PM",0.34,30.207,50.924,81.392,73026.6,1033.652,33.651,5.765,5.765,0.262,7.779,96.149,5.449,1492.666,0,5.461,5.464,NA,11
"5/24/2022 2:18:21 PM",0.307,30.242,50.859,81.353,72940.5,1033.589,33.588,12.185,12.185,4.01,7.78,96.034,5.444,1239.909,0,5.456,5.459,NA,11
"5/24/2022 2:18:22 PM",0.192,30.25,50.838,81.336,72914.6,1033.571,33.57,2.262,2.262,3.485,7.778,95.981,5.442,2223.749,0,5.454,5.457,NA,11
"5/24/2022 2:18:22 PM",0.095,30.222,50.831,81.284,72908.4,1033.575,33.574,0.554,0.554,0.568,7.776,95.902,5.437,1871.164,0,5.449,5.453,NA,11
"5/24/2022 2:18:22 PM",0,30.187,49.387,79.229,71113.6,1032.494,32.494,3.112,3.112,0.786,7.778,95.895,5.48,1778.982,0,5.492,5.496,NA,11
"5/24/2022 2:18:22 PM",0,30.172,50.859,81.249,72948.6,1033.613,33.613,4.056,4.056,0.044,7.776,95.922,5.438,1212.212,0,5.45,5.453,NA,11
"5/24/2022 2:18:23 PM",0,30.154,50.843,81.201,72931.8,1033.607,33.608,5.18,5.18,4.902,7.779,95.886,5.436,977.977,0,5.448,5.451,NA,11
"5/24/2022 2:18:23 PM",0,30.133,50.842,81.169,72933,1033.614,33.615,1.467,1.467,0.32,7.779,95.863,5.435,1725.797,0,5.446,5.45,NA,11
"5/24/2022 2:18:23 PM",0,30.125,50.833,81.144,72921.8,1033.609,33.611,0.172,0.172,0,7.78,95.897,5.437,1971.417,0,5.449,5.452,NA,11
"5/24/2022 2:18:23 PM",0,30.117,50.84,81.141,72931.9,1033.617,33.619,0.226,0.226,0.073,7.78,95.817,5.432,2112.281,0,5.444,5.447,NA,11
"5/24/2022 2:18:23 PM",0,30.115,50.922,81.253,73034.1,1033.68,33.682,0.008,0.008,0,7.78,95.799,5.428,2219.501,0,5.44,5.444,NA,11
"5/24/2022 2:18:24 PM",0,30.142,49.511,79.335,71272.7,1032.602,32.604,0,0,0,7.778,95.879,5.475,2545.748,0,5.487,5.49,NA,11
"5/24/2022 2:18:24 PM",0,30.06,2.284,4.751,4275.1,997.336,0,0,0,0,7.785,95.819,7.086,2488.739,0,7.107,7.107,NA,11
"5/24/2022 2:18:24 PM",0,30.033,1.904,4.001,3602.4,997.061,0,0,0,0,7.784,95.891,7.107,2220.01,0,7.128,7.128,NA,11
"5/24/2022 2:18:24 PM",0,29.989,1.388,2.964,2671.2,996.689,0,0,0,0,7.785,95.781,7.119,2157.904,0,7.139,7.139,NA,11
"5/24/2022 2:18:24 PM",0,29.834,0.961,2.085,1884.7,996.417,0,0,0,0,7.783,95.786,7.136,1881.869,0,7.156,7.156,NA,11
"5/24/2022 2:18:25 PM",0,29.731,0.862,1.875,1697.9,996.374,0,0,0,0,7.781,95.823,7.142,1916.193,0,7.163,7.163,NA,11
"5/24/2022 2:18:25 PM",0,29.684,0.78,1.703,1543.5,996.327,0,0,0,0,7.777,95.781,7.143,1828.344,0,7.163,7.163,NA,11
"5/24/2022 2:18:25 PM",0,29.614,0.741,1.618,1469.2,996.318,0,0,0,0,7.779,95.925,7.154,1878.64,0,7.175,7.175,NA,11
"5/24/2022 2:18:25 PM",0,29.536,0.686,1.501,1364.9,996.3,0,83.062,83.062,0,7.772,95.84,7.151,1916.362,0,7.171,7.171,NA,11
"5/24/2022 2:18:25 PM",0,29.462,0.632,1.386,1261.8,996.282,0,229.732,229.732,22.584,7.765,95.827,7.151,1906.847,0,7.172,7.172,NA,11
"5/24/2022 2:18:26 PM",0,29.377,0.628,1.376,1255.5,996.305,0,289.579,289.579,23.904,7.769,95.801,7.149,1900.05,0,7.17,7.17,NA,11
"5/24/2022 2:18:26 PM",0,29.319,0.604,1.325,1209.6,996.304,0,120.358,120.358,52.842,7.768,95.83,7.153,1911.18,0,7.174,7.174,NA,11
"5/24/2022 2:18:26 PM",0,29.257,0.549,1.206,1102.5,996.281,0,57.952,57.952,36.313,7.768,95.922,7.162,1958.503,0,7.182,7.182,NA,11
"5/24/2022 2:18:26 PM",0,29.191,0.535,1.175,1075.4,996.29,0,109.694,109.694,249.541,7.77,95.78,7.152,2052.214,0,7.173,7.173,NA,11
"5/24/2022 2:18:26 PM",0,29.131,0.491,1.081,990.6,996.275,0,228.991,228.991,60.099,7.766,95.832,7.158,2172.093,0,7.178,7.178,NA,11
"5/24/2022 2:18:27 PM",0,29.149,0.485,1.068,979,996.265,0,74.918,74.918,0,7.769,95.882,7.161,2313.806,0,7.182,7.182,NA,11
"5/24/2022 2:18:27 PM",0,29.199,0.471,1.038,950.4,996.239,0,132.542,132.542,0,7.769,95.777,7.154,2281.521,0,7.175,7.175,NA,11
"5/24/2022 2:18:27 PM",0,29.286,0.454,1.005,918.1,996.201,0,44.768,44.768,0,7.763,95.875,7.162,2052.384,0,7.183,7.183,NA,11
"5/24/2022 2:18:27 PM",0,29.319,0.444,0.984,898.9,996.184,0,78.593,78.593,0,7.757,95.854,7.161,2010.923,0,7.181,7.181,NA,11
"5/24/2022 2:18:27 PM",0,29.319,0.44,0.976,891.1,996.181,0,61.025,61.025,0.903,7.757,95.86,7.161,1855.021,0,7.182,7.182,NA,11
"5/24/2022 2:18:28 PM",0,29.292,0.437,0.967,883.9,996.186,0,19.003,19.003,0,7.761,95.887,7.163,1603.964,0,7.184,7.184,NA,11
"5/24/2022 2:18:28 PM",0,29.209,0.418,0.926,847.3,996.197,0,0,0,0,7.762,95.797,7.157,1831.997,0,7.178,7.178,NA,11
"5/24/2022 2:18:28 PM",0,29.126,0.398,0.882,808.2,996.206,0,4.033,4.033,0,7.755,95.848,7.163,1953.065,0,7.184,7.184,NA,11
"5/24/2022 2:18:28 PM",0,29.035,0.399,0.882,810.2,996.234,0,144.899,144.899,32.856,7.749,95.896,7.166,1937.688,0,7.186,7.186,NA,11
"5/24/2022 2:18:28 PM",0,29,0.402,0.888,816,996.246,0,115.599,115.599,111.443,7.748,95.806,7.159,1976.939,0,7.18,7.18,NA,11
"5/24/2022 2:18:29 PM",0,29.037,0.396,0.876,804.6,996.231,0,157.162,157.162,158.496,7.744,95.808,7.16,1973.626,0,7.18,7.18,NA,11
"5/24/2022 2:18:29 PM",0,28.996,0.379,0.839,771,996.231,0,382.127,382.127,162.917,7.737,95.901,7.167,2011.008,0,7.188,7.188,NA,11
"5/24/2022 2:18:29 PM",0,28.969,0.389,0.86,791.2,996.246,0,260.093,260.093,206.56,7.744,95.901,7.168,2014.661,0,7.188,7.188,NA,11
"5/24/2022 2:18:29 PM",0,28.92,0.372,0.823,757.4,996.247,0,198.03,198.03,243.441,7.738,95.769,7.158,1924.264,0,7.179,7.179,NA,11
"5/24/2022 2:18:29 PM",0,28.835,0.365,0.807,744,996.267,0,490.386,490.386,227.619,7.739,95.752,7.157,1986.964,0,7.178,7.178,NA,11
"5/24/2022 2:18:30 PM",0,28.753,0.365,0.804,743.1,996.291,0,506.05,506.05,624.894,7.742,95.667,7.151,1921.885,0,7.171,7.172,NA,11
"5/24/2022 2:18:30 PM",0,28.651,0.36,0.792,733,996.317,0,310.423,310.423,307.541,7.743,95.764,7.159,1877.451,0,7.179,7.179,NA,11
"5/24/2022 2:18:30 PM",0,28.571,0.357,0.785,727.9,996.338,0,111.668,111.668,278.641,7.732,95.775,7.16,1942.02,0,7.18,7.18,NA,11
"5/24/2022 2:18:30 PM",0,28.463,0.36,0.791,734.6,996.372,0,93.141,93.141,225.314,7.725,95.795,7.16,2005.911,0,7.181,7.181,NA,11
"5/24/2022 2:18:30 PM",0,28.368,0.343,0.752,699.8,996.386,0,32.872,32.872,73.76,7.715,95.747,7.158,2005.571,0,7.179,7.179,NA,11
"5/24/2022 2:18:31 PM",0,28.252,0.347,0.758,707.7,996.422,0,0,0,0,7.697,95.684,7.153,2053.488,0,7.173,7.174,NA,11
"5/24/2022 2:18:31 PM",0,28.22,0.334,0.73,681.8,996.422,0,1.162,1.162,39.209,7.691,95.611,7.148,1911.69,0,7.169,7.169,NA,11
"5/24/2022 2:18:31 PM",0,28.192,0.318,0.697,650.9,996.418,0,16.662,16.662,11.615,7.689,95.641,7.151,1796.059,0,7.171,7.171,NA,11
"5/24/2022 2:18:31 PM",0,28.187,0.407,0.885,826.8,996.486,0,34.557,34.557,0,7.685,95.728,7.154,1859.099,0,7.175,7.175,NA,11
"5/24/2022 2:18:32 PM",0,28.188,0.322,0.704,657.9,996.422,0,0,0,0,7.683,95.712,7.156,1699.969,0,7.177,7.177,NA,11
"5/24/2022 2:18:32 PM",0,28.182,0.314,0.687,642.5,996.418,0,0,0,0,7.683,95.748,7.158,1050.023,0,7.179,7.179,NA,11
"5/24/2022 2:18:32 PM",0,28.165,0.354,0.773,722.3,996.452,0,0,0,0,7.683,95.626,7.148,565.325,0,7.169,7.169,NA,11
"5/24/2022 2:18:32 PM",0,28.102,0.457,0.988,924.9,996.548,0,0,0,4.785,7.682,95.567,7.139,511.291,0,7.16,7.16,NA,11
"5/24/2022 2:18:32 PM",0,28.071,1.473,3.023,2831.4,997.319,0,1.108,1.108,0.058,7.68,95.518,7.097,729.213,0,7.118,7.118,NA,11
"5/24/2022 2:18:33 PM",0,27.929,2.066,4.15,3898.9,997.803,0,0,0,0,7.675,95.615,7.081,1427.501,0,7.101,7.101,NA,11
"5/24/2022 2:18:33 PM",0,27.701,1.119,2.313,2183,997.159,0,0,0,0,7.671,95.608,7.118,1038.978,0,7.138,7.138,NA,11
"5/24/2022 2:18:33 PM",0,27.513,0.983,2.037,1930.1,997.11,0,0,0,0,7.665,95.669,7.127,544.34,0,7.148,7.148,NA,11
"5/24/2022 2:18:33 PM",0,27.393,0.68,1.43,1358.1,996.916,0,0,0,0,7.662,95.619,7.136,493.874,0,7.157,7.157,NA,11
"5/24/2022 2:18:33 PM",0,27.345,0.554,1.172,1114.3,996.834,0,1.201,1.201,3.076,7.661,95.469,7.13,498.547,0,7.151,7.151,NA,11
"5/24/2022 2:18:34 PM",0,27.38,0.494,1.05,998,996.78,0,2.387,2.387,11.439,7.656,95.485,7.134,488.861,0,7.155,7.155,NA,11
"5/24/2022 2:18:34 PM",0,27.489,0.434,0.929,880.4,996.704,0,0,0,0,7.652,95.466,7.135,485.038,0,7.155,7.155,NA,11
"5/24/2022 2:18:34 PM",0,27.647,0.405,0.872,824.3,996.638,0,0,0,0,7.653,95.527,7.141,474.758,0,7.162,7.162,NA,11
"5/24/2022 2:18:34 PM",0,27.778,0.386,0.834,785.5,996.587,0,9.057,9.057,0,7.657,95.5,7.14,481.13,0,7.16,7.16,NA,11
"5/24/2022 2:18:34 PM",0,30.357,2.475,5.153,4609.6,997.388,0,4.852,4.852,0,7.766,95.399,7.051,469.405,0,7.072,7.071,NA,11
"5/24/2022 2:18:35 PM",0,30.94,2.567,5.39,4766.8,997.275,0,2.8,2.8,6.467,7.841,95.391,7.047,467.196,0,7.067,7.067,NA,11
"5/24/2022 2:18:35 PM",0,31.089,2.496,5.265,4643.4,997.175,0,2.371,2.371,9.53,7.894,95.399,7.05,455.132,0,7.071,7.071,NA,11
"5/24/2022 2:18:35 PM",0,31.145,2.331,4.943,4354.4,997.035,0,2.098,2.098,9.046,7.971,95.35,7.053,458.275,0,7.074,7.074,NA,11
"5/24/2022 2:18:35 PM",0,31.147,2.537,5.351,4713.4,997.187,0,1.467,1.467,7.287,8.011,95.479,7.055,469.32,0,7.075,7.075,NA,11
"5/24/2022 2:18:35 PM",0,31.157,2.385,5.052,4449.1,997.072,0,1.584,1.584,8.518,8.054,95.514,7.063,1198.364,0,7.084,7.084,NA,11
"5/24/2022 2:18:36 PM",0,31.159,2.239,4.76,4191.9,996.962,0,1.974,1.974,9.002,8.073,95.28,7.051,2087.557,0,7.072,7.072,NA,11
"5/24/2022 2:18:36 PM",0,31.151,2.324,4.929,4342,997.028,0,2.106,2.106,8.664,8.09,95.23,7.045,2316.44,0,7.065,7.065,NA,11
"5/24/2022 2:18:36 PM",0,31.144,2.368,5.016,4418.4,997.063,0,1.958,1.958,8.679,8.101,95.283,7.047,2393.414,0,7.067,7.067,NA,11
"5/24/2022 2:18:36 PM",0,31.147,3.87,7.948,7001.4,998.179,0,1.685,1.685,8.415,8.112,95.294,6.99,2426.718,0,7.011,7.01,NA,11
"5/24/2022 2:18:36 PM",0,31.153,2.234,4.749,4182.6,996.96,0,1.818,1.818,8.386,8.109,95.398,7.061,2439.463,0,7.081,7.081,NA,11
"5/24/2022 2:18:37 PM",0,31.151,3.828,7.867,6929.5,998.146,0,1.63,1.63,9.002,8.111,95.256,6.989,2443.456,0,7.01,7.01,NA,11
"5/24/2022 2:18:37 PM",0,31.154,2.259,4.8,4227.4,996.979,0,1.755,1.755,9.559,8.112,95.224,7.047,2452.376,0,7.067,7.067,NA,11
"5/24/2022 2:18:37 PM",0,31.145,4.281,8.732,7692.5,998.485,0,1.919,1.919,9.163,8.113,95.159,6.964,2464.186,0,6.984,6.984,NA,11
"5/24/2022 2:18:37 PM",0,31.134,3.716,7.649,6739.5,998.068,0,1.732,1.732,9.633,8.116,95.242,6.992,2468.179,0,7.012,7.012,NA,11
"5/24/2022 2:18:37 PM",0,31.128,5.484,10.991,9684.9,999.383,0,2.27,2.27,8.782,8.116,95.181,6.922,2465.205,0,6.942,6.942,NA,11
"5/24/2022 2:18:38 PM",0,31.126,5.194,10.45,9208.8,999.168,0,2.083,2.083,8.708,8.117,95.17,6.93,2463.336,0,6.951,6.95,NA,11
"5/24/2022 2:18:38 PM",0,31.123,6.095,12.121,10682.3,999.838,0,1.857,1.857,8.782,8.118,95.151,6.895,2459.343,0,6.916,6.915,NA,11
"5/24/2022 2:18:38 PM",0,31.119,3.915,8.029,7076.6,998.221,0,1.833,1.833,8.928,8.119,95.146,6.977,2446.259,0,6.998,6.997,NA,11
"5/24/2022 2:18:38 PM",0,31.121,2.58,5.434,4789,997.228,0,1.701,1.701,9.545,8.122,95.232,7.036,2435.979,0,7.056,7.056,NA,11
"5/24/2022 2:18:38 PM",0,31.124,2.909,6.083,5360.4,997.471,0,2.005,2.005,9.809,8.119,95.213,7.021,2430.457,0,7.041,7.041,NA,11
"5/24/2022 2:18:39 PM",0,31.127,2.174,4.626,4076.3,996.923,0,2.254,2.254,9.853,8.123,95.143,7.045,2430.966,0,7.065,7.065,NA,11
"5/24/2022 2:18:39 PM",0,31.126,2.484,5.245,4622.2,997.155,0,2.059,2.059,9.383,8.12,95.063,7.026,2435.979,0,7.047,7.047,NA,11
"5/24/2022 2:18:39 PM",0,31.128,2.192,4.662,4108.1,996.937,0,1.771,1.771,9.09,8.115,95.146,7.044,1304.904,0,7.064,7.064,NA,11
"5/24/2022 2:18:39 PM",0,31.126,2.163,4.605,4058.1,996.916,0,1.81,1.81,9.662,8.114,95.066,7.039,716.469,0,7.06,7.06,NA,11
"5/24/2022 2:18:39 PM",0,31.123,2.128,4.533,3995.1,996.89,0,1.966,1.966,9.545,8.116,94.998,7.036,627.856,0,7.056,7.056,NA,11
"5/24/2022 2:18:40 PM",0,31.12,2.142,4.561,4020.2,996.902,0,2.067,2.067,9.192,8.119,95.039,7.038,699.053,0,7.058,7.058,NA,11
"5/24/2022 2:18:40 PM",0,31.113,2.154,4.586,4042.6,996.914,0,1.545,1.545,8.738,8.119,95.011,7.035,2318.734,0,7.056,7.056,NA,11
"5/24/2022 2:18:40 PM",0,31.108,2.2,4.678,4123.8,996.949,0,1.568,1.568,8.239,8.116,95.01,7.033,2463.506,0,7.054,7.054,NA,11
"5/24/2022 2:18:40 PM",0,31.104,2.206,4.69,4134.5,996.955,0,1.654,1.654,8.943,8.113,94.95,7.029,2496.896,0,7.049,7.049,NA,11
"5/24/2022 2:18:40 PM",0,31.114,2.411,5.098,4493.5,997.104,0,1.646,1.646,8.694,8.114,95.093,7.031,2515.927,0,7.052,7.051,NA,11
"5/24/2022 2:18:41 PM",0,31.114,2.359,4.995,4402.4,997.065,0,1.389,1.389,8.796,8.113,95.132,7.036,2532.834,0,7.057,7.057,NA,11
"5/24/2022 2:18:41 PM",0,31.123,2.566,5.406,4764.1,997.216,0,1.521,1.521,8.855,8.11,95.121,7.027,2542.434,0,7.048,7.048,NA,11
"5/24/2022 2:18:41 PM",0,31.121,4.257,8.683,7652.3,998.474,0,1.794,1.794,9.339,8.113,95.071,6.959,2548.976,0,6.979,6.979,NA,11
"5/24/2022 2:18:41 PM",0,31.125,3.186,6.624,5837.3,997.677,0,2.145,2.145,9.677,8.117,94.929,6.989,2546.597,0,7.009,7.009,NA,11
"5/24/2022 2:18:42 PM",0,31.129,4.112,8.407,7407.9,998.364,0,1.981,1.981,9.956,8.116,95.046,6.963,2528.161,0,6.983,6.983,NA,11
"5/24/2022 2:18:42 PM",0,31.132,3.893,7.99,7040.1,998.201,0,2.956,2.956,11.512,8.114,95.07,6.973,2406.583,0,6.993,6.993,NA,11
"5/24/2022 2:18:42 PM",0,31.113,2.92,6.102,5378.8,997.483,0,2.325,2.325,9.633,8.114,95.063,7.009,1107.966,0,7.029,7.029,NA,11
"5/24/2022 2:18:42 PM",0,31.102,3.693,7.601,6701.6,998.061,0,2.208,2.208,9.574,8.12,94.981,6.974,1712.458,0,6.994,6.994,NA,11
"5/24/2022 2:18:42 PM",0,31.114,5.718,11.423,10068.4,999.561,0,1.724,1.724,8.401,8.12,95.01,6.9,585.036,0,6.92,6.92,NA,11
"5/24/2022 2:18:43 PM",0,31.12,6.723,13.274,11698.7,1000.305,0.307,0.78,0.78,7.14,8.124,95.042,6.863,514.349,0,6.883,6.883,NA,11
"5/24/2022 2:18:43 PM",0,31.129,6.876,13.557,11946,1000.416,0.418,1.49,1.49,8.181,8.128,95.065,6.86,2034.627,0,6.88,6.879,NA,11
"5/24/2022 2:18:43 PM",0,31.134,5.246,10.549,9295,999.205,0,2.044,2.044,9.046,8.126,94.954,6.913,2155.186,0,6.933,6.933,NA,11
"5/24/2022 2:18:43 PM",0,31.136,2.588,5.451,4802.8,997.229,0,2.098,2.098,9.325,8.124,94.855,7.006,2162.917,0,7.026,7.026,NA,11
"5/24/2022 2:18:43 PM",0,31.134,3.024,6.309,5558.8,997.554,0,2.184,2.184,9.31,8.124,94.965,6.998,2134.88,0,7.018,7.018,NA,11
"5/24/2022 2:18:44 PM",0,31.13,2.207,4.693,4135.3,996.947,0,2.028,2.028,9.413,8.127,95.052,7.035,2099.707,0,7.056,7.056,NA,11
"5/24/2022 2:18:44 PM",0,31.124,2.089,4.455,3926.4,996.861,0,1.825,1.825,9.354,8.124,94.962,7.034,2084.499,0,7.054,7.054,NA,11
"5/24/2022 2:18:44 PM",0,31.119,2.087,4.451,3923.2,996.861,0,1.833,1.833,9.721,8.124,94.974,7.034,2079.486,0,7.055,7.054,NA,11
"5/24/2022 2:18:44 PM",0,31.116,2.051,4.379,3859.9,996.836,0,1.794,1.794,9.163,8.124,94.908,7.03,2091.126,0,7.05,7.05,NA,11
"5/24/2022 2:18:44 PM",0,31.119,2.035,4.347,3830.9,996.822,0,2.036,2.036,9.134,8.12,94.922,7.032,2107.353,0,7.053,7.052,NA,11
"5/24/2022 2:18:45 PM",0,31.123,2.021,4.319,3806.4,996.811,0,1.669,1.669,8.723,8.123,94.887,7.03,2110.242,0,7.051,7.05,NA,11
"5/24/2022 2:18:45 PM",0,31.124,2.004,4.285,3776.5,996.798,0,1.638,1.638,9.515,8.123,94.926,7.033,1678.049,0,7.054,7.054,NA,11
"5/24/2022 2:18:45 PM",0,31.13,1.997,4.272,3764,996.791,0,1.685,1.685,9.075,8.122,94.881,7.031,474.588,0,7.051,7.051,NA,11
"5/24/2022 2:18:45 PM",0,31.134,2,4.278,3769.7,996.792,0,1.685,1.685,8.503,8.12,94.869,7.029,236.189,0,7.05,7.05,NA,11
"5/24/2022 2:18:45 PM",0,31.161,2.009,4.299,3785.5,996.79,0,1.833,1.833,8.151,8.126,94.767,7.022,218.688,0,7.042,7.042,NA,11
"5/24/2022 2:18:46 PM",0,31.176,2.085,4.452,3919.7,996.842,0,1.599,1.599,7.844,8.127,94.87,7.026,318.431,0,7.047,7.047,NA,11
"5/24/2022 2:18:46 PM",0,31.181,2.237,4.758,4188.8,996.954,0,1.412,1.412,8.151,8.126,94.919,7.023,1325.124,0,7.044,7.043,NA,11
"5/24/2022 2:18:46 PM",0,31.182,2.315,4.913,4324.5,997.011,0,1.537,1.537,9.002,8.124,94.891,7.019,1916.702,0,7.039,7.039,NA,11
"5/24/2022 2:18:46 PM",0,31.185,3.285,6.824,6006.7,997.732,0,1.716,1.716,8.811,8.124,94.955,6.986,2146.35,0,7.006,7.006,NA,11
"5/24/2022 2:18:46 PM",0,31.189,4.501,9.157,8059.5,998.634,0,1.896,1.896,9.119,8.127,94.79,6.926,2273.025,0,6.947,6.946,NA,11
"5/24/2022 2:18:47 PM",0,31.187,6.217,12.361,10879.8,999.908,0,1.732,1.732,8.928,8.123,94.787,6.863,2291.887,0,6.883,6.882,NA,11
"5/24/2022 2:18:47 PM",0,31.177,4.769,9.662,8506.1,998.837,0,1.841,1.841,9.677,8.124,94.768,6.916,2300.722,0,6.936,6.936,NA,11
"5/24/2022 2:18:47 PM",0,31.161,4.79,9.697,8539.7,998.857,0,2.091,2.091,10.19,8.128,94.807,6.917,2259.262,0,6.937,6.937,NA,11
"5/24/2022 2:18:47 PM",0,31.155,5.715,11.426,10063,999.546,0,1.591,1.591,10.132,8.125,94.827,6.883,2206.587,0,6.904,6.903,NA,11
"5/24/2022 2:18:47 PM",0,31.16,4.729,9.582,8438.8,998.812,0,1.997,1.997,9.427,8.123,94.786,6.919,2213.893,0,6.939,6.939,NA,11
"5/24/2022 2:18:48 PM",0,31.172,6.184,12.296,10826.4,999.888,0,2.083,2.083,9.471,8.121,94.725,6.859,2216.527,0,6.879,6.879,NA,11
"5/24/2022 2:18:48 PM",0,31.184,6.823,13.473,11859.2,1000.359,0.361,2.122,2.122,9.471,8.118,94.81,6.841,2216.782,0,6.861,6.86,NA,11
"5/24/2022 2:18:48 PM",0,31.197,5.096,10.279,9045.9,999.073,0,2.145,2.145,8.943,8.114,94.736,6.9,2230.29,0,6.921,6.92,NA,11
"5/24/2022 2:18:48 PM",0,31.208,2.075,4.434,3901.4,996.824,0,1.997,1.997,9.647,8.11,94.899,7.027,2208.965,0,7.047,7.047,NA,11
"5/24/2022 2:18:48 PM",0,31.208,2.215,4.715,4148.8,996.929,0,2.091,2.091,9.559,8.109,94.752,7.011,2194.437,0,7.031,7.031,NA,11
"5/24/2022 2:18:49 PM",0,31.206,1.93,4.142,3644.2,996.717,0,1.872,1.872,9.501,8.109,94.807,7.025,2087.472,0,7.046,7.046,NA,11
"5/24/2022 2:18:49 PM",0,31.204,1.871,4.021,3538.4,996.673,0,1.896,1.896,9.06,8.107,94.785,7.026,1376.78,0,7.047,7.047,NA,11
"5/24/2022 2:18:49 PM",0,31.199,1.859,3.998,3518.3,996.667,0,1.716,1.716,9.09,8.108,94.747,7.024,522.335,0,7.044,7.044,NA,11
"5/24/2022 2:18:49 PM",0,31.195,1.842,3.963,3488.1,996.655,0,2.114,2.114,8.914,8.107,94.7,7.021,267.37,0,7.041,7.041,NA,11
"5/24/2022 2:18:49 PM",0,31.189,1.831,3.941,3468.6,996.649,0,1.935,1.935,8.855,8.104,94.808,7.029,240.862,0,7.05,7.05,NA,11
"5/24/2022 2:18:50 PM",0,31.185,1.832,3.941,3468.7,996.65,0,2.052,2.052,9.574,8.104,94.784,7.027,224.72,0,7.047,7.047,NA,11
"5/24/2022 2:18:50 PM",0,31.185,1.836,3.949,3475.8,996.653,0,2.028,2.028,9.398,8.102,94.651,7.017,221.746,0,7.037,7.037,NA,11
"5/24/2022 2:18:50 PM",0,31.182,1.836,3.95,3477.5,996.655,0,1.927,1.927,9.911,8.096,94.707,7.021,224.89,0,7.041,7.041,NA,11
"5/24/2022 2:18:50 PM",0,31.181,1.844,3.966,3491.7,996.661,0,1.576,1.576,8.928,8.096,94.623,7.014,242.816,0,7.035,7.035,NA,11
"5/24/2022 2:18:50 PM",0,31.181,1.832,3.942,3469.7,996.652,0,1.818,1.818,9.207,8.093,94.678,7.019,289.544,0,7.039,7.039,NA,11
"5/24/2022 2:18:51 PM",0,31.182,1.848,3.974,3498.2,996.664,0,1.623,1.623,8.562,8.091,94.793,7.026,659.036,0,7.047,7.046,NA,11
"5/24/2022 2:18:51 PM",0,31.179,2.381,5.045,4441.5,997.062,0,1.63,1.63,8.796,8.091,94.726,7.001,994.374,0,7.021,7.021,NA,11
"5/24/2022 2:18:51 PM",0,31.188,3.283,6.819,6002.1,997.729,0,1.435,1.435,8.972,8.092,94.637,6.959,2156.29,0,6.98,6.98,NA,11
"5/24/2022 2:18:51 PM",0,31.187,5.079,10.247,9018.9,999.064,0,1.74,1.74,9.339,8.089,94.775,6.901,2289.763,0,6.922,6.921,NA,11
"5/24/2022 2:18:51 PM",0,31.189,4.292,8.759,7709.5,998.479,0,1.857,1.857,8.855,8.087,94.659,6.922,2319.754,0,6.943,6.942,NA,11
"5/24/2022 2:18:52 PM",0,31.187,4.32,8.812,7756.3,998.5,0,1.95,1.95,9.119,8.083,94.532,6.914,2344.222,0,6.934,6.933,NA,11
"5/24/2022 2:18:52 PM",0,31.186,3.578,7.39,6505.1,997.949,0,2.028,2.028,9.501,8.082,94.653,6.949,2372.089,0,6.97,6.969,NA,11
"5/24/2022 2:18:52 PM",0,31.187,3.712,7.649,6733,998.049,0,2.145,2.145,9.823,8.083,94.541,6.935,2388.996,0,6.955,6.955,NA,11
"5/24/2022 2:18:52 PM",0,31.184,4.453,9.066,7980,998.6,0,2.005,2.005,9.427,8.082,94.624,6.914,2391.715,0,6.934,6.934,NA,11
"5/24/2022 2:18:53 PM",0,31.184,3.372,6.992,6155,997.797,0,2.013,2.013,8.87,8.084,94.644,6.956,2384.833,0,6.976,6.976,NA,11
"5/24/2022 2:18:53 PM",0,31.185,4.126,8.444,7432.5,998.357,0,1.864,1.864,8.958,8.088,94.629,6.927,2374.638,0,6.947,6.947,NA,11
"5/24/2022 2:22:35 PM",0,30.118,50.672,80.91,72722.5,1033.49,33.491,0.187,0.187,0.291,7.808,89.599,5.013,1264.123,0,5.023,5.026,NA,11
"5/24/2022 2:22:35 PM",0,30.117,50.671,80.909,72722.1,1033.489,33.491,0.148,0.148,0.481,7.814,89.55,5.01,1289.866,0,5.02,5.023,NA,11
"5/24/2022 2:22:36 PM",0,30.115,50.677,80.914,72729.6,1033.495,33.496,0,0,0,7.82,89.611,5.014,1280.52,0,5.024,5.027,NA,11
"5/24/2022 2:22:36 PM",0,30.113,50.68,80.915,72733.4,1033.498,33.499,0.242,0.242,0.495,7.824,89.64,5.016,1277.377,0,5.026,5.029,NA,11
"5/24/2022 2:22:36 PM",0,30.114,50.675,80.909,72726.7,1033.494,33.495,0.039,0.039,0.102,7.828,89.527,5.009,1287.232,0,5.019,5.022,NA,11
"5/24/2022 2:22:36 PM",0,30.114,50.672,80.906,72723.6,1033.492,33.493,0.101,0.101,0.189,7.837,89.493,5.007,805.083,0,5.017,5.02,NA,11
"5/24/2022 2:22:36 PM",0,30.115,50.67,80.904,72721.1,1033.491,33.491,0.101,0.101,0.248,7.838,89.428,5.004,593.447,0,5.014,5.017,NA,11
"5/24/2022 2:22:37 PM",0.013,30.114,50.671,80.905,72723,1033.493,33.493,0.078,0.078,0.146,7.836,89.33,4.999,715.96,0,5.009,5.012,NA,11
"5/24/2022 2:22:37 PM",0.083,30.116,50.677,80.915,72729.9,1033.497,33.496,0.14,0.14,0.262,7.831,89.374,5.001,1218.329,0,5.011,5.014,NA,11
"5/24/2022 2:22:37 PM",0.142,30.119,50.678,80.922,72730.6,1033.496,33.496,0.055,0.055,0.058,7.832,89.274,4.996,982.82,0,5.006,5.009,NA,11
"5/24/2022 2:22:37 PM",0.144,30.122,50.68,80.928,72732.2,1033.496,33.496,0.164,0.164,0.32,7.834,89.185,4.992,978.062,0,5.002,5.005,NA,11
"5/24/2022 2:22:37 PM",0.102,30.125,50.678,80.93,72729.6,1033.494,33.493,0,0,0,7.832,89.128,4.989,863.79,0,4.999,5.002,NA,11
"5/24/2022 2:22:38 PM",0.05,30.127,50.676,80.93,72726.8,1033.491,33.491,0.187,0.187,0.364,7.838,89.188,4.993,758.1,0,5.003,5.006,NA,11
"5/24/2022 2:22:38 PM",0,30.128,50.678,80.935,72729.4,1033.492,33.492,0,0,0,7.853,89.305,5,672.205,0,5.01,5.013,NA,11
"5/24/2022 2:22:38 PM",0,30.13,50.675,80.933,72725.6,1033.489,33.49,0.109,0.109,0.189,7.858,89.36,5.004,824.539,0,5.014,5.017,NA,11
"5/24/2022 2:22:38 PM",0,30.13,50.675,80.933,72726,1033.489,33.49,0,0,0,7.861,89.292,5,1104.313,0,5.01,5.013,NA,11
"5/24/2022 2:22:38 PM",0,30.128,50.681,80.938,72732.8,1033.494,33.495,0.016,0.016,0,7.863,89.365,5.004,1068.035,0,5.014,5.017,NA,11
"5/24/2022 2:22:39 PM",0,30.125,50.683,80.937,72735.4,1033.496,33.497,0.07,0.07,0.131,7.867,89.412,5.007,1034.306,0,5.017,5.02,NA,11
"5/24/2022 2:22:39 PM",0,30.121,50.685,80.934,72738.5,1033.499,33.5,0.156,0.156,0.291,7.871,89.426,5.008,1088.425,0,5.018,5.022,NA,11
"5/24/2022 2:22:39 PM",0,30.121,50.685,80.933,72738.7,1033.499,33.5,0.086,0.086,0.044,7.871,89.417,5.008,1081.289,0,5.018,5.021,NA,11
"5/24/2022 2:22:39 PM",0,30.121,50.681,80.928,72733.5,1033.496,33.497,0.008,0.008,0.044,7.871,89.582,5.018,1313.825,0,5.028,5.031,NA,11
"5/24/2022 2:22:39 PM",0,30.122,50.682,80.932,72735.2,1033.496,33.498,0,0,0,7.874,89.576,5.017,1401.504,0,5.027,5.031,NA,11
"5/24/2022 2:22:40 PM",0,30.123,50.685,80.937,72739.2,1033.499,33.5,0.031,0.031,0.073,7.878,89.638,5.021,1397.765,0,5.031,5.034,NA,11
"5/24/2022 2:22:40 PM",0,30.123,50.685,80.937,72738.1,1033.498,33.499,0.039,0.039,0.073,7.877,89.602,5.019,1382.897,0,5.029,5.032,NA,11
"5/24/2022 2:22:40 PM",0,30.121,50.687,80.936,72741,1033.501,33.502,0.234,0.234,0.524,7.877,89.701,5.025,1373.382,0,5.035,5.038,NA,11
"5/24/2022 2:22:40 PM",0,30.118,50.684,80.929,72738.3,1033.5,33.501,0,0,0,7.878,89.639,5.021,967.867,0,5.031,5.034,NA,11
"5/24/2022 2:22:40 PM",0,30.118,50.684,80.927,72737.8,1033.5,33.501,0,0,0,7.877,89.738,5.027,770.334,0,5.038,5.041,NA,11
"5/24/2022 2:22:41 PM",0.102,30.117,50.685,80.928,72739.6,1033.502,33.502,0.398,0.398,0.932,7.877,89.64,5.022,1037.704,0,5.032,5.035,NA,11
"5/24/2022 2:22:41 PM",0.154,30.116,50.69,80.934,72745.6,1033.506,33.506,0.101,0.101,0.16,7.879,89.594,5.02,1182.221,0,5.031,5.034,NA,11
"5/24/2022 2:22:41 PM",0.178,30.116,50.693,80.939,72750.2,1033.509,33.508,0.164,0.164,0.349,7.879,89.771,5.031,1007.713,0,5.041,5.044,NA,11
"5/24/2022 2:22:41 PM",0.164,30.118,50.691,80.938,72746.6,1033.506,33.506,0.133,0.133,0.306,7.88,89.656,5.025,1051.977,0,5.035,5.038,NA,11
"5/24/2022 2:22:41 PM",0.128,30.119,50.687,80.934,72742.2,1033.503,33.503,0,0,0,7.88,89.69,5.029,895.396,0,5.039,5.042,NA,11
"5/24/2022 2:22:42 PM",0.093,30.119,50.686,80.933,72740.5,1033.502,33.502,0.094,0.094,0.175,7.879,89.744,5.033,1193.096,0,5.043,5.046,NA,11
"5/24/2022 2:22:42 PM",0.055,30.118,50.686,80.931,72741.1,1033.503,33.502,0.14,0.14,0.291,7.879,89.767,5.035,1049.683,0,5.045,5.048,NA,11
"5/24/2022 2:22:42 PM",0.036,30.117,50.691,80.936,72746.7,1033.506,33.506,0.117,0.117,0.204,7.879,89.691,5.031,1491.901,0,5.041,5.044,NA,11
"5/24/2022 2:22:42 PM",0.027,30.117,50.691,80.936,72746.5,1033.506,33.506,0,0,0,7.877,89.778,5.036,953.593,0,5.046,5.049,NA,11
"5/24/2022 2:22:42 PM",0.074,30.117,50.696,80.943,72752.6,1033.51,33.51,0.039,0.039,0.015,7.879,89.875,5.041,1091.484,0,5.051,5.054,NA,11
"5/24/2022 2:22:43 PM",0.159,30.12,50.696,80.948,72752.8,1033.509,33.509,0.07,0.07,0.044,7.881,89.955,5.045,889.618,0,5.056,5.059,NA,11
"5/24/2022 2:22:43 PM",0.269,30.125,50.699,80.958,72755.9,1033.511,33.509,0.164,0.164,0.306,7.884,89.99,5.047,742.297,0,5.058,5.061,NA,11
"5/24/2022 2:22:43 PM",0.392,30.125,50.705,80.969,72764.1,1033.516,33.514,0.008,0.008,0,7.884,89.987,5.046,754.617,0,5.057,5.06,NA,11
"5/24/2022 2:22:43 PM",0.519,30.124,50.713,80.979,72774.2,1033.523,33.521,0.273,0.273,0.583,7.882,90.103,5.053,973.219,0,5.064,5.067,NA,11
"5/24/2022 2:22:44 PM",0.576,30.125,50.718,80.986,72780.2,1033.527,33.524,0.257,0.257,0.583,7.883,90.162,5.057,711.712,0,5.067,5.07,NA,11
"5/24/2022 2:22:44 PM",0.601,30.126,50.72,80.989,72782.3,1033.528,33.525,0.242,0.242,0.393,7.887,90.264,5.062,590.983,0,5.073,5.076,NA,11
"5/24/2022 2:22:44 PM",0.594,30.126,50.721,80.992,72783.4,1033.528,33.526,0.055,0.055,0.029,7.887,90.427,5.071,623.693,0,5.082,5.085,NA,11
"5/24/2022 2:22:44 PM",0.614,30.127,50.72,80.992,72782.4,1033.527,33.525,0.031,0.031,0.044,7.889,90.451,5.073,652.664,0,5.083,5.086,NA,11
"5/24/2022 2:22:44 PM",0.635,30.129,50.721,80.995,72782.8,1033.527,33.525,0.062,0.062,0.131,7.891,90.544,5.078,462.438,0,5.088,5.091,NA,11
"5/24/2022 2:22:45 PM",0.674,30.128,50.725,81,72788.2,1033.531,33.528,0.055,0.055,0.131,7.891,90.549,5.079,433.977,0,5.089,5.092,NA,11
"5/24/2022 2:22:45 PM",0.726,30.128,50.727,81.002,72791.1,1033.533,33.53,0.164,0.164,0.32,7.891,90.629,5.083,412.312,0,5.094,5.097,NA,11
"5/24/2022 2:22:45 PM",0.767,30.127,50.728,81.003,72792.3,1033.534,33.531,0.117,0.117,0.218,7.891,90.665,5.085,450.374,0,5.095,5.098,NA,11
"5/24/2022 2:22:45 PM",0.851,30.129,50.725,81.001,72788.7,1033.532,33.528,0.055,0.055,0.073,7.891,90.787,5.092,527.178,0,5.102,5.105,NA,11
"5/24/2022 2:22:45 PM",0.889,30.129,50.729,81.006,72792.6,1033.534,33.53,0.133,0.133,0.233,7.892,90.701,5.087,604.492,0,5.097,5.101,NA,11
"5/24/2022 2:22:46 PM",0.906,30.129,50.728,81.006,72792.2,1033.534,33.53,0.086,0.086,0.175,7.895,90.786,5.092,330.325,0,5.102,5.105,NA,11
"5/24/2022 2:22:46 PM",0.905,30.129,50.73,81.008,72793.8,1033.535,33.531,0.023,0.023,0.015,7.897,90.784,5.092,472.719,0,5.102,5.105,NA,11
"5/24/2022 2:22:46 PM",0.901,30.128,50.731,81.009,72796.4,1033.537,33.533,0,0,0,7.898,90.973,5.103,426.415,0,5.113,5.116,NA,11
"5/24/2022 2:22:46 PM",0.879,30.127,50.733,81.011,72798.9,1033.538,33.535,0.101,0.101,0.204,7.9,90.994,5.104,273.317,0,5.114,5.117,NA,11
"5/24/2022 2:22:46 PM",0.858,30.127,50.733,81.009,72798.7,1033.538,33.535,0.062,0.062,0.073,7.902,90.992,5.103,290.394,0,5.114,5.117,NA,11
"5/24/2022 2:22:47 PM",0.818,30.126,50.732,81.007,72797.9,1033.538,33.535,0,0,0,7.903,91.118,5.111,389.967,0,5.122,5.125,NA,11
"5/24/2022 2:22:47 PM",0.78,30.124,50.737,81.01,72803.5,1033.542,33.538,0,0,0,7.893,91.09,5.109,636.267,0,5.119,5.122,NA,11
"5/24/2022 2:22:47 PM",0.71,30.12,50.743,81.014,72811.4,1033.547,33.544,0.047,0.047,0.058,7.888,91.131,5.112,621.739,0,5.122,5.126,NA,11
"5/24/2022 2:22:47 PM",0.63,30.121,50.745,81.017,72813.7,1033.548,33.546,0.07,0.07,0.131,7.886,91.255,5.119,767.021,0,5.129,5.133,NA,11
"5/24/2022 2:22:47 PM",0.566,30.122,50.745,81.019,72813.5,1033.548,33.545,0,0,0,7.893,91.213,5.116,883.926,0,5.126,5.13,NA,11
"5/24/2022 2:22:48 PM",0.486,30.123,50.744,81.019,72812.2,1033.546,33.544,0.023,0.023,0.044,7.898,91.275,5.12,999.982,0,5.13,5.133,NA,11
"5/24/2022 2:22:48 PM",0.409,30.125,50.743,81.02,72810.5,1033.544,33.542,0,0,0,7.901,91.231,5.118,728.789,0,5.128,5.131,NA,11
"5/24/2022 2:22:48 PM",0.326,30.124,50.74,81.015,72806.5,1033.542,33.54,0.094,0.094,0.146,7.904,91.294,5.121,981.205,0,5.131,5.134,NA,11
"5/24/2022 2:22:48 PM",0.258,30.124,50.738,81.012,72804.5,1033.54,33.539,0.101,0.101,0.16,7.907,91.283,5.121,437.63,0,5.131,5.135,NA,11
"5/24/2022 2:22:48 PM",0.253,30.123,50.741,81.014,72808.2,1033.543,33.542,0.133,0.133,0.277,7.907,91.393,5.127,219.537,0,5.137,5.14,NA,11
"5/24/2022 2:22:49 PM",0.267,30.122,50.743,81.016,72810.7,1033.545,33.544,0.133,0.133,0.277,7.907,91.264,5.12,151.824,0,5.13,5.133,NA,11
"5/24/2022 2:22:49 PM",0.354,30.122,50.742,81.014,72809.5,1033.544,33.543,0.125,0.125,0.218,7.909,91.265,5.119,199.232,0,5.13,5.133,NA,11
"5/24/2022 2:22:49 PM",0.42,30.122,50.746,81.019,72814.7,1033.548,33.546,0.016,0.016,0,7.907,91.232,5.118,385.889,0,5.128,5.131,NA,11
"5/24/2022 2:22:49 PM",0.484,30.123,50.745,81.019,72813.3,1033.547,33.545,0,0,0,7.91,91.197,5.116,466.432,0,5.127,5.13,NA,11
"5/24/2022 2:22:49 PM",0.564,30.124,50.744,81.022,72812.8,1033.546,33.544,0,0,0,7.908,91.288,5.121,328.116,0,5.131,5.135,NA,11
"5/24/2022 2:22:50 PM",0.618,30.125,50.743,81.02,72811.5,1033.546,33.543,0.109,0.109,0.204,7.91,91.106,5.111,344.089,0,5.121,5.124,NA,11
"5/24/2022 2:22:50 PM",0.667,30.125,50.742,81.019,72809.9,1033.545,33.542,0.039,0.039,0,7.911,91.184,5.116,632.104,0,5.126,5.129,NA,11
"5/24/2022 2:22:50 PM",0.674,30.125,50.736,81.011,72802.8,1033.541,33.538,0,0,0,7.914,91.23,5.118,534.23,0,5.129,5.132,NA,11
"5/24/2022 2:22:50 PM",0.665,30.123,50.738,81.011,72805,1033.542,33.54,0,0,0,7.913,91.158,5.115,516.218,0,5.125,5.128,NA,11
"5/24/2022 2:22:50 PM",0.635,30.121,50.744,81.016,72812.3,1033.547,33.545,0.078,0.078,0.131,7.911,91.197,5.117,512.055,0,5.127,5.13,NA,11
"5/24/2022 2:22:51 PM",0.547,30.118,50.751,81.021,72821.7,1033.554,33.551,0.062,0.062,0.087,7.911,91.115,5.112,511.885,0,5.122,5.125,NA,11
"5/24/2022 2:22:51 PM",0.469,30.119,50.753,81.025,72824.3,1033.555,33.553,0.086,0.086,0.16,7.914,91.121,5.112,679.342,0,5.123,5.126,NA,11
"5/24/2022 2:22:51 PM",0.38,30.12,50.751,81.024,72821.9,1033.553,33.551,0.039,0.039,0.102,7.913,91.169,5.115,876.959,0,5.126,5.129,NA,11
"5/24/2022 2:22:51 PM",0.303,30.12,50.751,81.023,72820.8,1033.552,33.55,0,0,0,7.911,91.178,5.116,905.931,0,5.126,5.129,NA,11
"5/24/2022 2:22:51 PM",0.189,30.119,50.753,81.025,72823.2,1033.553,33.552,0.078,0.078,0.233,7.91,91.046,5.109,820.546,0,5.119,5.123,NA,11
"5/24/2022 2:22:52 PM",0.15,30.12,50.749,81.021,72818.9,1033.55,33.549,0,0,0,7.908,91.015,5.107,964.978,0,5.118,5.121,NA,11
"5/24/2022 2:22:52 PM",0.071,30.118,50.744,81.011,72812.5,1033.546,33.546,0.07,0.07,0.015,7.911,91.103,5.112,882.142,0,5.123,5.126,NA,11
"5/24/2022 2:22:52 PM",0.001,30.119,50.747,81.017,72816.6,1033.548,33.548,0.203,0.203,0.277,7.912,91.049,5.11,681.041,0,5.12,5.123,NA,11
"5/24/2022 2:22:52 PM",0,30.118,50.747,81.015,72816.2,1033.548,33.548,0.023,0.023,0,7.913,90.989,5.106,1068.46,0,5.117,5.12,NA,11
"5/24/2022 2:22:52 PM",0,30.117,50.74,81.005,72808.2,1033.543,33.544,0,0,0,7.911,91.066,5.111,1199.383,0,5.122,5.125,NA,11
"5/24/2022 2:22:53 PM",0,30.117,50.735,80.997,72801.4,1033.539,33.539,0,0,0,7.909,91.042,5.11,1174.83,0,5.12,5.123,NA,11
"5/24/2022 2:22:53 PM",0,30.116,50.734,80.994,72800.1,1033.538,33.539,0.468,0.468,0,7.909,91.229,5.12,1084.262,0,5.131,5.134,NA,11
"5/24/2022 2:22:53 PM",0,30.115,50.731,80.988,72796.9,1033.536,33.537,0,0,0,7.911,91.171,5.117,1032.606,0,5.128,5.131,NA,11
"5/24/2022 2:22:53 PM",0,30.114,50.732,80.988,72798.1,1033.537,33.538,0.437,0.437,0.364,7.911,91.174,5.117,942.973,0,5.128,5.131,NA,11
"5/24/2022 2:22:54 PM",0,30.114,50.729,80.985,72794.3,1033.535,33.536,0.086,0.086,0,7.912,91.165,5.118,997.348,0,5.128,5.131,NA,11
"5/24/2022 2:22:54 PM",0,30.115,50.731,80.988,72796.2,1033.536,33.537,0.008,0.008,0,7.915,91.14,5.116,1013.151,0,5.127,5.13,NA,11
"5/24/2022 2:22:54 PM",0,30.115,50.731,80.99,72797,1033.536,33.537,0.413,0.413,1.02,7.917,91.09,5.113,1103.633,0,5.123,5.126,NA,11
"5/24/2022 2:22:54 PM",0,30.116,50.729,80.987,72794.2,1033.534,33.536,0,0,0.189,7.911,91.211,5.12,1233.537,0,5.131,5.134,NA,11
"5/24/2022 2:22:54 PM",0,30.115,50.732,80.989,72797.5,1033.536,33.538,0.257,0.257,0,7.899,91.241,5.122,1296.408,0,5.132,5.135,NA,11
"5/24/2022 2:22:55 PM",0,30.116,41.67,68.214,61313.9,1026.695,26.697,0,0,0,7.899,91.21,5.379,1323.17,0,5.392,5.394,NA,11
"5/24/2022 2:22:55 PM",0,30.107,1.724,3.648,3279.5,996.904,0,70.909,70.909,0,7.896,91.403,6.703,1456.983,0,6.722,6.722,NA,11
"5/24/2022 2:22:55 PM",0,30.101,2.106,4.405,3960.4,997.191,0,0,0,0,7.889,91.449,6.693,1614.244,0,6.712,6.712,NA,11
"5/24/2022 2:22:55 PM",0,29.78,1.888,3.949,3573,997.125,0,0,0,0,7.892,91.613,6.713,1866.661,0,6.733,6.733,NA,11
"5/24/2022 2:22:55 PM",0,29.536,1.286,2.734,2485.9,996.749,0,240.411,240.411,0,7.892,91.591,6.734,1982.122,0,6.753,6.753,NA,11
"5/24/2022 2:22:56 PM",0,29.256,1.05,2.244,2051.5,996.657,0,10.547,10.547,0,7.892,91.782,6.757,2097.498,0,6.776,6.776,NA,11
"5/24/2022 2:22:56 PM",0,28.99,0.921,1.969,1809.9,996.638,0,67.906,67.906,0,7.894,91.831,6.765,2131.737,0,6.785,6.785,NA,11
"5/24/2022 2:22:56 PM",0,28.704,0.819,1.751,1618.8,996.646,0,118.696,118.696,0,7.905,91.991,6.781,2174.811,0,6.801,6.801,NA,11
"5/24/2022 2:22:56 PM",0,28.636,9.027,16.635,15402.6,1002.787,2.789,40.97,40.97,0,7.906,92.112,6.494,2184.242,0,6.512,6.512,NA,11
"5/24/2022 2:22:56 PM",0,29.64,51.042,80.717,73240.6,1033.941,33.943,0,0,0,7.91,92.002,5.159,2111.941,0,5.169,5.172,NA,11
"5/24/2022 2:22:57 PM",0,30.004,50.84,80.976,72945.9,1033.659,33.66,0,0,0,7.915,92.423,5.19,1209.154,0,5.2,5.204,NA,11
"5/24/2022 2:22:57 PM",0.1,30.08,50.699,80.893,72761,1033.526,33.525,1.006,1.006,0,7.917,92.771,5.214,535.164,0,5.225,5.228,NA,11
"5/24/2022 2:22:57 PM",0.394,30.105,50.746,80.995,72816.9,1033.554,33.552,1.225,1.225,0.466,7.918,92.705,5.209,585.376,0,5.22,5.223,NA,11
"5/24/2022 2:22:57 PM",0.554,30.107,50.751,81.005,72823.3,1033.558,33.555,0.827,0.827,0.466,7.923,92.675,5.208,988.937,0,5.219,5.222,NA,11
"5/24/2022 2:22:57 PM",0.707,30.108,50.755,81.012,72828,1033.561,33.558,0.187,0.187,0,7.927,92.524,5.2,1310.851,0,5.211,5.214,NA,11
"5/24/2022 2:22:58 PM",0.873,30.108,50.757,81.015,72830.5,1033.563,33.559,0.211,0.211,0.175,7.934,92.386,5.192,1171.941,0,5.203,5.206,NA,11
"5/24/2022 2:22:58 PM",1.169,30.109,50.764,81.026,72839.3,1033.57,33.565,0.101,0.101,0,7.935,92.117,5.177,1655.62,0,5.187,5.191,NA,11
"5/24/2022 2:22:58 PM",1.374,30.107,50.768,81.029,72844.1,1033.574,33.568,0.125,0.125,0.102,7.937,91.805,5.159,1401.419,0,5.17,5.173,NA,11
"5/24/2022 2:22:58 PM",1.603,30.108,50.773,81.037,72850.2,1033.578,33.571,0.031,0.031,0,7.933,91.714,5.155,1506.429,0,5.165,5.168,NA,11
"5/24/2022 2:22:58 PM",1.796,30.111,50.795,81.072,72878.1,1033.595,33.587,0.094,0.094,0.102,7.937,91.647,5.15,1245.857,0,5.161,5.164,NA,11
"5/24/2022 2:22:59 PM",2.003,30.115,50.81,81.1,72896.5,1033.606,33.597,0.086,0.086,0.044,7.937,91.558,5.145,906.525,0,5.155,5.158,NA,11
"5/24/2022 2:22:59 PM",2.304,30.114,50.816,81.106,72903.5,1033.611,33.602,0.101,0.101,0.102,7.936,91.138,5.121,936.686,0,5.132,5.135,NA,11
"5/24/2022 2:22:59 PM",2.509,30.114,50.82,81.112,72909.1,1033.616,33.605,0.117,0.117,0.175,7.936,91.057,5.116,820.206,0,5.127,5.13,NA,11
"5/24/2022 2:22:59 PM",2.689,30.112,50.826,81.117,72916.8,1033.622,33.61,0.094,0.094,0.102,7.938,90.992,5.113,678.067,0,5.123,5.127,NA,11
"5/24/2022 2:22:59 PM",2.848,30.115,50.835,81.134,72927.3,1033.628,33.616,0.078,0.078,0.058,7.94,90.734,5.098,652.494,0,5.109,5.112,NA,11
"5/24/2022 2:23:00 PM",3.094,30.117,50.843,81.148,72936.9,1033.634,33.621,0,0,0,7.94,90.694,5.095,824.284,0,5.106,5.109,NA,11
"5/24/2022 2:23:00 PM",3.298,30.112,50.834,81.129,72926.9,1033.63,33.616,0.016,0.016,0,7.937,90.582,5.089,745.696,0,5.1,5.103,NA,11
"5/24/2022 2:23:00 PM",3.534,30.103,50.853,81.141,72951.4,1033.649,33.634,0.101,0.101,0.146,7.935,90.559,5.088,718.678,0,5.098,5.101,NA,11
"5/24/2022 2:23:00 PM",3.798,30.102,50.848,81.134,72945.6,1033.647,33.63,0.094,0.094,0.087,7.935,90.569,5.088,664.049,0,5.099,5.102,NA,11
"5/24/2022 2:23:00 PM",4.045,30.099,50.851,81.133,72949.6,1033.651,33.634,0.039,0.039,0,7.933,90.571,5.089,618.935,0,5.099,5.103,NA,11
"5/24/2022 2:23:01 PM",4.344,30.098,50.842,81.12,72939.5,1033.646,33.628,0,0,0,7.931,90.403,5.08,369.662,0,5.09,5.093,NA,11
"5/24/2022 2:23:01 PM",4.504,30.1,50.844,81.125,72940.8,1033.647,33.628,0,0,0,7.932,90.41,5.08,157.516,0,5.09,5.094,NA,11
"5/24/2022 2:23:01 PM",4.655,30.101,50.846,81.129,72943.3,1033.649,33.629,0,0,0,7.932,90.534,5.086,81.647,0,5.097,5.1,NA,11
"5/24/2022 2:23:01 PM",4.802,30.105,50.843,81.132,72940.1,1033.646,33.626,0,0,0,7.934,90.513,5.086,57.178,0,5.097,5.1,NA,11
"5/24/2022 2:23:01 PM",4.997,30.106,50.847,81.138,72944.3,1033.649,33.628,0,0,0,7.938,90.664,5.094,40.696,0,5.105,5.108,NA,11
"5/24/2022 2:23:02 PM",5.138,30.108,50.85,81.146,72948.4,1033.652,33.63,0,0,0,7.939,90.55,5.088,37.213,0,5.098,5.101,NA,11
"5/24/2022 2:23:02 PM",5.27,30.109,50.852,81.151,72950.8,1033.654,33.631,0.476,0.476,0,7.941,90.561,5.088,39.167,0,5.099,5.102,NA,11
"5/24/2022 2:23:02 PM",5.411,30.11,50.854,81.154,72952.7,1033.655,33.632,0.312,0.312,0.044,7.94,90.482,5.083,41.97,0,5.094,5.097,NA,11
"5/24/2022 2:23:02 PM",5.631,30.111,50.855,81.157,72953.7,1033.656,33.632,0,0,0.102,7.935,90.405,5.08,38.827,0,5.091,5.094,NA,11
"5/24/2022 2:23:03 PM",5.774,30.112,50.856,81.16,72955.7,1033.658,33.633,0,0,0.131,7.935,90.435,5.081,33.559,0,5.091,5.094,NA,11
"5/24/2022 2:23:03 PM",5.942,30.112,50.858,81.163,72957.6,1033.659,33.634,0,0,0,7.935,90.498,5.085,28.122,0,5.095,5.099,NA,11
"5/24/2022 2:23:03 PM",6.123,30.111,50.863,81.169,72964.4,1033.665,33.638,0,0,1.034,7.938,90.566,5.089,25.148,0,5.099,5.103,NA,11
"5/24/2022 2:23:03 PM",6.302,30.111,50.862,81.167,72963,1033.664,33.638,0.304,0.304,0,7.942,90.351,5.077,24.129,0,5.087,5.09,NA,11
"5/24/2022 2:23:03 PM",6.58,30.111,50.861,81.167,72962.8,1033.665,33.638,0,0,2.171,7.931,90.444,5.082,22.684,0,5.093,5.096,NA,11
"5/24/2022 2:23:04 PM",6.754,30.11,50.865,81.17,72967.4,1033.669,33.641,0,0,1.238,7.941,90.563,5.089,22.429,0,5.099,5.102,NA,11
"5/24/2022 2:23:04 PM",6.929,30.108,50.868,81.172,72971.5,1033.673,33.644,1.919,1.919,0,7.943,90.667,5.094,22.769,0,5.105,5.108,NA,11
"5/24/2022 2:23:04 PM",7.095,30.105,50.872,81.173,72976.2,1033.677,33.647,0.616,0.616,0,7.942,90.416,5.081,22.769,0,5.091,5.094,NA,11
"5/24/2022 2:23:04 PM",7.261,30.104,50.871,81.17,72975.6,1033.678,33.647,0.718,0.718,0,7.941,90.488,5.085,21.58,0,5.096,5.099,NA,11
"5/24/2022 2:23:04 PM",7.534,30.102,50.873,81.17,72978.1,1033.681,33.649,0,0,1.457,7.939,90.332,5.076,19.286,0,5.086,5.09,NA,11
"5/24/2022 2:23:05 PM",7.717,30.102,50.874,81.172,72980.2,1033.683,33.65,0.312,0.312,0,7.939,90.424,5.082,17.927,0,5.092,5.095,NA,11
"5/24/2022 2:23:05 PM",7.911,30.102,50.875,81.173,72981,1033.684,33.651,0.289,0.289,0,7.943,90.537,5.088,17.332,0,5.098,5.101,NA,11
"5/24/2022 2:23:05 PM",8.078,30.105,50.876,81.179,72982.4,1033.685,33.651,0.679,0.679,0.364,7.946,90.451,5.083,20.645,0,5.094,5.097,NA,11
"5/24/2022 2:23:05 PM",8.294,30.111,50.872,81.183,72977.3,1033.681,33.646,1.42,1.42,3.149,7.941,90.455,5.083,30.076,0,5.094,5.097,NA,11
"5/24/2022 2:23:05 PM",8.453,30.113,50.874,81.187,72978.9,1033.682,33.646,0.788,0.788,1.734,7.944,90.435,5.082,35.938,0,5.093,5.096,NA,11
"5/24/2022 2:23:06 PM",8.601,30.104,50.869,81.167,72973.8,1033.682,33.646,0.109,0.109,0.16,7.943,90.422,5.082,36.363,0,5.093,5.096,NA,11
"5/24/2022 2:23:06 PM",8.756,30.092,50.877,81.161,72985.3,1033.693,33.656,0,0,0,7.941,90.393,5.08,32.88,0,5.091,5.094,NA,11
"5/24/2022 2:23:06 PM",8.909,30.086,50.875,81.151,72984.2,1033.695,33.657,0,0,0,7.945,90.45,5.084,29.991,0,5.094,5.098,NA,11
"5/24/2022 2:23:06 PM",9.122,30.1,50.876,81.172,72983.6,1033.691,33.653,0,0,0,7.948,90.472,5.084,26.847,0,5.095,5.098,NA,11
"5/24/2022 2:23:06 PM",9.256,30.102,50.878,81.177,72985.2,1033.692,33.653,0.008,0.008,0,7.945,90.377,5.08,26.423,0,5.09,5.093,NA,11
"5/24/2022 2:23:07 PM",9.388,30.098,50.875,81.168,72982.3,1033.692,33.652,0.226,0.226,0.335,7.946,90.391,5.081,26.338,0,5.091,5.094,NA,11
"5/24/2022 2:23:07 PM",9.531,30.091,50.878,81.161,72986.6,1033.697,33.657,0,0,0,7.943,90.331,5.077,26.253,0,5.088,5.091,NA,11
"5/24/2022 2:23:07 PM",9.744,30.079,50.885,81.155,72998,1033.709,33.667,0.055,0.055,0,7.942,90.43,5.083,27.187,0,5.093,5.096,NA,11
"5/24/2022 2:23:07 PM",9.894,30.085,50.883,81.16,72994.9,1033.706,33.664,0.031,0.031,0,7.947,90.472,5.085,27.952,0,5.096,5.099,NA,11
"5/24/2022 2:23:07 PM",10.047,30.085,50.883,81.16,72994.4,1033.706,33.663,0.164,0.164,0.204,7.948,90.434,5.083,29.226,0,5.093,5.097,NA,11
"5/24/2022 2:23:08 PM",10.194,30.082,50.885,81.159,72996.7,1033.709,33.665,0.101,0.101,0.291,7.948,90.326,5.077,29.566,0,5.088,5.091,NA,11
"5/24/2022 2:23:08 PM",10.412,30.074,50.892,81.156,73006.6,1033.718,33.674,0.179,0.179,0.306,7.947,90.439,5.083,31.52,0,5.094,5.097,NA,11
"5/24/2022 2:23:08 PM",10.563,30.072,50.889,81.15,73003.7,1033.717,33.672,0.593,0.593,1.282,7.945,90.403,5.081,32.795,0,5.092,5.095,NA,11
"5/24/2022 2:23:08 PM",10.691,30.072,50.887,81.146,73000.8,1033.716,33.671,1.506,1.506,3.426,7.943,90.396,5.081,40.866,0,5.092,5.095,NA,11
"5/24/2022 2:23:08 PM",10.738,30.07,50.889,81.146,73004,1033.719,33.673,0.92,0.92,2.084,7.943,90.307,5.076,94.561,0,5.087,5.09,NA,11
"5/24/2022 2:23:09 PM",10.726,30.067,50.885,81.137,72999.4,1033.717,33.671,0.32,0.32,0.714,7.946,90.446,5.084,139.845,0,5.095,5.098,NA,11
"5/24/2022 2:23:09 PM",10.603,30.067,50.898,81.154,73015.6,1033.726,33.681,0.094,0.094,0.146,7.945,90.38,5.08,136.701,0,5.091,5.094,NA,11
"5/24/2022 2:23:09 PM",10.506,30.07,50.891,81.148,73005.9,1033.719,33.674,0.078,0.078,0.087,7.951,90.355,5.08,132.623,0,5.09,5.093,NA,11
"5/24/2022 2:23:09 PM",10.41,30.071,50.89,81.149,73005.4,1033.718,33.674,0.101,0.101,0.087,7.956,90.405,5.083,131.009,0,5.093,5.096,NA,11
"5/24/2022 2:23:09 PM",10.332,30.069,50.889,81.146,73004.4,1033.718,33.674,0.062,0.062,0.073,7.955,90.401,5.083,127.78,0,5.093,5.096,NA,11
"5/24/2022 2:23:10 PM",10.238,30.073,50.894,81.158,73009.9,1033.72,33.676,0.055,0.055,0.044,7.955,90.365,5.08,124.552,0,5.09,5.093,NA,11
"5/24/2022 2:23:10 PM",10.179,30.075,50.895,81.162,73010.7,1033.719,33.676,0.055,0.055,0.029,7.953,90.373,5.081,123.872,0,5.091,5.094,NA,11
"5/24/2022 2:23:10 PM",10.118,30.076,50.893,81.162,73008.3,1033.717,33.674,0.062,0.062,0.044,7.956,90.338,5.079,124.976,0,5.089,5.092,NA,11
"5/24/2022 2:23:10 PM",10.043,30.078,50.893,81.164,73008.1,1033.716,33.673,0.062,0.062,0.015,7.955,90.323,5.078,124.892,0,5.088,5.092,NA,11
"5/24/2022 2:23:10 PM",9.922,30.08,50.892,81.165,73005.7,1033.714,33.672,0.055,0.055,0,7.957,90.274,5.076,121.493,0,5.086,5.089,NA,11
"5/24/2022 2:23:11 PM",9.85,30.08,50.892,81.166,73006.4,1033.714,33.672,0.055,0.055,0.044,7.953,90.39,5.082,122.428,0,5.092,5.096,NA,11
"5/24/2022 2:23:11 PM",9.784,30.081,50.894,81.171,73009,1033.715,33.673,0.062,0.062,0.058,7.955,90.358,5.081,122.852,0,5.091,5.094,NA,11
"5/24/2022 2:23:11 PM",9.713,30.082,50.894,81.17,73008.2,1033.714,33.673,0.055,0.055,0.015,7.953,90.446,5.085,124.892,0,5.096,5.099,NA,11
"5/24/2022 2:23:11 PM",9.642,30.083,50.895,81.173,73008.9,1033.714,33.673,0.039,0.039,0.029,7.954,90.463,5.086,125.231,0,5.097,5.1,NA,11
"5/24/2022 2:23:12 PM",9.522,30.082,50.895,81.172,73009.1,1033.714,33.673,0.023,0.023,0.015,7.954,90.361,5.081,125.996,0,5.091,5.095,NA,11
"5/24/2022 2:23:12 PM",9.42,30.081,50.896,81.172,73010.5,1033.714,33.674,0.039,0.039,0,7.957,90.389,5.082,126.251,0,5.093,5.096,NA,11
"5/24/2022 2:23:12 PM",9.312,30.082,50.899,81.177,73014.6,1033.716,33.677,0.047,0.047,0.029,7.954,90.364,5.081,126.846,0,5.092,5.095,NA,11
"5/24/2022 2:23:12 PM",9.195,30.082,50.9,81.179,73015.3,1033.716,33.677,0.047,0.047,0.058,7.956,90.344,5.08,125.486,0,5.09,5.093,NA,11
"5/24/2022 2:23:12 PM",9.072,30.083,50.899,81.18,73014.4,1033.715,33.676,0.047,0.047,0.044,7.955,90.39,5.083,124.976,0,5.093,5.097,NA,11
"5/24/2022 2:23:13 PM",8.881,30.083,50.896,81.174,73010,1033.711,33.674,0.062,0.062,0.044,7.955,90.326,5.079,121.153,0,5.09,5.093,NA,11
"5/24/2022 2:23:13 PM",8.745,30.078,50.897,81.168,73011.4,1033.713,33.676,0.055,0.055,0.044,7.958,90.366,5.082,118.604,0,5.092,5.095,NA,11
"5/24/2022 2:23:13 PM",8.592,30.074,50.9,81.167,73015.7,1033.716,33.68,0.047,0.047,0.044,7.958,90.392,5.083,115.461,0,5.094,5.097,NA,11
"5/24/2022 2:23:13 PM",8.44,30.073,50.898,81.163,73013.8,1033.715,33.679,0.055,0.055,0.044,7.956,90.359,5.081,112.147,0,5.092,5.095,NA,11
"5/24/2022 2:23:13 PM",8.196,30.073,50.903,81.17,73020.3,1033.718,33.683,0.047,0.047,0.029,7.956,90.372,5.082,106.965,0,5.092,5.095,NA,11
"5/24/2022 2:23:14 PM",8.055,30.076,50.905,81.176,73021.4,1033.717,33.683,0.047,0.047,0.044,7.956,90.352,5.081,103.651,0,5.091,5.095,NA,11
"5/24/2022 2:23:14 PM",7.936,30.079,50.903,81.177,73018.3,1033.714,33.68,0.055,0.055,0.044,7.958,90.386,5.083,100.083,0,5.094,5.097,NA,11
"5/24/2022 2:23:14 PM",7.816,30.078,50.903,81.176,73018.4,1033.714,33.68,0.047,0.047,0.044,7.959,90.367,5.082,97.025,0,5.092,5.095,NA,11
"5/24/2022 2:23:14 PM",7.706,30.079,50.905,81.18,73021.4,1033.715,33.682,0.047,0.047,0.044,7.96,90.404,5.085,94.816,0,5.095,5.098,NA,11
"5/24/2022 2:23:14 PM",7.548,30.078,50.908,81.184,73025.3,1033.717,33.685,0.031,0.031,0.058,7.96,90.233,5.074,91.672,0,5.085,5.088,NA,11
"5/24/2022 2:23:15 PM",7.466,30.077,50.909,81.184,73026.6,1033.717,33.686,0.047,0.047,0.044,7.962,90.194,5.073,89.378,0,5.083,5.087,NA,11
"5/24/2022 2:23:15 PM",7.393,30.077,50.908,81.182,73025.6,1033.717,33.685,0.055,0.055,0.029,7.964,90.324,5.08,87.509,0,5.091,5.094,NA,11
"5/24/2022 2:23:15 PM",7.308,30.077,50.913,81.189,73031.5,1033.72,33.689,0.039,0.039,0.073,7.961,90.234,5.074,86.15,0,5.085,5.088,NA,11
"5/24/2022 2:23:15 PM",7.227,30.079,50.93,81.215,73052.3,1033.732,33.701,0.047,0.047,0.029,7.961,90.218,5.074,82.836,0,5.084,5.087,NA,11
"5/24/2022 2:23:15 PM",7.192,30.081,50.932,81.221,73054.4,1033.732,33.702,0.047,0.047,0.058,7.961,90.289,5.077,81.222,0,5.088,5.091,NA,11
"5/24/2022 2:23:16 PM",7.166,30.084,50.93,81.222,73051,1033.729,33.699,0.055,0.055,0.044,7.961,90.151,5.07,81.052,0,5.081,5.084,NA,11
"5/24/2022 2:23:16 PM",7.129,30.087,50.931,81.227,73051.9,1033.729,33.699,0.055,0.055,0.044,7.959,90.209,5.073,81.477,0,5.084,5.087,NA,11
"5/24/2022 2:23:16 PM",7.046,30.087,50.938,81.238,73061,1033.734,33.704,0.039,0.039,0.087,7.958,90.347,5.081,81.902,0,5.092,5.095,NA,11
"5/24/2022 2:23:16 PM",6.98,30.089,50.938,81.241,73060.3,1033.733,33.703,0.047,0.047,0.073,7.96,90.295,5.078,82.241,0,5.089,5.092,NA,11
"5/24/2022 2:23:16 PM",6.895,30.095,50.931,81.24,73051.3,1033.725,33.696,0.047,0.047,0.058,7.964,90.326,5.08,82.411,0,5.091,5.094,NA,11
"5/24/2022 2:23:17 PM",6.808,30.099,50.929,81.242,73048,1033.722,33.693,0.039,0.039,0.073,7.965,90.312,5.08,81.987,0,5.09,5.093,NA,11
"5/24/2022 2:23:17 PM",6.711,30.1,50.927,81.241,73045,1033.719,33.691,0.055,0.055,0.029,7.967,90.379,5.084,80.627,0,5.094,5.097,NA,11
"5/24/2022 2:23:17 PM",6.558,30.1,50.931,81.246,73050,1033.722,33.694,0.055,0.055,0.073,7.966,90.184,5.073,79.013,0,5.083,5.087,NA,11
"5/24/2022 2:23:17 PM",6.441,30.101,50.929,81.245,73047.3,1033.719,33.692,0.047,0.047,0.044,7.967,90.237,5.076,77.909,0,5.086,5.089,NA,11
"5/24/2022 2:23:17 PM",6.309,30.101,50.931,81.247,73050.1,1033.721,33.694,0.031,0.031,0.015,7.968,90.089,5.068,75.19,0,5.078,5.081,NA,11
"5/24/2022 2:23:18 PM",6.191,30.1,50.93,81.246,73049.5,1033.72,33.694,0.047,0.047,0.044,7.966,90.203,5.074,72.811,0,5.085,5.088,NA,11
"5/24/2022 2:23:18 PM",6.038,30.101,50.931,81.247,73049.6,1033.719,33.693,0.055,0.055,0.058,7.967,90.247,5.076,71.367,0,5.087,5.09,NA,11
"5/24/2022 2:23:18 PM",5.944,30.101,50.93,81.246,73048.2,1033.718,33.693,0.047,0.047,0.087,7.968,90.239,5.076,70.347,0,5.087,5.09,NA,11
"5/24/2022 2:23:18 PM",5.868,30.103,50.93,81.25,73049.1,1033.717,33.693,0.047,0.047,0.058,7.968,90.209,5.075,69.752,0,5.086,5.089,NA,11
"5/24/2022 2:23:18 PM",5.793,30.104,50.929,81.249,73047.3,1033.716,33.691,0.047,0.047,0.058,7.97,90.125,5.07,68.733,0,5.081,5.084,NA,11
"5/24/2022 2:23:19 PM",5.724,30.106,50.927,81.249,73044.4,1033.713,33.689,0.047,0.047,0.058,7.963,90.222,5.076,67.458,0,5.087,5.09,NA,11
"5/24/2022 2:23:19 PM",5.64,30.106,50.929,81.253,73047,1033.714,33.69,0.047,0.047,0.058,7.966,90.224,5.076,64.4,0,5.086,5.09,NA,11
"5/24/2022 2:23:19 PM",5.581,30.107,50.935,81.261,73053.8,1033.718,33.695,0.055,0.055,0.029,7.97,90.298,5.08,63.04,0,5.091,5.094,NA,11
"5/24/2022 2:23:19 PM",5.545,30.108,50.938,81.268,73057.6,1033.72,33.696,0.039,0.039,0.029,7.965,90.315,5.081,61.086,0,5.092,5.095,NA,11
"5/24/2022 2:23:19 PM",5.499,30.112,50.933,81.267,73050.8,1033.714,33.691,0.047,0.047,0,7.963,90.159,5.072,59.047,0,5.083,5.086,NA,11
"5/24/2022 2:23:20 PM",5.416,30.118,50.926,81.266,73041.9,1033.707,33.684,0.047,0.047,0.029,7.961,90.425,5.088,56.753,0,5.098,5.102,NA,11
"5/24/2022 2:23:20 PM",5.364,30.12,50.924,81.266,73039.4,1033.705,33.682,0.031,0.031,0.029,7.962,90.176,5.074,56.074,0,5.085,5.088,NA,11
"5/24/2022 2:23:20 PM",5.298,30.12,50.925,81.268,73039.9,1033.705,33.682,0.047,0.047,0.044,7.959,90.31,5.081,55.309,0,5.092,5.095,NA,11
"5/24/2022 2:23:20 PM",5.237,30.121,50.928,81.272,73043.1,1033.706,33.684,0.062,0.062,0.073,7.961,90.295,5.08,55.309,0,5.091,5.094,NA,11
"5/24/2022 2:23:21 PM",5.175,30.121,50.927,81.271,73042.2,1033.706,33.684,0.07,0.07,0.044,7.963,90.403,5.087,55.394,0,5.098,5.101,NA,11
"5/24/2022 2:23:21 PM",5.105,30.122,50.926,81.271,73041,1033.704,33.683,0.078,0.078,0.058,7.963,90.217,5.076,55.054,0,5.087,5.09,NA,11
"5/24/2022 2:23:21 PM",5.075,30.122,50.925,81.27,73039.4,1033.703,33.681,0.039,0.039,0.073,7.963,90.233,5.078,56.159,0,5.088,5.091,NA,11
"5/24/2022 2:23:21 PM",5.03,30.122,50.924,81.27,73038.8,1033.702,33.681,0.047,0.047,0.073,7.965,90.298,5.081,57.518,0,5.091,5.095,NA,11
"5/24/2022 2:23:21 PM",4.996,30.123,50.927,81.273,73041.5,1033.704,33.683,0.047,0.047,0.058,7.961,90.32,5.083,58.113,0,5.093,5.097,NA,11
"5/24/2022 2:23:22 PM",4.926,30.125,50.926,81.275,73040.8,1033.703,33.682,0.039,0.039,0.044,7.962,90.141,5.073,59.047,0,5.084,5.087,NA,11
"5/24/2022 2:23:22 PM",4.879,30.126,50.926,81.277,73040,1033.701,33.681,0.047,0.047,0.015,7.962,90.321,5.084,59.387,0,5.094,5.098,NA,11
"5/24/2022 2:23:22 PM",4.839,30.127,50.927,81.281,73041.5,1033.702,33.681,0.055,0.055,0.029,7.963,90.224,5.078,59.132,0,5.088,5.092,NA,11
"5/24/2022 2:23:22 PM",4.796,30.127,50.928,81.282,73042.4,1033.702,33.682,0.047,0.047,0.029,7.961,90.233,5.078,58.877,0,5.089,5.092,NA,11
"5/24/2022 2:23:22 PM",4.761,30.126,50.928,81.281,73042.6,1033.702,33.682,0.055,0.055,0.029,7.961,90.271,5.08,58.198,0,5.091,5.094,NA,11
"5/24/2022 2:23:23 PM",4.681,30.122,50.924,81.268,73038.4,1033.701,33.681,0.047,0.047,0.015,7.959,90.32,5.084,57.348,0,5.094,5.098,NA,11
"5/24/2022 2:23:23 PM",4.608,30.12,50.924,81.266,73038.9,1033.701,33.682,0.047,0.047,0.015,7.958,90.179,5.076,56.244,0,5.086,5.089,NA,11
"5/24/2022 2:23:23 PM",4.519,30.117,50.93,81.269,73045.6,1033.706,33.687,0.039,0.039,0.015,7.959,90.23,5.079,55.989,0,5.089,5.092,NA,11
"5/24/2022 2:23:23 PM",4.433,30.12,50.93,81.273,73045.8,1033.705,33.686,0.031,0.031,0,7.962,90.168,5.075,55.819,0,5.086,5.089,NA,11
"5/24/2022 2:23:23 PM",4.323,30.122,50.925,81.269,73039.1,1033.7,33.682,0.039,0.039,0.015,7.962,90.169,5.075,55.734,0,5.086,5.089,NA,11
"5/24/2022 2:23:24 PM",4.262,30.115,50.925,81.26,73040.3,1033.702,33.684,0.039,0.039,0.015,7.963,90.181,5.076,55.054,0,5.087,5.09,NA,11
"5/24/2022 2:23:24 PM",4.215,30.111,50.927,81.256,73042.6,1033.705,33.687,0.047,0.047,0.029,7.962,90.201,5.078,54.714,0,5.088,5.091,NA,11
"5/24/2022 2:23:24 PM",4.172,30.108,50.93,81.255,73046.6,1033.708,33.69,0.055,0.055,0.044,7.964,90.29,5.083,54.205,0,5.093,5.096,NA,11
"5/24/2022 2:23:24 PM",4.104,30.106,50.929,81.251,73045.7,1033.708,33.69,0.047,0.047,0.044,7.966,90.322,5.084,52.675,0,5.095,5.098,NA,11
"5/24/2022 2:23:24 PM",4.062,30.105,50.931,81.253,73048.4,1033.709,33.692,0.047,0.047,0.029,7.968,90.191,5.077,52.081,0,5.088,5.091,NA,11
"5/24/2022 2:23:25 PM",4.016,30.104,50.931,81.251,73048.5,1033.709,33.692,0.047,0.047,0.029,7.965,90.29,5.083,51.401,0,5.093,5.097,NA,11
"5/24/2022 2:23:25 PM",3.986,30.104,50.93,81.25,73047.8,1033.709,33.692,0.055,0.055,0.044,7.963,90.212,5.078,51.656,0,5.089,5.092,NA,11
"5/24/2022 2:23:25 PM",3.96,30.103,50.93,81.249,73048.1,1033.709,33.693,0.039,0.039,0.015,7.966,90.349,5.087,52.845,0,5.097,5.101,NA,11
"5/24/2022 2:23:25 PM",3.93,30.103,50.93,81.249,73048,1033.709,33.693,0.055,0.055,0.029,7.97,90.069,5.07,53.78,0,5.081,5.084,NA,11
"5/24/2022 2:23:25 PM",3.927,30.103,50.93,81.248,73047.7,1033.709,33.692,0.055,0.055,0.044,7.971,90.183,5.077,54.799,0,5.088,5.091,NA,11
"5/24/2022 2:23:26 PM",3.925,30.103,50.931,81.25,73049,1033.71,33.693,0.047,0.047,0.029,7.971,90.281,5.083,56.074,0,5.093,5.096,NA,11
"5/24/2022 2:23:26 PM",3.929,30.103,50.929,81.248,73046.7,1033.708,33.692,0.047,0.047,0.015,7.97,90.321,5.085,57.518,0,5.096,5.099,NA,11
"5/24/2022 2:23:26 PM",3.941,30.102,50.933,81.252,73051.5,1033.712,33.695,0.062,0.062,0.044,7.973,90.303,5.085,59.387,0,5.095,5.098,NA,11
"5/24/2022 2:23:26 PM",3.953,30.103,50.932,81.251,73049.6,1033.71,33.694,0.055,0.055,0.073,7.975,90.19,5.077,59.897,0,5.088,5.091,NA,11
"5/24/2022 2:23:26 PM",3.969,30.104,50.933,81.253,73050.6,1033.711,33.694,0.055,0.055,0.044,7.975,90.329,5.085,59.897,0,5.096,5.099,NA,11
"5/24/2022 2:23:27 PM",3.956,30.105,50.932,81.254,73049.4,1033.71,33.693,0.055,0.055,0.044,7.976,90.427,5.091,59.302,0,5.102,5.105,NA,11
"5/24/2022 2:23:27 PM",3.929,30.106,50.933,81.257,73050.4,1033.71,33.693,0.047,0.047,0.058,7.974,90.29,5.084,58.368,0,5.095,5.098,NA,11
"5/24/2022 2:23:27 PM",3.899,30.106,50.93,81.253,73047.2,1033.708,33.691,0.039,0.039,0.044,7.973,90.233,5.081,57.858,0,5.092,5.095,NA,11
"5/24/2022 2:23:27 PM",3.863,30.106,50.93,81.253,73046.9,1033.707,33.691,0.055,0.055,0.044,7.975,90.093,5.073,57.348,0,5.084,5.087,NA,11
"5/24/2022 2:23:27 PM",3.833,30.105,50.933,81.256,73051,1033.71,33.694,0.023,0.023,0.044,7.973,90.269,5.083,57.433,0,5.094,5.097,NA,11
"5/24/2022 2:23:28 PM",3.8,30.106,50.933,81.257,73050.7,1033.71,33.693,0.031,0.031,0.044,7.972,90.335,5.087,57.773,0,5.098,5.101,NA,11
"5/24/2022 2:23:28 PM",3.748,30.11,50.937,81.268,73055.2,1033.711,33.695,0.031,0.031,0.029,7.975,90.174,5.078,58.708,0,5.089,5.092,NA,11
"5/24/2022 2:23:28 PM",3.711,30.113,50.934,81.268,73051,1033.707,33.692,0.055,0.055,0.044,7.974,90.132,5.075,59.642,0,5.086,5.089,NA,11
"5/24/2022 2:23:28 PM",3.67,30.115,50.933,81.271,73049.5,1033.706,33.69,0.047,0.047,0.058,7.974,90.266,5.084,59.642,0,5.094,5.098,NA,11
"5/24/2022 2:23:28 PM",3.638,30.117,50.934,81.274,73050.3,1033.705,33.69,0.047,0.047,0.029,7.973,90.231,5.081,59.387,0,5.092,5.095,NA,11
"5/24/2022 2:23:29 PM",3.605,30.119,50.934,81.278,73050.8,1033.705,33.69,0.031,0.031,0.058,7.976,90.216,5.081,58.877,0,5.092,5.095,NA,11
"5/24/2022 2:23:29 PM",3.59,30.121,50.932,81.277,73047.4,1033.702,33.687,0.047,0.047,0.044,7.976,90.191,5.08,59.047,0,5.09,5.094,NA,11
"5/24/2022 2:23:29 PM",3.581,30.122,50.931,81.277,73046.5,1033.702,33.686,0.039,0.039,0.044,7.976,90.276,5.084,59.132,0,5.095,5.098,NA,11
"5/24/2022 2:23:29 PM",3.564,30.121,50.927,81.27,73041.7,1033.699,33.684,0.031,0.031,0.073,7.976,90.364,5.09,59.472,0,5.101,5.104,NA,11
"5/24/2022 2:23:30 PM",3.545,30.12,50.931,81.273,73046.2,1033.702,33.687,0.047,0.047,0.044,7.98,90.414,5.092,60.492,0,5.103,5.106,NA,11
"5/24/2022 2:23:30 PM",3.527,30.118,50.931,81.271,73047,1033.703,33.688,0.047,0.047,0.044,7.982,90.3,5.086,61.341,0,5.097,5.1,NA,11
"5/24/2022 2:23:30 PM",3.517,30.116,50.933,81.272,73050,1033.705,33.69,0.047,0.047,0.073,7.985,90.222,5.082,61.426,0,5.093,5.096,NA,11
"5/24/2022 2:23:30 PM",3.512,30.114,50.935,81.271,73051.7,1033.707,33.692,0.039,0.039,0.073,7.986,90.17,5.079,62.191,0,5.089,5.093,NA,11
"5/24/2022 2:23:30 PM",3.496,30.114,50.934,81.269,73050.6,1033.706,33.691,0.047,0.047,0.058,7.984,90.326,5.089,63.21,0,5.099,5.103,NA,11
"5/24/2022 2:23:31 PM",3.461,30.113,50.95,81.292,73071.4,1033.719,33.704,0.031,0.031,0.015,7.986,90.325,5.088,63.72,0,5.098,5.101,NA,11
"5/24/2022 2:23:31 PM",3.425,30.116,50.945,81.288,73064.7,1033.714,33.699,0.039,0.039,0.029,7.986,90.203,5.08,62.361,0,5.091,5.094,NA,11
"5/24/2022 2:23:31 PM",3.381,30.119,50.945,81.293,73064.2,1033.712,33.698,0.031,0.031,0.015,7.985,90.26,5.084,60.577,0,5.095,5.098,NA,11
"5/24/2022 2:23:31 PM",3.341,30.122,50.941,81.291,73058.7,1033.708,33.694,0.039,0.039,0.015,7.986,90.097,5.075,58.283,0,5.086,5.089,NA,11
"5/24/2022 2:23:31 PM",3.301,30.125,50.939,81.293,73056.1,1033.705,33.691,0.055,0.055,0,7.985,90.32,5.088,57.093,0,5.099,5.102,NA,11
"5/24/2022 2:23:32 PM",3.244,30.127,50.94,81.297,73056.6,1033.705,33.691,0.062,0.062,0.058,7.987,90.236,5.084,56.414,0,5.094,5.098,NA,11
"5/24/2022 2:23:32 PM",3.221,30.128,50.939,81.298,73055.8,1033.704,33.69,0.039,0.039,0.058,7.988,90.322,5.089,56.838,0,5.099,5.102,NA,11
"5/24/2022 2:23:32 PM",3.204,30.129,50.938,81.298,73054.5,1033.703,33.689,0.039,0.039,0.044,7.987,90.242,5.084,59.132,0,5.095,5.098,NA,11
"5/24/2022 2:23:32 PM",3.194,30.128,50.934,81.29,73048.9,1033.7,33.686,0.039,0.039,0.073,7.987,90.178,5.081,61.851,0,5.092,5.095,NA,11
"5/24/2022 2:23:32 PM",3.168,30.125,50.939,81.293,73056.2,1033.705,33.692,0.047,0.047,0.029,7.987,90.312,5.088,63.04,0,5.099,5.102,NA,11
"5/24/2022 2:23:33 PM",3.142,30.125,50.936,81.289,73052,1033.702,33.689,0.055,0.055,0.058,7.986,90.206,5.082,63.55,0,5.093,5.096,NA,11
"5/24/2022 2:23:33 PM",3.117,30.125,50.935,81.287,73051.2,1033.702,33.688,0.055,0.055,0.058,7.986,90.18,5.081,63.38,0,5.092,5.095,NA,11
"5/24/2022 2:23:33 PM",3.088,30.124,50.936,81.286,73051.5,1033.702,33.689,0.047,0.047,0.073,7.986,90.232,5.084,63.04,0,5.095,5.098,NA,11
"5/24/2022 2:23:33 PM",3.065,30.123,50.939,81.29,73055.3,1033.704,33.691,0.031,0.031,0.029,7.985,90.262,5.086,63.295,0,5.097,5.1,NA,11
"5/24/2022 2:23:33 PM",3.053,30.123,50.939,81.29,73055.8,1033.705,33.692,0.055,0.055,0.044,7.988,90.241,5.085,66.014,0,5.096,5.099,NA,11
"5/24/2022 2:23:34 PM",3.058,30.121,50.94,81.29,73058,1033.707,33.694,0.055,0.055,0.058,7.991,90.311,5.089,69.073,0,5.099,5.103,NA,11
"5/24/2022 2:23:34 PM",3.056,30.122,50.938,81.286,73054.9,1033.705,33.692,0.07,0.07,0.058,7.989,90.34,5.091,71.621,0,5.101,5.105,NA,11
"5/24/2022 2:23:34 PM",3.032,30.122,50.936,81.284,73052,1033.703,33.69,0.062,0.062,0.044,7.991,90.306,5.089,71.961,0,5.099,5.103,NA,11
"5/24/2022 2:23:34 PM",2.98,30.12,50.942,81.289,73060.1,1033.708,33.695,0.047,0.047,0.044,7.99,90.302,5.089,71.112,0,5.099,5.102,NA,11
"5/24/2022 2:23:34 PM",2.949,30.12,50.941,81.288,73058.3,1033.707,33.694,0.047,0.047,0.044,7.993,90.243,5.085,68.903,0,5.096,5.099,NA,11
"5/24/2022 2:23:35 PM",2.926,30.122,50.941,81.291,73058.8,1033.707,33.694,0.039,0.039,0.029,7.992,90.295,5.088,67.204,0,5.099,5.102,NA,11
"5/24/2022 2:23:35 PM",2.895,30.122,50.939,81.288,73055.8,1033.704,33.692,0.031,0.031,0.044,7.992,90.312,5.09,66.524,0,5.101,5.104,NA,11
"5/24/2022 2:23:35 PM",2.867,30.122,50.935,81.283,73051.3,1033.702,33.689,0.047,0.047,0.044,7.992,90.169,5.081,65.334,0,5.092,5.095,NA,11
"5/24/2022 2:23:35 PM",2.796,30.121,50.937,81.284,73053,1033.703,33.691,0.047,0.047,0.015,7.991,90.227,5.085,63.38,0,5.096,5.099,NA,11
"5/24/2022 2:23:35 PM",2.728,30.119,50.94,81.286,73057.9,1033.706,33.694,0.047,0.047,0.029,7.99,90.2,5.083,63.21,0,5.094,5.097,NA,11
"5/24/2022 2:23:36 PM",2.645,30.12,50.941,81.288,73059,1033.706,33.695,0.047,0.047,0.015,7.989,90.323,5.091,63.21,0,5.101,5.104,NA,11
"5/24/2022 2:23:36 PM",2.565,30.121,50.934,81.279,73049.6,1033.7,33.689,0.047,0.047,0.058,7.99,90.358,5.092,64.74,0,5.103,5.106,NA,11
"5/24/2022 2:23:36 PM",2.452,30.121,50.932,81.278,73047.4,1033.698,33.687,0.039,0.039,0.044,7.993,90.488,5.101,70.432,0,5.112,5.115,NA,11
"5/24/2022 2:23:36 PM",2.389,30.12,50.932,81.275,73046.8,1033.698,33.687,0.031,0.031,0.015,7.993,90.68,5.112,75.53,0,5.123,5.126,NA,11
"5/24/2022 2:23:36 PM",2.34,30.118,50.934,81.275,73050.1,1033.7,33.69,0.031,0.031,0,7.994,90.941,5.128,78.843,0,5.138,5.142,NA,11
"5/24/2022 2:23:37 PM",2.297,30.118,50.933,81.273,73048.4,1033.699,33.689,0.039,0.039,0.029,7.996,91.158,5.139,79.268,0,5.15,5.153,NA,11
"5/24/2022 2:23:37 PM",2.288,30.118,50.933,81.273,73048.4,1033.699,33.689,0.047,0.047,0.029,8,91.368,5.152,78.163,0,5.163,5.166,NA,11
"5/24/2022 2:23:37 PM",2.311,30.12,50.93,81.272,73044.2,1033.696,33.686,0.047,0.047,0.029,8.001,91.585,5.165,79.353,0,5.176,5.179,NA,11
"5/24/2022 2:23:37 PM",2.327,30.12,50.934,81.278,73049.2,1033.699,33.689,0.055,0.055,0.058,8,91.884,5.182,82.411,0,5.193,5.196,NA,11
"5/24/2022 2:23:37 PM",2.325,30.122,50.936,81.284,73051.7,1033.7,33.69,0.023,0.023,0.015,8,91.954,5.186,85.47,0,5.196,5.2,NA,11
"5/24/2022 2:23:38 PM",2.306,30.124,50.93,81.279,73044.7,1033.695,33.685,0.047,0.047,0,7.998,92.118,5.195,87.084,0,5.206,5.21,NA,11
"5/24/2022 2:23:38 PM",2.262,30.126,50.932,81.284,73046.7,1033.695,33.686,0.062,0.062,0.029,7.996,92.368,5.21,87.934,0,5.221,5.224,NA,11
"5/24/2022 2:23:38 PM",2.228,30.126,50.933,81.285,73047.3,1033.695,33.686,0.047,0.047,0,7.994,92.506,5.218,88.953,0,5.229,5.232,NA,11
"5/24/2022 2:23:38 PM",2.175,30.126,50.935,81.287,73049.8,1033.697,33.688,0.055,0.055,0.029,7.991,92.535,5.22,89.888,0,5.231,5.234,NA,11
"5/24/2022 2:23:38 PM",2.115,30.126,50.934,81.287,73048.9,1033.696,33.687,0.062,0.062,0.087,7.988,92.642,5.226,90.058,0,5.237,5.24,NA,11
"5/24/2022 2:23:39 PM",2.059,30.128,50.931,81.285,73045.2,1033.693,33.684,0.07,0.07,0.073,7.989,92.763,5.233,89.548,0,5.244,5.247,NA,11
"5/24/2022 2:23:39 PM",1.981,30.128,50.931,81.285,73044.6,1033.692,33.684,0.047,0.047,0.044,7.989,93.194,5.258,86.15,0,5.269,5.272,NA,11
"5/24/2022 2:23:39 PM",1.953,30.127,50.93,81.283,73044.1,1033.692,33.684,0.055,0.055,0.044,7.992,93.221,5.26,83.856,0,5.271,5.274,NA,11
"5/24/2022 2:23:39 PM",1.91,30.127,50.932,81.284,73045.8,1033.693,33.685,0.039,0.039,0.029,7.991,93.39,5.269,78.928,0,5.281,5.284,NA,11
"5/24/2022 2:23:40 PM",1.852,30.126,50.932,81.284,73046.2,1033.693,33.685,0.047,0.047,0.058,7.99,93.465,5.274,76.464,0,5.285,5.288,NA,11
"5/24/2022 2:23:40 PM",1.738,30.127,50.931,81.283,73045,1033.692,33.685,0.031,0.031,0.029,7.993,93.525,5.278,78.418,0,5.289,5.293,NA,11
"5/24/2022 2:23:40 PM",1.661,30.125,50.932,81.283,73046.2,1033.693,33.686,0.031,0.031,0.058,7.994,93.625,5.283,81.477,0,5.294,5.298,NA,11
"5/24/2022 2:23:40 PM",1.588,30.125,50.93,81.279,73043.4,1033.691,33.684,0.047,0.047,0.029,7.994,93.739,5.29,85.215,0,5.301,5.305,NA,11
"5/24/2022 2:23:40 PM",1.513,30.126,50.928,81.279,73041.6,1033.689,33.683,0.047,0.047,0.058,7.994,93.841,5.296,87.169,0,5.307,5.31,NA,11
"5/24/2022 2:23:41 PM",1.449,30.126,50.929,81.28,73042.7,1033.69,33.683,0.039,0.039,0.029,7.994,93.848,5.297,86.405,0,5.308,5.311,NA,11
"5/24/2022 2:23:41 PM",1.362,30.127,50.927,81.278,73040.4,1033.688,33.682,0.023,0.023,0.015,7.995,94.071,5.309,86.744,0,5.321,5.324,NA,11
"5/24/2022 2:23:41 PM",1.333,30.126,50.928,81.279,73041.4,1033.688,33.683,0.039,0.039,0.044,7.995,94.007,5.306,89.123,0,5.317,5.321,NA,11
"5/24/2022 2:23:41 PM",1.322,30.126,50.929,81.279,73042.3,1033.689,33.683,0.039,0.039,0.044,7.998,94.248,5.319,91.332,0,5.331,5.334,NA,11
"5/24/2022 2:23:41 PM",1.32,30.127,50.934,81.288,73048.7,1033.692,33.687,0.047,0.047,0.058,7.999,94.413,5.329,92.692,0,5.34,5.343,NA,11
"5/24/2022 2:23:42 PM",1.312,30.13,50.933,81.291,73047.3,1033.691,33.685,0.039,0.039,0.044,7.999,94.527,5.336,97.619,0,5.347,5.35,NA,11
"5/24/2022 2:23:42 PM",1.246,30.132,50.93,81.29,73042.8,1033.687,33.682,0.031,0.031,0.044,7.997,94.536,5.337,114.017,0,5.348,5.351,NA,11
"5/24/2022 2:23:42 PM",1.208,30.133,50.928,81.29,73040.6,1033.685,33.68,0.039,0.039,0.015,7.998,94.588,5.34,127.355,0,5.351,5.354,NA,11
"5/24/2022 2:23:42 PM",1.152,30.134,50.928,81.29,73040.5,1033.685,33.68,0.023,0.023,0.015,7.999,94.735,5.348,139.675,0,5.359,5.363,NA,11
"5/24/2022 2:23:42 PM",1.119,30.135,50.927,81.29,73038.6,1033.683,33.678,0.055,0.055,0.044,7.999,94.807,5.352,153.948,0,5.364,5.367,NA,11
"5/24/2022 2:23:43 PM",1.075,30.136,50.928,81.293,73039.8,1033.683,33.679,0.047,0.047,0.073,7.998,94.794,5.351,170.09,0,5.363,5.366,NA,11
"5/24/2022 2:23:43 PM",0.99,30.137,50.925,81.289,73035.5,1033.68,33.676,0.039,0.039,0.029,7.999,94.921,5.36,180.625,0,5.371,5.374,NA,11
"5/24/2022 2:23:43 PM",0.964,30.137,50.924,81.289,73034.8,1033.68,33.676,0.062,0.062,0.058,8,94.986,5.363,160.745,0,5.375,5.378,NA,11
"5/24/2022 2:23:43 PM",0.963,30.137,50.925,81.29,73035.7,1033.68,33.676,0.062,0.062,0.073,8,95.067,5.368,152.758,0,5.379,5.383,NA,11
"5/24/2022 2:23:43 PM",0.969,30.138,50.927,81.294,73038.8,1033.682,33.678,0.055,0.055,0.058,8,95.046,5.367,172.469,0,5.378,5.382,NA,11
"5/24/2022 2:23:44 PM",0.956,30.138,50.928,81.295,73039.8,1033.683,33.678,0.07,0.07,0.058,8.001,95.206,5.376,164.483,0,5.388,5.391,NA,11
"5/24/2022 2:23:44 PM",0.926,30.139,50.926,81.294,73037.2,1033.681,33.677,0.07,0.07,0.029,8,95.247,5.379,153.693,0,5.39,5.393,NA,11
"5/24/2022 2:23:44 PM",0.869,30.139,50.926,81.294,73037.3,1033.68,33.677,0.055,0.055,0.058,7.998,95.191,5.376,132.028,0,5.387,5.39,NA,11
"5/24/2022 2:23:44 PM",0.797,30.14,50.921,81.289,73030.6,1033.676,33.672,0.047,0.047,0.058,7.997,95.27,5.38,91.162,0,5.392,5.395,NA,11
"5/24/2022 2:23:44 PM",0.662,30.141,50.909,81.272,73014.8,1033.665,33.662,0.062,0.062,0.073,7.999,95.324,5.384,48.003,0,5.396,5.399,NA,11
"5/24/2022 2:23:45 PM",0.584,30.141,50.906,81.269,73012,1033.663,33.661,0.055,0.055,0.044,8.001,95.371,5.386,28.886,0,5.398,5.401,NA,11
"5/24/2022 2:23:45 PM",0.486,30.14,50.904,81.265,73009.2,1033.661,33.659,0.055,0.055,0.087,7.999,95.494,5.394,18.351,0,5.406,5.409,NA,11
"5/24/2022 2:23:45 PM",0.373,30.14,50.902,81.262,73006.1,1033.659,33.657,0.047,0.047,0.058,7.999,95.564,5.398,11.555,0,5.409,5.413,NA,11
"5/24/2022 2:23:45 PM",0.274,30.14,50.903,81.263,73007.5,1033.66,33.658,0.031,0.031,0.044,7.998,95.511,5.396,7.816,0,5.407,5.411,NA,11
"5/24/2022 2:23:45 PM",0.123,30.14,50.897,81.255,73000.1,1033.654,33.654,0.031,0.031,0,8.001,95.519,5.396,7.476,0,5.408,5.411,NA,11
"5/24/2022 2:23:46 PM",0.047,30.14,50.894,81.25,72996.5,1033.652,33.652,0.055,0.055,0.029,8.003,95.42,5.391,8.326,0,5.403,5.406,NA,11
"5/24/2022 2:23:46 PM",0.048,30.14,50.891,81.246,72992.7,1033.65,33.649,0.031,0.031,0,8.002,95.655,5.404,8.751,0,5.416,5.419,NA,11
"5/24/2022 2:23:46 PM",0.059,30.139,50.89,81.244,72992,1033.65,33.649,1.209,1.209,0,8.001,95.678,5.406,9.431,0,5.418,5.421,NA,11
"5/24/2022 2:23:46 PM",0.073,30.139,50.89,81.243,72991.2,1033.649,33.649,0.343,0.343,0,8,95.746,5.411,37.722,0,5.422,5.426,NA,11
"5/24/2022 2:23:46 PM",0.068,30.139,50.891,81.245,72992.7,1033.65,33.65,0.031,0.031,0,7.999,95.744,5.412,999.642,0,5.424,5.427,NA,11
"5/24/2022 2:23:47 PM",0.054,30.139,50.89,81.244,72992,1033.649,33.649,0,0,0,8.001,95.625,5.407,1174.575,0,5.418,5.422,NA,11
"5/24/2022 2:23:47 PM",0.104,30.139,50.891,81.246,72993.2,1033.65,33.65,0,0,0,7.999,95.781,5.416,1217.055,0,5.427,5.431,NA,11
"5/24/2022 2:23:47 PM",0.108,30.139,50.892,81.246,72993.9,1033.651,33.65,0,0,0,7.999,95.823,5.418,793.698,0,5.43,5.433,NA,11
"5/24/2022 2:23:47 PM",0.092,30.138,50.89,81.242,72991.7,1033.65,33.649,0,0,0,8.001,95.769,5.416,805.763,0,5.428,5.431,NA,11
"5/24/2022 2:23:47 PM",0.059,30.137,50.892,81.245,72995,1033.652,33.652,0.062,0.062,0.146,8.001,96.027,5.43,743.912,0,5.442,5.445,NA,11
"5/24/2022 2:23:48 PM",0,30.137,50.89,81.241,72991.9,1033.65,33.65,0.047,0.047,0.058,8.001,95.899,5.423,920.629,0,5.435,5.438,NA,11
"5/24/2022 2:23:48 PM",0,30.137,50.891,81.242,72992.9,1033.65,33.65,0.164,0.164,0.16,8.002,95.926,5.425,1600.056,0,5.437,5.44,NA,11
"5/24/2022 2:23:48 PM",0,30.137,50.887,81.237,72988.7,1033.648,33.648,0.07,0.07,0.364,8.004,95.997,5.43,1282.135,0,5.442,5.445,NA,11
"5/24/2022 2:23:48 PM",0,30.137,50.887,81.238,72988.4,1033.647,33.648,0.055,0.055,0.218,8.007,95.914,5.425,1105.927,0,5.437,5.44,NA,11
"5/24/2022 2:23:48 PM",0,30.137,50.885,81.234,72985.6,1033.646,33.646,0,0,0,8.007,95.952,5.428,1095.052,0,5.44,5.443,NA,11
"5/24/2022 2:23:49 PM",0,30.136,50.886,81.234,72987,1033.647,33.647,0.374,0.374,0.903,8.006,96.059,5.434,1461.061,0,5.445,5.449,NA,11
"5/24/2022 2:23:49 PM",0,30.136,50.882,81.228,72982.4,1033.644,33.644,0.078,0.078,0.175,8.004,95.986,5.43,1087.915,0,5.441,5.445,NA,11
"5/24/2022 2:23:49 PM",0,30.134,50.868,81.206,72964.9,1033.633,33.634,0,0,0,8.006,96.055,5.434,1337.529,0,5.446,5.449,NA,11
"5/24/2022 2:23:49 PM",0,30.133,50.865,81.2,72961.2,1033.631,33.632,0,0,0,8.006,96.022,5.433,1438.716,0,5.444,5.448,NA,11
"5/24/2022 2:23:50 PM",0,30.132,50.862,81.195,72958,1033.629,33.631,0,0,0,8.008,96.066,5.436,1602.095,0,5.448,5.451,NA,11
"5/24/2022 2:23:50 PM",0,30.131,50.857,81.187,72951.7,1033.625,33.627,0,0,0,8.008,96.043,5.434,1640.412,0,5.446,5.45,NA,11
"5/24/2022 2:23:50 PM",0,30.087,2.026,4.246,3818.8,997.135,0,0,0,17.833,8.011,96.137,7.107,1709.23,0,7.128,7.128,NA,11
"5/24/2022 2:23:50 PM",0,30.056,1.119,2.419,2176.5,996.468,0,167.646,167.646,120.339,8.007,96.145,7.145,1736.247,0,7.166,7.166,NA,11
"5/24/2022 2:23:50 PM",0,30.054,0.941,2.051,1846,996.335,0,451.921,451.921,18.557,8.007,96.169,7.155,1805.914,0,7.176,7.176,NA,11
"5/24/2022 2:23:51 PM",0,30.052,0.856,1.875,1687.2,996.273,0,357.727,357.727,30.9,8.007,96.223,7.164,1821.462,0,7.184,7.184,NA,11
"5/24/2022 2:23:51 PM",0,30.042,0.707,1.561,1405.2,996.164,0,66.595,66.595,29.035,8.005,96.272,7.174,1902.769,0,7.194,7.194,NA,11
"5/24/2022 2:23:51 PM",0,30.007,0.665,1.47,1324.1,996.143,0,138.775,138.775,46.861,8.002,96.267,7.175,1964.79,0,7.196,7.196,NA,11
"5/24/2022 2:23:51 PM",0,29.908,0.605,1.341,1210.6,996.128,0,13.729,13.729,0,8.002,96.114,7.166,2052.979,0,7.187,7.187,NA,11
"5/24/2022 2:23:51 PM",0,29.867,0.571,1.267,1144.5,996.115,0,95.286,95.286,0,8,96.177,7.173,2080.421,0,7.193,7.193,NA,11
"5/24/2022 2:23:52 PM",0,29.855,0.542,1.204,1087.9,996.097,0,0.53,0.53,0,8,96.048,7.164,2123.835,0,7.184,7.184,NA,11
"5/24/2022 2:23:52 PM",0,29.809,0.509,1.134,1025.1,996.086,0,306.109,306.109,62.451,7.999,96.105,7.169,2020.014,0,7.189,7.19,NA,11
"5/24/2022 2:23:52 PM",0,29.701,0.491,1.093,990.2,996.106,0,100.505,100.505,67.549,7.997,96.181,7.175,1909.056,0,7.196,7.196,NA,11
"5/24/2022 2:23:52 PM",0,29.603,0.473,1.053,955.8,996.122,0,506.05,506.05,0,7.994,96.124,7.171,1755.873,0,7.192,7.192,NA,11
"5/24/2022 2:23:52 PM",0,29.595,0.458,1.02,926.1,996.112,0,393.22,393.22,0,7.992,96.14,7.173,1646.954,0,7.193,7.193,NA,11
"5/24/2022 2:23:53 PM",0,29.632,0.442,0.986,894.7,996.089,0,157.435,157.435,0,7.994,95.998,7.162,1635.059,0,7.183,7.183,NA,11
"5/24/2022 2:23:53 PM",0,29.597,0.419,0.934,848.5,996.082,0,100.879,100.879,129.336,7.991,96.062,7.168,1701.158,0,7.188,7.188,NA,11
"5/24/2022 2:23:53 PM",0,29.465,0.403,0.899,818.7,996.11,0,456.398,456.398,77.323,7.988,95.998,7.163,1801.071,0,7.184,7.184,NA,11
"5/24/2022 2:23:53 PM",0,29.308,0.391,0.87,794.6,996.147,0,72.056,72.056,0,7.989,96.189,7.178,1904.383,0,7.199,7.199,NA,11
"5/24/2022 2:23:53 PM",0,29.188,0.389,0.864,791.5,996.182,0,282.527,282.527,169.269,7.99,96.229,7.181,2021.628,0,7.201,7.201,NA,11
"5/24/2022 2:23:54 PM",0,29.083,0.374,0.828,760.2,996.201,0,175.096,175.096,80.075,7.987,96.114,7.173,2141.847,0,7.193,7.193,NA,11
"5/24/2022 2:23:54 PM",0,29.016,0.364,0.806,740.9,996.213,0,55.557,55.557,31.646,7.987,96.09,7.171,2162.237,0,7.191,7.191,NA,11
"5/24/2022 2:23:54 PM",0,28.951,0.352,0.78,717.6,996.223,0,109.741,109.741,0,7.988,96.103,7.172,2064.873,0,7.193,7.193,NA,11
"5/24/2022 2:23:54 PM",0,28.885,0.351,0.777,715.9,996.242,0,21.429,21.429,0,7.986,96.186,7.178,1743.553,0,7.199,7.199,NA,11
"5/24/2022 2:23:54 PM",0,28.789,0.371,0.819,756,996.285,0,0,0,0,7.985,96.13,7.173,1486.634,0,7.194,7.194,NA,11
"5/24/2022 2:23:55 PM",0,28.668,0.335,0.739,684,996.293,0,21.468,21.468,0,7.98,96.181,7.178,1587.057,0,7.199,7.199,NA,11
"5/24/2022 2:23:55 PM",0,28.666,0.328,0.723,669.1,996.288,0,0,0,0,7.981,96.157,7.177,1662.162,0,7.198,7.198,NA,11
"5/24/2022 2:23:55 PM",0,28.709,0.324,0.716,662.1,996.273,0,0,0,0,7.983,96.181,7.179,1687.225,0,7.199,7.199,NA,11
"5/24/2022 2:23:55 PM",0,28.775,0.467,1.021,943.2,996.361,0,0,0,0,7.981,96.103,7.167,1696.401,0,7.188,7.188,NA,11
"5/24/2022 2:23:55 PM",0,28.86,0.534,1.165,1073.8,996.386,0,1.256,1.256,0,7.983,95.99,7.156,1730.639,0,7.177,7.177,NA,11
"5/24/2022 2:23:56 PM",0,28.874,0.554,1.207,1111.9,996.397,0,0,0,8.752,7.988,96.001,7.156,1775.074,0,7.177,7.177,NA,11
"5/24/2022 2:23:56 PM",0,28.849,0.495,1.083,998.9,996.361,0,0,0,0.728,7.988,96.001,7.159,1757.317,0,7.179,7.179,NA,11
"5/24/2022 2:23:56 PM",0,28.767,0.541,1.179,1088.6,996.419,0,0,0,0.524,7.989,96.011,7.158,1671.507,0,7.178,7.178,NA,11
"5/24/2022 2:23:56 PM",0,28.511,0.991,2.093,1942.5,996.831,0,0,0,5.677,7.985,96.145,7.15,497.442,0,7.171,7.171,NA,11
"5/24/2022 2:23:56 PM",0,28.458,0.426,0.931,864.8,996.423,0,0,0,0.146,7.983,96.112,7.17,346.468,0,7.191,7.191,NA,11
"5/24/2022 2:23:57 PM",0,28.515,0.376,0.825,765.9,996.369,0,0,0,0,7.982,95.993,7.163,1405.412,0,7.184,7.184,NA,11
"5/24/2022 2:23:57 PM",0,28.569,0.333,0.733,679.8,996.32,0,0,0,5.165,7.978,96.01,7.166,1759.696,0,7.187,7.187,NA,11
"5/24/2022 2:23:57 PM",0,28.611,0.324,0.715,662.3,996.302,0,2.215,2.215,12.233,7.977,96.032,7.168,1925.453,0,7.189,7.189,NA,11
"5/24/2022 2:23:57 PM",0,28.676,0.31,0.685,633.6,996.272,0,1.49,1.49,7.463,7.975,95.913,7.16,2032.673,0,7.181,7.181,NA,11
"5/24/2022 2:23:57 PM",0,28.991,0.337,0.748,687.5,996.2,0,3.565,3.565,6.086,7.994,96.006,7.166,2065.553,0,7.186,7.186,NA,11
"5/24/2022 2:23:58 PM",0,30.507,2.864,5.926,5285.4,997.631,0,2.574,2.574,8.752,8.067,96.007,7.067,2071.585,0,7.088,7.088,NA,11
"5/24/2022 2:23:58 PM",0,31.037,1.686,3.633,3207.4,996.588,0,2.208,2.208,9.662,8.14,95.931,7.108,2051.959,0,7.128,7.128,NA,11
"5/24/2022 2:23:58 PM",0,31.262,3.651,7.543,6629.4,997.98,0,1.95,1.95,10.176,8.221,96.012,7.038,2035.732,0,7.059,7.059,NA,11
"5/24/2022 2:23:58 PM",0,31.317,3.608,7.468,6556.7,997.93,0,1.755,1.755,9.339,8.252,96.115,7.047,2020.184,0,7.068,7.068,NA,11
"5/24/2022 2:23:59 PM",0,31.321,3.515,7.287,6397.8,997.86,0,1.857,1.857,10.425,8.278,95.978,7.041,2021.968,0,7.062,7.062,NA,11
"5/24/2022 2:23:59 PM",0,31.307,3.291,6.85,6015.7,997.698,0,2.215,2.215,9.295,8.297,95.987,7.051,2014.492,0,7.071,7.071,NA,11
"5/24/2022 2:23:59 PM",0,31.306,4.157,8.522,7483.7,998.342,0,1.685,1.685,9.325,8.319,96.074,7.024,2001.748,0,7.044,7.044,NA,11
"5/24/2022 2:23:59 PM",0,31.328,4.086,8.389,7363.8,998.282,0,1.935,1.935,9.662,8.338,95.99,7.02,1074.832,0,7.041,7.041,NA,11
"5/24/2022 2:23:59 PM",0,31.334,2.662,5.618,4930.5,997.221,0,1.849,1.849,9.574,8.348,96.042,7.079,1878.215,0,7.1,7.1,NA,11
"5/24/2022 2:24:00 PM",0,31.338,4.82,9.786,8588.6,998.823,0,1.833,1.833,9.545,8.357,95.987,6.992,2028.34,0,7.012,7.012,NA,11
"5/24/2022 2:24:00 PM",0,31.345,2.65,5.596,4910.9,997.209,0,1.974,1.974,9.266,8.367,95.999,7.076,2041.254,0,7.096,7.096,NA,11
"5/24/2022 2:24:00 PM",0,31.345,2.581,5.458,4789.5,997.157,0,1.607,1.607,10.132,8.377,96.029,7.081,2001.323,0,7.102,7.101,NA,11
"5/24/2022 2:24:00 PM",0,31.336,5.074,10.264,9008.3,999.012,0,1.693,1.693,9.867,8.386,95.817,6.969,1995.885,0,6.99,6.989,NA,11
"5/24/2022 2:24:00 PM",0,31.332,2.605,5.505,4832.1,997.18,0,1.724,1.724,10,8.39,96.042,7.081,1985.69,0,7.101,7.101,NA,11
"5/24/2022 2:24:01 PM",0,31.329,2.775,5.841,5127.4,997.307,0,1.669,1.669,9.956,8.391,95.842,7.059,1977.619,0,7.08,7.08,NA,11
"5/24/2022 2:24:01 PM",0,31.324,2.932,6.151,5399.4,997.426,0,1.818,1.818,9.016,8.396,95.985,7.063,1989.938,0,7.084,7.084,NA,11
"5/24/2022 2:24:01 PM",0,31.315,2.65,5.593,4910.8,997.219,0,1.638,1.638,9.295,8.398,95.884,7.067,2033.438,0,7.088,7.087,NA,11
"5/24/2022 2:24:01 PM",0,31.315,3.684,7.614,6685,997.987,0,1.864,1.864,9.985,8.401,95.908,7.029,2064.193,0,7.049,7.049,NA,11
"5/24/2022 2:24:01 PM",0,31.32,4.597,9.36,8217.7,998.663,0,1.771,1.771,9.838,8.404,95.89,6.992,2062.749,0,7.013,7.013,NA,11
"5/24/2022 2:24:02 PM",0,31.319,4.575,9.32,8182.2,998.648,0,2.036,2.036,9.794,8.403,95.796,6.986,2034.457,0,7.007,7.007,NA,11
"5/24/2022 2:24:02 PM",0,31.329,4.952,10.034,8807.3,998.924,0,1.818,1.818,9.207,8.408,95.962,6.984,2020.184,0,7.005,7.004,NA,11
"5/24/2022 2:24:02 PM",0,31.333,3.232,6.738,5914,997.645,0,1.56,1.56,9.779,8.414,95.759,7.035,2039.725,0,7.056,7.055,NA,11
"5/24/2022 2:24:02 PM",0,31.335,4.392,8.974,7876.2,998.506,0,1.849,1.849,9.794,8.411,95.853,6.997,2062.749,0,7.018,7.017,NA,11
"5/24/2022 2:24:02 PM",0,31.337,3.228,6.732,5907.9,997.641,0,1.747,1.747,9.559,8.413,95.974,7.051,2073.199,0,7.071,7.071,NA,11
"5/24/2022 2:24:03 PM",0,31.337,3.62,7.493,6576.2,997.933,0,1.685,1.685,10.014,8.412,95.855,7.027,2079.911,0,7.048,7.048,NA,11
"5/24/2022 2:24:03 PM",0,31.335,4.549,9.273,8138.4,998.623,0,1.857,1.857,10.029,8.412,95.897,6.995,2092.825,0,7.015,7.015,NA,11
"5/24/2022 2:24:03 PM",0,31.334,4.578,9.327,8185.9,998.645,0,1.841,1.841,9.838,8.414,95.893,6.993,2099.112,0,7.013,7.013,NA,11
"5/24/2022 2:24:03 PM",0,31.334,4.7,9.559,8389.4,998.735,0,1.771,1.771,9.647,8.415,95.975,6.995,2103.02,0,7.015,7.015,NA,11
"5/24/2022 2:24:03 PM",0,31.337,2.897,6.082,5338,997.395,0,1.802,1.802,10.381,8.412,95.901,7.058,2108.458,0,7.079,7.078,NA,11
"5/24/2022 2:24:04 PM",0,31.337,2.829,5.948,5220.6,997.345,0,1.669,1.669,10.176,8.415,95.782,7.052,2115.509,0,7.073,7.072,NA,11
"5/24/2022 2:24:04 PM",0,31.339,2.546,5.388,4728.9,997.134,0,1.888,1.888,9.354,8.416,95.987,7.078,2120.352,0,7.099,7.098,NA,11
"5/24/2022 2:24:04 PM",0,31.34,2.592,5.481,4809.7,997.168,0,1.888,1.888,9.383,8.413,95.883,7.069,2119.927,0,7.089,7.089,NA,11
"5/24/2022 2:24:04 PM",0,31.34,2.479,5.256,4612.9,997.084,0,1.888,1.888,9.501,8.417,95.83,7.069,2119.247,0,7.089,7.089,NA,11
"5/24/2022 2:24:04 PM",0,31.34,2.556,5.409,4747.3,997.141,0,1.802,1.802,9.823,8.418,95.786,7.062,2117.888,0,7.083,7.083,NA,11
"5/24/2022 2:24:05 PM",0,31.34,2.367,5.031,4415.2,997,0,1.966,1.966,9.75,8.418,96.004,7.086,2116.699,0,7.107,7.106,NA,11
"5/24/2022 2:24:05 PM",0,31.332,2.388,5.073,4452.8,997.018,0,2.059,2.059,9.735,8.416,95.949,7.081,2111.686,0,7.102,7.101,NA,11
"5/24/2022 2:24:05 PM",0,31.33,2.535,5.365,4709.4,997.128,0,1.966,1.966,9.339,8.411,95.914,7.073,2109.222,0,7.093,7.093,NA,11
"5/24/2022 2:24:05 PM",0,31.326,2.576,5.447,4781.3,997.16,0,1.654,1.654,9.295,8.411,95.943,7.073,2108.288,0,7.094,7.094,NA,11
"5/24/2022 2:24:05 PM",0,31.323,4.366,8.923,7833.7,998.492,0,1.693,1.693,9.295,8.41,95.825,6.995,2106.503,0,7.016,7.016,NA,11
"5/24/2022 2:24:06 PM",0,31.324,3.129,6.537,5738.3,997.572,0,1.818,1.818,9.941,8.405,95.962,7.053,2104.04,0,7.073,7.073,NA,11
"5/24/2022 2:24:06 PM",0,31.327,3.64,7.531,6610.7,997.951,0,1.864,1.864,10.088,8.404,95.874,7.027,2103.105,0,7.047,7.047,NA,11
"5/24/2022 2:24:06 PM",0,31.329,4.357,8.906,7817.8,998.483,0,1.701,1.701,9.706,8.405,95.781,6.992,2105.654,0,7.013,7.013,NA,11
"5/24/2022 2:31:47 PM",0.219,30.176,49.912,79.943,71769.9,1032.896,32.895,0.094,0.094,0.16,7.428,90.604,5.048,154.882,0,5.058,5.061,NA,11
"5/24/2022 2:31:47 PM",0.254,30.176,49.935,79.975,71798.4,1032.914,32.912,0.07,0.07,0.204,7.458,90.638,5.05,150.295,0,5.059,5.062,NA,11
"5/24/2022 2:31:47 PM",0.282,30.179,49.937,79.982,71801.3,1032.915,32.913,0.047,0.047,0.015,7.482,90.573,5.046,144.177,0,5.056,5.059,NA,11
"5/24/2022 2:31:48 PM",0.292,30.18,49.934,79.979,71797,1032.912,32.911,0,0,0.044,7.501,90.534,5.044,137.551,0,5.054,5.057,NA,11
"5/24/2022 2:31:48 PM",0.316,30.179,49.943,79.99,71807.9,1032.919,32.917,3.292,3.292,0.714,7.516,90.562,5.046,139.165,0,5.055,5.058,NA,11
"5/24/2022 2:31:48 PM",0.343,30.181,49.941,79.991,71806,1032.917,32.916,3.994,3.994,1.107,7.539,90.486,5.042,146.896,0,5.051,5.054,NA,11
"5/24/2022 2:31:48 PM",0.351,30.181,49.94,79.989,71804.9,1032.917,32.915,1.357,1.357,0.655,7.553,90.583,5.047,149.105,0,5.057,5.06,NA,11
"5/24/2022 2:31:48 PM",0.348,30.179,49.948,79.997,71814.4,1032.923,32.921,1.849,1.849,0.684,7.573,90.629,5.05,150.21,0,5.06,5.063,NA,11
"5/24/2022 2:31:49 PM",0.337,30.176,49.92,79.953,71780.1,1032.903,32.902,1.209,1.209,2.317,7.59,90.751,5.057,150.125,0,5.067,5.07,NA,11
"5/24/2022 2:31:49 PM",0.353,30.173,49.804,79.788,71636.1,1032.817,32.815,0.64,0.64,1.748,7.604,90.748,5.06,146.641,0,5.07,5.073,NA,11
"5/24/2022 2:31:49 PM",0.396,30.172,49.962,80.005,71832.5,1032.936,32.935,4.587,4.587,2.726,7.627,90.695,5.054,151.144,0,5.063,5.066,NA,11
"5/24/2022 2:31:49 PM",0.445,30.172,49.968,80.014,71840.4,1032.941,32.939,5.71,5.71,1.122,7.638,90.709,5.054,154.543,0,5.064,5.067,NA,11
"5/24/2022 2:31:49 PM",0.496,30.17,49.935,79.966,71799.4,1032.917,32.915,1.958,1.958,0.859,7.646,90.789,5.059,158.451,0,5.069,5.072,NA,11
"5/24/2022 2:31:50 PM",0.522,30.17,49.969,80.013,71841.5,1032.943,32.94,0.881,0.881,2.23,7.657,90.695,5.053,167.202,0,5.063,5.066,NA,11
"5/24/2022 2:31:50 PM",0.508,30.171,49.943,79.978,71809.2,1032.923,32.921,0.406,0.406,1.02,7.671,90.774,5.059,164.738,0,5.069,5.072,NA,11
"5/24/2022 2:31:50 PM",0.466,30.171,49.977,80.026,71851.7,1032.948,32.946,0.203,0.203,0.466,7.676,90.744,5.056,165.078,0,5.066,5.069,NA,11
"5/24/2022 2:31:50 PM",0.391,30.172,49.976,80.026,71849.9,1032.947,32.945,0.663,0.663,0.655,7.681,90.776,5.058,162.699,0,5.067,5.07,NA,11
"5/24/2022 2:31:50 PM",0.362,30.173,49.983,80.037,71859.3,1032.952,32.95,0.398,0.398,0.524,7.686,90.79,5.059,154.543,0,5.069,5.072,NA,11
"5/24/2022 2:31:51 PM",0.403,30.174,49.988,80.045,71864.5,1032.955,32.953,0.312,0.312,0.335,7.693,90.81,5.06,146.386,0,5.07,5.073,NA,11
"5/24/2022 2:31:51 PM",0.494,30.173,49.99,80.046,71867.6,1032.958,32.955,0.616,0.616,0.262,7.697,90.987,5.07,146.217,0,5.08,5.083,NA,11
"5/24/2022 2:31:51 PM",0.609,30.171,49.985,80.037,71862,1032.955,32.952,0.234,0.234,0.116,7.701,90.978,5.07,143.243,0,5.08,5.083,NA,11
"5/24/2022 2:31:51 PM",0.695,30.171,49.991,80.045,71869.2,1032.96,32.957,0.117,0.117,0,7.705,91.1,5.077,149.105,0,5.087,5.09,NA,11
"5/24/2022 2:31:51 PM",0.786,30.171,49.995,80.051,71874.3,1032.963,32.96,0.226,0.226,0.553,7.708,90.906,5.066,165.163,0,5.076,5.079,NA,11
"5/24/2022 2:31:52 PM",0.885,30.172,49.853,79.855,71696.5,1032.855,32.852,1.139,1.139,0.568,7.712,90.884,5.069,177.142,0,5.079,5.082,NA,11
"5/24/2022 2:31:52 PM",0.942,30.173,49.8,79.782,71630.4,1032.815,32.811,0.53,0.53,0.845,7.714,90.894,5.072,171.28,0,5.081,5.084,NA,11
"5/24/2022 2:31:52 PM",0.989,30.173,49.974,80.025,71848.2,1032.948,32.944,0.468,0.468,0.728,7.715,90.837,5.064,164.398,0,5.073,5.076,NA,11
"5/24/2022 2:31:52 PM",1.031,30.171,49.848,79.848,71691.6,1032.853,32.849,0.281,0.281,0.714,7.715,90.689,5.06,168.306,0,5.069,5.072,NA,11
"5/24/2022 2:31:52 PM",1.071,30.171,50,80.059,71880.8,1032.968,32.964,0.702,0.702,1.049,7.715,90.512,5.046,189.036,0,5.056,5.059,NA,11
"5/24/2022 2:31:53 PM",1.099,30.172,50.015,80.08,71899.2,1032.979,32.975,0.374,0.374,0.743,7.686,90.5,5.045,204.159,0,5.055,5.058,NA,11
"5/24/2022 2:31:53 PM",1.106,30.173,50.018,80.085,71902.4,1032.981,32.976,0.359,0.359,0.626,7.613,90.436,5.042,214.1,0,5.052,5.055,NA,11
"5/24/2022 2:31:53 PM",1.111,30.175,50.021,80.092,71905.9,1032.983,32.978,0.172,0.172,0.393,7.578,90.359,5.038,230.072,0,5.048,5.051,NA,11
"5/24/2022 2:31:53 PM",1.116,30.176,50.017,80.089,71901.9,1032.98,32.975,0.569,0.569,0.189,7.558,90.362,5.039,265.925,0,5.048,5.051,NA,11
"5/24/2022 2:31:54 PM",1.099,30.174,50.021,80.092,71907,1032.983,32.979,0.109,0.109,0.015,7.541,90.185,5.029,301.694,0,5.039,5.042,NA,11
"5/24/2022 2:31:54 PM",1.055,30.175,50.023,80.096,71909.1,1032.984,32.98,0.109,0.109,0.364,7.534,90.109,5.025,322.849,0,5.035,5.038,NA,11
"5/24/2022 2:31:54 PM",0.996,30.176,50.023,80.098,71909.1,1032.984,32.979,0.296,0.296,0.335,7.528,90.069,5.024,314.778,0,5.033,5.036,NA,11
"5/24/2022 2:31:54 PM",0.93,30.178,50.024,80.101,71909.4,1032.983,32.979,0.148,0.148,0.131,7.524,89.94,5.016,253.776,0,5.026,5.029,NA,11
"5/24/2022 2:31:54 PM",0.779,30.178,50.028,80.107,71915,1032.986,32.983,0.125,0.125,0.291,7.518,90.131,5.027,233.046,0,5.037,5.04,NA,11
"5/24/2022 2:31:55 PM",0.645,30.18,50.029,80.11,71915.3,1032.985,32.982,0.242,0.242,0.277,7.515,90.206,5.033,237.039,0,5.042,5.045,NA,11
"5/24/2022 2:31:55 PM",0.492,30.18,50.036,80.12,71924.2,1032.99,32.988,0.195,0.195,0.335,7.51,90.386,5.044,199.656,0,5.054,5.056,NA,11
"5/24/2022 2:31:55 PM",0.341,30.181,50.038,80.125,71927.2,1032.991,32.989,0.039,0.039,0.218,7.508,90.531,5.053,176.292,0,5.063,5.065,NA,11
"5/24/2022 2:31:55 PM",0.203,30.181,50.038,80.125,71927,1032.99,32.989,0.047,0.047,0.116,7.506,90.555,5.055,156.922,0,5.065,5.068,NA,11
"5/24/2022 2:31:55 PM",0.003,30.181,50.038,80.126,71926.6,1032.989,32.989,0.148,0.148,0.218,7.506,90.83,5.071,145.962,0,5.081,5.084,NA,11
"5/24/2022 2:31:56 PM",0,30.18,50.037,80.122,71925.4,1032.988,32.989,0,0,0,7.504,90.834,5.072,161.849,0,5.082,5.085,NA,11
"5/24/2022 2:31:56 PM",0,30.178,50.037,80.119,71925.2,1032.989,32.989,0,0,0,7.502,90.893,5.075,167.372,0,5.085,5.088,NA,11
"5/24/2022 2:31:56 PM",0,30.177,50.035,80.114,71922.5,1032.987,32.988,0,0,0,7.499,90.914,5.077,146.386,0,5.087,5.09,NA,11
"5/24/2022 2:31:56 PM",0.013,30.177,50.03,80.109,71917.3,1032.984,32.984,0,0,0,7.495,90.999,5.082,130.839,0,5.092,5.095,NA,11
"5/24/2022 2:31:56 PM",0.122,30.179,50.033,80.115,71920.3,1032.986,32.986,0,0,0,7.493,91.101,5.088,162.614,0,5.098,5.101,NA,11
"5/24/2022 2:31:57 PM",0.198,30.179,50.033,80.115,71920.4,1032.987,32.986,0.78,0.78,0,7.49,91.049,5.086,180.625,0,5.096,5.098,NA,11
"5/24/2022 2:31:57 PM",0.28,30.179,50.037,80.121,71925.8,1032.99,32.989,1.03,1.03,0,7.488,91.023,5.084,205.944,0,5.094,5.097,NA,11
"5/24/2022 2:31:57 PM",0.372,30.182,50.036,80.124,71924.1,1032.989,32.987,1.287,1.287,0,7.487,90.966,5.081,218.008,0,5.091,5.094,NA,11
"5/24/2022 2:31:57 PM",0.536,30.185,50.04,80.133,71928.7,1032.991,32.989,0,0,0,7.487,91.117,5.09,248.509,0,5.1,5.103,NA,11
"5/24/2022 2:31:57 PM",0.656,30.181,50.048,80.14,71939.6,1032.999,32.997,0,0,0,7.486,91.135,5.091,213.93,0,5.101,5.104,NA,11
"5/24/2022 2:31:58 PM",0.769,30.177,50.06,80.15,71954.7,1033.01,33.007,0,0,0,7.483,91.076,5.088,163.973,0,5.098,5.101,NA,11
"5/24/2022 2:31:58 PM",0.781,30.177,50.064,80.155,71959.9,1033.014,33.01,1.225,1.225,2.521,7.482,91.048,5.086,218.942,0,5.096,5.099,NA,11
"5/24/2022 2:31:58 PM",0.657,30.178,50.068,80.163,71965,1033.016,33.013,0.39,0.39,0.918,7.48,90.954,5.081,250.548,0,5.091,5.094,NA,11
"5/24/2022 2:31:58 PM",0.516,30.179,50.073,80.17,71970.6,1033.018,33.016,0.179,0.179,0.422,7.478,90.987,5.083,241.797,0,5.093,5.096,NA,11
"5/24/2022 2:31:58 PM",0.36,30.18,50.076,80.176,71973.9,1033.02,33.018,0.086,0.086,0.087,7.478,91.012,5.085,236.699,0,5.095,5.098,NA,11
"5/24/2022 2:31:59 PM",0.205,30.179,50.075,80.174,71973.4,1033.019,33.018,0,0,0,7.476,91.189,5.096,231.177,0,5.106,5.109,NA,11
"5/24/2022 2:31:59 PM",0.061,30.178,50.077,80.173,71974.9,1033.02,33.019,0.039,0.039,0,7.475,91.268,5.101,224.89,0,5.111,5.114,NA,11
"5/24/2022 2:31:59 PM",0,30.178,50.066,80.159,71961.2,1033.01,33.011,0,0,0,7.473,91.096,5.092,218.178,0,5.102,5.105,NA,11
"5/24/2022 2:31:59 PM",0,30.179,50.067,80.163,71963,1033.011,33.012,0,0,0,7.471,91.118,5.093,202.46,0,5.103,5.106,NA,11
"5/24/2022 2:31:59 PM",0,30.181,50.07,80.17,71966.8,1033.013,33.013,0,0,0,7.469,91.111,5.092,214.609,0,5.103,5.105,NA,11
"5/24/2022 2:32:00 PM",0,30.189,50.068,80.179,71963.3,1033.008,33.009,0,0,0,7.469,91.073,5.091,160.575,0,5.101,5.104,NA,11
"5/24/2022 2:32:00 PM",0.077,30.185,50.067,80.17,71961.6,1033.009,33.009,0.07,0.07,0,7.468,91.177,5.097,147.916,0,5.107,5.11,NA,11
"5/24/2022 2:32:00 PM",0.238,30.178,50.073,80.17,71970.7,1033.017,33.016,0,0,0,7.467,91.203,5.098,153.353,0,5.108,5.111,NA,11
"5/24/2022 2:32:00 PM",0.337,30.175,50.082,80.178,71982.1,1033.026,33.024,0,0,0,7.467,91.19,5.097,155.052,0,5.107,5.11,NA,11
"5/24/2022 2:32:00 PM",0.409,30.175,50.086,80.182,71986.5,1033.029,33.027,0,0,0,7.465,91.255,5.102,150.465,0,5.112,5.115,NA,11
"5/24/2022 2:32:01 PM",0.574,30.175,50.091,80.191,71994,1033.034,33.031,0.835,0.835,0.102,7.463,91.362,5.11,125.741,0,5.12,5.123,NA,11
"5/24/2022 2:32:01 PM",0.685,30.175,50.099,80.201,72003.4,1033.04,33.037,0.803,0.803,1.005,7.462,91.294,5.108,142.903,0,5.118,5.121,NA,11
"5/24/2022 2:32:01 PM",0.751,30.174,50.105,80.209,72011.6,1033.045,33.042,1.724,1.724,3.762,7.46,91.414,5.116,206.113,0,5.126,5.129,NA,11
"5/24/2022 2:32:01 PM",0.775,30.175,50.109,80.216,72016.4,1033.048,33.045,0.842,0.842,2.536,7.459,91.436,5.119,250.038,0,5.129,5.132,NA,11
"5/24/2022 2:32:01 PM",0.784,30.177,50.112,80.222,72020.1,1033.05,33.047,0.218,0.218,0.568,7.454,91.51,5.125,215.374,0,5.135,5.138,NA,11
"5/24/2022 2:32:02 PM",0.779,30.177,50.114,80.226,72022.4,1033.051,33.048,0.164,0.164,0.32,7.439,91.361,5.117,191.5,0,5.127,5.13,NA,11
"5/24/2022 2:32:02 PM",0.76,30.177,50.118,80.229,72026.7,1033.054,33.051,0.164,0.164,0.364,7.43,91.407,5.119,176.547,0,5.13,5.133,NA,11
"5/24/2022 2:32:02 PM",0.716,30.177,50.121,80.235,72031,1033.056,33.053,0.273,0.273,0.335,7.426,91.36,5.117,164.058,0,5.127,5.13,NA,11
"5/24/2022 2:32:02 PM",0.669,30.177,50.126,80.241,72036.2,1033.059,33.056,0.117,0.117,0.218,7.423,91.631,5.132,147.236,0,5.142,5.145,NA,11
"5/24/2022 2:32:03 PM",0.617,30.177,50.13,80.247,72041.6,1033.062,33.06,0.086,0.086,0.233,7.421,91.417,5.12,133.303,0,5.13,5.133,NA,11
"5/24/2022 2:32:03 PM",0.583,30.177,50.131,80.249,72043,1033.063,33.061,0.125,0.125,0.291,7.421,91.464,5.122,149.02,0,5.132,5.135,NA,11
"5/24/2022 2:32:03 PM",0.555,30.177,50.134,80.253,72047.3,1033.066,33.063,0.437,0.437,0.379,7.422,91.561,5.127,190.566,0,5.137,5.14,NA,11
"5/24/2022 2:32:03 PM",0.543,30.177,50.138,80.259,72052.2,1033.069,33.066,0.187,0.187,0.189,7.422,91.542,5.125,231.432,0,5.135,5.138,NA,11
"5/24/2022 2:32:03 PM",0.565,30.177,50.14,80.26,72054.2,1033.07,33.068,0.164,0.164,0.539,7.419,91.725,5.135,244.006,0,5.145,5.148,NA,11
"5/24/2022 2:32:04 PM",0.603,30.176,50.143,80.264,72058.7,1033.073,33.071,0.101,0.101,0.277,7.418,91.743,5.136,237.464,0,5.146,5.149,NA,11
"5/24/2022 2:32:04 PM",0.647,30.175,50.144,80.263,72059,1033.074,33.071,0.094,0.094,0.189,7.417,91.791,5.138,227.863,0,5.148,5.151,NA,11
"5/24/2022 2:32:04 PM",0.687,30.175,50.147,80.268,72062.6,1033.076,33.073,0.094,0.094,0.102,7.417,91.765,5.137,227.608,0,5.147,5.15,NA,11
"5/24/2022 2:32:04 PM",0.725,30.176,50.151,80.274,72068,1033.079,33.076,0.078,0.078,0.131,7.416,91.823,5.139,247.234,0,5.15,5.153,NA,11
"5/24/2022 2:32:04 PM",0.786,30.176,50.158,80.284,72076.5,1033.085,33.081,0.078,0.078,0.102,7.414,91.79,5.137,302.628,0,5.147,5.15,NA,11
"5/24/2022 2:32:05 PM",0.814,30.176,50.16,80.288,72079.6,1033.086,33.083,0.148,0.148,0.189,7.412,91.858,5.141,311.209,0,5.151,5.154,NA,11
"5/24/2022 2:32:05 PM",0.838,30.177,50.162,80.292,72082.2,1033.088,33.084,0.164,0.164,0.189,7.411,91.891,5.143,254.881,0,5.154,5.157,NA,11
"5/24/2022 2:32:05 PM",0.85,30.177,50.166,80.296,72086.4,1033.091,33.087,0.125,0.125,0.189,7.41,91.772,5.137,215.374,0,5.147,5.15,NA,11
"5/24/2022 2:32:05 PM",0.852,30.178,50.17,80.304,72091.5,1033.093,33.09,0.094,0.094,0.044,7.408,91.717,5.134,186.318,0,5.144,5.147,NA,11
"5/24/2022 2:32:05 PM",0.859,30.18,50.172,80.31,72093.6,1033.094,33.09,0.101,0.101,0.087,7.408,91.857,5.142,161.17,0,5.152,5.155,NA,11
"5/24/2022 2:32:06 PM",0.878,30.181,50.175,80.315,72097.5,1033.096,33.093,0.101,0.101,0.16,7.408,91.906,5.145,161.934,0,5.155,5.158,NA,11
"5/24/2022 2:32:06 PM",0.902,30.181,50.178,80.32,72101.3,1033.099,33.095,0.101,0.101,0.175,7.407,91.968,5.148,171.195,0,5.158,5.161,NA,11
"5/24/2022 2:32:06 PM",0.932,30.181,50.183,80.325,72107,1033.102,33.098,0.086,0.086,0.116,7.407,91.921,5.145,186.403,0,5.156,5.159,NA,11
"5/24/2022 2:32:06 PM",0.981,30.179,50.188,80.33,72113.8,1033.107,33.103,0.055,0.055,0.073,7.405,92.011,5.151,197.023,0,5.161,5.164,NA,11
"5/24/2022 2:32:06 PM",1.012,30.176,50.196,80.338,72125,1033.115,33.111,0.055,0.055,0.044,7.405,92.103,5.156,193.115,0,5.166,5.169,NA,11
"5/24/2022 2:32:07 PM",1.04,30.175,50.198,80.338,72126.9,1033.117,33.112,0.273,0.273,0.218,7.403,92.146,5.158,185.808,0,5.168,5.171,NA,11
"5/24/2022 2:32:07 PM",1.05,30.175,50.201,80.343,72130.9,1033.119,33.114,3.191,3.191,1.122,7.402,92.126,5.157,176.802,0,5.167,5.17,NA,11
"5/24/2022 2:32:07 PM",1.069,30.177,50.202,80.346,72131.3,1033.119,33.114,1.474,1.474,0.51,7.399,92.157,5.159,168.221,0,5.169,5.172,NA,11
"5/24/2022 2:32:07 PM",1.068,30.177,50.202,80.348,72132.3,1033.119,33.115,0.554,0.554,0.393,7.399,92.277,5.166,170.855,0,5.176,5.179,NA,11
"5/24/2022 2:32:07 PM",1.045,30.177,50.205,80.352,72135.7,1033.121,33.117,0.179,0.179,0.131,7.397,92.233,5.163,174.168,0,5.174,5.177,NA,11
"5/24/2022 2:32:08 PM",1.007,30.178,50.2,80.345,72128.8,1033.117,33.112,0.179,0.179,0.757,7.396,92.332,5.17,179.521,0,5.18,5.183,NA,11
"5/24/2022 2:32:08 PM",0.958,30.178,50.212,80.362,72143.6,1033.125,33.121,0.195,0.195,0.714,7.396,92.308,5.168,183.174,0,5.178,5.181,NA,11
"5/24/2022 2:32:08 PM",0.868,30.177,50.215,80.365,72147.5,1033.128,33.124,1.989,1.989,0.99,7.395,92.373,5.172,185.128,0,5.182,5.185,NA,11
"5/24/2022 2:32:08 PM",0.815,30.178,50.208,80.358,72139.2,1033.122,33.119,0.71,0.71,0.32,7.394,92.477,5.178,181.645,0,5.188,5.191,NA,11
"5/24/2022 2:32:08 PM",0.769,30.178,50.221,80.374,72154.6,1033.131,33.128,0.367,0.367,0.553,7.393,92.506,5.179,178.501,0,5.19,5.193,NA,11
"5/24/2022 2:32:09 PM",0.746,30.179,50.224,80.381,72159,1033.134,33.13,0.086,0.086,0.233,7.392,92.601,5.184,168.646,0,5.195,5.198,NA,11
"5/24/2022 2:32:09 PM",0.769,30.179,50.228,80.386,72164.2,1033.137,33.134,1.264,1.264,0.218,7.39,92.512,5.179,158.536,0,5.19,5.193,NA,11
"5/24/2022 2:32:09 PM",0.8,30.178,50.231,80.389,72168.2,1033.14,33.137,0.452,0.452,0.51,7.389,92.536,5.181,157.856,0,5.191,5.194,NA,11
"5/24/2022 2:32:09 PM",0.849,30.177,50.227,80.381,72163.1,1033.137,33.134,0.179,0.179,0.204,7.387,92.56,5.182,159.47,0,5.193,5.196,NA,11
"5/24/2022 2:32:09 PM",0.934,30.176,50.232,80.388,72169.2,1033.141,33.137,0,0,0,7.386,92.681,5.189,154.713,0,5.2,5.203,NA,11
"5/24/2022 2:32:10 PM",1.054,30.177,50.239,80.398,72177.8,1033.147,33.142,0,0,0,7.384,92.722,5.191,136.446,0,5.202,5.205,NA,11
"5/24/2022 2:32:10 PM",1.234,30.176,50.245,80.405,72185.4,1033.153,33.147,0.039,0.039,0,7.383,92.754,5.194,108.834,0,5.205,5.208,NA,11
"5/24/2022 2:32:10 PM",1.381,30.176,50.246,80.407,72186.3,1033.154,33.148,0.265,0.265,0.349,7.382,92.629,5.188,105.436,0,5.198,5.201,NA,11
"5/24/2022 2:32:10 PM",1.509,30.176,50.249,80.411,72190.3,1033.157,33.15,0.164,0.164,0.335,7.381,92.527,5.183,103.991,0,5.193,5.196,NA,11
"5/24/2022 2:32:10 PM",1.64,30.176,50.252,80.416,72194.9,1033.16,33.153,0,0,0,7.38,92.544,5.183,93.966,0,5.194,5.197,NA,11
"5/24/2022 2:32:11 PM",1.848,30.176,50.256,80.422,72199.6,1033.163,33.156,0,0,0,7.38,92.717,5.193,60.916,0,5.204,5.207,NA,11
"5/24/2022 2:32:11 PM",2.006,30.177,50.26,80.429,72204.6,1033.167,33.158,0,0,0,7.38,92.803,5.198,41.291,0,5.209,5.212,NA,11
"5/24/2022 2:32:11 PM",2.137,30.178,50.271,80.445,72218.2,1033.175,33.166,0,0,0,7.38,92.564,5.185,28.632,0,5.195,5.198,NA,11
"5/24/2022 2:32:11 PM",2.274,30.179,50.274,80.451,72222.4,1033.178,33.169,0.023,0.023,0,7.379,92.731,5.194,21.835,0,5.205,5.208,NA,11
"5/24/2022 2:32:12 PM",2.41,30.179,50.29,80.472,72241.5,1033.19,33.18,0.133,0.133,0.16,7.377,92.822,5.199,18.181,0,5.209,5.213,NA,11
"5/24/2022 2:32:12 PM",2.636,30.179,50.294,80.479,72247.1,1033.195,33.184,0.601,0.601,0.422,7.375,93.004,5.209,15.208,0,5.22,5.223,NA,11
"5/24/2022 2:32:12 PM",2.822,30.179,50.314,80.506,72271.6,1033.21,33.198,0.094,0.094,0.918,7.37,92.993,5.209,14.018,0,5.219,5.222,NA,11
"5/24/2022 2:32:12 PM",3.015,30.178,50.323,80.518,72282.8,1033.218,33.205,0.148,0.148,0.845,7.365,93.175,5.219,13.509,0,5.229,5.232,NA,11
"5/24/2022 2:32:12 PM",3.189,30.178,50.329,80.526,72290.7,1033.224,33.21,0.203,0.203,0.233,7.364,93.267,5.224,13.764,0,5.234,5.237,NA,11
"5/24/2022 2:32:13 PM",3.437,30.178,50.337,80.537,72300.4,1033.23,33.216,0.413,0.413,0.699,7.362,93.26,5.224,14.103,0,5.235,5.238,NA,11
"5/24/2022 2:32:13 PM",3.606,30.178,50.34,80.541,72304.4,1033.234,33.218,0.624,0.624,0.99,7.36,93.22,5.223,14.953,0,5.234,5.237,NA,11
"5/24/2022 2:32:13 PM",3.757,30.177,50.341,80.542,72306.8,1033.236,33.22,0.92,0.92,2.098,7.359,93.259,5.227,18.521,0,5.237,5.24,NA,11
"5/24/2022 2:32:13 PM",3.894,30.171,50.344,80.537,72310.5,1033.24,33.224,1.365,1.365,2.945,7.358,93.349,5.233,29.481,0,5.243,5.247,NA,11
"5/24/2022 2:32:13 PM",4.12,30.164,50.345,80.528,72312.5,1033.245,33.227,0.562,0.562,1.136,7.357,93.238,5.227,47.068,0,5.238,5.241,NA,11
"5/24/2022 2:32:14 PM",4.263,30.16,50.347,80.526,72316,1033.248,33.23,0.265,0.265,0.466,7.354,93.236,5.228,53.1,0,5.239,5.242,NA,11
"5/24/2022 2:32:14 PM",4.409,30.17,50.347,80.54,72314.6,1033.245,33.226,0,0,0,7.353,93.337,5.235,49.702,0,5.246,5.249,NA,11
"5/24/2022 2:32:14 PM",4.539,30.176,50.347,80.549,72314.6,1033.244,33.225,0,0,0,7.352,93.226,5.229,40.781,0,5.239,5.242,NA,11
"5/24/2022 2:32:14 PM",4.682,30.179,50.35,80.556,72317.1,1033.245,33.226,0,0,0,7.351,93.282,5.232,38.232,0,5.243,5.246,NA,11
"5/24/2022 2:32:14 PM",4.871,30.178,50.356,80.564,72325.3,1033.251,33.231,0,0,0,7.35,93.209,5.228,33.304,0,5.239,5.242,NA,11
"5/24/2022 2:32:15 PM",4.996,30.175,50.362,80.568,72333.4,1033.258,33.237,0.047,0.047,0.131,7.349,93.236,5.233,31.86,0,5.243,5.246,NA,11
"5/24/2022 2:32:15 PM",5.127,30.167,50.372,80.571,72347.3,1033.269,33.247,0.304,0.304,0.699,7.348,92.734,5.208,34.664,0,5.219,5.222,NA,11
"5/24/2022 2:32:15 PM",5.256,30.159,50.379,80.569,72356.7,1033.277,33.255,0.257,0.257,0.524,7.347,92.41,5.194,38.317,0,5.204,5.207,NA,11
"5/24/2022 2:32:15 PM",5.438,30.167,50.375,80.576,72350.7,1033.272,33.249,0,0,0,7.346,92.457,5.2,34.154,0,5.211,5.214,NA,11
"5/24/2022 2:32:15 PM",5.563,30.175,50.371,80.582,72344.8,1033.267,33.243,0,0,0,7.345,92.491,5.203,27.697,0,5.214,5.217,NA,11
"5/24/2022 2:32:16 PM",5.69,30.174,50.367,80.575,72340.2,1033.265,33.241,0,0,0,7.344,92.694,5.216,24.808,0,5.227,5.23,NA,11
"5/24/2022 2:32:16 PM",5.814,30.167,50.367,80.565,72340.9,1033.268,33.243,0,0,0,7.343,92.894,5.228,22.769,0,5.239,5.242,NA,11
"5/24/2022 2:32:16 PM",5.946,30.161,50.374,80.565,72349.6,1033.275,33.25,0,0,0,7.342,93.064,5.237,20.9,0,5.248,5.251,NA,11
"5/24/2022 2:32:16 PM",6.159,30.158,50.379,80.567,72356.9,1033.282,33.255,0,0,0,7.342,93.324,5.252,17.927,0,5.263,5.266,NA,11
"5/24/2022 2:32:16 PM",6.323,30.157,50.378,80.566,72356.2,1033.282,33.255,0,0,0,7.341,93.655,5.271,16.652,0,5.282,5.285,NA,11
"5/24/2022 2:32:17 PM",6.497,30.156,50.384,80.571,72363.1,1033.287,33.26,0,0,0,7.339,93.63,5.27,15.633,0,5.281,5.284,NA,11
"5/24/2022 2:32:17 PM",6.684,30.155,50.391,80.58,72372,1033.294,33.265,0.047,0.047,0.015,7.338,93.85,5.282,15.038,0,5.293,5.296,NA,11
"5/24/2022 2:32:17 PM",6.976,30.157,50.393,80.585,72374.7,1033.296,33.266,0.094,0.094,0.116,7.338,94.143,5.298,15.123,0,5.309,5.312,NA,11
"5/24/2022 2:32:17 PM",7.183,30.156,50.395,80.589,72378.1,1033.299,33.268,0.055,0.055,0.044,7.337,94.344,5.308,15.208,0,5.319,5.322,NA,11
"5/24/2022 2:32:17 PM",7.388,30.158,50.398,80.594,72380.9,1033.301,33.27,0.023,0.023,0.16,7.336,94.44,5.313,15.293,0,5.324,5.327,NA,11
"5/24/2022 2:32:18 PM",7.601,30.159,50.401,80.6,72385,1033.304,33.272,0.062,0.062,0.189,7.335,94.475,5.314,15.208,0,5.325,5.329,NA,11
"5/24/2022 2:32:18 PM",7.813,30.16,50.405,80.608,72390.1,1033.308,33.274,0.086,0.086,0.102,7.335,94.486,5.314,15.208,0,5.325,5.328,NA,11
"5/24/2022 2:32:18 PM",8.131,30.158,50.409,80.61,72394.7,1033.312,33.277,0.148,0.148,0.087,7.334,94.539,5.316,15.293,0,5.327,5.33,NA,11
"5/24/2022 2:32:18 PM",8.343,30.156,50.411,80.61,72397.6,1033.315,33.28,0.156,0.156,0.073,7.332,94.45,5.31,15.463,0,5.321,5.324,NA,11
"5/24/2022 2:32:18 PM",8.543,30.156,50.409,80.607,72396.1,1033.315,33.279,0.14,0.14,0.16,7.33,94.472,5.31,15.633,0,5.321,5.324,NA,11
"5/24/2022 2:32:19 PM",8.741,30.155,50.413,80.612,72400.4,1033.319,33.282,0.187,0.187,0.393,7.33,94.47,5.309,16.057,0,5.32,5.323,NA,11
"5/24/2022 2:32:19 PM",9.022,30.156,50.415,80.617,72403.1,1033.321,33.283,0.242,0.242,0.553,7.329,94.321,5.3,17.417,0,5.311,5.314,NA,11
"5/24/2022 2:32:19 PM",9.198,30.156,50.416,80.619,72405.3,1033.323,33.284,0.172,0.172,0.349,7.329,94.278,5.296,18.181,0,5.307,5.31,NA,11
"5/24/2022 2:32:19 PM",9.379,30.156,50.419,80.622,72408.2,1033.326,33.286,0.14,0.14,0.248,7.328,94.319,5.298,18.266,0,5.309,5.312,NA,11
"5/24/2022 2:32:19 PM",9.556,30.155,50.421,80.624,72410.8,1033.328,33.288,0.187,0.187,0.495,7.328,94.331,5.299,18.606,0,5.31,5.313,NA,11
"5/24/2022 2:32:20 PM",9.733,30.156,50.424,80.628,72414.5,1033.331,33.29,0.047,0.047,0.087,7.326,94.403,5.302,18.181,0,5.313,5.316,NA,11
"5/24/2022 2:32:20 PM",10.01,30.158,50.426,80.634,72417.4,1033.334,33.291,0.32,0.32,0.655,7.324,94.413,5.302,18.097,0,5.313,5.316,NA,11
"5/24/2022 2:32:20 PM",10.17,30.158,50.425,80.635,72416.6,1033.333,33.29,0.374,0.374,0.786,7.322,94.498,5.307,20.645,0,5.318,5.321,NA,11
"5/24/2022 2:32:20 PM",10.324,30.158,50.409,80.613,72396.9,1033.322,33.278,0.195,0.195,0.32,7.321,94.59,5.312,21.58,0,5.323,5.326,NA,11
"5/24/2022 2:32:21 PM",10.488,30.155,50.409,80.607,72397,1033.324,33.279,0.421,0.421,0.903,7.321,94.63,5.314,23.704,0,5.325,5.328,NA,11
"5/24/2022 2:32:21 PM",10.703,30.143,50.421,80.606,72412.7,1033.338,33.292,0.296,0.296,0.597,7.321,94.81,5.324,28.037,0,5.335,5.338,NA,11
"5/24/2022 2:32:21 PM",10.851,30.139,50.426,80.607,72419.5,1033.344,33.297,0.632,0.632,1.428,7.319,94.927,5.33,37.298,0,5.341,5.344,NA,11
"5/24/2022 2:32:21 PM",10.98,30.133,50.428,80.602,72423.2,1033.348,33.301,0.46,0.46,1.063,7.318,95.02,5.335,56.583,0,5.346,5.349,NA,11
"5/24/2022 2:32:21 PM",11.056,30.117,50.425,80.574,72420.9,1033.351,33.304,0.289,0.289,0.597,7.318,95.084,5.339,84.111,0,5.35,5.353,NA,11
"5/24/2022 2:32:22 PM",11.075,30.112,50.434,80.58,72433.1,1033.36,33.313,0.14,0.14,0.277,7.316,95.025,5.336,99.318,0,5.347,5.35,NA,11
"5/24/2022 2:32:22 PM",10.95,30.114,50.44,80.591,72440.9,1033.364,33.318,0.078,0.078,0.102,7.315,95.309,5.352,104.331,0,5.363,5.366,NA,11
"5/24/2022 2:32:22 PM",10.823,30.118,50.444,80.601,72445.1,1033.365,33.319,0.055,0.055,0.029,7.314,95.169,5.343,107.645,0,5.354,5.357,NA,11
"5/24/2022 2:32:22 PM",10.669,30.124,50.44,80.604,72438.7,1033.359,33.314,0.047,0.047,0.029,7.314,95.287,5.35,110.618,0,5.361,5.365,NA,11
"5/24/2022 2:32:22 PM",10.512,30.128,50.439,80.608,72437,1033.356,33.311,0.047,0.047,0,7.315,95.38,5.356,113.082,0,5.367,5.37,NA,11
"5/24/2022 2:32:23 PM",10.34,30.131,50.443,80.619,72442.3,1033.358,33.314,0.055,0.055,0.073,7.315,95.538,5.366,115.886,0,5.377,5.38,NA,11
"5/24/2022 2:32:23 PM",10.239,30.132,50.445,80.624,72444.7,1033.358,33.315,0.055,0.055,0.044,7.314,95.754,5.379,119.539,0,5.391,5.394,NA,11
"5/24/2022 2:32:23 PM",10.137,30.134,50.447,80.628,72446.2,1033.358,33.315,0.039,0.039,0.015,7.314,95.689,5.376,123.872,0,5.387,5.39,NA,11
"5/24/2022 2:32:23 PM",10.015,30.135,50.457,80.644,72458.7,1033.365,33.323,0.047,0.047,0.015,7.313,95.753,5.38,124.212,0,5.391,5.394,NA,11
"5/24/2022 2:32:23 PM",9.813,30.14,50.455,80.649,72455.6,1033.361,33.319,0.148,0.148,0.015,7.313,95.754,5.381,124.212,0,5.392,5.395,NA,11
"5/24/2022 2:32:24 PM",9.653,30.145,50.454,80.653,72453.1,1033.358,33.317,0.07,0.07,0.029,7.313,95.73,5.38,127.525,0,5.391,5.394,NA,11
"5/24/2022 2:32:24 PM",9.499,30.149,50.454,80.66,72452.8,1033.356,33.315,0.055,0.055,0.044,7.312,95.733,5.38,140.779,0,5.391,5.394,NA,11
"5/24/2022 2:32:24 PM",9.374,30.153,50.459,80.672,72458.8,1033.358,33.318,0.039,0.039,0.044,7.309,95.766,5.381,159.98,0,5.392,5.395,NA,11
"5/24/2022 2:32:24 PM",9.175,30.156,50.46,80.678,72459.3,1033.356,33.317,0.055,0.055,0.015,7.307,95.909,5.39,201.696,0,5.401,5.404,NA,11
"5/24/2022 2:32:24 PM",9.024,30.156,50.463,80.682,72462.6,1033.358,33.319,0.047,0.047,0.044,7.307,95.88,5.388,233.131,0,5.399,5.402,NA,11
"5/24/2022 2:32:25 PM",8.842,30.156,50.464,80.684,72464.1,1033.358,33.32,0.055,0.055,0.015,7.307,95.943,5.392,253.436,0,5.403,5.406,NA,11
"5/24/2022 2:32:25 PM",8.637,30.157,50.464,80.685,72464,1033.357,33.32,0.047,0.047,0.058,7.305,95.907,5.389,256.24,0,5.4,5.404,NA,11
"5/24/2022 2:32:25 PM",8.438,30.157,50.47,80.694,72471.4,1033.36,33.324,0.047,0.047,0,7.303,95.991,5.394,240.522,0,5.405,5.408,NA,11
"5/24/2022 2:32:25 PM",8.19,30.158,50.471,80.696,72472.4,1033.36,33.325,0.047,0.047,0.029,7.302,95.991,5.394,254.626,0,5.405,5.408,NA,11
"5/24/2022 2:32:25 PM",8.033,30.159,50.474,80.701,72475.6,1033.361,33.327,0.062,0.062,0.044,7.3,96.083,5.399,247.914,0,5.41,5.413,NA,11
"5/24/2022 2:32:26 PM",7.933,30.159,50.477,80.707,72480.1,1033.363,33.329,0.039,0.039,0.029,7.3,96.104,5.4,259.044,0,5.411,5.414,NA,11
"5/24/2022 2:32:26 PM",7.832,30.161,50.479,80.712,72481.9,1033.363,33.33,0.031,0.031,0.015,7.299,96.154,5.403,304.922,0,5.414,5.417,NA,11
"5/24/2022 2:32:26 PM",7.726,30.162,50.483,80.718,72486.2,1033.365,33.332,0.062,0.062,0.044,7.297,96.169,5.403,253.266,0,5.414,5.418,NA,11
"5/24/2022 2:32:26 PM",7.571,30.164,50.484,80.723,72487.5,1033.365,33.332,0.047,0.047,0.015,7.297,96.092,5.399,299.23,0,5.41,5.413,NA,11
"5/24/2022 2:32:26 PM",7.458,30.166,50.485,80.727,72488.5,1033.364,33.332,0.047,0.047,0.044,7.297,96.101,5.399,396.509,0,5.411,5.414,NA,11
"5/24/2022 2:32:27 PM",7.331,30.166,50.488,80.732,72492.2,1033.366,33.335,0.039,0.039,0.044,7.297,96.188,5.405,463.458,0,5.416,5.419,NA,11
"5/24/2022 2:32:27 PM",7.19,30.166,50.495,80.741,72501.4,1033.371,33.341,0.031,0.031,0.073,7.297,96.161,5.403,476.712,0,5.414,5.417,NA,11
"5/24/2022 2:32:27 PM",6.996,30.164,50.503,80.749,72511.4,1033.377,33.347,0.047,0.047,0.073,7.297,96.197,5.405,333.979,0,5.416,5.419,NA,11
"5/24/2022 2:32:27 PM",6.886,30.162,50.506,80.75,72514.8,1033.379,33.35,0.047,0.047,0.073,7.296,96.204,5.405,214.779,0,5.416,5.42,NA,11
"5/24/2022 2:32:27 PM",6.766,30.161,50.509,80.752,72518.2,1033.381,33.352,0.039,0.039,0.015,7.295,96.204,5.405,184.958,0,5.416,5.42,NA,11
"5/24/2022 2:32:28 PM",6.638,30.161,50.512,80.756,72522.1,1033.383,33.355,0.047,0.047,0.029,7.291,96.247,5.407,210.107,0,5.419,5.422,NA,11
"5/24/2022 2:32:28 PM",6.365,30.162,50.509,80.754,72518.7,1033.379,33.352,0.039,0.039,0,7.289,96.226,5.406,336.018,0,5.417,5.421,NA,11
"5/24/2022 2:32:28 PM",6.163,30.162,50.511,80.756,72520.2,1033.38,33.353,0.039,0.039,0,7.287,96.302,5.41,375.439,0,5.422,5.425,NA,11
"5/24/2022 2:32:28 PM",5.979,30.161,50.51,80.754,72519.8,1033.379,33.354,0.047,0.047,0.029,7.286,96.233,5.407,441.453,0,5.418,5.421,NA,11
"5/24/2022 2:32:28 PM",5.821,30.161,50.511,80.756,72521.1,1033.379,33.354,0.047,0.047,0.044,7.286,96.365,5.414,409.848,0,5.425,5.428,NA,11
"5/24/2022 2:32:29 PM",5.663,30.161,50.512,80.756,72521.9,1033.379,33.355,0.055,0.055,0.044,7.287,96.286,5.409,401.267,0,5.42,5.424,NA,11
"5/24/2022 2:32:29 PM",5.452,30.161,50.514,80.759,72524.6,1033.38,33.357,0.039,0.039,0.029,7.287,96.251,5.407,323.953,0,5.418,5.421,NA,11
"5/24/2022 2:32:29 PM",5.325,30.162,50.514,80.76,72523.6,1033.378,33.356,0.039,0.039,0.044,7.285,96.369,5.414,273.997,0,5.425,5.428,NA,11
"5/24/2022 2:32:29 PM",5.218,30.162,50.514,80.761,72524.2,1033.378,33.356,0.047,0.047,0,7.283,96.341,5.412,284.362,0,5.423,5.426,NA,11
"5/24/2022 2:32:30 PM",5.124,30.163,50.514,80.761,72524,1033.378,33.356,0.016,0.016,0,7.282,96.323,5.411,474.588,0,5.422,5.426,NA,11
"5/24/2022 2:32:30 PM",5.018,30.162,50.517,80.763,72527.6,1033.38,33.358,0.062,0.062,0.029,7.281,96.329,5.411,466.856,0,5.422,5.425,NA,11
"5/24/2022 2:32:30 PM",4.953,30.163,50.517,80.765,72527.2,1033.379,33.358,0.023,0.023,0,7.281,96.218,5.405,509.846,0,5.416,5.419,NA,11
"5/24/2022 2:32:30 PM",4.896,30.163,50.519,80.769,72529.8,1033.38,33.359,0.031,0.031,0.044,7.282,96.279,5.408,662.52,0,5.419,5.423,NA,11
"5/24/2022 2:32:30 PM",4.825,30.164,50.52,80.771,72530.8,1033.38,33.36,0.047,0.047,0.073,7.282,96.239,5.406,545.275,0,5.417,5.42,NA,11
"5/24/2022 2:32:31 PM",4.743,30.165,50.52,80.773,72531.5,1033.38,33.36,0.039,0.039,0.116,7.281,96.233,5.406,603.302,0,5.417,5.42,NA,11
"5/24/2022 2:32:31 PM",4.634,30.167,50.522,80.778,72532.6,1033.38,33.36,0.047,0.047,0.044,7.28,96.214,5.404,485.378,0,5.416,5.419,NA,11
"5/24/2022 2:32:31 PM",4.573,30.168,50.523,80.781,72534,1033.38,33.361,0.039,0.039,0.044,7.28,96.274,5.408,388.948,0,5.419,5.422,NA,11
"5/24/2022 2:32:31 PM",4.484,30.168,50.526,80.784,72537.5,1033.382,33.363,0.023,0.023,0,7.28,96.334,5.411,419.109,0,5.422,5.425,NA,11
"5/24/2022 2:32:31 PM",4.376,30.168,50.53,80.791,72542.6,1033.384,33.366,0.031,0.031,0,7.279,96.275,5.408,567.194,0,5.419,5.422,NA,11
"5/24/2022 2:32:32 PM",4.182,30.168,50.531,80.792,72543.9,1033.385,33.367,0.055,0.055,0.044,7.277,96.218,5.404,685.799,0,5.415,5.419,NA,11
"5/24/2022 2:32:32 PM",4.044,30.167,50.53,80.789,72542.8,1033.384,33.366,0.078,0.078,0.116,7.277,96.235,5.406,586.225,0,5.417,5.42,NA,11
"5/24/2022 2:32:32 PM",3.907,30.166,50.531,80.789,72543.9,1033.384,33.367,0.047,0.047,0.058,7.277,96.321,5.41,491.835,0,5.422,5.425,NA,11
"5/24/2022 2:32:32 PM",3.777,30.166,50.531,80.789,72544,1033.383,33.367,0.047,0.047,0.044,7.275,96.324,5.411,441.198,0,5.422,5.425,NA,11
"5/24/2022 2:32:32 PM",3.568,30.168,50.534,80.795,72547.1,1033.384,33.369,0.047,0.047,0.058,7.274,96.361,5.413,531.256,0,5.424,5.427,NA,11
"5/24/2022 2:32:33 PM",3.426,30.168,50.536,80.798,72549.5,1033.385,33.37,0.023,0.023,0.044,7.274,96.215,5.404,563.881,0,5.416,5.419,NA,11
"5/24/2022 2:32:33 PM",3.295,30.168,50.535,80.798,72548.7,1033.384,33.37,0.047,0.047,0,7.273,96.259,5.407,670.081,0,5.419,5.422,NA,11
"5/24/2022 2:32:33 PM",3.172,30.168,50.535,80.797,72548.5,1033.383,33.37,0.055,0.055,0.015,7.271,96.186,5.403,726.495,0,5.414,5.418,NA,11
"5/24/2022 2:32:33 PM",3.08,30.167,50.537,80.799,72551.6,1033.385,33.372,0.07,0.07,0.029,7.273,96.179,5.403,564.136,0,5.414,5.417,NA,11
"5/24/2022 2:32:33 PM",2.982,30.167,50.538,80.799,72552.7,1033.386,33.373,0.055,0.055,0.029,7.276,96.345,5.413,579.174,0,5.424,5.427,NA,11
"5/24/2022 2:32:34 PM",2.92,30.166,50.54,80.802,72555.3,1033.387,33.375,0.047,0.047,0.044,7.275,96.32,5.411,555.045,0,5.422,5.425,NA,11
"5/24/2022 2:32:34 PM",2.857,30.167,50.538,80.799,72552.3,1033.385,33.373,0.039,0.039,0,7.276,96.292,5.409,544.085,0,5.42,5.424,NA,11
"5/24/2022 2:32:34 PM",2.784,30.166,50.538,80.799,72552.8,1033.385,33.373,0.031,0.031,0.015,7.275,96.269,5.408,594.976,0,5.419,5.423,NA,11
"5/24/2022 2:32:34 PM",2.699,30.166,50.54,80.801,72554.5,1033.386,33.374,0.039,0.039,0.058,7.274,96.155,5.402,474.843,0,5.413,5.416,NA,11
"5/24/2022 2:32:34 PM",2.553,30.167,50.541,80.803,72555.9,1033.386,33.375,0.031,0.031,0.015,7.274,96.278,5.41,447.825,0,5.421,5.424,NA,11
"5/24/2022 2:32:35 PM",2.464,30.167,50.544,80.807,72559.1,1033.387,33.377,0.031,0.031,0,7.275,96.089,5.399,560.483,0,5.41,5.413,NA,11
"5/24/2022 2:32:35 PM",2.36,30.168,50.542,80.805,72556.4,1033.385,33.375,0.031,0.031,0,7.275,96.152,5.402,602.963,0,5.413,5.417,NA,11
"5/24/2022 2:32:35 PM",2.252,30.168,50.545,80.81,72560.6,1033.387,33.377,0.023,0.023,0,7.274,96.32,5.412,637.117,0,5.424,5.427,NA,11
"5/24/2022 2:32:35 PM",2.096,30.168,50.547,80.813,72563.1,1033.388,33.379,0.016,0.016,0,7.274,96.145,5.402,678.662,0,5.414,5.417,NA,11
"5/24/2022 2:32:35 PM",2.004,30.168,50.548,80.813,72563.7,1033.388,33.379,0.023,0.023,0,7.275,96.148,5.403,713.241,0,5.414,5.418,NA,11
"5/24/2022 2:32:36 PM",1.932,30.167,50.549,80.814,72565,1033.389,33.38,0.023,0.023,0.044,7.275,96.336,5.414,827.767,0,5.425,5.429,NA,11
"5/24/2022 2:32:36 PM",1.865,30.168,50.549,80.816,72564.7,1033.388,33.38,0.062,0.062,0.087,7.272,96.258,5.409,726.495,0,5.42,5.424,NA,11
"5/24/2022 2:32:36 PM",1.757,30.169,50.548,80.815,72564.3,1033.387,33.38,0.008,0.008,0,7.273,96.252,5.41,620.125,0,5.421,5.424,NA,11
"5/24/2022 2:32:36 PM",1.663,30.168,50.549,80.816,72565,1033.387,33.38,0.055,0.055,0.015,7.272,96.312,5.413,898.624,0,5.424,5.427,NA,11
"5/24/2022 2:32:36 PM",1.571,30.167,50.548,80.813,72564.3,1033.387,33.38,0.039,0.039,0.015,7.273,96.268,5.411,900.578,0,5.422,5.425,NA,11
"5/24/2022 2:32:37 PM",1.479,30.168,50.548,80.814,72563.8,1033.386,33.38,0.008,0.008,0,7.271,96.328,5.414,788.771,0,5.426,5.429,NA,11
"5/24/2022 2:32:37 PM",1.381,30.168,50.55,80.817,72565.7,1033.387,33.381,0.047,0.047,0,7.27,96.226,5.409,828.617,0,5.42,5.423,NA,11
"5/24/2022 2:32:37 PM",1.262,30.168,50.551,80.818,72566.8,1033.387,33.381,0.047,0.047,0.015,7.271,96.3,5.413,642.469,0,5.424,5.428,NA,11
"5/24/2022 2:32:37 PM",1.183,30.17,50.549,80.818,72564.8,1033.385,33.38,0.055,0.055,0.102,7.27,96.405,5.419,649.861,0,5.43,5.434,NA,11
"5/24/2022 2:32:37 PM",1.105,30.169,50.55,80.819,72565.9,1033.385,33.381,0.07,0.07,0.044,7.271,96.311,5.414,598.375,0,5.425,5.428,NA,11
"5/24/2022 2:32:38 PM",1.023,30.169,50.55,80.818,72565.8,1033.385,33.381,0.055,0.055,0.073,7.271,96.23,5.41,729.978,0,5.421,5.424,NA,11
"5/24/2022 2:32:38 PM",0.935,30.17,50.548,80.816,72563.2,1033.383,33.379,0.062,0.062,0.131,7.272,96.369,5.418,563.796,0,5.429,5.433,NA,11
"5/24/2022 2:32:38 PM",0.825,30.17,50.545,80.812,72559.9,1033.381,33.377,0.055,0.055,0.044,7.272,96.236,5.411,659.036,0,5.422,5.425,NA,11
"5/24/2022 2:32:38 PM",0.818,30.168,50.547,80.813,72562.5,1033.382,33.379,0.07,0.07,0.087,7.27,96.294,5.414,671.78,0,5.425,5.429,NA,11
"5/24/2022 2:32:39 PM",0.841,30.168,50.543,80.806,72557.6,1033.38,33.376,0.109,0.109,0.379,7.269,96.344,5.417,617.746,0,5.428,5.431,NA,11
"5/24/2022 2:32:39 PM",0.858,30.168,50.545,80.809,72559.4,1033.381,33.377,0.109,0.109,0.306,7.269,96.187,5.409,503.644,0,5.42,5.423,NA,11
"5/24/2022 2:32:39 PM",0.83,30.167,50.549,80.813,72564.6,1033.384,33.381,0.062,0.062,0.146,7.271,96.363,5.419,360.656,0,5.43,5.433,NA,11
"5/24/2022 2:32:39 PM",0.778,30.167,50.55,80.814,72565.5,1033.385,33.381,0.086,0.086,0.131,7.271,96.313,5.416,247.744,0,5.427,5.43,NA,11
"5/24/2022 2:32:39 PM",0.712,30.166,50.542,80.802,72555.5,1033.378,33.375,0.078,0.078,0.189,7.27,96.377,5.421,168.646,0,5.432,5.435,NA,11
"5/24/2022 2:32:40 PM",0.651,30.167,50.544,80.806,72558.1,1033.38,33.377,0.086,0.086,0.116,7.27,96.316,5.417,153.523,0,5.428,5.432,NA,11
"5/24/2022 2:32:40 PM",0.531,30.167,50.534,80.793,72545.8,1033.371,33.369,0.062,0.062,0.16,7.271,96.202,5.412,159.046,0,5.423,5.426,NA,11
"5/24/2022 2:32:40 PM",0.446,30.167,50.534,80.793,72545.7,1033.371,33.369,0.055,0.055,0.073,7.271,96.289,5.417,159.3,0,5.428,5.431,NA,11
"5/24/2022 2:32:40 PM",0.34,30.167,50.531,80.789,72542.7,1033.369,33.367,0.078,0.078,0.495,7.269,96.344,5.42,153.098,0,5.432,5.435,NA,11
"5/24/2022 2:32:40 PM",0.231,30.167,50.532,80.79,72542.8,1033.368,33.367,0.133,0.133,0.349,7.267,96.412,5.424,145.452,0,5.435,5.439,NA,11
"5/24/2022 2:32:41 PM",0.144,30.167,50.525,80.781,72535,1033.363,33.363,0.211,0.211,0.335,7.266,96.372,5.422,139.76,0,5.434,5.437,NA,11
"5/24/2022 2:32:41 PM",0.135,30.168,50.53,80.788,72540.8,1033.367,33.366,0.343,0.343,0.539,7.265,96.332,5.42,128.46,0,5.431,5.435,NA,11
"5/24/2022 2:32:41 PM",0.219,30.166,50.532,80.788,72543.5,1033.369,33.368,0.374,0.374,0.291,7.265,96.396,5.423,116.735,0,5.435,5.438,NA,11
"5/24/2022 2:32:41 PM",0.346,30.165,50.53,80.783,72540.9,1033.369,33.367,0.187,0.187,0.102,7.264,96.548,5.433,117.755,0,5.444,5.447,NA,11
"5/24/2022 2:32:41 PM",0.448,30.165,50.534,80.789,72546,1033.372,33.37,0.125,0.125,0.233,7.264,96.486,5.429,121.153,0,5.44,5.443,NA,11
"5/24/2022 2:32:42 PM",0.512,30.167,50.534,80.793,72546.5,1033.372,33.37,0.148,0.148,0.364,7.263,96.38,5.423,144.262,0,5.434,5.437,NA,11
"5/24/2022 2:32:42 PM",0.483,30.166,50.538,80.796,72550.6,1033.375,33.373,0.25,0.25,0.146,7.262,96.495,5.429,149.53,0,5.441,5.444,NA,11
"5/24/2022 2:32:42 PM",0.432,30.166,50.54,80.799,72554,1033.377,33.375,0.133,0.133,0.131,7.261,96.516,5.43,146.811,0,5.441,5.445,NA,11
"5/24/2022 2:32:42 PM",0.361,30.166,50.539,80.797,72551.8,1033.375,33.373,0.055,0.055,0.029,7.26,96.447,5.426,144.772,0,5.438,5.441,NA,11
"5/24/2022 2:32:42 PM",0.283,30.166,50.541,80.801,72554.5,1033.376,33.375,0.125,0.125,0.015,7.26,96.415,5.425,141.714,0,5.436,5.439,NA,11
"5/24/2022 2:32:43 PM",0.097,30.166,50.54,80.798,72552.8,1033.374,33.374,0.101,0.101,0.116,7.258,96.431,5.426,139.675,0,5.437,5.44,NA,11
"5/24/2022 2:32:43 PM",0,30.166,50.539,80.797,72552.3,1033.373,33.374,0.094,0.094,0.087,7.258,96.351,5.421,138.74,0,5.432,5.436,NA,11
"5/24/2022 2:32:43 PM",0,30.164,50.536,80.791,72548.9,1033.371,33.372,0.047,0.047,0.058,7.255,96.351,5.421,174.168,0,5.432,5.436,NA,11
"5/24/2022 2:32:43 PM",0,30.163,50.334,80.509,72297,1033.218,33.219,0,0,0,7.254,96.314,5.425,204.414,0,5.437,5.44,NA,11
"5/24/2022 2:32:43 PM",0,30.159,50.526,80.77,72536.6,1033.364,33.366,116.676,116.676,25.954,7.252,96.46,5.428,220.727,0,5.439,5.442,NA,11
"5/24/2022 2:32:44 PM",0,30.158,47.595,76.683,68867.5,1031.148,31.15,37.506,37.506,14.131,7.251,96.315,5.507,230.497,0,5.519,5.522,NA,11
"5/24/2022 2:32:44 PM",0,30.138,1.946,4.091,3675.9,997.06,0,57.078,57.078,82.755,7.25,96.285,7.064,230.497,0,7.084,7.084,NA,11
"5/24/2022 2:32:44 PM",0,30.078,2.769,5.694,5122.1,997.692,0,144.173,144.173,154.395,7.246,96.2,7.026,230.157,0,7.047,7.047,NA,11
"5/24/2022 2:32:44 PM",0,29.977,1.505,3.2,2883.9,996.78,0,272.067,272.067,472.454,7.244,96.286,7.082,235.85,0,7.103,7.102,NA,11
"5/24/2022 2:32:44 PM",0,29.716,1.689,3.55,3216.6,996.996,0,138.003,138.003,101.813,7.24,96.411,7.085,238.653,0,7.106,7.106,NA,11
"5/24/2022 2:32:45 PM",0,29.5,1.592,3.344,3043,996.989,0,131.63,131.63,105.084,7.239,96.387,7.087,239.843,0,7.108,7.108,NA,11
"5/24/2022 2:32:45 PM",0,29.283,1.144,2.435,2225.6,996.719,0,146.1,146.1,130.488,7.238,96.37,7.103,233.046,0,7.124,7.124,NA,11
"5/24/2022 2:32:45 PM",0,29.091,0.931,1.993,1828.8,996.616,0,92.829,92.829,41.991,7.235,96.368,7.111,237.889,0,7.132,7.132,NA,11
"5/24/2022 2:32:45 PM",0,28.83,0.767,1.648,1519.9,996.57,0,139.08,139.08,47.058,7.226,96.407,7.121,227.948,0,7.141,7.141,NA,11
"5/24/2022 2:32:45 PM",0,28.708,0.669,1.443,1333.8,996.532,0,344.738,344.738,245.889,7.22,96.415,7.125,230.327,0,7.146,7.146,NA,11
"5/24/2022 2:32:46 PM",0,28.651,0.63,1.361,1260,996.52,0,499.591,499.591,268.58,7.214,96.354,7.122,236.869,0,7.143,7.143,NA,11
"5/24/2022 2:32:46 PM",0,28.618,0.602,1.301,1205,996.508,0,456.921,456.921,135.138,7.207,96.355,7.124,239.163,0,7.144,7.144,NA,11
"5/24/2022 2:32:46 PM",0,28.635,0.565,1.225,1134.1,996.475,0,162.271,162.271,44.265,7.2,96.395,7.128,242.561,0,7.148,7.148,NA,11
"5/24/2022 2:32:46 PM",0,28.626,0.632,1.365,1264,996.528,0,88.64,88.64,37.138,7.193,96.524,7.135,255.985,0,7.156,7.156,NA,11
"5/24/2022 2:32:46 PM",0,28.61,0.738,1.583,1466.7,996.613,0,35.135,35.135,37.138,7.188,96.411,7.123,262.697,0,7.143,7.143,NA,11
"5/24/2022 2:32:47 PM",0,28.62,0.765,1.637,1516.2,996.629,0,60.261,60.261,13.689,7.183,96.289,7.113,705,0,7.133,7.133,NA,11
"5/24/2022 2:32:47 PM",0,28.624,0.67,1.443,1336.6,996.558,0,26.226,26.226,20.643,7.179,96.432,7.127,1441.945,0,7.148,7.148,NA,11
"5/24/2022 2:32:47 PM",0,28.548,0.587,1.268,1176.3,996.517,0,194.301,194.301,18.484,7.17,96.494,7.135,1562.333,0,7.156,7.156,NA,11
"5/24/2022 2:32:47 PM",0,28.459,0.542,1.172,1089.5,996.509,0,224.435,224.435,124.512,7.164,96.439,7.133,1493.091,0,7.153,7.153,NA,11
"5/24/2022 2:32:48 PM",0,28.405,0.513,1.111,1033.5,996.503,0,111.09,111.09,91.371,7.165,96.385,7.13,647.822,0,7.151,7.151,NA,11
"5/24/2022 2:32:48 PM",0,28.394,0.497,1.077,1001.9,996.494,0,180.267,180.267,126.794,7.164,96.41,7.133,393.026,0,7.153,7.153,NA,11
"5/24/2022 2:32:48 PM",0,28.402,0.475,1.033,960.7,996.476,0,53.295,53.295,10.073,7.164,96.249,7.122,924.367,0,7.142,7.142,NA,11
"5/24/2022 2:32:48 PM",0,28.398,0.455,0.99,921,996.461,0,34.706,34.706,23.474,7.162,96.451,7.138,461.759,0,7.158,7.158,NA,11
"5/24/2022 2:32:48 PM",0,28.4,0.445,0.969,901.1,996.453,0,19.276,19.276,0,7.16,96.452,7.138,499.991,0,7.159,7.159,NA,11
"5/24/2022 2:32:49 PM",0,28.409,0.421,0.918,854.3,996.433,0,18.067,18.067,3.149,7.158,96.357,7.132,1365.735,0,7.153,7.153,NA,11
"5/24/2022 2:32:49 PM",0,28.343,0.415,0.904,842.3,996.447,0,76.237,76.237,25.196,7.155,96.325,7.131,1619.087,0,7.151,7.151,NA,11
"5/24/2022 2:32:49 PM",0,28.241,0.401,0.873,814.5,996.466,0,153.292,153.292,64.837,7.153,96.298,7.129,1578.901,0,7.149,7.149,NA,11
"5/24/2022 2:32:49 PM",0,28.133,0.915,1.924,1800.2,996.882,0,55.26,55.26,66.813,7.151,96.313,7.111,1544.067,0,7.131,7.131,NA,11
"5/24/2022 2:32:49 PM",0,28.009,1.349,2.778,2605.8,997.244,0,10.991,10.991,8.283,7.148,96.379,7.098,1194.031,0,7.119,7.119,NA,11
"5/24/2022 2:32:50 PM",0,27.88,0.868,1.822,1713.8,996.92,0,3.456,3.456,2.405,7.146,96.409,7.12,984.434,0,7.14,7.14,NA,11
"5/24/2022 2:32:50 PM",0,27.73,0.708,1.494,1409.4,996.842,0,0.733,0.733,0,7.149,96.412,7.126,1189.273,0,7.147,7.147,NA,11
"5/24/2022 2:32:50 PM",0,27.685,2.476,4.897,4624,998.18,0,0.616,0.616,0.262,7.147,96.418,7.059,543.575,0,7.079,7.079,NA,11
"5/24/2022 2:32:50 PM",0,27.648,2.412,4.774,4511.1,998.142,0,0.85,0.85,2.405,7.142,96.422,7.062,353.944,0,7.082,7.082,NA,11
"5/24/2022 2:32:50 PM",0,27.628,0.925,1.926,1820.6,997.034,0,0,0,0,7.135,96.345,7.114,276.036,0,7.134,7.134,NA,11
"5/24/2022 2:32:51 PM",0,27.728,0.649,1.374,1296.5,996.798,0,0,0,2.594,7.131,96.375,7.127,392.431,0,7.148,7.148,NA,11
"5/24/2022 2:32:51 PM",0,27.954,0.506,1.087,1021.1,996.627,0,0.569,0.569,0,7.126,96.345,7.131,423.017,0,7.151,7.151,NA,11
"5/24/2022 2:32:51 PM",0,28.05,0.453,0.978,916.5,996.559,0,0.335,0.335,2.303,7.118,96.238,7.126,498.292,0,7.146,7.146,NA,11
"5/24/2022 2:32:51 PM",0,28.097,0.411,0.891,834.4,996.515,0,0.819,0.819,5.633,7.112,96.147,7.121,792.084,0,7.141,7.141,NA,11
"5/24/2022 2:32:51 PM",0,28.133,0.385,0.838,783.6,996.485,0,2.161,2.161,0,7.109,96.34,7.136,922.923,0,7.157,7.157,NA,11
"5/24/2022 2:32:52 PM",0,28.18,0.392,0.853,797.6,996.477,0,1.194,1.194,9.06,7.109,96.283,7.132,932.353,0,7.153,7.153,NA,11
"5/24/2022 2:32:52 PM",0,30.373,5.825,11.463,10251.5,999.874,0,5.5,5.5,72.528,7.224,96.171,6.916,1025.215,0,6.936,6.936,NA,11
"5/24/2022 2:32:52 PM",0,31.296,2.946,6.175,5423.3,997.445,0,2.582,2.582,26.995,7.377,96.285,7.034,1144.754,0,7.055,7.055,NA,11
"5/24/2022 2:32:52 PM",0,31.504,3.669,7.611,6658.5,997.916,0,1.981,1.981,15.605,7.484,96.215,7.002,1030.482,0,7.022,7.022,NA,11
"5/24/2022 2:32:52 PM",0,31.552,2.432,5.182,4529.2,996.981,0,1.833,1.833,11.395,7.54,96.179,7.047,526.753,0,7.067,7.067,NA,11
"5/24/2022 2:32:53 PM",0,31.593,1.568,3.429,2994.5,996.326,0,1.927,1.927,9.779,7.617,96.302,7.09,372.72,0,7.111,7.111,NA,11
"5/24/2022 2:32:53 PM",0,31.58,1.657,3.612,3155,996.396,0,2.847,2.847,10.161,7.644,96.14,7.075,716.045,0,7.096,7.095,NA,11
"5/24/2022 2:32:53 PM",0,31.579,1.622,3.539,3091.7,996.37,0,2.215,2.215,10.323,7.656,96.235,7.084,727.429,0,7.105,7.104,NA,11
"5/24/2022 2:32:53 PM",0,31.58,1.519,3.327,2906.5,996.293,0,2.044,2.044,9.956,7.663,96.166,7.083,362.865,0,7.104,7.103,NA,11
"5/24/2022 2:32:53 PM",0,31.579,1.501,3.289,2873.6,996.28,0,1.981,1.981,9.486,7.665,96.121,7.081,401.352,0,7.101,7.101,NA,11
"5/24/2022 2:32:54 PM",0,31.576,1.552,3.395,2966,996.319,0,1.942,1.942,9.97,7.664,96.077,7.076,902.192,0,7.096,7.096,NA,11
"5/24/2022 2:32:54 PM",0,31.584,1.563,3.418,2985.8,996.325,0,2.161,2.161,9.75,7.662,96.077,7.075,1286.892,0,7.096,7.096,NA,11
"5/24/2022 2:32:54 PM",0,31.572,1.551,3.393,2964.3,996.32,0,2.044,2.044,8.928,7.662,96.173,7.083,1339.568,0,7.103,7.103,NA,11
"5/24/2022 2:32:54 PM",0,31.559,1.56,3.41,2980.4,996.33,0,1.864,1.864,9.28,7.661,96.168,7.083,1335.15,0,7.103,7.103,NA,11
"5/24/2022 2:32:54 PM",0,31.552,1.521,3.33,2910.1,996.304,0,2.161,2.161,9.427,7.653,96.127,7.081,1228.44,0,7.102,7.102,NA,11
"5/24/2022 2:32:55 PM",0,31.548,1.75,3.801,3322.5,996.475,0,2.098,2.098,10.146,7.651,96.101,7.07,560.567,0,7.091,7.091,NA,11
"5/24/2022 2:32:55 PM",0,31.545,1.743,3.786,3309.5,996.471,0,1.903,1.903,9.574,7.646,96.041,7.066,386.654,0,7.087,7.087,NA,11
"5/24/2022 2:32:55 PM",0,31.541,1.461,3.203,2800.3,996.262,0,2.036,2.036,9.398,7.646,96.151,7.086,351.141,0,7.106,7.106,NA,11
"5/24/2022 2:32:55 PM",0,31.523,1.575,3.438,3006.7,996.353,0,1.927,1.927,9.559,7.643,96.028,7.072,345.108,0,7.093,7.093,NA,11
"5/24/2022 2:32:55 PM",0,31.517,2.078,4.467,3906.8,996.729,0,1.997,1.997,9.706,7.639,96.064,7.056,349.017,0,7.076,7.076,NA,11
"5/24/2022 2:32:56 PM",0,31.516,1.494,3.271,2860.9,996.295,0,1.935,1.935,9.354,7.634,96.075,7.079,355.474,0,7.1,7.1,NA,11
"5/24/2022 2:32:56 PM",0,31.519,1.688,3.671,3210.2,996.438,0,1.779,1.779,9.765,7.633,96.127,7.076,369.492,0,7.096,7.096,NA,11
"5/24/2022 2:32:56 PM",0,31.533,1.443,3.165,2767.2,996.251,0,1.56,1.56,9.002,7.63,96.104,7.084,863.451,0,7.104,7.104,NA,11
"5/24/2022 2:32:56 PM",0,31.535,1.465,3.211,2807.4,996.267,0,1.693,1.693,9.691,7.627,96.053,7.079,1208.049,0,7.1,7.099,NA,11
"5/24/2022 2:32:57 PM",0,31.533,1.463,3.207,2804.3,996.266,0,1.794,1.794,9.457,7.625,95.977,7.074,656.742,0,7.094,7.094,NA,11
"5/24/2022 2:32:57 PM",0,31.532,1.452,3.185,2784.5,996.258,0,1.935,1.935,9.192,7.623,96.086,7.082,828.107,0,7.102,7.102,NA,11
"5/24/2022 2:32:57 PM",0,31.528,1.502,3.288,2875.1,996.297,0,2.02,2.02,9.603,7.622,95.989,7.073,1262.594,0,7.093,7.093,NA,11
"5/24/2022 2:32:57 PM",0,31.54,1.473,3.229,2823.3,996.272,0,1.833,1.833,9.809,7.619,95.944,7.071,1394.197,0,7.091,7.091,NA,11
"5/24/2022 2:32:57 PM",0,31.544,1.444,3.169,2769.8,996.248,0,2.231,2.231,9.266,7.615,95.978,7.075,1407.876,0,7.095,7.095,NA,11
"5/24/2022 2:32:58 PM",0,31.55,1.462,3.207,2802.9,996.26,0,2.2,2.2,9.838,7.615,96.143,7.086,1406.346,0,7.106,7.106,NA,11
"5/24/2022 2:32:58 PM",0,31.548,1.443,3.166,2767.4,996.246,0,2.137,2.137,9.97,7.612,96.085,7.083,1242.543,0,7.103,7.103,NA,11
"5/24/2022 2:32:58 PM",0,31.544,1.456,3.193,2791.3,996.257,0,2.044,2.044,9.53,7.605,95.962,7.073,601.858,0,7.094,7.094,NA,11
"5/24/2022 2:32:58 PM",0,31.544,1.489,3.262,2851.5,996.282,0,2.013,2.013,10.146,7.603,96.093,7.082,1084.517,0,7.102,7.102,NA,11
"5/24/2022 2:32:58 PM",0,31.54,1.428,3.136,2741.6,996.238,0,2.083,2.083,10.381,7.601,96.094,7.084,1321.981,0,7.105,7.104,NA,11
"5/24/2022 2:32:59 PM",0,31.525,1.69,3.676,3214.9,996.438,0,2.013,2.013,9.603,7.601,96.154,7.078,1348.403,0,7.099,7.099,NA,11
"5/24/2022 2:37:04 PM",0,31.746,1.322,2.925,2547.2,996.094,0,1.857,1.857,8.943,7.528,93.079,6.766,1993.167,0,6.786,6.786,NA,11
"5/24/2022 2:37:04 PM",0,31.748,1.635,3.578,3115.5,996.326,0,1.911,1.911,9.28,7.527,92.992,6.748,1996.055,0,6.768,6.767,NA,11
"5/24/2022 2:37:04 PM",0,31.751,1.151,2.566,2234.2,995.965,0,1.872,1.872,9.574,7.531,93.082,6.772,1966.659,0,6.792,6.792,NA,11
"5/24/2022 2:37:04 PM",0,31.751,1.343,2.97,2586.2,996.108,0,1.779,1.779,9.897,7.534,92.942,6.755,1906.337,0,6.775,6.775,NA,11
"5/24/2022 2:37:04 PM",0,31.743,1.829,3.975,3461.9,996.472,0,1.716,1.716,9.501,7.534,93.139,6.752,1713.393,0,6.771,6.771,NA,11
"5/24/2022 2:37:05 PM",0,31.742,1.171,2.608,2270.8,995.983,0,1.911,1.911,9.457,7.538,93.022,6.767,1492.071,0,6.786,6.786,NA,11
"5/24/2022 2:37:05 PM",0,31.74,2.004,4.334,3774.8,996.604,0,1.802,1.802,9.75,7.536,92.997,6.735,1213.827,0,6.754,6.754,NA,11
"5/24/2022 2:37:05 PM",0,31.739,2.186,4.705,4097.1,996.739,0,1.701,1.701,9.236,7.536,93.079,6.734,949.94,0,6.753,6.753,NA,11
"5/24/2022 2:37:05 PM",0,31.74,1.242,2.758,2401.6,996.036,0,2.02,2.02,9.251,7.53,93.12,6.771,760.139,0,6.791,6.791,NA,11
"5/24/2022 2:37:05 PM",0,31.742,1.309,2.897,2523.1,996.085,0,2.02,2.02,9.178,7.531,93.077,6.766,800.325,0,6.785,6.785,NA,11
"5/24/2022 2:37:06 PM",0,31.744,1.155,2.574,2241.7,995.97,0,1.919,1.919,9.192,7.532,92.985,6.765,909.754,0,6.784,6.784,NA,11
"5/24/2022 2:37:06 PM",0,31.743,1.07,2.393,2083.5,995.907,0,2.262,2.262,8.782,7.532,93.103,6.777,995.734,0,6.796,6.796,NA,11
"5/24/2022 2:37:06 PM",0,31.745,1.155,2.573,2240.7,995.97,0,1.857,1.857,8.84,7.531,93.041,6.769,1004.4,0,6.788,6.788,NA,11
"5/24/2022 2:37:06 PM",0,31.746,1.063,2.378,2070.9,995.9,0,2.161,2.161,9.398,7.533,93.041,6.772,878.404,0,6.791,6.791,NA,11
"5/24/2022 2:37:06 PM",0,31.747,1.103,2.463,2144.6,995.93,0,2.028,2.028,9.31,7.536,93.075,6.773,838.472,0,6.792,6.792,NA,11
"5/24/2022 2:37:07 PM",0,31.749,1.279,2.836,2469,996.061,0,1.981,1.981,9.002,7.534,93.077,6.767,981.121,0,6.786,6.786,NA,11
"5/24/2022 2:37:07 PM",0,31.75,1.08,2.414,2102.1,995.912,0,1.818,1.818,9.457,7.538,93.048,6.772,1320.452,0,6.791,6.791,NA,11
"5/24/2022 2:37:07 PM",0,31.754,1.363,3.011,2621.9,996.122,0,1.732,1.732,9.867,7.539,93.013,6.759,1837.604,0,6.778,6.778,NA,11
"5/24/2022 2:37:07 PM",0,31.756,1.371,3.028,2636.1,996.127,0,1.935,1.935,9.075,7.539,93.059,6.762,2020.949,0,6.781,6.781,NA,11
"5/24/2022 2:37:07 PM",0,31.758,1.193,2.654,2310.8,995.994,0,1.693,1.693,9.897,7.539,93.138,6.774,2102.425,0,6.793,6.793,NA,11
"5/24/2022 2:37:08 PM",0,31.759,1.865,4.05,3526.2,996.494,0,1.591,1.591,9.457,7.542,93.02,6.741,2131.482,0,6.76,6.76,NA,11
"5/24/2022 2:37:08 PM",0,31.759,1.808,3.934,3424.4,996.451,0,1.693,1.693,9.383,7.54,93.177,6.754,2134.625,0,6.773,6.773,NA,11
"5/24/2022 2:37:08 PM",0,31.762,1.379,3.045,2650.7,996.131,0,1.974,1.974,9.28,7.534,93.044,6.76,2099.282,0,6.78,6.779,NA,11
"5/24/2022 2:37:08 PM",0,31.764,1.65,3.608,3140.9,996.332,0,2.052,2.052,8.767,7.536,93.144,6.758,2029.19,0,6.777,6.777,NA,11
"5/24/2022 2:37:08 PM",0,31.765,1.214,2.699,2349.1,996.007,0,2.137,2.137,8.796,7.539,93.033,6.765,1895.717,0,6.785,6.784,NA,11
"5/24/2022 2:37:09 PM",0,31.767,1.231,2.736,2381.2,996.019,0,2.27,2.27,8.899,7.536,93.05,6.766,1685.271,0,6.785,6.785,NA,11
"5/24/2022 2:37:09 PM",0,31.766,1.522,3.344,2911.1,996.236,0,2.098,2.098,9.295,7.532,92.989,6.751,1290.121,0,6.77,6.77,NA,11
"5/24/2022 2:37:09 PM",0,31.765,1.14,2.543,2213.3,995.952,0,1.818,1.818,9.442,7.533,93.083,6.772,1057.16,0,6.791,6.791,NA,11
"5/24/2022 2:37:09 PM",0,31.763,1.409,3.108,2705.8,996.153,0,1.857,1.857,8.767,7.535,93.148,6.766,895.82,0,6.786,6.785,NA,11
"5/24/2022 2:37:10 PM",0,31.758,1.465,3.224,2806.8,996.196,0,1.872,1.872,9.266,7.54,93.162,6.765,802.534,0,6.784,6.784,NA,11
"5/24/2022 2:37:10 PM",0,31.76,1.197,2.662,2317.3,995.996,0,1.903,1.903,9.163,7.54,93.124,6.772,759.884,0,6.792,6.792,NA,11
"5/24/2022 2:37:10 PM",0,31.764,1.464,3.224,2806.6,996.194,0,1.903,1.903,10.014,7.541,93.038,6.756,755.636,0,6.775,6.775,NA,11
"5/24/2022 2:37:10 PM",0,31.769,1.226,2.723,2370.5,996.014,0,2.091,2.091,9.515,7.542,93.06,6.766,777.726,0,6.786,6.785,NA,11
"5/24/2022 2:37:10 PM",0,31.771,1.15,2.564,2231.4,995.958,0,2.231,2.231,9.016,7.541,92.971,6.763,812.644,0,6.782,6.782,NA,11
"5/24/2022 2:37:11 PM",0,31.771,1.222,2.717,2364.6,996.011,0,2.091,2.091,9.119,7.541,93.035,6.765,856.484,0,6.784,6.784,NA,11
"5/24/2022 2:37:11 PM",0,31.77,1.117,2.494,2170.7,995.933,0,2.122,2.122,9.09,7.541,93.076,6.771,934.053,0,6.791,6.79,NA,11
"5/24/2022 2:37:11 PM",0,31.764,1.107,2.472,2151.5,995.927,0,1.903,1.903,9.31,7.541,93.108,6.774,985.623,0,6.793,6.793,NA,11
"5/24/2022 2:37:11 PM",0,31.763,1.118,2.496,2172.9,995.936,0,1.794,1.794,9.559,7.543,93.059,6.77,1026.489,0,6.789,6.789,NA,11
"5/24/2022 2:37:11 PM",0,31.765,1.066,2.386,2076.9,995.897,0,1.95,1.95,9.236,7.542,93.07,6.773,1060.049,0,6.792,6.792,NA,11
"5/24/2022 2:37:12 PM",0,31.766,1.056,2.365,2058.5,995.889,0,1.482,1.482,8.928,7.541,93.049,6.772,1108.136,0,6.791,6.791,NA,11
"5/24/2022 2:37:12 PM",0,31.767,1.096,2.45,2132.1,995.919,0,1.521,1.521,9.383,7.543,93.132,6.776,1152.655,0,6.795,6.795,NA,11
"5/24/2022 2:37:12 PM",0,31.766,1.091,2.438,2122.1,995.915,0,1.56,1.56,9.647,7.541,93.13,6.776,1220.623,0,6.795,6.795,NA,11
"5/24/2022 2:37:12 PM",0,31.767,1.13,2.521,2194,995.944,0,1.763,1.763,9.691,7.54,93.103,6.772,1325.124,0,6.792,6.791,NA,11
"5/24/2022 2:37:12 PM",0,31.768,1.128,2.516,2190.2,995.942,0,1.771,1.771,8.415,7.539,93.066,6.77,1454.179,0,6.789,6.789,NA,11
"5/24/2022 2:37:13 PM",0,31.767,1.127,2.516,2189.6,995.942,0,2.036,2.036,9.046,7.539,93.004,6.765,1669.638,0,6.785,6.784,NA,11
"5/24/2022 2:37:13 PM",0,31.767,1.474,3.243,2823,996.2,0,1.896,1.896,9.251,7.538,93.028,6.754,1792.66,0,6.774,6.773,NA,11
"5/24/2022 2:37:13 PM",0,31.768,1.23,2.732,2378.1,996.018,0,1.755,1.755,9.192,7.538,93.053,6.765,1880,0,6.784,6.784,NA,11
"5/24/2022 2:37:13 PM",0,31.767,1.445,3.185,2772,996.179,0,1.88,1.88,9.148,7.541,93.08,6.759,1933.609,0,6.779,6.778,NA,11
"5/24/2022 2:37:13 PM",0,31.767,1.419,3.129,2723.4,996.159,0,1.981,1.981,9.794,7.542,93.135,6.764,1962.411,0,6.783,6.783,NA,11
"5/24/2022 2:37:14 PM",0,31.765,1.21,2.691,2342.8,996.004,0,1.716,1.716,9.956,7.543,93.135,6.772,1942.615,0,6.791,6.791,NA,11
"5/24/2022 2:37:14 PM",0,31.763,1.443,3.18,2767.8,996.178,0,2.013,2.013,9.266,7.544,93.108,6.761,1880.934,0,6.78,6.78,NA,11
"5/24/2022 2:37:14 PM",0,31.763,1.381,3.051,2655.6,996.132,0,1.927,1.927,9.823,7.542,93.068,6.76,1764.454,0,6.78,6.78,NA,11
"5/24/2022 2:37:14 PM",0,31.76,1.11,2.478,2157.5,995.931,0,1.872,1.872,9.75,7.542,93.095,6.772,1570.065,0,6.792,6.792,NA,11
"5/24/2022 2:37:14 PM",0,31.759,1.165,2.595,2258.9,995.972,0,1.997,1.997,9.867,7.54,93.124,6.772,1186.639,0,6.792,6.791,NA,11
"5/24/2022 2:37:15 PM",0,31.757,1.081,2.417,2104.4,995.911,0,2.075,2.075,8.855,7.54,93.081,6.772,975.513,0,6.791,6.791,NA,11
"5/24/2022 2:37:15 PM",0,31.753,1.058,2.368,2061.4,995.895,0,2.013,2.013,8.928,7.541,93.057,6.771,860.052,0,6.791,6.79,NA,11
"5/24/2022 2:37:15 PM",0,31.752,1.097,2.452,2134.6,995.924,0,1.818,1.818,9.002,7.542,93.097,6.773,822.5,0,6.792,6.792,NA,11
"5/24/2022 2:37:15 PM",0,31.747,1.068,2.389,2079.9,995.904,0,2.091,2.091,9.486,7.538,93.055,6.771,822.245,0,6.79,6.79,NA,11
"5/24/2022 2:37:15 PM",0,31.747,1.071,2.394,2084.7,995.906,0,1.786,1.786,9.207,7.537,93.08,6.772,830.571,0,6.792,6.791,NA,11
"5/24/2022 2:37:16 PM",0,31.748,1.101,2.459,2141.4,995.928,0,1.724,1.724,8.884,7.539,93.086,6.771,865.235,0,6.791,6.791,NA,11
"5/24/2022 2:37:16 PM",0,31.749,1.098,2.452,2134.8,995.925,0,2.091,2.091,9.369,7.539,93.044,6.768,956.057,0,6.788,6.788,NA,11
"5/24/2022 2:37:16 PM",0,31.751,1.141,2.544,2215.4,995.957,0,1.794,1.794,9.339,7.536,93.254,6.782,1215.866,0,6.802,6.801,NA,11
"5/24/2022 2:37:16 PM",0,31.752,1.161,2.587,2252.6,995.972,0,1.786,1.786,9.06,7.542,93.135,6.773,1433.958,0,6.792,6.792,NA,11
"5/24/2022 2:37:16 PM",0,31.751,1.163,2.591,2255.9,995.974,0,1.755,1.755,9.31,7.542,93.209,6.778,1624.439,0,6.797,6.797,NA,11
"5/24/2022 2:37:17 PM",0,31.753,1.27,2.816,2451.7,996.052,0,1.864,1.864,9.31,7.544,93.051,6.763,1769.551,0,6.782,6.782,NA,11
"5/24/2022 2:37:17 PM",0,31.754,1.207,2.684,2337.1,996.006,0,2.145,2.145,9.002,7.543,93.093,6.768,1867.171,0,6.787,6.787,NA,11
"5/24/2022 2:37:17 PM",0,31.755,1.192,2.652,2308.9,995.994,0,2.059,2.059,9.515,7.54,92.966,6.759,1946.268,0,6.778,6.778,NA,11
"5/24/2022 2:37:17 PM",0,31.756,1.372,3.03,2638,996.128,0,1.919,1.919,9.075,7.538,93.092,6.762,1968.018,0,6.781,6.781,NA,11
"5/24/2022 2:37:17 PM",0,31.756,1.128,2.517,2191.4,995.946,0,2.005,2.005,9.192,7.541,92.965,6.761,1971.672,0,6.781,6.78,NA,11
"5/24/2022 2:37:18 PM",0,31.758,1.246,2.765,2407.4,996.033,0,2.13,2.13,9.046,7.541,93.193,6.774,1959.267,0,6.793,6.793,NA,11
"5/24/2022 2:37:18 PM",0,31.76,1.23,2.733,2378.8,996.021,0,2.262,2.262,9.178,7.542,93.049,6.764,1907.187,0,6.783,6.783,NA,11
"5/24/2022 2:37:18 PM",0,31.761,1.124,2.509,2184.3,995.942,0,1.942,1.942,9.926,7.543,93.034,6.766,1844.146,0,6.785,6.785,NA,11
"5/24/2022 2:37:18 PM",0,31.764,1.208,2.685,2337.6,996.003,0,1.981,1.981,10.058,7.544,93.112,6.769,1753.409,0,6.788,6.788,NA,11
"5/24/2022 2:37:19 PM",0,31.769,1.163,2.592,2256.1,995.968,0,1.888,1.888,10.102,7.543,93.114,6.771,1630.641,0,6.79,6.79,NA,11
"5/24/2022 2:37:19 PM",0,31.77,1.107,2.472,2151.3,995.926,0,1.802,1.802,9.09,7.542,93.069,6.769,1469.642,0,6.789,6.788,NA,11
"5/24/2022 2:37:19 PM",0,31.778,1.157,2.579,2244.4,995.96,0,1.755,1.755,9.119,7.544,93.076,6.768,1195.305,0,6.787,6.787,NA,11
"5/24/2022 2:37:19 PM",0,31.785,1.128,2.517,2190.4,995.936,0,2.13,2.13,8.914,7.545,93.143,6.774,1031.077,0,6.793,6.793,NA,11
"5/24/2022 2:37:19 PM",0,31.794,1.679,3.671,3193.8,996.344,0,1.974,1.974,9.031,7.544,93.085,6.749,915.786,0,6.769,6.769,NA,11
"5/24/2022 2:37:20 PM",0,31.805,1.134,2.531,2201.8,995.935,0,2.091,2.091,9.574,7.542,93.027,6.765,857.164,0,6.784,6.784,NA,11
"5/24/2022 2:37:20 PM",0,31.811,1.154,2.575,2239.6,995.948,0,1.935,1.935,9.31,7.544,93.014,6.763,841.871,0,6.782,6.782,NA,11
"5/24/2022 2:37:20 PM",0,31.805,1.496,3.292,2863.3,996.204,0,1.95,1.95,9.134,7.545,93.066,6.755,845.269,0,6.774,6.774,NA,11
"5/24/2022 2:37:20 PM",0,31.806,1.077,2.411,2097.1,995.892,0,1.779,1.779,9.926,7.545,93.046,6.768,842.805,0,6.787,6.787,NA,11
"5/24/2022 2:37:20 PM",0,31.803,1.226,2.725,2370.7,996.004,0,2.005,2.005,9.647,7.545,93.039,6.762,837.453,0,6.782,6.781,NA,11
"5/24/2022 2:37:21 PM",0,31.796,1.294,2.868,2495.1,996.056,0,1.974,1.974,9.119,7.546,93.04,6.76,845.524,0,6.779,6.779,NA,11
"5/24/2022 2:37:21 PM",0,31.797,1.087,2.43,2114.3,995.902,0,1.833,1.833,9.383,7.546,92.971,6.762,926.746,0,6.782,6.781,NA,11
"5/24/2022 2:37:21 PM",0,31.792,1.672,3.657,3181.2,996.34,0,1.841,1.841,8.679,7.551,93.131,6.753,1040.678,0,6.772,6.772,NA,11
"5/24/2022 2:37:21 PM",0,31.79,1.33,2.945,2561.9,996.085,0,2.02,2.02,8.679,7.549,93.004,6.756,1195.305,0,6.775,6.775,NA,11
"5/24/2022 2:37:21 PM",0,31.797,1.211,2.695,2344.3,995.995,0,2.293,2.293,9.002,7.549,92.986,6.759,1365.65,0,6.778,6.778,NA,11
"5/24/2022 2:37:22 PM",0,31.793,2.187,4.711,4098.4,996.723,0,1.927,1.927,9.471,7.55,93.042,6.727,1596.402,0,6.746,6.746,NA,11
"5/24/2022 2:37:22 PM",0,31.792,1.24,2.756,2397.8,996.018,0,1.966,1.966,9.956,7.549,93.103,6.766,1711.693,0,6.785,6.785,NA,11
"5/24/2022 2:37:22 PM",0,31.793,1.285,2.851,2480.1,996.051,0,1.958,1.958,9.369,7.551,93.05,6.761,1792.83,0,6.78,6.78,NA,11
"5/24/2022 2:37:22 PM",0,31.795,1.951,4.231,3680.5,996.547,0,1.872,1.872,8.782,7.551,93.09,6.739,1844.571,0,6.758,6.758,NA,11
"5/24/2022 2:37:22 PM",0,31.797,1.533,3.368,2930,996.234,0,1.74,1.74,9.016,7.551,93.067,6.753,1868.275,0,6.772,6.772,NA,11
"5/24/2022 2:37:23 PM",0,31.799,1.531,3.364,2926.5,996.232,0,1.584,1.584,9.163,7.554,93.006,6.748,1857.06,0,6.767,6.767,NA,11
"5/24/2022 2:37:23 PM",0,31.798,1.883,4.092,3559.8,996.495,0,1.584,1.584,9.016,7.554,93.038,6.737,1815.77,0,6.757,6.756,NA,11
"5/24/2022 2:37:23 PM",0,31.804,1.188,2.646,2301.6,995.975,0,1.623,1.623,8.708,7.552,93.084,6.767,1744.998,0,6.786,6.786,NA,11
"5/24/2022 2:37:23 PM",0,31.804,1.303,2.888,2512,996.061,0,1.888,1.888,9.28,7.553,93.14,6.766,1643.98,0,6.785,6.785,NA,11
"5/24/2022 2:37:23 PM",0,31.801,1.264,2.806,2441,996.033,0,1.958,1.958,9.413,7.55,93.153,6.768,1450.356,0,6.788,6.787,NA,11
"5/24/2022 2:37:24 PM",0,31.808,1.142,2.548,2216.1,995.939,0,1.701,1.701,9.471,7.551,93.144,6.772,1313.485,0,6.791,6.791,NA,11
"5/24/2022 2:37:24 PM",0,31.804,1.362,3.012,2619.5,996.105,0,1.763,1.763,8.738,7.55,93.154,6.765,1185.62,0,6.784,6.784,NA,11
"5/24/2022 2:37:24 PM",0,31.803,1.415,3.123,2716.7,996.145,0,1.654,1.654,9.236,7.549,93.118,6.76,1081.204,0,6.779,6.779,NA,11
"5/24/2022 2:37:24 PM",0,31.816,1.206,2.685,2335.2,995.985,0,2.005,2.005,8.87,7.548,93.136,6.769,963.194,0,6.788,6.788,NA,11
"5/24/2022 2:37:24 PM",0,31.812,1.644,3.6,3131.3,996.313,0,2.059,2.059,9.251,7.549,93.054,6.747,909.414,0,6.766,6.766,NA,11
"5/24/2022 2:37:25 PM",0,31.816,1.259,2.797,2432.5,996.025,0,1.942,1.942,9.427,7.546,93.192,6.771,875.43,0,6.79,6.79,NA,11
"5/24/2022 2:37:25 PM",0,31.825,1.175,2.619,2276.7,995.959,0,1.818,1.818,9.134,7.547,93.018,6.762,859.033,0,6.781,6.781,NA,11
"5/24/2022 2:37:25 PM",0,31.82,1.43,3.155,2743.8,996.15,0,1.888,1.888,8.972,7.546,93.035,6.753,857.079,0,6.773,6.773,NA,11
"5/24/2022 2:37:25 PM",0,31.826,1.139,2.542,2210.5,995.931,0,1.755,1.755,8.943,7.547,93.011,6.762,867.699,0,6.782,6.782,NA,11
"5/24/2022 2:37:25 PM",0,31.829,1.223,2.721,2365.2,995.993,0,1.81,1.81,8.664,7.547,93.106,6.766,872.286,0,6.785,6.785,NA,11
"5/24/2022 2:37:26 PM",0,31.826,1.394,3.08,2678,996.122,0,2.059,2.059,9.926,7.548,93.006,6.752,871.437,0,6.772,6.771,NA,11
"5/24/2022 2:37:26 PM",0,31.832,1.157,2.583,2245.3,995.944,0,1.95,1.95,9.28,7.552,93.121,6.769,865.745,0,6.789,6.788,NA,11
"5/24/2022 2:37:26 PM",0,31.836,1.343,2.974,2585.3,996.08,0,2.208,2.208,9.765,7.55,93.138,6.764,848.498,0,6.783,6.783,NA,11
"5/24/2022 2:37:26 PM",0,31.838,1.301,2.887,2509.4,996.049,0,1.966,1.966,9.559,7.55,93.182,6.769,841.276,0,6.788,6.788,NA,11
"5/24/2022 2:37:26 PM",0,31.842,1.154,2.575,2237.9,995.938,0,2.075,2.075,9.926,7.547,93.046,6.764,847.903,0,6.783,6.783,NA,11
"5/24/2022 2:37:27 PM",0,31.842,1.314,2.913,2532.2,996.057,0,2.286,2.286,9.354,7.548,93.102,6.762,875.09,0,6.781,6.781,NA,11
"5/24/2022 2:37:27 PM",0,31.84,1.522,3.348,2910.5,996.213,0,1.81,1.81,8.577,7.55,93.078,6.753,922.328,0,6.772,6.772,NA,11
"5/24/2022 2:37:27 PM",0,31.841,1.194,2.661,2313.1,995.968,0,1.584,1.584,8.562,7.551,92.984,6.758,1026.149,0,6.777,6.777,NA,11
"5/24/2022 2:37:27 PM",0,31.834,1.626,3.564,3097.8,996.292,0,1.747,1.747,8.943,7.553,93.144,6.754,1101.764,0,6.773,6.773,NA,11
"5/24/2022 2:37:27 PM",0,31.829,1.356,3,2608.4,996.092,0,1.935,1.935,8.708,7.55,93.051,6.757,1196.325,0,6.776,6.776,NA,11
"5/24/2022 2:37:28 PM",0,31.827,1.23,2.736,2379,995.999,0,2.028,2.028,9.295,7.553,93.08,6.763,1302.015,0,6.782,6.782,NA,11
"5/24/2022 2:37:28 PM",0,31.812,1.912,4.151,3610.2,996.512,0,2.176,2.176,8.914,7.551,93.051,6.736,1410.849,0,6.755,6.755,NA,11
"5/24/2022 2:37:28 PM",0,31.8,1.214,2.7,2349,995.996,0,1.794,1.794,9.486,7.552,93.076,6.764,1550.269,0,6.783,6.783,NA,11
"5/24/2022 2:37:28 PM",0,31.795,1.426,3.146,2737.1,996.156,0,1.888,1.888,9.104,7.553,93.057,6.754,1641.261,0,6.774,6.773,NA,11
"5/24/2022 2:37:29 PM",0,31.782,1.636,3.581,3116.2,996.316,0,1.981,1.981,8.269,7.553,93.147,6.753,1704.727,0,6.772,6.772,NA,11
"5/24/2022 2:37:29 PM",0,31.779,1.224,2.721,2367.9,996.01,0,2.13,2.13,9.09,7.549,93.029,6.759,1733.613,0,6.779,6.779,NA,11
"5/24/2022 2:37:29 PM",0,31.774,1.419,3.129,2723.6,996.157,0,2.075,2.075,9.354,7.548,93.121,6.759,1723.248,0,6.778,6.778,NA,11
"5/24/2022 2:37:29 PM",0,31.771,1.302,2.885,2511,996.071,0,2.137,2.137,9.633,7.547,93.139,6.765,1685.526,0,6.784,6.784,NA,11
"5/24/2022 2:37:29 PM",0,31.775,1.144,2.55,2219.7,995.952,0,2.239,2.239,8.884,7.547,93.061,6.765,1613.479,0,6.784,6.784,NA,11
"5/24/2022 2:37:30 PM",0,31.779,1.24,2.756,2398,996.022,0,1.942,1.942,9.134,7.548,93.103,6.764,1499.293,0,6.783,6.783,NA,11
"5/24/2022 2:37:30 PM",0,31.782,1.277,2.832,2464.6,996.048,0,2.013,2.013,8.899,7.55,93.079,6.761,1342.286,0,6.78,6.78,NA,11
"5/24/2022 2:37:47 PM",0.096,30.214,50.438,80.728,72421,1033.28,33.28,0.14,0.14,0.364,7.578,92.029,5.117,745.441,0,5.127,5.13,NA,11
"5/24/2022 2:37:48 PM",0.138,30.215,50.452,80.748,72437.8,1033.29,33.29,0.125,0.125,0.408,7.587,92.07,5.119,789.11,0,5.129,5.132,NA,11
"5/24/2022 2:37:48 PM",0.176,30.216,50.467,80.771,72456.9,1033.302,33.301,0.078,0.078,0.248,7.594,92.117,5.121,808.651,0,5.131,5.134,NA,11
"5/24/2022 2:37:48 PM",0.209,30.217,50.463,80.767,72451.5,1033.298,33.298,0.359,0.359,0.233,7.603,92.193,5.126,714.091,0,5.136,5.139,NA,11
"5/24/2022 2:37:48 PM",0.256,30.215,50.475,80.782,72467,1033.309,33.307,0.109,0.109,0.218,7.619,92.082,5.12,635.927,0,5.129,5.132,NA,11
"5/24/2022 2:37:48 PM",0.267,30.215,50.482,80.79,72475.8,1033.314,33.313,0.039,0.039,0.029,7.625,92.024,5.117,593.702,0,5.126,5.129,NA,11
"5/24/2022 2:37:49 PM",0.262,30.215,50.486,80.797,72481,1033.317,33.316,0,0,0,7.632,91.979,5.113,631.254,0,5.123,5.126,NA,11
"5/24/2022 2:37:49 PM",0.255,30.218,50.475,80.786,72466.6,1033.307,33.306,0,0,0,7.636,91.934,5.111,766.596,0,5.121,5.124,NA,11
"5/24/2022 2:37:49 PM",0.239,30.222,50.461,80.771,72448.3,1033.295,33.294,0.164,0.164,0.349,7.64,91.891,5.11,680.276,0,5.119,5.122,NA,11
"5/24/2022 2:37:49 PM",0.225,30.226,50.459,80.774,72445.1,1033.292,33.291,0.047,0.047,0.087,7.646,91.813,5.106,288.865,0,5.115,5.118,NA,11
"5/24/2022 2:37:49 PM",0.208,30.226,50.454,80.768,72439.1,1033.288,33.287,0.031,0.031,0,7.647,91.734,5.102,257.769,0,5.111,5.114,NA,11
"5/24/2022 2:37:50 PM",0.183,30.227,50.448,80.762,72432.2,1033.284,33.283,0.031,0.031,0.015,7.65,91.657,5.097,246.979,0,5.107,5.11,NA,11
"5/24/2022 2:37:50 PM",0.154,30.225,50.448,80.759,72432.1,1033.284,33.283,0,0,0,7.649,91.691,5.099,227.014,0,5.109,5.112,NA,11
"5/24/2022 2:37:50 PM",0.102,30.222,50.446,80.752,72429.8,1033.283,33.283,0,0,0,7.65,91.694,5.1,206.113,0,5.109,5.112,NA,11
"5/24/2022 2:37:50 PM",0.062,30.221,50.449,80.754,72433.6,1033.286,33.285,0.062,0.062,0.058,7.653,91.717,5.101,194.559,0,5.111,5.114,NA,11
"5/24/2022 2:37:50 PM",0.02,30.22,50.452,80.756,72437.1,1033.288,33.288,0.023,0.023,0.015,7.654,91.672,5.099,195.663,0,5.109,5.112,NA,11
"5/24/2022 2:37:51 PM",0.001,30.219,50.457,80.762,72444,1033.292,33.292,0,0,0,7.656,91.576,5.093,202.715,0,5.103,5.106,NA,11
"5/24/2022 2:37:51 PM",0,30.218,50.464,80.771,72453.2,1033.298,33.298,0,0,0,7.658,91.673,5.099,191.33,0,5.108,5.111,NA,11
"5/24/2022 2:37:51 PM",0.018,30.219,50.467,80.775,72456.6,1033.3,33.3,0.094,0.094,0.116,7.661,91.617,5.096,168.816,0,5.106,5.109,NA,11
"5/24/2022 2:37:51 PM",0,30.22,50.467,80.777,72455.6,1033.299,33.299,0.125,0.125,0.204,7.663,91.595,5.094,183.429,0,5.104,5.107,NA,11
"5/24/2022 2:37:51 PM",0,30.22,50.466,80.775,72455,1033.299,33.299,0.109,0.109,0.16,7.663,91.729,5.103,200.506,0,5.112,5.115,NA,11
"5/24/2022 2:37:52 PM",0,30.22,50.46,80.768,72448,1033.294,33.295,0.055,0.055,0.058,7.664,91.745,5.104,199.996,0,5.114,5.117,NA,11
"5/24/2022 2:37:52 PM",0,30.219,50.461,80.768,72449.3,1033.295,33.296,0.086,0.086,0.102,7.667,91.621,5.097,190.651,0,5.107,5.11,NA,11
"5/24/2022 2:37:52 PM",0,30.216,50.465,80.769,72453.9,1033.299,33.299,0.062,0.062,0.058,7.672,91.692,5.103,194.559,0,5.112,5.115,NA,11
"5/24/2022 2:37:52 PM",0,30.216,50.468,80.772,72457.3,1033.301,33.301,0.062,0.062,0.058,7.672,91.705,5.105,202.8,0,5.115,5.118,NA,11
"5/24/2022 2:37:52 PM",0,30.214,50.461,80.76,72448.7,1033.296,33.297,0.07,0.07,0.102,7.677,91.479,5.093,198.127,0,5.102,5.105,NA,11
"5/24/2022 2:37:53 PM",0,30.214,50.451,80.745,72436.3,1033.289,33.289,0.055,0.055,0.058,7.677,91.621,5.102,189.546,0,5.112,5.115,NA,11
"5/24/2022 2:37:53 PM",0,30.21,50.456,80.747,72443.7,1033.294,33.295,0.016,0.016,0,7.671,91.546,5.1,262.527,0,5.11,5.113,NA,11
"5/24/2022 2:37:53 PM",0,30.217,50.441,80.736,72424.1,1033.28,33.281,0,0,0,7.671,91.703,5.11,291.668,0,5.12,5.123,NA,11
"5/24/2022 2:37:53 PM",0,30.229,50.43,80.738,72408.9,1033.267,33.268,0,0,0,7.671,91.681,5.11,303.223,0,5.12,5.123,NA,11
"5/24/2022 2:37:53 PM",0,30.224,50.434,80.738,72415,1033.272,33.273,0,0,0,7.67,91.709,5.112,313.758,0,5.122,5.125,NA,11
"5/24/2022 2:37:54 PM",0,30.221,50.437,80.736,72418.3,1033.275,33.276,0.078,0.078,0.131,7.669,91.825,5.12,324.548,0,5.13,5.133,NA,11
"5/24/2022 2:37:54 PM",0,30.217,50.44,80.736,72423.2,1033.279,33.28,0,0,0,7.668,91.793,5.118,481.47,0,5.128,5.131,NA,11
"5/24/2022 2:37:54 PM",0,30.216,50.443,80.738,72426.7,1033.281,33.283,0.101,0.101,0.218,7.669,91.887,5.124,595.231,0,5.134,5.137,NA,11
"5/24/2022 2:37:54 PM",0,30.217,50.445,80.741,72429,1033.283,33.284,0.226,0.226,0.51,7.671,91.953,5.128,463.628,0,5.138,5.141,NA,11
"5/24/2022 2:37:54 PM",0,30.216,50.45,80.747,72435.3,1033.287,33.288,0.14,0.14,0.277,7.676,91.925,5.127,922.668,0,5.137,5.14,NA,11
"5/24/2022 2:37:55 PM",0,30.217,50.445,80.741,72428.8,1033.282,33.284,0,0,0,7.676,92.03,5.132,971.86,0,5.142,5.145,NA,11
"5/24/2022 2:37:55 PM",0,30.212,12.302,22.773,20430.2,1004.733,4.735,36.983,36.983,46.574,7.677,92.106,6.319,1085.367,0,6.338,6.337,NA,11
"5/24/2022 2:37:55 PM",0,30.207,1.588,3.381,3033.7,996.772,0,341.509,341.509,245.307,7.678,92.1,6.7,1241.778,0,6.719,6.719,NA,11
"5/24/2022 2:37:55 PM",0,30.011,1.413,3.017,2717.4,996.701,0,172.787,172.787,82.926,7.675,92.162,6.713,1404.562,0,6.732,6.732,NA,11
"5/24/2022 2:37:55 PM",0,29.648,0.958,2.071,1878.6,996.47,0,66.743,66.743,0,7.675,92.352,6.746,1608.467,0,6.765,6.765,NA,11
"5/24/2022 2:37:56 PM",0,29.309,1.385,2.92,2667.5,996.891,0,0,0,0,7.67,92.366,6.733,1804.3,0,6.752,6.752,NA,11
"5/24/2022 2:37:56 PM",0,29.169,1.389,2.921,2676,996.936,0,122.542,122.542,62.237,7.669,92.513,6.744,1908.801,0,6.763,6.763,NA,11
"5/24/2022 2:37:56 PM",0,29.115,1.12,2.378,2180.4,996.75,0,0,0,0,7.664,92.539,6.756,1972.011,0,6.775,6.775,NA,11
"5/24/2022 2:37:56 PM",0,29.094,1.099,2.335,2141.6,996.741,0,0,0,0,7.661,92.64,6.764,2010.668,0,6.784,6.783,NA,11
"5/24/2022 2:37:56 PM",0,29.391,31.669,52.796,48145.3,1019.434,19.436,0,0,0,7.669,92.659,5.73,2031.908,0,5.745,5.746,NA,11
"5/24/2022 2:37:57 PM",0.091,30.128,50.548,80.755,72567.4,1033.394,33.394,0,0,3.514,7.676,92.916,5.186,668.042,0,5.196,5.199,NA,11
"5/24/2022 2:37:57 PM",0.341,30.197,50.116,80.256,72022.3,1033.044,33.043,10.562,10.562,51.583,7.678,93.276,5.219,623.098,0,5.229,5.233,NA,11
"5/24/2022 2:37:57 PM",0.532,30.214,50.468,80.77,72458.6,1033.305,33.303,4.01,4.01,16.874,7.678,93.324,5.212,290.649,0,5.222,5.225,NA,11
"5/24/2022 2:37:57 PM",0.699,30.212,50.473,80.775,72465.5,1033.31,33.307,0.117,0.117,1.005,7.678,93.351,5.213,128.035,0,5.223,5.227,NA,11
"5/24/2022 2:37:58 PM",0.903,30.22,50.482,80.799,72475.7,1033.315,33.311,0,0,0.175,7.678,93.211,5.205,71.621,0,5.215,5.218,NA,11
"5/24/2022 2:37:58 PM",1.022,30.223,50.483,80.804,72476.1,1033.315,33.311,0,0,0.306,7.678,93.116,5.2,35.343,0,5.21,5.213,NA,11
"5/24/2022 2:37:58 PM",1.168,30.228,50.481,80.81,72473.5,1033.312,33.307,0.117,0.117,0.189,7.681,93.165,5.203,26.508,0,5.213,5.216,NA,11
"5/24/2022 2:37:58 PM",1.308,30.228,50.484,80.813,72476.8,1033.315,33.309,0.016,0.016,0.073,7.679,93.038,5.196,26.423,0,5.206,5.209,NA,11
"5/24/2022 2:37:58 PM",1.535,30.226,50.504,80.837,72501.9,1033.332,33.325,0.296,0.296,0.714,7.68,93.33,5.212,27.612,0,5.222,5.225,NA,11
"5/24/2022 2:37:59 PM",1.681,30.225,50.51,80.845,72510.4,1033.338,33.331,0.211,0.211,0.728,7.681,93.491,5.22,30.671,0,5.231,5.234,NA,11
"5/24/2022 2:37:59 PM",1.838,30.222,50.521,80.856,72523.7,1033.347,33.339,0.047,0.047,0.422,7.683,93.615,5.227,30.246,0,5.238,5.241,NA,11
"5/24/2022 2:37:59 PM",1.996,30.219,50.529,80.862,72534.6,1033.356,33.347,0.047,0.047,0.422,7.687,93.634,5.228,29.396,0,5.238,5.241,NA,11
"5/24/2022 2:37:59 PM",2.17,30.217,50.546,80.883,72555.6,1033.369,33.36,0.14,0.14,0.262,7.69,93.632,5.228,28.717,0,5.238,5.241,NA,11
"5/24/2022 2:37:59 PM",2.422,30.216,50.556,80.896,72569,1033.379,33.369,0.507,0.507,1.136,7.693,93.744,5.234,38.232,0,5.244,5.247,NA,11
"5/24/2022 2:38:00 PM",2.557,30.215,50.561,80.902,72574.7,1033.383,33.372,0.749,0.749,1.53,7.693,93.859,5.241,47.068,0,5.251,5.254,NA,11
"5/24/2022 2:38:00 PM",2.715,30.214,50.568,80.91,72583.6,1033.39,33.378,1.482,1.482,3.368,7.691,94.007,5.248,61.851,0,5.259,5.262,NA,11
"5/24/2022 2:38:00 PM",2.848,30.213,50.57,80.911,72586.3,1033.392,33.38,0.78,0.78,1.675,7.693,94.104,5.254,80.202,0,5.264,5.268,NA,11
"5/24/2022 2:38:00 PM",3.086,30.213,50.573,80.916,72591,1033.396,33.383,0.211,0.211,0.408,7.691,93.992,5.248,106.455,0,5.258,5.261,NA,11
"5/24/2022 2:38:00 PM",3.279,30.213,50.576,80.92,72594.9,1033.399,33.385,0.109,0.109,0.116,7.693,93.921,5.245,109.089,0,5.255,5.259,NA,11
"5/24/2022 2:38:01 PM",3.477,30.212,50.574,80.915,72591.4,1033.398,33.383,0.047,0.047,0.058,7.696,93.848,5.241,105.351,0,5.251,5.254,NA,11
"5/24/2022 2:38:01 PM",3.654,30.212,50.57,80.91,72586.8,1033.396,33.38,0,0,0,7.696,93.812,5.24,98.554,0,5.25,5.253,NA,11
"5/24/2022 2:38:01 PM",3.823,30.212,50.575,80.917,72593.3,1033.4,33.384,0,0,0,7.701,93.743,5.236,81.052,0,5.246,5.249,NA,11
"5/24/2022 2:38:01 PM",4.047,30.212,50.578,80.923,72597.7,1033.404,33.387,0,0,0,7.699,93.665,5.232,52.251,0,5.243,5.246,NA,11
"5/24/2022 2:38:01 PM",4.191,30.214,50.569,80.912,72585.8,1033.397,33.379,0,0,0,7.696,93.615,5.23,44.689,0,5.241,5.244,NA,11
"5/24/2022 2:38:02 PM",4.339,30.21,50.563,80.898,72578.7,1033.394,33.376,0,0,0,7.693,93.592,5.229,40.441,0,5.24,5.243,NA,11
"5/24/2022 2:38:02 PM",4.511,30.204,50.574,80.905,72593.4,1033.405,33.386,0,0,0,7.692,93.61,5.23,36.703,0,5.241,5.244,NA,11
"5/24/2022 2:38:02 PM",4.798,30.201,50.588,80.92,72611.8,1033.419,33.398,0,0,0,7.691,93.634,5.231,29.991,0,5.242,5.245,NA,11
"5/24/2022 2:38:02 PM",4.999,30.202,50.592,80.926,72615.9,1033.422,33.4,0.203,0.203,0.451,7.693,93.635,5.231,26.762,0,5.242,5.245,NA,11
"5/24/2022 2:38:02 PM",5.218,30.205,50.592,80.931,72616.3,1033.422,33.4,0.234,0.234,0.495,7.694,93.793,5.241,24.893,0,5.251,5.254,NA,11
"5/24/2022 2:38:03 PM",5.444,30.197,50.592,80.919,72616.5,1033.425,33.402,0.242,0.242,0.466,7.694,93.845,5.244,24.553,0,5.255,5.258,NA,11
"5/24/2022 2:38:03 PM",5.662,30.187,50.591,80.905,72617.6,1033.43,33.406,0.211,0.211,0.335,7.691,93.971,5.252,24.384,0,5.263,5.266,NA,11
"5/24/2022 2:38:03 PM",6.006,30.183,50.599,80.909,72628.1,1033.439,33.413,0.257,0.257,0.495,7.691,93.585,5.231,24.553,0,5.241,5.244,NA,11
"5/24/2022 2:38:03 PM",6.23,30.184,50.604,80.917,72634.2,1033.443,33.417,0.25,0.25,0.539,7.688,93.481,5.225,23.959,0,5.235,5.238,NA,11
"5/24/2022 2:38:03 PM",6.456,30.184,50.609,80.926,72640.7,1033.448,33.42,0.195,0.195,0.393,7.688,93.377,5.219,23.194,0,5.23,5.233,NA,11
"5/24/2022 2:38:04 PM",6.684,30.183,50.609,80.923,72640.2,1033.449,33.42,0.101,0.101,0.116,7.687,93.338,5.218,22.429,0,5.228,5.231,NA,11
"5/24/2022 2:38:04 PM",7.028,30.183,50.613,80.928,72645.4,1033.453,33.423,0.086,0.086,0.073,7.688,93.522,5.229,21.58,0,5.239,5.242,NA,11
"5/24/2022 2:38:04 PM",7.257,30.183,50.612,80.927,72644,1033.453,33.422,0.031,0.031,0.073,7.691,93.697,5.239,21.325,0,5.25,5.253,NA,11
"5/24/2022 2:38:04 PM",7.483,30.177,50.609,80.915,72642,1033.455,33.423,0.047,0.047,0.015,7.691,93.79,5.246,20.985,0,5.257,5.26,NA,11
"5/24/2022 2:38:04 PM",7.707,30.163,50.609,80.895,72643.5,1033.46,33.428,0.023,0.023,0,7.691,94.127,5.266,20.815,0,5.277,5.28,NA,11
"5/24/2022 2:38:05 PM",7.933,30.15,50.611,80.879,72647.9,1033.468,33.434,0,0,0,7.69,94.212,5.272,20.475,0,5.282,5.286,NA,11
"5/24/2022 2:38:05 PM",8.267,30.136,50.614,80.862,72653.4,1033.477,33.441,0,0,0,7.688,94.349,5.28,19.881,0,5.291,5.294,NA,11
"5/24/2022 2:38:05 PM",8.486,30.127,50.608,80.842,72647.1,1033.476,33.44,0,0,0,7.691,94.348,5.281,19.541,0,5.292,5.295,NA,11
"5/24/2022 2:38:05 PM",8.696,30.12,50.609,80.833,72649.2,1033.48,33.443,0,0,0,7.692,94.642,5.299,19.456,0,5.309,5.312,NA,11
"5/24/2022 2:38:05 PM",8.908,30.115,50.615,80.832,72656.6,1033.487,33.449,0,0,0,7.69,94.743,5.305,19.626,0,5.315,5.319,NA,11
"5/24/2022 2:38:06 PM",9.214,30.111,50.621,80.836,72665.1,1033.494,33.455,0,0,0,7.692,94.916,5.316,19.371,0,5.327,5.33,NA,11
"5/24/2022 2:38:06 PM",9.414,30.106,50.626,80.835,72671.6,1033.501,33.461,0,0,0,7.691,94.891,5.315,18.946,0,5.325,5.329,NA,11
"5/24/2022 2:38:06 PM",9.617,30.099,50.633,80.836,72681.7,1033.51,33.469,0.031,0.031,0,7.691,95.02,5.322,18.776,0,5.333,5.336,NA,11
"5/24/2022 2:38:06 PM",9.81,30.096,50.635,80.833,72684,1033.513,33.471,0.016,0.016,0,7.692,95.147,5.33,18.861,0,5.341,5.344,NA,11
"5/24/2022 2:38:07 PM",10.003,30.095,50.629,80.824,72677.5,1033.51,33.467,0.047,0.047,0,7.693,95.217,5.335,18.521,0,5.346,5.349,NA,11
"5/24/2022 2:38:07 PM",10.283,30.095,50.628,80.822,72676.3,1033.51,33.466,0.218,0.218,0.189,7.69,95.31,5.342,20.645,0,5.353,5.356,NA,11
"5/24/2022 2:38:07 PM",10.438,30.094,50.636,80.833,72686.9,1033.517,33.473,0.218,0.218,0.743,7.689,95.407,5.348,26.338,0,5.359,5.362,NA,11
"5/24/2022 2:38:07 PM",10.578,30.098,50.632,80.831,72680.6,1033.513,33.468,0.211,0.211,0.408,7.69,95.499,5.354,29.736,0,5.365,5.368,NA,11
"5/24/2022 2:38:07 PM",10.721,30.102,50.63,80.835,72677.7,1033.511,33.465,1.139,1.139,2.565,7.688,95.627,5.362,37.128,0,5.373,5.376,NA,11
"5/24/2022 2:38:08 PM",10.843,30.098,50.637,80.839,72686.8,1033.518,33.472,1.014,1.014,2.317,7.693,95.879,5.377,104.586,0,5.387,5.391,NA,11
"5/24/2022 2:38:08 PM",10.865,30.098,50.64,80.843,72691.2,1033.521,33.475,0.367,0.367,0.757,7.692,95.911,5.379,156.242,0,5.39,5.393,NA,11
"5/24/2022 2:38:08 PM",10.834,30.099,50.632,80.834,72681.7,1033.515,33.469,0.148,0.148,0.233,7.693,96.03,5.385,158.706,0,5.396,5.4,NA,11
"5/24/2022 2:38:08 PM",10.757,30.099,50.633,80.835,72681.8,1033.514,33.469,0.078,0.078,0.058,7.692,95.991,5.383,147.916,0,5.394,5.397,NA,11
"5/24/2022 2:38:08 PM",10.665,30.099,50.635,80.839,72684.8,1033.516,33.47,0.062,0.062,0.058,7.691,95.953,5.381,140.694,0,5.392,5.395,NA,11
"5/24/2022 2:38:09 PM",10.499,30.102,50.632,80.839,72681.1,1033.512,33.467,0.062,0.062,0.073,7.695,95.99,5.382,140.184,0,5.393,5.397,NA,11
"5/24/2022 2:38:09 PM",10.359,30.102,50.635,80.843,72684.3,1033.513,33.469,0.07,0.07,0.087,7.697,96.177,5.393,142.053,0,5.404,5.407,NA,11
"5/24/2022 2:38:09 PM",10.213,30.102,50.637,80.845,72686.2,1033.514,33.47,0.047,0.047,0,7.694,96.158,5.392,142.393,0,5.403,5.406,NA,11
"5/24/2022 2:38:09 PM",10.071,30.099,50.634,80.837,72683.3,1033.512,33.47,0.047,0.047,0.015,7.693,96.246,5.397,139.42,0,5.408,5.411,NA,11
"5/24/2022 2:38:09 PM",9.885,30.093,50.637,80.832,72687.3,1033.516,33.474,0.062,0.062,0.029,7.696,96.261,5.398,137.551,0,5.409,5.412,NA,11
"5/24/2022 2:38:10 PM",9.776,30.09,50.643,80.835,72695.2,1033.521,33.48,0.062,0.062,0.044,7.694,96.228,5.396,137.636,0,5.407,5.41,NA,11
"5/24/2022 2:38:10 PM",9.67,30.089,50.645,80.836,72697.7,1033.523,33.481,0.109,0.109,0.248,7.693,96.321,5.4,137.551,0,5.411,5.415,NA,11
"5/24/2022 2:38:10 PM",9.563,30.089,50.648,80.841,72701.1,1033.524,33.483,0.094,0.094,0.116,7.693,96.311,5.4,135.087,0,5.411,5.414,NA,11
"5/24/2022 2:38:10 PM",9.482,30.088,50.644,80.835,72696.8,1033.521,33.481,0.055,0.055,0.087,7.692,96.358,5.403,131.433,0,5.413,5.417,NA,11
"5/24/2022 2:38:10 PM",9.414,30.087,50.642,80.83,72694.7,1033.52,33.48,0.047,0.047,0,7.697,96.477,5.409,128.63,0,5.42,5.423,NA,11
"5/24/2022 2:38:11 PM",9.358,30.087,50.649,80.84,72703,1033.525,33.485,0.055,0.055,0.044,7.697,96.249,5.395,128.205,0,5.406,5.409,NA,11
"5/24/2022 2:38:11 PM",9.273,30.088,50.646,80.835,72698.5,1033.522,33.482,0.055,0.055,0.058,7.698,96.243,5.395,126.421,0,5.406,5.409,NA,11
"5/24/2022 2:38:11 PM",9.174,30.087,50.649,80.839,72702.2,1033.524,33.485,0.062,0.062,0.058,7.698,96.306,5.398,124.042,0,5.409,5.412,NA,11
"5/24/2022 2:38:11 PM",9.072,30.085,50.648,80.835,72701.3,1033.523,33.485,0.055,0.055,0.015,7.699,96.345,5.4,120.134,0,5.411,5.414,NA,11
"5/24/2022 2:38:11 PM",9.033,30.085,50.651,80.838,72704.9,1033.526,33.487,0.047,0.047,0.015,7.696,96.493,5.409,119.794,0,5.42,5.423,NA,11
"5/24/2022 2:38:12 PM",8.988,30.086,50.656,80.846,72711,1033.529,33.491,0.047,0.047,0.044,7.699,96.479,5.408,121.663,0,5.419,5.422,NA,11
"5/24/2022 2:38:12 PM",8.924,30.087,50.656,80.849,72711.5,1033.529,33.491,0.062,0.062,0.073,7.696,96.43,5.405,123.192,0,5.416,5.42,NA,11
"5/24/2022 2:38:12 PM",8.837,30.088,50.661,80.857,72717.1,1033.531,33.494,0.07,0.07,0.029,7.693,96.448,5.406,123.532,0,5.417,5.42,NA,11
"5/24/2022 2:38:12 PM",8.627,30.092,50.661,80.862,72716.7,1033.529,33.493,0.047,0.047,0.058,7.693,96.609,5.415,122.003,0,5.426,5.429,NA,11
"5/24/2022 2:38:12 PM",8.448,30.094,50.666,80.873,72722.9,1033.532,33.496,0.039,0.039,0.044,7.689,96.601,5.415,119.964,0,5.426,5.429,NA,11
"5/24/2022 2:38:13 PM",8.27,30.102,50.669,80.888,72725.5,1033.53,33.495,0.047,0.047,0,7.69,96.66,5.418,116.48,0,5.429,5.432,NA,11
"5/24/2022 2:38:13 PM",8.1,30.109,50.668,80.897,72722.8,1033.526,33.491,0.062,0.062,0.044,7.689,96.583,5.414,113.167,0,5.425,5.428,NA,11
"5/24/2022 2:38:13 PM",7.855,30.116,50.667,80.906,72721.3,1033.522,33.489,0.07,0.07,0,7.694,96.608,5.415,107.815,0,5.426,5.429,NA,11
"5/24/2022 2:38:13 PM",7.687,30.119,50.665,80.909,72718.5,1033.519,33.486,0.039,0.039,0.073,7.695,96.538,5.411,104.841,0,5.422,5.425,NA,11
"5/24/2022 2:38:13 PM",7.527,30.121,50.666,80.911,72719.3,1033.518,33.486,0.039,0.039,0.015,7.698,96.573,5.413,102.207,0,5.424,5.427,NA,11
"5/24/2022 2:38:14 PM",7.372,30.123,50.667,80.915,72719.8,1033.517,33.486,0.039,0.039,0.015,7.702,96.575,5.413,99.234,0,5.424,5.427,NA,11
"5/24/2022 2:38:14 PM",7.169,30.125,50.665,80.915,72717.2,1033.514,33.484,0.039,0.039,0.029,7.702,96.6,5.414,94.816,0,5.425,5.429,NA,11
"5/24/2022 2:38:14 PM",7.054,30.125,50.666,80.917,72718.2,1033.514,33.484,0.055,0.055,0.044,7.698,96.615,5.415,91.502,0,5.426,5.429,NA,11
"5/24/2022 2:38:14 PM",6.944,30.123,50.669,80.918,72721.8,1033.517,33.487,0.07,0.07,0.015,7.698,96.624,5.416,88.529,0,5.427,5.43,NA,11
"5/24/2022 2:38:14 PM",6.863,30.124,50.671,80.922,72724.1,1033.518,33.488,0.047,0.047,0.087,7.7,96.49,5.408,86.489,0,5.419,5.422,NA,11
"5/24/2022 2:38:15 PM",6.79,30.126,50.671,80.927,72724.8,1033.517,33.488,0.039,0.039,0.044,7.699,96.616,5.415,84.875,0,5.426,5.429,NA,11
"5/24/2022 2:38:15 PM",6.689,30.13,50.674,80.936,72727.5,1033.517,33.489,0.047,0.047,0.044,7.701,96.668,5.417,82.751,0,5.428,5.432,NA,11
"5/24/2022 2:38:15 PM",6.637,30.139,50.67,80.942,72721.2,1033.511,33.482,0.055,0.055,0.015,7.699,96.612,5.414,82.751,0,5.425,5.429,NA,11
"5/24/2022 2:38:15 PM",6.586,30.144,50.678,80.962,72731,1033.515,33.487,0.047,0.047,0.044,7.698,96.632,5.415,83.006,0,5.426,5.43,NA,11
"5/24/2022 2:38:16 PM",6.515,30.157,50.685,80.99,72738.1,1033.515,33.488,0.047,0.047,0.015,7.696,96.612,5.414,84.365,0,5.425,5.428,NA,11
"5/24/2022 2:38:16 PM",6.364,30.169,50.688,81.012,72739.9,1033.512,33.485,0.039,0.039,0.015,7.698,96.596,5.412,83.686,0,5.423,5.427,NA,11
"5/24/2022 2:38:16 PM",6.263,30.178,50.681,81.015,72729.8,1033.503,33.476,0.047,0.047,0.015,7.698,96.585,5.412,82.157,0,5.423,5.427,NA,11
"5/24/2022 2:38:16 PM",6.192,30.183,50.682,81.024,72731.2,1033.502,33.476,0.031,0.031,0.044,7.696,96.543,5.41,80.882,0,5.421,5.424,NA,11
"5/24/2022 2:38:16 PM",6.147,30.187,50.684,81.033,72733.1,1033.502,33.476,0.039,0.039,0.044,7.694,96.619,5.414,79.608,0,5.425,5.428,NA,11
"5/24/2022 2:38:17 PM",6.105,30.189,50.685,81.037,72733.4,1033.501,33.475,0.055,0.055,0.015,7.697,96.538,5.41,78.503,0,5.421,5.424,NA,11
"5/24/2022 2:38:17 PM",6.025,30.191,50.687,81.042,72736.1,1033.502,33.477,0.055,0.055,0.015,7.7,96.588,5.413,77.314,0,5.424,5.427,NA,11
"5/24/2022 2:38:17 PM",5.968,30.19,50.69,81.046,72740.6,1033.505,33.48,0.047,0.047,0.058,7.703,96.555,5.411,76.294,0,5.422,5.426,NA,11
"5/24/2022 2:38:17 PM",5.903,30.189,50.691,81.046,72741.4,1033.505,33.48,0.039,0.039,0,7.701,96.644,5.416,75.02,0,5.427,5.431,NA,11
"5/24/2022 2:38:17 PM",5.815,30.189,50.69,81.045,72740.1,1033.504,33.479,0.039,0.039,0.044,7.705,96.535,5.411,73.321,0,5.422,5.425,NA,11
"5/24/2022 2:38:18 PM",5.622,30.189,50.693,81.048,72743.8,1033.506,33.482,0.039,0.039,0.029,7.704,96.493,5.409,70.177,0,5.42,5.423,NA,11
"5/24/2022 2:38:18 PM",5.472,30.19,50.698,81.056,72749.9,1033.509,33.485,0.031,0.031,0.058,7.736,96.606,5.415,68.138,0,5.426,5.429,NA,11
"5/24/2022 2:38:18 PM",5.37,30.193,50.696,81.058,72746.7,1033.505,33.483,0.039,0.039,0.087,7.763,96.515,5.411,66.014,0,5.422,5.425,NA,11
"5/24/2022 2:38:18 PM",5.269,30.195,50.694,81.058,72743.5,1033.502,33.48,0.055,0.055,0.029,7.772,96.504,5.41,64.825,0,5.421,5.424,NA,11
"5/24/2022 2:38:18 PM",5.175,30.196,50.691,81.055,72739.8,1033.499,33.478,0.039,0.039,0.058,7.78,96.615,5.416,63.89,0,5.427,5.431,NA,11
"5/24/2022 2:38:19 PM",5.026,30.196,50.691,81.055,72740.3,1033.499,33.478,0.055,0.055,0.058,7.786,96.527,5.412,63.38,0,5.423,5.426,NA,11
"5/24/2022 2:38:19 PM",4.932,30.195,50.69,81.051,72738.3,1033.498,33.477,0.047,0.047,0.029,7.789,96.494,5.41,63.465,0,5.421,5.425,NA,11
"5/24/2022 2:38:19 PM",4.843,30.195,50.692,81.055,72741,1033.499,33.479,0.039,0.039,0.015,7.792,96.616,5.417,63.38,0,5.428,5.431,NA,11
"5/24/2022 2:38:19 PM",4.763,30.196,50.694,81.059,72744,1033.501,33.48,0.047,0.047,0.029,7.795,96.533,5.412,63.465,0,5.423,5.427,NA,11
"5/24/2022 2:38:19 PM",4.676,30.199,50.697,81.067,72747.1,1033.501,33.481,0.047,0.047,0.058,7.803,96.435,5.407,63.805,0,5.418,5.422,NA,11
"5/24/2022 2:38:20 PM",4.643,30.204,50.692,81.068,72740.2,1033.495,33.476,0.039,0.039,0.073,7.805,96.536,5.412,64.315,0,5.423,5.427,NA,11
"5/24/2022 2:38:20 PM",4.619,30.207,50.692,81.072,72739.3,1033.494,33.474,0.031,0.031,0.073,7.809,96.372,5.403,64.74,0,5.414,5.418,NA,11
"5/24/2022 2:38:20 PM",4.607,30.21,50.692,81.077,72739.8,1033.493,33.474,0.062,0.062,0.029,7.81,96.489,5.411,64.74,0,5.422,5.425,NA,11
"5/24/2022 2:38:20 PM",4.621,30.21,50.693,81.078,72740.1,1033.493,33.474,0.07,0.07,0.044,7.81,96.427,5.407,64.4,0,5.418,5.421,NA,11
"5/24/2022 2:38:20 PM",4.649,30.213,50.694,81.084,72741.2,1033.493,33.474,0.055,0.055,0.102,7.817,96.44,5.407,63.21,0,5.418,5.422,NA,11
"5/24/2022 2:38:21 PM",4.68,30.212,50.698,81.088,72746.4,1033.497,33.477,0.078,0.078,0.102,7.814,96.474,5.409,62.701,0,5.42,5.423,NA,11
"5/24/2022 2:38:21 PM",4.709,30.213,50.699,81.092,72747.8,1033.498,33.478,0.055,0.055,0.015,7.815,96.541,5.413,63.295,0,5.424,5.427,NA,11
"5/24/2022 2:38:21 PM",4.727,30.214,50.699,81.092,72747.5,1033.497,33.477,0.031,0.031,0.058,7.821,96.454,5.408,64.485,0,5.419,5.422,NA,11
"5/24/2022 2:38:21 PM",4.735,30.214,50.696,81.088,72743.8,1033.495,33.475,0.039,0.039,0,7.819,96.501,5.411,65.419,0,5.422,5.425,NA,11
"5/24/2022 2:38:21 PM",4.718,30.213,50.702,81.096,72751.7,1033.5,33.48,0.023,0.023,0.029,7.823,96.507,5.411,65.759,0,5.422,5.426,NA,11
"5/24/2022 2:38:22 PM",4.72,30.212,50.704,81.097,72754.1,1033.502,33.482,0.016,0.016,0.029,7.822,96.502,5.411,66.354,0,5.422,5.425,NA,11
"5/24/2022 2:38:22 PM",4.692,30.212,50.71,81.105,72761.3,1033.506,33.486,0.047,0.047,0.029,7.823,96.504,5.411,67.628,0,5.422,5.425,NA,11
"5/24/2022 2:38:22 PM",4.661,30.213,50.712,81.108,72763.6,1033.507,33.487,0.031,0.031,0.044,7.82,96.587,5.416,68.988,0,5.427,5.43,NA,11
"5/24/2022 2:38:22 PM",4.595,30.214,50.71,81.108,72761.5,1033.505,33.486,0.047,0.047,0,7.824,96.561,5.414,70.432,0,5.425,5.429,NA,11
"5/24/2022 2:38:22 PM",4.551,30.216,50.71,81.11,72761.6,1033.505,33.485,0.047,0.047,0.044,7.842,96.349,5.403,70.857,0,5.414,5.417,NA,11
"5/24/2022 2:38:23 PM",4.504,30.215,50.71,81.11,72761.8,1033.505,33.486,0.062,0.062,0.102,7.848,96.409,5.406,70.942,0,5.418,5.421,NA,11
"5/24/2022 2:38:23 PM",4.449,30.215,50.711,81.111,72762.8,1033.505,33.486,0.062,0.062,0.044,7.848,96.381,5.405,70.517,0,5.416,5.419,NA,11
"5/24/2022 2:38:23 PM",4.362,30.214,50.708,81.105,72758.8,1033.503,33.484,0.031,0.031,0.044,7.852,96.494,5.411,67.458,0,5.422,5.426,NA,11
"5/24/2022 2:38:23 PM",4.292,30.213,50.711,81.106,72762.1,1033.505,33.487,0.031,0.031,0.058,7.854,96.44,5.409,65.844,0,5.42,5.423,NA,11
"5/24/2022 2:38:23 PM",4.212,30.212,50.708,81.103,72759.4,1033.503,33.485,0.039,0.039,0.044,7.855,96.478,5.411,64.91,0,5.422,5.425,NA,11
"5/24/2022 2:38:24 PM",4.129,30.212,50.71,81.105,72761.1,1033.504,33.486,0.039,0.039,0,7.854,96.449,5.41,63.55,0,5.421,5.424,NA,11
"5/24/2022 2:38:24 PM",4.044,30.212,50.711,81.106,72762.7,1033.504,33.487,0.039,0.039,0.073,7.852,96.486,5.412,63.125,0,5.423,5.426,NA,11
"5/24/2022 2:38:24 PM",3.945,30.208,50.716,81.106,72769,1033.509,33.492,0.047,0.047,0.029,7.855,96.5,5.413,62.701,0,5.424,5.427,NA,11
"5/24/2022 2:38:24 PM",3.9,30.204,50.719,81.106,72773.7,1033.513,33.496,0.055,0.055,0.029,7.853,96.453,5.41,61.766,0,5.421,5.425,NA,11
"5/24/2022 2:38:24 PM",3.858,30.203,50.722,81.107,72776.8,1033.515,33.499,0.047,0.047,0.029,7.854,96.478,5.411,61.426,0,5.422,5.425,NA,11
"5/24/2022 2:38:25 PM",3.835,30.203,50.722,81.107,72777.1,1033.515,33.499,0.055,0.055,0.029,7.856,96.445,5.41,61.341,0,5.421,5.425,NA,11
"5/24/2022 2:38:25 PM",3.818,30.2,50.726,81.109,72782.1,1033.519,33.503,0.047,0.047,0.073,7.856,96.457,5.411,62.786,0,5.422,5.426,NA,11
"5/24/2022 2:38:25 PM",3.825,30.2,50.726,81.11,72783.1,1033.519,33.503,0.055,0.055,0.102,7.857,96.43,5.41,64.655,0,5.421,5.424,NA,11
"5/24/2022 2:38:25 PM",3.84,30.201,50.726,81.111,72782.7,1033.519,33.503,0.047,0.047,0.073,7.857,96.504,5.414,66.014,0,5.425,5.428,NA,11
"5/24/2022 2:38:26 PM",3.86,30.201,50.725,81.109,72781.2,1033.518,33.502,0.055,0.055,0.058,7.858,96.304,5.403,66.694,0,5.414,5.418,NA,11
"5/24/2022 2:38:26 PM",3.882,30.201,50.726,81.11,72782.4,1033.519,33.503,0.062,0.062,0.044,7.856,96.464,5.412,67.968,0,5.423,5.426,NA,11
"5/24/2022 2:38:26 PM",3.929,30.201,50.726,81.11,72782.4,1033.519,33.503,0.047,0.047,0.102,7.863,96.504,5.415,69.412,0,5.426,5.429,NA,11
"5/24/2022 2:38:26 PM",3.959,30.2,50.726,81.108,72782.6,1033.52,33.503,0.062,0.062,0.087,7.866,96.398,5.408,69.752,0,5.42,5.423,NA,11
"5/24/2022 2:38:26 PM",3.955,30.198,50.722,81.1,72777.3,1033.517,33.5,0.039,0.039,0.029,7.865,96.531,5.416,69.922,0,5.427,5.431,NA,11
"5/24/2022 2:38:27 PM",3.953,30.196,50.718,81.092,72773.2,1033.515,33.498,0.023,0.023,0.015,7.868,96.439,5.411,68.733,0,5.422,5.425,NA,11
"5/24/2022 2:38:27 PM",3.926,30.193,50.726,81.099,72784,1033.522,33.506,0.039,0.039,0.058,7.87,96.498,5.414,66.099,0,5.425,5.429,NA,11
"5/24/2022 2:38:27 PM",3.9,30.194,50.727,81.101,72784.8,1033.523,33.506,0.031,0.031,0.058,7.868,96.467,5.413,65.844,0,5.424,5.427,NA,11
"5/24/2022 2:38:27 PM",3.877,30.194,50.729,81.104,72787.1,1033.524,33.507,0.055,0.055,0.029,7.872,96.334,5.405,65.164,0,5.416,5.42,NA,11
"5/24/2022 2:38:27 PM",3.839,30.194,50.734,81.11,72792.8,1033.527,33.511,0.047,0.047,0.029,7.871,96.43,5.411,63.55,0,5.422,5.425,NA,11
"5/24/2022 2:38:28 PM",3.802,30.195,50.736,81.115,72795.9,1033.529,33.513,0.047,0.047,0.015,7.872,96.429,5.411,62.446,0,5.422,5.425,NA,11
"5/24/2022 2:38:28 PM",3.717,30.196,50.734,81.114,72792.7,1033.526,33.51,0.039,0.039,0.044,7.871,96.417,5.41,63.04,0,5.421,5.425,NA,11
"5/24/2022 2:38:28 PM",3.656,30.198,50.731,81.113,72788.8,1033.523,33.507,0.055,0.055,0.029,7.873,96.424,5.411,65.08,0,5.422,5.426,NA,11
"5/24/2022 2:38:28 PM",3.592,30.198,50.731,81.113,72788.6,1033.522,33.507,0.055,0.055,0.058,7.875,96.535,5.417,67.458,0,5.429,5.432,NA,11
"5/24/2022 2:38:28 PM",3.528,30.197,50.726,81.104,72783.2,1033.519,33.504,0.055,0.055,0.058,7.872,96.512,5.417,70.432,0,5.428,5.431,NA,11
"5/24/2022 2:38:29 PM",3.432,30.194,50.728,81.103,72785.8,1033.521,33.507,0.047,0.047,0.015,7.879,96.53,5.417,72.981,0,5.428,5.432,NA,11
"5/24/2022 2:38:29 PM",3.361,30.195,50.73,81.108,72788.3,1033.522,33.508,0.039,0.039,0.087,7.877,96.538,5.419,73.151,0,5.43,5.433,NA,11
"5/24/2022 2:38:29 PM",3.319,30.196,50.729,81.106,72786,1033.52,33.506,0.031,0.031,0.029,7.88,96.444,5.414,72.131,0,5.425,5.428,NA,11
"5/24/2022 2:38:29 PM",3.267,30.197,50.727,81.106,72784.4,1033.519,33.505,0.055,0.055,0,7.88,96.295,5.406,70.942,0,5.417,5.42,NA,11
"5/24/2022 2:38:29 PM",3.234,30.197,50.728,81.107,72785,1033.519,33.505,0.047,0.047,0.015,7.871,96.392,5.411,67.798,0,5.422,5.426,NA,11
"5/24/2022 2:38:30 PM",3.223,30.198,50.729,81.11,72786,1033.519,33.506,0.039,0.039,0.015,7.876,96.411,5.413,67.204,0,5.424,5.427,NA,11
"5/24/2022 2:38:30 PM",3.225,30.199,50.729,81.111,72785.8,1033.519,33.505,0.039,0.039,0.073,7.875,96.39,5.412,67.968,0,5.423,5.427,NA,11
"5/24/2022 2:38:30 PM",3.251,30.2,50.727,81.11,72783.1,1033.517,33.503,0.047,0.047,0.058,7.878,96.47,5.416,69.667,0,5.427,5.431,NA,11
"5/24/2022 2:38:30 PM",3.272,30.201,50.729,81.115,72786.4,1033.519,33.505,0.055,0.055,0.058,7.877,96.291,5.406,72.131,0,5.417,5.421,NA,11
"5/24/2022 2:38:30 PM",3.356,30.205,50.727,81.119,72783.5,1033.516,33.502,0.062,0.062,0.044,7.877,96.331,5.409,76.974,0,5.42,5.423,NA,11
"5/24/2022 2:38:31 PM",3.401,30.204,50.732,81.122,72789.3,1033.521,33.506,0.062,0.062,0.116,7.875,96.462,5.417,78.248,0,5.428,5.431,NA,11
"5/24/2022 2:38:31 PM",3.408,30.205,50.734,81.127,72791.8,1033.522,33.507,0.055,0.055,0.073,7.876,96.399,5.412,78.418,0,5.423,5.427,NA,11
"5/24/2022 2:38:31 PM",3.387,30.206,50.734,81.128,72791.6,1033.521,33.507,0.047,0.047,0.015,7.876,96.412,5.413,76.804,0,5.424,5.427,NA,11
"5/24/2022 2:38:31 PM",3.373,30.208,50.732,81.129,72789.4,1033.519,33.505,0.039,0.039,0.044,7.876,96.451,5.415,74.595,0,5.426,5.43,NA,11
"5/24/2022 2:38:31 PM",3.317,30.208,50.73,81.127,72786.3,1033.517,33.503,0.047,0.047,0,7.879,96.344,5.41,70.772,0,5.421,5.424,NA,11
"5/24/2022 2:38:32 PM",3.281,30.208,50.73,81.127,72786.5,1033.517,33.503,0.031,0.031,0.015,7.879,96.272,5.406,68.393,0,5.417,5.42,NA,11
"5/24/2022 2:38:32 PM",3.234,30.208,50.732,81.129,72788.8,1033.518,33.504,0.031,0.031,0.044,7.879,96.327,5.409,66.099,0,5.42,5.423,NA,11
"5/24/2022 2:38:32 PM",3.166,30.208,50.733,81.13,72790.1,1033.519,33.505,0.031,0.031,0,7.878,96.293,5.407,64.74,0,5.418,5.421,NA,11
"5/24/2022 2:38:32 PM",3.076,30.207,50.735,81.131,72792.4,1033.52,33.507,0.062,0.062,0.058,7.883,96.328,5.409,65.589,0,5.421,5.424,NA,11
"5/24/2022 2:38:32 PM",3.013,30.206,50.736,81.131,72793.2,1033.521,33.508,0.086,0.086,0.087,7.883,96.405,5.414,68.053,0,5.425,5.429,NA,11
"5/24/2022 2:38:33 PM",2.949,30.208,50.736,81.133,72793.5,1033.52,33.508,0.078,0.078,0.131,7.881,96.277,5.407,70.177,0,5.418,5.422,NA,11
"5/24/2022 2:38:33 PM",2.876,30.207,50.737,81.134,72794.7,1033.521,33.508,0.055,0.055,0.044,7.882,96.188,5.402,71.367,0,5.413,5.416,NA,11
"5/24/2022 2:38:33 PM",2.803,30.207,50.739,81.136,72797,1033.522,33.51,0.055,0.055,0.029,7.883,96.317,5.41,72.471,0,5.421,5.424,NA,11
"5/24/2022 2:38:33 PM",2.706,30.208,50.739,81.137,72796.7,1033.521,33.51,0.055,0.055,0.044,7.882,96.289,5.408,70.772,0,5.419,5.422,NA,11
"5/24/2022 2:38:33 PM",2.655,30.208,50.739,81.139,72797.6,1033.521,33.51,0.055,0.055,0.044,7.883,96.273,5.408,70.432,0,5.419,5.422,NA,11
"5/24/2022 2:38:34 PM",2.608,30.208,50.74,81.14,72798,1033.521,33.51,0.055,0.055,0.044,7.887,96.275,5.408,72.811,0,5.419,5.422,NA,11
"5/24/2022 2:38:34 PM",2.577,30.209,50.742,81.143,72800.1,1033.522,33.511,0.047,0.047,0.058,7.887,96.218,5.405,76.209,0,5.416,5.419,NA,11
"5/24/2022 2:38:34 PM",2.56,30.208,50.744,81.146,72803.6,1033.525,33.514,0.055,0.055,0,7.883,96.197,5.404,78.248,0,5.415,5.418,NA,11
"5/24/2022 2:38:34 PM",2.556,30.208,50.747,81.149,72806.8,1033.527,33.516,0.031,0.031,0.029,7.887,96.232,5.406,77.654,0,5.417,5.42,NA,11
"5/24/2022 2:38:35 PM",2.577,30.211,50.746,81.151,72805.2,1033.525,33.514,0.047,0.047,0.015,7.887,96.316,5.411,76.889,0,5.422,5.425,NA,11
"5/24/2022 2:38:35 PM",2.62,30.211,50.745,81.151,72804,1033.524,33.513,0.031,0.031,0.044,7.889,96.203,5.405,77.059,0,5.416,5.419,NA,11
"5/24/2022 2:38:35 PM",2.681,30.206,50.75,81.15,72810.7,1033.53,33.519,0.062,0.062,0.087,7.888,96.217,5.405,79.183,0,5.417,5.42,NA,11
"5/24/2022 2:38:35 PM",2.739,30.206,50.743,81.141,72802.6,1033.525,33.514,0.062,0.062,0.102,7.887,96.352,5.413,82.666,0,5.424,5.427,NA,11
"5/24/2022 2:38:35 PM",2.744,30.207,50.743,81.142,72802.4,1033.525,33.513,0.047,0.047,0.058,7.888,96.369,5.414,83.516,0,5.425,5.428,NA,11
"5/24/2022 2:38:36 PM",2.719,30.207,50.744,81.143,72803.8,1033.526,33.514,0.031,0.031,0.029,7.887,96.168,5.402,84.79,0,5.413,5.417,NA,11
"5/24/2022 2:38:36 PM",2.692,30.206,50.748,81.148,72808.9,1033.529,33.517,0.055,0.055,0.058,7.891,96.279,5.409,85.81,0,5.42,5.424,NA,11
"5/24/2022 2:38:36 PM",2.627,30.207,50.75,81.153,72811.6,1033.53,33.519,0.055,0.055,0.073,7.89,96.236,5.407,85.045,0,5.418,5.421,NA,11
"5/24/2022 2:38:36 PM",2.561,30.208,50.751,81.155,72812.4,1033.53,33.519,0.07,0.07,0.058,7.89,96.326,5.411,84.281,0,5.422,5.426,NA,11
"5/24/2022 2:38:36 PM",2.485,30.21,50.752,81.159,72813,1033.53,33.519,0.055,0.055,0.087,7.891,96.18,5.404,82.836,0,5.415,5.418,NA,11
"5/24/2022 2:38:37 PM",2.391,30.211,50.75,81.158,72809.7,1033.527,33.517,0.039,0.039,0.073,7.892,96.19,5.404,80.542,0,5.415,5.418,NA,11
"5/24/2022 2:38:37 PM",2.278,30.213,50.751,81.162,72811.1,1033.527,33.517,0.039,0.039,0.073,7.893,96.162,5.403,73.151,0,5.414,5.417,NA,11
"5/24/2022 2:38:37 PM",2.202,30.214,50.751,81.163,72810.9,1033.526,33.516,0.039,0.039,0.044,7.892,96.203,5.405,71.621,0,5.417,5.42,NA,11
"5/24/2022 2:38:37 PM",2.13,30.215,50.752,81.165,72811.7,1033.526,33.517,0.055,0.055,0.102,7.893,96.21,5.406,73.745,0,5.417,5.42,NA,11
"5/24/2022 2:38:37 PM",2.057,30.214,50.75,81.162,72810.4,1033.525,33.516,0.055,0.055,0.102,7.895,96.211,5.406,76.124,0,5.418,5.421,NA,11
"5/24/2022 2:38:38 PM",2.007,30.214,50.75,81.162,72810.2,1033.525,33.516,0.055,0.055,0.058,7.899,96.068,5.398,79.778,0,5.409,5.413,NA,11
"5/24/2022 2:38:38 PM",1.944,30.212,50.752,81.161,72812.1,1033.526,33.518,0.047,0.047,0.058,7.901,96.191,5.406,84.111,0,5.417,5.42,NA,11
"5/24/2022 2:38:38 PM",1.925,30.212,50.753,81.162,72813.8,1033.527,33.519,0.062,0.062,0.044,7.898,96.164,5.404,86.32,0,5.415,5.418,NA,11
"5/24/2022 2:38:38 PM",1.92,30.211,50.755,81.164,72816,1033.529,33.521,0.055,0.055,0.073,7.895,96.097,5.401,87.084,0,5.412,5.415,NA,11
"5/24/2022 2:38:38 PM",1.915,30.211,50.754,81.164,72815.4,1033.528,33.52,0.039,0.039,0.087,7.899,96.119,5.402,86.744,0,5.413,5.416,NA,11
"5/24/2022 2:38:39 PM",1.91,30.212,50.756,81.167,72817.3,1033.529,33.521,0.047,0.047,0.116,7.899,96.168,5.405,85.47,0,5.416,5.419,NA,11
"5/24/2022 2:38:39 PM",1.873,30.213,50.755,81.168,72816,1033.528,33.52,0.07,0.07,0.073,7.902,96.018,5.396,86.405,0,5.408,5.411,NA,11
"5/24/2022 2:38:39 PM",1.835,30.214,50.754,81.166,72814.2,1033.527,33.519,0.062,0.062,0.116,7.901,96.107,5.401,88.953,0,5.413,5.416,NA,11
"5/24/2022 2:38:39 PM",1.797,30.214,50.753,81.166,72813.3,1033.526,33.518,0.047,0.047,0.044,7.902,96.064,5.399,92.522,0,5.41,5.414,NA,11
"5/24/2022 2:38:39 PM",1.751,30.214,50.753,81.165,72813,1033.526,33.518,0.023,0.023,0.029,7.901,96.16,5.405,96.09,0,5.416,5.419,NA,11
"5/24/2022 2:38:40 PM",1.76,30.213,50.753,81.165,72813.4,1033.526,33.518,0.023,0.023,0.029,7.902,96.087,5.401,98.299,0,5.412,5.415,NA,11
"5/24/2022 2:38:40 PM",1.793,30.211,50.755,81.165,72816.8,1033.529,33.521,0.062,0.062,0.058,7.906,96.036,5.398,96.175,0,5.41,5.413,NA,11
"5/24/2022 2:38:40 PM",1.805,30.212,50.757,81.168,72818.8,1033.53,33.522,0.039,0.039,0.029,7.903,96.07,5.4,95.24,0,5.411,5.415,NA,11
"5/24/2022 2:38:40 PM",1.788,30.213,50.757,81.17,72818.7,1033.529,33.522,0.047,0.047,0.116,7.9,96.077,5.401,96.94,0,5.412,5.415,NA,11
"5/24/2022 2:38:40 PM",1.776,30.214,50.756,81.169,72816.9,1033.528,33.52,0.039,0.039,0.073,7.902,96.101,5.402,101.188,0,5.413,5.417,NA,11
"5/24/2022 2:38:41 PM",1.731,30.215,50.756,81.171,72817.5,1033.528,33.521,0.055,0.055,0.029,7.906,96.142,5.405,109.174,0,5.416,5.419,NA,11
"5/24/2022 2:38:41 PM",1.682,30.215,50.756,81.172,72817.6,1033.528,33.521,0.055,0.055,0.073,7.911,96.207,5.409,107.984,0,5.42,5.423,NA,11
"5/24/2022 2:38:41 PM",1.6,30.214,50.755,81.168,72815.8,1033.526,33.52,0.039,0.039,0,7.909,96.17,5.407,105.69,0,5.418,5.421,NA,11
"5/24/2022 2:38:41 PM",1.487,30.214,50.756,81.169,72816.6,1033.527,33.52,0.047,0.047,0.029,7.913,96.178,5.407,100.508,0,5.418,5.421,NA,11
"5/24/2022 2:38:41 PM",1.324,30.214,50.754,81.166,72814.4,1033.525,33.519,0.039,0.039,0.015,7.914,96.148,5.406,89.378,0,5.417,5.42,NA,11
"5/24/2022 2:38:42 PM",1.221,30.213,50.753,81.164,72812.7,1033.523,33.518,0.055,0.055,0.044,7.916,96.063,5.401,80.627,0,5.412,5.415,NA,11
"5/24/2022 2:38:42 PM",1.147,30.213,50.752,81.163,72812,1033.523,33.518,0.031,0.031,0.015,7.914,96.156,5.406,79.268,0,5.418,5.421,NA,11
"5/24/2022 2:38:42 PM",1.074,30.214,50.75,81.161,72809.6,1033.521,33.516,0.039,0.039,0.015,7.913,96.187,5.408,84.535,0,5.42,5.423,NA,11
"5/24/2022 2:38:42 PM",0.988,30.214,50.75,81.162,72809.8,1033.52,33.516,0.055,0.055,0.087,7.913,96.194,5.409,92.182,0,5.42,5.423,NA,11
"5/24/2022 2:38:42 PM",0.935,30.214,50.752,81.164,72812,1033.522,33.518,0.055,0.055,0.044,7.912,96.134,5.405,95.75,0,5.417,5.42,NA,11
"5/24/2022 2:38:43 PM",0.893,30.214,50.751,81.162,72810.8,1033.521,33.517,0.055,0.055,0.029,7.911,96.102,5.404,93.711,0,5.415,5.418,NA,11
"5/24/2022 2:38:43 PM",0.863,30.214,50.752,81.164,72811.8,1033.521,33.518,0.023,0.023,0,7.912,96.058,5.401,89.378,0,5.412,5.415,NA,11
"5/24/2022 2:38:43 PM",0.83,30.214,50.751,81.162,72810.4,1033.52,33.517,0.031,0.031,0.044,7.913,96.085,5.402,92.012,0,5.414,5.417,NA,11
"5/24/2022 2:38:43 PM",0.763,30.214,50.752,81.164,72811.6,1033.521,33.517,0.047,0.047,0.015,7.91,96.235,5.411,95.75,0,5.422,5.425,NA,11
"5/24/2022 2:38:44 PM",0.705,30.215,50.75,81.163,72808.7,1033.518,33.515,0.039,0.039,0.044,7.909,96.015,5.398,96.6,0,5.41,5.413,NA,11
"5/24/2022 2:38:44 PM",0.636,30.216,50.75,81.163,72808.7,1033.518,33.515,0.055,0.055,0.044,7.912,96.051,5.401,92.862,0,5.412,5.415,NA,11
"5/24/2022 2:38:44 PM",0.537,30.216,50.748,81.162,72806.8,1033.516,33.514,0.047,0.047,0.058,7.912,96.112,5.404,93.541,0,5.415,5.419,NA,11
"5/24/2022 2:38:44 PM",0.396,30.216,50.746,81.158,72804,1033.514,33.512,0.039,0.039,0.015,7.914,96.145,5.406,99.149,0,5.417,5.42,NA,11
"5/24/2022 2:38:44 PM",0.328,30.215,50.733,81.139,72787.8,1033.504,33.503,0.023,0.023,0.029,7.916,96.129,5.406,107.05,0,5.417,5.421,NA,11
"5/24/2022 2:38:45 PM",0.276,30.214,50.725,81.125,72777.6,1033.498,33.497,0.031,0.031,0.015,7.915,96.135,5.406,119.369,0,5.418,5.421,NA,11
"5/24/2022 2:38:45 PM",0.239,30.214,50.721,81.12,72773.3,1033.495,33.494,0.055,0.055,0.029,7.914,96.166,5.409,153.438,0,5.42,5.423,NA,11
"5/24/2022 2:38:45 PM",0.227,30.213,50.721,81.118,72772.5,1033.495,33.494,0.07,0.07,0.058,7.912,96.092,5.405,177.737,0,5.416,5.42,NA,11
"5/24/2022 2:38:45 PM",0.239,30.212,50.721,81.118,72772.9,1033.496,33.495,0.055,0.055,0.073,7.912,96.069,5.404,186.658,0,5.415,5.419,NA,11
"5/24/2022 2:38:45 PM",0.245,30.212,50.721,81.118,72772.9,1033.496,33.495,0.023,0.023,0.015,7.912,95.991,5.399,202.12,0,5.41,5.414,NA,11
"5/24/2022 2:38:46 PM",0.232,30.213,50.72,81.118,72772.2,1033.495,33.494,0.078,0.078,0.087,7.912,96.232,5.413,203.989,0,5.424,5.428,NA,11
"5/24/2022 2:38:46 PM",0.205,30.213,50.721,81.12,72773.2,1033.495,33.494,0.055,0.055,0.015,7.91,96.068,5.403,210.277,0,5.415,5.418,NA,11
"5/24/2022 2:38:46 PM",0.123,30.213,50.722,81.12,72773.8,1033.495,33.495,0.016,0.016,0,7.913,96.171,5.41,203.055,0,5.421,5.424,NA,11
"5/24/2022 2:38:46 PM",0.045,30.213,50.72,81.118,72772,1033.494,33.494,0.125,0.125,0.044,7.913,96.321,5.419,198.127,0,5.43,5.433,NA,11
"5/24/2022 2:38:46 PM",0,30.213,50.72,81.119,72772,1033.494,33.494,0.14,0.14,0.087,7.911,96.099,5.406,212.485,0,5.417,5.421,NA,11
"5/24/2022 2:38:47 PM",0,30.213,50.718,81.114,72768.6,1033.491,33.492,0.094,0.094,0.102,7.913,96.218,5.413,224.72,0,5.424,5.428,NA,11
"5/24/2022 2:38:47 PM",0,30.213,50.717,81.113,72767.6,1033.49,33.491,0.055,0.055,0.102,7.912,96.107,5.407,263.886,0,5.418,5.422,NA,11
"5/24/2022 2:38:47 PM",0,30.213,50.715,81.111,72765.8,1033.489,33.49,0.023,0.023,0.044,7.911,96.15,5.41,314.183,0,5.421,5.424,NA,11
"5/24/2022 2:38:47 PM",0,30.213,50.713,81.108,72763.1,1033.487,33.489,0.016,0.016,0,7.911,96.003,5.401,330.41,0,5.413,5.416,NA,11
"5/24/2022 2:38:47 PM",0,30.212,47.145,76.126,68294.6,1030.789,30.791,0,0,0,7.911,96.029,5.51,330.155,0,5.522,5.525,NA,11
"5/24/2022 2:38:48 PM",0,30.189,4.26,8.539,7664,998.768,0,33.286,33.286,26.014,7.91,96.081,6.967,329.391,0,6.987,6.987,NA,11
"5/24/2022 2:38:48 PM",0,30.031,2.033,4.255,3831.2,997.158,0,298.823,298.823,487.651,7.911,96.113,7.055,334.658,0,7.075,7.075,NA,11
"5/24/2022 2:38:48 PM",0,29.803,1.122,2.413,2182.7,996.546,0,501.026,501.026,1225.221,7.91,96.258,7.101,332.874,0,7.122,7.122,NA,11
"5/24/2022 2:38:48 PM",0,29.524,2.086,4.318,3926.9,997.35,0,313.762,313.762,428.319,7.907,96.255,7.064,351.48,0,7.084,7.084,NA,11
"5/24/2022 2:38:48 PM",0,29.26,1.433,3.013,2754.4,996.941,0,122.503,122.503,653.169,7.907,96.244,7.089,354.624,0,7.109,7.109,NA,11
"5/24/2022 2:38:49 PM",0,28.807,0.962,2.046,1888.1,996.723,0,434.034,434.034,329.392,7.907,96.314,7.112,367.623,0,7.132,7.132,NA,11
"5/24/2022 2:38:49 PM",0,28.692,0.856,1.826,1689.1,996.677,0,269.789,269.789,278.798,7.902,96.195,7.107,363.8,0,7.128,7.128,NA,11
"5/24/2022 2:38:49 PM",0,28.625,0.742,1.591,1473,996.611,0,506.05,506.05,230.08,7.899,96.202,7.112,371.871,0,7.133,7.133,NA,11
"5/24/2022 2:38:49 PM",0,28.634,0.659,1.42,1314.8,996.546,0,506.05,506.05,254.747,7.901,96.099,7.108,370.766,0,7.128,7.128,NA,11
"5/24/2022 2:38:49 PM",0,28.756,0.609,1.319,1218.8,996.473,0,330.525,330.525,101.86,7.899,96.172,7.116,361.421,0,7.136,7.136,NA,11
"5/24/2022 2:38:50 PM",0,28.784,0.566,1.231,1136.1,996.433,0,146.17,146.17,152.365,7.894,96.384,7.133,357.513,0,7.154,7.154,NA,11
"5/24/2022 2:38:50 PM",0,28.737,0.524,1.141,1054.5,996.415,0,329.043,329.043,215.028,7.892,96.201,7.121,357.682,0,7.142,7.142,NA,11
"5/24/2022 2:38:50 PM",0,28.752,0.501,1.093,1009.4,996.393,0,401.668,401.668,140.784,7.89,96.169,7.12,355.898,0,7.141,7.141,NA,11
"5/24/2022 2:38:50 PM",0,28.77,0.48,1.051,970.3,996.373,0,314.862,314.862,141.816,7.885,96.227,7.125,851.811,0,7.146,7.145,NA,11
"5/24/2022 2:38:50 PM",0,28.826,0.454,0.995,918.1,996.336,0,188.248,188.248,47.541,7.885,96.355,7.136,1352.906,0,7.156,7.156,NA,11
"5/24/2022 2:38:51 PM",0,28.865,0.436,0.959,883.8,996.312,0,506.05,506.05,150.548,7.883,96.242,7.128,1459.192,0,7.149,7.149,NA,11
"5/24/2022 2:38:51 PM",0,28.853,0.425,0.935,861.8,996.307,0,474.714,474.714,145.109,7.88,96.135,7.121,1547.125,0,7.141,7.141,NA,11
"5/24/2022 2:38:51 PM",0,28.754,0.403,0.887,819.3,996.319,0,486.564,486.564,95.026,7.878,96.264,7.132,1634.38,0,7.152,7.152,NA,11
"5/24/2022 2:38:51 PM",0,28.678,0.402,0.882,816.3,996.341,0,232.579,232.579,61.824,7.876,96.167,7.124,1728.6,0,7.145,7.145,NA,11
"5/24/2022 2:38:51 PM",0,28.641,0.389,0.854,790.3,996.341,0,346.026,346.026,192.687,7.865,96.221,7.129,1826.05,0,7.15,7.15,NA,11
"5/24/2022 2:38:52 PM",0,28.53,0.378,0.829,769.6,996.365,0,506.05,506.05,90.685,7.866,96.41,7.144,1877.791,0,7.165,7.164,NA,11
"5/24/2022 2:38:52 PM",0,28.385,0.378,0.827,769.6,996.408,0,229.943,229.943,87.586,7.862,96.19,7.128,1884.417,0,7.148,7.148,NA,11
"5/24/2022 2:38:52 PM",0,28.285,0.362,0.792,738.4,996.424,0,117.612,117.612,263.336,7.859,96.177,7.128,1783.06,0,7.148,7.148,NA,11
"5/24/2022 2:38:52 PM",0,28.251,0.362,0.791,738.6,996.434,0,142.535,142.535,145.836,7.851,96.307,7.137,1676.605,0,7.158,7.158,NA,11
"5/24/2022 2:38:52 PM",0,28.241,0.34,0.744,694.5,996.42,0,42.436,42.436,18.085,7.815,96.294,7.137,1435.403,0,7.158,7.158,NA,11
"5/24/2022 2:38:53 PM",0,28.222,0.333,0.729,680.3,996.42,0,0,0,0,7.804,96.192,7.13,1499.463,0,7.151,7.151,NA,11
"5/24/2022 2:38:53 PM",0,28.236,0.333,0.73,681.2,996.417,0,30.79,30.79,7.697,7.803,96.198,7.131,1472.275,0,7.151,7.151,NA,11
"5/24/2022 2:38:53 PM",0,28.186,0.329,0.72,672.6,996.428,0,0,0,0,7.797,96.317,7.14,1527.245,0,7.16,7.16,NA,11
"5/24/2022 2:38:53 PM",0,28.063,0.38,0.826,773.7,996.501,0,0,0,3.455,7.788,96.189,7.129,1826.22,0,7.149,7.149,NA,11
"5/24/2022 2:38:54 PM",0,27.999,1.607,3.278,3074.9,997.44,0,8.729,8.729,0,7.785,96.115,7.076,1933.949,0,7.097,7.096,NA,11
"5/24/2022 2:38:54 PM",0,27.954,0.706,1.496,1405.1,996.777,0,1.186,1.186,0,7.785,96.3,7.125,974.833,0,7.145,7.145,NA,11
"5/24/2022 2:38:54 PM",0,27.914,0.629,1.338,1257.8,996.73,0,0,0,0,7.78,96.229,7.122,492.684,0,7.143,7.143,NA,11
"5/24/2022 2:38:54 PM",0,27.859,0.678,1.437,1351.8,996.783,0,0,0,0,7.777,96.294,7.126,462.269,0,7.146,7.146,NA,11
"5/24/2022 2:38:54 PM",0,27.866,0.79,1.665,1566.5,996.866,0,0,0,0,7.778,96.367,7.127,1463.61,0,7.148,7.148,NA,11
"5/24/2022 2:38:55 PM",0,27.927,1.382,2.838,2666.1,997.292,0,0,0,0.204,7.776,96.303,7.1,1403.118,0,7.12,7.12,NA,11
"5/24/2022 2:38:55 PM",0,28.03,2.119,4.258,3991.6,997.814,0,0,0,0.204,7.772,96.282,7.07,1250.105,0,7.091,7.09,NA,11
"5/24/2022 2:38:55 PM",0,28.122,3.351,6.56,6138.1,998.708,0,0,0,0,7.77,96.356,7.028,398.378,0,7.049,7.049,NA,11
"5/24/2022 2:38:55 PM",0,28.192,1.018,2.134,1993.8,996.943,0,1.857,1.857,0,7.768,96.267,7.113,1107.626,0,7.133,7.133,NA,11
"5/24/2022 2:38:55 PM",0,28.217,0.722,1.538,1436.3,996.714,0,0.016,0.016,0,7.768,96.279,7.125,1354.266,0,7.146,7.146,NA,11
"5/24/2022 2:38:56 PM",0,28.228,0.53,1.143,1067.1,996.567,0,0.725,0.725,0,7.762,96.292,7.134,1389.269,0,7.155,7.155,NA,11
"5/24/2022 2:38:56 PM",0,28.253,0.456,0.989,923,996.504,0,0.92,0.92,2.025,7.76,96.225,7.132,1493.176,0,7.153,7.153,NA,11
"5/24/2022 2:38:56 PM",0,28.303,0.396,0.863,804.6,996.444,0,0,0,12.762,7.761,96.227,7.135,1140.931,0,7.155,7.155,NA,11
"5/24/2022 2:38:56 PM",0,28.367,0.369,0.807,751.6,996.406,0,1.006,1.006,13.41,7.759,96.162,7.132,487.162,0,7.152,7.152,NA,11
"5/24/2022 2:38:56 PM",0,28.42,0.351,0.77,716.2,996.377,0,0,0,18.824,7.757,96.122,7.13,964.723,0,7.15,7.15,NA,11
"5/24/2022 2:38:57 PM",0,28.478,0.361,0.791,735.2,996.368,0,0,0,9.882,7.772,96.118,7.129,1609.316,0,7.149,7.149,NA,11
"5/24/2022 2:38:57 PM",0,30.969,3.564,7.335,6483.1,998.007,0,1.295,1.295,7.682,7.89,96.095,7.003,1464.884,0,7.024,7.024,NA,11
"5/24/2022 2:38:57 PM",0,31.488,2.478,5.268,4610,997.036,0,1.669,1.669,10.014,7.953,96.141,7.049,1666.664,0,7.069,7.069,NA,11
"5/24/2022 2:38:57 PM",0,31.627,3.543,7.384,6444,997.783,0,1.888,1.888,9.192,8,96.162,7.01,1449.166,0,7.03,7.03,NA,11
"5/24/2022 2:38:57 PM",0,31.62,3.462,7.224,6305.4,997.725,0,1.724,1.724,9.369,8.045,96.202,7.016,1556.131,0,7.037,7.036,NA,11
"5/24/2022 2:38:58 PM",0,31.621,3.327,6.962,6076.6,997.625,0,2.044,2.044,8.767,8.077,96.207,7.021,1768.192,0,7.042,7.042,NA,11
"5/24/2022 2:38:58 PM",0,31.645,5.344,10.833,9451.3,999.114,0,1.849,1.849,9.662,8.109,96.145,6.941,1652.391,0,6.961,6.961,NA,11
"5/24/2022 2:38:58 PM",0,31.661,3.191,6.699,5842.5,997.51,0,2.106,2.106,8.664,8.126,96.174,7.025,1654.94,0,7.045,7.045,NA,11
"5/24/2022 2:38:58 PM",0,31.669,6.133,12.316,10740.1,999.691,0,2.41,2.41,9.545,8.143,96.047,6.904,1582.384,0,6.924,6.924,NA,11
"5/24/2022 2:38:58 PM",0,31.656,4.28,8.812,7686.4,998.321,0,2.403,2.403,9.677,8.152,96.092,6.978,1495.979,0,6.998,6.998,NA,11
"5/24/2022 2:38:59 PM",0,31.645,5.638,11.384,9932.4,999.331,0,1.708,1.708,8.752,8.167,96.168,6.932,1320.706,0,6.953,6.952,NA,11
"5/24/2022 2:38:59 PM",0,31.64,4.35,8.944,7803.7,998.378,0,1.857,1.857,9.222,8.173,96.048,6.973,1223.342,0,6.993,6.993,NA,11
"5/24/2022 2:38:59 PM",0,31.641,6.75,13.452,11737.2,1000.158,0.16,2.052,2.052,9.457,8.177,96.091,6.885,1128.017,0,6.905,6.905,NA,11
"5/24/2022 2:38:59 PM",0,31.644,3.499,7.3,6369,997.745,0,1.708,1.708,9.515,8.185,96.104,7.01,1045.35,0,7.03,7.03,NA,11
"5/24/2022 2:38:59 PM",0,31.64,5.91,11.894,10377.9,999.536,0,1.802,1.802,9.369,8.19,96.125,6.919,958.351,0,6.939,6.939,NA,11
"5/24/2022 2:39:00 PM",0,31.643,3.935,8.146,7107,998.069,0,2.013,2.013,8.562,8.195,96.019,6.987,796.502,0,7.007,7.007,NA,11
"5/24/2022 2:39:00 PM",0,31.639,3.062,6.443,5621.5,997.422,0,2.176,2.176,8.708,8.203,96.064,7.024,702.791,0,7.044,7.044,NA,11
"5/24/2022 2:39:00 PM",0,31.631,5.19,10.54,9198.2,999.004,0,2.262,2.262,9.06,8.205,96.267,6.957,672.035,0,6.978,6.977,NA,11
"5/24/2022 2:39:00 PM",0,31.634,2.943,6.206,5415.8,997.335,0,2.005,2.005,9.163,8.207,96.125,7.033,692.426,0,7.053,7.053,NA,11
"5/24/2022 2:39:00 PM",0,31.643,2.962,6.247,5450.1,997.347,0,1.927,1.927,9.545,8.213,96.016,7.024,743.402,0,7.045,7.044,NA,11
"5/24/2022 2:39:01 PM",0,31.654,3.167,6.652,5802.4,997.495,0,1.771,1.771,9.721,8.213,96.119,7.024,784.523,0,7.044,7.044,NA,11
"5/24/2022 2:39:01 PM",0,31.659,2.979,6.281,5478.2,997.354,0,1.903,1.903,9.941,8.213,96.138,7.033,822.16,0,7.053,7.053,NA,11
"5/24/2022 2:39:01 PM",0,31.662,3.033,6.388,5571.1,997.393,0,2.005,2.005,8.826,8.22,96.043,7.024,842.635,0,7.044,7.044,NA,11
"5/24/2022 2:39:01 PM",0,31.662,3.914,8.108,7072,998.047,0,1.927,1.927,8.664,8.226,96.164,6.999,846.034,0,7.019,7.019,NA,11
"5/24/2022 2:39:01 PM",0,31.67,3.574,7.449,6495.8,997.792,0,1.693,1.693,9.735,8.224,96.15,7.011,820.291,0,7.031,7.031,NA,11
"5/24/2022 2:39:02 PM",0,31.674,4.832,9.87,8606,998.724,0,1.888,1.888,9.706,8.226,96.168,6.964,781.379,0,6.985,6.984,NA,11
"5/24/2022 2:39:02 PM",0,31.658,3.132,6.583,5742.1,997.468,0,2.067,2.067,9.398,8.23,96.073,7.022,750.538,0,7.043,7.043,NA,11
"5/24/2022 2:39:02 PM",0,31.644,3.37,7.048,6149.3,997.649,0,1.896,1.896,9.339,8.227,96.212,7.023,772.543,0,7.044,7.044,NA,11
"5/24/2022 2:39:02 PM",0,31.635,6.452,12.9,11257.1,999.939,0,1.935,1.935,9.369,8.231,96.186,6.904,973.729,0,6.924,6.924,NA,11
"5/24/2022 2:39:03 PM",0,31.623,2.964,6.247,5452.1,997.354,0,1.989,1.989,9.163,8.226,96.118,7.032,1193.691,0,7.053,7.052,NA,11
"5/24/2022 2:39:03 PM",0,31.615,5.152,10.465,9135.8,998.981,0,1.833,1.833,9.016,8.231,96.152,6.951,1405.412,0,6.971,6.971,NA,11
"5/24/2022 2:39:03 PM",0,31.622,5.048,10.27,8964.4,998.902,0,1.903,1.903,9.339,8.229,96.179,6.957,1575.587,0,6.977,6.977,NA,11
"5/24/2022 2:39:03 PM",0,31.633,2.792,5.909,5156.4,997.224,0,1.989,1.989,10.499,8.224,96.118,7.039,1743.214,0,7.059,7.059,NA,11
"5/24/2022 2:39:03 PM",0,31.63,5.665,11.433,9978,999.357,0,2.223,2.223,9.853,8.225,96.118,6.929,1803.195,0,6.949,6.949,NA,11
"5/24/2022 2:39:04 PM",0,31.634,2.816,5.955,5196.6,997.24,0,1.989,1.989,10.044,8.226,96.144,7.04,1835.735,0,7.06,7.06,NA,11
"5/24/2022 2:39:04 PM",0,31.64,2.881,6.085,5309.7,997.287,0,1.693,1.693,9.251,8.223,96.173,7.04,1847.375,0,7.06,7.06,NA,11
"5/24/2022 2:39:04 PM",0,31.643,3.541,7.381,6439.8,997.776,0,1.779,1.779,9.383,8.223,96.247,7.019,1834.716,0,7.04,7.04,NA,11
"5/24/2022 2:39:04 PM",0,31.65,2.805,5.936,5178.6,997.227,0,2.036,2.036,8.884,8.222,96.232,7.047,1726.561,0,7.067,7.067,NA,11
"5/24/2022 2:39:04 PM",0,31.657,2.673,5.674,4949.4,997.127,0,1.724,1.724,9.589,8.22,96.222,7.051,1561.144,0,7.072,7.071,NA,11
"5/24/2022 2:39:05 PM",0,31.657,3.753,7.797,6800.8,997.93,0,1.919,1.919,8.664,8.217,96.196,7.008,1324.275,0,7.028,7.028,NA,11
"5/24/2022 2:39:05 PM",0,31.653,2.6,5.529,4823,997.074,0,1.724,1.724,8.928,8.22,96.143,7.048,1063.277,0,7.068,7.068,NA,11
"5/24/2022 2:39:05 PM",0,31.643,2.692,5.71,4981.5,997.145,0,2.044,2.044,9.28,8.219,96.101,7.041,812.899,0,7.062,7.062,NA,11
"5/24/2022 2:39:05 PM",0,31.641,3.08,6.478,5651.8,997.434,0,1.888,1.888,9.413,8.218,96.275,7.039,771.099,0,7.06,7.059,NA,11
"5/24/2022 2:39:05 PM",0,31.636,2.541,5.407,4718.6,997.035,0,1.919,1.919,9.853,8.216,96.282,7.06,786.986,0,7.081,7.081,NA,11
"5/24/2022 2:39:06 PM",0,31.632,2.903,6.128,5347.3,997.306,0,1.833,1.833,9.427,8.22,96.355,7.052,818.592,0,7.072,7.072,NA,11
"5/24/2022 2:44:04 PM",0.151,30.226,50.397,80.69,72368.6,1033.245,33.244,0.117,0.117,0.16,7.904,92.126,5.123,146.641,0,5.132,5.135,NA,11
"5/24/2022 2:44:04 PM",0.122,30.227,50.388,80.678,72356.7,1033.237,33.237,0.094,0.094,0.116,7.907,92.176,5.128,149.615,0,5.138,5.141,NA,11
"5/24/2022 2:44:04 PM",0.023,30.229,50.387,80.679,72355.8,1033.236,33.236,0.062,0.062,0.102,7.911,92.087,5.126,162.189,0,5.136,5.139,NA,11
"5/24/2022 2:44:04 PM",0,30.228,50.391,80.684,72360.9,1033.239,33.239,0.039,0.039,0.102,7.922,91.986,5.121,190.821,0,5.131,5.134,NA,11
"5/24/2022 2:44:05 PM",0,30.23,50.316,80.583,72267.3,1033.181,33.182,0,0,0,7.928,92.019,5.125,228.883,0,5.135,5.138,NA,11
"5/24/2022 2:44:05 PM",0,30.232,49.66,79.672,71448.8,1032.683,32.685,0.757,0.757,0,7.933,92.176,5.153,251.312,0,5.163,5.166,NA,11
"5/24/2022 2:44:05 PM",0,30.231,50.385,80.679,72352.7,1033.232,33.234,1.42,1.42,1.034,7.938,92.116,5.129,263.207,0,5.139,5.142,NA,11
"5/24/2022 2:44:05 PM",0,30.229,50.389,80.682,72357.9,1033.236,33.237,18.215,18.215,15.133,7.952,92.165,5.131,286.911,0,5.141,5.144,NA,11
"5/24/2022 2:44:05 PM",0,30.228,50.392,80.684,72361.6,1033.239,33.24,8.417,8.417,19.519,7.956,92.268,5.136,281.048,0,5.146,5.149,NA,11
"5/24/2022 2:44:06 PM",0,30.229,50.389,80.681,72357.8,1033.236,33.237,2.8,2.8,6.76,7.954,92.097,5.126,271.448,0,5.136,5.139,NA,11
"5/24/2022 2:44:06 PM",0,30.229,50.392,80.685,72361.5,1033.238,33.24,1.638,1.638,4.23,7.952,91.924,5.116,270.173,0,5.126,5.129,NA,11
"5/24/2022 2:44:06 PM",0,30.229,50.397,80.693,72368.4,1033.243,33.244,1.303,1.303,2.988,7.943,92.028,5.121,239.758,0,5.131,5.134,NA,11
"5/24/2022 2:44:06 PM",0,30.23,50.393,80.688,72362.6,1033.239,33.24,0.445,0.445,1.209,7.938,92.109,5.126,212.146,0,5.136,5.139,NA,11
"5/24/2022 2:44:06 PM",0,30.229,50.396,80.692,72366.7,1033.242,33.243,0.242,0.242,0.51,7.937,92.098,5.125,182.919,0,5.135,5.138,NA,11
"5/24/2022 2:44:07 PM",0,30.229,50.399,80.695,72370,1033.244,33.245,0.148,0.148,0.379,7.938,92.049,5.122,201.526,0,5.132,5.135,NA,11
"5/24/2022 2:44:07 PM",0,30.23,50.395,80.692,72365.8,1033.241,33.242,0.211,0.211,0.262,7.943,92.044,5.122,167.711,0,5.132,5.135,NA,11
"5/24/2022 2:44:07 PM",0,30.229,50.399,80.695,72370,1033.244,33.245,0.101,0.101,0.116,7.948,92.083,5.124,167.711,0,5.134,5.137,NA,11
"5/24/2022 2:44:07 PM",0.045,30.226,50.398,80.691,72370,1033.245,33.245,0.086,0.086,0.044,7.95,92.15,5.128,152.758,0,5.137,5.14,NA,11
"5/24/2022 2:44:07 PM",0.167,30.223,50.406,80.697,72380.1,1033.253,33.252,0.125,0.125,0.204,7.947,92.119,5.126,148.935,0,5.136,5.139,NA,11
"5/24/2022 2:44:08 PM",0.283,30.224,50.409,80.703,72384,1033.256,33.254,3.378,3.378,0.699,7.948,92.018,5.121,153.863,0,5.13,5.134,NA,11
"5/24/2022 2:44:08 PM",0.435,30.225,50.413,80.71,72388.7,1033.259,33.257,0.499,0.499,0.248,7.952,91.943,5.116,162.019,0,5.126,5.129,NA,11
"5/24/2022 2:44:08 PM",0.495,30.224,50.418,80.715,72394.3,1033.263,33.261,0.234,0.234,0.248,7.952,92.092,5.124,157.346,0,5.134,5.137,NA,11
"5/24/2022 2:44:08 PM",0.532,30.224,50.423,80.722,72401.1,1033.267,33.265,0.218,0.218,0.291,7.955,92.023,5.12,147.576,0,5.13,5.133,NA,11
"5/24/2022 2:44:08 PM",0.522,30.226,50.427,80.731,72405.9,1033.269,33.267,0.179,0.179,0.364,7.955,91.92,5.114,138.23,0,5.124,5.127,NA,11
"5/24/2022 2:44:09 PM",0.473,30.228,50.426,80.732,72404.3,1033.268,33.266,0.476,0.476,0.437,7.956,91.944,5.117,144.687,0,5.127,5.13,NA,11
"5/24/2022 2:44:09 PM",0.313,30.228,50.427,80.734,72406,1033.268,33.267,2.574,2.574,2.011,7.959,92.076,5.125,158.366,0,5.135,5.138,NA,11
"5/24/2022 2:44:09 PM",0.169,30.23,50.43,80.739,72408.7,1033.269,33.268,0.998,0.998,1.092,7.96,92.161,5.13,159.3,0,5.14,5.143,NA,11
"5/24/2022 2:44:09 PM",0.005,30.231,50.434,80.746,72413.3,1033.27,33.27,0.429,0.429,0.51,7.96,92.276,5.136,150.889,0,5.146,5.149,NA,11
"5/24/2022 2:44:09 PM",0,30.231,50.433,80.746,72412.6,1033.269,33.27,0.164,0.164,0.349,7.958,92.204,5.133,169.156,0,5.142,5.145,NA,11
"5/24/2022 2:44:10 PM",0,30.231,50.43,80.741,72408.8,1033.266,33.268,0.047,0.047,0.073,7.962,92.37,5.142,235.85,0,5.151,5.155,NA,11
"5/24/2022 2:44:10 PM",0,30.23,50.422,80.729,72399.2,1033.26,33.262,0,0,0,7.963,92.366,5.142,258.109,0,5.152,5.155,NA,11
"5/24/2022 2:44:10 PM",0,30.214,6.579,12.794,11477.1,1000.483,0.485,157.723,157.723,258.433,7.962,92.381,6.524,265.246,0,6.543,6.542,NA,11
"5/24/2022 2:44:10 PM",0,30.219,1.898,4.002,3589.7,996.999,0,320.072,320.072,812.445,7.959,92.452,6.7,263.971,0,6.719,6.719,NA,11
"5/24/2022 2:44:10 PM",0,30.202,15.937,28.845,25883.1,1007.437,7.439,393.618,393.618,722.772,7.958,92.509,6.216,245.195,0,6.233,6.233,NA,11
"5/24/2022 2:44:11 PM",0,30.222,27.64,47.472,42580.6,1016.144,16.145,186.742,186.742,243.356,7.96,92.611,5.843,256.495,0,5.859,5.859,NA,11
"5/24/2022 2:44:11 PM",0,30.225,36.572,60.923,54642.3,1022.826,22.828,53.42,53.42,64.209,7.962,92.607,5.568,299.57,0,5.582,5.583,NA,11
"5/24/2022 2:44:11 PM",0,30.225,34.95,58.524,52490.1,1021.61,21.612,16.085,16.085,19.755,7.963,92.536,5.615,319.111,0,5.629,5.63,NA,11
"5/24/2022 2:44:11 PM",0,30.225,50.288,80.535,72232.5,1033.16,33.162,4.657,4.657,5.691,7.965,92.666,5.176,298.805,0,5.187,5.19,NA,11
"5/24/2022 2:44:12 PM",0,30.224,50.421,80.719,72397.9,1033.262,33.263,1.654,1.654,2.915,7.964,92.824,5.187,278.754,0,5.197,5.2,NA,11
"5/24/2022 2:44:12 PM",0,30.224,50.361,80.635,72323.7,1033.217,33.218,0.975,0.975,2.084,7.963,92.887,5.195,229.562,0,5.205,5.208,NA,11
"5/24/2022 2:44:12 PM",0.154,30.225,50.432,80.736,72412.4,1033.272,33.272,0.468,0.468,0.976,7.964,92.927,5.195,124.467,0,5.205,5.208,NA,11
"5/24/2022 2:44:12 PM",0.419,30.227,50.432,80.739,72412.3,1033.273,33.271,0.242,0.242,0.379,7.966,93.101,5.204,100.593,0,5.214,5.217,NA,11
"5/24/2022 2:44:12 PM",0.618,30.227,50.439,80.749,72420.9,1033.279,33.276,0,0,0,7.962,93.269,5.212,78.503,0,5.222,5.225,NA,11
"5/24/2022 2:44:13 PM",0.873,30.227,50.444,80.757,72427.7,1033.284,33.28,0,0,0,7.96,93.446,5.22,44.094,0,5.231,5.234,NA,11
"5/24/2022 2:44:13 PM",0.997,30.227,50.453,80.769,72438,1033.29,33.286,0,0,0,7.966,93.371,5.215,30.161,0,5.226,5.229,NA,11
"5/24/2022 2:44:13 PM",1.09,30.228,50.45,80.766,72435.1,1033.289,33.284,0.71,0.71,0.845,7.975,93.428,5.218,24.214,0,5.228,5.231,NA,11
"5/24/2022 2:44:13 PM",1.203,30.23,50.453,80.772,72437.7,1033.29,33.285,0.468,0.468,0.655,7.973,93.422,5.217,22.769,0,5.227,5.23,NA,11
"5/24/2022 2:44:13 PM",1.391,30.23,50.459,80.78,72445.2,1033.296,33.29,0.429,0.429,0.67,7.968,93.716,5.233,22.09,0,5.243,5.246,NA,11
"5/24/2022 2:44:14 PM",1.542,30.229,50.472,80.798,72462.3,1033.307,33.3,0.663,0.663,0.684,7.966,93.878,5.241,21.41,0,5.252,5.255,NA,11
"5/24/2022 2:44:14 PM",1.702,30.229,50.482,80.812,72474.8,1033.315,33.308,0.289,0.289,0.233,7.967,93.996,5.248,20.136,0,5.258,5.261,NA,11
"5/24/2022 2:44:14 PM",1.864,30.229,50.491,80.824,72486.3,1033.323,33.315,0.211,0.211,0.248,7.969,94.027,5.249,19.201,0,5.26,5.263,NA,11
"5/24/2022 2:44:14 PM",2.017,30.229,50.493,80.828,72489.1,1033.325,33.316,0.218,0.218,0.553,7.967,94.179,5.258,19.286,0,5.268,5.271,NA,11
"5/24/2022 2:44:14 PM",2.243,30.229,50.508,80.848,72507.5,1033.337,33.327,0.101,0.101,0.116,7.967,94.322,5.265,19.796,0,5.275,5.278,NA,11
"5/24/2022 2:44:15 PM",2.392,30.229,50.51,80.851,72509.9,1033.339,33.329,0.008,0.008,0.233,7.967,94.397,5.269,19.541,0,5.279,5.283,NA,11
"5/24/2022 2:44:15 PM",2.566,30.228,50.516,80.859,72517.9,1033.345,33.334,0.07,0.07,0.277,7.965,94.552,5.277,19.031,0,5.287,5.291,NA,11
"5/24/2022 2:44:15 PM",2.733,30.227,50.524,80.868,72527.2,1033.351,33.34,0.164,0.164,0.728,7.964,94.581,5.279,18.861,0,5.289,5.292,NA,11
"5/24/2022 2:44:15 PM",2.949,30.227,50.53,80.876,72535.2,1033.357,33.345,0.218,0.218,0.277,7.964,94.734,5.287,18.946,0,5.298,5.301,NA,11
"5/24/2022 2:44:15 PM",3.119,30.227,50.532,80.879,72537.8,1033.359,33.346,0.086,0.086,0.131,7.963,94.85,5.294,18.946,0,5.304,5.308,NA,11
"5/24/2022 2:44:16 PM",3.284,30.227,50.538,80.887,72545.2,1033.365,33.351,0.281,0.281,0.743,7.965,94.797,5.29,19.626,0,5.301,5.304,NA,11
"5/24/2022 2:44:16 PM",3.444,30.227,50.542,80.893,72549.9,1033.368,33.354,1.139,1.139,2.813,7.964,94.87,5.295,21.58,0,5.305,5.308,NA,11
"5/24/2022 2:44:16 PM",3.67,30.226,50.541,80.89,72549.7,1033.369,33.354,1.178,1.178,2.769,7.962,95.008,5.304,30.416,0,5.314,5.318,NA,11
"5/24/2022 2:44:16 PM",3.813,30.225,50.543,80.892,72551.8,1033.371,33.355,0.562,0.562,1.224,7.961,95.173,5.314,51.316,0,5.324,5.327,NA,11
"5/24/2022 2:44:16 PM",3.978,30.225,50.547,80.897,72556.7,1033.375,33.358,0.226,0.226,0.495,7.958,95.214,5.317,72.216,0,5.328,5.331,NA,11
"5/24/2022 2:44:17 PM",4.2,30.225,50.547,80.897,72557,1033.376,33.358,0.109,0.109,0.204,7.957,95.547,5.336,75.7,0,5.347,5.35,NA,11
"5/24/2022 2:44:17 PM",4.43,30.225,50.544,80.894,72553.5,1033.375,33.356,0.055,0.055,0.087,7.958,95.549,5.335,69.752,0,5.346,5.349,NA,11
"5/24/2022 2:44:17 PM",4.715,30.224,50.549,80.9,72560.3,1033.38,33.36,0,0,0,7.965,95.6,5.337,53.61,0,5.348,5.351,NA,11
"5/24/2022 2:44:17 PM",4.889,30.217,50.545,80.883,72555.9,1033.381,33.36,0,0,0,7.965,95.569,5.336,41.715,0,5.346,5.35,NA,11
"5/24/2022 2:44:17 PM",5.05,30.208,50.555,80.885,72570.2,1033.392,33.371,0,0,0,7.963,95.691,5.342,33.05,0,5.352,5.356,NA,11
"5/24/2022 2:44:18 PM",5.212,30.205,50.562,80.89,72579.2,1033.399,33.377,0,0,0,7.964,95.769,5.346,27.867,0,5.357,5.36,NA,11
"5/24/2022 2:44:18 PM",5.426,30.205,50.565,80.894,72582.5,1033.402,33.379,0,0,0,7.962,95.603,5.336,23.874,0,5.347,5.35,NA,11
"5/24/2022 2:44:18 PM",5.558,30.206,50.566,80.897,72584.1,1033.403,33.38,0.484,0.484,1.034,7.96,95.568,5.334,24.808,0,5.344,5.347,NA,11
"5/24/2022 2:44:18 PM",5.685,30.206,50.572,80.905,72590.9,1033.408,33.384,0.827,0.827,1.836,7.959,95.758,5.345,27.952,0,5.356,5.359,NA,11
"5/24/2022 2:44:18 PM",5.836,30.207,50.574,80.91,72593.1,1033.41,33.385,0.686,0.686,1.544,7.958,95.96,5.356,34.409,0,5.367,5.37,NA,11
"5/24/2022 2:44:19 PM",5.951,30.213,50.575,80.92,72594.9,1033.409,33.384,0.523,0.523,1.151,7.958,95.97,5.356,46.218,0,5.367,5.37,NA,11
"5/24/2022 2:44:19 PM",6.176,30.217,50.579,80.931,72598.9,1033.412,33.386,0.179,0.179,0.32,7.954,96.184,5.369,64.4,0,5.379,5.383,NA,11
"5/24/2022 2:44:19 PM",6.336,30.219,50.578,80.932,72597.1,1033.411,33.384,0.062,0.062,0.073,7.952,96.04,5.361,65.419,0,5.371,5.374,NA,11
"5/24/2022 2:44:19 PM",6.491,30.21,50.579,80.921,72599.4,1033.415,33.388,0,0,0,7.953,95.979,5.358,59.642,0,5.368,5.371,NA,11
"5/24/2022 2:44:19 PM",6.637,30.21,50.584,80.929,72606.5,1033.42,33.392,0,0,0,7.952,95.722,5.343,49.447,0,5.354,5.357,NA,11
"5/24/2022 2:44:20 PM",6.856,30.207,50.586,80.926,72608.7,1033.423,33.394,0,0,0,7.954,95.544,5.333,33.134,0,5.344,5.347,NA,11
"5/24/2022 2:44:20 PM",6.995,30.206,50.591,80.932,72615.2,1033.428,33.398,0,0,0,7.956,95.291,5.319,27.782,0,5.33,5.333,NA,11
"5/24/2022 2:44:20 PM",7.11,30.205,50.585,80.922,72608.4,1033.425,33.394,0,0,0,7.957,95.204,5.315,25.063,0,5.326,5.329,NA,11
"5/24/2022 2:44:20 PM",7.245,30.202,50.585,80.918,72608.4,1033.426,33.395,0,0,0,7.958,95.079,5.308,22.345,0,5.318,5.322,NA,11
"5/24/2022 2:44:21 PM",7.374,30.2,50.587,80.919,72611.5,1033.429,33.398,0,0,0,7.953,95.146,5.312,20.73,0,5.322,5.326,NA,11
"5/24/2022 2:44:21 PM",7.591,30.198,50.59,80.919,72615.4,1033.433,33.401,0,0,0,7.952,95.132,5.311,17.332,0,5.321,5.324,NA,11
"5/24/2022 2:44:21 PM",7.76,30.197,50.576,80.9,72598.9,1033.424,33.391,0,0,0,7.955,95.099,5.31,14.953,0,5.32,5.323,NA,11
"5/24/2022 2:44:21 PM",7.944,30.195,50.588,80.912,72613.4,1033.434,33.4,0,0,0,7.956,95.052,5.307,13.509,0,5.318,5.321,NA,11
"5/24/2022 2:44:21 PM",8.151,30.192,50.596,80.919,72623.9,1033.442,33.407,0,0,0,7.96,94.912,5.299,12.914,0,5.31,5.313,NA,11
"5/24/2022 2:44:22 PM",8.446,30.191,50.603,80.928,72633.2,1033.449,33.413,0.094,0.094,0.233,7.963,95.045,5.308,13.933,0,5.318,5.321,NA,11
"5/24/2022 2:44:22 PM",8.627,30.189,50.603,80.925,72633.7,1033.451,33.414,0.148,0.148,0.262,7.965,95.055,5.309,14.443,0,5.319,5.322,NA,11
"5/24/2022 2:44:22 PM",8.82,30.18,50.606,80.916,72637.8,1033.456,33.419,0.211,0.211,0.335,7.964,95.007,5.307,15.038,0,5.317,5.32,NA,11
"5/24/2022 2:44:22 PM",8.994,30.171,50.612,80.912,72646.9,1033.465,33.427,0.172,0.172,0.335,7.965,95.097,5.312,15.633,0,5.322,5.325,NA,11
"5/24/2022 2:44:22 PM",9.175,30.167,50.594,80.881,72625.1,1033.454,33.415,0.25,0.25,0.466,7.965,95.036,5.31,16.907,0,5.32,5.323,NA,11
"5/24/2022 2:44:23 PM",9.411,30.149,50.605,80.869,72640.7,1033.47,33.43,0.359,0.359,0.743,7.965,95.359,5.329,21.41,0,5.339,5.342,NA,11
"5/24/2022 2:44:23 PM",9.564,30.144,50.613,80.873,72651.5,1033.478,33.438,0.195,0.195,0.349,7.967,95.318,5.326,24.214,0,5.337,5.34,NA,11
"5/24/2022 2:44:23 PM",9.712,30.137,50.613,80.864,72652.5,1033.481,33.44,0,0,0,7.968,95.474,5.335,24.553,0,5.345,5.349,NA,11
"5/24/2022 2:44:23 PM",9.87,30.133,50.608,80.85,72646.9,1033.48,33.438,0,0,0,7.97,95.547,5.34,24.299,0,5.35,5.354,NA,11
"5/24/2022 2:44:23 PM",10.125,30.129,50.609,80.846,72649,1033.483,33.44,0.023,0.023,0.015,7.97,95.585,5.342,25.488,0,5.353,5.356,NA,11
"5/24/2022 2:44:24 PM",10.289,30.124,50.612,80.844,72653.2,1033.488,33.444,0.156,0.156,0.32,7.967,95.663,5.347,28.971,0,5.357,5.361,NA,11
"5/24/2022 2:44:24 PM",10.443,30.122,50.612,80.84,72653.3,1033.489,33.445,0.757,0.757,1.69,7.967,95.697,5.349,39.422,0,5.359,5.362,NA,11
"5/24/2022 2:44:24 PM",10.575,30.111,50.623,80.84,72668.8,1033.502,33.457,1.03,1.03,2.332,7.967,95.809,5.355,58.283,0,5.366,5.369,NA,11
"5/24/2022 2:44:24 PM",10.704,30.103,50.63,80.838,72678.3,1033.511,33.465,0.585,0.585,1.326,7.966,95.682,5.348,82.241,0,5.359,5.362,NA,11
"5/24/2022 2:44:24 PM",10.894,30.101,50.619,80.819,72664.2,1033.503,33.457,0.164,0.164,0.291,7.969,95.996,5.367,104.501,0,5.377,5.381,NA,11
"5/24/2022 2:44:25 PM",11.029,30.1,50.621,80.822,72667.8,1033.506,33.46,0.094,0.094,0.131,7.969,95.779,5.355,108.494,0,5.366,5.369,NA,11
"5/24/2022 2:44:25 PM",11.119,30.1,50.622,80.822,72668.2,1033.507,33.46,0.07,0.07,0.029,7.971,95.767,5.354,109.089,0,5.365,5.368,NA,11
"5/24/2022 2:44:25 PM",11.175,30.099,50.625,80.825,72672.7,1033.51,33.463,0.062,0.062,0.073,7.972,95.933,5.365,108.919,0,5.375,5.379,NA,11
"5/24/2022 2:44:25 PM",11.187,30.099,50.629,80.831,72677.3,1033.513,33.466,0.094,0.094,0.087,7.973,96.305,5.391,108.749,0,5.402,5.405,NA,11
"5/24/2022 2:44:25 PM",11.179,30.101,50.624,80.826,72670.7,1033.509,33.461,0.078,0.078,0.087,7.975,96.385,5.399,105.69,0,5.41,5.414,NA,11
"5/24/2022 2:44:26 PM",11.172,30.102,50.624,80.828,72670.7,1033.508,33.461,0.055,0.055,0.087,7.972,96.418,5.403,102.632,0,5.414,5.417,NA,11
"5/24/2022 2:44:26 PM",11.166,30.103,50.626,80.832,72673,1033.509,33.462,0.039,0.039,0.116,7.972,96.546,5.411,100.083,0,5.422,5.426,NA,11
"5/24/2022 2:44:26 PM",11.179,30.103,50.626,80.832,72673.7,1033.51,33.462,0.055,0.055,0.058,7.97,96.544,5.413,99.488,0,5.424,5.427,NA,11
"5/24/2022 2:44:26 PM",11.21,30.102,50.632,80.839,72681.3,1033.515,33.467,0.062,0.062,0.044,7.974,96.583,5.416,98.894,0,5.427,5.43,NA,11
"5/24/2022 2:44:26 PM",11.212,30.102,50.624,80.829,72671.4,1033.509,33.461,0.062,0.062,0,7.97,96.439,5.408,96.94,0,5.419,5.422,NA,11
"5/24/2022 2:44:27 PM",11.158,30.104,50.628,80.835,72675.3,1033.511,33.463,0.055,0.055,0.015,7.968,96.569,5.415,95.92,0,5.426,5.429,NA,11
"5/24/2022 2:44:27 PM",11.081,30.101,50.638,80.846,72688.2,1033.519,33.472,0.055,0.055,0.073,7.968,96.675,5.422,95.155,0,5.433,5.436,NA,11
"5/24/2022 2:44:27 PM",10.972,30.103,50.641,80.853,72692,1033.52,33.474,0.07,0.07,0.087,7.967,96.734,5.425,93.541,0,5.436,5.44,NA,11
"5/24/2022 2:44:27 PM",10.876,30.104,50.639,80.853,72689.7,1033.518,33.472,0.062,0.062,0.073,7.967,96.649,5.421,93.541,0,5.432,5.435,NA,11
"5/24/2022 2:44:27 PM",10.721,30.106,50.636,80.851,72685.5,1033.514,33.469,0.047,0.047,0.044,7.969,96.551,5.415,93.626,0,5.426,5.429,NA,11
"5/24/2022 2:44:28 PM",10.574,30.107,50.64,80.858,72690.5,1033.516,33.472,0.062,0.062,0.058,7.967,96.446,5.409,93.626,0,5.42,5.424,NA,11
"5/24/2022 2:44:28 PM",10.443,30.106,50.64,80.855,72689.4,1033.516,33.471,0.07,0.07,0.044,7.964,96.443,5.409,93.626,0,5.42,5.423,NA,11
"5/24/2022 2:44:28 PM",10.207,30.104,50.644,80.859,72695.5,1033.519,33.475,0.07,0.07,0.058,7.964,96.588,5.416,93.626,0,5.427,5.431,NA,11
"5/24/2022 2:44:28 PM",10.007,30.105,50.645,80.86,72696.4,1033.519,33.476,0.07,0.07,0.058,7.964,96.511,5.412,93.541,0,5.423,5.426,NA,11
"5/24/2022 2:44:28 PM",9.786,30.106,50.646,80.864,72697.6,1033.518,33.476,0.062,0.062,0.044,7.964,96.522,5.411,93.286,0,5.422,5.426,NA,11
"5/24/2022 2:44:29 PM",9.569,30.108,50.65,80.872,72701.2,1033.519,33.478,0.062,0.062,0.015,7.966,96.487,5.409,92.946,0,5.42,5.423,NA,11
"5/24/2022 2:44:29 PM",9.27,30.113,50.648,80.875,72698.4,1033.515,33.475,0.055,0.055,0,7.965,96.626,5.416,92.777,0,5.427,5.43,NA,11
"5/24/2022 2:44:29 PM",9.062,30.114,50.649,80.879,72700.2,1033.514,33.476,0.055,0.055,0.029,7.963,96.6,5.414,92.012,0,5.425,5.428,NA,11
"5/24/2022 2:44:29 PM",8.85,30.116,50.674,80.916,72730.1,1033.531,33.494,0.062,0.062,0.044,7.962,96.588,5.412,91.672,0,5.423,5.427,NA,11
"5/24/2022 2:44:29 PM",8.667,30.139,50.673,80.949,72726.1,1033.521,33.485,0.055,0.055,0.044,7.962,96.5,5.406,91.332,0,5.417,5.421,NA,11
"5/24/2022 2:44:30 PM",8.532,30.16,50.659,80.961,72706.6,1033.503,33.467,0.031,0.031,0.044,7.962,96.511,5.407,90.313,0,5.418,5.421,NA,11
"5/24/2022 2:44:30 PM",8.356,30.168,50.66,80.973,72706.4,1033.5,33.464,0.055,0.055,0.015,7.963,96.555,5.41,88.189,0,5.421,5.424,NA,11
"5/24/2022 2:44:30 PM",8.214,30.171,50.681,81.005,72731.7,1033.514,33.479,0.055,0.055,0.029,7.962,96.442,5.402,85.895,0,5.413,5.416,NA,11
"5/24/2022 2:44:30 PM",8.068,30.176,50.671,81,72719.4,1033.504,33.47,0.055,0.055,0.044,7.96,96.344,5.396,84.196,0,5.407,5.41,NA,11
"5/24/2022 2:44:31 PM",7.941,30.185,50.665,81.004,72710.1,1033.496,33.462,0.055,0.055,0.058,7.961,96.365,5.397,82.921,0,5.408,5.411,NA,11
"5/24/2022 2:44:31 PM",7.866,30.193,50.67,81.023,72715.4,1033.496,33.463,0.062,0.062,0.058,7.964,96.318,5.394,81.477,0,5.405,5.408,NA,11
"5/24/2022 2:44:31 PM",7.833,30.197,50.666,81.023,72710,1033.492,33.458,0.055,0.055,0.044,7.963,96.417,5.4,81.477,0,5.41,5.414,NA,11
"5/24/2022 2:44:31 PM",7.807,30.198,50.669,81.028,72713.3,1033.493,33.46,0.055,0.055,0,7.961,96.364,5.396,81.817,0,5.407,5.411,NA,11
"5/24/2022 2:44:31 PM",7.793,30.199,50.668,81.03,72713,1033.493,33.46,0.062,0.062,0.073,7.96,96.406,5.399,81.647,0,5.41,5.413,NA,11
"5/24/2022 2:44:32 PM",7.776,30.201,50.671,81.036,72716.1,1033.494,33.461,0.125,0.125,0.073,7.96,96.386,5.397,81.562,0,5.408,5.411,NA,11
"5/24/2022 2:44:32 PM",7.687,30.202,50.672,81.04,72716.8,1033.494,33.461,0.078,0.078,0,7.958,96.3,5.392,81.562,0,5.403,5.406,NA,11
"5/24/2022 2:44:32 PM",7.578,30.204,50.672,81.042,72716.9,1033.493,33.461,0.055,0.055,0,7.958,96.223,5.387,82.072,0,5.398,5.402,NA,11
"5/24/2022 2:44:32 PM",7.437,30.203,50.677,81.048,72723,1033.496,33.464,0.07,0.07,0.058,7.958,96.365,5.395,83.346,0,5.406,5.41,NA,11
"5/24/2022 2:44:32 PM",7.306,30.203,50.679,81.051,72725.3,1033.497,33.466,0.062,0.062,0.029,7.957,96.344,5.394,84.026,0,5.405,5.408,NA,11
"5/24/2022 2:44:33 PM",7.145,30.202,50.684,81.055,72731.2,1033.5,33.47,0.062,0.062,0.058,7.959,96.218,5.387,83.261,0,5.398,5.401,NA,11
"5/24/2022 2:44:33 PM",7.007,30.201,50.687,81.059,72736,1033.503,33.473,0.047,0.047,0.015,7.96,96.284,5.39,82.326,0,5.401,5.404,NA,11
"5/24/2022 2:44:33 PM",6.855,30.201,50.688,81.059,72736.3,1033.503,33.474,0.055,0.055,0.044,7.96,96.285,5.39,81.902,0,5.401,5.404,NA,11
"5/24/2022 2:44:33 PM",6.733,30.2,50.688,81.058,72736.5,1033.502,33.474,0.039,0.039,0.058,7.963,96.337,5.393,81.902,0,5.404,5.407,NA,11
"5/24/2022 2:44:33 PM",6.538,30.202,50.692,81.066,72741.7,1033.504,33.477,0.07,0.07,0.102,7.958,96.219,5.387,83.091,0,5.398,5.401,NA,11
"5/24/2022 2:44:34 PM",6.37,30.204,50.695,81.073,72744.8,1033.505,33.478,0.055,0.055,0.073,7.959,96.215,5.386,83.856,0,5.397,5.4,NA,11
"5/24/2022 2:44:34 PM",6.173,30.208,50.694,81.076,72742.5,1033.502,33.476,0.062,0.062,0.073,7.959,96.331,5.395,84.45,0,5.406,5.409,NA,11
"5/24/2022 2:44:34 PM",5.959,30.211,50.692,81.079,72740.3,1033.499,33.473,0.055,0.055,0,7.959,96.249,5.391,85.385,0,5.402,5.405,NA,11
"5/24/2022 2:44:34 PM",5.786,30.211,50.691,81.079,72739.1,1033.497,33.472,0.078,0.078,0.087,7.959,96.283,5.393,86.489,0,5.404,5.407,NA,11
"5/24/2022 2:44:34 PM",5.574,30.211,50.694,81.082,72742.3,1033.498,33.475,0.047,0.047,0.073,7.96,96.334,5.396,89.293,0,5.407,5.41,NA,11
"5/24/2022 2:44:35 PM",5.438,30.213,50.695,81.086,72743.1,1033.498,33.475,0.062,0.062,0.087,7.96,96.197,5.388,89.208,0,5.399,5.403,NA,11
"5/24/2022 2:44:35 PM",5.318,30.214,50.694,81.086,72742,1033.496,33.474,0.07,0.07,0.073,7.961,96.361,5.397,87.679,0,5.408,5.412,NA,11
"5/24/2022 2:44:35 PM",5.219,30.215,50.693,81.087,72740.5,1033.495,33.472,0.055,0.055,0.116,7.961,96.222,5.389,85.64,0,5.4,5.403,NA,11
"5/24/2022 2:44:35 PM",5.077,30.217,50.693,81.089,72740.3,1033.493,33.472,0.047,0.047,0.029,7.961,96.326,5.395,82.326,0,5.406,5.409,NA,11
"5/24/2022 2:44:35 PM",4.971,30.217,50.693,81.089,72739.8,1033.493,33.471,0.047,0.047,0.087,7.961,96.322,5.395,81.732,0,5.406,5.409,NA,11
"5/24/2022 2:44:36 PM",4.852,30.217,50.695,81.091,72742,1033.494,33.473,0.062,0.062,0.073,7.962,96.227,5.389,81.562,0,5.4,5.403,NA,11
"5/24/2022 2:44:36 PM",4.752,30.217,50.696,81.092,72743.2,1033.494,33.474,0.047,0.047,0.029,7.961,96.366,5.397,81.902,0,5.408,5.411,NA,11
"5/24/2022 2:44:36 PM",4.687,30.218,50.694,81.091,72740.7,1033.492,33.472,0.055,0.055,0.044,7.961,96.356,5.397,82.326,0,5.407,5.411,NA,11
"5/24/2022 2:44:36 PM",4.694,30.218,50.692,81.088,72738.4,1033.491,33.471,0.055,0.055,0.087,7.96,96.346,5.396,81.817,0,5.407,5.41,NA,11
"5/24/2022 2:44:36 PM",4.691,30.218,50.695,81.093,72742.2,1033.493,33.473,0.055,0.055,0.058,7.96,96.458,5.402,86.659,0,5.412,5.416,NA,11
"5/24/2022 2:44:37 PM",4.665,30.218,50.696,81.094,72743.5,1033.493,33.474,0.055,0.055,0.073,7.96,96.386,5.397,92.692,0,5.408,5.412,NA,11
"5/24/2022 2:44:37 PM",4.654,30.218,50.693,81.09,72740.2,1033.492,33.472,0.078,0.078,0.087,7.961,96.401,5.398,96.005,0,5.409,5.412,NA,11
"5/24/2022 2:44:37 PM",4.644,30.216,50.688,81.081,72734.4,1033.488,33.469,0.109,0.109,0.044,7.963,96.428,5.399,98.299,0,5.41,5.413,NA,11
"5/24/2022 2:44:37 PM",4.574,30.214,50.69,81.079,72736.1,1033.49,33.47,0.07,0.07,0.015,7.963,96.193,5.386,101.952,0,5.397,5.4,NA,11
"5/24/2022 2:44:37 PM",4.442,30.21,50.692,81.076,72739.6,1033.493,33.474,0.062,0.062,0.058,7.965,96.336,5.394,102.802,0,5.405,5.408,NA,11
"5/24/2022 2:44:38 PM",4.248,30.207,50.698,81.081,72747,1033.497,33.479,0.078,0.078,0,7.964,96.233,5.388,102.292,0,5.399,5.402,NA,11
"5/24/2022 2:44:38 PM",4.032,30.206,50.7,81.083,72749.8,1033.498,33.481,0.055,0.055,0.058,7.965,96.202,5.386,101.952,0,5.397,5.4,NA,11
"5/24/2022 2:44:38 PM",3.707,30.207,50.7,81.083,72748.8,1033.496,33.48,0.047,0.047,0.044,7.964,96.214,5.387,99.828,0,5.398,5.402,NA,11
"5/24/2022 2:44:38 PM",3.488,30.207,50.704,81.088,72754,1033.498,33.484,0.062,0.062,0.029,7.964,96.188,5.386,97.959,0,5.397,5.4,NA,11
"5/24/2022 2:44:39 PM",3.271,30.208,50.711,81.1,72762.3,1033.502,33.488,0.047,0.047,0.015,7.964,96.213,5.388,94.731,0,5.399,5.402,NA,11
"5/24/2022 2:44:39 PM",3.061,30.211,50.709,81.101,72759.2,1033.499,33.486,0.039,0.039,0.073,7.964,96.325,5.394,93.966,0,5.405,5.408,NA,11
"5/24/2022 2:44:39 PM",2.828,30.214,50.704,81.098,72753.4,1033.493,33.481,0.047,0.047,0.087,7.964,96.363,5.396,93.796,0,5.407,5.411,NA,11
"5/24/2022 2:44:39 PM",2.736,30.214,50.704,81.097,72752.5,1033.493,33.481,0.039,0.039,0.073,7.964,96.367,5.397,90.653,0,5.408,5.411,NA,11
"5/24/2022 2:44:39 PM",2.696,30.215,50.703,81.098,72752.2,1033.492,33.48,0.039,0.039,0.058,7.964,96.291,5.393,85.555,0,5.404,5.407,NA,11
"5/24/2022 2:44:40 PM",2.656,30.215,50.705,81.1,72753.8,1033.493,33.482,0.047,0.047,0.102,7.961,96.304,5.394,85.81,0,5.405,5.408,NA,11
"5/24/2022 2:44:40 PM",2.583,30.214,50.706,81.102,72755.7,1033.494,33.483,0.055,0.055,0.087,7.963,96.339,5.395,97.279,0,5.406,5.409,NA,11
"5/24/2022 2:44:40 PM",2.523,30.215,50.703,81.099,72752.1,1033.491,33.48,0.055,0.055,0.058,7.966,96.237,5.39,101.103,0,5.401,5.404,NA,11
"5/24/2022 2:44:40 PM",2.489,30.216,50.704,81.101,72752.7,1033.491,33.48,0.055,0.055,0.058,7.964,96.309,5.393,102.462,0,5.404,5.408,NA,11
"5/24/2022 2:44:40 PM",2.48,30.217,50.703,81.101,72751,1033.49,33.479,0.047,0.047,0.073,7.966,96.378,5.398,103.227,0,5.409,5.412,NA,11
"5/24/2022 2:44:41 PM",2.487,30.218,50.702,81.102,72750.3,1033.489,33.478,0.055,0.055,0.058,7.965,96.299,5.393,106.37,0,5.404,5.408,NA,11
"5/24/2022 2:44:41 PM",2.508,30.217,50.701,81.099,72749.1,1033.489,33.478,0.047,0.047,0.073,7.966,96.347,5.396,108.239,0,5.407,5.41,NA,11
"5/24/2022 2:44:41 PM",2.52,30.217,50.705,81.104,72753.4,1033.491,33.481,0.055,0.055,0.073,7.966,96.228,5.389,106.455,0,5.4,5.403,NA,11
"5/24/2022 2:44:41 PM",2.499,30.218,50.704,81.105,72753,1033.491,33.48,0.039,0.039,0.044,7.964,96.243,5.39,108.409,0,5.401,5.404,NA,11
"5/24/2022 2:44:41 PM",2.412,30.219,50.705,81.107,72753.6,1033.49,33.48,0.039,0.039,0.044,7.966,96.25,5.39,111.638,0,5.401,5.404,NA,11
"5/24/2022 2:44:42 PM",2.174,30.219,50.708,81.111,72757.5,1033.492,33.483,0.039,0.039,0.029,7.965,96.22,5.389,112.402,0,5.4,5.403,NA,11
"5/24/2022 2:44:42 PM",1.971,30.219,50.71,81.113,72759.3,1033.492,33.484,0.023,0.023,0.058,7.964,96.298,5.393,112.912,0,5.404,5.407,NA,11
"5/24/2022 2:44:42 PM",1.785,30.219,50.708,81.111,72756.7,1033.49,33.482,0.031,0.031,0.044,7.963,96.209,5.388,119.964,0,5.399,5.402,NA,11
"5/24/2022 2:44:42 PM",1.609,30.219,50.708,81.11,72756.9,1033.489,33.482,0.031,0.031,0.291,7.962,96.194,5.388,131.773,0,5.398,5.402,NA,11
"5/24/2022 2:44:42 PM",1.436,30.219,50.708,81.111,72756.9,1033.488,33.482,0.055,0.055,0.058,7.962,96.212,5.389,143.838,0,5.4,5.403,NA,11
"5/24/2022 2:44:43 PM",1.18,30.219,50.709,81.112,72757.3,1033.488,33.483,0.055,0.055,0.029,7.966,96.262,5.391,161.764,0,5.402,5.405,NA,11
"5/24/2022 2:44:43 PM",1.041,30.22,50.707,81.11,72755.3,1033.486,33.481,0.055,0.055,0.044,7.968,96.294,5.394,165.418,0,5.404,5.408,NA,11
"5/24/2022 2:44:43 PM",0.916,30.22,50.706,81.109,72753.5,1033.484,33.48,0.055,0.055,0.102,7.967,96.177,5.386,171.11,0,5.397,5.401,NA,11
"5/24/2022 2:44:43 PM",0.801,30.222,50.702,81.106,72748.3,1033.48,33.477,0.047,0.047,0.044,7.969,96.252,5.391,166.947,0,5.402,5.405,NA,11
"5/24/2022 2:44:43 PM",0.594,30.222,50.698,81.1,72743.5,1033.476,33.474,0.031,0.031,0,7.967,96.223,5.389,160.575,0,5.4,5.404,NA,11
"5/24/2022 2:44:44 PM",0.464,30.222,50.694,81.095,72738.2,1033.472,33.47,0.016,0.016,0.015,7.966,96.212,5.389,158.111,0,5.4,5.403,NA,11
"5/24/2022 2:44:44 PM",0.394,30.222,50.691,81.091,72734.9,1033.47,33.469,0.008,0.008,0,7.965,96.194,5.388,159.215,0,5.399,5.402,NA,11
"5/24/2022 2:44:44 PM",0.363,30.22,50.691,81.087,72734.4,1033.47,33.469,0,0,0,7.965,96.201,5.388,163.718,0,5.399,5.402,NA,11
"5/24/2022 2:44:44 PM",0.299,30.218,50.692,81.086,72736.1,1033.472,33.47,0,0,0,7.966,96.096,5.382,184.619,0,5.393,5.396,NA,11
"5/24/2022 2:44:44 PM",0.233,30.219,50.679,81.069,72719.5,1033.461,33.46,23.847,23.847,27.085,7.968,96.241,5.39,179.351,0,5.401,5.404,NA,11
"5/24/2022 2:44:45 PM",0.129,30.22,50.683,81.076,72724.6,1033.464,33.463,33.434,33.434,60.191,7.967,96.167,5.386,178.841,0,5.397,5.4,NA,11
"5/24/2022 2:44:45 PM",0,30.219,50.638,81.014,72669.5,1033.43,33.43,31.85,31.85,41.374,7.969,96.257,5.393,201.865,0,5.404,5.407,NA,11
"5/24/2022 2:44:45 PM",0,30.219,50.543,80.882,72550.7,1033.356,33.357,22.029,22.029,20.54,7.969,96.235,5.394,201.78,0,5.405,5.408,NA,11
"5/24/2022 2:44:45 PM",0,30.219,48.529,78.075,70034.8,1031.832,31.834,16.904,16.904,19.282,7.97,96.038,5.442,246.385,0,5.453,5.456,NA,11
"5/24/2022 2:44:45 PM",0,30.17,6.095,11.91,10693.6,1000.138,0.14,408.127,408.127,1199.693,7.974,96.104,6.862,263.971,0,6.882,6.882,NA,11
"5/24/2022 2:44:46 PM",0,29.915,1.63,3.446,3109.7,996.892,0,493.67,493.67,662.995,7.978,96.008,7.026,264.821,0,7.046,7.046,NA,11
"5/24/2022 2:44:46 PM",0,29.48,1.222,2.601,2367.9,996.718,0,506.05,506.05,1250.378,7.977,96.096,7.049,272.043,0,7.069,7.069,NA,11
"5/24/2022 2:44:46 PM",0,29.25,0.971,2.081,1903.2,996.599,0,506.05,506.05,631.295,7.976,96.212,7.068,283.342,0,7.089,7.089,NA,11
"5/24/2022 2:44:46 PM",0,29.123,0.751,1.626,1490.4,996.472,0,496.291,496.291,342.343,7.974,96.11,7.07,285.296,0,7.091,7.091,NA,11
"5/24/2022 2:44:46 PM",0,29.06,1.727,3.581,3287.7,997.22,0,379.023,379.023,360.601,7.974,96.245,7.043,282.578,0,7.063,7.063,NA,11
"5/24/2022 2:44:47 PM",0,29.593,45.473,72.938,66243.6,1029.745,29.747,123.158,123.158,182.391,7.974,95.932,5.532,270.173,0,5.545,5.547,NA,11
"5/24/2022 2:44:47 PM",0,30.074,49.957,79.857,71837.1,1032.964,32.966,41.89,41.89,58.62,7.977,96.017,5.406,278.5,0,5.417,5.42,NA,11
"5/24/2022 2:44:47 PM",0,30.199,50.624,80.964,72653.6,1033.424,33.426,8.152,8.152,11.865,7.98,95.945,5.385,282.748,0,5.396,5.399,NA,11
"5/24/2022 2:44:47 PM",0,30.208,2.546,5.275,4733.1,997.486,0,251.66,251.66,590.726,7.982,96.146,7.015,279.009,0,7.035,7.035,NA,11
"5/24/2022 2:44:47 PM",0,30.183,1.511,3.225,2895,996.722,0,378.547,378.547,1180.953,7.984,96.399,7.078,272.552,0,7.098,7.098,NA,11
"5/24/2022 2:44:48 PM",0,30.081,1.112,2.405,2163.4,996.455,0,421.404,421.404,1160.353,7.987,96.445,7.101,276.291,0,7.122,7.121,NA,11
"5/24/2022 2:44:48 PM",0,29.833,0.954,2.071,1871.8,996.412,0,506.05,506.05,539.002,7.987,96.489,7.114,278.16,0,7.135,7.135,NA,11
"5/24/2022 2:44:48 PM",0,29.483,0.825,1.79,1629.4,996.42,0,506.05,506.05,1257.21,7.986,96.482,7.122,294.217,0,7.142,7.142,NA,11
"5/24/2022 2:44:48 PM",0,29.314,0.766,1.663,1518.5,996.427,0,502.485,502.485,1257.21,7.986,96.524,7.128,300.419,0,7.149,7.149,NA,11
"5/24/2022 2:44:49 PM",0,29.228,0.712,1.546,1414.6,996.411,0,265.218,265.218,1023.675,7.984,96.39,7.121,308.406,0,7.142,7.142,NA,11
"5/24/2022 2:44:49 PM",0,29.137,0.671,1.458,1336.7,996.407,0,506.05,506.05,812.021,7.984,96.584,7.137,326.587,0,7.158,7.158,NA,11
"5/24/2022 2:44:49 PM",0,29.001,0.607,1.321,1214.3,996.4,0,388.259,388.259,694.849,7.979,96.549,7.137,339.756,0,7.158,7.158,NA,11
"5/24/2022 2:44:49 PM",0,28.71,0.637,1.376,1272,996.507,0,367.22,367.22,987.505,7.978,96.507,7.132,371.701,0,7.153,7.153,NA,11
"5/24/2022 2:44:49 PM",0,28.599,0.529,1.148,1064.2,996.459,0,150.656,150.656,654.808,7.977,96.458,7.132,388.098,0,7.153,7.153,NA,11
"5/24/2022 2:44:50 PM",0,28.565,0.522,1.134,1051.5,996.464,0,96.955,96.955,252.254,7.974,96.428,7.13,391.072,0,7.151,7.151,NA,11
"5/24/2022 2:44:50 PM",0,28.514,0.503,1.092,1013.5,996.464,0,49.933,49.933,76.165,7.973,96.497,7.135,379.262,0,7.156,7.156,NA,11
"5/24/2022 2:44:50 PM",0,28.438,0.495,1.076,999.9,996.48,0,58.63,58.63,44.039,7.969,96.454,7.132,314.183,0,7.152,7.152,NA,11
"5/24/2022 2:44:50 PM",0,28.452,0.508,1.103,1024.8,996.486,0,71.439,71.439,61.427,7.966,96.34,7.122,561.587,0,7.142,7.142,NA,11
"5/24/2022 2:44:50 PM",0,28.437,0.45,0.981,911.9,996.447,0,3.916,3.916,0,7.963,96.46,7.133,450.969,0,7.153,7.153,NA,11
"5/24/2022 2:44:51 PM",0,28.464,0.454,0.989,919.3,996.442,0,0,0,0,7.961,96.3,7.121,1584.168,0,7.141,7.141,NA,11
"5/24/2022 2:44:51 PM",0,28.325,0.636,1.365,1271.9,996.619,0,0,0,0,7.961,96.382,7.119,1324.445,0,7.14,7.14,NA,11
"5/24/2022 2:44:51 PM",0,28.159,0.802,1.699,1588.9,996.791,0,0,0,0,7.961,96.54,7.124,799.815,0,7.145,7.145,NA,11
"5/24/2022 2:44:51 PM",0,28.037,0.838,1.766,1655.5,996.852,0,0,0,0,7.956,96.347,7.109,664.474,0,7.129,7.129,NA,11
"5/24/2022 2:44:51 PM",0,27.972,0.861,1.812,1700.4,996.889,0,0,0,0,7.954,96.396,7.112,332.279,0,7.132,7.132,NA,11
"5/24/2022 2:44:52 PM",0,27.905,1.432,2.933,2756.6,997.335,0,0,0,0,7.948,96.225,7.078,259.214,0,7.099,7.099,NA,11
"5/24/2022 2:44:52 PM",0,27.916,0.878,1.843,1732.3,996.917,0,1.81,1.81,0,7.943,96.227,7.101,275.611,0,7.121,7.121,NA,11
"5/24/2022 2:44:52 PM",0,27.99,0.665,1.415,1328.1,996.736,0,1.022,1.022,3.762,7.939,96.211,7.109,287.335,0,7.129,7.129,NA,11
"5/24/2022 2:44:52 PM",0,28.062,0.526,1.131,1059.9,996.611,0,0,0,0.379,7.937,96.013,7.1,289.884,0,7.12,7.12,NA,11
"5/24/2022 2:44:52 PM",0,28.107,0.475,1.025,959.6,996.56,0,0,0,5.019,7.934,95.952,7.098,378.243,0,7.118,7.118,NA,11
"5/24/2022 2:44:53 PM",0,28.165,0.431,0.935,873.9,996.51,0,0.944,0.944,10.807,7.935,96.046,7.107,813.494,0,7.128,7.127,NA,11
"5/24/2022 2:44:53 PM",0,28.222,0.41,0.892,833,996.478,0,2.364,2.364,19.09,7.933,95.874,7.095,1055.546,0,7.116,7.116,NA,11
"5/24/2022 2:44:53 PM",0,28.3,0.394,0.859,800.8,996.444,0,0,0,16.372,7.934,95.93,7.1,1206.35,0,7.121,7.121,NA,11
"5/24/2022 2:44:53 PM",0,30.213,2.075,4.353,3905.4,997.134,0,0,0,6.584,7.984,95.735,7.021,1311.956,0,7.041,7.041,NA,11
"5/24/2022 2:44:53 PM",0,31.631,2.067,4.453,3886,996.685,0,1.467,1.467,10.66,8.093,95.77,7.024,1339.143,0,7.044,7.044,NA,11
"5/24/2022 2:44:54 PM",0,31.799,2.048,4.428,3851.4,996.617,0,1.771,1.771,9.897,8.131,95.771,7.025,1307.877,0,7.045,7.045,NA,11
"5/24/2022 2:44:54 PM",0,31.828,2.038,4.41,3834.3,996.6,0,1.872,1.872,9.853,8.161,95.896,7.035,1272.364,0,7.055,7.055,NA,11
"5/24/2022 2:44:54 PM",0,31.823,2,4.333,3767.4,996.574,0,1.615,1.615,10.146,8.186,95.759,7.026,1223.852,0,7.046,7.046,NA,11
"5/24/2022 2:44:54 PM",0,31.822,2.02,4.373,3802.3,996.589,0,1.779,1.779,9.941,8.211,95.681,7.02,1169.477,0,7.04,7.04,NA,11
"5/24/2022 2:44:54 PM",0,31.815,1.981,4.293,3732.9,996.562,0,1.958,1.958,10.367,8.241,95.733,7.025,1072.113,0,7.045,7.045,NA,11
"5/24/2022 2:44:55 PM",0,31.815,1.954,4.237,3684.6,996.542,0,1.864,1.864,9.794,8.263,95.671,7.021,1043.736,0,7.042,7.041,NA,11
"5/24/2022 2:44:55 PM",0,31.808,2.764,5.871,5106.4,997.147,0,1.935,1.935,9.691,8.278,95.576,6.983,1011.111,0,7.004,7.003,NA,11
"5/24/2022 2:44:55 PM",0,31.806,1.892,4.111,3575.9,996.499,0,2.02,2.02,10.308,8.293,95.54,7.014,964.638,0,7.034,7.034,NA,11
"5/24/2022 2:44:55 PM",0,31.787,2.786,5.913,5145.1,997.17,0,1.927,1.927,10.058,8.315,95.69,6.991,909.584,0,7.011,7.011,NA,11
"5/24/2022 2:44:55 PM",0,31.772,2.235,4.806,4182.6,996.765,0,1.763,1.763,9.559,8.329,95.642,7.008,861.921,0,7.028,7.028,NA,11
"5/24/2022 2:44:56 PM",0,31.766,2.268,4.872,4240.3,996.791,0,2.137,2.137,9.574,8.338,95.603,7.004,805.338,0,7.025,7.024,NA,11
"5/24/2022 2:44:56 PM",0,31.772,1.97,4.267,3714,996.568,0,1.857,1.857,9.794,8.343,95.696,7.022,822.075,0,7.043,7.042,NA,11
"5/24/2022 2:44:56 PM",0,31.798,2.937,6.214,5405.5,997.278,0,1.841,1.841,8.87,8.351,95.617,6.979,856.229,0,7,6.999,NA,11
"5/24/2022 2:44:56 PM",0,31.809,3.002,6.344,5517.8,997.323,0,1.81,1.81,10.117,8.357,95.563,6.973,903.297,0,6.993,6.993,NA,11
"5/24/2022 2:44:57 PM",0,31.813,3.148,6.633,5768.6,997.43,0,1.677,1.677,10.249,8.364,95.494,6.962,940.849,0,6.983,6.982,NA,11
"5/24/2022 2:44:57 PM",0,31.821,2.659,5.664,4924.6,997.064,0,1.896,1.896,9.97,8.367,95.623,6.99,967.527,0,7.011,7.01,NA,11
"5/24/2022 2:44:57 PM",0,31.827,2.149,4.637,4031.6,996.684,0,1.435,1.435,9.647,8.373,95.565,7.006,989.447,0,7.026,7.026,NA,11
"5/24/2022 2:44:57 PM",0,31.828,2.643,5.632,4896.3,997.05,0,1.732,1.732,9.589,8.378,95.578,6.988,1007.883,0,7.008,7.008,NA,11
"5/24/2022 2:44:57 PM",0,31.83,1.796,3.915,3403.5,996.42,0,1.896,1.896,9.941,8.38,95.504,7.015,1021.901,0,7.035,7.035,NA,11
"5/24/2022 2:44:58 PM",0,31.832,1.864,4.055,3524.8,996.47,0,1.763,1.763,9.926,8.382,95.546,7.015,1042.717,0,7.035,7.035,NA,11
"5/24/2022 2:44:58 PM",0,31.829,1.9,4.129,3589.9,996.498,0,1.654,1.654,8.958,8.383,95.607,7.018,1062.258,0,7.039,7.038,NA,11
"5/24/2022 2:44:58 PM",0,31.825,1.784,3.889,3381.5,996.412,0,1.974,1.974,9.325,8.385,95.463,7.012,1079.929,0,7.032,7.032,NA,11
"5/24/2022 2:44:58 PM",0,31.827,1.791,3.904,3394.4,996.417,0,1.981,1.981,9.941,8.385,95.45,7.011,1084.772,0,7.031,7.031,NA,11
"5/24/2022 2:44:58 PM",0,31.829,1.788,3.898,3389,996.414,0,2.067,2.067,9.618,8.385,95.551,7.018,1084.092,0,7.038,7.038,NA,11
"5/24/2022 2:44:59 PM",0,31.83,1.78,3.883,3375.3,996.408,0,1.677,1.677,9.192,8.382,95.545,7.018,1082.988,0,7.038,7.038,NA,11
"5/24/2022 2:44:59 PM",0,31.826,1.785,3.892,3384.1,996.413,0,1.794,1.794,9.911,8.383,95.461,7.011,1079.335,0,7.032,7.031,NA,11
"5/24/2022 2:44:59 PM",0,31.822,1.791,3.905,3395,996.419,0,2.262,2.262,9.207,8.382,95.538,7.017,1075.766,0,7.037,7.037,NA,11
"5/24/2022 2:44:59 PM",0,31.82,1.773,3.867,3362.6,996.406,0,2.075,2.075,9.545,8.38,95.575,7.02,1068.799,0,7.041,7.041,NA,11
"5/24/2022 2:44:59 PM",0,31.816,1.85,4.024,3499.3,996.464,0,2.067,2.067,9.266,8.38,95.568,7.017,1051.807,0,7.037,7.037,NA,11
"5/24/2022 2:45:00 PM",0,31.815,1.889,4.104,3569.2,996.493,0,2.067,2.067,9.134,8.38,95.496,7.01,1033.456,0,7.03,7.03,NA,11
"5/24/2022 2:45:00 PM",0,31.818,1.969,4.27,3712.8,996.553,0,1.623,1.623,9.691,8.38,95.557,7.011,1004.4,0,7.032,7.032,NA,11
"5/24/2022 2:45:00 PM",0,31.819,2.875,6.094,5299.2,997.226,0,1.763,1.763,10.293,8.376,95.528,6.975,985.538,0,6.995,6.995,NA,11
"5/24/2022 2:45:00 PM",0,31.82,2.232,4.803,4176.6,996.747,0,2.137,2.137,9.97,8.374,95.558,7.002,971.095,0,7.022,7.022,NA,11
"5/24/2022 2:45:00 PM",0,31.819,2.492,5.329,4633.7,996.941,0,1.724,1.724,10.513,8.372,95.719,7.003,957.926,0,7.023,7.023,NA,11
"5/24/2022 2:45:01 PM",0,31.814,2.193,4.724,4108.5,996.72,0,1.88,1.88,10.176,8.372,95.622,7.007,939.32,0,7.028,7.027,NA,11
"5/24/2022 2:45:01 PM",0,31.811,2.802,5.946,5171.4,997.173,0,1.669,1.669,9.897,8.369,95.667,6.987,932.098,0,7.008,7.007,NA,11
