"Date","Depth..m.","Temp...degC.","Sal.","Cond...mS.cm.","EC25..µS.cm.","Density..kg.m3.","SigmaT","Chl.Flu...ppb.","Chl.a..µg.l.","Turb...FTU.","pH","DO....","Weiss.DO..mg.l.","Quant...µmol..m2.s..","Mark","G.G.DO..mg.l.","B.K.DO..mg.l.","X","Station"
"5/24/2022 5:51:16 AM",0.021,29.35,50.738,79.875,72899.4,1033.816,33.816,0.086,0.086,0.131,7.233,94.552,5.403,13.679,0,5.415,5.419,NA,12
"5/24/2022 5:51:16 AM",0,29.35,50.739,79.877,72900.6,1033.817,33.817,0.101,0.101,0.16,7.233,94.63,5.408,14.443,0,5.42,5.423,NA,12
"5/24/2022 5:51:16 AM",0,29.349,50.738,79.874,72899.5,1033.816,33.816,0.094,0.094,0.044,7.233,94.617,5.407,14.273,0,5.419,5.423,NA,12
"5/24/2022 5:51:17 AM",0.024,29.349,50.737,79.873,72897.5,1033.815,33.815,0.094,0.094,0.087,7.235,94.557,5.404,14.358,0,5.416,5.419,NA,12
"5/24/2022 5:51:17 AM",0.094,29.349,50.736,79.872,72897.4,1033.815,33.815,0.086,0.086,0.087,7.237,94.548,5.403,14.358,0,5.415,5.419,NA,12
"5/24/2022 5:51:17 AM",0.2,29.349,50.736,79.872,72896.9,1033.815,33.815,0.101,0.101,0.073,7.24,94.458,5.398,13.254,0,5.41,5.414,NA,12
"5/24/2022 5:51:17 AM",0.323,29.349,50.735,79.871,72895.4,1033.815,33.814,0.086,0.086,0.087,7.242,94.311,5.39,12.744,0,5.402,5.406,NA,12
"5/24/2022 5:51:17 AM",0.513,29.349,50.737,79.872,72898.5,1033.818,33.816,0.094,0.094,0.102,7.246,94.111,5.379,12.404,0,5.391,5.394,NA,12
"5/24/2022 5:51:18 AM",0.633,29.349,50.736,79.871,72896.8,1033.817,33.815,0.086,0.086,0.116,7.248,93.998,5.372,12.234,0,5.384,5.387,NA,12
"5/24/2022 5:51:18 AM",0.699,29.348,50.736,79.871,72897.2,1033.818,33.815,0.109,0.109,0.073,7.249,94.07,5.376,11.979,0,5.388,5.392,NA,12
"5/24/2022 5:51:18 AM",0.739,29.349,50.739,79.876,72901.2,1033.82,33.817,0.14,0.14,0.16,7.252,93.926,5.368,12.234,0,5.381,5.384,NA,12
"5/24/2022 5:51:18 AM",0.782,29.348,50.737,79.873,72899,1033.819,33.816,0.109,0.109,0.102,7.253,94.07,5.377,12.489,0,5.389,5.392,NA,12
"5/24/2022 5:51:18 AM",0.818,29.348,50.74,79.876,72902.1,1033.821,33.818,0.086,0.086,0.044,7.257,94.231,5.386,13.764,0,5.398,5.401,NA,12
"5/24/2022 5:51:19 AM",0.805,29.348,50.738,79.873,72900.3,1033.82,33.817,0.062,0.062,0.073,7.257,94.227,5.386,13.764,0,5.398,5.402,NA,12
"5/24/2022 5:51:19 AM",0.77,29.348,50.736,79.87,72897.5,1033.818,33.815,0.094,0.094,0.073,7.257,94.146,5.382,12.319,0,5.394,5.397,NA,12
"5/24/2022 5:51:19 AM",0.723,29.348,50.735,79.87,72896.4,1033.818,33.814,0.094,0.094,0.058,7.259,94.379,5.395,11.64,0,5.408,5.411,NA,12
"5/24/2022 5:51:19 AM",0.671,29.348,50.736,79.87,72897,1033.818,33.815,0.078,0.078,0.058,7.26,94.3,5.391,12.404,0,5.403,5.406,NA,12
"5/24/2022 5:51:19 AM",0.605,29.348,50.735,79.868,72895.9,1033.817,33.814,0.078,0.078,0.044,7.26,94.277,5.39,11.555,0,5.402,5.405,NA,12
"5/24/2022 5:51:20 AM",0.514,29.347,50.735,79.867,72896,1033.817,33.815,0.094,0.094,0.058,7.261,94.301,5.391,11.215,0,5.404,5.407,NA,12
"5/24/2022 5:51:20 AM",0.504,29.347,50.736,79.869,72897.4,1033.818,33.815,0.086,0.086,0.058,7.262,94.306,5.391,12.234,0,5.404,5.407,NA,12
"5/24/2022 5:51:20 AM",0.549,29.346,50.735,79.866,72896.4,1033.817,33.815,0.078,0.078,0.029,7.261,94.239,5.388,12.489,0,5.4,5.403,NA,12
"5/24/2022 5:51:20 AM",0.606,29.346,50.734,79.865,72895,1033.817,33.814,0.086,0.086,0.073,7.264,94.234,5.388,12.234,0,5.4,5.403,NA,12
"5/24/2022 5:51:20 AM",0.686,29.346,50.734,79.864,72894.9,1033.817,33.814,0.086,0.086,0.073,7.264,94.284,5.39,12.234,0,5.402,5.406,NA,12
"5/24/2022 5:51:21 AM",0.811,29.345,50.733,79.863,72894.3,1033.817,33.814,0.07,0.07,0.058,7.266,94.299,5.392,12.234,0,5.404,5.407,NA,12
"5/24/2022 5:51:21 AM",0.884,29.345,50.734,79.863,72895.1,1033.818,33.815,0.086,0.086,0.058,7.266,94.313,5.392,11.809,0,5.404,5.408,NA,12
"5/24/2022 5:51:21 AM",0.97,29.344,50.736,79.865,72898.1,1033.821,33.817,0.101,0.101,0.087,7.266,94.25,5.389,10.875,0,5.401,5.405,NA,12
"5/24/2022 5:51:21 AM",1.027,29.343,50.733,79.859,72894.1,1033.819,33.814,0.086,0.086,0.102,7.266,94.292,5.391,10.11,0,5.403,5.407,NA,12
"5/24/2022 5:51:21 AM",1.065,29.342,50.736,79.863,72898.9,1033.822,33.818,0.078,0.078,0.058,7.267,94.458,5.401,9.94,0,5.413,5.416,NA,12
"5/24/2022 5:51:22 AM",1.126,29.341,50.736,79.861,72898.5,1033.822,33.817,0.094,0.094,0.102,7.269,94.463,5.401,9.77,0,5.414,5.417,NA,12
"5/24/2022 5:51:22 AM",1.187,29.342,50.736,79.862,72898.3,1033.822,33.817,0.101,0.101,0.087,7.27,94.496,5.403,9.685,0,5.415,5.419,NA,12
"5/24/2022 5:51:22 AM",1.27,29.343,50.733,79.859,72894.5,1033.82,33.815,0.109,0.109,0.087,7.27,94.447,5.401,9.685,0,5.413,5.416,NA,12
"5/24/2022 5:51:22 AM",1.329,29.342,50.735,79.861,72897.3,1033.822,33.816,0.094,0.094,0.073,7.272,94.516,5.405,9.601,0,5.417,5.42,NA,12
"5/24/2022 5:51:22 AM",1.35,29.343,50.735,79.862,72896.7,1033.822,33.816,0.086,0.086,0.102,7.274,94.527,5.405,9.855,0,5.418,5.421,NA,12
"5/24/2022 5:51:23 AM",1.331,29.344,50.734,79.862,72896.4,1033.821,33.816,0.086,0.086,0.087,7.272,94.431,5.4,10.025,0,5.412,5.415,NA,12
"5/24/2022 5:51:23 AM",1.31,29.343,50.734,79.861,72896.1,1033.821,33.816,0.086,0.086,0.058,7.278,94.426,5.4,10.195,0,5.412,5.415,NA,12
"5/24/2022 5:51:23 AM",1.314,29.343,50.734,79.86,72895.5,1033.821,33.815,0.094,0.094,0.058,7.279,94.517,5.405,10.195,0,5.417,5.42,NA,12
"5/24/2022 5:51:23 AM",1.374,29.343,50.734,79.86,72895.4,1033.821,33.815,0.086,0.086,0.044,7.279,94.492,5.404,10.195,0,5.416,5.419,NA,12
"5/24/2022 5:51:23 AM",1.369,29.343,50.735,79.863,72897.3,1033.822,33.816,0.078,0.078,0.058,7.278,94.602,5.41,9.685,0,5.422,5.426,NA,12
"5/24/2022 5:51:24 AM",1.341,29.344,50.734,79.861,72895.5,1033.821,33.815,0.094,0.094,0.073,7.279,94.564,5.408,9.176,0,5.42,5.424,NA,12
"5/24/2022 5:51:24 AM",1.329,29.344,50.732,79.86,72893.5,1033.819,33.814,0.101,0.101,0.073,7.279,94.544,5.407,8.581,0,5.419,5.423,NA,12
"5/24/2022 5:51:24 AM",1.338,29.344,50.735,79.864,72896.9,1033.821,33.816,0.234,0.234,0.175,7.278,94.471,5.403,8.666,0,5.415,5.418,NA,12
"5/24/2022 5:51:24 AM",1.355,29.344,50.734,79.862,72895.9,1033.821,33.815,0.125,0.125,0.102,7.279,94.445,5.401,9.346,0,5.414,5.417,NA,12
"5/24/2022 5:51:24 AM",1.369,29.344,50.734,79.863,72896.1,1033.821,33.815,0.164,0.164,0.102,7.279,94.455,5.402,9.77,0,5.414,5.418,NA,12
"5/24/2022 5:51:25 AM",1.387,29.344,50.735,79.863,72897.1,1033.822,33.816,0.094,0.094,0.087,7.28,94.497,5.405,9.855,0,5.417,5.42,NA,12
"5/24/2022 5:51:25 AM",1.404,29.344,50.734,79.863,72896.3,1033.821,33.815,0.086,0.086,0.044,7.281,94.474,5.404,10.195,0,5.416,5.419,NA,12
"5/24/2022 5:51:25 AM",1.395,29.343,50.734,79.862,72896,1033.821,33.815,0.101,0.101,1.18,7.283,94.552,5.408,10.365,0,5.421,5.424,NA,12
"5/24/2022 5:51:25 AM",1.394,29.344,50.734,79.862,72896.3,1033.821,33.815,0.094,0.094,0.422,7.283,94.45,5.402,10.705,0,5.415,5.418,NA,12
"5/24/2022 5:51:25 AM",1.404,29.343,50.734,79.862,72896.2,1033.821,33.815,0.109,0.109,0.189,7.282,94.294,5.393,10.79,0,5.405,5.409,NA,12
"5/24/2022 5:51:26 AM",1.465,29.343,50.732,79.859,72894,1033.82,33.814,0.094,0.094,0.102,7.283,94.413,5.4,10.365,0,5.412,5.416,NA,12
"5/24/2022 5:51:26 AM",1.506,29.341,50.734,79.858,72895.6,1033.822,33.816,0.086,0.086,0.087,7.284,94.347,5.396,10.025,0,5.409,5.412,NA,12
"5/24/2022 5:51:26 AM",1.529,29.341,50.733,79.856,72894.8,1033.822,33.815,0.078,0.078,0.029,7.283,94.344,5.397,9.855,0,5.409,5.412,NA,12
"5/24/2022 5:51:26 AM",1.534,29.343,50.734,79.861,72896.3,1033.822,33.816,0.101,0.101,0.044,7.284,94.398,5.399,9.77,0,5.412,5.415,NA,12
"5/24/2022 5:51:27 AM",1.529,29.344,50.733,79.861,72894,1033.82,33.814,0.094,0.094,0.044,7.286,94.419,5.401,9.855,0,5.414,5.417,NA,12
"5/24/2022 5:51:27 AM",1.526,29.345,50.729,79.857,72889.7,1033.818,33.811,0.413,0.413,0.495,7.286,94.269,5.393,10.45,0,5.405,5.408,NA,12
"5/24/2022 5:51:27 AM",1.501,29.346,50.729,79.858,72889.2,1033.817,33.811,0.164,0.164,0.146,7.288,94.396,5.4,11.215,0,5.412,5.415,NA,12
"5/24/2022 5:51:27 AM",1.468,29.344,50.727,79.853,72887,1033.816,33.81,0.117,0.117,0.073,7.288,94.348,5.397,11.385,0,5.409,5.413,NA,12
"5/24/2022 5:51:27 AM",1.425,29.343,50.73,79.856,72891,1033.818,33.812,0.094,0.094,0.029,7.29,94.325,5.396,11.3,0,5.408,5.411,NA,12
"5/24/2022 5:51:28 AM",1.376,29.342,50.732,79.857,72893.3,1033.82,33.814,0.086,0.086,0.029,7.29,94.205,5.389,10.62,0,5.401,5.405,NA,12
"5/24/2022 5:51:28 AM",1.34,29.342,50.73,79.855,72891.5,1033.819,33.813,0.086,0.086,0.058,7.289,94.35,5.397,10.195,0,5.41,5.413,NA,12
"5/24/2022 5:51:28 AM",1.322,29.341,50.731,79.854,72892.6,1033.82,33.814,0.078,0.078,0.073,7.29,94.328,5.396,10.025,0,5.408,5.411,NA,12
"5/24/2022 5:51:28 AM",1.343,29.342,50.732,79.856,72893.9,1033.82,33.815,0.086,0.086,0.073,7.29,94.474,5.405,10.025,0,5.417,5.42,NA,12
"5/24/2022 5:51:28 AM",1.367,29.346,50.729,79.858,72889.9,1033.817,33.811,0.086,0.086,0.073,7.291,94.413,5.402,10.025,0,5.414,5.417,NA,12
"5/24/2022 5:51:29 AM",1.407,29.342,50.728,79.851,72888.2,1033.817,33.811,0.094,0.094,0.087,7.292,94.265,5.393,10.45,0,5.405,5.408,NA,12
"5/24/2022 5:51:29 AM",1.433,29.342,50.728,79.851,72889.2,1033.818,33.812,0.094,0.094,0.058,7.293,94.246,5.392,10.535,0,5.404,5.408,NA,12
"5/24/2022 5:51:29 AM",1.465,29.34,50.728,79.849,72889,1033.818,33.812,0.125,0.125,0.087,7.294,94.342,5.398,10.28,0,5.41,5.413,NA,12
"5/24/2022 5:51:29 AM",1.493,29.34,50.73,79.85,72890.9,1033.82,33.813,0.101,0.101,0.087,7.294,94.43,5.403,10.025,0,5.415,5.418,NA,12
"5/24/2022 5:51:29 AM",1.51,29.34,50.73,79.85,72891,1033.82,33.813,0.109,0.109,0.073,7.294,94.365,5.399,9.77,0,5.411,5.415,NA,12
"5/24/2022 5:51:30 AM",1.506,29.342,50.729,79.852,72889.5,1033.818,33.812,0.117,0.117,0.116,7.296,94.374,5.4,9.77,0,5.412,5.415,NA,12
"5/24/2022 5:51:30 AM",1.48,29.349,50.728,79.862,72888,1033.815,33.809,0.086,0.086,0.058,7.296,94.422,5.402,10.45,0,5.414,5.418,NA,12
"5/24/2022 5:51:30 AM",1.444,29.35,50.726,79.861,72885.3,1033.813,33.807,0.094,0.094,0.058,7.296,94.448,5.404,11.13,0,5.417,5.42,NA,12
"5/24/2022 5:51:30 AM",1.404,29.351,50.722,79.856,72880.2,1033.81,33.804,0.094,0.094,0.116,7.296,94.52,5.408,11.47,0,5.421,5.424,NA,12
"5/24/2022 5:51:30 AM",1.355,29.35,50.719,79.851,72876.5,1033.807,33.802,0.125,0.125,0.291,7.296,94.516,5.409,11.64,0,5.421,5.424,NA,12
"5/24/2022 5:51:31 AM",1.261,29.348,50.719,79.848,72877.1,1033.808,33.803,0.172,0.172,0.102,7.298,94.626,5.415,11.809,0,5.427,5.43,NA,12
"5/24/2022 5:51:31 AM",1.202,29.345,50.721,79.845,72879.1,1033.81,33.805,0.101,0.101,0.029,7.298,94.702,5.419,11.894,0,5.431,5.435,NA,12
"5/24/2022 5:51:31 AM",1.136,29.344,50.725,79.85,72884.3,1033.813,33.808,0.094,0.094,0.058,7.299,94.73,5.421,11.725,0,5.433,5.436,NA,12
"5/24/2022 5:51:31 AM",1.086,29.343,50.724,79.847,72883.4,1033.812,33.808,0.101,0.101,0.073,7.299,94.826,5.426,11.215,0,5.439,5.442,NA,12
"5/24/2022 5:51:31 AM",1.063,29.343,50.726,79.85,72886.3,1033.814,33.81,0.101,0.101,0.073,7.3,94.699,5.419,10.705,0,5.431,5.435,NA,12
"5/24/2022 5:51:32 AM",1.067,29.344,50.725,79.85,72884.6,1033.813,33.808,0.133,0.133,0.131,7.301,94.933,5.433,10.875,0,5.445,5.448,NA,12
"5/24/2022 5:51:32 AM",1.133,29.343,50.723,79.846,72882.5,1033.812,33.807,0.086,0.086,0.058,7.301,94.925,5.432,10.705,0,5.445,5.448,NA,12
"5/24/2022 5:51:32 AM",1.197,29.341,50.723,79.843,72882.4,1033.813,33.808,0.094,0.094,0.073,7.302,95.115,5.443,10.45,0,5.456,5.459,NA,12
"5/24/2022 5:51:32 AM",1.279,29.341,50.725,79.845,72884.5,1033.814,33.809,0.094,0.094,0.087,7.302,95.089,5.442,10.28,0,5.454,5.458,NA,12
"5/24/2022 5:51:32 AM",1.371,29.342,50.724,79.846,72883.9,1033.814,33.808,0.101,0.101,0.116,7.303,95.199,5.448,9.855,0,5.46,5.464,NA,12
"5/24/2022 5:51:33 AM",1.513,29.342,50.723,79.845,72882.1,1033.814,33.807,0.086,0.086,0.073,7.305,95.196,5.448,9.685,0,5.461,5.464,NA,12
"5/24/2022 5:51:33 AM",1.588,29.345,50.723,79.848,72881.7,1033.813,33.806,0.094,0.094,0.073,7.304,95.239,5.451,9.855,0,5.463,5.466,NA,12
"5/24/2022 5:51:33 AM",1.652,29.346,50.726,79.854,72885.2,1033.815,33.808,0.094,0.094,0.146,7.304,95.104,5.443,9.94,0,5.455,5.459,NA,12
"5/24/2022 5:51:33 AM",1.68,29.349,50.725,79.857,72884,1033.814,33.806,0.094,0.094,0.087,7.305,95.17,5.447,9.855,0,5.459,5.463,NA,12
"5/24/2022 5:51:33 AM",1.666,29.351,50.721,79.854,72878.6,1033.81,33.803,0.078,0.078,0.087,7.306,95.254,5.452,9.006,0,5.464,5.468,NA,12
"5/24/2022 5:51:34 AM",1.623,29.35,50.723,79.856,72880.9,1033.811,33.804,0.07,0.07,0.058,7.305,95.191,5.449,9.006,0,5.461,5.464,NA,12
"5/24/2022 5:51:34 AM",1.574,29.349,50.724,79.856,72882.9,1033.813,33.806,0.156,0.156,0.102,7.304,95.108,5.444,9.77,0,5.456,5.46,NA,12
"5/24/2022 5:51:34 AM",1.494,29.349,50.72,79.85,72878.1,1033.809,33.803,0.133,0.133,0.073,7.305,95.046,5.44,10.45,0,5.453,5.456,NA,12
"5/24/2022 5:51:34 AM",1.362,29.348,50.72,79.849,72877.8,1033.809,33.803,0.078,0.078,0.058,7.305,95.053,5.441,11.555,0,5.453,5.457,NA,12
"5/24/2022 5:51:34 AM",1.261,29.347,50.722,79.851,72880,1033.81,33.805,0.078,0.078,0.044,7.305,95.048,5.441,11.979,0,5.453,5.456,NA,12
"5/24/2022 5:51:35 AM",1.171,29.347,50.721,79.849,72879.2,1033.809,33.804,0.094,0.094,0.102,7.305,94.921,5.434,12.404,0,5.446,5.449,NA,12
"5/24/2022 5:51:35 AM",1.074,29.346,50.722,79.849,72880.4,1033.81,33.805,0.094,0.094,0.073,7.306,94.858,5.43,12.404,0,5.442,5.446,NA,12
"5/24/2022 5:51:35 AM",0.987,29.346,50.722,79.848,72880.1,1033.809,33.805,0.07,0.07,0.044,7.308,94.679,5.42,11.3,0,5.432,5.436,NA,12
"5/24/2022 5:51:35 AM",0.878,29.346,50.721,79.846,72878.6,1033.808,33.804,0.07,0.07,0.044,7.303,94.657,5.419,9.685,0,5.431,5.435,NA,12
"5/24/2022 5:51:35 AM",0.836,29.345,50.721,79.847,72879.6,1033.809,33.805,0.086,0.086,0.058,7.298,94.591,5.415,9.091,0,5.428,5.431,NA,12
"5/24/2022 5:51:36 AM",0.844,29.345,50.721,79.846,72879.5,1033.809,33.805,0.086,0.086,0.044,7.299,94.402,5.404,8.836,0,5.417,5.42,NA,12
"5/24/2022 5:51:36 AM",0.904,29.346,50.719,79.843,72876.1,1033.807,33.803,0.078,0.078,0.073,7.302,94.362,5.402,9.261,0,5.414,5.418,NA,12
"5/24/2022 5:51:36 AM",0.973,29.345,50.72,79.844,72877.4,1033.808,33.804,0.094,0.094,0.073,7.302,94.34,5.401,10.025,0,5.413,5.417,NA,12
"5/24/2022 5:51:36 AM",1.109,29.345,50.72,79.845,72878.4,1033.809,33.804,0.125,0.125,0.087,7.3,94.152,5.391,9.94,0,5.403,5.406,NA,12
"5/24/2022 5:51:36 AM",1.201,29.345,50.72,79.844,72877.8,1033.809,33.804,0.101,0.101,0.073,7.303,94.272,5.398,9.176,0,5.41,5.413,NA,12
"5/24/2022 5:51:37 AM",1.293,29.345,50.72,79.844,72877.8,1033.809,33.804,0.101,0.101,0.131,7.304,94.298,5.4,8.836,0,5.412,5.416,NA,12
"5/24/2022 5:51:37 AM",1.385,29.344,50.721,79.844,72879.3,1033.811,33.805,0.094,0.094,0.116,7.305,93.993,5.382,8.496,0,5.395,5.398,NA,12
"5/24/2022 5:51:37 AM",1.486,29.344,50.719,79.842,72877,1033.81,33.804,0.094,0.094,0.116,7.305,93.994,5.383,7.986,0,5.395,5.399,NA,12
"5/24/2022 5:51:37 AM",1.628,29.342,50.72,79.841,72878.6,1033.812,33.805,0.078,0.078,0.073,7.306,93.988,5.383,7.731,0,5.395,5.398,NA,12
"5/24/2022 5:51:37 AM",1.706,29.343,50.721,79.843,72879.5,1033.813,33.805,0.086,0.086,0.058,7.308,94.196,5.396,7.986,0,5.408,5.411,NA,12
"5/24/2022 5:51:38 AM",1.772,29.342,50.72,79.841,72879.4,1033.813,33.806,0.078,0.078,0.073,7.307,94.218,5.397,8.581,0,5.409,5.412,NA,12
"5/24/2022 5:51:38 AM",1.809,29.342,50.722,79.844,72881.7,1033.815,33.807,0.094,0.094,0.058,7.308,94.35,5.404,9.006,0,5.417,5.42,NA,12
"5/24/2022 5:51:38 AM",1.823,29.344,50.721,79.844,72879.7,1033.813,33.805,0.094,0.094,0.058,7.31,94.584,5.418,9.261,0,5.43,5.433,NA,12
"5/24/2022 5:51:38 AM",1.784,29.344,50.723,79.847,72881.6,1033.814,33.806,0.094,0.094,0.058,7.311,94.69,5.424,9.261,0,5.436,5.44,NA,12
"5/24/2022 5:51:38 AM",1.713,29.345,50.721,79.846,72879.1,1033.812,33.804,0.109,0.109,0.087,7.31,94.862,5.434,9.601,0,5.446,5.45,NA,12
"5/24/2022 5:51:39 AM",1.606,29.345,50.719,79.845,72877.5,1033.81,33.803,0.117,0.117,0.087,7.311,95.033,5.444,9.855,0,5.456,5.46,NA,12
"5/24/2022 5:51:39 AM",1.48,29.345,50.72,79.846,72878.5,1033.81,33.804,0.101,0.101,0.073,7.312,95.174,5.452,10.11,0,5.464,5.468,NA,12
"5/24/2022 5:51:39 AM",1.26,29.344,50.72,79.843,72878.6,1033.81,33.805,0.086,0.086,0.058,7.308,95.368,5.463,10.365,0,5.476,5.479,NA,12
"5/24/2022 5:51:39 AM",1.112,29.344,50.719,79.841,72877.2,1033.809,33.804,0.094,0.094,0.073,7.31,95.444,5.468,10.28,0,5.48,5.483,NA,12
"5/24/2022 5:51:39 AM",0.98,29.343,50.717,79.837,72874.7,1033.807,33.803,0.094,0.094,0.029,7.311,95.611,5.477,10.62,0,5.49,5.493,NA,12
"5/24/2022 5:51:40 AM",0.858,29.342,50.718,79.837,72876.1,1033.807,33.804,0.086,0.086,0.058,7.314,95.751,5.486,10.875,0,5.498,5.501,NA,12
"5/24/2022 5:51:40 AM",0.773,29.342,50.718,79.838,72876,1033.807,33.804,0.062,0.062,0.044,7.314,95.693,5.482,10.96,0,5.494,5.498,NA,12
"5/24/2022 5:51:40 AM",0.752,29.342,50.717,79.836,72874.9,1033.806,33.803,0.078,0.078,0.058,7.317,95.874,5.493,10.96,0,5.505,5.509,NA,12
"5/24/2022 5:51:40 AM",0.82,29.343,50.716,79.836,72873.2,1033.805,33.802,0.133,0.133,0.116,7.316,95.874,5.493,9.431,0,5.505,5.509,NA,12
"5/24/2022 5:51:41 AM",0.9,29.343,50.716,79.836,72873.1,1033.805,33.802,0.101,0.101,0.073,7.32,95.891,5.494,8.071,0,5.506,5.51,NA,12
"5/24/2022 5:51:41 AM",0.999,29.343,50.716,79.837,72873.8,1033.806,33.802,0.086,0.086,0.073,7.319,95.945,5.497,6.797,0,5.509,5.513,NA,12
"5/24/2022 5:51:41 AM",1.103,29.342,50.716,79.834,72873.5,1033.807,33.802,0.094,0.094,0.16,7.319,95.99,5.5,5.862,0,5.512,5.516,NA,12
"5/24/2022 5:51:41 AM",1.22,29.343,50.716,79.836,72873.7,1033.807,33.802,0.086,0.086,0.087,7.318,95.832,5.49,5.352,0,5.503,5.506,NA,12
"5/24/2022 5:51:41 AM",1.407,29.343,50.718,79.838,72875.5,1033.809,33.803,0.078,0.078,0.044,7.322,95.443,5.468,4.843,0,5.48,5.484,NA,12
"5/24/2022 5:51:42 AM",1.533,29.343,50.717,79.837,72874.7,1033.809,33.802,0.086,0.086,0.058,7.322,95.405,5.467,4.503,0,5.479,5.482,NA,12
"5/24/2022 5:51:42 AM",1.654,29.343,50.715,79.835,72872.2,1033.808,33.801,0.086,0.086,0.058,7.323,95.183,5.454,4.588,0,5.466,5.47,NA,12
"5/24/2022 5:51:42 AM",1.758,29.344,50.719,79.842,72877.1,1033.811,33.803,0.109,0.109,0.073,7.323,95.138,5.451,5.607,0,5.463,5.467,NA,12
"5/24/2022 5:51:42 AM",1.828,29.346,50.718,79.843,72875.3,1033.81,33.802,0.101,0.101,0.087,7.323,95.234,5.457,6.882,0,5.469,5.472,NA,12
"5/24/2022 5:51:42 AM",1.863,29.345,50.723,79.848,72881.6,1033.814,33.806,0.101,0.101,0.102,7.322,95.352,5.464,8.326,0,5.476,5.479,NA,12
"5/24/2022 5:51:43 AM",1.84,29.345,50.722,79.847,72880.6,1033.813,33.805,0.078,0.078,0.058,7.319,95.383,5.465,8.496,0,5.478,5.481,NA,12
"5/24/2022 5:51:43 AM",1.788,29.346,50.722,79.849,72880.8,1033.813,33.805,0.062,0.062,0.044,7.322,95.551,5.475,8.496,0,5.488,5.491,NA,12
"5/24/2022 5:51:43 AM",1.72,29.346,50.721,79.847,72879.8,1033.812,33.805,0.07,0.07,0.073,7.323,95.576,5.476,8.326,0,5.489,5.492,NA,12
"5/24/2022 5:51:43 AM",1.63,29.346,50.72,79.845,72877.6,1033.81,33.803,0.078,0.078,0.029,7.323,95.574,5.476,8.156,0,5.489,5.492,NA,12
"5/24/2022 5:51:43 AM",1.46,29.345,50.719,79.844,72877.1,1033.809,33.803,0.117,0.117,0.058,7.322,95.782,5.489,8.326,0,5.501,5.504,NA,12
"5/24/2022 5:51:44 AM",1.341,29.344,50.721,79.845,72879.2,1033.811,33.805,0.094,0.094,0.073,7.323,95.861,5.493,8.496,0,5.506,5.509,NA,12
"5/24/2022 5:51:44 AM",1.22,29.344,50.72,79.844,72878.6,1033.81,33.805,0.109,0.109,0.102,7.325,95.738,5.486,8.836,0,5.498,5.502,NA,12
"5/24/2022 5:51:44 AM",1.103,29.344,50.72,79.843,72877.8,1033.809,33.804,0.086,0.086,0.073,7.326,95.851,5.493,9.091,0,5.505,5.508,NA,12
"5/24/2022 5:51:44 AM",1.006,29.344,50.719,79.842,72877.4,1033.808,33.804,0.07,0.07,0.087,7.329,95.853,5.493,9.601,0,5.505,5.509,NA,12
"5/24/2022 5:51:44 AM",0.935,29.344,50.718,79.839,72875,1033.806,33.803,0.078,0.078,0.044,7.329,95.905,5.496,10.025,0,5.508,5.512,NA,12
"5/24/2022 5:51:45 AM",0.876,29.344,50.716,79.837,72873.2,1033.805,33.802,0.086,0.086,0.073,7.331,95.847,5.493,10.28,0,5.505,5.509,NA,12
"5/24/2022 5:51:45 AM",0.869,29.343,50.716,79.837,72873.3,1033.805,33.802,0.094,0.094,0.058,7.331,95.784,5.489,10.28,0,5.501,5.505,NA,12
"5/24/2022 5:51:45 AM",0.893,29.343,50.718,79.839,72875.5,1033.807,33.803,0.078,0.078,0.073,7.331,95.862,5.493,10.195,0,5.506,5.509,NA,12
"5/24/2022 5:51:45 AM",0.942,29.344,50.717,79.839,72875,1033.807,33.802,0.078,0.078,0.029,7.332,95.848,5.493,10.195,0,5.505,5.509,NA,12
"5/24/2022 5:51:45 AM",1.029,29.343,50.716,79.835,72872.9,1033.806,33.802,0.086,0.086,0.058,7.336,95.934,5.498,10.28,0,5.51,5.514,NA,12
"5/24/2022 5:51:46 AM",1.18,29.344,50.716,79.838,72873.5,1033.807,33.801,0.094,0.094,0.058,7.336,95.878,5.495,10.365,0,5.507,5.511,NA,12
"5/24/2022 5:51:46 AM",1.289,29.344,50.717,79.84,72875.1,1033.808,33.802,0.094,0.094,0.029,7.336,95.779,5.489,9.94,0,5.502,5.505,NA,12
"5/24/2022 5:51:46 AM",1.387,29.344,50.716,79.837,72872.7,1033.807,33.801,0.078,0.078,0.058,7.336,95.458,5.471,9.006,0,5.483,5.487,NA,12
"5/24/2022 5:51:46 AM",1.491,29.343,50.716,79.837,72873.4,1033.808,33.802,0.078,0.078,0.073,7.337,95.319,5.463,8.241,0,5.476,5.479,NA,12
"5/24/2022 5:51:46 AM",1.597,29.343,50.716,79.836,72873,1033.808,33.801,0.094,0.094,0.073,7.341,95.253,5.459,7.561,0,5.471,5.475,NA,12
"5/24/2022 5:51:47 AM",1.731,29.343,50.718,79.839,72875.8,1033.81,33.803,0.078,0.078,0.073,7.344,95.404,5.468,7.476,0,5.481,5.484,NA,12
"5/24/2022 5:51:47 AM",1.804,29.343,50.719,79.84,72877.3,1033.812,33.804,0.101,0.101,0.087,7.346,95.349,5.465,7.986,0,5.477,5.481,NA,12
"5/24/2022 5:51:47 AM",1.838,29.343,50.72,79.843,72878.9,1033.813,33.805,0.094,0.094,0.116,7.346,95.375,5.467,8.581,0,5.479,5.483,NA,12
"5/24/2022 5:51:47 AM",1.85,29.345,50.719,79.844,72877.2,1033.811,33.803,0.078,0.078,0.102,7.345,95.291,5.462,8.921,0,5.475,5.478,NA,12
"5/24/2022 5:51:47 AM",1.809,29.348,50.717,79.846,72874.5,1033.808,33.801,0.078,0.078,0.058,7.344,95.29,5.462,9.176,0,5.475,5.478,NA,12
"5/24/2022 5:51:48 AM",1.751,29.348,50.719,79.848,72877,1033.81,33.802,0.078,0.078,0.029,7.345,95.369,5.467,9.516,0,5.479,5.483,NA,12
"5/24/2022 5:51:48 AM",1.666,29.347,50.719,79.847,72876.9,1033.81,33.802,0.078,0.078,0.058,7.346,95.273,5.461,9.685,0,5.474,5.477,NA,12
"5/24/2022 5:51:48 AM",1.564,29.347,50.721,79.849,72878.9,1033.81,33.804,0.109,0.109,0.087,7.349,95.328,5.464,9.94,0,5.476,5.48,NA,12
"5/24/2022 5:51:48 AM",1.449,29.348,50.717,79.845,72874.2,1033.807,33.801,0.094,0.094,0.058,7.351,95.411,5.469,10.365,0,5.482,5.485,NA,12
"5/24/2022 5:51:48 AM",1.265,29.348,50.716,79.843,72872.3,1033.805,33.8,0.109,0.109,0.073,7.35,95.362,5.467,11.215,0,5.479,5.483,NA,12
"5/24/2022 5:51:49 AM",1.145,29.347,50.676,79.789,72823.5,1033.775,33.77,0.086,0.086,0.073,7.351,95.35,5.467,11.47,0,5.479,5.483,NA,12
"5/24/2022 5:51:49 AM",1.032,29.347,50.717,79.843,72874.2,1033.806,33.801,0.078,0.078,0.058,7.352,95.358,5.466,11.385,0,5.479,5.482,NA,12
"5/24/2022 5:51:49 AM",0.935,29.347,50.715,79.84,72871.9,1033.804,33.8,0.125,0.125,0.131,7.354,95.463,5.472,11.13,0,5.485,5.488,NA,12
"5/24/2022 5:51:49 AM",0.851,29.347,50.713,79.838,72869.5,1033.802,33.798,0.148,0.148,0.087,7.354,95.608,5.481,10.62,0,5.493,5.497,NA,12
"5/24/2022 5:51:49 AM",0.777,29.347,50.712,79.837,72867.7,1033.801,33.797,0.094,0.094,0.073,7.354,95.347,5.466,9.94,0,5.478,5.482,NA,12
"5/24/2022 5:51:50 AM",0.773,29.347,50.714,79.839,72869.6,1033.802,33.798,0.078,0.078,0.073,7.354,95.508,5.475,9.855,0,5.488,5.491,NA,12
"5/24/2022 5:51:50 AM",0.811,29.347,50.711,79.835,72866.3,1033.8,33.796,0.086,0.086,0.073,7.356,95.454,5.472,9.601,0,5.485,5.488,NA,12
"5/24/2022 5:51:50 AM",0.895,29.347,50.712,79.837,72868.1,1033.801,33.797,0.094,0.094,0.058,7.357,95.54,5.477,9.176,0,5.489,5.493,NA,12
"5/24/2022 5:51:50 AM",0.994,29.347,50.711,79.835,72866.8,1033.801,33.797,0.109,0.109,0.073,7.357,95.724,5.488,8.581,0,5.5,5.504,NA,12
"5/24/2022 5:51:50 AM",1.114,29.347,50.713,79.837,72868.7,1033.803,33.798,0.094,0.094,0.073,7.358,95.697,5.486,7.986,0,5.499,5.502,NA,12
"5/24/2022 5:51:51 AM",1.305,29.348,50.711,79.836,72866.3,1033.802,33.796,0.094,0.094,0.073,7.359,95.353,5.467,7.646,0,5.479,5.483,NA,12
"5/24/2022 5:51:51 AM",1.423,29.349,50.712,79.839,72867.4,1033.802,33.796,0.086,0.086,0.058,7.361,95.253,5.461,7.561,0,5.474,5.477,NA,12
"5/24/2022 5:51:51 AM",1.541,29.349,50.71,79.838,72865.5,1033.802,33.795,0.125,0.125,0.073,7.362,95.257,5.462,7.222,0,5.474,5.477,NA,12
"5/24/2022 5:51:51 AM",1.658,29.349,50.712,79.839,72867.7,1033.804,33.797,0.101,0.101,0.058,7.362,95.175,5.457,7.052,0,5.469,5.473,NA,12
"5/24/2022 5:51:51 AM",1.75,29.35,50.713,79.843,72869.7,1033.805,33.797,0.086,0.086,0.058,7.362,95.459,5.473,7.307,0,5.486,5.489,NA,12
"5/24/2022 5:51:52 AM",1.837,29.351,50.714,79.846,72870.7,1033.806,33.798,0.086,0.086,0.087,7.364,95.404,5.47,7.731,0,5.483,5.486,NA,12
"5/24/2022 5:51:52 AM",1.857,29.351,50.715,79.847,72871.2,1033.806,33.798,0.094,0.094,0.058,7.365,95.251,5.462,8.071,0,5.475,5.478,NA,12
"5/24/2022 5:51:52 AM",1.859,29.351,50.716,79.849,72873,1033.807,33.799,0.094,0.094,0.044,7.365,95.286,5.464,8.581,0,5.476,5.48,NA,12
"5/24/2022 5:51:52 AM",1.816,29.351,50.715,79.847,72871.1,1033.806,33.798,0.094,0.094,0.073,7.365,95.382,5.469,9.431,0,5.482,5.485,NA,12
"5/24/2022 5:51:52 AM",1.748,29.351,50.714,79.845,72870.4,1033.805,33.798,0.078,0.078,0.073,7.364,95.354,5.468,9.94,0,5.48,5.484,NA,12
"5/24/2022 5:51:53 AM",1.647,29.35,50.714,79.844,72870,1033.805,33.798,0.094,0.094,0.058,7.364,95.389,5.47,10.45,0,5.482,5.486,NA,12
"5/24/2022 5:51:53 AM",1.453,29.35,50.713,79.843,72868.4,1033.803,33.797,0.086,0.086,0.087,7.363,95.52,5.477,11.215,0,5.49,5.493,NA,12
"5/24/2022 5:51:53 AM",1.334,29.351,50.713,79.844,72868.9,1033.802,33.797,0.078,0.078,0.087,7.363,95.503,5.477,11.215,0,5.489,5.492,NA,12
"5/24/2022 5:51:53 AM",1.213,29.35,50.715,79.844,72870.8,1033.804,33.798,0.07,0.07,0.087,7.364,95.414,5.471,10.96,0,5.484,5.487,NA,12
"5/24/2022 5:51:53 AM",1.089,29.35,50.711,79.839,72866.8,1033.801,33.796,0.086,0.086,0.058,7.364,95.618,5.483,11.64,0,5.496,5.499,NA,12
"5/24/2022 5:51:54 AM",0.93,29.349,50.711,79.837,72865.8,1033.799,33.796,0.125,0.125,0.058,7.362,95.694,5.488,11.555,0,5.5,5.504,NA,12
"5/24/2022 5:51:54 AM",0.848,29.348,50.71,79.835,72865.1,1033.799,33.795,0.172,0.172,0.102,7.364,95.617,5.483,11.13,0,5.496,5.499,NA,12
"5/24/2022 5:51:54 AM",0.791,29.348,50.707,79.831,72861.7,1033.797,33.793,0.117,0.117,0.116,7.364,95.564,5.48,11.725,0,5.493,5.496,NA,12
"5/24/2022 5:51:54 AM",0.799,29.348,50.708,79.832,72862.8,1033.797,33.794,0.125,0.125,0.087,7.366,95.638,5.484,10.79,0,5.497,5.5,NA,12
"5/24/2022 5:51:54 AM",0.862,29.347,50.708,79.831,72863.3,1033.798,33.795,0.117,0.117,0.073,7.368,95.778,5.493,10.11,0,5.505,5.508,NA,12
"5/24/2022 5:51:55 AM",1.05,29.348,50.706,79.831,72860.6,1033.797,33.792,0.086,0.086,0.087,7.37,95.678,5.487,8.326,0,5.499,5.503,NA,12
"5/24/2022 5:51:55 AM",1.211,29.349,50.708,79.834,72863.2,1033.799,33.794,0.101,0.101,0.073,7.371,95.686,5.487,6.457,0,5.5,5.503,NA,12
"5/24/2022 5:51:55 AM",1.352,29.349,50.707,79.834,72862,1033.799,33.793,0.047,0.047,0,7.371,95.664,5.486,4.248,0,5.499,5.502,NA,12
"5/24/2022 5:51:55 AM",1.498,29.349,50.707,79.833,72861.9,1033.799,33.793,0.062,0.062,0.044,7.371,95.615,5.484,3.228,0,5.496,5.499,NA,12
"5/24/2022 5:51:55 AM",1.614,29.348,50.708,79.833,72862.6,1033.8,33.794,0.023,0.023,0,7.372,95.545,5.479,2.549,0,5.492,5.495,NA,12
"5/24/2022 5:51:56 AM",1.805,29.349,50.709,79.835,72863.9,1033.802,33.794,0,0,0,7.37,95.509,5.478,1.189,0,5.49,5.494,NA,12
"5/24/2022 5:51:56 AM",1.944,29.349,50.71,79.838,72865.8,1033.803,33.795,0,0,0,7.37,95.379,5.47,0.765,0,5.483,5.486,NA,12
"5/24/2022 5:51:56 AM",2.069,29.349,50.71,79.838,72865.6,1033.804,33.795,0.094,0.094,0.058,7.37,95.38,5.47,0.68,0,5.483,5.486,NA,12
"5/24/2022 5:51:56 AM",2.191,29.35,50.71,79.839,72866.1,1033.804,33.795,0.047,0.047,0,7.37,95.461,5.475,0.51,0,5.487,5.491,NA,12
"5/24/2022 5:51:56 AM",2.377,29.35,50.71,79.839,72866.2,1033.805,33.795,0.632,0.632,1.326,7.37,95.502,5.477,1.274,0,5.49,5.493,NA,12
"5/24/2022 5:51:57 AM",2.479,29.35,50.713,79.843,72869.9,1033.808,33.797,0.32,0.32,0.626,7.372,95.544,5.479,3.568,0,5.492,5.495,NA,12
"5/24/2022 5:51:57 AM",2.58,29.349,50.718,79.849,72876.2,1033.812,33.801,0.148,0.148,0.204,7.373,95.63,5.485,5.947,0,5.497,5.501,NA,12
"5/24/2022 5:51:57 AM",2.653,29.35,50.725,79.859,72883.8,1033.817,33.806,0.109,0.109,0.102,7.371,95.715,5.489,7.222,0,5.502,5.505,NA,12
"5/24/2022 5:51:57 AM",2.717,29.351,50.729,79.865,72888.8,1033.82,33.809,0.101,0.101,0.073,7.372,95.639,5.485,8.241,0,5.497,5.501,NA,12
"5/24/2022 5:51:57 AM",2.73,29.351,50.732,79.871,72893.2,1033.823,33.811,0.078,0.078,0.102,7.374,95.751,5.491,8.496,0,5.504,5.507,NA,12
"5/24/2022 5:51:58 AM",2.716,29.352,50.732,79.872,72893.4,1033.823,33.811,0.078,0.078,0.058,7.375,95.66,5.486,8.581,0,5.499,5.502,NA,12
"5/24/2022 5:51:58 AM",2.737,29.352,50.732,79.871,72892.6,1033.822,33.811,0.07,0.07,0,7.376,95.63,5.484,8.411,0,5.497,5.5,NA,12
"5/24/2022 5:51:58 AM",2.797,29.35,50.732,79.869,72893.3,1033.823,33.812,0.086,0.086,0.044,7.376,95.647,5.486,8.156,0,5.498,5.502,NA,12
"5/24/2022 5:51:58 AM",2.945,29.348,50.733,79.868,72895,1033.826,33.813,0.086,0.086,0.058,7.377,95.722,5.49,7.476,0,5.502,5.506,NA,12
"5/24/2022 5:51:58 AM",3.086,29.348,50.734,79.869,72896.5,1033.827,33.814,0.078,0.078,0.029,7.378,95.698,5.489,6.712,0,5.501,5.504,NA,12
"5/24/2022 5:51:59 AM",3.249,29.349,50.736,79.873,72898.5,1033.829,33.815,0.094,0.094,0.044,7.379,95.732,5.49,5.607,0,5.503,5.506,NA,12
"5/24/2022 5:51:59 AM",3.418,29.35,50.735,79.873,72897.3,1033.828,33.814,0.078,0.078,0.029,7.378,95.755,5.492,3.738,0,5.504,5.508,NA,12
"5/24/2022 5:51:59 AM",3.645,29.352,50.741,79.884,72904.3,1033.833,33.817,0.062,0.062,0.015,7.378,95.647,5.486,2.039,0,5.498,5.502,NA,12
"5/24/2022 5:51:59 AM",3.776,29.353,50.743,79.889,72906.7,1033.834,33.818,0.078,0.078,0.058,7.381,95.686,5.488,1.784,0,5.501,5.504,NA,12
"5/24/2022 5:52:00 AM",3.901,29.354,50.743,79.89,72906.5,1033.835,33.818,0.078,0.078,0.044,7.381,95.631,5.485,1.784,0,5.497,5.501,NA,12
"5/24/2022 5:52:00 AM",4.024,29.355,50.749,79.9,72914.5,1033.84,33.823,0.055,0.055,0,7.381,95.608,5.483,1.529,0,5.496,5.499,NA,12
"5/24/2022 5:52:00 AM",4.161,29.356,50.743,79.894,72906.9,1033.835,33.817,0.101,0.101,0.102,7.382,95.646,5.486,1.274,0,5.498,5.502,NA,12
"5/24/2022 5:52:00 AM",4.356,29.354,50.743,79.891,72907.6,1033.837,33.819,0.086,0.086,0.058,7.384,95.593,5.483,1.274,0,5.496,5.499,NA,12
"5/24/2022 5:52:00 AM",4.481,29.354,50.744,79.893,72908.4,1033.838,33.819,0.156,0.156,0.218,7.384,95.607,5.484,1.699,0,5.496,5.5,NA,12
"5/24/2022 5:52:01 AM",4.61,29.355,50.75,79.902,72916.2,1033.843,33.823,0.133,0.133,0.131,7.384,95.525,5.479,3.144,0,5.492,5.495,NA,12
"5/24/2022 5:52:01 AM",4.716,29.356,50.754,79.909,72921.3,1033.846,33.826,0.101,0.101,0.102,7.385,95.43,5.473,3.738,0,5.486,5.489,NA,12
"5/24/2022 5:52:01 AM",4.837,29.357,50.76,79.918,72927.9,1033.851,33.83,0.086,0.086,0.058,7.386,95.534,5.48,4.928,0,5.492,5.496,NA,12
"5/24/2022 5:52:01 AM",4.969,29.357,50.765,79.925,72934,1033.855,33.833,0.101,0.101,0.058,7.389,95.425,5.473,5.607,0,5.486,5.489,NA,12
"5/24/2022 5:52:01 AM",5.06,29.357,50.766,79.927,72935.5,1033.856,33.834,0.101,0.101,0.087,7.39,95.352,5.469,5.947,0,5.481,5.485,NA,12
"5/24/2022 5:52:02 AM",5.143,29.357,50.767,79.928,72936.5,1033.857,33.835,0.094,0.094,0.058,7.388,95.323,5.467,5.862,0,5.48,5.483,NA,12
"5/24/2022 5:52:02 AM",5.226,29.356,50.786,79.953,72960.3,1033.872,33.85,0.125,0.125,0.087,7.39,95.337,5.468,5.777,0,5.48,5.484,NA,12
"5/24/2022 5:52:02 AM",5.306,29.356,50.791,79.96,72967.1,1033.876,33.854,0.086,0.086,0.087,7.39,95.296,5.465,6.287,0,5.477,5.481,NA,12
"5/24/2022 5:52:02 AM",5.337,29.356,50.792,79.962,72968.9,1033.878,33.855,0.07,0.07,0.073,7.389,95.3,5.465,6.542,0,5.478,5.481,NA,12
"5/24/2022 5:52:02 AM",5.409,29.356,50.794,79.965,72971.1,1033.879,33.856,0.117,0.117,0.131,7.391,95.329,5.467,6.457,0,5.479,5.483,NA,12
"5/24/2022 5:52:03 AM",5.485,29.357,50.794,79.966,72971.5,1033.88,33.856,0.101,0.101,0.131,7.391,95.298,5.465,6.542,0,5.478,5.481,NA,12
"5/24/2022 5:52:03 AM",5.603,29.356,50.796,79.968,72973.8,1033.882,33.858,0.086,0.086,0.073,7.394,95.246,5.462,6.712,0,5.475,5.478,NA,12
"5/24/2022 5:52:03 AM",5.709,29.356,50.798,79.969,72975.7,1033.883,33.859,0.086,0.086,0.087,7.394,95.196,5.459,6.542,0,5.472,5.475,NA,12
"5/24/2022 5:52:03 AM",5.848,29.356,50.797,79.968,72974.8,1033.883,33.858,0.078,0.078,0.073,7.394,95.217,5.46,5.947,0,5.473,5.476,NA,12
"5/24/2022 5:52:03 AM",6.003,29.355,50.798,79.968,72975.9,1033.885,33.859,0.086,0.086,0.029,7.394,95.241,5.462,5.268,0,5.474,5.478,NA,12
"5/24/2022 5:52:04 AM",6.171,29.355,50.801,79.973,72980.3,1033.888,33.862,0.094,0.094,0.058,7.393,95.188,5.459,4.673,0,5.471,5.475,NA,12
"5/24/2022 5:52:04 AM",6.397,29.355,50.843,80.031,73033,1033.921,33.894,0.101,0.101,0.087,7.393,95.09,5.452,3.908,0,5.464,5.468,NA,12
"5/24/2022 5:52:04 AM",6.55,29.356,50.847,80.037,73038,1033.925,33.897,0.094,0.094,0.073,7.392,95.031,5.449,4.163,0,5.461,5.464,NA,12
"5/24/2022 5:52:04 AM",6.691,29.356,50.855,80.047,73047.1,1033.931,33.902,0.094,0.094,0.131,7.394,95.13,5.454,4.163,0,5.467,5.47,NA,12
"5/24/2022 5:52:04 AM",6.84,29.356,50.856,80.05,73049.5,1033.933,33.904,0.117,0.117,0.102,7.396,95.166,5.456,4.673,0,5.469,5.472,NA,12
"5/24/2022 5:52:05 AM",7.016,29.355,50.864,80.06,73059.6,1033.94,33.91,0.117,0.117,0.058,7.395,95.172,5.456,5.522,0,5.469,5.472,NA,12
"5/24/2022 5:52:05 AM",7.111,29.356,50.872,80.071,73068.7,1033.946,33.915,0.101,0.101,0.131,7.395,95.166,5.456,6.032,0,5.468,5.472,NA,12
"5/24/2022 5:52:05 AM",7.176,29.356,50.873,80.073,73070.2,1033.947,33.916,0.086,0.086,0.087,7.396,95.232,5.459,6.287,0,5.472,5.475,NA,12
"5/24/2022 5:52:05 AM",7.217,29.357,50.875,80.076,73072.2,1033.948,33.917,0.109,0.109,0.131,7.397,95.106,5.452,6.287,0,5.465,5.468,NA,12
"5/24/2022 5:52:05 AM",7.247,29.357,50.874,80.075,73071.4,1033.947,33.917,0.109,0.109,0.102,7.396,95.072,5.45,6.372,0,5.463,5.466,NA,12
"5/24/2022 5:52:06 AM",7.255,29.356,50.875,80.075,73072.1,1033.948,33.917,0.109,0.109,0.102,7.399,95.076,5.451,6.372,0,5.463,5.467,NA,12
"5/24/2022 5:52:06 AM",7.255,29.357,50.875,80.077,73072.5,1033.948,33.917,0.101,0.101,0.073,7.4,95.012,5.447,6.372,0,5.46,5.463,NA,12
"5/24/2022 5:52:06 AM",7.262,29.357,50.876,80.079,73074.4,1033.949,33.918,0.086,0.086,0.087,7.4,95.104,5.452,6.372,0,5.465,5.468,NA,12
"5/24/2022 5:52:06 AM",7.283,29.357,50.877,80.08,73075.4,1033.95,33.919,0.078,0.078,0.058,7.402,95.07,5.45,6.457,0,5.463,5.466,NA,12
"5/24/2022 5:52:06 AM",7.341,29.357,50.877,80.079,73074.6,1033.95,33.918,0.101,0.101,0.044,7.4,95.076,5.451,6.372,0,5.463,5.467,NA,12
"5/24/2022 5:52:07 AM",7.384,29.357,50.878,80.081,73076.4,1033.951,33.92,0.07,0.07,0.073,7.403,94.978,5.445,6.457,0,5.458,5.461,NA,12
"5/24/2022 5:52:07 AM",7.447,29.355,50.879,80.08,73077.5,1033.952,33.921,0.078,0.078,0.087,7.405,95.062,5.45,6.372,0,5.462,5.466,NA,12
"5/24/2022 5:52:07 AM",7.518,29.356,50.88,80.083,73079.3,1033.954,33.922,0.101,0.101,0.073,7.405,94.986,5.446,6.372,0,5.458,5.461,NA,12
"5/24/2022 5:52:07 AM",7.657,29.357,50.879,80.083,73078.4,1033.953,33.921,0.117,0.117,0.073,7.405,94.998,5.446,6.117,0,5.459,5.462,NA,12
"5/24/2022 5:52:07 AM",7.745,29.355,50.878,80.079,73077.5,1033.954,33.921,0.148,0.148,0.073,7.403,94.959,5.444,5.947,0,5.457,5.46,NA,12
"5/24/2022 5:52:08 AM",7.855,29.354,50.882,80.083,73081.9,1033.957,33.924,0.101,0.101,0.029,7.406,95.094,5.452,6.032,0,5.464,5.468,NA,12
"5/24/2022 5:52:08 AM",7.997,29.353,50.882,80.08,73082.1,1033.958,33.924,0.179,0.179,0.131,7.406,94.881,5.44,5.777,0,5.452,5.456,NA,12
"5/24/2022 5:52:08 AM",8.256,29.353,50.887,80.087,73088.3,1033.963,33.928,0.101,0.101,0.073,7.407,95.055,5.45,4.673,0,5.462,5.466,NA,12
"5/24/2022 5:52:08 AM",8.418,29.353,50.888,80.089,73089.8,1033.964,33.929,0.078,0.078,0.073,7.407,95.037,5.449,3.483,0,5.461,5.464,NA,12
"5/24/2022 5:52:09 AM",8.577,29.353,50.89,80.092,73092.5,1033.967,33.93,0.078,0.078,0.044,7.409,95.041,5.449,3.144,0,5.461,5.465,NA,12
"5/24/2022 5:52:09 AM",8.737,29.353,50.893,80.097,73096.7,1033.97,33.933,0.101,0.101,0.073,7.408,95.133,5.454,2.974,0,5.466,5.47,NA,12
"5/24/2022 5:52:09 AM",8.967,29.354,50.898,80.104,73102.5,1033.974,33.936,0.086,0.086,0.058,7.409,95.044,5.449,2.464,0,5.461,5.465,NA,12
"5/24/2022 5:52:09 AM",9.109,29.354,50.899,80.107,73104.4,1033.976,33.937,0.094,0.094,0.044,7.407,94.926,5.442,2.209,0,5.455,5.458,NA,12
"5/24/2022 5:52:09 AM",9.26,29.354,50.902,80.111,73108.2,1033.979,33.939,0.078,0.078,0.087,7.409,95.063,5.45,2.804,0,5.462,5.466,NA,12
"5/24/2022 5:52:10 AM",9.406,29.354,50.905,80.114,73111.4,1033.981,33.941,0.078,0.078,0.058,7.409,94.912,5.441,3.313,0,5.454,5.457,NA,12
"5/24/2022 5:52:10 AM",9.566,29.354,50.908,80.119,73115.7,1033.984,33.944,0.078,0.078,0.058,7.409,95.03,5.448,3.144,0,5.46,5.464,NA,12
"5/24/2022 5:52:10 AM",9.793,29.353,50.911,80.122,73119.1,1033.987,33.946,0.086,0.086,0.058,7.412,94.991,5.446,3.059,0,5.458,5.462,NA,12
"5/24/2022 5:52:10 AM",9.927,29.353,50.912,80.123,73120.3,1033.989,33.946,0.094,0.094,0.058,7.409,94.985,5.445,3.568,0,5.458,5.461,NA,12
"5/24/2022 5:52:10 AM",10.059,29.354,50.915,80.128,73124.5,1033.992,33.949,0.101,0.101,0.102,7.411,95.049,5.449,4.078,0,5.462,5.465,NA,12
"5/24/2022 5:52:11 AM",10.163,29.354,50.915,80.13,73124.8,1033.992,33.949,0.086,0.086,0.102,7.411,94.98,5.445,4.673,0,5.458,5.461,NA,12
"5/24/2022 5:52:11 AM",10.259,29.354,50.917,80.132,73126.9,1033.994,33.95,0.094,0.094,0.116,7.411,95.008,5.447,5.268,0,5.459,5.463,NA,12
"5/24/2022 5:52:11 AM",10.37,29.354,50.919,80.133,73129.1,1033.996,33.952,0.094,0.094,0.058,7.409,95.022,5.447,5.522,0,5.46,5.463,NA,12
"5/24/2022 5:52:11 AM",10.45,29.354,50.918,80.133,73128.4,1033.996,33.951,0.086,0.086,0.015,7.41,94.932,5.442,5.437,0,5.455,5.458,NA,12
"5/24/2022 5:52:11 AM",10.565,29.354,50.918,80.134,73128.3,1033.996,33.951,0.086,0.086,0.102,7.411,95.041,5.449,5.268,0,5.461,5.464,NA,12
"5/24/2022 5:52:12 AM",10.66,29.354,50.918,80.134,73128.5,1033.996,33.951,0.094,0.094,0.102,7.412,94.948,5.443,4.928,0,5.456,5.459,NA,12
"5/24/2022 5:52:12 AM",10.692,29.354,50.919,80.134,73129.1,1033.997,33.952,0.07,0.07,0.044,7.411,95.038,5.449,5.692,0,5.461,5.465,NA,12
"5/24/2022 5:52:12 AM",10.653,29.354,50.918,80.133,73128.5,1033.996,33.951,0.062,0.062,0.073,7.411,95.005,5.447,5.692,0,5.459,5.463,NA,12
"5/24/2022 5:52:12 AM",10.586,29.354,50.919,80.134,73129,1033.996,33.951,0.07,0.07,0.044,7.413,95.095,5.452,5.692,0,5.464,5.468,NA,12
"5/24/2022 5:52:12 AM",10.494,29.354,50.935,80.156,73148.9,1034.008,33.964,0.07,0.07,0.044,7.415,95.107,5.452,5.777,0,5.465,5.468,NA,12
"5/24/2022 5:52:13 AM",10.389,29.354,50.938,80.16,73152.5,1034.01,33.966,0.078,0.078,0.044,7.416,95.001,5.446,5.777,0,5.458,5.462,NA,12
"5/24/2022 5:52:13 AM",10.259,29.354,50.938,80.16,73152.4,1034.009,33.966,0.101,0.101,0.073,7.417,95.012,5.447,5.777,0,5.459,5.463,NA,12
"5/24/2022 5:52:13 AM",10.17,29.355,50.939,80.162,73153.6,1034.01,33.966,0.086,0.086,0.029,7.419,95.037,5.448,5.777,0,5.46,5.464,NA,12
"5/24/2022 5:52:13 AM",10.052,29.355,50.937,80.159,73151.1,1034.008,33.965,0.078,0.078,0.058,7.419,94.963,5.444,5.862,0,5.456,5.46,NA,12
"5/24/2022 5:52:13 AM",9.893,29.354,50.936,80.158,73150.7,1034.007,33.965,0.055,0.055,0.044,7.419,95.025,5.448,5.862,0,5.46,5.464,NA,12
"5/24/2022 5:52:14 AM",9.634,29.354,50.934,80.154,73147.9,1034.004,33.963,0.078,0.078,0.087,7.419,94.921,5.442,6.032,0,5.454,5.458,NA,12
"5/24/2022 5:52:14 AM",9.469,29.354,50.933,80.153,73145.9,1034.002,33.962,0.117,0.117,0.087,7.42,94.919,5.442,6.032,0,5.454,5.458,NA,12
"5/24/2022 5:52:14 AM",9.34,29.354,50.931,80.149,73143.2,1034,33.961,0.086,0.086,0.073,7.42,95.056,5.45,6.032,0,5.462,5.466,NA,12
"5/24/2022 5:52:14 AM",9.262,29.354,50.929,80.147,73141.9,1033.999,33.96,0.086,0.086,0.058,7.422,95.004,5.447,6.032,0,5.459,5.463,NA,12
"5/24/2022 5:52:14 AM",9.168,29.354,50.928,80.145,73139.6,1033.997,33.958,0.078,0.078,0.073,7.421,95.071,5.451,6.117,0,5.463,5.466,NA,12
"5/24/2022 5:52:15 AM",8.958,29.354,50.926,80.143,73137.6,1033.995,33.957,0.086,0.086,0.073,7.42,95.061,5.45,6.202,0,5.462,5.466,NA,12
"5/24/2022 5:52:15 AM",8.776,29.354,50.924,80.141,73135.3,1033.993,33.956,0.101,0.101,0.058,7.421,95.082,5.452,6.287,0,5.464,5.467,NA,12
"5/24/2022 5:52:15 AM",8.584,29.353,50.923,80.138,73133.7,1033.992,33.955,0.101,0.101,0.073,7.42,95.293,5.464,6.287,0,5.476,5.48,NA,12
"5/24/2022 5:52:15 AM",8.402,29.354,50.919,80.133,73128.6,1033.988,33.952,0.086,0.086,0.058,7.421,95.201,5.459,6.202,0,5.471,5.474,NA,12
"5/24/2022 5:52:15 AM",8.152,29.353,50.916,80.128,73124.7,1033.984,33.95,0.101,0.101,0.102,7.422,95.269,5.463,6.287,0,5.475,5.479,NA,12
"5/24/2022 5:52:16 AM",7.985,29.353,50.916,80.127,73124.5,1033.984,33.95,0.094,0.094,0.058,7.422,95.337,5.467,6.202,0,5.479,5.483,NA,12
"5/24/2022 5:52:16 AM",7.803,29.353,50.913,80.123,73120.6,1033.981,33.948,0.078,0.078,0.044,7.422,95.354,5.468,6.287,0,5.48,5.484,NA,12
"5/24/2022 5:52:16 AM",7.608,29.353,50.912,80.121,73119.3,1033.979,33.947,0.086,0.086,0.073,7.422,95.429,5.472,6.372,0,5.484,5.488,NA,12
"5/24/2022 5:52:16 AM",7.417,29.352,50.907,80.114,73113,1033.975,33.943,0.078,0.078,0.087,7.425,95.447,5.473,6.372,0,5.486,5.489,NA,12
"5/24/2022 5:52:16 AM",7.13,29.353,50.904,80.111,73108.6,1033.971,33.94,0.07,0.07,0.058,7.424,95.515,5.477,6.372,0,5.49,5.493,NA,12
"5/24/2022 5:52:17 AM",6.985,29.354,50.901,80.108,73104.7,1033.967,33.938,0.086,0.086,0.087,7.425,95.609,5.483,6.457,0,5.495,5.499,NA,12
"5/24/2022 5:52:17 AM",6.858,29.355,50.898,80.105,73101.1,1033.965,33.935,0.062,0.062,0.073,7.424,95.465,5.475,6.457,0,5.487,5.491,NA,12
"5/24/2022 5:52:17 AM",6.727,29.355,50.896,80.102,73098.3,1033.962,33.934,0.07,0.07,0.058,7.424,95.5,5.477,6.542,0,5.489,5.493,NA,12
"5/24/2022 5:52:17 AM",6.529,29.356,50.888,80.093,73088.7,1033.955,33.928,0.094,0.094,0.087,7.423,95.549,5.48,6.627,0,5.492,5.496,NA,12
"5/24/2022 5:52:18 AM",6.416,29.356,50.886,80.09,73085.5,1033.953,33.926,0.086,0.086,0.058,7.427,95.447,5.474,6.627,0,5.487,5.49,NA,12
"5/24/2022 5:52:18 AM",6.305,29.356,50.882,80.084,73080.5,1033.949,33.923,0.078,0.078,0.044,7.424,95.685,5.488,6.712,0,5.5,5.504,NA,12
"5/24/2022 5:52:18 AM",6.189,29.356,50.879,80.081,73077.3,1033.947,33.921,0.117,0.117,0.087,7.423,95.66,5.486,6.627,0,5.499,5.502,NA,12
"5/24/2022 5:52:18 AM",6.05,29.357,50.873,80.074,73069.5,1033.941,33.916,0.078,0.078,0.087,7.426,95.566,5.481,6.712,0,5.494,5.497,NA,12
"5/24/2022 5:52:18 AM",5.946,29.357,50.872,80.072,73068.1,1033.94,33.915,0.078,0.078,0.087,7.426,95.72,5.49,6.712,0,5.503,5.506,NA,12
"5/24/2022 5:52:19 AM",5.836,29.357,50.87,80.069,73065.4,1033.938,33.913,0.078,0.078,0.058,7.427,95.583,5.482,6.797,0,5.495,5.498,NA,12
"5/24/2022 5:52:19 AM",5.72,29.356,50.868,80.066,73063.6,1033.937,33.912,0.086,0.086,0.058,7.427,95.706,5.49,6.797,0,5.502,5.506,NA,12
"5/24/2022 5:52:19 AM",5.581,29.357,50.862,80.058,73055.6,1033.931,33.908,0.094,0.094,0.044,7.428,95.713,5.49,6.882,0,5.503,5.506,NA,12
"5/24/2022 5:52:19 AM",5.477,29.356,50.859,80.053,73052.4,1033.929,33.906,0.101,0.101,0.16,7.429,95.625,5.485,6.882,0,5.498,5.501,NA,12
"5/24/2022 5:52:19 AM",5.362,29.356,50.855,80.048,73047.3,1033.925,33.903,0.109,0.109,0.131,7.428,95.628,5.486,7.052,0,5.498,5.502,NA,12
"5/24/2022 5:52:20 AM",5.261,29.356,50.849,80.038,73039,1033.92,33.898,0.094,0.094,0.087,7.425,95.693,5.489,7.052,0,5.502,5.505,NA,12
"5/24/2022 5:52:20 AM",5.098,29.356,50.846,80.035,73035.3,1033.917,33.895,0.078,0.078,0.073,7.426,95.783,5.495,7.052,0,5.507,5.511,NA,12
"5/24/2022 5:52:20 AM",4.975,29.356,50.844,80.032,73033.2,1033.915,33.894,0.062,0.062,0.029,7.427,95.807,5.496,7.137,0,5.509,5.512,NA,12
"5/24/2022 5:52:20 AM",4.832,29.356,50.839,80.025,73026.9,1033.911,33.89,0.094,0.094,0.102,7.426,95.835,5.498,7.307,0,5.511,5.514,NA,12
"5/24/2022 5:52:20 AM",4.695,29.356,50.838,80.024,73025.2,1033.909,33.889,0.109,0.109,0.116,7.426,95.916,5.503,7.392,0,5.515,5.519,NA,12
"5/24/2022 5:52:21 AM",4.545,29.356,50.834,80.018,73020.6,1033.906,33.887,0.125,0.125,0.116,7.428,95.819,5.497,7.392,0,5.51,5.513,NA,12
"5/24/2022 5:52:21 AM",4.34,29.356,50.829,80.012,73014.5,1033.902,33.883,0.086,0.086,0.073,7.433,95.753,5.494,7.561,0,5.506,5.51,NA,12
"5/24/2022 5:52:21 AM",4.231,29.356,50.828,80.01,73012.6,1033.9,33.882,0.078,0.078,0.044,7.433,95.889,5.501,7.476,0,5.514,5.517,NA,12
"5/24/2022 5:52:21 AM",4.108,29.355,50.826,80.006,73009.9,1033.898,33.881,0.062,0.062,0.029,7.431,95.804,5.497,7.476,0,5.509,5.513,NA,12
"5/24/2022 5:52:21 AM",3.97,29.355,50.807,79.98,72986.4,1033.883,33.866,0.078,0.078,0.044,7.429,95.865,5.501,7.646,0,5.513,5.517,NA,12
"5/24/2022 5:52:22 AM",3.76,29.355,50.806,79.978,72985,1033.881,33.865,0.078,0.078,0.058,7.428,95.884,5.502,7.901,0,5.515,5.518,NA,12
"5/24/2022 5:52:22 AM",3.64,29.355,50.801,79.972,72979.5,1033.878,33.862,0.094,0.094,0.087,7.429,95.871,5.501,7.901,0,5.514,5.517,NA,12
"5/24/2022 5:52:22 AM",3.541,29.355,50.799,79.968,72976.3,1033.875,33.86,0.094,0.094,0.058,7.429,95.745,5.494,7.816,0,5.507,5.51,NA,12
"5/24/2022 5:52:22 AM",3.458,29.354,50.796,79.964,72973.3,1033.873,33.859,0.101,0.101,0.044,7.428,95.885,5.503,7.816,0,5.515,5.519,NA,12
"5/24/2022 5:52:22 AM",3.402,29.356,50.794,79.962,72969.6,1033.871,33.856,0.094,0.094,0.058,7.43,95.875,5.502,7.816,0,5.515,5.518,NA,12
"5/24/2022 5:52:23 AM",3.336,29.355,50.794,79.961,72970.6,1033.871,33.857,0.086,0.086,0.058,7.429,95.944,5.506,7.731,0,5.518,5.522,NA,12
"5/24/2022 5:52:23 AM",3.284,29.355,50.792,79.958,72967.5,1033.869,33.855,0.094,0.094,0.058,7.433,95.904,5.504,7.986,0,5.517,5.52,NA,12
"5/24/2022 5:52:23 AM",3.223,29.354,50.796,79.963,72972.2,1033.872,33.858,0.086,0.086,0.073,7.432,95.852,5.501,7.986,0,5.513,5.517,NA,12
"5/24/2022 5:52:23 AM",3.159,29.354,50.792,79.957,72967.9,1033.869,33.856,0.078,0.078,0.073,7.432,95.842,5.5,8.156,0,5.513,5.516,NA,12
"5/24/2022 5:52:23 AM",3.072,29.354,50.793,79.958,72968.7,1033.869,33.856,0.062,0.062,0.073,7.437,96.004,5.51,8.241,0,5.522,5.526,NA,12
"5/24/2022 5:52:24 AM",3.003,29.354,50.789,79.953,72963.9,1033.866,33.853,0.07,0.07,0.058,7.436,95.972,5.508,8.241,0,5.521,5.524,NA,12
"5/24/2022 5:52:24 AM",2.905,29.353,50.79,79.953,72965.2,1033.867,33.854,0.094,0.094,0.029,7.439,95.98,5.508,8.326,0,5.521,5.524,NA,12
"5/24/2022 5:52:24 AM",2.806,29.353,50.786,79.947,72959.9,1033.863,33.851,0.086,0.086,0.044,7.439,95.946,5.507,7.986,0,5.519,5.523,NA,12
"5/24/2022 5:52:24 AM",2.704,29.353,50.78,79.938,72952.3,1033.858,33.847,0.086,0.086,0.087,7.439,96.005,5.51,7.646,0,5.523,5.526,NA,12
"5/24/2022 5:52:24 AM",2.544,29.352,50.773,79.928,72943.7,1033.852,33.841,0.078,0.078,0.073,7.439,95.915,5.505,7.476,0,5.518,5.521,NA,12
"5/24/2022 5:52:25 AM",2.436,29.352,50.773,79.927,72943.5,1033.852,33.842,0.086,0.086,0.116,7.441,96.03,5.512,7.816,0,5.525,5.528,NA,12
"5/24/2022 5:52:25 AM",2.339,29.352,50.772,79.925,72942.2,1033.851,33.841,0.078,0.078,0.058,7.441,96.036,5.513,8.326,0,5.525,5.529,NA,12
"5/24/2022 5:52:25 AM",2.236,29.352,50.767,79.92,72936.7,1033.847,33.838,0.094,0.094,0.087,7.441,96.042,5.513,8.581,0,5.525,5.529,NA,12
"5/24/2022 5:52:25 AM",2.137,29.353,50.758,79.909,72925.5,1033.839,33.83,0.086,0.086,0.073,7.439,96.103,5.517,8.496,0,5.529,5.533,NA,12
"5/24/2022 5:52:25 AM",2.033,29.353,50.765,79.919,72933.7,1033.844,33.835,0.078,0.078,0.029,7.441,96.03,5.513,8.156,0,5.525,5.529,NA,12
"5/24/2022 5:52:26 AM",1.965,29.353,50.764,79.916,72931.8,1033.843,33.834,0.078,0.078,0.087,7.439,96.053,5.514,7.986,0,5.526,5.53,NA,12
"5/24/2022 5:52:26 AM",1.891,29.353,50.764,79.917,72932.7,1033.843,33.835,0.086,0.086,0.073,7.442,95.889,5.504,7.731,0,5.517,5.52,NA,12
"5/24/2022 5:52:26 AM",1.802,29.355,50.761,79.915,72928.5,1033.84,33.832,0.078,0.078,0.044,7.441,95.97,5.509,7.646,0,5.522,5.525,NA,12
"5/24/2022 5:52:26 AM",1.639,29.356,50.76,79.914,72926.3,1033.837,33.83,0.086,0.086,0.087,7.443,96.106,5.517,7.646,0,5.53,5.533,NA,12
"5/24/2022 5:52:26 AM",1.505,29.356,50.757,79.912,72922.7,1033.834,33.828,0.07,0.07,0.116,7.444,96.048,5.514,7.476,0,5.527,5.53,NA,12
"5/24/2022 5:52:27 AM",1.366,29.356,50.754,79.907,72918.8,1033.832,33.826,0.133,0.133,0.087,7.441,96.002,5.511,7.901,0,5.524,5.528,NA,12
"5/24/2022 5:52:27 AM",1.25,29.356,50.756,79.909,72921,1033.833,33.827,0.094,0.094,0.073,7.445,96.082,5.516,8.071,0,5.529,5.532,NA,12
"5/24/2022 5:52:27 AM",1.156,29.357,50.753,79.907,72918.1,1033.83,33.825,0.094,0.094,0.087,7.448,96.081,5.516,7.222,0,5.529,5.532,NA,12
"5/24/2022 5:52:27 AM",1.125,29.358,50.755,79.911,72920.1,1033.831,33.826,0.125,0.125,0.102,7.448,96.019,5.512,7.561,0,5.525,5.528,NA,12
"5/24/2022 5:52:28 AM",1.105,29.357,50.754,79.909,72919.3,1033.83,33.826,0.125,0.125,0.131,7.448,96.068,5.516,8.156,0,5.528,5.532,NA,12
"5/24/2022 5:52:28 AM",1.098,29.358,50.752,79.907,72916.5,1033.829,33.824,0.109,0.109,0.102,7.447,96.122,5.518,8.241,0,5.531,5.534,NA,12
"5/24/2022 5:52:28 AM",1.102,29.357,50.754,79.908,72918.9,1033.83,33.826,0.14,0.14,0.189,7.45,96.055,5.514,7.646,0,5.527,5.531,NA,12
"5/24/2022 5:52:28 AM",1.102,29.356,50.75,79.901,72913.5,1033.827,33.823,0.172,0.172,0.233,7.449,96.191,5.523,7.476,0,5.535,5.539,NA,12
"5/24/2022 5:52:28 AM",1.088,29.355,50.75,79.9,72914.4,1033.828,33.824,0.117,0.117,0.131,7.45,96.033,5.514,7.986,0,5.527,5.53,NA,12
"5/24/2022 5:52:29 AM",1.069,29.355,50.751,79.901,72915.8,1033.829,33.824,0.094,0.094,0.058,7.447,96.11,5.518,8.326,0,5.531,5.534,NA,12
"5/24/2022 5:52:29 AM",1.024,29.355,50.753,79.903,72917.3,1033.83,33.825,0.094,0.094,0.058,7.447,96.098,5.518,8.921,0,5.53,5.534,NA,12
"5/24/2022 5:52:29 AM",0.902,29.356,50.751,79.903,72915.7,1033.828,33.824,0.094,0.094,0.073,7.448,96.197,5.523,11.13,0,5.536,5.54,NA,12
"5/24/2022 5:52:29 AM",0.786,29.356,50.751,79.902,72914.7,1033.827,33.823,0.07,0.07,0.044,7.446,96.214,5.524,12.319,0,5.537,5.54,NA,12
"5/24/2022 5:52:29 AM",0.666,29.355,50.748,79.898,72911.8,1033.825,33.822,0.125,0.125,0.044,7.447,96.145,5.521,12.064,0,5.533,5.537,NA,12
"5/24/2022 5:52:30 AM",0.569,29.356,50.745,79.894,72907.9,1033.822,33.819,0.101,0.101,0.029,7.45,96.055,5.515,11.894,0,5.528,5.532,NA,12
"5/24/2022 5:52:30 AM",0.499,29.356,50.743,79.892,72905,1033.82,33.818,0.078,0.078,0.058,7.453,96.166,5.522,10.875,0,5.534,5.538,NA,12
"5/24/2022 5:52:30 AM",0.475,29.358,50.738,79.888,72899.1,1033.815,33.813,0.109,0.109,0.087,7.457,96.088,5.518,9.855,0,5.53,5.534,NA,12
"5/24/2022 5:52:30 AM",0.515,29.359,50.736,79.885,72895.4,1033.813,33.811,0.289,0.289,0.262,7.456,96.092,5.518,10.025,0,5.531,5.534,NA,12
"5/24/2022 5:52:30 AM",0.579,29.357,50.738,79.887,72899.1,1033.816,33.814,0.179,0.179,0.16,7.452,96.17,5.522,10.11,0,5.535,5.539,NA,12
"5/24/2022 5:52:31 AM",0.652,29.358,50.741,79.893,72902.8,1033.818,33.816,0.125,0.125,0.131,7.452,96.248,5.527,10.025,0,5.539,5.543,NA,12
"5/24/2022 5:52:31 AM",0.741,29.358,50.743,79.895,72904.4,1033.82,33.816,0.179,0.179,0.131,7.45,96.231,5.526,10.705,0,5.538,5.542,NA,12
"5/24/2022 5:52:31 AM",0.746,29.358,50.743,79.896,72905.4,1033.82,33.817,0.117,0.117,0.087,7.45,96.106,5.519,11.809,0,5.531,5.535,NA,12
"5/24/2022 5:52:31 AM",0.699,29.358,50.744,79.897,72906.6,1033.821,33.818,0.218,0.218,0.175,7.453,96.129,5.52,12.744,0,5.533,5.536,NA,12
"5/24/2022 5:52:31 AM",0.591,29.359,50.747,79.9,72909.1,1033.822,33.819,0.148,0.148,0.146,7.456,96.059,5.516,13.339,0,5.529,5.532,NA,12
"5/24/2022 5:52:32 AM",0.492,29.361,50.747,79.904,72909.5,1033.821,33.819,0.094,0.094,0.087,7.457,96.183,5.523,13.764,0,5.536,5.539,NA,12
"5/24/2022 5:52:32 AM",0.32,29.364,50.74,79.899,72900.7,1033.814,33.813,0.117,0.117,0.146,7.455,96.099,5.519,15.888,0,5.531,5.535,NA,12
"5/24/2022 5:52:32 AM",0.172,29.365,50.738,79.898,72897.4,1033.811,33.811,0.117,0.117,0.175,7.456,96.123,5.52,16.142,0,5.533,5.536,NA,12
"5/24/2022 5:52:32 AM",0.028,29.369,50.739,79.904,72898,1033.81,33.81,0.14,0.14,0.218,7.457,96.199,5.524,15.378,0,5.537,5.541,NA,12
"5/24/2022 5:52:32 AM",0,29.375,50.74,79.915,72898.5,1033.808,33.809,0.133,0.133,0.291,7.457,96.117,5.52,16.142,0,5.533,5.536,NA,12
"5/24/2022 5:52:33 AM",0,29.381,50.728,79.907,72883.4,1033.797,33.798,0.343,0.343,0.335,7.454,96.147,5.522,17.502,0,5.534,5.538,NA,12
"5/24/2022 5:52:33 AM",0,29.382,50.724,79.905,72878.1,1033.793,33.794,0.273,0.273,0.291,7.457,96.107,5.52,20.136,0,5.532,5.536,NA,12
"5/24/2022 5:52:33 AM",0,29.38,50.711,79.883,72861.6,1033.783,33.785,0.257,0.257,0.277,7.455,96.198,5.526,22.26,0,5.538,5.542,NA,12
"5/24/2022 5:52:33 AM",0,29.378,50.7,79.865,72848.2,1033.775,33.777,0.218,0.218,0.306,7.454,96.19,5.525,21.24,0,5.538,5.541,NA,12
"5/24/2022 5:52:33 AM",0,29.373,50.711,79.872,72862.3,1033.785,33.787,0.296,0.296,0.349,7.458,96.185,5.525,23.704,0,5.537,5.541,NA,12
"5/24/2022 5:52:34 AM",0,29.353,1.852,3.848,3511.8,997.228,0,296.101,296.101,701.618,7.46,96.203,7.233,25.913,0,7.254,7.254,NA,12
"5/24/2022 5:52:34 AM",0,29.262,1.17,2.486,2272.5,996.744,0,440.688,440.688,772.113,7.459,96.097,7.252,26.932,0,7.273,7.273,NA,12
"5/24/2022 5:52:34 AM",0,29.017,0.926,1.981,1820.1,996.634,0,431.943,431.943,454.179,7.456,96.073,7.26,25.658,0,7.281,7.281,NA,12
"5/24/2022 5:52:34 AM",0,28.771,0.826,1.768,1632.5,996.632,0,503.928,503.928,1223.946,7.457,96.198,7.274,27.782,0,7.295,7.295,NA,12
"5/24/2022 5:52:34 AM",0,28.581,0.756,1.618,1500.2,996.635,0,267.425,267.425,416.986,7.458,96.282,7.283,26.762,0,7.304,7.304,NA,12
"5/24/2022 5:52:35 AM",0,28.438,0.651,1.398,1300.2,996.597,0,91.682,91.682,164.274,7.457,96.198,7.281,28.632,0,7.302,7.302,NA,12
"5/24/2022 5:52:35 AM",0,28.316,0.606,1.303,1214.5,996.599,0,53.459,53.459,95.604,7.457,96.158,7.28,28.037,0,7.301,7.301,NA,12
"5/24/2022 5:52:35 AM",0,28.229,0.574,1.234,1152.2,996.6,0,385.778,385.778,258.002,7.452,96.17,7.283,27.697,0,7.304,7.304,NA,12
"5/24/2022 5:52:35 AM",0,28.161,0.554,1.191,1113.2,996.604,0,506.05,506.05,282.146,7.451,96.208,7.286,24.214,0,7.307,7.307,NA,12
"5/24/2022 5:52:35 AM",0,28.103,0.606,1.296,1213.2,996.659,0,446.694,446.694,345.831,7.449,96.22,7.285,25.743,0,7.306,7.306,NA,12
"5/24/2022 5:52:36 AM",0,28.052,0.533,1.146,1073.9,996.62,0,506.05,506.05,434.576,7.446,96.127,7.281,25.318,0,7.302,7.302,NA,12
"5/24/2022 5:52:36 AM",0,28.072,0.547,1.174,1099.7,996.624,0,370.301,370.301,171.698,7.444,96.272,7.291,24.893,0,7.312,7.312,NA,12
"5/24/2022 5:52:36 AM",0,28.099,0.553,1.188,1112.5,996.621,0,128.829,128.829,74.792,7.442,96.25,7.29,24.808,0,7.311,7.311,NA,12
"5/24/2022 5:52:36 AM",0,28.11,0.532,1.144,1070.8,996.602,0,93.734,93.734,60.115,7.444,96.141,7.282,23.619,0,7.303,7.303,NA,12
"5/24/2022 5:52:36 AM",0,28.129,0.499,1.077,1007.6,996.572,0,39.823,39.823,26.519,7.445,96.234,7.291,23.874,0,7.312,7.312,NA,12
"5/24/2022 5:52:37 AM",0,28.121,0.48,1.036,969.9,996.56,0,135.195,135.195,35.684,7.444,96.259,7.293,25.913,0,7.314,7.314,NA,12
"5/24/2022 5:52:37 AM",0,28.077,0.456,0.985,922.8,996.555,0,54.363,54.363,19.43,7.443,96.235,7.292,27.102,0,7.313,7.313,NA,12
"5/24/2022 5:52:37 AM",0,28.022,0.448,0.968,907.3,996.564,0,27.724,27.724,10.66,7.441,96.131,7.285,32.965,0,7.306,7.306,NA,12
"5/24/2022 5:52:37 AM",0,27.953,0.434,0.938,880.6,996.574,0,10.866,10.866,7.858,7.441,96.172,7.289,33.474,0,7.31,7.31,NA,12
"5/24/2022 5:52:37 AM",0,27.73,0.423,0.911,859,996.628,0,57.538,57.538,64.73,7.438,96.227,7.293,27.272,0,7.314,7.315,NA,12
"5/24/2022 5:52:38 AM",0,27.601,0.406,0.873,826.1,996.652,0,34.542,34.542,23.815,7.435,96.095,7.284,22.514,0,7.305,7.305,NA,12
"5/24/2022 5:52:38 AM",0,27.517,0.386,0.829,785.7,996.66,0,28.348,28.348,55.667,7.435,96.099,7.285,19.371,0,7.306,7.307,NA,12
"5/24/2022 5:52:38 AM",0,27.498,0.38,0.816,774,996.661,0,78.678,78.678,54.071,7.432,96.239,7.296,20.645,0,7.317,7.318,NA,12
"5/24/2022 5:52:38 AM",0,27.509,0.379,0.815,772.7,996.657,0,273.057,273.057,153.355,7.43,96.163,7.291,17.672,0,7.312,7.312,NA,12
"5/24/2022 5:52:38 AM",0,27.439,0.364,0.783,743.2,996.666,0,345.667,345.667,382.392,7.431,96.253,7.299,13.169,0,7.32,7.32,NA,12
"5/24/2022 5:52:39 AM",0,27.424,0.36,0.774,734.8,996.667,0,219.076,219.076,262.437,7.429,96.16,7.292,9.77,0,7.313,7.313,NA,12
"5/24/2022 5:52:39 AM",0,27.442,0.35,0.754,715.2,996.654,0,179.441,179.441,191.041,7.429,96.194,7.295,7.392,0,7.316,7.316,NA,12
"5/24/2022 5:52:39 AM",0,27.395,0.35,0.753,715.4,996.667,0,75.527,75.527,67.488,7.428,96.291,7.302,7.052,0,7.323,7.323,NA,12
"5/24/2022 5:52:39 AM",0,27.352,0.353,0.758,720.3,996.681,0,261.926,261.926,74.87,7.426,96.216,7.296,6.202,0,7.317,7.317,NA,12
"5/24/2022 5:52:40 AM",0,27.347,0.345,0.742,705.7,996.677,0,290.71,290.71,18.631,7.424,96.147,7.291,8.751,0,7.312,7.312,NA,12
"5/24/2022 5:52:40 AM",0,27.353,0.347,0.745,708.2,996.677,0,81.19,81.19,5.882,7.423,96.238,7.298,12.829,0,7.319,7.32,NA,12
"5/24/2022 5:52:40 AM",0,27.363,0.346,0.744,707.3,996.673,0,22.373,22.373,2.273,7.421,96.266,7.301,16.312,0,7.322,7.322,NA,12
"5/24/2022 5:52:40 AM",0,27.418,0.334,0.72,683.5,996.649,0,6.638,6.638,1.209,7.416,96.258,7.301,17.332,0,7.322,7.322,NA,12
"5/24/2022 5:52:40 AM",0,27.501,0.315,0.681,645.9,996.612,0,1.459,1.459,0.903,7.412,96.18,7.295,19.286,0,7.316,7.317,NA,12
"5/24/2022 5:52:41 AM",0,27.551,0.299,0.648,613.8,996.586,0,0.694,0.694,0.655,7.411,96.18,7.296,23.449,0,7.317,7.317,NA,12
"5/24/2022 5:52:41 AM",0,27.586,0.3,0.649,614,996.576,0,0.569,0.569,5.004,7.409,96.19,7.297,25.743,0,7.318,7.318,NA,12
"5/24/2022 5:52:41 AM",0,27.619,0.296,0.641,606.3,996.564,0,0.788,0.788,6.774,7.411,96.19,7.297,24.469,0,7.318,7.318,NA,12
"5/24/2022 5:52:41 AM",0,27.661,0.297,0.645,609.7,996.553,0,0.998,0.998,7.419,7.408,96.15,7.295,24.978,0,7.316,7.316,NA,12
"5/24/2022 5:52:41 AM",0,27.753,0.654,1.385,1306.2,996.795,0,2.106,2.106,31.258,7.408,96.033,7.271,27.357,0,7.292,7.292,NA,12
"5/24/2022 5:52:42 AM",0,29.43,1.847,3.842,3501,997.2,0,3.947,3.947,31.168,7.421,96.095,7.229,27.867,0,7.25,7.25,NA,12
"5/24/2022 5:52:42 AM",0,30.593,1.59,3.41,3036.7,996.655,0,2.543,2.543,14.942,7.538,96.136,7.242,27.612,0,7.263,7.263,NA,12
"5/24/2022 5:52:42 AM",0,30.915,1.576,3.403,3010.9,996.545,0,2.036,2.036,10.925,7.664,96.172,7.245,27.272,0,7.266,7.266,NA,12
"5/24/2022 5:52:42 AM",0,30.978,1.644,3.545,3133,996.576,0,1.888,1.888,9.647,7.787,96.18,7.244,32.88,0,7.265,7.265,NA,12
"5/24/2022 5:52:42 AM",0,30.972,1.714,3.687,3258.5,996.63,0,1.919,1.919,9.457,7.856,96.07,7.233,34.324,0,7.254,7.254,NA,12
"5/24/2022 5:52:43 AM",0,30.993,1.66,3.578,3161.4,996.583,0,1.919,1.919,9.236,7.911,96.126,7.239,33.05,0,7.26,7.26,NA,12
"5/24/2022 5:52:43 AM",0,31.002,1.669,3.597,3177.5,996.587,0,1.896,1.896,9.266,7.948,95.971,7.228,19.966,0,7.249,7.249,NA,12
"5/24/2022 5:52:43 AM",0,31.018,1.492,3.236,2857.8,996.45,0,1.903,1.903,9.266,7.983,96.1,7.244,15.378,0,7.265,7.265,NA,12
"5/24/2022 5:52:43 AM",0,31.035,1.346,2.936,2591.8,996.336,0,1.872,1.872,9.192,8.03,96.222,7.259,28.802,0,7.28,7.28,NA,12
"5/24/2022 5:52:43 AM",0,31.036,1.259,2.757,2433.5,996.271,0,1.903,1.903,9.222,8.048,96.187,7.261,29.396,0,7.282,7.282,NA,12
"5/24/2022 5:52:44 AM",0,31.029,1.219,2.672,2359.4,996.243,0,1.872,1.872,9.178,8.065,96.171,7.261,29.396,0,7.282,7.282,NA,12
"5/24/2022 5:52:44 AM",0,31.018,1.185,2.601,2296.7,996.221,0,1.872,1.872,9.192,8.075,96.2,7.265,29.311,0,7.286,7.286,NA,12
"5/24/2022 5:52:44 AM",0,31.018,1.186,2.604,2299.4,996.222,0,1.872,1.872,9.251,8.095,96.037,7.252,29.226,0,7.273,7.273,NA,12
"5/24/2022 5:56:56 AM",0.011,29.361,50.853,80.048,73040.8,1033.899,33.899,1.584,1.584,0.772,7.419,95.767,5.412,16.482,0,5.423,5.427,NA,12
"5/24/2022 5:56:56 AM",0.023,29.362,50.836,80.027,73019.3,1033.886,33.886,1.607,1.607,0.568,7.432,95.592,5.402,16.822,0,5.414,5.417,NA,12
"5/24/2022 5:56:56 AM",0.058,29.363,50.849,80.047,73036.1,1033.896,33.896,1.162,1.162,2.974,7.447,95.683,5.407,17.672,0,5.419,5.422,NA,12
"5/24/2022 5:56:56 AM",0.087,29.357,50.849,80.038,73037.2,1033.898,33.898,0.398,0.398,0.845,7.465,95.538,5.4,19.031,0,5.411,5.415,NA,12
"5/24/2022 5:56:56 AM",0.056,29.357,50.844,80.031,73030.8,1033.894,33.894,0.242,0.242,0.568,7.475,95.65,5.406,19.966,0,5.418,5.421,NA,12
"5/24/2022 5:56:57 AM",0.007,29.358,50.832,80.015,73014.8,1033.884,33.884,0.296,0.296,0.714,7.484,95.607,5.405,20.136,0,5.416,5.42,NA,12
"5/24/2022 5:56:57 AM",0,29.359,50.836,80.022,73020.2,1033.887,33.887,0.359,0.359,0.699,7.495,95.618,5.405,19.966,0,5.417,5.42,NA,12
"5/24/2022 5:56:57 AM",0,29.356,50.834,80.016,73018.5,1033.886,33.887,0.491,0.491,0.597,7.507,95.47,5.398,22.939,0,5.409,5.412,NA,12
"5/24/2022 5:56:57 AM",0,29.352,50.787,79.946,72960.2,1033.851,33.853,1.155,1.155,1.428,7.526,95.584,5.405,27.697,0,5.417,5.42,NA,12
"5/24/2022 5:56:57 AM",0,29.352,50.828,80.001,73011,1033.882,33.884,3.846,3.846,2.128,7.536,95.525,5.401,32.71,0,5.413,5.416,NA,12
"5/24/2022 5:56:58 AM",0,29.353,50.84,80.019,73026,1033.891,33.892,2.13,2.13,1.428,7.546,95.429,5.395,32.625,0,5.407,5.41,NA,12
"5/24/2022 5:56:58 AM",0,29.353,50.852,80.036,73040.4,1033.9,33.901,0.998,0.998,1.122,7.555,95.532,5.401,33.474,0,5.412,5.416,NA,12
"5/24/2022 5:56:58 AM",0,29.356,50.849,80.036,73036.9,1033.897,33.898,1.131,1.131,1.078,7.564,95.557,5.402,33.304,0,5.414,5.417,NA,12
"5/24/2022 5:56:58 AM",0,29.359,50.842,80.031,73028.1,1033.891,33.892,7.824,7.824,0.918,7.573,95.449,5.396,22.514,0,5.408,5.411,NA,12
"5/24/2022 5:56:59 AM",0,29.359,50.842,80.03,73027.1,1033.891,33.891,2.145,2.145,0.437,7.578,95.448,5.396,20.051,0,5.408,5.411,NA,12
"5/24/2022 5:56:59 AM",0,29.36,50.835,80.023,73019.3,1033.886,33.886,0.71,0.71,0.306,7.581,95.382,5.393,20.815,0,5.404,5.408,NA,12
"5/24/2022 5:56:59 AM",0,29.359,50.838,80.025,73022.2,1033.888,33.888,0.312,0.312,0.364,7.587,95.323,5.39,21.325,0,5.401,5.404,NA,12
"5/24/2022 5:56:59 AM",0,29.357,50.845,80.032,73031.2,1033.893,33.894,4.095,4.095,2.011,7.593,95.418,5.395,23.109,0,5.406,5.41,NA,12
"5/24/2022 5:56:59 AM",0,29.357,50.853,80.043,73041.7,1033.9,33.901,1.272,1.272,0.947,7.598,95.313,5.388,26.338,0,5.4,5.403,NA,12
"5/24/2022 5:57:00 AM",0,29.354,50.857,80.044,73047.1,1033.904,33.905,0.624,0.624,0.626,7.605,95.28,5.387,21.325,0,5.398,5.401,NA,12
"5/24/2022 5:57:00 AM",0,29.352,50.853,80.036,73042.6,1033.902,33.903,0.351,0.351,0.553,7.608,95.228,5.384,20.39,0,5.395,5.399,NA,12
"5/24/2022 5:57:00 AM",0,29.352,50.832,80.007,73016.2,1033.886,33.887,0.499,0.499,0.422,7.611,95.105,5.378,17.332,0,5.389,5.393,NA,12
"5/24/2022 5:57:00 AM",0,29.349,50.849,80.027,73037.8,1033.9,33.9,2.988,2.988,0.699,7.617,95.12,5.378,17.077,0,5.389,5.393,NA,12
"5/24/2022 5:57:00 AM",0,29.349,50.847,80.024,73035.4,1033.899,33.899,0.975,0.975,0.393,7.618,95.174,5.381,17.332,0,5.393,5.396,NA,12
"5/24/2022 5:57:01 AM",0.016,29.351,50.849,80.029,73037.1,1033.9,33.9,0.413,0.413,0.524,7.622,94.976,5.37,19.796,0,5.381,5.385,NA,12
"5/24/2022 5:57:01 AM",0.061,29.353,50.843,80.023,73029.7,1033.895,33.895,0.359,0.359,0.568,7.625,95.013,5.372,21.41,0,5.384,5.387,NA,12
"5/24/2022 5:57:01 AM",0.122,29.352,50.85,80.031,73038.8,1033.901,33.9,0.25,0.25,0.51,7.627,94.918,5.367,23.534,0,5.378,5.381,NA,12
"5/24/2022 5:57:01 AM",0.197,29.351,50.851,80.031,73039.7,1033.902,33.901,0.187,0.187,0.408,7.63,94.887,5.365,21.665,0,5.377,5.38,NA,12
"5/24/2022 5:57:01 AM",0.233,29.351,50.849,80.029,73037.4,1033.901,33.9,2.847,2.847,3.251,7.632,95.032,5.374,18.012,0,5.385,5.389,NA,12
"5/24/2022 5:57:02 AM",0.28,29.352,50.855,80.039,73045.4,1033.905,33.904,1.825,1.825,1.413,7.634,95.104,5.378,15.548,0,5.389,5.393,NA,12
"5/24/2022 5:57:02 AM",0.348,29.356,50.856,80.046,73045.9,1033.905,33.903,0.562,0.562,1.151,7.636,94.908,5.367,14.018,0,5.378,5.382,NA,12
"5/24/2022 5:57:02 AM",0.381,29.356,50.848,80.035,73035.2,1033.898,33.897,0.936,0.936,1.165,7.639,95.037,5.374,13.764,0,5.386,5.389,NA,12
"5/24/2022 5:57:02 AM",0.317,29.357,50.914,80.126,73117,1033.948,33.946,0.874,0.874,0.524,7.642,95.007,5.371,14.528,0,5.382,5.386,NA,12
"5/24/2022 5:57:02 AM",0.318,29.374,50.861,80.079,73049.9,1033.902,33.901,1.903,1.903,2.04,7.641,94.966,5.37,15.803,0,5.382,5.385,NA,12
"5/24/2022 5:57:03 AM",0.35,29.39,50.857,80.097,73042.1,1033.893,33.892,1.217,1.217,1.253,7.639,95.005,5.373,16.907,0,5.384,5.388,NA,12
"5/24/2022 5:57:03 AM",0.407,29.399,50.848,80.097,73029.8,1033.883,33.882,0.546,0.546,0.612,7.642,94.984,5.372,16.397,0,5.384,5.387,NA,12
"5/24/2022 5:57:03 AM",0.442,29.387,50.839,80.067,73020.6,1033.881,33.879,0.663,0.663,0.99,7.643,95.083,5.378,13.254,0,5.39,5.393,NA,12
"5/24/2022 5:57:03 AM",0.412,29.384,50.828,80.049,73007.1,1033.874,33.872,1.022,1.022,0.932,7.647,95.024,5.375,12.149,0,5.386,5.39,NA,12
"5/24/2022 5:57:03 AM",0.416,29.383,50.852,80.08,73037.4,1033.893,33.891,0.749,0.749,1.224,7.644,95.023,5.375,12.404,0,5.387,5.39,NA,12
"5/24/2022 5:57:04 AM",0.454,29.387,50.861,80.098,73047.6,1033.898,33.896,0.46,0.46,0.801,7.644,95.041,5.376,12.914,0,5.387,5.391,NA,12
"5/24/2022 5:57:04 AM",0.596,29.399,50.831,80.075,73008.8,1033.871,33.869,0.273,0.273,0.451,7.642,95.097,5.38,13.169,0,5.391,5.395,NA,12
"5/24/2022 5:57:04 AM",0.876,29.375,50.838,80.049,73021.7,1033.887,33.883,0.211,0.211,0.32,7.637,95.148,5.383,12.999,0,5.395,5.398,NA,12
"5/24/2022 5:57:04 AM",1.017,29.366,50.841,80.04,73026.3,1033.893,33.889,0.156,0.156,0.277,7.633,95.147,5.384,12.659,0,5.395,5.399,NA,12
"5/24/2022 5:57:04 AM",1.171,29.354,50.844,80.028,73031.6,1033.9,33.895,0.476,0.476,0.335,7.642,95.072,5.38,11.64,0,5.391,5.395,NA,12
"5/24/2022 5:57:05 AM",1.312,29.351,50.858,80.041,73048.8,1033.912,33.906,0.328,0.328,0.364,7.648,95.157,5.385,10.45,0,5.396,5.399,NA,12
"5/24/2022 5:57:05 AM",1.502,29.351,50.863,80.048,73055.7,1033.917,33.911,0.203,0.203,0.277,7.649,95.071,5.38,9.855,0,5.392,5.395,NA,12
"5/24/2022 5:57:05 AM",1.562,29.35,50.887,80.08,73085.5,1033.935,33.929,0.133,0.133,0.248,7.649,95.042,5.378,9.685,0,5.39,5.393,NA,12
"5/24/2022 5:57:05 AM",1.62,29.35,50.904,80.103,73106.7,1033.949,33.942,0.133,0.133,0.204,7.653,95.216,5.388,9.855,0,5.399,5.403,NA,12
"5/24/2022 5:57:05 AM",1.658,29.35,50.917,80.122,73123,1033.959,33.952,0.109,0.109,0.277,7.655,95.234,5.389,10.195,0,5.4,5.403,NA,12
"5/24/2022 5:57:06 AM",1.717,29.351,50.92,80.127,73126.8,1033.961,33.954,0.14,0.14,0.218,7.658,95.154,5.384,9.94,0,5.396,5.399,NA,12
"5/24/2022 5:57:06 AM",1.734,29.351,50.925,80.132,73132.4,1033.965,33.957,0.187,0.187,0.393,7.656,95.211,5.388,9.261,0,5.399,5.403,NA,12
"5/24/2022 5:57:06 AM",1.738,29.352,50.924,80.133,73131.5,1033.964,33.956,0.257,0.257,0.218,7.651,95.251,5.39,8.581,0,5.401,5.405,NA,12
"5/24/2022 5:57:06 AM",1.691,29.353,50.922,80.132,73128.5,1033.961,33.954,0.203,0.203,0.204,7.635,95.278,5.391,8.751,0,5.403,5.406,NA,12
"5/24/2022 5:57:06 AM",1.63,29.354,50.917,80.127,73122.5,1033.957,33.95,0.211,0.211,0.218,7.627,95.244,5.39,9.091,0,5.402,5.405,NA,12
"5/24/2022 5:57:07 AM",1.538,29.354,50.918,80.127,73123.8,1033.958,33.951,0.218,0.218,0.306,7.626,95.257,5.391,9.261,0,5.402,5.406,NA,12
"5/24/2022 5:57:07 AM",1.514,29.354,50.921,80.132,73128,1033.96,33.954,0.14,0.14,0.218,7.636,95.113,5.382,9.261,0,5.394,5.397,NA,12
"5/24/2022 5:57:07 AM",1.555,29.356,50.916,80.129,73121.4,1033.956,33.949,0.14,0.14,0.248,7.634,95.06,5.38,9.091,0,5.392,5.395,NA,12
"5/24/2022 5:57:07 AM",1.58,29.358,50.831,80.016,73015,1033.89,33.884,0.218,0.218,0.495,7.619,95.213,5.391,8.666,0,5.403,5.406,NA,12
"5/24/2022 5:57:07 AM",1.647,29.362,50.92,80.143,73125.2,1033.957,33.95,3.487,3.487,1.049,7.613,95.311,5.394,7.986,0,5.405,5.409,NA,12
"5/24/2022 5:57:08 AM",1.679,29.365,50.92,80.147,73125.1,1033.956,33.949,1.435,1.435,1.253,7.612,95.172,5.386,7.731,0,5.398,5.401,NA,12
"5/24/2022 5:57:08 AM",1.675,29.368,50.911,80.139,73113.8,1033.948,33.941,1.272,1.272,0.728,7.614,95.091,5.382,7.476,0,5.393,5.397,NA,12
"5/24/2022 5:57:08 AM",1.689,29.369,50.909,80.138,73110.3,1033.946,33.939,0.468,0.468,0.495,7.609,95.113,5.383,7.392,0,5.395,5.398,NA,12
"5/24/2022 5:57:08 AM",1.693,29.37,50.898,80.125,73096.7,1033.937,33.93,0.257,0.257,0.714,7.614,95.147,5.386,7.392,0,5.398,5.401,NA,12
"5/24/2022 5:57:08 AM",1.665,29.365,50.897,80.116,73096.4,1033.938,33.931,0.936,0.936,0.932,7.623,95.089,5.383,7.476,0,5.394,5.398,NA,12
"5/24/2022 5:57:09 AM",1.646,29.361,50.901,80.115,73101.2,1033.942,33.935,0.421,0.421,1.049,7.623,95.112,5.384,7.646,0,5.396,5.399,NA,12
"5/24/2022 5:57:09 AM",1.614,29.358,50.901,80.111,73102.4,1033.944,33.937,0.655,0.655,1.063,7.623,95.116,5.384,7.646,0,5.396,5.399,NA,12
"5/24/2022 5:57:09 AM",1.587,29.355,50.906,80.114,73108.5,1033.948,33.941,0.663,0.663,2.2,7.627,95.141,5.386,7.646,0,5.397,5.401,NA,12
"5/24/2022 5:57:09 AM",1.536,29.354,50.91,80.117,73113.5,1033.951,33.945,1.576,1.576,1.18,7.641,95.124,5.385,7.646,0,5.396,5.4,NA,12
"5/24/2022 5:57:10 AM",1.505,29.354,50.907,80.113,73109.3,1033.949,33.942,0.702,0.702,0.786,7.65,95.101,5.383,7.816,0,5.395,5.398,NA,12
"5/24/2022 5:57:10 AM",1.51,29.356,50.904,80.112,73106.3,1033.946,33.94,0.624,0.624,0.699,7.641,95.185,5.388,7.986,0,5.4,5.403,NA,12
"5/24/2022 5:57:10 AM",1.505,29.357,50.903,80.112,73104,1033.945,33.938,0.257,0.257,0.466,7.62,95.056,5.381,8.241,0,5.393,5.396,NA,12
"5/24/2022 5:57:10 AM",1.505,29.358,50.903,80.113,73104.2,1033.944,33.938,0.289,0.289,0.786,7.617,95.058,5.382,8.496,0,5.393,5.397,NA,12
"5/24/2022 5:57:10 AM",1.488,29.359,50.903,80.116,73104.5,1033.944,33.938,0.226,0.226,0.699,7.63,95.148,5.387,8.411,0,5.399,5.402,NA,12
"5/24/2022 5:57:11 AM",1.472,29.36,50.9,80.113,73100.9,1033.942,33.936,0.374,0.374,0.597,7.634,95.14,5.387,8.241,0,5.398,5.402,NA,12
"5/24/2022 5:57:11 AM",1.449,29.357,50.9,80.108,73100.6,1033.942,33.936,0.226,0.226,0.364,7.638,95.188,5.39,8.071,0,5.401,5.405,NA,12
"5/24/2022 5:57:11 AM",1.413,29.354,50.899,80.103,73100.1,1033.943,33.937,0.133,0.133,0.277,7.645,95.072,5.383,8.241,0,5.394,5.398,NA,12
"5/24/2022 5:57:11 AM",1.361,29.353,50.894,80.094,73093.7,1033.939,33.933,0.273,0.273,0.32,7.643,95.13,5.387,8.666,0,5.398,5.402,NA,12
"5/24/2022 5:57:11 AM",1.264,29.355,50.897,80.1,73096.9,1033.94,33.935,0.452,0.452,3.412,7.644,95.235,5.393,8.921,0,5.404,5.408,NA,12
"5/24/2022 5:57:12 AM",1.191,29.356,50.892,80.095,73091,1033.936,33.931,0.374,0.374,1.399,7.637,95.203,5.391,9.006,0,5.403,5.406,NA,12
"5/24/2022 5:57:12 AM",1.114,29.357,50.889,80.091,73086.4,1033.932,33.928,0.234,0.234,0.67,7.63,95.263,5.395,9.431,0,5.406,5.41,NA,12
"5/24/2022 5:57:12 AM",1.071,29.358,50.887,80.092,73084.2,1033.93,33.926,0.647,0.647,0.481,7.628,95.246,5.394,9.601,0,5.405,5.409,NA,12
"5/24/2022 5:57:12 AM",1.062,29.356,50.855,80.045,73044.4,1033.907,33.902,0.234,0.234,0.349,7.637,95.247,5.395,8.836,0,5.407,5.41,NA,12
"5/24/2022 5:57:12 AM",1.109,29.353,50.87,80.061,73063.4,1033.919,33.915,0.156,0.156,0.393,7.641,95.203,5.392,8.496,0,5.404,5.407,NA,12
"5/24/2022 5:57:13 AM",1.201,29.351,50.877,80.068,73073,1033.926,33.921,0.156,0.156,0.291,7.635,95.309,5.398,8.411,0,5.41,5.413,NA,12
"5/24/2022 5:57:13 AM",1.286,29.35,50.883,80.075,73080.5,1033.931,33.926,0.203,0.203,0.32,7.634,95.431,5.406,7.901,0,5.418,5.421,NA,12
"5/24/2022 5:57:13 AM",1.335,29.351,50.885,80.078,73082.4,1033.933,33.927,0.406,0.406,0.204,7.638,95.326,5.401,7.052,0,5.413,5.416,NA,12
"5/24/2022 5:57:13 AM",1.349,29.352,50.88,80.073,73076.2,1033.928,33.923,0.632,0.632,0.641,7.646,95.242,5.397,6.882,0,5.409,5.412,NA,12
"5/24/2022 5:57:13 AM",1.305,29.354,50.864,80.054,73056.8,1033.916,33.91,0.663,0.663,0.728,7.645,95.291,5.401,7.222,0,5.413,5.416,NA,12
"5/24/2022 5:57:14 AM",1.279,29.354,50.873,80.066,73067.4,1033.922,33.917,5.297,5.297,0.728,7.648,95.378,5.406,7.392,0,5.418,5.421,NA,12
"5/24/2022 5:57:14 AM",1.246,29.353,50.878,80.071,73073.2,1033.926,33.921,3.237,3.237,0.349,7.651,95.457,5.411,7.307,0,5.423,5.426,NA,12
"5/24/2022 5:57:14 AM",1.18,29.354,50.877,80.072,73072,1033.925,33.92,0.733,0.733,0.568,7.653,95.448,5.411,6.882,0,5.422,5.426,NA,12
"5/24/2022 5:57:14 AM",1.116,29.356,50.874,80.07,73068.3,1033.922,33.917,1.155,1.155,0.553,7.656,95.609,5.42,6.542,0,5.432,5.435,NA,12
"5/24/2022 5:57:14 AM",1.043,29.356,50.877,80.074,73071.7,1033.923,33.919,0.741,0.741,0.379,7.659,95.509,5.415,6.457,0,5.427,5.43,NA,12
"5/24/2022 5:57:15 AM",0.961,29.356,50.875,80.073,73069.7,1033.922,33.918,0.577,0.577,0.364,7.656,95.481,5.414,6.372,0,5.425,5.429,NA,12
"5/24/2022 5:57:15 AM",0.888,29.358,50.877,80.077,73071.6,1033.922,33.918,1.342,1.342,1.107,7.653,95.5,5.415,6.117,0,5.427,5.43,NA,12
"5/24/2022 5:57:15 AM",0.826,29.359,50.87,80.07,73062.7,1033.916,33.913,0.671,0.671,0.481,7.644,95.51,5.416,6.117,0,5.427,5.431,NA,12
"5/24/2022 5:57:15 AM",0.817,29.359,50.871,80.071,73064.6,1033.917,33.914,0.273,0.273,0.422,7.641,95.531,5.417,6.202,0,5.429,5.432,NA,12
"5/24/2022 5:57:15 AM",0.848,29.358,50.868,80.065,73059.9,1033.915,33.911,0.179,0.179,0.451,7.637,95.549,5.418,6.287,0,5.43,5.433,NA,12
"5/24/2022 5:57:16 AM",0.871,29.359,50.869,80.067,73061,1033.915,33.912,0.195,0.195,0.466,7.632,95.625,5.423,6.032,0,5.435,5.438,NA,12
"5/24/2022 5:57:16 AM",0.876,29.358,50.853,80.046,73042,1033.904,33.9,0.53,0.53,0.408,7.649,95.555,5.419,5.777,0,5.431,5.434,NA,12
"5/24/2022 5:57:16 AM",0.855,29.357,50.858,80.051,73048.6,1033.908,33.905,0.421,0.421,0.451,7.658,95.514,5.417,5.437,0,5.429,5.432,NA,12
"5/24/2022 5:57:16 AM",0.852,29.357,50.866,80.061,73057.8,1033.914,33.91,0.234,0.234,0.437,7.655,95.588,5.421,5.183,0,5.432,5.436,NA,12
"5/24/2022 5:57:16 AM",0.859,29.359,50.864,80.061,73055.7,1033.912,33.909,0.195,0.195,0.291,7.621,95.521,5.417,5.268,0,5.429,5.432,NA,12
"5/24/2022 5:57:17 AM",0.852,29.359,50.864,80.062,73055.7,1033.912,33.908,0.179,0.179,0.32,7.632,95.656,5.425,5.692,0,5.437,5.44,NA,12
"5/24/2022 5:57:17 AM",0.774,29.36,50.864,80.063,73054.9,1033.911,33.908,0.242,0.242,0.364,7.654,95.633,5.423,6.202,0,5.435,5.439,NA,12
"5/24/2022 5:57:17 AM",0.715,29.363,50.855,80.056,73044.1,1033.903,33.9,0.25,0.25,0.743,7.66,95.619,5.423,6.372,0,5.435,5.438,NA,12
"5/24/2022 5:57:17 AM",0.645,29.367,50.856,80.062,73043.8,1033.902,33.899,0.203,0.203,0.481,7.656,95.612,5.423,6.287,0,5.435,5.438,NA,12
"5/24/2022 5:57:17 AM",0.551,29.368,50.858,80.066,73046.6,1033.903,33.9,0.296,0.296,0.568,7.644,95.648,5.425,3.823,0,5.437,5.441,NA,12
"5/24/2022 5:57:18 AM",0.527,29.368,50.845,80.049,73030.4,1033.893,33.891,1.935,1.935,1.136,7.657,95.685,5.428,0.425,0,5.439,5.443,NA,12
"5/24/2022 5:57:18 AM",0.442,29.369,50.845,80.049,73030.1,1033.892,33.89,0.484,0.484,0.539,7.653,95.84,5.437,0,0,5.449,5.452,NA,12
"5/24/2022 5:57:18 AM",0.423,29.369,50.837,80.04,73020.7,1033.886,33.884,0.218,0.218,0.364,7.648,95.758,5.432,0.17,0,5.444,5.447,NA,12
"5/24/2022 5:57:18 AM",0.395,29.365,50.836,80.032,73019.1,1033.886,33.884,0.164,0.164,0.714,7.642,95.73,5.431,0.51,0,5.443,5.446,NA,12
"5/24/2022 5:57:18 AM",0.36,29.366,50.832,80.027,73014,1033.883,33.881,0.796,0.796,1.515,7.646,95.737,5.431,0.255,0,5.443,5.447,NA,12
"5/24/2022 5:57:19 AM",0.285,29.366,50.825,80.019,73005.8,1033.877,33.876,0.304,0.304,0.583,7.656,95.927,5.443,0,0,5.455,5.458,NA,12
"5/24/2022 5:57:19 AM",0.278,29.374,50.805,80.003,72979.8,1033.859,33.858,0.226,0.226,0.51,7.66,95.915,5.443,0,0,5.454,5.458,NA,12
"5/24/2022 5:57:19 AM",0.247,29.385,50.781,79.986,72948.9,1033.837,33.836,0.156,0.156,0.451,7.659,95.931,5.445,0,0,5.457,5.46,NA,12
"5/24/2022 5:57:19 AM",0.275,29.409,50.72,79.938,72870,1033.783,33.782,0.25,0.25,0.786,7.66,95.894,5.444,0,0,5.456,5.459,NA,12
"5/24/2022 5:57:20 AM",0.303,29.412,50.779,80.023,72943.1,1033.827,33.825,0.203,0.203,0.626,7.662,95.919,5.444,0,0,5.456,5.459,NA,12
"5/24/2022 5:57:20 AM",0.318,29.399,50.786,80.013,72952.4,1033.836,33.834,0.811,0.811,0.714,7.664,95.919,5.444,0,0,5.456,5.459,NA,12
"5/24/2022 5:57:20 AM",0.331,29.386,50.796,80.007,72967.4,1033.849,33.847,0.32,0.32,0.553,7.658,95.974,5.447,3.059,0,5.459,5.462,NA,12
"5/24/2022 5:57:20 AM",0.343,29.375,50.799,79.995,72971.9,1033.855,33.853,0.234,0.234,0.524,7.649,96.071,5.453,9.346,0,5.464,5.468,NA,12
"5/24/2022 5:57:20 AM",0.311,29.368,50.813,80.004,72990.6,1033.868,33.866,0.195,0.195,0.393,7.65,96.089,5.453,11.979,0,5.465,5.468,NA,12
"5/24/2022 5:57:21 AM",0.298,29.364,50.808,79.991,72984.3,1033.865,33.864,0.273,0.273,0.495,7.646,96.01,5.449,12.914,0,5.461,5.464,NA,12
"5/24/2022 5:57:21 AM",0.278,29.377,50.805,80.008,72979.6,1033.858,33.857,0.156,0.156,1.224,7.642,96.082,5.453,13.933,0,5.465,5.468,NA,12
"5/24/2022 5:57:21 AM",0.214,29.393,50.805,80.03,72977.2,1033.852,33.851,0.148,0.148,0.626,7.646,96.096,5.454,14.698,0,5.466,5.469,NA,12
"5/24/2022 5:57:21 AM",0.152,29.397,50.803,80.033,72974,1033.849,33.848,0.71,0.71,1.34,7.651,96.148,5.457,14.103,0,5.469,5.473,NA,12
"5/24/2022 5:57:21 AM",0.077,29.4,47.981,76.163,69441,1031.711,31.71,0.281,0.281,0.583,7.659,96.091,5.539,15.888,0,5.552,5.555,NA,12
"5/24/2022 5:57:22 AM",0.039,29.435,50.882,80.197,73067.9,1033.895,33.895,10.102,10.102,1.894,7.66,96.174,5.457,17.587,0,5.469,5.472,NA,12
"5/24/2022 5:57:22 AM",0.035,29.451,50.82,80.136,72989.2,1033.843,33.843,5.445,5.445,1.063,7.652,96.241,5.462,18.181,0,5.474,5.478,NA,12
"5/24/2022 5:57:22 AM",0,29.497,50.76,80.121,72908.2,1033.78,33.78,2.98,2.98,1.661,7.66,96.301,5.468,19.116,0,5.48,5.483,NA,12
"5/24/2022 5:57:22 AM",0,29.477,50.696,80.005,72831.4,1033.739,33.739,1.88,1.88,1.807,7.664,96.373,5.474,22.429,0,5.486,5.49,NA,12
"5/24/2022 5:57:22 AM",0,29.449,50.735,80.017,72883.3,1033.778,33.779,5.71,5.71,16.195,7.667,96.323,5.47,23.619,0,5.482,5.486,NA,12
"5/24/2022 5:57:23 AM",0,29.422,50.648,79.858,72777.7,1033.72,33.722,1.584,1.584,4.332,7.661,96.279,5.471,26.423,0,5.482,5.486,NA,12
"5/24/2022 5:57:23 AM",0,29.407,40.797,66.093,60251.3,1026.283,26.285,6.506,6.506,3.309,7.638,96.333,5.777,28.802,0,5.792,5.794,NA,12
"5/24/2022 5:57:23 AM",0,29.413,2.543,5.191,4731.5,997.725,0,368.936,368.936,339.416,7.645,96.431,7.133,28.547,0,7.153,7.153,NA,12
"5/24/2022 5:57:23 AM",0,29.419,1.42,2.997,2731.6,996.885,0,506.05,506.05,484.425,7.649,96.357,7.172,28.037,0,7.193,7.192,NA,12
"5/24/2022 5:57:23 AM",0,29.426,1.266,2.689,2450,996.768,0,496.627,496.627,1140.93,7.648,96.498,7.188,26.253,0,7.209,7.209,NA,12
"5/24/2022 5:57:24 AM",0,29.437,1.051,2.252,2052,996.603,0,500.722,500.722,501.38,7.646,96.351,7.186,26.508,0,7.207,7.207,NA,12
"5/24/2022 5:57:24 AM",0,29.487,2.105,4.353,3961.6,997.376,0,363.585,363.585,400.666,7.64,96.431,7.151,24.638,0,7.171,7.171,NA,12
"5/24/2022 5:57:24 AM",0,29.485,1.692,3.541,3222.8,997.068,0,111.246,111.246,109.925,7.624,96.468,7.17,24.469,0,7.191,7.191,NA,12
"5/24/2022 5:57:24 AM",0,29.507,44.614,71.617,65157.3,1029.127,29.128,23.621,23.621,39.254,7.63,96.525,5.67,22.684,0,5.684,5.686,NA,12
"5/24/2022 5:57:24 AM",0,29.389,49.828,78.689,71759.5,1033.112,33.113,9.704,9.704,22.021,7.635,96.4,5.505,20.136,0,5.517,5.52,NA,12
"5/24/2022 5:57:25 AM",0.015,29.359,50.388,79.411,72461.5,1033.547,33.547,4.556,4.556,9.633,7.639,96.457,5.492,12.149,0,5.504,5.508,NA,12
"5/24/2022 5:57:25 AM",0.176,29.352,50.625,79.725,72758.2,1033.73,33.729,2.13,2.13,7.038,7.643,96.466,5.486,10.195,0,5.499,5.502,NA,12
"5/24/2022 5:57:25 AM",0.331,29.351,50.763,79.911,72931,1033.836,33.835,0.998,0.998,2.419,7.652,96.397,5.479,10.025,0,5.491,5.494,NA,12
"5/24/2022 5:57:25 AM",0.583,29.35,50.771,79.921,72940.4,1033.843,33.841,0.491,0.491,0.743,7.651,96.227,5.47,6.627,0,5.482,5.485,NA,12
"5/24/2022 5:57:25 AM",0.732,29.351,50.774,79.926,72943.8,1033.846,33.843,0.413,0.413,0.51,7.65,96.207,5.469,4.843,0,5.481,5.484,NA,12
"5/24/2022 5:57:26 AM",0.873,29.35,50.779,79.932,72950.1,1033.85,33.846,0.343,0.343,0.364,7.65,96.191,5.468,3.823,0,5.48,5.483,NA,12
"5/24/2022 5:57:26 AM",1.019,29.351,50.791,79.95,72965.8,1033.86,33.856,0.359,0.359,0.481,7.645,96.099,5.462,4.418,0,5.474,5.478,NA,12
"5/24/2022 5:57:26 AM",1.137,29.351,50.798,79.959,72973.8,1033.866,33.861,0.281,0.281,0.306,7.633,96.005,5.457,4.588,0,5.469,5.472,NA,12
"5/24/2022 5:57:26 AM",1.33,29.35,50.813,79.979,72993.8,1033.879,33.873,0.242,0.242,0.291,7.649,95.912,5.452,4.163,0,5.464,5.467,NA,12
"5/24/2022 5:57:26 AM",1.458,29.35,50.82,79.989,73002.4,1033.884,33.878,0.226,0.226,0.277,7.647,95.928,5.452,4.333,0,5.464,5.468,NA,12
"5/24/2022 5:57:27 AM",1.592,29.351,50.828,80,73011.6,1033.89,33.884,0.195,0.195,0.189,7.64,95.997,5.456,4.418,0,5.468,5.472,NA,12
"5/24/2022 5:57:27 AM",1.712,29.35,50.833,80.007,73019,1033.896,33.888,0.172,0.172,0.277,7.646,95.818,5.446,3.483,0,5.458,5.461,NA,12
"5/24/2022 5:57:27 AM",1.908,29.351,50.837,80.013,73022.8,1033.898,33.89,0.148,0.148,0.102,7.654,95.824,5.447,1.529,0,5.459,5.462,NA,12
"5/24/2022 5:57:27 AM",2.037,29.352,50.851,80.034,73041,1033.91,33.901,0.281,0.281,0.306,7.651,95.744,5.442,1.189,0,5.454,5.457,NA,12
"5/24/2022 5:57:27 AM",2.183,29.351,50.857,80.041,73048.5,1033.915,33.906,0.25,0.25,0.306,7.66,95.754,5.443,1.954,0,5.454,5.458,NA,12
"5/24/2022 5:57:28 AM",2.28,29.351,50.863,80.049,73056.2,1033.92,33.911,0.218,0.218,0.248,7.666,95.675,5.438,3.738,0,5.45,5.453,NA,12
"5/24/2022 5:57:28 AM",2.379,29.351,50.87,80.059,73065.2,1033.926,33.916,0.172,0.172,0.233,7.671,95.667,5.437,6.542,0,5.449,5.452,NA,12
"5/24/2022 5:57:28 AM",2.556,29.351,50.879,80.071,73075.6,1033.933,33.922,0.133,0.133,0.146,7.674,95.72,5.44,7.731,0,5.452,5.455,NA,12
"5/24/2022 5:57:28 AM",2.673,29.351,50.889,80.085,73088.4,1033.941,33.93,0.133,0.133,0.087,7.669,95.651,5.436,7.137,0,5.448,5.452,NA,12
"5/24/2022 5:57:28 AM",2.779,29.352,50.892,80.09,73092.8,1033.944,33.932,0.125,0.125,0.146,7.674,95.694,5.438,6.882,0,5.45,5.454,NA,12
"5/24/2022 5:57:29 AM",2.878,29.351,50.895,80.094,73096.4,1033.947,33.935,0.133,0.133,0.189,7.679,95.742,5.441,7.561,0,5.453,5.457,NA,12
"5/24/2022 5:57:29 AM",3.025,29.352,50.9,80.101,73102.6,1033.951,33.938,0.125,0.125,0.146,7.68,95.598,5.433,8.836,0,5.445,5.448,NA,12
"5/24/2022 5:57:29 AM",3.121,29.351,50.903,80.104,73105.9,1033.954,33.94,0.133,0.133,0.218,7.684,95.669,5.438,9.006,0,5.45,5.453,NA,12
"5/24/2022 5:57:29 AM",3.274,29.352,50.904,80.106,73107.1,1033.955,33.941,0.117,0.117,0.131,7.684,95.664,5.437,8.666,0,5.449,5.452,NA,12
"5/24/2022 5:57:29 AM",3.389,29.351,50.907,80.11,73111.1,1033.958,33.944,0.117,0.117,0.102,7.686,95.594,5.433,7.816,0,5.445,5.449,NA,12
"5/24/2022 5:57:30 AM",3.467,29.351,50.91,80.113,73114.6,1033.96,33.946,0.125,0.125,0.16,7.686,95.607,5.434,8.071,0,5.446,5.449,NA,12
"5/24/2022 5:57:30 AM",3.467,29.352,50.909,80.113,73113.5,1033.96,33.945,0.172,0.172,0.233,7.68,95.594,5.434,9.091,0,5.446,5.449,NA,12
"5/24/2022 5:57:30 AM",3.465,29.352,50.9,80.102,73102.8,1033.953,33.938,0.148,0.148,0.146,7.683,95.486,5.428,8.836,0,5.44,5.443,NA,12
"5/24/2022 5:57:30 AM",3.528,29.352,50.898,80.099,73100.5,1033.952,33.937,0.109,0.109,0.116,7.683,95.541,5.431,7.986,0,5.443,5.447,NA,12
"5/24/2022 5:57:30 AM",3.647,29.351,50.901,80.101,73103.4,1033.954,33.939,0.109,0.109,0.058,7.678,95.582,5.434,6.882,0,5.446,5.449,NA,12
"5/24/2022 5:57:31 AM",3.818,29.351,50.901,80.102,73104.3,1033.955,33.939,0.117,0.117,0.073,7.679,95.453,5.426,6.202,0,5.438,5.442,NA,12
"5/24/2022 5:57:31 AM",4.024,29.351,50.907,80.11,73111.4,1033.961,33.944,0.133,0.133,0.087,7.683,95.527,5.43,6.117,0,5.442,5.445,NA,12
"5/24/2022 5:57:31 AM",4.179,29.351,50.907,80.111,73111.8,1033.961,33.944,0.148,0.148,0.087,7.685,95.529,5.431,6.627,0,5.443,5.446,NA,12
"5/24/2022 5:57:31 AM",4.339,29.351,50.911,80.116,73116.7,1033.965,33.947,0.117,0.117,0.087,7.685,95.563,5.432,6.287,0,5.444,5.448,NA,12
"5/24/2022 5:57:32 AM",4.48,29.352,50.911,80.117,73117.1,1033.966,33.947,0.117,0.117,0.116,7.685,95.534,5.431,5.268,0,5.443,5.446,NA,12
"5/24/2022 5:57:32 AM",4.74,29.351,50.91,80.115,73115.9,1033.966,33.946,0.109,0.109,0.087,7.676,95.495,5.429,4.248,0,5.441,5.444,NA,12
"5/24/2022 5:57:32 AM",4.902,29.352,50.907,80.112,73112.5,1033.965,33.944,0.117,0.117,0.073,7.67,95.434,5.426,3.738,0,5.438,5.441,NA,12
"5/24/2022 5:57:32 AM",5.053,29.352,50.903,80.107,73106.8,1033.962,33.94,0.117,0.117,0.102,7.674,95.419,5.425,3.228,0,5.437,5.44,NA,12
"5/24/2022 5:57:32 AM",5.202,29.352,50.9,80.102,73103.6,1033.96,33.938,0.094,0.094,0.029,7.673,95.497,5.429,2.294,0,5.441,5.445,NA,12
"5/24/2022 5:57:33 AM",5.348,29.352,50.904,80.108,73108.2,1033.964,33.941,0.101,0.101,0.044,7.668,95.466,5.428,1.614,0,5.44,5.444,NA,12
"5/24/2022 5:57:33 AM",5.583,29.352,50.907,80.113,73112.8,1033.967,33.944,0.078,0.078,0.015,7.662,95.344,5.421,0.85,0,5.433,5.436,NA,12
"5/24/2022 5:57:33 AM",5.753,29.352,50.907,80.113,73112.6,1033.968,33.943,0.094,0.094,0.058,7.666,95.392,5.424,0.595,0,5.436,5.439,NA,12
"5/24/2022 5:57:33 AM",5.935,29.352,50.91,80.116,73116.4,1033.971,33.946,0.101,0.101,0.102,7.664,95.434,5.427,0.51,0,5.439,5.442,NA,12
"5/24/2022 5:57:33 AM",6.128,29.352,50.908,80.114,73114.4,1033.971,33.945,0.109,0.109,0.16,7.668,95.451,5.428,0.595,0,5.44,5.443,NA,12
"5/24/2022 5:57:34 AM",6.396,29.353,50.91,80.118,73116.3,1033.973,33.945,0.078,0.078,0.044,7.673,95.385,5.424,0.51,0,5.436,5.439,NA,12
"5/24/2022 5:57:34 AM",6.561,29.352,50.914,80.122,73121,1033.976,33.948,0.078,0.078,0,7.671,95.334,5.421,0.34,0,5.433,5.436,NA,12
"5/24/2022 5:57:34 AM",6.727,29.353,50.905,80.112,73110.3,1033.97,33.942,0.07,0.07,0,7.673,95.44,5.427,0.255,0,5.439,5.443,NA,12
"5/24/2022 5:57:34 AM",6.903,29.354,50.904,80.112,73109.3,1033.97,33.941,0.055,0.055,0,7.672,95.402,5.425,0.17,0,5.437,5.441,NA,12
"5/24/2022 5:57:34 AM",7.092,29.353,50.904,80.111,73109.1,1033.971,33.941,0.109,0.109,0.131,7.67,95.393,5.425,0.17,0,5.437,5.44,NA,12
"5/24/2022 5:57:35 AM",7.32,29.353,50.904,80.111,73109.8,1033.972,33.941,0.195,0.195,0.349,7.675,95.419,5.427,0.68,0,5.439,5.442,NA,12
"5/24/2022 5:57:35 AM",7.455,29.353,50.902,80.108,73107.4,1033.971,33.94,0.133,0.133,0.189,7.677,95.531,5.433,1.699,0,5.445,5.449,NA,12
"5/24/2022 5:57:35 AM",7.594,29.351,50.901,80.104,73106.2,1033.972,33.939,0.101,0.101,0.073,7.674,95.612,5.438,2.039,0,5.45,5.453,NA,12
"5/24/2022 5:57:35 AM",7.74,29.352,50.902,80.106,73106.7,1033.972,33.939,0.062,0.062,0.029,7.672,95.607,5.438,1.784,0,5.45,5.453,NA,12
"5/24/2022 5:57:35 AM",7.877,29.352,50.901,80.105,73106,1033.972,33.939,0.055,0.055,0,7.673,95.628,5.44,1.359,0,5.452,5.455,NA,12
"5/24/2022 5:57:36 AM",8.095,29.353,50.901,80.106,73105.5,1033.973,33.938,0.023,0.023,0,7.673,95.606,5.439,0.765,0,5.451,5.454,NA,12
"5/24/2022 5:57:36 AM",8.246,29.353,50.901,80.108,73105.8,1033.973,33.938,0.179,0.179,0.262,7.673,95.615,5.439,0.85,0,5.451,5.454,NA,12
"5/24/2022 5:57:36 AM",8.39,29.353,50.9,80.106,73104.8,1033.973,33.938,0.164,0.164,0.262,7.672,95.524,5.434,1.869,0,5.446,5.45,NA,12
"5/24/2022 5:57:36 AM",8.52,29.354,50.899,80.106,73103.9,1033.973,33.937,0.117,0.117,0.116,7.673,95.532,5.435,3.398,0,5.447,5.451,NA,12
"5/24/2022 5:57:36 AM",8.748,29.354,50.898,80.104,73102,1033.973,33.936,0.101,0.101,0.073,7.674,95.697,5.445,3.738,0,5.457,5.46,NA,12
"5/24/2022 5:57:37 AM",8.901,29.354,50.898,80.105,73102.9,1033.974,33.936,0.094,0.094,0.058,7.673,95.724,5.446,2.974,0,5.458,5.462,NA,12
"5/24/2022 5:57:37 AM",9.064,29.354,50.899,80.106,73104.3,1033.976,33.937,0.078,0.078,0.044,7.673,95.638,5.441,2.124,0,5.453,5.457,NA,12
"5/24/2022 5:57:37 AM",9.22,29.353,50.898,80.104,73102.9,1033.975,33.936,0.062,0.062,0.029,7.675,95.583,5.438,1.529,0,5.45,5.454,NA,12
"5/24/2022 5:57:37 AM",9.384,29.354,50.899,80.107,73104.5,1033.977,33.937,0.062,0.062,0.015,7.673,95.674,5.444,1.02,0,5.456,5.459,NA,12
"5/24/2022 5:57:37 AM",9.615,29.354,50.899,80.107,73103.9,1033.977,33.936,0.101,0.101,0.073,7.672,95.735,5.447,0.935,0,5.459,5.463,NA,12
"5/24/2022 5:57:38 AM",9.762,29.354,50.891,80.097,73094.7,1033.972,33.931,0.07,0.07,0.073,7.675,95.712,5.447,0.935,0,5.459,5.462,NA,12
"5/24/2022 5:57:38 AM",9.9,29.354,50.892,80.097,73094.9,1033.973,33.931,0.062,0.062,0.015,7.674,95.731,5.448,0.68,0,5.46,5.463,NA,12
"5/24/2022 5:57:38 AM",10.049,29.355,50.899,80.107,73103.6,1033.979,33.936,0.07,0.07,0,7.674,95.702,5.446,0.425,0,5.458,5.462,NA,12
"5/24/2022 5:57:38 AM",10.2,29.355,50.897,80.104,73101.2,1033.978,33.934,0.094,0.094,0.073,7.676,95.697,5.446,0.34,0,5.458,5.461,NA,12
"5/24/2022 5:57:38 AM",10.459,29.354,50.894,80.101,73098.6,1033.977,33.933,0.078,0.078,0.029,7.661,95.726,5.448,0.255,0,5.46,5.464,NA,12
"5/24/2022 5:57:39 AM",10.636,29.354,50.896,80.103,73100.6,1033.979,33.934,0.094,0.094,0.044,7.656,95.77,5.452,0.17,0,5.464,5.468,NA,12
"5/24/2022 5:57:39 AM",10.813,29.353,50.898,80.105,73103.5,1033.982,33.936,0.125,0.125,0.116,7.667,95.752,5.453,0.34,0,5.465,5.468,NA,12
"5/24/2022 5:57:39 AM",10.952,29.353,50.898,80.105,73103.4,1033.983,33.936,0.195,0.195,0.306,7.67,95.93,5.465,0.935,0,5.477,5.481,NA,12
"5/24/2022 5:57:39 AM",11.05,29.353,50.899,80.106,73105.1,1033.984,33.937,0.133,0.133,0.189,7.674,95.907,5.469,4.588,0,5.481,5.485,NA,12
"5/24/2022 5:57:39 AM",11.011,29.353,50.899,80.106,73104.8,1033.984,33.937,0.101,0.101,0.116,7.676,95.96,5.475,6.627,0,5.487,5.49,NA,12
"5/24/2022 5:57:40 AM",10.924,29.354,50.899,80.107,73105.3,1033.983,33.937,0.094,0.094,0.073,7.679,95.818,5.468,6.712,0,5.481,5.484,NA,12
"5/24/2022 5:57:40 AM",10.818,29.353,50.908,80.119,73116.3,1033.99,33.944,0.148,0.148,0.102,7.677,95.774,5.467,6.542,0,5.479,5.483,NA,12
"5/24/2022 5:57:40 AM",10.69,29.354,50.922,80.138,73133.3,1034,33.954,0.14,0.14,0.131,7.676,95.875,5.474,6.627,0,5.486,5.489,NA,12
"5/24/2022 5:57:40 AM",10.497,29.354,50.921,80.137,73132.4,1033.998,33.954,0.101,0.101,0.087,7.679,95.831,5.472,6.712,0,5.485,5.488,NA,12
"5/24/2022 5:57:40 AM",10.365,29.354,50.92,80.136,73130.9,1033.997,33.953,0.14,0.14,0.087,7.678,95.856,5.474,6.712,0,5.487,5.49,NA,12
"5/24/2022 5:57:41 AM",10.223,29.354,50.92,80.136,73130.1,1033.996,33.952,0.109,0.109,0.058,7.677,95.86,5.475,6.712,0,5.487,5.491,NA,12
"5/24/2022 5:57:41 AM",10.08,29.354,50.917,80.132,73127.1,1033.993,33.95,0.101,0.101,0.029,7.678,95.807,5.472,6.712,0,5.484,5.487,NA,12
"5/24/2022 5:57:41 AM",9.893,29.354,50.916,80.129,73125.3,1033.992,33.949,0.078,0.078,0.087,7.679,95.918,5.479,6.542,0,5.491,5.494,NA,12
"5/24/2022 5:57:41 AM",9.794,29.354,50.915,80.128,73124.3,1033.991,33.949,0.117,0.117,0.087,7.679,95.882,5.477,6.457,0,5.489,5.492,NA,12
"5/24/2022 5:57:41 AM",9.703,29.354,50.914,80.127,73122.6,1033.989,33.948,0.109,0.109,0.073,7.679,96.056,5.487,6.372,0,5.499,5.502,NA,12
"5/24/2022 5:57:42 AM",9.632,29.354,50.914,80.127,73122.7,1033.989,33.948,0.086,0.086,0.058,7.674,95.967,5.481,6.287,0,5.494,5.497,NA,12
"5/24/2022 5:57:42 AM",9.533,29.354,50.914,80.127,73122.3,1033.988,33.948,0.086,0.086,0.058,7.676,96.018,5.484,6.202,0,5.496,5.5,NA,12
"5/24/2022 5:57:42 AM",9.366,29.354,50.911,80.123,73119.2,1033.986,33.946,0.101,0.101,0.087,7.674,96.018,5.484,6.372,0,5.496,5.5,NA,12
"5/24/2022 5:57:42 AM",9.241,29.354,50.91,80.12,73117.3,1033.984,33.945,0.094,0.094,0.073,7.675,96.031,5.484,6.542,0,5.496,5.5,NA,12
"5/24/2022 5:57:43 AM",9.114,29.353,50.909,80.12,73117,1033.984,33.945,0.094,0.094,0.044,7.674,96.045,5.485,6.627,0,5.497,5.5,NA,12
"5/24/2022 5:57:43 AM",8.97,29.354,50.909,80.12,73116.6,1033.983,33.944,0.101,0.101,0.044,7.674,96.091,5.487,6.627,0,5.499,5.503,NA,12
"5/24/2022 5:57:43 AM",8.737,29.354,50.909,80.118,73115.6,1033.981,33.944,0.078,0.078,0.044,7.677,95.923,5.477,6.967,0,5.49,5.493,NA,12
"5/24/2022 5:57:43 AM",8.59,29.353,50.907,80.115,73113.9,1033.98,33.943,0.07,0.07,0.044,7.679,96.005,5.481,7.052,0,5.493,5.497,NA,12
"5/24/2022 5:57:43 AM",8.472,29.353,50.905,80.112,73111.3,1033.978,33.942,0.078,0.078,0.058,7.68,96.062,5.484,7.052,0,5.497,5.5,NA,12
"5/24/2022 5:57:44 AM",8.374,29.352,50.906,80.112,73111.9,1033.978,33.942,0.086,0.086,0.073,7.68,96.059,5.484,6.967,0,5.496,5.5,NA,12
"5/24/2022 5:57:44 AM",8.232,29.353,50.905,80.112,73111.4,1033.977,33.942,0.109,0.109,0.087,7.68,96.019,5.481,7.222,0,5.494,5.497,NA,12
"5/24/2022 5:57:44 AM",8.115,29.353,50.904,80.111,73109.8,1033.975,33.941,0.094,0.094,0.058,7.678,96.079,5.484,7.392,0,5.497,5.5,NA,12
"5/24/2022 5:57:44 AM",7.97,29.353,50.904,80.111,73109.8,1033.975,33.941,0.086,0.086,0.073,7.678,96.07,5.483,7.392,0,5.496,5.499,NA,12
"5/24/2022 5:57:44 AM",7.818,29.354,50.903,80.111,73108.4,1033.973,33.94,0.094,0.094,0.073,7.678,95.987,5.478,7.392,0,5.491,5.494,NA,12
"5/24/2022 5:57:45 AM",7.671,29.353,50.901,80.107,73105.3,1033.971,33.938,0.101,0.101,0.218,7.677,96.012,5.48,7.392,0,5.492,5.496,NA,12
"5/24/2022 5:57:45 AM",7.499,29.353,50.898,80.103,73102.1,1033.968,33.936,0.195,0.195,0.422,7.679,95.888,5.472,7.476,0,5.485,5.488,NA,12
"5/24/2022 5:57:45 AM",7.396,29.353,50.899,80.104,73103.4,1033.969,33.937,0.117,0.117,0.218,7.678,95.868,5.471,7.561,0,5.483,5.487,NA,12
"5/24/2022 5:57:45 AM",7.287,29.353,50.898,80.103,73101.8,1033.967,33.936,0.109,0.109,0.146,7.677,95.893,5.472,7.646,0,5.484,5.488,NA,12
"5/24/2022 5:57:45 AM",7.165,29.353,50.895,80.098,73098.1,1033.964,33.934,0.086,0.086,0.131,7.677,95.925,5.474,7.731,0,5.486,5.489,NA,12
"5/24/2022 5:57:46 AM",6.983,29.353,50.889,80.09,73090.6,1033.959,33.93,0.101,0.101,0.102,7.678,95.836,5.468,7.561,0,5.48,5.484,NA,12
"5/24/2022 5:57:46 AM",6.854,29.353,50.888,80.089,73089.3,1033.958,33.929,0.117,0.117,0.204,7.678,95.864,5.47,7.561,0,5.482,5.486,NA,12
"5/24/2022 5:57:46 AM",6.726,29.353,50.884,80.084,73084.6,1033.954,33.926,0.117,0.117,0.087,7.679,95.875,5.47,7.646,0,5.483,5.486,NA,12
"5/24/2022 5:57:46 AM",6.632,29.353,50.881,80.08,73080.7,1033.952,33.924,0.125,0.125,0.073,7.679,95.92,5.473,7.561,0,5.485,5.489,NA,12
"5/24/2022 5:57:46 AM",6.545,29.353,50.879,80.075,73077.2,1033.949,33.921,0.125,0.125,0.087,7.68,95.868,5.47,7.561,0,5.482,5.486,NA,12
"5/24/2022 5:57:47 AM",6.387,29.353,50.877,80.073,73074.6,1033.947,33.92,0.14,0.14,0.087,7.682,95.921,5.473,7.476,0,5.485,5.489,NA,12
"5/24/2022 5:57:47 AM",6.255,29.353,50.875,80.071,73073.2,1033.946,33.919,0.101,0.101,0.058,7.68,95.804,5.466,7.646,0,5.478,5.482,NA,12
"5/24/2022 5:57:47 AM",6.111,29.353,50.873,80.067,73070,1033.943,33.917,0.109,0.109,0.102,7.68,95.791,5.465,7.646,0,5.477,5.481,NA,12
"5/24/2022 5:57:47 AM",5.972,29.352,50.872,80.065,73068.6,1033.942,33.917,0.101,0.101,0.073,7.68,95.823,5.467,7.731,0,5.479,5.483,NA,12
"5/24/2022 5:57:47 AM",5.781,29.352,50.87,80.062,73065.9,1033.94,33.915,0.101,0.101,0.073,7.68,95.85,5.469,8.071,0,5.481,5.484,NA,12
"5/24/2022 5:57:48 AM",5.694,29.352,50.869,80.06,73064.5,1033.939,33.914,0.086,0.086,0.058,7.682,95.805,5.466,8.241,0,5.478,5.482,NA,12
"5/24/2022 5:57:48 AM",5.603,29.352,50.868,80.06,73063.6,1033.937,33.914,0.094,0.094,0.058,7.683,95.746,5.462,8.496,0,5.475,5.478,NA,12
"5/24/2022 5:57:48 AM",5.48,29.352,50.869,80.06,73064.6,1033.938,33.914,0.086,0.086,0.073,7.686,95.811,5.466,8.666,0,5.478,5.481,NA,12
"5/24/2022 5:57:48 AM",5.339,29.353,50.867,80.058,73062.3,1033.936,33.913,0.086,0.086,0.058,7.686,95.813,5.466,8.836,0,5.478,5.482,NA,12
"5/24/2022 5:57:48 AM",5.155,29.352,50.865,80.055,73059.2,1033.933,33.911,0.078,0.078,0.044,7.686,95.794,5.465,8.836,0,5.477,5.481,NA,12
"5/24/2022 5:57:49 AM",5.046,29.352,50.866,80.056,73060.4,1033.933,33.912,0.086,0.086,0.087,7.686,95.862,5.469,8.751,0,5.481,5.485,NA,12
"5/24/2022 5:57:49 AM",4.947,29.353,50.863,80.052,73056.6,1033.931,33.909,0.078,0.078,0.073,7.687,95.915,5.472,8.581,0,5.484,5.487,NA,12
"5/24/2022 5:57:49 AM",4.851,29.352,50.862,80.051,73055.9,1033.93,33.909,0.086,0.086,0.073,7.687,95.78,5.464,8.666,0,5.476,5.48,NA,12
"5/24/2022 5:57:49 AM",4.683,29.352,50.863,80.052,73056.8,1033.93,33.91,0.086,0.086,0.073,7.691,95.912,5.471,8.751,0,5.483,5.486,NA,12
"5/24/2022 5:57:49 AM",4.552,29.353,50.86,80.049,73053.7,1033.927,33.908,0.078,0.078,0.087,7.69,95.932,5.473,8.581,0,5.485,5.488,NA,12
"5/24/2022 5:57:50 AM",4.407,29.352,50.862,80.051,73055.9,1033.928,33.909,0.086,0.086,0.073,7.691,95.794,5.465,8.496,0,5.477,5.48,NA,12
"5/24/2022 5:57:50 AM",4.262,29.352,50.86,80.047,73053.5,1033.926,33.908,0.086,0.086,0.16,7.691,95.908,5.471,8.581,0,5.483,5.487,NA,12
"5/24/2022 5:57:50 AM",4.023,29.352,50.858,80.045,73051,1033.924,33.906,0.117,0.117,0.102,7.69,96.044,5.479,8.496,0,5.491,5.494,NA,12
"5/24/2022 5:57:50 AM",3.889,29.352,50.856,80.043,73048,1033.921,33.905,0.101,0.101,0.058,7.691,95.947,5.473,8.411,0,5.485,5.489,NA,12
"5/24/2022 5:57:50 AM",3.786,29.353,50.852,80.038,73042.9,1033.918,33.901,0.109,0.109,0.058,7.692,95.901,5.471,8.411,0,5.483,5.486,NA,12
"5/24/2022 5:57:51 AM",3.691,29.352,50.85,80.034,73040.6,1033.916,33.9,0.094,0.094,0.073,7.693,95.89,5.47,8.326,0,5.482,5.486,NA,12
"5/24/2022 5:57:51 AM",3.588,29.352,50.85,80.034,73040.1,1033.915,33.9,0.086,0.086,0.102,7.693,95.983,5.476,8.326,0,5.488,5.491,NA,12
"5/24/2022 5:57:51 AM",3.416,29.352,50.847,80.029,73036.6,1033.912,33.898,0.117,0.117,0.087,7.694,95.926,5.472,8.666,0,5.484,5.488,NA,12
"5/24/2022 5:57:51 AM",3.319,29.352,50.847,80.029,73036.5,1033.912,33.898,0.156,0.156,0.146,7.694,95.942,5.473,9.006,0,5.485,5.489,NA,12
"5/24/2022 5:57:51 AM",3.22,29.353,50.846,80.029,73035.6,1033.911,33.897,0.101,0.101,0.073,7.693,96.027,5.478,9.176,0,5.49,5.494,NA,12
"5/24/2022 5:57:52 AM",3.13,29.352,50.847,80.028,73035.9,1033.911,33.898,0.125,0.125,0.087,7.694,95.9,5.47,9.176,0,5.483,5.486,NA,12
"5/24/2022 5:57:52 AM",3.051,29.353,50.843,80.025,73031.6,1033.908,33.895,0.094,0.094,0.102,7.694,96.004,5.477,9.091,0,5.489,5.493,NA,12
"5/24/2022 5:57:52 AM",2.973,29.352,50.843,80.024,73031.1,1033.907,33.895,0.117,0.117,0.087,7.695,96.015,5.478,9.006,0,5.49,5.493,NA,12
"5/24/2022 5:57:52 AM",2.914,29.353,50.841,80.022,73029.1,1033.906,33.893,0.109,0.109,0.073,7.695,96.065,5.48,9.006,0,5.492,5.496,NA,12
"5/24/2022 5:57:53 AM",2.848,29.352,50.841,80.021,73029.1,1033.906,33.894,0.094,0.094,0.087,7.696,96.037,5.478,9.091,0,5.491,5.494,NA,12
"5/24/2022 5:57:53 AM",2.773,29.352,50.839,80.018,73026.3,1033.904,33.892,0.117,0.117,0.131,7.696,96.021,5.478,9.091,0,5.49,5.493,NA,12
"5/24/2022 5:57:53 AM",2.669,29.351,50.837,80.014,73023.2,1033.902,33.89,0.086,0.086,0.044,7.697,96.019,5.477,9.091,0,5.49,5.493,NA,12
"5/24/2022 5:57:53 AM",2.584,29.351,50.836,80.013,73022.5,1033.901,33.89,0.094,0.094,0.058,7.698,96.057,5.48,9.176,0,5.492,5.496,NA,12
"5/24/2022 5:57:53 AM",2.504,29.352,50.832,80.008,73017,1033.897,33.886,0.078,0.078,0.044,7.698,96.081,5.481,9.176,0,5.493,5.497,NA,12
"5/24/2022 5:57:54 AM",2.445,29.352,50.832,80.008,73016.8,1033.897,33.886,0.094,0.094,0.073,7.696,96.142,5.485,9.261,0,5.497,5.5,NA,12
"5/24/2022 5:57:54 AM",2.381,29.352,50.83,80.006,73014.5,1033.895,33.885,0.086,0.086,0.044,7.696,96.103,5.483,9.516,0,5.495,5.498,NA,12
"5/24/2022 5:57:54 AM",2.266,29.352,50.827,80.002,73011,1033.892,33.883,0.078,0.078,0.044,7.697,96.179,5.487,9.855,0,5.499,5.503,NA,12
"5/24/2022 5:57:54 AM",2.185,29.352,50.822,79.995,73004.2,1033.888,33.878,0.086,0.086,0.058,7.696,96.15,5.486,10.11,0,5.498,5.502,NA,12
"5/24/2022 5:57:54 AM",2.101,29.353,50.821,79.994,73003.5,1033.887,33.878,0.101,0.101,0.102,7.696,96.046,5.48,9.94,0,5.492,5.496,NA,12
"5/24/2022 5:57:55 AM",2.006,29.353,50.816,79.987,72996.6,1033.882,33.874,0.148,0.148,0.102,7.697,96.096,5.483,10.025,0,5.495,5.499,NA,12
"5/24/2022 5:57:55 AM",1.863,29.353,50.813,79.983,72993.2,1033.88,33.872,0.148,0.148,0.204,7.699,96.161,5.487,10.025,0,5.499,5.503,NA,12
"5/24/2022 5:57:55 AM",1.776,29.352,50.811,79.98,72990.8,1033.878,33.87,0.101,0.101,0.102,7.699,96.052,5.481,9.685,0,5.493,5.496,NA,12
"5/24/2022 5:57:55 AM",1.681,29.352,50.806,79.973,72985,1033.874,33.867,0.101,0.101,0.116,7.692,96.213,5.49,9.516,0,5.503,5.506,NA,12
"5/24/2022 5:57:55 AM",1.583,29.352,50.802,79.966,72979.3,1033.87,33.864,0.101,0.101,0.16,7.686,96.206,5.49,9.77,0,5.502,5.506,NA,12
"5/24/2022 5:57:56 AM",1.491,29.353,50.799,79.964,72976.1,1033.868,33.861,0.14,0.14,0.146,7.687,96.177,5.488,10.365,0,5.501,5.504,NA,12
"5/24/2022 5:57:56 AM",1.377,29.352,50.796,79.958,72972.1,1033.865,33.859,0.148,0.148,0.102,7.688,96.122,5.486,11.64,0,5.498,5.502,NA,12
"5/24/2022 5:57:56 AM",1.292,29.352,50.792,79.953,72967.4,1033.862,33.857,0.094,0.094,0.058,7.688,96.248,5.493,11.725,0,5.505,5.509,NA,12
"5/24/2022 5:57:56 AM",1.225,29.352,50.789,79.95,72963.6,1033.859,33.854,0.125,0.125,0.087,7.689,96.205,5.491,11.385,0,5.503,5.507,NA,12
"5/24/2022 5:57:56 AM",1.182,29.352,50.785,79.944,72958.2,1033.856,33.851,0.109,0.109,0.087,7.688,96.191,5.49,10.62,0,5.502,5.506,NA,12
"5/24/2022 5:57:57 AM",1.139,29.352,50.781,79.937,72952.9,1033.853,33.848,0.101,0.101,0.087,7.689,96.343,5.499,10.195,0,5.511,5.515,NA,12
"5/24/2022 5:57:57 AM",1.116,29.352,50.779,79.935,72950.3,1033.851,33.846,0.094,0.094,0.058,7.69,96.273,5.495,10.28,0,5.507,5.511,NA,12
"5/24/2022 5:57:57 AM",1.093,29.352,50.774,79.929,72944.8,1033.847,33.843,0.086,0.086,0.087,7.69,96.263,5.495,10.365,0,5.507,5.51,NA,12
"5/24/2022 5:57:57 AM",1.069,29.352,50.771,79.925,72941.2,1033.845,33.841,0.078,0.078,0.058,7.69,96.331,5.499,10.705,0,5.511,5.514,NA,12
"5/24/2022 5:57:57 AM",0.996,29.352,50.767,79.919,72935.6,1033.841,33.837,0.094,0.094,0.073,7.69,96.115,5.486,12.064,0,5.499,5.502,NA,12
"5/24/2022 5:57:58 AM",0.941,29.352,50.764,79.915,72931.7,1033.839,33.835,0.117,0.117,0.131,7.691,96.232,5.494,12.744,0,5.506,5.509,NA,12
"5/24/2022 5:57:58 AM",0.897,29.352,50.761,79.911,72927.8,1033.836,33.832,0.14,0.14,0.073,7.692,96.25,5.495,12.999,0,5.507,5.51,NA,12
"5/24/2022 5:57:58 AM",0.862,29.352,50.756,79.904,72922.2,1033.833,33.829,0.117,0.117,0.073,7.692,96.242,5.494,12.914,0,5.507,5.51,NA,12
"5/24/2022 5:57:58 AM",0.805,29.352,50.737,79.878,72898,1033.818,33.814,0.094,0.094,0.073,7.693,96.291,5.498,12.234,0,5.51,5.514,NA,12
"5/24/2022 5:57:58 AM",0.713,29.351,50.731,79.868,72890.9,1033.813,33.81,0.086,0.086,0.044,7.694,96.321,5.5,11.47,0,5.512,5.515,NA,12
"5/24/2022 5:57:59 AM",0.661,29.351,50.728,79.863,72886.8,1033.811,33.808,0.086,0.086,0.058,7.695,96.258,5.497,11.385,0,5.509,5.512,NA,12
"5/24/2022 5:57:59 AM",0.623,29.35,50.727,79.861,72885.8,1033.81,33.807,0.094,0.094,0.029,7.698,96.313,5.499,11.64,0,5.512,5.515,NA,12
"5/24/2022 5:57:59 AM",0.579,29.35,50.722,79.855,72880.2,1033.807,33.804,0.094,0.094,0.087,7.699,96.297,5.499,11.894,0,5.512,5.515,NA,12
"5/24/2022 5:57:59 AM",0.477,29.349,50.722,79.853,72879.8,1033.806,33.804,0.086,0.086,0.087,7.7,96.32,5.5,11.894,0,5.513,5.516,NA,12
"5/24/2022 5:57:59 AM",0.369,29.349,50.72,79.849,72876.6,1033.804,33.802,0.101,0.101,0.131,7.699,96.206,5.494,13.169,0,5.506,5.51,NA,12
"5/24/2022 5:58:00 AM",0.246,29.349,50.715,79.843,72870.7,1033.8,33.799,0.094,0.094,0.087,7.7,96.359,5.503,15.463,0,5.516,5.519,NA,12
"5/24/2022 5:58:00 AM",0.122,29.349,50.716,79.844,72871.9,1033.8,33.799,0.086,0.086,0.073,7.701,96.339,5.502,15.718,0,5.514,5.518,NA,12
"5/24/2022 5:58:00 AM",0.03,29.349,50.721,79.85,72878,1033.803,33.803,0.078,0.078,0.073,7.702,96.331,5.501,14.783,0,5.514,5.517,NA,12
"5/24/2022 5:58:00 AM",0,29.349,50.729,79.862,72888.8,1033.81,33.81,0.125,0.125,0.131,7.702,96.255,5.497,12.999,0,5.509,5.513,NA,12
"5/24/2022 5:58:00 AM",0,29.348,50.728,79.86,72887.5,1033.809,33.809,0.101,0.101,0.116,7.701,96.318,5.501,12.829,0,5.513,5.516,NA,12
"5/24/2022 5:58:01 AM",0,29.348,50.728,79.859,72886.5,1033.808,33.809,0.086,0.086,0.102,7.703,96.378,5.504,13.764,0,5.516,5.52,NA,12
"5/24/2022 5:58:01 AM",0,29.349,50.726,79.857,72884.4,1033.806,33.807,0.094,0.094,0.116,7.704,96.262,5.498,20.305,0,5.51,5.514,NA,12
"5/24/2022 5:58:01 AM",0,29.348,50.698,79.818,72849.4,1033.785,33.786,0.086,0.086,0.131,7.704,96.364,5.504,22.684,0,5.517,5.52,NA,12
"5/24/2022 5:58:01 AM",0,29.348,50.697,79.817,72848.3,1033.784,33.785,0.101,0.101,0.248,7.704,96.232,5.497,23.364,0,5.509,5.513,NA,12
"5/24/2022 5:58:02 AM",0,29.349,50.695,79.815,72845.5,1033.782,33.784,0.101,0.101,0.393,7.705,96.373,5.505,23.534,0,5.517,5.521,NA,12
"5/24/2022 5:58:02 AM",0,29.349,50.695,79.816,72845.6,1033.782,33.784,0.593,0.593,0.553,7.706,96.157,5.493,23.704,0,5.505,5.509,NA,12
"5/24/2022 5:58:02 AM",0,29.348,50.692,79.81,72842.3,1033.78,33.782,0.484,0.484,0.699,7.705,96.157,5.493,23.364,0,5.505,5.509,NA,12
"5/24/2022 5:58:02 AM",0,29.348,50.689,79.806,72838.5,1033.778,33.78,0.538,0.538,0.641,7.705,96.254,5.499,23.704,0,5.511,5.515,NA,12
"5/24/2022 5:58:02 AM",0,29.348,50.689,79.806,72838.6,1033.778,33.78,0.398,0.398,0.597,7.706,96.224,5.498,24.553,0,5.51,5.513,NA,12
"5/24/2022 5:58:03 AM",0,29.348,50.691,79.807,72840.2,1033.779,33.781,0.25,0.25,0.364,7.706,96.204,5.497,25.998,0,5.509,5.513,NA,12
"5/24/2022 5:58:03 AM",0,29.347,50.688,79.803,72836.9,1033.777,33.779,0.14,0.14,0.233,7.706,96.173,5.496,27.017,0,5.508,5.512,NA,12
"5/24/2022 5:58:03 AM",0,29.348,25.977,44.183,40325.5,1015.191,15.193,3.971,3.971,11.086,7.706,96.237,6.3,27.187,0,6.318,6.318,NA,12
"5/24/2022 5:58:03 AM",0,29.336,1.381,2.914,2660.5,996.88,0,266.645,266.645,306.163,7.704,96.163,7.207,28.717,0,7.228,7.228,NA,12
"5/24/2022 5:58:03 AM",0,29.436,1.047,2.244,2044.2,996.601,0,286.95,286.95,649.549,7.702,96.277,7.23,31.01,0,7.251,7.251,NA,12
"5/24/2022 5:58:04 AM",0,29.789,0.879,1.914,1731.2,996.37,0,103.547,103.547,313.097,7.7,96.317,7.24,29.736,0,7.261,7.261,NA,12
"5/24/2022 5:58:04 AM",0,29.94,0.767,1.684,1519.2,996.24,0,86.612,86.612,124.464,7.7,96.315,7.244,32.71,0,7.265,7.265,NA,12
"5/24/2022 5:58:04 AM",0,29.727,0.648,1.427,1292.2,996.215,0,118.946,118.946,59.703,7.695,96.28,7.247,32.71,0,7.268,7.268,NA,12
"5/24/2022 5:58:04 AM",0,29.594,0.607,1.337,1214.7,996.225,0,506.05,506.05,440.399,7.694,96.266,7.248,36.023,0,7.269,7.269,NA,12
"5/24/2022 5:58:04 AM",0,29.421,0.562,1.238,1127.9,996.242,0,257.776,257.776,280.488,7.693,96.39,7.259,35.174,0,7.28,7.28,NA,12
"5/24/2022 5:58:05 AM",0,29.225,0.521,1.146,1048.1,996.269,0,115.599,115.599,106.029,7.693,96.379,7.26,34.579,0,7.281,7.281,NA,12
"5/24/2022 5:58:05 AM",0,29.308,0.474,1.048,957,996.21,0,144.251,144.251,84.648,7.693,96.314,7.257,32.115,0,7.278,7.278,NA,12
"5/24/2022 5:58:05 AM",0,29.57,0.451,1.005,912.9,996.115,0,61.166,61.166,91.153,7.693,96.41,7.266,36.703,0,7.287,7.287,NA,12
"5/24/2022 5:58:05 AM",0,29.722,0.438,0.978,885.9,996.059,0,195.518,195.518,66.093,7.693,96.437,7.268,35.428,0,7.289,7.289,NA,12
"5/24/2022 5:58:05 AM",0,29.545,0.441,0.981,891.8,996.114,0,57.374,57.374,23.86,7.691,96.323,7.259,34.069,0,7.28,7.28,NA,12
"5/24/2022 5:58:06 AM",0,29.29,0.441,0.977,893.2,996.191,0,45.751,45.751,36.328,7.689,96.325,7.26,30.246,0,7.281,7.281,NA,12
"5/24/2022 5:58:06 AM",0,29.099,0.428,0.947,868.2,996.237,0,12.122,12.122,6.189,7.683,96.351,7.263,29.226,0,7.284,7.284,NA,12
"5/24/2022 5:58:06 AM",0,28.824,0.423,0.93,857.8,996.314,0,7.918,7.918,2.376,7.677,96.443,7.271,27.442,0,7.291,7.292,NA,12
"5/24/2022 5:58:06 AM",0,28.473,0.412,0.901,837.4,996.408,0,8.152,8.152,1.748,7.665,96.476,7.273,28.886,0,7.294,7.294,NA,12
"5/24/2022 5:58:06 AM",0,28.665,0.397,0.872,806.9,996.341,0,4.197,4.197,0.816,7.651,96.354,7.265,28.122,0,7.286,7.286,NA,12
"5/24/2022 5:58:07 AM",0,29.116,0.359,0.797,730.8,996.18,0,21.811,21.811,2.667,7.632,96.369,7.269,30.756,0,7.29,7.29,NA,12
"5/24/2022 5:58:07 AM",0,29.215,0.336,0.75,686.5,996.134,0,8.37,8.37,0.728,7.619,96.314,7.266,35.004,0,7.287,7.287,NA,12
"5/24/2022 5:58:07 AM",0,29.153,0.32,0.714,654.3,996.14,0,13.222,13.222,5.15,7.609,96.448,7.277,39.337,0,7.298,7.298,NA,12
"5/24/2022 5:58:07 AM",0,28.957,0.307,0.683,628.6,996.188,0,31.921,31.921,5.384,7.597,96.307,7.267,39.252,0,7.288,7.289,NA,12
"5/24/2022 5:58:07 AM",0,28.803,0.298,0.662,611,996.227,0,17.653,17.653,9.119,7.587,96.495,7.282,34.239,0,7.303,7.304,NA,12
"5/24/2022 5:58:08 AM",0,28.668,0.29,0.641,593.5,996.259,0,18.511,18.511,4.376,7.575,96.359,7.273,28.037,0,7.294,7.294,NA,12
"5/24/2022 5:58:08 AM",0,28.639,0.282,0.625,578.5,996.262,0,11.888,11.888,8.503,7.57,96.355,7.273,25.913,0,7.294,7.294,NA,12
"5/24/2022 5:58:08 AM",0,28.628,0.277,0.614,569,996.262,0,166.351,166.351,51.007,7.562,96.439,7.28,28.971,0,7.301,7.301,NA,12
"5/24/2022 5:58:08 AM",0,28.578,0.269,0.595,551.3,996.27,0,47.382,47.382,15.295,7.553,96.516,7.286,27.187,0,7.307,7.307,NA,12
"5/24/2022 5:58:08 AM",0,28.375,0.268,0.59,549.1,996.328,0,14.587,14.587,5.721,7.543,96.48,7.283,24.978,0,7.304,7.305,NA,12
"5/24/2022 5:58:09 AM",0,28.297,0.269,0.593,552.9,996.351,0,4.953,4.953,2.74,7.535,96.508,7.286,24.299,0,7.307,7.307,NA,12
"5/24/2022 5:58:09 AM",0,28.246,0.269,0.591,551.6,996.366,0,1.342,1.342,0,7.522,96.495,7.285,20.73,0,7.306,7.306,NA,12
"5/24/2022 5:58:09 AM",0,28.198,0.267,0.588,549,996.378,0,0.53,0.53,0,7.508,96.566,7.291,20.56,0,7.312,7.312,NA,12
"5/24/2022 5:58:09 AM",0,28.19,0.266,0.585,546.7,996.38,0,0.491,0.491,0,7.494,96.647,7.297,21.75,0,7.318,7.318,NA,12
"5/24/2022 5:58:09 AM",0,28.138,0.27,0.592,553.6,996.397,0,0.296,0.296,0.306,7.474,96.528,7.287,24.723,0,7.308,7.309,NA,12
"5/24/2022 5:58:10 AM",0,28.075,0.276,0.605,566.7,996.42,0,0.343,0.343,0.408,7.461,96.461,7.282,27.527,0,7.303,7.303,NA,12
"5/24/2022 5:58:10 AM",0,28.009,0.276,0.604,566.8,996.439,0,0.382,0.382,0.379,7.449,96.573,7.291,27.952,0,7.312,7.312,NA,12
"5/24/2022 5:58:10 AM",0,27.985,0.265,0.581,545.2,996.437,0,0.343,0.343,0.51,7.438,96.562,7.29,24.129,0,7.311,7.311,NA,12
"5/24/2022 5:58:10 AM",0,28.012,0.254,0.558,522.9,996.422,0,0.289,0.289,0.32,7.427,96.592,7.292,19.286,0,7.313,7.313,NA,12
"5/24/2022 5:58:10 AM",0,28.051,0.248,0.544,509.4,996.405,0,0.14,0.14,0.451,7.411,96.475,7.284,17.927,0,7.305,7.305,NA,12
"5/24/2022 5:58:11 AM",0,28.035,0.242,0.531,497.8,996.406,0,0.148,0.148,0.655,7.4,96.632,7.296,18.946,0,7.317,7.317,NA,12
"5/24/2022 5:58:11 AM",0,28.036,0.238,0.523,490.6,996.403,0,0.187,0.187,0.918,7.39,96.597,7.294,21.325,0,7.315,7.315,NA,12
"5/24/2022 5:58:11 AM",0,28.044,0.235,0.516,483.2,996.398,0,0.25,0.25,4.639,7.377,96.512,7.287,22.175,0,7.308,7.308,NA,12
"5/24/2022 5:58:11 AM",0,28.074,0.229,0.503,471.1,996.385,0,0.686,0.686,7.946,7.361,96.609,7.295,25.233,0,7.316,7.316,NA,12
"5/24/2022 5:58:11 AM",0,28.082,0.227,0.498,466.8,996.381,0,1.03,1.03,6.335,7.352,96.617,7.295,24.978,0,7.316,7.316,NA,12
"5/24/2022 5:58:12 AM",0,28.604,1.408,2.926,2711.4,997.116,0,12.614,12.614,43.692,7.349,96.6,7.247,25.148,0,7.268,7.268,NA,12
"5/24/2022 5:58:12 AM",0,30.068,1.246,2.68,2411.5,996.559,0,5.055,5.055,17.051,7.418,96.602,7.253,25.913,0,7.274,7.275,NA,12
"5/24/2022 5:58:12 AM",0,30.551,1.311,2.839,2530.2,996.46,0,2.699,2.699,10.557,7.507,96.559,7.248,25.318,0,7.269,7.269,NA,12
"5/24/2022 5:58:12 AM",0,30.705,1.356,2.938,2610.4,996.446,0,1.981,1.981,8.445,7.594,96.548,7.245,24.638,0,7.266,7.266,NA,12
"5/24/2022 5:58:13 AM",0,30.731,1.231,2.683,2382.2,996.345,0,1.919,1.919,7.99,7.639,96.668,7.259,23.704,0,7.28,7.28,NA,12
"5/24/2022 6:02:49 AM",0,29.355,50.759,79.911,72924.5,1033.829,33.83,0.125,0.125,0.073,7.328,95.949,5.437,35.853,0,5.449,5.453,NA,12
"5/24/2022 6:02:49 AM",0,29.354,50.763,79.915,72929.6,1033.832,33.833,0.117,0.117,0.058,7.356,95.742,5.426,34.324,0,5.437,5.441,NA,12
"5/24/2022 6:02:49 AM",0,29.35,50.761,79.907,72927.8,1033.832,33.833,0.133,0.133,0.058,7.392,95.735,5.425,34.239,0,5.437,5.441,NA,12
"5/24/2022 6:02:49 AM",0,29.35,50.765,79.912,72932.2,1033.835,33.836,0.14,0.14,0.131,7.428,95.719,5.425,32.2,0,5.436,5.44,NA,12
"5/24/2022 6:02:50 AM",0,29.35,50.769,79.918,72937.2,1033.838,33.839,0.117,0.117,0.102,7.467,95.79,5.428,26.338,0,5.44,5.444,NA,12
"5/24/2022 6:02:50 AM",0,29.352,50.766,79.916,72933.6,1033.835,33.836,0.109,0.109,0.102,7.488,95.728,5.425,28.802,0,5.437,5.44,NA,12
"5/24/2022 6:02:50 AM",0,29.353,50.764,79.915,72930.8,1033.833,33.834,0.101,0.101,0.073,7.507,95.607,5.418,34.154,0,5.43,5.433,NA,12
"5/24/2022 6:02:50 AM",0,29.353,50.762,79.913,72929.2,1033.832,33.833,0.117,0.117,0.058,7.526,95.581,5.417,35.343,0,5.429,5.432,NA,12
"5/24/2022 6:02:50 AM",0,29.352,50.764,79.913,72931,1033.834,33.835,0.101,0.101,0.044,7.553,95.571,5.417,35.174,0,5.428,5.432,NA,12
"5/24/2022 6:02:51 AM",0,29.352,50.767,79.918,72935.3,1033.836,33.837,0.109,0.109,0.087,7.574,95.479,5.411,33.559,0,5.423,5.427,NA,12
"5/24/2022 6:02:51 AM",0,29.352,50.768,79.919,72936,1033.837,33.838,0.094,0.094,0.073,7.597,95.524,5.414,26.678,0,5.426,5.429,NA,12
"5/24/2022 6:02:51 AM",0,29.351,50.772,79.923,72941,1033.84,33.841,0.101,0.101,0.102,7.616,95.481,5.411,24.553,0,5.423,5.427,NA,12
"5/24/2022 6:02:51 AM",0,29.351,50.775,79.927,72944.6,1033.843,33.843,0.109,0.109,0.102,7.63,95.511,5.413,20.221,0,5.425,5.428,NA,12
"5/24/2022 6:02:51 AM",0.008,29.351,50.776,79.929,72946.6,1033.845,33.845,0.086,0.086,0.044,7.649,95.415,5.408,21.75,0,5.419,5.423,NA,12
"5/24/2022 6:02:52 AM",0.039,29.352,50.781,79.936,72952.1,1033.848,33.848,0.094,0.094,0.087,7.659,95.424,5.408,22.599,0,5.42,5.423,NA,12
"5/24/2022 6:02:52 AM",0.062,29.353,50.775,79.932,72945.2,1033.843,33.843,0.101,0.101,0.058,7.667,95.529,5.414,25.063,0,5.426,5.429,NA,12
"5/24/2022 6:02:52 AM",0.069,29.354,50.778,79.935,72948.3,1033.845,33.845,0.101,0.101,0.029,7.672,95.521,5.414,26.847,0,5.426,5.429,NA,12
"5/24/2022 6:02:52 AM",0.043,29.355,50.773,79.93,72941.8,1033.841,33.84,0.101,0.101,0.087,7.681,95.334,5.404,24.893,0,5.415,5.419,NA,12
"5/24/2022 6:02:52 AM",0,29.354,50.774,79.931,72943,1033.841,33.841,0.101,0.101,0.087,7.686,95.414,5.408,26.338,0,5.42,5.423,NA,12
"5/24/2022 6:02:53 AM",0,29.354,50.776,79.933,72946,1033.843,33.843,0.109,0.109,0.102,7.69,95.338,5.404,25.063,0,5.416,5.419,NA,12
"5/24/2022 6:02:53 AM",0,29.353,50.777,79.934,72947.8,1033.844,33.845,0.117,0.117,0.16,7.692,95.289,5.401,32.03,0,5.413,5.416,NA,12
"5/24/2022 6:02:53 AM",0,29.351,50.776,79.929,72946.1,1033.844,33.844,0.094,0.094,0.087,7.701,95.363,5.406,19.286,0,5.417,5.421,NA,12
"5/24/2022 6:02:53 AM",0.069,29.351,50.777,79.931,72948.2,1033.846,33.845,0.101,0.101,0.087,7.706,95.351,5.405,16.312,0,5.417,5.42,NA,12
"5/24/2022 6:02:53 AM",0.206,29.351,50.777,79.93,72948.4,1033.846,33.846,0.078,0.078,0,7.71,95.348,5.405,13.339,0,5.417,5.42,NA,12
"5/24/2022 6:02:54 AM",0.331,29.351,50.778,79.932,72949.1,1033.847,33.846,0.07,0.07,0,7.716,95.372,5.406,11.47,0,5.418,5.421,NA,12
"5/24/2022 6:02:54 AM",0.421,29.351,50.78,79.934,72951.8,1033.849,33.848,0.125,0.125,0.116,7.72,95.437,5.41,13.169,0,5.422,5.425,NA,12
"5/24/2022 6:02:54 AM",0.539,29.35,50.784,79.939,72956.7,1033.853,33.851,0.117,0.117,0.116,7.727,95.303,5.402,16.652,0,5.414,5.418,NA,12
"5/24/2022 6:02:54 AM",0.586,29.35,50.789,79.946,72963.6,1033.857,33.855,0.14,0.14,0.102,7.73,95.452,5.411,18.606,0,5.423,5.426,NA,12
"5/24/2022 6:02:54 AM",0.619,29.351,50.79,79.948,72963.8,1033.857,33.855,0.117,0.117,0.131,7.732,95.349,5.405,19.031,0,5.417,5.42,NA,12
"5/24/2022 6:02:55 AM",0.635,29.352,50.791,79.952,72965.9,1033.858,33.856,0.156,0.156,0.131,7.735,95.41,5.409,18.012,0,5.42,5.424,NA,12
"5/24/2022 6:02:55 AM",0.649,29.353,50.793,79.955,72967.5,1033.859,33.857,0.117,0.117,0.087,7.738,95.371,5.407,17.077,0,5.418,5.422,NA,12
"5/24/2022 6:02:55 AM",0.651,29.354,50.793,79.957,72967.2,1033.859,33.856,0.101,0.101,0.029,7.741,95.299,5.403,17.417,0,5.414,5.418,NA,12
"5/24/2022 6:02:55 AM",0.678,29.354,50.791,79.955,72965,1033.857,33.854,0.086,0.086,0.029,7.743,95.343,5.405,18.776,0,5.417,5.42,NA,12
"5/24/2022 6:02:55 AM",0.741,29.353,50.795,79.958,72970.5,1033.861,33.858,0.086,0.086,0.058,7.743,95.319,5.404,19.796,0,5.416,5.419,NA,12
"5/24/2022 6:02:56 AM",0.805,29.351,50.798,79.959,72973.8,1033.864,33.861,0.109,0.109,0.029,7.745,95.479,5.413,19.456,0,5.425,5.428,NA,12
"5/24/2022 6:02:56 AM",0.857,29.352,50.796,79.958,72971.8,1033.863,33.859,0.094,0.094,0.102,7.747,95.439,5.411,16.907,0,5.423,5.426,NA,12
"5/24/2022 6:02:56 AM",0.882,29.352,50.798,79.96,72974,1033.864,33.861,0.086,0.086,0.044,7.749,95.397,5.409,16.227,0,5.421,5.424,NA,12
"5/24/2022 6:02:56 AM",0.936,29.352,50.799,79.963,72975.9,1033.866,33.862,0.078,0.078,0.029,7.75,95.409,5.41,16.482,0,5.421,5.425,NA,12
"5/24/2022 6:02:56 AM",1,29.354,50.803,79.971,72980.7,1033.868,33.864,0.086,0.086,0.087,7.753,95.413,5.41,16.737,0,5.422,5.425,NA,12
"5/24/2022 6:02:57 AM",1.045,29.354,50.807,79.976,72984.6,1033.871,33.866,0.078,0.078,0.116,7.754,95.33,5.405,16.652,0,5.417,5.42,NA,12
"5/24/2022 6:02:57 AM",1.082,29.354,50.806,79.975,72984.4,1033.871,33.866,0.109,0.109,0.073,7.756,95.328,5.406,17.077,0,5.417,5.421,NA,12
"5/24/2022 6:02:57 AM",1.097,29.354,50.812,79.984,72991.9,1033.875,33.871,0.078,0.078,0.058,7.756,95.398,5.409,17.672,0,5.421,5.425,NA,12
"5/24/2022 6:02:57 AM",1.101,29.355,50.814,79.986,72993.5,1033.876,33.872,0.094,0.094,0.087,7.757,95.467,5.414,18.266,0,5.426,5.429,NA,12
"5/24/2022 6:02:57 AM",1.095,29.355,50.811,79.983,72989.7,1033.874,33.869,0.094,0.094,0.044,7.757,95.285,5.403,18.691,0,5.415,5.419,NA,12
"5/24/2022 6:02:58 AM",1.071,29.356,50.809,79.983,72987.6,1033.872,33.868,0.086,0.086,0.029,7.758,95.46,5.414,19.031,0,5.425,5.429,NA,12
"5/24/2022 6:02:58 AM",1.04,29.357,50.809,79.985,72987.8,1033.872,33.867,0.07,0.07,0.058,7.756,95.412,5.411,18.861,0,5.423,5.426,NA,12
"5/24/2022 6:02:58 AM",1.01,29.356,50.816,79.992,72996.1,1033.877,33.873,0.086,0.086,0.029,7.755,95.431,5.412,17.502,0,5.424,5.427,NA,12
"5/24/2022 6:02:58 AM",0.991,29.356,50.817,79.993,72997.6,1033.878,33.874,0.086,0.086,0.073,7.757,95.532,5.418,16.652,0,5.43,5.433,NA,12
"5/24/2022 6:02:58 AM",0.989,29.356,50.818,79.994,72998.1,1033.878,33.874,0.078,0.078,0.058,7.756,95.492,5.416,16.822,0,5.428,5.431,NA,12
"5/24/2022 6:02:59 AM",1.005,29.356,50.819,79.996,73000.2,1033.88,33.875,0.078,0.078,0.073,7.757,95.529,5.418,17.417,0,5.43,5.433,NA,12
"5/24/2022 6:02:59 AM",1.01,29.355,50.819,79.995,73000.1,1033.88,33.876,0.078,0.078,0.073,7.757,95.587,5.422,18.181,0,5.434,5.437,NA,12
"5/24/2022 6:02:59 AM",1.009,29.355,50.82,79.995,73001.1,1033.881,33.876,0.07,0.07,0.058,7.758,95.571,5.421,18.181,0,5.433,5.436,NA,12
"5/24/2022 6:02:59 AM",0.996,29.356,50.817,79.993,72996.8,1033.877,33.873,0.094,0.094,0.044,7.758,95.53,5.419,17.842,0,5.431,5.435,NA,12
"5/24/2022 6:03:00 AM",0.972,29.356,50.815,79.989,72994.6,1033.876,33.872,0.086,0.086,0.102,7.759,95.567,5.422,18.181,0,5.434,5.437,NA,12
"5/24/2022 6:03:00 AM",0.946,29.356,50.812,79.985,72991,1033.874,33.87,0.086,0.086,0.029,7.76,95.583,5.423,18.521,0,5.435,5.438,NA,12
"5/24/2022 6:03:00 AM",0.918,29.355,50.81,79.981,72988.5,1033.873,33.869,0.086,0.086,0.044,7.763,95.574,5.423,19.031,0,5.435,5.438,NA,12
"5/24/2022 6:03:00 AM",0.883,29.355,50.81,79.981,72988.2,1033.872,33.869,0.086,0.086,0.058,7.765,95.609,5.425,19.201,0,5.437,5.44,NA,12
"5/24/2022 6:03:00 AM",0.821,29.355,50.808,79.978,72985.8,1033.87,33.867,0.109,0.109,0.116,7.765,95.69,5.431,19.031,0,5.442,5.446,NA,12
"5/24/2022 6:03:01 AM",0.781,29.354,50.807,79.976,72985.1,1033.87,33.867,0.094,0.094,0.058,7.767,95.769,5.435,18.691,0,5.447,5.45,NA,12
"5/24/2022 6:03:01 AM",0.757,29.353,50.809,79.977,72987.2,1033.871,33.868,0.101,0.101,0.073,7.766,95.766,5.435,18.436,0,5.447,5.45,NA,12
"5/24/2022 6:03:01 AM",0.731,29.352,50.811,79.979,72990.3,1033.874,33.871,0.094,0.094,0.087,7.766,95.804,5.438,17.502,0,5.449,5.453,NA,12
"5/24/2022 6:03:01 AM",0.724,29.353,50.814,79.984,72993.9,1033.876,33.873,0.117,0.117,0.058,7.766,95.804,5.437,16.907,0,5.449,5.453,NA,12
"5/24/2022 6:03:01 AM",0.762,29.353,50.81,79.98,72989.4,1033.873,33.87,0.109,0.109,0.058,7.766,95.898,5.443,16.652,0,5.455,5.459,NA,12
"5/24/2022 6:03:02 AM",0.837,29.35,50.81,79.974,72988.8,1033.874,33.87,0.101,0.101,0.058,7.767,95.815,5.439,16.652,0,5.451,5.454,NA,12
"5/24/2022 6:03:02 AM",0.918,29.349,50.807,79.97,72985.7,1033.872,33.868,0.086,0.086,0.058,7.768,95.925,5.446,15.803,0,5.458,5.461,NA,12
"5/24/2022 6:03:02 AM",1.003,29.349,50.806,79.968,72984.5,1033.872,33.868,0.078,0.078,0.073,7.768,96.025,5.452,15.463,0,5.464,5.467,NA,12
"5/24/2022 6:03:02 AM",1.108,29.349,50.808,79.97,72987.6,1033.874,33.87,0.094,0.094,0.073,7.767,96.052,5.454,17.757,0,5.466,5.469,NA,12
"5/24/2022 6:03:02 AM",1.167,29.35,50.807,79.971,72985.9,1033.873,33.868,0.078,0.078,0.087,7.768,96.029,5.453,18.521,0,5.465,5.468,NA,12
"5/24/2022 6:03:03 AM",1.248,29.349,50.806,79.967,72984.1,1033.873,33.868,0.07,0.07,0.044,7.769,96.004,5.452,18.181,0,5.464,5.467,NA,12
"5/24/2022 6:03:03 AM",1.347,29.348,50.805,79.965,72983.7,1033.873,33.867,0.078,0.078,0.029,7.772,96.16,5.461,15.803,0,5.473,5.476,NA,12
"5/24/2022 6:03:03 AM",1.459,29.349,50.81,79.972,72989.3,1033.877,33.871,0.07,0.07,0.029,7.771,96.263,5.467,12.489,0,5.479,5.482,NA,12
"5/24/2022 6:03:03 AM",1.637,29.35,50.824,79.994,73007.5,1033.888,33.881,0.086,0.086,0.029,7.773,96.27,5.467,8.921,0,5.479,5.483,NA,12
"5/24/2022 6:03:03 AM",1.756,29.35,50.83,80.002,73015,1033.893,33.886,0.094,0.094,0.015,7.774,96.452,5.478,7.646,0,5.49,5.493,NA,12
"5/24/2022 6:03:04 AM",1.879,29.349,50.834,80.006,73020.3,1033.897,33.889,0.062,0.062,0,7.773,96.487,5.48,6.372,0,5.492,5.495,NA,12
"5/24/2022 6:03:04 AM",1.999,29.348,50.838,80.011,73024.9,1033.901,33.892,0.055,0.055,0,7.773,96.338,5.472,5.437,0,5.484,5.487,NA,12
"5/24/2022 6:03:04 AM",2.124,29.348,50.843,80.017,73031.2,1033.905,33.896,0.086,0.086,0.044,7.774,96.355,5.472,5.268,0,5.484,5.488,NA,12
"5/24/2022 6:03:04 AM",2.318,29.348,50.849,80.026,73039.6,1033.911,33.901,0.078,0.078,0.044,7.774,96.561,5.485,5.777,0,5.497,5.5,NA,12
"5/24/2022 6:03:04 AM",2.452,29.347,50.859,80.038,73050.9,1033.919,33.908,0.101,0.101,0.102,7.774,96.554,5.484,6.202,0,5.496,5.499,NA,12
"5/24/2022 6:03:05 AM",2.581,29.348,50.86,80.041,73052.2,1033.92,33.909,0.109,0.109,0.087,7.774,96.472,5.48,7.052,0,5.492,5.495,NA,12
"5/24/2022 6:03:05 AM",2.715,29.349,50.872,80.058,73067.2,1033.929,33.918,0.117,0.117,0.102,7.774,96.598,5.486,7.816,0,5.498,5.502,NA,12
"5/24/2022 6:03:05 AM",2.923,29.349,50.875,80.063,73071.7,1033.933,33.92,0.078,0.078,0.116,7.774,96.396,5.475,7.561,0,5.487,5.491,NA,12
"5/24/2022 6:03:05 AM",3.066,29.35,50.877,80.068,73074.4,1033.935,33.922,0.07,0.07,0.044,7.774,96.447,5.478,6.882,0,5.49,5.493,NA,12
"5/24/2022 6:03:05 AM",3.206,29.35,50.881,80.072,73078.5,1033.938,33.924,0.101,0.101,0.073,7.775,96.426,5.477,6.457,0,5.489,5.492,NA,12
"5/24/2022 6:03:06 AM",3.354,29.35,50.885,80.077,73083.9,1033.942,33.927,0.094,0.094,0.058,7.776,96.344,5.472,5.777,0,5.484,5.488,NA,12
"5/24/2022 6:03:06 AM",3.5,29.348,50.888,80.08,73087.9,1033.945,33.93,0.078,0.078,0,7.775,96.32,5.471,5.013,0,5.483,5.487,NA,12
"5/24/2022 6:03:06 AM",3.715,29.348,50.893,80.087,73094.8,1033.95,33.934,0.078,0.078,0.087,7.776,96.228,5.466,4.248,0,5.478,5.481,NA,12
"5/24/2022 6:03:06 AM",3.866,29.349,50.895,80.09,73096.5,1033.952,33.935,0.094,0.094,0.102,7.775,96.272,5.469,4.673,0,5.481,5.484,NA,12
"5/24/2022 6:03:06 AM",4.011,29.349,50.896,80.092,73098.7,1033.953,33.936,0.086,0.086,0.044,7.776,96.244,5.467,4.843,0,5.479,5.482,NA,12
"5/24/2022 6:03:07 AM",4.155,29.349,50.9,80.098,73103.3,1033.957,33.939,0.094,0.094,0.087,7.776,96.27,5.468,4.503,0,5.48,5.484,NA,12
"5/24/2022 6:03:07 AM",4.292,29.351,50.902,80.103,73106,1033.959,33.94,0.047,0.047,0,7.777,96.165,5.463,3.738,0,5.475,5.478,NA,12
"5/24/2022 6:03:07 AM",4.499,29.352,50.904,80.108,73108.1,1033.96,33.941,0.078,0.078,0.044,7.776,96.048,5.456,3.313,0,5.468,5.472,NA,12
"5/24/2022 6:03:07 AM",4.639,29.353,50.903,80.107,73106.7,1033.96,33.94,0.101,0.101,0.044,7.776,96.081,5.459,3.483,0,5.471,5.474,NA,12
"5/24/2022 6:03:07 AM",4.777,29.354,50.902,80.108,73105.3,1033.959,33.939,0.078,0.078,0.058,7.776,96.133,5.461,3.398,0,5.473,5.477,NA,12
"5/24/2022 6:03:08 AM",4.91,29.353,50.898,80.1,73100.3,1033.957,33.936,0.062,0.062,0,7.776,96.172,5.464,3.144,0,5.476,5.479,NA,12
"5/24/2022 6:03:08 AM",5.048,29.351,50.895,80.093,73096.7,1033.956,33.934,0.055,0.055,0,7.777,96.143,5.463,2.634,0,5.475,5.478,NA,12
"5/24/2022 6:03:08 AM",5.256,29.35,50.883,80.078,73083,1033.948,33.926,0.125,0.125,0.102,7.777,96.108,5.461,2.209,0,5.473,5.476,NA,12
"5/24/2022 6:03:08 AM",5.395,29.35,50.883,80.077,73082.6,1033.949,33.926,0.101,0.101,0.058,7.778,96.073,5.46,2.039,0,5.471,5.475,NA,12
"5/24/2022 6:03:08 AM",5.534,29.351,50.88,80.073,73078.8,1033.947,33.923,0.109,0.109,0.102,7.779,96.129,5.462,1.869,0,5.474,5.478,NA,12
"5/24/2022 6:03:09 AM",5.678,29.351,50.887,80.084,73087.3,1033.953,33.928,0.117,0.117,0.16,7.777,96.059,5.459,2.039,0,5.471,5.474,NA,12
"5/24/2022 6:03:09 AM",5.888,29.35,50.892,80.09,73093.8,1033.957,33.932,0.07,0.07,0.044,7.777,95.999,5.456,2.464,0,5.468,5.471,NA,12
"5/24/2022 6:03:09 AM",6.033,29.351,50.89,80.088,73091.8,1033.957,33.931,0.062,0.062,0,7.777,95.988,5.455,2.294,0,5.467,5.47,NA,12
"5/24/2022 6:03:09 AM",6.166,29.351,50.89,80.088,73091.6,1033.957,33.931,0.039,0.039,0.015,7.778,96.028,5.458,1.954,0,5.469,5.473,NA,12
"5/24/2022 6:03:09 AM",6.3,29.351,50.888,80.086,73089.6,1033.956,33.929,0.016,0.016,0,7.778,96.051,5.459,1.614,0,5.471,5.475,NA,12
"5/24/2022 6:03:10 AM",6.436,29.352,50.888,80.087,73089.5,1033.957,33.929,0.039,0.039,0,7.778,96.05,5.459,1.359,0,5.471,5.475,NA,12
"5/24/2022 6:03:10 AM",6.648,29.352,50.888,80.087,73088.5,1033.957,33.928,0.023,0.023,0,7.78,96.02,5.458,1.02,0,5.47,5.473,NA,12
"5/24/2022 6:03:10 AM",6.792,29.352,50.886,80.084,73086.6,1033.956,33.927,0.078,0.078,0.029,7.78,96.008,5.458,0.85,0,5.47,5.473,NA,12
"5/24/2022 6:03:10 AM",6.939,29.352,50.886,80.086,73087.2,1033.957,33.928,0.133,0.133,0.16,7.782,95.985,5.457,1.02,0,5.469,5.472,NA,12
"5/24/2022 6:03:11 AM",7.089,29.352,50.886,80.085,73087.4,1033.958,33.928,0.14,0.14,0.16,7.781,95.954,5.456,1.444,0,5.468,5.471,NA,12
"5/24/2022 6:03:11 AM",7.299,29.352,50.888,80.087,73089.7,1033.96,33.929,0.094,0.094,0.058,7.782,96.136,5.468,1.529,0,5.48,5.483,NA,12
"5/24/2022 6:03:11 AM",7.443,29.351,50.888,80.086,73089.3,1033.961,33.929,0.055,0.055,0.029,7.782,96.099,5.466,1.359,0,5.478,5.482,NA,12
"5/24/2022 6:03:11 AM",7.589,29.352,50.887,80.086,73088.4,1033.961,33.928,0.094,0.094,0,7.781,96.103,5.468,1.02,0,5.48,5.483,NA,12
"5/24/2022 6:03:11 AM",7.742,29.352,50.885,80.084,73086.5,1033.96,33.927,0.062,0.062,0,7.782,95.924,5.459,0.85,0,5.471,5.474,NA,12
"5/24/2022 6:03:12 AM",7.895,29.352,50.886,80.085,73087.3,1033.961,33.927,0.094,0.094,0.102,7.782,96.134,5.471,0.765,0,5.483,5.487,NA,12
"5/24/2022 6:03:12 AM",8.123,29.352,50.883,80.081,73083.8,1033.96,33.925,0.187,0.187,0.218,7.782,96.1,5.47,1.274,0,5.483,5.486,NA,12
"5/24/2022 6:03:12 AM",8.272,29.352,50.883,80.082,73084,1033.96,33.925,0.203,0.203,0.306,7.781,96.04,5.467,1.869,0,5.479,5.483,NA,12
"5/24/2022 6:03:12 AM",8.418,29.351,50.884,80.081,73085.3,1033.962,33.926,0.179,0.179,0.262,7.781,95.987,5.464,2.634,0,5.477,5.48,NA,12
"5/24/2022 6:03:12 AM",8.571,29.354,50.885,80.087,73085.8,1033.962,33.926,0.101,0.101,0.131,7.782,96.037,5.468,2.889,0,5.48,5.483,NA,12
"5/24/2022 6:03:13 AM",8.791,29.358,50.883,80.09,73083,1033.96,33.923,0.062,0.062,0.029,7.782,96.052,5.469,2.379,0,5.481,5.485,NA,12
"5/24/2022 6:03:13 AM",8.937,29.358,50.885,80.093,73085.2,1033.962,33.924,0.117,0.117,0.16,7.782,95.992,5.466,2.634,0,5.478,5.482,NA,12
"5/24/2022 6:03:13 AM",9.076,29.358,50.885,80.093,73086,1033.963,33.925,0.117,0.117,0.16,7.782,96.095,5.473,3.568,0,5.485,5.489,NA,12
"5/24/2022 6:03:13 AM",9.219,29.357,50.88,80.085,73080.3,1033.961,33.921,0.101,0.101,0.16,7.782,96.161,5.477,4.588,0,5.489,5.493,NA,12
"5/24/2022 6:03:13 AM",9.361,29.356,50.882,80.086,73083.1,1033.963,33.923,0.094,0.094,0.058,7.782,96.146,5.477,5.098,0,5.489,5.493,NA,12
"5/24/2022 6:03:14 AM",9.556,29.354,50.883,80.085,73083.6,1033.965,33.924,0.101,0.101,0.131,7.784,96.079,5.474,7.137,0,5.486,5.489,NA,12
"5/24/2022 6:03:14 AM",9.674,29.354,50.881,80.082,73082,1033.964,33.923,0.078,0.078,0.029,7.783,96.108,5.476,9.261,0,5.488,5.492,NA,12
"5/24/2022 6:03:14 AM",9.811,29.353,50.882,80.082,73082.8,1033.965,33.924,0.078,0.078,0.073,7.783,96.334,5.489,9.94,0,5.501,5.505,NA,12
"5/24/2022 6:03:14 AM",9.96,29.354,50.879,80.08,73078.9,1033.963,33.921,0.179,0.179,0.146,7.784,96.306,5.487,9.685,0,5.499,5.503,NA,12
"5/24/2022 6:03:14 AM",10.15,29.353,50.876,80.073,73075.8,1033.963,33.92,0.133,0.133,0.044,7.784,96.364,5.491,9.006,0,5.503,5.507,NA,12
"5/24/2022 6:03:15 AM",10.214,29.354,50.878,80.079,73078.4,1033.964,33.921,0.086,0.086,0.058,7.784,96.538,5.501,10.195,0,5.513,5.516,NA,12
"5/24/2022 6:03:15 AM",10.209,29.354,50.88,80.08,73080.6,1033.966,33.922,0.218,0.218,0.16,7.785,96.514,5.499,10.96,0,5.511,5.515,NA,12
"5/24/2022 6:03:15 AM",10.169,29.354,50.878,80.079,73078.6,1033.964,33.921,0.148,0.148,0.102,7.784,96.591,5.503,10.705,0,5.515,5.519,NA,12
"5/24/2022 6:03:15 AM",10.11,29.355,50.876,80.076,73075.2,1033.962,33.919,0.156,0.156,0.131,7.784,96.457,5.496,10.705,0,5.508,5.511,NA,12
"5/24/2022 6:03:15 AM",9.983,29.355,50.893,80.101,73097.2,1033.974,33.932,0.101,0.101,0.102,7.784,96.481,5.496,10.875,0,5.509,5.512,NA,12
"5/24/2022 6:03:16 AM",9.849,29.354,50.894,80.1,73098.5,1033.975,33.933,0.094,0.094,0.073,7.782,96.388,5.491,10.96,0,5.503,5.506,NA,12
"5/24/2022 6:03:16 AM",9.681,29.354,50.895,80.1,73098.9,1033.975,33.933,0.078,0.078,0.087,7.784,96.446,5.494,11.13,0,5.506,5.509,NA,12
"5/24/2022 6:03:16 AM",9.502,29.353,50.894,80.099,73098.3,1033.974,33.933,0.078,0.078,0.058,7.784,96.459,5.495,11.3,0,5.507,5.511,NA,12
"5/24/2022 6:03:16 AM",9.332,29.354,50.893,80.098,73097,1033.972,33.932,0.094,0.094,0.058,7.785,96.442,5.494,11.385,0,5.506,5.51,NA,12
"5/24/2022 6:03:16 AM",9.111,29.354,50.891,80.096,73094.4,1033.97,33.931,0.078,0.078,0.073,7.786,96.509,5.498,11.555,0,5.51,5.514,NA,12
"5/24/2022 6:03:17 AM",8.981,29.355,50.89,80.095,73092.7,1033.968,33.93,0.078,0.078,0.073,7.786,96.582,5.503,11.555,0,5.515,5.518,NA,12
"5/24/2022 6:03:17 AM",8.854,29.355,50.891,80.096,73093.7,1033.968,33.93,0.086,0.086,0.087,7.786,96.484,5.497,11.725,0,5.509,5.513,NA,12
"5/24/2022 6:03:17 AM",8.685,29.356,50.888,80.094,73090.1,1033.965,33.928,0.078,0.078,0.102,7.787,96.403,5.493,12.064,0,5.505,5.508,NA,12
"5/24/2022 6:03:17 AM",8.574,29.356,50.887,80.093,73088.3,1033.963,33.927,0.086,0.086,0.131,7.786,96.551,5.501,12.234,0,5.513,5.517,NA,12
"5/24/2022 6:03:17 AM",8.442,29.356,50.886,80.091,73087.5,1033.962,33.926,0.094,0.094,0.087,7.787,96.488,5.498,12.404,0,5.51,5.513,NA,12
"5/24/2022 6:03:18 AM",8.263,29.355,50.887,80.091,73088.6,1033.962,33.927,0.078,0.078,0.058,7.786,96.577,5.503,12.489,0,5.515,5.519,NA,12
"5/24/2022 6:03:18 AM",8.1,29.355,50.885,80.089,73085.9,1033.96,33.926,0.078,0.078,0.058,7.786,96.608,5.505,12.574,0,5.517,5.52,NA,12
"5/24/2022 6:03:18 AM",7.872,29.355,50.883,80.086,73083.5,1033.958,33.924,0.086,0.086,0.029,7.788,96.521,5.5,12.574,0,5.512,5.515,NA,12
"5/24/2022 6:03:18 AM",7.732,29.356,50.883,80.086,73083.3,1033.957,33.924,0.07,0.07,0.029,7.788,96.496,5.498,12.659,0,5.511,5.514,NA,12
"5/24/2022 6:03:18 AM",7.61,29.356,50.881,80.084,73080,1033.954,33.922,0.07,0.07,0.058,7.788,96.564,5.502,12.744,0,5.514,5.518,NA,12
"5/24/2022 6:03:19 AM",7.469,29.357,50.88,80.084,73079.1,1033.953,33.921,0.086,0.086,0.044,7.788,96.5,5.498,12.744,0,5.511,5.514,NA,12
"5/24/2022 6:03:19 AM",7.219,29.356,50.88,80.083,73079.2,1033.952,33.921,0.086,0.086,0.044,7.789,96.548,5.501,12.659,0,5.513,5.517,NA,12
"5/24/2022 6:03:19 AM",7.042,29.356,50.879,80.081,73078,1033.951,33.921,0.086,0.086,0.073,7.789,96.574,5.503,12.659,0,5.515,5.518,NA,12
"5/24/2022 6:03:19 AM",6.879,29.355,50.879,80.08,73077.3,1033.95,33.921,0.094,0.094,0.087,7.789,96.614,5.505,12.659,0,5.517,5.52,NA,12
"5/24/2022 6:03:20 AM",6.736,29.357,50.876,80.078,73074.2,1033.947,33.919,0.078,0.078,0.044,7.79,96.459,5.496,12.574,0,5.508,5.512,NA,12
"5/24/2022 6:03:20 AM",6.543,29.356,50.876,80.077,73073.2,1033.946,33.918,0.07,0.07,0.029,7.79,96.605,5.504,12.489,0,5.517,5.52,NA,12
"5/24/2022 6:03:20 AM",6.434,29.357,50.872,80.072,73068.7,1033.943,33.915,0.086,0.086,0.073,7.789,96.656,5.507,12.404,0,5.52,5.523,NA,12
"5/24/2022 6:03:20 AM",6.319,29.356,50.875,80.075,73072.1,1033.944,33.917,0.086,0.086,0.073,7.79,96.553,5.501,12.319,0,5.513,5.517,NA,12
"5/24/2022 6:03:20 AM",6.215,29.356,50.871,80.07,73067.6,1033.941,33.915,0.078,0.078,0.058,7.789,96.394,5.492,12.319,0,5.505,5.508,NA,12
"5/24/2022 6:03:21 AM",6.123,29.356,50.868,80.065,73063.9,1033.939,33.913,0.086,0.086,0.058,7.789,96.521,5.5,12.404,0,5.512,5.515,NA,12
"5/24/2022 6:03:21 AM",5.989,29.356,50.866,80.062,73060.6,1033.936,33.911,0.078,0.078,0.044,7.79,96.483,5.497,12.744,0,5.51,5.513,NA,12
"5/24/2022 6:03:21 AM",5.882,29.355,50.866,80.061,73061,1033.936,33.911,0.078,0.078,0.087,7.79,96.465,5.496,13.169,0,5.508,5.512,NA,12
"5/24/2022 6:03:21 AM",5.772,29.355,50.863,80.057,73057.4,1033.934,33.909,0.078,0.078,0.073,7.79,96.491,5.498,13.509,0,5.51,5.513,NA,12
"5/24/2022 6:03:21 AM",5.654,29.355,50.861,80.055,73054.7,1033.931,33.907,0.07,0.07,0.044,7.79,96.586,5.503,13.594,0,5.516,5.519,NA,12
"5/24/2022 6:03:22 AM",5.529,29.356,50.858,80.051,73050.2,1033.928,33.904,0.078,0.078,0.102,7.79,96.567,5.502,13.594,0,5.514,5.518,NA,12
"5/24/2022 6:03:22 AM",5.373,29.355,50.856,80.046,73047.9,1033.926,33.903,0.078,0.078,0.044,7.79,96.488,5.498,13.594,0,5.51,5.513,NA,12
"5/24/2022 6:03:22 AM",5.315,29.354,50.855,80.045,73047.5,1033.926,33.903,0.078,0.078,0.073,7.79,96.528,5.5,13.509,0,5.512,5.516,NA,12
"5/24/2022 6:03:22 AM",5.294,29.355,50.854,80.044,73045.6,1033.925,33.902,0.086,0.086,0.044,7.79,96.538,5.501,13.764,0,5.513,5.516,NA,12
"5/24/2022 6:03:22 AM",5.287,29.356,50.85,80.04,73040.9,1033.921,33.899,0.094,0.094,0.058,7.791,96.518,5.499,13.849,0,5.512,5.515,NA,12
"5/24/2022 6:03:23 AM",5.204,29.357,50.852,80.044,73042.8,1033.922,33.9,0.109,0.109,0.146,7.791,96.605,5.504,14.528,0,5.517,5.52,NA,12
"5/24/2022 6:03:23 AM",5.088,29.358,50.848,80.04,73037.9,1033.918,33.897,0.086,0.086,0.073,7.791,96.574,5.503,14.953,0,5.515,5.519,NA,12
"5/24/2022 6:03:23 AM",4.968,29.358,50.848,80.04,73037.7,1033.918,33.897,0.086,0.086,0.058,7.792,96.553,5.502,15.123,0,5.514,5.517,NA,12
"5/24/2022 6:03:23 AM",4.855,29.358,50.847,80.039,73036.4,1033.916,33.896,0.086,0.086,0.058,7.792,96.438,5.495,14.868,0,5.507,5.511,NA,12
"5/24/2022 6:03:23 AM",4.712,29.359,50.843,80.034,73031.6,1033.913,33.893,0.07,0.07,0.044,7.793,96.424,5.495,14.188,0,5.507,5.51,NA,12
"5/24/2022 6:03:24 AM",4.652,29.36,50.843,80.036,73031.6,1033.912,33.892,0.07,0.07,0.073,7.793,96.477,5.498,13.509,0,5.51,5.513,NA,12
"5/24/2022 6:03:24 AM",4.587,29.36,50.843,80.036,73031.7,1033.912,33.892,0.078,0.078,0.058,7.793,96.474,5.497,13.084,0,5.51,5.513,NA,12
"5/24/2022 6:03:24 AM",4.495,29.36,50.843,80.036,73031.1,1033.911,33.892,0.187,0.187,0.102,7.794,96.479,5.498,12.999,0,5.51,5.514,NA,12
"5/24/2022 6:03:24 AM",4.37,29.36,50.84,80.031,73027,1033.908,33.89,0.14,0.14,0.058,7.795,96.41,5.494,12.999,0,5.506,5.51,NA,12
"5/24/2022 6:03:24 AM",4.172,29.359,50.84,80.03,73027.6,1033.908,33.89,0.094,0.094,0.044,7.795,96.382,5.492,12.914,0,5.505,5.508,NA,12
"5/24/2022 6:03:25 AM",4.049,29.359,50.841,80.031,73028.2,1033.908,33.891,0.094,0.094,0.087,7.796,96.362,5.491,12.744,0,5.503,5.507,NA,12
"5/24/2022 6:03:25 AM",3.936,29.359,50.837,80.027,73023.5,1033.905,33.888,0.078,0.078,0.087,7.795,96.408,5.494,12.829,0,5.506,5.51,NA,12
"5/24/2022 6:03:25 AM",3.84,29.359,50.836,80.024,73021.5,1033.903,33.887,0.117,0.117,0.102,7.796,96.39,5.493,13.084,0,5.505,5.509,NA,12
"5/24/2022 6:03:25 AM",3.736,29.359,50.835,80.023,73020.4,1033.902,33.886,0.086,0.086,0.073,7.797,96.471,5.498,13.679,0,5.51,5.514,NA,12
"5/24/2022 6:03:25 AM",3.668,29.358,50.834,80.021,73019.8,1033.902,33.886,0.086,0.086,0.058,7.797,96.481,5.499,14.103,0,5.511,5.514,NA,12
"5/24/2022 6:03:26 AM",3.623,29.358,50.834,80.021,73019.4,1033.901,33.886,0.086,0.086,0.029,7.797,96.509,5.5,14.783,0,5.513,5.516,NA,12
"5/24/2022 6:03:26 AM",3.607,29.359,50.833,80.02,73018.3,1033.9,33.885,0.086,0.086,0.029,7.797,96.357,5.491,15.123,0,5.504,5.507,NA,12
"5/24/2022 6:03:26 AM",3.597,29.359,50.832,80.019,73017.2,1033.899,33.884,0.086,0.086,0.058,7.797,96.448,5.497,15.208,0,5.509,5.513,NA,12
"5/24/2022 6:03:26 AM",3.573,29.359,50.831,80.018,73015.3,1033.898,33.883,0.101,0.101,0.073,7.797,96.512,5.501,15.293,0,5.513,5.516,NA,12
"5/24/2022 6:03:26 AM",3.529,29.359,50.832,80.019,73016.6,1033.899,33.884,0.094,0.094,0.073,7.798,96.472,5.499,15.208,0,5.511,5.514,NA,12
"5/24/2022 6:03:27 AM",3.453,29.359,50.828,80.012,73011.4,1033.895,33.881,0.086,0.086,0.058,7.798,96.436,5.497,15.208,0,5.509,5.512,NA,12
"5/24/2022 6:03:27 AM",3.352,29.359,50.826,80.012,73009.9,1033.894,33.88,0.07,0.07,0.058,7.798,96.442,5.497,15.038,0,5.509,5.513,NA,12
"5/24/2022 6:03:27 AM",3.201,29.357,50.825,80.007,73008.7,1033.893,33.88,0.101,0.101,0.058,7.798,96.431,5.497,14.868,0,5.509,5.512,NA,12
"5/24/2022 6:03:27 AM",3.1,29.357,50.824,80.005,73006.4,1033.891,33.878,0.14,0.14,0.087,7.798,96.42,5.496,14.783,0,5.508,5.512,NA,12
"5/24/2022 6:03:27 AM",3.006,29.357,50.823,80.003,73005.2,1033.89,33.878,0.094,0.094,0.073,7.798,96.546,5.504,14.443,0,5.516,5.519,NA,12
"5/24/2022 6:03:28 AM",2.928,29.357,50.821,80.001,73003.1,1033.889,33.876,0.086,0.086,0.044,7.799,96.491,5.501,13.933,0,5.513,5.517,NA,12
"5/24/2022 6:03:28 AM",2.843,29.357,50.822,80.002,73004.7,1033.889,33.877,0.078,0.078,0.044,7.8,96.479,5.5,13.424,0,5.512,5.516,NA,12
"5/24/2022 6:03:28 AM",2.683,29.357,50.82,79.999,73001.5,1033.887,33.875,0.07,0.07,0.073,7.799,96.457,5.499,12.574,0,5.511,5.515,NA,12
"5/24/2022 6:03:28 AM",2.581,29.358,50.815,79.994,72995.6,1033.883,33.872,0.07,0.07,0.087,7.799,96.563,5.505,12.659,0,5.518,5.521,NA,12
"5/24/2022 6:03:28 AM",2.476,29.358,50.813,79.992,72993.3,1033.881,33.87,0.078,0.078,0.058,7.799,96.543,5.505,13.509,0,5.517,5.52,NA,12
"5/24/2022 6:03:29 AM",2.384,29.357,50.81,79.985,72989.7,1033.879,33.868,0.078,0.078,0.073,7.799,96.389,5.496,14.273,0,5.508,5.512,NA,12
"5/24/2022 6:03:29 AM",2.244,29.355,50.809,79.982,72988.4,1033.878,33.868,0.296,0.296,0.218,7.8,96.365,5.495,15.293,0,5.507,5.511,NA,12
"5/24/2022 6:03:29 AM",2.141,29.355,50.807,79.979,72986,1033.876,33.867,0.179,0.179,0.131,7.801,96.325,5.493,15.718,0,5.505,5.509,NA,12
"5/24/2022 6:03:29 AM",2.046,29.355,50.805,79.976,72982.9,1033.873,33.865,0.109,0.109,0.087,7.801,96.226,5.488,16.227,0,5.5,5.503,NA,12
"5/24/2022 6:03:30 AM",1.983,29.355,50.805,79.976,72983.2,1033.873,33.865,0.086,0.086,0.058,7.801,96.433,5.499,16.482,0,5.512,5.515,NA,12
"5/24/2022 6:03:30 AM",1.96,29.355,50.799,79.968,72976,1033.869,33.861,0.07,0.07,0.029,7.8,96.394,5.498,16.482,0,5.51,5.513,NA,12
"5/24/2022 6:03:30 AM",1.919,29.356,50.797,79.966,72973.3,1033.867,33.859,0.086,0.086,0.058,7.8,96.468,5.502,16.907,0,5.514,5.518,NA,12
"5/24/2022 6:03:30 AM",1.881,29.356,50.795,79.963,72970.5,1033.865,33.857,0.086,0.086,0.058,7.799,96.304,5.493,17.162,0,5.505,5.509,NA,12
"5/24/2022 6:03:30 AM",1.816,29.356,50.794,79.961,72969.3,1033.864,33.856,0.078,0.078,0.058,7.801,96.384,5.498,17.332,0,5.51,5.513,NA,12
"5/24/2022 6:03:31 AM",1.759,29.355,50.794,79.961,72969.2,1033.864,33.856,0.062,0.062,0.087,7.802,96.31,5.493,17.077,0,5.506,5.509,NA,12
"5/24/2022 6:03:31 AM",1.686,29.356,50.792,79.958,72966.3,1033.862,33.855,0.101,0.101,0.102,7.801,96.456,5.502,15.803,0,5.514,5.518,NA,12
"5/24/2022 6:03:31 AM",1.644,29.355,50.789,79.954,72963.3,1033.86,33.853,0.086,0.086,0.073,7.803,96.556,5.508,14.783,0,5.52,5.524,NA,12
"5/24/2022 6:03:31 AM",1.592,29.356,50.79,79.955,72963.6,1033.86,33.853,0.117,0.117,0.073,7.803,96.452,5.502,13.933,0,5.514,5.518,NA,12
"5/24/2022 6:03:31 AM",1.549,29.355,50.787,79.951,72961,1033.858,33.852,0.101,0.101,0.044,7.802,96.344,5.496,13.254,0,5.509,5.512,NA,12
"5/24/2022 6:03:32 AM",1.502,29.355,50.785,79.948,72957.4,1033.856,33.849,0.086,0.086,0.044,7.801,96.438,5.502,12.999,0,5.514,5.517,NA,12
"5/24/2022 6:03:32 AM",1.424,29.355,50.783,79.946,72955.9,1033.854,33.848,0.117,0.117,0.073,7.802,96.306,5.495,14.698,0,5.507,5.51,NA,12
"5/24/2022 6:03:32 AM",1.371,29.356,50.782,79.945,72953.5,1033.853,33.847,0.094,0.094,0.073,7.802,96.454,5.503,15.378,0,5.516,5.519,NA,12
"5/24/2022 6:03:32 AM",1.345,29.355,50.78,79.941,72951.6,1033.852,33.846,0.07,0.07,0.058,7.803,96.342,5.497,14.698,0,5.509,5.513,NA,12
"5/24/2022 6:03:32 AM",1.321,29.355,50.776,79.935,72946.5,1033.849,33.843,0.078,0.078,0.058,7.803,96.263,5.493,14.273,0,5.505,5.509,NA,12
"5/24/2022 6:03:33 AM",1.305,29.353,50.774,79.931,72944.5,1033.848,33.842,0.117,0.117,0.102,7.802,96.305,5.495,14.528,0,5.508,5.511,NA,12
"5/24/2022 6:03:33 AM",1.262,29.352,50.776,79.931,72946.4,1033.849,33.844,0.101,0.101,0.073,7.803,96.338,5.498,15.463,0,5.51,5.513,NA,12
"5/24/2022 6:03:33 AM",1.205,29.352,50.772,79.925,72941.4,1033.846,33.841,0.078,0.078,0.058,7.804,96.392,5.501,16.057,0,5.513,5.517,NA,12
"5/24/2022 6:03:33 AM",1.135,29.351,50.772,79.924,72942,1033.846,33.841,0.125,0.125,0.058,7.805,96.271,5.494,16.227,0,5.506,5.51,NA,12
"5/24/2022 6:03:33 AM",1.087,29.351,50.769,79.919,72938.2,1033.844,33.839,0.07,0.07,0.044,7.807,96.428,5.504,15.633,0,5.516,5.519,NA,12
"5/24/2022 6:03:34 AM",1.041,29.35,50.768,79.917,72937.3,1033.843,33.839,0.125,0.125,0.146,7.806,96.472,5.506,15.463,0,5.519,5.522,NA,12
"5/24/2022 6:03:34 AM",1.05,29.349,50.765,79.912,72933.6,1033.841,33.837,0.172,0.172,0.233,7.807,96.359,5.5,15.293,0,5.512,5.516,NA,12
"5/24/2022 6:03:34 AM",1.073,29.349,50.765,79.91,72933.1,1033.841,33.837,0.125,0.125,0.131,7.806,96.549,5.511,14.868,0,5.523,5.527,NA,12
"5/24/2022 6:03:34 AM",1.078,29.346,50.762,79.904,72930.5,1033.84,33.836,0.086,0.086,0.058,7.805,96.35,5.5,15.293,0,5.512,5.516,NA,12
"5/24/2022 6:03:34 AM",1.036,29.344,50.763,79.902,72931.1,1033.841,33.837,0.257,0.257,0.16,7.806,96.43,5.505,16.057,0,5.517,5.52,NA,12
"5/24/2022 6:03:35 AM",0.968,29.345,50.762,79.901,72930.5,1033.84,33.836,0.156,0.156,0.058,7.807,96.369,5.501,16.822,0,5.514,5.517,NA,12
"5/24/2022 6:03:35 AM",0.89,29.345,50.759,79.899,72927,1033.838,33.834,0.094,0.094,0.044,7.807,96.52,5.51,16.992,0,5.522,5.526,NA,12
"5/24/2022 6:03:35 AM",0.828,29.346,50.757,79.897,72924.3,1033.835,33.832,0.078,0.078,0.029,7.807,96.426,5.505,16.567,0,5.517,5.521,NA,12
"5/24/2022 6:03:35 AM",0.779,29.346,50.756,79.895,72922.3,1033.834,33.831,0.086,0.086,0.073,7.807,96.344,5.501,16.652,0,5.513,5.516,NA,12
"5/24/2022 6:03:35 AM",0.727,29.346,50.731,79.862,72891.9,1033.815,33.812,0.078,0.078,0.044,7.808,96.354,5.502,16.992,0,5.514,5.518,NA,12
"5/24/2022 6:03:36 AM",0.666,29.346,50.75,79.887,72914.5,1033.829,33.826,0.086,0.086,0.058,7.808,96.403,5.505,16.822,0,5.517,5.52,NA,12
"5/24/2022 6:03:36 AM",0.609,29.346,50.748,79.884,72912.7,1033.828,33.825,0.094,0.094,0.073,7.808,96.449,5.507,16.737,0,5.52,5.523,NA,12
"5/24/2022 6:03:36 AM",0.558,29.345,50.745,79.879,72909.1,1033.825,33.823,0.078,0.078,0.058,7.808,96.34,5.501,16.737,0,5.514,5.517,NA,12
"5/24/2022 6:03:36 AM",0.527,29.345,50.741,79.874,72904.2,1033.822,33.82,0.078,0.078,0.029,7.809,96.387,5.505,16.482,0,5.517,5.52,NA,12
"5/24/2022 6:03:36 AM",0.52,29.345,50.74,79.872,72902.7,1033.821,33.819,0.078,0.078,0.029,7.808,96.376,5.504,17.757,0,5.517,5.52,NA,12
"5/24/2022 6:03:37 AM",0.51,29.346,50.739,79.871,72901.2,1033.82,33.818,0.07,0.07,0.029,7.808,96.469,5.51,19.371,0,5.522,5.525,NA,12
"5/24/2022 6:03:37 AM",0.482,29.346,50.736,79.867,72897.7,1033.818,33.816,0.086,0.086,0.102,7.808,96.468,5.509,19.031,0,5.522,5.525,NA,12
"5/24/2022 6:03:37 AM",0.397,29.346,50.736,79.867,72897.2,1033.817,33.816,0.078,0.078,0.073,7.81,96.373,5.504,16.822,0,5.516,5.52,NA,12
"5/24/2022 6:03:37 AM",0.336,29.347,50.734,79.867,72895.2,1033.816,33.814,0.257,0.257,0.189,7.81,96.462,5.51,17.927,0,5.522,5.526,NA,12
"5/24/2022 6:03:37 AM",0.284,29.349,50.731,79.865,72891.4,1033.813,33.811,0.14,0.14,0.116,7.81,96.473,5.511,20.305,0,5.523,5.526,NA,12
"5/24/2022 6:03:38 AM",0.265,29.35,50.726,79.858,72884.1,1033.808,33.807,0.109,0.109,0.073,7.81,96.506,5.513,20.475,0,5.525,5.528,NA,12
"5/24/2022 6:03:38 AM",0.284,29.351,50.72,79.853,72876.9,1033.803,33.802,0.086,0.086,0.102,7.81,96.487,5.512,18.606,0,5.524,5.528,NA,12
"5/24/2022 6:03:38 AM",0.317,29.352,50.717,79.849,72872.7,1033.801,33.799,0.109,0.109,0.131,7.81,96.532,5.515,18.012,0,5.527,5.531,NA,12
"5/24/2022 6:03:38 AM",0.32,29.352,50.714,79.845,72868.8,1033.798,33.797,0.101,0.101,0.087,7.81,96.38,5.506,17.842,0,5.518,5.522,NA,12
"5/24/2022 6:03:38 AM",0.306,29.353,50.715,79.849,72870.6,1033.799,33.798,0.125,0.125,0.073,7.811,96.306,5.502,18.606,0,5.514,5.518,NA,12
"5/24/2022 6:03:39 AM",0.277,29.353,50.711,79.843,72865,1033.795,33.794,0.109,0.109,0.087,7.81,96.32,5.503,19.626,0,5.515,5.519,NA,12
"5/24/2022 6:03:39 AM",0.228,29.353,50.705,79.835,72858.2,1033.791,33.79,0.094,0.094,0.058,7.812,96.312,5.503,19.286,0,5.515,5.519,NA,12
"5/24/2022 6:03:39 AM",0.188,29.353,50.688,79.812,72836.6,1033.778,33.777,0.133,0.133,0.116,7.812,96.376,5.507,19.881,0,5.52,5.523,NA,12
"5/24/2022 6:03:39 AM",0.152,29.354,50.686,79.81,72833.7,1033.776,33.775,0.101,0.101,0.087,7.811,96.39,5.509,20.73,0,5.521,5.524,NA,12
"5/24/2022 6:03:40 AM",0.115,29.353,50.682,79.805,72829.8,1033.773,33.773,0.109,0.109,0.087,7.811,96.395,5.509,23.619,0,5.521,5.525,NA,12
"5/24/2022 6:03:40 AM",0.06,29.355,50.68,79.804,72826.4,1033.77,33.77,0.101,0.101,0.044,7.811,96.393,5.509,23.109,0,5.522,5.525,NA,12
"5/24/2022 6:03:40 AM",0.063,29.354,50.679,79.801,72825.5,1033.77,33.77,0.086,0.086,0.058,7.81,96.331,5.506,23.619,0,5.518,5.521,NA,12
"5/24/2022 6:03:40 AM",0.067,29.353,50.677,79.797,72823.4,1033.769,33.769,0.078,0.078,0,7.811,96.269,5.503,23.534,0,5.515,5.518,NA,12
"5/24/2022 6:03:40 AM",0.032,29.353,50.677,79.796,72823.1,1033.769,33.769,0.078,0.078,0.029,7.81,96.321,5.506,23.704,0,5.518,5.521,NA,12
"5/24/2022 6:03:41 AM",0,29.353,50.674,79.792,72818.7,1033.766,33.766,0.094,0.094,0,7.809,96.36,5.508,25.403,0,5.52,5.523,NA,12
"5/24/2022 6:03:41 AM",0,29.353,50.672,79.791,72817.1,1033.764,33.765,0.078,0.078,0.073,7.811,96.43,5.512,36.278,0,5.525,5.528,NA,12
"5/24/2022 6:03:41 AM",0,29.354,50.669,79.788,72813.1,1033.761,33.762,0.062,0.062,0.015,7.812,96.384,5.51,38.232,0,5.522,5.525,NA,12
"5/24/2022 6:03:41 AM",0,29.354,50.67,79.789,72814.5,1033.762,33.763,0.055,0.055,0,7.813,96.42,5.512,42.055,0,5.524,5.528,NA,12
"5/24/2022 6:03:41 AM",0,29.355,50.668,79.787,72811.4,1033.76,33.761,0.086,0.086,0.044,7.812,96.378,5.509,43.67,0,5.522,5.525,NA,12
"5/24/2022 6:03:42 AM",0,29.355,50.667,79.786,72810,1033.759,33.76,0.086,0.086,0.102,7.811,96.417,5.512,44.859,0,5.524,5.528,NA,12
"5/24/2022 6:03:42 AM",0,29.354,50.668,79.786,72811.1,1033.76,33.761,0.07,0.07,0.058,7.81,96.382,5.51,46.558,0,5.522,5.526,NA,12
"5/24/2022 6:03:42 AM",0,29.355,50.668,79.787,72811.1,1033.76,33.761,0.101,0.101,0.277,7.811,96.372,5.509,42.82,0,5.522,5.525,NA,12
"5/24/2022 6:03:42 AM",0,29.355,50.669,79.788,72812.3,1033.761,33.762,0.117,0.117,0.204,7.811,96.417,5.512,38.487,0,5.524,5.528,NA,12
"5/24/2022 6:03:42 AM",0,29.355,50.667,79.786,72810.4,1033.759,33.761,0.094,0.094,0.116,7.811,96.477,5.515,31.265,0,5.528,5.531,NA,12
"5/24/2022 6:03:43 AM",0,29.354,50.669,79.788,72813.1,1033.761,33.762,0.273,0.273,0.277,7.813,96.263,5.503,34.239,0,5.516,5.519,NA,12
"5/24/2022 6:03:43 AM",0,29.354,49.72,78.49,71628.5,1033.041,33.043,0.53,0.53,2.098,7.813,96.255,5.532,35.428,0,5.544,5.548,NA,12
"5/24/2022 6:03:43 AM",0,29.354,48.566,76.904,70181.4,1032.167,32.169,0.959,0.959,12.042,7.814,96.313,5.57,38.232,0,5.583,5.586,NA,12
"5/24/2022 6:03:43 AM",0,29.353,4.761,9.322,8506.9,999.395,0,142.457,142.457,232.901,7.813,96.174,7.078,38.742,0,7.099,7.098,NA,12
"5/24/2022 6:03:43 AM",0,29.346,1.506,3.163,2887,996.971,0,176.351,176.351,167.04,7.813,96.154,7.206,40.356,0,7.227,7.227,NA,12
"5/24/2022 6:03:44 AM",0,29.243,1.083,2.308,2111.3,996.685,0,70.472,70.472,54.314,7.814,96.211,7.229,41.631,0,7.249,7.25,NA,12
"5/24/2022 6:03:44 AM",0,29.053,0.882,1.892,1737.3,996.591,0,46.508,46.508,30.392,7.815,96.148,7.234,42.735,0,7.255,7.255,NA,12
"5/24/2022 6:03:44 AM",0,28.883,0.767,1.651,1520.8,996.555,0,67.344,67.344,26.742,7.813,96.318,7.252,44.264,0,7.273,7.273,NA,12
"5/24/2022 6:03:44 AM",0,28.716,0.891,1.897,1753.9,996.696,0,30.267,30.267,26.698,7.811,96.323,7.248,46.728,0,7.268,7.269,NA,12
"5/24/2022 6:03:44 AM",0,28.521,0.801,1.709,1586.3,996.686,0,79.232,79.232,65.955,7.81,96.372,7.255,50.042,0,7.276,7.276,NA,12
"5/24/2022 6:03:45 AM",0,28.469,0.718,1.538,1428.6,996.639,0,154.728,154.728,92.463,7.809,96.325,7.255,53.355,0,7.276,7.276,NA,12
"5/24/2022 6:03:45 AM",0,28.435,1.397,2.895,2691.3,997.157,0,181.11,181.11,62.619,7.809,96.238,7.222,51.316,0,7.243,7.243,NA,12
"5/24/2022 6:03:45 AM",0,28.472,1.108,2.325,2159.5,996.93,0,342.297,342.297,151.894,7.81,96.304,7.239,49.872,0,7.26,7.26,NA,12
"5/24/2022 6:03:45 AM",0,28.477,0.781,1.666,1547.5,996.683,0,225.98,225.98,89.547,7.807,96.331,7.253,48.257,0,7.274,7.274,NA,12
"5/24/2022 6:03:45 AM",0,28.444,0.683,1.464,1361.2,996.619,0,73.109,73.109,24.261,7.807,96.374,7.26,45.709,0,7.281,7.281,NA,12
"5/24/2022 6:03:46 AM",0,28.395,0.626,1.345,1251.9,996.591,0,43.357,43.357,8.533,7.806,96.393,7.264,45.709,0,7.285,7.285,NA,12
"5/24/2022 6:03:46 AM",0,28.331,0.574,1.237,1152.4,996.571,0,23.589,23.589,8.635,7.805,96.417,7.268,44.519,0,7.289,7.289,NA,12
"5/24/2022 6:03:46 AM",0,28.309,0.536,1.156,1077.9,996.548,0,143.253,143.253,48.872,7.804,96.483,7.274,46.388,0,7.295,7.295,NA,12
"5/24/2022 6:03:46 AM",0,28.282,0.529,1.142,1064.7,996.55,0,139.282,139.282,69.053,7.802,96.337,7.263,47.153,0,7.284,7.284,NA,12
"5/24/2022 6:03:46 AM",0,28.274,0.494,1.068,996.3,996.526,0,53.139,53.139,33.32,7.8,96.32,7.264,48.937,0,7.285,7.285,NA,12
"5/24/2022 6:03:47 AM",0,28.265,0.47,1.019,950.8,996.511,0,27.482,27.482,29.423,7.799,96.302,7.263,48.342,0,7.284,7.284,NA,12
"5/24/2022 6:03:47 AM",0,28.219,0.448,0.973,908.3,996.508,0,43.24,43.24,14.75,7.797,96.369,7.269,47.493,0,7.29,7.29,NA,12
"5/24/2022 6:03:47 AM",0,28.114,0.443,0.959,897.2,996.534,0,30.517,30.517,6.687,7.794,96.429,7.273,46.048,0,7.294,7.295,NA,12
"5/24/2022 6:03:47 AM",0,27.936,0.418,0.904,849.5,996.567,0,112.643,112.643,20.036,7.791,96.359,7.269,43.075,0,7.29,7.29,NA,12
"5/24/2022 6:03:47 AM",0,27.922,0.402,0.87,817.5,996.558,0,198.974,198.974,35.789,7.789,96.353,7.27,39.506,0,7.291,7.291,NA,12
"5/24/2022 6:03:48 AM",0,27.882,0.401,0.867,814.9,996.568,0,56.54,56.54,8.855,7.786,96.403,7.273,41.461,0,7.294,7.294,NA,12
"5/24/2022 6:03:48 AM",0,27.823,0.381,0.824,775.6,996.57,0,17.193,17.193,2.769,7.783,96.379,7.272,40.611,0,7.293,7.294,NA,12
"5/24/2022 6:03:48 AM",0,27.834,0.37,0.801,754.3,996.559,0,4.392,4.392,1.034,7.779,96.483,7.281,43.924,0,7.302,7.302,NA,12
"5/24/2022 6:03:48 AM",0,27.864,0.36,0.781,735,996.543,0,3.705,3.705,0.466,7.776,96.318,7.269,44.264,0,7.29,7.29,NA,12
"5/24/2022 6:03:48 AM",0,27.826,0.356,0.771,726.2,996.551,0,3.05,3.05,0.466,7.775,96.432,7.277,49.022,0,7.298,7.298,NA,12
"5/24/2022 6:03:49 AM",0,27.755,0.346,0.749,705.7,996.563,0,4.68,4.68,0.437,7.77,96.475,7.281,49.957,0,7.302,7.302,NA,12
"5/24/2022 6:03:49 AM",0,27.682,0.343,0.743,701.2,996.582,0,7.926,7.926,0.743,7.767,96.304,7.268,50.721,0,7.289,7.29,NA,12
"5/24/2022 6:03:49 AM",0,27.641,0.366,0.79,746.8,996.611,0,5.32,5.32,0.961,7.762,96.423,7.277,48.852,0,7.298,7.298,NA,12
"5/24/2022 6:03:49 AM",0,27.581,0.369,0.796,753.4,996.63,0,2.075,2.075,0.481,7.761,96.34,7.271,43.585,0,7.292,7.292,NA,12
"5/24/2022 6:03:50 AM",0,27.524,0.402,0.863,817.7,996.67,0,4.587,4.587,8.239,7.759,96.329,7.269,43.415,0,7.29,7.291,NA,12
"5/24/2022 6:03:50 AM",0,27.479,0.384,0.826,782.9,996.67,0,8.035,8.035,9.75,7.752,96.416,7.277,53.695,0,7.298,7.298,NA,12
"5/24/2022 6:03:50 AM",0,27.449,0.387,0.83,787.5,996.68,0,9.205,9.205,9.618,7.743,96.427,7.278,52.76,0,7.299,7.299,NA,12
"5/24/2022 6:03:50 AM",0,27.468,0.387,0.831,788.2,996.675,0,3.276,3.276,3.018,7.737,96.421,7.277,45.369,0,7.298,7.299,NA,12
"5/24/2022 6:03:50 AM",0,27.47,0.387,0.831,788.5,996.674,0,1.942,1.942,2.842,7.731,96.405,7.276,38.742,0,7.297,7.297,NA,12
"5/24/2022 6:03:51 AM",0,27.444,0.364,0.782,742.6,996.664,0,2.988,2.988,2.74,7.725,96.405,7.277,37.043,0,7.298,7.298,NA,12
"5/24/2022 6:03:51 AM",0,27.423,0.461,0.983,933.6,996.743,0,1.537,1.537,0.364,7.718,96.451,7.277,40.611,0,7.298,7.298,NA,12
"5/24/2022 6:03:51 AM",0,27.308,0.589,1.242,1181.8,996.871,0,0.499,0.499,0.262,7.701,96.444,7.272,39.422,0,7.293,7.293,NA,12
"5/24/2022 6:03:51 AM",0,27.246,0.664,1.393,1327.6,996.945,0,0.359,0.359,0.626,7.688,96.497,7.273,41.376,0,7.294,7.294,NA,12
"5/24/2022 6:03:51 AM",0,27.289,0.538,1.138,1083.6,996.838,0,0.195,0.195,0.684,7.678,96.403,7.272,52.845,0,7.293,7.293,NA,12
"5/24/2022 6:03:52 AM",0,27.354,0.515,1.092,1038.5,996.803,0,0.242,0.242,0.481,7.668,96.48,7.278,58.113,0,7.299,7.299,NA,12
"5/24/2022 6:03:52 AM",0,27.474,0.402,0.863,818.5,996.685,0,0.086,0.086,0.393,7.659,96.381,7.276,58.368,0,7.297,7.297,NA,12
"5/24/2022 6:03:52 AM",0,27.552,0.348,0.752,711.7,996.622,0,0.172,0.172,0.699,7.651,96.423,7.281,55.734,0,7.302,7.302,NA,12
"5/24/2022 6:03:52 AM",0,27.607,0.331,0.716,676.9,996.594,0,0.234,0.234,3.018,7.644,96.409,7.281,52.166,0,7.302,7.302,NA,12
"5/24/2022 6:03:52 AM",0,27.648,0.332,0.719,679.1,996.583,0,0.608,0.608,4.77,7.636,96.446,7.284,49.277,0,7.305,7.305,NA,12
"5/24/2022 6:03:53 AM",0,27.678,0.313,0.678,640.6,996.56,0,1.443,1.443,3.309,7.629,96.41,7.282,47.663,0,7.303,7.303,NA,12
"5/24/2022 6:03:53 AM",0,27.973,0.732,1.55,1454.9,996.791,0,12.637,12.637,55.743,7.627,96.44,7.267,45.963,0,7.288,7.289,NA,12
"5/24/2022 6:03:53 AM",0,29.751,2.218,4.594,4159.5,997.381,0,6.061,6.061,22.421,7.689,96.298,7.197,44.009,0,7.218,7.218,NA,12
"5/24/2022 6:03:53 AM",0,30.275,2.341,4.883,4375,997.313,0,2.972,2.972,13.395,7.764,96.444,7.204,42.99,0,7.225,7.225,NA,12
"5/24/2022 6:03:53 AM",0,30.395,2.491,5.188,4637.5,997.388,0,2.098,2.098,10.088,7.816,96.424,7.196,43.075,0,7.217,7.217,NA,12
"5/24/2022 6:03:54 AM",0,30.428,1.954,4.13,3689.1,996.977,0,1.872,1.872,8.606,7.876,96.333,7.211,41.376,0,7.232,7.232,NA,12
"5/24/2022 6:03:54 AM",0,30.435,1.76,3.743,3343.3,996.831,0,1.833,1.833,8.43,7.91,96.368,7.222,41.291,0,7.243,7.243,NA,12
"5/24/2022 6:03:54 AM",0,30.44,1.852,3.927,3507.3,996.897,0,1.849,1.849,8.474,7.935,96.298,7.213,42.31,0,7.234,7.234,NA,12
"5/24/2022 6:07:54 AM",0,29.349,50.772,79.92,72941,1033.841,33.842,0.086,0.086,0.044,7.406,94.735,5.381,53.355,0,5.393,5.397,NA,12
"5/24/2022 6:07:54 AM",0,29.348,50.78,79.93,72951.7,1033.848,33.848,0.086,0.086,0.073,7.433,94.813,5.386,53.695,0,5.397,5.401,NA,12
"5/24/2022 6:07:54 AM",0,29.346,50.787,79.937,72960.8,1033.854,33.854,0.086,0.086,0.044,7.46,94.827,5.386,52.166,0,5.398,5.401,NA,12
"5/24/2022 6:07:54 AM",0,29.345,50.792,79.942,72966.8,1033.858,33.858,0.094,0.094,0.073,7.508,94.851,5.387,30.331,0,5.399,5.402,NA,12
"5/24/2022 6:07:55 AM",0,29.345,50.756,79.894,72922.8,1033.831,33.832,0.086,0.086,0.102,7.541,94.761,5.383,32.115,0,5.395,5.398,NA,12
"5/24/2022 6:07:55 AM",0,29.346,50.784,79.933,72957.4,1033.852,33.852,0.086,0.086,0.102,7.57,95.018,5.397,32.455,0,5.409,5.412,NA,12
"5/24/2022 6:07:55 AM",0,29.347,50.783,79.932,72955.2,1033.85,33.851,0.086,0.086,0.16,7.595,95.104,5.402,34.409,0,5.414,5.417,NA,12
"5/24/2022 6:07:55 AM",0,29.347,50.786,79.937,72959.2,1033.853,33.853,0.14,0.14,0.116,7.614,95.27,5.412,33.389,0,5.424,5.427,NA,12
"5/24/2022 6:07:55 AM",0,29.349,50.787,79.941,72960.3,1033.853,33.853,0.211,0.211,1.238,7.639,95.091,5.401,30.586,0,5.413,5.417,NA,12
"5/24/2022 6:07:56 AM",0,29.349,50.786,79.94,72959.2,1033.852,33.853,0.546,0.546,1.092,7.655,95.291,5.413,30.331,0,5.424,5.428,NA,12
"5/24/2022 6:07:56 AM",0,29.348,50.786,79.939,72959.5,1033.853,33.853,0.351,0.351,0.67,7.669,95.296,5.413,31.86,0,5.425,5.428,NA,12
"5/24/2022 6:07:56 AM",0,29.347,50.791,79.943,72965.2,1033.857,33.857,0.445,0.445,0.67,7.68,95.224,5.409,33.474,0,5.421,5.424,NA,12
"5/24/2022 6:07:56 AM",0.003,29.346,50.79,79.94,72964,1033.856,33.856,4.329,4.329,2.215,7.697,95.254,5.411,33.134,0,5.422,5.426,NA,12
"5/24/2022 6:07:57 AM",0,29.344,50.793,79.943,72968.9,1033.86,33.86,1.74,1.74,2.346,7.705,95.279,5.412,33.05,0,5.424,5.427,NA,12
"5/24/2022 6:07:57 AM",0,29.344,50.79,79.937,72964.4,1033.857,33.857,0.523,0.523,0.626,7.714,95.205,5.408,31.945,0,5.42,5.423,NA,12
"5/24/2022 6:07:57 AM",0,29.344,50.789,79.937,72964,1033.857,33.857,0.179,0.179,0.189,7.722,95.187,5.407,31.095,0,5.419,5.422,NA,12
"5/24/2022 6:07:57 AM",0,29.343,50.795,79.943,72970.5,1033.861,33.861,0.156,0.156,0.146,7.731,95.255,5.411,32.71,0,5.422,5.426,NA,12
"5/24/2022 6:07:57 AM",0,29.342,50.797,79.944,72973.7,1033.863,33.863,0.117,0.117,0.218,7.74,95.203,5.408,33.559,0,5.419,5.423,NA,12
"5/24/2022 6:07:58 AM",0,29.342,50.795,79.941,72970.7,1033.861,33.862,0.078,0.078,0.248,7.747,95.321,5.415,34.834,0,5.427,5.43,NA,12
"5/24/2022 6:07:58 AM",0,29.341,50.796,79.942,72972.2,1033.862,33.863,0.078,0.078,0.131,7.758,95.245,5.41,38.742,0,5.422,5.425,NA,12
"5/24/2022 6:07:58 AM",0,29.341,50.791,79.935,72965.9,1033.858,33.859,0.109,0.109,0.248,7.764,95.213,5.409,41.631,0,5.42,5.424,NA,12
"5/24/2022 6:07:58 AM",0,29.341,50.786,79.928,72959.7,1033.854,33.855,0.086,0.086,0.087,7.774,95.319,5.415,48.087,0,5.427,5.43,NA,12
"5/24/2022 6:07:58 AM",0,29.341,50.785,79.927,72958.5,1033.853,33.855,0.109,0.109,0.102,7.781,95.29,5.413,48.257,0,5.425,5.428,NA,12
"5/24/2022 6:07:59 AM",0,29.342,50.782,79.923,72955,1033.851,33.852,0.086,0.086,0.087,7.787,95.279,5.413,47.663,0,5.425,5.428,NA,12
"5/24/2022 6:07:59 AM",0,29.341,50.78,79.92,72952.1,1033.849,33.851,0.078,0.078,0.029,7.793,95.221,5.409,48.257,0,5.421,5.425,NA,12
"5/24/2022 6:07:59 AM",0,29.341,50.78,79.92,72952.2,1033.849,33.851,0.07,0.07,0,7.798,95.269,5.412,49.192,0,5.424,5.428,NA,12
"5/24/2022 6:07:59 AM",0,29.34,50.779,79.916,72951,1033.849,33.85,0.094,0.094,0.073,7.806,95.17,5.407,49.787,0,5.419,5.422,NA,12
"5/24/2022 6:07:59 AM",0,29.339,50.781,79.918,72953.7,1033.851,33.852,0.086,0.086,0.073,7.811,95.313,5.415,53.44,0,5.427,5.431,NA,12
"5/24/2022 6:08:00 AM",0,29.339,50.781,79.918,72954,1033.851,33.852,0,0,0.277,7.815,95.478,5.425,54.629,0,5.437,5.44,NA,12
"5/24/2022 6:08:00 AM",0,29.339,50.076,78.955,72074.8,1033.317,33.318,0.382,0.382,3.66,7.821,95.456,5.445,50.211,0,5.457,5.46,NA,12
"5/24/2022 6:08:00 AM",0,29.339,50.771,79.905,72942.3,1033.845,33.845,0.187,0.187,1.005,7.827,95.453,5.424,45.963,0,5.436,5.439,NA,12
"5/24/2022 6:08:00 AM",0,29.338,50.779,79.915,72951.9,1033.851,33.851,0.101,0.101,0.233,7.835,95.364,5.42,26.083,0,5.432,5.435,NA,12
"5/24/2022 6:08:00 AM",0,29.339,50.783,79.921,72956.9,1033.854,33.854,0.094,0.094,0.102,7.838,95.31,5.417,35.258,0,5.429,5.432,NA,12
"5/24/2022 6:08:01 AM",0,29.34,50.783,79.923,72956.5,1033.853,33.853,0.101,0.101,0.073,7.842,95.433,5.424,35.174,0,5.436,5.44,NA,12
"5/24/2022 6:08:01 AM",0.036,29.341,50.784,79.925,72957.3,1033.854,33.854,0.109,0.109,0.044,7.845,95.545,5.431,33.134,0,5.443,5.446,NA,12
"5/24/2022 6:08:01 AM",0.138,29.343,50.785,79.929,72958.4,1033.854,33.854,0.094,0.094,0.058,7.849,95.653,5.437,28.377,0,5.449,5.452,NA,12
"5/24/2022 6:08:01 AM",0.164,29.344,50.786,79.932,72959.3,1033.855,33.854,0.101,0.101,0.087,7.853,95.829,5.447,29.311,0,5.459,5.463,NA,12
"5/24/2022 6:08:01 AM",0.152,29.346,50.784,79.932,72957.4,1033.853,33.852,0.125,0.125,0.102,7.855,95.846,5.449,30.841,0,5.461,5.464,NA,12
"5/24/2022 6:08:02 AM",0.107,29.346,50.782,79.929,72954.5,1033.851,33.851,0.164,0.164,0.116,7.857,96.02,5.459,31.86,0,5.471,5.474,NA,12
"5/24/2022 6:08:02 AM",0.023,29.345,50.783,79.93,72955.8,1033.852,33.852,0.148,0.148,0.189,7.859,95.996,5.457,32.54,0,5.469,5.472,NA,12
"5/24/2022 6:08:02 AM",0,29.343,50.785,79.93,72959,1033.854,33.854,0.094,0.094,0.058,7.862,96.052,5.46,33.05,0,5.472,5.476,NA,12
"5/24/2022 6:08:02 AM",0,29.343,50.782,79.926,72955.2,1033.851,33.852,0.086,0.086,0.058,7.864,95.968,5.456,44.179,0,5.468,5.471,NA,12
"5/24/2022 6:08:02 AM",0,29.343,50.777,79.919,72949.1,1033.847,33.848,0.086,0.086,0.146,7.862,96.005,5.458,49.107,0,5.47,5.474,NA,12
"5/24/2022 6:08:03 AM",0,29.341,50.777,79.915,72948.4,1033.847,33.849,0.078,0.078,0,7.863,96.023,5.459,49.362,0,5.471,5.475,NA,12
"5/24/2022 6:08:03 AM",0,29.341,50.772,79.91,72942.9,1033.844,33.845,0.148,0.148,0.102,7.867,96.071,5.463,42.565,0,5.475,5.478,NA,12
"5/24/2022 6:08:03 AM",0,29.341,50.771,79.907,72941,1033.843,33.844,0.172,0.172,0.306,7.869,95.982,5.458,36.108,0,5.47,5.473,NA,12
"5/24/2022 6:08:03 AM",0,29.341,50.776,79.913,72947.2,1033.847,33.848,0.148,0.148,0.277,7.87,95.815,5.448,33.559,0,5.46,5.464,NA,12
"5/24/2022 6:08:03 AM",0.077,29.342,50.773,79.912,72943.6,1033.845,33.845,0.094,0.094,0.102,7.871,95.981,5.458,33.899,0,5.47,5.474,NA,12
"5/24/2022 6:08:04 AM",0.249,29.342,50.78,79.923,72953.2,1033.852,33.851,0.101,0.101,0.073,7.873,95.882,5.453,28.037,0,5.465,5.468,NA,12
"5/24/2022 6:08:04 AM",0.314,29.343,50.783,79.927,72955.8,1033.853,33.852,0.094,0.094,0.058,7.875,95.882,5.454,23.704,0,5.466,5.469,NA,12
"5/24/2022 6:08:04 AM",0.378,29.344,50.783,79.929,72956.3,1033.854,33.852,0.086,0.086,0.044,7.874,95.807,5.45,23.619,0,5.462,5.466,NA,12
"5/24/2022 6:08:04 AM",0.449,29.345,50.785,79.932,72958.7,1033.855,33.853,0.07,0.07,0.058,7.874,95.86,5.454,23.449,0,5.466,5.469,NA,12
"5/24/2022 6:08:04 AM",0.546,29.345,50.788,79.937,72963,1033.858,33.856,0.07,0.07,0.073,7.873,95.797,5.45,22.769,0,5.462,5.466,NA,12
"5/24/2022 6:08:05 AM",0.699,29.346,50.791,79.943,72965.6,1033.86,33.857,0.125,0.125,0.029,7.874,95.78,5.45,21.325,0,5.462,5.466,NA,12
"5/24/2022 6:08:05 AM",0.79,29.347,50.791,79.943,72965.9,1033.861,33.857,0.109,0.109,0.087,7.877,95.755,5.449,20.475,0,5.462,5.465,NA,12
"5/24/2022 6:08:05 AM",0.882,29.347,50.791,79.943,72965.8,1033.861,33.857,0.125,0.125,0.116,7.877,95.74,5.449,20.645,0,5.461,5.464,NA,12
"5/24/2022 6:08:05 AM",0.96,29.345,50.791,79.942,72966.1,1033.862,33.858,0.101,0.101,0.087,7.876,95.736,5.449,20.985,0,5.461,5.464,NA,12
"5/24/2022 6:08:06 AM",1.043,29.349,50.797,79.955,72972.8,1033.865,33.861,0.086,0.086,0.044,7.878,95.673,5.445,23.024,0,5.457,5.461,NA,12
"5/24/2022 6:08:06 AM",1.076,29.35,50.8,79.962,72977.6,1033.868,33.863,0.078,0.078,0.058,7.879,95.654,5.444,24.214,0,5.456,5.459,NA,12
"5/24/2022 6:08:06 AM",1.087,29.349,50.811,79.974,72990.6,1033.876,33.871,0.078,0.078,0.058,7.879,95.723,5.448,24.299,0,5.46,5.464,NA,12
"5/24/2022 6:08:06 AM",1.066,29.349,50.808,79.971,72987.6,1033.874,33.87,0.07,0.07,0.015,7.879,95.683,5.446,23.194,0,5.458,5.461,NA,12
"5/24/2022 6:08:06 AM",1.005,29.35,50.805,79.967,72983.1,1033.871,33.867,0.086,0.086,0.058,7.881,95.706,5.447,23.024,0,5.459,5.463,NA,12
"5/24/2022 6:08:07 AM",0.859,29.35,50.805,79.967,72983.1,1033.87,33.867,0.078,0.078,0.058,7.882,95.674,5.446,24.044,0,5.458,5.461,NA,12
"5/24/2022 6:08:07 AM",0.755,29.349,50.808,79.971,72986.7,1033.872,33.869,0.078,0.078,0.015,7.883,95.842,5.455,24.384,0,5.468,5.471,NA,12
"5/24/2022 6:08:07 AM",0.656,29.349,50.809,79.972,72987.8,1033.873,33.87,0.078,0.078,0.044,7.883,95.819,5.454,24.723,0,5.466,5.47,NA,12
"5/24/2022 6:08:07 AM",0.595,29.349,50.808,79.97,72986.6,1033.872,33.869,0.07,0.07,0.044,7.882,95.809,5.454,25.488,0,5.466,5.47,NA,12
"5/24/2022 6:08:07 AM",0.59,29.349,50.812,79.974,72991.5,1033.875,33.872,0.086,0.086,0.087,7.88,95.761,5.452,25.913,0,5.464,5.467,NA,12
"5/24/2022 6:08:08 AM",0.628,29.348,50.811,79.972,72990.7,1033.875,33.872,0.078,0.078,0.015,7.883,95.873,5.458,27.187,0,5.47,5.474,NA,12
"5/24/2022 6:08:08 AM",0.68,29.349,50.81,79.972,72989.5,1033.874,33.871,0.094,0.094,0.044,7.884,95.933,5.462,28.632,0,5.474,5.477,NA,12
"5/24/2022 6:08:08 AM",0.751,29.348,50.808,79.968,72987.2,1033.873,33.87,0.101,0.101,0.073,7.883,95.967,5.464,27.867,0,5.476,5.48,NA,12
"5/24/2022 6:08:08 AM",0.826,29.347,50.808,79.967,72987.7,1033.874,33.87,0.109,0.109,0.073,7.885,95.995,5.466,26.678,0,5.478,5.481,NA,12
"5/24/2022 6:08:08 AM",0.946,29.347,50.805,79.963,72983.5,1033.872,33.868,0.094,0.094,0.102,7.884,95.962,5.465,24.808,0,5.477,5.48,NA,12
"5/24/2022 6:08:09 AM",1.01,29.347,50.806,79.965,72985.2,1033.873,33.869,0.094,0.094,0.073,7.884,95.996,5.467,23.109,0,5.479,5.482,NA,12
"5/24/2022 6:08:09 AM",1.041,29.347,50.805,79.964,72983.3,1033.872,33.867,0.109,0.109,0.058,7.884,96.014,5.468,22.514,0,5.48,5.484,NA,12
"5/24/2022 6:08:09 AM",1.045,29.348,50.805,79.964,72983.1,1033.872,33.867,0.086,0.086,0.044,7.884,96.036,5.47,23.024,0,5.482,5.485,NA,12
"5/24/2022 6:08:09 AM",1.038,29.348,50.803,79.963,72981.3,1033.87,33.866,0.148,0.148,0.073,7.885,96.133,5.475,23.534,0,5.488,5.491,NA,12
"5/24/2022 6:08:09 AM",1.031,29.349,50.804,79.966,72982.7,1033.871,33.867,0.148,0.148,0.102,7.887,96.138,5.476,24.214,0,5.488,5.492,NA,12
"5/24/2022 6:08:10 AM",1.028,29.349,50.803,79.964,72980.6,1033.87,33.865,0.226,0.226,0.116,7.889,96.067,5.472,24.384,0,5.484,5.488,NA,12
"5/24/2022 6:08:10 AM",1.038,29.349,50.803,79.963,72980.2,1033.87,33.865,0.117,0.117,0.102,7.888,96.131,5.476,24.808,0,5.488,5.492,NA,12
"5/24/2022 6:08:10 AM",1.041,29.35,50.801,79.962,72978.8,1033.869,33.864,0.094,0.094,0.102,7.887,96.114,5.475,24.893,0,5.487,5.491,NA,12
"5/24/2022 6:08:10 AM",1.043,29.35,50.799,79.96,72975.4,1033.866,33.862,0.086,0.086,0.058,7.89,96.192,5.48,24.384,0,5.492,5.495,NA,12
"5/24/2022 6:08:10 AM",1.022,29.351,50.799,79.961,72975.7,1033.866,33.862,0.078,0.078,0.044,7.891,96.213,5.481,24.469,0,5.493,5.497,NA,12
"5/24/2022 6:08:11 AM",1.026,29.351,50.8,79.963,72976.8,1033.867,33.862,0.078,0.078,0.029,7.89,96.221,5.482,24.723,0,5.494,5.497,NA,12
"5/24/2022 6:08:11 AM",1.033,29.351,50.798,79.96,72974.9,1033.866,33.861,0.101,0.101,0.044,7.891,96.125,5.476,24.723,0,5.488,5.492,NA,12
"5/24/2022 6:08:11 AM",1.043,29.35,50.799,79.96,72976,1033.867,33.862,0.101,0.101,0.102,7.893,96.206,5.481,23.789,0,5.493,5.496,NA,12
"5/24/2022 6:08:11 AM",1.052,29.349,50.799,79.957,72975.7,1033.867,33.862,0.086,0.086,0.073,7.892,96.193,5.48,23.534,0,5.492,5.496,NA,12
"5/24/2022 6:08:11 AM",1.052,29.349,50.799,79.957,72975.8,1033.867,33.863,0.078,0.078,0.058,7.892,96.31,5.487,24.723,0,5.499,5.502,NA,12
"5/24/2022 6:08:12 AM",1.047,29.349,50.798,79.956,72974.4,1033.866,33.862,0.078,0.078,0.044,7.894,96.318,5.488,24.808,0,5.5,5.503,NA,12
"5/24/2022 6:08:12 AM",0.981,29.35,50.792,79.95,72967.6,1033.861,33.857,7.044,7.044,3.382,7.894,96.217,5.482,24.553,0,5.494,5.497,NA,12
"5/24/2022 6:08:12 AM",0.942,29.349,50.794,79.952,72969.5,1033.863,33.859,2.457,2.457,1.501,7.894,96.231,5.483,23.704,0,5.495,5.498,NA,12
"5/24/2022 6:08:12 AM",0.906,29.349,50.793,79.949,72968,1033.862,33.858,0.741,0.741,0.437,7.894,96.232,5.483,21.835,0,5.495,5.499,NA,12
"5/24/2022 6:08:12 AM",0.876,29.349,50.792,79.948,72966.5,1033.86,33.857,0.265,0.265,0.146,7.894,96.301,5.487,21.75,0,5.499,5.503,NA,12
"5/24/2022 6:08:13 AM",0.836,29.349,50.791,79.947,72965.8,1033.86,33.856,0.14,0.14,0.116,7.893,96.316,5.488,22.599,0,5.5,5.503,NA,12
"5/24/2022 6:08:13 AM",0.845,29.35,50.789,79.946,72963.8,1033.859,33.855,0.101,0.101,0.087,7.893,96.226,5.483,22.599,0,5.496,5.499,NA,12
"5/24/2022 6:08:13 AM",0.883,29.35,50.789,79.946,72963.4,1033.858,33.855,0.086,0.086,0.029,7.895,96.381,5.492,22.09,0,5.504,5.508,NA,12
"5/24/2022 6:08:13 AM",0.929,29.352,50.789,79.949,72963.5,1033.858,33.854,0.094,0.094,0.044,7.896,96.297,5.488,21.495,0,5.5,5.503,NA,12
"5/24/2022 6:08:13 AM",0.955,29.351,50.785,79.942,72958.8,1033.856,33.852,0.094,0.094,0.058,7.894,96.297,5.488,21.495,0,5.5,5.503,NA,12
"5/24/2022 6:08:14 AM",1.022,29.351,50.787,79.944,72960.1,1033.857,33.852,0.101,0.101,0.073,7.893,96.39,5.493,21.155,0,5.505,5.509,NA,12
"5/24/2022 6:08:14 AM",1.109,29.355,50.783,79.946,72955.6,1033.853,33.849,0.062,0.062,0.029,7.894,96.307,5.489,19.881,0,5.501,5.505,NA,12
"5/24/2022 6:08:14 AM",1.213,29.355,50.783,79.946,72955.9,1033.854,33.849,0.086,0.086,0.058,7.895,96.273,5.488,17.927,0,5.5,5.504,NA,12
"5/24/2022 6:08:14 AM",1.325,29.355,50.783,79.945,72955.9,1033.854,33.849,0.086,0.086,0.073,7.895,96.319,5.491,16.652,0,5.503,5.507,NA,12
"5/24/2022 6:08:14 AM",1.445,29.354,50.785,79.946,72957.4,1033.856,33.85,0.07,0.07,0.058,7.896,96.519,5.503,14.273,0,5.515,5.519,NA,12
"5/24/2022 6:08:15 AM",1.644,29.354,50.801,79.969,72977.6,1033.869,33.862,0.023,0.023,0.015,7.897,96.538,5.504,9.431,0,5.516,5.52,NA,12
"5/24/2022 6:08:15 AM",1.778,29.354,50.809,79.98,72988.5,1033.876,33.869,0.039,0.039,0,7.898,96.481,5.501,6.457,0,5.513,5.517,NA,12
"5/24/2022 6:08:15 AM",1.908,29.354,50.812,79.983,72991.2,1033.878,33.87,0.008,0.008,0,7.899,96.459,5.5,4.163,0,5.512,5.515,NA,12
"5/24/2022 6:08:15 AM",2.046,29.355,50.816,79.99,72996.3,1033.882,33.873,0.164,0.164,0.233,7.897,96.52,5.503,3.653,0,5.515,5.519,NA,12
"5/24/2022 6:08:16 AM",2.247,29.354,50.823,79.998,73005.8,1033.889,33.879,0.125,0.125,0.204,7.898,96.341,5.493,6.712,0,5.505,5.509,NA,12
"5/24/2022 6:08:16 AM",2.378,29.355,50.823,80,73006,1033.889,33.879,0.055,0.055,0.015,7.899,96.28,5.489,6.627,0,5.501,5.505,NA,12
"5/24/2022 6:08:16 AM",2.511,29.354,50.827,80.005,73010.8,1033.893,33.882,0.016,0.016,0,7.899,96.37,5.494,5.777,0,5.507,5.51,NA,12
"5/24/2022 6:08:16 AM",2.642,29.354,50.83,80.009,73014.4,1033.895,33.884,0,0,0,7.899,96.337,5.493,4.673,0,5.505,5.508,NA,12
"5/24/2022 6:08:16 AM",2.774,29.355,50.836,80.018,73022.7,1033.901,33.889,0.031,0.031,0,7.899,96.224,5.486,4.248,0,5.498,5.502,NA,12
"5/24/2022 6:08:17 AM",2.97,29.355,50.85,80.036,73039.1,1033.912,33.899,0.094,0.094,0.044,7.902,96.232,5.486,4.248,0,5.499,5.502,NA,12
"5/24/2022 6:08:17 AM",3.098,29.355,50.854,80.043,73044.7,1033.915,33.902,0.008,0.008,0,7.902,96.215,5.485,4.078,0,5.497,5.501,NA,12
"5/24/2022 6:08:17 AM",3.224,29.355,50.855,80.044,73046.2,1033.917,33.903,0,0,0,7.902,96.136,5.481,3.483,0,5.493,5.496,NA,12
"5/24/2022 6:08:17 AM",3.345,29.355,50.857,80.048,73048.9,1033.919,33.905,0,0,0,7.901,96.074,5.477,2.974,0,5.49,5.493,NA,12
"5/24/2022 6:08:17 AM",3.526,29.356,50.859,80.051,73050.7,1033.92,33.905,0,0,0,7.9,96.064,5.477,2.124,0,5.489,5.492,NA,12
"5/24/2022 6:08:18 AM",3.656,29.356,50.856,80.048,73047.1,1033.919,33.903,0.039,0.039,0,7.904,96.046,5.476,1.869,0,5.488,5.491,NA,12
"5/24/2022 6:08:18 AM",3.792,29.357,50.856,80.048,73047.2,1033.919,33.903,0.101,0.101,0.146,7.904,96,5.473,1.784,0,5.486,5.489,NA,12
"5/24/2022 6:08:18 AM",3.932,29.356,50.857,80.05,73048.9,1033.921,33.904,0.117,0.117,0.131,7.904,96.021,5.475,1.529,0,5.487,5.49,NA,12
"5/24/2022 6:08:18 AM",4.08,29.356,50.86,80.053,73052.1,1033.923,33.906,0.257,0.257,0.146,7.903,95.985,5.472,1.189,0,5.485,5.488,NA,12
"5/24/2022 6:08:18 AM",4.309,29.356,50.862,80.056,73055.5,1033.926,33.908,0.078,0.078,0,7.903,95.934,5.469,0.765,0,5.482,5.485,NA,12
"5/24/2022 6:08:19 AM",4.48,29.356,50.864,80.059,73057.9,1033.929,33.91,0.179,0.179,0.248,7.902,95.906,5.468,0.595,0,5.48,5.484,NA,12
"5/24/2022 6:08:19 AM",4.65,29.356,50.869,80.066,73064.3,1033.933,33.913,0.351,0.351,0.728,7.902,96.03,5.475,0.935,0,5.487,5.491,NA,12
"5/24/2022 6:08:19 AM",4.796,29.355,50.871,80.067,73066.5,1033.935,33.915,0.468,0.468,0.976,7.903,96.1,5.479,1.869,0,5.491,5.495,NA,12
"5/24/2022 6:08:19 AM",4.933,29.355,50.873,80.07,73069.4,1033.938,33.917,0.335,0.335,0.655,7.903,96.031,5.475,4.163,0,5.487,5.491,NA,12
"5/24/2022 6:08:19 AM",5.147,29.355,50.871,80.067,73066.8,1033.937,33.915,0.156,0.156,0.218,7.905,95.988,5.473,9.77,0,5.485,5.488,NA,12
"5/24/2022 6:08:20 AM",5.308,29.354,50.866,80.059,73060.7,1033.934,33.911,0.109,0.109,0.102,7.905,95.945,5.471,10.535,0,5.483,5.487,NA,12
"5/24/2022 6:08:20 AM",5.475,29.354,50.853,80.042,73044.7,1033.925,33.902,0.094,0.094,0.073,7.907,95.971,5.473,8.751,0,5.485,5.489,NA,12
"5/24/2022 6:08:20 AM",5.633,29.355,50.851,80.041,73042.8,1033.924,33.9,0.031,0.031,0,7.906,96.034,5.477,6.372,0,5.489,5.493,NA,12
"5/24/2022 6:08:20 AM",5.779,29.355,50.846,80.035,73036.5,1033.921,33.896,0,0,0,7.905,96.006,5.476,4.248,0,5.488,5.492,NA,12
"5/24/2022 6:08:20 AM",5.982,29.354,50.852,80.041,73044,1033.927,33.901,0.148,0.148,0.204,7.907,96.03,5.477,3.823,0,5.49,5.493,NA,12
"5/24/2022 6:08:21 AM",6.111,29.354,50.859,80.051,73053,1033.932,33.906,0.179,0.179,0.277,7.909,96.039,5.478,7.392,0,5.49,5.493,NA,12
"5/24/2022 6:08:21 AM",6.234,29.354,50.859,80.05,73053.1,1033.933,33.907,0.133,0.133,0.116,7.909,95.902,5.47,11.045,0,5.482,5.486,NA,12
"5/24/2022 6:08:21 AM",6.382,29.353,50.858,80.047,73051,1033.933,33.905,0.133,0.133,0.102,7.908,95.966,5.474,12.404,0,5.486,5.489,NA,12
"5/24/2022 6:08:21 AM",6.618,29.353,50.857,80.047,73050.5,1033.933,33.905,0.055,0.055,0.015,7.909,95.928,5.472,9.601,0,5.484,5.487,NA,12
"5/24/2022 6:08:21 AM",6.769,29.353,50.856,80.046,73049.3,1033.933,33.904,0.016,0.016,0,7.909,95.975,5.475,6.457,0,5.487,5.49,NA,12
"5/24/2022 6:08:22 AM",6.92,29.354,50.856,80.046,73049.1,1033.933,33.904,0,0,0,7.909,95.944,5.473,3.908,0,5.485,5.488,NA,12
"5/24/2022 6:08:22 AM",7.058,29.354,50.855,80.045,73048.1,1033.933,33.903,0,0,0,7.908,95.795,5.465,2.294,0,5.477,5.48,NA,12
"5/24/2022 6:08:22 AM",7.202,29.354,50.856,80.046,73049.3,1033.935,33.904,0.039,0.039,0,7.908,95.794,5.464,1.784,0,5.477,5.48,NA,12
"5/24/2022 6:08:22 AM",7.417,29.354,50.855,80.045,73048.6,1033.935,33.904,0.062,0.062,0.015,7.909,95.837,5.467,1.359,0,5.479,5.482,NA,12
"5/24/2022 6:08:22 AM",7.568,29.353,50.856,80.046,73049.6,1033.936,33.904,0.507,0.507,0.393,7.909,95.822,5.466,1.104,0,5.478,5.482,NA,12
"5/24/2022 6:08:23 AM",7.721,29.353,50.855,80.045,73049,1033.937,33.904,0.437,0.437,0.481,7.91,95.879,5.47,0.765,0,5.482,5.485,NA,12
"5/24/2022 6:08:23 AM",7.893,29.353,50.856,80.045,73049.4,1033.938,33.904,0.195,0.195,0.146,7.91,95.889,5.47,0.68,0,5.482,5.486,NA,12
"5/24/2022 6:08:23 AM",8.143,29.353,50.857,80.046,73051.1,1033.94,33.905,0.148,0.148,0.175,7.91,95.899,5.471,0.935,0,5.483,5.486,NA,12
"5/24/2022 6:08:23 AM",8.289,29.353,50.855,80.044,73048.6,1033.939,33.903,0.203,0.203,0.335,7.91,95.954,5.474,1.444,0,5.486,5.49,NA,12
"5/24/2022 6:08:23 AM",8.435,29.352,50.854,80.043,73048.1,1033.939,33.903,0.226,0.226,0.466,7.909,95.85,5.468,2.549,0,5.48,5.484,NA,12
"5/24/2022 6:08:24 AM",8.573,29.351,50.856,80.042,73050.5,1033.942,33.905,0.195,0.195,0.335,7.909,96.079,5.481,4.928,0,5.493,5.497,NA,12
"5/24/2022 6:08:24 AM",8.724,29.351,50.854,80.042,73048.5,1033.941,33.904,0.125,0.125,0.175,7.911,95.962,5.474,7.561,0,5.486,5.49,NA,12
"5/24/2022 6:08:24 AM",8.97,29.351,50.854,80.04,73048.3,1033.942,33.904,0.094,0.094,0.087,7.911,95.979,5.476,8.836,0,5.488,5.491,NA,12
"5/24/2022 6:08:24 AM",9.134,29.349,50.854,80.038,73048.2,1033.943,33.904,0.07,0.07,0.015,7.911,95.857,5.469,7.816,0,5.481,5.484,NA,12
"5/24/2022 6:08:24 AM",9.29,29.349,50.855,80.039,73049.3,1033.944,33.905,0.078,0.078,0.044,7.912,95.848,5.469,7.307,0,5.481,5.484,NA,12
"5/24/2022 6:08:25 AM",9.441,29.35,50.856,80.042,73051.5,1033.946,33.906,0.101,0.101,0.087,7.911,95.873,5.47,8.156,0,5.483,5.486,NA,12
"5/24/2022 6:08:25 AM",9.672,29.35,50.859,80.046,73054.7,1033.949,33.908,0.086,0.086,0.029,7.911,95.848,5.469,8.666,0,5.481,5.485,NA,12
"5/24/2022 6:08:25 AM",9.775,29.351,50.859,80.047,73054.4,1033.949,33.907,0.086,0.086,0.044,7.913,95.845,5.469,9.176,0,5.481,5.485,NA,12
"5/24/2022 6:08:25 AM",9.78,29.352,50.859,80.049,73054.1,1033.948,33.907,0.094,0.094,0.073,7.913,95.889,5.472,13.594,0,5.484,5.487,NA,12
"5/24/2022 6:08:25 AM",9.669,29.352,50.858,80.048,73053.8,1033.948,33.906,0.07,0.07,0.058,7.913,95.907,5.473,15.208,0,5.485,5.488,NA,12
"5/24/2022 6:08:26 AM",9.551,29.352,50.869,80.063,73067.3,1033.955,33.915,0.062,0.062,0.087,7.913,95.839,5.469,14.953,0,5.481,5.484,NA,12
"5/24/2022 6:08:26 AM",9.344,29.351,50.87,80.063,73067.7,1033.955,33.915,0.086,0.086,0.073,7.914,95.936,5.474,15.208,0,5.486,5.49,NA,12
"5/24/2022 6:08:26 AM",9.198,29.351,50.87,80.062,73067.6,1033.954,33.915,0.086,0.086,0.058,7.914,95.938,5.474,15.378,0,5.487,5.49,NA,12
"5/24/2022 6:08:26 AM",9.031,29.351,50.867,80.058,73064.8,1033.952,33.914,0.094,0.094,0.087,7.914,96.025,5.48,15.463,0,5.492,5.495,NA,12
"5/24/2022 6:08:27 AM",8.849,29.351,50.867,80.058,73064.3,1033.951,33.913,0.078,0.078,0.102,7.914,95.959,5.476,15.548,0,5.488,5.492,NA,12
"5/24/2022 6:08:27 AM",8.592,29.35,50.864,80.053,73060.8,1033.948,33.912,0.094,0.094,0.087,7.914,95.9,5.473,15.548,0,5.485,5.489,NA,12
"5/24/2022 6:08:27 AM",8.451,29.351,50.861,80.049,73056.1,1033.945,33.909,0.094,0.094,0.087,7.914,95.924,5.474,15.548,0,5.487,5.49,NA,12
"5/24/2022 6:08:27 AM",8.352,29.35,50.863,80.051,73059.1,1033.946,33.911,0.101,0.101,0.073,7.914,95.983,5.478,15.463,0,5.49,5.493,NA,12
"5/24/2022 6:08:27 AM",8.255,29.35,50.86,80.047,73055.2,1033.943,33.908,0.101,0.101,0.058,7.914,96.078,5.483,15.463,0,5.495,5.499,NA,12
"5/24/2022 6:08:28 AM",8.154,29.35,50.86,80.047,73055.7,1033.943,33.909,0.078,0.078,0.058,7.915,96.034,5.481,15.633,0,5.493,5.496,NA,12
"5/24/2022 6:08:28 AM",8.006,29.349,50.858,80.042,73052.4,1033.941,33.907,0.117,0.117,0.16,7.915,95.95,5.476,15.888,0,5.488,5.492,NA,12
"5/24/2022 6:08:28 AM",7.864,29.35,50.857,80.041,73051,1033.939,33.906,0.109,0.109,0.102,7.913,96.088,5.484,16.057,0,5.496,5.5,NA,12
"5/24/2022 6:08:28 AM",7.718,29.35,50.857,80.041,73050.8,1033.939,33.906,0.086,0.086,0.102,7.914,96.137,5.487,16.227,0,5.499,5.502,NA,12
"5/24/2022 6:08:28 AM",7.57,29.35,50.855,80.039,73049.3,1033.937,33.905,0.086,0.086,0.073,7.916,96.173,5.489,16.312,0,5.501,5.504,NA,12
"5/24/2022 6:08:29 AM",7.466,29.35,50.853,80.036,73046.4,1033.935,33.903,0.078,0.078,0.073,7.915,96.214,5.491,16.312,0,5.503,5.507,NA,12
"5/24/2022 6:08:29 AM",7.341,29.35,50.853,80.036,73046.3,1033.934,33.903,0.086,0.086,0.044,7.916,96.245,5.493,16.312,0,5.505,5.509,NA,12
"5/24/2022 6:08:29 AM",7.285,29.35,50.85,80.033,73042.3,1033.932,33.901,0.148,0.148,0.131,7.914,96.096,5.485,16.142,0,5.497,5.5,NA,12
"5/24/2022 6:08:29 AM",7.204,29.351,50.849,80.032,73040.8,1033.93,33.9,0.109,0.109,0.102,7.913,96.162,5.488,16.227,0,5.501,5.504,NA,12
"5/24/2022 6:08:29 AM",7.08,29.35,50.849,80.032,73040.9,1033.93,33.9,0.086,0.086,0.058,7.915,96.26,5.494,16.652,0,5.506,5.51,NA,12
"5/24/2022 6:08:30 AM",6.818,29.35,50.843,80.024,73033.8,1033.925,33.896,0.094,0.094,0.058,7.914,96.12,5.486,17.162,0,5.499,5.502,NA,12
"5/24/2022 6:08:30 AM",6.653,29.351,50.841,80.022,73030.9,1033.922,33.894,0.078,0.078,0.058,7.915,96.181,5.49,17.162,0,5.502,5.506,NA,12
"5/24/2022 6:08:30 AM",6.507,29.351,50.837,80.017,73025.9,1033.918,33.891,0.07,0.07,0.029,7.915,96.145,5.488,17.162,0,5.5,5.504,NA,12
"5/24/2022 6:08:30 AM",6.375,29.351,50.835,80.014,73023.3,1033.916,33.889,0.07,0.07,0.029,7.917,96.205,5.491,17.587,0,5.504,5.507,NA,12
"5/24/2022 6:08:30 AM",6.267,29.351,50.834,80.012,73021.9,1033.915,33.888,0.07,0.07,0.058,7.913,96.187,5.49,17.927,0,5.503,5.506,NA,12
"5/24/2022 6:08:31 AM",6.137,29.351,50.833,80.01,73020.2,1033.913,33.887,0.086,0.086,0.058,7.914,96.301,5.497,18.266,0,5.509,5.513,NA,12
"5/24/2022 6:08:31 AM",6.055,29.351,50.831,80.008,73017.7,1033.912,33.886,0.078,0.078,0.058,7.913,96.282,5.496,18.181,0,5.508,5.512,NA,12
"5/24/2022 6:08:31 AM",5.951,29.351,50.829,80.005,73016,1033.91,33.885,0.086,0.086,0.073,7.915,96.25,5.494,18.012,0,5.507,5.51,NA,12
"5/24/2022 6:08:31 AM",5.831,29.352,50.828,80.004,73013.5,1033.908,33.883,0.07,0.07,0.058,7.915,96.277,5.496,17.842,0,5.508,5.512,NA,12
"5/24/2022 6:08:31 AM",5.605,29.351,50.825,79.999,73010.2,1033.905,33.881,0.07,0.07,0.058,7.917,96.318,5.498,17.247,0,5.511,5.514,NA,12
"5/24/2022 6:08:32 AM",5.456,29.352,50.822,79.996,73006.5,1033.902,33.879,0.086,0.086,0.029,7.917,96.28,5.496,16.907,0,5.508,5.512,NA,12
"5/24/2022 6:08:32 AM",5.331,29.352,50.821,79.995,73005.7,1033.901,33.879,0.086,0.086,0.058,7.916,96.242,5.494,16.822,0,5.507,5.51,NA,12
"5/24/2022 6:08:32 AM",5.174,29.352,50.817,79.99,73000.6,1033.897,33.875,0.101,0.101,0.044,7.917,96.266,5.496,16.907,0,5.508,5.511,NA,12
"5/24/2022 6:08:32 AM",5.032,29.352,50.817,79.989,72999.5,1033.896,33.875,0.086,0.086,0.044,7.917,96.302,5.498,17.077,0,5.51,5.514,NA,12
"5/24/2022 6:08:32 AM",4.855,29.353,50.816,79.989,72998,1033.894,33.874,0.07,0.07,0.044,7.916,96.197,5.492,16.992,0,5.504,5.508,NA,12
"5/24/2022 6:08:33 AM",4.78,29.354,50.813,79.986,72994.4,1033.892,33.871,0.055,0.055,0,7.915,96.382,5.503,16.822,0,5.515,5.519,NA,12
"5/24/2022 6:08:33 AM",4.719,29.353,50.813,79.986,72995.2,1033.892,33.872,0.07,0.07,0.029,7.914,96.424,5.505,16.482,0,5.517,5.521,NA,12
"5/24/2022 6:08:33 AM",4.664,29.353,50.813,79.985,72994.3,1033.891,33.871,0.07,0.07,0.058,7.914,96.434,5.506,16.397,0,5.518,5.521,NA,12
"5/24/2022 6:08:33 AM",4.533,29.353,50.81,79.981,72990.8,1033.889,33.869,0.062,0.062,0.029,7.917,96.4,5.504,16.992,0,5.516,5.52,NA,12
"5/24/2022 6:08:33 AM",4.414,29.353,50.807,79.977,72987.1,1033.886,33.867,0.07,0.07,0.029,7.918,96.401,5.504,17.332,0,5.516,5.52,NA,12
"5/24/2022 6:08:34 AM",4.288,29.353,50.806,79.975,72985.3,1033.884,33.866,0.07,0.07,0.029,7.918,96.425,5.505,17.417,0,5.518,5.521,NA,12
"5/24/2022 6:08:34 AM",4.186,29.354,50.806,79.976,72985.1,1033.884,33.866,0.07,0.07,0.044,7.918,96.426,5.506,17.247,0,5.518,5.521,NA,12
"5/24/2022 6:08:34 AM",4.045,29.353,50.808,79.978,72987.6,1033.885,33.867,0.07,0.07,0.058,7.917,96.459,5.507,17.587,0,5.52,5.523,NA,12
"5/24/2022 6:08:34 AM",3.964,29.354,50.806,79.977,72985.8,1033.883,33.866,0.078,0.078,0.073,7.918,96.236,5.495,17.842,0,5.507,5.511,NA,12
"5/24/2022 6:08:34 AM",3.863,29.354,50.807,79.977,72986.3,1033.883,33.867,0.086,0.086,0.058,7.916,96.385,5.503,18.181,0,5.516,5.519,NA,12
"5/24/2022 6:08:35 AM",3.762,29.354,50.804,79.974,72982.8,1033.88,33.864,0.086,0.086,0.073,7.919,96.357,5.502,18.436,0,5.514,5.518,NA,12
"5/24/2022 6:08:35 AM",3.647,29.353,50.803,79.971,72981.2,1033.879,33.864,0.101,0.101,0.116,7.92,96.231,5.495,18.691,0,5.507,5.511,NA,12
"5/24/2022 6:08:35 AM",3.51,29.354,50.805,79.975,72983.8,1033.88,33.865,0.094,0.094,0.087,7.92,96.396,5.504,19.031,0,5.517,5.52,NA,12
"5/24/2022 6:08:35 AM",3.422,29.353,50.798,79.965,72975.6,1033.875,33.86,0.086,0.086,0.044,7.919,96.379,5.504,18.861,0,5.516,5.519,NA,12
"5/24/2022 6:08:35 AM",3.345,29.354,50.797,79.964,72974.4,1033.874,33.86,0.086,0.086,0.058,7.92,96.335,5.501,18.606,0,5.514,5.517,NA,12
"5/24/2022 6:08:36 AM",3.251,29.354,50.796,79.963,72973,1033.873,33.859,0.078,0.078,0.087,7.92,96.325,5.501,18.351,0,5.513,5.516,NA,12
"5/24/2022 6:08:36 AM",3.095,29.354,50.796,79.963,72972.6,1033.872,33.858,0.078,0.078,0.044,7.921,96.353,5.502,18.436,0,5.515,5.518,NA,12
"5/24/2022 6:08:36 AM",3.006,29.355,50.796,79.963,72971.8,1033.871,33.858,0.078,0.078,0.058,7.923,96.309,5.5,18.606,0,5.512,5.516,NA,12
"5/24/2022 6:08:36 AM",2.94,29.355,50.792,79.959,72967.6,1033.868,33.855,0.086,0.086,0.029,7.922,96.179,5.492,18.436,0,5.505,5.508,NA,12
"5/24/2022 6:08:37 AM",2.873,29.355,50.791,79.956,72965.6,1033.866,33.854,0.125,0.125,0.116,7.921,96.288,5.499,18.266,0,5.511,5.515,NA,12
"5/24/2022 6:08:37 AM",2.813,29.354,50.789,79.953,72963.2,1033.865,33.853,0.094,0.094,0.087,7.92,96.341,5.502,18.351,0,5.515,5.518,NA,12
"5/24/2022 6:08:37 AM",2.638,29.355,50.786,79.949,72959.2,1033.861,33.85,0.101,0.101,0.218,7.921,96.348,5.503,18.691,0,5.515,5.518,NA,12
"5/24/2022 6:08:37 AM",2.506,29.354,50.783,79.945,72956.2,1033.859,33.849,0.086,0.086,0.044,7.921,96.173,5.493,18.436,0,5.505,5.509,NA,12
"5/24/2022 6:08:37 AM",2.405,29.354,50.782,79.943,72955.4,1033.859,33.848,0.078,0.078,0.044,7.922,96.264,5.498,18.181,0,5.51,5.514,NA,12
"5/24/2022 6:08:38 AM",2.332,29.354,50.781,79.941,72953.3,1033.857,33.847,0.07,0.07,0,7.921,96.36,5.504,17.757,0,5.516,5.52,NA,12
"5/24/2022 6:08:38 AM",2.278,29.353,50.78,79.938,72952.2,1033.856,33.847,0.094,0.094,0.029,7.923,96.39,5.506,16.822,0,5.518,5.522,NA,12
"5/24/2022 6:08:38 AM",2.259,29.354,50.778,79.936,72949.3,1033.854,33.845,0.086,0.086,0.044,7.921,96.245,5.498,16.737,0,5.51,5.513,NA,12
"5/24/2022 6:08:38 AM",2.223,29.353,50.776,79.934,72947.8,1033.853,33.844,0.094,0.094,0.044,7.921,96.436,5.509,16.907,0,5.521,5.524,NA,12
"5/24/2022 6:08:38 AM",2.167,29.354,50.775,79.933,72945.9,1033.852,33.843,0.078,0.078,0.044,7.922,96.326,5.503,17.332,0,5.515,5.518,NA,12
"5/24/2022 6:08:39 AM",2.105,29.353,50.773,79.929,72943.2,1033.85,33.841,0.117,0.117,0.087,7.923,96.3,5.501,17.757,0,5.514,5.517,NA,12
"5/24/2022 6:08:39 AM",2.006,29.354,50.771,79.928,72941.4,1033.848,33.84,0.094,0.094,0.073,7.924,96.419,5.508,19.286,0,5.521,5.524,NA,12
"5/24/2022 6:08:39 AM",1.934,29.353,50.77,79.925,72940.2,1033.848,33.839,0.078,0.078,0.015,7.92,96.367,5.505,19.966,0,5.518,5.521,NA,12
"5/24/2022 6:08:39 AM",1.851,29.353,50.767,79.92,72936.1,1033.845,33.837,0.07,0.07,0.044,7.92,96.439,5.51,20.815,0,5.522,5.526,NA,12
"5/24/2022 6:08:39 AM",1.757,29.351,50.765,79.914,72933.1,1033.843,33.836,0.078,0.078,0.073,7.92,96.439,5.51,22.26,0,5.522,5.526,NA,12
"5/24/2022 6:08:40 AM",1.656,29.35,50.765,79.914,72933.9,1033.843,33.836,0.07,0.07,0.044,7.919,96.312,5.503,22.599,0,5.515,5.519,NA,12
"5/24/2022 6:08:40 AM",1.547,29.349,50.758,79.903,72925.5,1033.838,33.832,0.078,0.078,0.044,7.919,96.494,5.514,22.005,0,5.526,5.53,NA,12
"5/24/2022 6:08:40 AM",1.483,29.348,50.756,79.899,72922.8,1033.837,33.83,0.07,0.07,0.044,7.919,96.302,5.503,19.711,0,5.515,5.519,NA,12
"5/24/2022 6:08:40 AM",1.436,29.35,50.753,79.896,72918.5,1033.833,33.827,0.078,0.078,0.029,7.92,96.314,5.504,17.162,0,5.516,5.52,NA,12
"5/24/2022 6:08:40 AM",1.373,29.351,50.754,79.899,72919.3,1033.833,33.828,0.101,0.101,0.087,7.922,96.361,5.507,15.548,0,5.519,5.523,NA,12
"5/24/2022 6:08:41 AM",1.271,29.352,50.749,79.894,72913.4,1033.829,33.824,0.148,0.148,0.175,7.92,96.274,5.502,14.953,0,5.515,5.518,NA,12
"5/24/2022 6:08:41 AM",1.198,29.352,50.745,79.889,72909,1033.826,33.821,0.109,0.109,0.058,7.921,96.378,5.508,15.378,0,5.521,5.524,NA,12
"5/24/2022 6:08:41 AM",1.146,29.351,50.743,79.885,72905.3,1033.824,33.819,0.086,0.086,0.058,7.921,96.256,5.502,15.888,0,5.514,5.518,NA,12
"5/24/2022 6:08:41 AM",1.095,29.35,50.742,79.881,72904.2,1033.823,33.819,0.078,0.078,0.044,7.921,96.258,5.502,17.672,0,5.514,5.518,NA,12
"5/24/2022 6:08:41 AM",1.05,29.349,50.735,79.871,72895.6,1033.818,33.814,0.117,0.117,0.073,7.921,96.308,5.505,18.776,0,5.517,5.521,NA,12
"5/24/2022 6:08:42 AM",0.968,29.349,50.737,79.874,72899,1033.82,33.816,0.101,0.101,0.073,7.92,96.314,5.506,19.286,0,5.518,5.522,NA,12
"5/24/2022 6:08:42 AM",0.888,29.349,50.735,79.87,72896,1033.818,33.814,0.094,0.094,0.044,7.92,96.438,5.513,20.56,0,5.525,5.529,NA,12
"5/24/2022 6:08:42 AM",0.807,29.348,50.733,79.866,72893.3,1033.816,33.813,0.07,0.07,0.044,7.92,96.3,5.505,22.514,0,5.518,5.521,NA,12
"5/24/2022 6:08:42 AM",0.765,29.347,50.729,79.86,72888.3,1033.813,33.81,0.094,0.094,0.044,7.924,96.24,5.502,22.769,0,5.514,5.518,NA,12
"5/24/2022 6:08:42 AM",0.711,29.349,50.722,79.852,72879.9,1033.807,33.804,0.094,0.094,0.029,7.925,96.377,5.51,19.881,0,5.523,5.526,NA,12
"5/24/2022 6:08:43 AM",0.69,29.349,50.719,79.848,72876.3,1033.805,33.802,0.101,0.101,0.087,7.925,96.33,5.508,17.842,0,5.521,5.524,NA,12
"5/24/2022 6:08:43 AM",0.63,29.349,50.715,79.844,72871.7,1033.802,33.799,0.086,0.086,0.087,7.927,96.322,5.508,17.842,0,5.52,5.524,NA,12
"5/24/2022 6:08:43 AM",0.546,29.348,50.712,79.838,72867.5,1033.799,33.797,0.062,0.062,0.044,7.927,96.184,5.5,18.776,0,5.513,5.516,NA,12
"5/24/2022 6:08:43 AM",0.482,29.349,50.709,79.834,72863.4,1033.796,33.794,0.07,0.07,0.015,7.926,96.211,5.502,18.691,0,5.514,5.518,NA,12
"5/24/2022 6:08:43 AM",0.447,29.347,50.701,79.822,72853.7,1033.791,33.789,0.094,0.094,0.073,7.925,96.242,5.504,17.842,0,5.517,5.52,NA,12
"5/24/2022 6:08:44 AM",0.435,29.347,50.7,79.819,72852.1,1033.79,33.788,0.109,0.109,0.102,7.924,96.353,5.511,18.181,0,5.523,5.527,NA,12
"5/24/2022 6:08:44 AM",0.416,29.347,50.693,79.811,72844.1,1033.785,33.783,0.101,0.101,0.087,7.924,96.415,5.515,18.521,0,5.527,5.531,NA,12
"5/24/2022 6:08:44 AM",0.4,29.347,50.689,79.806,72839.4,1033.782,33.78,0.078,0.078,0.044,7.926,96.453,5.517,21.07,0,5.53,5.533,NA,12
"5/24/2022 6:08:44 AM",0.352,29.348,50.687,79.803,72836.5,1033.78,33.778,0.062,0.062,0,7.926,96.292,5.508,23.704,0,5.521,5.524,NA,12
"5/24/2022 6:08:44 AM",0.312,29.347,50.681,79.793,72828.3,1033.775,33.773,0.062,0.062,0.044,7.926,96.327,5.511,21.325,0,5.523,5.526,NA,12
"5/24/2022 6:08:45 AM",0.246,29.347,50.662,79.768,72805.2,1033.76,33.759,0.421,0.421,0.146,7.927,96.348,5.513,20.9,0,5.525,5.528,NA,12
"5/24/2022 6:08:45 AM",0.183,29.347,50.659,79.763,72801.9,1033.758,33.758,0.172,0.172,0.087,7.927,96.459,5.519,20.56,0,5.532,5.535,NA,12
"5/24/2022 6:08:45 AM",0.127,29.348,50.655,79.759,72795.8,1033.754,33.754,0.25,0.25,0.16,7.924,96.396,5.516,20.305,0,5.528,5.532,NA,12
"5/24/2022 6:08:45 AM",0.096,29.349,50.653,79.758,72793.6,1033.752,33.752,0.133,0.133,0.058,7.924,96.392,5.516,21.155,0,5.528,5.532,NA,12
"5/24/2022 6:08:45 AM",0.063,29.349,50.651,79.756,72791.6,1033.751,33.751,0.109,0.109,0.073,7.927,96.417,5.517,22.26,0,5.53,5.533,NA,12
"5/24/2022 6:08:46 AM",0.028,29.349,50.647,79.75,72786.4,1033.748,33.748,0.094,0.094,0.058,7.925,96.484,5.522,22.09,0,5.534,5.538,NA,12
"5/24/2022 6:08:46 AM",0,29.348,50.645,79.746,72784.3,1033.747,33.747,0.101,0.101,0.073,7.925,96.32,5.512,22.345,0,5.525,5.528,NA,12
"5/24/2022 6:08:46 AM",0,29.346,50.646,79.744,72784.8,1033.747,33.747,0.047,0.047,0,7.927,96.408,5.518,21.325,0,5.53,5.533,NA,12
"5/24/2022 6:08:46 AM",0.006,29.347,50.644,79.742,72782.1,1033.746,33.745,0.031,0.031,0,7.927,96.374,5.516,19.711,0,5.528,5.532,NA,12
"5/24/2022 6:08:47 AM",0.051,29.347,50.641,79.738,72778.6,1033.744,33.743,0.086,0.086,0.058,7.928,96.49,5.523,18.946,0,5.535,5.538,NA,12
"5/24/2022 6:08:47 AM",0.075,29.347,50.64,79.738,72778.2,1033.743,33.743,0.148,0.148,0.175,7.928,96.378,5.516,19.541,0,5.529,5.532,NA,12
"5/24/2022 6:08:47 AM",0.089,29.347,50.641,79.739,72779.4,1033.744,33.744,0.109,0.109,0.102,7.927,96.5,5.523,20.051,0,5.536,5.539,NA,12
"5/24/2022 6:08:47 AM",0.068,29.346,50.641,79.738,72778.6,1033.744,33.743,0.086,0.086,0.073,7.925,96.292,5.511,23.024,0,5.524,5.527,NA,12
"5/24/2022 6:08:47 AM",0.041,29.346,50.64,79.736,72777.7,1033.743,33.743,0.094,0.094,0.058,7.926,96.234,5.508,23.959,0,5.521,5.524,NA,12
"5/24/2022 6:08:48 AM",0.018,29.346,50.638,79.734,72775.4,1033.742,33.742,0.094,0.094,0.044,7.923,96.311,5.513,23.704,0,5.526,5.529,NA,12
"5/24/2022 6:08:48 AM",0.014,29.347,50.636,79.733,72773.1,1033.74,33.74,0.133,0.133,0.044,7.925,96.401,5.518,24.808,0,5.531,5.534,NA,12
"5/24/2022 6:08:48 AM",0.006,29.349,50.636,79.735,72772.5,1033.739,33.739,0.094,0.094,0.058,7.923,96.409,5.519,25.318,0,5.531,5.535,NA,12
"5/24/2022 6:08:48 AM",0.008,29.349,50.632,79.73,72766.8,1033.735,33.735,0.078,0.078,0.058,7.925,96.444,5.521,22.769,0,5.534,5.537,NA,12
"5/24/2022 6:08:48 AM",0,29.349,50.633,79.731,72768.2,1033.736,33.736,0.062,0.062,0.058,7.926,96.417,5.52,23.874,0,5.532,5.536,NA,12
"5/24/2022 6:08:49 AM",0,29.35,50.629,79.727,72763.4,1033.733,33.733,0.117,0.117,0.073,7.926,96.404,5.519,22.345,0,5.532,5.535,NA,12
"5/24/2022 6:08:49 AM",0,29.35,50.63,79.728,72764.1,1033.734,33.734,0.14,0.14,0.058,7.926,96.462,5.523,23.704,0,5.535,5.539,NA,12
"5/24/2022 6:08:49 AM",0,29.35,50.63,79.728,72764.9,1033.734,33.734,0.101,0.101,0.073,7.926,96.424,5.52,29.481,0,5.533,5.536,NA,12
"5/24/2022 6:08:49 AM",0,29.35,50.628,79.726,72762.8,1033.732,33.733,0.101,0.101,0.087,7.927,96.359,5.517,32.71,0,5.529,5.533,NA,12
"5/24/2022 6:08:49 AM",0,29.35,50.63,79.727,72764.2,1033.733,33.734,0.109,0.109,0.087,7.926,96.472,5.523,34.324,0,5.536,5.539,NA,12
"5/24/2022 6:08:50 AM",0,29.35,50.628,79.726,72762.7,1033.732,33.733,0.109,0.109,0.058,7.925,96.482,5.524,40.696,0,5.537,5.54,NA,12
"5/24/2022 6:08:50 AM",0,29.35,50.626,79.723,72760,1033.73,33.731,0.023,0.023,0,7.927,96.3,5.514,46.983,0,5.526,5.53,NA,12
"5/24/2022 6:08:50 AM",0,29.348,50.622,79.716,72755.3,1033.727,33.729,0.008,0.008,0,7.927,96.32,5.515,48.003,0,5.528,5.531,NA,12
"5/24/2022 6:08:50 AM",0,29.349,50.624,79.719,72757.4,1033.728,33.73,0.881,0.881,2.303,7.926,96.339,5.517,47.238,0,5.529,5.533,NA,12
"5/24/2022 6:08:50 AM",0,29.349,50.608,79.697,72737.1,1033.716,33.718,5.164,5.164,4.829,7.925,96.256,5.513,49.447,0,5.526,5.529,NA,12
"5/24/2022 6:08:51 AM",0,29.35,50.627,79.724,72761.1,1033.73,33.732,6.545,6.545,3.397,7.926,96.234,5.513,53.525,0,5.525,5.529,NA,12
"5/24/2022 6:08:51 AM",0,29.35,50.606,79.696,72734.9,1033.714,33.716,1.014,1.014,0.684,7.927,96.263,5.516,57.943,0,5.529,5.532,NA,12
"5/24/2022 6:08:51 AM",0,29.352,50.625,79.724,72758.7,1033.728,33.73,0.351,0.351,0.233,7.925,96.236,5.515,59.047,0,5.527,5.53,NA,12
"5/24/2022 6:08:51 AM",0,29.353,50.624,79.724,72757.4,1033.727,33.729,0.156,0.156,0.102,7.927,96.227,5.514,58.368,0,5.527,5.53,NA,12
"5/24/2022 6:08:51 AM",0,29.352,50.624,79.723,72757,1033.727,33.729,0.101,0.101,0.102,7.927,96.139,5.51,59.132,0,5.522,5.526,NA,12
"5/24/2022 6:08:52 AM",0,29.351,50.626,79.724,72759,1033.729,33.73,0.07,0.07,0.058,7.927,96.421,5.526,59.302,0,5.539,5.542,NA,12
"5/24/2022 6:08:52 AM",0,29.351,50.626,79.724,72759.1,1033.729,33.73,0.07,0.07,0.116,7.928,96.276,5.518,57.943,0,5.531,5.534,NA,12
"5/24/2022 6:08:52 AM",0,29.352,50.625,79.725,72758.7,1033.728,33.73,0.07,0.07,0.073,7.929,96.318,5.52,57.858,0,5.533,5.536,NA,12
"5/24/2022 6:08:52 AM",0,29.353,50.616,79.713,72747.4,1033.721,33.723,0.179,0.179,0.058,7.928,96.265,5.518,59.982,0,5.53,5.534,NA,12
"5/24/2022 6:08:52 AM",0,29.351,31.585,52.632,48034.1,1019.384,19.386,0.078,0.078,0,7.927,96.309,6.13,60.322,0,6.147,6.148,NA,12
"5/24/2022 6:08:53 AM",0,29.332,1.501,3.153,2878.2,996.971,0,167.451,167.451,288.753,7.929,96.285,7.232,60.237,0,7.253,7.253,NA,12
"5/24/2022 6:08:53 AM",0,29.286,1.096,2.338,2136.7,996.682,0,350.23,350.23,602.642,7.929,96.345,7.253,61.851,0,7.274,7.274,NA,12
"5/24/2022 6:08:53 AM",0,29.207,0.867,1.867,1708.8,996.534,0,452.436,452.436,308.424,7.924,96.362,7.264,61.341,0,7.285,7.285,NA,12
"5/24/2022 6:08:53 AM",0,29.174,0.769,1.664,1523.8,996.471,0,427.614,427.614,271.824,7.924,96.276,7.262,61.171,0,7.283,7.283,NA,12
"5/24/2022 6:08:53 AM",0,29.053,0.7,1.518,1393.3,996.455,0,246.948,246.948,249.077,7.922,96.374,7.272,60.407,0,7.293,7.293,NA,12
"5/24/2022 6:08:54 AM",0,28.981,0.626,1.362,1252.2,996.421,0,137.488,137.488,244.964,7.921,96.443,7.28,56.668,0,7.301,7.301,NA,12
"5/24/2022 6:08:54 AM",0,28.938,0.611,1.329,1223,996.422,0,41.609,41.609,62.818,7.92,96.344,7.273,53.78,0,7.294,7.294,NA,12
"5/24/2022 6:08:54 AM",0,28.935,0.568,1.239,1140.1,996.39,0,55.253,55.253,17.11,7.919,96.38,7.279,57.178,0,7.3,7.3,NA,12
"5/24/2022 6:08:54 AM",0,28.895,0.538,1.176,1082.7,996.38,0,164.541,164.541,76.706,7.919,96.47,7.287,61.171,0,7.308,7.308,NA,12
"5/24/2022 6:08:54 AM",0,28.877,0.518,1.133,1043.9,996.37,0,67.625,67.625,20.155,7.918,96.403,7.283,61.256,0,7.304,7.304,NA,12
"5/24/2022 6:08:55 AM",0,28.849,0.498,1.089,1003.7,996.363,0,486.665,486.665,342.612,7.916,96.386,7.282,61.596,0,7.303,7.303,NA,12
"5/24/2022 6:08:55 AM",0,28.801,0.477,1.044,963.1,996.361,0,305.836,305.836,143.429,7.915,96.453,7.289,63.38,0,7.31,7.31,NA,12
"5/24/2022 6:08:55 AM",0,28.748,0.435,0.954,881.1,996.345,0,85.371,85.371,23.8,7.913,96.356,7.283,62.106,0,7.304,7.304,NA,12
"5/24/2022 6:08:55 AM",0,28.66,0.422,0.924,855.5,996.361,0,35.142,35.142,8.84,7.913,96.359,7.284,59.812,0,7.305,7.305,NA,12
"5/24/2022 6:08:56 AM",0,28.555,0.413,0.904,838.2,996.385,0,11.779,11.779,3.937,7.91,96.51,7.296,57.263,0,7.317,7.317,NA,12
"5/24/2022 6:08:56 AM",0,28.367,0.405,0.884,822.8,996.433,0,13.051,13.051,2.055,7.908,96.556,7.3,58.792,0,7.321,7.321,NA,12
"5/24/2022 6:08:56 AM",0,28.19,0.399,0.867,810.3,996.479,0,9.93,9.93,0.699,7.905,96.424,7.291,57.263,0,7.312,7.312,NA,12
"5/24/2022 6:08:56 AM",0,28.179,0.515,1.112,1038.9,996.57,0,13.386,13.386,0.67,7.903,96.459,7.29,55.224,0,7.311,7.311,NA,12
"5/24/2022 6:08:56 AM",0,28.246,0.448,0.973,907.9,996.5,0,7.091,7.091,2.609,7.9,96.499,7.295,57.433,0,7.316,7.316,NA,12
"5/24/2022 6:08:57 AM",0,28.44,0.42,0.917,852.6,996.423,0,14.86,14.86,2.157,7.898,96.394,7.289,62.616,0,7.31,7.31,NA,12
"5/24/2022 6:08:57 AM",0,28.77,0.396,0.872,804.9,996.31,0,6.046,6.046,1.136,7.894,96.529,7.301,62.701,0,7.322,7.322,NA,12
"5/24/2022 6:08:57 AM",0,29.457,0.37,0.826,752.2,996.087,0,13.862,13.862,2.011,7.887,96.483,7.298,60.322,0,7.319,7.319,NA,12
"5/24/2022 6:08:57 AM",0,29.477,0.356,0.797,725.6,996.071,0,18.745,18.745,1.778,7.882,96.451,7.296,59.897,0,7.317,7.317,NA,12
"5/24/2022 6:08:57 AM",0,29.481,0.347,0.777,707.2,996.063,0,16.756,16.756,5.077,7.88,96.499,7.3,59.557,0,7.321,7.321,NA,12
"5/24/2022 6:08:58 AM",0,29.416,0.347,0.777,708,996.083,0,50.736,50.736,17.76,7.876,96.499,7.3,59.302,0,7.321,7.321,NA,12
"5/24/2022 6:08:58 AM",0,29.351,0.334,0.748,682.5,996.092,0,8.635,8.635,2.93,7.875,96.526,7.303,53.015,0,7.324,7.324,NA,12
"5/24/2022 6:08:58 AM",0,29.054,0.334,0.742,681.6,996.18,0,22.458,22.458,2.886,7.871,96.529,7.302,50.466,0,7.323,7.324,NA,12
"5/24/2022 6:08:58 AM",0,28.619,0.347,0.765,708.9,996.317,0,7.138,7.138,0.918,7.864,96.411,7.292,51.231,0,7.313,7.314,NA,12
"5/24/2022 6:08:58 AM",0,28.255,0.36,0.786,733.1,996.431,0,3.479,3.479,0.087,7.861,96.368,7.289,56.753,0,7.31,7.31,NA,12
"5/24/2022 6:08:59 AM",0,27.987,0.339,0.738,692.3,996.492,0,5.398,5.398,0.262,7.856,96.484,7.299,67.034,0,7.32,7.32,NA,12
"5/24/2022 6:08:59 AM",0,27.795,0.34,0.736,693.7,996.547,0,1.903,1.903,0.277,7.85,96.733,7.317,65.844,0,7.338,7.338,NA,12
"5/24/2022 6:08:59 AM",0,27.755,0.32,0.694,654.2,996.544,0,20.313,20.313,0.262,7.845,96.501,7.3,63.21,0,7.321,7.321,NA,12
"5/24/2022 6:08:59 AM",0,27.803,0.322,0.699,658.2,996.531,0,10.133,10.133,2.025,7.84,96.561,7.304,59.132,0,7.325,7.325,NA,12
"5/24/2022 6:08:59 AM",0,27.871,0.316,0.688,646.7,996.508,0,12.38,12.38,1.238,7.837,96.466,7.297,58.877,0,7.318,7.319,NA,12
"5/24/2022 6:09:00 AM",0,27.931,0.304,0.663,622.9,996.482,0,14.174,14.174,7.609,7.832,96.496,7.3,55.989,0,7.321,7.321,NA,12
"5/24/2022 6:09:00 AM",0,27.968,0.298,0.65,610.6,996.467,0,74.302,74.302,34.576,7.83,96.616,7.309,54.12,0,7.33,7.33,NA,12
"5/24/2022 6:09:00 AM",0,28,0.375,0.814,763.4,996.515,0,37.857,37.857,32.707,7.83,96.52,7.298,52.251,0,7.319,7.32,NA,12
"5/24/2022 6:09:00 AM",0,29.014,2.336,4.756,4370.2,997.689,0,13.082,13.082,18.011,7.909,96.317,7.205,52.93,0,7.226,7.226,NA,12
"5/24/2022 6:09:00 AM",0,29.923,2.278,4.727,4265.1,997.374,0,4.922,4.922,11.263,8.003,96.465,7.218,53.695,0,7.239,7.239,NA,12
"5/24/2022 6:09:01 AM",0,30.214,2.231,4.66,4180.1,997.249,0,2.403,2.403,9.897,8.097,96.411,7.216,54.459,0,7.237,7.237,NA,12
"5/24/2022 6:09:01 AM",0,30.253,2.112,4.43,3970.8,997.149,0,2.028,2.028,9.574,8.144,96.466,7.225,56.244,0,7.246,7.246,NA,12
"5/24/2022 6:09:01 AM",0,30.258,2.059,4.325,3877,997.108,0,1.958,1.958,8.884,8.18,96.559,7.234,58.792,0,7.255,7.255,NA,12
"5/24/2022 6:09:01 AM",0,30.257,2.126,4.457,3994.7,997.158,0,1.864,1.864,8.43,8.209,96.526,7.229,59.217,0,7.25,7.25,NA,12
"5/24/2022 6:09:01 AM",0,30.251,1.981,4.17,3737.7,997.052,0,1.841,1.841,8.342,8.244,96.42,7.226,57.688,0,7.247,7.247,NA,12
"5/24/2022 6:09:02 AM",0,30.252,1.941,4.091,3667.6,997.022,0,1.857,1.857,8.401,8.258,96.554,7.238,56.668,0,7.259,7.259,NA,12
"5/24/2022 6:09:02 AM",0,30.246,1.88,3.969,3558.5,996.978,0,1.833,1.833,8.371,8.27,96.569,7.242,56.583,0,7.263,7.263,NA,12
"5/24/2022 6:09:02 AM",0,30.247,1.827,3.862,3462.5,996.938,0,1.833,1.833,8.518,8.28,96.655,7.25,55.989,0,7.271,7.271,NA,12
"5/24/2022 6:09:02 AM",0,30.248,1.786,3.782,3390.7,996.908,0,1.864,1.864,8.503,8.286,96.61,7.248,54.714,0,7.269,7.269,NA,12
"5/24/2022 6:09:02 AM",0,30.253,1.931,4.07,3648.6,997.014,0,1.833,1.833,8.459,8.29,96.456,7.231,49.022,0,7.252,7.252,NA,12
"5/24/2022 6:09:03 AM",0,30.25,1.711,3.631,3255.1,996.851,0,1.841,1.841,8.415,8.294,96.447,7.239,46.983,0,7.26,7.26,NA,12
"5/24/2022 6:12:49 AM",0,29.353,50.705,79.835,72858,1033.789,33.79,0.101,0.101,0.058,7.798,94.461,5.381,29.141,0,5.393,5.397,NA,12
"5/24/2022 6:12:50 AM",0,29.353,50.703,79.831,72854.7,1033.787,33.788,0.078,0.078,0.044,7.809,94.454,5.381,35.513,0,5.393,5.396,NA,12
"5/24/2022 6:12:50 AM",0,29.351,50.706,79.834,72859.7,1033.79,33.792,0.086,0.086,0.044,7.819,94.494,5.383,39.167,0,5.395,5.398,NA,12
"5/24/2022 6:12:50 AM",0,29.349,50.707,79.832,72860.7,1033.791,33.793,0.062,0.062,0,7.829,94.757,5.398,43.415,0,5.41,5.413,NA,12
"5/24/2022 6:12:50 AM",0,29.349,50.711,79.837,72865.3,1033.794,33.796,0.078,0.078,0.029,7.84,94.711,5.396,44.179,0,5.408,5.411,NA,12
"5/24/2022 6:12:50 AM",0,29.35,50.714,79.842,72869.1,1033.796,33.798,0.086,0.086,0.073,7.855,94.976,5.411,42.82,0,5.423,5.426,NA,12
"5/24/2022 6:12:51 AM",0,29.351,50.714,79.845,72869.6,1033.796,33.798,0.008,0.008,0,7.864,95.139,5.42,42.735,0,5.432,5.435,NA,12
"5/24/2022 6:12:51 AM",0,29.353,50.715,79.849,72870.3,1033.796,33.797,0.257,0.257,0.349,7.872,95.277,5.428,45.879,0,5.44,5.443,NA,12
"5/24/2022 6:12:51 AM",0,29.355,50.713,79.848,72867.6,1033.794,33.795,0.289,0.289,0.189,7.88,95.384,5.434,45.709,0,5.446,5.45,NA,12
"5/24/2022 6:12:51 AM",0,29.355,50.708,79.841,72860.9,1033.79,33.791,0.195,0.195,0.248,7.888,95.265,5.428,44.519,0,5.44,5.443,NA,12
"5/24/2022 6:12:51 AM",0,29.353,50.711,79.843,72865.2,1033.793,33.795,0.14,0.14,0.131,7.896,95.267,5.428,44.094,0,5.44,5.443,NA,12
"5/24/2022 6:12:52 AM",0,29.352,50.712,79.842,72866.3,1033.794,33.796,0.125,0.125,0.67,7.899,95.465,5.439,41.97,0,5.451,5.455,NA,12
"5/24/2022 6:12:52 AM",0,29.352,50.714,79.846,72869.3,1033.796,33.797,0.109,0.109,0.451,7.903,95.36,5.434,32.88,0,5.446,5.449,NA,12
"5/24/2022 6:12:52 AM",0,29.355,50.715,79.851,72869.5,1033.796,33.797,0.07,0.07,0.116,7.909,95.466,5.44,24.638,0,5.452,5.455,NA,12
"5/24/2022 6:12:52 AM",0,29.356,50.713,79.851,72867.4,1033.794,33.795,0.14,0.14,0,7.914,95.419,5.437,16.227,0,5.449,5.453,NA,12
"5/24/2022 6:12:52 AM",0.048,29.357,50.713,79.852,72867.7,1033.795,33.795,0.07,0.07,0,7.916,95.379,5.435,14.018,0,5.447,5.451,NA,12
"5/24/2022 6:12:53 AM",0.154,29.357,50.715,79.854,72869.5,1033.797,33.796,0.133,0.133,0.131,7.919,95.367,5.435,13.424,0,5.447,5.45,NA,12
"5/24/2022 6:12:53 AM",0.26,29.356,50.718,79.857,72873.2,1033.799,33.798,0.218,0.218,0.32,7.92,95.382,5.436,14.698,0,5.448,5.451,NA,12
"5/24/2022 6:12:53 AM",0.346,29.356,50.721,79.861,72878,1033.803,33.801,0.164,0.164,0.204,7.922,95.348,5.434,19.371,0,5.446,5.449,NA,12
"5/24/2022 6:12:53 AM",0.43,29.354,50.725,79.864,72882.6,1033.806,33.804,0.086,0.086,0.058,7.925,95.358,5.434,25.743,0,5.446,5.45,NA,12
"5/24/2022 6:12:53 AM",0.452,29.355,50.723,79.863,72879.9,1033.804,33.803,0.07,0.07,0.058,7.926,95.43,5.439,25.063,0,5.451,5.454,NA,12
"5/24/2022 6:12:54 AM",0.463,29.355,50.724,79.865,72881,1033.805,33.803,0.07,0.07,0.044,7.929,95.529,5.445,22.26,0,5.457,5.46,NA,12
"5/24/2022 6:12:54 AM",0.485,29.356,50.725,79.866,72882.1,1033.806,33.804,0.218,0.218,0.16,7.931,95.361,5.435,19.116,0,5.447,5.451,NA,12
"5/24/2022 6:12:54 AM",0.512,29.355,50.726,79.868,72884.4,1033.807,33.805,0.694,0.694,0.816,7.932,95.544,5.446,17.077,0,5.458,5.461,NA,12
"5/24/2022 6:12:54 AM",0.538,29.355,50.724,79.865,72882.1,1033.806,33.804,0.187,0.187,0.131,7.934,95.579,5.448,17.842,0,5.46,5.463,NA,12
"5/24/2022 6:12:54 AM",0.534,29.355,50.726,79.867,72883.4,1033.807,33.805,0.117,0.117,0.087,7.934,95.375,5.436,18.012,0,5.448,5.452,NA,12
"5/24/2022 6:12:55 AM",0.515,29.354,50.726,79.866,72884,1033.807,33.805,0.094,0.094,0.058,7.937,95.498,5.443,19.286,0,5.455,5.459,NA,12
"5/24/2022 6:12:55 AM",0.505,29.354,50.729,79.869,72887.3,1033.809,33.807,0.07,0.07,0.058,7.937,95.413,5.439,20.9,0,5.451,5.454,NA,12
"5/24/2022 6:12:55 AM",0.538,29.354,50.729,79.869,72887.9,1033.81,33.808,0.086,0.086,0.015,7.937,95.274,5.431,19.541,0,5.443,5.446,NA,12
"5/24/2022 6:12:55 AM",0.562,29.354,50.727,79.867,72885.7,1033.809,33.806,0.078,0.078,0.058,7.938,95.214,5.428,18.691,0,5.44,5.443,NA,12
"5/24/2022 6:12:56 AM",0.571,29.354,50.724,79.862,72881.4,1033.806,33.804,0.078,0.078,0.073,7.939,95.308,5.433,17.927,0,5.445,5.449,NA,12
"5/24/2022 6:12:56 AM",0.546,29.354,50.722,79.86,72878.9,1033.805,33.802,0.078,0.078,0.073,7.94,95.233,5.429,17.332,0,5.441,5.444,NA,12
"5/24/2022 6:12:56 AM",0.489,29.353,50.724,79.861,72881.9,1033.807,33.804,0.07,0.07,0.029,7.939,95.237,5.429,16.652,0,5.441,5.445,NA,12
"5/24/2022 6:12:56 AM",0.425,29.351,50.724,79.858,72881.9,1033.807,33.805,0.109,0.109,0.073,7.94,95.302,5.433,16.142,0,5.445,5.449,NA,12
"5/24/2022 6:12:56 AM",0.388,29.351,50.723,79.857,72880.3,1033.806,33.804,0.078,0.078,0.029,7.94,95.393,5.439,15.633,0,5.451,5.454,NA,12
"5/24/2022 6:12:57 AM",0.367,29.352,50.722,79.858,72879.6,1033.805,33.803,0.055,0.055,0.029,7.94,95.343,5.437,15.378,0,5.449,5.452,NA,12
"5/24/2022 6:12:57 AM",0.352,29.353,50.721,79.857,72877.9,1033.803,33.802,0.07,0.07,0.058,7.942,95.411,5.441,14.273,0,5.453,5.456,NA,12
"5/24/2022 6:12:57 AM",0.341,29.351,50.721,79.854,72877.8,1033.804,33.802,0.101,0.101,0.073,7.944,95.627,5.453,14.613,0,5.466,5.469,NA,12
"5/24/2022 6:12:57 AM",0.336,29.352,50.72,79.855,72877.3,1033.803,33.802,0.078,0.078,0.058,7.943,95.609,5.453,14.953,0,5.465,5.468,NA,12
"5/24/2022 6:12:57 AM",0.327,29.353,50.717,79.852,72872.4,1033.8,33.799,0.094,0.094,0.044,7.943,95.776,5.463,14.018,0,5.475,5.478,NA,12
"5/24/2022 6:12:58 AM",0.294,29.353,50.713,79.846,72868.1,1033.797,33.796,0.086,0.086,0.073,7.943,96,5.476,13.679,0,5.488,5.492,NA,12
"5/24/2022 6:12:58 AM",0.279,29.352,50.716,79.847,72871.3,1033.8,33.798,0.164,0.164,0.102,7.945,95.957,5.473,11.215,0,5.486,5.489,NA,12
"5/24/2022 6:12:58 AM",0.27,29.35,50.717,79.847,72873.8,1033.802,33.8,0.094,0.094,0.058,7.947,96.222,5.489,8.751,0,5.502,5.505,NA,12
"5/24/2022 6:12:58 AM",0.31,29.349,50.715,79.843,72870.3,1033.8,33.798,0.172,0.172,0.189,7.947,96.309,5.495,9.261,0,5.507,5.511,NA,12
"5/24/2022 6:12:58 AM",0.367,29.349,50.717,79.846,72873.7,1033.802,33.801,0.218,0.218,0.451,7.946,96.369,5.499,10.28,0,5.511,5.514,NA,12
"5/24/2022 6:12:59 AM",0.43,29.348,50.718,79.847,72875.1,1033.803,33.802,0.148,0.148,0.218,7.947,96.563,5.51,12.659,0,5.523,5.526,NA,12
"5/24/2022 6:12:59 AM",0.505,29.349,50.719,79.849,72875.8,1033.804,33.802,0.101,0.101,0.102,7.949,96.563,5.51,14.018,0,5.523,5.526,NA,12
"5/24/2022 6:12:59 AM",0.619,29.35,50.719,79.851,72876.3,1033.804,33.802,0.086,0.086,0.073,7.95,96.629,5.515,13.339,0,5.527,5.531,NA,12
"5/24/2022 6:12:59 AM",0.67,29.351,50.716,79.847,72872.2,1033.802,33.799,0.07,0.07,0.073,7.95,96.738,5.521,14.103,0,5.534,5.537,NA,12
"5/24/2022 6:12:59 AM",0.692,29.35,50.716,79.845,72871.9,1033.802,33.799,0.078,0.078,0.073,7.95,96.851,5.528,14.868,0,5.541,5.544,NA,12
"5/24/2022 6:13:00 AM",0.703,29.349,50.719,79.849,72876.2,1033.805,33.802,0.078,0.078,0.073,7.95,96.876,5.529,15.123,0,5.542,5.545,NA,12
"5/24/2022 6:13:00 AM",0.678,29.352,50.72,79.854,72876.8,1033.804,33.802,0.14,0.14,0.116,7.95,96.904,5.531,15.038,0,5.543,5.547,NA,12
"5/24/2022 6:13:00 AM",0.67,29.352,50.719,79.853,72875.2,1033.803,33.8,0.109,0.109,0.087,7.951,96.993,5.536,14.868,0,5.549,5.552,NA,12
"5/24/2022 6:13:00 AM",0.671,29.354,50.717,79.853,72872.7,1033.801,33.798,0.117,0.117,0.102,7.951,97.012,5.538,14.528,0,5.55,5.554,NA,12
"5/24/2022 6:13:00 AM",0.661,29.354,50.718,79.856,72874.6,1033.802,33.8,0.086,0.086,0.073,7.952,96.924,5.533,14.103,0,5.545,5.549,NA,12
"5/24/2022 6:13:01 AM",0.647,29.355,50.715,79.853,72870.5,1033.799,33.797,0.117,0.117,0.102,7.952,96.993,5.538,13.679,0,5.55,5.553,NA,12
"5/24/2022 6:13:01 AM",0.624,29.355,50.711,79.847,72865.3,1033.796,33.794,0.101,0.101,0.058,7.954,96.99,5.538,9.855,0,5.55,5.554,NA,12
"5/24/2022 6:13:01 AM",0.586,29.355,50.709,79.844,72863.3,1033.795,33.792,0.109,0.109,0.073,7.955,97.041,5.541,5.437,0,5.554,5.557,NA,12
"5/24/2022 6:13:01 AM",0.553,29.353,50.712,79.845,72866.7,1033.797,33.795,0.094,0.094,0.073,7.955,97.019,5.54,3.738,0,5.552,5.556,NA,12
"5/24/2022 6:13:01 AM",0.518,29.351,50.713,79.843,72867.8,1033.799,33.796,0.086,0.086,0.087,7.955,97.108,5.546,4.333,0,5.558,5.562,NA,12
"5/24/2022 6:13:02 AM",0.479,29.349,50.709,79.835,72862.9,1033.796,33.794,0.062,0.062,0.073,7.955,97.186,5.551,5.862,0,5.563,5.567,NA,12
"5/24/2022 6:13:02 AM",0.461,29.349,50.709,79.835,72863.5,1033.796,33.794,0.07,0.07,0.073,7.954,97.179,5.551,7.476,0,5.563,5.567,NA,12
"5/24/2022 6:13:02 AM",0.454,29.348,50.708,79.832,72861.8,1033.795,33.793,0.086,0.086,0.058,7.955,97.153,5.549,7.986,0,5.562,5.565,NA,12
"5/24/2022 6:13:02 AM",0.479,29.347,50.707,79.829,72860.7,1033.795,33.793,0.078,0.078,0.044,7.956,97.128,5.549,8.496,0,5.561,5.565,NA,12
"5/24/2022 6:13:02 AM",0.508,29.347,50.708,79.83,72862.5,1033.796,33.794,0.086,0.086,0.058,7.955,97.238,5.555,10.11,0,5.568,5.571,NA,12
"5/24/2022 6:13:03 AM",0.593,29.349,50.708,79.834,72862.6,1033.796,33.794,0.078,0.078,0.058,7.956,97.189,5.553,12.319,0,5.565,5.569,NA,12
"5/24/2022 6:13:03 AM",0.682,29.349,50.708,79.834,72862.3,1033.796,33.793,0.062,0.062,0.044,7.957,97.273,5.558,11.385,0,5.57,5.574,NA,12
"5/24/2022 6:13:03 AM",0.783,29.35,50.708,79.834,72861.9,1033.796,33.793,0.078,0.078,0.044,7.958,97.34,5.562,10.45,0,5.574,5.578,NA,12
"5/24/2022 6:13:03 AM",0.894,29.35,50.709,79.838,72864,1033.798,33.794,0.078,0.078,0.015,7.958,97.347,5.562,10.11,0,5.574,5.578,NA,12
"5/24/2022 6:13:03 AM",0.974,29.351,50.709,79.839,72864.1,1033.798,33.794,0.078,0.078,0.058,7.956,97.258,5.557,9.77,0,5.569,5.573,NA,12
"5/24/2022 6:13:04 AM",1.125,29.351,50.716,79.848,72872.6,1033.804,33.799,0.07,0.07,0.044,7.958,97.252,5.556,8.751,0,5.569,5.572,NA,12
"5/24/2022 6:13:04 AM",1.227,29.352,50.719,79.853,72875.5,1033.806,33.8,0.078,0.078,0.073,7.958,97.244,5.556,8.581,0,5.568,5.572,NA,12
"5/24/2022 6:13:04 AM",1.304,29.354,50.725,79.864,72883.4,1033.81,33.805,0.094,0.094,0.116,7.956,97.234,5.555,9.091,0,5.567,5.571,NA,12
"5/24/2022 6:13:04 AM",1.352,29.354,50.725,79.865,72883.4,1033.81,33.805,0.086,0.086,0.058,7.957,97.282,5.557,9.601,0,5.57,5.573,NA,12
"5/24/2022 6:13:04 AM",1.403,29.354,50.73,79.872,72889.2,1033.814,33.808,0.07,0.07,0.073,7.956,97.169,5.551,9.94,0,5.563,5.567,NA,12
"5/24/2022 6:13:05 AM",1.415,29.354,50.737,79.881,72897.9,1033.82,33.814,0.078,0.078,0.073,7.956,97.09,5.546,10.45,0,5.559,5.562,NA,12
"5/24/2022 6:13:05 AM",1.406,29.353,50.738,79.881,72899.8,1033.821,33.815,0.086,0.086,0.073,7.957,97.208,5.553,10.45,0,5.566,5.569,NA,12
"5/24/2022 6:13:05 AM",1.372,29.353,50.737,79.879,72898,1033.82,33.814,0.078,0.078,0.044,7.956,97.135,5.549,10.11,0,5.561,5.565,NA,12
"5/24/2022 6:13:05 AM",1.295,29.353,50.735,79.877,72895.8,1033.818,33.812,0.086,0.086,0.058,7.956,97.103,5.547,9.431,0,5.56,5.563,NA,12
"5/24/2022 6:13:06 AM",1.238,29.353,50.737,79.88,72898.6,1033.82,33.814,0.101,0.101,0.073,7.955,97.02,5.543,8.836,0,5.555,5.559,NA,12
"5/24/2022 6:13:06 AM",1.193,29.353,50.735,79.877,72896,1033.818,33.813,0.101,0.101,0.058,7.956,97.204,5.554,8.411,0,5.566,5.57,NA,12
"5/24/2022 6:13:06 AM",1.147,29.354,50.735,79.877,72895,1033.817,33.812,0.164,0.164,0.146,7.957,97.194,5.554,7.731,0,5.566,5.57,NA,12
"5/24/2022 6:13:06 AM",1.104,29.353,50.734,79.876,72894.7,1033.817,33.812,0.109,0.109,0.087,7.956,97.13,5.55,7.646,0,5.563,5.566,NA,12
"5/24/2022 6:13:06 AM",1.036,29.354,50.732,79.873,72891.4,1033.814,33.81,0.086,0.086,0.073,7.955,97.091,5.549,7.816,0,5.561,5.565,NA,12
"5/24/2022 6:13:07 AM",1,29.353,50.732,79.872,72891.4,1033.814,33.81,0.086,0.086,0.044,7.956,97.059,5.547,7.646,0,5.56,5.563,NA,12
"5/24/2022 6:13:07 AM",0.96,29.353,50.731,79.871,72890.5,1033.814,33.809,0.078,0.078,0.058,7.957,97.185,5.554,7.392,0,5.567,5.57,NA,12
"5/24/2022 6:13:07 AM",0.937,29.353,50.729,79.868,72888,1033.812,33.808,0.062,0.062,0.073,7.957,97.216,5.557,7.307,0,5.569,5.573,NA,12
"5/24/2022 6:13:07 AM",0.923,29.353,50.728,79.866,72886.3,1033.811,33.807,0.07,0.07,0.073,7.956,97.137,5.552,7.392,0,5.565,5.568,NA,12
"5/24/2022 6:13:07 AM",0.942,29.353,50.726,79.864,72884.5,1033.81,33.806,0.117,0.117,0.087,7.958,97.046,5.547,7.646,0,5.56,5.563,NA,12
"5/24/2022 6:13:08 AM",0.968,29.353,50.727,79.865,72885.6,1033.811,33.807,0.125,0.125,0.058,7.957,97.258,5.559,7.561,0,5.572,5.575,NA,12
"5/24/2022 6:13:08 AM",1.008,29.353,50.725,79.863,72883.2,1033.809,33.805,0.101,0.101,0.029,7.958,97.027,5.547,8.326,0,5.559,5.563,NA,12
"5/24/2022 6:13:08 AM",1.061,29.352,50.725,79.863,72883.9,1033.81,33.806,0.101,0.101,0.058,7.959,97.094,5.55,9.94,0,5.563,5.566,NA,12
"5/24/2022 6:13:08 AM",1.142,29.352,50.725,79.862,72882.9,1033.81,33.805,0.078,0.078,0.044,7.96,97.069,5.549,11.555,0,5.561,5.565,NA,12
"5/24/2022 6:13:08 AM",1.208,29.352,50.726,79.863,72884.5,1033.811,33.806,0.07,0.07,0.044,7.96,97.031,5.547,11.555,0,5.559,5.563,NA,12
"5/24/2022 6:13:09 AM",1.266,29.352,50.726,79.863,72884.6,1033.811,33.806,0.086,0.086,0.029,7.96,97.075,5.549,11.3,0,5.562,5.565,NA,12
"5/24/2022 6:13:09 AM",1.316,29.352,50.726,79.863,72884.3,1033.811,33.806,0.078,0.078,0.044,7.96,97.014,5.546,11.385,0,5.558,5.562,NA,12
"5/24/2022 6:13:09 AM",1.356,29.353,50.723,79.861,72881,1033.809,33.804,0.086,0.086,0.058,7.96,97.15,5.554,11.385,0,5.567,5.57,NA,12
"5/24/2022 6:13:09 AM",1.392,29.352,50.722,79.857,72879.5,1033.809,33.803,0.07,0.07,0.044,7.962,96.974,5.544,11.555,0,5.557,5.56,NA,12
"5/24/2022 6:13:09 AM",1.394,29.351,50.724,79.859,72881.8,1033.81,33.804,0.07,0.07,0.044,7.963,97.048,5.548,11.555,0,5.561,5.564,NA,12
"5/24/2022 6:13:10 AM",1.384,29.35,50.724,79.858,72882.5,1033.811,33.805,0.07,0.07,0.044,7.963,96.979,5.545,11.3,0,5.557,5.561,NA,12
"5/24/2022 6:13:10 AM",1.358,29.35,50.724,79.857,72883.1,1033.812,33.806,0.07,0.07,0.058,7.962,97.017,5.547,10.875,0,5.559,5.563,NA,12
"5/24/2022 6:13:10 AM",1.33,29.35,50.724,79.857,72882.3,1033.811,33.805,0.07,0.07,0.044,7.962,97.065,5.55,10.11,0,5.562,5.566,NA,12
"5/24/2022 6:13:10 AM",1.297,29.35,50.722,79.853,72879.6,1033.809,33.804,0.07,0.07,0.029,7.962,96.966,5.545,7.731,0,5.557,5.561,NA,12
"5/24/2022 6:13:10 AM",1.266,29.35,50.721,79.854,72878.9,1033.808,33.803,0.078,0.078,0.073,7.962,96.976,5.545,6.117,0,5.558,5.561,NA,12
"5/24/2022 6:13:11 AM",1.233,29.35,50.721,79.853,72878.9,1033.808,33.803,0.101,0.101,0.087,7.961,96.923,5.542,5.352,0,5.555,5.558,NA,12
"5/24/2022 6:13:11 AM",1.187,29.35,50.721,79.853,72879.2,1033.809,33.803,0.094,0.094,0.102,7.96,97.024,5.548,5.437,0,5.561,5.564,NA,12
"5/24/2022 6:13:11 AM",1.132,29.35,50.721,79.853,72879.3,1033.808,33.804,0.078,0.078,0.073,7.963,96.908,5.542,6.202,0,5.555,5.558,NA,12
"5/24/2022 6:13:11 AM",1.101,29.35,50.719,79.85,72876.2,1033.806,33.802,0.07,0.07,0.029,7.962,96.938,5.544,6.627,0,5.557,5.56,NA,12
"5/24/2022 6:13:11 AM",1.074,29.349,50.719,79.849,72875.9,1033.806,33.802,0.07,0.07,0.044,7.962,96.831,5.538,6.627,0,5.55,5.554,NA,12
"5/24/2022 6:13:12 AM",1.069,29.35,50.718,79.848,72874.4,1033.805,33.801,0.109,0.109,0.146,7.963,96.983,5.547,6.882,0,5.559,5.563,NA,12
"5/24/2022 6:13:12 AM",1.085,29.349,50.716,79.846,72872.8,1033.804,33.8,0.109,0.109,0.102,7.962,96.847,5.539,7.646,0,5.552,5.555,NA,12
"5/24/2022 6:13:12 AM",1.128,29.349,50.717,79.846,72873.4,1033.805,33.8,0.094,0.094,0.058,7.962,96.876,5.541,7.986,0,5.554,5.557,NA,12
"5/24/2022 6:13:12 AM",1.207,29.349,50.717,79.846,72873.8,1033.805,33.8,0.094,0.094,0.044,7.962,96.981,5.547,8.241,0,5.56,5.563,NA,12
"5/24/2022 6:13:12 AM",1.323,29.347,50.719,79.847,72876.4,1033.808,33.802,0.086,0.086,0.073,7.963,97.03,5.55,8.411,0,5.563,5.566,NA,12
"5/24/2022 6:13:13 AM",1.547,29.35,50.715,79.845,72871.1,1033.805,33.798,0.07,0.07,0.015,7.964,96.885,5.542,8.411,0,5.555,5.558,NA,12
"5/24/2022 6:13:13 AM",1.7,29.351,50.717,79.85,72874.2,1033.807,33.8,0.031,0.031,0,7.963,96.862,5.541,7.561,0,5.553,5.557,NA,12
"5/24/2022 6:13:13 AM",1.851,29.351,50.731,79.869,72891.5,1033.818,33.81,0,0,0,7.964,96.81,5.538,6.032,0,5.55,5.553,NA,12
"5/24/2022 6:13:13 AM",1.992,29.352,50.737,79.879,72899.2,1033.823,33.815,0,0,0,7.963,96.815,5.538,4.333,0,5.55,5.554,NA,12
"5/24/2022 6:13:13 AM",2.136,29.353,50.742,79.887,72904.6,1033.827,33.818,0,0,0,7.964,96.803,5.537,3.059,0,5.55,5.553,NA,12
"5/24/2022 6:13:14 AM",2.353,29.353,50.748,79.896,72913.1,1033.833,33.823,0.14,0.14,0.233,7.965,96.81,5.537,2.379,0,5.55,5.553,NA,12
"5/24/2022 6:13:14 AM",2.504,29.352,50.755,79.903,72920.9,1033.838,33.828,0.226,0.226,0.393,7.964,96.782,5.535,3.059,0,5.548,5.551,NA,12
"5/24/2022 6:13:14 AM",2.616,29.353,50.755,79.904,72921.2,1033.839,33.828,0.195,0.195,0.393,7.965,96.733,5.533,5.522,0,5.545,5.549,NA,12
"5/24/2022 6:13:14 AM",2.725,29.353,50.763,79.915,72931.8,1033.846,33.834,0.133,0.133,0.204,7.964,96.803,5.536,8.241,0,5.549,5.552,NA,12
"5/24/2022 6:13:14 AM",2.855,29.353,50.768,79.922,72937.5,1033.85,33.838,0.109,0.109,0.102,7.964,96.717,5.532,8.581,0,5.544,5.547,NA,12
"5/24/2022 6:13:15 AM",3.064,29.352,50.776,79.933,72948,1033.857,33.844,0.078,0.078,0.029,7.964,96.76,5.534,7.392,0,5.546,5.549,NA,12
"5/24/2022 6:13:15 AM",3.006,29.353,50.779,79.937,72951.3,1033.859,33.846,0.109,0.109,0.102,7.962,96.753,5.533,7.901,0,5.546,5.549,NA,12
"5/24/2022 6:13:15 AM",2.9,29.353,50.773,79.93,72943.9,1033.854,33.841,0.086,0.086,0.058,7.962,96.468,5.518,8.071,0,5.531,5.534,NA,12
"5/24/2022 6:13:15 AM",2.711,29.353,50.766,79.92,72935.3,1033.848,33.836,0.062,0.062,0.058,7.962,96.479,5.521,7.222,0,5.534,5.537,NA,12
"5/24/2022 6:13:15 AM",2.44,29.353,50.76,79.912,72928,1033.842,33.832,0.078,0.078,0.058,7.964,96.659,5.535,6.712,0,5.548,5.551,NA,12
"5/24/2022 6:13:16 AM",2.254,29.353,50.757,79.907,72923.6,1033.839,33.829,0.125,0.125,0.058,7.964,96.795,5.545,6.372,0,5.558,5.561,NA,12
"5/24/2022 6:13:16 AM",2.096,29.353,50.754,79.904,72920.4,1033.836,33.827,0.117,0.117,0.058,7.964,96.659,5.539,6.202,0,5.551,5.555,NA,12
"5/24/2022 6:13:16 AM",1.921,29.353,50.752,79.9,72916.8,1033.833,33.825,0.094,0.094,0.073,7.965,96.66,5.539,6.202,0,5.552,5.555,NA,12
"5/24/2022 6:13:16 AM",1.787,29.353,50.75,79.899,72915.2,1033.832,33.824,0.07,0.07,0.029,7.963,96.821,5.549,6.372,0,5.562,5.565,NA,12
"5/24/2022 6:13:17 AM",1.637,29.353,50.747,79.893,72910.4,1033.828,33.821,0.094,0.094,0.058,7.964,96.78,5.547,6.372,0,5.56,5.563,NA,12
"5/24/2022 6:13:17 AM",1.549,29.352,50.747,79.892,72911,1033.828,33.822,0.086,0.086,0.073,7.965,96.827,5.55,6.712,0,5.563,5.566,NA,12
"5/24/2022 6:13:17 AM",1.453,29.352,50.746,79.891,72910.3,1033.828,33.822,0.086,0.086,0.087,7.965,96.81,5.549,6.882,0,5.562,5.565,NA,12
"5/24/2022 6:13:17 AM",1.358,29.352,50.745,79.888,72908.2,1033.826,33.82,0.078,0.078,0.029,7.965,96.823,5.55,6.542,0,5.562,5.566,NA,12
"5/24/2022 6:13:17 AM",1.276,29.352,50.743,79.887,72906.1,1033.825,33.819,0.078,0.078,0.015,7.965,96.967,5.558,5.862,0,5.571,5.574,NA,12
"5/24/2022 6:13:18 AM",1.127,29.351,50.74,79.881,72902,1033.822,33.817,0.078,0.078,0.058,7.966,96.755,5.546,5.437,0,5.558,5.562,NA,12
"5/24/2022 6:13:18 AM",1.036,29.351,50.737,79.877,72897.8,1033.819,33.814,0.07,0.07,0.029,7.966,96.82,5.549,5.522,0,5.562,5.565,NA,12
"5/24/2022 6:13:18 AM",0.948,29.351,50.737,79.875,72897.8,1033.819,33.815,0.086,0.086,0.044,7.965,96.904,5.554,6.457,0,5.567,5.57,NA,12
"5/24/2022 6:13:18 AM",0.909,29.351,50.732,79.869,72892,1033.815,33.811,0.078,0.078,0.073,7.965,96.864,5.551,7.816,0,5.564,5.568,NA,12
"5/24/2022 6:13:18 AM",0.826,29.35,50.73,79.864,72889.4,1033.813,33.81,0.094,0.094,0.087,7.964,96.852,5.551,9.091,0,5.563,5.567,NA,12
"5/24/2022 6:13:19 AM",0.746,29.349,50.727,79.859,72885.7,1033.811,33.808,0.086,0.086,0.058,7.962,96.806,5.548,10.195,0,5.56,5.564,NA,12
"5/24/2022 6:13:19 AM",0.664,29.348,50.725,79.855,72883.2,1033.809,33.807,0.078,0.078,0.044,7.963,96.791,5.546,12.489,0,5.559,5.562,NA,12
"5/24/2022 6:13:19 AM",0.586,29.348,50.723,79.853,72881.5,1033.808,33.805,0.07,0.07,0,7.966,96.829,5.548,13.254,0,5.561,5.564,NA,12
"5/24/2022 6:13:19 AM",0.454,29.349,50.724,79.855,72882,1033.807,33.806,0.078,0.078,0.073,7.967,96.756,5.544,12.659,0,5.557,5.56,NA,12
"5/24/2022 6:13:19 AM",0.36,29.35,50.715,79.845,72871.2,1033.8,33.799,0.094,0.094,0.087,7.966,96.746,5.543,12.489,0,5.556,5.559,NA,12
"5/24/2022 6:13:20 AM",0.261,29.354,50.715,79.85,72870.9,1033.799,33.798,0.086,0.086,0.073,7.966,96.321,5.518,12.149,0,5.531,5.534,NA,12
"5/24/2022 6:13:20 AM",0.216,29.369,50.724,79.885,72879.8,1033.8,33.799,0.086,0.086,0.073,7.967,96.292,5.516,10.62,0,5.528,5.532,NA,12
"5/24/2022 6:13:20 AM",0.131,29.378,50.714,79.884,72865.6,1033.788,33.788,0.086,0.086,0.102,7.968,96.273,5.515,8.241,0,5.527,5.53,NA,12
"5/24/2022 6:13:20 AM",0.055,29.385,50.669,79.833,72808.6,1033.751,33.751,0.101,0.101,0.116,7.967,96.267,5.516,7.731,0,5.528,5.532,NA,12
"5/24/2022 6:13:20 AM",0,29.374,50.679,79.831,72823.2,1033.763,33.763,0.094,0.094,0.073,7.966,96.107,5.507,6.882,0,5.52,5.523,NA,12
"5/24/2022 6:13:21 AM",0.011,29.371,50.688,79.839,72834.8,1033.771,33.771,0.172,0.172,0.189,7.968,96.105,5.509,11.725,0,5.522,5.525,NA,12
"5/24/2022 6:13:21 AM",0,29.379,50.7,79.866,72848,1033.776,33.777,0.172,0.172,0.408,7.966,96.278,5.521,18.012,0,5.534,5.537,NA,12
"5/24/2022 6:13:21 AM",0,29.393,50.676,79.854,72816.4,1033.753,33.754,0.398,0.398,1.909,7.966,96.373,5.529,16.312,0,5.542,5.545,NA,12
"5/24/2022 6:13:21 AM",0,29.39,50.665,79.835,72803.3,1033.745,33.746,0.234,0.234,0.67,7.967,96.434,5.534,11.385,0,5.547,5.55,NA,12
"5/24/2022 6:13:21 AM",0,29.387,50.65,79.81,72785.2,1033.735,33.736,0,0,0.262,7.968,96.355,5.531,8.836,0,5.543,5.547,NA,12
"5/24/2022 6:13:22 AM",0,29.388,50.643,79.801,72776.3,1033.729,33.731,0.304,0.304,0.248,7.968,96.379,5.532,8.156,0,5.545,5.548,NA,12
"5/24/2022 6:13:22 AM",0,29.384,50.632,79.78,72762.8,1033.722,33.724,0.14,0.14,0.32,7.969,96.493,5.539,7.561,0,5.552,5.555,NA,12
"5/24/2022 6:13:22 AM",0,29.364,50.636,79.757,72770.1,1033.732,33.733,0.234,0.234,0.553,7.967,96.476,5.538,10.62,0,5.55,5.554,NA,12
"5/24/2022 6:13:22 AM",0,29.357,50.664,79.785,72806.7,1033.757,33.758,0.296,0.296,0.612,7.968,96.415,5.533,13.509,0,5.546,5.55,NA,12
"5/24/2022 6:13:22 AM",0,29.368,50.758,79.929,72921.4,1033.823,33.824,0.374,0.374,0.67,7.968,96.424,5.531,18.691,0,5.544,5.547,NA,12
"5/24/2022 6:13:23 AM",0,29.385,50.67,79.833,72809.5,1033.75,33.752,0.265,0.265,0.422,7.972,96.49,5.538,27.697,0,5.551,5.554,NA,12
"5/24/2022 6:13:23 AM",0,29.373,50.653,79.793,72789.8,1033.741,33.743,0,0,0,7.971,96.446,5.536,37.807,0,5.549,5.552,NA,12
"5/24/2022 6:13:23 AM",0,29.375,50.432,79.494,72514.1,1033.573,33.575,0.195,0.195,0.743,7.971,96.446,5.543,33.219,0,5.555,5.559,NA,12
"5/24/2022 6:13:23 AM",0,29.369,50.461,79.525,72551.6,1033.598,33.599,1.225,1.225,6.408,7.97,96.428,5.541,37.382,0,5.553,5.557,NA,12
"5/24/2022 6:13:23 AM",0,29.373,50.599,79.719,72722.8,1033.701,33.702,7.933,7.933,25.835,7.97,96.461,5.539,40.101,0,5.551,5.555,NA,12
"5/24/2022 6:13:24 AM",0,29.368,50.395,79.434,72469.9,1033.548,33.55,4.47,4.47,8.987,7.971,96.546,5.55,38.147,0,5.563,5.566,NA,12
"5/24/2022 6:13:24 AM",0,29.36,50.28,79.266,72327.5,1033.464,33.465,1.116,1.116,3.091,7.972,96.472,5.549,43.5,0,5.562,5.565,NA,12
"5/24/2022 6:13:24 AM",0,29.357,44.165,70.791,64599.3,1028.84,28.841,0.554,0.554,1.253,7.971,96.41,5.735,44.604,0,5.749,5.752,NA,12
"5/24/2022 6:13:24 AM",0,29.354,50.544,79.617,72657.1,1033.666,33.668,4.79,4.79,9.75,7.971,96.481,5.541,44.859,0,5.554,5.557,NA,12
"5/24/2022 6:13:24 AM",0,29.351,50.632,79.732,72767.3,1033.734,33.736,12.692,12.692,20.643,7.971,96.35,5.53,44.094,0,5.543,5.547,NA,12
"5/24/2022 6:13:25 AM",0,29.35,50.632,79.731,72767.7,1033.734,33.736,6.896,6.896,12.512,7.971,96.385,5.532,44.179,0,5.545,5.549,NA,12
"5/24/2022 6:13:25 AM",0,29.349,50.631,79.728,72765.8,1033.734,33.735,4.322,4.322,3.251,7.973,96.515,5.539,41.121,0,5.552,5.556,NA,12
"5/24/2022 6:13:25 AM",0,29.348,50.634,79.731,72769.4,1033.736,33.737,1.607,1.607,1.734,7.973,96.321,5.528,38.997,0,5.541,5.544,NA,12
"5/24/2022 6:13:25 AM",0,29.348,50.634,79.73,72769.3,1033.736,33.738,0.577,0.577,0.612,7.973,96.382,5.532,41.036,0,5.544,5.548,NA,12
"5/24/2022 6:13:25 AM",0,29.347,50.632,79.727,72767.6,1033.735,33.737,0.234,0.234,0.277,7.972,96.536,5.54,41.036,0,5.553,5.556,NA,12
"5/24/2022 6:13:26 AM",0,29.345,50.633,79.724,72768.4,1033.736,33.738,0.109,0.109,0.131,7.974,96.445,5.535,38.147,0,5.547,5.551,NA,12
"5/24/2022 6:13:26 AM",0,29.345,50.629,79.72,72764.4,1033.734,33.735,0.086,0.086,0.175,7.975,96.519,5.539,34.579,0,5.552,5.555,NA,12
"5/24/2022 6:13:26 AM",0,29.345,50.63,79.72,72764.9,1033.735,33.736,0.148,0.148,0.335,7.975,96.335,5.528,24.469,0,5.541,5.544,NA,12
"5/24/2022 6:13:26 AM",0,29.344,50.632,79.722,72768.5,1033.738,33.738,0.133,0.133,0.189,7.976,96.47,5.536,17.417,0,5.548,5.552,NA,12
"5/24/2022 6:13:27 AM",0.128,29.344,50.635,79.727,72772.4,1033.741,33.74,0,0,0,7.976,96.505,5.538,11.894,0,5.55,5.554,NA,12
"5/24/2022 6:13:27 AM",0.275,29.344,50.636,79.728,72772.7,1033.742,33.74,0,0,0,7.977,96.469,5.535,9.261,0,5.548,5.552,NA,12
"5/24/2022 6:13:27 AM",0.44,29.347,50.64,79.737,72777.7,1033.745,33.743,0.273,0.273,0.422,7.978,96.495,5.537,9.091,0,5.549,5.553,NA,12
"5/24/2022 6:13:27 AM",0.607,29.347,50.641,79.74,72779.2,1033.746,33.743,0.203,0.203,0.131,7.978,96.494,5.537,9.346,0,5.549,5.553,NA,12
"5/24/2022 6:13:27 AM",0.777,29.347,50.646,79.746,72785.4,1033.751,33.747,0.062,0.062,0,7.978,96.601,5.542,6.287,0,5.555,5.558,NA,12
"5/24/2022 6:13:28 AM",1.015,29.349,50.669,79.78,72813.5,1033.768,33.764,0.226,0.226,0.408,7.978,96.446,5.533,9.176,0,5.545,5.549,NA,12
"5/24/2022 6:13:28 AM",1.125,29.349,50.677,79.792,72823.5,1033.774,33.77,0.125,0.125,0.175,7.979,96.479,5.534,15.633,0,5.547,5.55,NA,12
"5/24/2022 6:13:28 AM",1.25,29.349,50.679,79.794,72826.1,1033.777,33.771,0.094,0.094,0.087,7.98,96.508,5.536,18.012,0,5.548,5.552,NA,12
"5/24/2022 6:13:28 AM",1.38,29.348,50.681,79.795,72828.7,1033.779,33.773,0.086,0.086,0.015,7.978,96.505,5.535,17.162,0,5.548,5.551,NA,12
"5/24/2022 6:13:28 AM",1.601,29.348,50.69,79.807,72840.1,1033.787,33.78,0.101,0.101,0.073,7.979,96.513,5.535,14.783,0,5.548,5.552,NA,12
"5/24/2022 6:13:29 AM",1.75,29.348,50.703,79.826,72856.7,1033.797,33.79,0.078,0.078,0.044,7.978,96.514,5.535,13.339,0,5.548,5.551,NA,12
"5/24/2022 6:13:29 AM",1.903,29.349,50.713,79.841,72868.7,1033.805,33.797,0.078,0.078,0.015,7.98,96.646,5.542,12.064,0,5.555,5.559,NA,12
"5/24/2022 6:13:29 AM",2.058,29.349,50.719,79.85,72876.9,1033.811,33.802,0.055,0.055,0,7.981,96.559,5.537,10.195,0,5.55,5.553,NA,12
"5/24/2022 6:13:29 AM",2.214,29.349,50.725,79.857,72883.8,1033.816,33.806,0.031,0.031,0,7.981,96.574,5.538,7.816,0,5.55,5.554,NA,12
"5/24/2022 6:13:29 AM",2.458,29.349,50.737,79.874,72899.3,1033.826,33.815,0.101,0.101,0.116,7.981,96.553,5.536,5.862,0,5.549,5.552,NA,12
"5/24/2022 6:13:30 AM",2.616,29.348,50.746,79.886,72911.3,1033.834,33.823,0.078,0.078,0.044,7.981,96.625,5.54,4.928,0,5.553,5.556,NA,12
"5/24/2022 6:13:30 AM",2.779,29.348,50.75,79.89,72915.4,1033.837,33.825,0.039,0.039,0,7.98,96.509,5.533,3.738,0,5.546,5.55,NA,12
"5/24/2022 6:13:30 AM",2.93,29.349,50.752,79.894,72918.1,1033.839,33.827,0.07,0.07,0.058,7.98,96.468,5.531,3.059,0,5.544,5.547,NA,12
"5/24/2022 6:13:30 AM",3.078,29.35,50.755,79.9,72922.2,1033.842,33.829,0.062,0.062,0.029,7.98,96.471,5.531,2.379,0,5.544,5.547,NA,12
"5/24/2022 6:13:30 AM",3.297,29.351,50.758,79.906,72926.3,1033.845,33.831,0.156,0.156,0.233,7.98,96.422,5.529,1.954,0,5.541,5.545,NA,12
"5/24/2022 6:13:31 AM",3.424,29.35,50.763,79.912,72932.1,1033.849,33.835,0.257,0.257,0.422,7.981,96.448,5.53,4.673,0,5.542,5.546,NA,12
"5/24/2022 6:13:31 AM",3.462,29.351,50.764,79.914,72933.4,1033.85,33.835,0.156,0.156,0.204,7.98,96.468,5.531,8.921,0,5.544,5.547,NA,12
"5/24/2022 6:13:31 AM",3.46,29.35,50.766,79.916,72935.8,1033.852,33.837,0.203,0.203,0.248,7.98,96.482,5.532,10.025,0,5.545,5.548,NA,12
"5/24/2022 6:13:31 AM",3.448,29.35,50.757,79.904,72924.5,1033.845,33.83,0.109,0.109,0.058,7.981,96.498,5.533,9.431,0,5.546,5.549,NA,12
"5/24/2022 6:13:31 AM",3.491,29.351,50.754,79.901,72921,1033.843,33.828,0.094,0.094,0.044,7.979,96.521,5.535,9.176,0,5.548,5.551,NA,12
"5/24/2022 6:13:32 AM",3.566,29.352,50.754,79.903,72921,1033.843,33.827,0.094,0.094,0.029,7.98,96.416,5.529,9.261,0,5.542,5.545,NA,12
"5/24/2022 6:13:32 AM",3.623,29.353,50.757,79.908,72924.2,1033.844,33.829,0.086,0.086,0.044,7.979,96.444,5.531,9.685,0,5.543,5.547,NA,12
"5/24/2022 6:13:32 AM",3.702,29.353,50.759,79.912,72927.4,1033.847,33.831,0.086,0.086,0.058,7.982,96.389,5.528,9.855,0,5.54,5.544,NA,12
"5/24/2022 6:13:32 AM",3.806,29.353,50.76,79.913,72928.3,1033.848,33.831,0.07,0.07,0.029,7.983,96.347,5.525,9.431,0,5.538,5.541,NA,12
"5/24/2022 6:13:32 AM",3.943,29.354,50.76,79.914,72928.6,1033.848,33.832,0.07,0.07,0.029,7.982,96.438,5.531,8.666,0,5.543,5.547,NA,12
"5/24/2022 6:13:33 AM",4.101,29.354,50.762,79.917,72931,1033.85,33.833,0.07,0.07,0,7.982,96.483,5.533,7.646,0,5.546,5.549,NA,12
"5/24/2022 6:13:33 AM",4.23,29.354,50.766,79.922,72936.4,1033.854,33.836,0.078,0.078,0.044,7.983,96.496,5.534,7.392,0,5.547,5.55,NA,12
"5/24/2022 6:13:33 AM",4.33,29.353,50.769,79.925,72939.6,1033.857,33.838,0.125,0.125,0.073,7.983,96.522,5.535,9.855,0,5.548,5.552,NA,12
"5/24/2022 6:13:33 AM",4.407,29.354,50.769,79.926,72939,1033.856,33.838,0.094,0.094,0.058,7.982,96.417,5.529,10.28,0,5.542,5.545,NA,12
"5/24/2022 6:13:33 AM",4.532,29.354,50.77,79.927,72941.1,1033.858,33.839,0.07,0.07,0.015,7.983,96.441,5.531,9.855,0,5.543,5.547,NA,12
"5/24/2022 6:13:34 AM",4.683,29.353,50.77,79.927,72941.6,1033.859,33.839,0.078,0.078,0.015,7.982,96.402,5.529,9.006,0,5.541,5.545,NA,12
"5/24/2022 6:13:34 AM",4.932,29.353,50.777,79.936,72949.8,1033.865,33.844,0.078,0.078,0.073,7.982,96.419,5.529,8.071,0,5.542,5.545,NA,12
"5/24/2022 6:13:34 AM",5.097,29.353,50.775,79.934,72948,1033.865,33.843,0.078,0.078,0.015,7.982,96.481,5.533,7.392,0,5.545,5.549,NA,12
"5/24/2022 6:13:34 AM",5.265,29.353,50.776,79.936,72949.4,1033.866,33.844,0.101,0.101,0,7.982,96.458,5.532,6.712,0,5.544,5.548,NA,12
"5/24/2022 6:13:34 AM",5.43,29.353,50.775,79.934,72947.3,1033.866,33.842,0.078,0.078,0,7.982,96.46,5.532,6.032,0,5.544,5.548,NA,12
"5/24/2022 6:13:35 AM",5.594,29.353,50.77,79.928,72941.9,1033.863,33.839,0.086,0.086,0.087,7.981,96.524,5.536,5.437,0,5.548,5.552,NA,12
"5/24/2022 6:13:35 AM",5.788,29.351,50.755,79.903,72922.7,1033.853,33.828,0.117,0.117,0.146,7.981,96.362,5.527,7.561,0,5.539,5.543,NA,12
"5/24/2022 6:13:35 AM",5.804,29.352,50.748,79.896,72915,1033.848,33.823,0.117,0.117,0.087,7.982,96.379,5.528,9.94,0,5.54,5.544,NA,12
"5/24/2022 6:13:35 AM",5.682,29.353,50.748,79.897,72914.8,1033.847,33.823,0.187,0.187,0.044,7.983,96.404,5.529,10.45,0,5.542,5.545,NA,12
"5/24/2022 6:13:35 AM",5.528,29.352,50.768,79.923,72939.1,1033.861,33.838,0.14,0.14,0.073,7.979,96.403,5.529,10.365,0,5.541,5.545,NA,12
"5/24/2022 6:13:36 AM",5.35,29.352,50.773,79.93,72945.3,1033.864,33.842,0.094,0.094,0.058,7.982,96.403,5.529,10.28,0,5.541,5.545,NA,12
"5/24/2022 6:13:36 AM",5.126,29.352,50.771,79.927,72943.2,1033.862,33.84,0.07,0.07,0.044,7.979,96.375,5.528,9.855,0,5.54,5.544,NA,12
"5/24/2022 6:13:36 AM",5.017,29.352,50.772,79.928,72943.5,1033.862,33.841,0.086,0.086,0.058,7.981,96.32,5.525,9.431,0,5.538,5.541,NA,12
"5/24/2022 6:13:36 AM",4.925,29.353,50.768,79.923,72938.6,1033.859,33.838,0.086,0.086,0.044,7.983,96.265,5.522,8.921,0,5.534,5.538,NA,12
"5/24/2022 6:13:37 AM",4.82,29.353,50.767,79.922,72937.2,1033.857,33.837,0.101,0.101,0.073,7.984,96.381,5.529,8.751,0,5.541,5.545,NA,12
"5/24/2022 6:13:37 AM",4.629,29.353,50.765,79.92,72935,1033.855,33.835,0.07,0.07,0.044,7.984,96.373,5.528,8.411,0,5.541,5.544,NA,12
"5/24/2022 6:13:37 AM",4.487,29.352,50.765,79.918,72934.9,1033.855,33.836,0.078,0.078,0.058,7.984,96.285,5.523,8.326,0,5.536,5.539,NA,12
"5/24/2022 6:13:37 AM",4.36,29.352,50.764,79.916,72933.1,1033.853,33.835,0.125,0.125,0.073,7.984,96.293,5.524,7.986,0,5.536,5.54,NA,12
"5/24/2022 6:13:37 AM",4.237,29.352,50.761,79.914,72930.1,1033.851,33.833,0.101,0.101,0.044,7.984,96.312,5.525,7.731,0,5.538,5.541,NA,12
"5/24/2022 6:13:38 AM",4.117,29.352,50.761,79.912,72929.4,1033.85,33.832,0.078,0.078,0.029,7.984,96.174,5.517,7.561,0,5.53,5.533,NA,12
"5/24/2022 6:13:38 AM",3.927,29.352,50.761,79.912,72929.5,1033.849,33.833,0.062,0.062,0.015,7.983,96.185,5.518,7.222,0,5.53,5.534,NA,12
"5/24/2022 6:13:38 AM",3.816,29.352,50.756,79.906,72923.7,1033.845,33.829,0.062,0.062,0.029,7.986,96.166,5.517,7.137,0,5.529,5.533,NA,12
"5/24/2022 6:13:38 AM",3.714,29.352,50.751,79.9,72917.6,1033.841,33.825,0.101,0.101,0.044,7.986,96.28,5.523,7.137,0,5.535,5.539,NA,12
"5/24/2022 6:13:38 AM",3.611,29.352,50.748,79.895,72913.7,1033.838,33.823,0.094,0.094,0.029,7.986,96.217,5.519,6.882,0,5.532,5.535,NA,12
"5/24/2022 6:13:39 AM",3.465,29.352,50.748,79.894,72912.9,1033.837,33.823,0.101,0.101,0.058,7.988,96.219,5.519,6.712,0,5.532,5.535,NA,12
"5/24/2022 6:13:39 AM",3.375,29.351,50.746,79.889,72910.2,1033.836,33.821,0.078,0.078,0.044,7.988,96.29,5.523,6.967,0,5.536,5.539,NA,12
"5/24/2022 6:13:39 AM",3.258,29.351,50.743,79.886,72907.2,1033.833,33.82,0.055,0.055,0.044,7.985,96.251,5.521,7.222,0,5.533,5.537,NA,12
"5/24/2022 6:13:39 AM",3.123,29.351,50.742,79.884,72905.6,1033.832,33.819,0.07,0.07,0.087,7.985,96.279,5.523,7.222,0,5.535,5.539,NA,12
"5/24/2022 6:13:39 AM",2.972,29.351,50.74,79.881,72902.5,1033.829,33.817,0.07,0.07,0.087,7.984,96.086,5.512,7.392,0,5.524,5.528,NA,12
"5/24/2022 6:13:40 AM",2.756,29.351,50.735,79.875,72896.9,1033.825,33.813,0.094,0.094,0.073,7.986,96.322,5.525,6.967,0,5.537,5.541,NA,12
"5/24/2022 6:13:40 AM",2.645,29.351,50.734,79.872,72895.1,1033.824,33.812,0.094,0.094,0.073,7.985,96.201,5.518,6.457,0,5.531,5.534,NA,12
"5/24/2022 6:13:40 AM",2.531,29.351,50.732,79.87,72892.6,1033.822,33.811,0.078,0.078,0.058,7.988,96.247,5.52,5.947,0,5.533,5.536,NA,12
"5/24/2022 6:13:40 AM",2.437,29.351,50.731,79.869,72892,1033.821,33.811,0.062,0.062,0.058,7.988,96.203,5.518,5.692,0,5.531,5.534,NA,12
"5/24/2022 6:13:40 AM",2.292,29.351,50.73,79.868,72890.5,1033.819,33.81,0.07,0.07,0.029,7.988,96.121,5.513,5.183,0,5.526,5.529,NA,12
"5/24/2022 6:13:41 AM",2.228,29.351,50.727,79.863,72886.8,1033.817,33.807,0.078,0.078,0.073,7.989,96.237,5.519,5.013,0,5.532,5.536,NA,12
"5/24/2022 6:13:41 AM",2.147,29.351,50.727,79.862,72886.3,1033.816,33.807,0.078,0.078,0.029,7.989,96.178,5.516,5.352,0,5.529,5.532,NA,12
"5/24/2022 6:13:41 AM",2.075,29.35,50.726,79.86,72884.8,1033.815,33.806,0.086,0.086,0.058,7.989,96.194,5.517,5.183,0,5.53,5.533,NA,12
"5/24/2022 6:13:41 AM",2.027,29.351,50.723,79.858,72881.8,1033.813,33.804,0.078,0.078,0.029,7.989,96.174,5.516,5.013,0,5.528,5.532,NA,12
"5/24/2022 6:13:41 AM",1.936,29.351,50.723,79.857,72881.7,1033.813,33.804,0.094,0.094,0.073,7.989,96.116,5.512,5.437,0,5.525,5.528,NA,12
"5/24/2022 6:13:42 AM",1.86,29.351,50.721,79.855,72879.6,1033.811,33.803,0.094,0.094,0.073,7.99,96.214,5.518,5.692,0,5.531,5.534,NA,12
"5/24/2022 6:13:42 AM",1.789,29.351,50.726,79.862,72884.9,1033.814,33.806,0.07,0.07,0.087,7.99,96.23,5.519,5.692,0,5.531,5.535,NA,12
"5/24/2022 6:13:42 AM",1.707,29.353,50.724,79.862,72882.6,1033.812,33.804,0.086,0.086,0.058,7.991,96.302,5.523,5.607,0,5.535,5.539,NA,12
"5/24/2022 6:13:42 AM",1.646,29.354,50.723,79.862,72881.4,1033.81,33.803,0.094,0.094,0.073,7.991,96.376,5.527,5.522,0,5.54,5.543,NA,12
"5/24/2022 6:13:42 AM",1.571,29.355,50.72,79.86,72877.4,1033.807,33.801,0.086,0.086,0.029,7.99,96.248,5.52,5.522,0,5.532,5.536,NA,12
"5/24/2022 6:13:43 AM",1.528,29.355,50.718,79.856,72874.6,1033.806,33.799,0.086,0.086,0.073,7.987,96.197,5.517,5.183,0,5.529,5.533,NA,12
"5/24/2022 6:13:43 AM",1.478,29.355,50.715,79.853,72871.2,1033.803,33.797,0.078,0.078,0.058,7.986,96.25,5.52,4.843,0,5.532,5.536,NA,12
"5/24/2022 6:13:43 AM",1.432,29.354,50.714,79.849,72869.4,1033.802,33.796,0.062,0.062,0.044,7.988,96.132,5.513,4.588,0,5.526,5.529,NA,12
"5/24/2022 6:13:43 AM",1.37,29.352,50.713,79.845,72867.9,1033.802,33.796,0.078,0.078,0.044,7.988,96.199,5.517,4.673,0,5.529,5.533,NA,12
"5/24/2022 6:13:43 AM",1.339,29.352,50.712,79.844,72867.6,1033.801,33.796,0.078,0.078,0.087,7.989,96.227,5.519,4.758,0,5.531,5.535,NA,12
"5/24/2022 6:13:44 AM",1.328,29.35,50.708,79.835,72862,1033.798,33.793,0.078,0.078,0.073,7.989,96.18,5.516,4.928,0,5.528,5.532,NA,12
"5/24/2022 6:13:44 AM",1.313,29.35,50.707,79.834,72861.4,1033.798,33.792,0.062,0.062,0,7.99,96.125,5.512,5.522,0,5.525,5.528,NA,12
"5/24/2022 6:13:44 AM",1.288,29.35,50.705,79.831,72858.7,1033.796,33.791,0.07,0.07,0.029,7.987,96.218,5.518,6.117,0,5.53,5.534,NA,12
"5/24/2022 6:13:44 AM",1.224,29.35,50.706,79.832,72859.8,1033.797,33.792,0.07,0.07,0.015,7.987,96.11,5.512,6.882,0,5.524,5.528,NA,12
"5/24/2022 6:13:44 AM",1.181,29.349,50.705,79.829,72858.8,1033.796,33.791,0.07,0.07,0.029,7.989,96.178,5.516,6.882,0,5.528,5.532,NA,12
"5/24/2022 6:13:45 AM",1.139,29.348,50.704,79.827,72857.5,1033.795,33.791,0.07,0.07,0,7.991,96.24,5.519,6.712,0,5.532,5.535,NA,12
"5/24/2022 6:13:45 AM",1.102,29.347,50.703,79.824,72856.1,1033.795,33.79,0.117,0.117,0.073,7.991,96.13,5.513,6.967,0,5.526,5.529,NA,12
"5/24/2022 6:13:45 AM",1.048,29.347,50.702,79.822,72854.8,1033.794,33.789,0.086,0.086,0.058,7.992,96.201,5.517,7.137,0,5.529,5.533,NA,12
"5/24/2022 6:13:45 AM",1.015,29.345,50.701,79.818,72853.8,1033.794,33.789,0.078,0.078,0.015,7.991,96.176,5.516,6.797,0,5.528,5.532,NA,12
"5/24/2022 6:13:45 AM",0.993,29.343,50.7,79.815,72853.8,1033.794,33.79,0.078,0.078,0.044,7.991,96.211,5.518,6.287,0,5.53,5.534,NA,12
"5/24/2022 6:13:46 AM",0.955,29.342,50.701,79.814,72855,1033.795,33.791,0.086,0.086,0.073,7.992,96.267,5.521,6.117,0,5.534,5.537,NA,12
"5/24/2022 6:13:46 AM",0.904,29.343,50.7,79.814,72853.1,1033.793,33.79,0.086,0.086,0.073,7.992,96.273,5.521,6.287,0,5.534,5.537,NA,12
"5/24/2022 6:13:46 AM",0.868,29.345,50.698,79.813,72850.3,1033.791,33.787,0.07,0.07,0.029,7.992,96.389,5.528,6.117,0,5.541,5.544,NA,12
"5/24/2022 6:13:46 AM",0.812,29.345,50.696,79.81,72847.5,1033.789,33.786,0.086,0.086,0.044,7.993,96.257,5.521,6.117,0,5.533,5.537,NA,12
"5/24/2022 6:13:47 AM",0.758,29.344,50.694,79.808,72845.4,1033.788,33.784,0.086,0.086,0.044,7.992,96.284,5.522,6.712,0,5.535,5.538,NA,12
"5/24/2022 6:13:47 AM",0.703,29.344,50.694,79.808,72845.9,1033.788,33.785,0.086,0.086,0.044,7.991,96.316,5.524,6.712,0,5.537,5.54,NA,12
"5/24/2022 6:13:47 AM",0.635,29.344,50.689,79.801,72839.3,1033.783,33.781,0.07,0.07,0.058,7.993,96.329,5.525,6.202,0,5.538,5.541,NA,12
"5/24/2022 6:13:47 AM",0.597,29.343,50.688,79.799,72838.7,1033.783,33.781,0.07,0.07,0.058,7.992,96.342,5.526,5.777,0,5.538,5.542,NA,12
"5/24/2022 6:13:47 AM",0.558,29.345,50.687,79.799,72836.5,1033.781,33.779,0.07,0.07,0.015,7.992,96.345,5.526,4.503,0,5.538,5.542,NA,12
"5/24/2022 6:13:48 AM",0.52,29.346,50.684,79.797,72832.9,1033.779,33.776,0.062,0.062,0.044,7.991,96.283,5.523,3.313,0,5.535,5.539,NA,12
"5/24/2022 6:13:48 AM",0.451,29.345,50.683,79.793,72831.7,1033.778,33.776,0.086,0.086,0.058,7.993,96.257,5.521,2.549,0,5.534,5.537,NA,12
"5/24/2022 6:13:48 AM",0.386,29.344,50.683,79.792,72831.3,1033.778,33.776,0.086,0.086,0.029,7.994,96.335,5.526,2.549,0,5.538,5.542,NA,12
"5/24/2022 6:13:48 AM",0.32,29.345,50.679,79.788,72826,1033.774,33.772,0.062,0.062,0.058,7.994,96.369,5.528,3.483,0,5.54,5.544,NA,12
"5/24/2022 6:13:48 AM",0.301,29.345,50.678,79.787,72825.3,1033.773,33.772,0.055,0.055,0.029,7.993,96.391,5.529,11.47,0,5.542,5.545,NA,12
"5/24/2022 6:13:49 AM",0.293,29.344,50.68,79.788,72828.3,1033.775,33.774,0.078,0.078,0.044,7.992,96.42,5.53,14.358,0,5.543,5.546,NA,12
"5/24/2022 6:13:49 AM",0.296,29.345,50.676,79.784,72822.8,1033.772,33.771,0.078,0.078,0.058,7.99,96.371,5.528,13.764,0,5.54,5.544,NA,12
"5/24/2022 6:13:49 AM",0.293,29.346,50.675,79.784,72821.2,1033.771,33.769,0.078,0.078,0.058,7.99,96.342,5.526,15.123,0,5.539,5.542,NA,12
"5/24/2022 6:13:49 AM",0.317,29.346,50.674,79.784,72820.5,1033.77,33.769,0.078,0.078,0.058,7.99,96.311,5.525,16.057,0,5.537,5.541,NA,12
"5/24/2022 6:13:49 AM",0.331,29.346,50.673,79.781,72818.8,1033.769,33.768,0.07,0.07,0.044,7.992,96.306,5.525,15.803,0,5.537,5.541,NA,12
"5/24/2022 6:13:50 AM",0.333,29.343,50.665,79.766,72809.9,1033.765,33.763,0.078,0.078,0.044,7.991,96.34,5.527,15.633,0,5.539,5.543,NA,12
"5/24/2022 6:13:50 AM",0.322,29.341,50.67,79.769,72815.3,1033.769,33.767,0.148,0.148,0.073,7.993,96.298,5.524,14.868,0,5.537,5.54,NA,12
"5/24/2022 6:13:50 AM",0.31,29.34,50.667,79.764,72812.4,1033.767,33.766,0.195,0.195,0.102,7.993,96.342,5.527,13.933,0,5.539,5.543,NA,12
"5/24/2022 6:13:50 AM",0.279,29.337,50.671,79.765,72817,1033.771,33.769,0.203,0.203,0.102,7.994,96.492,5.535,13.849,0,5.548,5.552,NA,12
"5/24/2022 6:13:50 AM",0.275,29.336,50.67,79.763,72816.4,1033.77,33.769,0.125,0.125,0.087,7.994,96.467,5.534,14.273,0,5.547,5.55,NA,12
"5/24/2022 6:13:51 AM",0.246,29.337,50.669,79.762,72815.5,1033.77,33.769,0.086,0.086,0.058,7.996,96.334,5.527,15.293,0,5.539,5.543,NA,12
"5/24/2022 6:13:51 AM",0.232,29.338,50.671,79.766,72817,1033.77,33.769,0.086,0.086,0.058,7.996,96.343,5.528,15.463,0,5.54,5.544,NA,12
"5/24/2022 6:13:51 AM",0.208,29.34,50.677,79.779,72825.2,1033.774,33.773,0.078,0.078,0.073,7.997,96.373,5.53,15.208,0,5.542,5.546,NA,12
"5/24/2022 6:13:51 AM",0.254,29.346,50.669,79.776,72814.2,1033.766,33.765,0.086,0.086,0.058,7.994,96.4,5.532,13.594,0,5.544,5.548,NA,12
"5/24/2022 6:13:51 AM",0.218,29.347,50.662,79.768,72804.9,1033.76,33.759,0.086,0.086,0.044,7.993,96.296,5.526,11.894,0,5.539,5.542,NA,12
"5/24/2022 6:13:52 AM",0.223,29.347,50.669,79.778,72813.8,1033.766,33.765,0.094,0.094,0.087,7.994,96.355,5.53,12.914,0,5.542,5.546,NA,12
"5/24/2022 6:13:52 AM",0.263,29.349,50.666,79.777,72809.9,1033.763,33.762,0.086,0.086,0.073,7.993,96.429,5.535,14.358,0,5.548,5.551,NA,12
"5/24/2022 6:13:52 AM",0.237,29.351,50.661,79.772,72803.2,1033.758,33.757,0.078,0.078,0.058,7.994,96.457,5.537,15.973,0,5.55,5.553,NA,12
"5/24/2022 6:13:52 AM",0.277,29.349,50.658,79.765,72799.7,1033.757,33.756,0.094,0.094,0.029,7.996,96.361,5.532,16.567,0,5.545,5.549,NA,12
"5/24/2022 6:13:52 AM",0.178,29.345,50.663,79.766,72806.8,1033.762,33.761,0.109,0.109,0.146,7.996,96.435,5.538,17.672,0,5.55,5.554,NA,12
"5/24/2022 6:13:53 AM",0.129,29.344,50.663,79.765,72806.6,1033.762,33.761,0.109,0.109,0.116,7.998,96.386,5.536,17.502,0,5.548,5.552,NA,12
"5/24/2022 6:13:53 AM",0.084,29.343,50.661,79.76,72804.1,1033.76,33.76,0.101,0.101,0.087,7.997,96.454,5.54,16.227,0,5.553,5.556,NA,12
"5/24/2022 6:13:53 AM",0.041,29.343,50.659,79.757,72801.4,1033.758,33.758,0.109,0.109,0.073,7.995,96.463,5.541,15.378,0,5.554,5.557,NA,12
"5/24/2022 6:13:53 AM",0,29.344,50.66,79.761,72803,1033.759,33.759,0.117,0.117,0.073,7.994,96.528,5.545,14.018,0,5.558,5.561,NA,12
"5/24/2022 6:13:53 AM",0,29.346,50.656,79.759,72798.1,1033.755,33.755,0.094,0.094,0.087,7.994,96.419,5.539,22.514,0,5.552,5.555,NA,12
"5/24/2022 6:13:54 AM",0,29.348,50.676,79.788,72822.8,1033.769,33.77,0.218,0.218,0.146,7.993,96.451,5.54,31.01,0,5.553,5.556,NA,12
"5/24/2022 6:13:54 AM",0,29.383,50.78,79.982,72947.8,1033.835,33.836,0.234,0.234,0.073,7.992,96.549,5.542,37.128,0,5.555,5.559,NA,12
"5/24/2022 6:13:54 AM",0,29.458,50.564,79.795,72668.7,1033.644,33.646,0.484,0.484,0.262,7.993,96.62,5.553,39.506,0,5.566,5.569,NA,12
"5/24/2022 6:13:54 AM",0,29.472,50.185,79.297,72193.9,1033.352,33.353,47.132,47.132,70.344,7.996,96.383,5.551,41.546,0,5.564,5.567,NA,12
"5/24/2022 6:13:54 AM",0,29.542,50.452,79.766,72519.4,1033.53,33.531,40.595,40.595,107.905,7.996,96.444,5.546,42.565,0,5.559,5.563,NA,12
"5/24/2022 6:13:55 AM",0,29.468,50.501,79.724,72589,1033.593,33.594,89.514,89.514,289.612,7.994,96.496,5.548,41.631,0,5.561,5.564,NA,12
"5/24/2022 6:13:55 AM",0,29.392,50.56,79.694,72672.1,1033.665,33.666,94.155,94.155,223.57,7.994,96.526,5.547,40.866,0,5.56,5.564,NA,12
"5/24/2022 6:13:55 AM",0,29.357,50.594,79.689,72719.4,1033.703,33.705,66.205,66.205,75.409,7.995,96.538,5.547,43.075,0,5.56,5.564,NA,12
"5/24/2022 6:13:55 AM",0,29.345,50.573,79.643,72694,1033.691,33.693,56.36,56.36,56.61,7.997,96.567,5.55,41.206,0,5.563,5.566,NA,12
"5/24/2022 6:13:55 AM",0,29.36,8.394,15.771,14390.9,1002.096,2.098,228.749,228.749,458.14,7.996,96.555,7.001,41.546,0,7.022,7.022,NA,12
"5/24/2022 6:13:56 AM",0,29.353,1.482,3.117,2844.6,996.951,0,163.597,163.597,346.011,7.996,96.531,7.272,41.715,0,7.293,7.293,NA,12
"5/24/2022 6:13:56 AM",0,29.304,1.124,2.394,2187.2,996.697,0,262.207,262.207,786.054,7.993,96.533,7.287,41.885,0,7.308,7.308,NA,12
"5/24/2022 6:13:56 AM",0,29.036,0.872,1.871,1718.3,996.589,0,454.011,454.011,534.82,7.99,96.49,7.293,42.905,0,7.314,7.314,NA,12
"5/24/2022 6:13:56 AM",0,28.867,1.756,3.625,3340.7,997.3,0,169.58,169.58,133.677,7.989,96.512,7.26,43.755,0,7.281,7.281,NA,12
"5/24/2022 6:13:57 AM",0,28.691,1.134,2.388,2208.6,996.886,0,152.988,152.988,70.005,7.985,96.657,7.295,43.415,0,7.317,7.317,NA,12
"5/24/2022 6:13:57 AM",0,28.558,0.928,1.967,1824.4,996.77,0,46.867,46.867,18.247,7.982,96.635,7.302,43.924,0,7.324,7.324,NA,12
"5/24/2022 6:13:57 AM",0,28.402,0.866,1.837,1708.8,996.769,0,71.626,71.626,16.977,7.978,96.642,7.305,43.415,0,7.326,7.327,NA,12
"5/24/2022 6:13:57 AM",0,28.26,0.684,1.461,1363.7,996.673,0,25.852,25.852,27.457,7.973,96.621,7.312,44.689,0,7.333,7.333,NA,12
"5/24/2022 6:13:57 AM",0,28.279,0.62,1.331,1241.1,996.62,0,23.738,23.738,9.956,7.97,96.795,7.327,43.415,0,7.348,7.348,NA,12
"5/24/2022 6:13:58 AM",0,28.314,0.584,1.257,1171.7,996.583,0,18.901,18.901,5.004,7.969,96.67,7.32,43.075,0,7.341,7.341,NA,12
"5/24/2022 6:13:58 AM",0,28.324,0.536,1.158,1078.6,996.544,0,101.34,101.34,52.948,7.967,96.688,7.323,42.31,0,7.344,7.344,NA,12
"5/24/2022 6:13:58 AM",0,28.349,0.508,1.099,1024,996.515,0,45.393,45.393,19.371,7.966,96.593,7.317,45.709,0,7.338,7.338,NA,12
"5/24/2022 6:13:58 AM",0,28.481,0.476,1.036,962.6,996.454,0,29.596,29.596,11.542,7.965,96.62,7.321,44.944,0,7.342,7.342,NA,12
"5/24/2022 6:13:58 AM",0,28.78,0.455,0.997,920.6,996.351,0,48.123,48.123,13.012,7.965,96.635,7.322,47.748,0,7.343,7.344,NA,12
"5/24/2022 6:13:59 AM",0,29.2,0.443,0.979,896.5,996.219,0,19.346,19.346,5.501,7.963,96.6,7.32,46.728,0,7.341,7.341,NA,12
"5/24/2022 6:13:59 AM",0,29.493,0.428,0.952,866.4,996.12,0,12.185,12.185,4.931,7.962,96.657,7.325,49.447,0,7.346,7.347,NA,12
"5/24/2022 6:13:59 AM",0,29.72,0.407,0.911,825.6,996.037,0,63.631,63.631,36.643,7.962,96.631,7.324,49.362,0,7.345,7.345,NA,12
"5/24/2022 6:13:59 AM",0,29.757,0.39,0.875,791.9,996.013,0,30.361,30.361,11.13,7.961,96.616,7.324,51.826,0,7.345,7.345,NA,12
"5/24/2022 6:13:59 AM",0,29.819,0.375,0.844,763,995.983,0,8.955,8.955,1.413,7.96,96.461,7.312,54.714,0,7.333,7.333,NA,12
"5/24/2022 6:14:00 AM",0,29.85,0.371,0.835,754.2,995.971,0,9.298,9.298,2.215,7.96,96.567,7.321,54.544,0,7.342,7.342,NA,12
"5/24/2022 6:14:00 AM",0,29.831,0.36,0.811,733.2,995.969,0,46.57,46.57,4.683,7.959,96.602,7.325,55.649,0,7.346,7.346,NA,12
"5/24/2022 6:14:00 AM",0,29.601,0.355,0.797,723.6,996.034,0,54.434,54.434,4.317,7.961,96.61,7.325,54.459,0,7.346,7.346,NA,12
"5/24/2022 6:14:00 AM",0,29.318,0.36,0.802,732.5,996.121,0,31.258,31.258,3.455,7.958,96.452,7.312,53.355,0,7.333,7.333,NA,12
"5/24/2022 6:14:00 AM",0,29.011,0.346,0.768,705.8,996.202,0,32.927,32.927,31.989,7.957,96.627,7.326,48.257,0,7.347,7.347,NA,12
"5/24/2022 6:14:01 AM",0,28.805,0.397,0.875,807.5,996.3,0,35.236,35.236,27.159,7.954,96.637,7.325,44.179,0,7.346,7.346,NA,12
"5/24/2022 6:14:01 AM",0,28.592,0.339,0.747,692.7,996.319,0,23.55,23.55,9.515,7.949,96.617,7.325,44.434,0,7.347,7.347,NA,12
"5/24/2022 6:14:01 AM",0,28.514,0.328,0.723,670.9,996.333,0,6.326,6.326,4.434,7.944,96.518,7.318,41.885,0,7.339,7.339,NA,12
"5/24/2022 6:14:01 AM",0,28.468,0.322,0.709,659,996.342,0,1.576,1.576,0.524,7.941,96.519,7.319,41.121,0,7.34,7.34,NA,12
"5/24/2022 6:14:01 AM",0,28.439,0.321,0.706,656.1,996.349,0,0.608,0.608,0.291,7.938,96.717,7.334,45.539,0,7.355,7.355,NA,12
"5/24/2022 6:14:02 AM",0,28.413,0.329,0.722,671.6,996.362,0,0.46,0.46,0.349,7.932,96.655,7.328,51.231,0,7.349,7.35,NA,12
"5/24/2022 6:14:02 AM",0,28.345,0.917,1.936,1803.5,996.823,0,0.546,0.546,0.189,7.922,96.64,7.304,51.146,0,7.325,7.325,NA,12
"5/24/2022 6:14:02 AM",0,28.318,1.255,2.61,2432.9,997.085,0,0.546,0.546,0.568,7.917,96.574,7.285,48.682,0,7.306,7.306,NA,12
"5/24/2022 6:14:02 AM",0,28.294,0.67,1.433,1335.8,996.653,0,0.437,0.437,1.034,7.911,96.554,7.306,39.337,0,7.328,7.328,NA,12
"5/24/2022 6:14:02 AM",0,28.248,0.61,1.31,1222.2,996.622,0,0.156,0.156,0.408,7.903,96.521,7.306,34.154,0,7.327,7.327,NA,12
"5/24/2022 6:14:03 AM",0,28.198,0.576,1.238,1156.4,996.61,0,0.179,0.179,0.044,7.895,96.551,7.31,33.899,0,7.331,7.331,NA,12
"5/24/2022 6:14:03 AM",0,28.048,0.406,0.881,826,996.526,0,0.101,0.101,0.277,7.889,96.6,7.32,39.082,0,7.341,7.341,NA,12
"5/24/2022 6:14:03 AM",0,27.942,0.377,0.817,767.8,996.534,0,0.164,0.164,0.306,7.885,96.524,7.316,43.33,0,7.337,7.337,NA,12
"5/24/2022 6:14:03 AM",0,27.844,0.36,0.78,734.5,996.549,0,0.047,0.047,0.816,7.878,96.617,7.323,46.133,0,7.344,7.344,NA,12
"5/24/2022 6:14:03 AM",0,27.762,0.358,0.774,729.8,996.57,0,0.406,0.406,5.633,7.875,96.638,7.324,47.918,0,7.346,7.346,NA,12
"5/24/2022 6:14:04 AM",0,27.743,0.337,0.73,688.2,996.56,0,1.061,1.061,18.218,7.873,96.571,7.32,48.087,0,7.341,7.342,NA,12
"5/24/2022 6:14:04 AM",0,27.785,0.328,0.711,670.3,996.541,0,2.223,2.223,14.411,7.869,96.517,7.317,50.466,0,7.338,7.338,NA,12
"5/24/2022 6:14:04 AM",0,28.867,1.831,3.77,3474.7,997.355,0,3.705,3.705,11.189,7.877,96.51,7.256,53.015,0,7.277,7.277,NA,12
"5/24/2022 6:14:04 AM",0,29.744,2.077,4.319,3911.2,997.278,0,2.481,2.481,9.28,7.951,96.53,7.247,54.29,0,7.268,7.268,NA,12
"5/24/2022 6:14:04 AM",0,29.99,1.682,3.555,3203.7,996.908,0,2.13,2.13,9.002,8.01,96.608,7.269,54.29,0,7.29,7.29,NA,12
"5/24/2022 6:14:05 AM",0,30.064,1.411,3.016,2713.4,996.684,0,1.974,1.974,8.884,8.069,96.687,7.285,56.414,0,7.306,7.306,NA,12
"5/24/2022 6:14:05 AM",0,30.075,1.276,2.743,2467.1,996.58,0,1.903,1.903,8.782,8.12,96.55,7.281,56.499,0,7.303,7.303,NA,12
"5/24/2022 6:14:05 AM",0,30.076,1.256,2.701,2429.7,996.564,0,1.888,1.888,8.796,8.159,96.659,7.29,56.838,0,7.311,7.311,NA,12
"5/24/2022 6:14:05 AM",0,30.074,1.14,2.462,2215.1,996.478,0,1.903,1.903,8.87,8.189,96.602,7.29,56.159,0,7.311,7.311,NA,12
"5/24/2022 6:14:05 AM",0,30.076,1.14,2.463,2215.2,996.477,0,1.896,1.896,8.87,8.219,96.628,7.292,55.139,0,7.313,7.313,NA,12
"5/24/2022 6:14:06 AM",0,30.073,1.126,2.434,2189.7,996.468,0,1.896,1.896,8.767,8.232,96.561,7.288,51.656,0,7.309,7.309,NA,12
"5/24/2022 6:14:06 AM",0,30.069,1.079,2.338,2103.5,996.434,0,1.903,1.903,8.826,8.247,96.537,7.288,48.852,0,7.309,7.309,NA,12
"5/24/2022 6:14:06 AM",0,30.066,1.081,2.342,2107.1,996.437,0,1.903,1.903,8.87,8.257,96.594,7.292,47.323,0,7.313,7.313,NA,12
"5/24/2022 6:14:06 AM",0,30.066,1.051,2.28,2051.3,996.414,0,1.857,1.857,8.796,8.267,96.629,7.296,45.199,0,7.317,7.317,NA,12
"5/24/2022 6:14:06 AM",0,30.061,1.05,2.278,2049.3,996.415,0,1.833,1.833,8.65,8.281,96.6,7.294,44.264,0,7.315,7.315,NA,12
"5/24/2022 6:14:07 AM",0,30.058,1.039,2.254,2028.7,996.407,0,1.779,1.779,8.591,8.285,96.598,7.294,45.114,0,7.315,7.315,NA,12
"5/24/2022 6:14:07 AM",0,30.059,1.03,2.237,2012.6,996.401,0,1.779,1.779,8.533,8.293,96.555,7.291,46.218,0,7.312,7.312,NA,12
"5/24/2022 6:14:07 AM",0,30.071,1.029,2.234,2010,996.396,0,1.771,1.771,8.503,8.296,96.56,7.291,47.238,0,7.313,7.313,NA,12
"5/24/2022 6:14:07 AM",0,30.069,1.017,2.21,1987.9,996.388,0,1.779,1.779,8.459,8.304,96.649,7.299,48.682,0,7.32,7.32,NA,12
"5/24/2022 6:14:08 AM",0,30.072,0.959,2.09,1879.8,996.344,0,1.747,1.747,8.518,8.309,96.599,7.297,49.617,0,7.318,7.318,NA,12
"5/24/2022 6:14:08 AM",0,30.071,0.989,2.151,1935.1,996.366,0,1.747,1.747,8.547,8.314,96.605,7.297,50.551,0,7.318,7.318,NA,12
"5/24/2022 6:14:08 AM",0,30.069,0.937,2.045,1839.4,996.328,0,1.747,1.747,8.474,8.317,96.571,7.296,51.741,0,7.317,7.317,NA,12
